{
 "type": "FeatureCollection",
 "features": [
  {
   "type": "Feature",
   "geometry": {
    "type": "Point",
    "coordinates": [
     111.34306507637157,
     30.64945907551097
    ]
   },
   "properties": {
    "类型": "消防安全",
    "问题描述": "存在楼道安全隐患的住宅数量（栋）",
    "来源": "2025体检"
   }
  },
  {
   "type": "Feature",
   "geometry": {
    "type": "Point",
    "coordinates": [
     111.29521865164762,
     30.730612107158887
    ]
   },
   "properties": {
    "类型": "消防安全",
    "问题描述": "存在楼道安全隐患的住宅数量（栋）",
    "来源": "2025体检"
   }
  },
  {
   "type": "Feature",
   "geometry": {
    "type": "Point",
    "coordinates": [
     111.28885798330516,
     30.691076773133926
    ]
   },
   "properties": {
    "类型": "消防安全",
    "问题描述": "存在楼道安全隐患的住宅数量（栋）",
    "来源": "2025体检"
   }
  },
  {
   "type": "Feature",
   "geometry": {
    "type": "Point",
    "coordinates": [
     111.30788539692261,
     30.703723773515687
    ]
   },
   "properties": {
    "类型": "消防安全",
    "问题描述": "存在楼道安全隐患的住宅数量（栋）",
    "来源": "2025体检"
   }
  },
  {
   "type": "Feature",
   "geometry": {
    "type": "Point",
    "coordinates": [
     111.30155135973393,
     30.691570708603493
    ]
   },
   "properties": {
    "类型": "消防安全",
    "问题描述": "存在楼道安全隐患的住宅数量（栋）",
    "来源": "2025体检"
   }
  },
  {
   "type": "Feature",
   "geometry": {
    "type": "Point",
    "coordinates": [
     111.29161196670445,
     30.71101119103133
    ]
   },
   "properties": {
    "类型": "消防安全",
    "问题描述": "存在楼道安全隐患的住宅数量（栋）",
    "来源": "2025体检"
   }
  },
  {
   "type": "Feature",
   "geometry": {
    "type": "Point",
    "coordinates": [
     111.27862256256144,
     30.710018922798188
    ]
   },
   "properties": {
    "类型": "消防安全",
    "问题描述": "存在楼道安全隐患的住宅数量（栋）",
    "来源": "2025体检"
   }
  },
  {
   "type": "Feature",
   "geometry": {
    "type": "Point",
    "coordinates": [
     111.34242565634159,
     30.649576281160815
    ]
   },
   "properties": {
    "类型": "消防安全",
    "问题描述": "存在楼道安全隐患的住宅数量（栋）",
    "来源": "2025体检"
   }
  },
  {
   "type": "Feature",
   "geometry": {
    "type": "Point",
    "coordinates": [
     111.2964947821059,
     30.713302709287195
    ]
   },
   "properties": {
    "类型": "消防安全",
    "问题描述": "存在楼道安全隐患的住宅数量（栋）",
    "来源": "2025体检"
   }
  },
  {
   "type": "Feature",
   "geometry": {
    "type": "Point",
    "coordinates": [
     111.27181974053397,
     30.720892556944197
    ]
   },
   "properties": {
    "类型": "消防安全",
    "问题描述": "存在楼道安全隐患的住宅数量（栋）",
    "来源": "2025体检"
   }
  },
  {
   "type": "Feature",
   "geometry": {
    "type": "Point",
    "coordinates": [
     111.27938780716663,
     30.729335010258225
    ]
   },
   "properties": {
    "类型": "消防安全",
    "问题描述": "存在楼道安全隐患的住宅数量（栋）",
    "来源": "2025体检"
   }
  },
  {
   "type": "Feature",
   "geometry": {
    "type": "Point",
    "coordinates": [
     111.2964947821059,
     30.713302709287195
    ]
   },
   "properties": {
    "类型": "消防安全",
    "问题描述": "存在楼道安全隐患的住宅数量（栋）",
    "来源": "2025体检"
   }
  },
  {
   "type": "Feature",
   "geometry": {
    "type": "Point",
    "coordinates": [
     111.27337286782085,
     30.7042271092195
    ]
   },
   "properties": {
    "类型": "消防安全",
    "问题描述": "存在楼道安全隐患的住宅数量（栋）",
    "来源": "2025体检"
   }
  },
  {
   "type": "Feature",
   "geometry": {
    "type": "Point",
    "coordinates": [
     111.28049531326639,
     30.720087456536525
    ]
   },
   "properties": {
    "类型": "消防安全",
    "问题描述": "存在楼道安全隐患的住宅数量（栋）",
    "来源": "2025体检"
   }
  },
  {
   "type": "Feature",
   "geometry": {
    "type": "Point",
    "coordinates": [
     111.28793317397341,
     30.71804112677371
    ]
   },
   "properties": {
    "类型": "消防安全",
    "问题描述": "存在楼道安全隐患的住宅数量（栋）",
    "来源": "2025体检"
   }
  },
  {
   "type": "Feature",
   "geometry": {
    "type": "Point",
    "coordinates": [
     111.27375494741013,
     30.72176734281224
    ]
   },
   "properties": {
    "类型": "消防安全",
    "问题描述": "存在楼道安全隐患的住宅数量（栋）",
    "来源": "2025体检"
   }
  },
  {
   "type": "Feature",
   "geometry": {
    "type": "Point",
    "coordinates": [
     111.28737802989507,
     30.716272170299927
    ]
   },
   "properties": {
    "类型": "消防安全",
    "问题描述": "存在楼道安全隐患的住宅数量（栋）",
    "来源": "2025体检"
   }
  },
  {
   "type": "Feature",
   "geometry": {
    "type": "Point",
    "coordinates": [
     111.28625125583054,
     30.71669908684682
    ]
   },
   "properties": {
    "类型": "消防安全",
    "问题描述": "存在楼道安全隐患的住宅数量（栋）",
    "来源": "2025体检"
   }
  },
  {
   "type": "Feature",
   "geometry": {
    "type": "Point",
    "coordinates": [
     111.29831660349483,
     30.733658380253456
    ]
   },
   "properties": {
    "类型": "消防安全",
    "问题描述": "存在楼道安全隐患的住宅数量（栋）",
    "来源": "2025体检"
   }
  },
  {
   "type": "Feature",
   "geometry": {
    "type": "Point",
    "coordinates": [
     111.29272153548168,
     30.72633090033462
    ]
   },
   "properties": {
    "类型": "消防安全",
    "问题描述": "存在楼道安全隐患的住宅数量（栋）",
    "来源": "2025体检"
   }
  },
  {
   "type": "Feature",
   "geometry": {
    "type": "Point",
    "coordinates": [
     111.29636734890583,
     30.735213788055262
    ]
   },
   "properties": {
    "类型": "消防安全",
    "问题描述": "存在楼道安全隐患的住宅数量（栋）",
    "来源": "2025体检"
   }
  },
  {
   "type": "Feature",
   "geometry": {
    "type": "Point",
    "coordinates": [
     111.29166128418453,
     30.694752521973307
    ]
   },
   "properties": {
    "类型": "消防安全",
    "问题描述": "存在楼道安全隐患的住宅数量（栋）",
    "来源": "2025体检"
   }
  },
  {
   "type": "Feature",
   "geometry": {
    "type": "Point",
    "coordinates": [
     111.34234432975673,
     30.649212818062097
    ]
   },
   "properties": {
    "类型": "消防安全",
    "问题描述": "存在楼道安全隐患的住宅数量（栋）",
    "来源": "2025体检"
   }
  },
  {
   "type": "Feature",
   "geometry": {
    "type": "Point",
    "coordinates": [
     111.28785092892142,
     30.718044170140477
    ]
   },
   "properties": {
    "类型": "消防安全",
    "问题描述": "存在楼道安全隐患的住宅数量（栋）",
    "来源": "2025体检"
   }
  },
  {
   "type": "Feature",
   "geometry": {
    "type": "Point",
    "coordinates": [
     111.28441673246023,
     30.717283027509538
    ]
   },
   "properties": {
    "类型": "消防安全",
    "问题描述": "存在楼道安全隐患的住宅数量（栋）",
    "来源": "2025体检"
   }
  },
  {
   "type": "Feature",
   "geometry": {
    "type": "Point",
    "coordinates": [
     111.27929882802209,
     30.70954575544155
    ]
   },
   "properties": {
    "类型": "消防安全",
    "问题描述": "存在楼道安全隐患的住宅数量（栋）",
    "来源": "2025体检"
   }
  },
  {
   "type": "Feature",
   "geometry": {
    "type": "Point",
    "coordinates": [
     111.28948579487731,
     30.7300911349149
    ]
   },
   "properties": {
    "类型": "消防安全",
    "问题描述": "存在楼道安全隐患的住宅数量（栋）",
    "来源": "2025体检"
   }
  },
  {
   "type": "Feature",
   "geometry": {
    "type": "Point",
    "coordinates": [
     111.29316488675386,
     30.709877445551616
    ]
   },
   "properties": {
    "类型": "消防安全",
    "问题描述": "存在楼道安全隐患的住宅数量（栋）",
    "来源": "2025体检"
   }
  },
  {
   "type": "Feature",
   "geometry": {
    "type": "Point",
    "coordinates": [
     111.29211908930995,
     30.726879332659433
    ]
   },
   "properties": {
    "类型": "消防安全",
    "问题描述": "存在楼道安全隐患的住宅数量（栋）",
    "来源": "2025体检"
   }
  },
  {
   "type": "Feature",
   "geometry": {
    "type": "Point",
    "coordinates": [
     111.2889481117494,
     30.735679095231923
    ]
   },
   "properties": {
    "类型": "消防安全",
    "问题描述": "存在楼道安全隐患的住宅数量（栋）",
    "来源": "2025体检"
   }
  },
  {
   "type": "Feature",
   "geometry": {
    "type": "Point",
    "coordinates": [
     111.35479700968132,
     30.65270650878004
    ]
   },
   "properties": {
    "类型": "消防安全",
    "问题描述": "存在楼道安全隐患的住宅数量（栋）",
    "来源": "2025体检"
   }
  },
  {
   "type": "Feature",
   "geometry": {
    "type": "Point",
    "coordinates": [
     111.27886627796137,
     30.729494858982935
    ]
   },
   "properties": {
    "类型": "消防安全",
    "问题描述": "存在楼道安全隐患的住宅数量（栋）",
    "来源": "2025体检"
   }
  },
  {
   "type": "Feature",
   "geometry": {
    "type": "Point",
    "coordinates": [
     111.28015689968666,
     30.70769145390564
    ]
   },
   "properties": {
    "类型": "消防安全",
    "问题描述": "存在楼道安全隐患的住宅数量（栋）",
    "来源": "2025体检"
   }
  },
  {
   "type": "Feature",
   "geometry": {
    "type": "Point",
    "coordinates": [
     111.34330129126397,
     30.726410052364937
    ]
   },
   "properties": {
    "类型": "消防安全",
    "问题描述": "存在楼道安全隐患的住宅数量（栋）",
    "来源": "2025体检"
   }
  },
  {
   "type": "Feature",
   "geometry": {
    "type": "Point",
    "coordinates": [
     111.2869409568176,
     30.695267616316244
    ]
   },
   "properties": {
    "类型": "消防安全",
    "问题描述": "存在楼道安全隐患的住宅数量（栋）",
    "来源": "2025体检"
   }
  },
  {
   "type": "Feature",
   "geometry": {
    "type": "Point",
    "coordinates": [
     111.30744726859326,
     30.70401427483216
    ]
   },
   "properties": {
    "类型": "消防安全",
    "问题描述": "存在楼道安全隐患的住宅数量（栋）",
    "来源": "2025体检"
   }
  },
  {
   "type": "Feature",
   "geometry": {
    "type": "Point",
    "coordinates": [
     111.33956844457413,
     30.650662262338663
    ]
   },
   "properties": {
    "类型": "消防安全",
    "问题描述": "存在楼道安全隐患的住宅数量（栋）",
    "来源": "2025体检"
   }
  },
  {
   "type": "Feature",
   "geometry": {
    "type": "Point",
    "coordinates": [
     111.2928385688599,
     30.708344265389282
    ]
   },
   "properties": {
    "类型": "消防安全",
    "问题描述": "存在楼道安全隐患的住宅数量（栋）",
    "来源": "2025体检"
   }
  },
  {
   "type": "Feature",
   "geometry": {
    "type": "Point",
    "coordinates": [
     111.30831981809975,
     30.702658485073304
    ]
   },
   "properties": {
    "类型": "消防安全",
    "问题描述": "存在楼道安全隐患的住宅数量（栋）",
    "来源": "2025体检"
   }
  },
  {
   "type": "Feature",
   "geometry": {
    "type": "Point",
    "coordinates": [
     111.2929876806744,
     30.711230709287754
    ]
   },
   "properties": {
    "类型": "消防安全",
    "问题描述": "存在楼道安全隐患的住宅数量（栋）",
    "来源": "2025体检"
   }
  },
  {
   "type": "Feature",
   "geometry": {
    "type": "Point",
    "coordinates": [
     111.29417932326305,
     30.6884013954716
    ]
   },
   "properties": {
    "类型": "消防安全",
    "问题描述": "存在楼道安全隐患的住宅数量（栋）",
    "来源": "2025体检"
   }
  },
  {
   "type": "Feature",
   "geometry": {
    "type": "Point",
    "coordinates": [
     111.31185527177001,
     30.690026869663356
    ]
   },
   "properties": {
    "类型": "消防安全",
    "问题描述": "存在楼道安全隐患的住宅数量（栋）",
    "来源": "2025体检"
   }
  },
  {
   "type": "Feature",
   "geometry": {
    "type": "Point",
    "coordinates": [
     111.2889099338066,
     30.69113198671983
    ]
   },
   "properties": {
    "类型": "消防安全",
    "问题描述": "存在楼道安全隐患的住宅数量（栋）",
    "来源": "2025体检"
   }
  },
  {
   "type": "Feature",
   "geometry": {
    "type": "Point",
    "coordinates": [
     111.2883366486305,
     30.715334212978327
    ]
   },
   "properties": {
    "类型": "消防安全",
    "问题描述": "存在楼道安全隐患的住宅数量（栋）",
    "来源": "2025体检"
   }
  },
  {
   "type": "Feature",
   "geometry": {
    "type": "Point",
    "coordinates": [
     111.35458863926956,
     30.651583290614184
    ]
   },
   "properties": {
    "类型": "消防安全",
    "问题描述": "存在楼道安全隐患的住宅数量（栋）",
    "来源": "2025体检"
   }
  },
  {
   "type": "Feature",
   "geometry": {
    "type": "Point",
    "coordinates": [
     111.27181974053397,
     30.720892556944197
    ]
   },
   "properties": {
    "类型": "消防安全",
    "问题描述": "存在楼道安全隐患的住宅数量（栋）",
    "来源": "2025体检"
   }
  },
  {
   "type": "Feature",
   "geometry": {
    "type": "Point",
    "coordinates": [
     111.30913893484002,
     30.69102117237575
    ]
   },
   "properties": {
    "类型": "消防安全",
    "问题描述": "存在楼道安全隐患的住宅数量（栋）",
    "来源": "2025体检"
   }
  },
  {
   "type": "Feature",
   "geometry": {
    "type": "Point",
    "coordinates": [
     111.28071772284086,
     30.709157495177642
    ]
   },
   "properties": {
    "类型": "消防安全",
    "问题描述": "存在楼道安全隐患的住宅数量（栋）",
    "来源": "2025体检"
   }
  },
  {
   "type": "Feature",
   "geometry": {
    "type": "Point",
    "coordinates": [
     111.29946714153814,
     30.73436556569802
    ]
   },
   "properties": {
    "类型": "消防安全",
    "问题描述": "存在楼道安全隐患的住宅数量（栋）",
    "来源": "2025体检"
   }
  },
  {
   "type": "Feature",
   "geometry": {
    "type": "Point",
    "coordinates": [
     111.28215026520378,
     30.722448280771182
    ]
   },
   "properties": {
    "类型": "消防安全",
    "问题描述": "存在楼道安全隐患的住宅数量（栋）",
    "来源": "2025体检"
   }
  },
  {
   "type": "Feature",
   "geometry": {
    "type": "Point",
    "coordinates": [
     111.30847802445685,
     30.704018647540178
    ]
   },
   "properties": {
    "类型": "消防安全",
    "问题描述": "存在楼道安全隐患的住宅数量（栋）",
    "来源": "2025体检"
   }
  },
  {
   "type": "Feature",
   "geometry": {
    "type": "Point",
    "coordinates": [
     111.29289877745867,
     30.72608459667173
    ]
   },
   "properties": {
    "类型": "消防安全",
    "问题描述": "存在楼道安全隐患的住宅数量（栋）",
    "来源": "2025体检"
   }
  },
  {
   "type": "Feature",
   "geometry": {
    "type": "Point",
    "coordinates": [
     111.2768149682492,
     30.72684672273511
    ]
   },
   "properties": {
    "类型": "消防安全",
    "问题描述": "存在楼道安全隐患的住宅数量（栋）",
    "来源": "2025体检"
   }
  },
  {
   "type": "Feature",
   "geometry": {
    "type": "Point",
    "coordinates": [
     111.29290659054382,
     30.68857343932272
    ]
   },
   "properties": {
    "类型": "消防安全",
    "问题描述": "存在楼道安全隐患的住宅数量（栋）",
    "来源": "2025体检"
   }
  },
  {
   "type": "Feature",
   "geometry": {
    "type": "Point",
    "coordinates": [
     111.28535622177888,
     30.721274880927705
    ]
   },
   "properties": {
    "类型": "消防安全",
    "问题描述": "存在楼道安全隐患的住宅数量（栋）",
    "来源": "2025体检"
   }
  },
  {
   "type": "Feature",
   "geometry": {
    "type": "Point",
    "coordinates": [
     111.35419149919369,
     30.652785759002242
    ]
   },
   "properties": {
    "类型": "消防安全",
    "问题描述": "存在楼道安全隐患的住宅数量（栋）",
    "来源": "2025体检"
   }
  },
  {
   "type": "Feature",
   "geometry": {
    "type": "Point",
    "coordinates": [
     111.28645953495126,
     30.717675654923926
    ]
   },
   "properties": {
    "类型": "消防安全",
    "问题描述": "存在楼道安全隐患的住宅数量（栋）",
    "来源": "2025体检"
   }
  },
  {
   "type": "Feature",
   "geometry": {
    "type": "Point",
    "coordinates": [
     111.27862340568912,
     30.708811810388646
    ]
   },
   "properties": {
    "类型": "消防安全",
    "问题描述": "存在楼道安全隐患的住宅数量（栋）",
    "来源": "2025体检"
   }
  },
  {
   "type": "Feature",
   "geometry": {
    "type": "Point",
    "coordinates": [
     111.27651802229389,
     30.706310371764033
    ]
   },
   "properties": {
    "类型": "消防安全",
    "问题描述": "存在楼道安全隐患的住宅数量（栋）",
    "来源": "2025体检"
   }
  },
  {
   "type": "Feature",
   "geometry": {
    "type": "Point",
    "coordinates": [
     111.2931322193919,
     30.710500200225137
    ]
   },
   "properties": {
    "类型": "消防安全",
    "问题描述": "存在楼道安全隐患的住宅数量（栋）",
    "来源": "2025体检"
   }
  },
  {
   "type": "Feature",
   "geometry": {
    "type": "Point",
    "coordinates": [
     111.3428233476392,
     30.649026363974674
    ]
   },
   "properties": {
    "类型": "消防安全",
    "问题描述": "存在楼道安全隐患的住宅数量（栋）",
    "来源": "2025体检"
   }
  },
  {
   "type": "Feature",
   "geometry": {
    "type": "Point",
    "coordinates": [
     111.33949925803087,
     30.65004330516998
    ]
   },
   "properties": {
    "类型": "消防安全",
    "问题描述": "存在楼道安全隐患的住宅数量（栋）",
    "来源": "2025体检"
   }
  },
  {
   "type": "Feature",
   "geometry": {
    "type": "Point",
    "coordinates": [
     111.30622427373316,
     30.70696296922085
    ]
   },
   "properties": {
    "类型": "消防安全",
    "问题描述": "存在楼道安全隐患的住宅数量（栋）",
    "来源": "2025体检"
   }
  },
  {
   "type": "Feature",
   "geometry": {
    "type": "Point",
    "coordinates": [
     111.28781861152142,
     30.692775065362515
    ]
   },
   "properties": {
    "类型": "消防安全",
    "问题描述": "存在楼道安全隐患的住宅数量（栋）",
    "来源": "2025体检"
   }
  },
  {
   "type": "Feature",
   "geometry": {
    "type": "Point",
    "coordinates": [
     111.30741024624375,
     30.70259070044773
    ]
   },
   "properties": {
    "类型": "消防安全",
    "问题描述": "存在楼道安全隐患的住宅数量（栋）",
    "来源": "2025体检"
   }
  },
  {
   "type": "Feature",
   "geometry": {
    "type": "Point",
    "coordinates": [
     111.30886006106672,
     30.704504341004224
    ]
   },
   "properties": {
    "类型": "消防安全",
    "问题描述": "存在楼道安全隐患的住宅数量（栋）",
    "来源": "2025体检"
   }
  },
  {
   "type": "Feature",
   "geometry": {
    "type": "Point",
    "coordinates": [
     111.27982433793899,
     30.70955416754163
    ]
   },
   "properties": {
    "类型": "消防安全",
    "问题描述": "存在楼道安全隐患的住宅数量（栋）",
    "来源": "2025体检"
   }
  },
  {
   "type": "Feature",
   "geometry": {
    "type": "Point",
    "coordinates": [
     111.3088565790407,
     30.703874839345517
    ]
   },
   "properties": {
    "类型": "消防安全",
    "问题描述": "存在楼道安全隐患的住宅数量（栋）",
    "来源": "2025体检"
   }
  },
  {
   "type": "Feature",
   "geometry": {
    "type": "Point",
    "coordinates": [
     111.29796340541064,
     30.733967518515083
    ]
   },
   "properties": {
    "类型": "消防安全",
    "问题描述": "存在楼道安全隐患的住宅数量（栋）",
    "来源": "2025体检"
   }
  },
  {
   "type": "Feature",
   "geometry": {
    "type": "Point",
    "coordinates": [
     111.29252215007503,
     30.710224407689154
    ]
   },
   "properties": {
    "类型": "消防安全",
    "问题描述": "存在楼道安全隐患的住宅数量（栋）",
    "来源": "2025体检"
   }
  },
  {
   "type": "Feature",
   "geometry": {
    "type": "Point",
    "coordinates": [
     111.27385438007423,
     30.704280894519847
    ]
   },
   "properties": {
    "类型": "消防安全",
    "问题描述": "存在楼道安全隐患的住宅数量（栋）",
    "来源": "2025体检"
   }
  },
  {
   "type": "Feature",
   "geometry": {
    "type": "Point",
    "coordinates": [
     111.30666938507973,
     30.707030622294536
    ]
   },
   "properties": {
    "类型": "消防安全",
    "问题描述": "存在楼道安全隐患的住宅数量（栋）",
    "来源": "2025体检"
   }
  },
  {
   "type": "Feature",
   "geometry": {
    "type": "Point",
    "coordinates": [
     111.2933408761867,
     30.727400930197568
    ]
   },
   "properties": {
    "类型": "消防安全",
    "问题描述": "存在楼道安全隐患的住宅数量（栋）",
    "来源": "2025体检"
   }
  },
  {
   "type": "Feature",
   "geometry": {
    "type": "Point",
    "coordinates": [
     111.34158516984026,
     30.649753947457093
    ]
   },
   "properties": {
    "类型": "消防安全",
    "问题描述": "存在楼道安全隐患的住宅数量（栋）",
    "来源": "2025体检"
   }
  },
  {
   "type": "Feature",
   "geometry": {
    "type": "Point",
    "coordinates": [
     111.28536514980779,
     30.692988874312334
    ]
   },
   "properties": {
    "类型": "消防安全",
    "问题描述": "存在楼道安全隐患的住宅数量（栋）",
    "来源": "2025体检"
   }
  },
  {
   "type": "Feature",
   "geometry": {
    "type": "Point",
    "coordinates": [
     111.30269032404782,
     30.69625325301336
    ]
   },
   "properties": {
    "类型": "消防安全",
    "问题描述": "存在楼道安全隐患的住宅数量（栋）",
    "来源": "2025体检"
   }
  },
  {
   "type": "Feature",
   "geometry": {
    "type": "Point",
    "coordinates": [
     111.27714733155048,
     30.72765075517425
    ]
   },
   "properties": {
    "类型": "消防安全",
    "问题描述": "存在楼道安全隐患的住宅数量（栋）",
    "来源": "2025体检"
   }
  },
  {
   "type": "Feature",
   "geometry": {
    "type": "Point",
    "coordinates": [
     111.30792364530059,
     30.704370306174393
    ]
   },
   "properties": {
    "类型": "消防安全",
    "问题描述": "存在楼道安全隐患的住宅数量（栋）",
    "来源": "2025体检"
   }
  },
  {
   "type": "Feature",
   "geometry": {
    "type": "Point",
    "coordinates": [
     111.29217741612396,
     30.726584595027376
    ]
   },
   "properties": {
    "类型": "消防安全",
    "问题描述": "存在楼道安全隐患的住宅数量（栋）",
    "来源": "2025体检"
   }
  },
  {
   "type": "Feature",
   "geometry": {
    "type": "Point",
    "coordinates": [
     111.35605131642396,
     30.653005087951243
    ]
   },
   "properties": {
    "类型": "消防安全",
    "问题描述": "存在楼道安全隐患的住宅数量（栋）",
    "来源": "2025体检"
   }
  },
  {
   "type": "Feature",
   "geometry": {
    "type": "Point",
    "coordinates": [
     111.27040018253332,
     30.71936940451689
    ]
   },
   "properties": {
    "类型": "消防安全",
    "问题描述": "存在楼道安全隐患的住宅数量（栋）",
    "来源": "2025体检"
   }
  },
  {
   "type": "Feature",
   "geometry": {
    "type": "Point",
    "coordinates": [
     111.27352215240931,
     30.70913784860837
    ]
   },
   "properties": {
    "类型": "消防安全",
    "问题描述": "存在楼道安全隐患的住宅数量（栋）",
    "来源": "2025体检"
   }
  },
  {
   "type": "Feature",
   "geometry": {
    "type": "Point",
    "coordinates": [
     111.28757978374958,
     30.693117517245664
    ]
   },
   "properties": {
    "类型": "消防安全",
    "问题描述": "存在楼道安全隐患的住宅数量（栋）",
    "来源": "2025体检"
   }
  },
  {
   "type": "Feature",
   "geometry": {
    "type": "Point",
    "coordinates": [
     111.34018169412292,
     30.649784363647143
    ]
   },
   "properties": {
    "类型": "消防安全",
    "问题描述": "存在楼道安全隐患的住宅数量（栋）",
    "来源": "2025体检"
   }
  },
  {
   "type": "Feature",
   "geometry": {
    "type": "Point",
    "coordinates": [
     111.27866489307631,
     30.70936294390601
    ]
   },
   "properties": {
    "类型": "消防安全",
    "问题描述": "存在楼道安全隐患的住宅数量（栋）",
    "来源": "2025体检"
   }
  },
  {
   "type": "Feature",
   "geometry": {
    "type": "Point",
    "coordinates": [
     111.27952172089324,
     30.72966401822153
    ]
   },
   "properties": {
    "类型": "消防安全",
    "问题描述": "存在楼道安全隐患的住宅数量（栋）",
    "来源": "2025体检"
   }
  },
  {
   "type": "Feature",
   "geometry": {
    "type": "Point",
    "coordinates": [
     111.30744774287164,
     30.704378611957214
    ]
   },
   "properties": {
    "类型": "消防安全",
    "问题描述": "存在楼道安全隐患的住宅数量（栋）",
    "来源": "2025体检"
   }
  },
  {
   "type": "Feature",
   "geometry": {
    "type": "Point",
    "coordinates": [
     111.28637760063573,
     30.71736914284141
    ]
   },
   "properties": {
    "类型": "消防安全",
    "问题描述": "存在楼道安全隐患的住宅数量（栋）",
    "来源": "2025体检"
   }
  },
  {
   "type": "Feature",
   "geometry": {
    "type": "Point",
    "coordinates": [
     111.32556426416541,
     30.71347110897052
    ]
   },
   "properties": {
    "类型": "消防安全",
    "问题描述": "存在楼道安全隐患的住宅数量（栋）",
    "来源": "2025体检"
   }
  },
  {
   "type": "Feature",
   "geometry": {
    "type": "Point",
    "coordinates": [
     111.27827427719382,
     30.72866857690034
    ]
   },
   "properties": {
    "类型": "消防安全",
    "问题描述": "存在楼道安全隐患的住宅数量（栋）",
    "来源": "2025体检"
   }
  },
  {
   "type": "Feature",
   "geometry": {
    "type": "Point",
    "coordinates": [
     111.30742504355685,
     30.704194430131444
    ]
   },
   "properties": {
    "类型": "消防安全",
    "问题描述": "存在楼道安全隐患的住宅数量（栋）",
    "来源": "2025体检"
   }
  },
  {
   "type": "Feature",
   "geometry": {
    "type": "Point",
    "coordinates": [
     111.35392806588195,
     30.652198238647046
    ]
   },
   "properties": {
    "类型": "消防安全",
    "问题描述": "存在楼道安全隐患的住宅数量（栋）",
    "来源": "2025体检"
   }
  },
  {
   "type": "Feature",
   "geometry": {
    "type": "Point",
    "coordinates": [
     111.27261300994529,
     30.723311766476215
    ]
   },
   "properties": {
    "类型": "消防安全",
    "问题描述": "存在楼道安全隐患的住宅数量（栋）",
    "来源": "2025体检"
   }
  },
  {
   "type": "Feature",
   "geometry": {
    "type": "Point",
    "coordinates": [
     111.2947399356343,
     30.694045220521655
    ]
   },
   "properties": {
    "类型": "消防安全",
    "问题描述": "存在楼道安全隐患的住宅数量（栋）",
    "来源": "2025体检"
   }
  },
  {
   "type": "Feature",
   "geometry": {
    "type": "Point",
    "coordinates": [
     111.31327208576147,
     30.704575155225456
    ]
   },
   "properties": {
    "类型": "消防安全",
    "问题描述": "存在楼道安全隐患的住宅数量（栋）",
    "来源": "2025体检"
   }
  },
  {
   "type": "Feature",
   "geometry": {
    "type": "Point",
    "coordinates": [
     111.31361772787183,
     30.688563071431197
    ]
   },
   "properties": {
    "类型": "消防安全",
    "问题描述": "存在楼道安全隐患的住宅数量（栋）",
    "来源": "2025体检"
   }
  },
  {
   "type": "Feature",
   "geometry": {
    "type": "Point",
    "coordinates": [
     111.29253130966175,
     30.709460102829368
    ]
   },
   "properties": {
    "类型": "消防安全",
    "问题描述": "存在楼道安全隐患的住宅数量（栋）",
    "来源": "2025体检"
   }
  },
  {
   "type": "Feature",
   "geometry": {
    "type": "Point",
    "coordinates": [
     111.29211598022597,
     30.72626462209664
    ]
   },
   "properties": {
    "类型": "消防安全",
    "问题描述": "存在楼道安全隐患的住宅数量（栋）",
    "来源": "2025体检"
   }
  },
  {
   "type": "Feature",
   "geometry": {
    "type": "Point",
    "coordinates": [
     111.30891773129447,
     30.704494955944806
    ]
   },
   "properties": {
    "类型": "消防安全",
    "问题描述": "存在楼道安全隐患的住宅数量（栋）",
    "来源": "2025体检"
   }
  },
  {
   "type": "Feature",
   "geometry": {
    "type": "Point",
    "coordinates": [
     111.29925503183622,
     30.73344262690496
    ]
   },
   "properties": {
    "类型": "消防安全",
    "问题描述": "存在楼道安全隐患的住宅数量（栋）",
    "来源": "2025体检"
   }
  },
  {
   "type": "Feature",
   "geometry": {
    "type": "Point",
    "coordinates": [
     111.28675129077641,
     30.716583645720338
    ]
   },
   "properties": {
    "类型": "消防安全",
    "问题描述": "存在楼道安全隐患的住宅数量（栋）",
    "来源": "2025体检"
   }
  },
  {
   "type": "Feature",
   "geometry": {
    "type": "Point",
    "coordinates": [
     111.28702343870239,
     30.708852302223303
    ]
   },
   "properties": {
    "类型": "消防安全",
    "问题描述": "存在楼道安全隐患的住宅数量（栋）",
    "来源": "2025体检"
   }
  },
  {
   "type": "Feature",
   "geometry": {
    "type": "Point",
    "coordinates": [
     111.30832753191343,
     30.702025062967774
    ]
   },
   "properties": {
    "类型": "消防安全",
    "问题描述": "存在楼道安全隐患的住宅数量（栋）",
    "来源": "2025体检"
   }
  },
  {
   "type": "Feature",
   "geometry": {
    "type": "Point",
    "coordinates": [
     111.28014802175,
     30.708637712254188
    ]
   },
   "properties": {
    "类型": "消防安全",
    "问题描述": "存在楼道安全隐患的住宅数量（栋）",
    "来源": "2025体检"
   }
  },
  {
   "type": "Feature",
   "geometry": {
    "type": "Point",
    "coordinates": [
     111.32391670057204,
     30.670405154432665
    ]
   },
   "properties": {
    "类型": "消防安全",
    "问题描述": "存在楼道安全隐患的住宅数量（栋）",
    "来源": "2025体检"
   }
  },
  {
   "type": "Feature",
   "geometry": {
    "type": "Point",
    "coordinates": [
     111.2780606021951,
     30.72973692293235
    ]
   },
   "properties": {
    "类型": "消防安全",
    "问题描述": "存在楼道安全隐患的住宅数量（栋）",
    "来源": "2025体检"
   }
  },
  {
   "type": "Feature",
   "geometry": {
    "type": "Point",
    "coordinates": [
     111.35450333498028,
     30.650435222913174
    ]
   },
   "properties": {
    "类型": "消防安全",
    "问题描述": "存在楼道安全隐患的住宅数量（栋）",
    "来源": "2025体检"
   }
  },
  {
   "type": "Feature",
   "geometry": {
    "type": "Point",
    "coordinates": [
     111.29417932326305,
     30.6884013954716
    ]
   },
   "properties": {
    "类型": "消防安全",
    "问题描述": "存在楼道安全隐患的住宅数量（栋）",
    "来源": "2025体检"
   }
  },
  {
   "type": "Feature",
   "geometry": {
    "type": "Point",
    "coordinates": [
     111.3141189252057,
     30.68846601325786
    ]
   },
   "properties": {
    "类型": "消防安全",
    "问题描述": "存在楼道安全隐患的住宅数量（栋）",
    "来源": "2025体检"
   }
  },
  {
   "type": "Feature",
   "geometry": {
    "type": "Point",
    "coordinates": [
     111.2729391607231,
     30.722427424409414
    ]
   },
   "properties": {
    "类型": "消防安全",
    "问题描述": "存在楼道安全隐患的住宅数量（栋）",
    "来源": "2025体检"
   }
  },
  {
   "type": "Feature",
   "geometry": {
    "type": "Point",
    "coordinates": [
     111.2970391759922,
     30.727240535571955
    ]
   },
   "properties": {
    "类型": "消防安全",
    "问题描述": "存在楼道安全隐患的住宅数量（栋）",
    "来源": "2025体检"
   }
  },
  {
   "type": "Feature",
   "geometry": {
    "type": "Point",
    "coordinates": [
     111.27946555128715,
     30.710100257777228
    ]
   },
   "properties": {
    "类型": "消防安全",
    "问题描述": "存在楼道安全隐患的住宅数量（栋）",
    "来源": "2025体检"
   }
  },
  {
   "type": "Feature",
   "geometry": {
    "type": "Point",
    "coordinates": [
     111.28421698785995,
     30.716934444239833
    ]
   },
   "properties": {
    "类型": "消防安全",
    "问题描述": "存在楼道安全隐患的住宅数量（栋）",
    "来源": "2025体检"
   }
  },
  {
   "type": "Feature",
   "geometry": {
    "type": "Point",
    "coordinates": [
     111.28686783057226,
     30.71624270537376
    ]
   },
   "properties": {
    "类型": "消防安全",
    "问题描述": "存在楼道安全隐患的住宅数量（栋）",
    "来源": "2025体检"
   }
  },
  {
   "type": "Feature",
   "geometry": {
    "type": "Point",
    "coordinates": [
     111.28018041140484,
     30.709553788118008
    ]
   },
   "properties": {
    "类型": "消防安全",
    "问题描述": "存在楼道安全隐患的住宅数量（栋）",
    "来源": "2025体检"
   }
  },
  {
   "type": "Feature",
   "geometry": {
    "type": "Point",
    "coordinates": [
     111.29256530937543,
     30.72737727931689
    ]
   },
   "properties": {
    "类型": "消防安全",
    "问题描述": "存在楼道安全隐患的住宅数量（栋）",
    "来源": "2025体检"
   }
  },
  {
   "type": "Feature",
   "geometry": {
    "type": "Point",
    "coordinates": [
     111.30780491850446,
     30.702072120222898
    ]
   },
   "properties": {
    "类型": "消防安全",
    "问题描述": "存在楼道安全隐患的住宅数量（栋）",
    "来源": "2025体检"
   }
  },
  {
   "type": "Feature",
   "geometry": {
    "type": "Point",
    "coordinates": [
     111.30848004987301,
     30.704368847419527
    ]
   },
   "properties": {
    "类型": "消防安全",
    "问题描述": "存在楼道安全隐患的住宅数量（栋）",
    "来源": "2025体检"
   }
  },
  {
   "type": "Feature",
   "geometry": {
    "type": "Point",
    "coordinates": [
     111.29752241725635,
     30.73410613277268
    ]
   },
   "properties": {
    "类型": "消防安全",
    "问题描述": "存在楼道安全隐患的住宅数量（栋）",
    "来源": "2025体检"
   }
  },
  {
   "type": "Feature",
   "geometry": {
    "type": "Point",
    "coordinates": [
     111.27174943419367,
     30.717635259183393
    ]
   },
   "properties": {
    "类型": "消防安全",
    "问题描述": "存在楼道安全隐患的住宅数量（栋）",
    "来源": "2025体检"
   }
  },
  {
   "type": "Feature",
   "geometry": {
    "type": "Point",
    "coordinates": [
     111.277256832637,
     30.72643924108639
    ]
   },
   "properties": {
    "类型": "消防安全",
    "问题描述": "存在楼道安全隐患的住宅数量（栋）",
    "来源": "2025体检"
   }
  },
  {
   "type": "Feature",
   "geometry": {
    "type": "Point",
    "coordinates": [
     111.32597820705759,
     30.71267296904164
    ]
   },
   "properties": {
    "类型": "消防安全",
    "问题描述": "存在楼道安全隐患的住宅数量（栋）",
    "来源": "2025体检"
   }
  },
  {
   "type": "Feature",
   "geometry": {
    "type": "Point",
    "coordinates": [
     111.35396996938793,
     30.652492347354663
    ]
   },
   "properties": {
    "类型": "消防安全",
    "问题描述": "存在楼道安全隐患的住宅数量（栋）",
    "来源": "2025体检"
   }
  },
  {
   "type": "Feature",
   "geometry": {
    "type": "Point",
    "coordinates": [
     111.28019513793592,
     30.707986427640652
    ]
   },
   "properties": {
    "类型": "消防安全",
    "问题描述": "存在楼道安全隐患的住宅数量（栋）",
    "来源": "2025体检"
   }
  },
  {
   "type": "Feature",
   "geometry": {
    "type": "Point",
    "coordinates": [
     111.30848476764051,
     30.704659144779114
    ]
   },
   "properties": {
    "类型": "消防安全",
    "问题描述": "存在楼道安全隐患的住宅数量（栋）",
    "来源": "2025体检"
   }
  },
  {
   "type": "Feature",
   "geometry": {
    "type": "Point",
    "coordinates": [
     111.34303655285267,
     30.64921232431699
    ]
   },
   "properties": {
    "类型": "消防安全",
    "问题描述": "存在楼道安全隐患的住宅数量（栋）",
    "来源": "2025体检"
   }
  },
  {
   "type": "Feature",
   "geometry": {
    "type": "Point",
    "coordinates": [
     111.35386334582617,
     30.65127259760095
    ]
   },
   "properties": {
    "类型": "消防安全",
    "问题描述": "存在楼道安全隐患的住宅数量（栋）",
    "来源": "2025体检"
   }
  },
  {
   "type": "Feature",
   "geometry": {
    "type": "Point",
    "coordinates": [
     111.29269711241854,
     30.726618830826105
    ]
   },
   "properties": {
    "类型": "消防安全",
    "问题描述": "存在楼道安全隐患的住宅数量（栋）",
    "来源": "2025体检"
   }
  },
  {
   "type": "Feature",
   "geometry": {
    "type": "Point",
    "coordinates": [
     111.29417932326305,
     30.6884013954716
    ]
   },
   "properties": {
    "类型": "消防安全",
    "问题描述": "存在楼道安全隐患的住宅数量（栋）",
    "来源": "2025体检"
   }
  },
  {
   "type": "Feature",
   "geometry": {
    "type": "Point",
    "coordinates": [
     111.30789471120688,
     30.702341727467452
    ]
   },
   "properties": {
    "类型": "消防安全",
    "问题描述": "存在楼道安全隐患的住宅数量（栋）",
    "来源": "2025体检"
   }
  },
  {
   "type": "Feature",
   "geometry": {
    "type": "Point",
    "coordinates": [
     111.2763483642828,
     30.72967390055473
    ]
   },
   "properties": {
    "类型": "消防安全",
    "问题描述": "存在楼道安全隐患的住宅数量（栋）",
    "来源": "2025体检"
   }
  },
  {
   "type": "Feature",
   "geometry": {
    "type": "Point",
    "coordinates": [
     111.30882670473012,
     30.70235832084676
    ]
   },
   "properties": {
    "类型": "消防安全",
    "问题描述": "存在楼道安全隐患的住宅数量（栋）",
    "来源": "2025体检"
   }
  },
  {
   "type": "Feature",
   "geometry": {
    "type": "Point",
    "coordinates": [
     111.27664640622042,
     30.716233016646616
    ]
   },
   "properties": {
    "类型": "消防安全",
    "问题描述": "存在楼道安全隐患的住宅数量（栋）",
    "来源": "2025体检"
   }
  },
  {
   "type": "Feature",
   "geometry": {
    "type": "Point",
    "coordinates": [
     111.28593192484695,
     30.7256487258534
    ]
   },
   "properties": {
    "类型": "消防安全",
    "问题描述": "存在楼道安全隐患的住宅数量（栋）",
    "来源": "2025体检"
   }
  },
  {
   "type": "Feature",
   "geometry": {
    "type": "Point",
    "coordinates": [
     111.27152121365897,
     30.728558928103553
    ]
   },
   "properties": {
    "类型": "消防安全",
    "问题描述": "存在楼道安全隐患的住宅数量（栋）",
    "来源": "2025体检"
   }
  },
  {
   "type": "Feature",
   "geometry": {
    "type": "Point",
    "coordinates": [
     111.27974128856836,
     30.720723364309702
    ]
   },
   "properties": {
    "类型": "消防安全",
    "问题描述": "存在楼道安全隐患的住宅数量（栋）",
    "来源": "2025体检"
   }
  },
  {
   "type": "Feature",
   "geometry": {
    "type": "Point",
    "coordinates": [
     111.27403552590327,
     30.72317486652962
    ]
   },
   "properties": {
    "类型": "消防安全",
    "问题描述": "存在楼道安全隐患的住宅数量（栋）",
    "来源": "2025体检"
   }
  },
  {
   "type": "Feature",
   "geometry": {
    "type": "Point",
    "coordinates": [
     111.34269793923235,
     30.64950741198519
    ]
   },
   "properties": {
    "类型": "消防安全",
    "问题描述": "存在楼道安全隐患的住宅数量（栋）",
    "来源": "2025体检"
   }
  },
  {
   "type": "Feature",
   "geometry": {
    "type": "Point",
    "coordinates": [
     111.28875975070144,
     30.69153733924071
    ]
   },
   "properties": {
    "类型": "消防安全",
    "问题描述": "存在楼道安全隐患的住宅数量（栋）",
    "来源": "2025体检"
   }
  },
  {
   "type": "Feature",
   "geometry": {
    "type": "Point",
    "coordinates": [
     111.34102946880986,
     30.649273854426713
    ]
   },
   "properties": {
    "类型": "消防安全",
    "问题描述": "存在楼道安全隐患的住宅数量（栋）",
    "来源": "2025体检"
   }
  },
  {
   "type": "Feature",
   "geometry": {
    "type": "Point",
    "coordinates": [
     111.27859446710252,
     30.709630536692572
    ]
   },
   "properties": {
    "类型": "消防安全",
    "问题描述": "存在楼道安全隐患的住宅数量（栋）",
    "来源": "2025体检"
   }
  },
  {
   "type": "Feature",
   "geometry": {
    "type": "Point",
    "coordinates": [
     111.27945400995388,
     30.70907059184428
    ]
   },
   "properties": {
    "类型": "消防安全",
    "问题描述": "存在楼道安全隐患的住宅数量（栋）",
    "来源": "2025体检"
   }
  },
  {
   "type": "Feature",
   "geometry": {
    "type": "Point",
    "coordinates": [
     111.30875173536161,
     30.702016610007913
    ]
   },
   "properties": {
    "类型": "消防安全",
    "问题描述": "存在楼道安全隐患的住宅数量（栋）",
    "来源": "2025体检"
   }
  },
  {
   "type": "Feature",
   "geometry": {
    "type": "Point",
    "coordinates": [
     111.2793223581352,
     30.708509029075696
    ]
   },
   "properties": {
    "类型": "消防安全",
    "问题描述": "存在楼道安全隐患的住宅数量（栋）",
    "来源": "2025体检"
   }
  },
  {
   "type": "Feature",
   "geometry": {
    "type": "Point",
    "coordinates": [
     111.28710612226375,
     30.716265643820176
    ]
   },
   "properties": {
    "类型": "消防安全",
    "问题描述": "存在楼道安全隐患的住宅数量（栋）",
    "来源": "2025体检"
   }
  },
  {
   "type": "Feature",
   "geometry": {
    "type": "Point",
    "coordinates": [
     111.29795643670597,
     30.734842651445874
    ]
   },
   "properties": {
    "类型": "消防安全",
    "问题描述": "存在楼道安全隐患的住宅数量（栋）",
    "来源": "2025体检"
   }
  },
  {
   "type": "Feature",
   "geometry": {
    "type": "Point",
    "coordinates": [
     111.3538532822489,
     30.651582043174482
    ]
   },
   "properties": {
    "类型": "消防安全",
    "问题描述": "存在楼道安全隐患的住宅数量（栋）",
    "来源": "2025体检"
   }
  },
  {
   "type": "Feature",
   "geometry": {
    "type": "Point",
    "coordinates": [
     111.27931715891005,
     30.708008698110206
    ]
   },
   "properties": {
    "类型": "消防安全",
    "问题描述": "存在楼道安全隐患的住宅数量（栋）",
    "来源": "2025体检"
   }
  },
  {
   "type": "Feature",
   "geometry": {
    "type": "Point",
    "coordinates": [
     111.32330379126948,
     30.669369770046938
    ]
   },
   "properties": {
    "类型": "消防安全",
    "问题描述": "存在楼道安全隐患的住宅数量（栋）",
    "来源": "2025体检"
   }
  },
  {
   "type": "Feature",
   "geometry": {
    "type": "Point",
    "coordinates": [
     111.29263706630513,
     30.709016327951097
    ]
   },
   "properties": {
    "类型": "消防安全",
    "问题描述": "存在楼道安全隐患的住宅数量（栋）",
    "来源": "2025体检"
   }
  },
  {
   "type": "Feature",
   "geometry": {
    "type": "Point",
    "coordinates": [
     111.29848273619584,
     30.73460842391898
    ]
   },
   "properties": {
    "类型": "消防安全",
    "问题描述": "存在楼道安全隐患的住宅数量（栋）",
    "来源": "2025体检"
   }
  },
  {
   "type": "Feature",
   "geometry": {
    "type": "Point",
    "coordinates": [
     111.27794844977473,
     30.71352607846973
    ]
   },
   "properties": {
    "类型": "消防安全",
    "问题描述": "存在楼道安全隐患的住宅数量（栋）",
    "来源": "2025体检"
   }
  },
  {
   "type": "Feature",
   "geometry": {
    "type": "Point",
    "coordinates": [
     111.31081337485608,
     30.704411258219768
    ]
   },
   "properties": {
    "类型": "消防安全",
    "问题描述": "存在楼道安全隐患的住宅数量（栋）",
    "来源": "2025体检"
   }
  },
  {
   "type": "Feature",
   "geometry": {
    "type": "Point",
    "coordinates": [
     111.307896217863,
     30.704663894210615
    ]
   },
   "properties": {
    "类型": "消防安全",
    "问题描述": "存在楼道安全隐患的住宅数量（栋）",
    "来源": "2025体检"
   }
  },
  {
   "type": "Feature",
   "geometry": {
    "type": "Point",
    "coordinates": [
     111.3074452694984,
     30.703735780980868
    ]
   },
   "properties": {
    "类型": "消防安全",
    "问题描述": "存在楼道安全隐患的住宅数量（栋）",
    "来源": "2025体检"
   }
  },
  {
   "type": "Feature",
   "geometry": {
    "type": "Point",
    "coordinates": [
     111.2705774310014,
     30.719762171132402
    ]
   },
   "properties": {
    "类型": "消防安全",
    "问题描述": "存在楼道安全隐患的住宅数量（栋）",
    "来源": "2025体检"
   }
  },
  {
   "type": "Feature",
   "geometry": {
    "type": "Point",
    "coordinates": [
     111.28512864711998,
     30.71818767303377
    ]
   },
   "properties": {
    "类型": "消防安全",
    "问题描述": "存在楼道安全隐患的住宅数量（栋）",
    "来源": "2025体检"
   }
  },
  {
   "type": "Feature",
   "geometry": {
    "type": "Point",
    "coordinates": [
     111.28651697008699,
     30.692309465020422
    ]
   },
   "properties": {
    "类型": "消防安全",
    "问题描述": "存在楼道安全隐患的住宅数量（栋）",
    "来源": "2025体检"
   }
  },
  {
   "type": "Feature",
   "geometry": {
    "type": "Point",
    "coordinates": [
     111.29336879115972,
     30.726374580458792
    ]
   },
   "properties": {
    "类型": "消防安全",
    "问题描述": "存在楼道安全隐患的住宅数量（栋）",
    "来源": "2025体检"
   }
  },
  {
   "type": "Feature",
   "geometry": {
    "type": "Point",
    "coordinates": [
     111.2993583020114,
     30.733908688747487
    ]
   },
   "properties": {
    "类型": "消防安全",
    "问题描述": "存在楼道安全隐患的住宅数量（栋）",
    "来源": "2025体检"
   }
  },
  {
   "type": "Feature",
   "geometry": {
    "type": "Point",
    "coordinates": [
     111.28448028102191,
     30.71682001786235
    ]
   },
   "properties": {
    "类型": "消防安全",
    "问题描述": "存在楼道安全隐患的住宅数量（栋）",
    "来源": "2025体检"
   }
  },
  {
   "type": "Feature",
   "geometry": {
    "type": "Point",
    "coordinates": [
     111.35396742896211,
     30.650955319389983
    ]
   },
   "properties": {
    "类型": "消防安全",
    "问题描述": "存在楼道安全隐患的住宅数量（栋）",
    "来源": "2025体检"
   }
  },
  {
   "type": "Feature",
   "geometry": {
    "type": "Point",
    "coordinates": [
     111.28027062757069,
     30.708293321244405
    ]
   },
   "properties": {
    "类型": "消防安全",
    "问题描述": "存在楼道安全隐患的住宅数量（栋）",
    "来源": "2025体检"
   }
  },
  {
   "type": "Feature",
   "geometry": {
    "type": "Point",
    "coordinates": [
     111.28625125583054,
     30.71669908684682
    ]
   },
   "properties": {
    "类型": "消防安全",
    "问题描述": "存在楼道安全隐患的住宅数量（栋）",
    "来源": "2025体检"
   }
  },
  {
   "type": "Feature",
   "geometry": {
    "type": "Point",
    "coordinates": [
     111.30622977854371,
     30.70706281539454
    ]
   },
   "properties": {
    "类型": "消防安全",
    "问题描述": "存在楼道安全隐患的住宅数量（栋）",
    "来源": "2025体检"
   }
  },
  {
   "type": "Feature",
   "geometry": {
    "type": "Point",
    "coordinates": [
     111.27872939935193,
     30.709104721367655
    ]
   },
   "properties": {
    "类型": "消防安全",
    "问题描述": "存在楼道安全隐患的住宅数量（栋）",
    "来源": "2025体检"
   }
  },
  {
   "type": "Feature",
   "geometry": {
    "type": "Point",
    "coordinates": [
     111.28853783580662,
     30.692161218143262
    ]
   },
   "properties": {
    "类型": "消防安全",
    "问题描述": "存在楼道安全隐患的住宅数量（栋）",
    "来源": "2025体检"
   }
  },
  {
   "type": "Feature",
   "geometry": {
    "type": "Point",
    "coordinates": [
     111.29370226157982,
     30.70210275470339
    ]
   },
   "properties": {
    "类型": "消防安全",
    "问题描述": "存在楼道安全隐患的住宅数量（栋）",
    "来源": "2025体检"
   }
  },
  {
   "type": "Feature",
   "geometry": {
    "type": "Point",
    "coordinates": [
     111.31185527177001,
     30.690026869663356
    ]
   },
   "properties": {
    "类型": "消防安全",
    "问题描述": "存在楼道安全隐患的住宅数量（栋）",
    "来源": "2025体检"
   }
  },
  {
   "type": "Feature",
   "geometry": {
    "type": "Point",
    "coordinates": [
     111.28913152285318,
     30.692194196890085
    ]
   },
   "properties": {
    "类型": "消防安全",
    "问题描述": "存在楼道安全隐患的住宅数量（栋）",
    "来源": "2025体检"
   }
  },
  {
   "type": "Feature",
   "geometry": {
    "type": "Point",
    "coordinates": [
     111.29235862507214,
     30.710805489632385
    ]
   },
   "properties": {
    "类型": "消防安全",
    "问题描述": "存在楼道安全隐患的住宅数量（栋）",
    "来源": "2025体检"
   }
  },
  {
   "type": "Feature",
   "geometry": {
    "type": "Point",
    "coordinates": [
     111.32403746802521,
     30.66954856425387
    ]
   },
   "properties": {
    "类型": "消防安全",
    "问题描述": "存在楼道安全隐患的住宅数量（栋）",
    "来源": "2025体检"
   }
  },
  {
   "type": "Feature",
   "geometry": {
    "type": "Point",
    "coordinates": [
     111.29010161075169,
     30.707859323866398
    ]
   },
   "properties": {
    "类型": "消防安全",
    "问题描述": "存在楼道安全隐患的住宅数量（栋）",
    "来源": "2025体检"
   }
  },
  {
   "type": "Feature",
   "geometry": {
    "type": "Point",
    "coordinates": [
     111.32544273776116,
     30.71276842200365
    ]
   },
   "properties": {
    "类型": "消防安全",
    "问题描述": "存在楼道安全隐患的住宅数量（栋）",
    "来源": "2025体检"
   }
  },
  {
   "type": "Feature",
   "geometry": {
    "type": "Point",
    "coordinates": [
     111.28448028102191,
     30.71682001786235
    ]
   },
   "properties": {
    "类型": "消防安全",
    "问题描述": "存在楼道安全隐患的住宅数量（栋）",
    "来源": "2025体检"
   }
  },
  {
   "type": "Feature",
   "geometry": {
    "type": "Point",
    "coordinates": [
     111.32304619210207,
     30.670097293158744
    ]
   },
   "properties": {
    "类型": "消防安全",
    "问题描述": "存在楼道安全隐患的住宅数量（栋）",
    "来源": "2025体检"
   }
  },
  {
   "type": "Feature",
   "geometry": {
    "type": "Point",
    "coordinates": [
     111.28468248766029,
     30.717155453997293
    ]
   },
   "properties": {
    "类型": "消防安全",
    "问题描述": "存在楼道安全隐患的住宅数量（栋）",
    "来源": "2025体检"
   }
  },
  {
   "type": "Feature",
   "geometry": {
    "type": "Point",
    "coordinates": [
     111.28070141685444,
     30.720427725257736
    ]
   },
   "properties": {
    "类型": "消防安全",
    "问题描述": "存在楼道安全隐患的住宅数量（栋）",
    "来源": "2025体检"
   }
  },
  {
   "type": "Feature",
   "geometry": {
    "type": "Point",
    "coordinates": [
     111.2739587771032,
     30.72150337514622
    ]
   },
   "properties": {
    "类型": "消防安全",
    "问题描述": "存在楼道安全隐患的住宅数量（栋）",
    "来源": "2025体检"
   }
  },
  {
   "type": "Feature",
   "geometry": {
    "type": "Point",
    "coordinates": [
     111.2790410475771,
     30.729808048660438
    ]
   },
   "properties": {
    "类型": "消防安全",
    "问题描述": "存在楼道安全隐患的住宅数量（栋）",
    "来源": "2025体检"
   }
  },
  {
   "type": "Feature",
   "geometry": {
    "type": "Point",
    "coordinates": [
     111.29462952830508,
     30.691039709188956
    ]
   },
   "properties": {
    "类型": "消防安全",
    "问题描述": "存在楼道安全隐患的住宅数量（栋）",
    "来源": "2025体检"
   }
  },
  {
   "type": "Feature",
   "geometry": {
    "type": "Point",
    "coordinates": [
     111.28799249963996,
     30.716873568290485
    ]
   },
   "properties": {
    "类型": "消防安全",
    "问题描述": "存在楼道安全隐患的住宅数量（栋）",
    "来源": "2025体检"
   }
  },
  {
   "type": "Feature",
   "geometry": {
    "type": "Point",
    "coordinates": [
     111.28403568307091,
     30.694025230850738
    ]
   },
   "properties": {
    "类型": "消防安全",
    "问题描述": "存在楼道安全隐患的住宅数量（栋）",
    "来源": "2025体检"
   }
  },
  {
   "type": "Feature",
   "geometry": {
    "type": "Point",
    "coordinates": [
     111.30791683996326,
     30.704019171503727
    ]
   },
   "properties": {
    "类型": "消防安全",
    "问题描述": "存在楼道安全隐患的住宅数量（栋）",
    "来源": "2025体检"
   }
  },
  {
   "type": "Feature",
   "geometry": {
    "type": "Point",
    "coordinates": [
     111.30744901412692,
     30.704666021210326
    ]
   },
   "properties": {
    "类型": "消防安全",
    "问题描述": "存在楼道安全隐患的住宅数量（栋）",
    "来源": "2025体检"
   }
  },
  {
   "type": "Feature",
   "geometry": {
    "type": "Point",
    "coordinates": [
     111.29302667217267,
     30.710898721461895
    ]
   },
   "properties": {
    "类型": "消防安全",
    "问题描述": "存在楼道安全隐患的住宅数量（栋）",
    "来源": "2025体检"
   }
  },
  {
   "type": "Feature",
   "geometry": {
    "type": "Point",
    "coordinates": [
     111.34215243918682,
     30.649640974259594
    ]
   },
   "properties": {
    "类型": "消防安全",
    "问题描述": "存在楼道安全隐患的住宅数量（栋）",
    "来源": "2025体检"
   }
  },
  {
   "type": "Feature",
   "geometry": {
    "type": "Point",
    "coordinates": [
     111.30892375901396,
     30.703891291879437
    ]
   },
   "properties": {
    "类型": "消防安全",
    "问题描述": "存在楼道安全隐患的住宅数量（栋）",
    "来源": "2025体检"
   }
  },
  {
   "type": "Feature",
   "geometry": {
    "type": "Point",
    "coordinates": [
     111.29776650651365,
     30.73352804948676
    ]
   },
   "properties": {
    "类型": "消防安全",
    "问题描述": "存在楼道安全隐患的住宅数量（栋）",
    "来源": "2025体检"
   }
  },
  {
   "type": "Feature",
   "geometry": {
    "type": "Point",
    "coordinates": [
     111.29358038121622,
     30.726679175799887
    ]
   },
   "properties": {
    "类型": "消防安全",
    "问题描述": "存在楼道安全隐患的住宅数量（栋）",
    "来源": "2025体检"
   }
  },
  {
   "type": "Feature",
   "geometry": {
    "type": "Point",
    "coordinates": [
     111.35438145409076,
     30.650197335504988
    ]
   },
   "properties": {
    "类型": "消防安全",
    "问题描述": "存在楼道安全隐患的住宅数量（栋）",
    "来源": "2025体检"
   }
  },
  {
   "type": "Feature",
   "geometry": {
    "type": "Point",
    "coordinates": [
     111.34062214949206,
     30.64963852596754
    ]
   },
   "properties": {
    "类型": "消防安全",
    "问题描述": "存在楼道安全隐患的住宅数量（栋）",
    "来源": "2025体检"
   }
  },
  {
   "type": "Feature",
   "geometry": {
    "type": "Point",
    "coordinates": [
     111.29756731463783,
     30.730591411212984
    ]
   },
   "properties": {
    "类型": "消防安全",
    "问题描述": "存在楼道安全隐患的住宅数量（栋）",
    "来源": "2025体检"
   }
  },
  {
   "type": "Feature",
   "geometry": {
    "type": "Point",
    "coordinates": [
     111.2980544368987,
     30.734381763719163
    ]
   },
   "properties": {
    "类型": "消防安全",
    "问题描述": "存在楼道安全隐患的住宅数量（栋）",
    "来源": "2025体检"
   }
  },
  {
   "type": "Feature",
   "geometry": {
    "type": "Point",
    "coordinates": [
     111.29537913060614,
     30.697237718793975
    ]
   },
   "properties": {
    "类型": "消防安全",
    "问题描述": "存在楼道安全隐患的住宅数量（栋）",
    "来源": "2025体检"
   }
  },
  {
   "type": "Feature",
   "geometry": {
    "type": "Point",
    "coordinates": [
     111.28066839517956,
     30.722183365172462
    ]
   },
   "properties": {
    "类型": "消防安全",
    "问题描述": "存在楼道安全隐患的住宅数量（栋）",
    "来源": "2025体检"
   }
  },
  {
   "type": "Feature",
   "geometry": {
    "type": "Point",
    "coordinates": [
     111.29462952830508,
     30.691039709188956
    ]
   },
   "properties": {
    "类型": "消防安全",
    "问题描述": "存在楼道安全隐患的住宅数量（栋）",
    "来源": "2025体检"
   }
  },
  {
   "type": "Feature",
   "geometry": {
    "type": "Point",
    "coordinates": [
     111.29759902777832,
     30.734520961742746
    ]
   },
   "properties": {
    "类型": "消防安全",
    "问题描述": "存在楼道安全隐患的住宅数量（栋）",
    "来源": "2025体检"
   }
  },
  {
   "type": "Feature",
   "geometry": {
    "type": "Point",
    "coordinates": [
     111.29730490158252,
     30.73093970528051
    ]
   },
   "properties": {
    "类型": "消防安全",
    "问题描述": "存在楼道安全隐患的住宅数量（栋）",
    "来源": "2025体检"
   }
  },
  {
   "type": "Feature",
   "geometry": {
    "type": "Point",
    "coordinates": [
     111.28602660986525,
     30.729427838200678
    ]
   },
   "properties": {
    "类型": "消防安全",
    "问题描述": "存在楼道安全隐患的住宅数量（栋）",
    "来源": "2025体检"
   }
  },
  {
   "type": "Feature",
   "geometry": {
    "type": "Point",
    "coordinates": [
     111.29696618439547,
     30.727483896908094
    ]
   },
   "properties": {
    "类型": "消防安全",
    "问题描述": "存在楼道安全隐患的住宅数量（栋）",
    "来源": "2025体检"
   }
  },
  {
   "type": "Feature",
   "geometry": {
    "type": "Point",
    "coordinates": [
     111.2847027003946,
     30.718752107478277
    ]
   },
   "properties": {
    "类型": "消防安全",
    "问题描述": "存在楼道安全隐患的住宅数量（栋）",
    "来源": "2025体检"
   }
  },
  {
   "type": "Feature",
   "geometry": {
    "type": "Point",
    "coordinates": [
     111.27245464900793,
     30.718936763654895
    ]
   },
   "properties": {
    "类型": "消防安全",
    "问题描述": "存在楼道安全隐患的住宅数量（栋）",
    "来源": "2025体检"
   }
  },
  {
   "type": "Feature",
   "geometry": {
    "type": "Point",
    "coordinates": [
     111.29417932326305,
     30.6884013954716
    ]
   },
   "properties": {
    "类型": "消防安全",
    "问题描述": "存在楼道安全隐患的住宅数量（栋）",
    "来源": "2025体检"
   }
  },
  {
   "type": "Feature",
   "geometry": {
    "type": "Point",
    "coordinates": [
     111.2964947821059,
     30.713302709287195
    ]
   },
   "properties": {
    "类型": "消防安全",
    "问题描述": "存在楼道安全隐患的住宅数量（栋）",
    "来源": "2025体检"
   }
  },
  {
   "type": "Feature",
   "geometry": {
    "type": "Point",
    "coordinates": [
     111.32510286178358,
     30.713145847802586
    ]
   },
   "properties": {
    "类型": "消防安全",
    "问题描述": "存在楼道安全隐患的住宅数量（栋）",
    "来源": "2025体检"
   }
  },
  {
   "type": "Feature",
   "geometry": {
    "type": "Point",
    "coordinates": [
     111.28066391075386,
     30.709304101649334
    ]
   },
   "properties": {
    "类型": "消防安全",
    "问题描述": "存在楼道安全隐患的住宅数量（栋）",
    "来源": "2025体检"
   }
  },
  {
   "type": "Feature",
   "geometry": {
    "type": "Point",
    "coordinates": [
     111.32581475197354,
     30.71303796491216
    ]
   },
   "properties": {
    "类型": "消防安全",
    "问题描述": "存在楼道安全隐患的住宅数量（栋）",
    "来源": "2025体检"
   }
  },
  {
   "type": "Feature",
   "geometry": {
    "type": "Point",
    "coordinates": [
     111.29324583577343,
     30.72665171722983
    ]
   },
   "properties": {
    "类型": "消防安全",
    "问题描述": "存在楼道安全隐患的住宅数量（栋）",
    "来源": "2025体检"
   }
  },
  {
   "type": "Feature",
   "geometry": {
    "type": "Point",
    "coordinates": [
     111.29313651037545,
     30.710193618364656
    ]
   },
   "properties": {
    "类型": "消防安全",
    "问题描述": "存在楼道安全隐患的住宅数量（栋）",
    "来源": "2025体检"
   }
  },
  {
   "type": "Feature",
   "geometry": {
    "type": "Point",
    "coordinates": [
     111.27434019135998,
     30.724284694934763
    ]
   },
   "properties": {
    "类型": "消防安全",
    "问题描述": "存在楼道安全隐患的住宅数量（栋）",
    "来源": "2025体检"
   }
  },
  {
   "type": "Feature",
   "geometry": {
    "type": "Point",
    "coordinates": [
     111.35388169192447,
     30.651879210855867
    ]
   },
   "properties": {
    "类型": "消防安全",
    "问题描述": "存在楼道安全隐患的住宅数量（栋）",
    "来源": "2025体检"
   }
  },
  {
   "type": "Feature",
   "geometry": {
    "type": "Point",
    "coordinates": [
     111.27945746423184,
     30.707651294322993
    ]
   },
   "properties": {
    "类型": "消防安全",
    "问题描述": "存在楼道安全隐患的住宅数量（栋）",
    "来源": "2025体检"
   }
  },
  {
   "type": "Feature",
   "geometry": {
    "type": "Point",
    "coordinates": [
     111.28808839446903,
     30.716889236325372
    ]
   },
   "properties": {
    "类型": "消防安全",
    "问题描述": "存在楼道安全隐患的住宅数量（栋）",
    "来源": "2025体检"
   }
  },
  {
   "type": "Feature",
   "geometry": {
    "type": "Point",
    "coordinates": [
     111.28677612135608,
     30.726658661699016
    ]
   },
   "properties": {
    "类型": "消防安全",
    "问题描述": "存在楼道安全隐患的住宅数量（栋）",
    "来源": "2025体检"
   }
  },
  {
   "type": "Feature",
   "geometry": {
    "type": "Point",
    "coordinates": [
     111.27864461744419,
     30.7081155342723
    ]
   },
   "properties": {
    "类型": "消防安全",
    "问题描述": "存在楼道安全隐患的住宅数量（栋）",
    "来源": "2025体检"
   }
  },
  {
   "type": "Feature",
   "geometry": {
    "type": "Point",
    "coordinates": [
     111.28403914283373,
     30.717662875579606
    ]
   },
   "properties": {
    "类型": "消防安全",
    "问题描述": "存在楼道安全隐患的住宅数量（栋）",
    "来源": "2025体检"
   }
  },
  {
   "type": "Feature",
   "geometry": {
    "type": "Point",
    "coordinates": [
     111.2781943652873,
     30.730063055625514
    ]
   },
   "properties": {
    "类型": "消防安全",
    "问题描述": "存在楼道安全隐患的住宅数量（栋）",
    "来源": "2025体检"
   }
  },
  {
   "type": "Feature",
   "geometry": {
    "type": "Point",
    "coordinates": [
     111.29417932326305,
     30.6884013954716
    ]
   },
   "properties": {
    "类型": "消防安全",
    "问题描述": "存在楼道安全隐患的住宅数量（栋）",
    "来源": "2025体检"
   }
  },
  {
   "type": "Feature",
   "geometry": {
    "type": "Point",
    "coordinates": [
     111.27846602444468,
     30.729614910569857
    ]
   },
   "properties": {
    "类型": "消防安全",
    "问题描述": "存在楼道安全隐患的住宅数量（栋）",
    "来源": "2025体检"
   }
  },
  {
   "type": "Feature",
   "geometry": {
    "type": "Point",
    "coordinates": [
     111.3419178278638,
     30.649460405099003
    ]
   },
   "properties": {
    "类型": "消防安全",
    "问题描述": "存在楼道安全隐患的住宅数量（栋）",
    "来源": "2025体检"
   }
  },
  {
   "type": "Feature",
   "geometry": {
    "type": "Point",
    "coordinates": [
     111.28661305131118,
     30.726433391063875
    ]
   },
   "properties": {
    "类型": "消防安全",
    "问题描述": "存在楼道安全隐患的住宅数量（栋）",
    "来源": "2025体检"
   }
  },
  {
   "type": "Feature",
   "geometry": {
    "type": "Point",
    "coordinates": [
     111.27216459818942,
     30.718881155667503
    ]
   },
   "properties": {
    "类型": "消防安全",
    "问题描述": "存在楼道安全隐患的住宅数量（栋）",
    "来源": "2025体检"
   }
  },
  {
   "type": "Feature",
   "geometry": {
    "type": "Point",
    "coordinates": [
     111.2868871941522,
     30.716156606680407
    ]
   },
   "properties": {
    "类型": "消防安全",
    "问题描述": "存在楼道安全隐患的住宅数量（栋）",
    "来源": "2025体检"
   }
  },
  {
   "type": "Feature",
   "geometry": {
    "type": "Point",
    "coordinates": [
     111.27865087451937,
     30.708521617692295
    ]
   },
   "properties": {
    "类型": "消防安全",
    "问题描述": "存在楼道安全隐患的住宅数量（栋）",
    "来源": "2025体检"
   }
  },
  {
   "type": "Feature",
   "geometry": {
    "type": "Point",
    "coordinates": [
     111.28792758314117,
     30.717605531624205
    ]
   },
   "properties": {
    "类型": "消防安全",
    "问题描述": "存在楼道安全隐患的住宅数量（栋）",
    "来源": "2025体检"
   }
  },
  {
   "type": "Feature",
   "geometry": {
    "type": "Point",
    "coordinates": [
     111.28734107583871,
     30.716192463677327
    ]
   },
   "properties": {
    "类型": "消防安全",
    "问题描述": "存在楼道安全隐患的住宅数量（栋）",
    "来源": "2025体检"
   }
  },
  {
   "type": "Feature",
   "geometry": {
    "type": "Point",
    "coordinates": [
     111.27871231063381,
     30.710458910856506
    ]
   },
   "properties": {
    "类型": "消防安全",
    "问题描述": "存在楼道安全隐患的住宅数量（栋）",
    "来源": "2025体检"
   }
  },
  {
   "type": "Feature",
   "geometry": {
    "type": "Point",
    "coordinates": [
     111.29404302121786,
     30.711689262278632
    ]
   },
   "properties": {
    "类型": "消防安全",
    "问题描述": "存在楼道安全隐患的住宅数量（栋）",
    "来源": "2025体检"
   }
  },
  {
   "type": "Feature",
   "geometry": {
    "type": "Point",
    "coordinates": [
     111.29140519865187,
     30.71067122922896
    ]
   },
   "properties": {
    "类型": "消防安全",
    "问题描述": "存在楼道安全隐患的住宅数量（栋）",
    "来源": "2025体检"
   }
  },
  {
   "type": "Feature",
   "geometry": {
    "type": "Point",
    "coordinates": [
     111.30742393688713,
     30.70452001056286
    ]
   },
   "properties": {
    "类型": "消防安全",
    "问题描述": "存在楼道安全隐患的住宅数量（栋）",
    "来源": "2025体检"
   }
  },
  {
   "type": "Feature",
   "geometry": {
    "type": "Point",
    "coordinates": [
     111.30848064871842,
     30.703725946733467
    ]
   },
   "properties": {
    "类型": "消防安全",
    "问题描述": "存在楼道安全隐患的住宅数量（栋）",
    "来源": "2025体检"
   }
  },
  {
   "type": "Feature",
   "geometry": {
    "type": "Point",
    "coordinates": [
     111.30725014080483,
     30.702193195919445
    ]
   },
   "properties": {
    "类型": "消防安全",
    "问题描述": "存在楼道安全隐患的住宅数量（栋）",
    "来源": "2025体检"
   }
  },
  {
   "type": "Feature",
   "geometry": {
    "type": "Point",
    "coordinates": [
     111.29087394146258,
     30.70050846848904
    ]
   },
   "properties": {
    "类型": "消防安全",
    "问题描述": "存在楼道安全隐患的住宅数量（栋）",
    "来源": "2025体检"
   }
  },
  {
   "type": "Feature",
   "geometry": {
    "type": "Point",
    "coordinates": [
     111.29516231653362,
     30.728475087214115
    ]
   },
   "properties": {
    "类型": "消防安全",
    "问题描述": "存在楼道安全隐患的住宅数量（栋）",
    "来源": "2025体检"
   }
  },
  {
   "type": "Feature",
   "geometry": {
    "type": "Point",
    "coordinates": [
     111.28979864163759,
     30.729103617732477
    ]
   },
   "properties": {
    "类型": "消防安全",
    "问题描述": "存在楼道安全隐患的住宅数量（栋）",
    "来源": "2025体检"
   }
  },
  {
   "type": "Feature",
   "geometry": {
    "type": "Point",
    "coordinates": [
     111.28839306212473,
     30.691313176434797
    ]
   },
   "properties": {
    "类型": "消防安全",
    "问题描述": "存在楼道安全隐患的住宅数量（栋）",
    "来源": "2025体检"
   }
  },
  {
   "type": "Feature",
   "geometry": {
    "type": "Point",
    "coordinates": [
     111.2786151890827,
     30.729937518500883
    ]
   },
   "properties": {
    "类型": "消防安全",
    "问题描述": "存在楼道安全隐患的住宅数量（栋）",
    "来源": "2025体检"
   }
  },
  {
   "type": "Feature",
   "geometry": {
    "type": "Point",
    "coordinates": [
     111.29630638710292,
     30.735239357131743
    ]
   },
   "properties": {
    "类型": "消防安全",
    "问题描述": "存在楼道安全隐患的住宅数量（栋）",
    "来源": "2025体检"
   }
  },
  {
   "type": "Feature",
   "geometry": {
    "type": "Point",
    "coordinates": [
     111.28637760063573,
     30.71736914284141
    ]
   },
   "properties": {
    "类型": "消防安全",
    "问题描述": "存在楼道安全隐患的住宅数量（栋）",
    "来源": "2025体检"
   }
  },
  {
   "type": "Feature",
   "properties": {
    "类型": "消防安全",
    "问题描述": "存在楼道安全隐患的住宅数量（栋）",
    "来源": "2026补充"
   },
   "geometry": {
    "type": "Point",
    "coordinates": [
     111.25528722100006,
     30.67569438000004
    ]
   }
  },
  {
   "type": "Feature",
   "properties": {
    "类型": "消防安全",
    "问题描述": "存在楼道安全隐患的住宅数量（栋）",
    "来源": "2026补充"
   },
   "geometry": {
    "type": "Point",
    "coordinates": [
     111.25561015800008,
     30.67633975700005
    ]
   }
  },
  {
   "type": "Feature",
   "properties": {
    "类型": "消防安全",
    "问题描述": "存在楼道安全隐患的住宅数量（栋）",
    "来源": "2026补充"
   },
   "geometry": {
    "type": "Point",
    "coordinates": [
     111.25708977100004,
     30.67541170100003
    ]
   }
  },
  {
   "type": "Feature",
   "properties": {
    "类型": "消防安全",
    "问题描述": "存在楼道安全隐患的住宅数量（栋）",
    "来源": "2026补充"
   },
   "geometry": {
    "type": "Point",
    "coordinates": [
     111.25726437700007,
     30.675888721000035
    ]
   }
  },
  {
   "type": "Feature",
   "properties": {
    "类型": "消防安全",
    "问题描述": "存在楼道安全隐患的住宅数量（栋）",
    "来源": "2026补充"
   },
   "geometry": {
    "type": "Point",
    "coordinates": [
     111.25628863800006,
     30.67585338600003
    ]
   }
  },
  {
   "type": "Feature",
   "properties": {
    "类型": "消防安全",
    "问题描述": "存在楼道安全隐患的住宅数量（栋）",
    "来源": "2026补充"
   },
   "geometry": {
    "type": "Point",
    "coordinates": [
     111.25785495500008,
     30.67640990800004
    ]
   }
  },
  {
   "type": "Feature",
   "properties": {
    "类型": "消防安全",
    "问题描述": "存在楼道安全隐患的住宅数量（栋）",
    "来源": "2026补充"
   },
   "geometry": {
    "type": "Point",
    "coordinates": [
     111.25676623600003,
     30.676440826000032
    ]
   }
  },
  {
   "type": "Feature",
   "properties": {
    "类型": "消防安全",
    "问题描述": "存在楼道安全隐患的住宅数量（栋）",
    "来源": "2026补充"
   },
   "geometry": {
    "type": "Point",
    "coordinates": [
     111.26330960000007,
     30.677056394000033
    ]
   }
  },
  {
   "type": "Feature",
   "properties": {
    "类型": "消防安全",
    "问题描述": "存在楼道安全隐患的住宅数量（栋）",
    "来源": "2026补充"
   },
   "geometry": {
    "type": "Point",
    "coordinates": [
     111.26545935500008,
     30.67570071800003
    ]
   }
  },
  {
   "type": "Feature",
   "properties": {
    "类型": "消防安全",
    "问题描述": "存在楼道安全隐患的住宅数量（栋）",
    "来源": "2026补充"
   },
   "geometry": {
    "type": "Point",
    "coordinates": [
     111.26546766100006,
     30.674560665000058
    ]
   }
  },
  {
   "type": "Feature",
   "properties": {
    "类型": "消防安全",
    "问题描述": "存在楼道安全隐患的住宅数量（栋）",
    "来源": "2026补充"
   },
   "geometry": {
    "type": "Point",
    "coordinates": [
     111.26211171100005,
     30.677022428000043
    ]
   }
  },
  {
   "type": "Feature",
   "properties": {
    "类型": "消防安全",
    "问题描述": "存在楼道安全隐患的住宅数量（栋）",
    "来源": "2026补充"
   },
   "geometry": {
    "type": "Point",
    "coordinates": [
     111.26339333300007,
     30.67858600200003
    ]
   }
  },
  {
   "type": "Feature",
   "properties": {
    "类型": "消防安全",
    "问题描述": "存在楼道安全隐患的住宅数量（栋）",
    "来源": "2026补充"
   },
   "geometry": {
    "type": "Point",
    "coordinates": [
     111.26543918100003,
     30.676205929000048
    ]
   }
  },
  {
   "type": "Feature",
   "properties": {
    "类型": "消防安全",
    "问题描述": "存在楼道安全隐患的住宅数量（栋）",
    "来源": "2026补充"
   },
   "geometry": {
    "type": "Point",
    "coordinates": [
     111.26562905100008,
     30.67672032400003
    ]
   }
  },
  {
   "type": "Feature",
   "properties": {
    "类型": "消防安全",
    "问题描述": "存在楼道安全隐患的住宅数量（栋）",
    "来源": "2026补充"
   },
   "geometry": {
    "type": "Point",
    "coordinates": [
     111.26184589300004,
     30.677602137000065
    ]
   }
  },
  {
   "type": "Feature",
   "properties": {
    "类型": "消防安全",
    "问题描述": "存在楼道安全隐患的住宅数量（栋）",
    "来源": "2026补充"
   },
   "geometry": {
    "type": "Point",
    "coordinates": [
     111.26479926000007,
     30.674820418000024
    ]
   }
  },
  {
   "type": "Feature",
   "properties": {
    "类型": "消防安全",
    "问题描述": "存在楼道安全隐患的住宅数量（栋）",
    "来源": "2026补充"
   },
   "geometry": {
    "type": "Point",
    "coordinates": [
     111.26219164600008,
     30.67637968100007
    ]
   }
  },
  {
   "type": "Feature",
   "properties": {
    "类型": "消防安全",
    "问题描述": "存在楼道安全隐患的住宅数量（栋）",
    "来源": "2026补充"
   },
   "geometry": {
    "type": "Point",
    "coordinates": [
     111.26226455600005,
     30.678300070000034
    ]
   }
  },
  {
   "type": "Feature",
   "properties": {
    "类型": "消防安全",
    "问题描述": "存在楼道安全隐患的住宅数量（栋）",
    "来源": "2026补充"
   },
   "geometry": {
    "type": "Point",
    "coordinates": [
     111.26518493300006,
     30.675203158000045
    ]
   }
  },
  {
   "type": "Feature",
   "properties": {
    "类型": "消防安全",
    "问题描述": "存在楼道安全隐患的住宅数量（栋）",
    "来源": "2026补充"
   },
   "geometry": {
    "type": "Point",
    "coordinates": [
     111.26331263800006,
     30.675990373000047
    ]
   }
  },
  {
   "type": "Feature",
   "properties": {
    "类型": "消防安全",
    "问题描述": "存在楼道安全隐患的住宅数量（栋）",
    "来源": "2026补充"
   },
   "geometry": {
    "type": "Point",
    "coordinates": [
     111.26272255800006,
     30.678539310000076
    ]
   }
  },
  {
   "type": "Feature",
   "properties": {
    "类型": "消防安全",
    "问题描述": "存在楼道安全隐患的住宅数量（栋）",
    "来源": "2026补充"
   },
   "geometry": {
    "type": "Point",
    "coordinates": [
     111.26175095800005,
     30.678169341000057
    ]
   }
  },
  {
   "type": "Feature",
   "properties": {
    "类型": "消防安全",
    "问题描述": "存在楼道安全隐患的住宅数量（栋）",
    "来源": "2026补充"
   },
   "geometry": {
    "type": "Point",
    "coordinates": [
     111.26380553000007,
     30.673664502000065
    ]
   }
  },
  {
   "type": "Feature",
   "properties": {
    "类型": "消防安全",
    "问题描述": "存在楼道安全隐患的住宅数量（栋）",
    "来源": "2026补充"
   },
   "geometry": {
    "type": "Point",
    "coordinates": [
     111.26740132300006,
     30.674009862000048
    ]
   }
  },
  {
   "type": "Feature",
   "properties": {
    "类型": "消防安全",
    "问题描述": "存在楼道安全隐患的住宅数量（栋）",
    "来源": "2026补充"
   },
   "geometry": {
    "type": "Point",
    "coordinates": [
     111.26962374600004,
     30.67726611300003
    ]
   }
  },
  {
   "type": "Feature",
   "properties": {
    "类型": "消防安全",
    "问题描述": "存在楼道安全隐患的住宅数量（栋）",
    "来源": "2026补充"
   },
   "geometry": {
    "type": "Point",
    "coordinates": [
     111.26840395600004,
     30.679032404000054
    ]
   }
  },
  {
   "type": "Feature",
   "properties": {
    "类型": "消防安全",
    "问题描述": "存在楼道安全隐患的住宅数量（栋）",
    "来源": "2026补充"
   },
   "geometry": {
    "type": "Point",
    "coordinates": [
     111.26745198700007,
     30.67979655000005
    ]
   }
  },
  {
   "type": "Feature",
   "properties": {
    "类型": "消防安全",
    "问题描述": "存在楼道安全隐患的住宅数量（栋）",
    "来源": "2026补充"
   },
   "geometry": {
    "type": "Point",
    "coordinates": [
     111.27227010200005,
     30.67638998600006
    ]
   }
  },
  {
   "type": "Feature",
   "properties": {
    "类型": "消防安全",
    "问题描述": "存在楼道安全隐患的住宅数量（栋）",
    "来源": "2026补充"
   },
   "geometry": {
    "type": "Point",
    "coordinates": [
     111.27153790600005,
     30.67679987100007
    ]
   }
  },
  {
   "type": "Feature",
   "properties": {
    "类型": "消防安全",
    "问题描述": "存在楼道安全隐患的住宅数量（栋）",
    "来源": "2026补充"
   },
   "geometry": {
    "type": "Point",
    "coordinates": [
     111.26526880400007,
     30.664377586000057
    ]
   }
  },
  {
   "type": "Feature",
   "properties": {
    "类型": "消防安全",
    "问题描述": "存在楼道安全隐患的住宅数量（栋）",
    "来源": "2026补充"
   },
   "geometry": {
    "type": "Point",
    "coordinates": [
     111.30140522700009,
     30.66749262700006
    ]
   }
  },
  {
   "type": "Feature",
   "properties": {
    "类型": "消防安全",
    "问题描述": "存在楼道安全隐患的住宅数量（栋）",
    "来源": "2026补充"
   },
   "geometry": {
    "type": "Point",
    "coordinates": [
     111.39871951600009,
     30.568409674000065
    ]
   }
  },
  {
   "type": "Feature",
   "properties": {
    "类型": "消防安全",
    "问题描述": "存在楼道安全隐患的住宅数量（栋）",
    "来源": "2026补充"
   },
   "geometry": {
    "type": "Point",
    "coordinates": [
     111.44504862500008,
     30.551985801000058
    ]
   }
  },
  {
   "type": "Feature",
   "properties": {
    "类型": "消防安全",
    "问题描述": "存在楼道安全隐患的住宅数量（栋）",
    "来源": "2026补充"
   },
   "geometry": {
    "type": "Point",
    "coordinates": [
     111.44981761600008,
     30.55584893500003
    ]
   }
  },
  {
   "type": "Feature",
   "properties": {
    "类型": "消防安全",
    "问题描述": "存在楼道安全隐患的住宅数量（栋）",
    "来源": "2026补充"
   },
   "geometry": {
    "type": "Point",
    "coordinates": [
     111.45115465200007,
     30.55709934400005
    ]
   }
  },
  {
   "type": "Feature",
   "properties": {
    "类型": "消防安全",
    "问题描述": "存在楼道安全隐患的住宅数量（栋）",
    "来源": "2026补充"
   },
   "geometry": {
    "type": "Point",
    "coordinates": [
     111.44971481900006,
     30.556332844000053
    ]
   }
  },
  {
   "type": "Feature",
   "properties": {
    "类型": "消防安全",
    "问题描述": "存在楼道安全隐患的住宅数量（栋）",
    "来源": "2026补充"
   },
   "geometry": {
    "type": "Point",
    "coordinates": [
     111.44911356300008,
     30.557139567000036
    ]
   }
  },
  {
   "type": "Feature",
   "properties": {
    "类型": "消防安全",
    "问题描述": "存在楼道安全隐患的住宅数量（栋）",
    "来源": "2026补充"
   },
   "geometry": {
    "type": "Point",
    "coordinates": [
     111.44950171500005,
     30.55660685600003
    ]
   }
  },
  {
   "type": "Feature",
   "properties": {
    "类型": "消防安全",
    "问题描述": "存在楼道安全隐患的住宅数量（栋）",
    "来源": "2026补充"
   },
   "geometry": {
    "type": "Point",
    "coordinates": [
     111.44927988500007,
     30.556855862000077
    ]
   }
  },
  {
   "type": "Feature",
   "properties": {
    "类型": "消防安全",
    "问题描述": "存在楼道安全隐患的住宅数量（栋）",
    "来源": "2026补充"
   },
   "geometry": {
    "type": "Point",
    "coordinates": [
     111.45188955400005,
     30.557689364000055
    ]
   }
  },
  {
   "type": "Feature",
   "properties": {
    "类型": "消防安全",
    "问题描述": "存在楼道安全隐患的住宅数量（栋）",
    "来源": "2026补充"
   },
   "geometry": {
    "type": "Point",
    "coordinates": [
     111.43532133100007,
     30.54409769500006
    ]
   }
  },
  {
   "type": "Feature",
   "properties": {
    "类型": "消防安全",
    "问题描述": "存在楼道安全隐患的住宅数量（栋）",
    "来源": "2026补充"
   },
   "geometry": {
    "type": "Point",
    "coordinates": [
     111.43759818300003,
     30.54592507700005
    ]
   }
  },
  {
   "type": "Feature",
   "properties": {
    "类型": "消防安全",
    "问题描述": "存在楼道安全隐患的住宅数量（栋）",
    "来源": "2026补充"
   },
   "geometry": {
    "type": "Point",
    "coordinates": [
     111.42291278200008,
     30.533548402000065
    ]
   }
  },
  {
   "type": "Feature",
   "properties": {
    "类型": "消防安全",
    "问题描述": "存在楼道安全隐患的住宅数量（栋）",
    "来源": "2026补充"
   },
   "geometry": {
    "type": "Point",
    "coordinates": [
     111.42112291600006,
     30.534546086000034
    ]
   }
  },
  {
   "type": "Feature",
   "properties": {
    "类型": "消防安全",
    "问题描述": "存在楼道安全隐患的住宅数量（栋）",
    "来源": "2026补充"
   },
   "geometry": {
    "type": "Point",
    "coordinates": [
     111.42185393700004,
     30.532717797000032
    ]
   }
  },
  {
   "type": "Feature",
   "properties": {
    "类型": "消防安全",
    "问题描述": "存在楼道安全隐患的住宅数量（栋）",
    "来源": "2026补充"
   },
   "geometry": {
    "type": "Point",
    "coordinates": [
     111.42174405100008,
     30.53397086600006
    ]
   }
  },
  {
   "type": "Feature",
   "properties": {
    "类型": "消防安全",
    "问题描述": "存在楼道安全隐患的住宅数量（栋）",
    "来源": "2026补充"
   },
   "geometry": {
    "type": "Point",
    "coordinates": [
     111.41729020800005,
     30.53435138900005
    ]
   }
  },
  {
   "type": "Feature",
   "properties": {
    "类型": "消防安全",
    "问题描述": "存在楼道安全隐患的住宅数量（栋）",
    "来源": "2026补充"
   },
   "geometry": {
    "type": "Point",
    "coordinates": [
     111.41304411000004,
     30.529088957000056
    ]
   }
  },
  {
   "type": "Feature",
   "properties": {
    "类型": "消防安全",
    "问题描述": "存在楼道安全隐患的住宅数量（栋）",
    "来源": "2026补充"
   },
   "geometry": {
    "type": "Point",
    "coordinates": [
     111.42588741400004,
     30.529738156000064
    ]
   }
  },
  {
   "type": "Feature",
   "properties": {
    "类型": "消防安全",
    "问题描述": "存在楼道安全隐患的住宅数量（栋）",
    "来源": "2026补充"
   },
   "geometry": {
    "type": "Point",
    "coordinates": [
     111.42056614800003,
     30.528963172000033
    ]
   }
  },
  {
   "type": "Feature",
   "properties": {
    "类型": "消防安全",
    "问题描述": "存在楼道安全隐患的住宅数量（栋）",
    "来源": "2026补充"
   },
   "geometry": {
    "type": "Point",
    "coordinates": [
     111.42664642600005,
     30.524694509000028
    ]
   }
  },
  {
   "type": "Feature",
   "properties": {
    "类型": "消防安全",
    "问题描述": "存在楼道安全隐患的住宅数量（栋）",
    "来源": "2026补充"
   },
   "geometry": {
    "type": "Point",
    "coordinates": [
     111.34591848700006,
     30.79384037400007
    ]
   }
  },
  {
   "type": "Feature",
   "properties": {
    "类型": "消防安全",
    "问题描述": "存在楼道安全隐患的住宅数量（栋）",
    "来源": "2026补充"
   },
   "geometry": {
    "type": "Point",
    "coordinates": [
     111.29563599900007,
     30.769747576000043
    ]
   }
  },
  {
   "type": "Feature",
   "properties": {
    "类型": "消防安全",
    "问题描述": "存在楼道安全隐患的住宅数量（栋）",
    "来源": "2026补充"
   },
   "geometry": {
    "type": "Point",
    "coordinates": [
     111.29568921100008,
     30.766921271000058
    ]
   }
  },
  {
   "type": "Feature",
   "properties": {
    "类型": "消防安全",
    "问题描述": "存在楼道安全隐患的住宅数量（栋）",
    "来源": "2026补充"
   },
   "geometry": {
    "type": "Point",
    "coordinates": [
     111.29500500000006,
     30.765802446000066
    ]
   }
  },
  {
   "type": "Feature",
   "properties": {
    "类型": "消防安全",
    "问题描述": "存在楼道安全隐患的住宅数量（栋）",
    "来源": "2026补充"
   },
   "geometry": {
    "type": "Point",
    "coordinates": [
     111.29449087600005,
     30.76635866600003
    ]
   }
  },
  {
   "type": "Feature",
   "properties": {
    "类型": "消防安全",
    "问题描述": "存在楼道安全隐患的住宅数量（栋）",
    "来源": "2026补充"
   },
   "geometry": {
    "type": "Point",
    "coordinates": [
     111.29436407200006,
     30.76829108000004
    ]
   }
  },
  {
   "type": "Feature",
   "properties": {
    "类型": "消防安全",
    "问题描述": "存在楼道安全隐患的住宅数量（栋）",
    "来源": "2026补充"
   },
   "geometry": {
    "type": "Point",
    "coordinates": [
     111.33070989100008,
     30.783879566000053
    ]
   }
  },
  {
   "type": "Feature",
   "properties": {
    "类型": "消防安全",
    "问题描述": "存在楼道安全隐患的住宅数量（栋）",
    "来源": "2026补充"
   },
   "geometry": {
    "type": "Point",
    "coordinates": [
     111.32792386800008,
     30.779594388000078
    ]
   }
  },
  {
   "type": "Feature",
   "properties": {
    "类型": "消防安全",
    "问题描述": "存在楼道安全隐患的住宅数量（栋）",
    "来源": "2026补充"
   },
   "geometry": {
    "type": "Point",
    "coordinates": [
     111.32784053600005,
     30.77923940200003
    ]
   }
  },
  {
   "type": "Feature",
   "properties": {
    "类型": "消防安全",
    "问题描述": "存在楼道安全隐患的住宅数量（栋）",
    "来源": "2026补充"
   },
   "geometry": {
    "type": "Point",
    "coordinates": [
     111.29762950800006,
     30.773079341000027
    ]
   }
  },
  {
   "type": "Feature",
   "properties": {
    "类型": "消防安全",
    "问题描述": "存在楼道安全隐患的住宅数量（栋）",
    "来源": "2026补充"
   },
   "geometry": {
    "type": "Point",
    "coordinates": [
     111.29841765200007,
     30.772555082000054
    ]
   }
  },
  {
   "type": "Feature",
   "properties": {
    "类型": "消防安全",
    "问题描述": "存在楼道安全隐患的住宅数量（栋）",
    "来源": "2026补充"
   },
   "geometry": {
    "type": "Point",
    "coordinates": [
     111.29795401400008,
     30.773001470000054
    ]
   }
  },
  {
   "type": "Feature",
   "properties": {
    "类型": "消防安全",
    "问题描述": "存在楼道安全隐患的住宅数量（栋）",
    "来源": "2026补充"
   },
   "geometry": {
    "type": "Point",
    "coordinates": [
     111.29785043500004,
     30.771485718000065
    ]
   }
  },
  {
   "type": "Feature",
   "properties": {
    "类型": "消防安全",
    "问题描述": "存在楼道安全隐患的住宅数量（栋）",
    "来源": "2026补充"
   },
   "geometry": {
    "type": "Point",
    "coordinates": [
     111.30122575800004,
     30.77008433800006
    ]
   }
  },
  {
   "type": "Feature",
   "properties": {
    "类型": "消防安全",
    "问题描述": "存在楼道安全隐患的住宅数量（栋）",
    "来源": "2026补充"
   },
   "geometry": {
    "type": "Point",
    "coordinates": [
     111.30175930100006,
     30.77078018700007
    ]
   }
  },
  {
   "type": "Feature",
   "properties": {
    "类型": "消防安全",
    "问题描述": "存在楼道安全隐患的住宅数量（栋）",
    "来源": "2026补充"
   },
   "geometry": {
    "type": "Point",
    "coordinates": [
     111.30247636000007,
     30.770514331000072
    ]
   }
  },
  {
   "type": "Feature",
   "properties": {
    "类型": "消防安全",
    "问题描述": "存在楼道安全隐患的住宅数量（栋）",
    "来源": "2026补充"
   },
   "geometry": {
    "type": "Point",
    "coordinates": [
     111.30268412600009,
     30.76977215000005
    ]
   }
  },
  {
   "type": "Feature",
   "properties": {
    "类型": "消防安全",
    "问题描述": "存在楼道安全隐患的住宅数量（栋）",
    "来源": "2026补充"
   },
   "geometry": {
    "type": "Point",
    "coordinates": [
     111.30241864400006,
     30.769890558000043
    ]
   }
  },
  {
   "type": "Feature",
   "properties": {
    "类型": "消防安全",
    "问题描述": "存在楼道安全隐患的住宅数量（栋）",
    "来源": "2026补充"
   },
   "geometry": {
    "type": "Point",
    "coordinates": [
     111.30260711600005,
     30.770198766000078
    ]
   }
  },
  {
   "type": "Feature",
   "properties": {
    "类型": "消防安全",
    "问题描述": "存在楼道安全隐患的住宅数量（栋）",
    "来源": "2026补充"
   },
   "geometry": {
    "type": "Point",
    "coordinates": [
     111.30191732700007,
     30.76794466000007
    ]
   }
  },
  {
   "type": "Feature",
   "properties": {
    "类型": "消防安全",
    "问题描述": "存在楼道安全隐患的住宅数量（栋）",
    "来源": "2026补充"
   },
   "geometry": {
    "type": "Point",
    "coordinates": [
     111.29985392500004,
     30.768822752000062
    ]
   }
  },
  {
   "type": "Feature",
   "properties": {
    "类型": "消防安全",
    "问题描述": "存在楼道安全隐患的住宅数量（栋）",
    "来源": "2026补充"
   },
   "geometry": {
    "type": "Point",
    "coordinates": [
     111.29826112300009,
     30.768158028000073
    ]
   }
  },
  {
   "type": "Feature",
   "properties": {
    "类型": "消防安全",
    "问题描述": "存在楼道安全隐患的住宅数量（栋）",
    "来源": "2026补充"
   },
   "geometry": {
    "type": "Point",
    "coordinates": [
     111.33710340500005,
     30.753033393000067
    ]
   }
  },
  {
   "type": "Feature",
   "properties": {
    "类型": "消防安全",
    "问题描述": "存在楼道安全隐患的住宅数量（栋）",
    "来源": "2026补充"
   },
   "geometry": {
    "type": "Point",
    "coordinates": [
     111.33784927300007,
     30.752890404000027
    ]
   }
  },
  {
   "type": "Feature",
   "properties": {
    "类型": "消防安全",
    "问题描述": "存在楼道安全隐患的住宅数量（栋）",
    "来源": "2026补充"
   },
   "geometry": {
    "type": "Point",
    "coordinates": [
     111.33855498000008,
     30.752796722000028
    ]
   }
  },
  {
   "type": "Feature",
   "properties": {
    "类型": "消防安全",
    "问题描述": "存在楼道安全隐患的住宅数量（栋）",
    "来源": "2026补充"
   },
   "geometry": {
    "type": "Point",
    "coordinates": [
     111.33695996800009,
     30.752436783000064
    ]
   }
  },
  {
   "type": "Feature",
   "properties": {
    "类型": "消防安全",
    "问题描述": "存在楼道安全隐患的住宅数量（栋）",
    "来源": "2026补充"
   },
   "geometry": {
    "type": "Point",
    "coordinates": [
     111.33965251200004,
     30.748176718000025
    ]
   }
  },
  {
   "type": "Feature",
   "properties": {
    "类型": "消防安全",
    "问题描述": "存在楼道安全隐患的住宅数量（栋）",
    "来源": "2026补充"
   },
   "geometry": {
    "type": "Point",
    "coordinates": [
     111.34070001600008,
     30.749506396000072
    ]
   }
  },
  {
   "type": "Feature",
   "properties": {
    "类型": "消防安全",
    "问题描述": "存在楼道安全隐患的住宅数量（栋）",
    "来源": "2026补充"
   },
   "geometry": {
    "type": "Point",
    "coordinates": [
     111.33969896400004,
     30.745818127000064
    ]
   }
  },
  {
   "type": "Feature",
   "properties": {
    "类型": "消防安全",
    "问题描述": "存在楼道安全隐患的住宅数量（栋）",
    "来源": "2026补充"
   },
   "geometry": {
    "type": "Point",
    "coordinates": [
     111.34139980700007,
     30.74614811300006
    ]
   }
  },
  {
   "type": "Feature",
   "properties": {
    "类型": "消防安全",
    "问题描述": "存在楼道安全隐患的住宅数量（栋）",
    "来源": "2026补充"
   },
   "geometry": {
    "type": "Point",
    "coordinates": [
     111.33951995400008,
     30.75044015700007
    ]
   }
  },
  {
   "type": "Feature",
   "properties": {
    "类型": "消防安全",
    "问题描述": "存在楼道安全隐患的住宅数量（栋）",
    "来源": "2026补充"
   },
   "geometry": {
    "type": "Point",
    "coordinates": [
     111.44999093900009,
     30.555987925000068
    ]
   }
  },
  {
   "type": "Feature",
   "properties": {
    "类型": "消防安全",
    "问题描述": "存在楼道安全隐患的住宅数量（栋）",
    "来源": "2026补充"
   },
   "geometry": {
    "type": "Point",
    "coordinates": [
     111.44959190500003,
     30.55569814300003
    ]
   }
  },
  {
   "type": "Feature",
   "properties": {
    "类型": "消防安全",
    "问题描述": "存在楼道安全隐患的住宅数量（栋）",
    "来源": "2026补充"
   },
   "geometry": {
    "type": "Point",
    "coordinates": [
     111.45123651900008,
     30.557305357000075
    ]
   }
  },
  {
   "type": "Feature",
   "properties": {
    "类型": "消防安全",
    "问题描述": "存在楼道安全隐患的住宅数量（栋）",
    "来源": "2026补充"
   },
   "geometry": {
    "type": "Point",
    "coordinates": [
     111.44955568100005,
     30.556198051000024
    ]
   }
  },
  {
   "type": "Feature",
   "properties": {
    "类型": "消防安全",
    "问题描述": "存在楼道安全隐患的住宅数量（栋）",
    "来源": "2026补充"
   },
   "geometry": {
    "type": "Point",
    "coordinates": [
     111.44887301800009,
     30.557005600000025
    ]
   }
  },
  {
   "type": "Feature",
   "properties": {
    "类型": "消防安全",
    "问题描述": "存在楼道安全隐患的住宅数量（栋）",
    "来源": "2026补充"
   },
   "geometry": {
    "type": "Point",
    "coordinates": [
     111.44931622500008,
     30.55726362100006
    ]
   }
  },
  {
   "type": "Feature",
   "properties": {
    "类型": "消防安全",
    "问题描述": "存在楼道安全隐患的住宅数量（栋）",
    "来源": "2026补充"
   },
   "geometry": {
    "type": "Point",
    "coordinates": [
     111.44929952700005,
     30.55647746300008
    ]
   }
  },
  {
   "type": "Feature",
   "properties": {
    "类型": "消防安全",
    "问题描述": "存在楼道安全隐患的住宅数量（栋）",
    "来源": "2026补充"
   },
   "geometry": {
    "type": "Point",
    "coordinates": [
     111.44908974900005,
     30.556744940000044
    ]
   }
  },
  {
   "type": "Feature",
   "properties": {
    "类型": "消防安全",
    "问题描述": "存在楼道安全隐患的住宅数量（栋）",
    "来源": "2026补充"
   },
   "geometry": {
    "type": "Point",
    "coordinates": [
     111.45165719500005,
     30.55764559200003
    ]
   }
  },
  {
   "type": "Feature",
   "properties": {
    "类型": "消防安全",
    "问题描述": "存在楼道安全隐患的住宅数量（栋）",
    "来源": "2026补充"
   },
   "geometry": {
    "type": "Point",
    "coordinates": [
     111.43506083900007,
     30.543888854000045
    ]
   }
  },
  {
   "type": "Feature",
   "properties": {
    "类型": "消防安全",
    "问题描述": "存在楼道安全隐患的住宅数量（栋）",
    "来源": "2026补充"
   },
   "geometry": {
    "type": "Point",
    "coordinates": [
     111.43785335500007,
     30.54614164700007
    ]
   }
  },
  {
   "type": "Feature",
   "properties": {
    "类型": "消防安全",
    "问题描述": "存在楼道安全隐患的住宅数量（栋）",
    "来源": "2026补充"
   },
   "geometry": {
    "type": "Point",
    "coordinates": [
     111.42655799200008,
     30.524547940000048
    ]
   }
  },
  {
   "type": "Feature",
   "properties": {
    "类型": "消防安全",
    "问题描述": "存在楼道安全隐患的住宅数量（栋）",
    "来源": "2026补充"
   },
   "geometry": {
    "type": "Point",
    "coordinates": [
     111.30245938700006,
     30.770723046000057
    ]
   }
  },
  {
   "type": "Feature",
   "properties": {
    "类型": "消防安全",
    "问题描述": "存在楼道安全隐患的住宅数量（栋）",
    "来源": "2026补充"
   },
   "geometry": {
    "type": "Point",
    "coordinates": [
     111.34008998700006,
     30.748164141000075
    ]
   }
  },
  {
   "type": "Feature",
   "properties": {
    "类型": "消防安全",
    "问题描述": "存在楼道安全隐患的住宅数量（栋）",
    "来源": "2026补充"
   },
   "geometry": {
    "type": "Point",
    "coordinates": [
     111.34009622600007,
     30.745807201000048
    ]
   }
  },
  {
   "type": "Feature",
   "properties": {
    "类型": "消防安全",
    "问题描述": "存在楼道安全隐患的住宅数量（栋）",
    "来源": "2026补充"
   },
   "geometry": {
    "type": "Point",
    "coordinates": [
     111.33990089500008,
     30.750435211000024
    ]
   }
  },
  {
   "type": "Feature",
   "properties": {
    "类型": "消防安全",
    "问题描述": "存在楼道安全隐患的住宅数量（栋）",
    "来源": "2026补充"
   },
   "geometry": {
    "type": "Point",
    "coordinates": [
     111.34130769100005,
     30.746610159000056
    ]
   }
  },
  {
   "type": "Feature",
   "properties": {
    "类型": "消防安全",
    "问题描述": "存在楼道安全隐患的住宅数量（栋）",
    "来源": "2026补充"
   },
   "geometry": {
    "type": "Point",
    "coordinates": [
     111.34124522600007,
     30.74705305300006
    ]
   }
  },
  {
   "type": "Feature",
   "properties": {
    "类型": "消防安全",
    "问题描述": "存在楼道安全隐患的住宅数量（栋）",
    "来源": "2026补充"
   },
   "geometry": {
    "type": "Point",
    "coordinates": [
     111.34108906500006,
     30.748026072000073
    ]
   }
  },
  {
   "type": "Feature",
   "properties": {
    "类型": "消防安全",
    "问题描述": "存在楼道安全隐患的住宅数量（栋）",
    "来源": "2026补充"
   },
   "geometry": {
    "type": "Point",
    "coordinates": [
     111.33923574400006,
     30.748821658000054
    ]
   }
  },
  {
   "type": "Feature",
   "properties": {
    "类型": "消防安全",
    "问题描述": "存在楼道安全隐患的住宅数量（栋）",
    "来源": "2026补充"
   },
   "geometry": {
    "type": "Point",
    "coordinates": [
     111.33967049600005,
     30.748804479000057
    ]
   }
  },
  {
   "type": "Feature",
   "properties": {
    "类型": "消防安全",
    "问题描述": "存在楼道安全隐患的住宅数量（栋）",
    "来源": "2026补充"
   },
   "geometry": {
    "type": "Point",
    "coordinates": [
     111.34076893500009,
     30.749978789000068
    ]
   }
  },
  {
   "type": "Feature",
   "properties": {
    "类型": "消防安全",
    "问题描述": "存在楼道安全隐患的住宅数量（栋）",
    "来源": "2026补充"
   },
   "geometry": {
    "type": "Point",
    "coordinates": [
     111.33948560100004,
     30.74667431200004
    ]
   }
  },
  {
   "type": "Feature",
   "properties": {
    "类型": "消防安全",
    "问题描述": "存在楼道安全隐患的住宅数量（栋）",
    "来源": "2026补充"
   },
   "geometry": {
    "type": "Point",
    "coordinates": [
     111.33941710400006,
     30.74729686200004
    ]
   }
  },
  {
   "type": "Feature",
   "properties": {
    "类型": "消防安全",
    "问题描述": "存在楼道安全隐患的住宅数量（栋）",
    "来源": "2026补充"
   },
   "geometry": {
    "type": "Point",
    "coordinates": [
     111.33906504800007,
     30.747256402000062
    ]
   }
  },
  {
   "type": "Feature",
   "properties": {
    "类型": "消防安全",
    "问题描述": "存在楼道安全隐患的住宅数量（栋）",
    "来源": "2026补充"
   },
   "geometry": {
    "type": "Point",
    "coordinates": [
     111.34058175400008,
     30.746978461000026
    ]
   }
  },
  {
   "type": "Feature",
   "properties": {
    "类型": "消防安全",
    "问题描述": "存在楼道安全隐患的住宅数量（栋）",
    "来源": "2026补充"
   },
   "geometry": {
    "type": "Point",
    "coordinates": [
     111.34019899600008,
     30.746892264000053
    ]
   }
  },
  {
   "type": "Feature",
   "properties": {
    "类型": "消防安全",
    "问题描述": "存在楼道安全隐患的住宅数量（栋）",
    "来源": "2026补充"
   },
   "geometry": {
    "type": "Point",
    "coordinates": [
     111.34105471000004,
     30.74563927400004
    ]
   }
  },
  {
   "type": "Feature",
   "properties": {
    "类型": "消防安全",
    "问题描述": "存在楼道安全隐患的住宅数量（栋）",
    "来源": "2026补充"
   },
   "geometry": {
    "type": "Point",
    "coordinates": [
     111.34150445400007,
     30.745592031000058
    ]
   }
  },
  {
   "type": "Feature",
   "properties": {
    "类型": "消防安全",
    "问题描述": "存在楼道安全隐患的住宅数量（栋）",
    "来源": "2026补充"
   },
   "geometry": {
    "type": "Point",
    "coordinates": [
     111.34088752000008,
     30.749068281000064
    ]
   }
  },
  {
   "type": "Feature",
   "properties": {
    "类型": "消防安全",
    "问题描述": "存在楼道安全隐患的住宅数量（栋）",
    "来源": "2026补充"
   },
   "geometry": {
    "type": "Point",
    "coordinates": [
     111.34068987800003,
     30.75045354200006
    ]
   }
  },
  {
   "type": "Feature",
   "properties": {
    "类型": "消防安全",
    "问题描述": "存在楼道安全隐患的住宅数量（栋）",
    "来源": "2026补充"
   },
   "geometry": {
    "type": "Point",
    "coordinates": [
     111.33953477300008,
     30.749845841000024
    ]
   }
  },
  {
   "type": "Feature",
   "properties": {
    "类型": "消防安全",
    "问题描述": "存在楼道安全隐患的住宅数量（栋）",
    "来源": "2026补充"
   },
   "geometry": {
    "type": "Point",
    "coordinates": [
     111.34052583500005,
     30.75108306800007
    ]
   }
  },
  {
   "type": "Feature",
   "properties": {
    "类型": "消防安全",
    "问题描述": "存在楼道安全隐患的住宅数量（栋）",
    "来源": "2026补充"
   },
   "geometry": {
    "type": "Point",
    "coordinates": [
     111.33987400100006,
     30.754961884000068
    ]
   }
  },
  {
   "type": "Feature",
   "properties": {
    "类型": "消防安全",
    "问题描述": "存在楼道安全隐患的住宅数量（栋）",
    "来源": "2026补充"
   },
   "geometry": {
    "type": "Point",
    "coordinates": [
     111.33928206500008,
     30.75300887000003
    ]
   }
  },
  {
   "type": "Feature",
   "properties": {
    "类型": "消防安全",
    "问题描述": "存在楼道安全隐患的住宅数量（栋）",
    "来源": "2026补充"
   },
   "geometry": {
    "type": "Point",
    "coordinates": [
     111.33876852600008,
     30.754979105000075
    ]
   }
  },
  {
   "type": "Feature",
   "properties": {
    "类型": "消防安全",
    "问题描述": "存在楼道安全隐患的住宅数量（栋）",
    "来源": "2026补充"
   },
   "geometry": {
    "type": "Point",
    "coordinates": [
     111.33924330800005,
     30.752757549000023
    ]
   }
  },
  {
   "type": "Feature",
   "properties": {
    "类型": "消防安全",
    "问题描述": "存在楼道安全隐患的住宅数量（栋）",
    "来源": "2026补充"
   },
   "geometry": {
    "type": "Point",
    "coordinates": [
     111.33947233000004,
     30.754410805000077
    ]
   }
  },
  {
   "type": "Feature",
   "properties": {
    "类型": "消防安全",
    "问题描述": "存在楼道安全隐患的住宅数量（栋）",
    "来源": "2026补充"
   },
   "geometry": {
    "type": "Point",
    "coordinates": [
     111.34043422500008,
     30.754368414000055
    ]
   }
  },
  {
   "type": "Feature",
   "properties": {
    "类型": "消防安全",
    "问题描述": "存在楼道安全隐患的住宅数量（栋）",
    "来源": "2026补充"
   },
   "geometry": {
    "type": "Point",
    "coordinates": [
     111.33907418300004,
     30.75398689600007
    ]
   }
  },
  {
   "type": "Feature",
   "properties": {
    "类型": "消防安全",
    "问题描述": "存在楼道安全隐患的住宅数量（栋）",
    "来源": "2026补充"
   },
   "geometry": {
    "type": "Point",
    "coordinates": [
     111.33955618800007,
     30.751114075000032
    ]
   }
  },
  {
   "type": "Feature",
   "properties": {
    "类型": "消防安全",
    "问题描述": "存在楼道安全隐患的住宅数量（栋）",
    "来源": "2026补充"
   },
   "geometry": {
    "type": "Point",
    "coordinates": [
     111.34051174100006,
     30.752881695000042
    ]
   }
  },
  {
   "type": "Feature",
   "properties": {
    "类型": "消防安全",
    "问题描述": "存在楼道安全隐患的住宅数量（栋）",
    "来源": "2026补充"
   },
   "geometry": {
    "type": "Point",
    "coordinates": [
     111.34068593900008,
     30.755687487000046
    ]
   }
  },
  {
   "type": "Feature",
   "properties": {
    "类型": "消防安全",
    "问题描述": "存在楼道安全隐患的住宅数量（栋）",
    "来源": "2026补充"
   },
   "geometry": {
    "type": "Point",
    "coordinates": [
     111.34017631100005,
     30.75604792400003
    ]
   }
  },
  {
   "type": "Feature",
   "properties": {
    "类型": "消防安全",
    "问题描述": "存在楼道安全隐患的住宅数量（栋）",
    "来源": "2026补充"
   },
   "geometry": {
    "type": "Point",
    "coordinates": [
     111.33972080200004,
     30.752540383000053
    ]
   }
  },
  {
   "type": "Feature",
   "properties": {
    "类型": "消防安全",
    "问题描述": "存在楼道安全隐患的住宅数量（栋）",
    "来源": "2026补充"
   },
   "geometry": {
    "type": "Point",
    "coordinates": [
     111.34038828000007,
     30.752484183000036
    ]
   }
  },
  {
   "type": "Feature",
   "properties": {
    "类型": "消防安全",
    "问题描述": "存在楼道安全隐患的住宅数量（栋）",
    "来源": "2026补充"
   },
   "geometry": {
    "type": "Point",
    "coordinates": [
     111.33981461000008,
     30.753010827000026
    ]
   }
  },
  {
   "type": "Feature",
   "properties": {
    "类型": "消防安全",
    "问题描述": "存在楼道安全隐患的住宅数量（栋）",
    "来源": "2026补充"
   },
   "geometry": {
    "type": "Point",
    "coordinates": [
     111.33864784900004,
     30.755431207000072
    ]
   }
  },
  {
   "type": "Feature",
   "properties": {
    "类型": "消防安全",
    "问题描述": "存在楼道安全隐患的住宅数量（栋）",
    "来源": "2026补充"
   },
   "geometry": {
    "type": "Point",
    "coordinates": [
     111.33966964200005,
     30.753874862000032
    ]
   }
  },
  {
   "type": "Feature",
   "properties": {
    "类型": "消防安全",
    "问题描述": "存在楼道安全隐患的住宅数量（栋）",
    "来源": "2026补充"
   },
   "geometry": {
    "type": "Point",
    "coordinates": [
     111.33886277800008,
     30.754450168000062
    ]
   }
  },
  {
   "type": "Feature",
   "properties": {
    "类型": "消防安全",
    "问题描述": "存在楼道安全隐患的住宅数量（栋）",
    "来源": "2026补充"
   },
   "geometry": {
    "type": "Point",
    "coordinates": [
     111.33968725900007,
     30.756312317000038
    ]
   }
  },
  {
   "type": "Feature",
   "properties": {
    "类型": "消防安全",
    "问题描述": "存在楼道安全隐患的住宅数量（栋）",
    "来源": "2026补充"
   },
   "geometry": {
    "type": "Point",
    "coordinates": [
     111.34068438900005,
     30.75480746100004
    ]
   }
  },
  {
   "type": "Feature",
   "properties": {
    "类型": "消防安全",
    "问题描述": "存在楼道安全隐患的住宅数量（栋）",
    "来源": "2026补充"
   },
   "geometry": {
    "type": "Point",
    "coordinates": [
     111.33914112800005,
     30.753735577000043
    ]
   }
  },
  {
   "type": "Feature",
   "properties": {
    "类型": "消防安全",
    "问题描述": "存在楼道安全隐患的住宅数量（栋）",
    "来源": "2026补充"
   },
   "geometry": {
    "type": "Point",
    "coordinates": [
     111.33976477500005,
     30.753638683000077
    ]
   }
  },
  {
   "type": "Feature",
   "properties": {
    "类型": "消防安全",
    "问题描述": "存在楼道安全隐患的住宅数量（栋）",
    "来源": "2026补充"
   },
   "geometry": {
    "type": "Point",
    "coordinates": [
     111.34051922800006,
     30.75207417200005
    ]
   }
  },
  {
   "type": "Feature",
   "properties": {
    "类型": "消防安全",
    "问题描述": "存在楼道安全隐患的住宅数量（栋）",
    "来源": "2026补充"
   },
   "geometry": {
    "type": "Point",
    "coordinates": [
     111.33907682600005,
     30.75179502900005
    ]
   }
  },
  {
   "type": "Feature",
   "properties": {
    "类型": "消防安全",
    "问题描述": "存在楼道安全隐患的住宅数量（栋）",
    "来源": "2026补充"
   },
   "geometry": {
    "type": "Point",
    "coordinates": [
     111.33937010600005,
     30.75530526600005
    ]
   }
  },
  {
   "type": "Feature",
   "properties": {
    "类型": "消防安全",
    "问题描述": "存在楼道安全隐患的住宅数量（栋）",
    "来源": "2026补充"
   },
   "geometry": {
    "type": "Point",
    "coordinates": [
     111.33894734000006,
     30.754226344000074
    ]
   }
  },
  {
   "type": "Feature",
   "properties": {
    "类型": "消防安全",
    "问题描述": "存在楼道安全隐患的住宅数量（栋）",
    "来源": "2026补充"
   },
   "geometry": {
    "type": "Point",
    "coordinates": [
     111.33913901400007,
     30.752280703000054
    ]
   }
  },
  {
   "type": "Feature",
   "properties": {
    "类型": "消防安全",
    "问题描述": "存在楼道安全隐患的住宅数量（栋）",
    "来源": "2026补充"
   },
   "geometry": {
    "type": "Point",
    "coordinates": [
     111.33972368900004,
     30.751883431000067
    ]
   }
  },
  {
   "type": "Feature",
   "properties": {
    "类型": "消防安全",
    "问题描述": "存在楼道安全隐患的住宅数量（栋）",
    "来源": "2026补充"
   },
   "geometry": {
    "type": "Point",
    "coordinates": [
     111.34054697500005,
     30.75161902600007
    ]
   }
  },
  {
   "type": "Feature",
   "properties": {
    "类型": "消防安全",
    "问题描述": "存在楼道安全隐患的住宅数量（栋）",
    "来源": "2026补充"
   },
   "geometry": {
    "type": "Point",
    "coordinates": [
     111.33920215400008,
     30.752524879000077
    ]
   }
  },
  {
   "type": "Feature",
   "properties": {
    "类型": "消防安全",
    "问题描述": "存在楼道安全隐患的住宅数量（栋）",
    "来源": "2026补充"
   },
   "geometry": {
    "type": "Point",
    "coordinates": [
     111.34068819400005,
     30.755257285000027
    ]
   }
  },
  {
   "type": "Feature",
   "properties": {
    "类型": "消防安全",
    "问题描述": "存在楼道安全隐患的住宅数量（栋）",
    "来源": "2026补充"
   },
   "geometry": {
    "type": "Point",
    "coordinates": [
     111.33935549400007,
     30.754759257000046
    ]
   }
  },
  {
   "type": "Feature",
   "properties": {
    "类型": "消防安全",
    "问题描述": "存在楼道安全隐患的住宅数量（栋）",
    "来源": "2026补充"
   },
   "geometry": {
    "type": "Point",
    "coordinates": [
     111.34055754500008,
     30.753723465000064
    ]
   }
  },
  {
   "type": "Feature",
   "properties": {
    "类型": "消防安全",
    "问题描述": "存在楼道安全隐患的住宅数量（栋）",
    "来源": "2026补充"
   },
   "geometry": {
    "type": "Point",
    "coordinates": [
     111.33921159700009,
     30.753487286000052
    ]
   }
  },
  {
   "type": "Feature",
   "properties": {
    "类型": "消防安全",
    "问题描述": "存在楼道安全隐患的住宅数量（栋）",
    "来源": "2026补充"
   },
   "geometry": {
    "type": "Point",
    "coordinates": [
     111.33978239200007,
     30.75276360500004
    ]
   }
  },
  {
   "type": "Feature",
   "properties": {
    "类型": "消防安全",
    "问题描述": "存在楼道安全隐患的住宅数量（栋）",
    "来源": "2026补充"
   },
   "geometry": {
    "type": "Point",
    "coordinates": [
     111.33958155700009,
     30.75414737600005
    ]
   }
  },
  {
   "type": "Feature",
   "properties": {
    "类型": "消防安全",
    "问题描述": "存在楼道安全隐患的住宅数量（栋）",
    "来源": "2026补充"
   },
   "geometry": {
    "type": "Point",
    "coordinates": [
     111.33876017600005,
     30.75468755600008
    ]
   }
  },
  {
   "type": "Feature",
   "properties": {
    "类型": "消防安全",
    "问题描述": "存在楼道安全隐患的住宅数量（栋）",
    "来源": "2026补充"
   },
   "geometry": {
    "type": "Point",
    "coordinates": [
     111.33908579600006,
     30.751343913000028
    ]
   }
  },
  {
   "type": "Feature",
   "properties": {
    "类型": "消防安全",
    "问题描述": "存在楼道安全隐患的住宅数量（栋）",
    "来源": "2026补充"
   },
   "geometry": {
    "type": "Point",
    "coordinates": [
     111.33909165900008,
     30.755819260000067
    ]
   }
  },
  {
   "type": "Feature",
   "properties": {
    "类型": "消防安全",
    "问题描述": "存在楼道安全隐患的住宅数量（栋）",
    "来源": "2026补充"
   },
   "geometry": {
    "type": "Point",
    "coordinates": [
     111.34862196200004,
     30.75545913700006
    ]
   }
  },
  {
   "type": "Feature",
   "properties": {
    "类型": "消防安全",
    "问题描述": "存在楼道安全隐患的住宅数量（栋）",
    "来源": "2026补充"
   },
   "geometry": {
    "type": "Point",
    "coordinates": [
     111.34877441200007,
     30.755605038000056
    ]
   }
  },
  {
   "type": "Feature",
   "properties": {
    "类型": "消防安全",
    "问题描述": "存在楼道安全隐患的住宅数量（栋）",
    "来源": "2026补充"
   },
   "geometry": {
    "type": "Point",
    "coordinates": [
     111.34165483200007,
     30.75677967200005
    ]
   }
  },
  {
   "type": "Feature",
   "properties": {
    "类型": "消防安全",
    "问题描述": "存在楼道安全隐患的住宅数量（栋）",
    "来源": "2026补充"
   },
   "geometry": {
    "type": "Point",
    "coordinates": [
     111.33556472700008,
     30.78027614800004
    ]
   }
  },
  {
   "type": "Feature",
   "properties": {
    "类型": "消防安全",
    "问题描述": "存在楼道安全隐患的住宅数量（栋）",
    "来源": "2026补充"
   },
   "geometry": {
    "type": "Point",
    "coordinates": [
     111.33591381300005,
     30.779741212000033
    ]
   }
  },
  {
   "type": "Feature",
   "properties": {
    "类型": "消防安全",
    "问题描述": "存在楼道安全隐患的住宅数量（栋）",
    "来源": "2026补充"
   },
   "geometry": {
    "type": "Point",
    "coordinates": [
     111.33853636300006,
     30.788263525000048
    ]
   }
  },
  {
   "type": "Feature",
   "properties": {
    "类型": "消防安全",
    "问题描述": "存在楼道安全隐患的住宅数量（栋）",
    "来源": "2026补充"
   },
   "geometry": {
    "type": "Point",
    "coordinates": [
     111.34989782000008,
     30.758706376000077
    ]
   }
  },
  {
   "type": "Feature",
   "properties": {
    "类型": "消防安全",
    "问题描述": "存在楼道安全隐患的住宅数量（栋）",
    "来源": "2026补充"
   },
   "geometry": {
    "type": "Point",
    "coordinates": [
     111.34967046500009,
     30.758716287000027
    ]
   }
  },
  {
   "type": "Feature",
   "properties": {
    "类型": "消防安全",
    "问题描述": "存在楼道安全隐患的住宅数量（栋）",
    "来源": "2026补充"
   },
   "geometry": {
    "type": "Point",
    "coordinates": [
     111.31371018800007,
     30.776713581000024
    ]
   }
  },
  {
   "type": "Feature",
   "properties": {
    "类型": "消防安全",
    "问题描述": "存在楼道安全隐患的住宅数量（栋）",
    "来源": "2026补充"
   },
   "geometry": {
    "type": "Point",
    "coordinates": [
     111.31294262200004,
     30.778042995000078
    ]
   }
  },
  {
   "type": "Feature",
   "properties": {
    "类型": "消防安全",
    "问题描述": "存在楼道安全隐患的住宅数量（栋）",
    "来源": "2026补充"
   },
   "geometry": {
    "type": "Point",
    "coordinates": [
     111.31316983100004,
     30.77778829400006
    ]
   }
  },
  {
   "type": "Feature",
   "properties": {
    "类型": "消防安全",
    "问题描述": "存在楼道安全隐患的住宅数量（栋）",
    "来源": "2026补充"
   },
   "geometry": {
    "type": "Point",
    "coordinates": [
     111.31406039700005,
     30.777872346000038
    ]
   }
  },
  {
   "type": "Feature",
   "properties": {
    "类型": "消防安全",
    "问题描述": "存在楼道安全隐患的住宅数量（栋）",
    "来源": "2026补充"
   },
   "geometry": {
    "type": "Point",
    "coordinates": [
     111.30938649700005,
     30.77809320800003
    ]
   }
  },
  {
   "type": "Feature",
   "properties": {
    "类型": "消防安全",
    "问题描述": "存在楼道安全隐患的住宅数量（栋）",
    "来源": "2026补充"
   },
   "geometry": {
    "type": "Point",
    "coordinates": [
     111.30742250100008,
     30.77647313400007
    ]
   }
  },
  {
   "type": "Feature",
   "properties": {
    "类型": "消防安全",
    "问题描述": "存在楼道安全隐患的住宅数量（栋）",
    "来源": "2026补充"
   },
   "geometry": {
    "type": "Point",
    "coordinates": [
     111.30698154800007,
     30.77647982900004
    ]
   }
  },
  {
   "type": "Feature",
   "properties": {
    "类型": "消防安全",
    "问题描述": "存在楼道安全隐患的住宅数量（栋）",
    "来源": "2026补充"
   },
   "geometry": {
    "type": "Point",
    "coordinates": [
     111.31642130200004,
     30.778943344000027
    ]
   }
  },
  {
   "type": "Feature",
   "properties": {
    "类型": "消防安全",
    "问题描述": "存在楼道安全隐患的住宅数量（栋）",
    "来源": "2026补充"
   },
   "geometry": {
    "type": "Point",
    "coordinates": [
     111.31614319800008,
     30.780311470000072
    ]
   }
  },
  {
   "type": "Feature",
   "properties": {
    "类型": "消防安全",
    "问题描述": "存在楼道安全隐患的住宅数量（栋）",
    "来源": "2026补充"
   },
   "geometry": {
    "type": "Point",
    "coordinates": [
     111.31589983700007,
     30.779243155000074
    ]
   }
  },
  {
   "type": "Feature",
   "properties": {
    "类型": "消防安全",
    "问题描述": "存在楼道安全隐患的住宅数量（栋）",
    "来源": "2026补充"
   },
   "geometry": {
    "type": "Point",
    "coordinates": [
     111.31585176000004,
     30.779507944000045
    ]
   }
  },
  {
   "type": "Feature",
   "properties": {
    "类型": "消防安全",
    "问题描述": "存在楼道安全隐患的住宅数量（栋）",
    "来源": "2026补充"
   },
   "geometry": {
    "type": "Point",
    "coordinates": [
     111.31570508800007,
     30.780218190000028
    ]
   }
  },
  {
   "type": "Feature",
   "properties": {
    "类型": "消防安全",
    "问题描述": "存在楼道安全隐患的住宅数量（栋）",
    "来源": "2026补充"
   },
   "geometry": {
    "type": "Point",
    "coordinates": [
     111.32019779000007,
     30.769362564000062
    ]
   }
  },
  {
   "type": "Feature",
   "properties": {
    "类型": "消防安全",
    "问题描述": "存在楼道安全隐患的住宅数量（栋）",
    "来源": "2026补充"
   },
   "geometry": {
    "type": "Point",
    "coordinates": [
     111.32345624000004,
     30.769674275000057
    ]
   }
  },
  {
   "type": "Feature",
   "properties": {
    "类型": "消防安全",
    "问题描述": "存在楼道安全隐患的住宅数量（栋）",
    "来源": "2026补充"
   },
   "geometry": {
    "type": "Point",
    "coordinates": [
     111.32381043300006,
     30.772537847000024
    ]
   }
  },
  {
   "type": "Feature",
   "properties": {
    "类型": "消防安全",
    "问题描述": "存在楼道安全隐患的住宅数量（栋）",
    "来源": "2026补充"
   },
   "geometry": {
    "type": "Point",
    "coordinates": [
     111.32369304800005,
     30.772401600000023
    ]
   }
  },
  {
   "type": "Feature",
   "properties": {
    "类型": "消防安全",
    "问题描述": "存在楼道安全隐患的住宅数量（栋）",
    "来源": "2026补充"
   },
   "geometry": {
    "type": "Point",
    "coordinates": [
     111.32448854600005,
     30.772916788000032
    ]
   }
  },
  {
   "type": "Feature",
   "properties": {
    "类型": "消防安全",
    "问题描述": "存在楼道安全隐患的住宅数量（栋）",
    "来源": "2026补充"
   },
   "geometry": {
    "type": "Point",
    "coordinates": [
     111.33359500700004,
     30.779455141000028
    ]
   }
  },
  {
   "type": "Feature",
   "properties": {
    "类型": "消防安全",
    "问题描述": "存在楼道安全隐患的住宅数量（栋）",
    "来源": "2026补充"
   },
   "geometry": {
    "type": "Point",
    "coordinates": [
     111.33302573500004,
     30.77965887700003
    ]
   }
  },
  {
   "type": "Feature",
   "properties": {
    "类型": "消防安全",
    "问题描述": "存在楼道安全隐患的住宅数量（栋）",
    "来源": "2026补充"
   },
   "geometry": {
    "type": "Point",
    "coordinates": [
     111.33292617900008,
     30.779487032000077
    ]
   }
  }
 ]
}