{"type": "FeatureCollection", "features": [{"type": "Feature", "geometry": {"type": "Point", "coordinates": [111.307679, 30.681681]}, "properties": {"办件编号": "20241231001351", "事件": "求助", "类9": "出行安全", "方面": "安全韧性", "geocode_status": "ok", "board": "安全韧性底线", "project_type": "交通设施", "社区": "港务社区", "村": null}}, {"type": "Feature", "geometry": {"type": "Point", "coordinates": [111.306724, 30.680978]}, "properties": {"办件编号": "20241231000422", "事件": "投诉", "类9": "管网安全", "方面": "安全韧性", "geocode_status": "ok", "board": "安全韧性底线", "project_type": "市政管网", "社区": "万达社区", "村": null}}, {"type": "Feature", "geometry": {"type": "Point", "coordinates": [111.375978, 30.623433]}, "properties": {"办件编号": "20241231000357", "事件": "求助", "类9": "出行安全", "方面": "安全韧性", "geocode_status": "ok", "board": "安全韧性底线", "project_type": "交通设施", "社区": null, "村": "共联村"}}, {"type": "Feature", "geometry": {"type": "Point", "coordinates": [111.284254, 30.703895]}, "properties": {"办件编号": "20241231000151", "事件": "求助", "类9": "管网安全", "方面": "安全韧性", "geocode_status": "ok", "board": "安全韧性底线", "project_type": "市政管网", "社区": "气象台社区", "村": null}}, {"type": "Feature", "geometry": {"type": "Point", "coordinates": [111.298685, 30.728735]}, "properties": {"办件编号": "20241230001311", "事件": "求助", "类9": "管网安全", "方面": "安全韧性", "geocode_status": "ok", "board": "安全韧性底线", "project_type": "市政管网", "社区": "大堰湾社区", "村": null}}, {"type": "Feature", "geometry": {"type": "Point", "coordinates": [111.333, 30.655]}, "properties": {"办件编号": "20241230001271", "事件": "求助", "类9": "管网安全", "方面": "安全韧性", "geocode_status": "region", "board": "安全韧性底线", "project_type": "市政管网", "社区": null, "村": null}}, {"type": "Feature", "geometry": {"type": "Point", "coordinates": [111.295118, 30.68185]}, "properties": {"办件编号": "20241230001188", "事件": "投诉", "类9": "出行安全", "方面": "安全韧性", "geocode_status": "ok", "board": "安全韧性底线", "project_type": "交通设施", "社区": null, "村": null}}, {"type": "Feature", "geometry": {"type": "Point", "coordinates": [111.307679, 30.681681]}, "properties": {"办件编号": "20241230000701", "事件": "求助", "类9": "管网安全", "方面": "安全韧性", "geocode_status": "ok", "board": "安全韧性底线", "project_type": "市政管网", "社区": "港务社区", "村": null}}, {"type": "Feature", "geometry": {"type": "Point", "coordinates": [111.333, 30.655]}, "properties": {"办件编号": "20241230000523", "事件": "求助", "类9": "管网安全", "方面": "安全韧性", "geocode_status": "region", "board": "安全韧性底线", "project_type": "市政管网", "社区": null, "村": null}}, {"type": "Feature", "geometry": {"type": "Point", "coordinates": [111.329624, 30.66463]}, "properties": {"办件编号": "20241230000304", "事件": "求助", "类9": "管网安全", "方面": "安全韧性", "geocode_status": "ok", "board": "安全韧性底线", "project_type": "市政管网", "社区": "艾家嘴社区", "村": null}}, {"type": "Feature", "geometry": {"type": "Point", "coordinates": [111.327478, 30.743253]}, "properties": {"办件编号": "20241230000093", "事件": "投诉", "类9": "管网安全", "方面": "安全韧性", "geocode_status": "ok", "board": "安全韧性底线", "project_type": "市政管网", "社区": "金斗山社区", "村": null}}, {"type": "Feature", "geometry": {"type": "Point", "coordinates": [111.360882, 30.644048]}, "properties": {"办件编号": "20241229000842", "事件": "投诉", "类9": "消防安全", "方面": "安全韧性", "geocode_status": "ok", "board": "安全韧性底线", "project_type": "安全消防", "社区": null, "村": "共勤村"}}, {"type": "Feature", "geometry": {"type": "Point", "coordinates": [111.354355, 30.673084]}, "properties": {"办件编号": "20241229000488", "事件": "投诉", "类9": "管网安全", "方面": "安全韧性", "geocode_status": "ok", "board": "安全韧性底线", "project_type": "市政管网", "社区": "张家湾社区", "村": null}}, {"type": "Feature", "geometry": {"type": "Point", "coordinates": [111.307679, 30.681681]}, "properties": {"办件编号": "20241229000160", "事件": "投诉", "类9": "管网安全", "方面": "安全韧性", "geocode_status": "ok", "board": "安全韧性底线", "project_type": "市政管网", "社区": "港务社区", "村": null}}, {"type": "Feature", "geometry": {"type": "Point", "coordinates": [111.327873, 30.74754]}, "properties": {"办件编号": "20241228000481", "事件": "投诉", "类9": "管网安全", "方面": "安全韧性", "geocode_status": "ok", "board": "安全韧性底线", "project_type": "市政管网", "社区": "金斗山社区", "村": null}}, {"type": "Feature", "geometry": {"type": "Point", "coordinates": [111.333, 30.655]}, "properties": {"办件编号": "20241227000560", "事件": "求助", "类9": "管网安全", "方面": "安全韧性", "geocode_status": "region", "board": "安全韧性底线", "project_type": "市政管网", "社区": null, "村": null}}, {"type": "Feature", "geometry": {"type": "Point", "coordinates": [111.333, 30.655]}, "properties": {"办件编号": "20241227000059", "事件": "求助", "类9": "出行安全", "方面": "安全韧性", "geocode_status": "region", "board": "安全韧性底线", "project_type": "交通设施", "社区": null, "村": null}}, {"type": "Feature", "geometry": {"type": "Point", "coordinates": [111.333572, 30.681932]}, "properties": {"办件编号": "20241226001343", "事件": "建议", "类9": "出行安全", "方面": "安全韧性", "geocode_status": "ok", "board": "安全韧性底线", "project_type": "交通设施", "社区": null, "村": "旭光村"}}, {"type": "Feature", "geometry": {"type": "Point", "coordinates": [111.315095, 30.716191]}, "properties": {"办件编号": "20241225001362", "事件": "求助", "类9": "管网安全", "方面": "安全韧性", "geocode_status": "ok", "board": "安全韧性底线", "project_type": "市政管网", "社区": "东山花园社区", "村": null}}, {"type": "Feature", "geometry": {"type": "Point", "coordinates": [111.319658, 30.730282]}, "properties": {"办件编号": "20241225000800", "事件": "投诉", "类9": "管网安全", "方面": "安全韧性", "geocode_status": "ok", "board": "安全韧性底线", "project_type": "市政管网", "社区": "黄河路社区", "村": null}}, {"type": "Feature", "geometry": {"type": "Point", "coordinates": [111.318885, 30.683201]}, "properties": {"办件编号": "20241225000646", "事件": "投诉", "类9": "管网安全", "方面": "安全韧性", "geocode_status": "ok", "board": "安全韧性底线", "project_type": "市政管网", "社区": "东星社区", "村": null}}, {"type": "Feature", "geometry": {"type": "Point", "coordinates": [111.287, 30.7]}, "properties": {"办件编号": "20241225000453", "事件": "求助", "类9": "出行安全", "方面": "安全韧性", "geocode_status": "region", "board": "安全韧性底线", "project_type": "交通设施", "社区": null, "村": null}}, {"type": "Feature", "geometry": {"type": "Point", "coordinates": [111.380082, 30.660195]}, "properties": {"办件编号": "20241225000126", "事件": "求助", "类9": "管网安全", "方面": "安全韧性", "geocode_status": "ok", "board": "安全韧性底线", "project_type": "市政管网", "社区": null, "村": "共和村"}}, {"type": "Feature", "geometry": {"type": "Point", "coordinates": [111.370163, 30.658286]}, "properties": {"办件编号": "20241225000043", "事件": "投诉", "类9": "管网安全", "方面": "安全韧性", "geocode_status": "ok", "board": "安全韧性底线", "project_type": "市政管网", "社区": null, "村": "共和村"}}, {"type": "Feature", "geometry": {"type": "Point", "coordinates": [111.295921, 30.73608]}, "properties": {"办件编号": "20241224001387", "事件": "投诉", "类9": "出行安全", "方面": "安全韧性", "geocode_status": "ok", "board": "安全韧性底线", "project_type": "交通设施", "社区": "望洲社区", "村": null}}, {"type": "Feature", "geometry": {"type": "Point", "coordinates": [111.287, 30.7]}, "properties": {"办件编号": "20241224000924", "事件": "求助", "类9": "管网安全", "方面": "安全韧性", "geocode_status": "region", "board": "安全韧性底线", "project_type": "市政管网", "社区": null, "村": null}}, {"type": "Feature", "geometry": {"type": "Point", "coordinates": [111.287, 30.7]}, "properties": {"办件编号": "20241224000696", "事件": "求助", "类9": "出行安全", "方面": "安全韧性", "geocode_status": "region", "board": "安全韧性底线", "project_type": "交通设施", "社区": null, "村": null}}, {"type": "Feature", "geometry": {"type": "Point", "coordinates": [111.333, 30.655]}, "properties": {"办件编号": "20241224000646", "事件": "求助", "类9": "管网安全", "方面": "安全韧性", "geocode_status": "region", "board": "安全韧性底线", "project_type": "市政管网", "社区": null, "村": null}}, {"type": "Feature", "geometry": {"type": "Point", "coordinates": [111.321284, 30.67413]}, "properties": {"办件编号": "20241224000356", "事件": "投诉", "类9": "管网安全", "方面": "安全韧性", "geocode_status": "ok", "board": "安全韧性底线", "project_type": "市政管网", "社区": null, "村": "汉宜村"}}, {"type": "Feature", "geometry": {"type": "Point", "coordinates": [111.333, 30.655]}, "properties": {"办件编号": "20241224000216", "事件": "求助", "类9": "管网安全", "方面": "安全韧性", "geocode_status": "region", "board": "安全韧性底线", "project_type": "市政管网", "社区": null, "村": null}}, {"type": "Feature", "geometry": {"type": "Point", "coordinates": [111.330773, 30.735559]}, "properties": {"办件编号": "20241224000141", "事件": "求助", "类9": "出行安全", "方面": "安全韧性", "geocode_status": "ok", "board": "安全韧性底线", "project_type": "交通设施", "社区": "金斗山社区", "村": null}}, {"type": "Feature", "geometry": {"type": "Point", "coordinates": [111.322377, 30.667704]}, "properties": {"办件编号": "20241224000097", "事件": "投诉", "类9": "管网安全", "方面": "安全韧性", "geocode_status": "ok", "board": "安全韧性底线", "project_type": "市政管网", "社区": "古塔社区", "村": null}}, {"type": "Feature", "geometry": {"type": "Point", "coordinates": [111.284254, 30.703895]}, "properties": {"办件编号": "20241223001310", "事件": "求助", "类9": "管网安全", "方面": "安全韧性", "geocode_status": "ok", "board": "安全韧性底线", "project_type": "市政管网", "社区": "气象台社区", "村": null}}, {"type": "Feature", "geometry": {"type": "Point", "coordinates": [111.3871, 30.653345]}, "properties": {"办件编号": "20241223001170", "事件": "投诉", "类9": "管网安全", "方面": "安全韧性", "geocode_status": "ok", "board": "安全韧性底线", "project_type": "市政管网", "社区": null, "村": "共和村"}}, {"type": "Feature", "geometry": {"type": "Point", "coordinates": [111.285696, 30.710765]}, "properties": {"办件编号": "20241223000960", "事件": "求助", "类9": "管网安全", "方面": "安全韧性", "geocode_status": "ok", "board": "安全韧性底线", "project_type": "市政管网", "社区": "翁家堰社区", "村": null}}, {"type": "Feature", "geometry": {"type": "Point", "coordinates": [111.287, 30.7]}, "properties": {"办件编号": "20241223000802", "事件": "求助", "类9": "管网安全", "方面": "安全韧性", "geocode_status": "region", "board": "安全韧性底线", "project_type": "市政管网", "社区": null, "村": null}}, {"type": "Feature", "geometry": {"type": "Point", "coordinates": [111.33517, 30.700267]}, "properties": {"办件编号": "20241223000580", "事件": "建议", "类9": "出行安全", "方面": "安全韧性", "geocode_status": "ok", "board": "安全韧性底线", "project_type": "交通设施", "社区": "大树湾社区", "村": null}}, {"type": "Feature", "geometry": {"type": "Point", "coordinates": [111.333, 30.655]}, "properties": {"办件编号": "20241223000502", "事件": "求助", "类9": "管网安全", "方面": "安全韧性", "geocode_status": "region", "board": "安全韧性底线", "project_type": "市政管网", "社区": null, "村": null}}, {"type": "Feature", "geometry": {"type": "Point", "coordinates": [111.333, 30.655]}, "properties": {"办件编号": "20241223000495", "事件": "求助", "类9": "管网安全", "方面": "安全韧性", "geocode_status": "region", "board": "安全韧性底线", "project_type": "市政管网", "社区": null, "村": null}}, {"type": "Feature", "geometry": {"type": "Point", "coordinates": [111.287, 30.7]}, "properties": {"办件编号": "20241220001446", "事件": "投诉", "类9": "出行安全", "方面": "安全韧性", "geocode_status": "region", "board": "安全韧性底线", "project_type": "交通设施", "社区": null, "村": null}}, {"type": "Feature", "geometry": {"type": "Point", "coordinates": [111.360882, 30.644048]}, "properties": {"办件编号": "20241220001410", "事件": "求助", "类9": "管网安全", "方面": "安全韧性", "geocode_status": "ok", "board": "安全韧性底线", "project_type": "市政管网", "社区": null, "村": "共勤村"}}, {"type": "Feature", "geometry": {"type": "Point", "coordinates": [111.38117, 30.64597]}, "properties": {"办件编号": "20241220001392", "事件": "投诉", "类9": "管网安全", "方面": "安全韧性", "geocode_status": "ok", "board": "安全韧性底线", "project_type": "市政管网", "社区": null, "村": "共谊村"}}, {"type": "Feature", "geometry": {"type": "Point", "coordinates": [111.308836, 30.68029]}, "properties": {"办件编号": "20241220001236", "事件": "投诉", "类9": "管网安全", "方面": "安全韧性", "geocode_status": "ok", "board": "安全韧性底线", "project_type": "市政管网", "社区": "港务社区", "村": null}}, {"type": "Feature", "geometry": {"type": "Point", "coordinates": [111.29301, 30.688575]}, "properties": {"办件编号": "20241220000122", "事件": "求助", "类9": "管网安全", "方面": "安全韧性", "geocode_status": "ok", "board": "安全韧性底线", "project_type": "市政管网", "社区": "胜利二路社区", "村": null}}, {"type": "Feature", "geometry": {"type": "Point", "coordinates": [111.304422, 30.686229]}, "properties": {"办件编号": "20241219000315", "事件": "投诉", "类9": "消防安全", "方面": "安全韧性", "geocode_status": "ok", "board": "安全韧性底线", "project_type": "安全消防", "社区": "港务社区", "村": null}}, {"type": "Feature", "geometry": {"type": "Point", "coordinates": [111.333, 30.655]}, "properties": {"办件编号": "20241218001330", "事件": "投诉", "类9": "管网安全", "方面": "安全韧性", "geocode_status": "region", "board": "安全韧性底线", "project_type": "市政管网", "社区": null, "村": null}}, {"type": "Feature", "geometry": {"type": "Point", "coordinates": [111.321284, 30.67413]}, "properties": {"办件编号": "20241218000868", "事件": "求助", "类9": "管网安全", "方面": "安全韧性", "geocode_status": "ok", "board": "安全韧性底线", "project_type": "市政管网", "社区": null, "村": "汉宜村"}}, {"type": "Feature", "geometry": {"type": "Point", "coordinates": [111.293992, 30.690554]}, "properties": {"办件编号": "20241218000414", "事件": "投诉", "类9": "管网安全", "方面": "安全韧性", "geocode_status": "ok", "board": "安全韧性底线", "project_type": "市政管网", "社区": "胜利二路社区", "村": null}}, {"type": "Feature", "geometry": {"type": "Point", "coordinates": [111.302139, 30.682961]}, "properties": {"办件编号": "20241218000534", "事件": "投诉", "类9": "管网安全", "方面": "安全韧性", "geocode_status": "ok", "board": "安全韧性底线", "project_type": "市政管网", "社区": "万达社区", "村": null}}, {"type": "Feature", "geometry": {"type": "Point", "coordinates": [111.30882, 30.684813]}, "properties": {"办件编号": "20241218000143", "事件": "投诉", "类9": "管网安全", "方面": "安全韧性", "geocode_status": "ok", "board": "安全韧性底线", "project_type": "市政管网", "社区": "建设社区", "村": null}}, {"type": "Feature", "geometry": {"type": "Point", "coordinates": [111.32704, 30.668507]}, "properties": {"办件编号": "20241218000119", "事件": "建议", "类9": "出行安全", "方面": "安全韧性", "geocode_status": "ok", "board": "安全韧性底线", "project_type": "交通设施", "社区": "韩家坝社区", "村": null}}, {"type": "Feature", "geometry": {"type": "Point", "coordinates": [111.308836, 30.68029]}, "properties": {"办件编号": "20241218000133", "事件": "求助", "类9": "消防安全", "方面": "安全韧性", "geocode_status": "ok", "board": "安全韧性底线", "project_type": "安全消防", "社区": "港务社区", "村": null}}, {"type": "Feature", "geometry": {"type": "Point", "coordinates": [111.335034, 30.665493]}, "properties": {"办件编号": "20241217001622", "事件": "投诉", "类9": "消防安全", "方面": "安全韧性", "geocode_status": "ok", "board": "安全韧性底线", "project_type": "安全消防", "社区": null, "村": "合益村"}}, {"type": "Feature", "geometry": {"type": "Point", "coordinates": [111.362821, 30.64987]}, "properties": {"办件编号": "20241217001060", "事件": "投诉", "类9": "管网安全", "方面": "安全韧性", "geocode_status": "ok", "board": "安全韧性底线", "project_type": "市政管网", "社区": null, "村": "共勤村"}}, {"type": "Feature", "geometry": {"type": "Point", "coordinates": [111.287, 30.7]}, "properties": {"办件编号": "20241217000954", "事件": "投诉", "类9": "出行安全", "方面": "安全韧性", "geocode_status": "region", "board": "安全韧性底线", "project_type": "交通设施", "社区": null, "村": null}}, {"type": "Feature", "geometry": {"type": "Point", "coordinates": [111.321284, 30.67413]}, "properties": {"办件编号": "20241217000845", "事件": "投诉", "类9": "出行安全", "方面": "安全韧性", "geocode_status": "ok", "board": "安全韧性底线", "project_type": "交通设施", "社区": null, "村": "汉宜村"}}, {"type": "Feature", "geometry": {"type": "Point", "coordinates": [111.29241, 30.709885]}, "properties": {"办件编号": "20241217000508", "事件": "投诉", "类9": "管网安全", "方面": "安全韧性", "geocode_status": "ok", "board": "安全韧性底线", "project_type": "市政管网", "社区": "绿萝路社区", "村": null}}, {"type": "Feature", "geometry": {"type": "Point", "coordinates": [111.282709, 30.705381]}, "properties": {"办件编号": "20241216000526", "事件": "求助", "类9": "管网安全", "方面": "安全韧性", "geocode_status": "ok", "board": "安全韧性底线", "project_type": "市政管网", "社区": "气象台社区", "村": null}}, {"type": "Feature", "geometry": {"type": "Point", "coordinates": [111.281122, 30.722704]}, "properties": {"办件编号": "20241216000440", "事件": "求助", "类9": "管网安全", "方面": "安全韧性", "geocode_status": "ok", "board": "安全韧性底线", "project_type": "市政管网", "社区": "东湖社区", "村": null}}, {"type": "Feature", "geometry": {"type": "Point", "coordinates": [111.333, 30.655]}, "properties": {"办件编号": "20241216000318", "事件": "求助", "类9": "管网安全", "方面": "安全韧性", "geocode_status": "region", "board": "安全韧性底线", "project_type": "市政管网", "社区": null, "村": null}}, {"type": "Feature", "geometry": {"type": "Point", "coordinates": [111.30882, 30.684813]}, "properties": {"办件编号": "20241216000113", "事件": "投诉", "类9": "管网安全", "方面": "安全韧性", "geocode_status": "ok", "board": "安全韧性底线", "project_type": "市政管网", "社区": "建设社区", "村": null}}, {"type": "Feature", "geometry": {"type": "Point", "coordinates": [111.369058, 30.658154]}, "properties": {"办件编号": "20241216000095", "事件": "投诉", "类9": "出行安全", "方面": "安全韧性", "geocode_status": "ok", "board": "安全韧性底线", "project_type": "交通设施", "社区": "花艳社区", "村": null}}, {"type": "Feature", "geometry": {"type": "Point", "coordinates": [111.333, 30.655]}, "properties": {"办件编号": "20241214000666", "事件": "求助", "类9": "管网安全", "方面": "安全韧性", "geocode_status": "region", "board": "安全韧性底线", "project_type": "市政管网", "社区": null, "村": null}}, {"type": "Feature", "geometry": {"type": "Point", "coordinates": [111.333, 30.655]}, "properties": {"办件编号": "20241214000048", "事件": "投诉", "类9": "出行安全", "方面": "安全韧性", "geocode_status": "region", "board": "安全韧性底线", "project_type": "交通设施", "社区": null, "村": null}}, {"type": "Feature", "geometry": {"type": "Point", "coordinates": [111.281897, 30.712345]}, "properties": {"办件编号": "20241213001221", "事件": "求助", "类9": "管网安全", "方面": "安全韧性", "geocode_status": "ok", "board": "安全韧性底线", "project_type": "市政管网", "社区": "石板溪社区", "村": null}}, {"type": "Feature", "geometry": {"type": "Point", "coordinates": [111.281897, 30.712345]}, "properties": {"办件编号": "20241213001210", "事件": "求助", "类9": "管网安全", "方面": "安全韧性", "geocode_status": "ok", "board": "安全韧性底线", "project_type": "市政管网", "社区": "石板溪社区", "村": null}}, {"type": "Feature", "geometry": {"type": "Point", "coordinates": [111.381106, 30.662966]}, "properties": {"办件编号": "20241213000927", "事件": "求助", "类9": "管网安全", "方面": "安全韧性", "geocode_status": "ok", "board": "安全韧性底线", "project_type": "市政管网", "社区": "三峡物流园社区", "村": null}}, {"type": "Feature", "geometry": {"type": "Point", "coordinates": [111.287, 30.7]}, "properties": {"办件编号": "20241213000849", "事件": "建议", "类9": "出行安全", "方面": "安全韧性", "geocode_status": "region", "board": "安全韧性底线", "project_type": "交通设施", "社区": null, "村": null}}, {"type": "Feature", "geometry": {"type": "Point", "coordinates": [111.287, 30.7]}, "properties": {"办件编号": "20241213000554", "事件": "求助", "类9": "管网安全", "方面": "安全韧性", "geocode_status": "region", "board": "安全韧性底线", "project_type": "市政管网", "社区": null, "村": null}}, {"type": "Feature", "geometry": {"type": "Point", "coordinates": [111.287, 30.7]}, "properties": {"办件编号": "20241213000444", "事件": "求助", "类9": "管网安全", "方面": "安全韧性", "geocode_status": "region", "board": "安全韧性底线", "project_type": "市政管网", "社区": null, "村": null}}, {"type": "Feature", "geometry": {"type": "Point", "coordinates": [111.333, 30.655]}, "properties": {"办件编号": "20241213000258", "事件": "求助", "类9": "出行安全", "方面": "安全韧性", "geocode_status": "region", "board": "安全韧性底线", "project_type": "交通设施", "社区": null, "村": null}}, {"type": "Feature", "geometry": {"type": "Point", "coordinates": [111.287, 30.7]}, "properties": {"办件编号": "20241213000206", "事件": "求助", "类9": "管网安全", "方面": "安全韧性", "geocode_status": "region", "board": "安全韧性底线", "project_type": "市政管网", "社区": null, "村": null}}, {"type": "Feature", "geometry": {"type": "Point", "coordinates": [111.293992, 30.690554]}, "properties": {"办件编号": "20241212001070", "事件": "投诉", "类9": "管网安全", "方面": "安全韧性", "geocode_status": "ok", "board": "安全韧性底线", "project_type": "市政管网", "社区": "胜利二路社区", "村": null}}, {"type": "Feature", "geometry": {"type": "Point", "coordinates": [111.304662, 30.688441]}, "properties": {"办件编号": "20241212000685", "事件": "投诉", "类9": "出行安全", "方面": "安全韧性", "geocode_status": "ok", "board": "安全韧性底线", "project_type": "交通设施", "社区": "体育场路社区", "村": null}}, {"type": "Feature", "geometry": {"type": "Point", "coordinates": [111.355256, 30.691889]}, "properties": {"办件编号": "20241212000524", "事件": "投诉", "类9": "出行安全", "方面": "安全韧性", "geocode_status": "ok", "board": "安全韧性底线", "project_type": "交通设施", "社区": null, "村": "旭光村"}}, {"type": "Feature", "geometry": {"type": "Point", "coordinates": [111.333, 30.655]}, "properties": {"办件编号": "20241212000456", "事件": "求助", "类9": "管网安全", "方面": "安全韧性", "geocode_status": "region", "board": "安全韧性底线", "project_type": "市政管网", "社区": null, "村": null}}, {"type": "Feature", "geometry": {"type": "Point", "coordinates": [111.299804, 30.720419]}, "properties": {"办件编号": "20241212000265", "事件": "求助", "类9": "出行安全", "方面": "安全韧性", "geocode_status": "ok", "board": "安全韧性底线", "project_type": "交通设施", "社区": "船柴社区", "村": null}}, {"type": "Feature", "geometry": {"type": "Point", "coordinates": [111.312706, 30.706882]}, "properties": {"办件编号": "20241212000086", "事件": "投诉", "类9": "管网安全", "方面": "安全韧性", "geocode_status": "ok", "board": "安全韧性底线", "project_type": "市政管网", "社区": "珠海路社区", "村": null}}, {"type": "Feature", "geometry": {"type": "Point", "coordinates": [111.292642, 30.691585]}, "properties": {"办件编号": "20241211000588", "事件": "投诉", "类9": "管网安全", "方面": "安全韧性", "geocode_status": "ok", "board": "安全韧性底线", "project_type": "市政管网", "社区": "胜利四路社区", "村": null}}, {"type": "Feature", "geometry": {"type": "Point", "coordinates": [111.333, 30.655]}, "properties": {"办件编号": "20241211000103", "事件": "求助", "类9": "管网安全", "方面": "安全韧性", "geocode_status": "region", "board": "安全韧性底线", "project_type": "市政管网", "社区": null, "村": null}}, {"type": "Feature", "geometry": {"type": "Point", "coordinates": [111.307679, 30.681681]}, "properties": {"办件编号": "20241210001194", "事件": "投诉", "类9": "消防安全", "方面": "安全韧性", "geocode_status": "ok", "board": "安全韧性底线", "project_type": "安全消防", "社区": "港务社区", "村": null}}, {"type": "Feature", "geometry": {"type": "Point", "coordinates": [111.360568, 30.668564]}, "properties": {"办件编号": "20241210000040", "事件": "投诉", "类9": "出行安全", "方面": "安全韧性", "geocode_status": "ok", "board": "安全韧性底线", "project_type": "交通设施", "社区": null, "村": "共强村"}}, {"type": "Feature", "geometry": {"type": "Point", "coordinates": [111.333916, 30.738087]}, "properties": {"办件编号": "20241210000047", "事件": "投诉", "类9": "出行安全", "方面": "安全韧性", "geocode_status": "ok", "board": "安全韧性底线", "project_type": "交通设施", "社区": "朝阳路社区", "村": null}}, {"type": "Feature", "geometry": {"type": "Point", "coordinates": [111.344527, 30.671033]}, "properties": {"办件编号": "20241209001667", "事件": "投诉", "类9": "出行安全", "方面": "安全韧性", "geocode_status": "ok", "board": "安全韧性底线", "project_type": "交通设施", "社区": "张家湾社区", "村": null}}, {"type": "Feature", "geometry": {"type": "Point", "coordinates": [111.335315, 30.736121]}, "properties": {"办件编号": "20241209001466", "事件": "求助", "类9": "管网安全", "方面": "安全韧性", "geocode_status": "ok", "board": "安全韧性底线", "project_type": "市政管网", "社区": "朝阳路社区", "村": null}}, {"type": "Feature", "geometry": {"type": "Point", "coordinates": [111.311513, 30.683483]}, "properties": {"办件编号": "20241209000544", "事件": "投诉", "类9": "管网安全", "方面": "安全韧性", "geocode_status": "ok", "board": "安全韧性底线", "project_type": "市政管网", "社区": "张家坡社区", "村": null}}, {"type": "Feature", "geometry": {"type": "Point", "coordinates": [111.313781, 30.678205]}, "properties": {"办件编号": "20241209000053", "事件": "投诉", "类9": "出行安全", "方面": "安全韧性", "geocode_status": "ok", "board": "安全韧性底线", "project_type": "交通设施", "社区": "张家坡社区", "村": null}}, {"type": "Feature", "geometry": {"type": "Point", "coordinates": [111.334403, 30.683043]}, "properties": {"办件编号": "20241208000513", "事件": "投诉", "类9": "消防安全", "方面": "安全韧性", "geocode_status": "ok", "board": "安全韧性底线", "project_type": "安全消防", "社区": "中南路社区", "村": null}}, {"type": "Feature", "geometry": {"type": "Point", "coordinates": [111.333, 30.655]}, "properties": {"办件编号": "20241208000183", "事件": "求助", "类9": "出行安全", "方面": "安全韧性", "geocode_status": "region", "board": "安全韧性底线", "project_type": "交通设施", "社区": null, "村": null}}, {"type": "Feature", "geometry": {"type": "Point", "coordinates": [111.304301, 30.684613]}, "properties": {"办件编号": "20241208000127", "事件": "投诉", "类9": "出行安全", "方面": "安全韧性", "geocode_status": "ok", "board": "安全韧性底线", "project_type": "交通设施", "社区": "港务社区", "村": null}}, {"type": "Feature", "geometry": {"type": "Point", "coordinates": [111.352498, 30.646461]}, "properties": {"办件编号": "20241206001432", "事件": "投诉", "类9": "出行安全", "方面": "安全韧性", "geocode_status": "ok", "board": "安全韧性底线", "project_type": "交通设施", "社区": "伍临路社区", "村": null}}, {"type": "Feature", "geometry": {"type": "Point", "coordinates": [111.347897, 30.682718]}, "properties": {"办件编号": "20241206001352", "事件": "投诉", "类9": "出行安全", "方面": "安全韧性", "geocode_status": "ok", "board": "安全韧性底线", "project_type": "交通设施", "社区": "枫香树社区", "村": null}}, {"type": "Feature", "geometry": {"type": "Point", "coordinates": [111.333, 30.655]}, "properties": {"办件编号": "20241206001240", "事件": "求助", "类9": "管网安全", "方面": "安全韧性", "geocode_status": "region", "board": "安全韧性底线", "project_type": "市政管网", "社区": null, "村": null}}, {"type": "Feature", "geometry": {"type": "Point", "coordinates": [111.281122, 30.722704]}, "properties": {"办件编号": "20241206000719", "事件": "求助", "类9": "管网安全", "方面": "安全韧性", "geocode_status": "ok", "board": "安全韧性底线", "project_type": "市政管网", "社区": "东湖社区", "村": null}}, {"type": "Feature", "geometry": {"type": "Point", "coordinates": [111.287, 30.7]}, "properties": {"办件编号": "20241206000115", "事件": "求助", "类9": "管网安全", "方面": "安全韧性", "geocode_status": "region", "board": "安全韧性底线", "project_type": "市政管网", "社区": null, "村": null}}, {"type": "Feature", "geometry": {"type": "Point", "coordinates": [111.370163, 30.658286]}, "properties": {"办件编号": "20241206000129", "事件": "求助", "类9": "出行安全", "方面": "安全韧性", "geocode_status": "ok", "board": "安全韧性底线", "project_type": "交通设施", "社区": null, "村": "共和村"}}, {"type": "Feature", "geometry": {"type": "Point", "coordinates": [111.333, 30.655]}, "properties": {"办件编号": "20241206000102", "事件": "求助", "类9": "出行安全", "方面": "安全韧性", "geocode_status": "region", "board": "安全韧性底线", "project_type": "交通设施", "社区": null, "村": null}}, {"type": "Feature", "geometry": {"type": "Point", "coordinates": [111.391729, 30.632777]}, "properties": {"办件编号": "20241205001524", "事件": "投诉", "类9": "出行安全", "方面": "安全韧性", "geocode_status": "ok", "board": "安全韧性底线", "project_type": "交通设施", "社区": null, "村": null}}, {"type": "Feature", "geometry": {"type": "Point", "coordinates": [111.281122, 30.722704]}, "properties": {"办件编号": "20241205000932", "事件": "求助", "类9": "管网安全", "方面": "安全韧性", "geocode_status": "ok", "board": "安全韧性底线", "project_type": "市政管网", "社区": "东湖社区", "村": null}}, {"type": "Feature", "geometry": {"type": "Point", "coordinates": [111.287, 30.7]}, "properties": {"办件编号": "20241205000530", "事件": "求助", "类9": "出行安全", "方面": "安全韧性", "geocode_status": "region", "board": "安全韧性底线", "project_type": "交通设施", "社区": null, "村": null}}, {"type": "Feature", "geometry": {"type": "Point", "coordinates": [111.287, 30.7]}, "properties": {"办件编号": "20241205000528", "事件": "求助", "类9": "管网安全", "方面": "安全韧性", "geocode_status": "region", "board": "安全韧性底线", "project_type": "市政管网", "社区": null, "村": null}}, {"type": "Feature", "geometry": {"type": "Point", "coordinates": [111.333, 30.655]}, "properties": {"办件编号": "20241205000473", "事件": "求助", "类9": "管网安全", "方面": "安全韧性", "geocode_status": "region", "board": "安全韧性底线", "project_type": "市政管网", "社区": null, "村": null}}, {"type": "Feature", "geometry": {"type": "Point", "coordinates": [111.333, 30.655]}, "properties": {"办件编号": "20241205000325", "事件": "求助", "类9": "管网安全", "方面": "安全韧性", "geocode_status": "region", "board": "安全韧性底线", "project_type": "市政管网", "社区": null, "村": null}}, {"type": "Feature", "geometry": {"type": "Point", "coordinates": [111.305546, 30.733833]}, "properties": {"办件编号": "20241205000217", "事件": "求助", "类9": "管网安全", "方面": "安全韧性", "geocode_status": "ok", "board": "安全韧性底线", "project_type": "市政管网", "社区": "黄河路社区", "村": null}}, {"type": "Feature", "geometry": {"type": "Point", "coordinates": [111.333, 30.655]}, "properties": {"办件编号": "20241205000139", "事件": "求助", "类9": "出行安全", "方面": "安全韧性", "geocode_status": "region", "board": "安全韧性底线", "project_type": "交通设施", "社区": null, "村": null}}, {"type": "Feature", "geometry": {"type": "Point", "coordinates": [111.287, 30.7]}, "properties": {"办件编号": "20241205000163", "事件": "建议", "类9": "出行安全", "方面": "安全韧性", "geocode_status": "region", "board": "安全韧性底线", "project_type": "交通设施", "社区": null, "村": null}}, {"type": "Feature", "geometry": {"type": "Point", "coordinates": [111.333, 30.655]}, "properties": {"办件编号": "20241204001277", "事件": "求助", "类9": "管网安全", "方面": "安全韧性", "geocode_status": "region", "board": "安全韧性底线", "project_type": "市政管网", "社区": null, "村": null}}, {"type": "Feature", "geometry": {"type": "Point", "coordinates": [111.353963, 30.641534]}, "properties": {"办件编号": "20241204000497", "事件": "投诉", "类9": "出行安全", "方面": "安全韧性", "geocode_status": "ok", "board": "安全韧性底线", "project_type": "交通设施", "社区": "伍临路社区", "村": null}}, {"type": "Feature", "geometry": {"type": "Point", "coordinates": [111.315095, 30.716191]}, "properties": {"办件编号": "20241204000235", "事件": "求助", "类9": "管网安全", "方面": "安全韧性", "geocode_status": "ok", "board": "安全韧性底线", "project_type": "市政管网", "社区": "东山花园社区", "村": null}}, {"type": "Feature", "geometry": {"type": "Point", "coordinates": [111.305, 30.69]}, "properties": {"办件编号": "20241204000137", "事件": "求助", "类9": "管网安全", "方面": "安全韧性", "geocode_status": "region", "board": "安全韧性底线", "project_type": "市政管网", "社区": null, "村": null}}, {"type": "Feature", "geometry": {"type": "Point", "coordinates": [111.321284, 30.67413]}, "properties": {"办件编号": "20241204000139", "事件": "求助", "类9": "出行安全", "方面": "安全韧性", "geocode_status": "ok", "board": "安全韧性底线", "project_type": "交通设施", "社区": null, "村": "汉宜村"}}, {"type": "Feature", "geometry": {"type": "Point", "coordinates": [111.287, 30.7]}, "properties": {"办件编号": "20241203001340", "事件": "求助", "类9": "管网安全", "方面": "安全韧性", "geocode_status": "region", "board": "安全韧性底线", "project_type": "市政管网", "社区": null, "村": null}}, {"type": "Feature", "geometry": {"type": "Point", "coordinates": [111.321284, 30.67413]}, "properties": {"办件编号": "20241203001192", "事件": "投诉", "类9": "出行安全", "方面": "安全韧性", "geocode_status": "ok", "board": "安全韧性底线", "project_type": "交通设施", "社区": null, "村": "汉宜村"}}, {"type": "Feature", "geometry": {"type": "Point", "coordinates": [111.333, 30.655]}, "properties": {"办件编号": "20241203000972", "事件": "投诉", "类9": "出行安全", "方面": "安全韧性", "geocode_status": "region", "board": "安全韧性底线", "project_type": "交通设施", "社区": null, "村": null}}, {"type": "Feature", "geometry": {"type": "Point", "coordinates": [111.353633, 30.652268]}, "properties": {"办件编号": "20241203000687", "事件": "投诉", "类9": "管网安全", "方面": "安全韧性", "geocode_status": "ok", "board": "安全韧性底线", "project_type": "市政管网", "社区": "桔城路社区", "村": null}}, {"type": "Feature", "geometry": {"type": "Point", "coordinates": [111.362125, 30.644836]}, "properties": {"办件编号": "20241203000528", "事件": "投诉", "类9": "管网安全", "方面": "安全韧性", "geocode_status": "ok", "board": "安全韧性底线", "project_type": "市政管网", "社区": null, "村": "共勤村"}}, {"type": "Feature", "geometry": {"type": "Point", "coordinates": [111.321284, 30.67413]}, "properties": {"办件编号": "20241203000477", "事件": "投诉", "类9": "出行安全", "方面": "安全韧性", "geocode_status": "ok", "board": "安全韧性底线", "project_type": "交通设施", "社区": null, "村": "汉宜村"}}, {"type": "Feature", "geometry": {"type": "Point", "coordinates": [111.333, 30.655]}, "properties": {"办件编号": "20241203000157", "事件": "求助", "类9": "管网安全", "方面": "安全韧性", "geocode_status": "region", "board": "安全韧性底线", "project_type": "市政管网", "社区": null, "村": null}}, {"type": "Feature", "geometry": {"type": "Point", "coordinates": [111.333, 30.655]}, "properties": {"办件编号": "20241203000154", "事件": "求助", "类9": "管网安全", "方面": "安全韧性", "geocode_status": "region", "board": "安全韧性底线", "project_type": "市政管网", "社区": null, "村": null}}, {"type": "Feature", "geometry": {"type": "Point", "coordinates": [111.333, 30.655]}, "properties": {"办件编号": "20241202001626", "事件": "投诉", "类9": "消防安全", "方面": "安全韧性", "geocode_status": "region", "board": "安全韧性底线", "project_type": "安全消防", "社区": null, "村": null}}, {"type": "Feature", "geometry": {"type": "Point", "coordinates": [111.2918, 30.71167]}, "properties": {"办件编号": "20241202001519", "事件": "投诉", "类9": "出行安全", "方面": "安全韧性", "geocode_status": "ok", "board": "安全韧性底线", "project_type": "交通设施", "社区": "营盘路社区", "村": null}}, {"type": "Feature", "geometry": {"type": "Point", "coordinates": [111.313127, 30.730384]}, "properties": {"办件编号": "20241202001474", "事件": "投诉", "类9": "管网安全", "方面": "安全韧性", "geocode_status": "ok", "board": "安全韧性底线", "project_type": "市政管网", "社区": "大学路社区", "村": null}}, {"type": "Feature", "geometry": {"type": "Point", "coordinates": [111.307802, 30.680933]}, "properties": {"办件编号": "20241202001027", "事件": "投诉", "类9": "消防安全", "方面": "安全韧性", "geocode_status": "ok", "board": "安全韧性底线", "project_type": "安全消防", "社区": "港务社区", "村": null}}, {"type": "Feature", "geometry": {"type": "Point", "coordinates": [111.321284, 30.67413]}, "properties": {"办件编号": "20241202000931", "事件": "投诉", "类9": "出行安全", "方面": "安全韧性", "geocode_status": "ok", "board": "安全韧性底线", "project_type": "交通设施", "社区": null, "村": "汉宜村"}}, {"type": "Feature", "geometry": {"type": "Point", "coordinates": [111.291474, 30.698916]}, "properties": {"办件编号": "20241202000552", "事件": "求助", "类9": "管网安全", "方面": "安全韧性", "geocode_status": "ok", "board": "安全韧性底线", "project_type": "市政管网", "社区": "果园路社区", "村": null}}, {"type": "Feature", "geometry": {"type": "Point", "coordinates": [111.2918, 30.71167]}, "properties": {"办件编号": "20241202000158", "事件": "投诉", "类9": "管网安全", "方面": "安全韧性", "geocode_status": "ok", "board": "安全韧性底线", "project_type": "市政管网", "社区": "营盘路社区", "村": null}}, {"type": "Feature", "geometry": {"type": "Point", "coordinates": [111.306724, 30.680978]}, "properties": {"办件编号": "20241201000798", "事件": "投诉", "类9": "消防安全", "方面": "安全韧性", "geocode_status": "ok", "board": "安全韧性底线", "project_type": "安全消防", "社区": "万达社区", "村": null}}, {"type": "Feature", "geometry": {"type": "Point", "coordinates": [111.325636, 30.667633]}, "properties": {"办件编号": "20241201000733", "事件": "投诉", "类9": "出行安全", "方面": "安全韧性", "geocode_status": "ok", "board": "安全韧性底线", "project_type": "交通设施", "社区": "韩家坝社区", "村": null}}, {"type": "Feature", "geometry": {"type": "Point", "coordinates": [111.31565, 30.7045]}, "properties": {"办件编号": "20241201000555", "事件": "投诉", "类9": "管网安全", "方面": "安全韧性", "geocode_status": "ok", "board": "安全韧性底线", "project_type": "市政管网", "社区": "珠海路社区", "村": null}}, {"type": "Feature", "geometry": {"type": "Point", "coordinates": [111.319368, 30.670576]}, "properties": {"办件编号": "20241201000448", "事件": "建议", "类9": "出行安全", "方面": "安全韧性", "geocode_status": "ok", "board": "安全韧性底线", "project_type": "交通设施", "社区": "宝联社区", "村": null}}, {"type": "Feature", "geometry": {"type": "Point", "coordinates": [111.321284, 30.67413]}, "properties": {"办件编号": "20241130000896", "事件": "投诉", "类9": "管网安全", "方面": "安全韧性", "geocode_status": "ok", "board": "安全韧性底线", "project_type": "市政管网", "社区": null, "村": "汉宜村"}}, {"type": "Feature", "geometry": {"type": "Point", "coordinates": [111.304995, 30.688954]}, "properties": {"办件编号": "20241130000754", "事件": "投诉", "类9": "管网安全", "方面": "安全韧性", "geocode_status": "ok", "board": "安全韧性底线", "project_type": "市政管网", "社区": "体育场路社区", "村": null}}, {"type": "Feature", "geometry": {"type": "Point", "coordinates": [111.293779, 30.702559]}, "properties": {"办件编号": "20241130000612", "事件": "投诉", "类9": "出行安全", "方面": "安全韧性", "geocode_status": "ok", "board": "安全韧性底线", "project_type": "交通设施", "社区": "山庄路社区", "村": null}}, {"type": "Feature", "geometry": {"type": "Point", "coordinates": [111.305055, 30.69362]}, "properties": {"办件编号": "20241130000385", "事件": "求助", "类9": "环境安全", "方面": "安全韧性", "geocode_status": "ok", "board": "安全韧性底线", "project_type": "环境治理", "社区": "体育场路社区", "村": null}}, {"type": "Feature", "geometry": {"type": "Point", "coordinates": [111.330249, 30.705617]}, "properties": {"办件编号": "20241129001350", "事件": "投诉", "类9": "管网安全", "方面": "安全韧性", "geocode_status": "ok", "board": "安全韧性底线", "project_type": "市政管网", "社区": "汕头路社区", "村": null}}, {"type": "Feature", "geometry": {"type": "Point", "coordinates": [111.333, 30.655]}, "properties": {"办件编号": "20241129001092", "事件": "求助", "类9": "管网安全", "方面": "安全韧性", "geocode_status": "region", "board": "安全韧性底线", "project_type": "市政管网", "社区": null, "村": null}}, {"type": "Feature", "geometry": {"type": "Point", "coordinates": [111.333, 30.655]}, "properties": {"办件编号": "20241129001079", "事件": "求助", "类9": "管网安全", "方面": "安全韧性", "geocode_status": "region", "board": "安全韧性底线", "project_type": "市政管网", "社区": null, "村": null}}, {"type": "Feature", "geometry": {"type": "Point", "coordinates": [111.333, 30.655]}, "properties": {"办件编号": "20241129001036", "事件": "投诉", "类9": "管网安全", "方面": "安全韧性", "geocode_status": "region", "board": "安全韧性底线", "project_type": "市政管网", "社区": null, "村": null}}, {"type": "Feature", "geometry": {"type": "Point", "coordinates": [111.306724, 30.680978]}, "properties": {"办件编号": "20241129000079", "事件": "投诉", "类9": "出行安全", "方面": "安全韧性", "geocode_status": "ok", "board": "安全韧性底线", "project_type": "交通设施", "社区": "万达社区", "村": null}}, {"type": "Feature", "geometry": {"type": "Point", "coordinates": [111.33961, 30.66113]}, "properties": {"办件编号": "20241129000057", "事件": "投诉", "类9": "管网安全", "方面": "安全韧性", "geocode_status": "ok", "board": "安全韧性底线", "project_type": "市政管网", "社区": null, "村": "火光村"}}, {"type": "Feature", "geometry": {"type": "Point", "coordinates": [111.306724, 30.680978]}, "properties": {"办件编号": "20241129000029", "事件": "投诉", "类9": "出行安全", "方面": "安全韧性", "geocode_status": "ok", "board": "安全韧性底线", "project_type": "交通设施", "社区": "万达社区", "村": null}}, {"type": "Feature", "geometry": {"type": "Point", "coordinates": [111.306724, 30.680978]}, "properties": {"办件编号": "20241128001317", "事件": "求助", "类9": "管网安全", "方面": "安全韧性", "geocode_status": "ok", "board": "安全韧性底线", "project_type": "市政管网", "社区": "万达社区", "村": null}}, {"type": "Feature", "geometry": {"type": "Point", "coordinates": [111.319368, 30.670576]}, "properties": {"办件编号": "20241128001312", "事件": "投诉", "类9": "管网安全", "方面": "安全韧性", "geocode_status": "ok", "board": "安全韧性底线", "project_type": "市政管网", "社区": "宝联社区", "村": null}}, {"type": "Feature", "geometry": {"type": "Point", "coordinates": [111.306724, 30.680978]}, "properties": {"办件编号": "20241128001314", "事件": "投诉", "类9": "管网安全", "方面": "安全韧性", "geocode_status": "ok", "board": "安全韧性底线", "project_type": "市政管网", "社区": "万达社区", "村": null}}, {"type": "Feature", "geometry": {"type": "Point", "coordinates": [111.306724, 30.680978]}, "properties": {"办件编号": "20241128001303", "事件": "投诉", "类9": "管网安全", "方面": "安全韧性", "geocode_status": "ok", "board": "安全韧性底线", "project_type": "市政管网", "社区": "万达社区", "村": null}}, {"type": "Feature", "geometry": {"type": "Point", "coordinates": [111.319368, 30.670576]}, "properties": {"办件编号": "20241128001288", "事件": "投诉", "类9": "管网安全", "方面": "安全韧性", "geocode_status": "ok", "board": "安全韧性底线", "project_type": "市政管网", "社区": "宝联社区", "村": null}}, {"type": "Feature", "geometry": {"type": "Point", "coordinates": [111.319368, 30.670576]}, "properties": {"办件编号": "20241128001236", "事件": "投诉", "类9": "管网安全", "方面": "安全韧性", "geocode_status": "ok", "board": "安全韧性底线", "project_type": "市政管网", "社区": "宝联社区", "村": null}}, {"type": "Feature", "geometry": {"type": "Point", "coordinates": [111.319368, 30.670576]}, "properties": {"办件编号": "20241128001230", "事件": "投诉", "类9": "管网安全", "方面": "安全韧性", "geocode_status": "ok", "board": "安全韧性底线", "project_type": "市政管网", "社区": "宝联社区", "村": null}}, {"type": "Feature", "geometry": {"type": "Point", "coordinates": [111.321284, 30.67413]}, "properties": {"办件编号": "20241128001282", "事件": "投诉", "类9": "出行安全", "方面": "安全韧性", "geocode_status": "ok", "board": "安全韧性底线", "project_type": "交通设施", "社区": null, "村": "汉宜村"}}, {"type": "Feature", "geometry": {"type": "Point", "coordinates": [111.321284, 30.67413]}, "properties": {"办件编号": "20241128000672", "事件": "投诉", "类9": "出行安全", "方面": "安全韧性", "geocode_status": "ok", "board": "安全韧性底线", "project_type": "交通设施", "社区": null, "村": "汉宜村"}}, {"type": "Feature", "geometry": {"type": "Point", "coordinates": [111.296895, 30.711691]}, "properties": {"办件编号": "20241128000224", "事件": "求助", "类9": "管网安全", "方面": "安全韧性", "geocode_status": "ok", "board": "安全韧性底线", "project_type": "市政管网", "社区": "土城路社区", "村": null}}, {"type": "Feature", "geometry": {"type": "Point", "coordinates": [111.354693, 30.664327]}, "properties": {"办件编号": "20241128000051", "事件": "投诉", "类9": "管网安全", "方面": "安全韧性", "geocode_status": "ok", "board": "安全韧性底线", "project_type": "市政管网", "社区": null, "村": "火光村"}}, {"type": "Feature", "geometry": {"type": "Point", "coordinates": [111.327478, 30.743253]}, "properties": {"办件编号": "20241127000512", "事件": "求助", "类9": "管网安全", "方面": "安全韧性", "geocode_status": "ok", "board": "安全韧性底线", "project_type": "市政管网", "社区": "金斗山社区", "村": null}}, {"type": "Feature", "geometry": {"type": "Point", "coordinates": [111.353963, 30.641534]}, "properties": {"办件编号": "20241127000400", "事件": "投诉", "类9": "出行安全", "方面": "安全韧性", "geocode_status": "ok", "board": "安全韧性底线", "project_type": "交通设施", "社区": "伍临路社区", "村": null}}, {"type": "Feature", "geometry": {"type": "Point", "coordinates": [111.310059, 30.720055]}, "properties": {"办件编号": "20241127000241", "事件": "投诉", "类9": "环境安全", "方面": "安全韧性", "geocode_status": "ok", "board": "安全韧性底线", "project_type": "环境治理", "社区": "大学路社区", "村": null}}, {"type": "Feature", "geometry": {"type": "Point", "coordinates": [111.362821, 30.64987]}, "properties": {"办件编号": "20241127000133", "事件": "投诉", "类9": "出行安全", "方面": "安全韧性", "geocode_status": "ok", "board": "安全韧性底线", "project_type": "交通设施", "社区": null, "村": "共勤村"}}, {"type": "Feature", "geometry": {"type": "Point", "coordinates": [111.333, 30.655]}, "properties": {"办件编号": "20241127000108", "事件": "求助", "类9": "出行安全", "方面": "安全韧性", "geocode_status": "region", "board": "安全韧性底线", "project_type": "交通设施", "社区": null, "村": null}}, {"type": "Feature", "geometry": {"type": "Point", "coordinates": [111.321284, 30.67413]}, "properties": {"办件编号": "20241126001204", "事件": "求助", "类9": "出行安全", "方面": "安全韧性", "geocode_status": "ok", "board": "安全韧性底线", "project_type": "交通设施", "社区": null, "村": "汉宜村"}}, {"type": "Feature", "geometry": {"type": "Point", "coordinates": [111.393046, 30.629154]}, "properties": {"办件编号": "20241126001050", "事件": "求助", "类9": "管网安全", "方面": "安全韧性", "geocode_status": "ok", "board": "安全韧性底线", "project_type": "市政管网", "社区": null, "村": null}}, {"type": "Feature", "geometry": {"type": "Point", "coordinates": [111.280748, 30.725597]}, "properties": {"办件编号": "20241126000926", "事件": "求助", "类9": "管网安全", "方面": "安全韧性", "geocode_status": "ok", "board": "安全韧性底线", "project_type": "市政管网", "社区": null, "村": null}}, {"type": "Feature", "geometry": {"type": "Point", "coordinates": [111.276781, 30.725703]}, "properties": {"办件编号": "20241126000924", "事件": "求助", "类9": "管网安全", "方面": "安全韧性", "geocode_status": "ok", "board": "安全韧性底线", "project_type": "市政管网", "社区": "幸福路社区", "村": null}}, {"type": "Feature", "geometry": {"type": "Point", "coordinates": [111.372573, 30.656068]}, "properties": {"办件编号": "20241126000828", "事件": "求助", "类9": "管网安全", "方面": "安全韧性", "geocode_status": "ok", "board": "安全韧性底线", "project_type": "市政管网", "社区": "花艳社区", "村": null}}, {"type": "Feature", "geometry": {"type": "Point", "coordinates": [111.333, 30.655]}, "properties": {"办件编号": "20241126000289", "事件": "求助", "类9": "管网安全", "方面": "安全韧性", "geocode_status": "region", "board": "安全韧性底线", "project_type": "市政管网", "社区": null, "村": null}}, {"type": "Feature", "geometry": {"type": "Point", "coordinates": [111.337322, 30.684943]}, "properties": {"办件编号": "20241126000172", "事件": "投诉", "类9": "管网安全", "方面": "安全韧性", "geocode_status": "ok", "board": "安全韧性底线", "project_type": "市政管网", "社区": null, "村": "旭光村"}}, {"type": "Feature", "geometry": {"type": "Point", "coordinates": [111.291474, 30.698916]}, "properties": {"办件编号": "20241125001345", "事件": "求助", "类9": "出行安全", "方面": "安全韧性", "geocode_status": "ok", "board": "安全韧性底线", "project_type": "交通设施", "社区": "果园路社区", "村": null}}, {"type": "Feature", "geometry": {"type": "Point", "coordinates": [111.333, 30.655]}, "properties": {"办件编号": "20241125001040", "事件": "求助", "类9": "出行安全", "方面": "安全韧性", "geocode_status": "region", "board": "安全韧性底线", "project_type": "交通设施", "社区": null, "村": null}}, {"type": "Feature", "geometry": {"type": "Point", "coordinates": [111.291251, 30.726303]}, "properties": {"办件编号": "20241125000928", "事件": "投诉", "类9": "管网安全", "方面": "安全韧性", "geocode_status": "ok", "board": "安全韧性底线", "project_type": "市政管网", "社区": "常家湾社区", "村": null}}, {"type": "Feature", "geometry": {"type": "Point", "coordinates": [111.305, 30.69]}, "properties": {"办件编号": "20241125000493", "事件": "投诉", "类9": "出行安全", "方面": "安全韧性", "geocode_status": "region", "board": "安全韧性底线", "project_type": "交通设施", "社区": null, "村": null}}, {"type": "Feature", "geometry": {"type": "Point", "coordinates": [111.281122, 30.722704]}, "properties": {"办件编号": "20241125000265", "事件": "求助", "类9": "管网安全", "方面": "安全韧性", "geocode_status": "ok", "board": "安全韧性底线", "project_type": "市政管网", "社区": "东湖社区", "村": null}}, {"type": "Feature", "geometry": {"type": "Point", "coordinates": [111.333, 30.655]}, "properties": {"办件编号": "20241125000219", "事件": "求助", "类9": "管网安全", "方面": "安全韧性", "geocode_status": "region", "board": "安全韧性底线", "project_type": "市政管网", "社区": null, "村": null}}, {"type": "Feature", "geometry": {"type": "Point", "coordinates": [111.329431, 30.666321]}, "properties": {"办件编号": "20241125000091", "事件": "建议", "类9": "出行安全", "方面": "安全韧性", "geocode_status": "ok", "board": "安全韧性底线", "project_type": "交通设施", "社区": null, "村": "汉宜村"}}, {"type": "Feature", "geometry": {"type": "Point", "coordinates": [111.286263, 30.693799]}, "properties": {"办件编号": "20241125000074", "事件": "求助", "类9": "出行安全", "方面": "安全韧性", "geocode_status": "ok", "board": "安全韧性底线", "project_type": "交通设施", "社区": "小林园社区", "村": null}}, {"type": "Feature", "geometry": {"type": "Point", "coordinates": [111.327478, 30.743253]}, "properties": {"办件编号": "20241124000754", "事件": "投诉", "类9": "管网安全", "方面": "安全韧性", "geocode_status": "ok", "board": "安全韧性底线", "project_type": "市政管网", "社区": "金斗山社区", "村": null}}, {"type": "Feature", "geometry": {"type": "Point", "coordinates": [111.279443, 30.70974]}, "properties": {"办件编号": "20241124000743", "事件": "投诉", "类9": "出行安全", "方面": "安全韧性", "geocode_status": "ok", "board": "安全韧性底线", "project_type": "交通设施", "社区": "东门外正街社区", "村": null}}, {"type": "Feature", "geometry": {"type": "Point", "coordinates": [111.287, 30.7]}, "properties": {"办件编号": "20241124000637", "事件": "投诉", "类9": "管网安全", "方面": "安全韧性", "geocode_status": "region", "board": "安全韧性底线", "project_type": "市政管网", "社区": null, "村": null}}, {"type": "Feature", "geometry": {"type": "Point", "coordinates": [111.306724, 30.680978]}, "properties": {"办件编号": "20241123000644", "事件": "投诉", "类9": "出行安全", "方面": "安全韧性", "geocode_status": "ok", "board": "安全韧性底线", "project_type": "交通设施", "社区": "万达社区", "村": null}}, {"type": "Feature", "geometry": {"type": "Point", "coordinates": [111.333916, 30.738087]}, "properties": {"办件编号": "20241123000511", "事件": "投诉", "类9": "出行安全", "方面": "安全韧性", "geocode_status": "ok", "board": "安全韧性底线", "project_type": "交通设施", "社区": "朝阳路社区", "村": null}}, {"type": "Feature", "geometry": {"type": "Point", "coordinates": [111.349078, 30.657798]}, "properties": {"办件编号": "20241123000457", "事件": "投诉", "类9": "消防安全", "方面": "安全韧性", "geocode_status": "ok", "board": "安全韧性底线", "project_type": "安全消防", "社区": null, "村": "火光村"}}, {"type": "Feature", "geometry": {"type": "Point", "coordinates": [111.287, 30.7]}, "properties": {"办件编号": "20241123000241", "事件": "投诉", "类9": "管网安全", "方面": "安全韧性", "geocode_status": "region", "board": "安全韧性底线", "project_type": "市政管网", "社区": null, "村": null}}, {"type": "Feature", "geometry": {"type": "Point", "coordinates": [111.290696, 30.716688]}, "properties": {"办件编号": "20241122001241", "事件": "投诉", "类9": "管网安全", "方面": "安全韧性", "geocode_status": "ok", "board": "安全韧性底线", "project_type": "市政管网", "社区": "刘家大堰社区", "村": null}}, {"type": "Feature", "geometry": {"type": "Point", "coordinates": [111.366118, 30.639949]}, "properties": {"办件编号": "20241122001174", "事件": "投诉", "类9": "出行安全", "方面": "安全韧性", "geocode_status": "ok", "board": "安全韧性底线", "project_type": "交通设施", "社区": "柏临河路社区", "村": null}}, {"type": "Feature", "geometry": {"type": "Point", "coordinates": [111.333, 30.655]}, "properties": {"办件编号": "20241122000857", "事件": "求助", "类9": "管网安全", "方面": "安全韧性", "geocode_status": "region", "board": "安全韧性底线", "project_type": "市政管网", "社区": null, "村": null}}, {"type": "Feature", "geometry": {"type": "Point", "coordinates": [111.361037, 30.630608]}, "properties": {"办件编号": "20241122000808", "事件": "投诉", "类9": "管网安全", "方面": "安全韧性", "geocode_status": "ok", "board": "安全韧性底线", "project_type": "市政管网", "社区": "临江溪社区", "村": null}}, {"type": "Feature", "geometry": {"type": "Point", "coordinates": [111.333, 30.655]}, "properties": {"办件编号": "20241122000516", "事件": "求助", "类9": "消防安全", "方面": "安全韧性", "geocode_status": "region", "board": "安全韧性底线", "project_type": "安全消防", "社区": null, "村": null}}, {"type": "Feature", "geometry": {"type": "Point", "coordinates": [111.307679, 30.681681]}, "properties": {"办件编号": "20241122000415", "事件": "求助", "类9": "管网安全", "方面": "安全韧性", "geocode_status": "ok", "board": "安全韧性底线", "project_type": "市政管网", "社区": "港务社区", "村": null}}, {"type": "Feature", "geometry": {"type": "Point", "coordinates": [111.287, 30.7]}, "properties": {"办件编号": "20241122000310", "事件": "求助", "类9": "管网安全", "方面": "安全韧性", "geocode_status": "region", "board": "安全韧性底线", "project_type": "市政管网", "社区": null, "村": null}}, {"type": "Feature", "geometry": {"type": "Point", "coordinates": [111.327696, 30.66758]}, "properties": {"办件编号": "20241122000251", "事件": "建议", "类9": "出行安全", "方面": "安全韧性", "geocode_status": "ok", "board": "安全韧性底线", "project_type": "交通设施", "社区": null, "村": "汉宜村"}}, {"type": "Feature", "geometry": {"type": "Point", "coordinates": [111.321284, 30.67413]}, "properties": {"办件编号": "20241122000119", "事件": "投诉", "类9": "管网安全", "方面": "安全韧性", "geocode_status": "ok", "board": "安全韧性底线", "project_type": "市政管网", "社区": null, "村": "汉宜村"}}, {"type": "Feature", "geometry": {"type": "Point", "coordinates": [111.347886, 30.646544]}, "properties": {"办件编号": "20241121001381", "事件": "投诉", "类9": "管网安全", "方面": "安全韧性", "geocode_status": "ok", "board": "安全韧性底线", "project_type": "市政管网", "社区": "白沙路社区", "村": null}}, {"type": "Feature", "geometry": {"type": "Point", "coordinates": [111.281122, 30.722704]}, "properties": {"办件编号": "20241121000476", "事件": "求助", "类9": "管网安全", "方面": "安全韧性", "geocode_status": "ok", "board": "安全韧性底线", "project_type": "市政管网", "社区": "东湖社区", "村": null}}, {"type": "Feature", "geometry": {"type": "Point", "coordinates": [111.321284, 30.67413]}, "properties": {"办件编号": "20241121000263", "事件": "求助", "类9": "管网安全", "方面": "安全韧性", "geocode_status": "ok", "board": "安全韧性底线", "project_type": "市政管网", "社区": null, "村": "汉宜村"}}, {"type": "Feature", "geometry": {"type": "Point", "coordinates": [111.334306, 30.721825]}, "properties": {"办件编号": "20241121000079", "事件": "投诉", "类9": "出行安全", "方面": "安全韧性", "geocode_status": "ok", "board": "安全韧性底线", "project_type": "交通设施", "社区": "朝阳路社区", "村": null}}, {"type": "Feature", "geometry": {"type": "Point", "coordinates": [111.305, 30.69]}, "properties": {"办件编号": "20241120001290", "事件": "投诉", "类9": "出行安全", "方面": "安全韧性", "geocode_status": "region", "board": "安全韧性底线", "project_type": "交通设施", "社区": null, "村": null}}, {"type": "Feature", "geometry": {"type": "Point", "coordinates": [111.307679, 30.681681]}, "properties": {"办件编号": "20241120000809", "事件": "求助", "类9": "管网安全", "方面": "安全韧性", "geocode_status": "ok", "board": "安全韧性底线", "project_type": "市政管网", "社区": "港务社区", "村": null}}, {"type": "Feature", "geometry": {"type": "Point", "coordinates": [111.333, 30.655]}, "properties": {"办件编号": "20241120000446", "事件": "求助", "类9": "出行安全", "方面": "安全韧性", "geocode_status": "region", "board": "安全韧性底线", "project_type": "交通设施", "社区": null, "村": null}}, {"type": "Feature", "geometry": {"type": "Point", "coordinates": [111.333, 30.655]}, "properties": {"办件编号": "20241120000107", "事件": "求助", "类9": "管网安全", "方面": "安全韧性", "geocode_status": "region", "board": "安全韧性底线", "project_type": "市政管网", "社区": null, "村": null}}, {"type": "Feature", "geometry": {"type": "Point", "coordinates": [111.333, 30.655]}, "properties": {"办件编号": "20241120000106", "事件": "求助", "类9": "管网安全", "方面": "安全韧性", "geocode_status": "region", "board": "安全韧性底线", "project_type": "市政管网", "社区": null, "村": null}}, {"type": "Feature", "geometry": {"type": "Point", "coordinates": [111.287, 30.7]}, "properties": {"办件编号": "20241119001007", "事件": "投诉", "类9": "出行安全", "方面": "安全韧性", "geocode_status": "region", "board": "安全韧性底线", "project_type": "交通设施", "社区": null, "村": null}}, {"type": "Feature", "geometry": {"type": "Point", "coordinates": [111.333, 30.655]}, "properties": {"办件编号": "20241119000696", "事件": "求助", "类9": "出行安全", "方面": "安全韧性", "geocode_status": "region", "board": "安全韧性底线", "project_type": "交通设施", "社区": null, "村": null}}, {"type": "Feature", "geometry": {"type": "Point", "coordinates": [111.333, 30.655]}, "properties": {"办件编号": "20241119000273", "事件": "求助", "类9": "出行安全", "方面": "安全韧性", "geocode_status": "region", "board": "安全韧性底线", "project_type": "交通设施", "社区": null, "村": null}}, {"type": "Feature", "geometry": {"type": "Point", "coordinates": [111.366447, 30.630224]}, "properties": {"办件编号": "20241119000052", "事件": "投诉", "类9": "出行安全", "方面": "安全韧性", "geocode_status": "ok", "board": "安全韧性底线", "project_type": "交通设施", "社区": "鑫鼎社区", "村": null}}, {"type": "Feature", "geometry": {"type": "Point", "coordinates": [111.287, 30.7]}, "properties": {"办件编号": "20241118000519", "事件": "投诉", "类9": "管网安全", "方面": "安全韧性", "geocode_status": "region", "board": "安全韧性底线", "project_type": "市政管网", "社区": null, "村": null}}, {"type": "Feature", "geometry": {"type": "Point", "coordinates": [111.397549, 30.646395]}, "properties": {"办件编号": "20241118000092", "事件": "投诉", "类9": "管网安全", "方面": "安全韧性", "geocode_status": "ok", "board": "安全韧性底线", "project_type": "市政管网", "社区": "花溪路社区", "村": null}}, {"type": "Feature", "geometry": {"type": "Point", "coordinates": [111.287, 30.7]}, "properties": {"办件编号": "20241117000286", "事件": "投诉", "类9": "出行安全", "方面": "安全韧性", "geocode_status": "region", "board": "安全韧性底线", "project_type": "交通设施", "社区": null, "村": null}}, {"type": "Feature", "geometry": {"type": "Point", "coordinates": [111.301235, 30.687121]}, "properties": {"办件编号": "20241116000187", "事件": "投诉", "类9": "管网安全", "方面": "安全韧性", "geocode_status": "ok", "board": "安全韧性底线", "project_type": "市政管网", "社区": "建设社区", "村": null}}, {"type": "Feature", "geometry": {"type": "Point", "coordinates": [111.332161, 30.678202]}, "properties": {"办件编号": "20241115001416", "事件": "投诉", "类9": "管网安全", "方面": "安全韧性", "geocode_status": "ok", "board": "安全韧性底线", "project_type": "市政管网", "社区": "岳湾路社区", "村": null}}, {"type": "Feature", "geometry": {"type": "Point", "coordinates": [111.306724, 30.680978]}, "properties": {"办件编号": "20241115001319", "事件": "投诉", "类9": "管网安全", "方面": "安全韧性", "geocode_status": "ok", "board": "安全韧性底线", "project_type": "市政管网", "社区": "万达社区", "村": null}}, {"type": "Feature", "geometry": {"type": "Point", "coordinates": [111.292642, 30.691585]}, "properties": {"办件编号": "20241115001164", "事件": "求助", "类9": "管网安全", "方面": "安全韧性", "geocode_status": "ok", "board": "安全韧性底线", "project_type": "市政管网", "社区": "胜利四路社区", "村": null}}, {"type": "Feature", "geometry": {"type": "Point", "coordinates": [111.334306, 30.721825]}, "properties": {"办件编号": "20241115000731", "事件": "投诉", "类9": "管网安全", "方面": "安全韧性", "geocode_status": "ok", "board": "安全韧性底线", "project_type": "市政管网", "社区": "朝阳路社区", "村": null}}, {"type": "Feature", "geometry": {"type": "Point", "coordinates": [111.334306, 30.721825]}, "properties": {"办件编号": "20241115000753", "事件": "求助", "类9": "管网安全", "方面": "安全韧性", "geocode_status": "ok", "board": "安全韧性底线", "project_type": "市政管网", "社区": "朝阳路社区", "村": null}}, {"type": "Feature", "geometry": {"type": "Point", "coordinates": [111.292562, 30.692424]}, "properties": {"办件编号": "20241115000463", "事件": "建议", "类9": "出行安全", "方面": "安全韧性", "geocode_status": "ok", "board": "安全韧性底线", "project_type": "交通设施", "社区": "胜利四路社区", "村": null}}, {"type": "Feature", "geometry": {"type": "Point", "coordinates": [111.30343, 30.690846]}, "properties": {"办件编号": "20241115000454", "事件": "求助", "类9": "管网安全", "方面": "安全韧性", "geocode_status": "ok", "board": "安全韧性底线", "project_type": "市政管网", "社区": "体育场路社区", "村": null}}, {"type": "Feature", "geometry": {"type": "Point", "coordinates": [111.333, 30.655]}, "properties": {"办件编号": "20241115000246", "事件": "求助", "类9": "出行安全", "方面": "安全韧性", "geocode_status": "region", "board": "安全韧性底线", "project_type": "交通设施", "社区": null, "村": null}}, {"type": "Feature", "geometry": {"type": "Point", "coordinates": [111.307679, 30.681681]}, "properties": {"办件编号": "20241115000209", "事件": "求助", "类9": "管网安全", "方面": "安全韧性", "geocode_status": "ok", "board": "安全韧性底线", "project_type": "市政管网", "社区": "港务社区", "村": null}}, {"type": "Feature", "geometry": {"type": "Point", "coordinates": [111.360882, 30.644048]}, "properties": {"办件编号": "20241114001470", "事件": "投诉", "类9": "出行安全", "方面": "安全韧性", "geocode_status": "ok", "board": "安全韧性底线", "project_type": "交通设施", "社区": null, "村": "共勤村"}}, {"type": "Feature", "geometry": {"type": "Point", "coordinates": [111.346804, 30.645241]}, "properties": {"办件编号": "20241114001378", "事件": "投诉", "类9": "消防安全", "方面": "安全韧性", "geocode_status": "ok", "board": "安全韧性底线", "project_type": "安全消防", "社区": "江山社区", "村": null}}, {"type": "Feature", "geometry": {"type": "Point", "coordinates": [111.287, 30.7]}, "properties": {"办件编号": "20241114000520", "事件": "求助", "类9": "出行安全", "方面": "安全韧性", "geocode_status": "region", "board": "安全韧性底线", "project_type": "交通设施", "社区": null, "村": null}}, {"type": "Feature", "geometry": {"type": "Point", "coordinates": [111.308249, 30.694457]}, "properties": {"办件编号": "20241114000474", "事件": "求助", "类9": "管网安全", "方面": "安全韧性", "geocode_status": "ok", "board": "安全韧性底线", "project_type": "市政管网", "社区": "体育场路社区", "村": null}}, {"type": "Feature", "geometry": {"type": "Point", "coordinates": [111.287, 30.7]}, "properties": {"办件编号": "20241114000117", "事件": "求助", "类9": "管网安全", "方面": "安全韧性", "geocode_status": "region", "board": "安全韧性底线", "project_type": "市政管网", "社区": null, "村": null}}, {"type": "Feature", "geometry": {"type": "Point", "coordinates": [111.287, 30.7]}, "properties": {"办件编号": "20241114000074", "事件": "求助", "类9": "出行安全", "方面": "安全韧性", "geocode_status": "region", "board": "安全韧性底线", "project_type": "交通设施", "社区": null, "村": null}}, {"type": "Feature", "geometry": {"type": "Point", "coordinates": [111.305, 30.69]}, "properties": {"办件编号": "20241113000453", "事件": "投诉", "类9": "管网安全", "方面": "安全韧性", "geocode_status": "region", "board": "安全韧性底线", "project_type": "市政管网", "社区": null, "村": null}}, {"type": "Feature", "geometry": {"type": "Point", "coordinates": [111.282709, 30.705381]}, "properties": {"办件编号": "20241113000445", "事件": "求助", "类9": "管网安全", "方面": "安全韧性", "geocode_status": "ok", "board": "安全韧性底线", "project_type": "市政管网", "社区": "气象台社区", "村": null}}, {"type": "Feature", "geometry": {"type": "Point", "coordinates": [111.313127, 30.730384]}, "properties": {"办件编号": "20241113000229", "事件": "求助", "类9": "出行安全", "方面": "安全韧性", "geocode_status": "ok", "board": "安全韧性底线", "project_type": "交通设施", "社区": "大学路社区", "村": null}}, {"type": "Feature", "geometry": {"type": "Point", "coordinates": [111.333, 30.655]}, "properties": {"办件编号": "20241113000128", "事件": "求助", "类9": "出行安全", "方面": "安全韧性", "geocode_status": "region", "board": "安全韧性底线", "project_type": "交通设施", "社区": null, "村": null}}, {"type": "Feature", "geometry": {"type": "Point", "coordinates": [111.333, 30.655]}, "properties": {"办件编号": "20241113000125", "事件": "求助", "类9": "出行安全", "方面": "安全韧性", "geocode_status": "region", "board": "安全韧性底线", "project_type": "交通设施", "社区": null, "村": null}}, {"type": "Feature", "geometry": {"type": "Point", "coordinates": [111.339788, 30.675593]}, "properties": {"办件编号": "20241112000069", "事件": "投诉", "类9": "管网安全", "方面": "安全韧性", "geocode_status": "ok", "board": "安全韧性底线", "project_type": "市政管网", "社区": "白家冲社区", "村": null}}, {"type": "Feature", "geometry": {"type": "Point", "coordinates": [111.319368, 30.670576]}, "properties": {"办件编号": "20241111000742", "事件": "投诉", "类9": "出行安全", "方面": "安全韧性", "geocode_status": "ok", "board": "安全韧性底线", "project_type": "交通设施", "社区": "宝联社区", "村": null}}, {"type": "Feature", "geometry": {"type": "Point", "coordinates": [111.334403, 30.683043]}, "properties": {"办件编号": "20241111000464", "事件": "求助", "类9": "出行安全", "方面": "安全韧性", "geocode_status": "ok", "board": "安全韧性底线", "project_type": "交通设施", "社区": "中南路社区", "村": null}}, {"type": "Feature", "geometry": {"type": "Point", "coordinates": [111.321284, 30.67413]}, "properties": {"办件编号": "20241111000425", "事件": "求助", "类9": "管网安全", "方面": "安全韧性", "geocode_status": "ok", "board": "安全韧性底线", "project_type": "市政管网", "社区": null, "村": "汉宜村"}}, {"type": "Feature", "geometry": {"type": "Point", "coordinates": [111.283839, 30.693358]}, "properties": {"办件编号": "20241111000329", "事件": "求助", "类9": "出行安全", "方面": "安全韧性", "geocode_status": "ok", "board": "安全韧性底线", "project_type": "交通设施", "社区": "二马路社区", "村": null}}, {"type": "Feature", "geometry": {"type": "Point", "coordinates": [111.328869, 30.678785]}, "properties": {"办件编号": "20241111000307", "事件": "投诉", "类9": "出行安全", "方面": "安全韧性", "geocode_status": "ok", "board": "安全韧性底线", "project_type": "交通设施", "社区": "胡家冲社区", "村": null}}, {"type": "Feature", "geometry": {"type": "Point", "coordinates": [111.328869, 30.678785]}, "properties": {"办件编号": "20241111000305", "事件": "求助", "类9": "管网安全", "方面": "安全韧性", "geocode_status": "ok", "board": "安全韧性底线", "project_type": "市政管网", "社区": "胡家冲社区", "村": null}}, {"type": "Feature", "geometry": {"type": "Point", "coordinates": [111.287, 30.7]}, "properties": {"办件编号": "20241111000131", "事件": "求助", "类9": "出行安全", "方面": "安全韧性", "geocode_status": "region", "board": "安全韧性底线", "project_type": "交通设施", "社区": null, "村": null}}, {"type": "Feature", "geometry": {"type": "Point", "coordinates": [111.333, 30.655]}, "properties": {"办件编号": "20241111000127", "事件": "求助", "类9": "管网安全", "方面": "安全韧性", "geocode_status": "region", "board": "安全韧性底线", "project_type": "市政管网", "社区": null, "村": null}}, {"type": "Feature", "geometry": {"type": "Point", "coordinates": [111.282294, 30.717226]}, "properties": {"办件编号": "20241110000753", "事件": "投诉", "类9": "出行安全", "方面": "安全韧性", "geocode_status": "ok", "board": "安全韧性底线", "project_type": "交通设施", "社区": "锦绣社区", "村": null}}, {"type": "Feature", "geometry": {"type": "Point", "coordinates": [111.360882, 30.644048]}, "properties": {"办件编号": "20241110000591", "事件": "求助", "类9": "管网安全", "方面": "安全韧性", "geocode_status": "ok", "board": "安全韧性底线", "project_type": "市政管网", "社区": null, "村": "共勤村"}}, {"type": "Feature", "geometry": {"type": "Point", "coordinates": [111.350705, 30.647586]}, "properties": {"办件编号": "20241110000549", "事件": "投诉", "类9": "管网安全", "方面": "安全韧性", "geocode_status": "ok", "board": "安全韧性底线", "project_type": "市政管网", "社区": "白沙路社区", "村": null}}, {"type": "Feature", "geometry": {"type": "Point", "coordinates": [111.321284, 30.67413]}, "properties": {"办件编号": "20241109000853", "事件": "投诉", "类9": "消防安全", "方面": "安全韧性", "geocode_status": "ok", "board": "安全韧性底线", "project_type": "安全消防", "社区": null, "村": "汉宜村"}}, {"type": "Feature", "geometry": {"type": "Point", "coordinates": [111.366364, 30.658199]}, "properties": {"办件编号": "20241109000834", "事件": "投诉", "类9": "出行安全", "方面": "安全韧性", "geocode_status": "ok", "board": "安全韧性底线", "project_type": "交通设施", "社区": "东站路社区", "村": null}}, {"type": "Feature", "geometry": {"type": "Point", "coordinates": [111.333, 30.655]}, "properties": {"办件编号": "20241109000526", "事件": "投诉", "类9": "消防安全", "方面": "安全韧性", "geocode_status": "region", "board": "安全韧性底线", "project_type": "安全消防", "社区": null, "村": null}}, {"type": "Feature", "geometry": {"type": "Point", "coordinates": [111.287, 30.7]}, "properties": {"办件编号": "20241109000228", "事件": "投诉", "类9": "管网安全", "方面": "安全韧性", "geocode_status": "region", "board": "安全韧性底线", "project_type": "市政管网", "社区": null, "村": null}}, {"type": "Feature", "geometry": {"type": "Point", "coordinates": [111.329362, 30.677408]}, "properties": {"办件编号": "20241108000813", "事件": "投诉", "类9": "消防安全", "方面": "安全韧性", "geocode_status": "ok", "board": "安全韧性底线", "project_type": "安全消防", "社区": "魏家湾社区", "村": null}}, {"type": "Feature", "geometry": {"type": "Point", "coordinates": [111.306724, 30.680978]}, "properties": {"办件编号": "20241108000530", "事件": "建议", "类9": "出行安全", "方面": "安全韧性", "geocode_status": "ok", "board": "安全韧性底线", "project_type": "交通设施", "社区": "万达社区", "村": null}}, {"type": "Feature", "geometry": {"type": "Point", "coordinates": [111.333, 30.655]}, "properties": {"办件编号": "20241108000139", "事件": "求助", "类9": "管网安全", "方面": "安全韧性", "geocode_status": "region", "board": "安全韧性底线", "project_type": "市政管网", "社区": null, "村": null}}, {"type": "Feature", "geometry": {"type": "Point", "coordinates": [111.305, 30.69]}, "properties": {"办件编号": "20241108000074", "事件": "投诉", "类9": "管网安全", "方面": "安全韧性", "geocode_status": "region", "board": "安全韧性底线", "project_type": "市政管网", "社区": null, "村": null}}, {"type": "Feature", "geometry": {"type": "Point", "coordinates": [111.287, 30.7]}, "properties": {"办件编号": "20241107001425", "事件": "求助", "类9": "出行安全", "方面": "安全韧性", "geocode_status": "region", "board": "安全韧性底线", "project_type": "交通设施", "社区": null, "村": null}}, {"type": "Feature", "geometry": {"type": "Point", "coordinates": [111.299675, 30.726794]}, "properties": {"办件编号": "20241107001138", "事件": "求助", "类9": "出行安全", "方面": "安全韧性", "geocode_status": "ok", "board": "安全韧性底线", "project_type": "交通设施", "社区": "望洲社区", "村": null}}, {"type": "Feature", "geometry": {"type": "Point", "coordinates": [111.346563, 30.683684]}, "properties": {"办件编号": "20241107000890", "事件": "求助", "类9": "出行安全", "方面": "安全韧性", "geocode_status": "ok", "board": "安全韧性底线", "project_type": "交通设施", "社区": "枫香树社区", "村": null}}, {"type": "Feature", "geometry": {"type": "Point", "coordinates": [111.287, 30.7]}, "properties": {"办件编号": "20241107000863", "事件": "求助", "类9": "管网安全", "方面": "安全韧性", "geocode_status": "region", "board": "安全韧性底线", "project_type": "市政管网", "社区": null, "村": null}}, {"type": "Feature", "geometry": {"type": "Point", "coordinates": [111.305, 30.69]}, "properties": {"办件编号": "20241106001304", "事件": "投诉", "类9": "管网安全", "方面": "安全韧性", "geocode_status": "region", "board": "安全韧性底线", "project_type": "市政管网", "社区": null, "村": null}}, {"type": "Feature", "geometry": {"type": "Point", "coordinates": [111.291743, 30.704608]}, "properties": {"办件编号": "20241106001210", "事件": "求助", "类9": "管网安全", "方面": "安全韧性", "geocode_status": "ok", "board": "安全韧性底线", "project_type": "市政管网", "社区": "山庄路社区", "村": null}}, {"type": "Feature", "geometry": {"type": "Point", "coordinates": [111.417521, 30.642867]}, "properties": {"办件编号": "20241106000803", "事件": "投诉", "类9": "出行安全", "方面": "安全韧性", "geocode_status": "ok", "board": "安全韧性底线", "project_type": "交通设施", "社区": null, "村": "灵宝村"}}, {"type": "Feature", "geometry": {"type": "Point", "coordinates": [111.383158, 30.605975]}, "properties": {"办件编号": "20241106000436", "事件": "求助", "类9": "出行安全", "方面": "安全韧性", "geocode_status": "ok", "board": "安全韧性底线", "project_type": "交通设施", "社区": "龙盘湖社区", "村": null}}, {"type": "Feature", "geometry": {"type": "Point", "coordinates": [111.287, 30.7]}, "properties": {"办件编号": "20241106000250", "事件": "求助", "类9": "出行安全", "方面": "安全韧性", "geocode_status": "region", "board": "安全韧性底线", "project_type": "交通设施", "社区": null, "村": null}}, {"type": "Feature", "geometry": {"type": "Point", "coordinates": [111.277814, 30.71867]}, "properties": {"办件编号": "20241106000490", "事件": "投诉", "类9": "管网安全", "方面": "安全韧性", "geocode_status": "ok", "board": "安全韧性底线", "project_type": "市政管网", "社区": "土街头社区", "村": null}}, {"type": "Feature", "geometry": {"type": "Point", "coordinates": [111.333, 30.655]}, "properties": {"办件编号": "20241105001242", "事件": "求助", "类9": "出行安全", "方面": "安全韧性", "geocode_status": "region", "board": "安全韧性底线", "project_type": "交通设施", "社区": null, "村": null}}, {"type": "Feature", "geometry": {"type": "Point", "coordinates": [111.287, 30.7]}, "properties": {"办件编号": "20241105001116", "事件": "求助", "类9": "管网安全", "方面": "安全韧性", "geocode_status": "region", "board": "安全韧性底线", "project_type": "市政管网", "社区": null, "村": null}}, {"type": "Feature", "geometry": {"type": "Point", "coordinates": [111.333, 30.655]}, "properties": {"办件编号": "20241105000484", "事件": "求助", "类9": "出行安全", "方面": "安全韧性", "geocode_status": "region", "board": "安全韧性底线", "project_type": "交通设施", "社区": null, "村": null}}, {"type": "Feature", "geometry": {"type": "Point", "coordinates": [111.313127, 30.730384]}, "properties": {"办件编号": "20241105000445", "事件": "投诉", "类9": "管网安全", "方面": "安全韧性", "geocode_status": "ok", "board": "安全韧性底线", "project_type": "市政管网", "社区": "大学路社区", "村": null}}, {"type": "Feature", "geometry": {"type": "Point", "coordinates": [111.333, 30.655]}, "properties": {"办件编号": "20241105000286", "事件": "求助", "类9": "出行安全", "方面": "安全韧性", "geocode_status": "region", "board": "安全韧性底线", "project_type": "交通设施", "社区": null, "村": null}}, {"type": "Feature", "geometry": {"type": "Point", "coordinates": [111.335315, 30.736121]}, "properties": {"办件编号": "20241105000223", "事件": "求助", "类9": "管网安全", "方面": "安全韧性", "geocode_status": "ok", "board": "安全韧性底线", "project_type": "市政管网", "社区": "朝阳路社区", "村": null}}, {"type": "Feature", "geometry": {"type": "Point", "coordinates": [111.319368, 30.670576]}, "properties": {"办件编号": "20241105000160", "事件": "投诉", "类9": "出行安全", "方面": "安全韧性", "geocode_status": "ok", "board": "安全韧性底线", "project_type": "交通设施", "社区": "宝联社区", "村": null}}, {"type": "Feature", "geometry": {"type": "Point", "coordinates": [111.30228, 30.686874]}, "properties": {"办件编号": "20241105000083", "事件": "投诉", "类9": "管网安全", "方面": "安全韧性", "geocode_status": "ok", "board": "安全韧性底线", "project_type": "市政管网", "社区": "建设社区", "村": null}}, {"type": "Feature", "geometry": {"type": "Point", "coordinates": [111.287226, 30.715003]}, "properties": {"办件编号": "20241103000622", "事件": "投诉", "类9": "出行安全", "方面": "安全韧性", "geocode_status": "ok", "board": "安全韧性底线", "project_type": "交通设施", "社区": "西峡社区", "村": null}}, {"type": "Feature", "geometry": {"type": "Point", "coordinates": [111.278532, 30.702513]}, "properties": {"办件编号": "20241103000439", "事件": "建议", "类9": "管网安全", "方面": "安全韧性", "geocode_status": "ok", "board": "安全韧性底线", "project_type": "市政管网", "社区": "环城东路社区", "村": null}}, {"type": "Feature", "geometry": {"type": "Point", "coordinates": [111.289726, 30.723075]}, "properties": {"办件编号": "20241103000352", "事件": "投诉", "类9": "管网安全", "方面": "安全韧性", "geocode_status": "ok", "board": "安全韧性底线", "project_type": "市政管网", "社区": "常家湾社区", "村": null}}, {"type": "Feature", "geometry": {"type": "Point", "coordinates": [111.334306, 30.721825]}, "properties": {"办件编号": "20241103000269", "事件": "投诉", "类9": "环境安全", "方面": "安全韧性", "geocode_status": "ok", "board": "安全韧性底线", "project_type": "环境治理", "社区": "朝阳路社区", "村": null}}, {"type": "Feature", "geometry": {"type": "Point", "coordinates": [111.384657, 30.623383]}, "properties": {"办件编号": "20241103000081", "事件": "投诉", "类9": "管网安全", "方面": "安全韧性", "geocode_status": "ok", "board": "安全韧性底线", "project_type": "市政管网", "社区": null, "村": null}}, {"type": "Feature", "geometry": {"type": "Point", "coordinates": [111.313127, 30.730384]}, "properties": {"办件编号": "20241102000810", "事件": "投诉", "类9": "出行安全", "方面": "安全韧性", "geocode_status": "ok", "board": "安全韧性底线", "project_type": "交通设施", "社区": "大学路社区", "村": null}}, {"type": "Feature", "geometry": {"type": "Point", "coordinates": [111.372991, 30.622064]}, "properties": {"办件编号": "20241102000715", "事件": "投诉", "类9": "环境安全", "方面": "安全韧性", "geocode_status": "ok", "board": "安全韧性底线", "project_type": "环境治理", "社区": null, "村": "共联村"}}, {"type": "Feature", "geometry": {"type": "Point", "coordinates": [111.332603, 30.681248]}, "properties": {"办件编号": "20241101001361", "事件": "投诉", "类9": "管网安全", "方面": "安全韧性", "geocode_status": "ok", "board": "安全韧性底线", "project_type": "市政管网", "社区": "中南路社区", "村": null}}, {"type": "Feature", "geometry": {"type": "Point", "coordinates": [111.378196, 30.660714]}, "properties": {"办件编号": "20241101001088", "事件": "投诉", "类9": "管网安全", "方面": "安全韧性", "geocode_status": "ok", "board": "安全韧性底线", "project_type": "市政管网", "社区": null, "村": "共和村"}}, {"type": "Feature", "geometry": {"type": "Point", "coordinates": [111.305, 30.69]}, "properties": {"办件编号": "20241101000763", "事件": "求助", "类9": "出行安全", "方面": "安全韧性", "geocode_status": "region", "board": "安全韧性底线", "project_type": "交通设施", "社区": null, "村": null}}, {"type": "Feature", "geometry": {"type": "Point", "coordinates": [111.333, 30.655]}, "properties": {"办件编号": "20241101000123", "事件": "求助", "类9": "管网安全", "方面": "安全韧性", "geocode_status": "region", "board": "安全韧性底线", "project_type": "市政管网", "社区": null, "村": null}}, {"type": "Feature", "geometry": {"type": "Point", "coordinates": [111.333572, 30.681932]}, "properties": {"办件编号": "20241101000105", "事件": "求助", "类9": "管网安全", "方面": "安全韧性", "geocode_status": "ok", "board": "安全韧性底线", "project_type": "市政管网", "社区": null, "村": "旭光村"}}, {"type": "Feature", "geometry": {"type": "Point", "coordinates": [111.334306, 30.721825]}, "properties": {"办件编号": "20241031001343", "事件": "投诉", "类9": "出行安全", "方面": "安全韧性", "geocode_status": "ok", "board": "安全韧性底线", "project_type": "交通设施", "社区": "朝阳路社区", "村": null}}, {"type": "Feature", "geometry": {"type": "Point", "coordinates": [111.287, 30.7]}, "properties": {"办件编号": "20241031001150", "事件": "求助", "类9": "管网安全", "方面": "安全韧性", "geocode_status": "region", "board": "安全韧性底线", "project_type": "市政管网", "社区": null, "村": null}}, {"type": "Feature", "geometry": {"type": "Point", "coordinates": [111.333, 30.655]}, "properties": {"办件编号": "20241031000288", "事件": "求助", "类9": "管网安全", "方面": "安全韧性", "geocode_status": "region", "board": "安全韧性底线", "project_type": "市政管网", "社区": null, "村": null}}, {"type": "Feature", "geometry": {"type": "Point", "coordinates": [111.307679, 30.681681]}, "properties": {"办件编号": "20241031000167", "事件": "求助", "类9": "管网安全", "方面": "安全韧性", "geocode_status": "ok", "board": "安全韧性底线", "project_type": "市政管网", "社区": "港务社区", "村": null}}, {"type": "Feature", "geometry": {"type": "Point", "coordinates": [111.307679, 30.681681]}, "properties": {"办件编号": "20241031000166", "事件": "求助", "类9": "管网安全", "方面": "安全韧性", "geocode_status": "ok", "board": "安全韧性底线", "project_type": "市政管网", "社区": "港务社区", "村": null}}, {"type": "Feature", "geometry": {"type": "Point", "coordinates": [111.373683, 30.620496]}, "properties": {"办件编号": "20241031000039", "事件": "求助", "类9": "管网安全", "方面": "安全韧性", "geocode_status": "ok", "board": "安全韧性底线", "project_type": "市政管网", "社区": null, "村": "共联村"}}, {"type": "Feature", "geometry": {"type": "Point", "coordinates": [111.305, 30.69]}, "properties": {"办件编号": "20241030001203", "事件": "投诉", "类9": "管网安全", "方面": "安全韧性", "geocode_status": "region", "board": "安全韧性底线", "project_type": "市政管网", "社区": null, "村": null}}, {"type": "Feature", "geometry": {"type": "Point", "coordinates": [111.292642, 30.691585]}, "properties": {"办件编号": "20241030001116", "事件": "求助", "类9": "出行安全", "方面": "安全韧性", "geocode_status": "ok", "board": "安全韧性底线", "project_type": "交通设施", "社区": "胜利四路社区", "村": null}}, {"type": "Feature", "geometry": {"type": "Point", "coordinates": [111.305, 30.69]}, "properties": {"办件编号": "20241030000894", "事件": "投诉", "类9": "消防安全", "方面": "安全韧性", "geocode_status": "region", "board": "安全韧性底线", "project_type": "安全消防", "社区": null, "村": null}}, {"type": "Feature", "geometry": {"type": "Point", "coordinates": [111.287, 30.7]}, "properties": {"办件编号": "20241030000598", "事件": "求助", "类9": "管网安全", "方面": "安全韧性", "geocode_status": "region", "board": "安全韧性底线", "project_type": "市政管网", "社区": null, "村": null}}, {"type": "Feature", "geometry": {"type": "Point", "coordinates": [111.287, 30.7]}, "properties": {"办件编号": "20241030000105", "事件": "求助", "类9": "管网安全", "方面": "安全韧性", "geocode_status": "region", "board": "安全韧性底线", "project_type": "市政管网", "社区": null, "村": null}}, {"type": "Feature", "geometry": {"type": "Point", "coordinates": [111.334306, 30.721825]}, "properties": {"办件编号": "20241029001485", "事件": "投诉", "类9": "管网安全", "方面": "安全韧性", "geocode_status": "ok", "board": "安全韧性底线", "project_type": "市政管网", "社区": "朝阳路社区", "村": null}}, {"type": "Feature", "geometry": {"type": "Point", "coordinates": [111.305, 30.69]}, "properties": {"办件编号": "20241029001245", "事件": "投诉", "类9": "出行安全", "方面": "安全韧性", "geocode_status": "region", "board": "安全韧性底线", "project_type": "交通设施", "社区": null, "村": null}}, {"type": "Feature", "geometry": {"type": "Point", "coordinates": [111.30899, 30.681063]}, "properties": {"办件编号": "20241029001121", "事件": "求助", "类9": "管网安全", "方面": "安全韧性", "geocode_status": "ok", "board": "安全韧性底线", "project_type": "市政管网", "社区": "港务社区", "村": null}}, {"type": "Feature", "geometry": {"type": "Point", "coordinates": [111.333, 30.655]}, "properties": {"办件编号": "20241029000269", "事件": "求助", "类9": "管网安全", "方面": "安全韧性", "geocode_status": "region", "board": "安全韧性底线", "project_type": "市政管网", "社区": null, "村": null}}, {"type": "Feature", "geometry": {"type": "Point", "coordinates": [111.333, 30.655]}, "properties": {"办件编号": "20241029000258", "事件": "求助", "类9": "管网安全", "方面": "安全韧性", "geocode_status": "region", "board": "安全韧性底线", "project_type": "市政管网", "社区": null, "村": null}}, {"type": "Feature", "geometry": {"type": "Point", "coordinates": [111.381253, 30.663301]}, "properties": {"办件编号": "20241029000139", "事件": "投诉", "类9": "出行安全", "方面": "安全韧性", "geocode_status": "ok", "board": "安全韧性底线", "project_type": "交通设施", "社区": "三峡物流园社区", "村": null}}, {"type": "Feature", "geometry": {"type": "Point", "coordinates": [111.333, 30.655]}, "properties": {"办件编号": "20241029000111", "事件": "求助", "类9": "出行安全", "方面": "安全韧性", "geocode_status": "region", "board": "安全韧性底线", "project_type": "交通设施", "社区": null, "村": null}}, {"type": "Feature", "geometry": {"type": "Point", "coordinates": [111.354355, 30.673084]}, "properties": {"办件编号": "20241029000054", "事件": "建议", "类9": "出行安全", "方面": "安全韧性", "geocode_status": "ok", "board": "安全韧性底线", "project_type": "交通设施", "社区": "张家湾社区", "村": null}}, {"type": "Feature", "geometry": {"type": "Point", "coordinates": [111.344006, 30.719705]}, "properties": {"办件编号": "20241028001506", "事件": "投诉", "类9": "消防安全", "方面": "安全韧性", "geocode_status": "ok", "board": "安全韧性底线", "project_type": "安全消防", "社区": "汕头路社区", "村": null}}, {"type": "Feature", "geometry": {"type": "Point", "coordinates": [111.309671, 30.684166]}, "properties": {"办件编号": "20241028001421", "事件": "投诉", "类9": "出行安全", "方面": "安全韧性", "geocode_status": "ok", "board": "安全韧性底线", "project_type": "交通设施", "社区": "建设社区", "村": null}}, {"type": "Feature", "geometry": {"type": "Point", "coordinates": [111.333, 30.655]}, "properties": {"办件编号": "20241028001037", "事件": "求助", "类9": "管网安全", "方面": "安全韧性", "geocode_status": "region", "board": "安全韧性底线", "project_type": "市政管网", "社区": null, "村": null}}, {"type": "Feature", "geometry": {"type": "Point", "coordinates": [111.333, 30.655]}, "properties": {"办件编号": "20241028000873", "事件": "求助", "类9": "出行安全", "方面": "安全韧性", "geocode_status": "region", "board": "安全韧性底线", "project_type": "交通设施", "社区": null, "村": null}}, {"type": "Feature", "geometry": {"type": "Point", "coordinates": [111.321284, 30.67413]}, "properties": {"办件编号": "20241028000339", "事件": "求助", "类9": "出行安全", "方面": "安全韧性", "geocode_status": "ok", "board": "安全韧性底线", "project_type": "交通设施", "社区": null, "村": "汉宜村"}}, {"type": "Feature", "geometry": {"type": "Point", "coordinates": [111.361037, 30.630608]}, "properties": {"办件编号": "20241028000083", "事件": "投诉", "类9": "管网安全", "方面": "安全韧性", "geocode_status": "ok", "board": "安全韧性底线", "project_type": "市政管网", "社区": "临江溪社区", "村": null}}, {"type": "Feature", "geometry": {"type": "Point", "coordinates": [111.293779, 30.702559]}, "properties": {"办件编号": "20241027000388", "事件": "建议", "类9": "出行安全", "方面": "安全韧性", "geocode_status": "ok", "board": "安全韧性底线", "project_type": "交通设施", "社区": "山庄路社区", "村": null}}, {"type": "Feature", "geometry": {"type": "Point", "coordinates": [111.373683, 30.620496]}, "properties": {"办件编号": "20241027000346", "事件": "求助", "类9": "管网安全", "方面": "安全韧性", "geocode_status": "ok", "board": "安全韧性底线", "project_type": "市政管网", "社区": null, "村": "共联村"}}, {"type": "Feature", "geometry": {"type": "Point", "coordinates": [111.298437, 30.69668]}, "properties": {"办件编号": "20241027000239", "事件": "投诉", "类9": "出行安全", "方面": "安全韧性", "geocode_status": "ok", "board": "安全韧性底线", "project_type": "交通设施", "社区": "赵家湾社区", "村": null}}, {"type": "Feature", "geometry": {"type": "Point", "coordinates": [111.303001, 30.69119]}, "properties": {"办件编号": "20241027000151", "事件": "投诉", "类9": "消防安全", "方面": "安全韧性", "geocode_status": "ok", "board": "安全韧性底线", "project_type": "安全消防", "社区": "体育场路社区", "村": null}}, {"type": "Feature", "geometry": {"type": "Point", "coordinates": [111.323307, 30.673036]}, "properties": {"办件编号": "20241026000826", "事件": "投诉", "类9": "管网安全", "方面": "安全韧性", "geocode_status": "ok", "board": "安全韧性底线", "project_type": "市政管网", "社区": "东星社区", "村": null}}, {"type": "Feature", "geometry": {"type": "Point", "coordinates": [111.354693, 30.664327]}, "properties": {"办件编号": "20241026000358", "事件": "求助", "类9": "出行安全", "方面": "安全韧性", "geocode_status": "ok", "board": "安全韧性底线", "project_type": "交通设施", "社区": null, "村": "火光村"}}, {"type": "Feature", "geometry": {"type": "Point", "coordinates": [111.29241, 30.709885]}, "properties": {"办件编号": "20241025001327", "事件": "投诉", "类9": "管网安全", "方面": "安全韧性", "geocode_status": "ok", "board": "安全韧性底线", "project_type": "市政管网", "社区": "绿萝路社区", "村": null}}, {"type": "Feature", "geometry": {"type": "Point", "coordinates": [111.287, 30.7]}, "properties": {"办件编号": "20241025001310", "事件": "投诉", "类9": "管网安全", "方面": "安全韧性", "geocode_status": "region", "board": "安全韧性底线", "project_type": "市政管网", "社区": null, "村": null}}, {"type": "Feature", "geometry": {"type": "Point", "coordinates": [111.333, 30.655]}, "properties": {"办件编号": "20241025001089", "事件": "求助", "类9": "出行安全", "方面": "安全韧性", "geocode_status": "region", "board": "安全韧性底线", "project_type": "交通设施", "社区": null, "村": null}}, {"type": "Feature", "geometry": {"type": "Point", "coordinates": [111.333, 30.655]}, "properties": {"办件编号": "20241025000748", "事件": "求助", "类9": "出行安全", "方面": "安全韧性", "geocode_status": "region", "board": "安全韧性底线", "project_type": "交通设施", "社区": null, "村": null}}, {"type": "Feature", "geometry": {"type": "Point", "coordinates": [111.3126, 30.6811]}, "properties": {"办件编号": "20241025000174", "事件": "求助", "类9": "管网安全", "方面": "安全韧性", "geocode_status": "ok", "board": "安全韧性底线", "project_type": "市政管网", "社区": null, "村": "汉宜村"}}, {"type": "Feature", "geometry": {"type": "Point", "coordinates": [111.325758, 30.666021]}, "properties": {"办件编号": "20241025000133", "事件": "投诉", "类9": "出行安全", "方面": "安全韧性", "geocode_status": "ok", "board": "安全韧性底线", "project_type": "交通设施", "社区": "古塔社区", "村": null}}, {"type": "Feature", "geometry": {"type": "Point", "coordinates": [111.354693, 30.664327]}, "properties": {"办件编号": "20241024000693", "事件": "求助", "类9": "出行安全", "方面": "安全韧性", "geocode_status": "ok", "board": "安全韧性底线", "project_type": "交通设施", "社区": null, "村": "火光村"}}, {"type": "Feature", "geometry": {"type": "Point", "coordinates": [111.333, 30.655]}, "properties": {"办件编号": "20241024000427", "事件": "求助", "类9": "出行安全", "方面": "安全韧性", "geocode_status": "region", "board": "安全韧性底线", "project_type": "交通设施", "社区": null, "村": null}}, {"type": "Feature", "geometry": {"type": "Point", "coordinates": [111.333206, 30.681323]}, "properties": {"办件编号": "20241024000314", "事件": "求助", "类9": "消防安全", "方面": "安全韧性", "geocode_status": "ok", "board": "安全韧性底线", "project_type": "安全消防", "社区": "中南路社区", "村": null}}, {"type": "Feature", "geometry": {"type": "Point", "coordinates": [111.283839, 30.693358]}, "properties": {"办件编号": "20241024000265", "事件": "求助", "类9": "出行安全", "方面": "安全韧性", "geocode_status": "ok", "board": "安全韧性底线", "project_type": "交通设施", "社区": "二马路社区", "村": null}}, {"type": "Feature", "geometry": {"type": "Point", "coordinates": [111.287, 30.7]}, "properties": {"办件编号": "20241024000132", "事件": "求助", "类9": "管网安全", "方面": "安全韧性", "geocode_status": "region", "board": "安全韧性底线", "project_type": "市政管网", "社区": null, "村": null}}, {"type": "Feature", "geometry": {"type": "Point", "coordinates": [111.287, 30.7]}, "properties": {"办件编号": "20241023001396", "事件": "投诉", "类9": "消防安全", "方面": "安全韧性", "geocode_status": "region", "board": "安全韧性底线", "project_type": "安全消防", "社区": null, "村": null}}, {"type": "Feature", "geometry": {"type": "Point", "coordinates": [111.333, 30.655]}, "properties": {"办件编号": "20241023001083", "事件": "求助", "类9": "出行安全", "方面": "安全韧性", "geocode_status": "region", "board": "安全韧性底线", "project_type": "交通设施", "社区": null, "村": null}}, {"type": "Feature", "geometry": {"type": "Point", "coordinates": [111.333, 30.655]}, "properties": {"办件编号": "20241023001080", "事件": "求助", "类9": "出行安全", "方面": "安全韧性", "geocode_status": "region", "board": "安全韧性底线", "project_type": "交通设施", "社区": null, "村": null}}, {"type": "Feature", "geometry": {"type": "Point", "coordinates": [111.333, 30.655]}, "properties": {"办件编号": "20241023000869", "事件": "求助", "类9": "管网安全", "方面": "安全韧性", "geocode_status": "region", "board": "安全韧性底线", "project_type": "市政管网", "社区": null, "村": null}}, {"type": "Feature", "geometry": {"type": "Point", "coordinates": [111.372573, 30.656068]}, "properties": {"办件编号": "20241023000855", "事件": "求助", "类9": "出行安全", "方面": "安全韧性", "geocode_status": "ok", "board": "安全韧性底线", "project_type": "交通设施", "社区": "花艳社区", "村": null}}, {"type": "Feature", "geometry": {"type": "Point", "coordinates": [111.350833, 30.642614]}, "properties": {"办件编号": "20241023000691", "事件": "投诉", "类9": "消防安全", "方面": "安全韧性", "geocode_status": "ok", "board": "安全韧性底线", "project_type": "安全消防", "社区": "伍临路社区", "村": null}}, {"type": "Feature", "geometry": {"type": "Point", "coordinates": [111.361037, 30.630608]}, "properties": {"办件编号": "20241023000354", "事件": "投诉", "类9": "管网安全", "方面": "安全韧性", "geocode_status": "ok", "board": "安全韧性底线", "project_type": "市政管网", "社区": "临江溪社区", "村": null}}, {"type": "Feature", "geometry": {"type": "Point", "coordinates": [111.323683, 30.674206]}, "properties": {"办件编号": "20241022001354", "事件": "投诉", "类9": "管网安全", "方面": "安全韧性", "geocode_status": "ok", "board": "安全韧性底线", "project_type": "市政管网", "社区": "东星社区", "村": null}}, {"type": "Feature", "geometry": {"type": "Point", "coordinates": [111.304324, 30.684311]}, "properties": {"办件编号": "20241022000780", "事件": "投诉", "类9": "管网安全", "方面": "安全韧性", "geocode_status": "ok", "board": "安全韧性底线", "project_type": "市政管网", "社区": "港务社区", "村": null}}, {"type": "Feature", "geometry": {"type": "Point", "coordinates": [111.333, 30.655]}, "properties": {"办件编号": "20241022000485", "事件": "求助", "类9": "出行安全", "方面": "安全韧性", "geocode_status": "region", "board": "安全韧性底线", "project_type": "交通设施", "社区": null, "村": null}}, {"type": "Feature", "geometry": {"type": "Point", "coordinates": [111.326777, 30.744358]}, "properties": {"办件编号": "20241022000511", "事件": "建议", "类9": "出行安全", "方面": "安全韧性", "geocode_status": "ok", "board": "安全韧性底线", "project_type": "交通设施", "社区": "金斗山社区", "村": null}}, {"type": "Feature", "geometry": {"type": "Point", "coordinates": [111.339816, 30.67412]}, "properties": {"办件编号": "20241022000446", "事件": "投诉", "类9": "消防安全", "方面": "安全韧性", "geocode_status": "ok", "board": "安全韧性底线", "project_type": "安全消防", "社区": "枫香树社区", "村": null}}, {"type": "Feature", "geometry": {"type": "Point", "coordinates": [111.360882, 30.644048]}, "properties": {"办件编号": "20241022000315", "事件": "投诉", "类9": "管网安全", "方面": "安全韧性", "geocode_status": "ok", "board": "安全韧性底线", "project_type": "市政管网", "社区": null, "村": "共勤村"}}, {"type": "Feature", "geometry": {"type": "Point", "coordinates": [111.287, 30.7]}, "properties": {"办件编号": "20241022000239", "事件": "投诉", "类9": "管网安全", "方面": "安全韧性", "geocode_status": "region", "board": "安全韧性底线", "project_type": "市政管网", "社区": null, "村": null}}, {"type": "Feature", "geometry": {"type": "Point", "coordinates": [111.372018, 30.634696]}, "properties": {"办件编号": "20241021001041", "事件": "投诉", "类9": "管网安全", "方面": "安全韧性", "geocode_status": "ok", "board": "安全韧性底线", "project_type": "市政管网", "社区": "柏临河路社区", "村": null}}, {"type": "Feature", "geometry": {"type": "Point", "coordinates": [111.370804, 30.634729]}, "properties": {"办件编号": "20241021000938", "事件": "求助", "类9": "管网安全", "方面": "安全韧性", "geocode_status": "ok", "board": "安全韧性底线", "project_type": "市政管网", "社区": "柏临河路社区", "村": null}}, {"type": "Feature", "geometry": {"type": "Point", "coordinates": [111.333, 30.655]}, "properties": {"办件编号": "20241021000913", "事件": "求助", "类9": "管网安全", "方面": "安全韧性", "geocode_status": "region", "board": "安全韧性底线", "project_type": "市政管网", "社区": null, "村": null}}, {"type": "Feature", "geometry": {"type": "Point", "coordinates": [111.304324, 30.684311]}, "properties": {"办件编号": "20241021000962", "事件": "投诉", "类9": "管网安全", "方面": "安全韧性", "geocode_status": "ok", "board": "安全韧性底线", "project_type": "市政管网", "社区": "港务社区", "村": null}}, {"type": "Feature", "geometry": {"type": "Point", "coordinates": [111.366118, 30.639949]}, "properties": {"办件编号": "20241021000500", "事件": "投诉", "类9": "出行安全", "方面": "安全韧性", "geocode_status": "ok", "board": "安全韧性底线", "project_type": "交通设施", "社区": "柏临河路社区", "村": null}}, {"type": "Feature", "geometry": {"type": "Point", "coordinates": [111.370804, 30.634729]}, "properties": {"办件编号": "20241021000756", "事件": "投诉", "类9": "管网安全", "方面": "安全韧性", "geocode_status": "ok", "board": "安全韧性底线", "project_type": "市政管网", "社区": "柏临河路社区", "村": null}}, {"type": "Feature", "geometry": {"type": "Point", "coordinates": [111.326652, 30.676884]}, "properties": {"办件编号": "20241021000419", "事件": "投诉", "类9": "出行安全", "方面": "安全韧性", "geocode_status": "ok", "board": "安全韧性底线", "project_type": "交通设施", "社区": "魏家湾社区", "村": null}}, {"type": "Feature", "geometry": {"type": "Point", "coordinates": [111.333, 30.655]}, "properties": {"办件编号": "20241021000388", "事件": "求助", "类9": "管网安全", "方面": "安全韧性", "geocode_status": "region", "board": "安全韧性底线", "project_type": "市政管网", "社区": null, "村": null}}, {"type": "Feature", "geometry": {"type": "Point", "coordinates": [111.333, 30.655]}, "properties": {"办件编号": "20241021000287", "事件": "求助", "类9": "管网安全", "方面": "安全韧性", "geocode_status": "region", "board": "安全韧性底线", "project_type": "市政管网", "社区": null, "村": null}}, {"type": "Feature", "geometry": {"type": "Point", "coordinates": [111.333, 30.655]}, "properties": {"办件编号": "20241021000283", "事件": "求助", "类9": "环境安全", "方面": "安全韧性", "geocode_status": "region", "board": "安全韧性底线", "project_type": "环境治理", "社区": null, "村": null}}, {"type": "Feature", "geometry": {"type": "Point", "coordinates": [111.333, 30.655]}, "properties": {"办件编号": "20241021000268", "事件": "求助", "类9": "管网安全", "方面": "安全韧性", "geocode_status": "region", "board": "安全韧性底线", "project_type": "市政管网", "社区": null, "村": null}}, {"type": "Feature", "geometry": {"type": "Point", "coordinates": [111.305214, 30.727223]}, "properties": {"办件编号": "20241021000153", "事件": "求助", "类9": "管网安全", "方面": "安全韧性", "geocode_status": "ok", "board": "安全韧性底线", "project_type": "市政管网", "社区": "大学路社区", "村": null}}, {"type": "Feature", "geometry": {"type": "Point", "coordinates": [111.326652, 30.676884]}, "properties": {"办件编号": "20241020000547", "事件": "投诉", "类9": "管网安全", "方面": "安全韧性", "geocode_status": "ok", "board": "安全韧性底线", "project_type": "市政管网", "社区": "魏家湾社区", "村": null}}, {"type": "Feature", "geometry": {"type": "Point", "coordinates": [111.381253, 30.663301]}, "properties": {"办件编号": "20241019000684", "事件": "建议", "类9": "出行安全", "方面": "安全韧性", "geocode_status": "ok", "board": "安全韧性底线", "project_type": "交通设施", "社区": "三峡物流园社区", "村": null}}, {"type": "Feature", "geometry": {"type": "Point", "coordinates": [111.333, 30.655]}, "properties": {"办件编号": "20241018001310", "事件": "建议", "类9": "出行安全", "方面": "安全韧性", "geocode_status": "region", "board": "安全韧性底线", "project_type": "交通设施", "社区": null, "村": null}}, {"type": "Feature", "geometry": {"type": "Point", "coordinates": [111.373683, 30.620496]}, "properties": {"办件编号": "20241018000846", "事件": "投诉", "类9": "出行安全", "方面": "安全韧性", "geocode_status": "ok", "board": "安全韧性底线", "project_type": "交通设施", "社区": null, "村": "共联村"}}, {"type": "Feature", "geometry": {"type": "Point", "coordinates": [111.339816, 30.67412]}, "properties": {"办件编号": "20241018000783", "事件": "投诉", "类9": "消防安全", "方面": "安全韧性", "geocode_status": "ok", "board": "安全韧性底线", "project_type": "安全消防", "社区": "枫香树社区", "村": null}}, {"type": "Feature", "geometry": {"type": "Point", "coordinates": [111.372573, 30.656068]}, "properties": {"办件编号": "20241018000508", "事件": "求助", "类9": "出行安全", "方面": "安全韧性", "geocode_status": "ok", "board": "安全韧性底线", "project_type": "交通设施", "社区": "花艳社区", "村": null}}, {"type": "Feature", "geometry": {"type": "Point", "coordinates": [111.321284, 30.67413]}, "properties": {"办件编号": "20241018000288", "事件": "投诉", "类9": "出行安全", "方面": "安全韧性", "geocode_status": "ok", "board": "安全韧性底线", "project_type": "交通设施", "社区": null, "村": "汉宜村"}}, {"type": "Feature", "geometry": {"type": "Point", "coordinates": [111.338332, 30.684966]}, "properties": {"办件编号": "20241018000105", "事件": "投诉", "类9": "出行安全", "方面": "安全韧性", "geocode_status": "ok", "board": "安全韧性底线", "project_type": "交通设施", "社区": null, "村": "旭光村"}}, {"type": "Feature", "geometry": {"type": "Point", "coordinates": [111.333916, 30.738087]}, "properties": {"办件编号": "20241017001610", "事件": "投诉", "类9": "管网安全", "方面": "安全韧性", "geocode_status": "ok", "board": "安全韧性底线", "project_type": "市政管网", "社区": "朝阳路社区", "村": null}}, {"type": "Feature", "geometry": {"type": "Point", "coordinates": [111.295118, 30.68185]}, "properties": {"办件编号": "20241017001061", "事件": "建议", "类9": "出行安全", "方面": "安全韧性", "geocode_status": "ok", "board": "安全韧性底线", "project_type": "交通设施", "社区": null, "村": null}}, {"type": "Feature", "geometry": {"type": "Point", "coordinates": [111.333, 30.655]}, "properties": {"办件编号": "20241017000349", "事件": "求助", "类9": "管网安全", "方面": "安全韧性", "geocode_status": "region", "board": "安全韧性底线", "project_type": "市政管网", "社区": null, "村": null}}, {"type": "Feature", "geometry": {"type": "Point", "coordinates": [111.306724, 30.680978]}, "properties": {"办件编号": "20241017000356", "事件": "投诉", "类9": "管网安全", "方面": "安全韧性", "geocode_status": "ok", "board": "安全韧性底线", "project_type": "市政管网", "社区": "万达社区", "村": null}}, {"type": "Feature", "geometry": {"type": "Point", "coordinates": [111.37174, 30.619047]}, "properties": {"办件编号": "20241017000211", "事件": "投诉", "类9": "管网安全", "方面": "安全韧性", "geocode_status": "ok", "board": "安全韧性底线", "project_type": "市政管网", "社区": null, "村": "共联村"}}, {"type": "Feature", "geometry": {"type": "Point", "coordinates": [111.281309, 30.700694]}, "properties": {"办件编号": "20241017000095", "事件": "投诉", "类9": "出行安全", "方面": "安全韧性", "geocode_status": "ok", "board": "安全韧性底线", "project_type": "交通设施", "社区": "解放路社区", "村": null}}, {"type": "Feature", "geometry": {"type": "Point", "coordinates": [111.287, 30.7]}, "properties": {"办件编号": "20241016001131", "事件": "求助", "类9": "出行安全", "方面": "安全韧性", "geocode_status": "region", "board": "安全韧性底线", "project_type": "交通设施", "社区": null, "村": null}}, {"type": "Feature", "geometry": {"type": "Point", "coordinates": [111.333, 30.655]}, "properties": {"办件编号": "20241016000957", "事件": "求助", "类9": "出行安全", "方面": "安全韧性", "geocode_status": "region", "board": "安全韧性底线", "project_type": "交通设施", "社区": null, "村": null}}, {"type": "Feature", "geometry": {"type": "Point", "coordinates": [111.305, 30.69]}, "properties": {"办件编号": "20241016001165", "事件": "其他", "类9": "管网安全", "方面": "安全韧性", "geocode_status": "region", "board": "安全韧性底线", "project_type": "市政管网", "社区": null, "村": null}}, {"type": "Feature", "geometry": {"type": "Point", "coordinates": [111.308249, 30.694457]}, "properties": {"办件编号": "20241016000439", "事件": "求助", "类9": "环境安全", "方面": "安全韧性", "geocode_status": "ok", "board": "安全韧性底线", "project_type": "环境治理", "社区": "体育场路社区", "村": null}}, {"type": "Feature", "geometry": {"type": "Point", "coordinates": [111.322377, 30.667704]}, "properties": {"办件编号": "20241016000397", "事件": "投诉", "类9": "管网安全", "方面": "安全韧性", "geocode_status": "ok", "board": "安全韧性底线", "project_type": "市政管网", "社区": "古塔社区", "村": null}}, {"type": "Feature", "geometry": {"type": "Point", "coordinates": [111.305, 30.69]}, "properties": {"办件编号": "20241016000263", "事件": "求助", "类9": "出行安全", "方面": "安全韧性", "geocode_status": "region", "board": "安全韧性底线", "project_type": "交通设施", "社区": null, "村": null}}, {"type": "Feature", "geometry": {"type": "Point", "coordinates": [111.333, 30.655]}, "properties": {"办件编号": "20241016000120", "事件": "投诉", "类9": "出行安全", "方面": "安全韧性", "geocode_status": "region", "board": "安全韧性底线", "project_type": "交通设施", "社区": null, "村": null}}, {"type": "Feature", "geometry": {"type": "Point", "coordinates": [111.305374, 30.687402]}, "properties": {"办件编号": "20241015001502", "事件": "投诉", "类9": "管网安全", "方面": "安全韧性", "geocode_status": "ok", "board": "安全韧性底线", "project_type": "市政管网", "社区": "建设社区", "村": null}}, {"type": "Feature", "geometry": {"type": "Point", "coordinates": [111.321284, 30.67413]}, "properties": {"办件编号": "20241015001326", "事件": "投诉", "类9": "管网安全", "方面": "安全韧性", "geocode_status": "ok", "board": "安全韧性底线", "project_type": "市政管网", "社区": null, "村": "汉宜村"}}, {"type": "Feature", "geometry": {"type": "Point", "coordinates": [111.308249, 30.694457]}, "properties": {"办件编号": "20241015001213", "事件": "求助", "类9": "环境安全", "方面": "安全韧性", "geocode_status": "ok", "board": "安全韧性底线", "project_type": "环境治理", "社区": "体育场路社区", "村": null}}, {"type": "Feature", "geometry": {"type": "Point", "coordinates": [111.287, 30.7]}, "properties": {"办件编号": "20241015001116", "事件": "求助", "类9": "出行安全", "方面": "安全韧性", "geocode_status": "region", "board": "安全韧性底线", "project_type": "交通设施", "社区": null, "村": null}}, {"type": "Feature", "geometry": {"type": "Point", "coordinates": [111.287, 30.7]}, "properties": {"办件编号": "20241015000960", "事件": "求助", "类9": "出行安全", "方面": "安全韧性", "geocode_status": "region", "board": "安全韧性底线", "project_type": "交通设施", "社区": null, "村": null}}, {"type": "Feature", "geometry": {"type": "Point", "coordinates": [111.30882, 30.684813]}, "properties": {"办件编号": "20241015000749", "事件": "投诉", "类9": "管网安全", "方面": "安全韧性", "geocode_status": "ok", "board": "安全韧性底线", "project_type": "市政管网", "社区": "建设社区", "村": null}}, {"type": "Feature", "geometry": {"type": "Point", "coordinates": [111.340912, 30.668696]}, "properties": {"办件编号": "20241015000087", "事件": "投诉", "类9": "管网安全", "方面": "安全韧性", "geocode_status": "ok", "board": "安全韧性底线", "project_type": "市政管网", "社区": null, "村": "合益村"}}, {"type": "Feature", "geometry": {"type": "Point", "coordinates": [111.329431, 30.666321]}, "properties": {"办件编号": "20241015000026", "事件": "求助", "类9": "管网安全", "方面": "安全韧性", "geocode_status": "ok", "board": "安全韧性底线", "project_type": "市政管网", "社区": null, "村": "汉宜村"}}, {"type": "Feature", "geometry": {"type": "Point", "coordinates": [111.301812, 30.686029]}, "properties": {"办件编号": "20241014001656", "事件": "投诉", "类9": "管网安全", "方面": "安全韧性", "geocode_status": "ok", "board": "安全韧性底线", "project_type": "市政管网", "社区": "建设社区", "村": null}}, {"type": "Feature", "geometry": {"type": "Point", "coordinates": [111.333, 30.655]}, "properties": {"办件编号": "20241014001340", "事件": "求助", "类9": "出行安全", "方面": "安全韧性", "geocode_status": "region", "board": "安全韧性底线", "project_type": "交通设施", "社区": null, "村": null}}, {"type": "Feature", "geometry": {"type": "Point", "coordinates": [111.298135, 30.720747]}, "properties": {"办件编号": "20241014001299", "事件": "投诉", "类9": "管网安全", "方面": "安全韧性", "geocode_status": "ok", "board": "安全韧性底线", "project_type": "市政管网", "社区": "船柴社区", "村": null}}, {"type": "Feature", "geometry": {"type": "Point", "coordinates": [111.333, 30.655]}, "properties": {"办件编号": "20241014001232", "事件": "求助", "类9": "出行安全", "方面": "安全韧性", "geocode_status": "region", "board": "安全韧性底线", "project_type": "交通设施", "社区": null, "村": null}}, {"type": "Feature", "geometry": {"type": "Point", "coordinates": [111.373683, 30.620496]}, "properties": {"办件编号": "20241014000942", "事件": "投诉", "类9": "出行安全", "方面": "安全韧性", "geocode_status": "ok", "board": "安全韧性底线", "project_type": "交通设施", "社区": null, "村": "共联村"}}, {"type": "Feature", "geometry": {"type": "Point", "coordinates": [111.334306, 30.721825]}, "properties": {"办件编号": "20241014000595", "事件": "投诉", "类9": "消防安全", "方面": "安全韧性", "geocode_status": "ok", "board": "安全韧性底线", "project_type": "安全消防", "社区": "朝阳路社区", "村": null}}, {"type": "Feature", "geometry": {"type": "Point", "coordinates": [111.292642, 30.691585]}, "properties": {"办件编号": "20241014000495", "事件": "投诉", "类9": "消防安全", "方面": "安全韧性", "geocode_status": "ok", "board": "安全韧性底线", "project_type": "安全消防", "社区": "胜利四路社区", "村": null}}, {"type": "Feature", "geometry": {"type": "Point", "coordinates": [111.287, 30.7]}, "properties": {"办件编号": "20241014000365", "事件": "求助", "类9": "出行安全", "方面": "安全韧性", "geocode_status": "region", "board": "安全韧性底线", "project_type": "交通设施", "社区": null, "村": null}}, {"type": "Feature", "geometry": {"type": "Point", "coordinates": [111.297014, 30.732616]}, "properties": {"办件编号": "20241014000363", "事件": "求助", "类9": "管网安全", "方面": "安全韧性", "geocode_status": "ok", "board": "安全韧性底线", "project_type": "市政管网", "社区": "镇境山社区", "村": null}}, {"type": "Feature", "geometry": {"type": "Point", "coordinates": [111.287, 30.7]}, "properties": {"办件编号": "20241014000362", "事件": "求助", "类9": "管网安全", "方面": "安全韧性", "geocode_status": "region", "board": "安全韧性底线", "project_type": "市政管网", "社区": null, "村": null}}, {"type": "Feature", "geometry": {"type": "Point", "coordinates": [111.333, 30.655]}, "properties": {"办件编号": "20241014000360", "事件": "求助", "类9": "管网安全", "方面": "安全韧性", "geocode_status": "region", "board": "安全韧性底线", "project_type": "市政管网", "社区": null, "村": null}}, {"type": "Feature", "geometry": {"type": "Point", "coordinates": [111.347696, 30.671518]}, "properties": {"办件编号": "20241014000079", "事件": "投诉", "类9": "出行安全", "方面": "安全韧性", "geocode_status": "ok", "board": "安全韧性底线", "project_type": "交通设施", "社区": "张家湾社区", "村": null}}, {"type": "Feature", "geometry": {"type": "Point", "coordinates": [111.333, 30.655]}, "properties": {"办件编号": "20241014000052", "事件": "投诉", "类9": "管网安全", "方面": "安全韧性", "geocode_status": "region", "board": "安全韧性底线", "project_type": "市政管网", "社区": null, "村": null}}, {"type": "Feature", "geometry": {"type": "Point", "coordinates": [111.34597, 30.663595]}, "properties": {"办件编号": "20241013000774", "事件": "投诉", "类9": "消防安全", "方面": "安全韧性", "geocode_status": "ok", "board": "安全韧性底线", "project_type": "安全消防", "社区": null, "村": "火光村"}}, {"type": "Feature", "geometry": {"type": "Point", "coordinates": [111.37174, 30.619047]}, "properties": {"办件编号": "20241013000728", "事件": "投诉", "类9": "管网安全", "方面": "安全韧性", "geocode_status": "ok", "board": "安全韧性底线", "project_type": "市政管网", "社区": null, "村": "共联村"}}, {"type": "Feature", "geometry": {"type": "Point", "coordinates": [111.294273, 30.728866]}, "properties": {"办件编号": "20241012001039", "事件": "求助", "类9": "管网安全", "方面": "安全韧性", "geocode_status": "ok", "board": "安全韧性底线", "project_type": "市政管网", "社区": "金安岭社区", "村": null}}, {"type": "Feature", "geometry": {"type": "Point", "coordinates": [111.305, 30.69]}, "properties": {"办件编号": "20241012000745", "事件": "求助", "类9": "管网安全", "方面": "安全韧性", "geocode_status": "region", "board": "安全韧性底线", "project_type": "市政管网", "社区": null, "村": null}}, {"type": "Feature", "geometry": {"type": "Point", "coordinates": [111.313127, 30.730384]}, "properties": {"办件编号": "20241012000466", "事件": "求助", "类9": "出行安全", "方面": "安全韧性", "geocode_status": "ok", "board": "安全韧性底线", "project_type": "交通设施", "社区": "大学路社区", "村": null}}, {"type": "Feature", "geometry": {"type": "Point", "coordinates": [111.333, 30.655]}, "properties": {"办件编号": "20241012000273", "事件": "求助", "类9": "管网安全", "方面": "安全韧性", "geocode_status": "region", "board": "安全韧性底线", "project_type": "市政管网", "社区": null, "村": null}}, {"type": "Feature", "geometry": {"type": "Point", "coordinates": [111.35823, 30.644332]}, "properties": {"办件编号": "20241012000144", "事件": "建议", "类9": "出行安全", "方面": "安全韧性", "geocode_status": "ok", "board": "安全韧性底线", "project_type": "交通设施", "社区": "八一路社区", "村": null}}, {"type": "Feature", "geometry": {"type": "Point", "coordinates": [111.334306, 30.721825]}, "properties": {"办件编号": "20241012000052", "事件": "投诉", "类9": "管网安全", "方面": "安全韧性", "geocode_status": "ok", "board": "安全韧性底线", "project_type": "市政管网", "社区": "朝阳路社区", "村": null}}, {"type": "Feature", "geometry": {"type": "Point", "coordinates": [111.289351, 30.711877]}, "properties": {"办件编号": "20241012000051", "事件": "投诉", "类9": "管网安全", "方面": "安全韧性", "geocode_status": "ok", "board": "安全韧性底线", "project_type": "市政管网", "社区": "营盘路社区", "村": null}}, {"type": "Feature", "geometry": {"type": "Point", "coordinates": [111.334403, 30.683043]}, "properties": {"办件编号": "20241011001198", "事件": "投诉", "类9": "出行安全", "方面": "安全韧性", "geocode_status": "ok", "board": "安全韧性底线", "project_type": "交通设施", "社区": "中南路社区", "村": null}}, {"type": "Feature", "geometry": {"type": "Point", "coordinates": [111.313127, 30.730384]}, "properties": {"办件编号": "20241011000752", "事件": "投诉", "类9": "出行安全", "方面": "安全韧性", "geocode_status": "ok", "board": "安全韧性底线", "project_type": "交通设施", "社区": "大学路社区", "村": null}}, {"type": "Feature", "geometry": {"type": "Point", "coordinates": [111.381106, 30.662966]}, "properties": {"办件编号": "20241011000356", "事件": "求助", "类9": "管网安全", "方面": "安全韧性", "geocode_status": "ok", "board": "安全韧性底线", "project_type": "市政管网", "社区": "三峡物流园社区", "村": null}}, {"type": "Feature", "geometry": {"type": "Point", "coordinates": [111.307679, 30.681681]}, "properties": {"办件编号": "20241011000292", "事件": "求助", "类9": "管网安全", "方面": "安全韧性", "geocode_status": "ok", "board": "安全韧性底线", "project_type": "市政管网", "社区": "港务社区", "村": null}}, {"type": "Feature", "geometry": {"type": "Point", "coordinates": [111.319368, 30.670576]}, "properties": {"办件编号": "20241010001428", "事件": "投诉", "类9": "出行安全", "方面": "安全韧性", "geocode_status": "ok", "board": "安全韧性底线", "project_type": "交通设施", "社区": "宝联社区", "村": null}}, {"type": "Feature", "geometry": {"type": "Point", "coordinates": [111.303815, 30.684625]}, "properties": {"办件编号": "20241010001358", "事件": "投诉", "类9": "出行安全", "方面": "安全韧性", "geocode_status": "ok", "board": "安全韧性底线", "project_type": "交通设施", "社区": "港务社区", "村": null}}, {"type": "Feature", "geometry": {"type": "Point", "coordinates": [111.333, 30.655]}, "properties": {"办件编号": "20241010001351", "事件": "投诉", "类9": "环境安全", "方面": "安全韧性", "geocode_status": "region", "board": "安全韧性底线", "project_type": "环境治理", "社区": null, "村": null}}, {"type": "Feature", "geometry": {"type": "Point", "coordinates": [111.360882, 30.644048]}, "properties": {"办件编号": "20241010000524", "事件": "投诉", "类9": "管网安全", "方面": "安全韧性", "geocode_status": "ok", "board": "安全韧性底线", "project_type": "市政管网", "社区": null, "村": "共勤村"}}, {"type": "Feature", "geometry": {"type": "Point", "coordinates": [111.305, 30.69]}, "properties": {"办件编号": "20241010000501", "事件": "求助", "类9": "管网安全", "方面": "安全韧性", "geocode_status": "region", "board": "安全韧性底线", "project_type": "市政管网", "社区": null, "村": null}}, {"type": "Feature", "geometry": {"type": "Point", "coordinates": [111.328249, 30.748347]}, "properties": {"办件编号": "20241010000330", "事件": "求助", "类9": "出行安全", "方面": "安全韧性", "geocode_status": "ok", "board": "安全韧性底线", "project_type": "交通设施", "社区": "金斗山社区", "村": null}}, {"type": "Feature", "geometry": {"type": "Point", "coordinates": [111.297014, 30.732616]}, "properties": {"办件编号": "20241010000298", "事件": "求助", "类9": "管网安全", "方面": "安全韧性", "geocode_status": "ok", "board": "安全韧性底线", "project_type": "市政管网", "社区": "镇境山社区", "村": null}}, {"type": "Feature", "geometry": {"type": "Point", "coordinates": [111.388594, 30.642336]}, "properties": {"办件编号": "20241010000159", "事件": "投诉", "类9": "出行安全", "方面": "安全韧性", "geocode_status": "ok", "board": "安全韧性底线", "project_type": "交通设施", "社区": "花溪路社区", "村": null}}, {"type": "Feature", "geometry": {"type": "Point", "coordinates": [111.309641, 30.682859]}, "properties": {"办件编号": "20241009001533", "事件": "投诉", "类9": "消防安全", "方面": "安全韧性", "geocode_status": "ok", "board": "安全韧性底线", "project_type": "安全消防", "社区": "建设社区", "村": null}}, {"type": "Feature", "geometry": {"type": "Point", "coordinates": [111.287, 30.7]}, "properties": {"办件编号": "20241009001427", "事件": "求助", "类9": "出行安全", "方面": "安全韧性", "geocode_status": "region", "board": "安全韧性底线", "project_type": "交通设施", "社区": null, "村": null}}, {"type": "Feature", "geometry": {"type": "Point", "coordinates": [111.297898, 30.725738]}, "properties": {"办件编号": "20241009001079", "事件": "求助", "类9": "管网安全", "方面": "安全韧性", "geocode_status": "ok", "board": "安全韧性底线", "project_type": "市政管网", "社区": "望洲社区", "村": null}}, {"type": "Feature", "geometry": {"type": "Point", "coordinates": [111.294252, 30.691012]}, "properties": {"办件编号": "20241009001069", "事件": "投诉", "类9": "管网安全", "方面": "安全韧性", "geocode_status": "ok", "board": "安全韧性底线", "project_type": "市政管网", "社区": "北山坡社区", "村": null}}, {"type": "Feature", "geometry": {"type": "Point", "coordinates": [111.303001, 30.69119]}, "properties": {"办件编号": "20241009000893", "事件": "投诉", "类9": "消防安全", "方面": "安全韧性", "geocode_status": "ok", "board": "安全韧性底线", "project_type": "安全消防", "社区": "体育场路社区", "村": null}}, {"type": "Feature", "geometry": {"type": "Point", "coordinates": [111.307679, 30.681681]}, "properties": {"办件编号": "20241009000751", "事件": "投诉", "类9": "出行安全", "方面": "安全韧性", "geocode_status": "ok", "board": "安全韧性底线", "project_type": "交通设施", "社区": "港务社区", "村": null}}, {"type": "Feature", "geometry": {"type": "Point", "coordinates": [111.334306, 30.721825]}, "properties": {"办件编号": "20241008001537", "事件": "建议", "类9": "管网安全", "方面": "安全韧性", "geocode_status": "ok", "board": "安全韧性底线", "project_type": "市政管网", "社区": "朝阳路社区", "村": null}}, {"type": "Feature", "geometry": {"type": "Point", "coordinates": [111.287, 30.7]}, "properties": {"办件编号": "20241008001361", "事件": "求助", "类9": "管网安全", "方面": "安全韧性", "geocode_status": "region", "board": "安全韧性底线", "project_type": "市政管网", "社区": null, "村": null}}, {"type": "Feature", "geometry": {"type": "Point", "coordinates": [111.354693, 30.664327]}, "properties": {"办件编号": "20241008000847", "事件": "建议", "类9": "出行安全", "方面": "安全韧性", "geocode_status": "ok", "board": "安全韧性底线", "project_type": "交通设施", "社区": null, "村": "火光村"}}, {"type": "Feature", "geometry": {"type": "Point", "coordinates": [111.313127, 30.730384]}, "properties": {"办件编号": "20241008000586", "事件": "投诉", "类9": "出行安全", "方面": "安全韧性", "geocode_status": "ok", "board": "安全韧性底线", "project_type": "交通设施", "社区": "大学路社区", "村": null}}, {"type": "Feature", "geometry": {"type": "Point", "coordinates": [111.333, 30.655]}, "properties": {"办件编号": "20241008000488", "事件": "求助", "类9": "管网安全", "方面": "安全韧性", "geocode_status": "region", "board": "安全韧性底线", "project_type": "市政管网", "社区": null, "村": null}}, {"type": "Feature", "geometry": {"type": "Point", "coordinates": [111.29241, 30.709885]}, "properties": {"办件编号": "20241008000278", "事件": "求助", "类9": "出行安全", "方面": "安全韧性", "geocode_status": "ok", "board": "安全韧性底线", "project_type": "交通设施", "社区": "绿萝路社区", "村": null}}, {"type": "Feature", "geometry": {"type": "Point", "coordinates": [111.333, 30.655]}, "properties": {"办件编号": "20241008000207", "事件": "求助", "类9": "管网安全", "方面": "安全韧性", "geocode_status": "region", "board": "安全韧性底线", "project_type": "市政管网", "社区": null, "村": null}}, {"type": "Feature", "geometry": {"type": "Point", "coordinates": [111.350836, 30.643985]}, "properties": {"办件编号": "20241008000180", "事件": "投诉", "类9": "管网安全", "方面": "安全韧性", "geocode_status": "ok", "board": "安全韧性底线", "project_type": "市政管网", "社区": "伍临路社区", "村": null}}, {"type": "Feature", "geometry": {"type": "Point", "coordinates": [111.334306, 30.721825]}, "properties": {"办件编号": "20241007000624", "事件": "投诉", "类9": "消防安全", "方面": "安全韧性", "geocode_status": "ok", "board": "安全韧性底线", "project_type": "安全消防", "社区": "朝阳路社区", "村": null}}, {"type": "Feature", "geometry": {"type": "Point", "coordinates": [111.354355, 30.673084]}, "properties": {"办件编号": "20241006000083", "事件": "投诉", "类9": "出行安全", "方面": "安全韧性", "geocode_status": "ok", "board": "安全韧性底线", "project_type": "交通设施", "社区": "张家湾社区", "村": null}}, {"type": "Feature", "geometry": {"type": "Point", "coordinates": [111.360882, 30.644048]}, "properties": {"办件编号": "20241005000644", "事件": "投诉", "类9": "管网安全", "方面": "安全韧性", "geocode_status": "ok", "board": "安全韧性底线", "project_type": "市政管网", "社区": null, "村": "共勤村"}}, {"type": "Feature", "geometry": {"type": "Point", "coordinates": [111.334306, 30.721825]}, "properties": {"办件编号": "20241004000723", "事件": "投诉", "类9": "管网安全", "方面": "安全韧性", "geocode_status": "ok", "board": "安全韧性底线", "project_type": "市政管网", "社区": "朝阳路社区", "村": null}}, {"type": "Feature", "geometry": {"type": "Point", "coordinates": [111.312019, 30.71005]}, "properties": {"办件编号": "20241004000718", "事件": "求助", "类9": "管网安全", "方面": "安全韧性", "geocode_status": "ok", "board": "安全韧性底线", "project_type": "市政管网", "社区": "东山花园社区", "村": null}}, {"type": "Feature", "geometry": {"type": "Point", "coordinates": [111.319528, 30.689076]}, "properties": {"办件编号": "20241004000605", "事件": "投诉", "类9": "管网安全", "方面": "安全韧性", "geocode_status": "ok", "board": "安全韧性底线", "project_type": "市政管网", "社区": "王家坝社区", "村": null}}, {"type": "Feature", "geometry": {"type": "Point", "coordinates": [111.294162, 30.704762]}, "properties": {"办件编号": "20241004000134", "事件": "投诉", "类9": "管网安全", "方面": "安全韧性", "geocode_status": "ok", "board": "安全韧性底线", "project_type": "市政管网", "社区": "白龙井社区", "村": null}}, {"type": "Feature", "geometry": {"type": "Point", "coordinates": [111.305, 30.69]}, "properties": {"办件编号": "20241004000004", "事件": "投诉", "类9": "消防安全", "方面": "安全韧性", "geocode_status": "region", "board": "安全韧性底线", "project_type": "安全消防", "社区": null, "村": null}}, {"type": "Feature", "geometry": {"type": "Point", "coordinates": [111.351919, 30.674621]}, "properties": {"办件编号": "20241003000809", "事件": "投诉", "类9": "消防安全", "方面": "安全韧性", "geocode_status": "ok", "board": "安全韧性底线", "project_type": "安全消防", "社区": null, "村": "联丰村"}}, {"type": "Feature", "geometry": {"type": "Point", "coordinates": [111.306724, 30.680978]}, "properties": {"办件编号": "20241002000646", "事件": "投诉", "类9": "管网安全", "方面": "安全韧性", "geocode_status": "ok", "board": "安全韧性底线", "project_type": "市政管网", "社区": "万达社区", "村": null}}, {"type": "Feature", "geometry": {"type": "Point", "coordinates": [111.290924, 30.690738]}, "properties": {"办件编号": "20241001000808", "事件": "投诉", "类9": "消防安全", "方面": "安全韧性", "geocode_status": "ok", "board": "安全韧性底线", "project_type": "安全消防", "社区": "胜利四路社区", "村": null}}, {"type": "Feature", "geometry": {"type": "Point", "coordinates": [111.287, 30.7]}, "properties": {"办件编号": "20241001000747", "事件": "求助", "类9": "管网安全", "方面": "安全韧性", "geocode_status": "region", "board": "安全韧性底线", "project_type": "市政管网", "社区": null, "村": null}}, {"type": "Feature", "geometry": {"type": "Point", "coordinates": [111.295118, 30.68185]}, "properties": {"办件编号": "20241001000621", "事件": "建议", "类9": "出行安全", "方面": "安全韧性", "geocode_status": "ok", "board": "安全韧性底线", "project_type": "交通设施", "社区": null, "村": null}}, {"type": "Feature", "geometry": {"type": "Point", "coordinates": [111.29241, 30.709885]}, "properties": {"办件编号": "20241001000436", "事件": "投诉", "类9": "出行安全", "方面": "安全韧性", "geocode_status": "ok", "board": "安全韧性底线", "project_type": "交通设施", "社区": "绿萝路社区", "村": null}}, {"type": "Feature", "geometry": {"type": "Point", "coordinates": [111.294273, 30.728866]}, "properties": {"办件编号": "20240930001062", "事件": "求助", "类9": "管网安全", "方面": "安全韧性", "geocode_status": "ok", "board": "安全韧性底线", "project_type": "市政管网", "社区": "金安岭社区", "村": null}}, {"type": "Feature", "geometry": {"type": "Point", "coordinates": [111.354577, 30.638338]}, "properties": {"办件编号": "20240930000843", "事件": "投诉", "类9": "出行安全", "方面": "安全韧性", "geocode_status": "ok", "board": "安全韧性底线", "project_type": "交通设施", "社区": "沈家店社区", "村": null}}, {"type": "Feature", "geometry": {"type": "Point", "coordinates": [111.313127, 30.730384]}, "properties": {"办件编号": "20240930000559", "事件": "投诉", "类9": "出行安全", "方面": "安全韧性", "geocode_status": "ok", "board": "安全韧性底线", "project_type": "交通设施", "社区": "大学路社区", "村": null}}, {"type": "Feature", "geometry": {"type": "Point", "coordinates": [111.333572, 30.681932]}, "properties": {"办件编号": "20240929001309", "事件": "求助", "类9": "出行安全", "方面": "安全韧性", "geocode_status": "ok", "board": "安全韧性底线", "project_type": "交通设施", "社区": null, "村": "旭光村"}}, {"type": "Feature", "geometry": {"type": "Point", "coordinates": [111.378196, 30.660714]}, "properties": {"办件编号": "20240929001317", "事件": "投诉", "类9": "管网安全", "方面": "安全韧性", "geocode_status": "ok", "board": "安全韧性底线", "project_type": "市政管网", "社区": null, "村": "共和村"}}, {"type": "Feature", "geometry": {"type": "Point", "coordinates": [111.333, 30.655]}, "properties": {"办件编号": "20240929001024", "事件": "求助", "类9": "管网安全", "方面": "安全韧性", "geocode_status": "region", "board": "安全韧性底线", "project_type": "市政管网", "社区": null, "村": null}}, {"type": "Feature", "geometry": {"type": "Point", "coordinates": [111.333, 30.655]}, "properties": {"办件编号": "20240929000898", "事件": "投诉", "类9": "消防安全", "方面": "安全韧性", "geocode_status": "region", "board": "安全韧性底线", "project_type": "安全消防", "社区": null, "村": null}}, {"type": "Feature", "geometry": {"type": "Point", "coordinates": [111.321284, 30.67413]}, "properties": {"办件编号": "20240929000297", "事件": "求助", "类9": "管网安全", "方面": "安全韧性", "geocode_status": "ok", "board": "安全韧性底线", "project_type": "市政管网", "社区": null, "村": "汉宜村"}}, {"type": "Feature", "geometry": {"type": "Point", "coordinates": [111.322377, 30.667704]}, "properties": {"办件编号": "20240929000271", "事件": "投诉", "类9": "管网安全", "方面": "安全韧性", "geocode_status": "ok", "board": "安全韧性底线", "project_type": "市政管网", "社区": "古塔社区", "村": null}}, {"type": "Feature", "geometry": {"type": "Point", "coordinates": [111.362536, 30.655033]}, "properties": {"办件编号": "20240928001024", "事件": "投诉", "类9": "消防安全", "方面": "安全韧性", "geocode_status": "ok", "board": "安全韧性底线", "project_type": "安全消防", "社区": "东站路社区", "村": null}}, {"type": "Feature", "geometry": {"type": "Point", "coordinates": [111.305, 30.69]}, "properties": {"办件编号": "20240928000819", "事件": "投诉", "类9": "管网安全", "方面": "安全韧性", "geocode_status": "region", "board": "安全韧性底线", "project_type": "市政管网", "社区": null, "村": null}}, {"type": "Feature", "geometry": {"type": "Point", "coordinates": [111.362536, 30.655033]}, "properties": {"办件编号": "20240928000087", "事件": "投诉", "类9": "消防安全", "方面": "安全韧性", "geocode_status": "ok", "board": "安全韧性底线", "project_type": "安全消防", "社区": "东站路社区", "村": null}}, {"type": "Feature", "geometry": {"type": "Point", "coordinates": [111.287, 30.7]}, "properties": {"办件编号": "20240927001394", "事件": "求助", "类9": "管网安全", "方面": "安全韧性", "geocode_status": "region", "board": "安全韧性底线", "project_type": "市政管网", "社区": null, "村": null}}, {"type": "Feature", "geometry": {"type": "Point", "coordinates": [111.378462, 30.637226]}, "properties": {"办件编号": "20240927001360", "事件": "建议", "类9": "管网安全", "方面": "安全韧性", "geocode_status": "ok", "board": "安全韧性底线", "project_type": "市政管网", "社区": "柏临河路社区", "村": null}}, {"type": "Feature", "geometry": {"type": "Point", "coordinates": [111.346703, 30.646313]}, "properties": {"办件编号": "20240927001306", "事件": "投诉", "类9": "出行安全", "方面": "安全韧性", "geocode_status": "ok", "board": "安全韧性底线", "project_type": "交通设施", "社区": "白沙路社区", "村": null}}, {"type": "Feature", "geometry": {"type": "Point", "coordinates": [111.354355, 30.673084]}, "properties": {"办件编号": "20240927001067", "事件": "求助", "类9": "管网安全", "方面": "安全韧性", "geocode_status": "ok", "board": "安全韧性底线", "project_type": "市政管网", "社区": "张家湾社区", "村": null}}, {"type": "Feature", "geometry": {"type": "Point", "coordinates": [111.305, 30.69]}, "properties": {"办件编号": "20240927000759", "事件": "求助", "类9": "出行安全", "方面": "安全韧性", "geocode_status": "region", "board": "安全韧性底线", "project_type": "交通设施", "社区": null, "村": null}}, {"type": "Feature", "geometry": {"type": "Point", "coordinates": [111.333, 30.655]}, "properties": {"办件编号": "20240927000489", "事件": "求助", "类9": "管网安全", "方面": "安全韧性", "geocode_status": "region", "board": "安全韧性底线", "project_type": "市政管网", "社区": null, "村": null}}, {"type": "Feature", "geometry": {"type": "Point", "coordinates": [111.287, 30.7]}, "properties": {"办件编号": "20240927000176", "事件": "求助", "类9": "管网安全", "方面": "安全韧性", "geocode_status": "region", "board": "安全韧性底线", "project_type": "市政管网", "社区": null, "村": null}}, {"type": "Feature", "geometry": {"type": "Point", "coordinates": [111.333944, 30.686875]}, "properties": {"办件编号": "20240927000122", "事件": "投诉", "类9": "管网安全", "方面": "安全韧性", "geocode_status": "ok", "board": "安全韧性底线", "project_type": "市政管网", "社区": "岳湾路社区", "村": null}}, {"type": "Feature", "geometry": {"type": "Point", "coordinates": [111.306724, 30.680978]}, "properties": {"办件编号": "20240926001307", "事件": "投诉", "类9": "管网安全", "方面": "安全韧性", "geocode_status": "ok", "board": "安全韧性底线", "project_type": "市政管网", "社区": "万达社区", "村": null}}, {"type": "Feature", "geometry": {"type": "Point", "coordinates": [111.333, 30.655]}, "properties": {"办件编号": "20240926000388", "事件": "求助", "类9": "管网安全", "方面": "安全韧性", "geocode_status": "region", "board": "安全韧性底线", "project_type": "市政管网", "社区": null, "村": null}}, {"type": "Feature", "geometry": {"type": "Point", "coordinates": [111.333, 30.655]}, "properties": {"办件编号": "20240926000067", "事件": "投诉", "类9": "管网安全", "方面": "安全韧性", "geocode_status": "region", "board": "安全韧性底线", "project_type": "市政管网", "社区": null, "村": null}}, {"type": "Feature", "geometry": {"type": "Point", "coordinates": [111.313127, 30.730384]}, "properties": {"办件编号": "20240925001699", "事件": "投诉", "类9": "出行安全", "方面": "安全韧性", "geocode_status": "ok", "board": "安全韧性底线", "project_type": "交通设施", "社区": "大学路社区", "村": null}}, {"type": "Feature", "geometry": {"type": "Point", "coordinates": [111.388594, 30.642336]}, "properties": {"办件编号": "20240925001672", "事件": "投诉", "类9": "出行安全", "方面": "安全韧性", "geocode_status": "ok", "board": "安全韧性底线", "project_type": "交通设施", "社区": "花溪路社区", "村": null}}, {"type": "Feature", "geometry": {"type": "Point", "coordinates": [111.313127, 30.730384]}, "properties": {"办件编号": "20240925001426", "事件": "投诉", "类9": "出行安全", "方面": "安全韧性", "geocode_status": "ok", "board": "安全韧性底线", "project_type": "交通设施", "社区": "大学路社区", "村": null}}, {"type": "Feature", "geometry": {"type": "Point", "coordinates": [111.361111, 30.645268]}, "properties": {"办件编号": "20240925001072", "事件": "投诉", "类9": "出行安全", "方面": "安全韧性", "geocode_status": "ok", "board": "安全韧性底线", "project_type": "交通设施", "社区": null, "村": "共勤村"}}, {"type": "Feature", "geometry": {"type": "Point", "coordinates": [111.286962, 30.69217]}, "properties": {"办件编号": "20240925000932", "事件": "投诉", "类9": "出行安全", "方面": "安全韧性", "geocode_status": "ok", "board": "安全韧性底线", "project_type": "交通设施", "社区": "新隆康路社区", "村": null}}, {"type": "Feature", "geometry": {"type": "Point", "coordinates": [111.313127, 30.730384]}, "properties": {"办件编号": "20240925000827", "事件": "投诉", "类9": "出行安全", "方面": "安全韧性", "geocode_status": "ok", "board": "安全韧性底线", "project_type": "交通设施", "社区": "大学路社区", "村": null}}, {"type": "Feature", "geometry": {"type": "Point", "coordinates": [111.287, 30.7]}, "properties": {"办件编号": "20240925000328", "事件": "求助", "类9": "管网安全", "方面": "安全韧性", "geocode_status": "region", "board": "安全韧性底线", "project_type": "市政管网", "社区": null, "村": null}}, {"type": "Feature", "geometry": {"type": "Point", "coordinates": [111.287, 30.7]}, "properties": {"办件编号": "20240925000321", "事件": "求助", "类9": "管网安全", "方面": "安全韧性", "geocode_status": "region", "board": "安全韧性底线", "project_type": "市政管网", "社区": null, "村": null}}, {"type": "Feature", "geometry": {"type": "Point", "coordinates": [111.287, 30.7]}, "properties": {"办件编号": "20240925000148", "事件": "求助", "类9": "管网安全", "方面": "安全韧性", "geocode_status": "region", "board": "安全韧性底线", "project_type": "市政管网", "社区": null, "村": null}}, {"type": "Feature", "geometry": {"type": "Point", "coordinates": [111.370163, 30.658286]}, "properties": {"办件编号": "20240924001479", "事件": "建议", "类9": "出行安全", "方面": "安全韧性", "geocode_status": "ok", "board": "安全韧性底线", "project_type": "交通设施", "社区": null, "村": "共和村"}}, {"type": "Feature", "geometry": {"type": "Point", "coordinates": [111.354355, 30.673084]}, "properties": {"办件编号": "20240924001420", "事件": "投诉", "类9": "管网安全", "方面": "安全韧性", "geocode_status": "ok", "board": "安全韧性底线", "project_type": "市政管网", "社区": "张家湾社区", "村": null}}, {"type": "Feature", "geometry": {"type": "Point", "coordinates": [111.349667, 30.724518]}, "properties": {"办件编号": "20240924001225", "事件": "求助", "类9": "管网安全", "方面": "安全韧性", "geocode_status": "ok", "board": "安全韧性底线", "project_type": "市政管网", "社区": "石板社区", "村": null}}, {"type": "Feature", "geometry": {"type": "Point", "coordinates": [111.287, 30.7]}, "properties": {"办件编号": "20240924001224", "事件": "求助", "类9": "管网安全", "方面": "安全韧性", "geocode_status": "region", "board": "安全韧性底线", "project_type": "市政管网", "社区": null, "村": null}}, {"type": "Feature", "geometry": {"type": "Point", "coordinates": [111.287, 30.7]}, "properties": {"办件编号": "20240924001090", "事件": "求助", "类9": "出行安全", "方面": "安全韧性", "geocode_status": "region", "board": "安全韧性底线", "project_type": "交通设施", "社区": null, "村": null}}, {"type": "Feature", "geometry": {"type": "Point", "coordinates": [111.287, 30.7]}, "properties": {"办件编号": "20240924000509", "事件": "求助", "类9": "管网安全", "方面": "安全韧性", "geocode_status": "region", "board": "安全韧性底线", "project_type": "市政管网", "社区": null, "村": null}}, {"type": "Feature", "geometry": {"type": "Point", "coordinates": [111.287, 30.7]}, "properties": {"办件编号": "20240924000518", "事件": "投诉", "类9": "出行安全", "方面": "安全韧性", "geocode_status": "region", "board": "安全韧性底线", "project_type": "交通设施", "社区": null, "村": null}}, {"type": "Feature", "geometry": {"type": "Point", "coordinates": [111.35286, 30.66725]}, "properties": {"办件编号": "20240923005793", "事件": "投诉", "类9": "出行安全", "方面": "安全韧性", "geocode_status": "ok", "board": "安全韧性底线", "project_type": "交通设施", "社区": null, "村": "火光村"}}, {"type": "Feature", "geometry": {"type": "Point", "coordinates": [111.358132, 30.650426]}, "properties": {"办件编号": "20240923005488", "事件": "投诉", "类9": "环境安全", "方面": "安全韧性", "geocode_status": "ok", "board": "安全韧性底线", "project_type": "环境治理", "社区": null, "村": "共前村"}}, {"type": "Feature", "geometry": {"type": "Point", "coordinates": [111.326535, 30.739362]}, "properties": {"办件编号": "20240923004847", "事件": "建议", "类9": "出行安全", "方面": "安全韧性", "geocode_status": "ok", "board": "安全韧性底线", "project_type": "交通设施", "社区": "唐家湾社区", "村": null}}, {"type": "Feature", "geometry": {"type": "Point", "coordinates": [111.330703, 30.68217]}, "properties": {"办件编号": "20240923004727", "事件": "投诉", "类9": "管网安全", "方面": "安全韧性", "geocode_status": "ok", "board": "安全韧性底线", "project_type": "市政管网", "社区": "岳湾路社区", "村": null}}, {"type": "Feature", "geometry": {"type": "Point", "coordinates": [111.373683, 30.620496]}, "properties": {"办件编号": "20240922006146", "事件": "投诉", "类9": "出行安全", "方面": "安全韧性", "geocode_status": "ok", "board": "安全韧性底线", "project_type": "交通设施", "社区": null, "村": "共联村"}}, {"type": "Feature", "geometry": {"type": "Point", "coordinates": [111.278935, 30.711917]}, "properties": {"办件编号": "20240922003909", "事件": "投诉", "类9": "出行安全", "方面": "安全韧性", "geocode_status": "ok", "board": "安全韧性底线", "project_type": "交通设施", "社区": "四方堰社区", "村": null}}, {"type": "Feature", "geometry": {"type": "Point", "coordinates": [111.305, 30.69]}, "properties": {"办件编号": "20240921006413", "事件": "投诉", "类9": "消防安全", "方面": "安全韧性", "geocode_status": "region", "board": "安全韧性底线", "project_type": "安全消防", "社区": null, "村": null}}, {"type": "Feature", "geometry": {"type": "Point", "coordinates": [111.311423, 30.706762]}, "properties": {"办件编号": "20240921004674", "事件": "投诉", "类9": "消防安全", "方面": "安全韧性", "geocode_status": "ok", "board": "安全韧性底线", "project_type": "安全消防", "社区": "珠海路社区", "村": null}}, {"type": "Feature", "geometry": {"type": "Point", "coordinates": [111.339816, 30.67412]}, "properties": {"办件编号": "20240921003712", "事件": "投诉", "类9": "消防安全", "方面": "安全韧性", "geocode_status": "ok", "board": "安全韧性底线", "project_type": "安全消防", "社区": "枫香树社区", "村": null}}, {"type": "Feature", "geometry": {"type": "Point", "coordinates": [111.35286, 30.66725]}, "properties": {"办件编号": "20240920002831", "事件": "建议", "类9": "出行安全", "方面": "安全韧性", "geocode_status": "ok", "board": "安全韧性底线", "project_type": "交通设施", "社区": null, "村": "火光村"}}, {"type": "Feature", "geometry": {"type": "Point", "coordinates": [111.29241, 30.709885]}, "properties": {"办件编号": "20240920001892", "事件": "投诉", "类9": "管网安全", "方面": "安全韧性", "geocode_status": "ok", "board": "安全韧性底线", "project_type": "市政管网", "社区": "绿萝路社区", "村": null}}, {"type": "Feature", "geometry": {"type": "Point", "coordinates": [111.328869, 30.678785]}, "properties": {"办件编号": "20240920001831", "事件": "投诉", "类9": "出行安全", "方面": "安全韧性", "geocode_status": "ok", "board": "安全韧性底线", "project_type": "交通设施", "社区": "胡家冲社区", "村": null}}, {"type": "Feature", "geometry": {"type": "Point", "coordinates": [111.328869, 30.678785]}, "properties": {"办件编号": "20240920002723", "事件": "建议", "类9": "出行安全", "方面": "安全韧性", "geocode_status": "ok", "board": "安全韧性底线", "project_type": "交通设施", "社区": "胡家冲社区", "村": null}}, {"type": "Feature", "geometry": {"type": "Point", "coordinates": [111.328869, 30.678785]}, "properties": {"办件编号": "20240920001891", "事件": "建议", "类9": "出行安全", "方面": "安全韧性", "geocode_status": "ok", "board": "安全韧性底线", "project_type": "交通设施", "社区": "胡家冲社区", "村": null}}, {"type": "Feature", "geometry": {"type": "Point", "coordinates": [111.333, 30.655]}, "properties": {"办件编号": "20240920001767", "事件": "建议", "类9": "出行安全", "方面": "安全韧性", "geocode_status": "region", "board": "安全韧性底线", "project_type": "交通设施", "社区": null, "村": null}}, {"type": "Feature", "geometry": {"type": "Point", "coordinates": [111.29241, 30.709885]}, "properties": {"办件编号": "20240920001698", "事件": "建议", "类9": "出行安全", "方面": "安全韧性", "geocode_status": "ok", "board": "安全韧性底线", "project_type": "交通设施", "社区": "绿萝路社区", "村": null}}, {"type": "Feature", "geometry": {"type": "Point", "coordinates": [111.332385, 30.666728]}, "properties": {"办件编号": "20240920001218", "事件": "投诉", "类9": "出行安全", "方面": "安全韧性", "geocode_status": "ok", "board": "安全韧性底线", "project_type": "交通设施", "社区": "徐家坝社区", "村": null}}, {"type": "Feature", "geometry": {"type": "Point", "coordinates": [111.348772, 30.64746]}, "properties": {"办件编号": "20240920000891", "事件": "求助", "类9": "出行安全", "方面": "安全韧性", "geocode_status": "ok", "board": "安全韧性底线", "project_type": "交通设施", "社区": "白沙路社区", "村": null}}, {"type": "Feature", "geometry": {"type": "Point", "coordinates": [111.306724, 30.680978]}, "properties": {"办件编号": "20240920001226", "事件": "建议", "类9": "出行安全", "方面": "安全韧性", "geocode_status": "ok", "board": "安全韧性底线", "project_type": "交通设施", "社区": "万达社区", "村": null}}, {"type": "Feature", "geometry": {"type": "Point", "coordinates": [111.37174, 30.619047]}, "properties": {"办件编号": "20240920000788", "事件": "投诉", "类9": "出行安全", "方面": "安全韧性", "geocode_status": "ok", "board": "安全韧性底线", "project_type": "交通设施", "社区": null, "村": "共联村"}}, {"type": "Feature", "geometry": {"type": "Point", "coordinates": [111.321284, 30.67413]}, "properties": {"办件编号": "20240919001516", "事件": "建议", "类9": "出行安全", "方面": "安全韧性", "geocode_status": "ok", "board": "安全韧性底线", "project_type": "交通设施", "社区": null, "村": "汉宜村"}}, {"type": "Feature", "geometry": {"type": "Point", "coordinates": [111.306724, 30.680978]}, "properties": {"办件编号": "20240919001493", "事件": "建议", "类9": "管网安全", "方面": "安全韧性", "geocode_status": "ok", "board": "安全韧性底线", "project_type": "市政管网", "社区": "万达社区", "村": null}}, {"type": "Feature", "geometry": {"type": "Point", "coordinates": [111.316254, 30.706231]}, "properties": {"办件编号": "20240919001391", "事件": "投诉", "类9": "管网安全", "方面": "安全韧性", "geocode_status": "ok", "board": "安全韧性底线", "project_type": "市政管网", "社区": "珠海路社区", "村": null}}, {"type": "Feature", "geometry": {"type": "Point", "coordinates": [111.313127, 30.730384]}, "properties": {"办件编号": "20240919001325", "事件": "投诉", "类9": "出行安全", "方面": "安全韧性", "geocode_status": "ok", "board": "安全韧性底线", "project_type": "交通设施", "社区": "大学路社区", "村": null}}, {"type": "Feature", "geometry": {"type": "Point", "coordinates": [111.374644, 30.652323]}, "properties": {"办件编号": "20240919001081", "事件": "求助", "类9": "管网安全", "方面": "安全韧性", "geocode_status": "ok", "board": "安全韧性底线", "project_type": "市政管网", "社区": "花艳社区", "村": null}}, {"type": "Feature", "geometry": {"type": "Point", "coordinates": [111.281122, 30.722704]}, "properties": {"办件编号": "20240919000678", "事件": "求助", "类9": "消防安全", "方面": "安全韧性", "geocode_status": "ok", "board": "安全韧性底线", "project_type": "安全消防", "社区": "东湖社区", "村": null}}, {"type": "Feature", "geometry": {"type": "Point", "coordinates": [111.285221, 30.702893]}, "properties": {"办件编号": "20240919000539", "事件": "求助", "类9": "出行安全", "方面": "安全韧性", "geocode_status": "ok", "board": "安全韧性底线", "project_type": "交通设施", "社区": "气象台社区", "村": null}}, {"type": "Feature", "geometry": {"type": "Point", "coordinates": [111.321284, 30.67413]}, "properties": {"办件编号": "20240919000420", "事件": "求助", "类9": "出行安全", "方面": "安全韧性", "geocode_status": "ok", "board": "安全韧性底线", "project_type": "交通设施", "社区": null, "村": "汉宜村"}}, {"type": "Feature", "geometry": {"type": "Point", "coordinates": [111.333, 30.655]}, "properties": {"办件编号": "20240919000384", "事件": "求助", "类9": "管网安全", "方面": "安全韧性", "geocode_status": "region", "board": "安全韧性底线", "project_type": "市政管网", "社区": null, "村": null}}, {"type": "Feature", "geometry": {"type": "Point", "coordinates": [111.287, 30.7]}, "properties": {"办件编号": "20240919000316", "事件": "求助", "类9": "管网安全", "方面": "安全韧性", "geocode_status": "region", "board": "安全韧性底线", "project_type": "市政管网", "社区": null, "村": null}}, {"type": "Feature", "geometry": {"type": "Point", "coordinates": [111.390139, 30.635996]}, "properties": {"办件编号": "20240919000043", "事件": "投诉", "类9": "出行安全", "方面": "安全韧性", "geocode_status": "ok", "board": "安全韧性底线", "project_type": "交通设施", "社区": "花溪路社区", "村": null}}, {"type": "Feature", "geometry": {"type": "Point", "coordinates": [111.305699, 30.731849]}, "properties": {"办件编号": "20240918001379", "事件": "投诉", "类9": "出行安全", "方面": "安全韧性", "geocode_status": "ok", "board": "安全韧性底线", "project_type": "交通设施", "社区": "大学路社区", "村": null}}, {"type": "Feature", "geometry": {"type": "Point", "coordinates": [111.333, 30.655]}, "properties": {"办件编号": "20240918001241", "事件": "投诉", "类9": "出行安全", "方面": "安全韧性", "geocode_status": "region", "board": "安全韧性底线", "project_type": "交通设施", "社区": null, "村": null}}, {"type": "Feature", "geometry": {"type": "Point", "coordinates": [111.287, 30.7]}, "properties": {"办件编号": "20240918000916", "事件": "求助", "类9": "管网安全", "方面": "安全韧性", "geocode_status": "region", "board": "安全韧性底线", "project_type": "市政管网", "社区": null, "村": null}}, {"type": "Feature", "geometry": {"type": "Point", "coordinates": [111.301167, 30.692468]}, "properties": {"办件编号": "20240918000848", "事件": "求助", "类9": "管网安全", "方面": "安全韧性", "geocode_status": "ok", "board": "安全韧性底线", "project_type": "市政管网", "社区": "体育场路社区", "村": null}}, {"type": "Feature", "geometry": {"type": "Point", "coordinates": [111.328869, 30.678785]}, "properties": {"办件编号": "20240918000697", "事件": "投诉", "类9": "出行安全", "方面": "安全韧性", "geocode_status": "ok", "board": "安全韧性底线", "project_type": "交通设施", "社区": "胡家冲社区", "村": null}}, {"type": "Feature", "geometry": {"type": "Point", "coordinates": [111.360882, 30.644048]}, "properties": {"办件编号": "20240918000501", "事件": "求助", "类9": "管网安全", "方面": "安全韧性", "geocode_status": "ok", "board": "安全韧性底线", "project_type": "市政管网", "社区": null, "村": "共勤村"}}, {"type": "Feature", "geometry": {"type": "Point", "coordinates": [111.287, 30.7]}, "properties": {"办件编号": "20240918000034", "事件": "投诉", "类9": "出行安全", "方面": "安全韧性", "geocode_status": "region", "board": "安全韧性底线", "project_type": "交通设施", "社区": null, "村": null}}, {"type": "Feature", "geometry": {"type": "Point", "coordinates": [111.391414, 30.638014]}, "properties": {"办件编号": "20240918000023", "事件": "投诉", "类9": "出行安全", "方面": "安全韧性", "geocode_status": "ok", "board": "安全韧性底线", "project_type": "交通设施", "社区": "花溪路社区", "村": null}}, {"type": "Feature", "geometry": {"type": "Point", "coordinates": [111.287, 30.7]}, "properties": {"办件编号": "20240917000104", "事件": "求助", "类9": "管网安全", "方面": "安全韧性", "geocode_status": "region", "board": "安全韧性底线", "project_type": "市政管网", "社区": null, "村": null}}, {"type": "Feature", "geometry": {"type": "Point", "coordinates": [111.306724, 30.680978]}, "properties": {"办件编号": "20240916000507", "事件": "投诉", "类9": "出行安全", "方面": "安全韧性", "geocode_status": "ok", "board": "安全韧性底线", "project_type": "交通设施", "社区": "万达社区", "村": null}}, {"type": "Feature", "geometry": {"type": "Point", "coordinates": [111.281122, 30.722704]}, "properties": {"办件编号": "20240916000375", "事件": "求助", "类9": "管网安全", "方面": "安全韧性", "geocode_status": "ok", "board": "安全韧性底线", "project_type": "市政管网", "社区": "东湖社区", "村": null}}, {"type": "Feature", "geometry": {"type": "Point", "coordinates": [111.301851, 30.727822]}, "properties": {"办件编号": "20240916000257", "事件": "求助", "类9": "管网安全", "方面": "安全韧性", "geocode_status": "ok", "board": "安全韧性底线", "project_type": "市政管网", "社区": "大堰湾社区", "村": null}}, {"type": "Feature", "geometry": {"type": "Point", "coordinates": [111.28333, 30.712791]}, "properties": {"办件编号": "20240916000256", "事件": "求助", "类9": "管网安全", "方面": "安全韧性", "geocode_status": "ok", "board": "安全韧性底线", "project_type": "市政管网", "社区": "东方社区", "村": null}}, {"type": "Feature", "geometry": {"type": "Point", "coordinates": [111.3126, 30.744028]}, "properties": {"办件编号": "20240915000814", "事件": "投诉", "类9": "管网安全", "方面": "安全韧性", "geocode_status": "ok", "board": "安全韧性底线", "project_type": "市政管网", "社区": "沙河社区", "村": null}}, {"type": "Feature", "geometry": {"type": "Point", "coordinates": [111.359789, 30.661309]}, "properties": {"办件编号": "20240915000708", "事件": "求助", "类9": "管网安全", "方面": "安全韧性", "geocode_status": "ok", "board": "安全韧性底线", "project_type": "市政管网", "社区": null, "村": "共强村"}}, {"type": "Feature", "geometry": {"type": "Point", "coordinates": [111.281897, 30.712345]}, "properties": {"办件编号": "20240915000398", "事件": "求助", "类9": "管网安全", "方面": "安全韧性", "geocode_status": "ok", "board": "安全韧性底线", "project_type": "市政管网", "社区": "石板溪社区", "村": null}}, {"type": "Feature", "geometry": {"type": "Point", "coordinates": [111.303001, 30.69119]}, "properties": {"办件编号": "20240915000260", "事件": "投诉", "类9": "消防安全", "方面": "安全韧性", "geocode_status": "ok", "board": "安全韧性底线", "project_type": "安全消防", "社区": "体育场路社区", "村": null}}, {"type": "Feature", "geometry": {"type": "Point", "coordinates": [111.286962, 30.69217]}, "properties": {"办件编号": "20240914000921", "事件": "投诉", "类9": "出行安全", "方面": "安全韧性", "geocode_status": "ok", "board": "安全韧性底线", "project_type": "交通设施", "社区": "新隆康路社区", "村": null}}, {"type": "Feature", "geometry": {"type": "Point", "coordinates": [111.298014, 30.691857]}, "properties": {"办件编号": "20240914000888", "事件": "投诉", "类9": "出行安全", "方面": "安全韧性", "geocode_status": "ok", "board": "安全韧性底线", "project_type": "交通设施", "社区": "北山坡社区", "村": null}}, {"type": "Feature", "geometry": {"type": "Point", "coordinates": [111.333, 30.655]}, "properties": {"办件编号": "20240914000247", "事件": "求助", "类9": "管网安全", "方面": "安全韧性", "geocode_status": "region", "board": "安全韧性底线", "project_type": "市政管网", "社区": null, "村": null}}, {"type": "Feature", "geometry": {"type": "Point", "coordinates": [111.333, 30.655]}, "properties": {"办件编号": "20240914000075", "事件": "求助", "类9": "管网安全", "方面": "安全韧性", "geocode_status": "region", "board": "安全韧性底线", "project_type": "市政管网", "社区": null, "村": null}}, {"type": "Feature", "geometry": {"type": "Point", "coordinates": [111.307679, 30.681681]}, "properties": {"办件编号": "20240914000022", "事件": "求助", "类9": "管网安全", "方面": "安全韧性", "geocode_status": "ok", "board": "安全韧性底线", "project_type": "市政管网", "社区": "港务社区", "村": null}}, {"type": "Feature", "geometry": {"type": "Point", "coordinates": [111.305, 30.69]}, "properties": {"办件编号": "20240913001340", "事件": "建议", "类9": "出行安全", "方面": "安全韧性", "geocode_status": "region", "board": "安全韧性底线", "project_type": "交通设施", "社区": null, "村": null}}, {"type": "Feature", "geometry": {"type": "Point", "coordinates": [111.345652, 30.719287]}, "properties": {"办件编号": "20240913001283", "事件": "投诉", "类9": "消防安全", "方面": "安全韧性", "geocode_status": "ok", "board": "安全韧性底线", "project_type": "安全消防", "社区": "汕头路社区", "村": null}}, {"type": "Feature", "geometry": {"type": "Point", "coordinates": [111.297424, 30.742745]}, "properties": {"办件编号": "20240913001259", "事件": "求助", "类9": "管网安全", "方面": "安全韧性", "geocode_status": "ok", "board": "安全韧性底线", "project_type": "市政管网", "社区": null, "村": null}}, {"type": "Feature", "geometry": {"type": "Point", "coordinates": [111.305, 30.69]}, "properties": {"办件编号": "20240913001163", "事件": "求助", "类9": "出行安全", "方面": "安全韧性", "geocode_status": "region", "board": "安全韧性底线", "project_type": "交通设施", "社区": null, "村": null}}, {"type": "Feature", "geometry": {"type": "Point", "coordinates": [111.333, 30.655]}, "properties": {"办件编号": "20240913000875", "事件": "投诉", "类9": "出行安全", "方面": "安全韧性", "geocode_status": "region", "board": "安全韧性底线", "project_type": "交通设施", "社区": null, "村": null}}, {"type": "Feature", "geometry": {"type": "Point", "coordinates": [111.313127, 30.730384]}, "properties": {"办件编号": "20240913000425", "事件": "投诉", "类9": "出行安全", "方面": "安全韧性", "geocode_status": "ok", "board": "安全韧性底线", "project_type": "交通设施", "社区": "大学路社区", "村": null}}, {"type": "Feature", "geometry": {"type": "Point", "coordinates": [111.298729, 30.690504]}, "properties": {"办件编号": "20240913000069", "事件": "投诉", "类9": "出行安全", "方面": "安全韧性", "geocode_status": "ok", "board": "安全韧性底线", "project_type": "交通设施", "社区": "张家店社区", "村": null}}, {"type": "Feature", "geometry": {"type": "Point", "coordinates": [111.287, 30.7]}, "properties": {"办件编号": "20240912000921", "事件": "投诉", "类9": "出行安全", "方面": "安全韧性", "geocode_status": "region", "board": "安全韧性底线", "project_type": "交通设施", "社区": null, "村": null}}, {"type": "Feature", "geometry": {"type": "Point", "coordinates": [111.333, 30.655]}, "properties": {"办件编号": "20240912000789", "事件": "求助", "类9": "出行安全", "方面": "安全韧性", "geocode_status": "region", "board": "安全韧性底线", "project_type": "交通设施", "社区": null, "村": null}}, {"type": "Feature", "geometry": {"type": "Point", "coordinates": [111.333, 30.655]}, "properties": {"办件编号": "20240912000469", "事件": "求助", "类9": "出行安全", "方面": "安全韧性", "geocode_status": "region", "board": "安全韧性底线", "project_type": "交通设施", "社区": null, "村": null}}, {"type": "Feature", "geometry": {"type": "Point", "coordinates": [111.287, 30.7]}, "properties": {"办件编号": "20240912000232", "事件": "求助", "类9": "管网安全", "方面": "安全韧性", "geocode_status": "region", "board": "安全韧性底线", "project_type": "市政管网", "社区": null, "村": null}}, {"type": "Feature", "geometry": {"type": "Point", "coordinates": [111.313127, 30.730384]}, "properties": {"办件编号": "20240912000177", "事件": "投诉", "类9": "出行安全", "方面": "安全韧性", "geocode_status": "ok", "board": "安全韧性底线", "project_type": "交通设施", "社区": "大学路社区", "村": null}}, {"type": "Feature", "geometry": {"type": "Point", "coordinates": [111.388594, 30.642336]}, "properties": {"办件编号": "20240912000136", "事件": "求助", "类9": "管网安全", "方面": "安全韧性", "geocode_status": "ok", "board": "安全韧性底线", "project_type": "市政管网", "社区": "花溪路社区", "村": null}}, {"type": "Feature", "geometry": {"type": "Point", "coordinates": [111.287, 30.7]}, "properties": {"办件编号": "20240912000079", "事件": "求助", "类9": "出行安全", "方面": "安全韧性", "geocode_status": "region", "board": "安全韧性底线", "project_type": "交通设施", "社区": null, "村": null}}, {"type": "Feature", "geometry": {"type": "Point", "coordinates": [111.297638, 30.709885]}, "properties": {"办件编号": "20240911000651", "事件": "求助", "类9": "管网安全", "方面": "安全韧性", "geocode_status": "ok", "board": "安全韧性底线", "project_type": "市政管网", "社区": "香锦社区", "村": null}}, {"type": "Feature", "geometry": {"type": "Point", "coordinates": [111.307679, 30.681681]}, "properties": {"办件编号": "20240911000529", "事件": "求助", "类9": "出行安全", "方面": "安全韧性", "geocode_status": "ok", "board": "安全韧性底线", "project_type": "交通设施", "社区": "港务社区", "村": null}}, {"type": "Feature", "geometry": {"type": "Point", "coordinates": [111.334306, 30.721825]}, "properties": {"办件编号": "20240911000526", "事件": "求助", "类9": "管网安全", "方面": "安全韧性", "geocode_status": "ok", "board": "安全韧性底线", "project_type": "市政管网", "社区": "朝阳路社区", "村": null}}, {"type": "Feature", "geometry": {"type": "Point", "coordinates": [111.305, 30.69]}, "properties": {"办件编号": "20240911000497", "事件": "求助", "类9": "管网安全", "方面": "安全韧性", "geocode_status": "region", "board": "安全韧性底线", "project_type": "市政管网", "社区": null, "村": null}}, {"type": "Feature", "geometry": {"type": "Point", "coordinates": [111.333808, 30.684863]}, "properties": {"办件编号": "20240911000200", "事件": "建议", "类9": "出行安全", "方面": "安全韧性", "geocode_status": "ok", "board": "安全韧性底线", "project_type": "交通设施", "社区": null, "村": "旭光村"}}, {"type": "Feature", "geometry": {"type": "Point", "coordinates": [111.307679, 30.681681]}, "properties": {"办件编号": "20240910001152", "事件": "求助", "类9": "管网安全", "方面": "安全韧性", "geocode_status": "ok", "board": "安全韧性底线", "project_type": "市政管网", "社区": "港务社区", "村": null}}, {"type": "Feature", "geometry": {"type": "Point", "coordinates": [111.358132, 30.650426]}, "properties": {"办件编号": "20240910000534", "事件": "投诉", "类9": "环境安全", "方面": "安全韧性", "geocode_status": "ok", "board": "安全韧性底线", "project_type": "环境治理", "社区": null, "村": "共前村"}}, {"type": "Feature", "geometry": {"type": "Point", "coordinates": [111.333916, 30.738087]}, "properties": {"办件编号": "20240909001502", "事件": "建议", "类9": "出行安全", "方面": "安全韧性", "geocode_status": "ok", "board": "安全韧性底线", "project_type": "交通设施", "社区": "朝阳路社区", "村": null}}, {"type": "Feature", "geometry": {"type": "Point", "coordinates": [111.305, 30.69]}, "properties": {"办件编号": "20240909000861", "事件": "求助", "类9": "出行安全", "方面": "安全韧性", "geocode_status": "region", "board": "安全韧性底线", "project_type": "交通设施", "社区": null, "村": null}}, {"type": "Feature", "geometry": {"type": "Point", "coordinates": [111.282788, 30.714355]}, "properties": {"办件编号": "20240909000701", "事件": "求助", "类9": "管网安全", "方面": "安全韧性", "geocode_status": "ok", "board": "安全韧性底线", "project_type": "市政管网", "社区": "东方社区", "村": null}}, {"type": "Feature", "geometry": {"type": "Point", "coordinates": [111.333, 30.655]}, "properties": {"办件编号": "20240909000548", "事件": "求助", "类9": "管网安全", "方面": "安全韧性", "geocode_status": "region", "board": "安全韧性底线", "project_type": "市政管网", "社区": null, "村": null}}, {"type": "Feature", "geometry": {"type": "Point", "coordinates": [111.333, 30.655]}, "properties": {"办件编号": "20240909000451", "事件": "求助", "类9": "管网安全", "方面": "安全韧性", "geocode_status": "region", "board": "安全韧性底线", "project_type": "市政管网", "社区": null, "村": null}}, {"type": "Feature", "geometry": {"type": "Point", "coordinates": [111.360579, 30.640519]}, "properties": {"办件编号": "20240909000492", "事件": "投诉", "类9": "管网安全", "方面": "安全韧性", "geocode_status": "ok", "board": "安全韧性底线", "project_type": "市政管网", "社区": "八一路社区", "村": null}}, {"type": "Feature", "geometry": {"type": "Point", "coordinates": [111.360882, 30.644048]}, "properties": {"办件编号": "20240909000187", "事件": "投诉", "类9": "管网安全", "方面": "安全韧性", "geocode_status": "ok", "board": "安全韧性底线", "project_type": "市政管网", "社区": null, "村": "共勤村"}}, {"type": "Feature", "geometry": {"type": "Point", "coordinates": [111.305699, 30.731849]}, "properties": {"办件编号": "20240908000724", "事件": "求助", "类9": "出行安全", "方面": "安全韧性", "geocode_status": "ok", "board": "安全韧性底线", "project_type": "交通设施", "社区": "大学路社区", "村": null}}, {"type": "Feature", "geometry": {"type": "Point", "coordinates": [111.341091, 30.685179]}, "properties": {"办件编号": "20240908000169", "事件": "投诉", "类9": "消防安全", "方面": "安全韧性", "geocode_status": "ok", "board": "安全韧性底线", "project_type": "安全消防", "社区": null, "村": "旭光村"}}, {"type": "Feature", "geometry": {"type": "Point", "coordinates": [111.334306, 30.721825]}, "properties": {"办件编号": "20240907000681", "事件": "投诉", "类9": "管网安全", "方面": "安全韧性", "geocode_status": "ok", "board": "安全韧性底线", "project_type": "市政管网", "社区": "朝阳路社区", "村": null}}, {"type": "Feature", "geometry": {"type": "Point", "coordinates": [111.333923, 30.676653]}, "properties": {"办件编号": "20240907000635", "事件": "求助", "类9": "管网安全", "方面": "安全韧性", "geocode_status": "ok", "board": "安全韧性底线", "project_type": "市政管网", "社区": "白家冲社区", "村": null}}, {"type": "Feature", "geometry": {"type": "Point", "coordinates": [111.323307, 30.673036]}, "properties": {"办件编号": "20240908000448", "事件": "投诉", "类9": "出行安全", "方面": "安全韧性", "geocode_status": "ok", "board": "安全韧性底线", "project_type": "交通设施", "社区": "东星社区", "村": null}}, {"type": "Feature", "geometry": {"type": "Point", "coordinates": [111.295084, 30.708594]}, "properties": {"办件编号": "20240907000426", "事件": "投诉", "类9": "出行安全", "方面": "安全韧性", "geocode_status": "ok", "board": "安全韧性底线", "project_type": "交通设施", "社区": "绿萝路社区", "村": null}}, {"type": "Feature", "geometry": {"type": "Point", "coordinates": [111.303001, 30.69119]}, "properties": {"办件编号": "20240907000274", "事件": "投诉", "类9": "消防安全", "方面": "安全韧性", "geocode_status": "ok", "board": "安全韧性底线", "project_type": "安全消防", "社区": "体育场路社区", "村": null}}, {"type": "Feature", "geometry": {"type": "Point", "coordinates": [111.306724, 30.680978]}, "properties": {"办件编号": "20240907000138", "事件": "投诉", "类9": "出行安全", "方面": "安全韧性", "geocode_status": "ok", "board": "安全韧性底线", "project_type": "交通设施", "社区": "万达社区", "村": null}}, {"type": "Feature", "geometry": {"type": "Point", "coordinates": [111.333572, 30.681932]}, "properties": {"办件编号": "20240906001451", "事件": "投诉", "类9": "消防安全", "方面": "安全韧性", "geocode_status": "ok", "board": "安全韧性底线", "project_type": "安全消防", "社区": null, "村": "旭光村"}}, {"type": "Feature", "geometry": {"type": "Point", "coordinates": [111.333572, 30.681932]}, "properties": {"办件编号": "20240906001377", "事件": "建议", "类9": "出行安全", "方面": "安全韧性", "geocode_status": "ok", "board": "安全韧性底线", "project_type": "交通设施", "社区": null, "村": "旭光村"}}, {"type": "Feature", "geometry": {"type": "Point", "coordinates": [111.305, 30.69]}, "properties": {"办件编号": "20240906001246", "事件": "求助", "类9": "出行安全", "方面": "安全韧性", "geocode_status": "region", "board": "安全韧性底线", "project_type": "交通设施", "社区": null, "村": null}}, {"type": "Feature", "geometry": {"type": "Point", "coordinates": [111.287, 30.7]}, "properties": {"办件编号": "20240906001149", "事件": "求助", "类9": "管网安全", "方面": "安全韧性", "geocode_status": "region", "board": "安全韧性底线", "project_type": "市政管网", "社区": null, "村": null}}, {"type": "Feature", "geometry": {"type": "Point", "coordinates": [111.292642, 30.691585]}, "properties": {"办件编号": "20240906001035", "事件": "求助", "类9": "管网安全", "方面": "安全韧性", "geocode_status": "ok", "board": "安全韧性底线", "project_type": "市政管网", "社区": "胜利四路社区", "村": null}}, {"type": "Feature", "geometry": {"type": "Point", "coordinates": [111.305692, 30.731817]}, "properties": {"办件编号": "20240906000973", "事件": "投诉", "类9": "出行安全", "方面": "安全韧性", "geocode_status": "ok", "board": "安全韧性底线", "project_type": "交通设施", "社区": "大学路社区", "村": null}}, {"type": "Feature", "geometry": {"type": "Point", "coordinates": [111.325758, 30.666021]}, "properties": {"办件编号": "20240906000768", "事件": "求助", "类9": "出行安全", "方面": "安全韧性", "geocode_status": "ok", "board": "安全韧性底线", "project_type": "交通设施", "社区": "古塔社区", "村": null}}, {"type": "Feature", "geometry": {"type": "Point", "coordinates": [111.307679, 30.681681]}, "properties": {"办件编号": "20240906000545", "事件": "求助", "类9": "管网安全", "方面": "安全韧性", "geocode_status": "ok", "board": "安全韧性底线", "project_type": "市政管网", "社区": "港务社区", "村": null}}, {"type": "Feature", "geometry": {"type": "Point", "coordinates": [111.343165, 30.65919]}, "properties": {"办件编号": "20240906000464", "事件": "投诉", "类9": "管网安全", "方面": "安全韧性", "geocode_status": "ok", "board": "安全韧性底线", "project_type": "市政管网", "社区": "东艳路社区", "村": null}}, {"type": "Feature", "geometry": {"type": "Point", "coordinates": [111.392695, 30.648916]}, "properties": {"办件编号": "20240906000420", "事件": "求助", "类9": "管网安全", "方面": "安全韧性", "geocode_status": "ok", "board": "安全韧性底线", "project_type": "市政管网", "社区": null, "村": "共和村"}}, {"type": "Feature", "geometry": {"type": "Point", "coordinates": [111.287, 30.7]}, "properties": {"办件编号": "20240906000281", "事件": "求助", "类9": "管网安全", "方面": "安全韧性", "geocode_status": "region", "board": "安全韧性底线", "project_type": "市政管网", "社区": null, "村": null}}, {"type": "Feature", "geometry": {"type": "Point", "coordinates": [111.325471, 30.682928]}, "properties": {"办件编号": "20240905001377", "事件": "求助", "类9": "管网安全", "方面": "安全韧性", "geocode_status": "ok", "board": "安全韧性底线", "project_type": "市政管网", "社区": "竹涛山社区", "村": null}}, {"type": "Feature", "geometry": {"type": "Point", "coordinates": [111.287, 30.7]}, "properties": {"办件编号": "20240905001414", "事件": "建议", "类9": "出行安全", "方面": "安全韧性", "geocode_status": "region", "board": "安全韧性底线", "project_type": "交通设施", "社区": null, "村": null}}, {"type": "Feature", "geometry": {"type": "Point", "coordinates": [111.356046, 30.645435]}, "properties": {"办件编号": "20240905001384", "事件": "投诉", "类9": "管网安全", "方面": "安全韧性", "geocode_status": "ok", "board": "安全韧性底线", "project_type": "市政管网", "社区": "伍临路社区", "村": null}}, {"type": "Feature", "geometry": {"type": "Point", "coordinates": [111.318761, 30.671257]}, "properties": {"办件编号": "20240905000976", "事件": "求助", "类9": "管网安全", "方面": "安全韧性", "geocode_status": "ok", "board": "安全韧性底线", "project_type": "市政管网", "社区": "宝联社区", "村": null}}, {"type": "Feature", "geometry": {"type": "Point", "coordinates": [111.349667, 30.724518]}, "properties": {"办件编号": "20240905000688", "事件": "求助", "类9": "出行安全", "方面": "安全韧性", "geocode_status": "ok", "board": "安全韧性底线", "project_type": "交通设施", "社区": "石板社区", "村": null}}, {"type": "Feature", "geometry": {"type": "Point", "coordinates": [111.287, 30.7]}, "properties": {"办件编号": "20240905000823", "事件": "投诉", "类9": "消防安全", "方面": "安全韧性", "geocode_status": "region", "board": "安全韧性底线", "project_type": "安全消防", "社区": null, "村": null}}, {"type": "Feature", "geometry": {"type": "Point", "coordinates": [111.286263, 30.693799]}, "properties": {"办件编号": "20240905000267", "事件": "投诉", "类9": "消防安全", "方面": "安全韧性", "geocode_status": "ok", "board": "安全韧性底线", "project_type": "安全消防", "社区": "小林园社区", "村": null}}, {"type": "Feature", "geometry": {"type": "Point", "coordinates": [111.333, 30.655]}, "properties": {"办件编号": "20240905000133", "事件": "求助", "类9": "管网安全", "方面": "安全韧性", "geocode_status": "region", "board": "安全韧性底线", "project_type": "市政管网", "社区": null, "村": null}}, {"type": "Feature", "geometry": {"type": "Point", "coordinates": [111.360882, 30.644048]}, "properties": {"办件编号": "20240904001367", "事件": "投诉", "类9": "管网安全", "方面": "安全韧性", "geocode_status": "ok", "board": "安全韧性底线", "project_type": "市政管网", "社区": null, "村": "共勤村"}}, {"type": "Feature", "geometry": {"type": "Point", "coordinates": [111.333, 30.655]}, "properties": {"办件编号": "20240904001150", "事件": "投诉", "类9": "管网安全", "方面": "安全韧性", "geocode_status": "region", "board": "安全韧性底线", "project_type": "市政管网", "社区": null, "村": null}}, {"type": "Feature", "geometry": {"type": "Point", "coordinates": [111.287, 30.7]}, "properties": {"办件编号": "20240904001039", "事件": "求助", "类9": "管网安全", "方面": "安全韧性", "geocode_status": "region", "board": "安全韧性底线", "project_type": "市政管网", "社区": null, "村": null}}, {"type": "Feature", "geometry": {"type": "Point", "coordinates": [111.354355, 30.673084]}, "properties": {"办件编号": "20240904000487", "事件": "投诉", "类9": "管网安全", "方面": "安全韧性", "geocode_status": "ok", "board": "安全韧性底线", "project_type": "市政管网", "社区": "张家湾社区", "村": null}}, {"type": "Feature", "geometry": {"type": "Point", "coordinates": [111.318313, 30.700574]}, "properties": {"办件编号": "20240903001228", "事件": "建议", "类9": "出行安全", "方面": "安全韧性", "geocode_status": "ok", "board": "安全韧性底线", "project_type": "交通设施", "社区": "学堂湾社区", "村": null}}, {"type": "Feature", "geometry": {"type": "Point", "coordinates": [111.307679, 30.681681]}, "properties": {"办件编号": "20240903001205", "事件": "求助", "类9": "管网安全", "方面": "安全韧性", "geocode_status": "ok", "board": "安全韧性底线", "project_type": "市政管网", "社区": "港务社区", "村": null}}, {"type": "Feature", "geometry": {"type": "Point", "coordinates": [111.301778, 30.706917]}, "properties": {"办件编号": "20240903001200", "事件": "求助", "类9": "出行安全", "方面": "安全韧性", "geocode_status": "ok", "board": "安全韧性底线", "project_type": "交通设施", "社区": "香锦社区", "村": null}}, {"type": "Feature", "geometry": {"type": "Point", "coordinates": [111.333, 30.655]}, "properties": {"办件编号": "20240903000515", "事件": "求助", "类9": "管网安全", "方面": "安全韧性", "geocode_status": "region", "board": "安全韧性底线", "project_type": "市政管网", "社区": null, "村": null}}, {"type": "Feature", "geometry": {"type": "Point", "coordinates": [111.287, 30.7]}, "properties": {"办件编号": "20240903000095", "事件": "求助", "类9": "管网安全", "方面": "安全韧性", "geocode_status": "region", "board": "安全韧性底线", "project_type": "市政管网", "社区": null, "村": null}}, {"type": "Feature", "geometry": {"type": "Point", "coordinates": [111.313127, 30.730384]}, "properties": {"办件编号": "20240902001436", "事件": "求助", "类9": "出行安全", "方面": "安全韧性", "geocode_status": "ok", "board": "安全韧性底线", "project_type": "交通设施", "社区": "大学路社区", "村": null}}, {"type": "Feature", "geometry": {"type": "Point", "coordinates": [111.287, 30.7]}, "properties": {"办件编号": "20240902001273", "事件": "求助", "类9": "管网安全", "方面": "安全韧性", "geocode_status": "region", "board": "安全韧性底线", "project_type": "市政管网", "社区": null, "村": null}}, {"type": "Feature", "geometry": {"type": "Point", "coordinates": [111.309641, 30.682859]}, "properties": {"办件编号": "20240902001236", "事件": "投诉", "类9": "消防安全", "方面": "安全韧性", "geocode_status": "ok", "board": "安全韧性底线", "project_type": "安全消防", "社区": "建设社区", "村": null}}, {"type": "Feature", "geometry": {"type": "Point", "coordinates": [111.308249, 30.694457]}, "properties": {"办件编号": "20240902000821", "事件": "求助", "类9": "出行安全", "方面": "安全韧性", "geocode_status": "ok", "board": "安全韧性底线", "project_type": "交通设施", "社区": "体育场路社区", "村": null}}, {"type": "Feature", "geometry": {"type": "Point", "coordinates": [111.313127, 30.730384]}, "properties": {"办件编号": "20240902000532", "事件": "求助", "类9": "管网安全", "方面": "安全韧性", "geocode_status": "ok", "board": "安全韧性底线", "project_type": "市政管网", "社区": "大学路社区", "村": null}}, {"type": "Feature", "geometry": {"type": "Point", "coordinates": [111.350836, 30.643985]}, "properties": {"办件编号": "20240902000308", "事件": "投诉", "类9": "管网安全", "方面": "安全韧性", "geocode_status": "ok", "board": "安全韧性底线", "project_type": "市政管网", "社区": "伍临路社区", "村": null}}, {"type": "Feature", "geometry": {"type": "Point", "coordinates": [111.333, 30.655]}, "properties": {"办件编号": "20240902000164", "事件": "求助", "类9": "出行安全", "方面": "安全韧性", "geocode_status": "region", "board": "安全韧性底线", "project_type": "交通设施", "社区": null, "村": null}}, {"type": "Feature", "geometry": {"type": "Point", "coordinates": [111.333, 30.655]}, "properties": {"办件编号": "20240902000155", "事件": "求助", "类9": "管网安全", "方面": "安全韧性", "geocode_status": "region", "board": "安全韧性底线", "project_type": "市政管网", "社区": null, "村": null}}, {"type": "Feature", "geometry": {"type": "Point", "coordinates": [111.297704, 30.696322]}, "properties": {"办件编号": "20240902000084", "事件": "投诉", "类9": "出行安全", "方面": "安全韧性", "geocode_status": "ok", "board": "安全韧性底线", "project_type": "交通设施", "社区": "赵家湾社区", "村": null}}, {"type": "Feature", "geometry": {"type": "Point", "coordinates": [111.337728, 30.680816]}, "properties": {"办件编号": "20240901000048", "事件": "投诉", "类9": "出行安全", "方面": "安全韧性", "geocode_status": "ok", "board": "安全韧性底线", "project_type": "交通设施", "社区": "白家冲社区", "村": null}}, {"type": "Feature", "geometry": {"type": "Point", "coordinates": [111.370163, 30.658286]}, "properties": {"办件编号": "20240831000221", "事件": "投诉", "类9": "出行安全", "方面": "安全韧性", "geocode_status": "ok", "board": "安全韧性底线", "project_type": "交通设施", "社区": null, "村": "共和村"}}, {"type": "Feature", "geometry": {"type": "Point", "coordinates": [111.318313, 30.700574]}, "properties": {"办件编号": "20240831000151", "事件": "投诉", "类9": "出行安全", "方面": "安全韧性", "geocode_status": "ok", "board": "安全韧性底线", "project_type": "交通设施", "社区": "学堂湾社区", "村": null}}, {"type": "Feature", "geometry": {"type": "Point", "coordinates": [111.335685, 30.670258]}, "properties": {"办件编号": "20240830001273", "事件": "投诉", "类9": "管网安全", "方面": "安全韧性", "geocode_status": "ok", "board": "安全韧性底线", "project_type": "市政管网", "社区": "合益路社区", "村": null}}, {"type": "Feature", "geometry": {"type": "Point", "coordinates": [111.334306, 30.721825]}, "properties": {"办件编号": "20240830001113", "事件": "投诉", "类9": "管网安全", "方面": "安全韧性", "geocode_status": "ok", "board": "安全韧性底线", "project_type": "市政管网", "社区": "朝阳路社区", "村": null}}, {"type": "Feature", "geometry": {"type": "Point", "coordinates": [111.333, 30.655]}, "properties": {"办件编号": "20240830000928", "事件": "求助", "类9": "管网安全", "方面": "安全韧性", "geocode_status": "region", "board": "安全韧性底线", "project_type": "市政管网", "社区": null, "村": null}}, {"type": "Feature", "geometry": {"type": "Point", "coordinates": [111.286263, 30.693799]}, "properties": {"办件编号": "20240830000629", "事件": "投诉", "类9": "出行安全", "方面": "安全韧性", "geocode_status": "ok", "board": "安全韧性底线", "project_type": "交通设施", "社区": "小林园社区", "村": null}}, {"type": "Feature", "geometry": {"type": "Point", "coordinates": [111.333, 30.655]}, "properties": {"办件编号": "20240830000283", "事件": "求助", "类9": "管网安全", "方面": "安全韧性", "geocode_status": "region", "board": "安全韧性底线", "project_type": "市政管网", "社区": null, "村": null}}, {"type": "Feature", "geometry": {"type": "Point", "coordinates": [111.310474, 30.680618]}, "properties": {"办件编号": "20240830000297", "事件": "投诉", "类9": "消防安全", "方面": "安全韧性", "geocode_status": "ok", "board": "安全韧性底线", "project_type": "安全消防", "社区": "张家坡社区", "村": null}}, {"type": "Feature", "geometry": {"type": "Point", "coordinates": [111.339816, 30.67412]}, "properties": {"办件编号": "20240830000140", "事件": "投诉", "类9": "消防安全", "方面": "安全韧性", "geocode_status": "ok", "board": "安全韧性底线", "project_type": "安全消防", "社区": "枫香树社区", "村": null}}, {"type": "Feature", "geometry": {"type": "Point", "coordinates": [111.333, 30.655]}, "properties": {"办件编号": "20240830000087", "事件": "求助", "类9": "管网安全", "方面": "安全韧性", "geocode_status": "region", "board": "安全韧性底线", "project_type": "市政管网", "社区": null, "村": null}}, {"type": "Feature", "geometry": {"type": "Point", "coordinates": [111.333, 30.655]}, "properties": {"办件编号": "20240829001283", "事件": "求助", "类9": "管网安全", "方面": "安全韧性", "geocode_status": "region", "board": "安全韧性底线", "project_type": "市政管网", "社区": null, "村": null}}, {"type": "Feature", "geometry": {"type": "Point", "coordinates": [111.362821, 30.64987]}, "properties": {"办件编号": "20240829001154", "事件": "投诉", "类9": "管网安全", "方面": "安全韧性", "geocode_status": "ok", "board": "安全韧性底线", "project_type": "市政管网", "社区": null, "村": "共勤村"}}, {"type": "Feature", "geometry": {"type": "Point", "coordinates": [111.333, 30.655]}, "properties": {"办件编号": "20240829001009", "事件": "求助", "类9": "管网安全", "方面": "安全韧性", "geocode_status": "region", "board": "安全韧性底线", "project_type": "市政管网", "社区": null, "村": null}}, {"type": "Feature", "geometry": {"type": "Point", "coordinates": [111.319368, 30.670576]}, "properties": {"办件编号": "20240829000222", "事件": "投诉", "类9": "管网安全", "方面": "安全韧性", "geocode_status": "ok", "board": "安全韧性底线", "project_type": "市政管网", "社区": "宝联社区", "村": null}}, {"type": "Feature", "geometry": {"type": "Point", "coordinates": [111.287, 30.7]}, "properties": {"办件编号": "20240829000091", "事件": "求助", "类9": "管网安全", "方面": "安全韧性", "geocode_status": "region", "board": "安全韧性底线", "project_type": "市政管网", "社区": null, "村": null}}, {"type": "Feature", "geometry": {"type": "Point", "coordinates": [111.307679, 30.681681]}, "properties": {"办件编号": "20240828000653", "事件": "求助", "类9": "管网安全", "方面": "安全韧性", "geocode_status": "ok", "board": "安全韧性底线", "project_type": "市政管网", "社区": "港务社区", "村": null}}, {"type": "Feature", "geometry": {"type": "Point", "coordinates": [111.287, 30.7]}, "properties": {"办件编号": "20240828000434", "事件": "投诉", "类9": "管网安全", "方面": "安全韧性", "geocode_status": "region", "board": "安全韧性底线", "project_type": "市政管网", "社区": null, "村": null}}, {"type": "Feature", "geometry": {"type": "Point", "coordinates": [111.34636, 30.673512]}, "properties": {"办件编号": "20240828000347", "事件": "求助", "类9": "管网安全", "方面": "安全韧性", "geocode_status": "ok", "board": "安全韧性底线", "project_type": "市政管网", "社区": "枫香树社区", "村": null}}, {"type": "Feature", "geometry": {"type": "Point", "coordinates": [111.287, 30.7]}, "properties": {"办件编号": "20240828000507", "事件": "投诉", "类9": "管网安全", "方面": "安全韧性", "geocode_status": "region", "board": "安全韧性底线", "project_type": "市政管网", "社区": null, "村": null}}, {"type": "Feature", "geometry": {"type": "Point", "coordinates": [111.313127, 30.730384]}, "properties": {"办件编号": "20240827001257", "事件": "投诉", "类9": "出行安全", "方面": "安全韧性", "geocode_status": "ok", "board": "安全韧性底线", "project_type": "交通设施", "社区": "大学路社区", "村": null}}, {"type": "Feature", "geometry": {"type": "Point", "coordinates": [111.313127, 30.730384]}, "properties": {"办件编号": "20240827001054", "事件": "求助", "类9": "出行安全", "方面": "安全韧性", "geocode_status": "ok", "board": "安全韧性底线", "project_type": "交通设施", "社区": "大学路社区", "村": null}}, {"type": "Feature", "geometry": {"type": "Point", "coordinates": [111.321284, 30.67413]}, "properties": {"办件编号": "20240827001050", "事件": "投诉", "类9": "出行安全", "方面": "安全韧性", "geocode_status": "ok", "board": "安全韧性底线", "project_type": "交通设施", "社区": null, "村": "汉宜村"}}, {"type": "Feature", "geometry": {"type": "Point", "coordinates": [111.310129, 30.680256]}, "properties": {"办件编号": "20240827001036", "事件": "求助", "类9": "管网安全", "方面": "安全韧性", "geocode_status": "ok", "board": "安全韧性底线", "project_type": "市政管网", "社区": "港务社区", "村": null}}, {"type": "Feature", "geometry": {"type": "Point", "coordinates": [111.283473, 30.711588]}, "properties": {"办件编号": "20240827000676", "事件": "投诉", "类9": "消防安全", "方面": "安全韧性", "geocode_status": "ok", "board": "安全韧性底线", "project_type": "安全消防", "社区": "石板溪社区", "村": null}}, {"type": "Feature", "geometry": {"type": "Point", "coordinates": [111.313127, 30.730384]}, "properties": {"办件编号": "20240827000638", "事件": "投诉", "类9": "出行安全", "方面": "安全韧性", "geocode_status": "ok", "board": "安全韧性底线", "project_type": "交通设施", "社区": "大学路社区", "村": null}}, {"type": "Feature", "geometry": {"type": "Point", "coordinates": [111.333, 30.655]}, "properties": {"办件编号": "20240827000104", "事件": "求助", "类9": "出行安全", "方面": "安全韧性", "geocode_status": "region", "board": "安全韧性底线", "project_type": "交通设施", "社区": null, "村": null}}, {"type": "Feature", "geometry": {"type": "Point", "coordinates": [111.280901, 30.702473]}, "properties": {"办件编号": "20240826001533", "事件": "投诉", "类9": "出行安全", "方面": "安全韧性", "geocode_status": "ok", "board": "安全韧性底线", "project_type": "交通设施", "社区": "环城东路社区", "村": null}}, {"type": "Feature", "geometry": {"type": "Point", "coordinates": [111.313781, 30.678205]}, "properties": {"办件编号": "20240825000857", "事件": "建议", "类9": "出行安全", "方面": "安全韧性", "geocode_status": "ok", "board": "安全韧性底线", "project_type": "交通设施", "社区": "张家坡社区", "村": null}}, {"type": "Feature", "geometry": {"type": "Point", "coordinates": [111.329247, 30.736192]}, "properties": {"办件编号": "20240826000979", "事件": "投诉", "类9": "管网安全", "方面": "安全韧性", "geocode_status": "ok", "board": "安全韧性底线", "project_type": "市政管网", "社区": "唐家湾社区", "村": null}}, {"type": "Feature", "geometry": {"type": "Point", "coordinates": [111.329247, 30.736192]}, "properties": {"办件编号": "20240826000980", "事件": "投诉", "类9": "管网安全", "方面": "安全韧性", "geocode_status": "ok", "board": "安全韧性底线", "project_type": "市政管网", "社区": "唐家湾社区", "村": null}}, {"type": "Feature", "geometry": {"type": "Point", "coordinates": [111.329247, 30.736192]}, "properties": {"办件编号": "20240826000981", "事件": "投诉", "类9": "管网安全", "方面": "安全韧性", "geocode_status": "ok", "board": "安全韧性底线", "project_type": "市政管网", "社区": "唐家湾社区", "村": null}}, {"type": "Feature", "geometry": {"type": "Point", "coordinates": [111.329247, 30.736192]}, "properties": {"办件编号": "20240826000982", "事件": "投诉", "类9": "管网安全", "方面": "安全韧性", "geocode_status": "ok", "board": "安全韧性底线", "project_type": "市政管网", "社区": "唐家湾社区", "村": null}}, {"type": "Feature", "geometry": {"type": "Point", "coordinates": [111.329247, 30.736192]}, "properties": {"办件编号": "20240826000983", "事件": "投诉", "类9": "管网安全", "方面": "安全韧性", "geocode_status": "ok", "board": "安全韧性底线", "project_type": "市政管网", "社区": "唐家湾社区", "村": null}}, {"type": "Feature", "geometry": {"type": "Point", "coordinates": [111.373683, 30.620496]}, "properties": {"办件编号": "20240825000038", "事件": "建议", "类9": "出行安全", "方面": "安全韧性", "geocode_status": "ok", "board": "安全韧性底线", "project_type": "交通设施", "社区": null, "村": "共联村"}}, {"type": "Feature", "geometry": {"type": "Point", "coordinates": [111.313127, 30.730384]}, "properties": {"办件编号": "20240824000539", "事件": "投诉", "类9": "出行安全", "方面": "安全韧性", "geocode_status": "ok", "board": "安全韧性底线", "project_type": "交通设施", "社区": "大学路社区", "村": null}}, {"type": "Feature", "geometry": {"type": "Point", "coordinates": [111.307679, 30.681681]}, "properties": {"办件编号": "20240823001143", "事件": "求助", "类9": "出行安全", "方面": "安全韧性", "geocode_status": "ok", "board": "安全韧性底线", "project_type": "交通设施", "社区": "港务社区", "村": null}}, {"type": "Feature", "geometry": {"type": "Point", "coordinates": [111.319368, 30.670576]}, "properties": {"办件编号": "20240823000805", "事件": "投诉", "类9": "管网安全", "方面": "安全韧性", "geocode_status": "ok", "board": "安全韧性底线", "project_type": "市政管网", "社区": "宝联社区", "村": null}}, {"type": "Feature", "geometry": {"type": "Point", "coordinates": [111.305, 30.69]}, "properties": {"办件编号": "20240823000494", "事件": "求助", "类9": "管网安全", "方面": "安全韧性", "geocode_status": "region", "board": "安全韧性底线", "project_type": "市政管网", "社区": null, "村": null}}, {"type": "Feature", "geometry": {"type": "Point", "coordinates": [111.362821, 30.64987]}, "properties": {"办件编号": "20240823000217", "事件": "建议", "类9": "出行安全", "方面": "安全韧性", "geocode_status": "ok", "board": "安全韧性底线", "project_type": "交通设施", "社区": null, "村": "共勤村"}}, {"type": "Feature", "geometry": {"type": "Point", "coordinates": [111.333572, 30.681932]}, "properties": {"办件编号": "20240822001396", "事件": "求助", "类9": "管网安全", "方面": "安全韧性", "geocode_status": "ok", "board": "安全韧性底线", "project_type": "市政管网", "社区": null, "村": "旭光村"}}, {"type": "Feature", "geometry": {"type": "Point", "coordinates": [111.334306, 30.721825]}, "properties": {"办件编号": "20240822001371", "事件": "投诉", "类9": "管网安全", "方面": "安全韧性", "geocode_status": "ok", "board": "安全韧性底线", "project_type": "市政管网", "社区": "朝阳路社区", "村": null}}, {"type": "Feature", "geometry": {"type": "Point", "coordinates": [111.287, 30.7]}, "properties": {"办件编号": "20240822000294", "事件": "求助", "类9": "管网安全", "方面": "安全韧性", "geocode_status": "region", "board": "安全韧性底线", "project_type": "市政管网", "社区": null, "村": null}}, {"type": "Feature", "geometry": {"type": "Point", "coordinates": [111.309162, 30.684457]}, "properties": {"办件编号": "20240822000237", "事件": "求助", "类9": "管网安全", "方面": "安全韧性", "geocode_status": "ok", "board": "安全韧性底线", "project_type": "市政管网", "社区": "建设社区", "村": null}}, {"type": "Feature", "geometry": {"type": "Point", "coordinates": [111.380082, 30.660195]}, "properties": {"办件编号": "20240822000205", "事件": "求助", "类9": "管网安全", "方面": "安全韧性", "geocode_status": "ok", "board": "安全韧性底线", "project_type": "市政管网", "社区": null, "村": "共和村"}}, {"type": "Feature", "geometry": {"type": "Point", "coordinates": [111.332385, 30.666728]}, "properties": {"办件编号": "20240822000054", "事件": "投诉", "类9": "出行安全", "方面": "安全韧性", "geocode_status": "ok", "board": "安全韧性底线", "project_type": "交通设施", "社区": "徐家坝社区", "村": null}}, {"type": "Feature", "geometry": {"type": "Point", "coordinates": [111.381253, 30.663301]}, "properties": {"办件编号": "20240821001002", "事件": "求助", "类9": "出行安全", "方面": "安全韧性", "geocode_status": "ok", "board": "安全韧性底线", "project_type": "交通设施", "社区": "三峡物流园社区", "村": null}}, {"type": "Feature", "geometry": {"type": "Point", "coordinates": [111.287, 30.7]}, "properties": {"办件编号": "20240821000299", "事件": "求助", "类9": "管网安全", "方面": "安全韧性", "geocode_status": "region", "board": "安全韧性底线", "project_type": "市政管网", "社区": null, "村": null}}, {"type": "Feature", "geometry": {"type": "Point", "coordinates": [111.334306, 30.721825]}, "properties": {"办件编号": "20240821000027", "事件": "投诉", "类9": "消防安全", "方面": "安全韧性", "geocode_status": "ok", "board": "安全韧性底线", "project_type": "安全消防", "社区": "朝阳路社区", "村": null}}, {"type": "Feature", "geometry": {"type": "Point", "coordinates": [111.325026, 30.677122]}, "properties": {"办件编号": "20240820001380", "事件": "投诉", "类9": "管网安全", "方面": "安全韧性", "geocode_status": "ok", "board": "安全韧性底线", "project_type": "市政管网", "社区": "魏家湾社区", "村": null}}, {"type": "Feature", "geometry": {"type": "Point", "coordinates": [111.322141, 30.699422]}, "properties": {"办件编号": "20240820001311", "事件": "建议", "类9": "出行安全", "方面": "安全韧性", "geocode_status": "ok", "board": "安全韧性底线", "project_type": "交通设施", "社区": "长江社区", "村": null}}, {"type": "Feature", "geometry": {"type": "Point", "coordinates": [111.287, 30.7]}, "properties": {"办件编号": "20240820000843", "事件": "求助", "类9": "管网安全", "方面": "安全韧性", "geocode_status": "region", "board": "安全韧性底线", "project_type": "市政管网", "社区": null, "村": null}}, {"type": "Feature", "geometry": {"type": "Point", "coordinates": [111.293312, 30.703434]}, "properties": {"办件编号": "20240820000767", "事件": "投诉", "类9": "出行安全", "方面": "安全韧性", "geocode_status": "ok", "board": "安全韧性底线", "project_type": "交通设施", "社区": "山庄路社区", "村": null}}, {"type": "Feature", "geometry": {"type": "Point", "coordinates": [111.287, 30.7]}, "properties": {"办件编号": "20240820000633", "事件": "求助", "类9": "出行安全", "方面": "安全韧性", "geocode_status": "region", "board": "安全韧性底线", "project_type": "交通设施", "社区": null, "村": null}}, {"type": "Feature", "geometry": {"type": "Point", "coordinates": [111.333, 30.655]}, "properties": {"办件编号": "20240820000333", "事件": "投诉", "类9": "消防安全", "方面": "安全韧性", "geocode_status": "region", "board": "安全韧性底线", "project_type": "安全消防", "社区": null, "村": null}}, {"type": "Feature", "geometry": {"type": "Point", "coordinates": [111.372583, 30.656226]}, "properties": {"办件编号": "20240820000090", "事件": "投诉", "类9": "管网安全", "方面": "安全韧性", "geocode_status": "ok", "board": "安全韧性底线", "project_type": "市政管网", "社区": "花艳社区", "村": null}}, {"type": "Feature", "geometry": {"type": "Point", "coordinates": [111.285315, 30.693866]}, "properties": {"办件编号": "20240819001160", "事件": "求助", "类9": "出行安全", "方面": "安全韧性", "geocode_status": "ok", "board": "安全韧性底线", "project_type": "交通设施", "社区": "小林园社区", "村": null}}, {"type": "Feature", "geometry": {"type": "Point", "coordinates": [111.321284, 30.67413]}, "properties": {"办件编号": "20240819001118", "事件": "求助", "类9": "管网安全", "方面": "安全韧性", "geocode_status": "ok", "board": "安全韧性底线", "project_type": "市政管网", "社区": null, "村": "汉宜村"}}, {"type": "Feature", "geometry": {"type": "Point", "coordinates": [111.30429, 30.684795]}, "properties": {"办件编号": "20240819000710", "事件": "投诉", "类9": "消防安全", "方面": "安全韧性", "geocode_status": "ok", "board": "安全韧性底线", "project_type": "安全消防", "社区": "港务社区", "村": null}}, {"type": "Feature", "geometry": {"type": "Point", "coordinates": [111.333, 30.655]}, "properties": {"办件编号": "20240819000315", "事件": "投诉", "类9": "出行安全", "方面": "安全韧性", "geocode_status": "region", "board": "安全韧性底线", "project_type": "交通设施", "社区": null, "村": null}}, {"type": "Feature", "geometry": {"type": "Point", "coordinates": [111.333, 30.655]}, "properties": {"办件编号": "20240819000289", "事件": "求助", "类9": "管网安全", "方面": "安全韧性", "geocode_status": "region", "board": "安全韧性底线", "project_type": "市政管网", "社区": null, "村": null}}, {"type": "Feature", "geometry": {"type": "Point", "coordinates": [111.333, 30.655]}, "properties": {"办件编号": "20240819000279", "事件": "求助", "类9": "管网安全", "方面": "安全韧性", "geocode_status": "region", "board": "安全韧性底线", "project_type": "市政管网", "社区": null, "村": null}}, {"type": "Feature", "geometry": {"type": "Point", "coordinates": [111.285696, 30.710765]}, "properties": {"办件编号": "20240818000121", "事件": "投诉", "类9": "出行安全", "方面": "安全韧性", "geocode_status": "ok", "board": "安全韧性底线", "project_type": "交通设施", "社区": "翁家堰社区", "村": null}}, {"type": "Feature", "geometry": {"type": "Point", "coordinates": [111.287, 30.7]}, "properties": {"办件编号": "20240818000058", "事件": "求助", "类9": "管网安全", "方面": "安全韧性", "geocode_status": "region", "board": "安全韧性底线", "project_type": "市政管网", "社区": null, "村": null}}, {"type": "Feature", "geometry": {"type": "Point", "coordinates": [111.34636, 30.673512]}, "properties": {"办件编号": "20240817000837", "事件": "投诉", "类9": "管网安全", "方面": "安全韧性", "geocode_status": "ok", "board": "安全韧性底线", "project_type": "市政管网", "社区": "枫香树社区", "村": null}}, {"type": "Feature", "geometry": {"type": "Point", "coordinates": [111.333, 30.655]}, "properties": {"办件编号": "20240817000737", "事件": "求助", "类9": "出行安全", "方面": "安全韧性", "geocode_status": "region", "board": "安全韧性底线", "project_type": "交通设施", "社区": null, "村": null}}, {"type": "Feature", "geometry": {"type": "Point", "coordinates": [111.309641, 30.682859]}, "properties": {"办件编号": "20240817000634", "事件": "投诉", "类9": "消防安全", "方面": "安全韧性", "geocode_status": "ok", "board": "安全韧性底线", "project_type": "安全消防", "社区": "建设社区", "村": null}}, {"type": "Feature", "geometry": {"type": "Point", "coordinates": [111.287, 30.7]}, "properties": {"办件编号": "20240817000557", "事件": "建议", "类9": "出行安全", "方面": "安全韧性", "geocode_status": "region", "board": "安全韧性底线", "project_type": "交通设施", "社区": null, "村": null}}, {"type": "Feature", "geometry": {"type": "Point", "coordinates": [111.30228, 30.686874]}, "properties": {"办件编号": "20240816001464", "事件": "投诉", "类9": "管网安全", "方面": "安全韧性", "geocode_status": "ok", "board": "安全韧性底线", "project_type": "市政管网", "社区": "建设社区", "村": null}}, {"type": "Feature", "geometry": {"type": "Point", "coordinates": [111.333, 30.655]}, "properties": {"办件编号": "20240816001187", "事件": "求助", "类9": "管网安全", "方面": "安全韧性", "geocode_status": "region", "board": "安全韧性底线", "project_type": "市政管网", "社区": null, "村": null}}, {"type": "Feature", "geometry": {"type": "Point", "coordinates": [111.306724, 30.680978]}, "properties": {"办件编号": "20240816001092", "事件": "投诉", "类9": "消防安全", "方面": "安全韧性", "geocode_status": "ok", "board": "安全韧性底线", "project_type": "安全消防", "社区": "万达社区", "村": null}}, {"type": "Feature", "geometry": {"type": "Point", "coordinates": [111.363833, 30.635519]}, "properties": {"办件编号": "20240816000401", "事件": "投诉", "类9": "管网安全", "方面": "安全韧性", "geocode_status": "ok", "board": "安全韧性底线", "project_type": "市政管网", "社区": null, "村": "共勤村"}}, {"type": "Feature", "geometry": {"type": "Point", "coordinates": [111.307679, 30.681681]}, "properties": {"办件编号": "20240816000295", "事件": "求助", "类9": "管网安全", "方面": "安全韧性", "geocode_status": "ok", "board": "安全韧性底线", "project_type": "市政管网", "社区": "港务社区", "村": null}}, {"type": "Feature", "geometry": {"type": "Point", "coordinates": [111.285696, 30.710765]}, "properties": {"办件编号": "20240816000283", "事件": "求助", "类9": "出行安全", "方面": "安全韧性", "geocode_status": "ok", "board": "安全韧性底线", "project_type": "交通设施", "社区": "翁家堰社区", "村": null}}, {"type": "Feature", "geometry": {"type": "Point", "coordinates": [111.319368, 30.670576]}, "properties": {"办件编号": "20240816000160", "事件": "投诉", "类9": "管网安全", "方面": "安全韧性", "geocode_status": "ok", "board": "安全韧性底线", "project_type": "市政管网", "社区": "宝联社区", "村": null}}, {"type": "Feature", "geometry": {"type": "Point", "coordinates": [111.325758, 30.666021]}, "properties": {"办件编号": "20240816000166", "事件": "投诉", "类9": "管网安全", "方面": "安全韧性", "geocode_status": "ok", "board": "安全韧性底线", "project_type": "市政管网", "社区": "古塔社区", "村": null}}, {"type": "Feature", "geometry": {"type": "Point", "coordinates": [111.294335, 30.68878]}, "properties": {"办件编号": "20240815000525", "事件": "求助", "类9": "管网安全", "方面": "安全韧性", "geocode_status": "ok", "board": "安全韧性底线", "project_type": "市政管网", "社区": "胜利二路社区", "村": null}}, {"type": "Feature", "geometry": {"type": "Point", "coordinates": [111.287, 30.7]}, "properties": {"办件编号": "20240815000477", "事件": "求助", "类9": "环境安全", "方面": "安全韧性", "geocode_status": "region", "board": "安全韧性底线", "project_type": "环境治理", "社区": null, "村": null}}, {"type": "Feature", "geometry": {"type": "Point", "coordinates": [111.321284, 30.67413]}, "properties": {"办件编号": "20240815000512", "事件": "建议", "类9": "出行安全", "方面": "安全韧性", "geocode_status": "ok", "board": "安全韧性底线", "project_type": "交通设施", "社区": null, "村": "汉宜村"}}, {"type": "Feature", "geometry": {"type": "Point", "coordinates": [111.287, 30.7]}, "properties": {"办件编号": "20240815000285", "事件": "求助", "类9": "出行安全", "方面": "安全韧性", "geocode_status": "region", "board": "安全韧性底线", "project_type": "交通设施", "社区": null, "村": null}}, {"type": "Feature", "geometry": {"type": "Point", "coordinates": [111.333, 30.655]}, "properties": {"办件编号": "20240814001380", "事件": "投诉", "类9": "消防安全", "方面": "安全韧性", "geocode_status": "region", "board": "安全韧性底线", "project_type": "安全消防", "社区": null, "村": null}}, {"type": "Feature", "geometry": {"type": "Point", "coordinates": [111.363833, 30.635519]}, "properties": {"办件编号": "20240814001210", "事件": "投诉", "类9": "管网安全", "方面": "安全韧性", "geocode_status": "ok", "board": "安全韧性底线", "project_type": "市政管网", "社区": null, "村": "共勤村"}}, {"type": "Feature", "geometry": {"type": "Point", "coordinates": [111.287, 30.7]}, "properties": {"办件编号": "20240814000863", "事件": "求助", "类9": "管网安全", "方面": "安全韧性", "geocode_status": "region", "board": "安全韧性底线", "project_type": "市政管网", "社区": null, "村": null}}, {"type": "Feature", "geometry": {"type": "Point", "coordinates": [111.313127, 30.730384]}, "properties": {"办件编号": "20240814000466", "事件": "投诉", "类9": "出行安全", "方面": "安全韧性", "geocode_status": "ok", "board": "安全韧性底线", "project_type": "交通设施", "社区": "大学路社区", "村": null}}, {"type": "Feature", "geometry": {"type": "Point", "coordinates": [111.360882, 30.644048]}, "properties": {"办件编号": "20240814000556", "事件": "建议", "类9": "管网安全", "方面": "安全韧性", "geocode_status": "ok", "board": "安全韧性底线", "project_type": "市政管网", "社区": null, "村": "共勤村"}}, {"type": "Feature", "geometry": {"type": "Point", "coordinates": [111.322654, 30.672275]}, "properties": {"办件编号": "20240814000662", "事件": "投诉", "类9": "管网安全", "方面": "安全韧性", "geocode_status": "ok", "board": "安全韧性底线", "project_type": "市政管网", "社区": "宝联社区", "村": null}}, {"type": "Feature", "geometry": {"type": "Point", "coordinates": [111.331039, 30.679559]}, "properties": {"办件编号": "20240813001350", "事件": "建议", "类9": "出行安全", "方面": "安全韧性", "geocode_status": "ok", "board": "安全韧性底线", "project_type": "交通设施", "社区": "岳湾路社区", "村": null}}, {"type": "Feature", "geometry": {"type": "Point", "coordinates": [111.307679, 30.681681]}, "properties": {"办件编号": "20240813000652", "事件": "求助", "类9": "管网安全", "方面": "安全韧性", "geocode_status": "ok", "board": "安全韧性底线", "project_type": "市政管网", "社区": "港务社区", "村": null}}, {"type": "Feature", "geometry": {"type": "Point", "coordinates": [111.333, 30.655]}, "properties": {"办件编号": "20240812001436", "事件": "投诉", "类9": "消防安全", "方面": "安全韧性", "geocode_status": "region", "board": "安全韧性底线", "project_type": "安全消防", "社区": null, "村": null}}, {"type": "Feature", "geometry": {"type": "Point", "coordinates": [111.334306, 30.721825]}, "properties": {"办件编号": "20240812001308", "事件": "投诉", "类9": "管网安全", "方面": "安全韧性", "geocode_status": "ok", "board": "安全韧性底线", "project_type": "市政管网", "社区": "朝阳路社区", "村": null}}, {"type": "Feature", "geometry": {"type": "Point", "coordinates": [111.287, 30.7]}, "properties": {"办件编号": "20240812001280", "事件": "求助", "类9": "出行安全", "方面": "安全韧性", "geocode_status": "region", "board": "安全韧性底线", "project_type": "交通设施", "社区": null, "村": null}}, {"type": "Feature", "geometry": {"type": "Point", "coordinates": [111.333, 30.655]}, "properties": {"办件编号": "20240812001214", "事件": "求助", "类9": "出行安全", "方面": "安全韧性", "geocode_status": "region", "board": "安全韧性底线", "project_type": "交通设施", "社区": null, "村": null}}, {"type": "Feature", "geometry": {"type": "Point", "coordinates": [111.287, 30.7]}, "properties": {"办件编号": "20240812001125", "事件": "求助", "类9": "出行安全", "方面": "安全韧性", "geocode_status": "region", "board": "安全韧性底线", "project_type": "交通设施", "社区": null, "村": null}}, {"type": "Feature", "geometry": {"type": "Point", "coordinates": [111.305, 30.69]}, "properties": {"办件编号": "20240812001075", "事件": "投诉", "类9": "出行安全", "方面": "安全韧性", "geocode_status": "region", "board": "安全韧性底线", "project_type": "交通设施", "社区": null, "村": null}}, {"type": "Feature", "geometry": {"type": "Point", "coordinates": [111.309162, 30.684457]}, "properties": {"办件编号": "20240812000993", "事件": "求助", "类9": "管网安全", "方面": "安全韧性", "geocode_status": "ok", "board": "安全韧性底线", "project_type": "市政管网", "社区": "建设社区", "村": null}}, {"type": "Feature", "geometry": {"type": "Point", "coordinates": [111.334306, 30.721825]}, "properties": {"办件编号": "20240812000669", "事件": "投诉", "类9": "管网安全", "方面": "安全韧性", "geocode_status": "ok", "board": "安全韧性底线", "project_type": "市政管网", "社区": "朝阳路社区", "村": null}}, {"type": "Feature", "geometry": {"type": "Point", "coordinates": [111.291474, 30.698916]}, "properties": {"办件编号": "20240812000451", "事件": "求助", "类9": "出行安全", "方面": "安全韧性", "geocode_status": "ok", "board": "安全韧性底线", "project_type": "交通设施", "社区": "果园路社区", "村": null}}, {"type": "Feature", "geometry": {"type": "Point", "coordinates": [111.334306, 30.721825]}, "properties": {"办件编号": "20240812000434", "事件": "投诉", "类9": "出行安全", "方面": "安全韧性", "geocode_status": "ok", "board": "安全韧性底线", "project_type": "交通设施", "社区": "朝阳路社区", "村": null}}, {"type": "Feature", "geometry": {"type": "Point", "coordinates": [111.363636, 30.631779]}, "properties": {"办件编号": "20240812000202", "事件": "求助", "类9": "管网安全", "方面": "安全韧性", "geocode_status": "ok", "board": "安全韧性底线", "project_type": "市政管网", "社区": "鑫鼎社区", "村": null}}, {"type": "Feature", "geometry": {"type": "Point", "coordinates": [111.321284, 30.67413]}, "properties": {"办件编号": "20240812000153", "事件": "投诉", "类9": "出行安全", "方面": "安全韧性", "geocode_status": "ok", "board": "安全韧性底线", "project_type": "交通设施", "社区": null, "村": "汉宜村"}}, {"type": "Feature", "geometry": {"type": "Point", "coordinates": [111.305, 30.69]}, "properties": {"办件编号": "20240811000453", "事件": "建议", "类9": "出行安全", "方面": "安全韧性", "geocode_status": "region", "board": "安全韧性底线", "project_type": "交通设施", "社区": null, "村": null}}, {"type": "Feature", "geometry": {"type": "Point", "coordinates": [111.305, 30.69]}, "properties": {"办件编号": "20240811000241", "事件": "投诉", "类9": "管网安全", "方面": "安全韧性", "geocode_status": "region", "board": "安全韧性底线", "project_type": "市政管网", "社区": null, "村": null}}, {"type": "Feature", "geometry": {"type": "Point", "coordinates": [111.305, 30.69]}, "properties": {"办件编号": "20240811000163", "事件": "投诉", "类9": "出行安全", "方面": "安全韧性", "geocode_status": "region", "board": "安全韧性底线", "project_type": "交通设施", "社区": null, "村": null}}, {"type": "Feature", "geometry": {"type": "Point", "coordinates": [111.322654, 30.672275]}, "properties": {"办件编号": "20240811000149", "事件": "投诉", "类9": "管网安全", "方面": "安全韧性", "geocode_status": "ok", "board": "安全韧性底线", "project_type": "市政管网", "社区": "宝联社区", "村": null}}, {"type": "Feature", "geometry": {"type": "Point", "coordinates": [111.313127, 30.730384]}, "properties": {"办件编号": "20240811000068", "事件": "求助", "类9": "管网安全", "方面": "安全韧性", "geocode_status": "ok", "board": "安全韧性底线", "project_type": "市政管网", "社区": "大学路社区", "村": null}}, {"type": "Feature", "geometry": {"type": "Point", "coordinates": [111.305, 30.69]}, "properties": {"办件编号": "20240810000771", "事件": "投诉", "类9": "出行安全", "方面": "安全韧性", "geocode_status": "region", "board": "安全韧性底线", "project_type": "交通设施", "社区": null, "村": null}}, {"type": "Feature", "geometry": {"type": "Point", "coordinates": [111.334306, 30.721825]}, "properties": {"办件编号": "20240810000496", "事件": "求助", "类9": "出行安全", "方面": "安全韧性", "geocode_status": "ok", "board": "安全韧性底线", "project_type": "交通设施", "社区": "朝阳路社区", "村": null}}, {"type": "Feature", "geometry": {"type": "Point", "coordinates": [111.343165, 30.65919]}, "properties": {"办件编号": "20240810000284", "事件": "投诉", "类9": "管网安全", "方面": "安全韧性", "geocode_status": "ok", "board": "安全韧性底线", "project_type": "市政管网", "社区": "东艳路社区", "村": null}}, {"type": "Feature", "geometry": {"type": "Point", "coordinates": [111.306724, 30.680978]}, "properties": {"办件编号": "20240809000706", "事件": "投诉", "类9": "管网安全", "方面": "安全韧性", "geocode_status": "ok", "board": "安全韧性底线", "project_type": "市政管网", "社区": "万达社区", "村": null}}, {"type": "Feature", "geometry": {"type": "Point", "coordinates": [111.333, 30.655]}, "properties": {"办件编号": "20240809000470", "事件": "求助", "类9": "管网安全", "方面": "安全韧性", "geocode_status": "region", "board": "安全韧性底线", "project_type": "市政管网", "社区": null, "村": null}}, {"type": "Feature", "geometry": {"type": "Point", "coordinates": [111.31536, 30.742603]}, "properties": {"办件编号": "20240809000425", "事件": "求助", "类9": "出行安全", "方面": "安全韧性", "geocode_status": "ok", "board": "安全韧性底线", "project_type": "交通设施", "社区": "沙河社区", "村": null}}, {"type": "Feature", "geometry": {"type": "Point", "coordinates": [111.307679, 30.681681]}, "properties": {"办件编号": "20240809000321", "事件": "求助", "类9": "管网安全", "方面": "安全韧性", "geocode_status": "ok", "board": "安全韧性底线", "project_type": "市政管网", "社区": "港务社区", "村": null}}, {"type": "Feature", "geometry": {"type": "Point", "coordinates": [111.384703, 30.630331]}, "properties": {"办件编号": "20240808001100", "事件": "投诉", "类9": "出行安全", "方面": "安全韧性", "geocode_status": "ok", "board": "安全韧性底线", "project_type": "交通设施", "社区": null, "村": null}}, {"type": "Feature", "geometry": {"type": "Point", "coordinates": [111.307735, 30.687055]}, "properties": {"办件编号": "20240808000347", "事件": "求助", "类9": "管网安全", "方面": "安全韧性", "geocode_status": "ok", "board": "安全韧性底线", "project_type": "市政管网", "社区": "建设社区", "村": null}}, {"type": "Feature", "geometry": {"type": "Point", "coordinates": [111.281122, 30.722704]}, "properties": {"办件编号": "20240808000282", "事件": "求助", "类9": "管网安全", "方面": "安全韧性", "geocode_status": "ok", "board": "安全韧性底线", "project_type": "市政管网", "社区": "东湖社区", "村": null}}, {"type": "Feature", "geometry": {"type": "Point", "coordinates": [111.305, 30.69]}, "properties": {"办件编号": "20240808000267", "事件": "求助", "类9": "出行安全", "方面": "安全韧性", "geocode_status": "region", "board": "安全韧性底线", "project_type": "交通设施", "社区": null, "村": null}}, {"type": "Feature", "geometry": {"type": "Point", "coordinates": [111.333, 30.655]}, "properties": {"办件编号": "20240808000177", "事件": "求助", "类9": "管网安全", "方面": "安全韧性", "geocode_status": "region", "board": "安全韧性底线", "project_type": "市政管网", "社区": null, "村": null}}, {"type": "Feature", "geometry": {"type": "Point", "coordinates": [111.328869, 30.678785]}, "properties": {"办件编号": "20240808000124", "事件": "求助", "类9": "出行安全", "方面": "安全韧性", "geocode_status": "ok", "board": "安全韧性底线", "project_type": "交通设施", "社区": "胡家冲社区", "村": null}}, {"type": "Feature", "geometry": {"type": "Point", "coordinates": [111.287, 30.7]}, "properties": {"办件编号": "20240808000067", "事件": "投诉", "类9": "出行安全", "方面": "安全韧性", "geocode_status": "region", "board": "安全韧性底线", "project_type": "交通设施", "社区": null, "村": null}}, {"type": "Feature", "geometry": {"type": "Point", "coordinates": [111.313127, 30.730384]}, "properties": {"办件编号": "20240807001259", "事件": "求助", "类9": "出行安全", "方面": "安全韧性", "geocode_status": "ok", "board": "安全韧性底线", "project_type": "交通设施", "社区": "大学路社区", "村": null}}, {"type": "Feature", "geometry": {"type": "Point", "coordinates": [111.363636, 30.631779]}, "properties": {"办件编号": "20240807000129", "事件": "求助", "类9": "管网安全", "方面": "安全韧性", "geocode_status": "ok", "board": "安全韧性底线", "project_type": "市政管网", "社区": "鑫鼎社区", "村": null}}, {"type": "Feature", "geometry": {"type": "Point", "coordinates": [111.310129, 30.680256]}, "properties": {"办件编号": "20240806001457", "事件": "求助", "类9": "管网安全", "方面": "安全韧性", "geocode_status": "ok", "board": "安全韧性底线", "project_type": "市政管网", "社区": "港务社区", "村": null}}, {"type": "Feature", "geometry": {"type": "Point", "coordinates": [111.35286, 30.66725]}, "properties": {"办件编号": "20240806001432", "事件": "求助", "类9": "管网安全", "方面": "安全韧性", "geocode_status": "ok", "board": "安全韧性底线", "project_type": "市政管网", "社区": null, "村": "火光村"}}, {"type": "Feature", "geometry": {"type": "Point", "coordinates": [111.307679, 30.681681]}, "properties": {"办件编号": "20240806001312", "事件": "投诉", "类9": "出行安全", "方面": "安全韧性", "geocode_status": "ok", "board": "安全韧性底线", "project_type": "交通设施", "社区": "港务社区", "村": null}}, {"type": "Feature", "geometry": {"type": "Point", "coordinates": [111.370163, 30.658286]}, "properties": {"办件编号": "20240806001296", "事件": "投诉", "类9": "管网安全", "方面": "安全韧性", "geocode_status": "ok", "board": "安全韧性底线", "project_type": "市政管网", "社区": null, "村": "共和村"}}, {"type": "Feature", "geometry": {"type": "Point", "coordinates": [111.321284, 30.67413]}, "properties": {"办件编号": "20240806000892", "事件": "求助", "类9": "出行安全", "方面": "安全韧性", "geocode_status": "ok", "board": "安全韧性底线", "project_type": "交通设施", "社区": null, "村": "汉宜村"}}, {"type": "Feature", "geometry": {"type": "Point", "coordinates": [111.291474, 30.698916]}, "properties": {"办件编号": "20240806000831", "事件": "求助", "类9": "管网安全", "方面": "安全韧性", "geocode_status": "ok", "board": "安全韧性底线", "project_type": "市政管网", "社区": "果园路社区", "村": null}}, {"type": "Feature", "geometry": {"type": "Point", "coordinates": [111.346083, 30.731698]}, "properties": {"办件编号": "20240806000498", "事件": "求助", "类9": "出行安全", "方面": "安全韧性", "geocode_status": "ok", "board": "安全韧性底线", "project_type": "交通设施", "社区": "石板社区", "村": null}}, {"type": "Feature", "geometry": {"type": "Point", "coordinates": [111.287, 30.7]}, "properties": {"办件编号": "20240806000110", "事件": "投诉", "类9": "出行安全", "方面": "安全韧性", "geocode_status": "region", "board": "安全韧性底线", "project_type": "交通设施", "社区": null, "村": null}}, {"type": "Feature", "geometry": {"type": "Point", "coordinates": [111.305, 30.69]}, "properties": {"办件编号": "20240805000803", "事件": "建议", "类9": "出行安全", "方面": "安全韧性", "geocode_status": "region", "board": "安全韧性底线", "project_type": "交通设施", "社区": null, "村": null}}, {"type": "Feature", "geometry": {"type": "Point", "coordinates": [111.333, 30.655]}, "properties": {"办件编号": "20240805000329", "事件": "求助", "类9": "出行安全", "方面": "安全韧性", "geocode_status": "region", "board": "安全韧性底线", "project_type": "交通设施", "社区": null, "村": null}}, {"type": "Feature", "geometry": {"type": "Point", "coordinates": [111.285696, 30.710765]}, "properties": {"办件编号": "20240805000153", "事件": "求助", "类9": "管网安全", "方面": "安全韧性", "geocode_status": "ok", "board": "安全韧性底线", "project_type": "市政管网", "社区": "翁家堰社区", "村": null}}, {"type": "Feature", "geometry": {"type": "Point", "coordinates": [111.285696, 30.710765]}, "properties": {"办件编号": "20240805000093", "事件": "投诉", "类9": "出行安全", "方面": "安全韧性", "geocode_status": "ok", "board": "安全韧性底线", "project_type": "交通设施", "社区": "翁家堰社区", "村": null}}, {"type": "Feature", "geometry": {"type": "Point", "coordinates": [111.321284, 30.67413]}, "properties": {"办件编号": "20240803000700", "事件": "求助", "类9": "管网安全", "方面": "安全韧性", "geocode_status": "ok", "board": "安全韧性底线", "project_type": "市政管网", "社区": null, "村": "汉宜村"}}, {"type": "Feature", "geometry": {"type": "Point", "coordinates": [111.311513, 30.683483]}, "properties": {"办件编号": "20240802001166", "事件": "投诉", "类9": "出行安全", "方面": "安全韧性", "geocode_status": "ok", "board": "安全韧性底线", "project_type": "交通设施", "社区": "张家坡社区", "村": null}}, {"type": "Feature", "geometry": {"type": "Point", "coordinates": [111.343692, 30.73207]}, "properties": {"办件编号": "20240802001046", "事件": "求助", "类9": "出行安全", "方面": "安全韧性", "geocode_status": "ok", "board": "安全韧性底线", "project_type": "交通设施", "社区": "石板社区", "村": null}}, {"type": "Feature", "geometry": {"type": "Point", "coordinates": [111.298014, 30.691857]}, "properties": {"办件编号": "20240802000911", "事件": "求助", "类9": "管网安全", "方面": "安全韧性", "geocode_status": "ok", "board": "安全韧性底线", "project_type": "市政管网", "社区": "北山坡社区", "村": null}}, {"type": "Feature", "geometry": {"type": "Point", "coordinates": [111.293992, 30.690554]}, "properties": {"办件编号": "20240802000633", "事件": "投诉", "类9": "管网安全", "方面": "安全韧性", "geocode_status": "ok", "board": "安全韧性底线", "project_type": "市政管网", "社区": "胜利二路社区", "村": null}}, {"type": "Feature", "geometry": {"type": "Point", "coordinates": [111.32704, 30.668507]}, "properties": {"办件编号": "20240801001425", "事件": "建议", "类9": "出行安全", "方面": "安全韧性", "geocode_status": "ok", "board": "安全韧性底线", "project_type": "交通设施", "社区": "韩家坝社区", "村": null}}, {"type": "Feature", "geometry": {"type": "Point", "coordinates": [111.298462, 30.698046]}, "properties": {"办件编号": "20240801001094", "事件": "求助", "类9": "管网安全", "方面": "安全韧性", "geocode_status": "ok", "board": "安全韧性底线", "project_type": "市政管网", "社区": "白龙井社区", "村": null}}, {"type": "Feature", "geometry": {"type": "Point", "coordinates": [111.292642, 30.691585]}, "properties": {"办件编号": "20240801000986", "事件": "求助", "类9": "出行安全", "方面": "安全韧性", "geocode_status": "ok", "board": "安全韧性底线", "project_type": "交通设施", "社区": "胜利四路社区", "村": null}}, {"type": "Feature", "geometry": {"type": "Point", "coordinates": [111.307679, 30.681681]}, "properties": {"办件编号": "20240801000970", "事件": "求助", "类9": "出行安全", "方面": "安全韧性", "geocode_status": "ok", "board": "安全韧性底线", "project_type": "交通设施", "社区": "港务社区", "村": null}}, {"type": "Feature", "geometry": {"type": "Point", "coordinates": [111.287, 30.7]}, "properties": {"办件编号": "20240801000845", "事件": "求助", "类9": "出行安全", "方面": "安全韧性", "geocode_status": "region", "board": "安全韧性底线", "project_type": "交通设施", "社区": null, "村": null}}, {"type": "Feature", "geometry": {"type": "Point", "coordinates": [111.319368, 30.670576]}, "properties": {"办件编号": "20240801000728", "事件": "投诉", "类9": "出行安全", "方面": "安全韧性", "geocode_status": "ok", "board": "安全韧性底线", "project_type": "交通设施", "社区": "宝联社区", "村": null}}, {"type": "Feature", "geometry": {"type": "Point", "coordinates": [111.287, 30.7]}, "properties": {"办件编号": "20240801000240", "事件": "求助", "类9": "管网安全", "方面": "安全韧性", "geocode_status": "region", "board": "安全韧性底线", "project_type": "市政管网", "社区": null, "村": null}}, {"type": "Feature", "geometry": {"type": "Point", "coordinates": [111.292642, 30.691585]}, "properties": {"办件编号": "20240731001258", "事件": "投诉", "类9": "出行安全", "方面": "安全韧性", "geocode_status": "ok", "board": "安全韧性底线", "project_type": "交通设施", "社区": "胜利四路社区", "村": null}}, {"type": "Feature", "geometry": {"type": "Point", "coordinates": [111.296111, 30.704779]}, "properties": {"办件编号": "20240731000812", "事件": "建议", "类9": "出行安全", "方面": "安全韧性", "geocode_status": "ok", "board": "安全韧性底线", "project_type": "交通设施", "社区": "白龙井社区", "村": null}}, {"type": "Feature", "geometry": {"type": "Point", "coordinates": [111.291828, 30.720074]}, "properties": {"办件编号": "20240731000718", "事件": "求助", "类9": "管网安全", "方面": "安全韧性", "geocode_status": "ok", "board": "安全韧性底线", "project_type": "市政管网", "社区": "肖家岗社区", "村": null}}, {"type": "Feature", "geometry": {"type": "Point", "coordinates": [111.291828, 30.720074]}, "properties": {"办件编号": "20240731000549", "事件": "求助", "类9": "管网安全", "方面": "安全韧性", "geocode_status": "ok", "board": "安全韧性底线", "project_type": "市政管网", "社区": "肖家岗社区", "村": null}}, {"type": "Feature", "geometry": {"type": "Point", "coordinates": [111.305, 30.69]}, "properties": {"办件编号": "20240730000946", "事件": "求助", "类9": "出行安全", "方面": "安全韧性", "geocode_status": "region", "board": "安全韧性底线", "project_type": "交通设施", "社区": null, "村": null}}, {"type": "Feature", "geometry": {"type": "Point", "coordinates": [111.333, 30.655]}, "properties": {"办件编号": "20240730000801", "事件": "建议", "类9": "管网安全", "方面": "安全韧性", "geocode_status": "region", "board": "安全韧性底线", "project_type": "市政管网", "社区": null, "村": null}}, {"type": "Feature", "geometry": {"type": "Point", "coordinates": [111.287, 30.7]}, "properties": {"办件编号": "20240729001485", "事件": "投诉", "类9": "出行安全", "方面": "安全韧性", "geocode_status": "region", "board": "安全韧性底线", "project_type": "交通设施", "社区": null, "村": null}}, {"type": "Feature", "geometry": {"type": "Point", "coordinates": [111.360882, 30.644048]}, "properties": {"办件编号": "20240729001461", "事件": "投诉", "类9": "消防安全", "方面": "安全韧性", "geocode_status": "ok", "board": "安全韧性底线", "project_type": "安全消防", "社区": null, "村": "共勤村"}}, {"type": "Feature", "geometry": {"type": "Point", "coordinates": [111.288699, 30.71432]}, "properties": {"办件编号": "20240729001314", "事件": "求助", "类9": "出行安全", "方面": "安全韧性", "geocode_status": "ok", "board": "安全韧性底线", "project_type": "交通设施", "社区": "西峡社区", "村": null}}, {"type": "Feature", "geometry": {"type": "Point", "coordinates": [111.307679, 30.681681]}, "properties": {"办件编号": "20240729001280", "事件": "投诉", "类9": "消防安全", "方面": "安全韧性", "geocode_status": "ok", "board": "安全韧性底线", "project_type": "安全消防", "社区": "港务社区", "村": null}}, {"type": "Feature", "geometry": {"type": "Point", "coordinates": [111.307679, 30.681681]}, "properties": {"办件编号": "20240729001230", "事件": "求助", "类9": "出行安全", "方面": "安全韧性", "geocode_status": "ok", "board": "安全韧性底线", "project_type": "交通设施", "社区": "港务社区", "村": null}}, {"type": "Feature", "geometry": {"type": "Point", "coordinates": [111.294104, 30.71994]}, "properties": {"办件编号": "20240729001171", "事件": "求助", "类9": "出行安全", "方面": "安全韧性", "geocode_status": "ok", "board": "安全韧性底线", "project_type": "交通设施", "社区": "常刘路社区", "村": null}}, {"type": "Feature", "geometry": {"type": "Point", "coordinates": [111.294273, 30.728866]}, "properties": {"办件编号": "20240729000922", "事件": "求助", "类9": "管网安全", "方面": "安全韧性", "geocode_status": "ok", "board": "安全韧性底线", "project_type": "市政管网", "社区": "金安岭社区", "村": null}}, {"type": "Feature", "geometry": {"type": "Point", "coordinates": [111.287, 30.7]}, "properties": {"办件编号": "20240729000536", "事件": "求助", "类9": "管网安全", "方面": "安全韧性", "geocode_status": "region", "board": "安全韧性底线", "project_type": "市政管网", "社区": null, "村": null}}, {"type": "Feature", "geometry": {"type": "Point", "coordinates": [111.351062, 30.649413]}, "properties": {"办件编号": "20240729000293", "事件": "求助", "类9": "出行安全", "方面": "安全韧性", "geocode_status": "ok", "board": "安全韧性底线", "project_type": "交通设施", "社区": "白马山社区", "村": null}}, {"type": "Feature", "geometry": {"type": "Point", "coordinates": [111.328869, 30.678785]}, "properties": {"办件编号": "20240728000803", "事件": "投诉", "类9": "出行安全", "方面": "安全韧性", "geocode_status": "ok", "board": "安全韧性底线", "project_type": "交通设施", "社区": "胡家冲社区", "村": null}}, {"type": "Feature", "geometry": {"type": "Point", "coordinates": [111.305374, 30.687402]}, "properties": {"办件编号": "20240728000776", "事件": "求助", "类9": "出行安全", "方面": "安全韧性", "geocode_status": "ok", "board": "安全韧性底线", "project_type": "交通设施", "社区": "建设社区", "村": null}}, {"type": "Feature", "geometry": {"type": "Point", "coordinates": [111.306724, 30.680978]}, "properties": {"办件编号": "20240727000769", "事件": "投诉", "类9": "管网安全", "方面": "安全韧性", "geocode_status": "ok", "board": "安全韧性底线", "project_type": "市政管网", "社区": "万达社区", "村": null}}, {"type": "Feature", "geometry": {"type": "Point", "coordinates": [111.287, 30.7]}, "properties": {"办件编号": "20240726001071", "事件": "求助", "类9": "管网安全", "方面": "安全韧性", "geocode_status": "region", "board": "安全韧性底线", "project_type": "市政管网", "社区": null, "村": null}}, {"type": "Feature", "geometry": {"type": "Point", "coordinates": [111.333, 30.655]}, "properties": {"办件编号": "20240726000903", "事件": "求助", "类9": "管网安全", "方面": "安全韧性", "geocode_status": "region", "board": "安全韧性底线", "project_type": "市政管网", "社区": null, "村": null}}, {"type": "Feature", "geometry": {"type": "Point", "coordinates": [111.294273, 30.723603]}, "properties": {"办件编号": "20240726000690", "事件": "求助", "类9": "管网安全", "方面": "安全韧性", "geocode_status": "ok", "board": "安全韧性底线", "project_type": "市政管网", "社区": "金安岭社区", "村": null}}, {"type": "Feature", "geometry": {"type": "Point", "coordinates": [111.294551, 30.68991]}, "properties": {"办件编号": "20240726000655", "事件": "求助", "类9": "管网安全", "方面": "安全韧性", "geocode_status": "ok", "board": "安全韧性底线", "project_type": "市政管网", "社区": "胜利二路社区", "村": null}}, {"type": "Feature", "geometry": {"type": "Point", "coordinates": [111.291474, 30.698916]}, "properties": {"办件编号": "20240726000625", "事件": "求助", "类9": "管网安全", "方面": "安全韧性", "geocode_status": "ok", "board": "安全韧性底线", "project_type": "市政管网", "社区": "果园路社区", "村": null}}, {"type": "Feature", "geometry": {"type": "Point", "coordinates": [111.298275, 30.6876]}, "properties": {"办件编号": "20240726000327", "事件": "求助", "类9": "出行安全", "方面": "安全韧性", "geocode_status": "ok", "board": "安全韧性底线", "project_type": "交通设施", "社区": "张家店社区", "村": null}}, {"type": "Feature", "geometry": {"type": "Point", "coordinates": [111.389991, 30.634162]}, "properties": {"办件编号": "20240725001250", "事件": "求助", "类9": "出行安全", "方面": "安全韧性", "geocode_status": "ok", "board": "安全韧性底线", "project_type": "交通设施", "社区": null, "村": "前坪村"}}, {"type": "Feature", "geometry": {"type": "Point", "coordinates": [111.287, 30.7]}, "properties": {"办件编号": "20240725000384", "事件": "求助", "类9": "管网安全", "方面": "安全韧性", "geocode_status": "region", "board": "安全韧性底线", "project_type": "市政管网", "社区": null, "村": null}}, {"type": "Feature", "geometry": {"type": "Point", "coordinates": [111.287, 30.7]}, "properties": {"办件编号": "20240725000160", "事件": "求助", "类9": "出行安全", "方面": "安全韧性", "geocode_status": "region", "board": "安全韧性底线", "project_type": "交通设施", "社区": null, "村": null}}, {"type": "Feature", "geometry": {"type": "Point", "coordinates": [111.354355, 30.673084]}, "properties": {"办件编号": "20240724001481", "事件": "投诉", "类9": "消防安全", "方面": "安全韧性", "geocode_status": "ok", "board": "安全韧性底线", "project_type": "安全消防", "社区": "张家湾社区", "村": null}}, {"type": "Feature", "geometry": {"type": "Point", "coordinates": [111.287, 30.7]}, "properties": {"办件编号": "20240724000585", "事件": "求助", "类9": "管网安全", "方面": "安全韧性", "geocode_status": "region", "board": "安全韧性底线", "project_type": "市政管网", "社区": null, "村": null}}, {"type": "Feature", "geometry": {"type": "Point", "coordinates": [111.287, 30.7]}, "properties": {"办件编号": "20240724000505", "事件": "求助", "类9": "管网安全", "方面": "安全韧性", "geocode_status": "region", "board": "安全韧性底线", "project_type": "市政管网", "社区": null, "村": null}}, {"type": "Feature", "geometry": {"type": "Point", "coordinates": [111.333, 30.655]}, "properties": {"办件编号": "20240724000335", "事件": "求助", "类9": "管网安全", "方面": "安全韧性", "geocode_status": "region", "board": "安全韧性底线", "project_type": "市政管网", "社区": null, "村": null}}, {"type": "Feature", "geometry": {"type": "Point", "coordinates": [111.309162, 30.684457]}, "properties": {"办件编号": "20240724000146", "事件": "求助", "类9": "管网安全", "方面": "安全韧性", "geocode_status": "ok", "board": "安全韧性底线", "project_type": "市政管网", "社区": "建设社区", "村": null}}, {"type": "Feature", "geometry": {"type": "Point", "coordinates": [111.333916, 30.738087]}, "properties": {"办件编号": "20240723000892", "事件": "建议", "类9": "出行安全", "方面": "安全韧性", "geocode_status": "ok", "board": "安全韧性底线", "project_type": "交通设施", "社区": "朝阳路社区", "村": null}}, {"type": "Feature", "geometry": {"type": "Point", "coordinates": [111.329645, 30.666601]}, "properties": {"办件编号": "20240723000534", "事件": "投诉", "类9": "消防安全", "方面": "安全韧性", "geocode_status": "ok", "board": "安全韧性底线", "project_type": "安全消防", "社区": null, "村": "汉宜村"}}, {"type": "Feature", "geometry": {"type": "Point", "coordinates": [111.292642, 30.691585]}, "properties": {"办件编号": "20240722001280", "事件": "求助", "类9": "管网安全", "方面": "安全韧性", "geocode_status": "ok", "board": "安全韧性底线", "project_type": "市政管网", "社区": "胜利四路社区", "村": null}}, {"type": "Feature", "geometry": {"type": "Point", "coordinates": [111.328867, 30.677638]}, "properties": {"办件编号": "20240722000924", "事件": "投诉", "类9": "消防安全", "方面": "安全韧性", "geocode_status": "ok", "board": "安全韧性底线", "project_type": "安全消防", "社区": "魏家湾社区", "村": null}}, {"type": "Feature", "geometry": {"type": "Point", "coordinates": [111.360882, 30.644048]}, "properties": {"办件编号": "20240722000788", "事件": "投诉", "类9": "管网安全", "方面": "安全韧性", "geocode_status": "ok", "board": "安全韧性底线", "project_type": "市政管网", "社区": null, "村": "共勤村"}}, {"type": "Feature", "geometry": {"type": "Point", "coordinates": [111.383833, 30.654017]}, "properties": {"办件编号": "20240722000242", "事件": "求助", "类9": "管网安全", "方面": "安全韧性", "geocode_status": "ok", "board": "安全韧性底线", "project_type": "市政管网", "社区": null, "村": "共和村"}}, {"type": "Feature", "geometry": {"type": "Point", "coordinates": [111.396957, 30.64662]}, "properties": {"办件编号": "20240722000236", "事件": "投诉", "类9": "出行安全", "方面": "安全韧性", "geocode_status": "ok", "board": "安全韧性底线", "project_type": "交通设施", "社区": "花溪路社区", "村": null}}, {"type": "Feature", "geometry": {"type": "Point", "coordinates": [111.334306, 30.721825]}, "properties": {"办件编号": "20240722000114", "事件": "投诉", "类9": "消防安全", "方面": "安全韧性", "geocode_status": "ok", "board": "安全韧性底线", "project_type": "安全消防", "社区": "朝阳路社区", "村": null}}, {"type": "Feature", "geometry": {"type": "Point", "coordinates": [111.337215, 30.652415]}, "properties": {"办件编号": "20240721000613", "事件": "求助", "类9": "管网安全", "方面": "安全韧性", "geocode_status": "ok", "board": "安全韧性底线", "project_type": "市政管网", "社区": "王家河社区", "村": null}}, {"type": "Feature", "geometry": {"type": "Point", "coordinates": [111.29241, 30.709885]}, "properties": {"办件编号": "20240721000377", "事件": "投诉", "类9": "管网安全", "方面": "安全韧性", "geocode_status": "ok", "board": "安全韧性底线", "project_type": "市政管网", "社区": "绿萝路社区", "村": null}}, {"type": "Feature", "geometry": {"type": "Point", "coordinates": [111.39442, 30.647705]}, "properties": {"办件编号": "20240720000545", "事件": "投诉", "类9": "出行安全", "方面": "安全韧性", "geocode_status": "ok", "board": "安全韧性底线", "project_type": "交通设施", "社区": null, "村": "共和村"}}, {"type": "Feature", "geometry": {"type": "Point", "coordinates": [111.328869, 30.678785]}, "properties": {"办件编号": "20240719000267", "事件": "投诉", "类9": "出行安全", "方面": "安全韧性", "geocode_status": "ok", "board": "安全韧性底线", "project_type": "交通设施", "社区": "胡家冲社区", "村": null}}, {"type": "Feature", "geometry": {"type": "Point", "coordinates": [111.321284, 30.67413]}, "properties": {"办件编号": "20240719000130", "事件": "求助", "类9": "管网安全", "方面": "安全韧性", "geocode_status": "ok", "board": "安全韧性底线", "project_type": "市政管网", "社区": null, "村": "汉宜村"}}, {"type": "Feature", "geometry": {"type": "Point", "coordinates": [111.333, 30.655]}, "properties": {"办件编号": "20240719000090", "事件": "求助", "类9": "出行安全", "方面": "安全韧性", "geocode_status": "region", "board": "安全韧性底线", "project_type": "交通设施", "社区": null, "村": null}}, {"type": "Feature", "geometry": {"type": "Point", "coordinates": [111.378196, 30.660714]}, "properties": {"办件编号": "20240718000809", "事件": "投诉", "类9": "管网安全", "方面": "安全韧性", "geocode_status": "ok", "board": "安全韧性底线", "project_type": "市政管网", "社区": null, "村": "共和村"}}, {"type": "Feature", "geometry": {"type": "Point", "coordinates": [111.362238, 30.651121]}, "properties": {"办件编号": "20240718000712", "事件": "建议", "类9": "出行安全", "方面": "安全韧性", "geocode_status": "ok", "board": "安全韧性底线", "project_type": "交通设施", "社区": null, "村": "共勤村"}}, {"type": "Feature", "geometry": {"type": "Point", "coordinates": [111.333, 30.655]}, "properties": {"办件编号": "20240718000386", "事件": "求助", "类9": "管网安全", "方面": "安全韧性", "geocode_status": "region", "board": "安全韧性底线", "project_type": "市政管网", "社区": null, "村": null}}, {"type": "Feature", "geometry": {"type": "Point", "coordinates": [111.29444, 30.698897]}, "properties": {"办件编号": "20240718000155", "事件": "求助", "类9": "管网安全", "方面": "安全韧性", "geocode_status": "ok", "board": "安全韧性底线", "project_type": "市政管网", "社区": "山庄路社区", "村": null}}, {"type": "Feature", "geometry": {"type": "Point", "coordinates": [111.282709, 30.705381]}, "properties": {"办件编号": "20240717001457", "事件": "投诉", "类9": "管网安全", "方面": "安全韧性", "geocode_status": "ok", "board": "安全韧性底线", "project_type": "市政管网", "社区": "气象台社区", "村": null}}, {"type": "Feature", "geometry": {"type": "Point", "coordinates": [111.282497, 30.706436]}, "properties": {"办件编号": "20240717000787", "事件": "投诉", "类9": "管网安全", "方面": "安全韧性", "geocode_status": "ok", "board": "安全韧性底线", "project_type": "市政管网", "社区": "气象台社区", "村": null}}, {"type": "Feature", "geometry": {"type": "Point", "coordinates": [111.380082, 30.660195]}, "properties": {"办件编号": "20240717000652", "事件": "求助", "类9": "出行安全", "方面": "安全韧性", "geocode_status": "ok", "board": "安全韧性底线", "project_type": "交通设施", "社区": null, "村": "共和村"}}, {"type": "Feature", "geometry": {"type": "Point", "coordinates": [111.287, 30.7]}, "properties": {"办件编号": "20240717000456", "事件": "求助", "类9": "管网安全", "方面": "安全韧性", "geocode_status": "region", "board": "安全韧性底线", "project_type": "市政管网", "社区": null, "村": null}}, {"type": "Feature", "geometry": {"type": "Point", "coordinates": [111.30228, 30.686874]}, "properties": {"办件编号": "20240717000372", "事件": "建议", "类9": "出行安全", "方面": "安全韧性", "geocode_status": "ok", "board": "安全韧性底线", "project_type": "交通设施", "社区": "建设社区", "村": null}}, {"type": "Feature", "geometry": {"type": "Point", "coordinates": [111.329645, 30.666601]}, "properties": {"办件编号": "20240716001004", "事件": "投诉", "类9": "消防安全", "方面": "安全韧性", "geocode_status": "ok", "board": "安全韧性底线", "project_type": "安全消防", "社区": null, "村": "汉宜村"}}, {"type": "Feature", "geometry": {"type": "Point", "coordinates": [111.303479, 30.68691]}, "properties": {"办件编号": "20240716000426", "事件": "求助", "类9": "消防安全", "方面": "安全韧性", "geocode_status": "ok", "board": "安全韧性底线", "project_type": "安全消防", "社区": "建设社区", "村": null}}, {"type": "Feature", "geometry": {"type": "Point", "coordinates": [111.333, 30.655]}, "properties": {"办件编号": "20240716000144", "事件": "求助", "类9": "出行安全", "方面": "安全韧性", "geocode_status": "region", "board": "安全韧性底线", "project_type": "交通设施", "社区": null, "村": null}}, {"type": "Feature", "geometry": {"type": "Point", "coordinates": [111.305, 30.69]}, "properties": {"办件编号": "20240716000115", "事件": "投诉", "类9": "出行安全", "方面": "安全韧性", "geocode_status": "region", "board": "安全韧性底线", "project_type": "交通设施", "社区": null, "村": null}}, {"type": "Feature", "geometry": {"type": "Point", "coordinates": [111.334306, 30.721825]}, "properties": {"办件编号": "20240715001467", "事件": "投诉", "类9": "消防安全", "方面": "安全韧性", "geocode_status": "ok", "board": "安全韧性底线", "project_type": "安全消防", "社区": "朝阳路社区", "村": null}}, {"type": "Feature", "geometry": {"type": "Point", "coordinates": [111.333, 30.655]}, "properties": {"办件编号": "20240715001347", "事件": "求助", "类9": "出行安全", "方面": "安全韧性", "geocode_status": "region", "board": "安全韧性底线", "project_type": "交通设施", "社区": null, "村": null}}, {"type": "Feature", "geometry": {"type": "Point", "coordinates": [111.321284, 30.67413]}, "properties": {"办件编号": "20240715001263", "事件": "求助", "类9": "管网安全", "方面": "安全韧性", "geocode_status": "ok", "board": "安全韧性底线", "project_type": "市政管网", "社区": null, "村": "汉宜村"}}, {"type": "Feature", "geometry": {"type": "Point", "coordinates": [111.305, 30.69]}, "properties": {"办件编号": "20240715001172", "事件": "求助", "类9": "出行安全", "方面": "安全韧性", "geocode_status": "region", "board": "安全韧性底线", "project_type": "交通设施", "社区": null, "村": null}}, {"type": "Feature", "geometry": {"type": "Point", "coordinates": [111.333, 30.655]}, "properties": {"办件编号": "20240715000999", "事件": "求助", "类9": "出行安全", "方面": "安全韧性", "geocode_status": "region", "board": "安全韧性底线", "project_type": "交通设施", "社区": null, "村": null}}, {"type": "Feature", "geometry": {"type": "Point", "coordinates": [111.334306, 30.721825]}, "properties": {"办件编号": "20240715000820", "事件": "投诉", "类9": "消防安全", "方面": "安全韧性", "geocode_status": "ok", "board": "安全韧性底线", "project_type": "安全消防", "社区": "朝阳路社区", "村": null}}, {"type": "Feature", "geometry": {"type": "Point", "coordinates": [111.281897, 30.712345]}, "properties": {"办件编号": "20240715000732", "事件": "求助", "类9": "管网安全", "方面": "安全韧性", "geocode_status": "ok", "board": "安全韧性底线", "project_type": "市政管网", "社区": "石板溪社区", "村": null}}, {"type": "Feature", "geometry": {"type": "Point", "coordinates": [111.292903, 30.694003]}, "properties": {"办件编号": "20240715000731", "事件": "求助", "类9": "管网安全", "方面": "安全韧性", "geocode_status": "ok", "board": "安全韧性底线", "project_type": "市政管网", "社区": "北山坡社区", "村": null}}, {"type": "Feature", "geometry": {"type": "Point", "coordinates": [111.333, 30.655]}, "properties": {"办件编号": "20240715000726", "事件": "求助", "类9": "出行安全", "方面": "安全韧性", "geocode_status": "region", "board": "安全韧性底线", "project_type": "交通设施", "社区": null, "村": null}}, {"type": "Feature", "geometry": {"type": "Point", "coordinates": [111.281897, 30.712345]}, "properties": {"办件编号": "20240715000571", "事件": "求助", "类9": "管网安全", "方面": "安全韧性", "geocode_status": "ok", "board": "安全韧性底线", "project_type": "市政管网", "社区": "石板溪社区", "村": null}}, {"type": "Feature", "geometry": {"type": "Point", "coordinates": [111.392082, 30.6493]}, "properties": {"办件编号": "20240715000075", "事件": "投诉", "类9": "出行安全", "方面": "安全韧性", "geocode_status": "ok", "board": "安全韧性底线", "project_type": "交通设施", "社区": null, "村": "共和村"}}, {"type": "Feature", "geometry": {"type": "Point", "coordinates": [111.369215, 30.656822]}, "properties": {"办件编号": "20240715000008", "事件": "建议", "类9": "出行安全", "方面": "安全韧性", "geocode_status": "ok", "board": "安全韧性底线", "project_type": "交通设施", "社区": "东站路社区", "村": null}}, {"type": "Feature", "geometry": {"type": "Point", "coordinates": [111.303001, 30.69119]}, "properties": {"办件编号": "20240714000136", "事件": "投诉", "类9": "消防安全", "方面": "安全韧性", "geocode_status": "ok", "board": "安全韧性底线", "project_type": "安全消防", "社区": "体育场路社区", "村": null}}, {"type": "Feature", "geometry": {"type": "Point", "coordinates": [111.333, 30.655]}, "properties": {"办件编号": "20240714000121", "事件": "求助", "类9": "出行安全", "方面": "安全韧性", "geocode_status": "region", "board": "安全韧性底线", "project_type": "交通设施", "社区": null, "村": null}}, {"type": "Feature", "geometry": {"type": "Point", "coordinates": [111.287, 30.7]}, "properties": {"办件编号": "20240714000008", "事件": "投诉", "类9": "消防安全", "方面": "安全韧性", "geocode_status": "region", "board": "安全韧性底线", "project_type": "安全消防", "社区": null, "村": null}}, {"type": "Feature", "geometry": {"type": "Point", "coordinates": [111.396727, 30.639935]}, "properties": {"办件编号": "20240713000375", "事件": "投诉", "类9": "出行安全", "方面": "安全韧性", "geocode_status": "ok", "board": "安全韧性底线", "project_type": "交通设施", "社区": "花溪路社区", "村": null}}, {"type": "Feature", "geometry": {"type": "Point", "coordinates": [111.333, 30.655]}, "properties": {"办件编号": "20240713000195", "事件": "求助", "类9": "管网安全", "方面": "安全韧性", "geocode_status": "region", "board": "安全韧性底线", "project_type": "市政管网", "社区": null, "村": null}}, {"type": "Feature", "geometry": {"type": "Point", "coordinates": [111.335315, 30.736121]}, "properties": {"办件编号": "20240712001336", "事件": "投诉", "类9": "管网安全", "方面": "安全韧性", "geocode_status": "ok", "board": "安全韧性底线", "project_type": "市政管网", "社区": "朝阳路社区", "村": null}}, {"type": "Feature", "geometry": {"type": "Point", "coordinates": [111.295118, 30.68185]}, "properties": {"办件编号": "20240712001109", "事件": "投诉", "类9": "出行安全", "方面": "安全韧性", "geocode_status": "ok", "board": "安全韧性底线", "project_type": "交通设施", "社区": null, "村": null}}, {"type": "Feature", "geometry": {"type": "Point", "coordinates": [111.321284, 30.67413]}, "properties": {"办件编号": "20240711001006", "事件": "求助", "类9": "出行安全", "方面": "安全韧性", "geocode_status": "ok", "board": "安全韧性底线", "project_type": "交通设施", "社区": null, "村": "汉宜村"}}, {"type": "Feature", "geometry": {"type": "Point", "coordinates": [111.34758, 30.735753]}, "properties": {"办件编号": "20240711000803", "事件": "求助", "类9": "出行安全", "方面": "安全韧性", "geocode_status": "ok", "board": "安全韧性底线", "project_type": "交通设施", "社区": "石板社区", "村": null}}, {"type": "Feature", "geometry": {"type": "Point", "coordinates": [111.329645, 30.666601]}, "properties": {"办件编号": "20240711000439", "事件": "投诉", "类9": "消防安全", "方面": "安全韧性", "geocode_status": "ok", "board": "安全韧性底线", "project_type": "安全消防", "社区": null, "村": "汉宜村"}}, {"type": "Feature", "geometry": {"type": "Point", "coordinates": [111.278043, 30.724917]}, "properties": {"办件编号": "20240710000937", "事件": "求助", "类9": "管网安全", "方面": "安全韧性", "geocode_status": "ok", "board": "安全韧性底线", "project_type": "市政管网", "社区": null, "村": null}}, {"type": "Feature", "geometry": {"type": "Point", "coordinates": [111.287, 30.7]}, "properties": {"办件编号": "20240710000637", "事件": "求助", "类9": "出行安全", "方面": "安全韧性", "geocode_status": "region", "board": "安全韧性底线", "project_type": "交通设施", "社区": null, "村": null}}, {"type": "Feature", "geometry": {"type": "Point", "coordinates": [111.313127, 30.730384]}, "properties": {"办件编号": "20240710000581", "事件": "投诉", "类9": "管网安全", "方面": "安全韧性", "geocode_status": "ok", "board": "安全韧性底线", "project_type": "市政管网", "社区": "大学路社区", "村": null}}, {"type": "Feature", "geometry": {"type": "Point", "coordinates": [111.321284, 30.67413]}, "properties": {"办件编号": "20240710000326", "事件": "求助", "类9": "管网安全", "方面": "安全韧性", "geocode_status": "ok", "board": "安全韧性底线", "project_type": "市政管网", "社区": null, "村": "汉宜村"}}, {"type": "Feature", "geometry": {"type": "Point", "coordinates": [111.321284, 30.67413]}, "properties": {"办件编号": "20240709001409", "事件": "求助", "类9": "管网安全", "方面": "安全韧性", "geocode_status": "ok", "board": "安全韧性底线", "project_type": "市政管网", "社区": null, "村": "汉宜村"}}, {"type": "Feature", "geometry": {"type": "Point", "coordinates": [111.333, 30.655]}, "properties": {"办件编号": "20240709001142", "事件": "求助", "类9": "出行安全", "方面": "安全韧性", "geocode_status": "region", "board": "安全韧性底线", "project_type": "交通设施", "社区": null, "村": null}}, {"type": "Feature", "geometry": {"type": "Point", "coordinates": [111.287, 30.7]}, "properties": {"办件编号": "20240709001088", "事件": "求助", "类9": "管网安全", "方面": "安全韧性", "geocode_status": "region", "board": "安全韧性底线", "project_type": "市政管网", "社区": null, "村": null}}, {"type": "Feature", "geometry": {"type": "Point", "coordinates": [111.287, 30.7]}, "properties": {"办件编号": "20240709000907", "事件": "求助", "类9": "管网安全", "方面": "安全韧性", "geocode_status": "region", "board": "安全韧性底线", "project_type": "市政管网", "社区": null, "村": null}}, {"type": "Feature", "geometry": {"type": "Point", "coordinates": [111.333, 30.655]}, "properties": {"办件编号": "20240709000867", "事件": "求助", "类9": "出行安全", "方面": "安全韧性", "geocode_status": "region", "board": "安全韧性底线", "project_type": "交通设施", "社区": null, "村": null}}, {"type": "Feature", "geometry": {"type": "Point", "coordinates": [111.380886, 30.679072]}, "properties": {"办件编号": "20240708000233", "事件": "建议", "类9": "出行安全", "方面": "安全韧性", "geocode_status": "ok", "board": "安全韧性底线", "project_type": "交通设施", "社区": "金巴岭社区", "村": null}}, {"type": "Feature", "geometry": {"type": "Point", "coordinates": [111.333572, 30.681932]}, "properties": {"办件编号": "20240707000423", "事件": "投诉", "类9": "消防安全", "方面": "安全韧性", "geocode_status": "ok", "board": "安全韧性底线", "project_type": "安全消防", "社区": null, "村": "旭光村"}}, {"type": "Feature", "geometry": {"type": "Point", "coordinates": [111.333572, 30.681932]}, "properties": {"办件编号": "20240707000387", "事件": "求助", "类9": "管网安全", "方面": "安全韧性", "geocode_status": "ok", "board": "安全韧性底线", "project_type": "市政管网", "社区": null, "村": "旭光村"}}, {"type": "Feature", "geometry": {"type": "Point", "coordinates": [111.321284, 30.67413]}, "properties": {"办件编号": "20240707000073", "事件": "投诉", "类9": "管网安全", "方面": "安全韧性", "geocode_status": "ok", "board": "安全韧性底线", "project_type": "市政管网", "社区": null, "村": "汉宜村"}}, {"type": "Feature", "geometry": {"type": "Point", "coordinates": [111.299112, 30.713435]}, "properties": {"办件编号": "20240706000783", "事件": "投诉", "类9": "管网安全", "方面": "安全韧性", "geocode_status": "ok", "board": "安全韧性底线", "project_type": "市政管网", "社区": "土城路社区", "村": null}}, {"type": "Feature", "geometry": {"type": "Point", "coordinates": [111.342375, 30.679036]}, "properties": {"办件编号": "20240706000319", "事件": "投诉", "类9": "出行安全", "方面": "安全韧性", "geocode_status": "ok", "board": "安全韧性底线", "project_type": "交通设施", "社区": "白家冲社区", "村": null}}, {"type": "Feature", "geometry": {"type": "Point", "coordinates": [111.375838, 30.638605]}, "properties": {"办件编号": "20240706000219", "事件": "投诉", "类9": "消防安全", "方面": "安全韧性", "geocode_status": "ok", "board": "安全韧性底线", "project_type": "安全消防", "社区": "柏临河路社区", "村": null}}, {"type": "Feature", "geometry": {"type": "Point", "coordinates": [111.306724, 30.680978]}, "properties": {"办件编号": "20240706000128", "事件": "投诉", "类9": "出行安全", "方面": "安全韧性", "geocode_status": "ok", "board": "安全韧性底线", "project_type": "交通设施", "社区": "万达社区", "村": null}}, {"type": "Feature", "geometry": {"type": "Point", "coordinates": [111.333, 30.655]}, "properties": {"办件编号": "20240705001128", "事件": "求助", "类9": "管网安全", "方面": "安全韧性", "geocode_status": "region", "board": "安全韧性底线", "project_type": "市政管网", "社区": null, "村": null}}, {"type": "Feature", "geometry": {"type": "Point", "coordinates": [111.306724, 30.680978]}, "properties": {"办件编号": "20240705001080", "事件": "投诉", "类9": "出行安全", "方面": "安全韧性", "geocode_status": "ok", "board": "安全韧性底线", "project_type": "交通设施", "社区": "万达社区", "村": null}}, {"type": "Feature", "geometry": {"type": "Point", "coordinates": [111.353963, 30.641534]}, "properties": {"办件编号": "20240705000383", "事件": "投诉", "类9": "出行安全", "方面": "安全韧性", "geocode_status": "ok", "board": "安全韧性底线", "project_type": "交通设施", "社区": "伍临路社区", "村": null}}, {"type": "Feature", "geometry": {"type": "Point", "coordinates": [111.304718, 30.702196]}, "properties": {"办件编号": "20240705000150", "事件": "求助", "类9": "出行安全", "方面": "安全韧性", "geocode_status": "ok", "board": "安全韧性底线", "project_type": "交通设施", "社区": "东山社区", "村": null}}, {"type": "Feature", "geometry": {"type": "Point", "coordinates": [111.334306, 30.721825]}, "properties": {"办件编号": "20240704001509", "事件": "投诉", "类9": "管网安全", "方面": "安全韧性", "geocode_status": "ok", "board": "安全韧性底线", "project_type": "市政管网", "社区": "朝阳路社区", "村": null}}, {"type": "Feature", "geometry": {"type": "Point", "coordinates": [111.305144, 30.686909]}, "properties": {"办件编号": "20240704001379", "事件": "投诉", "类9": "管网安全", "方面": "安全韧性", "geocode_status": "ok", "board": "安全韧性底线", "project_type": "市政管网", "社区": "建设社区", "村": null}}, {"type": "Feature", "geometry": {"type": "Point", "coordinates": [111.321284, 30.67413]}, "properties": {"办件编号": "20240704001335", "事件": "求助", "类9": "管网安全", "方面": "安全韧性", "geocode_status": "ok", "board": "安全韧性底线", "project_type": "市政管网", "社区": null, "村": "汉宜村"}}, {"type": "Feature", "geometry": {"type": "Point", "coordinates": [111.333, 30.655]}, "properties": {"办件编号": "20240704000747", "事件": "求助", "类9": "管网安全", "方面": "安全韧性", "geocode_status": "region", "board": "安全韧性底线", "project_type": "市政管网", "社区": null, "村": null}}, {"type": "Feature", "geometry": {"type": "Point", "coordinates": [111.287, 30.7]}, "properties": {"办件编号": "20240704000743", "事件": "求助", "类9": "出行安全", "方面": "安全韧性", "geocode_status": "region", "board": "安全韧性底线", "project_type": "交通设施", "社区": null, "村": null}}, {"type": "Feature", "geometry": {"type": "Point", "coordinates": [111.30882, 30.684813]}, "properties": {"办件编号": "20240704000732", "事件": "投诉", "类9": "消防安全", "方面": "安全韧性", "geocode_status": "ok", "board": "安全韧性底线", "project_type": "安全消防", "社区": "建设社区", "村": null}}, {"type": "Feature", "geometry": {"type": "Point", "coordinates": [111.307679, 30.681681]}, "properties": {"办件编号": "20240704000693", "事件": "求助", "类9": "管网安全", "方面": "安全韧性", "geocode_status": "ok", "board": "安全韧性底线", "project_type": "市政管网", "社区": "港务社区", "村": null}}, {"type": "Feature", "geometry": {"type": "Point", "coordinates": [111.30882, 30.684813]}, "properties": {"办件编号": "20240704000669", "事件": "投诉", "类9": "消防安全", "方面": "安全韧性", "geocode_status": "ok", "board": "安全韧性底线", "project_type": "安全消防", "社区": "建设社区", "村": null}}, {"type": "Feature", "geometry": {"type": "Point", "coordinates": [111.333, 30.655]}, "properties": {"办件编号": "20240704000162", "事件": "求助", "类9": "出行安全", "方面": "安全韧性", "geocode_status": "region", "board": "安全韧性底线", "project_type": "交通设施", "社区": null, "村": null}}, {"type": "Feature", "geometry": {"type": "Point", "coordinates": [111.333, 30.655]}, "properties": {"办件编号": "20240703001575", "事件": "投诉", "类9": "消防安全", "方面": "安全韧性", "geocode_status": "region", "board": "安全韧性底线", "project_type": "安全消防", "社区": null, "村": null}}, {"type": "Feature", "geometry": {"type": "Point", "coordinates": [111.334004, 30.67308]}, "properties": {"办件编号": "20240703001538", "事件": "求助", "类9": "管网安全", "方面": "安全韧性", "geocode_status": "ok", "board": "安全韧性底线", "project_type": "市政管网", "社区": null, "村": "合益村"}}, {"type": "Feature", "geometry": {"type": "Point", "coordinates": [111.339781, 30.683631]}, "properties": {"办件编号": "20240703001431", "事件": "建议", "类9": "出行安全", "方面": "安全韧性", "geocode_status": "ok", "board": "安全韧性底线", "project_type": "交通设施", "社区": null, "村": "旭光村"}}, {"type": "Feature", "geometry": {"type": "Point", "coordinates": [111.328249, 30.748347]}, "properties": {"办件编号": "20240703001179", "事件": "求助", "类9": "出行安全", "方面": "安全韧性", "geocode_status": "ok", "board": "安全韧性底线", "project_type": "交通设施", "社区": "金斗山社区", "村": null}}, {"type": "Feature", "geometry": {"type": "Point", "coordinates": [111.287, 30.7]}, "properties": {"办件编号": "20240703000959", "事件": "求助", "类9": "管网安全", "方面": "安全韧性", "geocode_status": "region", "board": "安全韧性底线", "project_type": "市政管网", "社区": null, "村": null}}, {"type": "Feature", "geometry": {"type": "Point", "coordinates": [111.292434, 30.709649]}, "properties": {"办件编号": "20240703000829", "事件": "求助", "类9": "管网安全", "方面": "安全韧性", "geocode_status": "ok", "board": "安全韧性底线", "project_type": "市政管网", "社区": "绿萝路社区", "村": null}}, {"type": "Feature", "geometry": {"type": "Point", "coordinates": [111.30228, 30.686874]}, "properties": {"办件编号": "20240703000600", "事件": "投诉", "类9": "管网安全", "方面": "安全韧性", "geocode_status": "ok", "board": "安全韧性底线", "project_type": "市政管网", "社区": "建设社区", "村": null}}, {"type": "Feature", "geometry": {"type": "Point", "coordinates": [111.333, 30.655]}, "properties": {"办件编号": "20240703000305", "事件": "求助", "类9": "管网安全", "方面": "安全韧性", "geocode_status": "region", "board": "安全韧性底线", "project_type": "市政管网", "社区": null, "村": null}}, {"type": "Feature", "geometry": {"type": "Point", "coordinates": [111.378796, 30.652631]}, "properties": {"办件编号": "20240703000296", "事件": "求助", "类9": "管网安全", "方面": "安全韧性", "geocode_status": "ok", "board": "安全韧性底线", "project_type": "市政管网", "社区": null, "村": "共和村"}}, {"type": "Feature", "geometry": {"type": "Point", "coordinates": [111.335034, 30.665493]}, "properties": {"办件编号": "20240703000006", "事件": "投诉", "类9": "消防安全", "方面": "安全韧性", "geocode_status": "ok", "board": "安全韧性底线", "project_type": "安全消防", "社区": null, "村": "合益村"}}, {"type": "Feature", "geometry": {"type": "Point", "coordinates": [111.321284, 30.67413]}, "properties": {"办件编号": "20240702001497", "事件": "投诉", "类9": "管网安全", "方面": "安全韧性", "geocode_status": "ok", "board": "安全韧性底线", "project_type": "市政管网", "社区": null, "村": "汉宜村"}}, {"type": "Feature", "geometry": {"type": "Point", "coordinates": [111.334306, 30.721825]}, "properties": {"办件编号": "20240702001362", "事件": "建议", "类9": "管网安全", "方面": "安全韧性", "geocode_status": "ok", "board": "安全韧性底线", "project_type": "市政管网", "社区": "朝阳路社区", "村": null}}, {"type": "Feature", "geometry": {"type": "Point", "coordinates": [111.333, 30.655]}, "properties": {"办件编号": "20240702001039", "事件": "求助", "类9": "管网安全", "方面": "安全韧性", "geocode_status": "region", "board": "安全韧性底线", "project_type": "市政管网", "社区": null, "村": null}}, {"type": "Feature", "geometry": {"type": "Point", "coordinates": [111.287, 30.7]}, "properties": {"办件编号": "20240702000643", "事件": "求助", "类9": "管网安全", "方面": "安全韧性", "geocode_status": "region", "board": "安全韧性底线", "project_type": "市政管网", "社区": null, "村": null}}, {"type": "Feature", "geometry": {"type": "Point", "coordinates": [111.287, 30.7]}, "properties": {"办件编号": "20240702000614", "事件": "求助", "类9": "管网安全", "方面": "安全韧性", "geocode_status": "region", "board": "安全韧性底线", "project_type": "市政管网", "社区": null, "村": null}}, {"type": "Feature", "geometry": {"type": "Point", "coordinates": [111.313781, 30.678205]}, "properties": {"办件编号": "20240701001499", "事件": "投诉", "类9": "出行安全", "方面": "安全韧性", "geocode_status": "ok", "board": "安全韧性底线", "project_type": "交通设施", "社区": "张家坡社区", "村": null}}, {"type": "Feature", "geometry": {"type": "Point", "coordinates": [111.329299, 30.679494]}, "properties": {"办件编号": "20240701001442", "事件": "投诉", "类9": "消防安全", "方面": "安全韧性", "geocode_status": "ok", "board": "安全韧性底线", "project_type": "安全消防", "社区": "岳湾路社区", "村": null}}, {"type": "Feature", "geometry": {"type": "Point", "coordinates": [111.295118, 30.68185]}, "properties": {"办件编号": "20240701001366", "事件": "投诉", "类9": "出行安全", "方面": "安全韧性", "geocode_status": "ok", "board": "安全韧性底线", "project_type": "交通设施", "社区": null, "村": null}}, {"type": "Feature", "geometry": {"type": "Point", "coordinates": [111.33594, 30.739562]}, "properties": {"办件编号": "20240701001384", "事件": "投诉", "类9": "出行安全", "方面": "安全韧性", "geocode_status": "ok", "board": "安全韧性底线", "project_type": "交通设施", "社区": "朝阳路社区", "村": null}}, {"type": "Feature", "geometry": {"type": "Point", "coordinates": [111.287, 30.7]}, "properties": {"办件编号": "20240701001314", "事件": "求助", "类9": "管网安全", "方面": "安全韧性", "geocode_status": "region", "board": "安全韧性底线", "project_type": "市政管网", "社区": null, "村": null}}, {"type": "Feature", "geometry": {"type": "Point", "coordinates": [111.305, 30.69]}, "properties": {"办件编号": "20240701001001", "事件": "投诉", "类9": "管网安全", "方面": "安全韧性", "geocode_status": "region", "board": "安全韧性底线", "project_type": "市政管网", "社区": null, "村": null}}, {"type": "Feature", "geometry": {"type": "Point", "coordinates": [111.293251, 30.709927]}, "properties": {"办件编号": "20240701000952", "事件": "求助", "类9": "出行安全", "方面": "安全韧性", "geocode_status": "ok", "board": "安全韧性底线", "project_type": "交通设施", "社区": "绿萝路社区", "村": null}}, {"type": "Feature", "geometry": {"type": "Point", "coordinates": [111.328814, 30.736293]}, "properties": {"办件编号": "20240701000772", "事件": "求助", "类9": "出行安全", "方面": "安全韧性", "geocode_status": "ok", "board": "安全韧性底线", "project_type": "交通设施", "社区": "唐家湾社区", "村": null}}, {"type": "Feature", "geometry": {"type": "Point", "coordinates": [111.287, 30.7]}, "properties": {"办件编号": "20240701000405", "事件": "求助", "类9": "管网安全", "方面": "安全韧性", "geocode_status": "region", "board": "安全韧性底线", "project_type": "市政管网", "社区": null, "村": null}}, {"type": "Feature", "geometry": {"type": "Point", "coordinates": [111.29241, 30.709885]}, "properties": {"办件编号": "20240701000114", "事件": "投诉", "类9": "管网安全", "方面": "安全韧性", "geocode_status": "ok", "board": "安全韧性底线", "project_type": "市政管网", "社区": "绿萝路社区", "村": null}}, {"type": "Feature", "geometry": {"type": "Point", "coordinates": [111.333, 30.655]}, "properties": {"办件编号": "20240630000632", "事件": "投诉", "类9": "消防安全", "方面": "安全韧性", "geocode_status": "region", "board": "安全韧性底线", "project_type": "安全消防", "社区": null, "村": null}}, {"type": "Feature", "geometry": {"type": "Point", "coordinates": [111.30228, 30.686874]}, "properties": {"办件编号": "20240630000437", "事件": "投诉", "类9": "管网安全", "方面": "安全韧性", "geocode_status": "ok", "board": "安全韧性底线", "project_type": "市政管网", "社区": "建设社区", "村": null}}, {"type": "Feature", "geometry": {"type": "Point", "coordinates": [111.286138, 30.719889]}, "properties": {"办件编号": "20240630000392", "事件": "投诉", "类9": "管网安全", "方面": "安全韧性", "geocode_status": "ok", "board": "安全韧性底线", "project_type": "市政管网", "社区": "西峡社区", "村": null}}, {"type": "Feature", "geometry": {"type": "Point", "coordinates": [111.304072, 30.705648]}, "properties": {"办件编号": "20240629000582", "事件": "求助", "类9": "出行安全", "方面": "安全韧性", "geocode_status": "ok", "board": "安全韧性底线", "project_type": "交通设施", "社区": "东山社区", "村": null}}, {"type": "Feature", "geometry": {"type": "Point", "coordinates": [111.287, 30.7]}, "properties": {"办件编号": "20240629000022", "事件": "求助", "类9": "出行安全", "方面": "安全韧性", "geocode_status": "region", "board": "安全韧性底线", "project_type": "交通设施", "社区": null, "村": null}}, {"type": "Feature", "geometry": {"type": "Point", "coordinates": [111.379569, 30.632381]}, "properties": {"办件编号": "20240628001015", "事件": "投诉", "类9": "消防安全", "方面": "安全韧性", "geocode_status": "ok", "board": "安全韧性底线", "project_type": "安全消防", "社区": "柏临河路社区", "村": null}}, {"type": "Feature", "geometry": {"type": "Point", "coordinates": [111.333, 30.655]}, "properties": {"办件编号": "20240628000801", "事件": "求助", "类9": "管网安全", "方面": "安全韧性", "geocode_status": "region", "board": "安全韧性底线", "project_type": "市政管网", "社区": null, "村": null}}, {"type": "Feature", "geometry": {"type": "Point", "coordinates": [111.30882, 30.684813]}, "properties": {"办件编号": "20240628000756", "事件": "投诉", "类9": "环境安全", "方面": "安全韧性", "geocode_status": "ok", "board": "安全韧性底线", "project_type": "环境治理", "社区": "建设社区", "村": null}}, {"type": "Feature", "geometry": {"type": "Point", "coordinates": [111.372573, 30.656068]}, "properties": {"办件编号": "20240628000527", "事件": "求助", "类9": "管网安全", "方面": "安全韧性", "geocode_status": "ok", "board": "安全韧性底线", "project_type": "市政管网", "社区": "花艳社区", "村": null}}, {"type": "Feature", "geometry": {"type": "Point", "coordinates": [111.287, 30.7]}, "properties": {"办件编号": "20240628000364", "事件": "求助", "类9": "管网安全", "方面": "安全韧性", "geocode_status": "region", "board": "安全韧性底线", "project_type": "市政管网", "社区": null, "村": null}}, {"type": "Feature", "geometry": {"type": "Point", "coordinates": [111.353963, 30.641534]}, "properties": {"办件编号": "20240628000331", "事件": "投诉", "类9": "管网安全", "方面": "安全韧性", "geocode_status": "ok", "board": "安全韧性底线", "project_type": "市政管网", "社区": "伍临路社区", "村": null}}, {"type": "Feature", "geometry": {"type": "Point", "coordinates": [111.381106, 30.662966]}, "properties": {"办件编号": "20240628000314", "事件": "求助", "类9": "管网安全", "方面": "安全韧性", "geocode_status": "ok", "board": "安全韧性底线", "project_type": "市政管网", "社区": "三峡物流园社区", "村": null}}, {"type": "Feature", "geometry": {"type": "Point", "coordinates": [111.333, 30.655]}, "properties": {"办件编号": "20240628000176", "事件": "求助", "类9": "管网安全", "方面": "安全韧性", "geocode_status": "region", "board": "安全韧性底线", "project_type": "市政管网", "社区": null, "村": null}}, {"type": "Feature", "geometry": {"type": "Point", "coordinates": [111.287, 30.7]}, "properties": {"办件编号": "20240628000140", "事件": "求助", "类9": "出行安全", "方面": "安全韧性", "geocode_status": "region", "board": "安全韧性底线", "project_type": "交通设施", "社区": null, "村": null}}, {"type": "Feature", "geometry": {"type": "Point", "coordinates": [111.287, 30.7]}, "properties": {"办件编号": "20240628000095", "事件": "投诉", "类9": "管网安全", "方面": "安全韧性", "geocode_status": "region", "board": "安全韧性底线", "project_type": "市政管网", "社区": null, "村": null}}, {"type": "Feature", "geometry": {"type": "Point", "coordinates": [111.391729, 30.632777]}, "properties": {"办件编号": "20240628000077", "事件": "投诉", "类9": "消防安全", "方面": "安全韧性", "geocode_status": "ok", "board": "安全韧性底线", "project_type": "安全消防", "社区": null, "村": null}}, {"type": "Feature", "geometry": {"type": "Point", "coordinates": [111.333808, 30.684863]}, "properties": {"办件编号": "20240627001270", "事件": "投诉", "类9": "出行安全", "方面": "安全韧性", "geocode_status": "ok", "board": "安全韧性底线", "project_type": "交通设施", "社区": null, "村": "旭光村"}}, {"type": "Feature", "geometry": {"type": "Point", "coordinates": [111.307679, 30.681681]}, "properties": {"办件编号": "20240627000604", "事件": "求助", "类9": "出行安全", "方面": "安全韧性", "geocode_status": "ok", "board": "安全韧性底线", "project_type": "交通设施", "社区": "港务社区", "村": null}}, {"type": "Feature", "geometry": {"type": "Point", "coordinates": [111.341091, 30.685179]}, "properties": {"办件编号": "20240627000590", "事件": "建议", "类9": "出行安全", "方面": "安全韧性", "geocode_status": "ok", "board": "安全韧性底线", "project_type": "交通设施", "社区": null, "村": "旭光村"}}, {"type": "Feature", "geometry": {"type": "Point", "coordinates": [111.287, 30.7]}, "properties": {"办件编号": "20240627000510", "事件": "求助", "类9": "管网安全", "方面": "安全韧性", "geocode_status": "region", "board": "安全韧性底线", "project_type": "市政管网", "社区": null, "村": null}}, {"type": "Feature", "geometry": {"type": "Point", "coordinates": [111.307679, 30.681681]}, "properties": {"办件编号": "20240627000477", "事件": "投诉", "类9": "消防安全", "方面": "安全韧性", "geocode_status": "ok", "board": "安全韧性底线", "project_type": "安全消防", "社区": "港务社区", "村": null}}, {"type": "Feature", "geometry": {"type": "Point", "coordinates": [111.333, 30.655]}, "properties": {"办件编号": "20240627000231", "事件": "求助", "类9": "管网安全", "方面": "安全韧性", "geocode_status": "region", "board": "安全韧性底线", "project_type": "市政管网", "社区": null, "村": null}}, {"type": "Feature", "geometry": {"type": "Point", "coordinates": [111.3597, 30.641597]}, "properties": {"办件编号": "20240627000228", "事件": "投诉", "类9": "管网安全", "方面": "安全韧性", "geocode_status": "ok", "board": "安全韧性底线", "project_type": "市政管网", "社区": "八一路社区", "村": null}}, {"type": "Feature", "geometry": {"type": "Point", "coordinates": [111.332551, 30.678231]}, "properties": {"办件编号": "20240626001455", "事件": "投诉", "类9": "管网安全", "方面": "安全韧性", "geocode_status": "ok", "board": "安全韧性底线", "project_type": "市政管网", "社区": "岳湾路社区", "村": null}}, {"type": "Feature", "geometry": {"type": "Point", "coordinates": [111.295118, 30.68185]}, "properties": {"办件编号": "20240626001388", "事件": "求助", "类9": "出行安全", "方面": "安全韧性", "geocode_status": "ok", "board": "安全韧性底线", "project_type": "交通设施", "社区": null, "村": null}}, {"type": "Feature", "geometry": {"type": "Point", "coordinates": [111.333, 30.655]}, "properties": {"办件编号": "20240626001128", "事件": "求助", "类9": "出行安全", "方面": "安全韧性", "geocode_status": "region", "board": "安全韧性底线", "project_type": "交通设施", "社区": null, "村": null}}, {"type": "Feature", "geometry": {"type": "Point", "coordinates": [111.333, 30.655]}, "properties": {"办件编号": "20240626001062", "事件": "投诉", "类9": "管网安全", "方面": "安全韧性", "geocode_status": "region", "board": "安全韧性底线", "project_type": "市政管网", "社区": null, "村": null}}, {"type": "Feature", "geometry": {"type": "Point", "coordinates": [111.305, 30.69]}, "properties": {"办件编号": "20240626000624", "事件": "投诉", "类9": "出行安全", "方面": "安全韧性", "geocode_status": "region", "board": "安全韧性底线", "project_type": "交通设施", "社区": null, "村": null}}, {"type": "Feature", "geometry": {"type": "Point", "coordinates": [111.285696, 30.710765]}, "properties": {"办件编号": "20240625001658", "事件": "建议", "类9": "管网安全", "方面": "安全韧性", "geocode_status": "ok", "board": "安全韧性底线", "project_type": "市政管网", "社区": "翁家堰社区", "村": null}}, {"type": "Feature", "geometry": {"type": "Point", "coordinates": [111.287, 30.7]}, "properties": {"办件编号": "20240625001475", "事件": "投诉", "类9": "管网安全", "方面": "安全韧性", "geocode_status": "region", "board": "安全韧性底线", "project_type": "市政管网", "社区": null, "村": null}}, {"type": "Feature", "geometry": {"type": "Point", "coordinates": [111.307679, 30.681681]}, "properties": {"办件编号": "20240625001374", "事件": "求助", "类9": "出行安全", "方面": "安全韧性", "geocode_status": "ok", "board": "安全韧性底线", "project_type": "交通设施", "社区": "港务社区", "村": null}}, {"type": "Feature", "geometry": {"type": "Point", "coordinates": [111.329299, 30.679494]}, "properties": {"办件编号": "20240625001099", "事件": "投诉", "类9": "出行安全", "方面": "安全韧性", "geocode_status": "ok", "board": "安全韧性底线", "project_type": "交通设施", "社区": "岳湾路社区", "村": null}}, {"type": "Feature", "geometry": {"type": "Point", "coordinates": [111.302705, 30.682644]}, "properties": {"办件编号": "20240625000106", "事件": "投诉", "类9": "管网安全", "方面": "安全韧性", "geocode_status": "ok", "board": "安全韧性底线", "project_type": "市政管网", "社区": "万达社区", "村": null}}, {"type": "Feature", "geometry": {"type": "Point", "coordinates": [111.319368, 30.670576]}, "properties": {"办件编号": "20240624003430", "事件": "投诉", "类9": "管网安全", "方面": "安全韧性", "geocode_status": "ok", "board": "安全韧性底线", "project_type": "市政管网", "社区": "宝联社区", "村": null}}, {"type": "Feature", "geometry": {"type": "Point", "coordinates": [111.335315, 30.736121]}, "properties": {"办件编号": "20240624003435", "事件": "投诉", "类9": "管网安全", "方面": "安全韧性", "geocode_status": "ok", "board": "安全韧性底线", "project_type": "市政管网", "社区": "朝阳路社区", "村": null}}, {"type": "Feature", "geometry": {"type": "Point", "coordinates": [111.286263, 30.693799]}, "properties": {"办件编号": "20240624003302", "事件": "求助", "类9": "管网安全", "方面": "安全韧性", "geocode_status": "ok", "board": "安全韧性底线", "project_type": "市政管网", "社区": "小林园社区", "村": null}}, {"type": "Feature", "geometry": {"type": "Point", "coordinates": [111.287, 30.7]}, "properties": {"办件编号": "20240624003136", "事件": "求助", "类9": "消防安全", "方面": "安全韧性", "geocode_status": "region", "board": "安全韧性底线", "project_type": "安全消防", "社区": null, "村": null}}, {"type": "Feature", "geometry": {"type": "Point", "coordinates": [111.307679, 30.681681]}, "properties": {"办件编号": "20240624003045", "事件": "求助", "类9": "管网安全", "方面": "安全韧性", "geocode_status": "ok", "board": "安全韧性底线", "project_type": "市政管网", "社区": "港务社区", "村": null}}, {"type": "Feature", "geometry": {"type": "Point", "coordinates": [111.333, 30.655]}, "properties": {"办件编号": "20240624001813", "事件": "求助", "类9": "管网安全", "方面": "安全韧性", "geocode_status": "region", "board": "安全韧性底线", "project_type": "市政管网", "社区": null, "村": null}}, {"type": "Feature", "geometry": {"type": "Point", "coordinates": [111.305, 30.69]}, "properties": {"办件编号": "20240624001622", "事件": "求助", "类9": "出行安全", "方面": "安全韧性", "geocode_status": "region", "board": "安全韧性底线", "project_type": "交通设施", "社区": null, "村": null}}, {"type": "Feature", "geometry": {"type": "Point", "coordinates": [111.333, 30.655]}, "properties": {"办件编号": "20240624001466", "事件": "求助", "类9": "管网安全", "方面": "安全韧性", "geocode_status": "region", "board": "安全韧性底线", "project_type": "市政管网", "社区": null, "村": null}}, {"type": "Feature", "geometry": {"type": "Point", "coordinates": [111.333, 30.655]}, "properties": {"办件编号": "20240624000977", "事件": "求助", "类9": "管网安全", "方面": "安全韧性", "geocode_status": "region", "board": "安全韧性底线", "project_type": "市政管网", "社区": null, "村": null}}, {"type": "Feature", "geometry": {"type": "Point", "coordinates": [111.295786, 30.706818]}, "properties": {"办件编号": "20240624000038", "事件": "求助", "类9": "出行安全", "方面": "安全韧性", "geocode_status": "ok", "board": "安全韧性底线", "project_type": "交通设施", "社区": "香锦社区", "村": null}}, {"type": "Feature", "geometry": {"type": "Point", "coordinates": [111.334306, 30.721825]}, "properties": {"办件编号": "20240624000202", "事件": "投诉", "类9": "管网安全", "方面": "安全韧性", "geocode_status": "ok", "board": "安全韧性底线", "project_type": "市政管网", "社区": "朝阳路社区", "村": null}}, {"type": "Feature", "geometry": {"type": "Point", "coordinates": [111.287, 30.7]}, "properties": {"办件编号": "20240624000179", "事件": "投诉", "类9": "出行安全", "方面": "安全韧性", "geocode_status": "region", "board": "安全韧性底线", "project_type": "交通设施", "社区": null, "村": null}}, {"type": "Feature", "geometry": {"type": "Point", "coordinates": [111.333, 30.655]}, "properties": {"办件编号": "20240624000249", "事件": "投诉", "类9": "出行安全", "方面": "安全韧性", "geocode_status": "region", "board": "安全韧性底线", "project_type": "交通设施", "社区": null, "村": null}}, {"type": "Feature", "geometry": {"type": "Point", "coordinates": [111.287, 30.7]}, "properties": {"办件编号": "20240622000164", "事件": "投诉", "类9": "管网安全", "方面": "安全韧性", "geocode_status": "region", "board": "安全韧性底线", "project_type": "市政管网", "社区": null, "村": null}}, {"type": "Feature", "geometry": {"type": "Point", "coordinates": [111.323683, 30.674206]}, "properties": {"办件编号": "20240624000990", "事件": "投诉", "类9": "管网安全", "方面": "安全韧性", "geocode_status": "ok", "board": "安全韧性底线", "project_type": "市政管网", "社区": "东星社区", "村": null}}, {"type": "Feature", "geometry": {"type": "Point", "coordinates": [111.319368, 30.670576]}, "properties": {"办件编号": "20240624000462", "事件": "投诉", "类9": "出行安全", "方面": "安全韧性", "geocode_status": "ok", "board": "安全韧性底线", "project_type": "交通设施", "社区": "宝联社区", "村": null}}, {"type": "Feature", "geometry": {"type": "Point", "coordinates": [111.309228, 30.734541]}, "properties": {"办件编号": "20240624000738", "事件": "投诉", "类9": "出行安全", "方面": "安全韧性", "geocode_status": "ok", "board": "安全韧性底线", "project_type": "交通设施", "社区": "黄河路社区", "村": null}}, {"type": "Feature", "geometry": {"type": "Point", "coordinates": [111.287, 30.7]}, "properties": {"办件编号": "20240621001164", "事件": "求助", "类9": "出行安全", "方面": "安全韧性", "geocode_status": "region", "board": "安全韧性底线", "project_type": "交通设施", "社区": null, "村": null}}, {"type": "Feature", "geometry": {"type": "Point", "coordinates": [111.338332, 30.684966]}, "properties": {"办件编号": "20240621000675", "事件": "建议", "类9": "出行安全", "方面": "安全韧性", "geocode_status": "ok", "board": "安全韧性底线", "project_type": "交通设施", "社区": null, "村": "旭光村"}}, {"type": "Feature", "geometry": {"type": "Point", "coordinates": [111.333, 30.655]}, "properties": {"办件编号": "20240621000597", "事件": "求助", "类9": "出行安全", "方面": "安全韧性", "geocode_status": "region", "board": "安全韧性底线", "project_type": "交通设施", "社区": null, "村": null}}, {"type": "Feature", "geometry": {"type": "Point", "coordinates": [111.287, 30.7]}, "properties": {"办件编号": "20240621000363", "事件": "求助", "类9": "出行安全", "方面": "安全韧性", "geocode_status": "region", "board": "安全韧性底线", "project_type": "交通设施", "社区": null, "村": null}}, {"type": "Feature", "geometry": {"type": "Point", "coordinates": [111.328518, 30.735639]}, "properties": {"办件编号": "20240621000238", "事件": "求助", "类9": "管网安全", "方面": "安全韧性", "geocode_status": "ok", "board": "安全韧性底线", "project_type": "市政管网", "社区": "唐家湾社区", "村": null}}, {"type": "Feature", "geometry": {"type": "Point", "coordinates": [111.333, 30.655]}, "properties": {"办件编号": "20240620001639", "事件": "投诉", "类9": "出行安全", "方面": "安全韧性", "geocode_status": "region", "board": "安全韧性底线", "project_type": "交通设施", "社区": null, "村": null}}, {"type": "Feature", "geometry": {"type": "Point", "coordinates": [111.354355, 30.673084]}, "properties": {"办件编号": "20240620001471", "事件": "建议", "类9": "出行安全", "方面": "安全韧性", "geocode_status": "ok", "board": "安全韧性底线", "project_type": "交通设施", "社区": "张家湾社区", "村": null}}, {"type": "Feature", "geometry": {"type": "Point", "coordinates": [111.289253, 30.69689]}, "properties": {"办件编号": "20240620001436", "事件": "投诉", "类9": "出行安全", "方面": "安全韧性", "geocode_status": "ok", "board": "安全韧性底线", "project_type": "交通设施", "社区": "夷陵路社区", "村": null}}, {"type": "Feature", "geometry": {"type": "Point", "coordinates": [111.333, 30.655]}, "properties": {"办件编号": "20240620000592", "事件": "求助", "类9": "管网安全", "方面": "安全韧性", "geocode_status": "region", "board": "安全韧性底线", "project_type": "市政管网", "社区": null, "村": null}}, {"type": "Feature", "geometry": {"type": "Point", "coordinates": [111.333, 30.655]}, "properties": {"办件编号": "20240620000169", "事件": "求助", "类9": "出行安全", "方面": "安全韧性", "geocode_status": "region", "board": "安全韧性底线", "project_type": "交通设施", "社区": null, "村": null}}, {"type": "Feature", "geometry": {"type": "Point", "coordinates": [111.333, 30.655]}, "properties": {"办件编号": "20240620000145", "事件": "求助", "类9": "管网安全", "方面": "安全韧性", "geocode_status": "region", "board": "安全韧性底线", "project_type": "市政管网", "社区": null, "村": null}}, {"type": "Feature", "geometry": {"type": "Point", "coordinates": [111.29241, 30.709885]}, "properties": {"办件编号": "20240620000122", "事件": "投诉", "类9": "出行安全", "方面": "安全韧性", "geocode_status": "ok", "board": "安全韧性底线", "project_type": "交通设施", "社区": "绿萝路社区", "村": null}}, {"type": "Feature", "geometry": {"type": "Point", "coordinates": [111.338332, 30.684966]}, "properties": {"办件编号": "20240619001443", "事件": "建议", "类9": "出行安全", "方面": "安全韧性", "geocode_status": "ok", "board": "安全韧性底线", "project_type": "交通设施", "社区": null, "村": "旭光村"}}, {"type": "Feature", "geometry": {"type": "Point", "coordinates": [111.284332, 30.696171]}, "properties": {"办件编号": "20240619001096", "事件": "求助", "类9": "消防安全", "方面": "安全韧性", "geocode_status": "ok", "board": "安全韧性底线", "project_type": "安全消防", "社区": "小林园社区", "村": null}}, {"type": "Feature", "geometry": {"type": "Point", "coordinates": [111.334306, 30.721825]}, "properties": {"办件编号": "20240618001651", "事件": "投诉", "类9": "消防安全", "方面": "安全韧性", "geocode_status": "ok", "board": "安全韧性底线", "project_type": "安全消防", "社区": "朝阳路社区", "村": null}}, {"type": "Feature", "geometry": {"type": "Point", "coordinates": [111.379569, 30.632381]}, "properties": {"办件编号": "20240618001540", "事件": "投诉", "类9": "出行安全", "方面": "安全韧性", "geocode_status": "ok", "board": "安全韧性底线", "project_type": "交通设施", "社区": "柏临河路社区", "村": null}}, {"type": "Feature", "geometry": {"type": "Point", "coordinates": [111.372573, 30.656068]}, "properties": {"办件编号": "20240618001071", "事件": "求助", "类9": "管网安全", "方面": "安全韧性", "geocode_status": "ok", "board": "安全韧性底线", "project_type": "市政管网", "社区": "花艳社区", "村": null}}, {"type": "Feature", "geometry": {"type": "Point", "coordinates": [111.309641, 30.682859]}, "properties": {"办件编号": "20240618000849", "事件": "投诉", "类9": "消防安全", "方面": "安全韧性", "geocode_status": "ok", "board": "安全韧性底线", "project_type": "安全消防", "社区": "建设社区", "村": null}}, {"type": "Feature", "geometry": {"type": "Point", "coordinates": [111.305, 30.69]}, "properties": {"办件编号": "20240618000530", "事件": "求助", "类9": "管网安全", "方面": "安全韧性", "geocode_status": "region", "board": "安全韧性底线", "project_type": "市政管网", "社区": null, "村": null}}, {"type": "Feature", "geometry": {"type": "Point", "coordinates": [111.308684, 30.683916]}, "properties": {"办件编号": "20240618000366", "事件": "投诉", "类9": "管网安全", "方面": "安全韧性", "geocode_status": "ok", "board": "安全韧性底线", "project_type": "市政管网", "社区": "建设社区", "村": null}}, {"type": "Feature", "geometry": {"type": "Point", "coordinates": [111.378196, 30.660714]}, "properties": {"办件编号": "20240618000279", "事件": "投诉", "类9": "管网安全", "方面": "安全韧性", "geocode_status": "ok", "board": "安全韧性底线", "project_type": "市政管网", "社区": null, "村": "共和村"}}, {"type": "Feature", "geometry": {"type": "Point", "coordinates": [111.330655, 30.67507]}, "properties": {"办件编号": "20240618000276", "事件": "投诉", "类9": "管网安全", "方面": "安全韧性", "geocode_status": "ok", "board": "安全韧性底线", "project_type": "市政管网", "社区": null, "村": "合益村"}}, {"type": "Feature", "geometry": {"type": "Point", "coordinates": [111.297014, 30.732616]}, "properties": {"办件编号": "20240618000170", "事件": "求助", "类9": "管网安全", "方面": "安全韧性", "geocode_status": "ok", "board": "安全韧性底线", "project_type": "市政管网", "社区": "镇境山社区", "村": null}}, {"type": "Feature", "geometry": {"type": "Point", "coordinates": [111.327439, 30.662354]}, "properties": {"办件编号": "20240617001725", "事件": "投诉", "类9": "管网安全", "方面": "安全韧性", "geocode_status": "ok", "board": "安全韧性底线", "project_type": "市政管网", "社区": "古塔社区", "村": null}}, {"type": "Feature", "geometry": {"type": "Point", "coordinates": [111.309671, 30.684166]}, "properties": {"办件编号": "20240617001088", "事件": "求助", "类9": "管网安全", "方面": "安全韧性", "geocode_status": "ok", "board": "安全韧性底线", "project_type": "市政管网", "社区": "建设社区", "村": null}}, {"type": "Feature", "geometry": {"type": "Point", "coordinates": [111.321284, 30.67413]}, "properties": {"办件编号": "20240617001067", "事件": "求助", "类9": "管网安全", "方面": "安全韧性", "geocode_status": "ok", "board": "安全韧性底线", "project_type": "市政管网", "社区": null, "村": "汉宜村"}}, {"type": "Feature", "geometry": {"type": "Point", "coordinates": [111.333, 30.655]}, "properties": {"办件编号": "20240617000601", "事件": "求助", "类9": "管网安全", "方面": "安全韧性", "geocode_status": "region", "board": "安全韧性底线", "project_type": "市政管网", "社区": null, "村": null}}, {"type": "Feature", "geometry": {"type": "Point", "coordinates": [111.321284, 30.67413]}, "properties": {"办件编号": "20240617000579", "事件": "求助", "类9": "管网安全", "方面": "安全韧性", "geocode_status": "ok", "board": "安全韧性底线", "project_type": "市政管网", "社区": null, "村": "汉宜村"}}, {"type": "Feature", "geometry": {"type": "Point", "coordinates": [111.286449, 30.69514]}, "properties": {"办件编号": "20240617000349", "事件": "求助", "类9": "管网安全", "方面": "安全韧性", "geocode_status": "ok", "board": "安全韧性底线", "project_type": "市政管网", "社区": "小林园社区", "村": null}}, {"type": "Feature", "geometry": {"type": "Point", "coordinates": [111.30228, 30.686874]}, "properties": {"办件编号": "20240617000316", "事件": "投诉", "类9": "管网安全", "方面": "安全韧性", "geocode_status": "ok", "board": "安全韧性底线", "project_type": "市政管网", "社区": "建设社区", "村": null}}, {"type": "Feature", "geometry": {"type": "Point", "coordinates": [111.321284, 30.67413]}, "properties": {"办件编号": "20240617000301", "事件": "投诉", "类9": "管网安全", "方面": "安全韧性", "geocode_status": "ok", "board": "安全韧性底线", "project_type": "市政管网", "社区": null, "村": "汉宜村"}}, {"type": "Feature", "geometry": {"type": "Point", "coordinates": [111.333, 30.655]}, "properties": {"办件编号": "20240617000180", "事件": "求助", "类9": "管网安全", "方面": "安全韧性", "geocode_status": "region", "board": "安全韧性底线", "project_type": "市政管网", "社区": null, "村": null}}, {"type": "Feature", "geometry": {"type": "Point", "coordinates": [111.330655, 30.67507]}, "properties": {"办件编号": "20240616000772", "事件": "投诉", "类9": "管网安全", "方面": "安全韧性", "geocode_status": "ok", "board": "安全韧性底线", "project_type": "市政管网", "社区": null, "村": "合益村"}}, {"type": "Feature", "geometry": {"type": "Point", "coordinates": [111.287, 30.7]}, "properties": {"办件编号": "20240616000413", "事件": "求助", "类9": "管网安全", "方面": "安全韧性", "geocode_status": "region", "board": "安全韧性底线", "project_type": "市政管网", "社区": null, "村": null}}, {"type": "Feature", "geometry": {"type": "Point", "coordinates": [111.332161, 30.678202]}, "properties": {"办件编号": "20240616000111", "事件": "投诉", "类9": "管网安全", "方面": "安全韧性", "geocode_status": "ok", "board": "安全韧性底线", "project_type": "市政管网", "社区": "岳湾路社区", "村": null}}, {"type": "Feature", "geometry": {"type": "Point", "coordinates": [111.378712, 30.662406]}, "properties": {"办件编号": "20240615001006", "事件": "投诉", "类9": "消防安全", "方面": "安全韧性", "geocode_status": "ok", "board": "安全韧性底线", "project_type": "安全消防", "社区": null, "村": "共和村"}}, {"type": "Feature", "geometry": {"type": "Point", "coordinates": [111.378712, 30.662406]}, "properties": {"办件编号": "20240615001003", "事件": "投诉", "类9": "消防安全", "方面": "安全韧性", "geocode_status": "ok", "board": "安全韧性底线", "project_type": "安全消防", "社区": null, "村": "共和村"}}, {"type": "Feature", "geometry": {"type": "Point", "coordinates": [111.295118, 30.68185]}, "properties": {"办件编号": "20240615000961", "事件": "建议", "类9": "管网安全", "方面": "安全韧性", "geocode_status": "ok", "board": "安全韧性底线", "project_type": "市政管网", "社区": null, "村": null}}, {"type": "Feature", "geometry": {"type": "Point", "coordinates": [111.360882, 30.644048]}, "properties": {"办件编号": "20240614000929", "事件": "投诉", "类9": "消防安全", "方面": "安全韧性", "geocode_status": "ok", "board": "安全韧性底线", "project_type": "安全消防", "社区": null, "村": "共勤村"}}, {"type": "Feature", "geometry": {"type": "Point", "coordinates": [111.292642, 30.691585]}, "properties": {"办件编号": "20240614000513", "事件": "求助", "类9": "出行安全", "方面": "安全韧性", "geocode_status": "ok", "board": "安全韧性底线", "project_type": "交通设施", "社区": "胜利四路社区", "村": null}}, {"type": "Feature", "geometry": {"type": "Point", "coordinates": [111.292642, 30.691585]}, "properties": {"办件编号": "20240614000426", "事件": "求助", "类9": "出行安全", "方面": "安全韧性", "geocode_status": "ok", "board": "安全韧性底线", "project_type": "交通设施", "社区": "胜利四路社区", "村": null}}, {"type": "Feature", "geometry": {"type": "Point", "coordinates": [111.292642, 30.691585]}, "properties": {"办件编号": "20240614000357", "事件": "求助", "类9": "出行安全", "方面": "安全韧性", "geocode_status": "ok", "board": "安全韧性底线", "project_type": "交通设施", "社区": "胜利四路社区", "村": null}}, {"type": "Feature", "geometry": {"type": "Point", "coordinates": [111.318761, 30.671257]}, "properties": {"办件编号": "20240614000277", "事件": "求助", "类9": "管网安全", "方面": "安全韧性", "geocode_status": "ok", "board": "安全韧性底线", "project_type": "市政管网", "社区": "宝联社区", "村": null}}, {"type": "Feature", "geometry": {"type": "Point", "coordinates": [111.333, 30.655]}, "properties": {"办件编号": "20240614000166", "事件": "投诉", "类9": "消防安全", "方面": "安全韧性", "geocode_status": "region", "board": "安全韧性底线", "project_type": "安全消防", "社区": null, "村": null}}, {"type": "Feature", "geometry": {"type": "Point", "coordinates": [111.350836, 30.643985]}, "properties": {"办件编号": "20240613001613", "事件": "投诉", "类9": "出行安全", "方面": "安全韧性", "geocode_status": "ok", "board": "安全韧性底线", "project_type": "交通设施", "社区": "伍临路社区", "村": null}}, {"type": "Feature", "geometry": {"type": "Point", "coordinates": [111.306724, 30.680978]}, "properties": {"办件编号": "20240614000195", "事件": "投诉", "类9": "出行安全", "方面": "安全韧性", "geocode_status": "ok", "board": "安全韧性底线", "project_type": "交通设施", "社区": "万达社区", "村": null}}, {"type": "Feature", "geometry": {"type": "Point", "coordinates": [111.306724, 30.680978]}, "properties": {"办件编号": "20240614000196", "事件": "投诉", "类9": "管网安全", "方面": "安全韧性", "geocode_status": "ok", "board": "安全韧性底线", "project_type": "市政管网", "社区": "万达社区", "村": null}}, {"type": "Feature", "geometry": {"type": "Point", "coordinates": [111.296246, 30.700684]}, "properties": {"办件编号": "20240613001085", "事件": "求助", "类9": "出行安全", "方面": "安全韧性", "geocode_status": "ok", "board": "安全韧性底线", "project_type": "交通设施", "社区": "白龙井社区", "村": null}}, {"type": "Feature", "geometry": {"type": "Point", "coordinates": [111.301851, 30.727822]}, "properties": {"办件编号": "20240613000667", "事件": "求助", "类9": "管网安全", "方面": "安全韧性", "geocode_status": "ok", "board": "安全韧性底线", "project_type": "市政管网", "社区": "大堰湾社区", "村": null}}, {"type": "Feature", "geometry": {"type": "Point", "coordinates": [111.333, 30.655]}, "properties": {"办件编号": "20240613000280", "事件": "求助", "类9": "出行安全", "方面": "安全韧性", "geocode_status": "region", "board": "安全韧性底线", "project_type": "交通设施", "社区": null, "村": null}}, {"type": "Feature", "geometry": {"type": "Point", "coordinates": [111.305, 30.69]}, "properties": {"办件编号": "20240612001617", "事件": "投诉", "类9": "出行安全", "方面": "安全韧性", "geocode_status": "region", "board": "安全韧性底线", "project_type": "交通设施", "社区": null, "村": null}}, {"type": "Feature", "geometry": {"type": "Point", "coordinates": [111.353963, 30.641534]}, "properties": {"办件编号": "20240612000467", "事件": "投诉", "类9": "管网安全", "方面": "安全韧性", "geocode_status": "ok", "board": "安全韧性底线", "project_type": "市政管网", "社区": "伍临路社区", "村": null}}, {"type": "Feature", "geometry": {"type": "Point", "coordinates": [111.285696, 30.710765]}, "properties": {"办件编号": "20240611001122", "事件": "投诉", "类9": "管网安全", "方面": "安全韧性", "geocode_status": "ok", "board": "安全韧性底线", "project_type": "市政管网", "社区": "翁家堰社区", "村": null}}, {"type": "Feature", "geometry": {"type": "Point", "coordinates": [111.333, 30.655]}, "properties": {"办件编号": "20240611000623", "事件": "求助", "类9": "管网安全", "方面": "安全韧性", "geocode_status": "region", "board": "安全韧性底线", "project_type": "市政管网", "社区": null, "村": null}}, {"type": "Feature", "geometry": {"type": "Point", "coordinates": [111.380082, 30.660195]}, "properties": {"办件编号": "20240611000464", "事件": "求助", "类9": "出行安全", "方面": "安全韧性", "geocode_status": "ok", "board": "安全韧性底线", "project_type": "交通设施", "社区": null, "村": "共和村"}}, {"type": "Feature", "geometry": {"type": "Point", "coordinates": [111.306724, 30.680978]}, "properties": {"办件编号": "20240610000675", "事件": "投诉", "类9": "出行安全", "方面": "安全韧性", "geocode_status": "ok", "board": "安全韧性底线", "project_type": "交通设施", "社区": "万达社区", "村": null}}, {"type": "Feature", "geometry": {"type": "Point", "coordinates": [111.334418, 30.687403]}, "properties": {"办件编号": "20240610000676", "事件": "投诉", "类9": "管网安全", "方面": "安全韧性", "geocode_status": "ok", "board": "安全韧性底线", "project_type": "市政管网", "社区": "岳湾路社区", "村": null}}, {"type": "Feature", "geometry": {"type": "Point", "coordinates": [111.333, 30.655]}, "properties": {"办件编号": "20240608000606", "事件": "投诉", "类9": "消防安全", "方面": "安全韧性", "geocode_status": "region", "board": "安全韧性底线", "project_type": "安全消防", "社区": null, "村": null}}, {"type": "Feature", "geometry": {"type": "Point", "coordinates": [111.287, 30.7]}, "properties": {"办件编号": "20240608000364", "事件": "投诉", "类9": "管网安全", "方面": "安全韧性", "geocode_status": "region", "board": "安全韧性底线", "project_type": "市政管网", "社区": null, "村": null}}, {"type": "Feature", "geometry": {"type": "Point", "coordinates": [111.381253, 30.663301]}, "properties": {"办件编号": "20240608000232", "事件": "投诉", "类9": "出行安全", "方面": "安全韧性", "geocode_status": "ok", "board": "安全韧性底线", "project_type": "交通设施", "社区": "三峡物流园社区", "村": null}}, {"type": "Feature", "geometry": {"type": "Point", "coordinates": [111.285355, 30.71579]}, "properties": {"办件编号": "20240608000166", "事件": "投诉", "类9": "管网安全", "方面": "安全韧性", "geocode_status": "ok", "board": "安全韧性底线", "project_type": "市政管网", "社区": "锦绣社区", "村": null}}, {"type": "Feature", "geometry": {"type": "Point", "coordinates": [111.298275, 30.6876]}, "properties": {"办件编号": "20240608000129", "事件": "投诉", "类9": "出行安全", "方面": "安全韧性", "geocode_status": "ok", "board": "安全韧性底线", "project_type": "交通设施", "社区": "张家店社区", "村": null}}, {"type": "Feature", "geometry": {"type": "Point", "coordinates": [111.30228, 30.686874]}, "properties": {"办件编号": "20240607001197", "事件": "求助", "类9": "出行安全", "方面": "安全韧性", "geocode_status": "ok", "board": "安全韧性底线", "project_type": "交通设施", "社区": "建设社区", "村": null}}, {"type": "Feature", "geometry": {"type": "Point", "coordinates": [111.388349, 30.661833]}, "properties": {"办件编号": "20240607000084", "事件": "投诉", "类9": "管网安全", "方面": "安全韧性", "geocode_status": "ok", "board": "安全韧性底线", "project_type": "市政管网", "社区": "花艳社区", "村": null}}, {"type": "Feature", "geometry": {"type": "Point", "coordinates": [111.287, 30.7]}, "properties": {"办件编号": "20240606001283", "事件": "投诉", "类9": "管网安全", "方面": "安全韧性", "geocode_status": "region", "board": "安全韧性底线", "project_type": "市政管网", "社区": null, "村": null}}, {"type": "Feature", "geometry": {"type": "Point", "coordinates": [111.326652, 30.676884]}, "properties": {"办件编号": "20240606001249", "事件": "求助", "类9": "管网安全", "方面": "安全韧性", "geocode_status": "ok", "board": "安全韧性底线", "project_type": "市政管网", "社区": "魏家湾社区", "村": null}}, {"type": "Feature", "geometry": {"type": "Point", "coordinates": [111.321284, 30.67413]}, "properties": {"办件编号": "20240606000840", "事件": "投诉", "类9": "出行安全", "方面": "安全韧性", "geocode_status": "ok", "board": "安全韧性底线", "project_type": "交通设施", "社区": null, "村": "汉宜村"}}, {"type": "Feature", "geometry": {"type": "Point", "coordinates": [111.350836, 30.643985]}, "properties": {"办件编号": "20240606000352", "事件": "投诉", "类9": "消防安全", "方面": "安全韧性", "geocode_status": "ok", "board": "安全韧性底线", "project_type": "安全消防", "社区": "伍临路社区", "村": null}}, {"type": "Feature", "geometry": {"type": "Point", "coordinates": [111.3871, 30.653345]}, "properties": {"办件编号": "20240606000233", "事件": "求助", "类9": "出行安全", "方面": "安全韧性", "geocode_status": "ok", "board": "安全韧性底线", "project_type": "交通设施", "社区": null, "村": "共和村"}}, {"type": "Feature", "geometry": {"type": "Point", "coordinates": [111.347886, 30.646544]}, "properties": {"办件编号": "20240605001509", "事件": "投诉", "类9": "出行安全", "方面": "安全韧性", "geocode_status": "ok", "board": "安全韧性底线", "project_type": "交通设施", "社区": "白沙路社区", "村": null}}, {"type": "Feature", "geometry": {"type": "Point", "coordinates": [111.307679, 30.681681]}, "properties": {"办件编号": "20240605001454", "事件": "投诉", "类9": "管网安全", "方面": "安全韧性", "geocode_status": "ok", "board": "安全韧性底线", "project_type": "市政管网", "社区": "港务社区", "村": null}}, {"type": "Feature", "geometry": {"type": "Point", "coordinates": [111.287, 30.7]}, "properties": {"办件编号": "20240605000299", "事件": "投诉", "类9": "管网安全", "方面": "安全韧性", "geocode_status": "region", "board": "安全韧性底线", "project_type": "市政管网", "社区": null, "村": null}}, {"type": "Feature", "geometry": {"type": "Point", "coordinates": [111.335903, 30.691987]}, "properties": {"办件编号": "20240605000121", "事件": "投诉", "类9": "出行安全", "方面": "安全韧性", "geocode_status": "ok", "board": "安全韧性底线", "project_type": "交通设施", "社区": null, "村": "旭光村"}}, {"type": "Feature", "geometry": {"type": "Point", "coordinates": [111.287, 30.7]}, "properties": {"办件编号": "20240604001289", "事件": "求助", "类9": "出行安全", "方面": "安全韧性", "geocode_status": "region", "board": "安全韧性底线", "project_type": "交通设施", "社区": null, "村": null}}, {"type": "Feature", "geometry": {"type": "Point", "coordinates": [111.306724, 30.680978]}, "properties": {"办件编号": "20240604001283", "事件": "投诉", "类9": "管网安全", "方面": "安全韧性", "geocode_status": "ok", "board": "安全韧性底线", "project_type": "市政管网", "社区": "万达社区", "村": null}}, {"type": "Feature", "geometry": {"type": "Point", "coordinates": [111.296895, 30.711691]}, "properties": {"办件编号": "20240604001021", "事件": "求助", "类9": "管网安全", "方面": "安全韧性", "geocode_status": "ok", "board": "安全韧性底线", "project_type": "市政管网", "社区": "土城路社区", "村": null}}, {"type": "Feature", "geometry": {"type": "Point", "coordinates": [111.287, 30.7]}, "properties": {"办件编号": "20240604000459", "事件": "求助", "类9": "管网安全", "方面": "安全韧性", "geocode_status": "region", "board": "安全韧性底线", "project_type": "市政管网", "社区": null, "村": null}}, {"type": "Feature", "geometry": {"type": "Point", "coordinates": [111.30882, 30.684813]}, "properties": {"办件编号": "20240603001577", "事件": "投诉", "类9": "管网安全", "方面": "安全韧性", "geocode_status": "ok", "board": "安全韧性底线", "project_type": "市政管网", "社区": "建设社区", "村": null}}, {"type": "Feature", "geometry": {"type": "Point", "coordinates": [111.331039, 30.679559]}, "properties": {"办件编号": "20240603001386", "事件": "投诉", "类9": "出行安全", "方面": "安全韧性", "geocode_status": "ok", "board": "安全韧性底线", "project_type": "交通设施", "社区": "岳湾路社区", "村": null}}, {"type": "Feature", "geometry": {"type": "Point", "coordinates": [111.323683, 30.674206]}, "properties": {"办件编号": "20240603001284", "事件": "投诉", "类9": "出行安全", "方面": "安全韧性", "geocode_status": "ok", "board": "安全韧性底线", "project_type": "交通设施", "社区": "东星社区", "村": null}}, {"type": "Feature", "geometry": {"type": "Point", "coordinates": [111.294437, 30.689538]}, "properties": {"办件编号": "20240603001212", "事件": "求助", "类9": "出行安全", "方面": "安全韧性", "geocode_status": "ok", "board": "安全韧性底线", "project_type": "交通设施", "社区": "胜利二路社区", "村": null}}, {"type": "Feature", "geometry": {"type": "Point", "coordinates": [111.333, 30.655]}, "properties": {"办件编号": "20240603001115", "事件": "求助", "类9": "出行安全", "方面": "安全韧性", "geocode_status": "region", "board": "安全韧性底线", "project_type": "交通设施", "社区": null, "村": null}}, {"type": "Feature", "geometry": {"type": "Point", "coordinates": [111.333, 30.655]}, "properties": {"办件编号": "20240603001092", "事件": "求助", "类9": "管网安全", "方面": "安全韧性", "geocode_status": "region", "board": "安全韧性底线", "project_type": "市政管网", "社区": null, "村": null}}, {"type": "Feature", "geometry": {"type": "Point", "coordinates": [111.306767, 30.725377]}, "properties": {"办件编号": "20240603001072", "事件": "求助", "类9": "管网安全", "方面": "安全韧性", "geocode_status": "ok", "board": "安全韧性底线", "project_type": "市政管网", "社区": "大学路社区", "村": null}}, {"type": "Feature", "geometry": {"type": "Point", "coordinates": [111.318313, 30.700574]}, "properties": {"办件编号": "20240603000417", "事件": "投诉", "类9": "出行安全", "方面": "安全韧性", "geocode_status": "ok", "board": "安全韧性底线", "project_type": "交通设施", "社区": "学堂湾社区", "村": null}}, {"type": "Feature", "geometry": {"type": "Point", "coordinates": [111.333, 30.655]}, "properties": {"办件编号": "20240603000178", "事件": "求助", "类9": "管网安全", "方面": "安全韧性", "geocode_status": "region", "board": "安全韧性底线", "project_type": "市政管网", "社区": null, "村": null}}, {"type": "Feature", "geometry": {"type": "Point", "coordinates": [111.333, 30.655]}, "properties": {"办件编号": "20240603000176", "事件": "求助", "类9": "管网安全", "方面": "安全韧性", "geocode_status": "region", "board": "安全韧性底线", "project_type": "市政管网", "社区": null, "村": null}}, {"type": "Feature", "geometry": {"type": "Point", "coordinates": [111.307679, 30.681681]}, "properties": {"办件编号": "20240602000742", "事件": "投诉", "类9": "管网安全", "方面": "安全韧性", "geocode_status": "ok", "board": "安全韧性底线", "project_type": "市政管网", "社区": "港务社区", "村": null}}, {"type": "Feature", "geometry": {"type": "Point", "coordinates": [111.301147, 30.688001]}, "properties": {"办件编号": "20240601001103", "事件": "投诉", "类9": "出行安全", "方面": "安全韧性", "geocode_status": "ok", "board": "安全韧性底线", "project_type": "交通设施", "社区": "建设社区", "村": null}}, {"type": "Feature", "geometry": {"type": "Point", "coordinates": [111.333572, 30.681932]}, "properties": {"办件编号": "20240601000907", "事件": "投诉", "类9": "出行安全", "方面": "安全韧性", "geocode_status": "ok", "board": "安全韧性底线", "project_type": "交通设施", "社区": null, "村": "旭光村"}}, {"type": "Feature", "geometry": {"type": "Point", "coordinates": [111.333916, 30.738087]}, "properties": {"办件编号": "20240601000156", "事件": "建议", "类9": "出行安全", "方面": "安全韧性", "geocode_status": "ok", "board": "安全韧性底线", "project_type": "交通设施", "社区": "朝阳路社区", "村": null}}, {"type": "Feature", "geometry": {"type": "Point", "coordinates": [111.32248, 30.69544]}, "properties": {"办件编号": "20240531001034", "事件": "投诉", "类9": "管网安全", "方面": "安全韧性", "geocode_status": "ok", "board": "安全韧性底线", "project_type": "市政管网", "社区": "长江社区", "村": null}}, {"type": "Feature", "geometry": {"type": "Point", "coordinates": [111.287, 30.7]}, "properties": {"办件编号": "20240531000950", "事件": "投诉", "类9": "管网安全", "方面": "安全韧性", "geocode_status": "region", "board": "安全韧性底线", "project_type": "市政管网", "社区": null, "村": null}}, {"type": "Feature", "geometry": {"type": "Point", "coordinates": [111.333, 30.655]}, "properties": {"办件编号": "20240531000505", "事件": "求助", "类9": "出行安全", "方面": "安全韧性", "geocode_status": "region", "board": "安全韧性底线", "project_type": "交通设施", "社区": null, "村": null}}, {"type": "Feature", "geometry": {"type": "Point", "coordinates": [111.350836, 30.643985]}, "properties": {"办件编号": "20240531000530", "事件": "投诉", "类9": "消防安全", "方面": "安全韧性", "geocode_status": "ok", "board": "安全韧性底线", "project_type": "安全消防", "社区": "伍临路社区", "村": null}}, {"type": "Feature", "geometry": {"type": "Point", "coordinates": [111.333, 30.655]}, "properties": {"办件编号": "20240531000176", "事件": "求助", "类9": "出行安全", "方面": "安全韧性", "geocode_status": "region", "board": "安全韧性底线", "project_type": "交通设施", "社区": null, "村": null}}, {"type": "Feature", "geometry": {"type": "Point", "coordinates": [111.333, 30.655]}, "properties": {"办件编号": "20240531000173", "事件": "求助", "类9": "出行安全", "方面": "安全韧性", "geocode_status": "region", "board": "安全韧性底线", "project_type": "交通设施", "社区": null, "村": null}}, {"type": "Feature", "geometry": {"type": "Point", "coordinates": [111.287, 30.7]}, "properties": {"办件编号": "20240530001102", "事件": "求助", "类9": "管网安全", "方面": "安全韧性", "geocode_status": "region", "board": "安全韧性底线", "project_type": "市政管网", "社区": null, "村": null}}, {"type": "Feature", "geometry": {"type": "Point", "coordinates": [111.3279, 30.669049]}, "properties": {"办件编号": "20240530000574", "事件": "投诉", "类9": "管网安全", "方面": "安全韧性", "geocode_status": "ok", "board": "安全韧性底线", "project_type": "市政管网", "社区": "合益路社区", "村": null}}, {"type": "Feature", "geometry": {"type": "Point", "coordinates": [111.30882, 30.684813]}, "properties": {"办件编号": "20240529001400", "事件": "投诉", "类9": "管网安全", "方面": "安全韧性", "geocode_status": "ok", "board": "安全韧性底线", "project_type": "市政管网", "社区": "建设社区", "村": null}}, {"type": "Feature", "geometry": {"type": "Point", "coordinates": [111.333572, 30.681932]}, "properties": {"办件编号": "20240529001219", "事件": "建议", "类9": "出行安全", "方面": "安全韧性", "geocode_status": "ok", "board": "安全韧性底线", "project_type": "交通设施", "社区": null, "村": "旭光村"}}, {"type": "Feature", "geometry": {"type": "Point", "coordinates": [111.334306, 30.721825]}, "properties": {"办件编号": "20240529001108", "事件": "投诉", "类9": "管网安全", "方面": "安全韧性", "geocode_status": "ok", "board": "安全韧性底线", "project_type": "市政管网", "社区": "朝阳路社区", "村": null}}, {"type": "Feature", "geometry": {"type": "Point", "coordinates": [111.333, 30.655]}, "properties": {"办件编号": "20240529000799", "事件": "求助", "类9": "出行安全", "方面": "安全韧性", "geocode_status": "region", "board": "安全韧性底线", "project_type": "交通设施", "社区": null, "村": null}}, {"type": "Feature", "geometry": {"type": "Point", "coordinates": [111.307679, 30.681681]}, "properties": {"办件编号": "20240529000791", "事件": "求助", "类9": "出行安全", "方面": "安全韧性", "geocode_status": "ok", "board": "安全韧性底线", "project_type": "交通设施", "社区": "港务社区", "村": null}}, {"type": "Feature", "geometry": {"type": "Point", "coordinates": [111.287, 30.7]}, "properties": {"办件编号": "20240529000753", "事件": "求助", "类9": "管网安全", "方面": "安全韧性", "geocode_status": "region", "board": "安全韧性底线", "project_type": "市政管网", "社区": null, "村": null}}, {"type": "Feature", "geometry": {"type": "Point", "coordinates": [111.287, 30.7]}, "properties": {"办件编号": "20240529000616", "事件": "求助", "类9": "管网安全", "方面": "安全韧性", "geocode_status": "region", "board": "安全韧性底线", "project_type": "市政管网", "社区": null, "村": null}}, {"type": "Feature", "geometry": {"type": "Point", "coordinates": [111.353584, 30.652286]}, "properties": {"办件编号": "20240529000537", "事件": "投诉", "类9": "管网安全", "方面": "安全韧性", "geocode_status": "ok", "board": "安全韧性底线", "project_type": "市政管网", "社区": "桔城路社区", "村": null}}, {"type": "Feature", "geometry": {"type": "Point", "coordinates": [111.333, 30.655]}, "properties": {"办件编号": "20240529000458", "事件": "求助", "类9": "管网安全", "方面": "安全韧性", "geocode_status": "region", "board": "安全韧性底线", "project_type": "市政管网", "社区": null, "村": null}}, {"type": "Feature", "geometry": {"type": "Point", "coordinates": [111.37174, 30.619047]}, "properties": {"办件编号": "20240529000443", "事件": "投诉", "类9": "出行安全", "方面": "安全韧性", "geocode_status": "ok", "board": "安全韧性底线", "project_type": "交通设施", "社区": null, "村": "共联村"}}, {"type": "Feature", "geometry": {"type": "Point", "coordinates": [111.287, 30.7]}, "properties": {"办件编号": "20240528000755", "事件": "其他", "类9": "出行安全", "方面": "安全韧性", "geocode_status": "region", "board": "安全韧性底线", "project_type": "交通设施", "社区": null, "村": null}}, {"type": "Feature", "geometry": {"type": "Point", "coordinates": [111.290924, 30.690738]}, "properties": {"办件编号": "20240528000506", "事件": "求助", "类9": "管网安全", "方面": "安全韧性", "geocode_status": "ok", "board": "安全韧性底线", "project_type": "市政管网", "社区": "胜利四路社区", "村": null}}, {"type": "Feature", "geometry": {"type": "Point", "coordinates": [111.294541, 30.688442]}, "properties": {"办件编号": "20240528000426", "事件": "求助", "类9": "出行安全", "方面": "安全韧性", "geocode_status": "ok", "board": "安全韧性底线", "project_type": "交通设施", "社区": "胜利二路社区", "村": null}}, {"type": "Feature", "geometry": {"type": "Point", "coordinates": [111.305, 30.69]}, "properties": {"办件编号": "20240528000266", "事件": "求助", "类9": "管网安全", "方面": "安全韧性", "geocode_status": "region", "board": "安全韧性底线", "project_type": "市政管网", "社区": null, "村": null}}, {"type": "Feature", "geometry": {"type": "Point", "coordinates": [111.334306, 30.721825]}, "properties": {"办件编号": "20240527001452", "事件": "投诉", "类9": "出行安全", "方面": "安全韧性", "geocode_status": "ok", "board": "安全韧性底线", "project_type": "交通设施", "社区": "朝阳路社区", "村": null}}, {"type": "Feature", "geometry": {"type": "Point", "coordinates": [111.359821, 30.63221]}, "properties": {"办件编号": "20240527001328", "事件": "投诉", "类9": "出行安全", "方面": "安全韧性", "geocode_status": "ok", "board": "安全韧性底线", "project_type": "交通设施", "社区": "临江溪社区", "村": null}}, {"type": "Feature", "geometry": {"type": "Point", "coordinates": [111.334306, 30.721825]}, "properties": {"办件编号": "20240527001224", "事件": "投诉", "类9": "出行安全", "方面": "安全韧性", "geocode_status": "ok", "board": "安全韧性底线", "project_type": "交通设施", "社区": "朝阳路社区", "村": null}}, {"type": "Feature", "geometry": {"type": "Point", "coordinates": [111.364066, 30.638428]}, "properties": {"办件编号": "20240527001211", "事件": "投诉", "类9": "出行安全", "方面": "安全韧性", "geocode_status": "ok", "board": "安全韧性底线", "project_type": "交通设施", "社区": null, "村": "共勤村"}}, {"type": "Feature", "geometry": {"type": "Point", "coordinates": [111.352985, 30.671858]}, "properties": {"办件编号": "20240527000667", "事件": "投诉", "类9": "消防安全", "方面": "安全韧性", "geocode_status": "ok", "board": "安全韧性底线", "project_type": "安全消防", "社区": "张家湾社区", "村": null}}, {"type": "Feature", "geometry": {"type": "Point", "coordinates": [111.306724, 30.680978]}, "properties": {"办件编号": "20240526000784", "事件": "投诉", "类9": "管网安全", "方面": "安全韧性", "geocode_status": "ok", "board": "安全韧性底线", "project_type": "市政管网", "社区": "万达社区", "村": null}}, {"type": "Feature", "geometry": {"type": "Point", "coordinates": [111.287, 30.7]}, "properties": {"办件编号": "20240526000605", "事件": "投诉", "类9": "出行安全", "方面": "安全韧性", "geocode_status": "region", "board": "安全韧性底线", "project_type": "交通设施", "社区": null, "村": null}}, {"type": "Feature", "geometry": {"type": "Point", "coordinates": [111.285696, 30.710765]}, "properties": {"办件编号": "20240526000266", "事件": "建议", "类9": "出行安全", "方面": "安全韧性", "geocode_status": "ok", "board": "安全韧性底线", "project_type": "交通设施", "社区": "翁家堰社区", "村": null}}, {"type": "Feature", "geometry": {"type": "Point", "coordinates": [111.333, 30.655]}, "properties": {"办件编号": "20240526000252", "事件": "投诉", "类9": "消防安全", "方面": "安全韧性", "geocode_status": "region", "board": "安全韧性底线", "project_type": "安全消防", "社区": null, "村": null}}, {"type": "Feature", "geometry": {"type": "Point", "coordinates": [111.287, 30.7]}, "properties": {"办件编号": "20240525000781", "事件": "求助", "类9": "管网安全", "方面": "安全韧性", "geocode_status": "region", "board": "安全韧性底线", "project_type": "市政管网", "社区": null, "村": null}}, {"type": "Feature", "geometry": {"type": "Point", "coordinates": [111.292642, 30.691585]}, "properties": {"办件编号": "20240525000363", "事件": "投诉", "类9": "消防安全", "方面": "安全韧性", "geocode_status": "ok", "board": "安全韧性底线", "project_type": "安全消防", "社区": "胜利四路社区", "村": null}}, {"type": "Feature", "geometry": {"type": "Point", "coordinates": [111.307679, 30.681681]}, "properties": {"办件编号": "20240525000177", "事件": "投诉", "类9": "出行安全", "方面": "安全韧性", "geocode_status": "ok", "board": "安全韧性底线", "project_type": "交通设施", "社区": "港务社区", "村": null}}, {"type": "Feature", "geometry": {"type": "Point", "coordinates": [111.319844, 30.730201]}, "properties": {"办件编号": "20240525000132", "事件": "投诉", "类9": "出行安全", "方面": "安全韧性", "geocode_status": "ok", "board": "安全韧性底线", "project_type": "交通设施", "社区": "黄河路社区", "村": null}}, {"type": "Feature", "geometry": {"type": "Point", "coordinates": [111.287, 30.7]}, "properties": {"办件编号": "20240524001248", "事件": "投诉", "类9": "消防安全", "方面": "安全韧性", "geocode_status": "region", "board": "安全韧性底线", "project_type": "安全消防", "社区": null, "村": null}}, {"type": "Feature", "geometry": {"type": "Point", "coordinates": [111.333, 30.655]}, "properties": {"办件编号": "20240524001179", "事件": "投诉", "类9": "消防安全", "方面": "安全韧性", "geocode_status": "region", "board": "安全韧性底线", "project_type": "安全消防", "社区": null, "村": null}}, {"type": "Feature", "geometry": {"type": "Point", "coordinates": [111.333, 30.655]}, "properties": {"办件编号": "20240524000763", "事件": "投诉", "类9": "消防安全", "方面": "安全韧性", "geocode_status": "region", "board": "安全韧性底线", "project_type": "安全消防", "社区": null, "村": null}}, {"type": "Feature", "geometry": {"type": "Point", "coordinates": [111.321284, 30.67413]}, "properties": {"办件编号": "20240524000384", "事件": "求助", "类9": "管网安全", "方面": "安全韧性", "geocode_status": "ok", "board": "安全韧性底线", "project_type": "市政管网", "社区": null, "村": "汉宜村"}}, {"type": "Feature", "geometry": {"type": "Point", "coordinates": [111.30138, 30.689955]}, "properties": {"办件编号": "20240524000296", "事件": "求助", "类9": "管网安全", "方面": "安全韧性", "geocode_status": "ok", "board": "安全韧性底线", "project_type": "市政管网", "社区": "体育场路社区", "村": null}}, {"type": "Feature", "geometry": {"type": "Point", "coordinates": [111.319315, 30.730203]}, "properties": {"办件编号": "20240524000165", "事件": "求助", "类9": "管网安全", "方面": "安全韧性", "geocode_status": "ok", "board": "安全韧性底线", "project_type": "市政管网", "社区": "黄河路社区", "村": null}}, {"type": "Feature", "geometry": {"type": "Point", "coordinates": [111.305214, 30.727223]}, "properties": {"办件编号": "20240523001322", "事件": "求助", "类9": "出行安全", "方面": "安全韧性", "geocode_status": "ok", "board": "安全韧性底线", "project_type": "交通设施", "社区": "大学路社区", "村": null}}, {"type": "Feature", "geometry": {"type": "Point", "coordinates": [111.31222, 30.708827]}, "properties": {"办件编号": "20240523001085", "事件": "求助", "类9": "管网安全", "方面": "安全韧性", "geocode_status": "ok", "board": "安全韧性底线", "project_type": "市政管网", "社区": "珠海路社区", "村": null}}, {"type": "Feature", "geometry": {"type": "Point", "coordinates": [111.383158, 30.605975]}, "properties": {"办件编号": "20240523000556", "事件": "投诉", "类9": "管网安全", "方面": "安全韧性", "geocode_status": "ok", "board": "安全韧性底线", "project_type": "市政管网", "社区": "龙盘湖社区", "村": null}}, {"type": "Feature", "geometry": {"type": "Point", "coordinates": [111.383158, 30.605975]}, "properties": {"办件编号": "20240523000507", "事件": "投诉", "类9": "出行安全", "方面": "安全韧性", "geocode_status": "ok", "board": "安全韧性底线", "project_type": "交通设施", "社区": "龙盘湖社区", "村": null}}, {"type": "Feature", "geometry": {"type": "Point", "coordinates": [111.330712, 30.661736]}, "properties": {"办件编号": "20240523000384", "事件": "求助", "类9": "出行安全", "方面": "安全韧性", "geocode_status": "ok", "board": "安全韧性底线", "project_type": "交通设施", "社区": "艾家嘴社区", "村": null}}, {"type": "Feature", "geometry": {"type": "Point", "coordinates": [111.325636, 30.667633]}, "properties": {"办件编号": "20240523000117", "事件": "建议", "类9": "出行安全", "方面": "安全韧性", "geocode_status": "ok", "board": "安全韧性底线", "project_type": "交通设施", "社区": "韩家坝社区", "村": null}}, {"type": "Feature", "geometry": {"type": "Point", "coordinates": [111.335704, 30.675904]}, "properties": {"办件编号": "20240522001475", "事件": "投诉", "类9": "管网安全", "方面": "安全韧性", "geocode_status": "ok", "board": "安全韧性底线", "project_type": "市政管网", "社区": "白家冲社区", "村": null}}, {"type": "Feature", "geometry": {"type": "Point", "coordinates": [111.303616, 30.687128]}, "properties": {"办件编号": "20240522001150", "事件": "投诉", "类9": "消防安全", "方面": "安全韧性", "geocode_status": "ok", "board": "安全韧性底线", "project_type": "安全消防", "社区": "建设社区", "村": null}}, {"type": "Feature", "geometry": {"type": "Point", "coordinates": [111.39672, 30.641086]}, "properties": {"办件编号": "20240522001040", "事件": "求助", "类9": "管网安全", "方面": "安全韧性", "geocode_status": "ok", "board": "安全韧性底线", "project_type": "市政管网", "社区": "花溪路社区", "村": null}}, {"type": "Feature", "geometry": {"type": "Point", "coordinates": [111.333, 30.655]}, "properties": {"办件编号": "20240522001015", "事件": "求助", "类9": "管网安全", "方面": "安全韧性", "geocode_status": "region", "board": "安全韧性底线", "project_type": "市政管网", "社区": null, "村": null}}, {"type": "Feature", "geometry": {"type": "Point", "coordinates": [111.287, 30.7]}, "properties": {"办件编号": "20240522000947", "事件": "求助", "类9": "管网安全", "方面": "安全韧性", "geocode_status": "region", "board": "安全韧性底线", "project_type": "市政管网", "社区": null, "村": null}}, {"type": "Feature", "geometry": {"type": "Point", "coordinates": [111.322094, 30.753129]}, "properties": {"办件编号": "20240522000701", "事件": "投诉", "类9": "消防安全", "方面": "安全韧性", "geocode_status": "ok", "board": "安全韧性底线", "project_type": "安全消防", "社区": "沙河社区", "村": null}}, {"type": "Feature", "geometry": {"type": "Point", "coordinates": [111.338723, 30.666188]}, "properties": {"办件编号": "20240521001487", "事件": "投诉", "类9": "管网安全", "方面": "安全韧性", "geocode_status": "ok", "board": "安全韧性底线", "project_type": "市政管网", "社区": null, "村": "合益村"}}, {"type": "Feature", "geometry": {"type": "Point", "coordinates": [111.287, 30.7]}, "properties": {"办件编号": "20240521001296", "事件": "求助", "类9": "出行安全", "方面": "安全韧性", "geocode_status": "region", "board": "安全韧性底线", "project_type": "交通设施", "社区": null, "村": null}}, {"type": "Feature", "geometry": {"type": "Point", "coordinates": [111.281122, 30.722704]}, "properties": {"办件编号": "20240521001131", "事件": "求助", "类9": "管网安全", "方面": "安全韧性", "geocode_status": "ok", "board": "安全韧性底线", "project_type": "市政管网", "社区": "东湖社区", "村": null}}, {"type": "Feature", "geometry": {"type": "Point", "coordinates": [111.285292, 30.69675]}, "properties": {"办件编号": "20240521000752", "事件": "建议", "类9": "管网安全", "方面": "安全韧性", "geocode_status": "ok", "board": "安全韧性底线", "project_type": "市政管网", "社区": "小林园社区", "村": null}}, {"type": "Feature", "geometry": {"type": "Point", "coordinates": [111.287, 30.7]}, "properties": {"办件编号": "20240521000652", "事件": "求助", "类9": "管网安全", "方面": "安全韧性", "geocode_status": "region", "board": "安全韧性底线", "project_type": "市政管网", "社区": null, "村": null}}, {"type": "Feature", "geometry": {"type": "Point", "coordinates": [111.373683, 30.620496]}, "properties": {"办件编号": "20240521000465", "事件": "投诉", "类9": "管网安全", "方面": "安全韧性", "geocode_status": "ok", "board": "安全韧性底线", "project_type": "市政管网", "社区": null, "村": "共联村"}}, {"type": "Feature", "geometry": {"type": "Point", "coordinates": [111.319315, 30.730203]}, "properties": {"办件编号": "20240521000362", "事件": "求助", "类9": "管网安全", "方面": "安全韧性", "geocode_status": "ok", "board": "安全韧性底线", "project_type": "市政管网", "社区": "黄河路社区", "村": null}}, {"type": "Feature", "geometry": {"type": "Point", "coordinates": [111.330249, 30.705617]}, "properties": {"办件编号": "20240521000320", "事件": "投诉", "类9": "管网安全", "方面": "安全韧性", "geocode_status": "ok", "board": "安全韧性底线", "project_type": "市政管网", "社区": "汕头路社区", "村": null}}, {"type": "Feature", "geometry": {"type": "Point", "coordinates": [111.358132, 30.650426]}, "properties": {"办件编号": "20240521000309", "事件": "投诉", "类9": "消防安全", "方面": "安全韧性", "geocode_status": "ok", "board": "安全韧性底线", "project_type": "安全消防", "社区": null, "村": "共前村"}}, {"type": "Feature", "geometry": {"type": "Point", "coordinates": [111.287, 30.7]}, "properties": {"办件编号": "20240521000258", "事件": "求助", "类9": "出行安全", "方面": "安全韧性", "geocode_status": "region", "board": "安全韧性底线", "project_type": "交通设施", "社区": null, "村": null}}, {"type": "Feature", "geometry": {"type": "Point", "coordinates": [111.35823, 30.644332]}, "properties": {"办件编号": "20240521000835", "事件": "投诉", "类9": "出行安全", "方面": "安全韧性", "geocode_status": "ok", "board": "安全韧性底线", "project_type": "交通设施", "社区": "八一路社区", "村": null}}, {"type": "Feature", "geometry": {"type": "Point", "coordinates": [111.287, 30.7]}, "properties": {"办件编号": "20240521000183", "事件": "求助", "类9": "管网安全", "方面": "安全韧性", "geocode_status": "region", "board": "安全韧性底线", "project_type": "市政管网", "社区": null, "村": null}}, {"type": "Feature", "geometry": {"type": "Point", "coordinates": [111.344308, 30.648616]}, "properties": {"办件编号": "20240520001558", "事件": "投诉", "类9": "管网安全", "方面": "安全韧性", "geocode_status": "ok", "board": "安全韧性底线", "project_type": "市政管网", "社区": "白沙路社区", "村": null}}, {"type": "Feature", "geometry": {"type": "Point", "coordinates": [111.2918, 30.71167]}, "properties": {"办件编号": "20240520001549", "事件": "投诉", "类9": "管网安全", "方面": "安全韧性", "geocode_status": "ok", "board": "安全韧性底线", "project_type": "市政管网", "社区": "营盘路社区", "村": null}}, {"type": "Feature", "geometry": {"type": "Point", "coordinates": [111.333, 30.655]}, "properties": {"办件编号": "20240520001374", "事件": "投诉", "类9": "出行安全", "方面": "安全韧性", "geocode_status": "region", "board": "安全韧性底线", "project_type": "交通设施", "社区": null, "村": null}}, {"type": "Feature", "geometry": {"type": "Point", "coordinates": [111.373683, 30.620496]}, "properties": {"办件编号": "20240520001366", "事件": "投诉", "类9": "管网安全", "方面": "安全韧性", "geocode_status": "ok", "board": "安全韧性底线", "project_type": "市政管网", "社区": null, "村": "共联村"}}, {"type": "Feature", "geometry": {"type": "Point", "coordinates": [111.287, 30.7]}, "properties": {"办件编号": "20240520001154", "事件": "求助", "类9": "出行安全", "方面": "安全韧性", "geocode_status": "region", "board": "安全韧性底线", "project_type": "交通设施", "社区": null, "村": null}}, {"type": "Feature", "geometry": {"type": "Point", "coordinates": [111.287, 30.7]}, "properties": {"办件编号": "20240520001008", "事件": "求助", "类9": "管网安全", "方面": "安全韧性", "geocode_status": "region", "board": "安全韧性底线", "project_type": "市政管网", "社区": null, "村": null}}, {"type": "Feature", "geometry": {"type": "Point", "coordinates": [111.331, 30.682389]}, "properties": {"办件编号": "20240520001002", "事件": "求助", "类9": "管网安全", "方面": "安全韧性", "geocode_status": "ok", "board": "安全韧性底线", "project_type": "市政管网", "社区": "岳湾路社区", "村": null}}, {"type": "Feature", "geometry": {"type": "Point", "coordinates": [111.338984, 30.661827]}, "properties": {"办件编号": "20240520000874", "事件": "求助", "类9": "管网安全", "方面": "安全韧性", "geocode_status": "ok", "board": "安全韧性底线", "project_type": "市政管网", "社区": null, "村": "火光村"}}, {"type": "Feature", "geometry": {"type": "Point", "coordinates": [111.359135, 30.633751]}, "properties": {"办件编号": "20240520000334", "事件": "投诉", "类9": "消防安全", "方面": "安全韧性", "geocode_status": "ok", "board": "安全韧性底线", "project_type": "安全消防", "社区": "沈家店社区", "村": null}}, {"type": "Feature", "geometry": {"type": "Point", "coordinates": [111.286867, 30.712591]}, "properties": {"办件编号": "20240520000227", "事件": "求助", "类9": "出行安全", "方面": "安全韧性", "geocode_status": "ok", "board": "安全韧性底线", "project_type": "交通设施", "社区": "石板溪社区", "村": null}}, {"type": "Feature", "geometry": {"type": "Point", "coordinates": [111.307679, 30.681681]}, "properties": {"办件编号": "20240520000191", "事件": "求助", "类9": "管网安全", "方面": "安全韧性", "geocode_status": "ok", "board": "安全韧性底线", "project_type": "市政管网", "社区": "港务社区", "村": null}}, {"type": "Feature", "geometry": {"type": "Point", "coordinates": [111.34636, 30.673512]}, "properties": {"办件编号": "20240520000198", "事件": "建议", "类9": "出行安全", "方面": "安全韧性", "geocode_status": "ok", "board": "安全韧性底线", "project_type": "交通设施", "社区": "枫香树社区", "村": null}}, {"type": "Feature", "geometry": {"type": "Point", "coordinates": [111.333, 30.655]}, "properties": {"办件编号": "20240520000136", "事件": "投诉", "类9": "出行安全", "方面": "安全韧性", "geocode_status": "region", "board": "安全韧性底线", "project_type": "交通设施", "社区": null, "村": null}}, {"type": "Feature", "geometry": {"type": "Point", "coordinates": [111.306724, 30.680978]}, "properties": {"办件编号": "20240519000645", "事件": "投诉", "类9": "出行安全", "方面": "安全韧性", "geocode_status": "ok", "board": "安全韧性底线", "project_type": "交通设施", "社区": "万达社区", "村": null}}, {"type": "Feature", "geometry": {"type": "Point", "coordinates": [111.287, 30.7]}, "properties": {"办件编号": "20240519000481", "事件": "投诉", "类9": "管网安全", "方面": "安全韧性", "geocode_status": "region", "board": "安全韧性底线", "project_type": "市政管网", "社区": null, "村": null}}, {"type": "Feature", "geometry": {"type": "Point", "coordinates": [111.296208, 30.698697]}, "properties": {"办件编号": "20240519000034", "事件": "投诉", "类9": "管网安全", "方面": "安全韧性", "geocode_status": "ok", "board": "安全韧性底线", "project_type": "市政管网", "社区": "山庄路社区", "村": null}}, {"type": "Feature", "geometry": {"type": "Point", "coordinates": [111.287, 30.7]}, "properties": {"办件编号": "20240519000066", "事件": "投诉", "类9": "管网安全", "方面": "安全韧性", "geocode_status": "region", "board": "安全韧性底线", "project_type": "市政管网", "社区": null, "村": null}}, {"type": "Feature", "geometry": {"type": "Point", "coordinates": [111.370163, 30.658286]}, "properties": {"办件编号": "20240518000865", "事件": "投诉", "类9": "管网安全", "方面": "安全韧性", "geocode_status": "ok", "board": "安全韧性底线", "project_type": "市政管网", "社区": null, "村": "共和村"}}, {"type": "Feature", "geometry": {"type": "Point", "coordinates": [111.354355, 30.673084]}, "properties": {"办件编号": "20240517001262", "事件": "建议", "类9": "出行安全", "方面": "安全韧性", "geocode_status": "ok", "board": "安全韧性底线", "project_type": "交通设施", "社区": "张家湾社区", "村": null}}, {"type": "Feature", "geometry": {"type": "Point", "coordinates": [111.305, 30.69]}, "properties": {"办件编号": "20240517001228", "事件": "投诉", "类9": "出行安全", "方面": "安全韧性", "geocode_status": "region", "board": "安全韧性底线", "project_type": "交通设施", "社区": null, "村": null}}, {"type": "Feature", "geometry": {"type": "Point", "coordinates": [111.373683, 30.620496]}, "properties": {"办件编号": "20240517001095", "事件": "投诉", "类9": "管网安全", "方面": "安全韧性", "geocode_status": "ok", "board": "安全韧性底线", "project_type": "市政管网", "社区": null, "村": "共联村"}}, {"type": "Feature", "geometry": {"type": "Point", "coordinates": [111.391414, 30.638014]}, "properties": {"办件编号": "20240517000835", "事件": "投诉", "类9": "出行安全", "方面": "安全韧性", "geocode_status": "ok", "board": "安全韧性底线", "project_type": "交通设施", "社区": "花溪路社区", "村": null}}, {"type": "Feature", "geometry": {"type": "Point", "coordinates": [111.321284, 30.67413]}, "properties": {"办件编号": "20240517000574", "事件": "投诉", "类9": "管网安全", "方面": "安全韧性", "geocode_status": "ok", "board": "安全韧性底线", "project_type": "市政管网", "社区": null, "村": "汉宜村"}}, {"type": "Feature", "geometry": {"type": "Point", "coordinates": [111.333, 30.655]}, "properties": {"办件编号": "20240517000322", "事件": "求助", "类9": "管网安全", "方面": "安全韧性", "geocode_status": "region", "board": "安全韧性底线", "project_type": "市政管网", "社区": null, "村": null}}, {"type": "Feature", "geometry": {"type": "Point", "coordinates": [111.333, 30.655]}, "properties": {"办件编号": "20240517000265", "事件": "求助", "类9": "出行安全", "方面": "安全韧性", "geocode_status": "region", "board": "安全韧性底线", "project_type": "交通设施", "社区": null, "村": null}}, {"type": "Feature", "geometry": {"type": "Point", "coordinates": [111.287, 30.7]}, "properties": {"办件编号": "20240517000154", "事件": "求助", "类9": "管网安全", "方面": "安全韧性", "geocode_status": "region", "board": "安全韧性底线", "project_type": "市政管网", "社区": null, "村": null}}, {"type": "Feature", "geometry": {"type": "Point", "coordinates": [111.355256, 30.691889]}, "properties": {"办件编号": "20240516001334", "事件": "投诉", "类9": "消防安全", "方面": "安全韧性", "geocode_status": "ok", "board": "安全韧性底线", "project_type": "安全消防", "社区": null, "村": "旭光村"}}, {"type": "Feature", "geometry": {"type": "Point", "coordinates": [111.287, 30.7]}, "properties": {"办件编号": "20240516000874", "事件": "投诉", "类9": "管网安全", "方面": "安全韧性", "geocode_status": "region", "board": "安全韧性底线", "project_type": "市政管网", "社区": null, "村": null}}, {"type": "Feature", "geometry": {"type": "Point", "coordinates": [111.313127, 30.730384]}, "properties": {"办件编号": "20240516000743", "事件": "求助", "类9": "管网安全", "方面": "安全韧性", "geocode_status": "ok", "board": "安全韧性底线", "project_type": "市政管网", "社区": "大学路社区", "村": null}}, {"type": "Feature", "geometry": {"type": "Point", "coordinates": [111.328869, 30.678785]}, "properties": {"办件编号": "20240516000512", "事件": "投诉", "类9": "出行安全", "方面": "安全韧性", "geocode_status": "ok", "board": "安全韧性底线", "project_type": "交通设施", "社区": "胡家冲社区", "村": null}}, {"type": "Feature", "geometry": {"type": "Point", "coordinates": [111.287, 30.7]}, "properties": {"办件编号": "20240516000505", "事件": "投诉", "类9": "管网安全", "方面": "安全韧性", "geocode_status": "region", "board": "安全韧性底线", "project_type": "市政管网", "社区": null, "村": null}}, {"type": "Feature", "geometry": {"type": "Point", "coordinates": [111.306724, 30.680978]}, "properties": {"办件编号": "20240516000168", "事件": "建议", "类9": "出行安全", "方面": "安全韧性", "geocode_status": "ok", "board": "安全韧性底线", "project_type": "交通设施", "社区": "万达社区", "村": null}}, {"type": "Feature", "geometry": {"type": "Point", "coordinates": [111.318313, 30.700574]}, "properties": {"办件编号": "20240515001410", "事件": "投诉", "类9": "管网安全", "方面": "安全韧性", "geocode_status": "ok", "board": "安全韧性底线", "project_type": "市政管网", "社区": "学堂湾社区", "村": null}}, {"type": "Feature", "geometry": {"type": "Point", "coordinates": [111.313127, 30.730384]}, "properties": {"办件编号": "20240515001389", "事件": "投诉", "类9": "管网安全", "方面": "安全韧性", "geocode_status": "ok", "board": "安全韧性底线", "project_type": "市政管网", "社区": "大学路社区", "村": null}}, {"type": "Feature", "geometry": {"type": "Point", "coordinates": [111.362536, 30.655033]}, "properties": {"办件编号": "20240515001181", "事件": "投诉", "类9": "消防安全", "方面": "安全韧性", "geocode_status": "ok", "board": "安全韧性底线", "project_type": "安全消防", "社区": "东站路社区", "村": null}}, {"type": "Feature", "geometry": {"type": "Point", "coordinates": [111.333572, 30.681932]}, "properties": {"办件编号": "20240515001161", "事件": "投诉", "类9": "消防安全", "方面": "安全韧性", "geocode_status": "ok", "board": "安全韧性底线", "project_type": "安全消防", "社区": null, "村": "旭光村"}}, {"type": "Feature", "geometry": {"type": "Point", "coordinates": [111.287, 30.7]}, "properties": {"办件编号": "20240515001042", "事件": "求助", "类9": "管网安全", "方面": "安全韧性", "geocode_status": "region", "board": "安全韧性底线", "project_type": "市政管网", "社区": null, "村": null}}, {"type": "Feature", "geometry": {"type": "Point", "coordinates": [111.30882, 30.684813]}, "properties": {"办件编号": "20240515000779", "事件": "投诉", "类9": "消防安全", "方面": "安全韧性", "geocode_status": "ok", "board": "安全韧性底线", "project_type": "安全消防", "社区": "建设社区", "村": null}}, {"type": "Feature", "geometry": {"type": "Point", "coordinates": [111.333, 30.655]}, "properties": {"办件编号": "20240515000667", "事件": "投诉", "类9": "消防安全", "方面": "安全韧性", "geocode_status": "region", "board": "安全韧性底线", "project_type": "安全消防", "社区": null, "村": null}}, {"type": "Feature", "geometry": {"type": "Point", "coordinates": [111.287, 30.7]}, "properties": {"办件编号": "20240515000434", "事件": "投诉", "类9": "管网安全", "方面": "安全韧性", "geocode_status": "region", "board": "安全韧性底线", "project_type": "市政管网", "社区": null, "村": null}}, {"type": "Feature", "geometry": {"type": "Point", "coordinates": [111.360882, 30.644048]}, "properties": {"办件编号": "20240515000373", "事件": "投诉", "类9": "管网安全", "方面": "安全韧性", "geocode_status": "ok", "board": "安全韧性底线", "project_type": "市政管网", "社区": null, "村": "共勤村"}}, {"type": "Feature", "geometry": {"type": "Point", "coordinates": [111.383454, 30.608098]}, "properties": {"办件编号": "20240515000308", "事件": "投诉", "类9": "管网安全", "方面": "安全韧性", "geocode_status": "ok", "board": "安全韧性底线", "project_type": "市政管网", "社区": "龙盘湖社区", "村": null}}, {"type": "Feature", "geometry": {"type": "Point", "coordinates": [111.333572, 30.681932]}, "properties": {"办件编号": "20240514001494", "事件": "投诉", "类9": "管网安全", "方面": "安全韧性", "geocode_status": "ok", "board": "安全韧性底线", "project_type": "市政管网", "社区": null, "村": "旭光村"}}, {"type": "Feature", "geometry": {"type": "Point", "coordinates": [111.282709, 30.705381]}, "properties": {"办件编号": "20240514001432", "事件": "投诉", "类9": "管网安全", "方面": "安全韧性", "geocode_status": "ok", "board": "安全韧性底线", "project_type": "市政管网", "社区": "气象台社区", "村": null}}, {"type": "Feature", "geometry": {"type": "Point", "coordinates": [111.287, 30.7]}, "properties": {"办件编号": "20240514001311", "事件": "求助", "类9": "管网安全", "方面": "安全韧性", "geocode_status": "region", "board": "安全韧性底线", "project_type": "市政管网", "社区": null, "村": null}}, {"type": "Feature", "geometry": {"type": "Point", "coordinates": [111.365113, 30.649858]}, "properties": {"办件编号": "20240514001093", "事件": "投诉", "类9": "消防安全", "方面": "安全韧性", "geocode_status": "ok", "board": "安全韧性底线", "project_type": "安全消防", "社区": "东站路社区", "村": null}}, {"type": "Feature", "geometry": {"type": "Point", "coordinates": [111.331032, 30.706984]}, "properties": {"办件编号": "20240514001028", "事件": "投诉", "类9": "出行安全", "方面": "安全韧性", "geocode_status": "ok", "board": "安全韧性底线", "project_type": "交通设施", "社区": "汕头路社区", "村": null}}, {"type": "Feature", "geometry": {"type": "Point", "coordinates": [111.333, 30.655]}, "properties": {"办件编号": "20240514000908", "事件": "求助", "类9": "出行安全", "方面": "安全韧性", "geocode_status": "region", "board": "安全韧性底线", "project_type": "交通设施", "社区": null, "村": null}}, {"type": "Feature", "geometry": {"type": "Point", "coordinates": [111.34694, 30.672595]}, "properties": {"办件编号": "20240514000786", "事件": "投诉", "类9": "环境安全", "方面": "安全韧性", "geocode_status": "ok", "board": "安全韧性底线", "project_type": "环境治理", "社区": null, "村": "联丰村"}}, {"type": "Feature", "geometry": {"type": "Point", "coordinates": [111.286017, 30.698616]}, "properties": {"办件编号": "20240514000649", "事件": "求助", "类9": "出行安全", "方面": "安全韧性", "geocode_status": "ok", "board": "安全韧性底线", "project_type": "交通设施", "社区": "夷陵路社区", "村": null}}, {"type": "Feature", "geometry": {"type": "Point", "coordinates": [111.333, 30.655]}, "properties": {"办件编号": "20240514000580", "事件": "求助", "类9": "出行安全", "方面": "安全韧性", "geocode_status": "region", "board": "安全韧性底线", "project_type": "交通设施", "社区": null, "村": null}}, {"type": "Feature", "geometry": {"type": "Point", "coordinates": [111.323307, 30.673036]}, "properties": {"办件编号": "20240514000579", "事件": "投诉", "类9": "管网安全", "方面": "安全韧性", "geocode_status": "ok", "board": "安全韧性底线", "project_type": "市政管网", "社区": "东星社区", "村": null}}, {"type": "Feature", "geometry": {"type": "Point", "coordinates": [111.338332, 30.684966]}, "properties": {"办件编号": "20240514000587", "事件": "建议", "类9": "出行安全", "方面": "安全韧性", "geocode_status": "ok", "board": "安全韧性底线", "project_type": "交通设施", "社区": null, "村": "旭光村"}}, {"type": "Feature", "geometry": {"type": "Point", "coordinates": [111.333, 30.655]}, "properties": {"办件编号": "20240514000479", "事件": "求助", "类9": "出行安全", "方面": "安全韧性", "geocode_status": "region", "board": "安全韧性底线", "project_type": "交通设施", "社区": null, "村": null}}, {"type": "Feature", "geometry": {"type": "Point", "coordinates": [111.287, 30.7]}, "properties": {"办件编号": "20240514000102", "事件": "建议", "类9": "出行安全", "方面": "安全韧性", "geocode_status": "region", "board": "安全韧性底线", "project_type": "交通设施", "社区": null, "村": null}}, {"type": "Feature", "geometry": {"type": "Point", "coordinates": [111.332544, 30.699928]}, "properties": {"办件编号": "20240514000117", "事件": "建议", "类9": "出行安全", "方面": "安全韧性", "geocode_status": "ok", "board": "安全韧性底线", "project_type": "交通设施", "社区": "大树湾社区", "村": null}}, {"type": "Feature", "geometry": {"type": "Point", "coordinates": [111.35286, 30.66725]}, "properties": {"办件编号": "20240513001424", "事件": "投诉", "类9": "出行安全", "方面": "安全韧性", "geocode_status": "ok", "board": "安全韧性底线", "project_type": "交通设施", "社区": null, "村": "火光村"}}, {"type": "Feature", "geometry": {"type": "Point", "coordinates": [111.360882, 30.644048]}, "properties": {"办件编号": "20240513001247", "事件": "求助", "类9": "出行安全", "方面": "安全韧性", "geocode_status": "ok", "board": "安全韧性底线", "project_type": "交通设施", "社区": null, "村": "共勤村"}}, {"type": "Feature", "geometry": {"type": "Point", "coordinates": [111.298466, 30.690264]}, "properties": {"办件编号": "20240513000805", "事件": "投诉", "类9": "管网安全", "方面": "安全韧性", "geocode_status": "ok", "board": "安全韧性底线", "project_type": "市政管网", "社区": "张家店社区", "村": null}}, {"type": "Feature", "geometry": {"type": "Point", "coordinates": [111.313839, 30.741679]}, "properties": {"办件编号": "20240513000632", "事件": "求助", "类9": "出行安全", "方面": "安全韧性", "geocode_status": "ok", "board": "安全韧性底线", "project_type": "交通设施", "社区": "沙河社区", "村": null}}, {"type": "Feature", "geometry": {"type": "Point", "coordinates": [111.306724, 30.680978]}, "properties": {"办件编号": "20240513000425", "事件": "建议", "类9": "出行安全", "方面": "安全韧性", "geocode_status": "ok", "board": "安全韧性底线", "project_type": "交通设施", "社区": "万达社区", "村": null}}, {"type": "Feature", "geometry": {"type": "Point", "coordinates": [111.287562, 30.693561]}, "properties": {"办件编号": "20240513000351", "事件": "求助", "类9": "出行安全", "方面": "安全韧性", "geocode_status": "ok", "board": "安全韧性底线", "project_type": "交通设施", "社区": "新隆康路社区", "村": null}}, {"type": "Feature", "geometry": {"type": "Point", "coordinates": [111.375593, 30.641926]}, "properties": {"办件编号": "20240513000251", "事件": "投诉", "类9": "消防安全", "方面": "安全韧性", "geocode_status": "ok", "board": "安全韧性底线", "project_type": "安全消防", "社区": "柏临河路社区", "村": null}}, {"type": "Feature", "geometry": {"type": "Point", "coordinates": [111.359821, 30.63221]}, "properties": {"办件编号": "20240513000193", "事件": "投诉", "类9": "出行安全", "方面": "安全韧性", "geocode_status": "ok", "board": "安全韧性底线", "project_type": "交通设施", "社区": "临江溪社区", "村": null}}, {"type": "Feature", "geometry": {"type": "Point", "coordinates": [111.294161, 30.690145]}, "properties": {"办件编号": "20240512000756", "事件": "投诉", "类9": "消防安全", "方面": "安全韧性", "geocode_status": "ok", "board": "安全韧性底线", "project_type": "安全消防", "社区": "胜利二路社区", "村": null}}, {"type": "Feature", "geometry": {"type": "Point", "coordinates": [111.285355, 30.71579]}, "properties": {"办件编号": "20240512000011", "事件": "建议", "类9": "管网安全", "方面": "安全韧性", "geocode_status": "ok", "board": "安全韧性底线", "project_type": "市政管网", "社区": "锦绣社区", "村": null}}, {"type": "Feature", "geometry": {"type": "Point", "coordinates": [111.305, 30.69]}, "properties": {"办件编号": "20240511001223", "事件": "投诉", "类9": "管网安全", "方面": "安全韧性", "geocode_status": "region", "board": "安全韧性底线", "project_type": "市政管网", "社区": null, "村": null}}, {"type": "Feature", "geometry": {"type": "Point", "coordinates": [111.393005, 30.642375]}, "properties": {"办件编号": "20240511001061", "事件": "求助", "类9": "出行安全", "方面": "安全韧性", "geocode_status": "ok", "board": "安全韧性底线", "project_type": "交通设施", "社区": "花溪路社区", "村": null}}, {"type": "Feature", "geometry": {"type": "Point", "coordinates": [111.287, 30.7]}, "properties": {"办件编号": "20240511001026", "事件": "建议", "类9": "出行安全", "方面": "安全韧性", "geocode_status": "region", "board": "安全韧性底线", "project_type": "交通设施", "社区": null, "村": null}}, {"type": "Feature", "geometry": {"type": "Point", "coordinates": [111.333, 30.655]}, "properties": {"办件编号": "20240511000866", "事件": "求助", "类9": "出行安全", "方面": "安全韧性", "geocode_status": "region", "board": "安全韧性底线", "project_type": "交通设施", "社区": null, "村": null}}, {"type": "Feature", "geometry": {"type": "Point", "coordinates": [111.373683, 30.620496]}, "properties": {"办件编号": "20240511000837", "事件": "投诉", "类9": "管网安全", "方面": "安全韧性", "geocode_status": "ok", "board": "安全韧性底线", "project_type": "市政管网", "社区": null, "村": "共联村"}}, {"type": "Feature", "geometry": {"type": "Point", "coordinates": [111.333, 30.655]}, "properties": {"办件编号": "20240511000703", "事件": "求助", "类9": "出行安全", "方面": "安全韧性", "geocode_status": "region", "board": "安全韧性底线", "project_type": "交通设施", "社区": null, "村": null}}, {"type": "Feature", "geometry": {"type": "Point", "coordinates": [111.321284, 30.67413]}, "properties": {"办件编号": "20240511000354", "事件": "投诉", "类9": "管网安全", "方面": "安全韧性", "geocode_status": "ok", "board": "安全韧性底线", "project_type": "市政管网", "社区": null, "村": "汉宜村"}}, {"type": "Feature", "geometry": {"type": "Point", "coordinates": [111.327439, 30.662354]}, "properties": {"办件编号": "20240511000022", "事件": "投诉", "类9": "管网安全", "方面": "安全韧性", "geocode_status": "ok", "board": "安全韧性底线", "project_type": "市政管网", "社区": "古塔社区", "村": null}}, {"type": "Feature", "geometry": {"type": "Point", "coordinates": [111.323307, 30.673036]}, "properties": {"办件编号": "20240510001447", "事件": "投诉", "类9": "管网安全", "方面": "安全韧性", "geocode_status": "ok", "board": "安全韧性底线", "project_type": "市政管网", "社区": "东星社区", "村": null}}, {"type": "Feature", "geometry": {"type": "Point", "coordinates": [111.379986, 30.646406]}, "properties": {"办件编号": "20240510001463", "事件": "投诉", "类9": "出行安全", "方面": "安全韧性", "geocode_status": "ok", "board": "安全韧性底线", "project_type": "交通设施", "社区": null, "村": "共谊村"}}, {"type": "Feature", "geometry": {"type": "Point", "coordinates": [111.295118, 30.68185]}, "properties": {"办件编号": "20240510001188", "事件": "求助", "类9": "出行安全", "方面": "安全韧性", "geocode_status": "ok", "board": "安全韧性底线", "project_type": "交通设施", "社区": null, "村": null}}, {"type": "Feature", "geometry": {"type": "Point", "coordinates": [111.346145, 30.667331]}, "properties": {"办件编号": "20240510001102", "事件": "求助", "类9": "管网安全", "方面": "安全韧性", "geocode_status": "ok", "board": "安全韧性底线", "project_type": "市政管网", "社区": "张家湾社区", "村": null}}, {"type": "Feature", "geometry": {"type": "Point", "coordinates": [111.282294, 30.717226]}, "properties": {"办件编号": "20240510000639", "事件": "建议", "类9": "出行安全", "方面": "安全韧性", "geocode_status": "ok", "board": "安全韧性底线", "project_type": "交通设施", "社区": "锦绣社区", "村": null}}, {"type": "Feature", "geometry": {"type": "Point", "coordinates": [111.333572, 30.681932]}, "properties": {"办件编号": "20240510000200", "事件": "其他", "类9": "环境安全", "方面": "安全韧性", "geocode_status": "ok", "board": "安全韧性底线", "project_type": "环境治理", "社区": null, "村": "旭光村"}}, {"type": "Feature", "geometry": {"type": "Point", "coordinates": [111.287, 30.7]}, "properties": {"办件编号": "20240510000143", "事件": "求助", "类9": "出行安全", "方面": "安全韧性", "geocode_status": "region", "board": "安全韧性底线", "project_type": "交通设施", "社区": null, "村": null}}, {"type": "Feature", "geometry": {"type": "Point", "coordinates": [111.295114, 30.697065]}, "properties": {"办件编号": "20240510000142", "事件": "求助", "类9": "管网安全", "方面": "安全韧性", "geocode_status": "ok", "board": "安全韧性底线", "project_type": "市政管网", "社区": "赵家湾社区", "村": null}}, {"type": "Feature", "geometry": {"type": "Point", "coordinates": [111.321284, 30.67413]}, "properties": {"办件编号": "20240509001151", "事件": "求助", "类9": "管网安全", "方面": "安全韧性", "geocode_status": "ok", "board": "安全韧性底线", "project_type": "市政管网", "社区": null, "村": "汉宜村"}}, {"type": "Feature", "geometry": {"type": "Point", "coordinates": [111.287, 30.7]}, "properties": {"办件编号": "20240509001008", "事件": "求助", "类9": "管网安全", "方面": "安全韧性", "geocode_status": "region", "board": "安全韧性底线", "project_type": "市政管网", "社区": null, "村": null}}, {"type": "Feature", "geometry": {"type": "Point", "coordinates": [111.305, 30.69]}, "properties": {"办件编号": "20240509000997", "事件": "求助", "类9": "管网安全", "方面": "安全韧性", "geocode_status": "region", "board": "安全韧性底线", "project_type": "市政管网", "社区": null, "村": null}}, {"type": "Feature", "geometry": {"type": "Point", "coordinates": [111.293251, 30.709927]}, "properties": {"办件编号": "20240509000913", "事件": "求助", "类9": "出行安全", "方面": "安全韧性", "geocode_status": "ok", "board": "安全韧性底线", "project_type": "交通设施", "社区": "绿萝路社区", "村": null}}, {"type": "Feature", "geometry": {"type": "Point", "coordinates": [111.308249, 30.694457]}, "properties": {"办件编号": "20240509000905", "事件": "求助", "类9": "管网安全", "方面": "安全韧性", "geocode_status": "ok", "board": "安全韧性底线", "project_type": "市政管网", "社区": "体育场路社区", "村": null}}, {"type": "Feature", "geometry": {"type": "Point", "coordinates": [111.305421, 30.702897]}, "properties": {"办件编号": "20240509000900", "事件": "求助", "类9": "管网安全", "方面": "安全韧性", "geocode_status": "ok", "board": "安全韧性底线", "project_type": "市政管网", "社区": "东山社区", "村": null}}, {"type": "Feature", "geometry": {"type": "Point", "coordinates": [111.287, 30.7]}, "properties": {"办件编号": "20240509000377", "事件": "求助", "类9": "管网安全", "方面": "安全韧性", "geocode_status": "region", "board": "安全韧性底线", "project_type": "市政管网", "社区": null, "村": null}}, {"type": "Feature", "geometry": {"type": "Point", "coordinates": [111.333, 30.655]}, "properties": {"办件编号": "20240509000296", "事件": "求助", "类9": "管网安全", "方面": "安全韧性", "geocode_status": "region", "board": "安全韧性底线", "project_type": "市政管网", "社区": null, "村": null}}, {"type": "Feature", "geometry": {"type": "Point", "coordinates": [111.333, 30.655]}, "properties": {"办件编号": "20240509000295", "事件": "求助", "类9": "管网安全", "方面": "安全韧性", "geocode_status": "region", "board": "安全韧性底线", "project_type": "市政管网", "社区": null, "村": null}}, {"type": "Feature", "geometry": {"type": "Point", "coordinates": [111.333, 30.655]}, "properties": {"办件编号": "20240509000264", "事件": "求助", "类9": "出行安全", "方面": "安全韧性", "geocode_status": "region", "board": "安全韧性底线", "project_type": "交通设施", "社区": null, "村": null}}, {"type": "Feature", "geometry": {"type": "Point", "coordinates": [111.287, 30.7]}, "properties": {"办件编号": "20240509000230", "事件": "求助", "类9": "管网安全", "方面": "安全韧性", "geocode_status": "region", "board": "安全韧性底线", "project_type": "市政管网", "社区": null, "村": null}}, {"type": "Feature", "geometry": {"type": "Point", "coordinates": [111.333, 30.655]}, "properties": {"办件编号": "20240509000211", "事件": "求助", "类9": "管网安全", "方面": "安全韧性", "geocode_status": "region", "board": "安全韧性底线", "project_type": "市政管网", "社区": null, "村": null}}, {"type": "Feature", "geometry": {"type": "Point", "coordinates": [111.333, 30.655]}, "properties": {"办件编号": "20240509000197", "事件": "求助", "类9": "管网安全", "方面": "安全韧性", "geocode_status": "region", "board": "安全韧性底线", "project_type": "市政管网", "社区": null, "村": null}}, {"type": "Feature", "geometry": {"type": "Point", "coordinates": [111.321284, 30.67413]}, "properties": {"办件编号": "20240509000179", "事件": "求助", "类9": "管网安全", "方面": "安全韧性", "geocode_status": "ok", "board": "安全韧性底线", "project_type": "市政管网", "社区": null, "村": "汉宜村"}}, {"type": "Feature", "geometry": {"type": "Point", "coordinates": [111.287, 30.7]}, "properties": {"办件编号": "20240509000116", "事件": "求助", "类9": "管网安全", "方面": "安全韧性", "geocode_status": "region", "board": "安全韧性底线", "project_type": "市政管网", "社区": null, "村": null}}, {"type": "Feature", "geometry": {"type": "Point", "coordinates": [111.333, 30.655]}, "properties": {"办件编号": "20240509000098", "事件": "求助", "类9": "管网安全", "方面": "安全韧性", "geocode_status": "region", "board": "安全韧性底线", "project_type": "市政管网", "社区": null, "村": null}}, {"type": "Feature", "geometry": {"type": "Point", "coordinates": [111.333, 30.655]}, "properties": {"办件编号": "20240509000095", "事件": "求助", "类9": "出行安全", "方面": "安全韧性", "geocode_status": "region", "board": "安全韧性底线", "project_type": "交通设施", "社区": null, "村": null}}, {"type": "Feature", "geometry": {"type": "Point", "coordinates": [111.333, 30.655]}, "properties": {"办件编号": "20240508001511", "事件": "投诉", "类9": "出行安全", "方面": "安全韧性", "geocode_status": "region", "board": "安全韧性底线", "project_type": "交通设施", "社区": null, "村": null}}, {"type": "Feature", "geometry": {"type": "Point", "coordinates": [111.342375, 30.679036]}, "properties": {"办件编号": "20240508001286", "事件": "求助", "类9": "管网安全", "方面": "安全韧性", "geocode_status": "ok", "board": "安全韧性底线", "project_type": "市政管网", "社区": "白家冲社区", "村": null}}, {"type": "Feature", "geometry": {"type": "Point", "coordinates": [111.287, 30.7]}, "properties": {"办件编号": "20240508001248", "事件": "求助", "类9": "管网安全", "方面": "安全韧性", "geocode_status": "region", "board": "安全韧性底线", "project_type": "市政管网", "社区": null, "村": null}}, {"type": "Feature", "geometry": {"type": "Point", "coordinates": [111.321284, 30.67413]}, "properties": {"办件编号": "20240508001028", "事件": "求助", "类9": "管网安全", "方面": "安全韧性", "geocode_status": "ok", "board": "安全韧性底线", "project_type": "市政管网", "社区": null, "村": "汉宜村"}}, {"type": "Feature", "geometry": {"type": "Point", "coordinates": [111.333, 30.655]}, "properties": {"办件编号": "20240508000463", "事件": "求助", "类9": "环境安全", "方面": "安全韧性", "geocode_status": "region", "board": "安全韧性底线", "project_type": "环境治理", "社区": null, "村": null}}, {"type": "Feature", "geometry": {"type": "Point", "coordinates": [111.333, 30.655]}, "properties": {"办件编号": "20240508000454", "事件": "求助", "类9": "环境安全", "方面": "安全韧性", "geocode_status": "region", "board": "安全韧性底线", "project_type": "环境治理", "社区": null, "村": null}}, {"type": "Feature", "geometry": {"type": "Point", "coordinates": [111.287, 30.7]}, "properties": {"办件编号": "20240508000326", "事件": "求助", "类9": "管网安全", "方面": "安全韧性", "geocode_status": "region", "board": "安全韧性底线", "project_type": "市政管网", "社区": null, "村": null}}, {"type": "Feature", "geometry": {"type": "Point", "coordinates": [111.328249, 30.748347]}, "properties": {"办件编号": "20240508000273", "事件": "求助", "类9": "管网安全", "方面": "安全韧性", "geocode_status": "ok", "board": "安全韧性底线", "project_type": "市政管网", "社区": "金斗山社区", "村": null}}, {"type": "Feature", "geometry": {"type": "Point", "coordinates": [111.333, 30.655]}, "properties": {"办件编号": "20240508000186", "事件": "求助", "类9": "管网安全", "方面": "安全韧性", "geocode_status": "region", "board": "安全韧性底线", "project_type": "市政管网", "社区": null, "村": null}}, {"type": "Feature", "geometry": {"type": "Point", "coordinates": [111.339126, 30.661071]}, "properties": {"办件编号": "20240508000055", "事件": "投诉", "类9": "消防安全", "方面": "安全韧性", "geocode_status": "ok", "board": "安全韧性底线", "project_type": "安全消防", "社区": null, "村": "火光村"}}, {"type": "Feature", "geometry": {"type": "Point", "coordinates": [111.319368, 30.670576]}, "properties": {"办件编号": "20240507001540", "事件": "投诉", "类9": "出行安全", "方面": "安全韧性", "geocode_status": "ok", "board": "安全韧性底线", "project_type": "交通设施", "社区": "宝联社区", "村": null}}, {"type": "Feature", "geometry": {"type": "Point", "coordinates": [111.298275, 30.6876]}, "properties": {"办件编号": "20240507001483", "事件": "投诉", "类9": "管网安全", "方面": "安全韧性", "geocode_status": "ok", "board": "安全韧性底线", "project_type": "市政管网", "社区": "张家店社区", "村": null}}, {"type": "Feature", "geometry": {"type": "Point", "coordinates": [111.328869, 30.678785]}, "properties": {"办件编号": "20240507001363", "事件": "投诉", "类9": "出行安全", "方面": "安全韧性", "geocode_status": "ok", "board": "安全韧性底线", "project_type": "交通设施", "社区": "胡家冲社区", "村": null}}, {"type": "Feature", "geometry": {"type": "Point", "coordinates": [111.287, 30.7]}, "properties": {"办件编号": "20240507001320", "事件": "求助", "类9": "管网安全", "方面": "安全韧性", "geocode_status": "region", "board": "安全韧性底线", "project_type": "市政管网", "社区": null, "村": null}}, {"type": "Feature", "geometry": {"type": "Point", "coordinates": [111.338278, 30.657639]}, "properties": {"办件编号": "20240507000993", "事件": "求助", "类9": "消防安全", "方面": "安全韧性", "geocode_status": "ok", "board": "安全韧性底线", "project_type": "安全消防", "社区": "艾家嘴社区", "村": null}}, {"type": "Feature", "geometry": {"type": "Point", "coordinates": [111.36822, 30.635932]}, "properties": {"办件编号": "20240507000341", "事件": "求助", "类9": "出行安全", "方面": "安全韧性", "geocode_status": "ok", "board": "安全韧性底线", "project_type": "交通设施", "社区": "柏临河路社区", "村": null}}, {"type": "Feature", "geometry": {"type": "Point", "coordinates": [111.333, 30.655]}, "properties": {"办件编号": "20240507000315", "事件": "求助", "类9": "管网安全", "方面": "安全韧性", "geocode_status": "region", "board": "安全韧性底线", "project_type": "市政管网", "社区": null, "村": null}}, {"type": "Feature", "geometry": {"type": "Point", "coordinates": [111.294273, 30.728866]}, "properties": {"办件编号": "20240507000233", "事件": "求助", "类9": "管网安全", "方面": "安全韧性", "geocode_status": "ok", "board": "安全韧性底线", "project_type": "市政管网", "社区": "金安岭社区", "村": null}}, {"type": "Feature", "geometry": {"type": "Point", "coordinates": [111.280205, 30.706975]}, "properties": {"办件编号": "20240506001569", "事件": "求助", "类9": "管网安全", "方面": "安全韧性", "geocode_status": "ok", "board": "安全韧性底线", "project_type": "市政管网", "社区": "东门外正街社区", "村": null}}, {"type": "Feature", "geometry": {"type": "Point", "coordinates": [111.333, 30.655]}, "properties": {"办件编号": "20240506001196", "事件": "求助", "类9": "管网安全", "方面": "安全韧性", "geocode_status": "region", "board": "安全韧性底线", "project_type": "市政管网", "社区": null, "村": null}}, {"type": "Feature", "geometry": {"type": "Point", "coordinates": [111.343692, 30.73207]}, "properties": {"办件编号": "20240506001189", "事件": "求助", "类9": "出行安全", "方面": "安全韧性", "geocode_status": "ok", "board": "安全韧性底线", "project_type": "交通设施", "社区": "石板社区", "村": null}}, {"type": "Feature", "geometry": {"type": "Point", "coordinates": [111.333, 30.655]}, "properties": {"办件编号": "20240506000987", "事件": "求助", "类9": "出行安全", "方面": "安全韧性", "geocode_status": "region", "board": "安全韧性底线", "project_type": "交通设施", "社区": null, "村": null}}, {"type": "Feature", "geometry": {"type": "Point", "coordinates": [111.303479, 30.68691]}, "properties": {"办件编号": "20240506000952", "事件": "投诉", "类9": "管网安全", "方面": "安全韧性", "geocode_status": "ok", "board": "安全韧性底线", "project_type": "市政管网", "社区": "建设社区", "村": null}}, {"type": "Feature", "geometry": {"type": "Point", "coordinates": [111.300667, 30.695397]}, "properties": {"办件编号": "20240506000683", "事件": "求助", "类9": "管网安全", "方面": "安全韧性", "geocode_status": "ok", "board": "安全韧性底线", "project_type": "市政管网", "社区": "体育场路社区", "村": null}}, {"type": "Feature", "geometry": {"type": "Point", "coordinates": [111.29652, 30.711348]}, "properties": {"办件编号": "20240506000625", "事件": "求助", "类9": "管网安全", "方面": "安全韧性", "geocode_status": "ok", "board": "安全韧性底线", "project_type": "市政管网", "社区": "土城路社区", "村": null}}, {"type": "Feature", "geometry": {"type": "Point", "coordinates": [111.333, 30.655]}, "properties": {"办件编号": "20240506000586", "事件": "求助", "类9": "出行安全", "方面": "安全韧性", "geocode_status": "region", "board": "安全韧性底线", "project_type": "交通设施", "社区": null, "村": null}}, {"type": "Feature", "geometry": {"type": "Point", "coordinates": [111.311427, 30.711702]}, "properties": {"办件编号": "20240506000516", "事件": "求助", "类9": "管网安全", "方面": "安全韧性", "geocode_status": "ok", "board": "安全韧性底线", "project_type": "市政管网", "社区": "东山花园社区", "村": null}}, {"type": "Feature", "geometry": {"type": "Point", "coordinates": [111.335315, 30.736121]}, "properties": {"办件编号": "20240506000474", "事件": "投诉", "类9": "管网安全", "方面": "安全韧性", "geocode_status": "ok", "board": "安全韧性底线", "project_type": "市政管网", "社区": "朝阳路社区", "村": null}}, {"type": "Feature", "geometry": {"type": "Point", "coordinates": [111.313781, 30.678205]}, "properties": {"办件编号": "20240506000279", "事件": "求助", "类9": "出行安全", "方面": "安全韧性", "geocode_status": "ok", "board": "安全韧性底线", "project_type": "交通设施", "社区": "张家坡社区", "村": null}}, {"type": "Feature", "geometry": {"type": "Point", "coordinates": [111.333, 30.655]}, "properties": {"办件编号": "20240506000111", "事件": "求助", "类9": "管网安全", "方面": "安全韧性", "geocode_status": "region", "board": "安全韧性底线", "project_type": "市政管网", "社区": null, "村": null}}, {"type": "Feature", "geometry": {"type": "Point", "coordinates": [111.289136, 30.691496]}, "properties": {"办件编号": "20240506001035", "事件": "投诉", "类9": "管网安全", "方面": "安全韧性", "geocode_status": "ok", "board": "安全韧性底线", "project_type": "市政管网", "社区": "新隆康路社区", "村": null}}, {"type": "Feature", "geometry": {"type": "Point", "coordinates": [111.327871, 30.679474]}, "properties": {"办件编号": "20240505000641", "事件": "投诉", "类9": "出行安全", "方面": "安全韧性", "geocode_status": "ok", "board": "安全韧性底线", "project_type": "交通设施", "社区": "胡家冲社区", "村": null}}, {"type": "Feature", "geometry": {"type": "Point", "coordinates": [111.335315, 30.736121]}, "properties": {"办件编号": "20240505000591", "事件": "投诉", "类9": "管网安全", "方面": "安全韧性", "geocode_status": "ok", "board": "安全韧性底线", "project_type": "市政管网", "社区": "朝阳路社区", "村": null}}, {"type": "Feature", "geometry": {"type": "Point", "coordinates": [111.301147, 30.688001]}, "properties": {"办件编号": "20240505000586", "事件": "投诉", "类9": "管网安全", "方面": "安全韧性", "geocode_status": "ok", "board": "安全韧性底线", "project_type": "市政管网", "社区": "建设社区", "村": null}}, {"type": "Feature", "geometry": {"type": "Point", "coordinates": [111.297588, 30.689266]}, "properties": {"办件编号": "20240505000553", "事件": "求助", "类9": "出行安全", "方面": "安全韧性", "geocode_status": "ok", "board": "安全韧性底线", "project_type": "交通设施", "社区": "张家店社区", "村": null}}, {"type": "Feature", "geometry": {"type": "Point", "coordinates": [111.374125, 30.639322]}, "properties": {"办件编号": "20240504000558", "事件": "建议", "类9": "出行安全", "方面": "安全韧性", "geocode_status": "ok", "board": "安全韧性底线", "project_type": "交通设施", "社区": "柏临河路社区", "村": null}}, {"type": "Feature", "geometry": {"type": "Point", "coordinates": [111.331039, 30.679559]}, "properties": {"办件编号": "20240503000283", "事件": "投诉", "类9": "消防安全", "方面": "安全韧性", "geocode_status": "ok", "board": "安全韧性底线", "project_type": "安全消防", "社区": "岳湾路社区", "村": null}}, {"type": "Feature", "geometry": {"type": "Point", "coordinates": [111.299913, 30.730093]}, "properties": {"办件编号": "20240502000721", "事件": "求助", "类9": "管网安全", "方面": "安全韧性", "geocode_status": "ok", "board": "安全韧性底线", "project_type": "市政管网", "社区": "大堰湾社区", "村": null}}, {"type": "Feature", "geometry": {"type": "Point", "coordinates": [111.333, 30.655]}, "properties": {"办件编号": "20240502000137", "事件": "求助", "类9": "管网安全", "方面": "安全韧性", "geocode_status": "region", "board": "安全韧性底线", "project_type": "市政管网", "社区": null, "村": null}}, {"type": "Feature", "geometry": {"type": "Point", "coordinates": [111.318761, 30.671257]}, "properties": {"办件编号": "20240502000051", "事件": "建议", "类9": "管网安全", "方面": "安全韧性", "geocode_status": "ok", "board": "安全韧性底线", "project_type": "市政管网", "社区": "宝联社区", "村": null}}, {"type": "Feature", "geometry": {"type": "Point", "coordinates": [111.307679, 30.681681]}, "properties": {"办件编号": "20240501000812", "事件": "投诉", "类9": "管网安全", "方面": "安全韧性", "geocode_status": "ok", "board": "安全韧性底线", "project_type": "市政管网", "社区": "港务社区", "村": null}}, {"type": "Feature", "geometry": {"type": "Point", "coordinates": [111.334306, 30.721825]}, "properties": {"办件编号": "20240501000732", "事件": "投诉", "类9": "管网安全", "方面": "安全韧性", "geocode_status": "ok", "board": "安全韧性底线", "project_type": "市政管网", "社区": "朝阳路社区", "村": null}}, {"type": "Feature", "geometry": {"type": "Point", "coordinates": [111.304843, 30.683052]}, "properties": {"办件编号": "20240501000448", "事件": "求助", "类9": "管网安全", "方面": "安全韧性", "geocode_status": "ok", "board": "安全韧性底线", "project_type": "市政管网", "社区": "港务社区", "村": null}}, {"type": "Feature", "geometry": {"type": "Point", "coordinates": [111.304843, 30.683052]}, "properties": {"办件编号": "20240501000423", "事件": "投诉", "类9": "管网安全", "方面": "安全韧性", "geocode_status": "ok", "board": "安全韧性底线", "project_type": "市政管网", "社区": "港务社区", "村": null}}, {"type": "Feature", "geometry": {"type": "Point", "coordinates": [111.323413, 30.67693]}, "properties": {"办件编号": "20240501000195", "事件": "投诉", "类9": "消防安全", "方面": "安全韧性", "geocode_status": "ok", "board": "安全韧性底线", "project_type": "安全消防", "社区": "东星社区", "村": null}}, {"type": "Feature", "geometry": {"type": "Point", "coordinates": [111.321284, 30.67413]}, "properties": {"办件编号": "20240501000168", "事件": "求助", "类9": "管网安全", "方面": "安全韧性", "geocode_status": "ok", "board": "安全韧性底线", "project_type": "市政管网", "社区": null, "村": "汉宜村"}}, {"type": "Feature", "geometry": {"type": "Point", "coordinates": [111.287, 30.7]}, "properties": {"办件编号": "20240430001170", "事件": "投诉", "类9": "管网安全", "方面": "安全韧性", "geocode_status": "region", "board": "安全韧性底线", "project_type": "市政管网", "社区": null, "村": null}}, {"type": "Feature", "geometry": {"type": "Point", "coordinates": [111.290924, 30.690738]}, "properties": {"办件编号": "20240430000976", "事件": "求助", "类9": "管网安全", "方面": "安全韧性", "geocode_status": "ok", "board": "安全韧性底线", "project_type": "市政管网", "社区": "胜利四路社区", "村": null}}, {"type": "Feature", "geometry": {"type": "Point", "coordinates": [111.307679, 30.681681]}, "properties": {"办件编号": "20240430000956", "事件": "求助", "类9": "管网安全", "方面": "安全韧性", "geocode_status": "ok", "board": "安全韧性底线", "project_type": "市政管网", "社区": "港务社区", "村": null}}, {"type": "Feature", "geometry": {"type": "Point", "coordinates": [111.287, 30.7]}, "properties": {"办件编号": "20240430000650", "事件": "求助", "类9": "管网安全", "方面": "安全韧性", "geocode_status": "region", "board": "安全韧性底线", "project_type": "市政管网", "社区": null, "村": null}}, {"type": "Feature", "geometry": {"type": "Point", "coordinates": [111.372573, 30.656068]}, "properties": {"办件编号": "20240430000390", "事件": "求助", "类9": "管网安全", "方面": "安全韧性", "geocode_status": "ok", "board": "安全韧性底线", "project_type": "市政管网", "社区": "花艳社区", "村": null}}, {"type": "Feature", "geometry": {"type": "Point", "coordinates": [111.287, 30.7]}, "properties": {"办件编号": "20240430000363", "事件": "求助", "类9": "管网安全", "方面": "安全韧性", "geocode_status": "region", "board": "安全韧性底线", "project_type": "市政管网", "社区": null, "村": null}}, {"type": "Feature", "geometry": {"type": "Point", "coordinates": [111.333572, 30.681932]}, "properties": {"办件编号": "20240430000306", "事件": "求助", "类9": "出行安全", "方面": "安全韧性", "geocode_status": "ok", "board": "安全韧性底线", "project_type": "交通设施", "社区": null, "村": "旭光村"}}, {"type": "Feature", "geometry": {"type": "Point", "coordinates": [111.360683, 30.645366]}, "properties": {"办件编号": "20240430000068", "事件": "投诉", "类9": "出行安全", "方面": "安全韧性", "geocode_status": "ok", "board": "安全韧性底线", "project_type": "交通设施", "社区": null, "村": "共勤村"}}, {"type": "Feature", "geometry": {"type": "Point", "coordinates": [111.287, 30.7]}, "properties": {"办件编号": "20240429001216", "事件": "投诉", "类9": "出行安全", "方面": "安全韧性", "geocode_status": "region", "board": "安全韧性底线", "project_type": "交通设施", "社区": null, "村": null}}, {"type": "Feature", "geometry": {"type": "Point", "coordinates": [111.3871, 30.653345]}, "properties": {"办件编号": "20240429001075", "事件": "求助", "类9": "出行安全", "方面": "安全韧性", "geocode_status": "ok", "board": "安全韧性底线", "project_type": "交通设施", "社区": null, "村": "共和村"}}, {"type": "Feature", "geometry": {"type": "Point", "coordinates": [111.281122, 30.722704]}, "properties": {"办件编号": "20240429000540", "事件": "求助", "类9": "管网安全", "方面": "安全韧性", "geocode_status": "ok", "board": "安全韧性底线", "project_type": "市政管网", "社区": "东湖社区", "村": null}}, {"type": "Feature", "geometry": {"type": "Point", "coordinates": [111.298076, 30.712059]}, "properties": {"办件编号": "20240429000411", "事件": "求助", "类9": "管网安全", "方面": "安全韧性", "geocode_status": "ok", "board": "安全韧性底线", "project_type": "市政管网", "社区": "土城路社区", "村": null}}, {"type": "Feature", "geometry": {"type": "Point", "coordinates": [111.356046, 30.645435]}, "properties": {"办件编号": "20240429000465", "事件": "投诉", "类9": "管网安全", "方面": "安全韧性", "geocode_status": "ok", "board": "安全韧性底线", "project_type": "市政管网", "社区": "伍临路社区", "村": null}}, {"type": "Feature", "geometry": {"type": "Point", "coordinates": [111.305, 30.69]}, "properties": {"办件编号": "20240429000058", "事件": "投诉", "类9": "消防安全", "方面": "安全韧性", "geocode_status": "region", "board": "安全韧性底线", "project_type": "安全消防", "社区": null, "村": null}}, {"type": "Feature", "geometry": {"type": "Point", "coordinates": [111.333, 30.655]}, "properties": {"办件编号": "20240428001321", "事件": "投诉", "类9": "管网安全", "方面": "安全韧性", "geocode_status": "region", "board": "安全韧性底线", "project_type": "市政管网", "社区": null, "村": null}}, {"type": "Feature", "geometry": {"type": "Point", "coordinates": [111.305, 30.69]}, "properties": {"办件编号": "20240428001292", "事件": "投诉", "类9": "管网安全", "方面": "安全韧性", "geocode_status": "region", "board": "安全韧性底线", "project_type": "市政管网", "社区": null, "村": null}}, {"type": "Feature", "geometry": {"type": "Point", "coordinates": [111.296208, 30.698697]}, "properties": {"办件编号": "20240428001142", "事件": "投诉", "类9": "管网安全", "方面": "安全韧性", "geocode_status": "ok", "board": "安全韧性底线", "project_type": "市政管网", "社区": "山庄路社区", "村": null}}, {"type": "Feature", "geometry": {"type": "Point", "coordinates": [111.332385, 30.666728]}, "properties": {"办件编号": "20240428001018", "事件": "求助", "类9": "出行安全", "方面": "安全韧性", "geocode_status": "ok", "board": "安全韧性底线", "project_type": "交通设施", "社区": "徐家坝社区", "村": null}}, {"type": "Feature", "geometry": {"type": "Point", "coordinates": [111.313127, 30.730384]}, "properties": {"办件编号": "20240428001110", "事件": "投诉", "类9": "管网安全", "方面": "安全韧性", "geocode_status": "ok", "board": "安全韧性底线", "project_type": "市政管网", "社区": "大学路社区", "村": null}}, {"type": "Feature", "geometry": {"type": "Point", "coordinates": [111.333, 30.655]}, "properties": {"办件编号": "20240428000895", "事件": "求助", "类9": "出行安全", "方面": "安全韧性", "geocode_status": "region", "board": "安全韧性底线", "project_type": "交通设施", "社区": null, "村": null}}, {"type": "Feature", "geometry": {"type": "Point", "coordinates": [111.380082, 30.660195]}, "properties": {"办件编号": "20240428000882", "事件": "求助", "类9": "管网安全", "方面": "安全韧性", "geocode_status": "ok", "board": "安全韧性底线", "project_type": "市政管网", "社区": null, "村": "共和村"}}, {"type": "Feature", "geometry": {"type": "Point", "coordinates": [111.321284, 30.67413]}, "properties": {"办件编号": "20240427000756", "事件": "投诉", "类9": "管网安全", "方面": "安全韧性", "geocode_status": "ok", "board": "安全韧性底线", "project_type": "市政管网", "社区": null, "村": "汉宜村"}}, {"type": "Feature", "geometry": {"type": "Point", "coordinates": [111.334306, 30.721825]}, "properties": {"办件编号": "20240426001356", "事件": "投诉", "类9": "消防安全", "方面": "安全韧性", "geocode_status": "ok", "board": "安全韧性底线", "project_type": "安全消防", "社区": "朝阳路社区", "村": null}}, {"type": "Feature", "geometry": {"type": "Point", "coordinates": [111.333, 30.655]}, "properties": {"办件编号": "20240426001136", "事件": "投诉", "类9": "出行安全", "方面": "安全韧性", "geocode_status": "region", "board": "安全韧性底线", "project_type": "交通设施", "社区": null, "村": null}}, {"type": "Feature", "geometry": {"type": "Point", "coordinates": [111.294273, 30.728866]}, "properties": {"办件编号": "20240426000743", "事件": "求助", "类9": "出行安全", "方面": "安全韧性", "geocode_status": "ok", "board": "安全韧性底线", "project_type": "交通设施", "社区": "金安岭社区", "村": null}}, {"type": "Feature", "geometry": {"type": "Point", "coordinates": [111.287, 30.7]}, "properties": {"办件编号": "20240426000423", "事件": "求助", "类9": "出行安全", "方面": "安全韧性", "geocode_status": "region", "board": "安全韧性底线", "project_type": "交通设施", "社区": null, "村": null}}, {"type": "Feature", "geometry": {"type": "Point", "coordinates": [111.296208, 30.698697]}, "properties": {"办件编号": "20240426000425", "事件": "投诉", "类9": "管网安全", "方面": "安全韧性", "geocode_status": "ok", "board": "安全韧性底线", "project_type": "市政管网", "社区": "山庄路社区", "村": null}}, {"type": "Feature", "geometry": {"type": "Point", "coordinates": [111.306724, 30.680978]}, "properties": {"办件编号": "20240426000333", "事件": "投诉", "类9": "管网安全", "方面": "安全韧性", "geocode_status": "ok", "board": "安全韧性底线", "project_type": "市政管网", "社区": "万达社区", "村": null}}, {"type": "Feature", "geometry": {"type": "Point", "coordinates": [111.333, 30.655]}, "properties": {"办件编号": "20240426000262", "事件": "求助", "类9": "管网安全", "方面": "安全韧性", "geocode_status": "region", "board": "安全韧性底线", "project_type": "市政管网", "社区": null, "村": null}}, {"type": "Feature", "geometry": {"type": "Point", "coordinates": [111.287, 30.7]}, "properties": {"办件编号": "20240425001241", "事件": "求助", "类9": "管网安全", "方面": "安全韧性", "geocode_status": "region", "board": "安全韧性底线", "project_type": "市政管网", "社区": null, "村": null}}, {"type": "Feature", "geometry": {"type": "Point", "coordinates": [111.287, 30.7]}, "properties": {"办件编号": "20240425001119", "事件": "求助", "类9": "出行安全", "方面": "安全韧性", "geocode_status": "region", "board": "安全韧性底线", "project_type": "交通设施", "社区": null, "村": null}}, {"type": "Feature", "geometry": {"type": "Point", "coordinates": [111.287, 30.7]}, "properties": {"办件编号": "20240425001051", "事件": "求助", "类9": "管网安全", "方面": "安全韧性", "geocode_status": "region", "board": "安全韧性底线", "project_type": "市政管网", "社区": null, "村": null}}, {"type": "Feature", "geometry": {"type": "Point", "coordinates": [111.333, 30.655]}, "properties": {"办件编号": "20240425000757", "事件": "求助", "类9": "出行安全", "方面": "安全韧性", "geocode_status": "region", "board": "安全韧性底线", "project_type": "交通设施", "社区": null, "村": null}}, {"type": "Feature", "geometry": {"type": "Point", "coordinates": [111.305, 30.69]}, "properties": {"办件编号": "20240425000625", "事件": "投诉", "类9": "管网安全", "方面": "安全韧性", "geocode_status": "region", "board": "安全韧性底线", "project_type": "市政管网", "社区": null, "村": null}}, {"type": "Feature", "geometry": {"type": "Point", "coordinates": [111.333, 30.655]}, "properties": {"办件编号": "20240425000248", "事件": "求助", "类9": "管网安全", "方面": "安全韧性", "geocode_status": "region", "board": "安全韧性底线", "project_type": "市政管网", "社区": null, "村": null}}, {"type": "Feature", "geometry": {"type": "Point", "coordinates": [111.333, 30.655]}, "properties": {"办件编号": "20240425000152", "事件": "求助", "类9": "出行安全", "方面": "安全韧性", "geocode_status": "region", "board": "安全韧性底线", "project_type": "交通设施", "社区": null, "村": null}}, {"type": "Feature", "geometry": {"type": "Point", "coordinates": [111.284254, 30.703895]}, "properties": {"办件编号": "20240425000129", "事件": "求助", "类9": "管网安全", "方面": "安全韧性", "geocode_status": "ok", "board": "安全韧性底线", "project_type": "市政管网", "社区": "气象台社区", "村": null}}, {"type": "Feature", "geometry": {"type": "Point", "coordinates": [111.333, 30.655]}, "properties": {"办件编号": "20240424001077", "事件": "求助", "类9": "出行安全", "方面": "安全韧性", "geocode_status": "region", "board": "安全韧性底线", "project_type": "交通设施", "社区": null, "村": null}}, {"type": "Feature", "geometry": {"type": "Point", "coordinates": [111.286263, 30.693799]}, "properties": {"办件编号": "20240424000872", "事件": "求助", "类9": "出行安全", "方面": "安全韧性", "geocode_status": "ok", "board": "安全韧性底线", "project_type": "交通设施", "社区": "小林园社区", "村": null}}, {"type": "Feature", "geometry": {"type": "Point", "coordinates": [111.318761, 30.671257]}, "properties": {"办件编号": "20240424000640", "事件": "求助", "类9": "管网安全", "方面": "安全韧性", "geocode_status": "ok", "board": "安全韧性底线", "project_type": "市政管网", "社区": "宝联社区", "村": null}}, {"type": "Feature", "geometry": {"type": "Point", "coordinates": [111.333, 30.655]}, "properties": {"办件编号": "20240424000317", "事件": "求助", "类9": "管网安全", "方面": "安全韧性", "geocode_status": "region", "board": "安全韧性底线", "project_type": "市政管网", "社区": null, "村": null}}, {"type": "Feature", "geometry": {"type": "Point", "coordinates": [111.307679, 30.681681]}, "properties": {"办件编号": "20240424000185", "事件": "投诉", "类9": "管网安全", "方面": "安全韧性", "geocode_status": "ok", "board": "安全韧性底线", "project_type": "市政管网", "社区": "港务社区", "村": null}}, {"type": "Feature", "geometry": {"type": "Point", "coordinates": [111.333, 30.655]}, "properties": {"办件编号": "20240423001446", "事件": "求助", "类9": "管网安全", "方面": "安全韧性", "geocode_status": "region", "board": "安全韧性底线", "project_type": "市政管网", "社区": null, "村": null}}, {"type": "Feature", "geometry": {"type": "Point", "coordinates": [111.32248, 30.69544]}, "properties": {"办件编号": "20240423001051", "事件": "投诉", "类9": "消防安全", "方面": "安全韧性", "geocode_status": "ok", "board": "安全韧性底线", "project_type": "安全消防", "社区": "长江社区", "村": null}}, {"type": "Feature", "geometry": {"type": "Point", "coordinates": [111.333, 30.655]}, "properties": {"办件编号": "20240423001009", "事件": "求助", "类9": "出行安全", "方面": "安全韧性", "geocode_status": "region", "board": "安全韧性底线", "project_type": "交通设施", "社区": null, "村": null}}, {"type": "Feature", "geometry": {"type": "Point", "coordinates": [111.287, 30.7]}, "properties": {"办件编号": "20240423000982", "事件": "求助", "类9": "出行安全", "方面": "安全韧性", "geocode_status": "region", "board": "安全韧性底线", "project_type": "交通设施", "社区": null, "村": null}}, {"type": "Feature", "geometry": {"type": "Point", "coordinates": [111.355256, 30.691889]}, "properties": {"办件编号": "20240423000724", "事件": "投诉", "类9": "消防安全", "方面": "安全韧性", "geocode_status": "ok", "board": "安全韧性底线", "project_type": "安全消防", "社区": null, "村": "旭光村"}}, {"type": "Feature", "geometry": {"type": "Point", "coordinates": [111.309805, 30.694741]}, "properties": {"办件编号": "20240423000511", "事件": "求助", "类9": "管网安全", "方面": "安全韧性", "geocode_status": "ok", "board": "安全韧性底线", "project_type": "市政管网", "社区": "体育场路社区", "村": null}}, {"type": "Feature", "geometry": {"type": "Point", "coordinates": [111.333, 30.655]}, "properties": {"办件编号": "20240423000489", "事件": "求助", "类9": "管网安全", "方面": "安全韧性", "geocode_status": "region", "board": "安全韧性底线", "project_type": "市政管网", "社区": null, "村": null}}, {"type": "Feature", "geometry": {"type": "Point", "coordinates": [111.287, 30.7]}, "properties": {"办件编号": "20240423000400", "事件": "求助", "类9": "管网安全", "方面": "安全韧性", "geocode_status": "region", "board": "安全韧性底线", "project_type": "市政管网", "社区": null, "村": null}}, {"type": "Feature", "geometry": {"type": "Point", "coordinates": [111.30228, 30.686874]}, "properties": {"办件编号": "20240423000371", "事件": "投诉", "类9": "消防安全", "方面": "安全韧性", "geocode_status": "ok", "board": "安全韧性底线", "project_type": "安全消防", "社区": "建设社区", "村": null}}, {"type": "Feature", "geometry": {"type": "Point", "coordinates": [111.321284, 30.67413]}, "properties": {"办件编号": "20240423000167", "事件": "求助", "类9": "管网安全", "方面": "安全韧性", "geocode_status": "ok", "board": "安全韧性底线", "project_type": "市政管网", "社区": null, "村": "汉宜村"}}, {"type": "Feature", "geometry": {"type": "Point", "coordinates": [111.333, 30.655]}, "properties": {"办件编号": "20240423000103", "事件": "求助", "类9": "出行安全", "方面": "安全韧性", "geocode_status": "region", "board": "安全韧性底线", "project_type": "交通设施", "社区": null, "村": null}}, {"type": "Feature", "geometry": {"type": "Point", "coordinates": [111.328776, 30.680126]}, "properties": {"办件编号": "20240422001486", "事件": "投诉", "类9": "消防安全", "方面": "安全韧性", "geocode_status": "ok", "board": "安全韧性底线", "project_type": "安全消防", "社区": "岳湾路社区", "村": null}}, {"type": "Feature", "geometry": {"type": "Point", "coordinates": [111.305943, 30.733723]}, "properties": {"办件编号": "20240422001302", "事件": "求助", "类9": "管网安全", "方面": "安全韧性", "geocode_status": "ok", "board": "安全韧性底线", "project_type": "市政管网", "社区": "黄河路社区", "村": null}}, {"type": "Feature", "geometry": {"type": "Point", "coordinates": [111.321284, 30.67413]}, "properties": {"办件编号": "20240422000758", "事件": "投诉", "类9": "出行安全", "方面": "安全韧性", "geocode_status": "ok", "board": "安全韧性底线", "project_type": "交通设施", "社区": null, "村": "汉宜村"}}, {"type": "Feature", "geometry": {"type": "Point", "coordinates": [111.287, 30.7]}, "properties": {"办件编号": "20240422000529", "事件": "求助", "类9": "环境安全", "方面": "安全韧性", "geocode_status": "region", "board": "安全韧性底线", "project_type": "环境治理", "社区": null, "村": null}}, {"type": "Feature", "geometry": {"type": "Point", "coordinates": [111.386048, 30.669353]}, "properties": {"办件编号": "20240422000526", "事件": "求助", "类9": "管网安全", "方面": "安全韧性", "geocode_status": "ok", "board": "安全韧性底线", "project_type": "市政管网", "社区": null, "村": "共同村"}}, {"type": "Feature", "geometry": {"type": "Point", "coordinates": [111.333, 30.655]}, "properties": {"办件编号": "20240422000300", "事件": "求助", "类9": "管网安全", "方面": "安全韧性", "geocode_status": "region", "board": "安全韧性底线", "project_type": "市政管网", "社区": null, "村": null}}, {"type": "Feature", "geometry": {"type": "Point", "coordinates": [111.37174, 30.619047]}, "properties": {"办件编号": "20240422000273", "事件": "投诉", "类9": "管网安全", "方面": "安全韧性", "geocode_status": "ok", "board": "安全韧性底线", "project_type": "市政管网", "社区": null, "村": "共联村"}}, {"type": "Feature", "geometry": {"type": "Point", "coordinates": [111.333572, 30.681932]}, "properties": {"办件编号": "20240421000718", "事件": "投诉", "类9": "管网安全", "方面": "安全韧性", "geocode_status": "ok", "board": "安全韧性底线", "project_type": "市政管网", "社区": null, "村": "旭光村"}}, {"type": "Feature", "geometry": {"type": "Point", "coordinates": [111.333, 30.655]}, "properties": {"办件编号": "20240421000262", "事件": "求助", "类9": "管网安全", "方面": "安全韧性", "geocode_status": "region", "board": "安全韧性底线", "project_type": "市政管网", "社区": null, "村": null}}, {"type": "Feature", "geometry": {"type": "Point", "coordinates": [111.307679, 30.681681]}, "properties": {"办件编号": "20240421000247", "事件": "投诉", "类9": "管网安全", "方面": "安全韧性", "geocode_status": "ok", "board": "安全韧性底线", "project_type": "市政管网", "社区": "港务社区", "村": null}}, {"type": "Feature", "geometry": {"type": "Point", "coordinates": [111.307679, 30.681681]}, "properties": {"办件编号": "20240421000246", "事件": "投诉", "类9": "管网安全", "方面": "安全韧性", "geocode_status": "ok", "board": "安全韧性底线", "project_type": "市政管网", "社区": "港务社区", "村": null}}, {"type": "Feature", "geometry": {"type": "Point", "coordinates": [111.334306, 30.721825]}, "properties": {"办件编号": "20240420000676", "事件": "求助", "类9": "管网安全", "方面": "安全韧性", "geocode_status": "ok", "board": "安全韧性底线", "project_type": "市政管网", "社区": "朝阳路社区", "村": null}}, {"type": "Feature", "geometry": {"type": "Point", "coordinates": [111.306724, 30.680978]}, "properties": {"办件编号": "20240420000412", "事件": "投诉", "类9": "出行安全", "方面": "安全韧性", "geocode_status": "ok", "board": "安全韧性底线", "project_type": "交通设施", "社区": "万达社区", "村": null}}, {"type": "Feature", "geometry": {"type": "Point", "coordinates": [111.303479, 30.68691]}, "properties": {"办件编号": "20240419001176", "事件": "投诉", "类9": "管网安全", "方面": "安全韧性", "geocode_status": "ok", "board": "安全韧性底线", "project_type": "市政管网", "社区": "建设社区", "村": null}}, {"type": "Feature", "geometry": {"type": "Point", "coordinates": [111.388205, 30.605973]}, "properties": {"办件编号": "20240419001107", "事件": "投诉", "类9": "管网安全", "方面": "安全韧性", "geocode_status": "ok", "board": "安全韧性底线", "project_type": "市政管网", "社区": "龙盘湖社区", "村": null}}, {"type": "Feature", "geometry": {"type": "Point", "coordinates": [111.287, 30.7]}, "properties": {"办件编号": "20240419001078", "事件": "求助", "类9": "管网安全", "方面": "安全韧性", "geocode_status": "region", "board": "安全韧性底线", "project_type": "市政管网", "社区": null, "村": null}}, {"type": "Feature", "geometry": {"type": "Point", "coordinates": [111.286138, 30.719889]}, "properties": {"办件编号": "20240419000968", "事件": "求助", "类9": "出行安全", "方面": "安全韧性", "geocode_status": "ok", "board": "安全韧性底线", "project_type": "交通设施", "社区": "西峡社区", "村": null}}, {"type": "Feature", "geometry": {"type": "Point", "coordinates": [111.333, 30.655]}, "properties": {"办件编号": "20240419000707", "事件": "求助", "类9": "管网安全", "方面": "安全韧性", "geocode_status": "region", "board": "安全韧性底线", "project_type": "市政管网", "社区": null, "村": null}}, {"type": "Feature", "geometry": {"type": "Point", "coordinates": [111.313127, 30.730384]}, "properties": {"办件编号": "20240419000273", "事件": "求助", "类9": "出行安全", "方面": "安全韧性", "geocode_status": "ok", "board": "安全韧性底线", "project_type": "交通设施", "社区": "大学路社区", "村": null}}, {"type": "Feature", "geometry": {"type": "Point", "coordinates": [111.334418, 30.687403]}, "properties": {"办件编号": "20240419000180", "事件": "投诉", "类9": "管网安全", "方面": "安全韧性", "geocode_status": "ok", "board": "安全韧性底线", "project_type": "市政管网", "社区": "岳湾路社区", "村": null}}, {"type": "Feature", "geometry": {"type": "Point", "coordinates": [111.334418, 30.687403]}, "properties": {"办件编号": "20240419000137", "事件": "求助", "类9": "管网安全", "方面": "安全韧性", "geocode_status": "ok", "board": "安全韧性底线", "project_type": "市政管网", "社区": "岳湾路社区", "村": null}}, {"type": "Feature", "geometry": {"type": "Point", "coordinates": [111.303479, 30.68691]}, "properties": {"办件编号": "20240418001242", "事件": "建议", "类9": "出行安全", "方面": "安全韧性", "geocode_status": "ok", "board": "安全韧性底线", "project_type": "交通设施", "社区": "建设社区", "村": null}}, {"type": "Feature", "geometry": {"type": "Point", "coordinates": [111.344527, 30.671033]}, "properties": {"办件编号": "20240418000782", "事件": "投诉", "类9": "出行安全", "方面": "安全韧性", "geocode_status": "ok", "board": "安全韧性底线", "project_type": "交通设施", "社区": "张家湾社区", "村": null}}, {"type": "Feature", "geometry": {"type": "Point", "coordinates": [111.284254, 30.703895]}, "properties": {"办件编号": "20240418000074", "事件": "求助", "类9": "管网安全", "方面": "安全韧性", "geocode_status": "ok", "board": "安全韧性底线", "project_type": "市政管网", "社区": "气象台社区", "村": null}}, {"type": "Feature", "geometry": {"type": "Point", "coordinates": [111.319368, 30.670576]}, "properties": {"办件编号": "20240417001339", "事件": "投诉", "类9": "管网安全", "方面": "安全韧性", "geocode_status": "ok", "board": "安全韧性底线", "project_type": "市政管网", "社区": "宝联社区", "村": null}}, {"type": "Feature", "geometry": {"type": "Point", "coordinates": [111.342375, 30.679036]}, "properties": {"办件编号": "20240417001236", "事件": "建议", "类9": "出行安全", "方面": "安全韧性", "geocode_status": "ok", "board": "安全韧性底线", "project_type": "交通设施", "社区": "白家冲社区", "村": null}}, {"type": "Feature", "geometry": {"type": "Point", "coordinates": [111.287, 30.7]}, "properties": {"办件编号": "20240417001151", "事件": "投诉", "类9": "管网安全", "方面": "安全韧性", "geocode_status": "region", "board": "安全韧性底线", "project_type": "市政管网", "社区": null, "村": null}}, {"type": "Feature", "geometry": {"type": "Point", "coordinates": [111.287, 30.7]}, "properties": {"办件编号": "20240417001099", "事件": "求助", "类9": "出行安全", "方面": "安全韧性", "geocode_status": "region", "board": "安全韧性底线", "project_type": "交通设施", "社区": null, "村": null}}, {"type": "Feature", "geometry": {"type": "Point", "coordinates": [111.278935, 30.711917]}, "properties": {"办件编号": "20240417000991", "事件": "投诉", "类9": "出行安全", "方面": "安全韧性", "geocode_status": "ok", "board": "安全韧性底线", "project_type": "交通设施", "社区": "四方堰社区", "村": null}}, {"type": "Feature", "geometry": {"type": "Point", "coordinates": [111.333, 30.655]}, "properties": {"办件编号": "20240417000682", "事件": "求助", "类9": "管网安全", "方面": "安全韧性", "geocode_status": "region", "board": "安全韧性底线", "project_type": "市政管网", "社区": null, "村": null}}, {"type": "Feature", "geometry": {"type": "Point", "coordinates": [111.287, 30.7]}, "properties": {"办件编号": "20240417000141", "事件": "投诉", "类9": "管网安全", "方面": "安全韧性", "geocode_status": "region", "board": "安全韧性底线", "project_type": "市政管网", "社区": null, "村": null}}, {"type": "Feature", "geometry": {"type": "Point", "coordinates": [111.27699, 30.719724]}, "properties": {"办件编号": "20240417000124", "事件": "求助", "类9": "管网安全", "方面": "安全韧性", "geocode_status": "ok", "board": "安全韧性底线", "project_type": "市政管网", "社区": null, "村": null}}, {"type": "Feature", "geometry": {"type": "Point", "coordinates": [111.354693, 30.664327]}, "properties": {"办件编号": "20240417000058", "事件": "建议", "类9": "出行安全", "方面": "安全韧性", "geocode_status": "ok", "board": "安全韧性底线", "project_type": "交通设施", "社区": null, "村": "火光村"}}, {"type": "Feature", "geometry": {"type": "Point", "coordinates": [111.37174, 30.619047]}, "properties": {"办件编号": "20240417000046", "事件": "建议", "类9": "出行安全", "方面": "安全韧性", "geocode_status": "ok", "board": "安全韧性底线", "project_type": "交通设施", "社区": null, "村": "共联村"}}, {"type": "Feature", "geometry": {"type": "Point", "coordinates": [111.295359, 30.72969]}, "properties": {"办件编号": "20240416001037", "事件": "求助", "类9": "出行安全", "方面": "安全韧性", "geocode_status": "ok", "board": "安全韧性底线", "project_type": "交通设施", "社区": "镇境山社区", "村": null}}, {"type": "Feature", "geometry": {"type": "Point", "coordinates": [111.287, 30.7]}, "properties": {"办件编号": "20240416000817", "事件": "求助", "类9": "管网安全", "方面": "安全韧性", "geocode_status": "region", "board": "安全韧性底线", "project_type": "市政管网", "社区": null, "村": null}}, {"type": "Feature", "geometry": {"type": "Point", "coordinates": [111.351651, 30.673484]}, "properties": {"办件编号": "20240416000373", "事件": "投诉", "类9": "消防安全", "方面": "安全韧性", "geocode_status": "ok", "board": "安全韧性底线", "project_type": "安全消防", "社区": null, "村": "联丰村"}}, {"type": "Feature", "geometry": {"type": "Point", "coordinates": [111.287, 30.7]}, "properties": {"办件编号": "20240416000167", "事件": "求助", "类9": "管网安全", "方面": "安全韧性", "geocode_status": "region", "board": "安全韧性底线", "project_type": "市政管网", "社区": null, "村": null}}, {"type": "Feature", "geometry": {"type": "Point", "coordinates": [111.321284, 30.67413]}, "properties": {"办件编号": "20240416000110", "事件": "投诉", "类9": "管网安全", "方面": "安全韧性", "geocode_status": "ok", "board": "安全韧性底线", "project_type": "市政管网", "社区": null, "村": "汉宜村"}}, {"type": "Feature", "geometry": {"type": "Point", "coordinates": [111.341091, 30.685179]}, "properties": {"办件编号": "20240416000089", "事件": "投诉", "类9": "消防安全", "方面": "安全韧性", "geocode_status": "ok", "board": "安全韧性底线", "project_type": "安全消防", "社区": null, "村": "旭光村"}}, {"type": "Feature", "geometry": {"type": "Point", "coordinates": [111.334403, 30.683043]}, "properties": {"办件编号": "20240415001263", "事件": "投诉", "类9": "消防安全", "方面": "安全韧性", "geocode_status": "ok", "board": "安全韧性底线", "project_type": "安全消防", "社区": "中南路社区", "村": null}}, {"type": "Feature", "geometry": {"type": "Point", "coordinates": [111.287, 30.7]}, "properties": {"办件编号": "20240415001215", "事件": "求助", "类9": "管网安全", "方面": "安全韧性", "geocode_status": "region", "board": "安全韧性底线", "project_type": "市政管网", "社区": null, "村": null}}, {"type": "Feature", "geometry": {"type": "Point", "coordinates": [111.333, 30.655]}, "properties": {"办件编号": "20240415001214", "事件": "求助", "类9": "管网安全", "方面": "安全韧性", "geocode_status": "region", "board": "安全韧性底线", "project_type": "市政管网", "社区": null, "村": null}}, {"type": "Feature", "geometry": {"type": "Point", "coordinates": [111.287, 30.7]}, "properties": {"办件编号": "20240415001107", "事件": "求助", "类9": "出行安全", "方面": "安全韧性", "geocode_status": "region", "board": "安全韧性底线", "project_type": "交通设施", "社区": null, "村": null}}, {"type": "Feature", "geometry": {"type": "Point", "coordinates": [111.349192, 30.642867]}, "properties": {"办件编号": "20240415001049", "事件": "投诉", "类9": "管网安全", "方面": "安全韧性", "geocode_status": "ok", "board": "安全韧性底线", "project_type": "市政管网", "社区": "李家湖社区", "村": null}}, {"type": "Feature", "geometry": {"type": "Point", "coordinates": [111.305, 30.69]}, "properties": {"办件编号": "20240415000879", "事件": "投诉", "类9": "管网安全", "方面": "安全韧性", "geocode_status": "region", "board": "安全韧性底线", "project_type": "市政管网", "社区": null, "村": null}}, {"type": "Feature", "geometry": {"type": "Point", "coordinates": [111.287, 30.7]}, "properties": {"办件编号": "20240415000669", "事件": "求助", "类9": "管网安全", "方面": "安全韧性", "geocode_status": "region", "board": "安全韧性底线", "project_type": "市政管网", "社区": null, "村": null}}, {"type": "Feature", "geometry": {"type": "Point", "coordinates": [111.376121, 30.665164]}, "properties": {"办件编号": "20240415000643", "事件": "求助", "类9": "管网安全", "方面": "安全韧性", "geocode_status": "ok", "board": "安全韧性底线", "project_type": "市政管网", "社区": "三峡物流园社区", "村": null}}, {"type": "Feature", "geometry": {"type": "Point", "coordinates": [111.322654, 30.672275]}, "properties": {"办件编号": "20240415000646", "事件": "投诉", "类9": "出行安全", "方面": "安全韧性", "geocode_status": "ok", "board": "安全韧性底线", "project_type": "交通设施", "社区": "宝联社区", "村": null}}, {"type": "Feature", "geometry": {"type": "Point", "coordinates": [111.372573, 30.656068]}, "properties": {"办件编号": "20240415000578", "事件": "求助", "类9": "管网安全", "方面": "安全韧性", "geocode_status": "ok", "board": "安全韧性底线", "project_type": "市政管网", "社区": "花艳社区", "村": null}}, {"type": "Feature", "geometry": {"type": "Point", "coordinates": [111.295114, 30.697065]}, "properties": {"办件编号": "20240415000527", "事件": "求助", "类9": "管网安全", "方面": "安全韧性", "geocode_status": "ok", "board": "安全韧性底线", "project_type": "市政管网", "社区": "赵家湾社区", "村": null}}, {"type": "Feature", "geometry": {"type": "Point", "coordinates": [111.31453, 30.741215]}, "properties": {"办件编号": "20240415000512", "事件": "求助", "类9": "管网安全", "方面": "安全韧性", "geocode_status": "ok", "board": "安全韧性底线", "project_type": "市政管网", "社区": "沙河社区", "村": null}}, {"type": "Feature", "geometry": {"type": "Point", "coordinates": [111.354355, 30.673084]}, "properties": {"办件编号": "20240415000476", "事件": "投诉", "类9": "管网安全", "方面": "安全韧性", "geocode_status": "ok", "board": "安全韧性底线", "project_type": "市政管网", "社区": "张家湾社区", "村": null}}, {"type": "Feature", "geometry": {"type": "Point", "coordinates": [111.313839, 30.741679]}, "properties": {"办件编号": "20240415000419", "事件": "求助", "类9": "出行安全", "方面": "安全韧性", "geocode_status": "ok", "board": "安全韧性底线", "project_type": "交通设施", "社区": "沙河社区", "村": null}}, {"type": "Feature", "geometry": {"type": "Point", "coordinates": [111.287, 30.7]}, "properties": {"办件编号": "20240415000230", "事件": "求助", "类9": "出行安全", "方面": "安全韧性", "geocode_status": "region", "board": "安全韧性底线", "project_type": "交通设施", "社区": null, "村": null}}, {"type": "Feature", "geometry": {"type": "Point", "coordinates": [111.307679, 30.681681]}, "properties": {"办件编号": "20240415000186", "事件": "投诉", "类9": "管网安全", "方面": "安全韧性", "geocode_status": "ok", "board": "安全韧性底线", "project_type": "市政管网", "社区": "港务社区", "村": null}}, {"type": "Feature", "geometry": {"type": "Point", "coordinates": [111.333, 30.655]}, "properties": {"办件编号": "20240415000129", "事件": "求助", "类9": "管网安全", "方面": "安全韧性", "geocode_status": "region", "board": "安全韧性底线", "project_type": "市政管网", "社区": null, "村": null}}, {"type": "Feature", "geometry": {"type": "Point", "coordinates": [111.354355, 30.673084]}, "properties": {"办件编号": "20240415000060", "事件": "投诉", "类9": "出行安全", "方面": "安全韧性", "geocode_status": "ok", "board": "安全韧性底线", "project_type": "交通设施", "社区": "张家湾社区", "村": null}}, {"type": "Feature", "geometry": {"type": "Point", "coordinates": [111.351651, 30.673484]}, "properties": {"办件编号": "20240414000694", "事件": "投诉", "类9": "消防安全", "方面": "安全韧性", "geocode_status": "ok", "board": "安全韧性底线", "project_type": "安全消防", "社区": null, "村": "联丰村"}}, {"type": "Feature", "geometry": {"type": "Point", "coordinates": [111.287, 30.7]}, "properties": {"办件编号": "20240414000277", "事件": "求助", "类9": "管网安全", "方面": "安全韧性", "geocode_status": "region", "board": "安全韧性底线", "project_type": "市政管网", "社区": null, "村": null}}, {"type": "Feature", "geometry": {"type": "Point", "coordinates": [111.311094, 30.680387]}, "properties": {"办件编号": "20240414000153", "事件": "投诉", "类9": "消防安全", "方面": "安全韧性", "geocode_status": "ok", "board": "安全韧性底线", "project_type": "安全消防", "社区": "张家坡社区", "村": null}}, {"type": "Feature", "geometry": {"type": "Point", "coordinates": [111.297588, 30.689266]}, "properties": {"办件编号": "20240414000069", "事件": "投诉", "类9": "消防安全", "方面": "安全韧性", "geocode_status": "ok", "board": "安全韧性底线", "project_type": "安全消防", "社区": "张家店社区", "村": null}}, {"type": "Feature", "geometry": {"type": "Point", "coordinates": [111.329247, 30.736192]}, "properties": {"办件编号": "20240413000610", "事件": "求助", "类9": "管网安全", "方面": "安全韧性", "geocode_status": "ok", "board": "安全韧性底线", "project_type": "市政管网", "社区": "唐家湾社区", "村": null}}, {"type": "Feature", "geometry": {"type": "Point", "coordinates": [111.334306, 30.721825]}, "properties": {"办件编号": "20240413000178", "事件": "投诉", "类9": "消防安全", "方面": "安全韧性", "geocode_status": "ok", "board": "安全韧性底线", "project_type": "安全消防", "社区": "朝阳路社区", "村": null}}, {"type": "Feature", "geometry": {"type": "Point", "coordinates": [111.327439, 30.662354]}, "properties": {"办件编号": "20240413000062", "事件": "投诉", "类9": "管网安全", "方面": "安全韧性", "geocode_status": "ok", "board": "安全韧性底线", "project_type": "市政管网", "社区": "古塔社区", "村": null}}, {"type": "Feature", "geometry": {"type": "Point", "coordinates": [111.305, 30.69]}, "properties": {"办件编号": "20240412001203", "事件": "投诉", "类9": "管网安全", "方面": "安全韧性", "geocode_status": "region", "board": "安全韧性底线", "project_type": "市政管网", "社区": null, "村": null}}, {"type": "Feature", "geometry": {"type": "Point", "coordinates": [111.287086, 30.690523]}, "properties": {"办件编号": "20240412001184", "事件": "投诉", "类9": "管网安全", "方面": "安全韧性", "geocode_status": "ok", "board": "安全韧性底线", "project_type": "市政管网", "社区": "新隆康路社区", "村": null}}, {"type": "Feature", "geometry": {"type": "Point", "coordinates": [111.385155, 30.652527]}, "properties": {"办件编号": "20240412000919", "事件": "求助", "类9": "出行安全", "方面": "安全韧性", "geocode_status": "ok", "board": "安全韧性底线", "project_type": "交通设施", "社区": null, "村": "共和村"}}, {"type": "Feature", "geometry": {"type": "Point", "coordinates": [111.313127, 30.730384]}, "properties": {"办件编号": "20240412000853", "事件": "投诉", "类9": "管网安全", "方面": "安全韧性", "geocode_status": "ok", "board": "安全韧性底线", "project_type": "市政管网", "社区": "大学路社区", "村": null}}, {"type": "Feature", "geometry": {"type": "Point", "coordinates": [111.313127, 30.730384]}, "properties": {"办件编号": "20240412000350", "事件": "投诉", "类9": "管网安全", "方面": "安全韧性", "geocode_status": "ok", "board": "安全韧性底线", "project_type": "市政管网", "社区": "大学路社区", "村": null}}, {"type": "Feature", "geometry": {"type": "Point", "coordinates": [111.333, 30.655]}, "properties": {"办件编号": "20240412000139", "事件": "建议", "类9": "出行安全", "方面": "安全韧性", "geocode_status": "region", "board": "安全韧性底线", "project_type": "交通设施", "社区": null, "村": null}}, {"type": "Feature", "geometry": {"type": "Point", "coordinates": [111.287, 30.7]}, "properties": {"办件编号": "20240411001100", "事件": "求助", "类9": "管网安全", "方面": "安全韧性", "geocode_status": "region", "board": "安全韧性底线", "project_type": "市政管网", "社区": null, "村": null}}, {"type": "Feature", "geometry": {"type": "Point", "coordinates": [111.333, 30.655]}, "properties": {"办件编号": "20240411000966", "事件": "投诉", "类9": "消防安全", "方面": "安全韧性", "geocode_status": "region", "board": "安全韧性底线", "project_type": "安全消防", "社区": null, "村": null}}, {"type": "Feature", "geometry": {"type": "Point", "coordinates": [111.354355, 30.673084]}, "properties": {"办件编号": "20240411000450", "事件": "求助", "类9": "管网安全", "方面": "安全韧性", "geocode_status": "ok", "board": "安全韧性底线", "project_type": "市政管网", "社区": "张家湾社区", "村": null}}, {"type": "Feature", "geometry": {"type": "Point", "coordinates": [111.305546, 30.733833]}, "properties": {"办件编号": "20240411000326", "事件": "求助", "类9": "出行安全", "方面": "安全韧性", "geocode_status": "ok", "board": "安全韧性底线", "project_type": "交通设施", "社区": "黄河路社区", "村": null}}, {"type": "Feature", "geometry": {"type": "Point", "coordinates": [111.286018, 30.6966]}, "properties": {"办件编号": "20240411000306", "事件": "投诉", "类9": "出行安全", "方面": "安全韧性", "geocode_status": "ok", "board": "安全韧性底线", "project_type": "交通设施", "社区": "桃花岭社区", "村": null}}, {"type": "Feature", "geometry": {"type": "Point", "coordinates": [111.295118, 30.68185]}, "properties": {"办件编号": "20240411000298", "事件": "投诉", "类9": "出行安全", "方面": "安全韧性", "geocode_status": "ok", "board": "安全韧性底线", "project_type": "交通设施", "社区": null, "村": null}}, {"type": "Feature", "geometry": {"type": "Point", "coordinates": [111.319368, 30.670576]}, "properties": {"办件编号": "20240410001184", "事件": "投诉", "类9": "消防安全", "方面": "安全韧性", "geocode_status": "ok", "board": "安全韧性底线", "project_type": "安全消防", "社区": "宝联社区", "村": null}}, {"type": "Feature", "geometry": {"type": "Point", "coordinates": [111.396727, 30.639935]}, "properties": {"办件编号": "20240410000803", "事件": "求助", "类9": "管网安全", "方面": "安全韧性", "geocode_status": "ok", "board": "安全韧性底线", "project_type": "市政管网", "社区": "花溪路社区", "村": null}}, {"type": "Feature", "geometry": {"type": "Point", "coordinates": [111.333, 30.655]}, "properties": {"办件编号": "20240410000801", "事件": "求助", "类9": "管网安全", "方面": "安全韧性", "geocode_status": "region", "board": "安全韧性底线", "project_type": "市政管网", "社区": null, "村": null}}, {"type": "Feature", "geometry": {"type": "Point", "coordinates": [111.350836, 30.643985]}, "properties": {"办件编号": "20240410000611", "事件": "投诉", "类9": "出行安全", "方面": "安全韧性", "geocode_status": "ok", "board": "安全韧性底线", "project_type": "交通设施", "社区": "伍临路社区", "村": null}}, {"type": "Feature", "geometry": {"type": "Point", "coordinates": [111.333, 30.655]}, "properties": {"办件编号": "20240410000426", "事件": "求助", "类9": "管网安全", "方面": "安全韧性", "geocode_status": "region", "board": "安全韧性底线", "project_type": "市政管网", "社区": null, "村": null}}, {"type": "Feature", "geometry": {"type": "Point", "coordinates": [111.344527, 30.671033]}, "properties": {"办件编号": "20240410000047", "事件": "建议", "类9": "出行安全", "方面": "安全韧性", "geocode_status": "ok", "board": "安全韧性底线", "project_type": "交通设施", "社区": "张家湾社区", "村": null}}, {"type": "Feature", "geometry": {"type": "Point", "coordinates": [111.292533, 30.717116]}, "properties": {"办件编号": "20240409000829", "事件": "求助", "类9": "消防安全", "方面": "安全韧性", "geocode_status": "ok", "board": "安全韧性底线", "project_type": "安全消防", "社区": "常刘路社区", "村": null}}, {"type": "Feature", "geometry": {"type": "Point", "coordinates": [111.370163, 30.658286]}, "properties": {"办件编号": "20240409000866", "事件": "投诉", "类9": "管网安全", "方面": "安全韧性", "geocode_status": "ok", "board": "安全韧性底线", "project_type": "市政管网", "社区": null, "村": "共和村"}}, {"type": "Feature", "geometry": {"type": "Point", "coordinates": [111.287, 30.7]}, "properties": {"办件编号": "20240409000729", "事件": "求助", "类9": "管网安全", "方面": "安全韧性", "geocode_status": "region", "board": "安全韧性底线", "project_type": "市政管网", "社区": null, "村": null}}, {"type": "Feature", "geometry": {"type": "Point", "coordinates": [111.287, 30.7]}, "properties": {"办件编号": "20240409000400", "事件": "求助", "类9": "管网安全", "方面": "安全韧性", "geocode_status": "region", "board": "安全韧性底线", "project_type": "市政管网", "社区": null, "村": null}}, {"type": "Feature", "geometry": {"type": "Point", "coordinates": [111.333, 30.655]}, "properties": {"办件编号": "20240409000270", "事件": "求助", "类9": "管网安全", "方面": "安全韧性", "geocode_status": "region", "board": "安全韧性底线", "project_type": "市政管网", "社区": null, "村": null}}, {"type": "Feature", "geometry": {"type": "Point", "coordinates": [111.344661, 30.673222]}, "properties": {"办件编号": "20240409000242", "事件": "投诉", "类9": "消防安全", "方面": "安全韧性", "geocode_status": "ok", "board": "安全韧性底线", "project_type": "安全消防", "社区": "枫香树社区", "村": null}}, {"type": "Feature", "geometry": {"type": "Point", "coordinates": [111.320096, 30.707951]}, "properties": {"办件编号": "20240409000158", "事件": "建议", "类9": "出行安全", "方面": "安全韧性", "geocode_status": "ok", "board": "安全韧性底线", "project_type": "交通设施", "社区": "青岛路社区", "村": null}}, {"type": "Feature", "geometry": {"type": "Point", "coordinates": [111.328867, 30.677638]}, "properties": {"办件编号": "20240409000109", "事件": "投诉", "类9": "消防安全", "方面": "安全韧性", "geocode_status": "ok", "board": "安全韧性底线", "project_type": "安全消防", "社区": "魏家湾社区", "村": null}}, {"type": "Feature", "geometry": {"type": "Point", "coordinates": [111.303479, 30.68691]}, "properties": {"办件编号": "20240409000041", "事件": "投诉", "类9": "管网安全", "方面": "安全韧性", "geocode_status": "ok", "board": "安全韧性底线", "project_type": "市政管网", "社区": "建设社区", "村": null}}, {"type": "Feature", "geometry": {"type": "Point", "coordinates": [111.298275, 30.6876]}, "properties": {"办件编号": "20240409000014", "事件": "投诉", "类9": "管网安全", "方面": "安全韧性", "geocode_status": "ok", "board": "安全韧性底线", "project_type": "市政管网", "社区": "张家店社区", "村": null}}, {"type": "Feature", "geometry": {"type": "Point", "coordinates": [111.301434, 30.727861]}, "properties": {"办件编号": "20240408000919", "事件": "投诉", "类9": "出行安全", "方面": "安全韧性", "geocode_status": "ok", "board": "安全韧性底线", "project_type": "交通设施", "社区": "大堰湾社区", "村": null}}, {"type": "Feature", "geometry": {"type": "Point", "coordinates": [111.333, 30.655]}, "properties": {"办件编号": "20240408000877", "事件": "求助", "类9": "管网安全", "方面": "安全韧性", "geocode_status": "region", "board": "安全韧性底线", "project_type": "市政管网", "社区": null, "村": null}}, {"type": "Feature", "geometry": {"type": "Point", "coordinates": [111.30343, 30.690846]}, "properties": {"办件编号": "20240408000483", "事件": "求助", "类9": "管网安全", "方面": "安全韧性", "geocode_status": "ok", "board": "安全韧性底线", "project_type": "市政管网", "社区": "体育场路社区", "村": null}}, {"type": "Feature", "geometry": {"type": "Point", "coordinates": [111.333, 30.655]}, "properties": {"办件编号": "20240408000396", "事件": "求助", "类9": "消防安全", "方面": "安全韧性", "geocode_status": "region", "board": "安全韧性底线", "project_type": "安全消防", "社区": null, "村": null}}, {"type": "Feature", "geometry": {"type": "Point", "coordinates": [111.34358, 30.718952]}, "properties": {"办件编号": "20240408000197", "事件": "求助", "类9": "出行安全", "方面": "安全韧性", "geocode_status": "ok", "board": "安全韧性底线", "project_type": "交通设施", "社区": "汕头路社区", "村": null}}, {"type": "Feature", "geometry": {"type": "Point", "coordinates": [111.287, 30.7]}, "properties": {"办件编号": "20240408000133", "事件": "求助", "类9": "出行安全", "方面": "安全韧性", "geocode_status": "region", "board": "安全韧性底线", "project_type": "交通设施", "社区": null, "村": null}}, {"type": "Feature", "geometry": {"type": "Point", "coordinates": [111.333, 30.655]}, "properties": {"办件编号": "20240407001126", "事件": "求助", "类9": "出行安全", "方面": "安全韧性", "geocode_status": "region", "board": "安全韧性底线", "project_type": "交通设施", "社区": null, "村": null}}, {"type": "Feature", "geometry": {"type": "Point", "coordinates": [111.333, 30.655]}, "properties": {"办件编号": "20240407001122", "事件": "求助", "类9": "出行安全", "方面": "安全韧性", "geocode_status": "region", "board": "安全韧性底线", "project_type": "交通设施", "社区": null, "村": null}}, {"type": "Feature", "geometry": {"type": "Point", "coordinates": [111.292533, 30.717116]}, "properties": {"办件编号": "20240407001099", "事件": "求助", "类9": "出行安全", "方面": "安全韧性", "geocode_status": "ok", "board": "安全韧性底线", "project_type": "交通设施", "社区": "常刘路社区", "村": null}}, {"type": "Feature", "geometry": {"type": "Point", "coordinates": [111.313127, 30.730384]}, "properties": {"办件编号": "20240407001054", "事件": "求助", "类9": "管网安全", "方面": "安全韧性", "geocode_status": "ok", "board": "安全韧性底线", "project_type": "市政管网", "社区": "大学路社区", "村": null}}, {"type": "Feature", "geometry": {"type": "Point", "coordinates": [111.360882, 30.644048]}, "properties": {"办件编号": "20240407000681", "事件": "投诉", "类9": "管网安全", "方面": "安全韧性", "geocode_status": "ok", "board": "安全韧性底线", "project_type": "市政管网", "社区": null, "村": "共勤村"}}, {"type": "Feature", "geometry": {"type": "Point", "coordinates": [111.28267, 30.704147]}, "properties": {"办件编号": "20240407000497", "事件": "求助", "类9": "管网安全", "方面": "安全韧性", "geocode_status": "ok", "board": "安全韧性底线", "project_type": "市政管网", "社区": "气象台社区", "村": null}}, {"type": "Feature", "geometry": {"type": "Point", "coordinates": [111.287, 30.7]}, "properties": {"办件编号": "20240407000437", "事件": "投诉", "类9": "管网安全", "方面": "安全韧性", "geocode_status": "region", "board": "安全韧性底线", "project_type": "市政管网", "社区": null, "村": null}}, {"type": "Feature", "geometry": {"type": "Point", "coordinates": [111.417521, 30.642867]}, "properties": {"办件编号": "20240407000303", "事件": "投诉", "类9": "消防安全", "方面": "安全韧性", "geocode_status": "ok", "board": "安全韧性底线", "project_type": "安全消防", "社区": null, "村": "灵宝村"}}, {"type": "Feature", "geometry": {"type": "Point", "coordinates": [111.417521, 30.642867]}, "properties": {"办件编号": "20240407000238", "事件": "投诉", "类9": "消防安全", "方面": "安全韧性", "geocode_status": "ok", "board": "安全韧性底线", "project_type": "安全消防", "社区": null, "村": "灵宝村"}}, {"type": "Feature", "geometry": {"type": "Point", "coordinates": [111.287, 30.7]}, "properties": {"办件编号": "20240407000134", "事件": "求助", "类9": "管网安全", "方面": "安全韧性", "geocode_status": "region", "board": "安全韧性底线", "project_type": "市政管网", "社区": null, "村": null}}, {"type": "Feature", "geometry": {"type": "Point", "coordinates": [111.360882, 30.644048]}, "properties": {"办件编号": "20240406000577", "事件": "投诉", "类9": "管网安全", "方面": "安全韧性", "geocode_status": "ok", "board": "安全韧性底线", "project_type": "市政管网", "社区": null, "村": "共勤村"}}, {"type": "Feature", "geometry": {"type": "Point", "coordinates": [111.29241, 30.709885]}, "properties": {"办件编号": "20240405000308", "事件": "投诉", "类9": "出行安全", "方面": "安全韧性", "geocode_status": "ok", "board": "安全韧性底线", "project_type": "交通设施", "社区": "绿萝路社区", "村": null}}, {"type": "Feature", "geometry": {"type": "Point", "coordinates": [111.370163, 30.658286]}, "properties": {"办件编号": "20240405000175", "事件": "投诉", "类9": "管网安全", "方面": "安全韧性", "geocode_status": "ok", "board": "安全韧性底线", "project_type": "市政管网", "社区": null, "村": "共和村"}}, {"type": "Feature", "geometry": {"type": "Point", "coordinates": [111.3144, 30.676632]}, "properties": {"办件编号": "20240404000587", "事件": "投诉", "类9": "消防安全", "方面": "安全韧性", "geocode_status": "ok", "board": "安全韧性底线", "project_type": "安全消防", "社区": "杨岔路社区", "村": null}}, {"type": "Feature", "geometry": {"type": "Point", "coordinates": [111.306724, 30.680978]}, "properties": {"办件编号": "20240403000837", "事件": "投诉", "类9": "消防安全", "方面": "安全韧性", "geocode_status": "ok", "board": "安全韧性底线", "project_type": "安全消防", "社区": "万达社区", "村": null}}, {"type": "Feature", "geometry": {"type": "Point", "coordinates": [111.333, 30.655]}, "properties": {"办件编号": "20240403000815", "事件": "求助", "类9": "管网安全", "方面": "安全韧性", "geocode_status": "region", "board": "安全韧性底线", "project_type": "市政管网", "社区": null, "村": null}}, {"type": "Feature", "geometry": {"type": "Point", "coordinates": [111.333, 30.655]}, "properties": {"办件编号": "20240403000754", "事件": "求助", "类9": "管网安全", "方面": "安全韧性", "geocode_status": "region", "board": "安全韧性底线", "project_type": "市政管网", "社区": null, "村": null}}, {"type": "Feature", "geometry": {"type": "Point", "coordinates": [111.328275, 30.727615]}, "properties": {"办件编号": "20240403000461", "事件": "求助", "类9": "出行安全", "方面": "安全韧性", "geocode_status": "ok", "board": "安全韧性底线", "project_type": "交通设施", "社区": "叶家坝社区", "村": null}}, {"type": "Feature", "geometry": {"type": "Point", "coordinates": [111.372573, 30.656068]}, "properties": {"办件编号": "20240403000211", "事件": "投诉", "类9": "出行安全", "方面": "安全韧性", "geocode_status": "ok", "board": "安全韧性底线", "project_type": "交通设施", "社区": "花艳社区", "村": null}}, {"type": "Feature", "geometry": {"type": "Point", "coordinates": [111.305, 30.69]}, "properties": {"办件编号": "20240402000343", "事件": "求助", "类9": "消防安全", "方面": "安全韧性", "geocode_status": "region", "board": "安全韧性底线", "project_type": "安全消防", "社区": null, "村": null}}, {"type": "Feature", "geometry": {"type": "Point", "coordinates": [111.287, 30.7]}, "properties": {"办件编号": "20240401001014", "事件": "求助", "类9": "管网安全", "方面": "安全韧性", "geocode_status": "region", "board": "安全韧性底线", "project_type": "市政管网", "社区": null, "村": null}}, {"type": "Feature", "geometry": {"type": "Point", "coordinates": [111.321284, 30.67413]}, "properties": {"办件编号": "20240401000274", "事件": "求助", "类9": "出行安全", "方面": "安全韧性", "geocode_status": "ok", "board": "安全韧性底线", "project_type": "交通设施", "社区": null, "村": "汉宜村"}}, {"type": "Feature", "geometry": {"type": "Point", "coordinates": [111.321284, 30.67413]}, "properties": {"办件编号": "20240401000095", "事件": "求助", "类9": "出行安全", "方面": "安全韧性", "geocode_status": "ok", "board": "安全韧性底线", "project_type": "交通设施", "社区": null, "村": "汉宜村"}}, {"type": "Feature", "geometry": {"type": "Point", "coordinates": [111.318313, 30.700574]}, "properties": {"办件编号": "20240401000075", "事件": "投诉", "类9": "出行安全", "方面": "安全韧性", "geocode_status": "ok", "board": "安全韧性底线", "project_type": "交通设施", "社区": "学堂湾社区", "村": null}}, {"type": "Feature", "geometry": {"type": "Point", "coordinates": [111.3386, 30.674681]}, "properties": {"办件编号": "20240401000071", "事件": "投诉", "类9": "出行安全", "方面": "安全韧性", "geocode_status": "ok", "board": "安全韧性底线", "project_type": "交通设施", "社区": "白家冲社区", "村": null}}, {"type": "Feature", "geometry": {"type": "Point", "coordinates": [111.337925, 30.657308]}, "properties": {"办件编号": "20240331000323", "事件": "投诉", "类9": "管网安全", "方面": "安全韧性", "geocode_status": "ok", "board": "安全韧性底线", "project_type": "市政管网", "社区": "艾家嘴社区", "村": null}}, {"type": "Feature", "geometry": {"type": "Point", "coordinates": [111.307679, 30.681681]}, "properties": {"办件编号": "20240331000214", "事件": "投诉", "类9": "管网安全", "方面": "安全韧性", "geocode_status": "ok", "board": "安全韧性底线", "project_type": "市政管网", "社区": "港务社区", "村": null}}, {"type": "Feature", "geometry": {"type": "Point", "coordinates": [111.313127, 30.730384]}, "properties": {"办件编号": "20240330000878", "事件": "求助", "类9": "管网安全", "方面": "安全韧性", "geocode_status": "ok", "board": "安全韧性底线", "project_type": "市政管网", "社区": "大学路社区", "村": null}}, {"type": "Feature", "geometry": {"type": "Point", "coordinates": [111.307679, 30.681681]}, "properties": {"办件编号": "20240330000740", "事件": "投诉", "类9": "管网安全", "方面": "安全韧性", "geocode_status": "ok", "board": "安全韧性底线", "project_type": "市政管网", "社区": "港务社区", "村": null}}, {"type": "Feature", "geometry": {"type": "Point", "coordinates": [111.306724, 30.680978]}, "properties": {"办件编号": "20240330000693", "事件": "求助", "类9": "管网安全", "方面": "安全韧性", "geocode_status": "ok", "board": "安全韧性底线", "project_type": "市政管网", "社区": "万达社区", "村": null}}, {"type": "Feature", "geometry": {"type": "Point", "coordinates": [111.307679, 30.681681]}, "properties": {"办件编号": "20240330000451", "事件": "投诉", "类9": "消防安全", "方面": "安全韧性", "geocode_status": "ok", "board": "安全韧性底线", "project_type": "安全消防", "社区": "港务社区", "村": null}}, {"type": "Feature", "geometry": {"type": "Point", "coordinates": [111.318086, 30.674139]}, "properties": {"办件编号": "20240329000944", "事件": "投诉", "类9": "消防安全", "方面": "安全韧性", "geocode_status": "ok", "board": "安全韧性底线", "project_type": "安全消防", "社区": "宝联社区", "村": null}}, {"type": "Feature", "geometry": {"type": "Point", "coordinates": [111.3871, 30.653345]}, "properties": {"办件编号": "20240329000698", "事件": "求助", "类9": "管网安全", "方面": "安全韧性", "geocode_status": "ok", "board": "安全韧性底线", "project_type": "市政管网", "社区": null, "村": "共和村"}}, {"type": "Feature", "geometry": {"type": "Point", "coordinates": [111.333, 30.655]}, "properties": {"办件编号": "20240329000626", "事件": "投诉", "类9": "管网安全", "方面": "安全韧性", "geocode_status": "region", "board": "安全韧性底线", "project_type": "市政管网", "社区": null, "村": null}}, {"type": "Feature", "geometry": {"type": "Point", "coordinates": [111.318086, 30.674139]}, "properties": {"办件编号": "20240329000614", "事件": "投诉", "类9": "消防安全", "方面": "安全韧性", "geocode_status": "ok", "board": "安全韧性底线", "project_type": "安全消防", "社区": "宝联社区", "村": null}}, {"type": "Feature", "geometry": {"type": "Point", "coordinates": [111.287, 30.7]}, "properties": {"办件编号": "20240329000587", "事件": "求助", "类9": "管网安全", "方面": "安全韧性", "geocode_status": "region", "board": "安全韧性底线", "project_type": "市政管网", "社区": null, "村": null}}, {"type": "Feature", "geometry": {"type": "Point", "coordinates": [111.334306, 30.721825]}, "properties": {"办件编号": "20240329000547", "事件": "求助", "类9": "管网安全", "方面": "安全韧性", "geocode_status": "ok", "board": "安全韧性底线", "project_type": "市政管网", "社区": "朝阳路社区", "村": null}}, {"type": "Feature", "geometry": {"type": "Point", "coordinates": [111.350018, 30.666319]}, "properties": {"办件编号": "20240329000471", "事件": "求助", "类9": "管网安全", "方面": "安全韧性", "geocode_status": "ok", "board": "安全韧性底线", "project_type": "市政管网", "社区": null, "村": "火光村"}}, {"type": "Feature", "geometry": {"type": "Point", "coordinates": [111.307679, 30.681681]}, "properties": {"办件编号": "20240329000457", "事件": "求助", "类9": "管网安全", "方面": "安全韧性", "geocode_status": "ok", "board": "安全韧性底线", "project_type": "市政管网", "社区": "港务社区", "村": null}}, {"type": "Feature", "geometry": {"type": "Point", "coordinates": [111.287, 30.7]}, "properties": {"办件编号": "20240329000426", "事件": "求助", "类9": "消防安全", "方面": "安全韧性", "geocode_status": "region", "board": "安全韧性底线", "project_type": "安全消防", "社区": null, "村": null}}, {"type": "Feature", "geometry": {"type": "Point", "coordinates": [111.333, 30.655]}, "properties": {"办件编号": "20240329000335", "事件": "投诉", "类9": "管网安全", "方面": "安全韧性", "geocode_status": "region", "board": "安全韧性底线", "project_type": "市政管网", "社区": null, "村": null}}, {"type": "Feature", "geometry": {"type": "Point", "coordinates": [111.333, 30.655]}, "properties": {"办件编号": "20240328000941", "事件": "求助", "类9": "管网安全", "方面": "安全韧性", "geocode_status": "region", "board": "安全韧性底线", "project_type": "市政管网", "社区": null, "村": null}}, {"type": "Feature", "geometry": {"type": "Point", "coordinates": [111.293779, 30.702559]}, "properties": {"办件编号": "20240328000622", "事件": "求助", "类9": "出行安全", "方面": "安全韧性", "geocode_status": "ok", "board": "安全韧性底线", "project_type": "交通设施", "社区": "山庄路社区", "村": null}}, {"type": "Feature", "geometry": {"type": "Point", "coordinates": [111.333, 30.655]}, "properties": {"办件编号": "20240328000499", "事件": "求助", "类9": "管网安全", "方面": "安全韧性", "geocode_status": "region", "board": "安全韧性底线", "project_type": "市政管网", "社区": null, "村": null}}, {"type": "Feature", "geometry": {"type": "Point", "coordinates": [111.333, 30.655]}, "properties": {"办件编号": "20240328000497", "事件": "求助", "类9": "管网安全", "方面": "安全韧性", "geocode_status": "region", "board": "安全韧性底线", "project_type": "市政管网", "社区": null, "村": null}}, {"type": "Feature", "geometry": {"type": "Point", "coordinates": [111.321284, 30.67413]}, "properties": {"办件编号": "20240328000491", "事件": "求助", "类9": "出行安全", "方面": "安全韧性", "geocode_status": "ok", "board": "安全韧性底线", "project_type": "交通设施", "社区": null, "村": "汉宜村"}}, {"type": "Feature", "geometry": {"type": "Point", "coordinates": [111.287, 30.7]}, "properties": {"办件编号": "20240328000431", "事件": "投诉", "类9": "出行安全", "方面": "安全韧性", "geocode_status": "region", "board": "安全韧性底线", "project_type": "交通设施", "社区": null, "村": null}}, {"type": "Feature", "geometry": {"type": "Point", "coordinates": [111.321284, 30.67413]}, "properties": {"办件编号": "20240328000225", "事件": "求助", "类9": "出行安全", "方面": "安全韧性", "geocode_status": "ok", "board": "安全韧性底线", "project_type": "交通设施", "社区": null, "村": "汉宜村"}}, {"type": "Feature", "geometry": {"type": "Point", "coordinates": [111.284254, 30.703895]}, "properties": {"办件编号": "20240328000192", "事件": "求助", "类9": "管网安全", "方面": "安全韧性", "geocode_status": "ok", "board": "安全韧性底线", "project_type": "市政管网", "社区": "气象台社区", "村": null}}, {"type": "Feature", "geometry": {"type": "Point", "coordinates": [111.333, 30.655]}, "properties": {"办件编号": "20240328000125", "事件": "投诉", "类9": "出行安全", "方面": "安全韧性", "geocode_status": "region", "board": "安全韧性底线", "project_type": "交通设施", "社区": null, "村": null}}, {"type": "Feature", "geometry": {"type": "Point", "coordinates": [111.333, 30.655]}, "properties": {"办件编号": "20240328000082", "事件": "求助", "类9": "出行安全", "方面": "安全韧性", "geocode_status": "region", "board": "安全韧性底线", "project_type": "交通设施", "社区": null, "村": null}}, {"type": "Feature", "geometry": {"type": "Point", "coordinates": [111.287, 30.7]}, "properties": {"办件编号": "20240328000061", "事件": "求助", "类9": "管网安全", "方面": "安全韧性", "geocode_status": "region", "board": "安全韧性底线", "project_type": "市政管网", "社区": null, "村": null}}, {"type": "Feature", "geometry": {"type": "Point", "coordinates": [111.331377, 30.67706]}, "properties": {"办件编号": "20240328000044", "事件": "投诉", "类9": "出行安全", "方面": "安全韧性", "geocode_status": "ok", "board": "安全韧性底线", "project_type": "交通设施", "社区": "魏家湾社区", "村": null}}, {"type": "Feature", "geometry": {"type": "Point", "coordinates": [111.299742, 30.692892]}, "properties": {"办件编号": "20240327001398", "事件": "投诉", "类9": "管网安全", "方面": "安全韧性", "geocode_status": "ok", "board": "安全韧性底线", "project_type": "市政管网", "社区": "体育场路社区", "村": null}}, {"type": "Feature", "geometry": {"type": "Point", "coordinates": [111.362821, 30.64987]}, "properties": {"办件编号": "20240327001396", "事件": "投诉", "类9": "管网安全", "方面": "安全韧性", "geocode_status": "ok", "board": "安全韧性底线", "project_type": "市政管网", "社区": null, "村": "共勤村"}}, {"type": "Feature", "geometry": {"type": "Point", "coordinates": [111.4308, 30.651204]}, "properties": {"办件编号": "20240327001217", "事件": "投诉", "类9": "出行安全", "方面": "安全韧性", "geocode_status": "ok", "board": "安全韧性底线", "project_type": "交通设施", "社区": null, "村": "灵宝村"}}, {"type": "Feature", "geometry": {"type": "Point", "coordinates": [111.333, 30.655]}, "properties": {"办件编号": "20240327000960", "事件": "求助", "类9": "出行安全", "方面": "安全韧性", "geocode_status": "region", "board": "安全韧性底线", "project_type": "交通设施", "社区": null, "村": null}}, {"type": "Feature", "geometry": {"type": "Point", "coordinates": [111.287, 30.7]}, "properties": {"办件编号": "20240327000866", "事件": "求助", "类9": "管网安全", "方面": "安全韧性", "geocode_status": "region", "board": "安全韧性底线", "project_type": "市政管网", "社区": null, "村": null}}, {"type": "Feature", "geometry": {"type": "Point", "coordinates": [111.333, 30.655]}, "properties": {"办件编号": "20240327000863", "事件": "求助", "类9": "管网安全", "方面": "安全韧性", "geocode_status": "region", "board": "安全韧性底线", "project_type": "市政管网", "社区": null, "村": null}}, {"type": "Feature", "geometry": {"type": "Point", "coordinates": [111.333, 30.655]}, "properties": {"办件编号": "20240327000858", "事件": "求助", "类9": "管网安全", "方面": "安全韧性", "geocode_status": "region", "board": "安全韧性底线", "project_type": "市政管网", "社区": null, "村": null}}, {"type": "Feature", "geometry": {"type": "Point", "coordinates": [111.360882, 30.644048]}, "properties": {"办件编号": "20240327000758", "事件": "投诉", "类9": "消防安全", "方面": "安全韧性", "geocode_status": "ok", "board": "安全韧性底线", "project_type": "安全消防", "社区": null, "村": "共勤村"}}, {"type": "Feature", "geometry": {"type": "Point", "coordinates": [111.333, 30.655]}, "properties": {"办件编号": "20240327000809", "事件": "投诉", "类9": "出行安全", "方面": "安全韧性", "geocode_status": "region", "board": "安全韧性底线", "project_type": "交通设施", "社区": null, "村": null}}, {"type": "Feature", "geometry": {"type": "Point", "coordinates": [111.290924, 30.690738]}, "properties": {"办件编号": "20240327000642", "事件": "投诉", "类9": "管网安全", "方面": "安全韧性", "geocode_status": "ok", "board": "安全韧性底线", "project_type": "市政管网", "社区": "胜利四路社区", "村": null}}, {"type": "Feature", "geometry": {"type": "Point", "coordinates": [111.296227, 30.691708]}, "properties": {"办件编号": "20240327000562", "事件": "投诉", "类9": "消防安全", "方面": "安全韧性", "geocode_status": "ok", "board": "安全韧性底线", "project_type": "安全消防", "社区": "北山坡社区", "村": null}}, {"type": "Feature", "geometry": {"type": "Point", "coordinates": [111.333, 30.655]}, "properties": {"办件编号": "20240327000417", "事件": "求助", "类9": "管网安全", "方面": "安全韧性", "geocode_status": "region", "board": "安全韧性底线", "project_type": "市政管网", "社区": null, "村": null}}, {"type": "Feature", "geometry": {"type": "Point", "coordinates": [111.333, 30.655]}, "properties": {"办件编号": "20240327000384", "事件": "求助", "类9": "管网安全", "方面": "安全韧性", "geocode_status": "region", "board": "安全韧性底线", "project_type": "市政管网", "社区": null, "村": null}}, {"type": "Feature", "geometry": {"type": "Point", "coordinates": [111.333, 30.655]}, "properties": {"办件编号": "20240327000365", "事件": "求助", "类9": "管网安全", "方面": "安全韧性", "geocode_status": "region", "board": "安全韧性底线", "project_type": "市政管网", "社区": null, "村": null}}, {"type": "Feature", "geometry": {"type": "Point", "coordinates": [111.333, 30.655]}, "properties": {"办件编号": "20240327000205", "事件": "求助", "类9": "管网安全", "方面": "安全韧性", "geocode_status": "region", "board": "安全韧性底线", "project_type": "市政管网", "社区": null, "村": null}}, {"type": "Feature", "geometry": {"type": "Point", "coordinates": [111.333, 30.655]}, "properties": {"办件编号": "20240327000187", "事件": "求助", "类9": "管网安全", "方面": "安全韧性", "geocode_status": "region", "board": "安全韧性底线", "project_type": "市政管网", "社区": null, "村": null}}, {"type": "Feature", "geometry": {"type": "Point", "coordinates": [111.321284, 30.67413]}, "properties": {"办件编号": "20240327000097", "事件": "求助", "类9": "管网安全", "方面": "安全韧性", "geocode_status": "ok", "board": "安全韧性底线", "project_type": "市政管网", "社区": null, "村": "汉宜村"}}, {"type": "Feature", "geometry": {"type": "Point", "coordinates": [111.311427, 30.711702]}, "properties": {"办件编号": "20240326000882", "事件": "求助", "类9": "出行安全", "方面": "安全韧性", "geocode_status": "ok", "board": "安全韧性底线", "project_type": "交通设施", "社区": "东山花园社区", "村": null}}, {"type": "Feature", "geometry": {"type": "Point", "coordinates": [111.293508, 30.696453]}, "properties": {"办件编号": "20240326000693", "事件": "投诉", "类9": "消防安全", "方面": "安全韧性", "geocode_status": "ok", "board": "安全韧性底线", "project_type": "安全消防", "社区": "果园路社区", "村": null}}, {"type": "Feature", "geometry": {"type": "Point", "coordinates": [111.287562, 30.693561]}, "properties": {"办件编号": "20240326000452", "事件": "求助", "类9": "管网安全", "方面": "安全韧性", "geocode_status": "ok", "board": "安全韧性底线", "project_type": "市政管网", "社区": "新隆康路社区", "村": null}}, {"type": "Feature", "geometry": {"type": "Point", "coordinates": [111.307679, 30.681681]}, "properties": {"办件编号": "20240326000577", "事件": "投诉", "类9": "管网安全", "方面": "安全韧性", "geocode_status": "ok", "board": "安全韧性底线", "project_type": "市政管网", "社区": "港务社区", "村": null}}, {"type": "Feature", "geometry": {"type": "Point", "coordinates": [111.333, 30.655]}, "properties": {"办件编号": "20240326000401", "事件": "求助", "类9": "管网安全", "方面": "安全韧性", "geocode_status": "region", "board": "安全韧性底线", "project_type": "市政管网", "社区": null, "村": null}}, {"type": "Feature", "geometry": {"type": "Point", "coordinates": [111.386135, 30.67028]}, "properties": {"办件编号": "20240326000380", "事件": "求助", "类9": "管网安全", "方面": "安全韧性", "geocode_status": "ok", "board": "安全韧性底线", "project_type": "市政管网", "社区": null, "村": "共同村"}}, {"type": "Feature", "geometry": {"type": "Point", "coordinates": [111.333, 30.655]}, "properties": {"办件编号": "20240326000327", "事件": "投诉", "类9": "出行安全", "方面": "安全韧性", "geocode_status": "region", "board": "安全韧性底线", "project_type": "交通设施", "社区": null, "村": null}}, {"type": "Feature", "geometry": {"type": "Point", "coordinates": [111.333, 30.655]}, "properties": {"办件编号": "20240326000236", "事件": "求助", "类9": "管网安全", "方面": "安全韧性", "geocode_status": "region", "board": "安全韧性底线", "project_type": "市政管网", "社区": null, "村": null}}, {"type": "Feature", "geometry": {"type": "Point", "coordinates": [111.287, 30.7]}, "properties": {"办件编号": "20240326000216", "事件": "求助", "类9": "管网安全", "方面": "安全韧性", "geocode_status": "region", "board": "安全韧性底线", "project_type": "市政管网", "社区": null, "村": null}}, {"type": "Feature", "geometry": {"type": "Point", "coordinates": [111.333, 30.655]}, "properties": {"办件编号": "20240326000038", "事件": "投诉", "类9": "出行安全", "方面": "安全韧性", "geocode_status": "region", "board": "安全韧性底线", "project_type": "交通设施", "社区": null, "村": null}}, {"type": "Feature", "geometry": {"type": "Point", "coordinates": [111.313127, 30.730384]}, "properties": {"办件编号": "20240325001406", "事件": "求助", "类9": "管网安全", "方面": "安全韧性", "geocode_status": "ok", "board": "安全韧性底线", "project_type": "市政管网", "社区": "大学路社区", "村": null}}, {"type": "Feature", "geometry": {"type": "Point", "coordinates": [111.295118, 30.68185]}, "properties": {"办件编号": "20240325001394", "事件": "建议", "类9": "管网安全", "方面": "安全韧性", "geocode_status": "ok", "board": "安全韧性底线", "project_type": "市政管网", "社区": null, "村": null}}, {"type": "Feature", "geometry": {"type": "Point", "coordinates": [111.333, 30.655]}, "properties": {"办件编号": "20240325001352", "事件": "投诉", "类9": "消防安全", "方面": "安全韧性", "geocode_status": "region", "board": "安全韧性底线", "project_type": "安全消防", "社区": null, "村": null}}, {"type": "Feature", "geometry": {"type": "Point", "coordinates": [111.331039, 30.679559]}, "properties": {"办件编号": "20240325001180", "事件": "投诉", "类9": "管网安全", "方面": "安全韧性", "geocode_status": "ok", "board": "安全韧性底线", "project_type": "市政管网", "社区": "岳湾路社区", "村": null}}, {"type": "Feature", "geometry": {"type": "Point", "coordinates": [111.287, 30.7]}, "properties": {"办件编号": "20240325001033", "事件": "求助", "类9": "出行安全", "方面": "安全韧性", "geocode_status": "region", "board": "安全韧性底线", "project_type": "交通设施", "社区": null, "村": null}}, {"type": "Feature", "geometry": {"type": "Point", "coordinates": [111.335315, 30.736121]}, "properties": {"办件编号": "20240325000902", "事件": "投诉", "类9": "管网安全", "方面": "安全韧性", "geocode_status": "ok", "board": "安全韧性底线", "project_type": "市政管网", "社区": "朝阳路社区", "村": null}}, {"type": "Feature", "geometry": {"type": "Point", "coordinates": [111.333, 30.655]}, "properties": {"办件编号": "20240325000627", "事件": "求助", "类9": "管网安全", "方面": "安全韧性", "geocode_status": "region", "board": "安全韧性底线", "project_type": "市政管网", "社区": null, "村": null}}, {"type": "Feature", "geometry": {"type": "Point", "coordinates": [111.30136, 30.718755]}, "properties": {"办件编号": "20240325000533", "事件": "求助", "类9": "管网安全", "方面": "安全韧性", "geocode_status": "ok", "board": "安全韧性底线", "project_type": "市政管网", "社区": "船柴社区", "村": null}}, {"type": "Feature", "geometry": {"type": "Point", "coordinates": [111.396727, 30.639935]}, "properties": {"办件编号": "20240325000317", "事件": "建议", "类9": "管网安全", "方面": "安全韧性", "geocode_status": "ok", "board": "安全韧性底线", "project_type": "市政管网", "社区": "花溪路社区", "村": null}}, {"type": "Feature", "geometry": {"type": "Point", "coordinates": [111.391414, 30.638014]}, "properties": {"办件编号": "20240325000278", "事件": "投诉", "类9": "出行安全", "方面": "安全韧性", "geocode_status": "ok", "board": "安全韧性底线", "project_type": "交通设施", "社区": "花溪路社区", "村": null}}, {"type": "Feature", "geometry": {"type": "Point", "coordinates": [111.333, 30.655]}, "properties": {"办件编号": "20240325000108", "事件": "求助", "类9": "管网安全", "方面": "安全韧性", "geocode_status": "region", "board": "安全韧性底线", "project_type": "市政管网", "社区": null, "村": null}}, {"type": "Feature", "geometry": {"type": "Point", "coordinates": [111.325161, 30.755189]}, "properties": {"办件编号": "20240325000129", "事件": "投诉", "类9": "出行安全", "方面": "安全韧性", "geocode_status": "ok", "board": "安全韧性底线", "project_type": "交通设施", "社区": "沙河社区", "村": null}}, {"type": "Feature", "geometry": {"type": "Point", "coordinates": [111.335315, 30.736121]}, "properties": {"办件编号": "20240325000064", "事件": "求助", "类9": "管网安全", "方面": "安全韧性", "geocode_status": "ok", "board": "安全韧性底线", "project_type": "市政管网", "社区": "朝阳路社区", "村": null}}, {"type": "Feature", "geometry": {"type": "Point", "coordinates": [111.360966, 30.641802]}, "properties": {"办件编号": "20240325000024", "事件": "投诉", "类9": "管网安全", "方面": "安全韧性", "geocode_status": "ok", "board": "安全韧性底线", "project_type": "市政管网", "社区": null, "村": "共勤村"}}, {"type": "Feature", "geometry": {"type": "Point", "coordinates": [111.373683, 30.620496]}, "properties": {"办件编号": "20240325000102", "事件": "投诉", "类9": "管网安全", "方面": "安全韧性", "geocode_status": "ok", "board": "安全韧性底线", "project_type": "市政管网", "社区": null, "村": "共联村"}}, {"type": "Feature", "geometry": {"type": "Point", "coordinates": [111.34358, 30.718952]}, "properties": {"办件编号": "20240324000616", "事件": "投诉", "类9": "管网安全", "方面": "安全韧性", "geocode_status": "ok", "board": "安全韧性底线", "project_type": "市政管网", "社区": "汕头路社区", "村": null}}, {"type": "Feature", "geometry": {"type": "Point", "coordinates": [111.381253, 30.663301]}, "properties": {"办件编号": "20240324000456", "事件": "投诉", "类9": "管网安全", "方面": "安全韧性", "geocode_status": "ok", "board": "安全韧性底线", "project_type": "市政管网", "社区": "三峡物流园社区", "村": null}}, {"type": "Feature", "geometry": {"type": "Point", "coordinates": [111.318188, 30.674115]}, "properties": {"办件编号": "20240324000126", "事件": "投诉", "类9": "消防安全", "方面": "安全韧性", "geocode_status": "ok", "board": "安全韧性底线", "project_type": "安全消防", "社区": null, "村": "汉宜村"}}, {"type": "Feature", "geometry": {"type": "Point", "coordinates": [111.318188, 30.674115]}, "properties": {"办件编号": "20240324000083", "事件": "投诉", "类9": "消防安全", "方面": "安全韧性", "geocode_status": "ok", "board": "安全韧性底线", "project_type": "安全消防", "社区": null, "村": "汉宜村"}}, {"type": "Feature", "geometry": {"type": "Point", "coordinates": [111.386048, 30.669353]}, "properties": {"办件编号": "20240323000718", "事件": "建议", "类9": "出行安全", "方面": "安全韧性", "geocode_status": "ok", "board": "安全韧性底线", "project_type": "交通设施", "社区": null, "村": "共同村"}}, {"type": "Feature", "geometry": {"type": "Point", "coordinates": [111.307679, 30.681681]}, "properties": {"办件编号": "20240323000602", "事件": "投诉", "类9": "消防安全", "方面": "安全韧性", "geocode_status": "ok", "board": "安全韧性底线", "project_type": "安全消防", "社区": "港务社区", "村": null}}, {"type": "Feature", "geometry": {"type": "Point", "coordinates": [111.286449, 30.69514]}, "properties": {"办件编号": "20240323000232", "事件": "求助", "类9": "管网安全", "方面": "安全韧性", "geocode_status": "ok", "board": "安全韧性底线", "project_type": "市政管网", "社区": "小林园社区", "村": null}}, {"type": "Feature", "geometry": {"type": "Point", "coordinates": [111.286449, 30.69514]}, "properties": {"办件编号": "20240323000065", "事件": "求助", "类9": "管网安全", "方面": "安全韧性", "geocode_status": "ok", "board": "安全韧性底线", "project_type": "市政管网", "社区": "小林园社区", "村": null}}, {"type": "Feature", "geometry": {"type": "Point", "coordinates": [111.287, 30.7]}, "properties": {"办件编号": "20240322001320", "事件": "求助", "类9": "管网安全", "方面": "安全韧性", "geocode_status": "region", "board": "安全韧性底线", "project_type": "市政管网", "社区": null, "村": null}}, {"type": "Feature", "geometry": {"type": "Point", "coordinates": [111.354355, 30.673084]}, "properties": {"办件编号": "20240322001265", "事件": "投诉", "类9": "管网安全", "方面": "安全韧性", "geocode_status": "ok", "board": "安全韧性底线", "project_type": "市政管网", "社区": "张家湾社区", "村": null}}, {"type": "Feature", "geometry": {"type": "Point", "coordinates": [111.333, 30.655]}, "properties": {"办件编号": "20240322001227", "事件": "求助", "类9": "管网安全", "方面": "安全韧性", "geocode_status": "region", "board": "安全韧性底线", "project_type": "市政管网", "社区": null, "村": null}}, {"type": "Feature", "geometry": {"type": "Point", "coordinates": [111.313239, 30.741583]}, "properties": {"办件编号": "20240322000945", "事件": "求助", "类9": "出行安全", "方面": "安全韧性", "geocode_status": "ok", "board": "安全韧性底线", "project_type": "交通设施", "社区": "沙河社区", "村": null}}, {"type": "Feature", "geometry": {"type": "Point", "coordinates": [111.303479, 30.68691]}, "properties": {"办件编号": "20240322000874", "事件": "投诉", "类9": "消防安全", "方面": "安全韧性", "geocode_status": "ok", "board": "安全韧性底线", "project_type": "安全消防", "社区": "建设社区", "村": null}}, {"type": "Feature", "geometry": {"type": "Point", "coordinates": [111.33594, 30.739562]}, "properties": {"办件编号": "20240322000847", "事件": "求助", "类9": "管网安全", "方面": "安全韧性", "geocode_status": "ok", "board": "安全韧性底线", "project_type": "市政管网", "社区": "朝阳路社区", "村": null}}, {"type": "Feature", "geometry": {"type": "Point", "coordinates": [111.333, 30.655]}, "properties": {"办件编号": "20240322000766", "事件": "求助", "类9": "出行安全", "方面": "安全韧性", "geocode_status": "region", "board": "安全韧性底线", "project_type": "交通设施", "社区": null, "村": null}}, {"type": "Feature", "geometry": {"type": "Point", "coordinates": [111.312434, 30.677612]}, "properties": {"办件编号": "20240322000764", "事件": "求助", "类9": "管网安全", "方面": "安全韧性", "geocode_status": "ok", "board": "安全韧性底线", "project_type": "市政管网", "社区": "杨岔路社区", "村": null}}, {"type": "Feature", "geometry": {"type": "Point", "coordinates": [111.306724, 30.680978]}, "properties": {"办件编号": "20240322000254", "事件": "投诉", "类9": "管网安全", "方面": "安全韧性", "geocode_status": "ok", "board": "安全韧性底线", "project_type": "市政管网", "社区": "万达社区", "村": null}}, {"type": "Feature", "geometry": {"type": "Point", "coordinates": [111.321284, 30.67413]}, "properties": {"办件编号": "20240322000107", "事件": "求助", "类9": "管网安全", "方面": "安全韧性", "geocode_status": "ok", "board": "安全韧性底线", "project_type": "市政管网", "社区": null, "村": "汉宜村"}}, {"type": "Feature", "geometry": {"type": "Point", "coordinates": [111.286449, 30.69514]}, "properties": {"办件编号": "20240322000078", "事件": "求助", "类9": "管网安全", "方面": "安全韧性", "geocode_status": "ok", "board": "安全韧性底线", "project_type": "市政管网", "社区": "小林园社区", "村": null}}, {"type": "Feature", "geometry": {"type": "Point", "coordinates": [111.333, 30.655]}, "properties": {"办件编号": "20240321001279", "事件": "投诉", "类9": "管网安全", "方面": "安全韧性", "geocode_status": "region", "board": "安全韧性底线", "project_type": "市政管网", "社区": null, "村": null}}, {"type": "Feature", "geometry": {"type": "Point", "coordinates": [111.281897, 30.712345]}, "properties": {"办件编号": "20240321001204", "事件": "投诉", "类9": "出行安全", "方面": "安全韧性", "geocode_status": "ok", "board": "安全韧性底线", "project_type": "交通设施", "社区": "石板溪社区", "村": null}}, {"type": "Feature", "geometry": {"type": "Point", "coordinates": [111.333572, 30.681932]}, "properties": {"办件编号": "20240321001099", "事件": "求助", "类9": "管网安全", "方面": "安全韧性", "geocode_status": "ok", "board": "安全韧性底线", "project_type": "市政管网", "社区": null, "村": "旭光村"}}, {"type": "Feature", "geometry": {"type": "Point", "coordinates": [111.30882, 30.684813]}, "properties": {"办件编号": "20240321001133", "事件": "投诉", "类9": "出行安全", "方面": "安全韧性", "geocode_status": "ok", "board": "安全韧性底线", "project_type": "交通设施", "社区": "建设社区", "村": null}}, {"type": "Feature", "geometry": {"type": "Point", "coordinates": [111.307679, 30.681681]}, "properties": {"办件编号": "20240321000607", "事件": "投诉", "类9": "管网安全", "方面": "安全韧性", "geocode_status": "ok", "board": "安全韧性底线", "project_type": "市政管网", "社区": "港务社区", "村": null}}, {"type": "Feature", "geometry": {"type": "Point", "coordinates": [111.358764, 30.638065]}, "properties": {"办件编号": "20240321000582", "事件": "投诉", "类9": "管网安全", "方面": "安全韧性", "geocode_status": "ok", "board": "安全韧性底线", "project_type": "市政管网", "社区": "鑫鼎社区", "村": null}}, {"type": "Feature", "geometry": {"type": "Point", "coordinates": [111.305, 30.69]}, "properties": {"办件编号": "20240321000581", "事件": "投诉", "类9": "出行安全", "方面": "安全韧性", "geocode_status": "region", "board": "安全韧性底线", "project_type": "交通设施", "社区": null, "村": null}}, {"type": "Feature", "geometry": {"type": "Point", "coordinates": [111.287, 30.7]}, "properties": {"办件编号": "20240321000400", "事件": "求助", "类9": "管网安全", "方面": "安全韧性", "geocode_status": "region", "board": "安全韧性底线", "project_type": "市政管网", "社区": null, "村": null}}, {"type": "Feature", "geometry": {"type": "Point", "coordinates": [111.307679, 30.681681]}, "properties": {"办件编号": "20240321000259", "事件": "求助", "类9": "管网安全", "方面": "安全韧性", "geocode_status": "ok", "board": "安全韧性底线", "project_type": "市政管网", "社区": "港务社区", "村": null}}, {"type": "Feature", "geometry": {"type": "Point", "coordinates": [111.287, 30.7]}, "properties": {"办件编号": "20240321000248", "事件": "求助", "类9": "管网安全", "方面": "安全韧性", "geocode_status": "region", "board": "安全韧性底线", "project_type": "市政管网", "社区": null, "村": null}}, {"type": "Feature", "geometry": {"type": "Point", "coordinates": [111.329299, 30.679494]}, "properties": {"办件编号": "20240321000190", "事件": "投诉", "类9": "消防安全", "方面": "安全韧性", "geocode_status": "ok", "board": "安全韧性底线", "project_type": "安全消防", "社区": "岳湾路社区", "村": null}}, {"type": "Feature", "geometry": {"type": "Point", "coordinates": [111.333, 30.655]}, "properties": {"办件编号": "20240321000181", "事件": "求助", "类9": "管网安全", "方面": "安全韧性", "geocode_status": "region", "board": "安全韧性底线", "project_type": "市政管网", "社区": null, "村": null}}, {"type": "Feature", "geometry": {"type": "Point", "coordinates": [111.305, 30.69]}, "properties": {"办件编号": "20240321000083", "事件": "投诉", "类9": "出行安全", "方面": "安全韧性", "geocode_status": "region", "board": "安全韧性底线", "project_type": "交通设施", "社区": null, "村": null}}, {"type": "Feature", "geometry": {"type": "Point", "coordinates": [111.30228, 30.686874]}, "properties": {"办件编号": "20240320001250", "事件": "投诉", "类9": "管网安全", "方面": "安全韧性", "geocode_status": "ok", "board": "安全韧性底线", "project_type": "市政管网", "社区": "建设社区", "村": null}}, {"type": "Feature", "geometry": {"type": "Point", "coordinates": [111.307679, 30.681681]}, "properties": {"办件编号": "20240320000401", "事件": "求助", "类9": "管网安全", "方面": "安全韧性", "geocode_status": "ok", "board": "安全韧性底线", "project_type": "市政管网", "社区": "港务社区", "村": null}}, {"type": "Feature", "geometry": {"type": "Point", "coordinates": [111.309952, 30.684191]}, "properties": {"办件编号": "20240320000205", "事件": "投诉", "类9": "管网安全", "方面": "安全韧性", "geocode_status": "ok", "board": "安全韧性底线", "project_type": "市政管网", "社区": "建设社区", "村": null}}, {"type": "Feature", "geometry": {"type": "Point", "coordinates": [111.306724, 30.680978]}, "properties": {"办件编号": "20240319001317", "事件": "投诉", "类9": "出行安全", "方面": "安全韧性", "geocode_status": "ok", "board": "安全韧性底线", "project_type": "交通设施", "社区": "万达社区", "村": null}}, {"type": "Feature", "geometry": {"type": "Point", "coordinates": [111.361037, 30.630608]}, "properties": {"办件编号": "20240319000956", "事件": "求助", "类9": "管网安全", "方面": "安全韧性", "geocode_status": "ok", "board": "安全韧性底线", "project_type": "市政管网", "社区": "临江溪社区", "村": null}}, {"type": "Feature", "geometry": {"type": "Point", "coordinates": [111.297857, 30.718213]}, "properties": {"办件编号": "20240319000933", "事件": "投诉", "类9": "消防安全", "方面": "安全韧性", "geocode_status": "ok", "board": "安全韧性底线", "project_type": "安全消防", "社区": "营盘路社区", "村": null}}, {"type": "Feature", "geometry": {"type": "Point", "coordinates": [111.333, 30.655]}, "properties": {"办件编号": "20240319000858", "事件": "求助", "类9": "管网安全", "方面": "安全韧性", "geocode_status": "region", "board": "安全韧性底线", "project_type": "市政管网", "社区": null, "村": null}}, {"type": "Feature", "geometry": {"type": "Point", "coordinates": [111.290597, 30.721888]}, "properties": {"办件编号": "20240319000811", "事件": "求助", "类9": "环境安全", "方面": "安全韧性", "geocode_status": "ok", "board": "安全韧性底线", "project_type": "环境治理", "社区": "肖家岗社区", "村": null}}, {"type": "Feature", "geometry": {"type": "Point", "coordinates": [111.321284, 30.67413]}, "properties": {"办件编号": "20240319000760", "事件": "求助", "类9": "出行安全", "方面": "安全韧性", "geocode_status": "ok", "board": "安全韧性底线", "project_type": "交通设施", "社区": null, "村": "汉宜村"}}, {"type": "Feature", "geometry": {"type": "Point", "coordinates": [111.305, 30.69]}, "properties": {"办件编号": "20240319000411", "事件": "求助", "类9": "出行安全", "方面": "安全韧性", "geocode_status": "region", "board": "安全韧性底线", "project_type": "交通设施", "社区": null, "村": null}}, {"type": "Feature", "geometry": {"type": "Point", "coordinates": [111.291474, 30.698916]}, "properties": {"办件编号": "20240319000426", "事件": "投诉", "类9": "管网安全", "方面": "安全韧性", "geocode_status": "ok", "board": "安全韧性底线", "project_type": "市政管网", "社区": "果园路社区", "村": null}}, {"type": "Feature", "geometry": {"type": "Point", "coordinates": [111.333, 30.655]}, "properties": {"办件编号": "20240319000396", "事件": "求助", "类9": "出行安全", "方面": "安全韧性", "geocode_status": "region", "board": "安全韧性底线", "project_type": "交通设施", "社区": null, "村": null}}, {"type": "Feature", "geometry": {"type": "Point", "coordinates": [111.31222, 30.708827]}, "properties": {"办件编号": "20240319000182", "事件": "投诉", "类9": "管网安全", "方面": "安全韧性", "geocode_status": "ok", "board": "安全韧性底线", "project_type": "市政管网", "社区": "珠海路社区", "村": null}}, {"type": "Feature", "geometry": {"type": "Point", "coordinates": [111.287, 30.7]}, "properties": {"办件编号": "20240319000032", "事件": "建议", "类9": "出行安全", "方面": "安全韧性", "geocode_status": "region", "board": "安全韧性底线", "project_type": "交通设施", "社区": null, "村": null}}, {"type": "Feature", "geometry": {"type": "Point", "coordinates": [111.290687, 30.719225]}, "properties": {"办件编号": "20240318001283", "事件": "求助", "类9": "出行安全", "方面": "安全韧性", "geocode_status": "ok", "board": "安全韧性底线", "project_type": "交通设施", "社区": "肖家岗社区", "村": null}}, {"type": "Feature", "geometry": {"type": "Point", "coordinates": [111.333, 30.655]}, "properties": {"办件编号": "20240318001116", "事件": "求助", "类9": "管网安全", "方面": "安全韧性", "geocode_status": "region", "board": "安全韧性底线", "project_type": "市政管网", "社区": null, "村": null}}, {"type": "Feature", "geometry": {"type": "Point", "coordinates": [111.307679, 30.681681]}, "properties": {"办件编号": "20240318001107", "事件": "求助", "类9": "出行安全", "方面": "安全韧性", "geocode_status": "ok", "board": "安全韧性底线", "project_type": "交通设施", "社区": "港务社区", "村": null}}, {"type": "Feature", "geometry": {"type": "Point", "coordinates": [111.333, 30.655]}, "properties": {"办件编号": "20240318001106", "事件": "求助", "类9": "管网安全", "方面": "安全韧性", "geocode_status": "region", "board": "安全韧性底线", "project_type": "市政管网", "社区": null, "村": null}}, {"type": "Feature", "geometry": {"type": "Point", "coordinates": [111.361209, 30.651324]}, "properties": {"办件编号": "20240318000742", "事件": "投诉", "类9": "消防安全", "方面": "安全韧性", "geocode_status": "ok", "board": "安全韧性底线", "project_type": "安全消防", "社区": null, "村": "共前村"}}, {"type": "Feature", "geometry": {"type": "Point", "coordinates": [111.285978, 30.699538]}, "properties": {"办件编号": "20240318000634", "事件": "求助", "类9": "出行安全", "方面": "安全韧性", "geocode_status": "ok", "board": "安全韧性底线", "project_type": "交通设施", "社区": "夷陵路社区", "村": null}}, {"type": "Feature", "geometry": {"type": "Point", "coordinates": [111.321284, 30.67413]}, "properties": {"办件编号": "20240318000587", "事件": "投诉", "类9": "管网安全", "方面": "安全韧性", "geocode_status": "ok", "board": "安全韧性底线", "project_type": "市政管网", "社区": null, "村": "汉宜村"}}, {"type": "Feature", "geometry": {"type": "Point", "coordinates": [111.358132, 30.650426]}, "properties": {"办件编号": "20240318000440", "事件": "投诉", "类9": "管网安全", "方面": "安全韧性", "geocode_status": "ok", "board": "安全韧性底线", "project_type": "市政管网", "社区": null, "村": "共前村"}}, {"type": "Feature", "geometry": {"type": "Point", "coordinates": [111.287, 30.7]}, "properties": {"办件编号": "20240318000364", "事件": "求助", "类9": "管网安全", "方面": "安全韧性", "geocode_status": "region", "board": "安全韧性底线", "project_type": "市政管网", "社区": null, "村": null}}, {"type": "Feature", "geometry": {"type": "Point", "coordinates": [111.388594, 30.642336]}, "properties": {"办件编号": "20240318000295", "事件": "求助", "类9": "出行安全", "方面": "安全韧性", "geocode_status": "ok", "board": "安全韧性底线", "project_type": "交通设施", "社区": "花溪路社区", "村": null}}, {"type": "Feature", "geometry": {"type": "Point", "coordinates": [111.376368, 30.650567]}, "properties": {"办件编号": "20240318000046", "事件": "投诉", "类9": "出行安全", "方面": "安全韧性", "geocode_status": "ok", "board": "安全韧性底线", "project_type": "交通设施", "社区": null, "村": "共谊村"}}, {"type": "Feature", "geometry": {"type": "Point", "coordinates": [111.348732, 30.672723]}, "properties": {"办件编号": "20240317000081", "事件": "投诉", "类9": "管网安全", "方面": "安全韧性", "geocode_status": "ok", "board": "安全韧性底线", "project_type": "市政管网", "社区": "张家湾社区", "村": null}}, {"type": "Feature", "geometry": {"type": "Point", "coordinates": [111.287, 30.7]}, "properties": {"办件编号": "20240316000535", "事件": "投诉", "类9": "出行安全", "方面": "安全韧性", "geocode_status": "region", "board": "安全韧性底线", "project_type": "交通设施", "社区": null, "村": null}}, {"type": "Feature", "geometry": {"type": "Point", "coordinates": [111.294162, 30.704762]}, "properties": {"办件编号": "20240316000512", "事件": "投诉", "类9": "出行安全", "方面": "安全韧性", "geocode_status": "ok", "board": "安全韧性底线", "project_type": "交通设施", "社区": "白龙井社区", "村": null}}, {"type": "Feature", "geometry": {"type": "Point", "coordinates": [111.306724, 30.680978]}, "properties": {"办件编号": "20240316000506", "事件": "投诉", "类9": "管网安全", "方面": "安全韧性", "geocode_status": "ok", "board": "安全韧性底线", "project_type": "市政管网", "社区": "万达社区", "村": null}}, {"type": "Feature", "geometry": {"type": "Point", "coordinates": [111.297588, 30.689266]}, "properties": {"办件编号": "20240316000289", "事件": "投诉", "类9": "消防安全", "方面": "安全韧性", "geocode_status": "ok", "board": "安全韧性底线", "project_type": "安全消防", "社区": "张家店社区", "村": null}}, {"type": "Feature", "geometry": {"type": "Point", "coordinates": [111.354693, 30.664327]}, "properties": {"办件编号": "20240315001042", "事件": "投诉", "类9": "管网安全", "方面": "安全韧性", "geocode_status": "ok", "board": "安全韧性底线", "project_type": "市政管网", "社区": null, "村": "火光村"}}, {"type": "Feature", "geometry": {"type": "Point", "coordinates": [111.329247, 30.736192]}, "properties": {"办件编号": "20240315001002", "事件": "求助", "类9": "管网安全", "方面": "安全韧性", "geocode_status": "ok", "board": "安全韧性底线", "project_type": "市政管网", "社区": "唐家湾社区", "村": null}}, {"type": "Feature", "geometry": {"type": "Point", "coordinates": [111.29865, 30.723219]}, "properties": {"办件编号": "20240315000937", "事件": "求助", "类9": "出行安全", "方面": "安全韧性", "geocode_status": "ok", "board": "安全韧性底线", "project_type": "交通设施", "社区": "船柴社区", "村": null}}, {"type": "Feature", "geometry": {"type": "Point", "coordinates": [111.307679, 30.681681]}, "properties": {"办件编号": "20240315000779", "事件": "求助", "类9": "出行安全", "方面": "安全韧性", "geocode_status": "ok", "board": "安全韧性底线", "project_type": "交通设施", "社区": "港务社区", "村": null}}, {"type": "Feature", "geometry": {"type": "Point", "coordinates": [111.333, 30.655]}, "properties": {"办件编号": "20240315000455", "事件": "求助", "类9": "出行安全", "方面": "安全韧性", "geocode_status": "region", "board": "安全韧性底线", "project_type": "交通设施", "社区": null, "村": null}}, {"type": "Feature", "geometry": {"type": "Point", "coordinates": [111.287, 30.7]}, "properties": {"办件编号": "20240315000291", "事件": "求助", "类9": "出行安全", "方面": "安全韧性", "geocode_status": "region", "board": "安全韧性底线", "project_type": "交通设施", "社区": null, "村": null}}, {"type": "Feature", "geometry": {"type": "Point", "coordinates": [111.35122, 30.655262]}, "properties": {"办件编号": "20240315000045", "事件": "建议", "类9": "出行安全", "方面": "安全韧性", "geocode_status": "ok", "board": "安全韧性底线", "project_type": "交通设施", "社区": null, "村": "火光村"}}, {"type": "Feature", "geometry": {"type": "Point", "coordinates": [111.360882, 30.644048]}, "properties": {"办件编号": "20240314001281", "事件": "投诉", "类9": "管网安全", "方面": "安全韧性", "geocode_status": "ok", "board": "安全韧性底线", "project_type": "市政管网", "社区": null, "村": "共勤村"}}, {"type": "Feature", "geometry": {"type": "Point", "coordinates": [111.307679, 30.681681]}, "properties": {"办件编号": "20240315000458", "事件": "投诉", "类9": "管网安全", "方面": "安全韧性", "geocode_status": "ok", "board": "安全韧性底线", "project_type": "市政管网", "社区": "港务社区", "村": null}}, {"type": "Feature", "geometry": {"type": "Point", "coordinates": [111.305349, 30.732189]}, "properties": {"办件编号": "20240314000524", "事件": "求助", "类9": "出行安全", "方面": "安全韧性", "geocode_status": "ok", "board": "安全韧性底线", "project_type": "交通设施", "社区": "望洲社区", "村": null}}, {"type": "Feature", "geometry": {"type": "Point", "coordinates": [111.287, 30.7]}, "properties": {"办件编号": "20240314000514", "事件": "求助", "类9": "消防安全", "方面": "安全韧性", "geocode_status": "region", "board": "安全韧性底线", "project_type": "安全消防", "社区": null, "村": null}}, {"type": "Feature", "geometry": {"type": "Point", "coordinates": [111.294273, 30.728866]}, "properties": {"办件编号": "20240314000489", "事件": "求助", "类9": "管网安全", "方面": "安全韧性", "geocode_status": "ok", "board": "安全韧性底线", "project_type": "市政管网", "社区": "金安岭社区", "村": null}}, {"type": "Feature", "geometry": {"type": "Point", "coordinates": [111.321284, 30.67413]}, "properties": {"办件编号": "20240314000874", "事件": "投诉", "类9": "出行安全", "方面": "安全韧性", "geocode_status": "ok", "board": "安全韧性底线", "project_type": "交通设施", "社区": null, "村": "汉宜村"}}, {"type": "Feature", "geometry": {"type": "Point", "coordinates": [111.333, 30.655]}, "properties": {"办件编号": "20240314000426", "事件": "求助", "类9": "管网安全", "方面": "安全韧性", "geocode_status": "region", "board": "安全韧性底线", "project_type": "市政管网", "社区": null, "村": null}}, {"type": "Feature", "geometry": {"type": "Point", "coordinates": [111.287, 30.7]}, "properties": {"办件编号": "20240314000258", "事件": "求助", "类9": "管网安全", "方面": "安全韧性", "geocode_status": "region", "board": "安全韧性底线", "project_type": "市政管网", "社区": null, "村": null}}, {"type": "Feature", "geometry": {"type": "Point", "coordinates": [111.287, 30.7]}, "properties": {"办件编号": "20240314000168", "事件": "求助", "类9": "管网安全", "方面": "安全韧性", "geocode_status": "region", "board": "安全韧性底线", "project_type": "市政管网", "社区": null, "村": null}}, {"type": "Feature", "geometry": {"type": "Point", "coordinates": [111.298729, 30.690504]}, "properties": {"办件编号": "20240314000171", "事件": "投诉", "类9": "管网安全", "方面": "安全韧性", "geocode_status": "ok", "board": "安全韧性底线", "project_type": "市政管网", "社区": "张家店社区", "村": null}}, {"type": "Feature", "geometry": {"type": "Point", "coordinates": [111.313839, 30.741679]}, "properties": {"办件编号": "20240313000951", "事件": "求助", "类9": "出行安全", "方面": "安全韧性", "geocode_status": "ok", "board": "安全韧性底线", "project_type": "交通设施", "社区": "沙河社区", "村": null}}, {"type": "Feature", "geometry": {"type": "Point", "coordinates": [111.297752, 30.710288]}, "properties": {"办件编号": "20240313000753", "事件": "求助", "类9": "管网安全", "方面": "安全韧性", "geocode_status": "ok", "board": "安全韧性底线", "project_type": "市政管网", "社区": "香锦社区", "村": null}}, {"type": "Feature", "geometry": {"type": "Point", "coordinates": [111.301147, 30.688001]}, "properties": {"办件编号": "20240313000520", "事件": "建议", "类9": "出行安全", "方面": "安全韧性", "geocode_status": "ok", "board": "安全韧性底线", "project_type": "交通设施", "社区": "建设社区", "村": null}}, {"type": "Feature", "geometry": {"type": "Point", "coordinates": [111.323312, 30.672236]}, "properties": {"办件编号": "20240313000275", "事件": "投诉", "类9": "管网安全", "方面": "安全韧性", "geocode_status": "ok", "board": "安全韧性底线", "project_type": "市政管网", "社区": "韩家坝社区", "村": null}}, {"type": "Feature", "geometry": {"type": "Point", "coordinates": [111.333572, 30.681932]}, "properties": {"办件编号": "20240313000264", "事件": "投诉", "类9": "管网安全", "方面": "安全韧性", "geocode_status": "ok", "board": "安全韧性底线", "project_type": "市政管网", "社区": null, "村": "旭光村"}}, {"type": "Feature", "geometry": {"type": "Point", "coordinates": [111.375101, 30.643061]}, "properties": {"办件编号": "20240313000091", "事件": "投诉", "类9": "消防安全", "方面": "安全韧性", "geocode_status": "ok", "board": "安全韧性底线", "project_type": "安全消防", "社区": "柏临河路社区", "村": null}}, {"type": "Feature", "geometry": {"type": "Point", "coordinates": [111.287, 30.7]}, "properties": {"办件编号": "20240312001413", "事件": "投诉", "类9": "管网安全", "方面": "安全韧性", "geocode_status": "region", "board": "安全韧性底线", "project_type": "市政管网", "社区": null, "村": null}}, {"type": "Feature", "geometry": {"type": "Point", "coordinates": [111.287, 30.7]}, "properties": {"办件编号": "20240312001393", "事件": "求助", "类9": "管网安全", "方面": "安全韧性", "geocode_status": "region", "board": "安全韧性底线", "project_type": "市政管网", "社区": null, "村": null}}, {"type": "Feature", "geometry": {"type": "Point", "coordinates": [111.333, 30.655]}, "properties": {"办件编号": "20240312001164", "事件": "求助", "类9": "管网安全", "方面": "安全韧性", "geocode_status": "region", "board": "安全韧性底线", "project_type": "市政管网", "社区": null, "村": null}}, {"type": "Feature", "geometry": {"type": "Point", "coordinates": [111.361649, 30.62855]}, "properties": {"办件编号": "20240312001195", "事件": "投诉", "类9": "管网安全", "方面": "安全韧性", "geocode_status": "ok", "board": "安全韧性底线", "project_type": "市政管网", "社区": "临江溪社区", "村": null}}, {"type": "Feature", "geometry": {"type": "Point", "coordinates": [111.305941, 30.7014]}, "properties": {"办件编号": "20240312001009", "事件": "求助", "类9": "管网安全", "方面": "安全韧性", "geocode_status": "ok", "board": "安全韧性底线", "project_type": "市政管网", "社区": "东山社区", "村": null}}, {"type": "Feature", "geometry": {"type": "Point", "coordinates": [111.323312, 30.672236]}, "properties": {"办件编号": "20240312000879", "事件": "求助", "类9": "管网安全", "方面": "安全韧性", "geocode_status": "ok", "board": "安全韧性底线", "project_type": "市政管网", "社区": "韩家坝社区", "村": null}}, {"type": "Feature", "geometry": {"type": "Point", "coordinates": [111.307679, 30.681681]}, "properties": {"办件编号": "20240312000805", "事件": "求助", "类9": "管网安全", "方面": "安全韧性", "geocode_status": "ok", "board": "安全韧性底线", "project_type": "市政管网", "社区": "港务社区", "村": null}}, {"type": "Feature", "geometry": {"type": "Point", "coordinates": [111.287, 30.7]}, "properties": {"办件编号": "20240312000786", "事件": "求助", "类9": "管网安全", "方面": "安全韧性", "geocode_status": "region", "board": "安全韧性底线", "project_type": "市政管网", "社区": null, "村": null}}, {"type": "Feature", "geometry": {"type": "Point", "coordinates": [111.287, 30.7]}, "properties": {"办件编号": "20240312000635", "事件": "求助", "类9": "管网安全", "方面": "安全韧性", "geocode_status": "region", "board": "安全韧性底线", "project_type": "市政管网", "社区": null, "村": null}}, {"type": "Feature", "geometry": {"type": "Point", "coordinates": [111.311802, 30.685205]}, "properties": {"办件编号": "20240312000594", "事件": "求助", "类9": "出行安全", "方面": "安全韧性", "geocode_status": "ok", "board": "安全韧性底线", "project_type": "交通设施", "社区": "山河园路社区", "村": null}}, {"type": "Feature", "geometry": {"type": "Point", "coordinates": [111.29241, 30.709885]}, "properties": {"办件编号": "20240312000543", "事件": "投诉", "类9": "管网安全", "方面": "安全韧性", "geocode_status": "ok", "board": "安全韧性底线", "project_type": "市政管网", "社区": "绿萝路社区", "村": null}}, {"type": "Feature", "geometry": {"type": "Point", "coordinates": [111.304697, 30.686909]}, "properties": {"办件编号": "20240312000204", "事件": "求助", "类9": "出行安全", "方面": "安全韧性", "geocode_status": "ok", "board": "安全韧性底线", "project_type": "交通设施", "社区": "建设社区", "村": null}}, {"type": "Feature", "geometry": {"type": "Point", "coordinates": [111.299592, 30.707404]}, "properties": {"办件编号": "20240312000174", "事件": "投诉", "类9": "消防安全", "方面": "安全韧性", "geocode_status": "ok", "board": "安全韧性底线", "project_type": "安全消防", "社区": "香锦社区", "村": null}}, {"type": "Feature", "geometry": {"type": "Point", "coordinates": [111.333, 30.655]}, "properties": {"办件编号": "20240311001207", "事件": "求助", "类9": "管网安全", "方面": "安全韧性", "geocode_status": "region", "board": "安全韧性底线", "project_type": "市政管网", "社区": null, "村": null}}, {"type": "Feature", "geometry": {"type": "Point", "coordinates": [111.374049, 30.637468]}, "properties": {"办件编号": "20240311001150", "事件": "求助", "类9": "管网安全", "方面": "安全韧性", "geocode_status": "ok", "board": "安全韧性底线", "project_type": "市政管网", "社区": "柏临河路社区", "村": null}}, {"type": "Feature", "geometry": {"type": "Point", "coordinates": [111.321284, 30.67413]}, "properties": {"办件编号": "20240311001261", "事件": "投诉", "类9": "管网安全", "方面": "安全韧性", "geocode_status": "ok", "board": "安全韧性底线", "project_type": "市政管网", "社区": null, "村": "汉宜村"}}, {"type": "Feature", "geometry": {"type": "Point", "coordinates": [111.287, 30.7]}, "properties": {"办件编号": "20240311001035", "事件": "求助", "类9": "出行安全", "方面": "安全韧性", "geocode_status": "region", "board": "安全韧性底线", "project_type": "交通设施", "社区": null, "村": null}}, {"type": "Feature", "geometry": {"type": "Point", "coordinates": [111.27699, 30.719724]}, "properties": {"办件编号": "20240311000997", "事件": "求助", "类9": "管网安全", "方面": "安全韧性", "geocode_status": "ok", "board": "安全韧性底线", "project_type": "市政管网", "社区": null, "村": null}}, {"type": "Feature", "geometry": {"type": "Point", "coordinates": [111.333, 30.655]}, "properties": {"办件编号": "20240311000808", "事件": "求助", "类9": "出行安全", "方面": "安全韧性", "geocode_status": "region", "board": "安全韧性底线", "project_type": "交通设施", "社区": null, "村": null}}, {"type": "Feature", "geometry": {"type": "Point", "coordinates": [111.333, 30.655]}, "properties": {"办件编号": "20240311000800", "事件": "求助", "类9": "管网安全", "方面": "安全韧性", "geocode_status": "region", "board": "安全韧性底线", "project_type": "市政管网", "社区": null, "村": null}}, {"type": "Feature", "geometry": {"type": "Point", "coordinates": [111.333, 30.655]}, "properties": {"办件编号": "20240311000385", "事件": "求助", "类9": "管网安全", "方面": "安全韧性", "geocode_status": "region", "board": "安全韧性底线", "project_type": "市政管网", "社区": null, "村": null}}, {"type": "Feature", "geometry": {"type": "Point", "coordinates": [111.284254, 30.703895]}, "properties": {"办件编号": "20240311000328", "事件": "求助", "类9": "管网安全", "方面": "安全韧性", "geocode_status": "ok", "board": "安全韧性底线", "project_type": "市政管网", "社区": "气象台社区", "村": null}}, {"type": "Feature", "geometry": {"type": "Point", "coordinates": [111.287, 30.7]}, "properties": {"办件编号": "20240311000326", "事件": "求助", "类9": "管网安全", "方面": "安全韧性", "geocode_status": "region", "board": "安全韧性底线", "project_type": "市政管网", "社区": null, "村": null}}, {"type": "Feature", "geometry": {"type": "Point", "coordinates": [111.333, 30.655]}, "properties": {"办件编号": "20240311000100", "事件": "求助", "类9": "管网安全", "方面": "安全韧性", "geocode_status": "region", "board": "安全韧性底线", "project_type": "市政管网", "社区": null, "村": null}}, {"type": "Feature", "geometry": {"type": "Point", "coordinates": [111.287, 30.7]}, "properties": {"办件编号": "20240308000913", "事件": "求助", "类9": "管网安全", "方面": "安全韧性", "geocode_status": "region", "board": "安全韧性底线", "project_type": "市政管网", "社区": null, "村": null}}, {"type": "Feature", "geometry": {"type": "Point", "coordinates": [111.307679, 30.681681]}, "properties": {"办件编号": "20240308000776", "事件": "求助", "类9": "管网安全", "方面": "安全韧性", "geocode_status": "ok", "board": "安全韧性底线", "project_type": "市政管网", "社区": "港务社区", "村": null}}, {"type": "Feature", "geometry": {"type": "Point", "coordinates": [111.306724, 30.680978]}, "properties": {"办件编号": "20240308000377", "事件": "投诉", "类9": "出行安全", "方面": "安全韧性", "geocode_status": "ok", "board": "安全韧性底线", "project_type": "交通设施", "社区": "万达社区", "村": null}}, {"type": "Feature", "geometry": {"type": "Point", "coordinates": [111.333, 30.655]}, "properties": {"办件编号": "20240308000218", "事件": "求助", "类9": "管网安全", "方面": "安全韧性", "geocode_status": "region", "board": "安全韧性底线", "project_type": "市政管网", "社区": null, "村": null}}, {"type": "Feature", "geometry": {"type": "Point", "coordinates": [111.333572, 30.681932]}, "properties": {"办件编号": "20240308000166", "事件": "求助", "类9": "出行安全", "方面": "安全韧性", "geocode_status": "ok", "board": "安全韧性底线", "project_type": "交通设施", "社区": null, "村": "旭光村"}}, {"type": "Feature", "geometry": {"type": "Point", "coordinates": [111.307679, 30.681681]}, "properties": {"办件编号": "20240308000103", "事件": "求助", "类9": "管网安全", "方面": "安全韧性", "geocode_status": "ok", "board": "安全韧性底线", "project_type": "市政管网", "社区": "港务社区", "村": null}}, {"type": "Feature", "geometry": {"type": "Point", "coordinates": [111.37174, 30.619047]}, "properties": {"办件编号": "20240307001198", "事件": "建议", "类9": "出行安全", "方面": "安全韧性", "geocode_status": "ok", "board": "安全韧性底线", "project_type": "交通设施", "社区": null, "村": "共联村"}}, {"type": "Feature", "geometry": {"type": "Point", "coordinates": [111.287, 30.7]}, "properties": {"办件编号": "20240307001106", "事件": "求助", "类9": "出行安全", "方面": "安全韧性", "geocode_status": "region", "board": "安全韧性底线", "project_type": "交通设施", "社区": null, "村": null}}, {"type": "Feature", "geometry": {"type": "Point", "coordinates": [111.287, 30.7]}, "properties": {"办件编号": "20240307001096", "事件": "求助", "类9": "管网安全", "方面": "安全韧性", "geocode_status": "region", "board": "安全韧性底线", "project_type": "市政管网", "社区": null, "村": null}}, {"type": "Feature", "geometry": {"type": "Point", "coordinates": [111.307679, 30.681681]}, "properties": {"办件编号": "20240307000854", "事件": "求助", "类9": "管网安全", "方面": "安全韧性", "geocode_status": "ok", "board": "安全韧性底线", "project_type": "市政管网", "社区": "港务社区", "村": null}}, {"type": "Feature", "geometry": {"type": "Point", "coordinates": [111.287, 30.7]}, "properties": {"办件编号": "20240307000853", "事件": "求助", "类9": "出行安全", "方面": "安全韧性", "geocode_status": "region", "board": "安全韧性底线", "project_type": "交通设施", "社区": null, "村": null}}, {"type": "Feature", "geometry": {"type": "Point", "coordinates": [111.287, 30.7]}, "properties": {"办件编号": "20240307000460", "事件": "求助", "类9": "出行安全", "方面": "安全韧性", "geocode_status": "region", "board": "安全韧性底线", "project_type": "交通设施", "社区": null, "村": null}}, {"type": "Feature", "geometry": {"type": "Point", "coordinates": [111.374487, 30.679099]}, "properties": {"办件编号": "20240307000397", "事件": "投诉", "类9": "管网安全", "方面": "安全韧性", "geocode_status": "ok", "board": "安全韧性底线", "project_type": "市政管网", "社区": "金巴岭社区", "村": null}}, {"type": "Feature", "geometry": {"type": "Point", "coordinates": [111.287, 30.7]}, "properties": {"办件编号": "20240307000163", "事件": "求助", "类9": "管网安全", "方面": "安全韧性", "geocode_status": "region", "board": "安全韧性底线", "project_type": "市政管网", "社区": null, "村": null}}, {"type": "Feature", "geometry": {"type": "Point", "coordinates": [111.287, 30.7]}, "properties": {"办件编号": "20240307000153", "事件": "求助", "类9": "管网安全", "方面": "安全韧性", "geocode_status": "region", "board": "安全韧性底线", "project_type": "市政管网", "社区": null, "村": null}}, {"type": "Feature", "geometry": {"type": "Point", "coordinates": [111.334306, 30.721825]}, "properties": {"办件编号": "20240306001304", "事件": "投诉", "类9": "管网安全", "方面": "安全韧性", "geocode_status": "ok", "board": "安全韧性底线", "project_type": "市政管网", "社区": "朝阳路社区", "村": null}}, {"type": "Feature", "geometry": {"type": "Point", "coordinates": [111.30228, 30.686874]}, "properties": {"办件编号": "20240306001306", "事件": "投诉", "类9": "出行安全", "方面": "安全韧性", "geocode_status": "ok", "board": "安全韧性底线", "project_type": "交通设施", "社区": "建设社区", "村": null}}, {"type": "Feature", "geometry": {"type": "Point", "coordinates": [111.287, 30.7]}, "properties": {"办件编号": "20240306001165", "事件": "求助", "类9": "管网安全", "方面": "安全韧性", "geocode_status": "region", "board": "安全韧性底线", "project_type": "市政管网", "社区": null, "村": null}}, {"type": "Feature", "geometry": {"type": "Point", "coordinates": [111.287, 30.7]}, "properties": {"办件编号": "20240306001111", "事件": "求助", "类9": "管网安全", "方面": "安全韧性", "geocode_status": "region", "board": "安全韧性底线", "project_type": "市政管网", "社区": null, "村": null}}, {"type": "Feature", "geometry": {"type": "Point", "coordinates": [111.321284, 30.67413]}, "properties": {"办件编号": "20240306001086", "事件": "求助", "类9": "消防安全", "方面": "安全韧性", "geocode_status": "ok", "board": "安全韧性底线", "project_type": "安全消防", "社区": null, "村": "汉宜村"}}, {"type": "Feature", "geometry": {"type": "Point", "coordinates": [111.34358, 30.718952]}, "properties": {"办件编号": "20240306001050", "事件": "求助", "类9": "出行安全", "方面": "安全韧性", "geocode_status": "ok", "board": "安全韧性底线", "project_type": "交通设施", "社区": "汕头路社区", "村": null}}, {"type": "Feature", "geometry": {"type": "Point", "coordinates": [111.383198, 30.67131]}, "properties": {"办件编号": "20240306001025", "事件": "投诉", "类9": "出行安全", "方面": "安全韧性", "geocode_status": "ok", "board": "安全韧性底线", "project_type": "交通设施", "社区": null, "村": "共同村"}}, {"type": "Feature", "geometry": {"type": "Point", "coordinates": [111.305546, 30.733833]}, "properties": {"办件编号": "20240306000949", "事件": "求助", "类9": "管网安全", "方面": "安全韧性", "geocode_status": "ok", "board": "安全韧性底线", "project_type": "市政管网", "社区": "黄河路社区", "村": null}}, {"type": "Feature", "geometry": {"type": "Point", "coordinates": [111.305546, 30.733833]}, "properties": {"办件编号": "20240306000936", "事件": "求助", "类9": "出行安全", "方面": "安全韧性", "geocode_status": "ok", "board": "安全韧性底线", "project_type": "交通设施", "社区": "黄河路社区", "村": null}}, {"type": "Feature", "geometry": {"type": "Point", "coordinates": [111.333, 30.655]}, "properties": {"办件编号": "20240306000802", "事件": "求助", "类9": "管网安全", "方面": "安全韧性", "geocode_status": "region", "board": "安全韧性底线", "project_type": "市政管网", "社区": null, "村": null}}, {"type": "Feature", "geometry": {"type": "Point", "coordinates": [111.318457, 30.690864]}, "properties": {"办件编号": "20240306000794", "事件": "求助", "类9": "出行安全", "方面": "安全韧性", "geocode_status": "ok", "board": "安全韧性底线", "project_type": "交通设施", "社区": "长江社区", "村": null}}, {"type": "Feature", "geometry": {"type": "Point", "coordinates": [111.287, 30.7]}, "properties": {"办件编号": "20240306000703", "事件": "求助", "类9": "管网安全", "方面": "安全韧性", "geocode_status": "region", "board": "安全韧性底线", "project_type": "市政管网", "社区": null, "村": null}}, {"type": "Feature", "geometry": {"type": "Point", "coordinates": [111.305, 30.69]}, "properties": {"办件编号": "20240306000524", "事件": "投诉", "类9": "管网安全", "方面": "安全韧性", "geocode_status": "region", "board": "安全韧性底线", "project_type": "市政管网", "社区": null, "村": null}}, {"type": "Feature", "geometry": {"type": "Point", "coordinates": [111.305, 30.69]}, "properties": {"办件编号": "20240306000107", "事件": "求助", "类9": "管网安全", "方面": "安全韧性", "geocode_status": "region", "board": "安全韧性底线", "project_type": "市政管网", "社区": null, "村": null}}, {"type": "Feature", "geometry": {"type": "Point", "coordinates": [111.333, 30.655]}, "properties": {"办件编号": "20240305001359", "事件": "投诉", "类9": "消防安全", "方面": "安全韧性", "geocode_status": "region", "board": "安全韧性底线", "project_type": "安全消防", "社区": null, "村": null}}, {"type": "Feature", "geometry": {"type": "Point", "coordinates": [111.350836, 30.643985]}, "properties": {"办件编号": "20240305001297", "事件": "投诉", "类9": "管网安全", "方面": "安全韧性", "geocode_status": "ok", "board": "安全韧性底线", "project_type": "市政管网", "社区": "伍临路社区", "村": null}}, {"type": "Feature", "geometry": {"type": "Point", "coordinates": [111.336643, 30.679077]}, "properties": {"办件编号": "20240305001213", "事件": "投诉", "类9": "消防安全", "方面": "安全韧性", "geocode_status": "ok", "board": "安全韧性底线", "project_type": "安全消防", "社区": "白家冲社区", "村": null}}, {"type": "Feature", "geometry": {"type": "Point", "coordinates": [111.350577, 30.645303]}, "properties": {"办件编号": "20240305001165", "事件": "投诉", "类9": "管网安全", "方面": "安全韧性", "geocode_status": "ok", "board": "安全韧性底线", "project_type": "市政管网", "社区": "伍临路社区", "村": null}}, {"type": "Feature", "geometry": {"type": "Point", "coordinates": [111.287, 30.7]}, "properties": {"办件编号": "20240305001074", "事件": "求助", "类9": "管网安全", "方面": "安全韧性", "geocode_status": "region", "board": "安全韧性底线", "project_type": "市政管网", "社区": null, "村": null}}, {"type": "Feature", "geometry": {"type": "Point", "coordinates": [111.354381, 30.664189]}, "properties": {"办件编号": "20240305000981", "事件": "求助", "类9": "出行安全", "方面": "安全韧性", "geocode_status": "ok", "board": "安全韧性底线", "project_type": "交通设施", "社区": null, "村": "火光村"}}, {"type": "Feature", "geometry": {"type": "Point", "coordinates": [111.354355, 30.673084]}, "properties": {"办件编号": "20240305000977", "事件": "求助", "类9": "管网安全", "方面": "安全韧性", "geocode_status": "ok", "board": "安全韧性底线", "project_type": "市政管网", "社区": "张家湾社区", "村": null}}, {"type": "Feature", "geometry": {"type": "Point", "coordinates": [111.354693, 30.664327]}, "properties": {"办件编号": "20240305000972", "事件": "求助", "类9": "管网安全", "方面": "安全韧性", "geocode_status": "ok", "board": "安全韧性底线", "project_type": "市政管网", "社区": null, "村": "火光村"}}, {"type": "Feature", "geometry": {"type": "Point", "coordinates": [111.287, 30.7]}, "properties": {"办件编号": "20240305000880", "事件": "求助", "类9": "管网安全", "方面": "安全韧性", "geocode_status": "region", "board": "安全韧性底线", "project_type": "市政管网", "社区": null, "村": null}}, {"type": "Feature", "geometry": {"type": "Point", "coordinates": [111.287, 30.7]}, "properties": {"办件编号": "20240305000751", "事件": "求助", "类9": "管网安全", "方面": "安全韧性", "geocode_status": "region", "board": "安全韧性底线", "project_type": "市政管网", "社区": null, "村": null}}, {"type": "Feature", "geometry": {"type": "Point", "coordinates": [111.34189, 30.655069]}, "properties": {"办件编号": "20240305000752", "事件": "投诉", "类9": "出行安全", "方面": "安全韧性", "geocode_status": "ok", "board": "安全韧性底线", "project_type": "交通设施", "社区": "白沙脑社区", "村": null}}, {"type": "Feature", "geometry": {"type": "Point", "coordinates": [111.31222, 30.708827]}, "properties": {"办件编号": "20240305000716", "事件": "求助", "类9": "管网安全", "方面": "安全韧性", "geocode_status": "ok", "board": "安全韧性底线", "project_type": "市政管网", "社区": "珠海路社区", "村": null}}, {"type": "Feature", "geometry": {"type": "Point", "coordinates": [111.31222, 30.708827]}, "properties": {"办件编号": "20240305000707", "事件": "求助", "类9": "出行安全", "方面": "安全韧性", "geocode_status": "ok", "board": "安全韧性底线", "project_type": "交通设施", "社区": "珠海路社区", "村": null}}, {"type": "Feature", "geometry": {"type": "Point", "coordinates": [111.287, 30.7]}, "properties": {"办件编号": "20240305000611", "事件": "投诉", "类9": "管网安全", "方面": "安全韧性", "geocode_status": "region", "board": "安全韧性底线", "project_type": "市政管网", "社区": null, "村": null}}, {"type": "Feature", "geometry": {"type": "Point", "coordinates": [111.287, 30.7]}, "properties": {"办件编号": "20240305000519", "事件": "求助", "类9": "出行安全", "方面": "安全韧性", "geocode_status": "region", "board": "安全韧性底线", "project_type": "交通设施", "社区": null, "村": null}}, {"type": "Feature", "geometry": {"type": "Point", "coordinates": [111.295114, 30.697065]}, "properties": {"办件编号": "20240305000463", "事件": "求助", "类9": "管网安全", "方面": "安全韧性", "geocode_status": "ok", "board": "安全韧性底线", "project_type": "市政管网", "社区": "赵家湾社区", "村": null}}, {"type": "Feature", "geometry": {"type": "Point", "coordinates": [111.287, 30.7]}, "properties": {"办件编号": "20240305000445", "事件": "求助", "类9": "管网安全", "方面": "安全韧性", "geocode_status": "region", "board": "安全韧性底线", "project_type": "市政管网", "社区": null, "村": null}}, {"type": "Feature", "geometry": {"type": "Point", "coordinates": [111.335034, 30.665493]}, "properties": {"办件编号": "20240305000374", "事件": "投诉", "类9": "消防安全", "方面": "安全韧性", "geocode_status": "ok", "board": "安全韧性底线", "project_type": "安全消防", "社区": null, "村": "合益村"}}, {"type": "Feature", "geometry": {"type": "Point", "coordinates": [111.287, 30.7]}, "properties": {"办件编号": "20240305000269", "事件": "求助", "类9": "管网安全", "方面": "安全韧性", "geocode_status": "region", "board": "安全韧性底线", "project_type": "市政管网", "社区": null, "村": null}}, {"type": "Feature", "geometry": {"type": "Point", "coordinates": [111.327439, 30.662354]}, "properties": {"办件编号": "20240305000187", "事件": "投诉", "类9": "管网安全", "方面": "安全韧性", "geocode_status": "ok", "board": "安全韧性底线", "project_type": "市政管网", "社区": "古塔社区", "村": null}}, {"type": "Feature", "geometry": {"type": "Point", "coordinates": [111.328869, 30.678785]}, "properties": {"办件编号": "20240304001420", "事件": "建议", "类9": "出行安全", "方面": "安全韧性", "geocode_status": "ok", "board": "安全韧性底线", "project_type": "交通设施", "社区": "胡家冲社区", "村": null}}, {"type": "Feature", "geometry": {"type": "Point", "coordinates": [111.302336, 30.690892]}, "properties": {"办件编号": "20240304001106", "事件": "投诉", "类9": "消防安全", "方面": "安全韧性", "geocode_status": "ok", "board": "安全韧性底线", "project_type": "安全消防", "社区": "体育场路社区", "村": null}}, {"type": "Feature", "geometry": {"type": "Point", "coordinates": [111.31222, 30.708827]}, "properties": {"办件编号": "20240304000997", "事件": "求助", "类9": "管网安全", "方面": "安全韧性", "geocode_status": "ok", "board": "安全韧性底线", "project_type": "市政管网", "社区": "珠海路社区", "村": null}}, {"type": "Feature", "geometry": {"type": "Point", "coordinates": [111.308249, 30.694457]}, "properties": {"办件编号": "20240304000939", "事件": "求助", "类9": "出行安全", "方面": "安全韧性", "geocode_status": "ok", "board": "安全韧性底线", "project_type": "交通设施", "社区": "体育场路社区", "村": null}}, {"type": "Feature", "geometry": {"type": "Point", "coordinates": [111.287, 30.7]}, "properties": {"办件编号": "20240304000579", "事件": "求助", "类9": "管网安全", "方面": "安全韧性", "geocode_status": "region", "board": "安全韧性底线", "project_type": "市政管网", "社区": null, "村": null}}, {"type": "Feature", "geometry": {"type": "Point", "coordinates": [111.333, 30.655]}, "properties": {"办件编号": "20240304000265", "事件": "求助", "类9": "管网安全", "方面": "安全韧性", "geocode_status": "region", "board": "安全韧性底线", "project_type": "市政管网", "社区": null, "村": null}}, {"type": "Feature", "geometry": {"type": "Point", "coordinates": [111.354355, 30.673084]}, "properties": {"办件编号": "20240304000051", "事件": "投诉", "类9": "管网安全", "方面": "安全韧性", "geocode_status": "ok", "board": "安全韧性底线", "project_type": "市政管网", "社区": "张家湾社区", "村": null}}, {"type": "Feature", "geometry": {"type": "Point", "coordinates": [111.306724, 30.680978]}, "properties": {"办件编号": "20240303000154", "事件": "求助", "类9": "管网安全", "方面": "安全韧性", "geocode_status": "ok", "board": "安全韧性底线", "project_type": "市政管网", "社区": "万达社区", "村": null}}, {"type": "Feature", "geometry": {"type": "Point", "coordinates": [111.287, 30.7]}, "properties": {"办件编号": "20240303000115", "事件": "投诉", "类9": "管网安全", "方面": "安全韧性", "geocode_status": "region", "board": "安全韧性底线", "project_type": "市政管网", "社区": null, "村": null}}, {"type": "Feature", "geometry": {"type": "Point", "coordinates": [111.305546, 30.733833]}, "properties": {"办件编号": "20240302000715", "事件": "投诉", "类9": "管网安全", "方面": "安全韧性", "geocode_status": "ok", "board": "安全韧性底线", "project_type": "市政管网", "社区": "黄河路社区", "村": null}}, {"type": "Feature", "geometry": {"type": "Point", "coordinates": [111.321284, 30.67413]}, "properties": {"办件编号": "20240302000511", "事件": "求助", "类9": "管网安全", "方面": "安全韧性", "geocode_status": "ok", "board": "安全韧性底线", "project_type": "市政管网", "社区": null, "村": "汉宜村"}}, {"type": "Feature", "geometry": {"type": "Point", "coordinates": [111.321284, 30.67413]}, "properties": {"办件编号": "20240302000250", "事件": "求助", "类9": "管网安全", "方面": "安全韧性", "geocode_status": "ok", "board": "安全韧性底线", "project_type": "市政管网", "社区": null, "村": "汉宜村"}}, {"type": "Feature", "geometry": {"type": "Point", "coordinates": [111.295118, 30.68185]}, "properties": {"办件编号": "20240302000165", "事件": "建议", "类9": "出行安全", "方面": "安全韧性", "geocode_status": "ok", "board": "安全韧性底线", "project_type": "交通设施", "社区": null, "村": null}}, {"type": "Feature", "geometry": {"type": "Point", "coordinates": [111.313096, 30.681364]}, "properties": {"办件编号": "20240302000089", "事件": "投诉", "类9": "管网安全", "方面": "安全韧性", "geocode_status": "ok", "board": "安全韧性底线", "project_type": "市政管网", "社区": null, "村": "汉宜村"}}, {"type": "Feature", "geometry": {"type": "Point", "coordinates": [111.327439, 30.662354]}, "properties": {"办件编号": "20240302000130", "事件": "投诉", "类9": "管网安全", "方面": "安全韧性", "geocode_status": "ok", "board": "安全韧性底线", "project_type": "市政管网", "社区": "古塔社区", "村": null}}, {"type": "Feature", "geometry": {"type": "Point", "coordinates": [111.287, 30.7]}, "properties": {"办件编号": "20240301001275", "事件": "投诉", "类9": "管网安全", "方面": "安全韧性", "geocode_status": "region", "board": "安全韧性底线", "project_type": "市政管网", "社区": null, "村": null}}, {"type": "Feature", "geometry": {"type": "Point", "coordinates": [111.360882, 30.644048]}, "properties": {"办件编号": "20240301000880", "事件": "建议", "类9": "出行安全", "方面": "安全韧性", "geocode_status": "ok", "board": "安全韧性底线", "project_type": "交通设施", "社区": null, "村": "共勤村"}}, {"type": "Feature", "geometry": {"type": "Point", "coordinates": [111.376368, 30.650567]}, "properties": {"办件编号": "20240301000835", "事件": "求助", "类9": "出行安全", "方面": "安全韧性", "geocode_status": "ok", "board": "安全韧性底线", "project_type": "交通设施", "社区": null, "村": "共谊村"}}, {"type": "Feature", "geometry": {"type": "Point", "coordinates": [111.333, 30.655]}, "properties": {"办件编号": "20240301000574", "事件": "求助", "类9": "管网安全", "方面": "安全韧性", "geocode_status": "region", "board": "安全韧性底线", "project_type": "市政管网", "社区": null, "村": null}}, {"type": "Feature", "geometry": {"type": "Point", "coordinates": [111.333, 30.655]}, "properties": {"办件编号": "20240301000565", "事件": "求助", "类9": "管网安全", "方面": "安全韧性", "geocode_status": "region", "board": "安全韧性底线", "project_type": "市政管网", "社区": null, "村": null}}, {"type": "Feature", "geometry": {"type": "Point", "coordinates": [111.333, 30.655]}, "properties": {"办件编号": "20240301000488", "事件": "求助", "类9": "管网安全", "方面": "安全韧性", "geocode_status": "region", "board": "安全韧性底线", "project_type": "市政管网", "社区": null, "村": null}}, {"type": "Feature", "geometry": {"type": "Point", "coordinates": [111.287, 30.7]}, "properties": {"办件编号": "20240301000405", "事件": "求助", "类9": "管网安全", "方面": "安全韧性", "geocode_status": "region", "board": "安全韧性底线", "project_type": "市政管网", "社区": null, "村": null}}, {"type": "Feature", "geometry": {"type": "Point", "coordinates": [111.333, 30.655]}, "properties": {"办件编号": "20240301000132", "事件": "求助", "类9": "出行安全", "方面": "安全韧性", "geocode_status": "region", "board": "安全韧性底线", "project_type": "交通设施", "社区": null, "村": null}}, {"type": "Feature", "geometry": {"type": "Point", "coordinates": [111.321284, 30.67413]}, "properties": {"办件编号": "20240229001126", "事件": "求助", "类9": "管网安全", "方面": "安全韧性", "geocode_status": "ok", "board": "安全韧性底线", "project_type": "市政管网", "社区": null, "村": "汉宜村"}}, {"type": "Feature", "geometry": {"type": "Point", "coordinates": [111.286018, 30.6966]}, "properties": {"办件编号": "20240229001052", "事件": "投诉", "类9": "管网安全", "方面": "安全韧性", "geocode_status": "ok", "board": "安全韧性底线", "project_type": "市政管网", "社区": "桃花岭社区", "村": null}}, {"type": "Feature", "geometry": {"type": "Point", "coordinates": [111.287, 30.7]}, "properties": {"办件编号": "20240229000962", "事件": "求助", "类9": "管网安全", "方面": "安全韧性", "geocode_status": "region", "board": "安全韧性底线", "project_type": "市政管网", "社区": null, "村": null}}, {"type": "Feature", "geometry": {"type": "Point", "coordinates": [111.30882, 30.684813]}, "properties": {"办件编号": "20240229000723", "事件": "投诉", "类9": "消防安全", "方面": "安全韧性", "geocode_status": "ok", "board": "安全韧性底线", "project_type": "安全消防", "社区": "建设社区", "村": null}}, {"type": "Feature", "geometry": {"type": "Point", "coordinates": [111.321284, 30.67413]}, "properties": {"办件编号": "20240228000961", "事件": "求助", "类9": "管网安全", "方面": "安全韧性", "geocode_status": "ok", "board": "安全韧性底线", "project_type": "市政管网", "社区": null, "村": "汉宜村"}}, {"type": "Feature", "geometry": {"type": "Point", "coordinates": [111.287, 30.7]}, "properties": {"办件编号": "20240228000952", "事件": "求助", "类9": "管网安全", "方面": "安全韧性", "geocode_status": "region", "board": "安全韧性底线", "project_type": "市政管网", "社区": null, "村": null}}, {"type": "Feature", "geometry": {"type": "Point", "coordinates": [111.293312, 30.703434]}, "properties": {"办件编号": "20240227001242", "事件": "投诉", "类9": "出行安全", "方面": "安全韧性", "geocode_status": "ok", "board": "安全韧性底线", "project_type": "交通设施", "社区": "山庄路社区", "村": null}}, {"type": "Feature", "geometry": {"type": "Point", "coordinates": [111.31222, 30.708827]}, "properties": {"办件编号": "20240227000663", "事件": "求助", "类9": "管网安全", "方面": "安全韧性", "geocode_status": "ok", "board": "安全韧性底线", "project_type": "市政管网", "社区": "珠海路社区", "村": null}}, {"type": "Feature", "geometry": {"type": "Point", "coordinates": [111.287, 30.7]}, "properties": {"办件编号": "20240227000577", "事件": "投诉", "类9": "出行安全", "方面": "安全韧性", "geocode_status": "region", "board": "安全韧性底线", "project_type": "交通设施", "社区": null, "村": null}}, {"type": "Feature", "geometry": {"type": "Point", "coordinates": [111.289039, 30.697059]}, "properties": {"办件编号": "20240227000515", "事件": "求助", "类9": "管网安全", "方面": "安全韧性", "geocode_status": "ok", "board": "安全韧性底线", "project_type": "市政管网", "社区": "桃花岭社区", "村": null}}, {"type": "Feature", "geometry": {"type": "Point", "coordinates": [111.287, 30.7]}, "properties": {"办件编号": "20240227000424", "事件": "求助", "类9": "出行安全", "方面": "安全韧性", "geocode_status": "region", "board": "安全韧性底线", "project_type": "交通设施", "社区": null, "村": null}}, {"type": "Feature", "geometry": {"type": "Point", "coordinates": [111.284419, 30.727277]}, "properties": {"办件编号": "20240227000364", "事件": "求助", "类9": "管网安全", "方面": "安全韧性", "geocode_status": "ok", "board": "安全韧性底线", "project_type": "市政管网", "社区": "石子岭社区", "村": null}}, {"type": "Feature", "geometry": {"type": "Point", "coordinates": [111.287, 30.7]}, "properties": {"办件编号": "20240227000268", "事件": "求助", "类9": "管网安全", "方面": "安全韧性", "geocode_status": "region", "board": "安全韧性底线", "project_type": "市政管网", "社区": null, "村": null}}, {"type": "Feature", "geometry": {"type": "Point", "coordinates": [111.321028, 30.668847]}, "properties": {"办件编号": "20240227000224", "事件": "求助", "类9": "出行安全", "方面": "安全韧性", "geocode_status": "ok", "board": "安全韧性底线", "project_type": "交通设施", "社区": "古塔社区", "村": null}}, {"type": "Feature", "geometry": {"type": "Point", "coordinates": [111.287, 30.7]}, "properties": {"办件编号": "20240227000086", "事件": "投诉", "类9": "管网安全", "方面": "安全韧性", "geocode_status": "region", "board": "安全韧性底线", "project_type": "市政管网", "社区": null, "村": null}}, {"type": "Feature", "geometry": {"type": "Point", "coordinates": [111.291348, 30.69467]}, "properties": {"办件编号": "20240226001331", "事件": "求助", "类9": "管网安全", "方面": "安全韧性", "geocode_status": "ok", "board": "安全韧性底线", "project_type": "市政管网", "社区": "新隆康路社区", "村": null}}, {"type": "Feature", "geometry": {"type": "Point", "coordinates": [111.287, 30.7]}, "properties": {"办件编号": "20240226001221", "事件": "求助", "类9": "管网安全", "方面": "安全韧性", "geocode_status": "region", "board": "安全韧性底线", "project_type": "市政管网", "社区": null, "村": null}}, {"type": "Feature", "geometry": {"type": "Point", "coordinates": [111.333, 30.655]}, "properties": {"办件编号": "20240226001150", "事件": "求助", "类9": "管网安全", "方面": "安全韧性", "geocode_status": "region", "board": "安全韧性底线", "project_type": "市政管网", "社区": null, "村": null}}, {"type": "Feature", "geometry": {"type": "Point", "coordinates": [111.333, 30.655]}, "properties": {"办件编号": "20240226001144", "事件": "求助", "类9": "管网安全", "方面": "安全韧性", "geocode_status": "region", "board": "安全韧性底线", "project_type": "市政管网", "社区": null, "村": null}}, {"type": "Feature", "geometry": {"type": "Point", "coordinates": [111.289039, 30.697059]}, "properties": {"办件编号": "20240226001084", "事件": "求助", "类9": "管网安全", "方面": "安全韧性", "geocode_status": "ok", "board": "安全韧性底线", "project_type": "市政管网", "社区": "桃花岭社区", "村": null}}, {"type": "Feature", "geometry": {"type": "Point", "coordinates": [111.376769, 30.639769]}, "properties": {"办件编号": "20240226000984", "事件": "投诉", "类9": "管网安全", "方面": "安全韧性", "geocode_status": "ok", "board": "安全韧性底线", "project_type": "市政管网", "社区": "柏临河路社区", "村": null}}, {"type": "Feature", "geometry": {"type": "Point", "coordinates": [111.367122, 30.676731]}, "properties": {"办件编号": "20240226000783", "事件": "投诉", "类9": "管网安全", "方面": "安全韧性", "geocode_status": "ok", "board": "安全韧性底线", "project_type": "市政管网", "社区": "金巴岭社区", "村": null}}, {"type": "Feature", "geometry": {"type": "Point", "coordinates": [111.305, 30.69]}, "properties": {"办件编号": "20240226000609", "事件": "投诉", "类9": "管网安全", "方面": "安全韧性", "geocode_status": "region", "board": "安全韧性底线", "project_type": "市政管网", "社区": null, "村": null}}, {"type": "Feature", "geometry": {"type": "Point", "coordinates": [111.287, 30.7]}, "properties": {"办件编号": "20240226000565", "事件": "求助", "类9": "管网安全", "方面": "安全韧性", "geocode_status": "region", "board": "安全韧性底线", "project_type": "市政管网", "社区": null, "村": null}}, {"type": "Feature", "geometry": {"type": "Point", "coordinates": [111.354355, 30.673084]}, "properties": {"办件编号": "20240226000419", "事件": "求助", "类9": "出行安全", "方面": "安全韧性", "geocode_status": "ok", "board": "安全韧性底线", "project_type": "交通设施", "社区": "张家湾社区", "村": null}}, {"type": "Feature", "geometry": {"type": "Point", "coordinates": [111.287, 30.7]}, "properties": {"办件编号": "20240226000375", "事件": "求助", "类9": "管网安全", "方面": "安全韧性", "geocode_status": "region", "board": "安全韧性底线", "project_type": "市政管网", "社区": null, "村": null}}, {"type": "Feature", "geometry": {"type": "Point", "coordinates": [111.287, 30.7]}, "properties": {"办件编号": "20240226000357", "事件": "求助", "类9": "管网安全", "方面": "安全韧性", "geocode_status": "region", "board": "安全韧性底线", "project_type": "市政管网", "社区": null, "村": null}}, {"type": "Feature", "geometry": {"type": "Point", "coordinates": [111.287, 30.7]}, "properties": {"办件编号": "20240226000319", "事件": "求助", "类9": "管网安全", "方面": "安全韧性", "geocode_status": "region", "board": "安全韧性底线", "project_type": "市政管网", "社区": null, "村": null}}, {"type": "Feature", "geometry": {"type": "Point", "coordinates": [111.318313, 30.700574]}, "properties": {"办件编号": "20240226000308", "事件": "投诉", "类9": "出行安全", "方面": "安全韧性", "geocode_status": "ok", "board": "安全韧性底线", "project_type": "交通设施", "社区": "学堂湾社区", "村": null}}, {"type": "Feature", "geometry": {"type": "Point", "coordinates": [111.321284, 30.67413]}, "properties": {"办件编号": "20240226000240", "事件": "求助", "类9": "管网安全", "方面": "安全韧性", "geocode_status": "ok", "board": "安全韧性底线", "project_type": "市政管网", "社区": null, "村": "汉宜村"}}, {"type": "Feature", "geometry": {"type": "Point", "coordinates": [111.333, 30.655]}, "properties": {"办件编号": "20240226000213", "事件": "求助", "类9": "出行安全", "方面": "安全韧性", "geocode_status": "region", "board": "安全韧性底线", "project_type": "交通设施", "社区": null, "村": null}}, {"type": "Feature", "geometry": {"type": "Point", "coordinates": [111.333, 30.655]}, "properties": {"办件编号": "20240226000133", "事件": "求助", "类9": "管网安全", "方面": "安全韧性", "geocode_status": "region", "board": "安全韧性底线", "project_type": "市政管网", "社区": null, "村": null}}, {"type": "Feature", "geometry": {"type": "Point", "coordinates": [111.327439, 30.662354]}, "properties": {"办件编号": "20240225000476", "事件": "投诉", "类9": "管网安全", "方面": "安全韧性", "geocode_status": "ok", "board": "安全韧性底线", "project_type": "市政管网", "社区": "古塔社区", "村": null}}, {"type": "Feature", "geometry": {"type": "Point", "coordinates": [111.321284, 30.67413]}, "properties": {"办件编号": "20240225000419", "事件": "求助", "类9": "管网安全", "方面": "安全韧性", "geocode_status": "ok", "board": "安全韧性底线", "project_type": "市政管网", "社区": null, "村": "汉宜村"}}, {"type": "Feature", "geometry": {"type": "Point", "coordinates": [111.287, 30.7]}, "properties": {"办件编号": "20240225000254", "事件": "求助", "类9": "管网安全", "方面": "安全韧性", "geocode_status": "region", "board": "安全韧性底线", "project_type": "市政管网", "社区": null, "村": null}}, {"type": "Feature", "geometry": {"type": "Point", "coordinates": [111.287, 30.7]}, "properties": {"办件编号": "20240225000131", "事件": "求助", "类9": "管网安全", "方面": "安全韧性", "geocode_status": "region", "board": "安全韧性底线", "project_type": "市政管网", "社区": null, "村": null}}, {"type": "Feature", "geometry": {"type": "Point", "coordinates": [111.29241, 30.709885]}, "properties": {"办件编号": "20240224000176", "事件": "投诉", "类9": "消防安全", "方面": "安全韧性", "geocode_status": "ok", "board": "安全韧性底线", "project_type": "安全消防", "社区": "绿萝路社区", "村": null}}, {"type": "Feature", "geometry": {"type": "Point", "coordinates": [111.295118, 30.68185]}, "properties": {"办件编号": "20240224000189", "事件": "投诉", "类9": "出行安全", "方面": "安全韧性", "geocode_status": "ok", "board": "安全韧性底线", "project_type": "交通设施", "社区": null, "村": null}}, {"type": "Feature", "geometry": {"type": "Point", "coordinates": [111.305, 30.69]}, "properties": {"办件编号": "20240224000040", "事件": "投诉", "类9": "消防安全", "方面": "安全韧性", "geocode_status": "region", "board": "安全韧性底线", "project_type": "安全消防", "社区": null, "村": null}}, {"type": "Feature", "geometry": {"type": "Point", "coordinates": [111.324757, 30.719757]}, "properties": {"办件编号": "20240223000928", "事件": "投诉", "类9": "管网安全", "方面": "安全韧性", "geocode_status": "ok", "board": "安全韧性底线", "project_type": "市政管网", "社区": "汕头路社区", "村": null}}, {"type": "Feature", "geometry": {"type": "Point", "coordinates": [111.333, 30.655]}, "properties": {"办件编号": "20240223000798", "事件": "求助", "类9": "出行安全", "方面": "安全韧性", "geocode_status": "region", "board": "安全韧性底线", "project_type": "交通设施", "社区": null, "村": null}}, {"type": "Feature", "geometry": {"type": "Point", "coordinates": [111.365062, 30.654461]}, "properties": {"办件编号": "20240223000615", "事件": "求助", "类9": "管网安全", "方面": "安全韧性", "geocode_status": "ok", "board": "安全韧性底线", "project_type": "市政管网", "社区": "东站路社区", "村": null}}, {"type": "Feature", "geometry": {"type": "Point", "coordinates": [111.350836, 30.643985]}, "properties": {"办件编号": "20240223000325", "事件": "求助", "类9": "管网安全", "方面": "安全韧性", "geocode_status": "ok", "board": "安全韧性底线", "project_type": "市政管网", "社区": "伍临路社区", "村": null}}, {"type": "Feature", "geometry": {"type": "Point", "coordinates": [111.333, 30.655]}, "properties": {"办件编号": "20240223000274", "事件": "求助", "类9": "管网安全", "方面": "安全韧性", "geocode_status": "region", "board": "安全韧性底线", "project_type": "市政管网", "社区": null, "村": null}}, {"type": "Feature", "geometry": {"type": "Point", "coordinates": [111.374692, 30.645417]}, "properties": {"办件编号": "20240223000248", "事件": "求助", "类9": "管网安全", "方面": "安全韧性", "geocode_status": "ok", "board": "安全韧性底线", "project_type": "市政管网", "社区": null, "村": "共谊村"}}, {"type": "Feature", "geometry": {"type": "Point", "coordinates": [111.352721, 30.65469]}, "properties": {"办件编号": "20240223000177", "事件": "求助", "类9": "出行安全", "方面": "安全韧性", "geocode_status": "ok", "board": "安全韧性底线", "project_type": "交通设施", "社区": "桔城路社区", "村": null}}, {"type": "Feature", "geometry": {"type": "Point", "coordinates": [111.351934, 30.664438]}, "properties": {"办件编号": "20240223000176", "事件": "求助", "类9": "出行安全", "方面": "安全韧性", "geocode_status": "ok", "board": "安全韧性底线", "project_type": "交通设施", "社区": null, "村": "火光村"}}, {"type": "Feature", "geometry": {"type": "Point", "coordinates": [111.31222, 30.708827]}, "properties": {"办件编号": "20240223000130", "事件": "求助", "类9": "管网安全", "方面": "安全韧性", "geocode_status": "ok", "board": "安全韧性底线", "project_type": "市政管网", "社区": "珠海路社区", "村": null}}, {"type": "Feature", "geometry": {"type": "Point", "coordinates": [111.287, 30.7]}, "properties": {"办件编号": "20240223000096", "事件": "求助", "类9": "出行安全", "方面": "安全韧性", "geocode_status": "region", "board": "安全韧性底线", "project_type": "交通设施", "社区": null, "村": null}}, {"type": "Feature", "geometry": {"type": "Point", "coordinates": [111.313839, 30.741679]}, "properties": {"办件编号": "20240222000765", "事件": "求助", "类9": "出行安全", "方面": "安全韧性", "geocode_status": "ok", "board": "安全韧性底线", "project_type": "交通设施", "社区": "沙河社区", "村": null}}, {"type": "Feature", "geometry": {"type": "Point", "coordinates": [111.360882, 30.644048]}, "properties": {"办件编号": "20240222000686", "事件": "投诉", "类9": "管网安全", "方面": "安全韧性", "geocode_status": "ok", "board": "安全韧性底线", "project_type": "市政管网", "社区": null, "村": "共勤村"}}, {"type": "Feature", "geometry": {"type": "Point", "coordinates": [111.333, 30.655]}, "properties": {"办件编号": "20240222000442", "事件": "求助", "类9": "出行安全", "方面": "安全韧性", "geocode_status": "region", "board": "安全韧性底线", "project_type": "交通设施", "社区": null, "村": null}}, {"type": "Feature", "geometry": {"type": "Point", "coordinates": [111.283049, 30.712785]}, "properties": {"办件编号": "20240222000404", "事件": "求助", "类9": "管网安全", "方面": "安全韧性", "geocode_status": "ok", "board": "安全韧性底线", "project_type": "市政管网", "社区": "石板溪社区", "村": null}}, {"type": "Feature", "geometry": {"type": "Point", "coordinates": [111.305, 30.69]}, "properties": {"办件编号": "20240222000217", "事件": "求助", "类9": "管网安全", "方面": "安全韧性", "geocode_status": "region", "board": "安全韧性底线", "project_type": "市政管网", "社区": null, "村": null}}, {"type": "Feature", "geometry": {"type": "Point", "coordinates": [111.294273, 30.728866]}, "properties": {"办件编号": "20240222000170", "事件": "求助", "类9": "出行安全", "方面": "安全韧性", "geocode_status": "ok", "board": "安全韧性底线", "project_type": "交通设施", "社区": "金安岭社区", "村": null}}, {"type": "Feature", "geometry": {"type": "Point", "coordinates": [111.333, 30.655]}, "properties": {"办件编号": "20240222000163", "事件": "求助", "类9": "管网安全", "方面": "安全韧性", "geocode_status": "region", "board": "安全韧性底线", "project_type": "市政管网", "社区": null, "村": null}}, {"type": "Feature", "geometry": {"type": "Point", "coordinates": [111.294273, 30.728866]}, "properties": {"办件编号": "20240221001028", "事件": "求助", "类9": "出行安全", "方面": "安全韧性", "geocode_status": "ok", "board": "安全韧性底线", "project_type": "交通设施", "社区": "金安岭社区", "村": null}}, {"type": "Feature", "geometry": {"type": "Point", "coordinates": [111.315661, 30.742313]}, "properties": {"办件编号": "20240221000880", "事件": "求助", "类9": "出行安全", "方面": "安全韧性", "geocode_status": "ok", "board": "安全韧性底线", "project_type": "交通设施", "社区": "沙河社区", "村": null}}, {"type": "Feature", "geometry": {"type": "Point", "coordinates": [111.333, 30.655]}, "properties": {"办件编号": "20240221000598", "事件": "求助", "类9": "出行安全", "方面": "安全韧性", "geocode_status": "region", "board": "安全韧性底线", "project_type": "交通设施", "社区": null, "村": null}}, {"type": "Feature", "geometry": {"type": "Point", "coordinates": [111.285696, 30.710765]}, "properties": {"办件编号": "20240221000503", "事件": "投诉", "类9": "管网安全", "方面": "安全韧性", "geocode_status": "ok", "board": "安全韧性底线", "project_type": "市政管网", "社区": "翁家堰社区", "村": null}}, {"type": "Feature", "geometry": {"type": "Point", "coordinates": [111.360882, 30.644048]}, "properties": {"办件编号": "20240221000382", "事件": "求助", "类9": "管网安全", "方面": "安全韧性", "geocode_status": "ok", "board": "安全韧性底线", "project_type": "市政管网", "社区": null, "村": "共勤村"}}, {"type": "Feature", "geometry": {"type": "Point", "coordinates": [111.287, 30.7]}, "properties": {"办件编号": "20240221000256", "事件": "求助", "类9": "管网安全", "方面": "安全韧性", "geocode_status": "region", "board": "安全韧性底线", "project_type": "市政管网", "社区": null, "村": null}}, {"type": "Feature", "geometry": {"type": "Point", "coordinates": [111.301851, 30.727822]}, "properties": {"办件编号": "20240221000259", "事件": "投诉", "类9": "管网安全", "方面": "安全韧性", "geocode_status": "ok", "board": "安全韧性底线", "project_type": "市政管网", "社区": "大堰湾社区", "村": null}}, {"type": "Feature", "geometry": {"type": "Point", "coordinates": [111.297857, 30.718213]}, "properties": {"办件编号": "20240221000220", "事件": "求助", "类9": "管网安全", "方面": "安全韧性", "geocode_status": "ok", "board": "安全韧性底线", "project_type": "市政管网", "社区": "营盘路社区", "村": null}}, {"type": "Feature", "geometry": {"type": "Point", "coordinates": [111.333, 30.655]}, "properties": {"办件编号": "20240221000217", "事件": "求助", "类9": "管网安全", "方面": "安全韧性", "geocode_status": "region", "board": "安全韧性底线", "project_type": "市政管网", "社区": null, "村": null}}, {"type": "Feature", "geometry": {"type": "Point", "coordinates": [111.321284, 30.67413]}, "properties": {"办件编号": "20240221000200", "事件": "求助", "类9": "出行安全", "方面": "安全韧性", "geocode_status": "ok", "board": "安全韧性底线", "project_type": "交通设施", "社区": null, "村": "汉宜村"}}, {"type": "Feature", "geometry": {"type": "Point", "coordinates": [111.287, 30.7]}, "properties": {"办件编号": "20240221000093", "事件": "求助", "类9": "出行安全", "方面": "安全韧性", "geocode_status": "region", "board": "安全韧性底线", "project_type": "交通设施", "社区": null, "村": null}}, {"type": "Feature", "geometry": {"type": "Point", "coordinates": [111.287, 30.7]}, "properties": {"办件编号": "20240220001043", "事件": "求助", "类9": "管网安全", "方面": "安全韧性", "geocode_status": "region", "board": "安全韧性底线", "project_type": "市政管网", "社区": null, "村": null}}, {"type": "Feature", "geometry": {"type": "Point", "coordinates": [111.366118, 30.639949]}, "properties": {"办件编号": "20240220001021", "事件": "求助", "类9": "出行安全", "方面": "安全韧性", "geocode_status": "ok", "board": "安全韧性底线", "project_type": "交通设施", "社区": "柏临河路社区", "村": null}}, {"type": "Feature", "geometry": {"type": "Point", "coordinates": [111.287, 30.7]}, "properties": {"办件编号": "20240220000998", "事件": "求助", "类9": "出行安全", "方面": "安全韧性", "geocode_status": "region", "board": "安全韧性底线", "project_type": "交通设施", "社区": null, "村": null}}, {"type": "Feature", "geometry": {"type": "Point", "coordinates": [111.333, 30.655]}, "properties": {"办件编号": "20240220000837", "事件": "求助", "类9": "出行安全", "方面": "安全韧性", "geocode_status": "region", "board": "安全韧性底线", "project_type": "交通设施", "社区": null, "村": null}}, {"type": "Feature", "geometry": {"type": "Point", "coordinates": [111.281897, 30.712345]}, "properties": {"办件编号": "20240220000823", "事件": "求助", "类9": "管网安全", "方面": "安全韧性", "geocode_status": "ok", "board": "安全韧性底线", "project_type": "市政管网", "社区": "石板溪社区", "村": null}}, {"type": "Feature", "geometry": {"type": "Point", "coordinates": [111.313127, 30.730384]}, "properties": {"办件编号": "20240220000778", "事件": "求助", "类9": "管网安全", "方面": "安全韧性", "geocode_status": "ok", "board": "安全韧性底线", "project_type": "市政管网", "社区": "大学路社区", "村": null}}, {"type": "Feature", "geometry": {"type": "Point", "coordinates": [111.287, 30.7]}, "properties": {"办件编号": "20240220000709", "事件": "求助", "类9": "管网安全", "方面": "安全韧性", "geocode_status": "region", "board": "安全韧性底线", "project_type": "市政管网", "社区": null, "村": null}}, {"type": "Feature", "geometry": {"type": "Point", "coordinates": [111.333916, 30.738087]}, "properties": {"办件编号": "20240220000591", "事件": "投诉", "类9": "出行安全", "方面": "安全韧性", "geocode_status": "ok", "board": "安全韧性底线", "project_type": "交通设施", "社区": "朝阳路社区", "村": null}}, {"type": "Feature", "geometry": {"type": "Point", "coordinates": [111.287, 30.7]}, "properties": {"办件编号": "20240220000529", "事件": "求助", "类9": "管网安全", "方面": "安全韧性", "geocode_status": "region", "board": "安全韧性底线", "project_type": "市政管网", "社区": null, "村": null}}, {"type": "Feature", "geometry": {"type": "Point", "coordinates": [111.348772, 30.64746]}, "properties": {"办件编号": "20240220000506", "事件": "投诉", "类9": "出行安全", "方面": "安全韧性", "geocode_status": "ok", "board": "安全韧性底线", "project_type": "交通设施", "社区": "白沙路社区", "村": null}}, {"type": "Feature", "geometry": {"type": "Point", "coordinates": [111.291234, 30.710964]}, "properties": {"办件编号": "20240220000401", "事件": "求助", "类9": "出行安全", "方面": "安全韧性", "geocode_status": "ok", "board": "安全韧性底线", "project_type": "交通设施", "社区": "绿萝路社区", "村": null}}, {"type": "Feature", "geometry": {"type": "Point", "coordinates": [111.3871, 30.653345]}, "properties": {"办件编号": "20240220000200", "事件": "求助", "类9": "出行安全", "方面": "安全韧性", "geocode_status": "ok", "board": "安全韧性底线", "project_type": "交通设施", "社区": null, "村": "共和村"}}, {"type": "Feature", "geometry": {"type": "Point", "coordinates": [111.333, 30.655]}, "properties": {"办件编号": "20240220000178", "事件": "求助", "类9": "消防安全", "方面": "安全韧性", "geocode_status": "region", "board": "安全韧性底线", "project_type": "安全消防", "社区": null, "村": null}}, {"type": "Feature", "geometry": {"type": "Point", "coordinates": [111.27699, 30.719724]}, "properties": {"办件编号": "20240220000144", "事件": "求助", "类9": "管网安全", "方面": "安全韧性", "geocode_status": "ok", "board": "安全韧性底线", "project_type": "市政管网", "社区": null, "村": null}}, {"type": "Feature", "geometry": {"type": "Point", "coordinates": [111.281897, 30.712345]}, "properties": {"办件编号": "20240220000126", "事件": "求助", "类9": "管网安全", "方面": "安全韧性", "geocode_status": "ok", "board": "安全韧性底线", "project_type": "市政管网", "社区": "石板溪社区", "村": null}}, {"type": "Feature", "geometry": {"type": "Point", "coordinates": [111.306767, 30.725377]}, "properties": {"办件编号": "20240220000111", "事件": "求助", "类9": "管网安全", "方面": "安全韧性", "geocode_status": "ok", "board": "安全韧性底线", "project_type": "市政管网", "社区": "大学路社区", "村": null}}, {"type": "Feature", "geometry": {"type": "Point", "coordinates": [111.285355, 30.71579]}, "properties": {"办件编号": "20240220000117", "事件": "建议", "类9": "出行安全", "方面": "安全韧性", "geocode_status": "ok", "board": "安全韧性底线", "project_type": "交通设施", "社区": "锦绣社区", "村": null}}, {"type": "Feature", "geometry": {"type": "Point", "coordinates": [111.330029, 30.675025]}, "properties": {"办件编号": "20240219001213", "事件": "投诉", "类9": "消防安全", "方面": "安全韧性", "geocode_status": "ok", "board": "安全韧性底线", "project_type": "安全消防", "社区": null, "村": "合益村"}}, {"type": "Feature", "geometry": {"type": "Point", "coordinates": [111.334921, 30.66546]}, "properties": {"办件编号": "20240219001013", "事件": "求助", "类9": "管网安全", "方面": "安全韧性", "geocode_status": "ok", "board": "安全韧性底线", "project_type": "市政管网", "社区": null, "村": "合益村"}}, {"type": "Feature", "geometry": {"type": "Point", "coordinates": [111.307415, 30.731072]}, "properties": {"办件编号": "20240219000915", "事件": "求助", "类9": "管网安全", "方面": "安全韧性", "geocode_status": "ok", "board": "安全韧性底线", "project_type": "市政管网", "社区": "大学路社区", "村": null}}, {"type": "Feature", "geometry": {"type": "Point", "coordinates": [111.305, 30.69]}, "properties": {"办件编号": "20240219000234", "事件": "求助", "类9": "出行安全", "方面": "安全韧性", "geocode_status": "region", "board": "安全韧性底线", "project_type": "交通设施", "社区": null, "村": null}}, {"type": "Feature", "geometry": {"type": "Point", "coordinates": [111.305, 30.69]}, "properties": {"办件编号": "20240219000233", "事件": "求助", "类9": "管网安全", "方面": "安全韧性", "geocode_status": "region", "board": "安全韧性底线", "project_type": "市政管网", "社区": null, "村": null}}, {"type": "Feature", "geometry": {"type": "Point", "coordinates": [111.285978, 30.699538]}, "properties": {"办件编号": "20240219000207", "事件": "求助", "类9": "出行安全", "方面": "安全韧性", "geocode_status": "ok", "board": "安全韧性底线", "project_type": "交通设施", "社区": "夷陵路社区", "村": null}}, {"type": "Feature", "geometry": {"type": "Point", "coordinates": [111.32704, 30.668507]}, "properties": {"办件编号": "20240219000168", "事件": "求助", "类9": "出行安全", "方面": "安全韧性", "geocode_status": "ok", "board": "安全韧性底线", "project_type": "交通设施", "社区": "韩家坝社区", "村": null}}, {"type": "Feature", "geometry": {"type": "Point", "coordinates": [111.333916, 30.738087]}, "properties": {"办件编号": "20240219000271", "事件": "投诉", "类9": "出行安全", "方面": "安全韧性", "geocode_status": "ok", "board": "安全韧性底线", "project_type": "交通设施", "社区": "朝阳路社区", "村": null}}, {"type": "Feature", "geometry": {"type": "Point", "coordinates": [111.297857, 30.718213]}, "properties": {"办件编号": "20240219000152", "事件": "求助", "类9": "出行安全", "方面": "安全韧性", "geocode_status": "ok", "board": "安全韧性底线", "project_type": "交通设施", "社区": "营盘路社区", "村": null}}, {"type": "Feature", "geometry": {"type": "Point", "coordinates": [111.287, 30.7]}, "properties": {"办件编号": "20240219000144", "事件": "求助", "类9": "出行安全", "方面": "安全韧性", "geocode_status": "region", "board": "安全韧性底线", "project_type": "交通设施", "社区": null, "村": null}}, {"type": "Feature", "geometry": {"type": "Point", "coordinates": [111.287, 30.7]}, "properties": {"办件编号": "20240219000072", "事件": "求助", "类9": "出行安全", "方面": "安全韧性", "geocode_status": "region", "board": "安全韧性底线", "project_type": "交通设施", "社区": null, "村": null}}, {"type": "Feature", "geometry": {"type": "Point", "coordinates": [111.307588, 30.738128]}, "properties": {"办件编号": "20240218001005", "事件": "求助", "类9": "管网安全", "方面": "安全韧性", "geocode_status": "ok", "board": "安全韧性底线", "project_type": "市政管网", "社区": "沙河社区", "村": null}}, {"type": "Feature", "geometry": {"type": "Point", "coordinates": [111.305, 30.69]}, "properties": {"办件编号": "20240218000694", "事件": "求助", "类9": "管网安全", "方面": "安全韧性", "geocode_status": "region", "board": "安全韧性底线", "project_type": "市政管网", "社区": null, "村": null}}, {"type": "Feature", "geometry": {"type": "Point", "coordinates": [111.281897, 30.712345]}, "properties": {"办件编号": "20240218000252", "事件": "求助", "类9": "管网安全", "方面": "安全韧性", "geocode_status": "ok", "board": "安全韧性底线", "project_type": "市政管网", "社区": "石板溪社区", "村": null}}, {"type": "Feature", "geometry": {"type": "Point", "coordinates": [111.287, 30.7]}, "properties": {"办件编号": "20240218000146", "事件": "求助", "类9": "出行安全", "方面": "安全韧性", "geocode_status": "region", "board": "安全韧性底线", "project_type": "交通设施", "社区": null, "村": null}}, {"type": "Feature", "geometry": {"type": "Point", "coordinates": [111.341282, 30.674492]}, "properties": {"办件编号": "20240217000675", "事件": "投诉", "类9": "出行安全", "方面": "安全韧性", "geocode_status": "ok", "board": "安全韧性底线", "project_type": "交通设施", "社区": "枫香树社区", "村": null}}, {"type": "Feature", "geometry": {"type": "Point", "coordinates": [111.306724, 30.680978]}, "properties": {"办件编号": "20240217000304", "事件": "投诉", "类9": "管网安全", "方面": "安全韧性", "geocode_status": "ok", "board": "安全韧性底线", "project_type": "市政管网", "社区": "万达社区", "村": null}}, {"type": "Feature", "geometry": {"type": "Point", "coordinates": [111.295118, 30.68185]}, "properties": {"办件编号": "20240217000297", "事件": "投诉", "类9": "出行安全", "方面": "安全韧性", "geocode_status": "ok", "board": "安全韧性底线", "project_type": "交通设施", "社区": null, "村": null}}, {"type": "Feature", "geometry": {"type": "Point", "coordinates": [111.318761, 30.671257]}, "properties": {"办件编号": "20240215000231", "事件": "投诉", "类9": "管网安全", "方面": "安全韧性", "geocode_status": "ok", "board": "安全韧性底线", "project_type": "市政管网", "社区": "宝联社区", "村": null}}, {"type": "Feature", "geometry": {"type": "Point", "coordinates": [111.285355, 30.71579]}, "properties": {"办件编号": "20240214000256", "事件": "投诉", "类9": "出行安全", "方面": "安全韧性", "geocode_status": "ok", "board": "安全韧性底线", "project_type": "交通设施", "社区": "锦绣社区", "村": null}}, {"type": "Feature", "geometry": {"type": "Point", "coordinates": [111.298437, 30.69668]}, "properties": {"办件编号": "20240214000094", "事件": "求助", "类9": "出行安全", "方面": "安全韧性", "geocode_status": "ok", "board": "安全韧性底线", "project_type": "交通设施", "社区": "赵家湾社区", "村": null}}, {"type": "Feature", "geometry": {"type": "Point", "coordinates": [111.299592, 30.707404]}, "properties": {"办件编号": "20240213000372", "事件": "求助", "类9": "管网安全", "方面": "安全韧性", "geocode_status": "ok", "board": "安全韧性底线", "project_type": "市政管网", "社区": "香锦社区", "村": null}}, {"type": "Feature", "geometry": {"type": "Point", "coordinates": [111.299341, 30.695255]}, "properties": {"办件编号": "20240211000053", "事件": "投诉", "类9": "出行安全", "方面": "安全韧性", "geocode_status": "ok", "board": "安全韧性底线", "project_type": "交通设施", "社区": "体育场路社区", "村": null}}, {"type": "Feature", "geometry": {"type": "Point", "coordinates": [111.354203, 30.644387]}, "properties": {"办件编号": "20240208001439", "事件": "投诉", "类9": "管网安全", "方面": "安全韧性", "geocode_status": "ok", "board": "安全韧性底线", "project_type": "市政管网", "社区": "伍临路社区", "村": null}}, {"type": "Feature", "geometry": {"type": "Point", "coordinates": [111.344527, 30.671033]}, "properties": {"办件编号": "20240208001363", "事件": "求助", "类9": "管网安全", "方面": "安全韧性", "geocode_status": "ok", "board": "安全韧性底线", "project_type": "市政管网", "社区": "张家湾社区", "村": null}}, {"type": "Feature", "geometry": {"type": "Point", "coordinates": [111.301851, 30.727822]}, "properties": {"办件编号": "20240208001164", "事件": "投诉", "类9": "管网安全", "方面": "安全韧性", "geocode_status": "ok", "board": "安全韧性底线", "project_type": "市政管网", "社区": "大堰湾社区", "村": null}}, {"type": "Feature", "geometry": {"type": "Point", "coordinates": [111.287, 30.7]}, "properties": {"办件编号": "20240208000998", "事件": "求助", "类9": "管网安全", "方面": "安全韧性", "geocode_status": "region", "board": "安全韧性底线", "project_type": "市政管网", "社区": null, "村": null}}, {"type": "Feature", "geometry": {"type": "Point", "coordinates": [111.287, 30.7]}, "properties": {"办件编号": "20240208000920", "事件": "求助", "类9": "管网安全", "方面": "安全韧性", "geocode_status": "region", "board": "安全韧性底线", "project_type": "市政管网", "社区": null, "村": null}}, {"type": "Feature", "geometry": {"type": "Point", "coordinates": [111.391729, 30.632777]}, "properties": {"办件编号": "20240208000813", "事件": "投诉", "类9": "消防安全", "方面": "安全韧性", "geocode_status": "ok", "board": "安全韧性底线", "project_type": "安全消防", "社区": null, "村": null}}, {"type": "Feature", "geometry": {"type": "Point", "coordinates": [111.312019, 30.71005]}, "properties": {"办件编号": "20240208000759", "事件": "投诉", "类9": "管网安全", "方面": "安全韧性", "geocode_status": "ok", "board": "安全韧性底线", "project_type": "市政管网", "社区": "东山花园社区", "村": null}}, {"type": "Feature", "geometry": {"type": "Point", "coordinates": [111.287, 30.7]}, "properties": {"办件编号": "20240207001533", "事件": "投诉", "类9": "消防安全", "方面": "安全韧性", "geocode_status": "region", "board": "安全韧性底线", "project_type": "安全消防", "社区": null, "村": null}}, {"type": "Feature", "geometry": {"type": "Point", "coordinates": [111.333, 30.655]}, "properties": {"办件编号": "20240207001153", "事件": "求助", "类9": "管网安全", "方面": "安全韧性", "geocode_status": "region", "board": "安全韧性底线", "project_type": "市政管网", "社区": null, "村": null}}, {"type": "Feature", "geometry": {"type": "Point", "coordinates": [111.353963, 30.641534]}, "properties": {"办件编号": "20240207001049", "事件": "投诉", "类9": "出行安全", "方面": "安全韧性", "geocode_status": "ok", "board": "安全韧性底线", "project_type": "交通设施", "社区": "伍临路社区", "村": null}}, {"type": "Feature", "geometry": {"type": "Point", "coordinates": [111.301851, 30.727822]}, "properties": {"办件编号": "20240207001019", "事件": "投诉", "类9": "管网安全", "方面": "安全韧性", "geocode_status": "ok", "board": "安全韧性底线", "project_type": "市政管网", "社区": "大堰湾社区", "村": null}}, {"type": "Feature", "geometry": {"type": "Point", "coordinates": [111.301851, 30.727822]}, "properties": {"办件编号": "20240207000966", "事件": "投诉", "类9": "管网安全", "方面": "安全韧性", "geocode_status": "ok", "board": "安全韧性底线", "project_type": "市政管网", "社区": "大堰湾社区", "村": null}}, {"type": "Feature", "geometry": {"type": "Point", "coordinates": [111.301851, 30.727822]}, "properties": {"办件编号": "20240207000629", "事件": "投诉", "类9": "管网安全", "方面": "安全韧性", "geocode_status": "ok", "board": "安全韧性底线", "project_type": "市政管网", "社区": "大堰湾社区", "村": null}}, {"type": "Feature", "geometry": {"type": "Point", "coordinates": [111.321284, 30.67413]}, "properties": {"办件编号": "20240206001463", "事件": "投诉", "类9": "出行安全", "方面": "安全韧性", "geocode_status": "ok", "board": "安全韧性底线", "project_type": "交通设施", "社区": null, "村": "汉宜村"}}, {"type": "Feature", "geometry": {"type": "Point", "coordinates": [111.328869, 30.678785]}, "properties": {"办件编号": "20240206001315", "事件": "求助", "类9": "管网安全", "方面": "安全韧性", "geocode_status": "ok", "board": "安全韧性底线", "project_type": "市政管网", "社区": "胡家冲社区", "村": null}}, {"type": "Feature", "geometry": {"type": "Point", "coordinates": [111.309838, 30.684528]}, "properties": {"办件编号": "20240206001225", "事件": "投诉", "类9": "管网安全", "方面": "安全韧性", "geocode_status": "ok", "board": "安全韧性底线", "project_type": "市政管网", "社区": "建设社区", "村": null}}, {"type": "Feature", "geometry": {"type": "Point", "coordinates": [111.344527, 30.671033]}, "properties": {"办件编号": "20240206001214", "事件": "投诉", "类9": "管网安全", "方面": "安全韧性", "geocode_status": "ok", "board": "安全韧性底线", "project_type": "市政管网", "社区": "张家湾社区", "村": null}}, {"type": "Feature", "geometry": {"type": "Point", "coordinates": [111.287, 30.7]}, "properties": {"办件编号": "20240206001115", "事件": "求助", "类9": "管网安全", "方面": "安全韧性", "geocode_status": "region", "board": "安全韧性底线", "project_type": "市政管网", "社区": null, "村": null}}, {"type": "Feature", "geometry": {"type": "Point", "coordinates": [111.333, 30.655]}, "properties": {"办件编号": "20240206000133", "事件": "求助", "类9": "出行安全", "方面": "安全韧性", "geocode_status": "region", "board": "安全韧性底线", "project_type": "交通设施", "社区": null, "村": null}}, {"type": "Feature", "geometry": {"type": "Point", "coordinates": [111.351919, 30.674621]}, "properties": {"办件编号": "20240205001626", "事件": "投诉", "类9": "管网安全", "方面": "安全韧性", "geocode_status": "ok", "board": "安全韧性底线", "project_type": "市政管网", "社区": null, "村": "联丰村"}}, {"type": "Feature", "geometry": {"type": "Point", "coordinates": [111.321284, 30.67413]}, "properties": {"办件编号": "20240205001418", "事件": "投诉", "类9": "出行安全", "方面": "安全韧性", "geocode_status": "ok", "board": "安全韧性底线", "project_type": "交通设施", "社区": null, "村": "汉宜村"}}, {"type": "Feature", "geometry": {"type": "Point", "coordinates": [111.287, 30.7]}, "properties": {"办件编号": "20240205001324", "事件": "求助", "类9": "管网安全", "方面": "安全韧性", "geocode_status": "region", "board": "安全韧性底线", "project_type": "市政管网", "社区": null, "村": null}}, {"type": "Feature", "geometry": {"type": "Point", "coordinates": [111.321284, 30.67413]}, "properties": {"办件编号": "20240205001275", "事件": "求助", "类9": "管网安全", "方面": "安全韧性", "geocode_status": "ok", "board": "安全韧性底线", "project_type": "市政管网", "社区": null, "村": "汉宜村"}}, {"type": "Feature", "geometry": {"type": "Point", "coordinates": [111.333, 30.655]}, "properties": {"办件编号": "20240205001096", "事件": "求助", "类9": "管网安全", "方面": "安全韧性", "geocode_status": "region", "board": "安全韧性底线", "project_type": "市政管网", "社区": null, "村": null}}, {"type": "Feature", "geometry": {"type": "Point", "coordinates": [111.333, 30.655]}, "properties": {"办件编号": "20240205001095", "事件": "求助", "类9": "管网安全", "方面": "安全韧性", "geocode_status": "region", "board": "安全韧性底线", "project_type": "市政管网", "社区": null, "村": null}}, {"type": "Feature", "geometry": {"type": "Point", "coordinates": [111.307679, 30.681681]}, "properties": {"办件编号": "20240205000954", "事件": "求助", "类9": "管网安全", "方面": "安全韧性", "geocode_status": "ok", "board": "安全韧性底线", "project_type": "市政管网", "社区": "港务社区", "村": null}}, {"type": "Feature", "geometry": {"type": "Point", "coordinates": [111.321284, 30.67413]}, "properties": {"办件编号": "20240205000847", "事件": "求助", "类9": "管网安全", "方面": "安全韧性", "geocode_status": "ok", "board": "安全韧性底线", "project_type": "市政管网", "社区": null, "村": "汉宜村"}}, {"type": "Feature", "geometry": {"type": "Point", "coordinates": [111.305546, 30.733833]}, "properties": {"办件编号": "20240205000415", "事件": "求助", "类9": "管网安全", "方面": "安全韧性", "geocode_status": "ok", "board": "安全韧性底线", "project_type": "市政管网", "社区": "黄河路社区", "村": null}}, {"type": "Feature", "geometry": {"type": "Point", "coordinates": [111.305, 30.69]}, "properties": {"办件编号": "20240205000398", "事件": "求助", "类9": "管网安全", "方面": "安全韧性", "geocode_status": "region", "board": "安全韧性底线", "project_type": "市政管网", "社区": null, "村": null}}, {"type": "Feature", "geometry": {"type": "Point", "coordinates": [111.321284, 30.67413]}, "properties": {"办件编号": "20240205000304", "事件": "求助", "类9": "管网安全", "方面": "安全韧性", "geocode_status": "ok", "board": "安全韧性底线", "project_type": "市政管网", "社区": null, "村": "汉宜村"}}, {"type": "Feature", "geometry": {"type": "Point", "coordinates": [111.333, 30.655]}, "properties": {"办件编号": "20240205000046", "事件": "投诉", "类9": "管网安全", "方面": "安全韧性", "geocode_status": "region", "board": "安全韧性底线", "project_type": "市政管网", "社区": null, "村": null}}, {"type": "Feature", "geometry": {"type": "Point", "coordinates": [111.348182, 30.651934]}, "properties": {"办件编号": "20240204001493", "事件": "求助", "类9": "出行安全", "方面": "安全韧性", "geocode_status": "ok", "board": "安全韧性底线", "project_type": "交通设施", "社区": null, "村": "火光村"}}, {"type": "Feature", "geometry": {"type": "Point", "coordinates": [111.305, 30.69]}, "properties": {"办件编号": "20240204001414", "事件": "投诉", "类9": "管网安全", "方面": "安全韧性", "geocode_status": "region", "board": "安全韧性底线", "project_type": "市政管网", "社区": null, "村": null}}, {"type": "Feature", "geometry": {"type": "Point", "coordinates": [111.287, 30.7]}, "properties": {"办件编号": "20240204000927", "事件": "求助", "类9": "管网安全", "方面": "安全韧性", "geocode_status": "region", "board": "安全韧性底线", "project_type": "市政管网", "社区": null, "村": null}}, {"type": "Feature", "geometry": {"type": "Point", "coordinates": [111.307679, 30.681681]}, "properties": {"办件编号": "20240204000269", "事件": "求助", "类9": "管网安全", "方面": "安全韧性", "geocode_status": "ok", "board": "安全韧性底线", "project_type": "市政管网", "社区": "港务社区", "村": null}}, {"type": "Feature", "geometry": {"type": "Point", "coordinates": [111.287, 30.7]}, "properties": {"办件编号": "20240204000224", "事件": "求助", "类9": "管网安全", "方面": "安全韧性", "geocode_status": "region", "board": "安全韧性底线", "project_type": "市政管网", "社区": null, "村": null}}, {"type": "Feature", "geometry": {"type": "Point", "coordinates": [111.391729, 30.632777]}, "properties": {"办件编号": "20240203000481", "事件": "投诉", "类9": "消防安全", "方面": "安全韧性", "geocode_status": "ok", "board": "安全韧性底线", "project_type": "安全消防", "社区": null, "村": null}}, {"type": "Feature", "geometry": {"type": "Point", "coordinates": [111.287, 30.7]}, "properties": {"办件编号": "20240202001263", "事件": "求助", "类9": "管网安全", "方面": "安全韧性", "geocode_status": "region", "board": "安全韧性底线", "project_type": "市政管网", "社区": null, "村": null}}, {"type": "Feature", "geometry": {"type": "Point", "coordinates": [111.323715, 30.689303]}, "properties": {"办件编号": "20240202001221", "事件": "投诉", "类9": "消防安全", "方面": "安全韧性", "geocode_status": "ok", "board": "安全韧性底线", "project_type": "安全消防", "社区": "王家坝社区", "村": null}}, {"type": "Feature", "geometry": {"type": "Point", "coordinates": [111.287, 30.7]}, "properties": {"办件编号": "20240202000978", "事件": "求助", "类9": "出行安全", "方面": "安全韧性", "geocode_status": "region", "board": "安全韧性底线", "project_type": "交通设施", "社区": null, "村": null}}, {"type": "Feature", "geometry": {"type": "Point", "coordinates": [111.333, 30.655]}, "properties": {"办件编号": "20240202000810", "事件": "求助", "类9": "出行安全", "方面": "安全韧性", "geocode_status": "region", "board": "安全韧性底线", "project_type": "交通设施", "社区": null, "村": null}}, {"type": "Feature", "geometry": {"type": "Point", "coordinates": [111.291474, 30.698916]}, "properties": {"办件编号": "20240202000799", "事件": "求助", "类9": "管网安全", "方面": "安全韧性", "geocode_status": "ok", "board": "安全韧性底线", "project_type": "市政管网", "社区": "果园路社区", "村": null}}, {"type": "Feature", "geometry": {"type": "Point", "coordinates": [111.307679, 30.681681]}, "properties": {"办件编号": "20240202000044", "事件": "求助", "类9": "出行安全", "方面": "安全韧性", "geocode_status": "ok", "board": "安全韧性底线", "project_type": "交通设施", "社区": "港务社区", "村": null}}, {"type": "Feature", "geometry": {"type": "Point", "coordinates": [111.29742, 30.696315]}, "properties": {"办件编号": "20240202000014", "事件": "投诉", "类9": "出行安全", "方面": "安全韧性", "geocode_status": "ok", "board": "安全韧性底线", "project_type": "交通设施", "社区": "赵家湾社区", "村": null}}, {"type": "Feature", "geometry": {"type": "Point", "coordinates": [111.293779, 30.702559]}, "properties": {"办件编号": "20240201001266", "事件": "投诉", "类9": "消防安全", "方面": "安全韧性", "geocode_status": "ok", "board": "安全韧性底线", "project_type": "安全消防", "社区": "山庄路社区", "村": null}}, {"type": "Feature", "geometry": {"type": "Point", "coordinates": [111.283089, 30.72853]}, "properties": {"办件编号": "20240201000945", "事件": "求助", "类9": "管网安全", "方面": "安全韧性", "geocode_status": "ok", "board": "安全韧性底线", "project_type": "市政管网", "社区": "石子岭社区", "村": null}}, {"type": "Feature", "geometry": {"type": "Point", "coordinates": [111.287, 30.7]}, "properties": {"办件编号": "20240201000826", "事件": "求助", "类9": "管网安全", "方面": "安全韧性", "geocode_status": "region", "board": "安全韧性底线", "project_type": "市政管网", "社区": null, "村": null}}, {"type": "Feature", "geometry": {"type": "Point", "coordinates": [111.333572, 30.681932]}, "properties": {"办件编号": "20240201000758", "事件": "求助", "类9": "管网安全", "方面": "安全韧性", "geocode_status": "ok", "board": "安全韧性底线", "project_type": "市政管网", "社区": null, "村": "旭光村"}}, {"type": "Feature", "geometry": {"type": "Point", "coordinates": [111.333572, 30.681932]}, "properties": {"办件编号": "20240201000753", "事件": "求助", "类9": "管网安全", "方面": "安全韧性", "geocode_status": "ok", "board": "安全韧性底线", "project_type": "市政管网", "社区": null, "村": "旭光村"}}, {"type": "Feature", "geometry": {"type": "Point", "coordinates": [111.294162, 30.704762]}, "properties": {"办件编号": "20240201000421", "事件": "投诉", "类9": "管网安全", "方面": "安全韧性", "geocode_status": "ok", "board": "安全韧性底线", "project_type": "市政管网", "社区": "白龙井社区", "村": null}}, {"type": "Feature", "geometry": {"type": "Point", "coordinates": [111.291828, 30.720074]}, "properties": {"办件编号": "20240201000328", "事件": "求助", "类9": "管网安全", "方面": "安全韧性", "geocode_status": "ok", "board": "安全韧性底线", "project_type": "市政管网", "社区": "肖家岗社区", "村": null}}, {"type": "Feature", "geometry": {"type": "Point", "coordinates": [111.287, 30.7]}, "properties": {"办件编号": "20240201000287", "事件": "求助", "类9": "出行安全", "方面": "安全韧性", "geocode_status": "region", "board": "安全韧性底线", "project_type": "交通设施", "社区": null, "村": null}}, {"type": "Feature", "geometry": {"type": "Point", "coordinates": [111.346484, 30.73729]}, "properties": {"办件编号": "20240201000276", "事件": "求助", "类9": "出行安全", "方面": "安全韧性", "geocode_status": "ok", "board": "安全韧性底线", "project_type": "交通设施", "社区": "石板社区", "村": null}}, {"type": "Feature", "geometry": {"type": "Point", "coordinates": [111.349667, 30.724518]}, "properties": {"办件编号": "20240201000122", "事件": "求助", "类9": "管网安全", "方面": "安全韧性", "geocode_status": "ok", "board": "安全韧性底线", "project_type": "市政管网", "社区": "石板社区", "村": null}}, {"type": "Feature", "geometry": {"type": "Point", "coordinates": [111.334183, 30.665615]}, "properties": {"办件编号": "20240201000129", "事件": "投诉", "类9": "消防安全", "方面": "安全韧性", "geocode_status": "ok", "board": "安全韧性底线", "project_type": "安全消防", "社区": "徐家坝社区", "村": null}}, {"type": "Feature", "geometry": {"type": "Point", "coordinates": [111.291348, 30.69467]}, "properties": {"办件编号": "20240201000105", "事件": "求助", "类9": "消防安全", "方面": "安全韧性", "geocode_status": "ok", "board": "安全韧性底线", "project_type": "安全消防", "社区": "新隆康路社区", "村": null}}, {"type": "Feature", "geometry": {"type": "Point", "coordinates": [111.325268, 30.739448]}, "properties": {"办件编号": "20240201000051", "事件": "求助", "类9": "管网安全", "方面": "安全韧性", "geocode_status": "ok", "board": "安全韧性底线", "project_type": "市政管网", "社区": "唐家湾社区", "村": null}}, {"type": "Feature", "geometry": {"type": "Point", "coordinates": [111.297007, 30.705155]}, "properties": {"办件编号": "20240131001224", "事件": "投诉", "类9": "管网安全", "方面": "安全韧性", "geocode_status": "ok", "board": "安全韧性底线", "project_type": "市政管网", "社区": "香锦社区", "村": null}}, {"type": "Feature", "geometry": {"type": "Point", "coordinates": [111.376121, 30.665164]}, "properties": {"办件编号": "20240131000946", "事件": "投诉", "类9": "出行安全", "方面": "安全韧性", "geocode_status": "ok", "board": "安全韧性底线", "project_type": "交通设施", "社区": "三峡物流园社区", "村": null}}, {"type": "Feature", "geometry": {"type": "Point", "coordinates": [111.305614, 30.735996]}, "properties": {"办件编号": "20240131000888", "事件": "投诉", "类9": "管网安全", "方面": "安全韧性", "geocode_status": "ok", "board": "安全韧性底线", "project_type": "市政管网", "社区": "黄河路社区", "村": null}}, {"type": "Feature", "geometry": {"type": "Point", "coordinates": [111.287, 30.7]}, "properties": {"办件编号": "20240131000131", "事件": "求助", "类9": "管网安全", "方面": "安全韧性", "geocode_status": "region", "board": "安全韧性底线", "project_type": "市政管网", "社区": null, "村": null}}, {"type": "Feature", "geometry": {"type": "Point", "coordinates": [111.328249, 30.748347]}, "properties": {"办件编号": "20240131000071", "事件": "求助", "类9": "出行安全", "方面": "安全韧性", "geocode_status": "ok", "board": "安全韧性底线", "project_type": "交通设施", "社区": "金斗山社区", "村": null}}, {"type": "Feature", "geometry": {"type": "Point", "coordinates": [111.334306, 30.721825]}, "properties": {"办件编号": "20240130001407", "事件": "投诉", "类9": "管网安全", "方面": "安全韧性", "geocode_status": "ok", "board": "安全韧性底线", "project_type": "市政管网", "社区": "朝阳路社区", "村": null}}, {"type": "Feature", "geometry": {"type": "Point", "coordinates": [111.308488, 30.729055]}, "properties": {"办件编号": "20240130001394", "事件": "投诉", "类9": "管网安全", "方面": "安全韧性", "geocode_status": "ok", "board": "安全韧性底线", "project_type": "市政管网", "社区": "大学路社区", "村": null}}, {"type": "Feature", "geometry": {"type": "Point", "coordinates": [111.333, 30.655]}, "properties": {"办件编号": "20240130001361", "事件": "求助", "类9": "管网安全", "方面": "安全韧性", "geocode_status": "region", "board": "安全韧性底线", "project_type": "市政管网", "社区": null, "村": null}}, {"type": "Feature", "geometry": {"type": "Point", "coordinates": [111.333, 30.655]}, "properties": {"办件编号": "20240130001358", "事件": "求助", "类9": "管网安全", "方面": "安全韧性", "geocode_status": "region", "board": "安全韧性底线", "project_type": "市政管网", "社区": null, "村": null}}, {"type": "Feature", "geometry": {"type": "Point", "coordinates": [111.335662, 30.684713]}, "properties": {"办件编号": "20240130001326", "事件": "投诉", "类9": "出行安全", "方面": "安全韧性", "geocode_status": "ok", "board": "安全韧性底线", "project_type": "交通设施", "社区": null, "村": "旭光村"}}, {"type": "Feature", "geometry": {"type": "Point", "coordinates": [111.306724, 30.680978]}, "properties": {"办件编号": "20240130000734", "事件": "投诉", "类9": "管网安全", "方面": "安全韧性", "geocode_status": "ok", "board": "安全韧性底线", "project_type": "市政管网", "社区": "万达社区", "村": null}}, {"type": "Feature", "geometry": {"type": "Point", "coordinates": [111.308249, 30.694457]}, "properties": {"办件编号": "20240130000567", "事件": "求助", "类9": "出行安全", "方面": "安全韧性", "geocode_status": "ok", "board": "安全韧性底线", "project_type": "交通设施", "社区": "体育场路社区", "村": null}}, {"type": "Feature", "geometry": {"type": "Point", "coordinates": [111.306724, 30.680978]}, "properties": {"办件编号": "20240129001218", "事件": "投诉", "类9": "管网安全", "方面": "安全韧性", "geocode_status": "ok", "board": "安全韧性底线", "project_type": "市政管网", "社区": "万达社区", "村": null}}, {"type": "Feature", "geometry": {"type": "Point", "coordinates": [111.307679, 30.681681]}, "properties": {"办件编号": "20240129001057", "事件": "投诉", "类9": "消防安全", "方面": "安全韧性", "geocode_status": "ok", "board": "安全韧性底线", "project_type": "安全消防", "社区": "港务社区", "村": null}}, {"type": "Feature", "geometry": {"type": "Point", "coordinates": [111.290687, 30.719225]}, "properties": {"办件编号": "20240129001027", "事件": "投诉", "类9": "管网安全", "方面": "安全韧性", "geocode_status": "ok", "board": "安全韧性底线", "project_type": "市政管网", "社区": "肖家岗社区", "村": null}}, {"type": "Feature", "geometry": {"type": "Point", "coordinates": [111.291474, 30.698916]}, "properties": {"办件编号": "20240129000920", "事件": "建议", "类9": "管网安全", "方面": "安全韧性", "geocode_status": "ok", "board": "安全韧性底线", "project_type": "市政管网", "社区": "果园路社区", "村": null}}, {"type": "Feature", "geometry": {"type": "Point", "coordinates": [111.287, 30.7]}, "properties": {"办件编号": "20240129000887", "事件": "求助", "类9": "管网安全", "方面": "安全韧性", "geocode_status": "region", "board": "安全韧性底线", "project_type": "市政管网", "社区": null, "村": null}}, {"type": "Feature", "geometry": {"type": "Point", "coordinates": [111.307679, 30.681681]}, "properties": {"办件编号": "20240129000660", "事件": "求助", "类9": "管网安全", "方面": "安全韧性", "geocode_status": "ok", "board": "安全韧性底线", "project_type": "市政管网", "社区": "港务社区", "村": null}}, {"type": "Feature", "geometry": {"type": "Point", "coordinates": [111.296895, 30.711691]}, "properties": {"办件编号": "20240129000486", "事件": "求助", "类9": "管网安全", "方面": "安全韧性", "geocode_status": "ok", "board": "安全韧性底线", "project_type": "市政管网", "社区": "土城路社区", "村": null}}, {"type": "Feature", "geometry": {"type": "Point", "coordinates": [111.287, 30.7]}, "properties": {"办件编号": "20240129000378", "事件": "求助", "类9": "管网安全", "方面": "安全韧性", "geocode_status": "region", "board": "安全韧性底线", "project_type": "市政管网", "社区": null, "村": null}}, {"type": "Feature", "geometry": {"type": "Point", "coordinates": [111.287, 30.7]}, "properties": {"办件编号": "20240129000369", "事件": "求助", "类9": "管网安全", "方面": "安全韧性", "geocode_status": "region", "board": "安全韧性底线", "project_type": "市政管网", "社区": null, "村": null}}, {"type": "Feature", "geometry": {"type": "Point", "coordinates": [111.354355, 30.673084]}, "properties": {"办件编号": "20240129000130", "事件": "投诉", "类9": "出行安全", "方面": "安全韧性", "geocode_status": "ok", "board": "安全韧性底线", "project_type": "交通设施", "社区": "张家湾社区", "村": null}}, {"type": "Feature", "geometry": {"type": "Point", "coordinates": [111.354355, 30.673084]}, "properties": {"办件编号": "20240129000102", "事件": "投诉", "类9": "出行安全", "方面": "安全韧性", "geocode_status": "ok", "board": "安全韧性底线", "project_type": "交通设施", "社区": "张家湾社区", "村": null}}, {"type": "Feature", "geometry": {"type": "Point", "coordinates": [111.315894, 30.679365]}, "properties": {"办件编号": "20240128000395", "事件": "投诉", "类9": "管网安全", "方面": "安全韧性", "geocode_status": "ok", "board": "安全韧性底线", "project_type": "市政管网", "社区": null, "村": "汉宜村"}}, {"type": "Feature", "geometry": {"type": "Point", "coordinates": [111.324757, 30.719757]}, "properties": {"办件编号": "20240128000362", "事件": "投诉", "类9": "管网安全", "方面": "安全韧性", "geocode_status": "ok", "board": "安全韧性底线", "project_type": "市政管网", "社区": "汕头路社区", "村": null}}, {"type": "Feature", "geometry": {"type": "Point", "coordinates": [111.286962, 30.69217]}, "properties": {"办件编号": "20240128000243", "事件": "投诉", "类9": "出行安全", "方面": "安全韧性", "geocode_status": "ok", "board": "安全韧性底线", "project_type": "交通设施", "社区": "新隆康路社区", "村": null}}, {"type": "Feature", "geometry": {"type": "Point", "coordinates": [111.286654, 30.701853]}, "properties": {"办件编号": "20240128000116", "事件": "投诉", "类9": "消防安全", "方面": "安全韧性", "geocode_status": "ok", "board": "安全韧性底线", "project_type": "安全消防", "社区": "气象台社区", "村": null}}, {"type": "Feature", "geometry": {"type": "Point", "coordinates": [111.318313, 30.700574]}, "properties": {"办件编号": "20240127000723", "事件": "投诉", "类9": "管网安全", "方面": "安全韧性", "geocode_status": "ok", "board": "安全韧性底线", "project_type": "市政管网", "社区": "学堂湾社区", "村": null}}, {"type": "Feature", "geometry": {"type": "Point", "coordinates": [111.333, 30.655]}, "properties": {"办件编号": "20240127000206", "事件": "求助", "类9": "管网安全", "方面": "安全韧性", "geocode_status": "region", "board": "安全韧性底线", "project_type": "市政管网", "社区": null, "村": null}}, {"type": "Feature", "geometry": {"type": "Point", "coordinates": [111.287, 30.7]}, "properties": {"办件编号": "20240126001107", "事件": "求助", "类9": "管网安全", "方面": "安全韧性", "geocode_status": "region", "board": "安全韧性底线", "project_type": "市政管网", "社区": null, "村": null}}, {"type": "Feature", "geometry": {"type": "Point", "coordinates": [111.362821, 30.64987]}, "properties": {"办件编号": "20240126000727", "事件": "投诉", "类9": "管网安全", "方面": "安全韧性", "geocode_status": "ok", "board": "安全韧性底线", "project_type": "市政管网", "社区": null, "村": "共勤村"}}, {"type": "Feature", "geometry": {"type": "Point", "coordinates": [111.342886, 30.694523]}, "properties": {"办件编号": "20240126000270", "事件": "求助", "类9": "管网安全", "方面": "安全韧性", "geocode_status": "ok", "board": "安全韧性底线", "project_type": "市政管网", "社区": "大树湾社区", "村": null}}, {"type": "Feature", "geometry": {"type": "Point", "coordinates": [111.296895, 30.711691]}, "properties": {"办件编号": "20240126000268", "事件": "求助", "类9": "管网安全", "方面": "安全韧性", "geocode_status": "ok", "board": "安全韧性底线", "project_type": "市政管网", "社区": "土城路社区", "村": null}}, {"type": "Feature", "geometry": {"type": "Point", "coordinates": [111.299867, 30.694564]}, "properties": {"办件编号": "20240125001334", "事件": "投诉", "类9": "管网安全", "方面": "安全韧性", "geocode_status": "ok", "board": "安全韧性底线", "project_type": "市政管网", "社区": "体育场路社区", "村": null}}, {"type": "Feature", "geometry": {"type": "Point", "coordinates": [111.333, 30.655]}, "properties": {"办件编号": "20240125001248", "事件": "投诉", "类9": "消防安全", "方面": "安全韧性", "geocode_status": "region", "board": "安全韧性底线", "project_type": "安全消防", "社区": null, "村": null}}, {"type": "Feature", "geometry": {"type": "Point", "coordinates": [111.336643, 30.679077]}, "properties": {"办件编号": "20240125001247", "事件": "投诉", "类9": "消防安全", "方面": "安全韧性", "geocode_status": "ok", "board": "安全韧性底线", "project_type": "安全消防", "社区": "白家冲社区", "村": null}}, {"type": "Feature", "geometry": {"type": "Point", "coordinates": [111.287, 30.7]}, "properties": {"办件编号": "20240125000980", "事件": "求助", "类9": "管网安全", "方面": "安全韧性", "geocode_status": "region", "board": "安全韧性底线", "project_type": "市政管网", "社区": null, "村": null}}, {"type": "Feature", "geometry": {"type": "Point", "coordinates": [111.333, 30.655]}, "properties": {"办件编号": "20240125000979", "事件": "求助", "类9": "管网安全", "方面": "安全韧性", "geocode_status": "region", "board": "安全韧性底线", "project_type": "市政管网", "社区": null, "村": null}}, {"type": "Feature", "geometry": {"type": "Point", "coordinates": [111.287, 30.7]}, "properties": {"办件编号": "20240125000766", "事件": "求助", "类9": "出行安全", "方面": "安全韧性", "geocode_status": "region", "board": "安全韧性底线", "project_type": "交通设施", "社区": null, "村": null}}, {"type": "Feature", "geometry": {"type": "Point", "coordinates": [111.287, 30.7]}, "properties": {"办件编号": "20240125000452", "事件": "求助", "类9": "出行安全", "方面": "安全韧性", "geocode_status": "region", "board": "安全韧性底线", "project_type": "交通设施", "社区": null, "村": null}}, {"type": "Feature", "geometry": {"type": "Point", "coordinates": [111.286263, 30.693799]}, "properties": {"办件编号": "20240125000279", "事件": "求助", "类9": "出行安全", "方面": "安全韧性", "geocode_status": "ok", "board": "安全韧性底线", "project_type": "交通设施", "社区": "小林园社区", "村": null}}, {"type": "Feature", "geometry": {"type": "Point", "coordinates": [111.287, 30.7]}, "properties": {"办件编号": "20240125000187", "事件": "求助", "类9": "出行安全", "方面": "安全韧性", "geocode_status": "region", "board": "安全韧性底线", "project_type": "交通设施", "社区": null, "村": null}}, {"type": "Feature", "geometry": {"type": "Point", "coordinates": [111.287, 30.7]}, "properties": {"办件编号": "20240125000147", "事件": "求助", "类9": "出行安全", "方面": "安全韧性", "geocode_status": "region", "board": "安全韧性底线", "project_type": "交通设施", "社区": null, "村": null}}, {"type": "Feature", "geometry": {"type": "Point", "coordinates": [111.334306, 30.721825]}, "properties": {"办件编号": "20240124000822", "事件": "建议", "类9": "管网安全", "方面": "安全韧性", "geocode_status": "ok", "board": "安全韧性底线", "project_type": "市政管网", "社区": "朝阳路社区", "村": null}}, {"type": "Feature", "geometry": {"type": "Point", "coordinates": [111.354693, 30.664327]}, "properties": {"办件编号": "20240124000406", "事件": "求助", "类9": "管网安全", "方面": "安全韧性", "geocode_status": "ok", "board": "安全韧性底线", "project_type": "市政管网", "社区": null, "村": "火光村"}}, {"type": "Feature", "geometry": {"type": "Point", "coordinates": [111.306724, 30.680978]}, "properties": {"办件编号": "20240124000310", "事件": "投诉", "类9": "管网安全", "方面": "安全韧性", "geocode_status": "ok", "board": "安全韧性底线", "project_type": "市政管网", "社区": "万达社区", "村": null}}, {"type": "Feature", "geometry": {"type": "Point", "coordinates": [111.380082, 30.660195]}, "properties": {"办件编号": "20240124000237", "事件": "求助", "类9": "管网安全", "方面": "安全韧性", "geocode_status": "ok", "board": "安全韧性底线", "project_type": "市政管网", "社区": null, "村": "共和村"}}, {"type": "Feature", "geometry": {"type": "Point", "coordinates": [111.333, 30.655]}, "properties": {"办件编号": "20240124000225", "事件": "求助", "类9": "管网安全", "方面": "安全韧性", "geocode_status": "region", "board": "安全韧性底线", "project_type": "市政管网", "社区": null, "村": null}}, {"type": "Feature", "geometry": {"type": "Point", "coordinates": [111.285473, 30.699294]}, "properties": {"办件编号": "20240124000195", "事件": "求助", "类9": "出行安全", "方面": "安全韧性", "geocode_status": "ok", "board": "安全韧性底线", "project_type": "交通设施", "社区": "夷陵路社区", "村": null}}, {"type": "Feature", "geometry": {"type": "Point", "coordinates": [111.287, 30.7]}, "properties": {"办件编号": "20240124000149", "事件": "求助", "类9": "出行安全", "方面": "安全韧性", "geocode_status": "region", "board": "安全韧性底线", "project_type": "交通设施", "社区": null, "村": null}}, {"type": "Feature", "geometry": {"type": "Point", "coordinates": [111.287, 30.7]}, "properties": {"办件编号": "20240124000138", "事件": "求助", "类9": "出行安全", "方面": "安全韧性", "geocode_status": "region", "board": "安全韧性底线", "project_type": "交通设施", "社区": null, "村": null}}, {"type": "Feature", "geometry": {"type": "Point", "coordinates": [111.292642, 30.691585]}, "properties": {"办件编号": "20240124000096", "事件": "求助", "类9": "管网安全", "方面": "安全韧性", "geocode_status": "ok", "board": "安全韧性底线", "project_type": "市政管网", "社区": "胜利四路社区", "村": null}}, {"type": "Feature", "geometry": {"type": "Point", "coordinates": [111.299913, 30.730093]}, "properties": {"办件编号": "20240123000246", "事件": "求助", "类9": "管网安全", "方面": "安全韧性", "geocode_status": "ok", "board": "安全韧性底线", "project_type": "市政管网", "社区": "大堰湾社区", "村": null}}, {"type": "Feature", "geometry": {"type": "Point", "coordinates": [111.299913, 30.730093]}, "properties": {"办件编号": "20240123000197", "事件": "求助", "类9": "管网安全", "方面": "安全韧性", "geocode_status": "ok", "board": "安全韧性底线", "project_type": "市政管网", "社区": "大堰湾社区", "村": null}}, {"type": "Feature", "geometry": {"type": "Point", "coordinates": [111.287, 30.7]}, "properties": {"办件编号": "20240123000102", "事件": "求助", "类9": "出行安全", "方面": "安全韧性", "geocode_status": "region", "board": "安全韧性底线", "project_type": "交通设施", "社区": null, "村": null}}, {"type": "Feature", "geometry": {"type": "Point", "coordinates": [111.333, 30.655]}, "properties": {"办件编号": "20240122001178", "事件": "求助", "类9": "出行安全", "方面": "安全韧性", "geocode_status": "region", "board": "安全韧性底线", "project_type": "交通设施", "社区": null, "村": null}}, {"type": "Feature", "geometry": {"type": "Point", "coordinates": [111.312189, 30.708185]}, "properties": {"办件编号": "20240122001104", "事件": "求助", "类9": "出行安全", "方面": "安全韧性", "geocode_status": "ok", "board": "安全韧性底线", "project_type": "交通设施", "社区": "珠海路社区", "村": null}}, {"type": "Feature", "geometry": {"type": "Point", "coordinates": [111.287, 30.7]}, "properties": {"办件编号": "20240122001045", "事件": "求助", "类9": "管网安全", "方面": "安全韧性", "geocode_status": "region", "board": "安全韧性底线", "project_type": "市政管网", "社区": null, "村": null}}, {"type": "Feature", "geometry": {"type": "Point", "coordinates": [111.300361, 30.694112]}, "properties": {"办件编号": "20240122001003", "事件": "求助", "类9": "出行安全", "方面": "安全韧性", "geocode_status": "ok", "board": "安全韧性底线", "project_type": "交通设施", "社区": "体育场路社区", "村": null}}, {"type": "Feature", "geometry": {"type": "Point", "coordinates": [111.300361, 30.694112]}, "properties": {"办件编号": "20240122000998", "事件": "求助", "类9": "管网安全", "方面": "安全韧性", "geocode_status": "ok", "board": "安全韧性底线", "project_type": "市政管网", "社区": "体育场路社区", "村": null}}, {"type": "Feature", "geometry": {"type": "Point", "coordinates": [111.287, 30.7]}, "properties": {"办件编号": "20240122000862", "事件": "求助", "类9": "出行安全", "方面": "安全韧性", "geocode_status": "region", "board": "安全韧性底线", "project_type": "交通设施", "社区": null, "村": null}}, {"type": "Feature", "geometry": {"type": "Point", "coordinates": [111.307679, 30.681681]}, "properties": {"办件编号": "20240122000646", "事件": "求助", "类9": "出行安全", "方面": "安全韧性", "geocode_status": "ok", "board": "安全韧性底线", "project_type": "交通设施", "社区": "港务社区", "村": null}}, {"type": "Feature", "geometry": {"type": "Point", "coordinates": [111.287, 30.7]}, "properties": {"办件编号": "20240122000597", "事件": "求助", "类9": "出行安全", "方面": "安全韧性", "geocode_status": "region", "board": "安全韧性底线", "project_type": "交通设施", "社区": null, "村": null}}, {"type": "Feature", "geometry": {"type": "Point", "coordinates": [111.336643, 30.679077]}, "properties": {"办件编号": "20240122000496", "事件": "投诉", "类9": "消防安全", "方面": "安全韧性", "geocode_status": "ok", "board": "安全韧性底线", "project_type": "安全消防", "社区": "白家冲社区", "村": null}}, {"type": "Feature", "geometry": {"type": "Point", "coordinates": [111.285696, 30.710765]}, "properties": {"办件编号": "20240122000299", "事件": "求助", "类9": "管网安全", "方面": "安全韧性", "geocode_status": "ok", "board": "安全韧性底线", "project_type": "市政管网", "社区": "翁家堰社区", "村": null}}, {"type": "Feature", "geometry": {"type": "Point", "coordinates": [111.321284, 30.67413]}, "properties": {"办件编号": "20240122000185", "事件": "求助", "类9": "出行安全", "方面": "安全韧性", "geocode_status": "ok", "board": "安全韧性底线", "project_type": "交通设施", "社区": null, "村": "汉宜村"}}, {"type": "Feature", "geometry": {"type": "Point", "coordinates": [111.333, 30.655]}, "properties": {"办件编号": "20240122000148", "事件": "求助", "类9": "管网安全", "方面": "安全韧性", "geocode_status": "region", "board": "安全韧性底线", "project_type": "市政管网", "社区": null, "村": null}}, {"type": "Feature", "geometry": {"type": "Point", "coordinates": [111.29241, 30.709885]}, "properties": {"办件编号": "20240122000101", "事件": "投诉", "类9": "出行安全", "方面": "安全韧性", "geocode_status": "ok", "board": "安全韧性底线", "project_type": "交通设施", "社区": "绿萝路社区", "村": null}}, {"type": "Feature", "geometry": {"type": "Point", "coordinates": [111.278532, 30.702513]}, "properties": {"办件编号": "20240122000082", "事件": "求助", "类9": "管网安全", "方面": "安全韧性", "geocode_status": "ok", "board": "安全韧性底线", "project_type": "市政管网", "社区": "环城东路社区", "村": null}}, {"type": "Feature", "geometry": {"type": "Point", "coordinates": [111.333, 30.655]}, "properties": {"办件编号": "20240122000089", "事件": "投诉", "类9": "消防安全", "方面": "安全韧性", "geocode_status": "region", "board": "安全韧性底线", "project_type": "安全消防", "社区": null, "村": null}}, {"type": "Feature", "geometry": {"type": "Point", "coordinates": [111.354355, 30.673084]}, "properties": {"办件编号": "20240122000051", "事件": "投诉", "类9": "出行安全", "方面": "安全韧性", "geocode_status": "ok", "board": "安全韧性底线", "project_type": "交通设施", "社区": "张家湾社区", "村": null}}, {"type": "Feature", "geometry": {"type": "Point", "coordinates": [111.295118, 30.68185]}, "properties": {"办件编号": "20240121000072", "事件": "投诉", "类9": "出行安全", "方面": "安全韧性", "geocode_status": "ok", "board": "安全韧性底线", "project_type": "交通设施", "社区": null, "村": null}}, {"type": "Feature", "geometry": {"type": "Point", "coordinates": [111.33961, 30.66113]}, "properties": {"办件编号": "20240120000595", "事件": "投诉", "类9": "管网安全", "方面": "安全韧性", "geocode_status": "ok", "board": "安全韧性底线", "project_type": "市政管网", "社区": null, "村": "火光村"}}, {"type": "Feature", "geometry": {"type": "Point", "coordinates": [111.373058, 30.646455]}, "properties": {"办件编号": "20240120000548", "事件": "求助", "类9": "消防安全", "方面": "安全韧性", "geocode_status": "ok", "board": "安全韧性底线", "project_type": "安全消防", "社区": null, "村": "共谊村"}}, {"type": "Feature", "geometry": {"type": "Point", "coordinates": [111.319528, 30.689076]}, "properties": {"办件编号": "20240120000349", "事件": "投诉", "类9": "消防安全", "方面": "安全韧性", "geocode_status": "ok", "board": "安全韧性底线", "project_type": "安全消防", "社区": "王家坝社区", "村": null}}, {"type": "Feature", "geometry": {"type": "Point", "coordinates": [111.29241, 30.709885]}, "properties": {"办件编号": "20240120000070", "事件": "投诉", "类9": "管网安全", "方面": "安全韧性", "geocode_status": "ok", "board": "安全韧性底线", "project_type": "市政管网", "社区": "绿萝路社区", "村": null}}, {"type": "Feature", "geometry": {"type": "Point", "coordinates": [111.307679, 30.681681]}, "properties": {"办件编号": "20240120000053", "事件": "投诉", "类9": "管网安全", "方面": "安全韧性", "geocode_status": "ok", "board": "安全韧性底线", "project_type": "市政管网", "社区": "港务社区", "村": null}}, {"type": "Feature", "geometry": {"type": "Point", "coordinates": [111.299959, 30.705784]}, "properties": {"办件编号": "20240119001138", "事件": "建议", "类9": "出行安全", "方面": "安全韧性", "geocode_status": "ok", "board": "安全韧性底线", "project_type": "交通设施", "社区": "白龙井社区", "村": null}}, {"type": "Feature", "geometry": {"type": "Point", "coordinates": [111.287, 30.7]}, "properties": {"办件编号": "20240119001109", "事件": "求助", "类9": "出行安全", "方面": "安全韧性", "geocode_status": "region", "board": "安全韧性底线", "project_type": "交通设施", "社区": null, "村": null}}, {"type": "Feature", "geometry": {"type": "Point", "coordinates": [111.287864, 30.72299]}, "properties": {"办件编号": "20240119000919", "事件": "投诉", "类9": "出行安全", "方面": "安全韧性", "geocode_status": "ok", "board": "安全韧性底线", "project_type": "交通设施", "社区": "长樵溪社区", "村": null}}, {"type": "Feature", "geometry": {"type": "Point", "coordinates": [111.314969, 30.741795]}, "properties": {"办件编号": "20240119000785", "事件": "求助", "类9": "管网安全", "方面": "安全韧性", "geocode_status": "ok", "board": "安全韧性底线", "project_type": "市政管网", "社区": "沙河社区", "村": null}}, {"type": "Feature", "geometry": {"type": "Point", "coordinates": [111.287, 30.7]}, "properties": {"办件编号": "20240119000745", "事件": "求助", "类9": "出行安全", "方面": "安全韧性", "geocode_status": "region", "board": "安全韧性底线", "project_type": "交通设施", "社区": null, "村": null}}, {"type": "Feature", "geometry": {"type": "Point", "coordinates": [111.296208, 30.698697]}, "properties": {"办件编号": "20240119000611", "事件": "求助", "类9": "管网安全", "方面": "安全韧性", "geocode_status": "ok", "board": "安全韧性底线", "project_type": "市政管网", "社区": "山庄路社区", "村": null}}, {"type": "Feature", "geometry": {"type": "Point", "coordinates": [111.287, 30.7]}, "properties": {"办件编号": "20240119000106", "事件": "求助", "类9": "管网安全", "方面": "安全韧性", "geocode_status": "region", "board": "安全韧性底线", "project_type": "市政管网", "社区": null, "村": null}}, {"type": "Feature", "geometry": {"type": "Point", "coordinates": [111.305546, 30.733833]}, "properties": {"办件编号": "20240119000066", "事件": "求助", "类9": "出行安全", "方面": "安全韧性", "geocode_status": "ok", "board": "安全韧性底线", "project_type": "交通设施", "社区": "黄河路社区", "村": null}}, {"type": "Feature", "geometry": {"type": "Point", "coordinates": [111.299037, 30.726782]}, "properties": {"办件编号": "20240119000065", "事件": "求助", "类9": "出行安全", "方面": "安全韧性", "geocode_status": "ok", "board": "安全韧性底线", "project_type": "交通设施", "社区": "望洲社区", "村": null}}, {"type": "Feature", "geometry": {"type": "Point", "coordinates": [111.341091, 30.685179]}, "properties": {"办件编号": "20240119000039", "事件": "投诉", "类9": "出行安全", "方面": "安全韧性", "geocode_status": "ok", "board": "安全韧性底线", "project_type": "交通设施", "社区": null, "村": "旭光村"}}, {"type": "Feature", "geometry": {"type": "Point", "coordinates": [111.355127, 30.637557]}, "properties": {"办件编号": "20240118001306", "事件": "投诉", "类9": "管网安全", "方面": "安全韧性", "geocode_status": "ok", "board": "安全韧性底线", "project_type": "市政管网", "社区": null, "村": "共勤村"}}, {"type": "Feature", "geometry": {"type": "Point", "coordinates": [111.287, 30.7]}, "properties": {"办件编号": "20240118001118", "事件": "求助", "类9": "管网安全", "方面": "安全韧性", "geocode_status": "region", "board": "安全韧性底线", "project_type": "市政管网", "社区": null, "村": null}}, {"type": "Feature", "geometry": {"type": "Point", "coordinates": [111.287, 30.7]}, "properties": {"办件编号": "20240118001084", "事件": "求助", "类9": "管网安全", "方面": "安全韧性", "geocode_status": "region", "board": "安全韧性底线", "project_type": "市政管网", "社区": null, "村": null}}, {"type": "Feature", "geometry": {"type": "Point", "coordinates": [111.307679, 30.681681]}, "properties": {"办件编号": "20240118000983", "事件": "求助", "类9": "管网安全", "方面": "安全韧性", "geocode_status": "ok", "board": "安全韧性底线", "project_type": "市政管网", "社区": "港务社区", "村": null}}, {"type": "Feature", "geometry": {"type": "Point", "coordinates": [111.333, 30.655]}, "properties": {"办件编号": "20240118000961", "事件": "求助", "类9": "管网安全", "方面": "安全韧性", "geocode_status": "region", "board": "安全韧性底线", "project_type": "市政管网", "社区": null, "村": null}}, {"type": "Feature", "geometry": {"type": "Point", "coordinates": [111.287, 30.7]}, "properties": {"办件编号": "20240118000918", "事件": "建议", "类9": "管网安全", "方面": "安全韧性", "geocode_status": "region", "board": "安全韧性底线", "project_type": "市政管网", "社区": null, "村": null}}, {"type": "Feature", "geometry": {"type": "Point", "coordinates": [111.308249, 30.694457]}, "properties": {"办件编号": "20240118000839", "事件": "求助", "类9": "出行安全", "方面": "安全韧性", "geocode_status": "ok", "board": "安全韧性底线", "project_type": "交通设施", "社区": "体育场路社区", "村": null}}, {"type": "Feature", "geometry": {"type": "Point", "coordinates": [111.287, 30.7]}, "properties": {"办件编号": "20240118000769", "事件": "求助", "类9": "管网安全", "方面": "安全韧性", "geocode_status": "region", "board": "安全韧性底线", "project_type": "市政管网", "社区": null, "村": null}}, {"type": "Feature", "geometry": {"type": "Point", "coordinates": [111.307679, 30.681681]}, "properties": {"办件编号": "20240118000696", "事件": "求助", "类9": "消防安全", "方面": "安全韧性", "geocode_status": "ok", "board": "安全韧性底线", "project_type": "安全消防", "社区": "港务社区", "村": null}}, {"type": "Feature", "geometry": {"type": "Point", "coordinates": [111.295118, 30.68185]}, "properties": {"办件编号": "20240118000654", "事件": "投诉", "类9": "出行安全", "方面": "安全韧性", "geocode_status": "ok", "board": "安全韧性底线", "project_type": "交通设施", "社区": null, "村": null}}, {"type": "Feature", "geometry": {"type": "Point", "coordinates": [111.333077, 30.672406]}, "properties": {"办件编号": "20240118000457", "事件": "投诉", "类9": "消防安全", "方面": "安全韧性", "geocode_status": "ok", "board": "安全韧性底线", "project_type": "安全消防", "社区": null, "村": "合益村"}}, {"type": "Feature", "geometry": {"type": "Point", "coordinates": [111.29628, 30.693681]}, "properties": {"办件编号": "20240118000351", "事件": "投诉", "类9": "管网安全", "方面": "安全韧性", "geocode_status": "ok", "board": "安全韧性底线", "project_type": "市政管网", "社区": "金家台社区", "村": null}}, {"type": "Feature", "geometry": {"type": "Point", "coordinates": [111.287, 30.7]}, "properties": {"办件编号": "20240118000282", "事件": "求助", "类9": "管网安全", "方面": "安全韧性", "geocode_status": "region", "board": "安全韧性底线", "project_type": "市政管网", "社区": null, "村": null}}, {"type": "Feature", "geometry": {"type": "Point", "coordinates": [111.331039, 30.679559]}, "properties": {"办件编号": "20240118000281", "事件": "求助", "类9": "出行安全", "方面": "安全韧性", "geocode_status": "ok", "board": "安全韧性底线", "project_type": "交通设施", "社区": "岳湾路社区", "村": null}}, {"type": "Feature", "geometry": {"type": "Point", "coordinates": [111.333, 30.655]}, "properties": {"办件编号": "20240118000227", "事件": "求助", "类9": "出行安全", "方面": "安全韧性", "geocode_status": "region", "board": "安全韧性底线", "project_type": "交通设施", "社区": null, "村": null}}, {"type": "Feature", "geometry": {"type": "Point", "coordinates": [111.376368, 30.650567]}, "properties": {"办件编号": "20240118000045", "事件": "投诉", "类9": "出行安全", "方面": "安全韧性", "geocode_status": "ok", "board": "安全韧性底线", "project_type": "交通设施", "社区": null, "村": "共谊村"}}, {"type": "Feature", "geometry": {"type": "Point", "coordinates": [111.306724, 30.680978]}, "properties": {"办件编号": "20240118000027", "事件": "投诉", "类9": "出行安全", "方面": "安全韧性", "geocode_status": "ok", "board": "安全韧性底线", "project_type": "交通设施", "社区": "万达社区", "村": null}}, {"type": "Feature", "geometry": {"type": "Point", "coordinates": [111.306724, 30.680978]}, "properties": {"办件编号": "20240117001165", "事件": "投诉", "类9": "出行安全", "方面": "安全韧性", "geocode_status": "ok", "board": "安全韧性底线", "project_type": "交通设施", "社区": "万达社区", "村": null}}, {"type": "Feature", "geometry": {"type": "Point", "coordinates": [111.333, 30.655]}, "properties": {"办件编号": "20240117001015", "事件": "求助", "类9": "管网安全", "方面": "安全韧性", "geocode_status": "region", "board": "安全韧性底线", "project_type": "市政管网", "社区": null, "村": null}}, {"type": "Feature", "geometry": {"type": "Point", "coordinates": [111.305, 30.69]}, "properties": {"办件编号": "20240117000995", "事件": "投诉", "类9": "管网安全", "方面": "安全韧性", "geocode_status": "region", "board": "安全韧性底线", "project_type": "市政管网", "社区": null, "村": null}}, {"type": "Feature", "geometry": {"type": "Point", "coordinates": [111.295118, 30.68185]}, "properties": {"办件编号": "20240117000541", "事件": "建议", "类9": "管网安全", "方面": "安全韧性", "geocode_status": "ok", "board": "安全韧性底线", "project_type": "市政管网", "社区": null, "村": null}}, {"type": "Feature", "geometry": {"type": "Point", "coordinates": [111.287, 30.7]}, "properties": {"办件编号": "20240117000386", "事件": "求助", "类9": "出行安全", "方面": "安全韧性", "geocode_status": "region", "board": "安全韧性底线", "project_type": "交通设施", "社区": null, "村": null}}, {"type": "Feature", "geometry": {"type": "Point", "coordinates": [111.305, 30.69]}, "properties": {"办件编号": "20240117000092", "事件": "投诉", "类9": "出行安全", "方面": "安全韧性", "geocode_status": "region", "board": "安全韧性底线", "project_type": "交通设施", "社区": null, "村": null}}, {"type": "Feature", "geometry": {"type": "Point", "coordinates": [111.333572, 30.681932]}, "properties": {"办件编号": "20240117000077", "事件": "求助", "类9": "出行安全", "方面": "安全韧性", "geocode_status": "ok", "board": "安全韧性底线", "project_type": "交通设施", "社区": null, "村": "旭光村"}}, {"type": "Feature", "geometry": {"type": "Point", "coordinates": [111.296208, 30.698697]}, "properties": {"办件编号": "20240116001172", "事件": "求助", "类9": "管网安全", "方面": "安全韧性", "geocode_status": "ok", "board": "安全韧性底线", "project_type": "市政管网", "社区": "山庄路社区", "村": null}}, {"type": "Feature", "geometry": {"type": "Point", "coordinates": [111.349078, 30.657798]}, "properties": {"办件编号": "20240116001173", "事件": "投诉", "类9": "消防安全", "方面": "安全韧性", "geocode_status": "ok", "board": "安全韧性底线", "project_type": "安全消防", "社区": null, "村": "火光村"}}, {"type": "Feature", "geometry": {"type": "Point", "coordinates": [111.311307, 30.746701]}, "properties": {"办件编号": "20240116000780", "事件": "求助", "类9": "管网安全", "方面": "安全韧性", "geocode_status": "ok", "board": "安全韧性底线", "project_type": "市政管网", "社区": "沙河社区", "村": null}}, {"type": "Feature", "geometry": {"type": "Point", "coordinates": [111.296895, 30.711691]}, "properties": {"办件编号": "20240116000584", "事件": "求助", "类9": "管网安全", "方面": "安全韧性", "geocode_status": "ok", "board": "安全韧性底线", "project_type": "市政管网", "社区": "土城路社区", "村": null}}, {"type": "Feature", "geometry": {"type": "Point", "coordinates": [111.333572, 30.681932]}, "properties": {"办件编号": "20240116000576", "事件": "建议", "类9": "出行安全", "方面": "安全韧性", "geocode_status": "ok", "board": "安全韧性底线", "project_type": "交通设施", "社区": null, "村": "旭光村"}}, {"type": "Feature", "geometry": {"type": "Point", "coordinates": [111.315171, 30.674399]}, "properties": {"办件编号": "20240116000319", "事件": "投诉", "类9": "出行安全", "方面": "安全韧性", "geocode_status": "ok", "board": "安全韧性底线", "project_type": "交通设施", "社区": "杨岔路社区", "村": null}}, {"type": "Feature", "geometry": {"type": "Point", "coordinates": [111.30882, 30.684813]}, "properties": {"办件编号": "20240116000171", "事件": "投诉", "类9": "出行安全", "方面": "安全韧性", "geocode_status": "ok", "board": "安全韧性底线", "project_type": "交通设施", "社区": "建设社区", "村": null}}, {"type": "Feature", "geometry": {"type": "Point", "coordinates": [111.334306, 30.721825]}, "properties": {"办件编号": "20240115001133", "事件": "建议", "类9": "出行安全", "方面": "安全韧性", "geocode_status": "ok", "board": "安全韧性底线", "project_type": "交通设施", "社区": "朝阳路社区", "村": null}}, {"type": "Feature", "geometry": {"type": "Point", "coordinates": [111.392082, 30.6493]}, "properties": {"办件编号": "20240115000964", "事件": "投诉", "类9": "消防安全", "方面": "安全韧性", "geocode_status": "ok", "board": "安全韧性底线", "project_type": "安全消防", "社区": null, "村": "共和村"}}, {"type": "Feature", "geometry": {"type": "Point", "coordinates": [111.352721, 30.65469]}, "properties": {"办件编号": "20240115000792", "事件": "求助", "类9": "出行安全", "方面": "安全韧性", "geocode_status": "ok", "board": "安全韧性底线", "project_type": "交通设施", "社区": "桔城路社区", "村": null}}, {"type": "Feature", "geometry": {"type": "Point", "coordinates": [111.333, 30.655]}, "properties": {"办件编号": "20240115000551", "事件": "求助", "类9": "管网安全", "方面": "安全韧性", "geocode_status": "region", "board": "安全韧性底线", "project_type": "市政管网", "社区": null, "村": null}}, {"type": "Feature", "geometry": {"type": "Point", "coordinates": [111.287, 30.7]}, "properties": {"办件编号": "20240115000472", "事件": "求助", "类9": "管网安全", "方面": "安全韧性", "geocode_status": "region", "board": "安全韧性底线", "project_type": "市政管网", "社区": null, "村": null}}, {"type": "Feature", "geometry": {"type": "Point", "coordinates": [111.287, 30.7]}, "properties": {"办件编号": "20240115000421", "事件": "求助", "类9": "出行安全", "方面": "安全韧性", "geocode_status": "region", "board": "安全韧性底线", "project_type": "交通设施", "社区": null, "村": null}}, {"type": "Feature", "geometry": {"type": "Point", "coordinates": [111.287, 30.7]}, "properties": {"办件编号": "20240115000252", "事件": "求助", "类9": "管网安全", "方面": "安全韧性", "geocode_status": "region", "board": "安全韧性底线", "project_type": "市政管网", "社区": null, "村": null}}, {"type": "Feature", "geometry": {"type": "Point", "coordinates": [111.305, 30.69]}, "properties": {"办件编号": "20240115000209", "事件": "求助", "类9": "管网安全", "方面": "安全韧性", "geocode_status": "region", "board": "安全韧性底线", "project_type": "市政管网", "社区": null, "村": null}}, {"type": "Feature", "geometry": {"type": "Point", "coordinates": [111.281897, 30.712345]}, "properties": {"办件编号": "20240115000200", "事件": "求助", "类9": "出行安全", "方面": "安全韧性", "geocode_status": "ok", "board": "安全韧性底线", "project_type": "交通设施", "社区": "石板溪社区", "村": null}}, {"type": "Feature", "geometry": {"type": "Point", "coordinates": [111.305546, 30.733833]}, "properties": {"办件编号": "20240115000181", "事件": "建议", "类9": "出行安全", "方面": "安全韧性", "geocode_status": "ok", "board": "安全韧性底线", "project_type": "交通设施", "社区": "黄河路社区", "村": null}}, {"type": "Feature", "geometry": {"type": "Point", "coordinates": [111.301167, 30.692468]}, "properties": {"办件编号": "20240114000167", "事件": "求助", "类9": "管网安全", "方面": "安全韧性", "geocode_status": "ok", "board": "安全韧性底线", "project_type": "市政管网", "社区": "体育场路社区", "村": null}}, {"type": "Feature", "geometry": {"type": "Point", "coordinates": [111.324782, 30.739686]}, "properties": {"办件编号": "20240114000148", "事件": "求助", "类9": "管网安全", "方面": "安全韧性", "geocode_status": "ok", "board": "安全韧性底线", "project_type": "市政管网", "社区": "金斗山社区", "村": null}}, {"type": "Feature", "geometry": {"type": "Point", "coordinates": [111.307679, 30.681681]}, "properties": {"办件编号": "20240113000613", "事件": "投诉", "类9": "消防安全", "方面": "安全韧性", "geocode_status": "ok", "board": "安全韧性底线", "project_type": "安全消防", "社区": "港务社区", "村": null}}, {"type": "Feature", "geometry": {"type": "Point", "coordinates": [111.351645, 30.644913]}, "properties": {"办件编号": "20240113000563", "事件": "投诉", "类9": "出行安全", "方面": "安全韧性", "geocode_status": "ok", "board": "安全韧性底线", "project_type": "交通设施", "社区": "伍临路社区", "村": null}}, {"type": "Feature", "geometry": {"type": "Point", "coordinates": [111.333, 30.655]}, "properties": {"办件编号": "20240113000471", "事件": "投诉", "类9": "消防安全", "方面": "安全韧性", "geocode_status": "region", "board": "安全韧性底线", "project_type": "安全消防", "社区": null, "村": null}}, {"type": "Feature", "geometry": {"type": "Point", "coordinates": [111.287, 30.7]}, "properties": {"办件编号": "20240112001258", "事件": "建议", "类9": "出行安全", "方面": "安全韧性", "geocode_status": "region", "board": "安全韧性底线", "project_type": "交通设施", "社区": null, "村": null}}, {"type": "Feature", "geometry": {"type": "Point", "coordinates": [111.307679, 30.681681]}, "properties": {"办件编号": "20240112001090", "事件": "投诉", "类9": "消防安全", "方面": "安全韧性", "geocode_status": "ok", "board": "安全韧性底线", "project_type": "安全消防", "社区": "港务社区", "村": null}}, {"type": "Feature", "geometry": {"type": "Point", "coordinates": [111.299959, 30.705784]}, "properties": {"办件编号": "20240112000939", "事件": "求助", "类9": "管网安全", "方面": "安全韧性", "geocode_status": "ok", "board": "安全韧性底线", "project_type": "市政管网", "社区": "白龙井社区", "村": null}}, {"type": "Feature", "geometry": {"type": "Point", "coordinates": [111.346703, 30.646313]}, "properties": {"办件编号": "20240112000891", "事件": "投诉", "类9": "出行安全", "方面": "安全韧性", "geocode_status": "ok", "board": "安全韧性底线", "project_type": "交通设施", "社区": "白沙路社区", "村": null}}, {"type": "Feature", "geometry": {"type": "Point", "coordinates": [111.296895, 30.711691]}, "properties": {"办件编号": "20240112000862", "事件": "求助", "类9": "管网安全", "方面": "安全韧性", "geocode_status": "ok", "board": "安全韧性底线", "project_type": "市政管网", "社区": "土城路社区", "村": null}}, {"type": "Feature", "geometry": {"type": "Point", "coordinates": [111.306724, 30.680978]}, "properties": {"办件编号": "20240112000829", "事件": "投诉", "类9": "出行安全", "方面": "安全韧性", "geocode_status": "ok", "board": "安全韧性底线", "project_type": "交通设施", "社区": "万达社区", "村": null}}, {"type": "Feature", "geometry": {"type": "Point", "coordinates": [111.287, 30.7]}, "properties": {"办件编号": "20240112000779", "事件": "求助", "类9": "管网安全", "方面": "安全韧性", "geocode_status": "region", "board": "安全韧性底线", "project_type": "市政管网", "社区": null, "村": null}}, {"type": "Feature", "geometry": {"type": "Point", "coordinates": [111.292642, 30.691585]}, "properties": {"办件编号": "20240112000551", "事件": "求助", "类9": "出行安全", "方面": "安全韧性", "geocode_status": "ok", "board": "安全韧性底线", "project_type": "交通设施", "社区": "胜利四路社区", "村": null}}, {"type": "Feature", "geometry": {"type": "Point", "coordinates": [111.360882, 30.644048]}, "properties": {"办件编号": "20240112000592", "事件": "投诉", "类9": "消防安全", "方面": "安全韧性", "geocode_status": "ok", "board": "安全韧性底线", "project_type": "安全消防", "社区": null, "村": "共勤村"}}, {"type": "Feature", "geometry": {"type": "Point", "coordinates": [111.318313, 30.700574]}, "properties": {"办件编号": "20240112000376", "事件": "投诉", "类9": "出行安全", "方面": "安全韧性", "geocode_status": "ok", "board": "安全韧性底线", "project_type": "交通设施", "社区": "学堂湾社区", "村": null}}, {"type": "Feature", "geometry": {"type": "Point", "coordinates": [111.287, 30.7]}, "properties": {"办件编号": "20240112000190", "事件": "求助", "类9": "管网安全", "方面": "安全韧性", "geocode_status": "region", "board": "安全韧性底线", "project_type": "市政管网", "社区": null, "村": null}}, {"type": "Feature", "geometry": {"type": "Point", "coordinates": [111.306724, 30.680978]}, "properties": {"办件编号": "20240112000055", "事件": "投诉", "类9": "出行安全", "方面": "安全韧性", "geocode_status": "ok", "board": "安全韧性底线", "project_type": "交通设施", "社区": "万达社区", "村": null}}, {"type": "Feature", "geometry": {"type": "Point", "coordinates": [111.315216, 30.747579]}, "properties": {"办件编号": "20240111001220", "事件": "求助", "类9": "管网安全", "方面": "安全韧性", "geocode_status": "ok", "board": "安全韧性底线", "project_type": "市政管网", "社区": "沙河社区", "村": null}}, {"type": "Feature", "geometry": {"type": "Point", "coordinates": [111.319368, 30.670576]}, "properties": {"办件编号": "20240111001234", "事件": "投诉", "类9": "管网安全", "方面": "安全韧性", "geocode_status": "ok", "board": "安全韧性底线", "project_type": "市政管网", "社区": "宝联社区", "村": null}}, {"type": "Feature", "geometry": {"type": "Point", "coordinates": [111.333, 30.655]}, "properties": {"办件编号": "20240111001050", "事件": "求助", "类9": "管网安全", "方面": "安全韧性", "geocode_status": "region", "board": "安全韧性底线", "project_type": "市政管网", "社区": null, "村": null}}, {"type": "Feature", "geometry": {"type": "Point", "coordinates": [111.357881, 30.637213]}, "properties": {"办件编号": "20240111000498", "事件": "投诉", "类9": "出行安全", "方面": "安全韧性", "geocode_status": "ok", "board": "安全韧性底线", "project_type": "交通设施", "社区": null, "村": "共勤村"}}, {"type": "Feature", "geometry": {"type": "Point", "coordinates": [111.287, 30.7]}, "properties": {"办件编号": "20240111000330", "事件": "求助", "类9": "管网安全", "方面": "安全韧性", "geocode_status": "region", "board": "安全韧性底线", "project_type": "市政管网", "社区": null, "村": null}}, {"type": "Feature", "geometry": {"type": "Point", "coordinates": [111.27699, 30.719724]}, "properties": {"办件编号": "20240111000112", "事件": "求助", "类9": "管网安全", "方面": "安全韧性", "geocode_status": "ok", "board": "安全韧性底线", "project_type": "市政管网", "社区": null, "村": null}}, {"type": "Feature", "geometry": {"type": "Point", "coordinates": [111.314408, 30.685967]}, "properties": {"办件编号": "20240110001070", "事件": "投诉", "类9": "消防安全", "方面": "安全韧性", "geocode_status": "ok", "board": "安全韧性底线", "project_type": "安全消防", "社区": "苏家榜社区", "村": null}}, {"type": "Feature", "geometry": {"type": "Point", "coordinates": [111.299492, 30.684404]}, "properties": {"办件编号": "20240110001077", "事件": "投诉", "类9": "管网安全", "方面": "安全韧性", "geocode_status": "ok", "board": "安全韧性底线", "project_type": "市政管网", "社区": "万达社区", "村": null}}, {"type": "Feature", "geometry": {"type": "Point", "coordinates": [111.287, 30.7]}, "properties": {"办件编号": "20240110000324", "事件": "求助", "类9": "管网安全", "方面": "安全韧性", "geocode_status": "region", "board": "安全韧性底线", "project_type": "市政管网", "社区": null, "村": null}}, {"type": "Feature", "geometry": {"type": "Point", "coordinates": [111.287, 30.7]}, "properties": {"办件编号": "20240110000297", "事件": "求助", "类9": "管网安全", "方面": "安全韧性", "geocode_status": "region", "board": "安全韧性底线", "project_type": "市政管网", "社区": null, "村": null}}, {"type": "Feature", "geometry": {"type": "Point", "coordinates": [111.307679, 30.681681]}, "properties": {"办件编号": "20240110000271", "事件": "求助", "类9": "管网安全", "方面": "安全韧性", "geocode_status": "ok", "board": "安全韧性底线", "project_type": "市政管网", "社区": "港务社区", "村": null}}, {"type": "Feature", "geometry": {"type": "Point", "coordinates": [111.287, 30.7]}, "properties": {"办件编号": "20240110000211", "事件": "求助", "类9": "管网安全", "方面": "安全韧性", "geocode_status": "region", "board": "安全韧性底线", "project_type": "市政管网", "社区": null, "村": null}}, {"type": "Feature", "geometry": {"type": "Point", "coordinates": [111.304697, 30.686909]}, "properties": {"办件编号": "20240110000152", "事件": "求助", "类9": "出行安全", "方面": "安全韧性", "geocode_status": "ok", "board": "安全韧性底线", "project_type": "交通设施", "社区": "建设社区", "村": null}}, {"type": "Feature", "geometry": {"type": "Point", "coordinates": [111.287, 30.7]}, "properties": {"办件编号": "20240109001203", "事件": "求助", "类9": "管网安全", "方面": "安全韧性", "geocode_status": "region", "board": "安全韧性底线", "project_type": "市政管网", "社区": null, "村": null}}, {"type": "Feature", "geometry": {"type": "Point", "coordinates": [111.287, 30.7]}, "properties": {"办件编号": "20240109000979", "事件": "求助", "类9": "管网安全", "方面": "安全韧性", "geocode_status": "region", "board": "安全韧性底线", "project_type": "市政管网", "社区": null, "村": null}}, {"type": "Feature", "geometry": {"type": "Point", "coordinates": [111.296208, 30.698697]}, "properties": {"办件编号": "20240109000418", "事件": "求助", "类9": "出行安全", "方面": "安全韧性", "geocode_status": "ok", "board": "安全韧性底线", "project_type": "交通设施", "社区": "山庄路社区", "村": null}}, {"type": "Feature", "geometry": {"type": "Point", "coordinates": [111.291474, 30.698916]}, "properties": {"办件编号": "20240109000339", "事件": "投诉", "类9": "消防安全", "方面": "安全韧性", "geocode_status": "ok", "board": "安全韧性底线", "project_type": "安全消防", "社区": "果园路社区", "村": null}}, {"type": "Feature", "geometry": {"type": "Point", "coordinates": [111.291474, 30.698916]}, "properties": {"办件编号": "20240109000340", "事件": "投诉", "类9": "消防安全", "方面": "安全韧性", "geocode_status": "ok", "board": "安全韧性底线", "project_type": "安全消防", "社区": "果园路社区", "村": null}}, {"type": "Feature", "geometry": {"type": "Point", "coordinates": [111.318313, 30.700574]}, "properties": {"办件编号": "20240109000027", "事件": "求助", "类9": "管网安全", "方面": "安全韧性", "geocode_status": "ok", "board": "安全韧性底线", "project_type": "市政管网", "社区": "学堂湾社区", "村": null}}, {"type": "Feature", "geometry": {"type": "Point", "coordinates": [111.291743, 30.704608]}, "properties": {"办件编号": "20240109000026", "事件": "求助", "类9": "管网安全", "方面": "安全韧性", "geocode_status": "ok", "board": "安全韧性底线", "project_type": "市政管网", "社区": "山庄路社区", "村": null}}, {"type": "Feature", "geometry": {"type": "Point", "coordinates": [111.333, 30.655]}, "properties": {"办件编号": "20240109000025", "事件": "求助", "类9": "出行安全", "方面": "安全韧性", "geocode_status": "region", "board": "安全韧性底线", "project_type": "交通设施", "社区": null, "村": null}}, {"type": "Feature", "geometry": {"type": "Point", "coordinates": [111.373683, 30.620496]}, "properties": {"办件编号": "20240108001473", "事件": "投诉", "类9": "管网安全", "方面": "安全韧性", "geocode_status": "ok", "board": "安全韧性底线", "project_type": "市政管网", "社区": null, "村": "共联村"}}, {"type": "Feature", "geometry": {"type": "Point", "coordinates": [111.334183, 30.665615]}, "properties": {"办件编号": "20240108001431", "事件": "投诉", "类9": "消防安全", "方面": "安全韧性", "geocode_status": "ok", "board": "安全韧性底线", "project_type": "安全消防", "社区": "徐家坝社区", "村": null}}, {"type": "Feature", "geometry": {"type": "Point", "coordinates": [111.373058, 30.646455]}, "properties": {"办件编号": "20240108001384", "事件": "求助", "类9": "出行安全", "方面": "安全韧性", "geocode_status": "ok", "board": "安全韧性底线", "project_type": "交通设施", "社区": null, "村": "共谊村"}}, {"type": "Feature", "geometry": {"type": "Point", "coordinates": [111.332161, 30.678202]}, "properties": {"办件编号": "20240108001264", "事件": "求助", "类9": "出行安全", "方面": "安全韧性", "geocode_status": "ok", "board": "安全韧性底线", "project_type": "交通设施", "社区": "岳湾路社区", "村": null}}, {"type": "Feature", "geometry": {"type": "Point", "coordinates": [111.333, 30.655]}, "properties": {"办件编号": "20240108001173", "事件": "求助", "类9": "管网安全", "方面": "安全韧性", "geocode_status": "region", "board": "安全韧性底线", "project_type": "市政管网", "社区": null, "村": null}}, {"type": "Feature", "geometry": {"type": "Point", "coordinates": [111.334183, 30.665615]}, "properties": {"办件编号": "20240108001119", "事件": "投诉", "类9": "消防安全", "方面": "安全韧性", "geocode_status": "ok", "board": "安全韧性底线", "project_type": "安全消防", "社区": "徐家坝社区", "村": null}}, {"type": "Feature", "geometry": {"type": "Point", "coordinates": [111.317552, 30.676469]}, "properties": {"办件编号": "20240108001065", "事件": "投诉", "类9": "消防安全", "方面": "安全韧性", "geocode_status": "ok", "board": "安全韧性底线", "project_type": "安全消防", "社区": "张家坡社区", "村": null}}, {"type": "Feature", "geometry": {"type": "Point", "coordinates": [111.287, 30.7]}, "properties": {"办件编号": "20240108001023", "事件": "求助", "类9": "管网安全", "方面": "安全韧性", "geocode_status": "region", "board": "安全韧性底线", "project_type": "市政管网", "社区": null, "村": null}}, {"type": "Feature", "geometry": {"type": "Point", "coordinates": [111.304619, 30.698298]}, "properties": {"办件编号": "20240108000626", "事件": "求助", "类9": "管网安全", "方面": "安全韧性", "geocode_status": "ok", "board": "安全韧性底线", "project_type": "市政管网", "社区": "赵家湾社区", "村": null}}, {"type": "Feature", "geometry": {"type": "Point", "coordinates": [111.319368, 30.670576]}, "properties": {"办件编号": "20240108000360", "事件": "投诉", "类9": "管网安全", "方面": "安全韧性", "geocode_status": "ok", "board": "安全韧性底线", "project_type": "市政管网", "社区": "宝联社区", "村": null}}, {"type": "Feature", "geometry": {"type": "Point", "coordinates": [111.27699, 30.719724]}, "properties": {"办件编号": "20240108000156", "事件": "求助", "类9": "管网安全", "方面": "安全韧性", "geocode_status": "ok", "board": "安全韧性底线", "project_type": "市政管网", "社区": null, "村": null}}, {"type": "Feature", "geometry": {"type": "Point", "coordinates": [111.297857, 30.718213]}, "properties": {"办件编号": "20240108000077", "事件": "投诉", "类9": "管网安全", "方面": "安全韧性", "geocode_status": "ok", "board": "安全韧性底线", "project_type": "市政管网", "社区": "营盘路社区", "村": null}}, {"type": "Feature", "geometry": {"type": "Point", "coordinates": [111.287, 30.7]}, "properties": {"办件编号": "20240108000066", "事件": "求助", "类9": "管网安全", "方面": "安全韧性", "geocode_status": "region", "board": "安全韧性底线", "project_type": "市政管网", "社区": null, "村": null}}, {"type": "Feature", "geometry": {"type": "Point", "coordinates": [111.294667, 30.698575]}, "properties": {"办件编号": "20240107000195", "事件": "投诉", "类9": "管网安全", "方面": "安全韧性", "geocode_status": "ok", "board": "安全韧性底线", "project_type": "市政管网", "社区": "山庄路社区", "村": null}}, {"type": "Feature", "geometry": {"type": "Point", "coordinates": [111.282709, 30.705381]}, "properties": {"办件编号": "20240106000563", "事件": "求助", "类9": "管网安全", "方面": "安全韧性", "geocode_status": "ok", "board": "安全韧性底线", "project_type": "市政管网", "社区": "气象台社区", "村": null}}, {"type": "Feature", "geometry": {"type": "Point", "coordinates": [111.305, 30.69]}, "properties": {"办件编号": "20240106000487", "事件": "投诉", "类9": "管网安全", "方面": "安全韧性", "geocode_status": "region", "board": "安全韧性底线", "project_type": "市政管网", "社区": null, "村": null}}, {"type": "Feature", "geometry": {"type": "Point", "coordinates": [111.330773, 30.735559]}, "properties": {"办件编号": "20240108001040", "事件": "建议", "类9": "出行安全", "方面": "安全韧性", "geocode_status": "ok", "board": "安全韧性底线", "project_type": "交通设施", "社区": "金斗山社区", "村": null}}, {"type": "Feature", "geometry": {"type": "Point", "coordinates": [111.299913, 30.730093]}, "properties": {"办件编号": "20240105001065", "事件": "求助", "类9": "出行安全", "方面": "安全韧性", "geocode_status": "ok", "board": "安全韧性底线", "project_type": "交通设施", "社区": "大堰湾社区", "村": null}}, {"type": "Feature", "geometry": {"type": "Point", "coordinates": [111.305, 30.69]}, "properties": {"办件编号": "20240105001077", "事件": "投诉", "类9": "出行安全", "方面": "安全韧性", "geocode_status": "region", "board": "安全韧性底线", "project_type": "交通设施", "社区": null, "村": null}}, {"type": "Feature", "geometry": {"type": "Point", "coordinates": [111.333572, 30.681932]}, "properties": {"办件编号": "20240105000833", "事件": "求助", "类9": "管网安全", "方面": "安全韧性", "geocode_status": "ok", "board": "安全韧性底线", "project_type": "市政管网", "社区": null, "村": "旭光村"}}, {"type": "Feature", "geometry": {"type": "Point", "coordinates": [111.289381, 30.711803]}, "properties": {"办件编号": "20240105000678", "事件": "投诉", "类9": "管网安全", "方面": "安全韧性", "geocode_status": "ok", "board": "安全韧性底线", "project_type": "市政管网", "社区": "营盘路社区", "村": null}}, {"type": "Feature", "geometry": {"type": "Point", "coordinates": [111.281122, 30.722704]}, "properties": {"办件编号": "20240105000874", "事件": "建议", "类9": "出行安全", "方面": "安全韧性", "geocode_status": "ok", "board": "安全韧性底线", "project_type": "交通设施", "社区": "东湖社区", "村": null}}, {"type": "Feature", "geometry": {"type": "Point", "coordinates": [111.290687, 30.719225]}, "properties": {"办件编号": "20240104001164", "事件": "求助", "类9": "出行安全", "方面": "安全韧性", "geocode_status": "ok", "board": "安全韧性底线", "project_type": "交通设施", "社区": "肖家岗社区", "村": null}}, {"type": "Feature", "geometry": {"type": "Point", "coordinates": [111.287, 30.7]}, "properties": {"办件编号": "20240104001163", "事件": "求助", "类9": "出行安全", "方面": "安全韧性", "geocode_status": "region", "board": "安全韧性底线", "project_type": "交通设施", "社区": null, "村": null}}, {"type": "Feature", "geometry": {"type": "Point", "coordinates": [111.333, 30.655]}, "properties": {"办件编号": "20240104001003", "事件": "求助", "类9": "出行安全", "方面": "安全韧性", "geocode_status": "region", "board": "安全韧性底线", "project_type": "交通设施", "社区": null, "村": null}}, {"type": "Feature", "geometry": {"type": "Point", "coordinates": [111.305, 30.69]}, "properties": {"办件编号": "20240104000984", "事件": "求助", "类9": "管网安全", "方面": "安全韧性", "geocode_status": "region", "board": "安全韧性底线", "project_type": "市政管网", "社区": null, "村": null}}, {"type": "Feature", "geometry": {"type": "Point", "coordinates": [111.287, 30.7]}, "properties": {"办件编号": "20240104000797", "事件": "求助", "类9": "管网安全", "方面": "安全韧性", "geocode_status": "region", "board": "安全韧性底线", "project_type": "市政管网", "社区": null, "村": null}}, {"type": "Feature", "geometry": {"type": "Point", "coordinates": [111.305, 30.69]}, "properties": {"办件编号": "20240104000490", "事件": "投诉", "类9": "管网安全", "方面": "安全韧性", "geocode_status": "region", "board": "安全韧性底线", "project_type": "市政管网", "社区": null, "村": null}}, {"type": "Feature", "geometry": {"type": "Point", "coordinates": [111.297497, 30.730004]}, "properties": {"办件编号": "20240104000449", "事件": "求助", "类9": "管网安全", "方面": "安全韧性", "geocode_status": "ok", "board": "安全韧性底线", "project_type": "市政管网", "社区": "大堰湾社区", "村": null}}, {"type": "Feature", "geometry": {"type": "Point", "coordinates": [111.281122, 30.722704]}, "properties": {"办件编号": "20240104000336", "事件": "求助", "类9": "管网安全", "方面": "安全韧性", "geocode_status": "ok", "board": "安全韧性底线", "project_type": "市政管网", "社区": "东湖社区", "村": null}}, {"type": "Feature", "geometry": {"type": "Point", "coordinates": [111.334306, 30.721825]}, "properties": {"办件编号": "20240104000353", "事件": "投诉", "类9": "管网安全", "方面": "安全韧性", "geocode_status": "ok", "board": "安全韧性底线", "project_type": "市政管网", "社区": "朝阳路社区", "村": null}}, {"type": "Feature", "geometry": {"type": "Point", "coordinates": [111.287, 30.7]}, "properties": {"办件编号": "20240103000567", "事件": "求助", "类9": "管网安全", "方面": "安全韧性", "geocode_status": "region", "board": "安全韧性底线", "project_type": "市政管网", "社区": null, "村": null}}, {"type": "Feature", "geometry": {"type": "Point", "coordinates": [111.333, 30.655]}, "properties": {"办件编号": "20240103000521", "事件": "求助", "类9": "管网安全", "方面": "安全韧性", "geocode_status": "region", "board": "安全韧性底线", "project_type": "市政管网", "社区": null, "村": null}}, {"type": "Feature", "geometry": {"type": "Point", "coordinates": [111.333, 30.655]}, "properties": {"办件编号": "20240103000516", "事件": "求助", "类9": "管网安全", "方面": "安全韧性", "geocode_status": "region", "board": "安全韧性底线", "project_type": "市政管网", "社区": null, "村": null}}, {"type": "Feature", "geometry": {"type": "Point", "coordinates": [111.333, 30.655]}, "properties": {"办件编号": "20240103000515", "事件": "求助", "类9": "管网安全", "方面": "安全韧性", "geocode_status": "region", "board": "安全韧性底线", "project_type": "市政管网", "社区": null, "村": null}}, {"type": "Feature", "geometry": {"type": "Point", "coordinates": [111.2918, 30.71167]}, "properties": {"办件编号": "20240103000438", "事件": "投诉", "类9": "消防安全", "方面": "安全韧性", "geocode_status": "ok", "board": "安全韧性底线", "project_type": "安全消防", "社区": "营盘路社区", "村": null}}, {"type": "Feature", "geometry": {"type": "Point", "coordinates": [111.321284, 30.67413]}, "properties": {"办件编号": "20240103000399", "事件": "求助", "类9": "管网安全", "方面": "安全韧性", "geocode_status": "ok", "board": "安全韧性底线", "project_type": "市政管网", "社区": null, "村": "汉宜村"}}, {"type": "Feature", "geometry": {"type": "Point", "coordinates": [111.287, 30.7]}, "properties": {"办件编号": "20240103000378", "事件": "求助", "类9": "管网安全", "方面": "安全韧性", "geocode_status": "region", "board": "安全韧性底线", "project_type": "市政管网", "社区": null, "村": null}}, {"type": "Feature", "geometry": {"type": "Point", "coordinates": [111.305546, 30.733833]}, "properties": {"办件编号": "20240103000289", "事件": "求助", "类9": "出行安全", "方面": "安全韧性", "geocode_status": "ok", "board": "安全韧性底线", "project_type": "交通设施", "社区": "黄河路社区", "村": null}}, {"type": "Feature", "geometry": {"type": "Point", "coordinates": [111.305, 30.69]}, "properties": {"办件编号": "20240103000064", "事件": "投诉", "类9": "出行安全", "方面": "安全韧性", "geocode_status": "region", "board": "安全韧性底线", "project_type": "交通设施", "社区": null, "村": null}}, {"type": "Feature", "geometry": {"type": "Point", "coordinates": [111.292642, 30.691585]}, "properties": {"办件编号": "20240102000662", "事件": "投诉", "类9": "管网安全", "方面": "安全韧性", "geocode_status": "ok", "board": "安全韧性底线", "project_type": "市政管网", "社区": "胜利四路社区", "村": null}}, {"type": "Feature", "geometry": {"type": "Point", "coordinates": [111.287, 30.7]}, "properties": {"办件编号": "20240102000645", "事件": "建议", "类9": "出行安全", "方面": "安全韧性", "geocode_status": "region", "board": "安全韧性底线", "project_type": "交通设施", "社区": null, "村": null}}, {"type": "Feature", "geometry": {"type": "Point", "coordinates": [111.333, 30.655]}, "properties": {"办件编号": "20240102000510", "事件": "求助", "类9": "管网安全", "方面": "安全韧性", "geocode_status": "region", "board": "安全韧性底线", "project_type": "市政管网", "社区": null, "村": null}}, {"type": "Feature", "geometry": {"type": "Point", "coordinates": [111.365062, 30.654461]}, "properties": {"办件编号": "20240102000394", "事件": "求助", "类9": "管网安全", "方面": "安全韧性", "geocode_status": "ok", "board": "安全韧性底线", "project_type": "市政管网", "社区": "东站路社区", "村": null}}, {"type": "Feature", "geometry": {"type": "Point", "coordinates": [111.314408, 30.685967]}, "properties": {"办件编号": "20240102000126", "事件": "投诉", "类9": "消防安全", "方面": "安全韧性", "geocode_status": "ok", "board": "安全韧性底线", "project_type": "安全消防", "社区": "苏家榜社区", "村": null}}, {"type": "Feature", "geometry": {"type": "Point", "coordinates": [111.381253, 30.663301]}, "properties": {"办件编号": "20240102000063", "事件": "投诉", "类9": "出行安全", "方面": "安全韧性", "geocode_status": "ok", "board": "安全韧性底线", "project_type": "交通设施", "社区": "三峡物流园社区", "村": null}}, {"type": "Feature", "geometry": {"type": "Point", "coordinates": [111.313781, 30.678205]}, "properties": {"办件编号": "20240102000055", "事件": "投诉", "类9": "出行安全", "方面": "安全韧性", "geocode_status": "ok", "board": "安全韧性底线", "project_type": "交通设施", "社区": "张家坡社区", "村": null}}, {"type": "Feature", "geometry": {"type": "Point", "coordinates": [111.338332, 30.684966]}, "properties": {"办件编号": "20240102000016", "事件": "投诉", "类9": "出行安全", "方面": "安全韧性", "geocode_status": "ok", "board": "安全韧性底线", "project_type": "交通设施", "社区": null, "村": "旭光村"}}, {"type": "Feature", "geometry": {"type": "Point", "coordinates": [111.29241, 30.709885]}, "properties": {"办件编号": "20240102000031", "事件": "建议", "类9": "管网安全", "方面": "安全韧性", "geocode_status": "ok", "board": "安全韧性底线", "project_type": "市政管网", "社区": "绿萝路社区", "村": null}}, {"type": "Feature", "geometry": {"type": "Point", "coordinates": [111.351105, 30.63932]}, "properties": {"办件编号": "20240101000507", "事件": "求助", "类9": "管网安全", "方面": "安全韧性", "geocode_status": "ok", "board": "安全韧性底线", "project_type": "市政管网", "社区": "李家湖社区", "村": null}}, {"type": "Feature", "geometry": {"type": "Point", "coordinates": [111.351105, 30.63932]}, "properties": {"办件编号": "20240101000497", "事件": "求助", "类9": "管网安全", "方面": "安全韧性", "geocode_status": "ok", "board": "安全韧性底线", "project_type": "市政管网", "社区": "李家湖社区", "村": null}}, {"type": "Feature", "geometry": {"type": "Point", "coordinates": [111.287, 30.7]}, "properties": {"办件编号": "20240101000348", "事件": "求助", "类9": "管网安全", "方面": "安全韧性", "geocode_status": "region", "board": "安全韧性底线", "project_type": "市政管网", "社区": null, "村": null}}]}