{"type": "FeatureCollection", "features": [{"type": "Feature", "geometry": {"type": "Point", "coordinates": [111.360882, 30.644048]}, "properties": {"类别": "村", "名称": "共勤村", "topic": "施工管理问题", "board": "民生基础需求", "polarity": "Very Negative"}}, {"type": "Feature", "geometry": {"type": "Point", "coordinates": [111.321284, 30.67413]}, "properties": {"类别": "村", "名称": "汉宜村", "topic": "生活噪声", "board": "民生基础需求", "polarity": "Very Negative"}}, {"type": "Feature", "geometry": {"type": "Point", "coordinates": [111.360882, 30.644048]}, "properties": {"类别": "村", "名称": "共勤村", "topic": "公交服务", "board": "民生基础需求", "polarity": "Very Negative"}}, {"type": "Feature", "geometry": {"type": "Point", "coordinates": [111.338332, 30.684966]}, "properties": {"类别": "村", "名称": "旭光村", "topic": "施工管理问题", "board": "民生基础需求", "polarity": "Negative"}}, {"type": "Feature", "geometry": {"type": "Point", "coordinates": [111.375978, 30.623433]}, "properties": {"类别": "村", "名称": "共联村", "topic": "交通设施问题", "board": "安全韧性底线", "polarity": "Negative"}}, {"type": "Feature", "geometry": {"type": "Point", "coordinates": [111.321284, 30.67413]}, "properties": {"类别": "村", "名称": "汉宜村", "topic": "停车管理问题", "board": "民生基础需求", "polarity": "Neutral"}}, {"type": "Feature", "geometry": {"type": "Point", "coordinates": [111.360882, 30.644048]}, "properties": {"类别": "村", "名称": "共勤村", "topic": "车辆乱停放", "board": "民生基础需求", "polarity": "Negative"}}, {"type": "Feature", "geometry": {"type": "Point", "coordinates": [111.360882, 30.644048]}, "properties": {"类别": "村", "名称": "共勤村", "topic": "生活噪声", "board": "民生基础需求", "polarity": "Very Negative"}}, {"type": "Feature", "geometry": {"type": "Point", "coordinates": [111.33896, 30.682123]}, "properties": {"类别": "村", "名称": "旭光村", "topic": "商业噪声", "board": "民生基础需求", "polarity": "Negative"}}, {"type": "Feature", "geometry": {"type": "Point", "coordinates": [111.33896, 30.682123]}, "properties": {"类别": "村", "名称": "旭光村", "topic": "停车管理", "board": "民生基础需求", "polarity": "Negative"}}, {"type": "Feature", "geometry": {"type": "Point", "coordinates": [111.33961, 30.66113]}, "properties": {"类别": "村", "名称": "火光村", "topic": "生活噪声", "board": "民生基础需求", "polarity": "Very Negative"}}, {"type": "Feature", "geometry": {"type": "Point", "coordinates": [111.333572, 30.681932]}, "properties": {"类别": "村", "名称": "旭光村", "topic": "交通设施问题", "board": "民生基础需求", "polarity": "Negative"}}, {"type": "Feature", "geometry": {"type": "Point", "coordinates": [111.35102, 30.667948]}, "properties": {"类别": "村", "名称": "火光村", "topic": "小区管理", "board": "民生基础需求", "polarity": "Negative"}}, {"type": "Feature", "geometry": {"type": "Point", "coordinates": [111.360882, 30.644048]}, "properties": {"类别": "村", "名称": "共勤村", "topic": "交通秩序", "board": "安全韧性底线", "polarity": "Negative"}}, {"type": "Feature", "geometry": {"type": "Point", "coordinates": [111.360882, 30.644048]}, "properties": {"类别": "村", "名称": "共勤村", "topic": "生活噪声", "board": "民生基础需求", "polarity": "Negative"}}, {"type": "Feature", "geometry": {"type": "Point", "coordinates": [111.313521, 30.679477]}, "properties": {"类别": "村", "名称": "汉宜村", "topic": "小区管理", "board": "民生基础需求", "polarity": "Negative"}}, {"type": "Feature", "geometry": {"type": "Point", "coordinates": [111.366485, 30.635047]}, "properties": {"类别": "村", "名称": "共勤村", "topic": "生活噪声", "board": "民生基础需求", "polarity": "Very Negative"}}, {"type": "Feature", "geometry": {"type": "Point", "coordinates": [111.380165, 30.651192]}, "properties": {"类别": "村", "名称": "共和村", "topic": "小区管理", "board": "民生基础需求", "polarity": "Negative"}}, {"type": "Feature", "geometry": {"type": "Point", "coordinates": [111.354693, 30.664327]}, "properties": {"类别": "村", "名称": "火光村", "topic": "就医", "board": "民生基础需求", "polarity": "Very Negative"}}, {"type": "Feature", "geometry": {"type": "Point", "coordinates": [111.363573, 30.638243]}, "properties": {"类别": "村", "名称": "共勤村", "topic": "生活噪声", "board": "民生基础需求", "polarity": "Very Negative"}}, {"type": "Feature", "geometry": {"type": "Point", "coordinates": [111.363573, 30.638243]}, "properties": {"类别": "村", "名称": "共勤村", "topic": "生活噪声", "board": "民生基础需求", "polarity": "Negative"}}, {"type": "Feature", "geometry": {"type": "Point", "coordinates": [111.363573, 30.638243]}, "properties": {"类别": "村", "名称": "共勤村", "topic": "商业噪声", "board": "民生基础需求", "polarity": "Negative"}}, {"type": "Feature", "geometry": {"type": "Point", "coordinates": [111.363573, 30.638243]}, "properties": {"类别": "村", "名称": "共勤村", "topic": "生活噪声", "board": "民生基础需求", "polarity": "Negative"}}, {"type": "Feature", "geometry": {"type": "Point", "coordinates": [111.363573, 30.638243]}, "properties": {"类别": "村", "名称": "共勤村", "topic": "生活噪声", "board": "民生基础需求", "polarity": "Negative"}}, {"type": "Feature", "geometry": {"type": "Point", "coordinates": [111.367541, 30.636543]}, "properties": {"类别": "村", "名称": "共联村", "topic": "生活噪声", "board": "民生基础需求", "polarity": "Very Negative"}}, {"type": "Feature", "geometry": {"type": "Point", "coordinates": [111.363573, 30.638243]}, "properties": {"类别": "村", "名称": "共勤村", "topic": "生活噪声", "board": "民生基础需求", "polarity": "Negative"}}, {"type": "Feature", "geometry": {"type": "Point", "coordinates": [111.367541, 30.636543]}, "properties": {"类别": "村", "名称": "共联村", "topic": "生活噪声", "board": "民生基础需求", "polarity": "Negative"}}, {"type": "Feature", "geometry": {"type": "Point", "coordinates": [111.373683, 30.620496]}, "properties": {"类别": "村", "名称": "共联村", "topic": "生活噪声", "board": "民生基础需求", "polarity": "Very Negative"}}, {"type": "Feature", "geometry": {"type": "Point", "coordinates": [111.363573, 30.638243]}, "properties": {"类别": "村", "名称": "共勤村", "topic": "生活噪声", "board": "民生基础需求", "polarity": "Negative"}}, {"type": "Feature", "geometry": {"type": "Point", "coordinates": [111.362821, 30.64987]}, "properties": {"类别": "村", "名称": "共勤村", "topic": "住房房产", "board": "民生基础需求", "polarity": "Very Negative"}}, {"type": "Feature", "geometry": {"type": "Point", "coordinates": [111.373683, 30.620496]}, "properties": {"类别": "村", "名称": "共联村", "topic": "生活噪声", "board": "民生基础需求", "polarity": "Very Negative"}}, {"type": "Feature", "geometry": {"type": "Point", "coordinates": [111.363573, 30.638243]}, "properties": {"类别": "村", "名称": "共勤村", "topic": "生活噪声", "board": "民生基础需求", "polarity": "Negative"}}, {"type": "Feature", "geometry": {"type": "Point", "coordinates": [111.360882, 30.644048]}, "properties": {"类别": "村", "名称": "共勤村", "topic": "小区管理", "board": "民生基础需求", "polarity": "Very Negative"}}, {"type": "Feature", "geometry": {"type": "Point", "coordinates": [111.321284, 30.67413]}, "properties": {"类别": "村", "名称": "汉宜村", "topic": "小区管理", "board": "民生基础需求", "polarity": "Negative"}}, {"type": "Feature", "geometry": {"type": "Point", "coordinates": [111.370163, 30.658286]}, "properties": {"类别": "村", "名称": "共和村", "topic": "违规广告及广告牌破损", "board": "民生基础需求", "polarity": "Neutral"}}, {"type": "Feature", "geometry": {"type": "Point", "coordinates": [111.333572, 30.681932]}, "properties": {"类别": "村", "名称": "旭光村", "topic": "商业噪声", "board": "民生基础需求", "polarity": "Very Negative"}}, {"type": "Feature", "geometry": {"type": "Point", "coordinates": [111.406349, 30.647459]}, "properties": {"类别": "村", "名称": "车站村", "topic": "市政公共设施问题", "board": "安全韧性底线", "polarity": "Neutral"}}, {"type": "Feature", "geometry": {"type": "Point", "coordinates": [111.360882, 30.644048]}, "properties": {"类别": "村", "名称": "共勤村", "topic": "生活噪声", "board": "民生基础需求", "polarity": "Negative"}}, {"type": "Feature", "geometry": {"type": "Point", "coordinates": [111.412947, 30.67812]}, "properties": {"类别": "村", "名称": "土门村", "topic": "道路问题", "board": "民生基础需求", "polarity": "Negative"}}, {"type": "Feature", "geometry": {"type": "Point", "coordinates": [111.333572, 30.681932]}, "properties": {"类别": "村", "名称": "旭光村", "topic": "交通设施问题", "board": "安全韧性底线", "polarity": "Neutral"}}, {"type": "Feature", "geometry": {"type": "Point", "coordinates": [111.362821, 30.64987]}, "properties": {"类别": "村", "名称": "共勤村", "topic": "停车管理问题", "board": "民生基础需求", "polarity": "Very Negative"}}, {"type": "Feature", "geometry": {"type": "Point", "coordinates": [111.355746, 30.637256]}, "properties": {"类别": "村", "名称": "共勤村", "topic": "商业噪声", "board": "民生基础需求", "polarity": "Very Negative"}}, {"type": "Feature", "geometry": {"type": "Point", "coordinates": [111.387696, 30.652057]}, "properties": {"类别": "村", "名称": "共和村", "topic": "车辆乱停放", "board": "民生基础需求", "polarity": "Negative"}}, {"type": "Feature", "geometry": {"type": "Point", "coordinates": [111.380082, 30.660195]}, "properties": {"类别": "村", "名称": "共和村", "topic": "井盖问题", "board": "安全韧性底线", "polarity": "Neutral"}}, {"type": "Feature", "geometry": {"type": "Point", "coordinates": [111.370163, 30.658286]}, "properties": {"类别": "村", "名称": "共和村", "topic": "市政公共设施问题", "board": "安全韧性底线", "polarity": "Negative"}}, {"type": "Feature", "geometry": {"type": "Point", "coordinates": [111.321284, 30.67413]}, "properties": {"类别": "村", "名称": "汉宜村", "topic": "小区建设", "board": "民生基础需求", "polarity": "Negative"}}, {"type": "Feature", "geometry": {"type": "Point", "coordinates": [111.356303, 30.636203]}, "properties": {"类别": "村", "名称": "共勤村", "topic": "住房房产", "board": "民生基础需求", "polarity": "Negative"}}, {"type": "Feature", "geometry": {"type": "Point", "coordinates": [111.321284, 30.67413]}, "properties": {"类别": "村", "名称": "汉宜村", "topic": "就医", "board": "民生基础需求", "polarity": "Negative"}}, {"type": "Feature", "geometry": {"type": "Point", "coordinates": [111.321284, 30.67413]}, "properties": {"类别": "村", "名称": "汉宜村", "topic": "垃圾清理及环卫设施问题", "board": "民生基础需求", "polarity": "Neutral"}}, {"type": "Feature", "geometry": {"type": "Point", "coordinates": [111.321284, 30.67413]}, "properties": {"类别": "村", "名称": "汉宜村", "topic": "市政公共设施问题", "board": "安全韧性底线", "polarity": "Negative"}}, {"type": "Feature", "geometry": {"type": "Point", "coordinates": [111.333572, 30.681932]}, "properties": {"类别": "村", "名称": "旭光村", "topic": "停车管理问题", "board": "民生基础需求", "polarity": "Negative"}}, {"type": "Feature", "geometry": {"type": "Point", "coordinates": [111.3871, 30.653345]}, "properties": {"类别": "村", "名称": "共和村", "topic": "管道设施破裂堵塞", "board": "安全韧性底线", "polarity": "Negative"}}, {"type": "Feature", "geometry": {"type": "Point", "coordinates": [111.387696, 30.652057]}, "properties": {"类别": "村", "名称": "共和村", "topic": "车辆乱停放", "board": "民生基础需求", "polarity": "Very Negative"}}, {"type": "Feature", "geometry": {"type": "Point", "coordinates": [111.362398, 30.649782]}, "properties": {"类别": "村", "名称": "共勤村", "topic": "停车管理问题", "board": "民生基础需求", "polarity": "Negative"}}, {"type": "Feature", "geometry": {"type": "Point", "coordinates": [111.360882, 30.644048]}, "properties": {"类别": "村", "名称": "共勤村", "topic": "生活噪声", "board": "民生基础需求", "polarity": "Very Negative"}}, {"type": "Feature", "geometry": {"type": "Point", "coordinates": [111.370163, 30.658286]}, "properties": {"类别": "村", "名称": "共和村", "topic": "铁路", "board": "民生基础需求", "polarity": "Negative"}}, {"type": "Feature", "geometry": {"type": "Point", "coordinates": [111.360882, 30.644048]}, "properties": {"类别": "村", "名称": "共勤村", "topic": "井盖问题", "board": "安全韧性底线", "polarity": "Neutral"}}, {"type": "Feature", "geometry": {"type": "Point", "coordinates": [111.38117, 30.64597]}, "properties": {"类别": "村", "名称": "共谊村", "topic": "井盖问题", "board": "安全韧性底线", "polarity": "Negative"}}, {"type": "Feature", "geometry": {"type": "Point", "coordinates": [111.360966, 30.641802]}, "properties": {"类别": "村", "名称": "共勤村", "topic": "小区管理", "board": "民生基础需求", "polarity": "Very Negative"}}, {"type": "Feature", "geometry": {"type": "Point", "coordinates": [111.370163, 30.658286]}, "properties": {"类别": "村", "名称": "共和村", "topic": "交通秩序", "board": "民生基础需求", "polarity": "Negative"}}, {"type": "Feature", "geometry": {"type": "Point", "coordinates": [111.355256, 30.691889]}, "properties": {"类别": "村", "名称": "旭光村", "topic": "车辆乱停放", "board": "民生基础需求", "polarity": "Negative"}}, {"type": "Feature", "geometry": {"type": "Point", "coordinates": [111.314715, 30.680661]}, "properties": {"类别": "村", "名称": "汉宜村", "topic": "道路运输", "board": "民生基础需求", "polarity": "Negative"}}, {"type": "Feature", "geometry": {"type": "Point", "coordinates": [111.321284, 30.67413]}, "properties": {"类别": "村", "名称": "汉宜村", "topic": "生活噪声", "board": "民生基础需求", "polarity": "Negative"}}, {"type": "Feature", "geometry": {"type": "Point", "coordinates": [111.360882, 30.644048]}, "properties": {"类别": "村", "名称": "共勤村", "topic": "建筑施工噪声", "board": "民生基础需求", "polarity": "Negative"}}, {"type": "Feature", "geometry": {"type": "Point", "coordinates": [111.398096, 30.682104]}, "properties": {"类别": "村", "名称": "梅花村", "topic": "停车管理问题", "board": "民生基础需求", "polarity": "Negative"}}, {"type": "Feature", "geometry": {"type": "Point", "coordinates": [111.3871, 30.653345]}, "properties": {"类别": "村", "名称": "共和村", "topic": "住房房产", "board": "民生基础需求", "polarity": "Negative"}}, {"type": "Feature", "geometry": {"type": "Point", "coordinates": [111.360882, 30.644048]}, "properties": {"类别": "村", "名称": "共勤村", "topic": "停车管理", "board": "民生基础需求", "polarity": "Neutral"}}, {"type": "Feature", "geometry": {"type": "Point", "coordinates": [111.378528, 30.669468]}, "properties": {"类别": "村", "名称": "共同村", "topic": "车辆乱停放", "board": "民生基础需求", "polarity": "Very Negative"}}, {"type": "Feature", "geometry": {"type": "Point", "coordinates": [111.373683, 30.620496]}, "properties": {"类别": "村", "名称": "共联村", "topic": "违规建（构）筑物", "board": "民生基础需求", "polarity": "Negative"}}, {"type": "Feature", "geometry": {"type": "Point", "coordinates": [111.321284, 30.67413]}, "properties": {"类别": "村", "名称": "汉宜村", "topic": "管道设施破裂堵塞", "board": "安全韧性底线", "polarity": "Neutral"}}, {"type": "Feature", "geometry": {"type": "Point", "coordinates": [111.33896, 30.682123]}, "properties": {"类别": "村", "名称": "旭光村", "topic": "街面秩序管理问题", "board": "民生基础需求", "polarity": "Negative"}}, {"type": "Feature", "geometry": {"type": "Point", "coordinates": [111.370163, 30.658286]}, "properties": {"类别": "村", "名称": "共和村", "topic": "停车管理问题", "board": "民生基础需求", "polarity": "Neutral"}}, {"type": "Feature", "geometry": {"type": "Point", "coordinates": [111.321284, 30.67413]}, "properties": {"类别": "村", "名称": "汉宜村", "topic": "小区建设", "board": "民生基础需求", "polarity": "Negative"}}, {"type": "Feature", "geometry": {"type": "Point", "coordinates": [111.373683, 30.620496]}, "properties": {"类别": "村", "名称": "共联村", "topic": "园林绿化设施问题", "board": "民生基础需求", "polarity": "Neutral"}}, {"type": "Feature", "geometry": {"type": "Point", "coordinates": [111.397055, 30.679897]}, "properties": {"类别": "村", "名称": "土门村", "topic": "道路问题", "board": "民生基础需求", "polarity": "Neutral"}}, {"type": "Feature", "geometry": {"type": "Point", "coordinates": [111.397055, 30.679897]}, "properties": {"类别": "村", "名称": "土门村", "topic": "道路问题", "board": "民生基础需求", "polarity": "Negative"}}, {"type": "Feature", "geometry": {"type": "Point", "coordinates": [111.417521, 30.642867]}, "properties": {"类别": "村", "名称": "灵宝村", "topic": "建筑施工噪声", "board": "民生基础需求", "polarity": "Negative"}}, {"type": "Feature", "geometry": {"type": "Point", "coordinates": [111.360882, 30.644048]}, "properties": {"类别": "村", "名称": "共勤村", "topic": "生活噪声", "board": "民生基础需求", "polarity": "Negative"}}, {"type": "Feature", "geometry": {"type": "Point", "coordinates": [111.335034, 30.665493]}, "properties": {"类别": "村", "名称": "合益村", "topic": "消防安全", "board": "安全韧性底线", "polarity": "Negative"}}, {"type": "Feature", "geometry": {"type": "Point", "coordinates": [111.361244, 30.639053]}, "properties": {"类别": "村", "名称": "共勤村", "topic": "车辆乱停放", "board": "民生基础需求", "polarity": "Very Negative"}}, {"type": "Feature", "geometry": {"type": "Point", "coordinates": [111.360882, 30.644048]}, "properties": {"类别": "村", "名称": "共勤村", "topic": "小区建设", "board": "民生基础需求", "polarity": "Negative"}}, {"type": "Feature", "geometry": {"type": "Point", "coordinates": [111.412947, 30.67812]}, "properties": {"类别": "村", "名称": "土门村", "topic": "道路问题", "board": "民生基础需求", "polarity": "Neutral"}}, {"type": "Feature", "geometry": {"type": "Point", "coordinates": [111.362821, 30.64987]}, "properties": {"类别": "村", "名称": "共勤村", "topic": "管道设施破裂堵塞", "board": "安全韧性底线", "polarity": "Negative"}}, {"type": "Feature", "geometry": {"type": "Point", "coordinates": [111.354693, 30.664327]}, "properties": {"类别": "村", "名称": "火光村", "topic": "生活噪声", "board": "民生基础需求", "polarity": "Negative"}}, {"type": "Feature", "geometry": {"type": "Point", "coordinates": [111.321284, 30.67413]}, "properties": {"类别": "村", "名称": "汉宜村", "topic": "交通设施问题", "board": "安全韧性底线", "polarity": "Negative"}}, {"type": "Feature", "geometry": {"type": "Point", "coordinates": [111.321284, 30.67413]}, "properties": {"类别": "村", "名称": "汉宜村", "topic": "道路问题", "board": "民生基础需求", "polarity": "Neutral"}}, {"type": "Feature", "geometry": {"type": "Point", "coordinates": [111.321284, 30.67413]}, "properties": {"类别": "村", "名称": "汉宜村", "topic": "学区学籍", "board": "民生基础需求", "polarity": "Neutral"}}, {"type": "Feature", "geometry": {"type": "Point", "coordinates": [111.333572, 30.681932]}, "properties": {"类别": "村", "名称": "旭光村", "topic": "交通秩序", "board": "民生基础需求", "polarity": "Very Negative"}}, {"type": "Feature", "geometry": {"type": "Point", "coordinates": [111.360882, 30.644048]}, "properties": {"类别": "村", "名称": "共勤村", "topic": "小区建设", "board": "民生基础需求", "polarity": "Negative"}}, {"type": "Feature", "geometry": {"type": "Point", "coordinates": [111.360882, 30.644048]}, "properties": {"类别": "村", "名称": "共勤村", "topic": "停车管理问题", "board": "民生基础需求", "polarity": "Negative"}}, {"type": "Feature", "geometry": {"type": "Point", "coordinates": [111.339126, 30.661071]}, "properties": {"类别": "村", "名称": "火光村", "topic": "车辆乱停放", "board": "民生基础需求", "polarity": "Negative"}}, {"type": "Feature", "geometry": {"type": "Point", "coordinates": [111.391029, 30.693548]}, "properties": {"类别": "村", "名称": "梅花村", "topic": "道路问题", "board": "民生基础需求", "polarity": "Neutral"}}, {"type": "Feature", "geometry": {"type": "Point", "coordinates": [111.354693, 30.664327]}, "properties": {"类别": "村", "名称": "火光村", "topic": "公厕管理问题", "board": "民生基础需求", "polarity": "Very Negative"}}, {"type": "Feature", "geometry": {"type": "Point", "coordinates": [111.333572, 30.681932]}, "properties": {"类别": "村", "名称": "旭光村", "topic": "小区建设", "board": "民生基础需求", "polarity": "Very Negative"}}, {"type": "Feature", "geometry": {"type": "Point", "coordinates": [111.360882, 30.644048]}, "properties": {"类别": "村", "名称": "共勤村", "topic": "生活噪声", "board": "民生基础需求", "polarity": "Very Negative"}}, {"type": "Feature", "geometry": {"type": "Point", "coordinates": [111.333572, 30.681932]}, "properties": {"类别": "村", "名称": "旭光村", "topic": "停车管理问题", "board": "民生基础需求", "polarity": "Negative"}}, {"type": "Feature", "geometry": {"type": "Point", "coordinates": [111.380082, 30.660195]}, "properties": {"类别": "村", "名称": "共和村", "topic": "园林绿化设施问题", "board": "民生基础需求", "polarity": "Neutral"}}, {"type": "Feature", "geometry": {"type": "Point", "coordinates": [111.333572, 30.681932]}, "properties": {"类别": "村", "名称": "旭光村", "topic": "道路问题", "board": "民生基础需求", "polarity": "Very Negative"}}, {"type": "Feature", "geometry": {"type": "Point", "coordinates": [111.3871, 30.653345]}, "properties": {"类别": "村", "名称": "共和村", "topic": "车辆乱停放", "board": "民生基础需求", "polarity": "Negative"}}, {"type": "Feature", "geometry": {"type": "Point", "coordinates": [111.397347, 30.669866]}, "properties": {"类别": "村", "名称": "共同村", "topic": "施工管理问题", "board": "民生基础需求", "polarity": "Very Negative"}}, {"type": "Feature", "geometry": {"type": "Point", "coordinates": [111.321284, 30.67413]}, "properties": {"类别": "村", "名称": "汉宜村", "topic": "商业噪声", "board": "民生基础需求", "polarity": "Very Negative"}}, {"type": "Feature", "geometry": {"type": "Point", "coordinates": [111.364064, 30.638979]}, "properties": {"类别": "村", "名称": "共勤村", "topic": "违规建（构）筑物", "board": "民生基础需求", "polarity": "Negative"}}, {"type": "Feature", "geometry": {"type": "Point", "coordinates": [111.373683, 30.620496]}, "properties": {"类别": "村", "名称": "共联村", "topic": "交通设施问题", "board": "民生基础需求", "polarity": "Negative"}}, {"type": "Feature", "geometry": {"type": "Point", "coordinates": [111.343044, 30.662249]}, "properties": {"类别": "村", "名称": "火光村", "topic": "垃圾清理及环卫设施问题", "board": "民生基础需求", "polarity": "Negative"}}, {"type": "Feature", "geometry": {"type": "Point", "coordinates": [111.355256, 30.691889]}, "properties": {"类别": "村", "名称": "旭光村", "topic": "交通设施问题", "board": "安全韧性底线", "polarity": "Negative"}}, {"type": "Feature", "geometry": {"type": "Point", "coordinates": [111.363573, 30.638243]}, "properties": {"类别": "村", "名称": "共勤村", "topic": "小区管理", "board": "民生基础需求", "polarity": "Negative"}}, {"type": "Feature", "geometry": {"type": "Point", "coordinates": [111.341696, 30.662241]}, "properties": {"类别": "村", "名称": "火光村", "topic": "停车管理问题", "board": "民生基础需求", "polarity": "Very Negative"}}, {"type": "Feature", "geometry": {"type": "Point", "coordinates": [111.360882, 30.644048]}, "properties": {"类别": "村", "名称": "共勤村", "topic": "车辆乱停放", "board": "民生基础需求", "polarity": "Negative"}}, {"type": "Feature", "geometry": {"type": "Point", "coordinates": [111.360882, 30.644048]}, "properties": {"类别": "村", "名称": "共勤村", "topic": "建筑施工噪声", "board": "民生基础需求", "polarity": "Negative"}}, {"type": "Feature", "geometry": {"type": "Point", "coordinates": [111.37033, 30.653559]}, "properties": {"类别": "村", "名称": "共强村", "topic": "生活噪声", "board": "民生基础需求", "polarity": "Very Negative"}}, {"type": "Feature", "geometry": {"type": "Point", "coordinates": [111.354693, 30.664327]}, "properties": {"类别": "村", "名称": "火光村", "topic": "建筑施工噪声", "board": "民生基础需求", "polarity": "Very Negative"}}, {"type": "Feature", "geometry": {"type": "Point", "coordinates": [111.321284, 30.67413]}, "properties": {"类别": "村", "名称": "汉宜村", "topic": "施工管理问题", "board": "民生基础需求", "polarity": "Negative"}}, {"type": "Feature", "geometry": {"type": "Point", "coordinates": [111.354693, 30.664327]}, "properties": {"类别": "村", "名称": "火光村", "topic": "车辆乱停放", "board": "民生基础需求", "polarity": "Negative"}}, {"type": "Feature", "geometry": {"type": "Point", "coordinates": [111.33629, 30.691122]}, "properties": {"类别": "村", "名称": "旭光村", "topic": "停车管理问题", "board": "民生基础需求", "polarity": "Very Negative"}}, {"type": "Feature", "geometry": {"type": "Point", "coordinates": [111.396788, 30.681285]}, "properties": {"类别": "村", "名称": "梅花村", "topic": "小区管理", "board": "民生基础需求", "polarity": "Neutral"}}, {"type": "Feature", "geometry": {"type": "Point", "coordinates": [111.333808, 30.684863]}, "properties": {"类别": "村", "名称": "旭光村", "topic": "道路问题", "board": "民生基础需求", "polarity": "Neutral"}}, {"type": "Feature", "geometry": {"type": "Point", "coordinates": [111.341091, 30.685179]}, "properties": {"类别": "村", "名称": "旭光村", "topic": "车辆乱停放", "board": "民生基础需求", "polarity": "Negative"}}, {"type": "Feature", "geometry": {"type": "Point", "coordinates": [111.336027, 30.659685]}, "properties": {"类别": "村", "名称": "火光村", "topic": "交通秩序", "board": "民生基础需求", "polarity": "Very Negative"}}, {"type": "Feature", "geometry": {"type": "Point", "coordinates": [111.341091, 30.685179]}, "properties": {"类别": "村", "名称": "旭光村", "topic": "道路问题", "board": "民生基础需求", "polarity": "Very Negative"}}, {"type": "Feature", "geometry": {"type": "Point", "coordinates": [111.321284, 30.67413]}, "properties": {"类别": "村", "名称": "汉宜村", "topic": "生活噪声", "board": "民生基础需求", "polarity": "Negative"}}, {"type": "Feature", "geometry": {"type": "Point", "coordinates": [111.397347, 30.669866]}, "properties": {"类别": "村", "名称": "共同村", "topic": "施工管理问题", "board": "民生基础需求", "polarity": "Very Negative"}}, {"type": "Feature", "geometry": {"type": "Point", "coordinates": [111.360568, 30.668564]}, "properties": {"类别": "村", "名称": "共强村", "topic": "交通设施问题", "board": "安全韧性底线", "polarity": "Negative"}}, {"type": "Feature", "geometry": {"type": "Point", "coordinates": [111.357486, 30.691518]}, "properties": {"类别": "村", "名称": "旭光村", "topic": "车辆乱停放", "board": "民生基础需求", "polarity": "Very Negative"}}, {"type": "Feature", "geometry": {"type": "Point", "coordinates": [111.333572, 30.681932]}, "properties": {"类别": "村", "名称": "旭光村", "topic": "生活噪声", "board": "民生基础需求", "polarity": "Very Negative"}}, {"type": "Feature", "geometry": {"type": "Point", "coordinates": [111.360966, 30.641802]}, "properties": {"类别": "村", "名称": "共勤村", "topic": "小区管理", "board": "民生基础需求", "polarity": "Negative"}}, {"type": "Feature", "geometry": {"type": "Point", "coordinates": [111.360882, 30.644048]}, "properties": {"类别": "村", "名称": "共勤村", "topic": "停车管理问题", "board": "民生基础需求", "polarity": "Negative"}}, {"type": "Feature", "geometry": {"type": "Point", "coordinates": [111.341091, 30.685179]}, "properties": {"类别": "村", "名称": "旭光村", "topic": "停车管理问题", "board": "民生基础需求", "polarity": "Negative"}}, {"type": "Feature", "geometry": {"type": "Point", "coordinates": [111.360882, 30.644048]}, "properties": {"类别": "村", "名称": "共勤村", "topic": "住房房产", "board": "民生基础需求", "polarity": "Neutral"}}, {"type": "Feature", "geometry": {"type": "Point", "coordinates": [111.338378, 30.684676]}, "properties": {"类别": "村", "名称": "旭光村", "topic": "小区管理", "board": "民生基础需求", "polarity": "Very Negative"}}, {"type": "Feature", "geometry": {"type": "Point", "coordinates": [111.397055, 30.679897]}, "properties": {"类别": "村", "名称": "土门村", "topic": "交通秩序", "board": "民生基础需求", "polarity": "Negative"}}, {"type": "Feature", "geometry": {"type": "Point", "coordinates": [111.366485, 30.635047]}, "properties": {"类别": "村", "名称": "共勤村", "topic": "生活噪声", "board": "民生基础需求", "polarity": "Negative"}}, {"type": "Feature", "geometry": {"type": "Point", "coordinates": [111.37033, 30.653559]}, "properties": {"类别": "村", "名称": "共强村", "topic": "生活噪声", "board": "民生基础需求", "polarity": "Negative"}}, {"type": "Feature", "geometry": {"type": "Point", "coordinates": [111.354693, 30.664327]}, "properties": {"类别": "村", "名称": "火光村", "topic": "建筑施工噪声", "board": "民生基础需求", "polarity": "Negative"}}, {"type": "Feature", "geometry": {"type": "Point", "coordinates": [111.3871, 30.653345]}, "properties": {"类别": "村", "名称": "共和村", "topic": "建筑施工噪声", "board": "民生基础需求", "polarity": "Very Negative"}}, {"type": "Feature", "geometry": {"type": "Point", "coordinates": [111.321284, 30.67413]}, "properties": {"类别": "村", "名称": "汉宜村", "topic": "道路运输", "board": "民生基础需求", "polarity": "Negative"}}, {"type": "Feature", "geometry": {"type": "Point", "coordinates": [111.336773, 30.659479]}, "properties": {"类别": "村", "名称": "火光村", "topic": "生活噪声", "board": "民生基础需求", "polarity": "Negative"}}, {"type": "Feature", "geometry": {"type": "Point", "coordinates": [111.366485, 30.635047]}, "properties": {"类别": "村", "名称": "共勤村", "topic": "生活噪声", "board": "民生基础需求", "polarity": "Negative"}}, {"type": "Feature", "geometry": {"type": "Point", "coordinates": [111.37174, 30.619047]}, "properties": {"类别": "村", "名称": "共联村", "topic": "交通噪声", "board": "民生基础需求", "polarity": "Negative"}}, {"type": "Feature", "geometry": {"type": "Point", "coordinates": [111.370163, 30.658286]}, "properties": {"类别": "村", "名称": "共和村", "topic": "街面秩序管理问题", "board": "民生基础需求", "polarity": "Very Negative"}}, {"type": "Feature", "geometry": {"type": "Point", "coordinates": [111.390339, 30.691929]}, "properties": {"类别": "村", "名称": "梅花村", "topic": "市政公共设施问题", "board": "安全韧性底线", "polarity": "Negative"}}, {"type": "Feature", "geometry": {"type": "Point", "coordinates": [111.340534, 30.654416]}, "properties": {"类别": "村", "名称": "火光村", "topic": "小区管理", "board": "民生基础需求", "polarity": "Very Negative"}}, {"type": "Feature", "geometry": {"type": "Point", "coordinates": [111.340534, 30.654416]}, "properties": {"类别": "村", "名称": "火光村", "topic": "小区管理", "board": "民生基础需求", "polarity": "Very Negative"}}, {"type": "Feature", "geometry": {"type": "Point", "coordinates": [111.360882, 30.644048]}, "properties": {"类别": "村", "名称": "共勤村", "topic": "停车管理", "board": "民生基础需求", "polarity": "Negative"}}, {"type": "Feature", "geometry": {"type": "Point", "coordinates": [111.362821, 30.64987]}, "properties": {"类别": "村", "名称": "共勤村", "topic": "交通秩序", "board": "民生基础需求", "polarity": "Very Negative"}}, {"type": "Feature", "geometry": {"type": "Point", "coordinates": [111.370163, 30.658286]}, "properties": {"类别": "村", "名称": "共和村", "topic": "交通设施问题", "board": "安全韧性底线", "polarity": "Neutral"}}, {"type": "Feature", "geometry": {"type": "Point", "coordinates": [111.380165, 30.651192]}, "properties": {"类别": "村", "名称": "共和村", "topic": "车辆乱停放", "board": "民生基础需求", "polarity": "Negative"}}, {"type": "Feature", "geometry": {"type": "Point", "coordinates": [111.349078, 30.657798]}, "properties": {"类别": "村", "名称": "火光村", "topic": "小区管理", "board": "民生基础需求", "polarity": "Negative"}}, {"type": "Feature", "geometry": {"type": "Point", "coordinates": [111.37033, 30.653559]}, "properties": {"类别": "村", "名称": "共强村", "topic": "生活噪声", "board": "民生基础需求", "polarity": "Very Negative"}}, {"type": "Feature", "geometry": {"type": "Point", "coordinates": [111.333572, 30.681932]}, "properties": {"类别": "村", "名称": "旭光村", "topic": "道路问题", "board": "民生基础需求", "polarity": "Neutral"}}, {"type": "Feature", "geometry": {"type": "Point", "coordinates": [111.337465, 30.690328]}, "properties": {"类别": "村", "名称": "旭光村", "topic": "停车管理问题", "board": "民生基础需求", "polarity": "Negative"}}, {"type": "Feature", "geometry": {"type": "Point", "coordinates": [111.340432, 30.684223]}, "properties": {"类别": "村", "名称": "旭光村", "topic": "住房房产", "board": "民生基础需求", "polarity": "Neutral"}}, {"type": "Feature", "geometry": {"type": "Point", "coordinates": [111.360882, 30.644048]}, "properties": {"类别": "村", "名称": "共勤村", "topic": "车辆乱停放", "board": "民生基础需求", "polarity": "Negative"}}, {"type": "Feature", "geometry": {"type": "Point", "coordinates": [111.360882, 30.644048]}, "properties": {"类别": "村", "名称": "共勤村", "topic": "小区建设", "board": "民生基础需求", "polarity": "Very Negative"}}, {"type": "Feature", "geometry": {"type": "Point", "coordinates": [111.360882, 30.644048]}, "properties": {"类别": "村", "名称": "共勤村", "topic": "住房房产", "board": "民生基础需求", "polarity": "Negative"}}, {"type": "Feature", "geometry": {"type": "Point", "coordinates": [111.329645, 30.666601]}, "properties": {"类别": "村", "名称": "汉宜村", "topic": "停车管理", "board": "民生基础需求", "polarity": "Negative"}}, {"type": "Feature", "geometry": {"type": "Point", "coordinates": [111.360882, 30.644048]}, "properties": {"类别": "村", "名称": "共勤村", "topic": "公共设施异响噪声", "board": "民生基础需求", "polarity": "Very Negative"}}, {"type": "Feature", "geometry": {"type": "Point", "coordinates": [111.338332, 30.684966]}, "properties": {"类别": "村", "名称": "旭光村", "topic": "交通噪声", "board": "民生基础需求", "polarity": "Negative"}}, {"type": "Feature", "geometry": {"type": "Point", "coordinates": [111.342858, 30.685285]}, "properties": {"类别": "村", "名称": "旭光村", "topic": "小区管理", "board": "民生基础需求", "polarity": "Negative"}}, {"type": "Feature", "geometry": {"type": "Point", "coordinates": [111.321284, 30.67413]}, "properties": {"类别": "村", "名称": "汉宜村", "topic": "交通设施问题", "board": "安全韧性底线", "polarity": "Neutral"}}, {"type": "Feature", "geometry": {"type": "Point", "coordinates": [111.354693, 30.664327]}, "properties": {"类别": "村", "名称": "火光村", "topic": "交通设施问题", "board": "民生基础需求", "polarity": "Negative"}}, {"type": "Feature", "geometry": {"type": "Point", "coordinates": [111.354693, 30.664327]}, "properties": {"类别": "村", "名称": "火光村", "topic": "建筑施工噪声", "board": "民生基础需求", "polarity": "Neutral"}}, {"type": "Feature", "geometry": {"type": "Point", "coordinates": [111.372464, 30.629608]}, "properties": {"类别": "村", "名称": "共联村", "topic": "车辆乱停放", "board": "民生基础需求", "polarity": "Negative"}}, {"type": "Feature", "geometry": {"type": "Point", "coordinates": [111.397055, 30.679897]}, "properties": {"类别": "村", "名称": "土门村", "topic": "道路问题", "board": "民生基础需求", "polarity": "Very Negative"}}, {"type": "Feature", "geometry": {"type": "Point", "coordinates": [111.321284, 30.67413]}, "properties": {"类别": "村", "名称": "汉宜村", "topic": "交通设施问题", "board": "安全韧性底线", "polarity": "Negative"}}, {"type": "Feature", "geometry": {"type": "Point", "coordinates": [111.354693, 30.664327]}, "properties": {"类别": "村", "名称": "火光村", "topic": "施工管理问题", "board": "民生基础需求", "polarity": "Negative"}}, {"type": "Feature", "geometry": {"type": "Point", "coordinates": [111.329152, 30.663764]}, "properties": {"类别": "村", "名称": "汉宜村", "topic": "商业噪声", "board": "民生基础需求", "polarity": "Negative"}}, {"type": "Feature", "geometry": {"type": "Point", "coordinates": [111.362125, 30.644836]}, "properties": {"类别": "村", "名称": "共勤村", "topic": "市政公共设施问题", "board": "安全韧性底线", "polarity": "Negative"}}, {"type": "Feature", "geometry": {"type": "Point", "coordinates": [111.321284, 30.67413]}, "properties": {"类别": "村", "名称": "汉宜村", "topic": "交通设施问题", "board": "安全韧性底线", "polarity": "Very Negative"}}, {"type": "Feature", "geometry": {"type": "Point", "coordinates": [111.406349, 30.647459]}, "properties": {"类别": "村", "名称": "车站村", "topic": "道路设施问题", "board": "安全韧性底线", "polarity": "Neutral"}}, {"type": "Feature", "geometry": {"type": "Point", "coordinates": [111.333572, 30.681932]}, "properties": {"类别": "村", "名称": "旭光村", "topic": "停车管理问题", "board": "民生基础需求", "polarity": "Negative"}}, {"type": "Feature", "geometry": {"type": "Point", "coordinates": [111.378876, 30.659526]}, "properties": {"类别": "村", "名称": "共和村", "topic": "工业噪声", "board": "民生基础需求", "polarity": "Negative"}}, {"type": "Feature", "geometry": {"type": "Point", "coordinates": [111.321284, 30.67413]}, "properties": {"类别": "村", "名称": "汉宜村", "topic": "交通设施问题", "board": "安全韧性底线", "polarity": "Negative"}}, {"type": "Feature", "geometry": {"type": "Point", "coordinates": [111.342858, 30.685285]}, "properties": {"类别": "村", "名称": "旭光村", "topic": "生活噪声", "board": "民生基础需求", "polarity": "Negative"}}, {"type": "Feature", "geometry": {"type": "Point", "coordinates": [111.321284, 30.67413]}, "properties": {"类别": "村", "名称": "汉宜村", "topic": "住房房产", "board": "民生基础需求", "polarity": "Negative"}}, {"type": "Feature", "geometry": {"type": "Point", "coordinates": [111.34694, 30.672595]}, "properties": {"类别": "村", "名称": "联丰村", "topic": "公交服务", "board": "民生基础需求", "polarity": "Neutral"}}, {"type": "Feature", "geometry": {"type": "Point", "coordinates": [111.360882, 30.644048]}, "properties": {"类别": "村", "名称": "共勤村", "topic": "学区学籍", "board": "民生基础需求", "polarity": "Neutral"}}, {"type": "Feature", "geometry": {"type": "Point", "coordinates": [111.321284, 30.67413]}, "properties": {"类别": "村", "名称": "汉宜村", "topic": "市政公共设施问题", "board": "安全韧性底线", "polarity": "Negative"}}, {"type": "Feature", "geometry": {"type": "Point", "coordinates": [111.333572, 30.681932]}, "properties": {"类别": "村", "名称": "旭光村", "topic": "交通秩序", "board": "民生基础需求", "polarity": "Negative"}}, {"type": "Feature", "geometry": {"type": "Point", "coordinates": [111.362781, 30.650582]}, "properties": {"类别": "村", "名称": "共勤村", "topic": "施工管理问题", "board": "民生基础需求", "polarity": "Negative"}}, {"type": "Feature", "geometry": {"type": "Point", "coordinates": [111.363544, 30.636543]}, "properties": {"类别": "村", "名称": "共勤村", "topic": "住房房产", "board": "民生基础需求", "polarity": "Negative"}}, {"type": "Feature", "geometry": {"type": "Point", "coordinates": [111.373683, 30.620496]}, "properties": {"类别": "村", "名称": "共联村", "topic": "停车管理", "board": "民生基础需求", "polarity": "Negative"}}, {"type": "Feature", "geometry": {"type": "Point", "coordinates": [111.354693, 30.664327]}, "properties": {"类别": "村", "名称": "火光村", "topic": "建筑施工噪声", "board": "民生基础需求", "polarity": "Negative"}}, {"type": "Feature", "geometry": {"type": "Point", "coordinates": [111.380165, 30.651192]}, "properties": {"类别": "村", "名称": "共和村", "topic": "车辆乱停放", "board": "民生基础需求", "polarity": "Very Negative"}}, {"type": "Feature", "geometry": {"type": "Point", "coordinates": [111.360882, 30.644048]}, "properties": {"类别": "村", "名称": "共勤村", "topic": "住房房产", "board": "民生基础需求", "polarity": "Negative"}}, {"type": "Feature", "geometry": {"type": "Point", "coordinates": [111.3871, 30.653345]}, "properties": {"类别": "村", "名称": "共和村", "topic": "建筑施工噪声", "board": "民生基础需求", "polarity": "Negative"}}, {"type": "Feature", "geometry": {"type": "Point", "coordinates": [111.33961, 30.66113]}, "properties": {"类别": "村", "名称": "火光村", "topic": "市政公共设施问题", "board": "安全韧性底线", "polarity": "Negative"}}, {"type": "Feature", "geometry": {"type": "Point", "coordinates": [111.360882, 30.644048]}, "properties": {"类别": "村", "名称": "共勤村", "topic": "停车管理问题", "board": "民生基础需求", "polarity": "Negative"}}, {"type": "Feature", "geometry": {"type": "Point", "coordinates": [111.329431, 30.666321]}, "properties": {"类别": "村", "名称": "汉宜村", "topic": "车辆乱停放", "board": "民生基础需求", "polarity": "Negative"}}, {"type": "Feature", "geometry": {"type": "Point", "coordinates": [111.329431, 30.666321]}, "properties": {"类别": "村", "名称": "汉宜村", "topic": "商业噪声", "board": "民生基础需求", "polarity": "Negative"}}, {"type": "Feature", "geometry": {"type": "Point", "coordinates": [111.360882, 30.644048]}, "properties": {"类别": "村", "名称": "共勤村", "topic": "生活噪声", "board": "民生基础需求", "polarity": "Negative"}}, {"type": "Feature", "geometry": {"type": "Point", "coordinates": [111.3598, 30.656311]}, "properties": {"类别": "村", "名称": "共前村", "topic": "道路问题", "board": "民生基础需求", "polarity": "Negative"}}, {"type": "Feature", "geometry": {"type": "Point", "coordinates": [111.321284, 30.67413]}, "properties": {"类别": "村", "名称": "汉宜村", "topic": "停车管理", "board": "民生基础需求", "polarity": "Very Negative"}}, {"type": "Feature", "geometry": {"type": "Point", "coordinates": [111.321284, 30.67413]}, "properties": {"类别": "村", "名称": "汉宜村", "topic": "交通设施问题", "board": "安全韧性底线", "polarity": "Very Negative"}}, {"type": "Feature", "geometry": {"type": "Point", "coordinates": [111.321284, 30.67413]}, "properties": {"类别": "村", "名称": "汉宜村", "topic": "交通设施问题", "board": "安全韧性底线", "polarity": "Very Negative"}}, {"type": "Feature", "geometry": {"type": "Point", "coordinates": [111.373683, 30.620496]}, "properties": {"类别": "村", "名称": "共联村", "topic": "住房房产", "board": "民生基础需求", "polarity": "Negative"}}, {"type": "Feature", "geometry": {"type": "Point", "coordinates": [111.321284, 30.67413]}, "properties": {"类别": "村", "名称": "汉宜村", "topic": "建筑施工噪声", "board": "民生基础需求", "polarity": "Neutral"}}, {"type": "Feature", "geometry": {"type": "Point", "coordinates": [111.333572, 30.681932]}, "properties": {"类别": "村", "名称": "旭光村", "topic": "停车管理问题", "board": "民生基础需求", "polarity": "Negative"}}, {"type": "Feature", "geometry": {"type": "Point", "coordinates": [111.427453, 30.674336]}, "properties": {"类别": "村", "名称": "土门村", "topic": "交通设施问题", "board": "安全韧性底线", "polarity": "Negative"}}, {"type": "Feature", "geometry": {"type": "Point", "coordinates": [111.365833, 30.634654]}, "properties": {"类别": "村", "名称": "共勤村", "topic": "生活噪声", "board": "民生基础需求", "polarity": "Very Negative"}}, {"type": "Feature", "geometry": {"type": "Point", "coordinates": [111.354693, 30.664327]}, "properties": {"类别": "村", "名称": "火光村", "topic": "市政公共设施问题", "board": "安全韧性底线", "polarity": "Negative"}}, {"type": "Feature", "geometry": {"type": "Point", "coordinates": [111.362821, 30.64987]}, "properties": {"类别": "村", "名称": "共勤村", "topic": "交通设施问题", "board": "安全韧性底线", "polarity": "Negative"}}, {"type": "Feature", "geometry": {"type": "Point", "coordinates": [111.338918, 30.654198]}, "properties": {"类别": "村", "名称": "火光村", "topic": "停车管理问题", "board": "民生基础需求", "polarity": "Negative"}}, {"type": "Feature", "geometry": {"type": "Point", "coordinates": [111.321284, 30.67413]}, "properties": {"类别": "村", "名称": "汉宜村", "topic": "道路设施问题", "board": "安全韧性底线", "polarity": "Neutral"}}, {"type": "Feature", "geometry": {"type": "Point", "coordinates": [111.3871, 30.653345]}, "properties": {"类别": "村", "名称": "共和村", "topic": "建筑施工噪声", "board": "民生基础需求", "polarity": "Negative"}}, {"type": "Feature", "geometry": {"type": "Point", "coordinates": [111.337322, 30.684943]}, "properties": {"类别": "村", "名称": "旭光村", "topic": "市政公共设施问题", "board": "安全韧性底线", "polarity": "Very Negative"}}, {"type": "Feature", "geometry": {"type": "Point", "coordinates": [111.333572, 30.681932]}, "properties": {"类别": "村", "名称": "旭光村", "topic": "商业噪声", "board": "民生基础需求", "polarity": "Negative"}}, {"type": "Feature", "geometry": {"type": "Point", "coordinates": [111.336197, 30.666197]}, "properties": {"类别": "村", "名称": "合益村", "topic": "车辆乱停放", "board": "民生基础需求", "polarity": "Very Negative"}}, {"type": "Feature", "geometry": {"type": "Point", "coordinates": [111.397055, 30.679897]}, "properties": {"类别": "村", "名称": "土门村", "topic": "市政公共设施问题", "board": "安全韧性底线", "polarity": "Negative"}}, {"type": "Feature", "geometry": {"type": "Point", "coordinates": [111.406531, 30.655526]}, "properties": {"类别": "村", "名称": "车站村", "topic": "道路问题", "board": "民生基础需求", "polarity": "Neutral"}}, {"type": "Feature", "geometry": {"type": "Point", "coordinates": [111.360882, 30.644048]}, "properties": {"类别": "村", "名称": "共勤村", "topic": "小区管理", "board": "民生基础需求", "polarity": "Very Negative"}}, {"type": "Feature", "geometry": {"type": "Point", "coordinates": [111.329431, 30.666321]}, "properties": {"类别": "村", "名称": "汉宜村", "topic": "道路设施问题", "board": "安全韧性底线", "polarity": "Neutral"}}, {"type": "Feature", "geometry": {"type": "Point", "coordinates": [111.329431, 30.666321]}, "properties": {"类别": "村", "名称": "汉宜村", "topic": "车辆乱停放", "board": "民生基础需求", "polarity": "Negative"}}, {"type": "Feature", "geometry": {"type": "Point", "coordinates": [111.339452, 30.686616]}, "properties": {"类别": "村", "名称": "旭光村", "topic": "小区建设", "board": "民生基础需求", "polarity": "Negative"}}, {"type": "Feature", "geometry": {"type": "Point", "coordinates": [111.360882, 30.644048]}, "properties": {"类别": "村", "名称": "共勤村", "topic": "停车管理", "board": "民生基础需求", "polarity": "Negative"}}, {"type": "Feature", "geometry": {"type": "Point", "coordinates": [111.333572, 30.681932]}, "properties": {"类别": "村", "名称": "旭光村", "topic": "小区管理", "board": "民生基础需求", "polarity": "Negative"}}, {"type": "Feature", "geometry": {"type": "Point", "coordinates": [111.349078, 30.657798]}, "properties": {"类别": "村", "名称": "火光村", "topic": "交通秩序", "board": "安全韧性底线", "polarity": "Very Negative"}}, {"type": "Feature", "geometry": {"type": "Point", "coordinates": [111.360882, 30.644048]}, "properties": {"类别": "村", "名称": "共勤村", "topic": "就医", "board": "民生基础需求", "polarity": "Negative"}}, {"type": "Feature", "geometry": {"type": "Point", "coordinates": [111.329431, 30.666321]}, "properties": {"类别": "村", "名称": "汉宜村", "topic": "违规建（构）筑物", "board": "民生基础需求", "polarity": "Negative"}}, {"type": "Feature", "geometry": {"type": "Point", "coordinates": [111.376662, 30.624121]}, "properties": {"类别": "村", "名称": "共联村", "topic": "供气服务", "board": "民生基础需求", "polarity": "Negative"}}, {"type": "Feature", "geometry": {"type": "Point", "coordinates": [111.339928, 30.684256]}, "properties": {"类别": "村", "名称": "旭光村", "topic": "垃圾清理及环卫设施问题", "board": "民生基础需求", "polarity": "Very Negative"}}, {"type": "Feature", "geometry": {"type": "Point", "coordinates": [111.351651, 30.673484]}, "properties": {"类别": "村", "名称": "联丰村", "topic": "车辆乱停放", "board": "民生基础需求", "polarity": "Neutral"}}, {"type": "Feature", "geometry": {"type": "Point", "coordinates": [111.362589, 30.649083]}, "properties": {"类别": "村", "名称": "共勤村", "topic": "公共设施异响噪声", "board": "民生基础需求", "polarity": "Very Negative"}}, {"type": "Feature", "geometry": {"type": "Point", "coordinates": [111.380165, 30.651192]}, "properties": {"类别": "村", "名称": "共和村", "topic": "园林绿化设施问题", "board": "民生基础需求", "polarity": "Very Negative"}}, {"type": "Feature", "geometry": {"type": "Point", "coordinates": [111.375173, 30.647312]}, "properties": {"类别": "村", "名称": "共谊村", "topic": "园林绿化设施问题", "board": "民生基础需求", "polarity": "Neutral"}}, {"type": "Feature", "geometry": {"type": "Point", "coordinates": [111.396788, 30.681285]}, "properties": {"类别": "村", "名称": "梅花村", "topic": "道路问题", "board": "民生基础需求", "polarity": "Negative"}}, {"type": "Feature", "geometry": {"type": "Point", "coordinates": [111.360882, 30.644048]}, "properties": {"类别": "村", "名称": "共勤村", "topic": "小区管理", "board": "民生基础需求", "polarity": "Neutral"}}, {"type": "Feature", "geometry": {"type": "Point", "coordinates": [111.327696, 30.66758]}, "properties": {"类别": "村", "名称": "汉宜村", "topic": "交通设施问题", "board": "安全韧性底线", "polarity": "Neutral"}}, {"type": "Feature", "geometry": {"type": "Point", "coordinates": [111.360882, 30.644048]}, "properties": {"类别": "村", "名称": "共勤村", "topic": "小区管理", "board": "民生基础需求", "polarity": "Negative"}}, {"type": "Feature", "geometry": {"type": "Point", "coordinates": [111.321284, 30.67413]}, "properties": {"类别": "村", "名称": "汉宜村", "topic": "市政公共设施问题", "board": "安全韧性底线", "polarity": "Negative"}}, {"type": "Feature", "geometry": {"type": "Point", "coordinates": [111.370163, 30.658286]}, "properties": {"类别": "村", "名称": "共和村", "topic": "道路运输", "board": "民生基础需求", "polarity": "Negative"}}, {"type": "Feature", "geometry": {"type": "Point", "coordinates": [111.360882, 30.644048]}, "properties": {"类别": "村", "名称": "共勤村", "topic": "生活噪声", "board": "民生基础需求", "polarity": "Negative"}}, {"type": "Feature", "geometry": {"type": "Point", "coordinates": [111.429906, 30.672671]}, "properties": {"类别": "村", "名称": "车站村", "topic": "供水服务", "board": "民生基础需求", "polarity": "Negative"}}, {"type": "Feature", "geometry": {"type": "Point", "coordinates": [111.335903, 30.691987]}, "properties": {"类别": "村", "名称": "旭光村", "topic": "小区管理", "board": "民生基础需求", "polarity": "Very Negative"}}, {"type": "Feature", "geometry": {"type": "Point", "coordinates": [111.406531, 30.655526]}, "properties": {"类别": "村", "名称": "车站村", "topic": "道路问题", "board": "民生基础需求", "polarity": "Neutral"}}, {"type": "Feature", "geometry": {"type": "Point", "coordinates": [111.370163, 30.658286]}, "properties": {"类别": "村", "名称": "共和村", "topic": "铁路", "board": "民生基础需求", "polarity": "Neutral"}}, {"type": "Feature", "geometry": {"type": "Point", "coordinates": [111.338332, 30.684966]}, "properties": {"类别": "村", "名称": "旭光村", "topic": "交通噪声", "board": "民生基础需求", "polarity": "Very Negative"}}, {"type": "Feature", "geometry": {"type": "Point", "coordinates": [111.360882, 30.644048]}, "properties": {"类别": "村", "名称": "共勤村", "topic": "生活噪声", "board": "民生基础需求", "polarity": "Very Negative"}}, {"type": "Feature", "geometry": {"type": "Point", "coordinates": [111.321284, 30.67413]}, "properties": {"类别": "村", "名称": "汉宜村", "topic": "管道设施破裂堵塞", "board": "安全韧性底线", "polarity": "Neutral"}}, {"type": "Feature", "geometry": {"type": "Point", "coordinates": [111.360882, 30.644048]}, "properties": {"类别": "村", "名称": "共勤村", "topic": "建筑施工噪声", "board": "民生基础需求", "polarity": "Negative"}}, {"type": "Feature", "geometry": {"type": "Point", "coordinates": [111.35286, 30.66725]}, "properties": {"类别": "村", "名称": "火光村", "topic": "小区建设", "board": "民生基础需求", "polarity": "Very Negative"}}, {"type": "Feature", "geometry": {"type": "Point", "coordinates": [111.337465, 30.690328]}, "properties": {"类别": "村", "名称": "旭光村", "topic": "小区建设", "board": "民生基础需求", "polarity": "Negative"}}, {"type": "Feature", "geometry": {"type": "Point", "coordinates": [111.38041, 30.646489]}, "properties": {"类别": "村", "名称": "共谊村", "topic": "车辆乱停放", "board": "民生基础需求", "polarity": "Neutral"}}, {"type": "Feature", "geometry": {"type": "Point", "coordinates": [111.3871, 30.653345]}, "properties": {"类别": "村", "名称": "共和村", "topic": "车辆乱停放", "board": "民生基础需求", "polarity": "Very Negative"}}, {"type": "Feature", "geometry": {"type": "Point", "coordinates": [111.358933, 30.677486]}, "properties": {"类别": "村", "名称": "联丰村", "topic": "公交服务", "board": "民生基础需求", "polarity": "Neutral"}}, {"type": "Feature", "geometry": {"type": "Point", "coordinates": [111.360882, 30.644048]}, "properties": {"类别": "村", "名称": "共勤村", "topic": "生活噪声", "board": "民生基础需求", "polarity": "Very Negative"}}, {"type": "Feature", "geometry": {"type": "Point", "coordinates": [111.333572, 30.681932]}, "properties": {"类别": "村", "名称": "旭光村", "topic": "街面秩序管理问题", "board": "民生基础需求", "polarity": "Very Negative"}}, {"type": "Feature", "geometry": {"type": "Point", "coordinates": [111.333572, 30.681932]}, "properties": {"类别": "村", "名称": "旭光村", "topic": "生活噪声", "board": "民生基础需求", "polarity": "Negative"}}, {"type": "Feature", "geometry": {"type": "Point", "coordinates": [111.412947, 30.67812]}, "properties": {"类别": "村", "名称": "土门村", "topic": "生活噪声", "board": "民生基础需求", "polarity": "Very Negative"}}, {"type": "Feature", "geometry": {"type": "Point", "coordinates": [111.361957, 30.650329]}, "properties": {"类别": "村", "名称": "共勤村", "topic": "建筑施工噪声", "board": "民生基础需求", "polarity": "Very Negative"}}, {"type": "Feature", "geometry": {"type": "Point", "coordinates": [111.333572, 30.681932]}, "properties": {"类别": "村", "名称": "旭光村", "topic": "道路问题", "board": "民生基础需求", "polarity": "Very Negative"}}, {"type": "Feature", "geometry": {"type": "Point", "coordinates": [111.332106, 30.667952]}, "properties": {"类别": "村", "名称": "合益村", "topic": "住房房产", "board": "民生基础需求", "polarity": "Very Negative"}}, {"type": "Feature", "geometry": {"type": "Point", "coordinates": [111.333572, 30.681932]}, "properties": {"类别": "村", "名称": "旭光村", "topic": "生活噪声", "board": "民生基础需求", "polarity": "Negative"}}, {"type": "Feature", "geometry": {"type": "Point", "coordinates": [111.347877, 30.655339]}, "properties": {"类别": "村", "名称": "火光村", "topic": "小区管理", "board": "民生基础需求", "polarity": "Negative"}}, {"type": "Feature", "geometry": {"type": "Point", "coordinates": [111.373683, 30.620496]}, "properties": {"类别": "村", "名称": "共联村", "topic": "车辆乱停放", "board": "民生基础需求", "polarity": "Very Negative"}}, {"type": "Feature", "geometry": {"type": "Point", "coordinates": [111.376662, 30.624121]}, "properties": {"类别": "村", "名称": "共联村", "topic": "供气服务", "board": "民生基础需求", "polarity": "Negative"}}, {"type": "Feature", "geometry": {"type": "Point", "coordinates": [111.37033, 30.653559]}, "properties": {"类别": "村", "名称": "共强村", "topic": "生活噪声", "board": "民生基础需求", "polarity": "Negative"}}, {"type": "Feature", "geometry": {"type": "Point", "coordinates": [111.33629, 30.691122]}, "properties": {"类别": "村", "名称": "旭光村", "topic": "停车管理问题", "board": "民生基础需求", "polarity": "Very Negative"}}, {"type": "Feature", "geometry": {"type": "Point", "coordinates": [111.361828, 30.649587]}, "properties": {"类别": "村", "名称": "共勤村", "topic": "生活噪声", "board": "民生基础需求", "polarity": "Negative"}}, {"type": "Feature", "geometry": {"type": "Point", "coordinates": [111.378196, 30.660714]}, "properties": {"类别": "村", "名称": "共和村", "topic": "车辆乱停放", "board": "民生基础需求", "polarity": "Negative"}}, {"type": "Feature", "geometry": {"type": "Point", "coordinates": [111.329431, 30.666321]}, "properties": {"类别": "村", "名称": "汉宜村", "topic": "住房房产", "board": "民生基础需求", "polarity": "Negative"}}, {"type": "Feature", "geometry": {"type": "Point", "coordinates": [111.370163, 30.658286]}, "properties": {"类别": "村", "名称": "共和村", "topic": "铁路", "board": "民生基础需求", "polarity": "Very Negative"}}, {"type": "Feature", "geometry": {"type": "Point", "coordinates": [111.360882, 30.644048]}, "properties": {"类别": "村", "名称": "共勤村", "topic": "就医", "board": "民生基础需求", "polarity": "Negative"}}, {"type": "Feature", "geometry": {"type": "Point", "coordinates": [111.337121, 30.666675]}, "properties": {"类别": "村", "名称": "合益村", "topic": "小区管理", "board": "民生基础需求", "polarity": "Negative"}}, {"type": "Feature", "geometry": {"type": "Point", "coordinates": [111.332106, 30.667952]}, "properties": {"类别": "村", "名称": "合益村", "topic": "住房房产", "board": "民生基础需求", "polarity": "Negative"}}, {"type": "Feature", "geometry": {"type": "Point", "coordinates": [111.360882, 30.644048]}, "properties": {"类别": "村", "名称": "共勤村", "topic": "交通设施问题", "board": "民生基础需求", "polarity": "Negative"}}, {"type": "Feature", "geometry": {"type": "Point", "coordinates": [111.376662, 30.624121]}, "properties": {"类别": "村", "名称": "共联村", "topic": "交通噪声", "board": "民生基础需求", "polarity": "Very Negative"}}, {"type": "Feature", "geometry": {"type": "Point", "coordinates": [111.3598, 30.656311]}, "properties": {"类别": "村", "名称": "共前村", "topic": "道路问题", "board": "民生基础需求", "polarity": "Very Negative"}}, {"type": "Feature", "geometry": {"type": "Point", "coordinates": [111.330475, 30.666294]}, "properties": {"类别": "村", "名称": "汉宜村", "topic": "小区建设", "board": "民生基础需求", "polarity": "Neutral"}}, {"type": "Feature", "geometry": {"type": "Point", "coordinates": [111.338332, 30.662083]}, "properties": {"类别": "村", "名称": "火光村", "topic": "生活噪声", "board": "民生基础需求", "polarity": "Negative"}}, {"type": "Feature", "geometry": {"type": "Point", "coordinates": [111.360882, 30.644048]}, "properties": {"类别": "村", "名称": "共勤村", "topic": "生活噪声", "board": "民生基础需求", "polarity": "Negative"}}, {"type": "Feature", "geometry": {"type": "Point", "coordinates": [111.321284, 30.67413]}, "properties": {"类别": "村", "名称": "汉宜村", "topic": "住房房产", "board": "民生基础需求", "polarity": "Negative"}}, {"type": "Feature", "geometry": {"type": "Point", "coordinates": [111.360882, 30.644048]}, "properties": {"类别": "村", "名称": "共勤村", "topic": "交通设施问题", "board": "安全韧性底线", "polarity": "Negative"}}, {"type": "Feature", "geometry": {"type": "Point", "coordinates": [111.358132, 30.650426]}, "properties": {"类别": "村", "名称": "共前村", "topic": "小区管理", "board": "民生基础需求", "polarity": "Negative"}}, {"type": "Feature", "geometry": {"type": "Point", "coordinates": [111.33961, 30.66113]}, "properties": {"类别": "村", "名称": "火光村", "topic": "生活噪声", "board": "民生基础需求", "polarity": "Negative"}}, {"type": "Feature", "geometry": {"type": "Point", "coordinates": [111.333572, 30.681932]}, "properties": {"类别": "村", "名称": "旭光村", "topic": "道路问题", "board": "民生基础需求", "polarity": "Neutral"}}, {"type": "Feature", "geometry": {"type": "Point", "coordinates": [111.375173, 30.647312]}, "properties": {"类别": "村", "名称": "共谊村", "topic": "园林绿化设施问题", "board": "民生基础需求", "polarity": "Neutral"}}, {"type": "Feature", "geometry": {"type": "Point", "coordinates": [111.370163, 30.658286]}, "properties": {"类别": "村", "名称": "共和村", "topic": "工业噪声", "board": "民生基础需求", "polarity": "Negative"}}, {"type": "Feature", "geometry": {"type": "Point", "coordinates": [111.354693, 30.664327]}, "properties": {"类别": "村", "名称": "火光村", "topic": "道路问题", "board": "民生基础需求", "polarity": "Negative"}}, {"type": "Feature", "geometry": {"type": "Point", "coordinates": [111.329645, 30.666601]}, "properties": {"类别": "村", "名称": "汉宜村", "topic": "停车管理", "board": "民生基础需求", "polarity": "Negative"}}, {"type": "Feature", "geometry": {"type": "Point", "coordinates": [111.360882, 30.644048]}, "properties": {"类别": "村", "名称": "共勤村", "topic": "车辆乱停放", "board": "民生基础需求", "polarity": "Very Negative"}}, {"type": "Feature", "geometry": {"type": "Point", "coordinates": [111.337922, 30.66532]}, "properties": {"类别": "村", "名称": "合益村", "topic": "商业噪声", "board": "民生基础需求", "polarity": "Very Negative"}}, {"type": "Feature", "geometry": {"type": "Point", "coordinates": [111.333572, 30.681932]}, "properties": {"类别": "村", "名称": "旭光村", "topic": "停车管理问题", "board": "民生基础需求", "polarity": "Negative"}}, {"type": "Feature", "geometry": {"type": "Point", "coordinates": [111.321284, 30.67413]}, "properties": {"类别": "村", "名称": "汉宜村", "topic": "停车管理问题", "board": "民生基础需求", "polarity": "Neutral"}}, {"type": "Feature", "geometry": {"type": "Point", "coordinates": [111.360882, 30.644048]}, "properties": {"类别": "村", "名称": "共勤村", "topic": "车辆乱停放", "board": "民生基础需求", "polarity": "Very Negative"}}, {"type": "Feature", "geometry": {"type": "Point", "coordinates": [111.396788, 30.681285]}, "properties": {"类别": "村", "名称": "梅花村", "topic": "停车管理问题", "board": "民生基础需求", "polarity": "Negative"}}, {"type": "Feature", "geometry": {"type": "Point", "coordinates": [111.360882, 30.644048]}, "properties": {"类别": "村", "名称": "共勤村", "topic": "住房房产", "board": "民生基础需求", "polarity": "Negative"}}, {"type": "Feature", "geometry": {"type": "Point", "coordinates": [111.384556, 30.671098]}, "properties": {"类别": "村", "名称": "共同村", "topic": "道路设施问题", "board": "安全韧性底线", "polarity": "Neutral"}}, {"type": "Feature", "geometry": {"type": "Point", "coordinates": [111.321284, 30.67413]}, "properties": {"类别": "村", "名称": "汉宜村", "topic": "小区管理", "board": "民生基础需求", "polarity": "Negative"}}, {"type": "Feature", "geometry": {"type": "Point", "coordinates": [111.360882, 30.644048]}, "properties": {"类别": "村", "名称": "共勤村", "topic": "车辆乱停放", "board": "民生基础需求", "polarity": "Very Negative"}}, {"type": "Feature", "geometry": {"type": "Point", "coordinates": [111.321284, 30.67413]}, "properties": {"类别": "村", "名称": "汉宜村", "topic": "管道设施破裂堵塞", "board": "安全韧性底线", "polarity": "Neutral"}}, {"type": "Feature", "geometry": {"type": "Point", "coordinates": [111.370163, 30.658286]}, "properties": {"类别": "村", "名称": "共和村", "topic": "停车管理问题", "board": "民生基础需求", "polarity": "Negative"}}, {"type": "Feature", "geometry": {"type": "Point", "coordinates": [111.33896, 30.682123]}, "properties": {"类别": "村", "名称": "旭光村", "topic": "小区管理", "board": "民生基础需求", "polarity": "Negative"}}, {"type": "Feature", "geometry": {"type": "Point", "coordinates": [111.360882, 30.644048]}, "properties": {"类别": "村", "名称": "共勤村", "topic": "生活噪声", "board": "民生基础需求", "polarity": "Negative"}}, {"type": "Feature", "geometry": {"type": "Point", "coordinates": [111.360882, 30.644048]}, "properties": {"类别": "村", "名称": "共勤村", "topic": "车辆乱停放", "board": "民生基础需求", "polarity": "Very Negative"}}, {"type": "Feature", "geometry": {"type": "Point", "coordinates": [111.360882, 30.644048]}, "properties": {"类别": "村", "名称": "共勤村", "topic": "管道设施破裂堵塞", "board": "安全韧性底线", "polarity": "Negative"}}, {"type": "Feature", "geometry": {"type": "Point", "coordinates": [111.373683, 30.620496]}, "properties": {"类别": "村", "名称": "共联村", "topic": "小区建设", "board": "民生基础需求", "polarity": "Negative"}}, {"type": "Feature", "geometry": {"type": "Point", "coordinates": [111.364064, 30.638979]}, "properties": {"类别": "村", "名称": "共勤村", "topic": "生活噪声", "board": "民生基础需求", "polarity": "Very Negative"}}, {"type": "Feature", "geometry": {"type": "Point", "coordinates": [111.321284, 30.67413]}, "properties": {"类别": "村", "名称": "汉宜村", "topic": "交通秩序", "board": "安全韧性底线", "polarity": "Negative"}}, {"type": "Feature", "geometry": {"type": "Point", "coordinates": [111.333572, 30.681932]}, "properties": {"类别": "村", "名称": "旭光村", "topic": "车辆乱停放", "board": "民生基础需求", "polarity": "Negative"}}, {"type": "Feature", "geometry": {"type": "Point", "coordinates": [111.3871, 30.653345]}, "properties": {"类别": "村", "名称": "共和村", "topic": "建筑施工噪声", "board": "民生基础需求", "polarity": "Very Negative"}}, {"type": "Feature", "geometry": {"type": "Point", "coordinates": [111.380165, 30.651192]}, "properties": {"类别": "村", "名称": "共和村", "topic": "街面秩序管理问题", "board": "民生基础需求", "polarity": "Negative"}}, {"type": "Feature", "geometry": {"type": "Point", "coordinates": [111.333572, 30.681932]}, "properties": {"类别": "村", "名称": "旭光村", "topic": "车辆乱停放", "board": "民生基础需求", "polarity": "Negative"}}, {"type": "Feature", "geometry": {"type": "Point", "coordinates": [111.335903, 30.691987]}, "properties": {"类别": "村", "名称": "旭光村", "topic": "小区建设", "board": "民生基础需求", "polarity": "Very Negative"}}, {"type": "Feature", "geometry": {"type": "Point", "coordinates": [111.321284, 30.67413]}, "properties": {"类别": "村", "名称": "汉宜村", "topic": "停车管理问题", "board": "民生基础需求", "polarity": "Negative"}}, {"type": "Feature", "geometry": {"type": "Point", "coordinates": [111.333572, 30.681932]}, "properties": {"类别": "村", "名称": "旭光村", "topic": "住房房产", "board": "民生基础需求", "polarity": "Neutral"}}, {"type": "Feature", "geometry": {"type": "Point", "coordinates": [111.333572, 30.681932]}, "properties": {"类别": "村", "名称": "旭光村", "topic": "违规建（构）筑物", "board": "民生基础需求", "polarity": "Negative"}}, {"type": "Feature", "geometry": {"type": "Point", "coordinates": [111.387498, 30.669752]}, "properties": {"类别": "村", "名称": "共同村", "topic": "建筑施工噪声", "board": "民生基础需求", "polarity": "Very Negative"}}, {"type": "Feature", "geometry": {"type": "Point", "coordinates": [111.321284, 30.67413]}, "properties": {"类别": "村", "名称": "汉宜村", "topic": "小区管理", "board": "民生基础需求", "polarity": "Negative"}}, {"type": "Feature", "geometry": {"type": "Point", "coordinates": [111.360882, 30.644048]}, "properties": {"类别": "村", "名称": "共勤村", "topic": "停车管理", "board": "民生基础需求", "polarity": "Negative"}}, {"type": "Feature", "geometry": {"type": "Point", "coordinates": [111.400064, 30.675302]}, "properties": {"类别": "村", "名称": "土门村", "topic": "车辆乱停放", "board": "民生基础需求", "polarity": "Very Negative"}}, {"type": "Feature", "geometry": {"type": "Point", "coordinates": [111.417521, 30.642867]}, "properties": {"类别": "村", "名称": "灵宝村", "topic": "道路设施问题", "board": "安全韧性底线", "polarity": "Negative"}}, {"type": "Feature", "geometry": {"type": "Point", "coordinates": [111.354693, 30.664327]}, "properties": {"类别": "村", "名称": "火光村", "topic": "生活噪声", "board": "民生基础需求", "polarity": "Negative"}}, {"type": "Feature", "geometry": {"type": "Point", "coordinates": [111.321284, 30.67413]}, "properties": {"类别": "村", "名称": "汉宜村", "topic": "小区管理", "board": "民生基础需求", "polarity": "Negative"}}, {"type": "Feature", "geometry": {"type": "Point", "coordinates": [111.333572, 30.681932]}, "properties": {"类别": "村", "名称": "旭光村", "topic": "公厕管理问题", "board": "民生基础需求", "polarity": "Negative"}}, {"type": "Feature", "geometry": {"type": "Point", "coordinates": [111.3871, 30.653345]}, "properties": {"类别": "村", "名称": "共和村", "topic": "车辆乱停放", "board": "民生基础需求", "polarity": "Very Negative"}}, {"type": "Feature", "geometry": {"type": "Point", "coordinates": [111.321284, 30.67413]}, "properties": {"类别": "村", "名称": "汉宜村", "topic": "住房房产", "board": "民生基础需求", "polarity": "Negative"}}, {"type": "Feature", "geometry": {"type": "Point", "coordinates": [111.360882, 30.644048]}, "properties": {"类别": "村", "名称": "共勤村", "topic": "交通设施问题", "board": "民生基础需求", "polarity": "Very Negative"}}, {"type": "Feature", "geometry": {"type": "Point", "coordinates": [111.321284, 30.67413]}, "properties": {"类别": "村", "名称": "汉宜村", "topic": "违规建（构）筑物", "board": "民生基础需求", "polarity": "Negative"}}, {"type": "Feature", "geometry": {"type": "Point", "coordinates": [111.329431, 30.666321]}, "properties": {"类别": "村", "名称": "汉宜村", "topic": "商业噪声", "board": "民生基础需求", "polarity": "Very Negative"}}, {"type": "Feature", "geometry": {"type": "Point", "coordinates": [111.373058, 30.646455]}, "properties": {"类别": "村", "名称": "共谊村", "topic": "商业噪声", "board": "民生基础需求", "polarity": "Very Negative"}}, {"type": "Feature", "geometry": {"type": "Point", "coordinates": [111.360882, 30.644048]}, "properties": {"类别": "村", "名称": "共勤村", "topic": "住房房产", "board": "民生基础需求", "polarity": "Negative"}}, {"type": "Feature", "geometry": {"type": "Point", "coordinates": [111.370163, 30.658286]}, "properties": {"类别": "村", "名称": "共和村", "topic": "交通设施问题", "board": "民生基础需求", "polarity": "Negative"}}, {"type": "Feature", "geometry": {"type": "Point", "coordinates": [111.351358, 30.67807]}, "properties": {"类别": "村", "名称": "联丰村", "topic": "建筑施工噪声", "board": "民生基础需求", "polarity": "Very Negative"}}, {"type": "Feature", "geometry": {"type": "Point", "coordinates": [111.362821, 30.64987]}, "properties": {"类别": "村", "名称": "共勤村", "topic": "公交服务", "board": "民生基础需求", "polarity": "Negative"}}, {"type": "Feature", "geometry": {"type": "Point", "coordinates": [111.335034, 30.665493]}, "properties": {"类别": "村", "名称": "合益村", "topic": "小区管理", "board": "民生基础需求", "polarity": "Very Negative"}}, {"type": "Feature", "geometry": {"type": "Point", "coordinates": [111.333572, 30.681932]}, "properties": {"类别": "村", "名称": "旭光村", "topic": "小区管理", "board": "民生基础需求", "polarity": "Negative"}}, {"type": "Feature", "geometry": {"type": "Point", "coordinates": [111.360882, 30.644048]}, "properties": {"类别": "村", "名称": "共勤村", "topic": "建筑施工噪声", "board": "民生基础需求", "polarity": "Negative"}}, {"type": "Feature", "geometry": {"type": "Point", "coordinates": [111.35286, 30.66725]}, "properties": {"类别": "村", "名称": "火光村", "topic": "公交服务", "board": "民生基础需求", "polarity": "Neutral"}}, {"type": "Feature", "geometry": {"type": "Point", "coordinates": [111.398241, 30.63174]}, "properties": {"类别": "村", "名称": "共升村", "topic": "施工管理问题", "board": "民生基础需求", "polarity": "Negative"}}, {"type": "Feature", "geometry": {"type": "Point", "coordinates": [111.398241, 30.63174]}, "properties": {"类别": "村", "名称": "共升村", "topic": "垃圾清理及环卫设施问题", "board": "民生基础需求", "polarity": "Negative"}}, {"type": "Feature", "geometry": {"type": "Point", "coordinates": [111.383198, 30.67131]}, "properties": {"类别": "村", "名称": "共同村", "topic": "生活噪声", "board": "民生基础需求", "polarity": "Negative"}}, {"type": "Feature", "geometry": {"type": "Point", "coordinates": [111.361149, 30.639315]}, "properties": {"类别": "村", "名称": "共勤村", "topic": "商业噪声", "board": "民生基础需求", "polarity": "Negative"}}, {"type": "Feature", "geometry": {"type": "Point", "coordinates": [111.360882, 30.644048]}, "properties": {"类别": "村", "名称": "共勤村", "topic": "住房房产", "board": "民生基础需求", "polarity": "Very Negative"}}, {"type": "Feature", "geometry": {"type": "Point", "coordinates": [111.360882, 30.644048]}, "properties": {"类别": "村", "名称": "共勤村", "topic": "建筑施工噪声", "board": "民生基础需求", "polarity": "Negative"}}, {"type": "Feature", "geometry": {"type": "Point", "coordinates": [111.372991, 30.622064]}, "properties": {"类别": "村", "名称": "共联村", "topic": "堡坎、山体问题", "board": "安全韧性底线", "polarity": "Negative"}}, {"type": "Feature", "geometry": {"type": "Point", "coordinates": [111.332072, 30.674318]}, "properties": {"类别": "村", "名称": "合益村", "topic": "小区建设", "board": "民生基础需求", "polarity": "Negative"}}, {"type": "Feature", "geometry": {"type": "Point", "coordinates": [111.360882, 30.644048]}, "properties": {"类别": "村", "名称": "共勤村", "topic": "建筑施工噪声", "board": "民生基础需求", "polarity": "Very Negative"}}, {"type": "Feature", "geometry": {"type": "Point", "coordinates": [111.360882, 30.644048]}, "properties": {"类别": "村", "名称": "共勤村", "topic": "生活噪声", "board": "民生基础需求", "polarity": "Negative"}}, {"type": "Feature", "geometry": {"type": "Point", "coordinates": [111.360882, 30.644048]}, "properties": {"类别": "村", "名称": "共勤村", "topic": "就医", "board": "民生基础需求", "polarity": "Very Negative"}}, {"type": "Feature", "geometry": {"type": "Point", "coordinates": [111.361957, 30.650329]}, "properties": {"类别": "村", "名称": "共勤村", "topic": "建筑施工噪声", "board": "民生基础需求", "polarity": "Negative"}}, {"type": "Feature", "geometry": {"type": "Point", "coordinates": [111.412947, 30.67812]}, "properties": {"类别": "村", "名称": "土门村", "topic": "生活噪声", "board": "民生基础需求", "polarity": "Negative"}}, {"type": "Feature", "geometry": {"type": "Point", "coordinates": [111.378196, 30.660714]}, "properties": {"类别": "村", "名称": "共和村", "topic": "井盖问题", "board": "安全韧性底线", "polarity": "Negative"}}, {"type": "Feature", "geometry": {"type": "Point", "coordinates": [111.333572, 30.681932]}, "properties": {"类别": "村", "名称": "旭光村", "topic": "市政公共设施问题", "board": "安全韧性底线", "polarity": "Neutral"}}, {"type": "Feature", "geometry": {"type": "Point", "coordinates": [111.357881, 30.637213]}, "properties": {"类别": "村", "名称": "共勤村", "topic": "车辆乱停放", "board": "民生基础需求", "polarity": "Negative"}}, {"type": "Feature", "geometry": {"type": "Point", "coordinates": [111.321284, 30.67413]}, "properties": {"类别": "村", "名称": "汉宜村", "topic": "施工管理问题", "board": "民生基础需求", "polarity": "Very Negative"}}, {"type": "Feature", "geometry": {"type": "Point", "coordinates": [111.333572, 30.681932]}, "properties": {"类别": "村", "名称": "旭光村", "topic": "商业噪声", "board": "民生基础需求", "polarity": "Negative"}}, {"type": "Feature", "geometry": {"type": "Point", "coordinates": [111.360882, 30.644048]}, "properties": {"类别": "村", "名称": "共勤村", "topic": "小区管理", "board": "民生基础需求", "polarity": "Very Negative"}}, {"type": "Feature", "geometry": {"type": "Point", "coordinates": [111.321284, 30.67413]}, "properties": {"类别": "村", "名称": "汉宜村", "topic": "住房房产", "board": "民生基础需求", "polarity": "Negative"}}, {"type": "Feature", "geometry": {"type": "Point", "coordinates": [111.360882, 30.644048]}, "properties": {"类别": "村", "名称": "共勤村", "topic": "生活噪声", "board": "民生基础需求", "polarity": "Very Negative"}}, {"type": "Feature", "geometry": {"type": "Point", "coordinates": [111.373683, 30.620496]}, "properties": {"类别": "村", "名称": "共联村", "topic": "市政公共设施问题", "board": "安全韧性底线", "polarity": "Neutral"}}, {"type": "Feature", "geometry": {"type": "Point", "coordinates": [111.370163, 30.658286]}, "properties": {"类别": "村", "名称": "共和村", "topic": "铁路", "board": "民生基础需求", "polarity": "Very Negative"}}, {"type": "Feature", "geometry": {"type": "Point", "coordinates": [111.362238, 30.650433]}, "properties": {"类别": "村", "名称": "共勤村", "topic": "街面秩序管理问题", "board": "民生基础需求", "polarity": "Negative"}}, {"type": "Feature", "geometry": {"type": "Point", "coordinates": [111.321284, 30.67413]}, "properties": {"类别": "村", "名称": "汉宜村", "topic": "商业噪声", "board": "民生基础需求", "polarity": "Negative"}}, {"type": "Feature", "geometry": {"type": "Point", "coordinates": [111.313096, 30.681364]}, "properties": {"类别": "村", "名称": "汉宜村", "topic": "垃圾清理及环卫设施问题", "board": "民生基础需求", "polarity": "Negative"}}, {"type": "Feature", "geometry": {"type": "Point", "coordinates": [111.354693, 30.664327]}, "properties": {"类别": "村", "名称": "火光村", "topic": "建筑施工噪声", "board": "民生基础需求", "polarity": "Negative"}}, {"type": "Feature", "geometry": {"type": "Point", "coordinates": [111.362821, 30.64987]}, "properties": {"类别": "村", "名称": "共勤村", "topic": "生活噪声", "board": "民生基础需求", "polarity": "Negative"}}, {"type": "Feature", "geometry": {"type": "Point", "coordinates": [111.363573, 30.638243]}, "properties": {"类别": "村", "名称": "共勤村", "topic": "生活噪声", "board": "民生基础需求", "polarity": "Negative"}}, {"type": "Feature", "geometry": {"type": "Point", "coordinates": [111.378528, 30.669468]}, "properties": {"类别": "村", "名称": "共同村", "topic": "住房房产", "board": "民生基础需求", "polarity": "Very Negative"}}, {"type": "Feature", "geometry": {"type": "Point", "coordinates": [111.378876, 30.659526]}, "properties": {"类别": "村", "名称": "共和村", "topic": "生活噪声", "board": "民生基础需求", "polarity": "Very Negative"}}, {"type": "Feature", "geometry": {"type": "Point", "coordinates": [111.360882, 30.644048]}, "properties": {"类别": "村", "名称": "共勤村", "topic": "停车管理问题", "board": "民生基础需求", "polarity": "Negative"}}, {"type": "Feature", "geometry": {"type": "Point", "coordinates": [111.370163, 30.658286]}, "properties": {"类别": "村", "名称": "共和村", "topic": "公交服务", "board": "民生基础需求", "polarity": "Negative"}}, {"type": "Feature", "geometry": {"type": "Point", "coordinates": [111.370163, 30.658286]}, "properties": {"类别": "村", "名称": "共和村", "topic": "道路运输", "board": "民生基础需求", "polarity": "Negative"}}, {"type": "Feature", "geometry": {"type": "Point", "coordinates": [111.340534, 30.654416]}, "properties": {"类别": "村", "名称": "火光村", "topic": "小区管理", "board": "民生基础需求", "polarity": "Negative"}}, {"type": "Feature", "geometry": {"type": "Point", "coordinates": [111.321284, 30.67413]}, "properties": {"类别": "村", "名称": "汉宜村", "topic": "违规建（构）筑物", "board": "民生基础需求", "polarity": "Negative"}}, {"type": "Feature", "geometry": {"type": "Point", "coordinates": [111.337121, 30.666675]}, "properties": {"类别": "村", "名称": "合益村", "topic": "建筑施工噪声", "board": "民生基础需求", "polarity": "Very Negative"}}, {"type": "Feature", "geometry": {"type": "Point", "coordinates": [111.380165, 30.651192]}, "properties": {"类别": "村", "名称": "共和村", "topic": "公交服务", "board": "民生基础需求", "polarity": "Negative"}}, {"type": "Feature", "geometry": {"type": "Point", "coordinates": [111.321284, 30.67413]}, "properties": {"类别": "村", "名称": "汉宜村", "topic": "道路设施问题", "board": "安全韧性底线", "polarity": "Neutral"}}, {"type": "Feature", "geometry": {"type": "Point", "coordinates": [111.329645, 30.666601]}, "properties": {"类别": "村", "名称": "汉宜村", "topic": "停车管理", "board": "民生基础需求", "polarity": "Very Negative"}}, {"type": "Feature", "geometry": {"type": "Point", "coordinates": [111.341091, 30.685179]}, "properties": {"类别": "村", "名称": "旭光村", "topic": "车辆乱停放", "board": "民生基础需求", "polarity": "Very Negative"}}, {"type": "Feature", "geometry": {"type": "Point", "coordinates": [111.335903, 30.692307]}, "properties": {"类别": "村", "名称": "旭光村", "topic": "生活噪声", "board": "民生基础需求", "polarity": "Very Negative"}}, {"type": "Feature", "geometry": {"type": "Point", "coordinates": [111.397055, 30.679897]}, "properties": {"类别": "村", "名称": "土门村", "topic": "道路问题", "board": "民生基础需求", "polarity": "Very Negative"}}, {"type": "Feature", "geometry": {"type": "Point", "coordinates": [111.321284, 30.67413]}, "properties": {"类别": "村", "名称": "汉宜村", "topic": "施工管理问题", "board": "民生基础需求", "polarity": "Very Negative"}}, {"type": "Feature", "geometry": {"type": "Point", "coordinates": [111.373683, 30.620496]}, "properties": {"类别": "村", "名称": "共联村", "topic": "井盖问题", "board": "安全韧性底线", "polarity": "Neutral"}}, {"type": "Feature", "geometry": {"type": "Point", "coordinates": [111.360882, 30.644048]}, "properties": {"类别": "村", "名称": "共勤村", "topic": "工业噪声", "board": "民生基础需求", "polarity": "Negative"}}, {"type": "Feature", "geometry": {"type": "Point", "coordinates": [111.370163, 30.658286]}, "properties": {"类别": "村", "名称": "共和村", "topic": "停车管理问题", "board": "民生基础需求", "polarity": "Negative"}}, {"type": "Feature", "geometry": {"type": "Point", "coordinates": [111.360882, 30.644048]}, "properties": {"类别": "村", "名称": "共勤村", "topic": "商业噪声", "board": "民生基础需求", "polarity": "Negative"}}, {"type": "Feature", "geometry": {"type": "Point", "coordinates": [111.34986, 30.673983]}, "properties": {"类别": "村", "名称": "联丰村", "topic": "垃圾清理及环卫设施问题", "board": "民生基础需求", "polarity": "Negative"}}, {"type": "Feature", "geometry": {"type": "Point", "coordinates": [111.354693, 30.664327]}, "properties": {"类别": "村", "名称": "火光村", "topic": "交通设施问题", "board": "安全韧性底线", "polarity": "Neutral"}}, {"type": "Feature", "geometry": {"type": "Point", "coordinates": [111.360882, 30.644048]}, "properties": {"类别": "村", "名称": "共勤村", "topic": "建筑施工噪声", "board": "民生基础需求", "polarity": "Very Negative"}}, {"type": "Feature", "geometry": {"type": "Point", "coordinates": [111.360882, 30.644048]}, "properties": {"类别": "村", "名称": "共勤村", "topic": "建筑施工噪声", "board": "民生基础需求", "polarity": "Negative"}}, {"type": "Feature", "geometry": {"type": "Point", "coordinates": [111.360882, 30.644048]}, "properties": {"类别": "村", "名称": "共勤村", "topic": "建筑施工噪声", "board": "民生基础需求", "polarity": "Negative"}}, {"type": "Feature", "geometry": {"type": "Point", "coordinates": [111.360882, 30.644048]}, "properties": {"类别": "村", "名称": "共勤村", "topic": "建筑施工噪声", "board": "民生基础需求", "polarity": "Negative"}}, {"type": "Feature", "geometry": {"type": "Point", "coordinates": [111.321284, 30.67413]}, "properties": {"类别": "村", "名称": "汉宜村", "topic": "道路问题", "board": "民生基础需求", "polarity": "Negative"}}, {"type": "Feature", "geometry": {"type": "Point", "coordinates": [111.354693, 30.664327]}, "properties": {"类别": "村", "名称": "火光村", "topic": "建筑施工噪声", "board": "民生基础需求", "polarity": "Very Negative"}}, {"type": "Feature", "geometry": {"type": "Point", "coordinates": [111.398241, 30.63174]}, "properties": {"类别": "村", "名称": "共升村", "topic": "停车管理问题", "board": "民生基础需求", "polarity": "Negative"}}, {"type": "Feature", "geometry": {"type": "Point", "coordinates": [111.3126, 30.6811]}, "properties": {"类别": "村", "名称": "汉宜村", "topic": "井盖问题", "board": "安全韧性底线", "polarity": "Neutral"}}, {"type": "Feature", "geometry": {"type": "Point", "coordinates": [111.313096, 30.681364]}, "properties": {"类别": "村", "名称": "汉宜村", "topic": "公厕管理问题", "board": "民生基础需求", "polarity": "Negative"}}, {"type": "Feature", "geometry": {"type": "Point", "coordinates": [111.333572, 30.681932]}, "properties": {"类别": "村", "名称": "旭光村", "topic": "公共设施异响噪声", "board": "民生基础需求", "polarity": "Negative"}}, {"type": "Feature", "geometry": {"type": "Point", "coordinates": [111.360882, 30.644048]}, "properties": {"类别": "村", "名称": "共勤村", "topic": "就医", "board": "民生基础需求", "polarity": "Negative"}}, {"type": "Feature", "geometry": {"type": "Point", "coordinates": [111.380082, 30.660195]}, "properties": {"类别": "村", "名称": "共和村", "topic": "小区建设", "board": "民生基础需求", "polarity": "Negative"}}, {"type": "Feature", "geometry": {"type": "Point", "coordinates": [111.340534, 30.654416]}, "properties": {"类别": "村", "名称": "火光村", "topic": "停车管理问题", "board": "民生基础需求", "polarity": "Negative"}}, {"type": "Feature", "geometry": {"type": "Point", "coordinates": [111.354693, 30.664327]}, "properties": {"类别": "村", "名称": "火光村", "topic": "道路设施问题", "board": "安全韧性底线", "polarity": "Neutral"}}, {"type": "Feature", "geometry": {"type": "Point", "coordinates": [111.401561, 30.646293]}, "properties": {"类别": "村", "名称": "共升村", "topic": "道路设施问题", "board": "安全韧性底线", "polarity": "Neutral"}}, {"type": "Feature", "geometry": {"type": "Point", "coordinates": [111.357881, 30.637213]}, "properties": {"类别": "村", "名称": "共勤村", "topic": "车辆乱停放", "board": "民生基础需求", "polarity": "Negative"}}, {"type": "Feature", "geometry": {"type": "Point", "coordinates": [111.333572, 30.681932]}, "properties": {"类别": "村", "名称": "旭光村", "topic": "车辆乱停放", "board": "民生基础需求", "polarity": "Negative"}}, {"type": "Feature", "geometry": {"type": "Point", "coordinates": [111.333572, 30.681932]}, "properties": {"类别": "村", "名称": "旭光村", "topic": "住房房产", "board": "民生基础需求", "polarity": "Negative"}}, {"type": "Feature", "geometry": {"type": "Point", "coordinates": [111.340534, 30.654416]}, "properties": {"类别": "村", "名称": "火光村", "topic": "停车管理问题", "board": "民生基础需求", "polarity": "Negative"}}, {"type": "Feature", "geometry": {"type": "Point", "coordinates": [111.432811, 30.666081]}, "properties": {"类别": "村", "名称": "车站村", "topic": "垃圾清理及环卫设施问题", "board": "民生基础需求", "polarity": "Neutral"}}, {"type": "Feature", "geometry": {"type": "Point", "coordinates": [111.373683, 30.620496]}, "properties": {"类别": "村", "名称": "共联村", "topic": "生活噪声", "board": "民生基础需求", "polarity": "Negative"}}, {"type": "Feature", "geometry": {"type": "Point", "coordinates": [111.360882, 30.644048]}, "properties": {"类别": "村", "名称": "共勤村", "topic": "小区管理", "board": "民生基础需求", "polarity": "Negative"}}, {"type": "Feature", "geometry": {"type": "Point", "coordinates": [111.351919, 30.674621]}, "properties": {"类别": "村", "名称": "联丰村", "topic": "生活噪声", "board": "民生基础需求", "polarity": "Negative"}}, {"type": "Feature", "geometry": {"type": "Point", "coordinates": [111.360882, 30.644048]}, "properties": {"类别": "村", "名称": "共勤村", "topic": "公厕管理问题", "board": "民生基础需求", "polarity": "Negative"}}, {"type": "Feature", "geometry": {"type": "Point", "coordinates": [111.333572, 30.681932]}, "properties": {"类别": "村", "名称": "旭光村", "topic": "供水服务", "board": "民生基础需求", "polarity": "Very Negative"}}, {"type": "Feature", "geometry": {"type": "Point", "coordinates": [111.362821, 30.64987]}, "properties": {"类别": "村", "名称": "共勤村", "topic": "施工管理问题", "board": "民生基础需求", "polarity": "Very Negative"}}, {"type": "Feature", "geometry": {"type": "Point", "coordinates": [111.340534, 30.654416]}, "properties": {"类别": "村", "名称": "火光村", "topic": "停车管理问题", "board": "民生基础需求", "polarity": "Negative"}}, {"type": "Feature", "geometry": {"type": "Point", "coordinates": [111.376955, 30.648651]}, "properties": {"类别": "村", "名称": "共谊村", "topic": "生活噪声", "board": "民生基础需求", "polarity": "Negative"}}, {"type": "Feature", "geometry": {"type": "Point", "coordinates": [111.360882, 30.644048]}, "properties": {"类别": "村", "名称": "共勤村", "topic": "井盖问题", "board": "安全韧性底线", "polarity": "Very Negative"}}, {"type": "Feature", "geometry": {"type": "Point", "coordinates": [111.360882, 30.644048]}, "properties": {"类别": "村", "名称": "共勤村", "topic": "公交服务", "board": "民生基础需求", "polarity": "Negative"}}, {"type": "Feature", "geometry": {"type": "Point", "coordinates": [111.354693, 30.664327]}, "properties": {"类别": "村", "名称": "火光村", "topic": "公交服务", "board": "民生基础需求", "polarity": "Negative"}}, {"type": "Feature", "geometry": {"type": "Point", "coordinates": [111.35286, 30.66725]}, "properties": {"类别": "村", "名称": "火光村", "topic": "公厕管理问题", "board": "民生基础需求", "polarity": "Very Positive"}}, {"type": "Feature", "geometry": {"type": "Point", "coordinates": [111.333572, 30.681932]}, "properties": {"类别": "村", "名称": "旭光村", "topic": "停车管理问题", "board": "民生基础需求", "polarity": "Very Negative"}}, {"type": "Feature", "geometry": {"type": "Point", "coordinates": [111.370163, 30.658286]}, "properties": {"类别": "村", "名称": "共和村", "topic": "车辆乱停放", "board": "民生基础需求", "polarity": "Negative"}}, {"type": "Feature", "geometry": {"type": "Point", "coordinates": [111.385623, 30.670493]}, "properties": {"类别": "村", "名称": "共同村", "topic": "车辆乱停放", "board": "民生基础需求", "polarity": "Negative"}}, {"type": "Feature", "geometry": {"type": "Point", "coordinates": [111.363573, 30.638243]}, "properties": {"类别": "村", "名称": "共勤村", "topic": "生活噪声", "board": "民生基础需求", "polarity": "Negative"}}, {"type": "Feature", "geometry": {"type": "Point", "coordinates": [111.380165, 30.651192]}, "properties": {"类别": "村", "名称": "共和村", "topic": "生活噪声", "board": "民生基础需求", "polarity": "Negative"}}, {"type": "Feature", "geometry": {"type": "Point", "coordinates": [111.337121, 30.666675]}, "properties": {"类别": "村", "名称": "合益村", "topic": "生活噪声", "board": "民生基础需求", "polarity": "Negative"}}, {"type": "Feature", "geometry": {"type": "Point", "coordinates": [111.333572, 30.681932]}, "properties": {"类别": "村", "名称": "旭光村", "topic": "生活噪声", "board": "民生基础需求", "polarity": "Very Negative"}}, {"type": "Feature", "geometry": {"type": "Point", "coordinates": [111.37033, 30.653559]}, "properties": {"类别": "村", "名称": "共强村", "topic": "生活噪声", "board": "民生基础需求", "polarity": "Very Negative"}}, {"type": "Feature", "geometry": {"type": "Point", "coordinates": [111.330987, 30.664359]}, "properties": {"类别": "村", "名称": "合益村", "topic": "建筑施工噪声", "board": "民生基础需求", "polarity": "Negative"}}, {"type": "Feature", "geometry": {"type": "Point", "coordinates": [111.337121, 30.666675]}, "properties": {"类别": "村", "名称": "合益村", "topic": "建筑施工噪声", "board": "民生基础需求", "polarity": "Very Negative"}}, {"type": "Feature", "geometry": {"type": "Point", "coordinates": [111.354693, 30.664327]}, "properties": {"类别": "村", "名称": "火光村", "topic": "建筑施工噪声", "board": "民生基础需求", "polarity": "Negative"}}, {"type": "Feature", "geometry": {"type": "Point", "coordinates": [111.354693, 30.664327]}, "properties": {"类别": "村", "名称": "火光村", "topic": "建筑施工噪声", "board": "民生基础需求", "polarity": "Negative"}}, {"type": "Feature", "geometry": {"type": "Point", "coordinates": [111.354693, 30.664327]}, "properties": {"类别": "村", "名称": "火光村", "topic": "建筑施工噪声", "board": "民生基础需求", "polarity": "Negative"}}, {"type": "Feature", "geometry": {"type": "Point", "coordinates": [111.341091, 30.685179]}, "properties": {"类别": "村", "名称": "旭光村", "topic": "生活噪声", "board": "民生基础需求", "polarity": "Negative"}}, {"type": "Feature", "geometry": {"type": "Point", "coordinates": [111.321284, 30.67413]}, "properties": {"类别": "村", "名称": "汉宜村", "topic": "小区建设", "board": "民生基础需求", "polarity": "Negative"}}, {"type": "Feature", "geometry": {"type": "Point", "coordinates": [111.360882, 30.644048]}, "properties": {"类别": "村", "名称": "共勤村", "topic": "施工管理问题", "board": "民生基础需求", "polarity": "Negative"}}, {"type": "Feature", "geometry": {"type": "Point", "coordinates": [111.354693, 30.664327]}, "properties": {"类别": "村", "名称": "火光村", "topic": "建筑施工噪声", "board": "民生基础需求", "polarity": "Negative"}}, {"type": "Feature", "geometry": {"type": "Point", "coordinates": [111.355746, 30.637256]}, "properties": {"类别": "村", "名称": "共勤村", "topic": "商业噪声", "board": "民生基础需求", "polarity": "Very Negative"}}, {"type": "Feature", "geometry": {"type": "Point", "coordinates": [111.395094, 30.658967]}, "properties": {"类别": "村", "名称": "共升村", "topic": "车辆乱停放", "board": "民生基础需求", "polarity": "Negative"}}, {"type": "Feature", "geometry": {"type": "Point", "coordinates": [111.360882, 30.644048]}, "properties": {"类别": "村", "名称": "共勤村", "topic": "小区管理", "board": "民生基础需求", "polarity": "Negative"}}, {"type": "Feature", "geometry": {"type": "Point", "coordinates": [111.380165, 30.651192]}, "properties": {"类别": "村", "名称": "共和村", "topic": "公交服务", "board": "民生基础需求", "polarity": "Negative"}}, {"type": "Feature", "geometry": {"type": "Point", "coordinates": [111.373683, 30.620496]}, "properties": {"类别": "村", "名称": "共联村", "topic": "道路设施问题", "board": "安全韧性底线", "polarity": "Very Negative"}}, {"type": "Feature", "geometry": {"type": "Point", "coordinates": [111.35286, 30.66725]}, "properties": {"类别": "村", "名称": "火光村", "topic": "小区建设", "board": "民生基础需求", "polarity": "Negative"}}, {"type": "Feature", "geometry": {"type": "Point", "coordinates": [111.360882, 30.644048]}, "properties": {"类别": "村", "名称": "共勤村", "topic": "违规建（构）筑物", "board": "民生基础需求", "polarity": "Negative"}}, {"type": "Feature", "geometry": {"type": "Point", "coordinates": [111.321284, 30.67413]}, "properties": {"类别": "村", "名称": "汉宜村", "topic": "交通设施问题", "board": "安全韧性底线", "polarity": "Very Negative"}}, {"type": "Feature", "geometry": {"type": "Point", "coordinates": [111.338332, 30.684966]}, "properties": {"类别": "村", "名称": "旭光村", "topic": "交通设施问题", "board": "安全韧性底线", "polarity": "Negative"}}, {"type": "Feature", "geometry": {"type": "Point", "coordinates": [111.334004, 30.67308]}, "properties": {"类别": "村", "名称": "合益村", "topic": "街面秩序管理问题", "board": "民生基础需求", "polarity": "Very Negative"}}, {"type": "Feature", "geometry": {"type": "Point", "coordinates": [111.378528, 30.669468]}, "properties": {"类别": "村", "名称": "共同村", "topic": "小区管理", "board": "民生基础需求", "polarity": "Very Negative"}}, {"type": "Feature", "geometry": {"type": "Point", "coordinates": [111.334004, 30.67308]}, "properties": {"类别": "村", "名称": "合益村", "topic": "违规建（构）筑物", "board": "民生基础需求", "polarity": "Negative"}}, {"type": "Feature", "geometry": {"type": "Point", "coordinates": [111.364064, 30.638979]}, "properties": {"类别": "村", "名称": "共勤村", "topic": "住房房产", "board": "民生基础需求", "polarity": "Very Negative"}}, {"type": "Feature", "geometry": {"type": "Point", "coordinates": [111.321284, 30.67413]}, "properties": {"类别": "村", "名称": "汉宜村", "topic": "住房房产", "board": "民生基础需求", "polarity": "Very Negative"}}, {"type": "Feature", "geometry": {"type": "Point", "coordinates": [111.37174, 30.619047]}, "properties": {"类别": "村", "名称": "共联村", "topic": "市政公共设施问题", "board": "安全韧性底线", "polarity": "Negative"}}, {"type": "Feature", "geometry": {"type": "Point", "coordinates": [111.329645, 30.666601]}, "properties": {"类别": "村", "名称": "汉宜村", "topic": "供水服务", "board": "民生基础需求", "polarity": "Very Negative"}}, {"type": "Feature", "geometry": {"type": "Point", "coordinates": [111.370163, 30.658286]}, "properties": {"类别": "村", "名称": "共和村", "topic": "道路运输", "board": "民生基础需求", "polarity": "Negative"}}, {"type": "Feature", "geometry": {"type": "Point", "coordinates": [111.380165, 30.651192]}, "properties": {"类别": "村", "名称": "共和村", "topic": "垃圾清理及环卫设施问题", "board": "民生基础需求", "polarity": "Negative"}}, {"type": "Feature", "geometry": {"type": "Point", "coordinates": [111.361957, 30.650329]}, "properties": {"类别": "村", "名称": "共勤村", "topic": "住房房产", "board": "民生基础需求", "polarity": "Negative"}}, {"type": "Feature", "geometry": {"type": "Point", "coordinates": [111.360882, 30.644048]}, "properties": {"类别": "村", "名称": "共勤村", "topic": "生活噪声", "board": "民生基础需求", "polarity": "Very Negative"}}, {"type": "Feature", "geometry": {"type": "Point", "coordinates": [111.370163, 30.658286]}, "properties": {"类别": "村", "名称": "共和村", "topic": "交通设施问题", "board": "民生基础需求", "polarity": "Very Negative"}}, {"type": "Feature", "geometry": {"type": "Point", "coordinates": [111.321284, 30.67413]}, "properties": {"类别": "村", "名称": "汉宜村", "topic": "市政公共设施问题", "board": "安全韧性底线", "polarity": "Very Negative"}}, {"type": "Feature", "geometry": {"type": "Point", "coordinates": [111.397055, 30.679897]}, "properties": {"类别": "村", "名称": "土门村", "topic": "垃圾清理及环卫设施问题", "board": "民生基础需求", "polarity": "Negative"}}, {"type": "Feature", "geometry": {"type": "Point", "coordinates": [111.321284, 30.67413]}, "properties": {"类别": "村", "名称": "汉宜村", "topic": "垃圾清理及环卫设施问题", "board": "民生基础需求", "polarity": "Neutral"}}, {"type": "Feature", "geometry": {"type": "Point", "coordinates": [111.354693, 30.664327]}, "properties": {"类别": "村", "名称": "火光村", "topic": "建筑施工噪声", "board": "民生基础需求", "polarity": "Very Negative"}}, {"type": "Feature", "geometry": {"type": "Point", "coordinates": [111.354693, 30.664327]}, "properties": {"类别": "村", "名称": "火光村", "topic": "建筑施工噪声", "board": "民生基础需求", "polarity": "Very Negative"}}, {"type": "Feature", "geometry": {"type": "Point", "coordinates": [111.37174, 30.619047]}, "properties": {"类别": "村", "名称": "共联村", "topic": "交通噪声", "board": "民生基础需求", "polarity": "Neutral"}}, {"type": "Feature", "geometry": {"type": "Point", "coordinates": [111.360882, 30.644048]}, "properties": {"类别": "村", "名称": "共勤村", "topic": "停车管理问题", "board": "民生基础需求", "polarity": "Negative"}}, {"type": "Feature", "geometry": {"type": "Point", "coordinates": [111.340912, 30.668696]}, "properties": {"类别": "村", "名称": "合益村", "topic": "市政公共设施问题", "board": "安全韧性底线", "polarity": "Negative"}}, {"type": "Feature", "geometry": {"type": "Point", "coordinates": [111.329431, 30.666321]}, "properties": {"类别": "村", "名称": "汉宜村", "topic": "管道设施破裂堵塞", "board": "安全韧性底线", "polarity": "Negative"}}, {"type": "Feature", "geometry": {"type": "Point", "coordinates": [111.354693, 30.664327]}, "properties": {"类别": "村", "名称": "火光村", "topic": "建筑施工噪声", "board": "民生基础需求", "polarity": "Negative"}}, {"type": "Feature", "geometry": {"type": "Point", "coordinates": [111.409259, 30.678881]}, "properties": {"类别": "村", "名称": "土门村", "topic": "街面秩序管理问题", "board": "民生基础需求", "polarity": "Negative"}}, {"type": "Feature", "geometry": {"type": "Point", "coordinates": [111.387498, 30.669752]}, "properties": {"类别": "村", "名称": "共同村", "topic": "建筑施工噪声", "board": "民生基础需求", "polarity": "Very Negative"}}, {"type": "Feature", "geometry": {"type": "Point", "coordinates": [111.373683, 30.620496]}, "properties": {"类别": "村", "名称": "共联村", "topic": "道路设施问题", "board": "安全韧性底线", "polarity": "Negative"}}, {"type": "Feature", "geometry": {"type": "Point", "coordinates": [111.360683, 30.645366]}, "properties": {"类别": "村", "名称": "共勤村", "topic": "违规广告及广告牌破损", "board": "民生基础需求", "polarity": "Negative"}}, {"type": "Feature", "geometry": {"type": "Point", "coordinates": [111.34597, 30.663595]}, "properties": {"类别": "村", "名称": "火光村", "topic": "交通秩序", "board": "安全韧性底线", "polarity": "Very Negative"}}, {"type": "Feature", "geometry": {"type": "Point", "coordinates": [111.37174, 30.619047]}, "properties": {"类别": "村", "名称": "共联村", "topic": "市政公共设施问题", "board": "安全韧性底线", "polarity": "Negative"}}, {"type": "Feature", "geometry": {"type": "Point", "coordinates": [111.360882, 30.644048]}, "properties": {"类别": "村", "名称": "共勤村", "topic": "停车管理问题", "board": "民生基础需求", "polarity": "Negative"}}, {"type": "Feature", "geometry": {"type": "Point", "coordinates": [111.360882, 30.644048]}, "properties": {"类别": "村", "名称": "共勤村", "topic": "公交服务", "board": "民生基础需求", "polarity": "Neutral"}}, {"type": "Feature", "geometry": {"type": "Point", "coordinates": [111.355746, 30.637256]}, "properties": {"类别": "村", "名称": "共勤村", "topic": "建筑施工噪声", "board": "民生基础需求", "polarity": "Negative"}}, {"type": "Feature", "geometry": {"type": "Point", "coordinates": [111.360882, 30.644048]}, "properties": {"类别": "村", "名称": "共勤村", "topic": "施工管理问题", "board": "民生基础需求", "polarity": "Very Negative"}}, {"type": "Feature", "geometry": {"type": "Point", "coordinates": [111.333572, 30.681932]}, "properties": {"类别": "村", "名称": "旭光村", "topic": "生活噪声", "board": "民生基础需求", "polarity": "Very Negative"}}, {"type": "Feature", "geometry": {"type": "Point", "coordinates": [111.362821, 30.64987]}, "properties": {"类别": "村", "名称": "共勤村", "topic": "车辆乱停放", "board": "民生基础需求", "polarity": "Very Negative"}}, {"type": "Feature", "geometry": {"type": "Point", "coordinates": [111.321284, 30.67413]}, "properties": {"类别": "村", "名称": "汉宜村", "topic": "停车管理问题", "board": "民生基础需求", "polarity": "Neutral"}}, {"type": "Feature", "geometry": {"type": "Point", "coordinates": [111.360882, 30.644048]}, "properties": {"类别": "村", "名称": "共勤村", "topic": "停车管理", "board": "民生基础需求", "polarity": "Negative"}}, {"type": "Feature", "geometry": {"type": "Point", "coordinates": [111.360882, 30.644048]}, "properties": {"类别": "村", "名称": "共勤村", "topic": "住房房产", "board": "民生基础需求", "polarity": "Negative"}}, {"type": "Feature", "geometry": {"type": "Point", "coordinates": [111.37174, 30.619047]}, "properties": {"类别": "村", "名称": "共联村", "topic": "生活噪声", "board": "民生基础需求", "polarity": "Negative"}}, {"type": "Feature", "geometry": {"type": "Point", "coordinates": [111.360882, 30.644048]}, "properties": {"类别": "村", "名称": "共勤村", "topic": "建筑施工噪声", "board": "民生基础需求", "polarity": "Neutral"}}, {"type": "Feature", "geometry": {"type": "Point", "coordinates": [111.333572, 30.681932]}, "properties": {"类别": "村", "名称": "旭光村", "topic": "生活噪声", "board": "民生基础需求", "polarity": "Negative"}}, {"type": "Feature", "geometry": {"type": "Point", "coordinates": [111.341696, 30.662241]}, "properties": {"类别": "村", "名称": "火光村", "topic": "园林绿化设施问题", "board": "民生基础需求", "polarity": "Negative"}}, {"type": "Feature", "geometry": {"type": "Point", "coordinates": [111.380082, 30.660195]}, "properties": {"类别": "村", "名称": "共和村", "topic": "园林绿化设施问题", "board": "民生基础需求", "polarity": "Neutral"}}, {"type": "Feature", "geometry": {"type": "Point", "coordinates": [111.373683, 30.620496]}, "properties": {"类别": "村", "名称": "共联村", "topic": "商业噪声", "board": "民生基础需求", "polarity": "Negative"}}, {"type": "Feature", "geometry": {"type": "Point", "coordinates": [111.360882, 30.644048]}, "properties": {"类别": "村", "名称": "共勤村", "topic": "建筑施工噪声", "board": "民生基础需求", "polarity": "Negative"}}, {"type": "Feature", "geometry": {"type": "Point", "coordinates": [111.3871, 30.653345]}, "properties": {"类别": "村", "名称": "共和村", "topic": "车辆乱停放", "board": "民生基础需求", "polarity": "Very Negative"}}, {"type": "Feature", "geometry": {"type": "Point", "coordinates": [111.321284, 30.67413]}, "properties": {"类别": "村", "名称": "汉宜村", "topic": "停车管理", "board": "民生基础需求", "polarity": "Negative"}}, {"type": "Feature", "geometry": {"type": "Point", "coordinates": [111.333572, 30.681932]}, "properties": {"类别": "村", "名称": "旭光村", "topic": "生活噪声", "board": "民生基础需求", "polarity": "Very Negative"}}, {"type": "Feature", "geometry": {"type": "Point", "coordinates": [111.360882, 30.644048]}, "properties": {"类别": "村", "名称": "共勤村", "topic": "供水服务", "board": "民生基础需求", "polarity": "Negative"}}, {"type": "Feature", "geometry": {"type": "Point", "coordinates": [111.360882, 30.644048]}, "properties": {"类别": "村", "名称": "共勤村", "topic": "市政公共设施问题", "board": "安全韧性底线", "polarity": "Very Negative"}}, {"type": "Feature", "geometry": {"type": "Point", "coordinates": [111.370163, 30.658286]}, "properties": {"类别": "村", "名称": "共和村", "topic": "铁路", "board": "民生基础需求", "polarity": "Negative"}}, {"type": "Feature", "geometry": {"type": "Point", "coordinates": [111.333572, 30.681932]}, "properties": {"类别": "村", "名称": "旭光村", "topic": "小区管理", "board": "民生基础需求", "polarity": "Neutral"}}, {"type": "Feature", "geometry": {"type": "Point", "coordinates": [111.334065, 30.660994]}, "properties": {"类别": "村", "名称": "火光村", "topic": "施工管理问题", "board": "民生基础需求", "polarity": "Negative"}}, {"type": "Feature", "geometry": {"type": "Point", "coordinates": [111.333572, 30.681932]}, "properties": {"类别": "村", "名称": "旭光村", "topic": "学区学籍", "board": "民生基础需求", "polarity": "Negative"}}, {"type": "Feature", "geometry": {"type": "Point", "coordinates": [111.321284, 30.67413]}, "properties": {"类别": "村", "名称": "汉宜村", "topic": "违规广告及广告牌破损", "board": "民生基础需求", "polarity": "Negative"}}, {"type": "Feature", "geometry": {"type": "Point", "coordinates": [111.337121, 30.666675]}, "properties": {"类别": "村", "名称": "合益村", "topic": "生活噪声", "board": "民生基础需求", "polarity": "Negative"}}, {"type": "Feature", "geometry": {"type": "Point", "coordinates": [111.37033, 30.653559]}, "properties": {"类别": "村", "名称": "共强村", "topic": "住房房产", "board": "民生基础需求", "polarity": "Negative"}}, {"type": "Feature", "geometry": {"type": "Point", "coordinates": [111.321284, 30.67413]}, "properties": {"类别": "村", "名称": "汉宜村", "topic": "违规建（构）筑物", "board": "民生基础需求", "polarity": "Negative"}}, {"type": "Feature", "geometry": {"type": "Point", "coordinates": [111.333572, 30.681932]}, "properties": {"类别": "村", "名称": "旭光村", "topic": "住房房产", "board": "民生基础需求", "polarity": "Negative"}}, {"type": "Feature", "geometry": {"type": "Point", "coordinates": [111.360882, 30.644048]}, "properties": {"类别": "村", "名称": "共勤村", "topic": "就医", "board": "民生基础需求", "polarity": "Negative"}}, {"type": "Feature", "geometry": {"type": "Point", "coordinates": [111.321284, 30.67413]}, "properties": {"类别": "村", "名称": "汉宜村", "topic": "住房房产", "board": "民生基础需求", "polarity": "Negative"}}, {"type": "Feature", "geometry": {"type": "Point", "coordinates": [111.335903, 30.692307]}, "properties": {"类别": "村", "名称": "旭光村", "topic": "生活噪声", "board": "民生基础需求", "polarity": "Negative"}}, {"type": "Feature", "geometry": {"type": "Point", "coordinates": [111.360882, 30.644048]}, "properties": {"类别": "村", "名称": "共勤村", "topic": "生活噪声", "board": "民生基础需求", "polarity": "Negative"}}, {"type": "Feature", "geometry": {"type": "Point", "coordinates": [111.333572, 30.681932]}, "properties": {"类别": "村", "名称": "旭光村", "topic": "小区建设", "board": "民生基础需求", "polarity": "Negative"}}, {"type": "Feature", "geometry": {"type": "Point", "coordinates": [111.354693, 30.664327]}, "properties": {"类别": "村", "名称": "火光村", "topic": "交通设施问题", "board": "安全韧性底线", "polarity": "Neutral"}}, {"type": "Feature", "geometry": {"type": "Point", "coordinates": [111.360882, 30.644048]}, "properties": {"类别": "村", "名称": "共勤村", "topic": "建筑施工噪声", "board": "民生基础需求", "polarity": "Negative"}}, {"type": "Feature", "geometry": {"type": "Point", "coordinates": [111.350479, 30.659068]}, "properties": {"类别": "村", "名称": "火光村", "topic": "停车管理", "board": "民生基础需求", "polarity": "Very Negative"}}, {"type": "Feature", "geometry": {"type": "Point", "coordinates": [111.360882, 30.644048]}, "properties": {"类别": "村", "名称": "共勤村", "topic": "交通秩序", "board": "民生基础需求", "polarity": "Very Negative"}}, {"type": "Feature", "geometry": {"type": "Point", "coordinates": [111.370163, 30.658286]}, "properties": {"类别": "村", "名称": "共和村", "topic": "交通秩序", "board": "民生基础需求", "polarity": "Negative"}}, {"type": "Feature", "geometry": {"type": "Point", "coordinates": [111.362821, 30.64987]}, "properties": {"类别": "村", "名称": "共勤村", "topic": "小区管理", "board": "民生基础需求", "polarity": "Very Negative"}}, {"type": "Feature", "geometry": {"type": "Point", "coordinates": [111.360882, 30.644048]}, "properties": {"类别": "村", "名称": "共勤村", "topic": "住房房产", "board": "民生基础需求", "polarity": "Very Negative"}}, {"type": "Feature", "geometry": {"type": "Point", "coordinates": [111.321284, 30.67413]}, "properties": {"类别": "村", "名称": "汉宜村", "topic": "违规建（构）筑物", "board": "民生基础需求", "polarity": "Very Negative"}}, {"type": "Feature", "geometry": {"type": "Point", "coordinates": [111.360882, 30.644048]}, "properties": {"类别": "村", "名称": "共勤村", "topic": "市政公共设施问题", "board": "安全韧性底线", "polarity": "Negative"}}, {"type": "Feature", "geometry": {"type": "Point", "coordinates": [111.360882, 30.644048]}, "properties": {"类别": "村", "名称": "共勤村", "topic": "停车管理问题", "board": "民生基础需求", "polarity": "Negative"}}, {"type": "Feature", "geometry": {"type": "Point", "coordinates": [111.350479, 30.659068]}, "properties": {"类别": "村", "名称": "火光村", "topic": "住房房产", "board": "民生基础需求", "polarity": "Negative"}}, {"type": "Feature", "geometry": {"type": "Point", "coordinates": [111.363789, 30.641989]}, "properties": {"类别": "村", "名称": "共勤村", "topic": "生活噪声", "board": "民生基础需求", "polarity": "Very Negative"}}, {"type": "Feature", "geometry": {"type": "Point", "coordinates": [111.330987, 30.664359]}, "properties": {"类别": "村", "名称": "合益村", "topic": "建筑施工噪声", "board": "民生基础需求", "polarity": "Negative"}}, {"type": "Feature", "geometry": {"type": "Point", "coordinates": [111.338332, 30.684966]}, "properties": {"类别": "村", "名称": "旭光村", "topic": "建筑施工噪声", "board": "民生基础需求", "polarity": "Negative"}}, {"type": "Feature", "geometry": {"type": "Point", "coordinates": [111.321284, 30.67413]}, "properties": {"类别": "村", "名称": "汉宜村", "topic": "车辆乱停放", "board": "民生基础需求", "polarity": "Negative"}}, {"type": "Feature", "geometry": {"type": "Point", "coordinates": [111.321284, 30.67413]}, "properties": {"类别": "村", "名称": "汉宜村", "topic": "建筑施工噪声", "board": "民生基础需求", "polarity": "Very Negative"}}, {"type": "Feature", "geometry": {"type": "Point", "coordinates": [111.360882, 30.644048]}, "properties": {"类别": "村", "名称": "共勤村", "topic": "违规广告及广告牌破损", "board": "民生基础需求", "polarity": "Negative"}}, {"type": "Feature", "geometry": {"type": "Point", "coordinates": [111.351919, 30.674621]}, "properties": {"类别": "村", "名称": "联丰村", "topic": "交通秩序", "board": "安全韧性底线", "polarity": "Negative"}}, {"type": "Feature", "geometry": {"type": "Point", "coordinates": [111.370163, 30.658286]}, "properties": {"类别": "村", "名称": "共和村", "topic": "交通秩序", "board": "民生基础需求", "polarity": "Negative"}}, {"type": "Feature", "geometry": {"type": "Point", "coordinates": [111.360882, 30.644048]}, "properties": {"类别": "村", "名称": "共勤村", "topic": "停车管理问题", "board": "民生基础需求", "polarity": "Negative"}}, {"type": "Feature", "geometry": {"type": "Point", "coordinates": [111.350018, 30.666319]}, "properties": {"类别": "村", "名称": "火光村", "topic": "公共设施异响噪声", "board": "民生基础需求", "polarity": "Very Negative"}}, {"type": "Feature", "geometry": {"type": "Point", "coordinates": [111.370163, 30.658286]}, "properties": {"类别": "村", "名称": "共和村", "topic": "铁路", "board": "民生基础需求", "polarity": "Negative"}}, {"type": "Feature", "geometry": {"type": "Point", "coordinates": [111.370163, 30.658286]}, "properties": {"类别": "村", "名称": "共和村", "topic": "铁路", "board": "民生基础需求", "polarity": "Negative"}}, {"type": "Feature", "geometry": {"type": "Point", "coordinates": [111.362821, 30.64987]}, "properties": {"类别": "村", "名称": "共勤村", "topic": "停车管理问题", "board": "民生基础需求", "polarity": "Negative"}}, {"type": "Feature", "geometry": {"type": "Point", "coordinates": [111.370163, 30.658286]}, "properties": {"类别": "村", "名称": "共和村", "topic": "铁路", "board": "民生基础需求", "polarity": "Neutral"}}, {"type": "Feature", "geometry": {"type": "Point", "coordinates": [111.333572, 30.681932]}, "properties": {"类别": "村", "名称": "旭光村", "topic": "商业噪声", "board": "民生基础需求", "polarity": "Very Negative"}}, {"type": "Feature", "geometry": {"type": "Point", "coordinates": [111.333572, 30.681932]}, "properties": {"类别": "村", "名称": "旭光村", "topic": "停车管理问题", "board": "民生基础需求", "polarity": "Negative"}}, {"type": "Feature", "geometry": {"type": "Point", "coordinates": [111.360882, 30.644048]}, "properties": {"类别": "村", "名称": "共勤村", "topic": "建筑施工噪声", "board": "民生基础需求", "polarity": "Negative"}}, {"type": "Feature", "geometry": {"type": "Point", "coordinates": [111.370163, 30.658286]}, "properties": {"类别": "村", "名称": "共和村", "topic": "道路问题", "board": "民生基础需求", "polarity": "Very Negative"}}, {"type": "Feature", "geometry": {"type": "Point", "coordinates": [111.321284, 30.67413]}, "properties": {"类别": "村", "名称": "汉宜村", "topic": "车辆乱停放", "board": "民生基础需求", "polarity": "Negative"}}, {"type": "Feature", "geometry": {"type": "Point", "coordinates": [111.370163, 30.658286]}, "properties": {"类别": "村", "名称": "共和村", "topic": "铁路", "board": "民生基础需求", "polarity": "Neutral"}}, {"type": "Feature", "geometry": {"type": "Point", "coordinates": [111.321284, 30.67413]}, "properties": {"类别": "村", "名称": "汉宜村", "topic": "垃圾清理及环卫设施问题", "board": "民生基础需求", "polarity": "Neutral"}}, {"type": "Feature", "geometry": {"type": "Point", "coordinates": [111.360024, 30.649507]}, "properties": {"类别": "村", "名称": "共前村", "topic": "供水服务", "board": "民生基础需求", "polarity": "Negative"}}, {"type": "Feature", "geometry": {"type": "Point", "coordinates": [111.362821, 30.64987]}, "properties": {"类别": "村", "名称": "共勤村", "topic": "供水服务", "board": "民生基础需求", "polarity": "Very Negative"}}, {"type": "Feature", "geometry": {"type": "Point", "coordinates": [111.34694, 30.672595]}, "properties": {"类别": "村", "名称": "联丰村", "topic": "公共设施异响噪声", "board": "民生基础需求", "polarity": "Negative"}}, {"type": "Feature", "geometry": {"type": "Point", "coordinates": [111.333572, 30.681932]}, "properties": {"类别": "村", "名称": "旭光村", "topic": "建筑施工噪声", "board": "民生基础需求", "polarity": "Negative"}}, {"type": "Feature", "geometry": {"type": "Point", "coordinates": [111.360882, 30.644048]}, "properties": {"类别": "村", "名称": "共勤村", "topic": "公交服务", "board": "民生基础需求", "polarity": "Negative"}}, {"type": "Feature", "geometry": {"type": "Point", "coordinates": [111.333572, 30.681932]}, "properties": {"类别": "村", "名称": "旭光村", "topic": "交通设施问题", "board": "安全韧性底线", "polarity": "Neutral"}}, {"type": "Feature", "geometry": {"type": "Point", "coordinates": [111.378196, 30.660714]}, "properties": {"类别": "村", "名称": "共和村", "topic": "井盖问题", "board": "安全韧性底线", "polarity": "Negative"}}, {"type": "Feature", "geometry": {"type": "Point", "coordinates": [111.358933, 30.677486]}, "properties": {"类别": "村", "名称": "联丰村", "topic": "道路问题", "board": "民生基础需求", "polarity": "Neutral"}}, {"type": "Feature", "geometry": {"type": "Point", "coordinates": [111.360882, 30.644048]}, "properties": {"类别": "村", "名称": "共勤村", "topic": "车辆乱停放", "board": "民生基础需求", "polarity": "Negative"}}, {"type": "Feature", "geometry": {"type": "Point", "coordinates": [111.321284, 30.67413]}, "properties": {"类别": "村", "名称": "汉宜村", "topic": "供电服务", "board": "安全韧性底线", "polarity": "Neutral"}}, {"type": "Feature", "geometry": {"type": "Point", "coordinates": [111.335903, 30.691987]}, "properties": {"类别": "村", "名称": "旭光村", "topic": "垃圾清理及环卫设施问题", "board": "民生基础需求", "polarity": "Very Negative"}}, {"type": "Feature", "geometry": {"type": "Point", "coordinates": [111.355256, 30.691889]}, "properties": {"类别": "村", "名称": "旭光村", "topic": "垃圾清理及环卫设施问题", "board": "民生基础需求", "polarity": "Very Negative"}}, {"type": "Feature", "geometry": {"type": "Point", "coordinates": [111.347877, 30.655339]}, "properties": {"类别": "村", "名称": "火光村", "topic": "住房房产", "board": "民生基础需求", "polarity": "Very Negative"}}, {"type": "Feature", "geometry": {"type": "Point", "coordinates": [111.330655, 30.67507]}, "properties": {"类别": "村", "名称": "合益村", "topic": "车辆乱停放", "board": "民生基础需求", "polarity": "Negative"}}, {"type": "Feature", "geometry": {"type": "Point", "coordinates": [111.35286, 30.66725]}, "properties": {"类别": "村", "名称": "火光村", "topic": "小区管理", "board": "民生基础需求", "polarity": "Very Negative"}}, {"type": "Feature", "geometry": {"type": "Point", "coordinates": [111.378528, 30.669468]}, "properties": {"类别": "村", "名称": "共同村", "topic": "车辆乱停放", "board": "民生基础需求", "polarity": "Negative"}}, {"type": "Feature", "geometry": {"type": "Point", "coordinates": [111.321284, 30.67413]}, "properties": {"类别": "村", "名称": "汉宜村", "topic": "住房房产", "board": "民生基础需求", "polarity": "Neutral"}}, {"type": "Feature", "geometry": {"type": "Point", "coordinates": [111.333572, 30.681932]}, "properties": {"类别": "村", "名称": "旭光村", "topic": "生活噪声", "board": "民生基础需求", "polarity": "Negative"}}, {"type": "Feature", "geometry": {"type": "Point", "coordinates": [111.33896, 30.682123]}, "properties": {"类别": "村", "名称": "旭光村", "topic": "建筑施工噪声", "board": "民生基础需求", "polarity": "Negative"}}, {"type": "Feature", "geometry": {"type": "Point", "coordinates": [111.329431, 30.666321]}, "properties": {"类别": "村", "名称": "汉宜村", "topic": "商业噪声", "board": "民生基础需求", "polarity": "Negative"}}, {"type": "Feature", "geometry": {"type": "Point", "coordinates": [111.3871, 30.653345]}, "properties": {"类别": "村", "名称": "共和村", "topic": "小区建设", "board": "民生基础需求", "polarity": "Very Negative"}}, {"type": "Feature", "geometry": {"type": "Point", "coordinates": [111.360882, 30.644048]}, "properties": {"类别": "村", "名称": "共勤村", "topic": "住房房产", "board": "民生基础需求", "polarity": "Negative"}}, {"type": "Feature", "geometry": {"type": "Point", "coordinates": [111.360966, 30.641802]}, "properties": {"类别": "村", "名称": "共勤村", "topic": "住房房产", "board": "民生基础需求", "polarity": "Very Negative"}}, {"type": "Feature", "geometry": {"type": "Point", "coordinates": [111.358132, 30.650426]}, "properties": {"类别": "村", "名称": "共前村", "topic": "住房房产", "board": "民生基础需求", "polarity": "Negative"}}, {"type": "Feature", "geometry": {"type": "Point", "coordinates": [111.354693, 30.664327]}, "properties": {"类别": "村", "名称": "火光村", "topic": "垃圾清理及环卫设施问题", "board": "民生基础需求", "polarity": "Neutral"}}, {"type": "Feature", "geometry": {"type": "Point", "coordinates": [111.354693, 30.664327]}, "properties": {"类别": "村", "名称": "火光村", "topic": "垃圾清理及环卫设施问题", "board": "民生基础需求", "polarity": "Neutral"}}, {"type": "Feature", "geometry": {"type": "Point", "coordinates": [111.333572, 30.681932]}, "properties": {"类别": "村", "名称": "旭光村", "topic": "小区管理", "board": "民生基础需求", "polarity": "Neutral"}}, {"type": "Feature", "geometry": {"type": "Point", "coordinates": [111.380082, 30.660195]}, "properties": {"类别": "村", "名称": "共和村", "topic": "小区建设", "board": "民生基础需求", "polarity": "Negative"}}, {"type": "Feature", "geometry": {"type": "Point", "coordinates": [111.360882, 30.644048]}, "properties": {"类别": "村", "名称": "共勤村", "topic": "街面秩序管理问题", "board": "民生基础需求", "polarity": "Negative"}}, {"type": "Feature", "geometry": {"type": "Point", "coordinates": [111.361111, 30.645268]}, "properties": {"类别": "村", "名称": "共勤村", "topic": "交通设施问题", "board": "安全韧性底线", "polarity": "Negative"}}, {"type": "Feature", "geometry": {"type": "Point", "coordinates": [111.35286, 30.66725]}, "properties": {"类别": "村", "名称": "火光村", "topic": "小区建设", "board": "民生基础需求", "polarity": "Very Negative"}}, {"type": "Feature", "geometry": {"type": "Point", "coordinates": [111.35286, 30.66725]}, "properties": {"类别": "村", "名称": "火光村", "topic": "垃圾清理及环卫设施问题", "board": "民生基础需求", "polarity": "Negative"}}, {"type": "Feature", "geometry": {"type": "Point", "coordinates": [111.329431, 30.666321]}, "properties": {"类别": "村", "名称": "汉宜村", "topic": "小区建设", "board": "民生基础需求", "polarity": "Very Negative"}}, {"type": "Feature", "geometry": {"type": "Point", "coordinates": [111.355746, 30.637256]}, "properties": {"类别": "村", "名称": "共勤村", "topic": "商业噪声", "board": "民生基础需求", "polarity": "Negative"}}, {"type": "Feature", "geometry": {"type": "Point", "coordinates": [111.355746, 30.637256]}, "properties": {"类别": "村", "名称": "共勤村", "topic": "建筑施工噪声", "board": "民生基础需求", "polarity": "Negative"}}, {"type": "Feature", "geometry": {"type": "Point", "coordinates": [111.351719, 30.673487]}, "properties": {"类别": "村", "名称": "联丰村", "topic": "生活噪声", "board": "民生基础需求", "polarity": "Negative"}}, {"type": "Feature", "geometry": {"type": "Point", "coordinates": [111.370163, 30.658286]}, "properties": {"类别": "村", "名称": "共和村", "topic": "交通设施问题", "board": "安全韧性底线", "polarity": "Neutral"}}, {"type": "Feature", "geometry": {"type": "Point", "coordinates": [111.347115, 30.650292]}, "properties": {"类别": "村", "名称": "火光村", "topic": "生活噪声", "board": "民生基础需求", "polarity": "Negative"}}, {"type": "Feature", "geometry": {"type": "Point", "coordinates": [111.360882, 30.644048]}, "properties": {"类别": "村", "名称": "共勤村", "topic": "停车管理问题", "board": "民生基础需求", "polarity": "Negative"}}, {"type": "Feature", "geometry": {"type": "Point", "coordinates": [111.355127, 30.637557]}, "properties": {"类别": "村", "名称": "共勤村", "topic": "车辆乱停放", "board": "民生基础需求", "polarity": "Negative"}}, {"type": "Feature", "geometry": {"type": "Point", "coordinates": [111.333572, 30.681932]}, "properties": {"类别": "村", "名称": "旭光村", "topic": "学区学籍", "board": "民生基础需求", "polarity": "Neutral"}}, {"type": "Feature", "geometry": {"type": "Point", "coordinates": [111.331696, 30.670315]}, "properties": {"类别": "村", "名称": "合益村", "topic": "工业噪声", "board": "民生基础需求", "polarity": "Very Negative"}}, {"type": "Feature", "geometry": {"type": "Point", "coordinates": [111.360882, 30.644048]}, "properties": {"类别": "村", "名称": "共勤村", "topic": "小区管理", "board": "民生基础需求", "polarity": "Negative"}}, {"type": "Feature", "geometry": {"type": "Point", "coordinates": [111.370163, 30.658286]}, "properties": {"类别": "村", "名称": "共和村", "topic": "公交服务", "board": "民生基础需求", "polarity": "Negative"}}, {"type": "Feature", "geometry": {"type": "Point", "coordinates": [111.378528, 30.669468]}, "properties": {"类别": "村", "名称": "共同村", "topic": "车辆乱停放", "board": "民生基础需求", "polarity": "Negative"}}, {"type": "Feature", "geometry": {"type": "Point", "coordinates": [111.35286, 30.66725]}, "properties": {"类别": "村", "名称": "火光村", "topic": "道路设施问题", "board": "安全韧性底线", "polarity": "Very Negative"}}, {"type": "Feature", "geometry": {"type": "Point", "coordinates": [111.398241, 30.63174]}, "properties": {"类别": "村", "名称": "共升村", "topic": "停车管理问题", "board": "民生基础需求", "polarity": "Negative"}}, {"type": "Feature", "geometry": {"type": "Point", "coordinates": [111.358132, 30.650426]}, "properties": {"类别": "村", "名称": "共前村", "topic": "堡坎、山体问题", "board": "安全韧性底线", "polarity": "Negative"}}, {"type": "Feature", "geometry": {"type": "Point", "coordinates": [111.395094, 30.658967]}, "properties": {"类别": "村", "名称": "共升村", "topic": "车辆乱停放", "board": "民生基础需求", "polarity": "Negative"}}, {"type": "Feature", "geometry": {"type": "Point", "coordinates": [111.333572, 30.681932]}, "properties": {"类别": "村", "名称": "旭光村", "topic": "垃圾清理及环卫设施问题", "board": "民生基础需求", "polarity": "Neutral"}}, {"type": "Feature", "geometry": {"type": "Point", "coordinates": [111.360882, 30.644048]}, "properties": {"类别": "村", "名称": "共勤村", "topic": "小区管理", "board": "民生基础需求", "polarity": "Very Negative"}}, {"type": "Feature", "geometry": {"type": "Point", "coordinates": [111.347877, 30.655339]}, "properties": {"类别": "村", "名称": "火光村", "topic": "建筑施工噪声", "board": "民生基础需求", "polarity": "Very Negative"}}, {"type": "Feature", "geometry": {"type": "Point", "coordinates": [111.349859, 30.656669]}, "properties": {"类别": "村", "名称": "火光村", "topic": "建筑施工噪声", "board": "民生基础需求", "polarity": "Very Negative"}}, {"type": "Feature", "geometry": {"type": "Point", "coordinates": [111.354693, 30.664327]}, "properties": {"类别": "村", "名称": "火光村", "topic": "建筑施工噪声", "board": "民生基础需求", "polarity": "Negative"}}, {"type": "Feature", "geometry": {"type": "Point", "coordinates": [111.354693, 30.664327]}, "properties": {"类别": "村", "名称": "火光村", "topic": "建筑施工噪声", "board": "民生基础需求", "polarity": "Negative"}}, {"type": "Feature", "geometry": {"type": "Point", "coordinates": [111.360654, 30.656923]}, "properties": {"类别": "村", "名称": "共前村", "topic": "建筑施工噪声", "board": "民生基础需求", "polarity": "Negative"}}, {"type": "Feature", "geometry": {"type": "Point", "coordinates": [111.333572, 30.681932]}, "properties": {"类别": "村", "名称": "旭光村", "topic": "交通噪声", "board": "民生基础需求", "polarity": "Negative"}}, {"type": "Feature", "geometry": {"type": "Point", "coordinates": [111.360654, 30.656923]}, "properties": {"类别": "村", "名称": "共前村", "topic": "建筑施工噪声", "board": "民生基础需求", "polarity": "Negative"}}, {"type": "Feature", "geometry": {"type": "Point", "coordinates": [111.360654, 30.656923]}, "properties": {"类别": "村", "名称": "共前村", "topic": "建筑施工噪声", "board": "民生基础需求", "polarity": "Negative"}}, {"type": "Feature", "geometry": {"type": "Point", "coordinates": [111.330029, 30.675025]}, "properties": {"类别": "村", "名称": "合益村", "topic": "生活噪声", "board": "民生基础需求", "polarity": "Negative"}}, {"type": "Feature", "geometry": {"type": "Point", "coordinates": [111.386048, 30.669353]}, "properties": {"类别": "村", "名称": "共同村", "topic": "生活噪声", "board": "民生基础需求", "polarity": "Negative"}}, {"type": "Feature", "geometry": {"type": "Point", "coordinates": [111.373683, 30.620496]}, "properties": {"类别": "村", "名称": "共联村", "topic": "交通设施问题", "board": "安全韧性底线", "polarity": "Negative"}}, {"type": "Feature", "geometry": {"type": "Point", "coordinates": [111.360882, 30.644048]}, "properties": {"类别": "村", "名称": "共勤村", "topic": "住房房产", "board": "民生基础需求", "polarity": "Negative"}}, {"type": "Feature", "geometry": {"type": "Point", "coordinates": [111.399315, 30.67858]}, "properties": {"类别": "村", "名称": "土门村", "topic": "道路问题", "board": "民生基础需求", "polarity": "Negative"}}, {"type": "Feature", "geometry": {"type": "Point", "coordinates": [111.378712, 30.662406]}, "properties": {"类别": "村", "名称": "共和村", "topic": "违规建（构）筑物", "board": "民生基础需求", "polarity": "Negative"}}, {"type": "Feature", "geometry": {"type": "Point", "coordinates": [111.354693, 30.664327]}, "properties": {"类别": "村", "名称": "火光村", "topic": "施工管理问题", "board": "民生基础需求", "polarity": "Negative"}}, {"type": "Feature", "geometry": {"type": "Point", "coordinates": [111.360882, 30.644048]}, "properties": {"类别": "村", "名称": "共勤村", "topic": "生活噪声", "board": "民生基础需求", "polarity": "Negative"}}, {"type": "Feature", "geometry": {"type": "Point", "coordinates": [111.362825, 30.650525]}, "properties": {"类别": "村", "名称": "共勤村", "topic": "商业噪声", "board": "民生基础需求", "polarity": "Very Negative"}}, {"type": "Feature", "geometry": {"type": "Point", "coordinates": [111.35286, 30.66725]}, "properties": {"类别": "村", "名称": "火光村", "topic": "交通设施问题", "board": "安全韧性底线", "polarity": "Neutral"}}, {"type": "Feature", "geometry": {"type": "Point", "coordinates": [111.315894, 30.679365]}, "properties": {"类别": "村", "名称": "汉宜村", "topic": "园林绿化设施问题", "board": "民生基础需求", "polarity": "Neutral"}}, {"type": "Feature", "geometry": {"type": "Point", "coordinates": [111.37174, 30.619047]}, "properties": {"类别": "村", "名称": "共联村", "topic": "交通设施问题", "board": "安全韧性底线", "polarity": "Very Negative"}}, {"type": "Feature", "geometry": {"type": "Point", "coordinates": [111.338332, 30.684966]}, "properties": {"类别": "村", "名称": "旭光村", "topic": "道路问题", "board": "民生基础需求", "polarity": "Neutral"}}, {"type": "Feature", "geometry": {"type": "Point", "coordinates": [111.321284, 30.67413]}, "properties": {"类别": "村", "名称": "汉宜村", "topic": "交通设施问题", "board": "安全韧性底线", "polarity": "Neutral"}}, {"type": "Feature", "geometry": {"type": "Point", "coordinates": [111.321284, 30.67413]}, "properties": {"类别": "村", "名称": "汉宜村", "topic": "道路设施问题", "board": "安全韧性底线", "polarity": "Neutral"}}, {"type": "Feature", "geometry": {"type": "Point", "coordinates": [111.355256, 30.691889]}, "properties": {"类别": "村", "名称": "旭光村", "topic": "小区管理", "board": "民生基础需求", "polarity": "Negative"}}, {"type": "Feature", "geometry": {"type": "Point", "coordinates": [111.37174, 30.619047]}, "properties": {"类别": "村", "名称": "共联村", "topic": "道路问题", "board": "民生基础需求", "polarity": "Very Negative"}}, {"type": "Feature", "geometry": {"type": "Point", "coordinates": [111.360882, 30.644048]}, "properties": {"类别": "村", "名称": "共勤村", "topic": "公交服务", "board": "民生基础需求", "polarity": "Negative"}}, {"type": "Feature", "geometry": {"type": "Point", "coordinates": [111.350479, 30.659068]}, "properties": {"类别": "村", "名称": "火光村", "topic": "生活噪声", "board": "民生基础需求", "polarity": "Negative"}}, {"type": "Feature", "geometry": {"type": "Point", "coordinates": [111.370163, 30.658286]}, "properties": {"类别": "村", "名称": "共和村", "topic": "道路运输", "board": "民生基础需求", "polarity": "Negative"}}, {"type": "Feature", "geometry": {"type": "Point", "coordinates": [111.360882, 30.644048]}, "properties": {"类别": "村", "名称": "共勤村", "topic": "停车管理", "board": "民生基础需求", "polarity": "Negative"}}, {"type": "Feature", "geometry": {"type": "Point", "coordinates": [111.380884, 30.659541]}, "properties": {"类别": "村", "名称": "共和村", "topic": "交通噪声", "board": "民生基础需求", "polarity": "Negative"}}, {"type": "Feature", "geometry": {"type": "Point", "coordinates": [111.360882, 30.644048]}, "properties": {"类别": "村", "名称": "共勤村", "topic": "井盖问题", "board": "安全韧性底线", "polarity": "Negative"}}, {"type": "Feature", "geometry": {"type": "Point", "coordinates": [111.330987, 30.664359]}, "properties": {"类别": "村", "名称": "合益村", "topic": "园林绿化设施问题", "board": "民生基础需求", "polarity": "Negative"}}, {"type": "Feature", "geometry": {"type": "Point", "coordinates": [111.333572, 30.681932]}, "properties": {"类别": "村", "名称": "旭光村", "topic": "小区管理", "board": "民生基础需求", "polarity": "Negative"}}, {"type": "Feature", "geometry": {"type": "Point", "coordinates": [111.370163, 30.658286]}, "properties": {"类别": "村", "名称": "共和村", "topic": "车辆乱停放", "board": "民生基础需求", "polarity": "Negative"}}, {"type": "Feature", "geometry": {"type": "Point", "coordinates": [111.373683, 30.620496]}, "properties": {"类别": "村", "名称": "共联村", "topic": "道路问题", "board": "民生基础需求", "polarity": "Negative"}}, {"type": "Feature", "geometry": {"type": "Point", "coordinates": [111.360882, 30.644048]}, "properties": {"类别": "村", "名称": "共勤村", "topic": "建筑施工噪声", "board": "民生基础需求", "polarity": "Negative"}}, {"type": "Feature", "geometry": {"type": "Point", "coordinates": [111.321284, 30.67413]}, "properties": {"类别": "村", "名称": "汉宜村", "topic": "生活噪声", "board": "民生基础需求", "polarity": "Very Negative"}}, {"type": "Feature", "geometry": {"type": "Point", "coordinates": [111.333572, 30.681932]}, "properties": {"类别": "村", "名称": "旭光村", "topic": "商业噪声", "board": "民生基础需求", "polarity": "Negative"}}, {"type": "Feature", "geometry": {"type": "Point", "coordinates": [111.329645, 30.666601]}, "properties": {"类别": "村", "名称": "汉宜村", "topic": "生活噪声", "board": "民生基础需求", "polarity": "Negative"}}, {"type": "Feature", "geometry": {"type": "Point", "coordinates": [111.320841, 30.673022]}, "properties": {"类别": "村", "名称": "汉宜村", "topic": "建筑施工噪声", "board": "民生基础需求", "polarity": "Very Negative"}}, {"type": "Feature", "geometry": {"type": "Point", "coordinates": [111.360882, 30.644048]}, "properties": {"类别": "村", "名称": "共勤村", "topic": "车辆乱停放", "board": "民生基础需求", "polarity": "Very Negative"}}, {"type": "Feature", "geometry": {"type": "Point", "coordinates": [111.359789, 30.661309]}, "properties": {"类别": "村", "名称": "共强村", "topic": "市政公共设施问题", "board": "安全韧性底线", "polarity": "Neutral"}}, {"type": "Feature", "geometry": {"type": "Point", "coordinates": [111.35286, 30.66725]}, "properties": {"类别": "村", "名称": "火光村", "topic": "违规建（构）筑物", "board": "民生基础需求", "polarity": "Negative"}}, {"type": "Feature", "geometry": {"type": "Point", "coordinates": [111.370163, 30.658286]}, "properties": {"类别": "村", "名称": "共和村", "topic": "铁路", "board": "民生基础需求", "polarity": "Negative"}}, {"type": "Feature", "geometry": {"type": "Point", "coordinates": [111.380082, 30.660195]}, "properties": {"类别": "村", "名称": "共和村", "topic": "建筑施工噪声", "board": "民生基础需求", "polarity": "Very Negative"}}, {"type": "Feature", "geometry": {"type": "Point", "coordinates": [111.360882, 30.644048]}, "properties": {"类别": "村", "名称": "共勤村", "topic": "生活噪声", "board": "民生基础需求", "polarity": "Negative"}}, {"type": "Feature", "geometry": {"type": "Point", "coordinates": [111.321284, 30.67413]}, "properties": {"类别": "村", "名称": "汉宜村", "topic": "道路问题", "board": "民生基础需求", "polarity": "Negative"}}, {"type": "Feature", "geometry": {"type": "Point", "coordinates": [111.362589, 30.649083]}, "properties": {"类别": "村", "名称": "共勤村", "topic": "小区管理", "board": "民生基础需求", "polarity": "Very Negative"}}, {"type": "Feature", "geometry": {"type": "Point", "coordinates": [111.378528, 30.669468]}, "properties": {"类别": "村", "名称": "共同村", "topic": "生活噪声", "board": "民生基础需求", "polarity": "Very Negative"}}, {"type": "Feature", "geometry": {"type": "Point", "coordinates": [111.360882, 30.644048]}, "properties": {"类别": "村", "名称": "共勤村", "topic": "小区管理", "board": "民生基础需求", "polarity": "Negative"}}, {"type": "Feature", "geometry": {"type": "Point", "coordinates": [111.321284, 30.67413]}, "properties": {"类别": "村", "名称": "汉宜村", "topic": "住房房产", "board": "民生基础需求", "polarity": "Very Negative"}}, {"type": "Feature", "geometry": {"type": "Point", "coordinates": [111.365833, 30.634654]}, "properties": {"类别": "村", "名称": "共勤村", "topic": "小区建设", "board": "民生基础需求", "polarity": "Negative"}}, {"type": "Feature", "geometry": {"type": "Point", "coordinates": [111.370163, 30.658286]}, "properties": {"类别": "村", "名称": "共和村", "topic": "交通秩序", "board": "民生基础需求", "polarity": "Negative"}}, {"type": "Feature", "geometry": {"type": "Point", "coordinates": [111.362821, 30.64987]}, "properties": {"类别": "村", "名称": "共勤村", "topic": "施工管理问题", "board": "民生基础需求", "polarity": "Very Negative"}}, {"type": "Feature", "geometry": {"type": "Point", "coordinates": [111.370163, 30.658286]}, "properties": {"类别": "村", "名称": "共和村", "topic": "公交服务", "board": "民生基础需求", "polarity": "Neutral"}}, {"type": "Feature", "geometry": {"type": "Point", "coordinates": [111.321284, 30.67413]}, "properties": {"类别": "村", "名称": "汉宜村", "topic": "违规建（构）筑物", "board": "民生基础需求", "polarity": "Neutral"}}, {"type": "Feature", "geometry": {"type": "Point", "coordinates": [111.321284, 30.67413]}, "properties": {"类别": "村", "名称": "汉宜村", "topic": "住房房产", "board": "民生基础需求", "polarity": "Negative"}}, {"type": "Feature", "geometry": {"type": "Point", "coordinates": [111.321284, 30.67413]}, "properties": {"类别": "村", "名称": "汉宜村", "topic": "工业噪声", "board": "民生基础需求", "polarity": "Negative"}}, {"type": "Feature", "geometry": {"type": "Point", "coordinates": [111.370163, 30.658286]}, "properties": {"类别": "村", "名称": "共和村", "topic": "道路运输", "board": "民生基础需求", "polarity": "Negative"}}, {"type": "Feature", "geometry": {"type": "Point", "coordinates": [111.341091, 30.685179]}, "properties": {"类别": "村", "名称": "旭光村", "topic": "车辆乱停放", "board": "民生基础需求", "polarity": "Very Negative"}}, {"type": "Feature", "geometry": {"type": "Point", "coordinates": [111.37033, 30.653559]}, "properties": {"类别": "村", "名称": "共强村", "topic": "小区管理", "board": "民生基础需求", "polarity": "Very Negative"}}, {"type": "Feature", "geometry": {"type": "Point", "coordinates": [111.373683, 30.620496]}, "properties": {"类别": "村", "名称": "共联村", "topic": "车辆乱停放", "board": "民生基础需求", "polarity": "Negative"}}, {"type": "Feature", "geometry": {"type": "Point", "coordinates": [111.360882, 30.644048]}, "properties": {"类别": "村", "名称": "共勤村", "topic": "违规建（构）筑物", "board": "民生基础需求", "polarity": "Very Negative"}}, {"type": "Feature", "geometry": {"type": "Point", "coordinates": [111.360882, 30.644048]}, "properties": {"类别": "村", "名称": "共勤村", "topic": "交通噪声", "board": "民生基础需求", "polarity": "Negative"}}, {"type": "Feature", "geometry": {"type": "Point", "coordinates": [111.360882, 30.644048]}, "properties": {"类别": "村", "名称": "共勤村", "topic": "公共设施异响噪声", "board": "民生基础需求", "polarity": "Negative"}}, {"type": "Feature", "geometry": {"type": "Point", "coordinates": [111.354693, 30.664327]}, "properties": {"类别": "村", "名称": "火光村", "topic": "街面秩序管理问题", "board": "民生基础需求", "polarity": "Very Negative"}}, {"type": "Feature", "geometry": {"type": "Point", "coordinates": [111.370163, 30.658286]}, "properties": {"类别": "村", "名称": "共和村", "topic": "公厕管理问题", "board": "民生基础需求", "polarity": "Neutral"}}, {"type": "Feature", "geometry": {"type": "Point", "coordinates": [111.412151, 30.648667]}, "properties": {"类别": "村", "名称": "车站村", "topic": "住房房产", "board": "民生基础需求", "polarity": "Neutral"}}, {"type": "Feature", "geometry": {"type": "Point", "coordinates": [111.373683, 30.620496]}, "properties": {"类别": "村", "名称": "共联村", "topic": "违规建（构）筑物", "board": "民生基础需求", "polarity": "Negative"}}, {"type": "Feature", "geometry": {"type": "Point", "coordinates": [111.351651, 30.673484]}, "properties": {"类别": "村", "名称": "联丰村", "topic": "车辆乱停放", "board": "民生基础需求", "polarity": "Negative"}}, {"type": "Feature", "geometry": {"type": "Point", "coordinates": [111.338332, 30.684966]}, "properties": {"类别": "村", "名称": "旭光村", "topic": "交通秩序", "board": "民生基础需求", "polarity": "Negative"}}, {"type": "Feature", "geometry": {"type": "Point", "coordinates": [111.333808, 30.684863]}, "properties": {"类别": "村", "名称": "旭光村", "topic": "交通设施问题", "board": "安全韧性底线", "polarity": "Neutral"}}, {"type": "Feature", "geometry": {"type": "Point", "coordinates": [111.351719, 30.673487]}, "properties": {"类别": "村", "名称": "联丰村", "topic": "生活噪声", "board": "民生基础需求", "polarity": "Negative"}}, {"type": "Feature", "geometry": {"type": "Point", "coordinates": [111.360882, 30.644048]}, "properties": {"类别": "村", "名称": "共勤村", "topic": "生活噪声", "board": "民生基础需求", "polarity": "Very Negative"}}, {"type": "Feature", "geometry": {"type": "Point", "coordinates": [111.397055, 30.679897]}, "properties": {"类别": "村", "名称": "土门村", "topic": "道路设施问题", "board": "安全韧性底线", "polarity": "Very Negative"}}, {"type": "Feature", "geometry": {"type": "Point", "coordinates": [111.338918, 30.654198]}, "properties": {"类别": "村", "名称": "火光村", "topic": "小区管理", "board": "民生基础需求", "polarity": "Negative"}}, {"type": "Feature", "geometry": {"type": "Point", "coordinates": [111.358132, 30.650426]}, "properties": {"类别": "村", "名称": "共前村", "topic": "堡坎、山体问题", "board": "安全韧性底线", "polarity": "Negative"}}, {"type": "Feature", "geometry": {"type": "Point", "coordinates": [111.347877, 30.655339]}, "properties": {"类别": "村", "名称": "火光村", "topic": "建筑施工噪声", "board": "民生基础需求", "polarity": "Very Negative"}}, {"type": "Feature", "geometry": {"type": "Point", "coordinates": [111.360882, 30.644048]}, "properties": {"类别": "村", "名称": "共勤村", "topic": "小区管理", "board": "民生基础需求", "polarity": "Negative"}}, {"type": "Feature", "geometry": {"type": "Point", "coordinates": [111.385623, 30.670493]}, "properties": {"类别": "村", "名称": "共同村", "topic": "道路问题", "board": "民生基础需求", "polarity": "Negative"}}, {"type": "Feature", "geometry": {"type": "Point", "coordinates": [111.321284, 30.67413]}, "properties": {"类别": "村", "名称": "汉宜村", "topic": "住房房产", "board": "民生基础需求", "polarity": "Neutral"}}, {"type": "Feature", "geometry": {"type": "Point", "coordinates": [111.3598, 30.656311]}, "properties": {"类别": "村", "名称": "共前村", "topic": "道路问题", "board": "民生基础需求", "polarity": "Very Negative"}}, {"type": "Feature", "geometry": {"type": "Point", "coordinates": [111.33961, 30.66113]}, "properties": {"类别": "村", "名称": "火光村", "topic": "住房房产", "board": "民生基础需求", "polarity": "Negative"}}, {"type": "Feature", "geometry": {"type": "Point", "coordinates": [111.370163, 30.658286]}, "properties": {"类别": "村", "名称": "共和村", "topic": "车辆乱停放", "board": "民生基础需求", "polarity": "Negative"}}, {"type": "Feature", "geometry": {"type": "Point", "coordinates": [111.360882, 30.644048]}, "properties": {"类别": "村", "名称": "共勤村", "topic": "道路运输", "board": "民生基础需求", "polarity": "Negative"}}, {"type": "Feature", "geometry": {"type": "Point", "coordinates": [111.360882, 30.644048]}, "properties": {"类别": "村", "名称": "共勤村", "topic": "管道设施破裂堵塞", "board": "安全韧性底线", "polarity": "Negative"}}, {"type": "Feature", "geometry": {"type": "Point", "coordinates": [111.335903, 30.691987]}, "properties": {"类别": "村", "名称": "旭光村", "topic": "生活噪声", "board": "民生基础需求", "polarity": "Very Negative"}}, {"type": "Feature", "geometry": {"type": "Point", "coordinates": [111.380082, 30.660195]}, "properties": {"类别": "村", "名称": "共和村", "topic": "小区建设", "board": "民生基础需求", "polarity": "Negative"}}, {"type": "Feature", "geometry": {"type": "Point", "coordinates": [111.370163, 30.658286]}, "properties": {"类别": "村", "名称": "共和村", "topic": "停车管理问题", "board": "民生基础需求", "polarity": "Negative"}}, {"type": "Feature", "geometry": {"type": "Point", "coordinates": [111.349859, 30.656669]}, "properties": {"类别": "村", "名称": "火光村", "topic": "建筑施工噪声", "board": "民生基础需求", "polarity": "Very Negative"}}, {"type": "Feature", "geometry": {"type": "Point", "coordinates": [111.370163, 30.658286]}, "properties": {"类别": "村", "名称": "共和村", "topic": "交通秩序", "board": "民生基础需求", "polarity": "Negative"}}, {"type": "Feature", "geometry": {"type": "Point", "coordinates": [111.341091, 30.685179]}, "properties": {"类别": "村", "名称": "旭光村", "topic": "交通秩序", "board": "安全韧性底线", "polarity": "Negative"}}, {"type": "Feature", "geometry": {"type": "Point", "coordinates": [111.333077, 30.672406]}, "properties": {"类别": "村", "名称": "合益村", "topic": "住房房产", "board": "民生基础需求", "polarity": "Negative"}}, {"type": "Feature", "geometry": {"type": "Point", "coordinates": [111.362041, 30.637975]}, "properties": {"类别": "村", "名称": "共勤村", "topic": "车辆乱停放", "board": "民生基础需求", "polarity": "Negative"}}, {"type": "Feature", "geometry": {"type": "Point", "coordinates": [111.365833, 30.634654]}, "properties": {"类别": "村", "名称": "共勤村", "topic": "商业噪声", "board": "民生基础需求", "polarity": "Negative"}}, {"type": "Feature", "geometry": {"type": "Point", "coordinates": [111.334004, 30.67308]}, "properties": {"类别": "村", "名称": "合益村", "topic": "住房房产", "board": "民生基础需求", "polarity": "Very Negative"}}, {"type": "Feature", "geometry": {"type": "Point", "coordinates": [111.334004, 30.67308]}, "properties": {"类别": "村", "名称": "合益村", "topic": "违规建（构）筑物", "board": "民生基础需求", "polarity": "Negative"}}, {"type": "Feature", "geometry": {"type": "Point", "coordinates": [111.360882, 30.644048]}, "properties": {"类别": "村", "名称": "共勤村", "topic": "垃圾清理及环卫设施问题", "board": "民生基础需求", "polarity": "Very Negative"}}, {"type": "Feature", "geometry": {"type": "Point", "coordinates": [111.360882, 30.644048]}, "properties": {"类别": "村", "名称": "共勤村", "topic": "停车管理问题", "board": "民生基础需求", "polarity": "Negative"}}, {"type": "Feature", "geometry": {"type": "Point", "coordinates": [111.333572, 30.681932]}, "properties": {"类别": "村", "名称": "旭光村", "topic": "交通秩序", "board": "安全韧性底线", "polarity": "Negative"}}, {"type": "Feature", "geometry": {"type": "Point", "coordinates": [111.333572, 30.681932]}, "properties": {"类别": "村", "名称": "旭光村", "topic": "交通设施问题", "board": "安全韧性底线", "polarity": "Neutral"}}, {"type": "Feature", "geometry": {"type": "Point", "coordinates": [111.321284, 30.67413]}, "properties": {"类别": "村", "名称": "汉宜村", "topic": "住房房产", "board": "民生基础需求", "polarity": "Very Negative"}}, {"type": "Feature", "geometry": {"type": "Point", "coordinates": [111.335662, 30.684713]}, "properties": {"类别": "村", "名称": "旭光村", "topic": "违规建（构）筑物", "board": "民生基础需求", "polarity": "Negative"}}, {"type": "Feature", "geometry": {"type": "Point", "coordinates": [111.392695, 30.648916]}, "properties": {"类别": "村", "名称": "共和村", "topic": "井盖问题", "board": "安全韧性底线", "polarity": "Neutral"}}, {"type": "Feature", "geometry": {"type": "Point", "coordinates": [111.335662, 30.684713]}, "properties": {"类别": "村", "名称": "旭光村", "topic": "住房房产", "board": "民生基础需求", "polarity": "Very Negative"}}, {"type": "Feature", "geometry": {"type": "Point", "coordinates": [111.333572, 30.681932]}, "properties": {"类别": "村", "名称": "旭光村", "topic": "住房房产", "board": "民生基础需求", "polarity": "Negative"}}, {"type": "Feature", "geometry": {"type": "Point", "coordinates": [111.340534, 30.654416]}, "properties": {"类别": "村", "名称": "火光村", "topic": "环境污染纠纷", "board": "民生基础需求", "polarity": "Negative"}}, {"type": "Feature", "geometry": {"type": "Point", "coordinates": [111.321284, 30.67413]}, "properties": {"类别": "村", "名称": "汉宜村", "topic": "住房房产", "board": "民生基础需求", "polarity": "Negative"}}, {"type": "Feature", "geometry": {"type": "Point", "coordinates": [111.333572, 30.681932]}, "properties": {"类别": "村", "名称": "旭光村", "topic": "建筑施工噪声", "board": "民生基础需求", "polarity": "Negative"}}, {"type": "Feature", "geometry": {"type": "Point", "coordinates": [111.362821, 30.64987]}, "properties": {"类别": "村", "名称": "共勤村", "topic": "车辆乱停放", "board": "民生基础需求", "polarity": "Negative"}}, {"type": "Feature", "geometry": {"type": "Point", "coordinates": [111.370163, 30.658286]}, "properties": {"类别": "村", "名称": "共和村", "topic": "公交服务", "board": "民生基础需求", "polarity": "Very Negative"}}, {"type": "Feature", "geometry": {"type": "Point", "coordinates": [111.354693, 30.664327]}, "properties": {"类别": "村", "名称": "火光村", "topic": "公交服务", "board": "民生基础需求", "polarity": "Neutral"}}, {"type": "Feature", "geometry": {"type": "Point", "coordinates": [111.321284, 30.67413]}, "properties": {"类别": "村", "名称": "汉宜村", "topic": "住房房产", "board": "民生基础需求", "polarity": "Very Negative"}}, {"type": "Feature", "geometry": {"type": "Point", "coordinates": [111.360882, 30.644048]}, "properties": {"类别": "村", "名称": "共勤村", "topic": "施工管理问题", "board": "民生基础需求", "polarity": "Very Negative"}}, {"type": "Feature", "geometry": {"type": "Point", "coordinates": [111.360882, 30.644048]}, "properties": {"类别": "村", "名称": "共勤村", "topic": "住房房产", "board": "民生基础需求", "polarity": "Negative"}}, {"type": "Feature", "geometry": {"type": "Point", "coordinates": [111.312282, 30.682569]}, "properties": {"类别": "村", "名称": "汉宜村", "topic": "园林绿化设施问题", "board": "民生基础需求", "polarity": "Neutral"}}, {"type": "Feature", "geometry": {"type": "Point", "coordinates": [111.362821, 30.64987]}, "properties": {"类别": "村", "名称": "共勤村", "topic": "停车管理", "board": "民生基础需求", "polarity": "Negative"}}, {"type": "Feature", "geometry": {"type": "Point", "coordinates": [111.337465, 30.690328]}, "properties": {"类别": "村", "名称": "旭光村", "topic": "小区建设", "board": "民生基础需求", "polarity": "Neutral"}}, {"type": "Feature", "geometry": {"type": "Point", "coordinates": [111.342858, 30.685285]}, "properties": {"类别": "村", "名称": "旭光村", "topic": "交通噪声", "board": "民生基础需求", "polarity": "Positive"}}, {"type": "Feature", "geometry": {"type": "Point", "coordinates": [111.360882, 30.644048]}, "properties": {"类别": "村", "名称": "共勤村", "topic": "市政公共设施问题", "board": "安全韧性底线", "polarity": "Very Negative"}}, {"type": "Feature", "geometry": {"type": "Point", "coordinates": [111.37565, 30.629951]}, "properties": {"类别": "村", "名称": "共联村", "topic": "建筑施工噪声", "board": "民生基础需求", "polarity": "Negative"}}, {"type": "Feature", "geometry": {"type": "Point", "coordinates": [111.360024, 30.649507]}, "properties": {"类别": "村", "名称": "共前村", "topic": "小区管理", "board": "民生基础需求", "polarity": "Negative"}}, {"type": "Feature", "geometry": {"type": "Point", "coordinates": [111.321284, 30.67413]}, "properties": {"类别": "村", "名称": "汉宜村", "topic": "停车管理问题", "board": "民生基础需求", "polarity": "Negative"}}, {"type": "Feature", "geometry": {"type": "Point", "coordinates": [111.347115, 30.650292]}, "properties": {"类别": "村", "名称": "火光村", "topic": "住房房产", "board": "民生基础需求", "polarity": "Negative"}}, {"type": "Feature", "geometry": {"type": "Point", "coordinates": [111.349078, 30.657798]}, "properties": {"类别": "村", "名称": "火光村", "topic": "停车管理", "board": "民生基础需求", "polarity": "Very Negative"}}, {"type": "Feature", "geometry": {"type": "Point", "coordinates": [111.341091, 30.685179]}, "properties": {"类别": "村", "名称": "旭光村", "topic": "垃圾清理及环卫设施问题", "board": "民生基础需求", "polarity": "Negative"}}, {"type": "Feature", "geometry": {"type": "Point", "coordinates": [111.380165, 30.651192]}, "properties": {"类别": "村", "名称": "共和村", "topic": "小区管理", "board": "民生基础需求", "polarity": "Neutral"}}, {"type": "Feature", "geometry": {"type": "Point", "coordinates": [111.360882, 30.644048]}, "properties": {"类别": "村", "名称": "共勤村", "topic": "停车管理", "board": "民生基础需求", "polarity": "Negative"}}, {"type": "Feature", "geometry": {"type": "Point", "coordinates": [111.354693, 30.664327]}, "properties": {"类别": "村", "名称": "火光村", "topic": "建筑施工噪声", "board": "民生基础需求", "polarity": "Negative"}}, {"type": "Feature", "geometry": {"type": "Point", "coordinates": [111.333572, 30.681932]}, "properties": {"类别": "村", "名称": "旭光村", "topic": "生活噪声", "board": "民生基础需求", "polarity": "Negative"}}, {"type": "Feature", "geometry": {"type": "Point", "coordinates": [111.354693, 30.664327]}, "properties": {"类别": "村", "名称": "火光村", "topic": "公交服务", "board": "民生基础需求", "polarity": "Neutral"}}, {"type": "Feature", "geometry": {"type": "Point", "coordinates": [111.367541, 30.636543]}, "properties": {"类别": "村", "名称": "共联村", "topic": "车辆乱停放", "board": "民生基础需求", "polarity": "Neutral"}}, {"type": "Feature", "geometry": {"type": "Point", "coordinates": [111.354693, 30.664327]}, "properties": {"类别": "村", "名称": "火光村", "topic": "车辆乱停放", "board": "民生基础需求", "polarity": "Negative"}}, {"type": "Feature", "geometry": {"type": "Point", "coordinates": [111.321284, 30.67413]}, "properties": {"类别": "村", "名称": "汉宜村", "topic": "道路问题", "board": "民生基础需求", "polarity": "Negative"}}, {"type": "Feature", "geometry": {"type": "Point", "coordinates": [111.400064, 30.675302]}, "properties": {"类别": "村", "名称": "土门村", "topic": "车辆乱停放", "board": "民生基础需求", "polarity": "Negative"}}, {"type": "Feature", "geometry": {"type": "Point", "coordinates": [111.370163, 30.658286]}, "properties": {"类别": "村", "名称": "共和村", "topic": "车辆乱停放", "board": "民生基础需求", "polarity": "Negative"}}, {"type": "Feature", "geometry": {"type": "Point", "coordinates": [111.375173, 30.647312]}, "properties": {"类别": "村", "名称": "共谊村", "topic": "停车管理问题", "board": "民生基础需求", "polarity": "Very Negative"}}, {"type": "Feature", "geometry": {"type": "Point", "coordinates": [111.397055, 30.679897]}, "properties": {"类别": "村", "名称": "土门村", "topic": "交通秩序", "board": "民生基础需求", "polarity": "Negative"}}, {"type": "Feature", "geometry": {"type": "Point", "coordinates": [111.330029, 30.675025]}, "properties": {"类别": "村", "名称": "合益村", "topic": "生活噪声", "board": "民生基础需求", "polarity": "Negative"}}, {"type": "Feature", "geometry": {"type": "Point", "coordinates": [111.37033, 30.653559]}, "properties": {"类别": "村", "名称": "共强村", "topic": "道路问题", "board": "民生基础需求", "polarity": "Negative"}}, {"type": "Feature", "geometry": {"type": "Point", "coordinates": [111.360882, 30.644048]}, "properties": {"类别": "村", "名称": "共勤村", "topic": "生活噪声", "board": "民生基础需求", "polarity": "Negative"}}, {"type": "Feature", "geometry": {"type": "Point", "coordinates": [111.333572, 30.681932]}, "properties": {"类别": "村", "名称": "旭光村", "topic": "生活噪声", "board": "民生基础需求", "polarity": "Negative"}}, {"type": "Feature", "geometry": {"type": "Point", "coordinates": [111.321284, 30.67413]}, "properties": {"类别": "村", "名称": "汉宜村", "topic": "车辆乱停放", "board": "民生基础需求", "polarity": "Very Negative"}}, {"type": "Feature", "geometry": {"type": "Point", "coordinates": [111.370163, 30.658286]}, "properties": {"类别": "村", "名称": "共和村", "topic": "车辆乱停放", "board": "民生基础需求", "polarity": "Very Negative"}}, {"type": "Feature", "geometry": {"type": "Point", "coordinates": [111.337121, 30.666675]}, "properties": {"类别": "村", "名称": "合益村", "topic": "生活噪声", "board": "民生基础需求", "polarity": "Very Negative"}}, {"type": "Feature", "geometry": {"type": "Point", "coordinates": [111.354693, 30.664327]}, "properties": {"类别": "村", "名称": "火光村", "topic": "学区学籍", "board": "民生基础需求", "polarity": "Negative"}}, {"type": "Feature", "geometry": {"type": "Point", "coordinates": [111.370163, 30.658286]}, "properties": {"类别": "村", "名称": "共和村", "topic": "交通设施问题", "board": "安全韧性底线", "polarity": "Negative"}}, {"type": "Feature", "geometry": {"type": "Point", "coordinates": [111.337121, 30.666675]}, "properties": {"类别": "村", "名称": "合益村", "topic": "生活噪声", "board": "民生基础需求", "polarity": "Negative"}}, {"type": "Feature", "geometry": {"type": "Point", "coordinates": [111.354693, 30.664327]}, "properties": {"类别": "村", "名称": "火光村", "topic": "公交服务", "board": "民生基础需求", "polarity": "Neutral"}}, {"type": "Feature", "geometry": {"type": "Point", "coordinates": [111.338332, 30.684966]}, "properties": {"类别": "村", "名称": "旭光村", "topic": "建筑施工噪声", "board": "民生基础需求", "polarity": "Negative"}}, {"type": "Feature", "geometry": {"type": "Point", "coordinates": [111.365833, 30.634654]}, "properties": {"类别": "村", "名称": "共勤村", "topic": "住房房产", "board": "民生基础需求", "polarity": "Negative"}}, {"type": "Feature", "geometry": {"type": "Point", "coordinates": [111.37033, 30.653559]}, "properties": {"类别": "村", "名称": "共强村", "topic": "垃圾清理及环卫设施问题", "board": "民生基础需求", "polarity": "Negative"}}, {"type": "Feature", "geometry": {"type": "Point", "coordinates": [111.370163, 30.658286]}, "properties": {"类别": "村", "名称": "共和村", "topic": "交通秩序", "board": "民生基础需求", "polarity": "Negative"}}, {"type": "Feature", "geometry": {"type": "Point", "coordinates": [111.338332, 30.684966]}, "properties": {"类别": "村", "名称": "旭光村", "topic": "垃圾清理及环卫设施问题", "board": "民生基础需求", "polarity": "Negative"}}, {"type": "Feature", "geometry": {"type": "Point", "coordinates": [111.333572, 30.681932]}, "properties": {"类别": "村", "名称": "旭光村", "topic": "生活噪声", "board": "民生基础需求", "polarity": "Negative"}}, {"type": "Feature", "geometry": {"type": "Point", "coordinates": [111.359856, 30.64551]}, "properties": {"类别": "村", "名称": "共勤村", "topic": "交通秩序", "board": "民生基础需求", "polarity": "Neutral"}}, {"type": "Feature", "geometry": {"type": "Point", "coordinates": [111.347877, 30.655339]}, "properties": {"类别": "村", "名称": "火光村", "topic": "停车管理", "board": "民生基础需求", "polarity": "Negative"}}, {"type": "Feature", "geometry": {"type": "Point", "coordinates": [111.378528, 30.669468]}, "properties": {"类别": "村", "名称": "共同村", "topic": "小区管理", "board": "民生基础需求", "polarity": "Negative"}}, {"type": "Feature", "geometry": {"type": "Point", "coordinates": [111.355746, 30.637256]}, "properties": {"类别": "村", "名称": "共勤村", "topic": "建筑施工噪声", "board": "民生基础需求", "polarity": "Very Negative"}}, {"type": "Feature", "geometry": {"type": "Point", "coordinates": [111.351651, 30.673484]}, "properties": {"类别": "村", "名称": "联丰村", "topic": "车辆乱停放", "board": "民生基础需求", "polarity": "Negative"}}, {"type": "Feature", "geometry": {"type": "Point", "coordinates": [111.362821, 30.64987]}, "properties": {"类别": "村", "名称": "共勤村", "topic": "井盖问题", "board": "安全韧性底线", "polarity": "Negative"}}, {"type": "Feature", "geometry": {"type": "Point", "coordinates": [111.35286, 30.66725]}, "properties": {"类别": "村", "名称": "火光村", "topic": "学区学籍", "board": "民生基础需求", "polarity": "Negative"}}, {"type": "Feature", "geometry": {"type": "Point", "coordinates": [111.360404, 30.64648]}, "properties": {"类别": "村", "名称": "共勤村", "topic": "道路问题", "board": "民生基础需求", "polarity": "Neutral"}}, {"type": "Feature", "geometry": {"type": "Point", "coordinates": [111.347877, 30.655339]}, "properties": {"类别": "村", "名称": "火光村", "topic": "小区管理", "board": "民生基础需求", "polarity": "Very Negative"}}, {"type": "Feature", "geometry": {"type": "Point", "coordinates": [111.370163, 30.658286]}, "properties": {"类别": "村", "名称": "共和村", "topic": "道路问题", "board": "民生基础需求", "polarity": "Neutral"}}, {"type": "Feature", "geometry": {"type": "Point", "coordinates": [111.321284, 30.67413]}, "properties": {"类别": "村", "名称": "汉宜村", "topic": "小区管理", "board": "民生基础需求", "polarity": "Negative"}}, {"type": "Feature", "geometry": {"type": "Point", "coordinates": [111.360882, 30.644048]}, "properties": {"类别": "村", "名称": "共勤村", "topic": "生活噪声", "board": "民生基础需求", "polarity": "Negative"}}, {"type": "Feature", "geometry": {"type": "Point", "coordinates": [111.321284, 30.67413]}, "properties": {"类别": "村", "名称": "汉宜村", "topic": "车辆乱停放", "board": "民生基础需求", "polarity": "Negative"}}, {"type": "Feature", "geometry": {"type": "Point", "coordinates": [111.347877, 30.655339]}, "properties": {"类别": "村", "名称": "火光村", "topic": "小区管理", "board": "民生基础需求", "polarity": "Negative"}}, {"type": "Feature", "geometry": {"type": "Point", "coordinates": [111.321284, 30.67413]}, "properties": {"类别": "村", "名称": "汉宜村", "topic": "道路设施问题", "board": "安全韧性底线", "polarity": "Negative"}}, {"type": "Feature", "geometry": {"type": "Point", "coordinates": [111.360882, 30.644048]}, "properties": {"类别": "村", "名称": "共勤村", "topic": "学区学籍", "board": "民生基础需求", "polarity": "Negative"}}, {"type": "Feature", "geometry": {"type": "Point", "coordinates": [111.333572, 30.681932]}, "properties": {"类别": "村", "名称": "旭光村", "topic": "停车管理问题", "board": "民生基础需求", "polarity": "Very Negative"}}, {"type": "Feature", "geometry": {"type": "Point", "coordinates": [111.385623, 30.670493]}, "properties": {"类别": "村", "名称": "共同村", "topic": "交通噪声", "board": "民生基础需求", "polarity": "Negative"}}, {"type": "Feature", "geometry": {"type": "Point", "coordinates": [111.378528, 30.669468]}, "properties": {"类别": "村", "名称": "共同村", "topic": "施工管理问题", "board": "民生基础需求", "polarity": "Negative"}}, {"type": "Feature", "geometry": {"type": "Point", "coordinates": [111.354693, 30.664327]}, "properties": {"类别": "村", "名称": "火光村", "topic": "学区学籍", "board": "民生基础需求", "polarity": "Negative"}}, {"type": "Feature", "geometry": {"type": "Point", "coordinates": [111.358132, 30.650426]}, "properties": {"类别": "村", "名称": "共前村", "topic": "学区学籍", "board": "民生基础需求", "polarity": "Very Negative"}}, {"type": "Feature", "geometry": {"type": "Point", "coordinates": [111.337922, 30.66532]}, "properties": {"类别": "村", "名称": "合益村", "topic": "学区学籍", "board": "民生基础需求", "polarity": "Very Negative"}}, {"type": "Feature", "geometry": {"type": "Point", "coordinates": [111.338927, 30.661177]}, "properties": {"类别": "村", "名称": "火光村", "topic": "建筑施工噪声", "board": "民生基础需求", "polarity": "Negative"}}, {"type": "Feature", "geometry": {"type": "Point", "coordinates": [111.360882, 30.644048]}, "properties": {"类别": "村", "名称": "共勤村", "topic": "停车管理问题", "board": "民生基础需求", "polarity": "Very Negative"}}, {"type": "Feature", "geometry": {"type": "Point", "coordinates": [111.315193, 30.681166]}, "properties": {"类别": "村", "名称": "汉宜村", "topic": "违规建（构）筑物", "board": "民生基础需求", "polarity": "Very Negative"}}, {"type": "Feature", "geometry": {"type": "Point", "coordinates": [111.349078, 30.657798]}, "properties": {"类别": "村", "名称": "火光村", "topic": "建筑施工噪声", "board": "民生基础需求", "polarity": "Very Negative"}}, {"type": "Feature", "geometry": {"type": "Point", "coordinates": [111.333572, 30.681932]}, "properties": {"类别": "村", "名称": "旭光村", "topic": "学区学籍", "board": "民生基础需求", "polarity": "Negative"}}, {"type": "Feature", "geometry": {"type": "Point", "coordinates": [111.338332, 30.684966]}, "properties": {"类别": "村", "名称": "旭光村", "topic": "学区学籍", "board": "民生基础需求", "polarity": "Neutral"}}, {"type": "Feature", "geometry": {"type": "Point", "coordinates": [111.354693, 30.664327]}, "properties": {"类别": "村", "名称": "火光村", "topic": "建筑施工噪声", "board": "民生基础需求", "polarity": "Very Negative"}}, {"type": "Feature", "geometry": {"type": "Point", "coordinates": [111.373683, 30.620496]}, "properties": {"类别": "村", "名称": "共联村", "topic": "交通设施问题", "board": "安全韧性底线", "polarity": "Neutral"}}, {"type": "Feature", "geometry": {"type": "Point", "coordinates": [111.361317, 30.647375]}, "properties": {"类别": "村", "名称": "共前村", "topic": "车辆乱停放", "board": "民生基础需求", "polarity": "Negative"}}, {"type": "Feature", "geometry": {"type": "Point", "coordinates": [111.321284, 30.67413]}, "properties": {"类别": "村", "名称": "汉宜村", "topic": "施工管理问题", "board": "民生基础需求", "polarity": "Negative"}}, {"type": "Feature", "geometry": {"type": "Point", "coordinates": [111.333572, 30.681932]}, "properties": {"类别": "村", "名称": "旭光村", "topic": "停车管理问题", "board": "民生基础需求", "polarity": "Negative"}}, {"type": "Feature", "geometry": {"type": "Point", "coordinates": [111.360882, 30.644048]}, "properties": {"类别": "村", "名称": "共勤村", "topic": "供水服务", "board": "民生基础需求", "polarity": "Very Negative"}}, {"type": "Feature", "geometry": {"type": "Point", "coordinates": [111.362821, 30.64987]}, "properties": {"类别": "村", "名称": "共勤村", "topic": "交通设施问题", "board": "安全韧性底线", "polarity": "Neutral"}}, {"type": "Feature", "geometry": {"type": "Point", "coordinates": [111.360882, 30.644048]}, "properties": {"类别": "村", "名称": "共勤村", "topic": "生活噪声", "board": "民生基础需求", "polarity": "Negative"}}, {"type": "Feature", "geometry": {"type": "Point", "coordinates": [111.360882, 30.644048]}, "properties": {"类别": "村", "名称": "共勤村", "topic": "车辆乱停放", "board": "民生基础需求", "polarity": "Negative"}}, {"type": "Feature", "geometry": {"type": "Point", "coordinates": [111.333572, 30.681932]}, "properties": {"类别": "村", "名称": "旭光村", "topic": "市政公共设施问题", "board": "安全韧性底线", "polarity": "Neutral"}}, {"type": "Feature", "geometry": {"type": "Point", "coordinates": [111.347877, 30.655339]}, "properties": {"类别": "村", "名称": "火光村", "topic": "街面秩序管理问题", "board": "民生基础需求", "polarity": "Negative"}}, {"type": "Feature", "geometry": {"type": "Point", "coordinates": [111.321284, 30.67413]}, "properties": {"类别": "村", "名称": "汉宜村", "topic": "工业噪声", "board": "民生基础需求", "polarity": "Negative"}}, {"type": "Feature", "geometry": {"type": "Point", "coordinates": [111.402232, 30.645876]}, "properties": {"类别": "村", "名称": "共升村", "topic": "园林绿化设施问题", "board": "民生基础需求", "polarity": "Neutral"}}, {"type": "Feature", "geometry": {"type": "Point", "coordinates": [111.363573, 30.638243]}, "properties": {"类别": "村", "名称": "共勤村", "topic": "公交服务", "board": "民生基础需求", "polarity": "Neutral"}}, {"type": "Feature", "geometry": {"type": "Point", "coordinates": [111.333572, 30.681932]}, "properties": {"类别": "村", "名称": "旭光村", "topic": "小区管理", "board": "民生基础需求", "polarity": "Negative"}}, {"type": "Feature", "geometry": {"type": "Point", "coordinates": [111.330475, 30.666294]}, "properties": {"类别": "村", "名称": "汉宜村", "topic": "商业噪声", "board": "民生基础需求", "polarity": "Negative"}}, {"type": "Feature", "geometry": {"type": "Point", "coordinates": [111.380082, 30.660195]}, "properties": {"类别": "村", "名称": "共和村", "topic": "井盖问题", "board": "安全韧性底线", "polarity": "Neutral"}}, {"type": "Feature", "geometry": {"type": "Point", "coordinates": [111.321284, 30.67413]}, "properties": {"类别": "村", "名称": "汉宜村", "topic": "住房房产", "board": "民生基础需求", "polarity": "Negative"}}, {"type": "Feature", "geometry": {"type": "Point", "coordinates": [111.378528, 30.669468]}, "properties": {"类别": "村", "名称": "共同村", "topic": "施工管理问题", "board": "民生基础需求", "polarity": "Negative"}}, {"type": "Feature", "geometry": {"type": "Point", "coordinates": [111.355746, 30.637256]}, "properties": {"类别": "村", "名称": "共勤村", "topic": "住房房产", "board": "民生基础需求", "polarity": "Negative"}}, {"type": "Feature", "geometry": {"type": "Point", "coordinates": [111.362821, 30.64987]}, "properties": {"类别": "村", "名称": "共勤村", "topic": "小区建设", "board": "民生基础需求", "polarity": "Negative"}}, {"type": "Feature", "geometry": {"type": "Point", "coordinates": [111.338332, 30.684966]}, "properties": {"类别": "村", "名称": "旭光村", "topic": "停车管理问题", "board": "民生基础需求", "polarity": "Negative"}}, {"type": "Feature", "geometry": {"type": "Point", "coordinates": [111.338927, 30.661177]}, "properties": {"类别": "村", "名称": "火光村", "topic": "供水服务", "board": "民生基础需求", "polarity": "Negative"}}, {"type": "Feature", "geometry": {"type": "Point", "coordinates": [111.360882, 30.644048]}, "properties": {"类别": "村", "名称": "共勤村", "topic": "停车管理", "board": "民生基础需求", "polarity": "Negative"}}, {"type": "Feature", "geometry": {"type": "Point", "coordinates": [111.338332, 30.684966]}, "properties": {"类别": "村", "名称": "旭光村", "topic": "车辆乱停放", "board": "民生基础需求", "polarity": "Negative"}}, {"type": "Feature", "geometry": {"type": "Point", "coordinates": [111.361957, 30.650329]}, "properties": {"类别": "村", "名称": "共勤村", "topic": "供水服务", "board": "民生基础需求", "polarity": "Negative"}}, {"type": "Feature", "geometry": {"type": "Point", "coordinates": [111.341091, 30.685179]}, "properties": {"类别": "村", "名称": "旭光村", "topic": "施工管理问题", "board": "民生基础需求", "polarity": "Negative"}}, {"type": "Feature", "geometry": {"type": "Point", "coordinates": [111.321284, 30.67413]}, "properties": {"类别": "村", "名称": "汉宜村", "topic": "垃圾清理及环卫设施问题", "board": "民生基础需求", "polarity": "Neutral"}}, {"type": "Feature", "geometry": {"type": "Point", "coordinates": [111.321284, 30.67413]}, "properties": {"类别": "村", "名称": "汉宜村", "topic": "供电服务", "board": "安全韧性底线", "polarity": "Neutral"}}, {"type": "Feature", "geometry": {"type": "Point", "coordinates": [111.321284, 30.67413]}, "properties": {"类别": "村", "名称": "汉宜村", "topic": "住房房产", "board": "民生基础需求", "polarity": "Negative"}}, {"type": "Feature", "geometry": {"type": "Point", "coordinates": [111.342858, 30.685285]}, "properties": {"类别": "村", "名称": "旭光村", "topic": "生活噪声", "board": "民生基础需求", "polarity": "Negative"}}, {"type": "Feature", "geometry": {"type": "Point", "coordinates": [111.3871, 30.653345]}, "properties": {"类别": "村", "名称": "共和村", "topic": "公共设施异响噪声", "board": "民生基础需求", "polarity": "Negative"}}, {"type": "Feature", "geometry": {"type": "Point", "coordinates": [111.360882, 30.644048]}, "properties": {"类别": "村", "名称": "共勤村", "topic": "停车管理问题", "board": "民生基础需求", "polarity": "Neutral"}}, {"type": "Feature", "geometry": {"type": "Point", "coordinates": [111.350479, 30.659068]}, "properties": {"类别": "村", "名称": "火光村", "topic": "住房房产", "board": "民生基础需求", "polarity": "Very Negative"}}, {"type": "Feature", "geometry": {"type": "Point", "coordinates": [111.360882, 30.644048]}, "properties": {"类别": "村", "名称": "共勤村", "topic": "学区学籍", "board": "民生基础需求", "polarity": "Neutral"}}, {"type": "Feature", "geometry": {"type": "Point", "coordinates": [111.321284, 30.67413]}, "properties": {"类别": "村", "名称": "汉宜村", "topic": "小区建设", "board": "民生基础需求", "polarity": "Negative"}}, {"type": "Feature", "geometry": {"type": "Point", "coordinates": [111.354693, 30.664327]}, "properties": {"类别": "村", "名称": "火光村", "topic": "建筑施工噪声", "board": "民生基础需求", "polarity": "Very Negative"}}, {"type": "Feature", "geometry": {"type": "Point", "coordinates": [111.347877, 30.655339]}, "properties": {"类别": "村", "名称": "火光村", "topic": "住房房产", "board": "民生基础需求", "polarity": "Very Negative"}}, {"type": "Feature", "geometry": {"type": "Point", "coordinates": [111.321284, 30.67413]}, "properties": {"类别": "村", "名称": "汉宜村", "topic": "生活噪声", "board": "民生基础需求", "polarity": "Negative"}}, {"type": "Feature", "geometry": {"type": "Point", "coordinates": [111.333077, 30.672406]}, "properties": {"类别": "村", "名称": "合益村", "topic": "小区管理", "board": "民生基础需求", "polarity": "Negative"}}, {"type": "Feature", "geometry": {"type": "Point", "coordinates": [111.33961, 30.66113]}, "properties": {"类别": "村", "名称": "火光村", "topic": "垃圾清理及环卫设施问题", "board": "民生基础需求", "polarity": "Negative"}}, {"type": "Feature", "geometry": {"type": "Point", "coordinates": [111.360882, 30.644048]}, "properties": {"类别": "村", "名称": "共勤村", "topic": "小区管理", "board": "民生基础需求", "polarity": "Negative"}}, {"type": "Feature", "geometry": {"type": "Point", "coordinates": [111.334004, 30.67308]}, "properties": {"类别": "村", "名称": "合益村", "topic": "生活噪声", "board": "民生基础需求", "polarity": "Very Negative"}}, {"type": "Feature", "geometry": {"type": "Point", "coordinates": [111.341091, 30.685179]}, "properties": {"类别": "村", "名称": "旭光村", "topic": "园林绿化设施问题", "board": "民生基础需求", "polarity": "Negative"}}, {"type": "Feature", "geometry": {"type": "Point", "coordinates": [111.362821, 30.64987]}, "properties": {"类别": "村", "名称": "共勤村", "topic": "小区管理", "board": "民生基础需求", "polarity": "Negative"}}, {"type": "Feature", "geometry": {"type": "Point", "coordinates": [111.363833, 30.635519]}, "properties": {"类别": "村", "名称": "共勤村", "topic": "井盖问题", "board": "安全韧性底线", "polarity": "Negative"}}, {"type": "Feature", "geometry": {"type": "Point", "coordinates": [111.362821, 30.64987]}, "properties": {"类别": "村", "名称": "共勤村", "topic": "学区学籍", "board": "民生基础需求", "polarity": "Negative"}}, {"type": "Feature", "geometry": {"type": "Point", "coordinates": [111.321284, 30.67413]}, "properties": {"类别": "村", "名称": "汉宜村", "topic": "住房房产", "board": "民生基础需求", "polarity": "Neutral"}}, {"type": "Feature", "geometry": {"type": "Point", "coordinates": [111.333572, 30.681932]}, "properties": {"类别": "村", "名称": "旭光村", "topic": "生活噪声", "board": "民生基础需求", "polarity": "Very Negative"}}, {"type": "Feature", "geometry": {"type": "Point", "coordinates": [111.37033, 30.653559]}, "properties": {"类别": "村", "名称": "共强村", "topic": "小区管理", "board": "民生基础需求", "polarity": "Negative"}}, {"type": "Feature", "geometry": {"type": "Point", "coordinates": [111.334004, 30.67308]}, "properties": {"类别": "村", "名称": "合益村", "topic": "生活噪声", "board": "民生基础需求", "polarity": "Very Negative"}}, {"type": "Feature", "geometry": {"type": "Point", "coordinates": [111.321284, 30.67413]}, "properties": {"类别": "村", "名称": "汉宜村", "topic": "交通设施问题", "board": "安全韧性底线", "polarity": "Neutral"}}, {"type": "Feature", "geometry": {"type": "Point", "coordinates": [111.333572, 30.681932]}, "properties": {"类别": "村", "名称": "旭光村", "topic": "生活噪声", "board": "民生基础需求", "polarity": "Negative"}}, {"type": "Feature", "geometry": {"type": "Point", "coordinates": [111.37033, 30.653559]}, "properties": {"类别": "村", "名称": "共强村", "topic": "住房房产", "board": "民生基础需求", "polarity": "Negative"}}, {"type": "Feature", "geometry": {"type": "Point", "coordinates": [111.397286, 30.64882]}, "properties": {"类别": "村", "名称": "共升村", "topic": "学区学籍", "board": "民生基础需求", "polarity": "Neutral"}}, {"type": "Feature", "geometry": {"type": "Point", "coordinates": [111.373683, 30.620496]}, "properties": {"类别": "村", "名称": "共联村", "topic": "住房房产", "board": "民生基础需求", "polarity": "Very Negative"}}, {"type": "Feature", "geometry": {"type": "Point", "coordinates": [111.321284, 30.67413]}, "properties": {"类别": "村", "名称": "汉宜村", "topic": "违规建（构）筑物", "board": "民生基础需求", "polarity": "Very Negative"}}, {"type": "Feature", "geometry": {"type": "Point", "coordinates": [111.363833, 30.635519]}, "properties": {"类别": "村", "名称": "共勤村", "topic": "井盖问题", "board": "安全韧性底线", "polarity": "Negative"}}, {"type": "Feature", "geometry": {"type": "Point", "coordinates": [111.361957, 30.650329]}, "properties": {"类别": "村", "名称": "共勤村", "topic": "小区管理", "board": "民生基础需求", "polarity": "Very Negative"}}, {"type": "Feature", "geometry": {"type": "Point", "coordinates": [111.347115, 30.650292]}, "properties": {"类别": "村", "名称": "火光村", "topic": "住房房产", "board": "民生基础需求", "polarity": "Negative"}}, {"type": "Feature", "geometry": {"type": "Point", "coordinates": [111.360882, 30.644048]}, "properties": {"类别": "村", "名称": "共勤村", "topic": "停车管理", "board": "民生基础需求", "polarity": "Negative"}}, {"type": "Feature", "geometry": {"type": "Point", "coordinates": [111.360882, 30.644048]}, "properties": {"类别": "村", "名称": "共勤村", "topic": "市政公共设施问题", "board": "安全韧性底线", "polarity": "Neutral"}}, {"type": "Feature", "geometry": {"type": "Point", "coordinates": [111.370163, 30.658286]}, "properties": {"类别": "村", "名称": "共和村", "topic": "交通秩序", "board": "民生基础需求", "polarity": "Negative"}}, {"type": "Feature", "geometry": {"type": "Point", "coordinates": [111.321284, 30.67413]}, "properties": {"类别": "村", "名称": "汉宜村", "topic": "商业噪声", "board": "民生基础需求", "polarity": "Negative"}}, {"type": "Feature", "geometry": {"type": "Point", "coordinates": [111.373683, 30.620496]}, "properties": {"类别": "村", "名称": "共联村", "topic": "街面秩序管理问题", "board": "民生基础需求", "polarity": "Negative"}}, {"type": "Feature", "geometry": {"type": "Point", "coordinates": [111.332106, 30.667952]}, "properties": {"类别": "村", "名称": "合益村", "topic": "道路问题", "board": "民生基础需求", "polarity": "Very Negative"}}, {"type": "Feature", "geometry": {"type": "Point", "coordinates": [111.396788, 30.681285]}, "properties": {"类别": "村", "名称": "梅花村", "topic": "就医", "board": "民生基础需求", "polarity": "Very Negative"}}, {"type": "Feature", "geometry": {"type": "Point", "coordinates": [111.362821, 30.64987]}, "properties": {"类别": "村", "名称": "共勤村", "topic": "停车管理问题", "board": "民生基础需求", "polarity": "Neutral"}}, {"type": "Feature", "geometry": {"type": "Point", "coordinates": [111.362821, 30.64987]}, "properties": {"类别": "村", "名称": "共勤村", "topic": "道路运输", "board": "民生基础需求", "polarity": "Neutral"}}, {"type": "Feature", "geometry": {"type": "Point", "coordinates": [111.321284, 30.67413]}, "properties": {"类别": "村", "名称": "汉宜村", "topic": "园林绿化设施问题", "board": "民生基础需求", "polarity": "Neutral"}}, {"type": "Feature", "geometry": {"type": "Point", "coordinates": [111.321284, 30.67413]}, "properties": {"类别": "村", "名称": "汉宜村", "topic": "道路设施问题", "board": "安全韧性底线", "polarity": "Negative"}}, {"type": "Feature", "geometry": {"type": "Point", "coordinates": [111.37565, 30.629951]}, "properties": {"类别": "村", "名称": "共联村", "topic": "街面秩序管理问题", "board": "民生基础需求", "polarity": "Negative"}}, {"type": "Feature", "geometry": {"type": "Point", "coordinates": [111.334004, 30.67308]}, "properties": {"类别": "村", "名称": "合益村", "topic": "商业噪声", "board": "民生基础需求", "polarity": "Negative"}}, {"type": "Feature", "geometry": {"type": "Point", "coordinates": [111.333572, 30.681932]}, "properties": {"类别": "村", "名称": "旭光村", "topic": "商业噪声", "board": "民生基础需求", "polarity": "Negative"}}, {"type": "Feature", "geometry": {"type": "Point", "coordinates": [111.321284, 30.67413]}, "properties": {"类别": "村", "名称": "汉宜村", "topic": "住房房产", "board": "民生基础需求", "polarity": "Very Negative"}}, {"type": "Feature", "geometry": {"type": "Point", "coordinates": [111.333572, 30.681932]}, "properties": {"类别": "村", "名称": "旭光村", "topic": "道路运输", "board": "民生基础需求", "polarity": "Negative"}}, {"type": "Feature", "geometry": {"type": "Point", "coordinates": [111.360882, 30.644048]}, "properties": {"类别": "村", "名称": "共勤村", "topic": "停车管理", "board": "民生基础需求", "polarity": "Negative"}}, {"type": "Feature", "geometry": {"type": "Point", "coordinates": [111.334004, 30.67308]}, "properties": {"类别": "村", "名称": "合益村", "topic": "学区学籍", "board": "民生基础需求", "polarity": "Neutral"}}, {"type": "Feature", "geometry": {"type": "Point", "coordinates": [111.333572, 30.681932]}, "properties": {"类别": "村", "名称": "旭光村", "topic": "生活噪声", "board": "民生基础需求", "polarity": "Very Negative"}}, {"type": "Feature", "geometry": {"type": "Point", "coordinates": [111.333572, 30.681932]}, "properties": {"类别": "村", "名称": "旭光村", "topic": "生活噪声", "board": "民生基础需求", "polarity": "Very Negative"}}, {"type": "Feature", "geometry": {"type": "Point", "coordinates": [111.351919, 30.674621]}, "properties": {"类别": "村", "名称": "联丰村", "topic": "住房房产", "board": "民生基础需求", "polarity": "Very Negative"}}, {"type": "Feature", "geometry": {"type": "Point", "coordinates": [111.321284, 30.67413]}, "properties": {"类别": "村", "名称": "汉宜村", "topic": "住房房产", "board": "民生基础需求", "polarity": "Very Negative"}}, {"type": "Feature", "geometry": {"type": "Point", "coordinates": [111.351919, 30.674621]}, "properties": {"类别": "村", "名称": "联丰村", "topic": "住房房产", "board": "民生基础需求", "polarity": "Negative"}}, {"type": "Feature", "geometry": {"type": "Point", "coordinates": [111.390339, 30.691929]}, "properties": {"类别": "村", "名称": "梅花村", "topic": "车辆乱停放", "board": "民生基础需求", "polarity": "Negative"}}, {"type": "Feature", "geometry": {"type": "Point", "coordinates": [111.360882, 30.644048]}, "properties": {"类别": "村", "名称": "共勤村", "topic": "小区管理", "board": "民生基础需求", "polarity": "Negative"}}, {"type": "Feature", "geometry": {"type": "Point", "coordinates": [111.321284, 30.67413]}, "properties": {"类别": "村", "名称": "汉宜村", "topic": "住房房产", "board": "民生基础需求", "polarity": "Negative"}}, {"type": "Feature", "geometry": {"type": "Point", "coordinates": [111.397055, 30.679897]}, "properties": {"类别": "村", "名称": "土门村", "topic": "交通设施问题", "board": "安全韧性底线", "polarity": "Very Negative"}}, {"type": "Feature", "geometry": {"type": "Point", "coordinates": [111.35286, 30.66725]}, "properties": {"类别": "村", "名称": "火光村", "topic": "井盖问题", "board": "安全韧性底线", "polarity": "Negative"}}, {"type": "Feature", "geometry": {"type": "Point", "coordinates": [111.370163, 30.658286]}, "properties": {"类别": "村", "名称": "共和村", "topic": "供电服务", "board": "安全韧性底线", "polarity": "Negative"}}, {"type": "Feature", "geometry": {"type": "Point", "coordinates": [111.321284, 30.67413]}, "properties": {"类别": "村", "名称": "汉宜村", "topic": "道路设施问题", "board": "安全韧性底线", "polarity": "Neutral"}}, {"type": "Feature", "geometry": {"type": "Point", "coordinates": [111.354693, 30.664327]}, "properties": {"类别": "村", "名称": "火光村", "topic": "道路问题", "board": "民生基础需求", "polarity": "Neutral"}}, {"type": "Feature", "geometry": {"type": "Point", "coordinates": [111.321284, 30.67413]}, "properties": {"类别": "村", "名称": "汉宜村", "topic": "小区管理", "board": "民生基础需求", "polarity": "Negative"}}, {"type": "Feature", "geometry": {"type": "Point", "coordinates": [111.348446, 30.655197]}, "properties": {"类别": "村", "名称": "火光村", "topic": "学区学籍", "board": "民生基础需求", "polarity": "Very Negative"}}, {"type": "Feature", "geometry": {"type": "Point", "coordinates": [111.378528, 30.669468]}, "properties": {"类别": "村", "名称": "共同村", "topic": "车辆乱停放", "board": "民生基础需求", "polarity": "Negative"}}, {"type": "Feature", "geometry": {"type": "Point", "coordinates": [111.337465, 30.690328]}, "properties": {"类别": "村", "名称": "旭光村", "topic": "公共设施异响噪声", "board": "民生基础需求", "polarity": "Negative"}}, {"type": "Feature", "geometry": {"type": "Point", "coordinates": [111.337465, 30.690328]}, "properties": {"类别": "村", "名称": "旭光村", "topic": "公共设施异响噪声", "board": "民生基础需求", "polarity": "Very Negative"}}, {"type": "Feature", "geometry": {"type": "Point", "coordinates": [111.330987, 30.664359]}, "properties": {"类别": "村", "名称": "合益村", "topic": "园林绿化设施问题", "board": "民生基础需求", "polarity": "Negative"}}, {"type": "Feature", "geometry": {"type": "Point", "coordinates": [111.370163, 30.658286]}, "properties": {"类别": "村", "名称": "共和村", "topic": "铁路", "board": "民生基础需求", "polarity": "Very Negative"}}, {"type": "Feature", "geometry": {"type": "Point", "coordinates": [111.378528, 30.669468]}, "properties": {"类别": "村", "名称": "共同村", "topic": "建筑施工噪声", "board": "民生基础需求", "polarity": "Very Negative"}}, {"type": "Feature", "geometry": {"type": "Point", "coordinates": [111.338927, 30.661177]}, "properties": {"类别": "村", "名称": "火光村", "topic": "交通设施问题", "board": "民生基础需求", "polarity": "Very Negative"}}, {"type": "Feature", "geometry": {"type": "Point", "coordinates": [111.333572, 30.681932]}, "properties": {"类别": "村", "名称": "旭光村", "topic": "违规建（构）筑物", "board": "民生基础需求", "polarity": "Negative"}}, {"type": "Feature", "geometry": {"type": "Point", "coordinates": [111.321284, 30.67413]}, "properties": {"类别": "村", "名称": "汉宜村", "topic": "供电服务", "board": "安全韧性底线", "polarity": "Neutral"}}, {"type": "Feature", "geometry": {"type": "Point", "coordinates": [111.333572, 30.681932]}, "properties": {"类别": "村", "名称": "旭光村", "topic": "违规建（构）筑物", "board": "民生基础需求", "polarity": "Negative"}}, {"type": "Feature", "geometry": {"type": "Point", "coordinates": [111.409259, 30.678881]}, "properties": {"类别": "村", "名称": "土门村", "topic": "违规建（构）筑物", "board": "民生基础需求", "polarity": "Negative"}}, {"type": "Feature", "geometry": {"type": "Point", "coordinates": [111.349078, 30.657798]}, "properties": {"类别": "村", "名称": "火光村", "topic": "住房房产", "board": "民生基础需求", "polarity": "Very Negative"}}, {"type": "Feature", "geometry": {"type": "Point", "coordinates": [111.33961, 30.66113]}, "properties": {"类别": "村", "名称": "火光村", "topic": "住房房产", "board": "民生基础需求", "polarity": "Negative"}}, {"type": "Feature", "geometry": {"type": "Point", "coordinates": [111.35286, 30.66725]}, "properties": {"类别": "村", "名称": "火光村", "topic": "交通秩序", "board": "民生基础需求", "polarity": "Negative"}}, {"type": "Feature", "geometry": {"type": "Point", "coordinates": [111.347877, 30.655339]}, "properties": {"类别": "村", "名称": "火光村", "topic": "住房房产", "board": "民生基础需求", "polarity": "Negative"}}, {"type": "Feature", "geometry": {"type": "Point", "coordinates": [111.321284, 30.67413]}, "properties": {"类别": "村", "名称": "汉宜村", "topic": "道路问题", "board": "民生基础需求", "polarity": "Negative"}}, {"type": "Feature", "geometry": {"type": "Point", "coordinates": [111.321284, 30.67413]}, "properties": {"类别": "村", "名称": "汉宜村", "topic": "立面管理问题", "board": "民生基础需求", "polarity": "Neutral"}}, {"type": "Feature", "geometry": {"type": "Point", "coordinates": [111.321284, 30.67413]}, "properties": {"类别": "村", "名称": "汉宜村", "topic": "小区管理", "board": "民生基础需求", "polarity": "Negative"}}, {"type": "Feature", "geometry": {"type": "Point", "coordinates": [111.321284, 30.67413]}, "properties": {"类别": "村", "名称": "汉宜村", "topic": "道路问题", "board": "民生基础需求", "polarity": "Neutral"}}, {"type": "Feature", "geometry": {"type": "Point", "coordinates": [111.373683, 30.620496]}, "properties": {"类别": "村", "名称": "共联村", "topic": "车辆乱停放", "board": "民生基础需求", "polarity": "Negative"}}, {"type": "Feature", "geometry": {"type": "Point", "coordinates": [111.397055, 30.679897]}, "properties": {"类别": "村", "名称": "土门村", "topic": "供电服务", "board": "安全韧性底线", "polarity": "Neutral"}}, {"type": "Feature", "geometry": {"type": "Point", "coordinates": [111.360882, 30.644048]}, "properties": {"类别": "村", "名称": "共勤村", "topic": "小区管理", "board": "民生基础需求", "polarity": "Very Negative"}}, {"type": "Feature", "geometry": {"type": "Point", "coordinates": [111.355746, 30.637256]}, "properties": {"类别": "村", "名称": "共勤村", "topic": "小区管理", "board": "民生基础需求", "polarity": "Negative"}}, {"type": "Feature", "geometry": {"type": "Point", "coordinates": [111.360882, 30.644048]}, "properties": {"类别": "村", "名称": "共勤村", "topic": "消防安全", "board": "安全韧性底线", "polarity": "Negative"}}, {"type": "Feature", "geometry": {"type": "Point", "coordinates": [111.370163, 30.658286]}, "properties": {"类别": "村", "名称": "共和村", "topic": "铁路", "board": "民生基础需求", "polarity": "Negative"}}, {"type": "Feature", "geometry": {"type": "Point", "coordinates": [111.336197, 30.666197]}, "properties": {"类别": "村", "名称": "合益村", "topic": "车辆乱停放", "board": "民生基础需求", "polarity": "Very Negative"}}, {"type": "Feature", "geometry": {"type": "Point", "coordinates": [111.397055, 30.679897]}, "properties": {"类别": "村", "名称": "土门村", "topic": "小区建设", "board": "民生基础需求", "polarity": "Negative"}}, {"type": "Feature", "geometry": {"type": "Point", "coordinates": [111.362825, 30.650525]}, "properties": {"类别": "村", "名称": "共勤村", "topic": "停车管理", "board": "民生基础需求", "polarity": "Negative"}}, {"type": "Feature", "geometry": {"type": "Point", "coordinates": [111.330475, 30.666294]}, "properties": {"类别": "村", "名称": "汉宜村", "topic": "住房房产", "board": "民生基础需求", "polarity": "Negative"}}, {"type": "Feature", "geometry": {"type": "Point", "coordinates": [111.333077, 30.672406]}, "properties": {"类别": "村", "名称": "合益村", "topic": "垃圾清理及环卫设施问题", "board": "民生基础需求", "polarity": "Negative"}}, {"type": "Feature", "geometry": {"type": "Point", "coordinates": [111.333572, 30.681932]}, "properties": {"类别": "村", "名称": "旭光村", "topic": "交通设施问题", "board": "民生基础需求", "polarity": "Negative"}}, {"type": "Feature", "geometry": {"type": "Point", "coordinates": [111.321284, 30.67413]}, "properties": {"类别": "村", "名称": "汉宜村", "topic": "商业噪声", "board": "民生基础需求", "polarity": "Very Negative"}}, {"type": "Feature", "geometry": {"type": "Point", "coordinates": [111.412947, 30.67812]}, "properties": {"类别": "村", "名称": "土门村", "topic": "市政公共设施问题", "board": "安全韧性底线", "polarity": "Negative"}}, {"type": "Feature", "geometry": {"type": "Point", "coordinates": [111.360882, 30.644048]}, "properties": {"类别": "村", "名称": "共勤村", "topic": "住房房产", "board": "民生基础需求", "polarity": "Negative"}}, {"type": "Feature", "geometry": {"type": "Point", "coordinates": [111.329645, 30.666601]}, "properties": {"类别": "村", "名称": "汉宜村", "topic": "小区管理", "board": "民生基础需求", "polarity": "Very Negative"}}, {"type": "Feature", "geometry": {"type": "Point", "coordinates": [111.354693, 30.664327]}, "properties": {"类别": "村", "名称": "火光村", "topic": "施工管理问题", "board": "民生基础需求", "polarity": "Very Negative"}}, {"type": "Feature", "geometry": {"type": "Point", "coordinates": [111.397055, 30.679897]}, "properties": {"类别": "村", "名称": "土门村", "topic": "交通设施问题", "board": "安全韧性底线", "polarity": "Negative"}}, {"type": "Feature", "geometry": {"type": "Point", "coordinates": [111.357486, 30.691518]}, "properties": {"类别": "村", "名称": "旭光村", "topic": "停车管理问题", "board": "民生基础需求", "polarity": "Very Negative"}}, {"type": "Feature", "geometry": {"type": "Point", "coordinates": [111.397055, 30.679897]}, "properties": {"类别": "村", "名称": "土门村", "topic": "道路问题", "board": "民生基础需求", "polarity": "Neutral"}}, {"type": "Feature", "geometry": {"type": "Point", "coordinates": [111.362821, 30.64987]}, "properties": {"类别": "村", "名称": "共勤村", "topic": "停车管理问题", "board": "民生基础需求", "polarity": "Negative"}}, {"type": "Feature", "geometry": {"type": "Point", "coordinates": [111.321284, 30.67413]}, "properties": {"类别": "村", "名称": "汉宜村", "topic": "住房房产", "board": "民生基础需求", "polarity": "Negative"}}, {"type": "Feature", "geometry": {"type": "Point", "coordinates": [111.333572, 30.681932]}, "properties": {"类别": "村", "名称": "旭光村", "topic": "交通噪声", "board": "民生基础需求", "polarity": "Negative"}}, {"type": "Feature", "geometry": {"type": "Point", "coordinates": [111.333572, 30.681932]}, "properties": {"类别": "村", "名称": "旭光村", "topic": "停车管理问题", "board": "民生基础需求", "polarity": "Negative"}}, {"type": "Feature", "geometry": {"type": "Point", "coordinates": [111.347115, 30.650292]}, "properties": {"类别": "村", "名称": "火光村", "topic": "小区管理", "board": "民生基础需求", "polarity": "Negative"}}, {"type": "Feature", "geometry": {"type": "Point", "coordinates": [111.362821, 30.64987]}, "properties": {"类别": "村", "名称": "共勤村", "topic": "停车管理问题", "board": "民生基础需求", "polarity": "Negative"}}, {"type": "Feature", "geometry": {"type": "Point", "coordinates": [111.360882, 30.644048]}, "properties": {"类别": "村", "名称": "共勤村", "topic": "小区建设", "board": "民生基础需求", "polarity": "Negative"}}, {"type": "Feature", "geometry": {"type": "Point", "coordinates": [111.389991, 30.634162]}, "properties": {"类别": "村", "名称": "前坪村", "topic": "交通设施问题", "board": "安全韧性底线", "polarity": "Negative"}}, {"type": "Feature", "geometry": {"type": "Point", "coordinates": [111.332113, 30.675823]}, "properties": {"类别": "村", "名称": "合益村", "topic": "停车管理问题", "board": "民生基础需求", "polarity": "Negative"}}, {"type": "Feature", "geometry": {"type": "Point", "coordinates": [111.358132, 30.650426]}, "properties": {"类别": "村", "名称": "共前村", "topic": "道路问题", "board": "民生基础需求", "polarity": "Very Negative"}}, {"type": "Feature", "geometry": {"type": "Point", "coordinates": [111.370163, 30.658286]}, "properties": {"类别": "村", "名称": "共和村", "topic": "车辆乱停放", "board": "民生基础需求", "polarity": "Negative"}}, {"type": "Feature", "geometry": {"type": "Point", "coordinates": [111.385623, 30.670493]}, "properties": {"类别": "村", "名称": "共同村", "topic": "车辆乱停放", "board": "民生基础需求", "polarity": "Negative"}}, {"type": "Feature", "geometry": {"type": "Point", "coordinates": [111.360882, 30.644048]}, "properties": {"类别": "村", "名称": "共勤村", "topic": "小区管理", "board": "民生基础需求", "polarity": "Negative"}}, {"type": "Feature", "geometry": {"type": "Point", "coordinates": [111.336197, 30.666197]}, "properties": {"类别": "村", "名称": "合益村", "topic": "车辆乱停放", "board": "民生基础需求", "polarity": "Very Negative"}}, {"type": "Feature", "geometry": {"type": "Point", "coordinates": [111.360882, 30.644048]}, "properties": {"类别": "村", "名称": "共勤村", "topic": "住房房产", "board": "民生基础需求", "polarity": "Very Negative"}}, {"type": "Feature", "geometry": {"type": "Point", "coordinates": [111.360683, 30.645366]}, "properties": {"类别": "村", "名称": "共勤村", "topic": "园林绿化设施问题", "board": "民生基础需求", "polarity": "Negative"}}, {"type": "Feature", "geometry": {"type": "Point", "coordinates": [111.338332, 30.684966]}, "properties": {"类别": "村", "名称": "旭光村", "topic": "学区学籍", "board": "民生基础需求", "polarity": "Negative"}}, {"type": "Feature", "geometry": {"type": "Point", "coordinates": [111.329645, 30.666601]}, "properties": {"类别": "村", "名称": "汉宜村", "topic": "消防安全", "board": "安全韧性底线", "polarity": "Negative"}}, {"type": "Feature", "geometry": {"type": "Point", "coordinates": [111.333572, 30.681932]}, "properties": {"类别": "村", "名称": "旭光村", "topic": "违规建（构）筑物", "board": "民生基础需求", "polarity": "Negative"}}, {"type": "Feature", "geometry": {"type": "Point", "coordinates": [111.336197, 30.666197]}, "properties": {"类别": "村", "名称": "合益村", "topic": "车辆乱停放", "board": "民生基础需求", "polarity": "Very Negative"}}, {"type": "Feature", "geometry": {"type": "Point", "coordinates": [111.360882, 30.644048]}, "properties": {"类别": "村", "名称": "共勤村", "topic": "井盖问题", "board": "安全韧性底线", "polarity": "Negative"}}, {"type": "Feature", "geometry": {"type": "Point", "coordinates": [111.347115, 30.650292]}, "properties": {"类别": "村", "名称": "火光村", "topic": "住房房产", "board": "民生基础需求", "polarity": "Very Negative"}}, {"type": "Feature", "geometry": {"type": "Point", "coordinates": [111.360882, 30.644048]}, "properties": {"类别": "村", "名称": "共勤村", "topic": "小区管理", "board": "民生基础需求", "polarity": "Very Negative"}}, {"type": "Feature", "geometry": {"type": "Point", "coordinates": [111.383833, 30.654017]}, "properties": {"类别": "村", "名称": "共和村", "topic": "井盖问题", "board": "安全韧性底线", "polarity": "Neutral"}}, {"type": "Feature", "geometry": {"type": "Point", "coordinates": [111.397055, 30.679897]}, "properties": {"类别": "村", "名称": "土门村", "topic": "道路问题", "board": "民生基础需求", "polarity": "Negative"}}, {"type": "Feature", "geometry": {"type": "Point", "coordinates": [111.329431, 30.666321]}, "properties": {"类别": "村", "名称": "汉宜村", "topic": "商业噪声", "board": "民生基础需求", "polarity": "Very Negative"}}, {"type": "Feature", "geometry": {"type": "Point", "coordinates": [111.333572, 30.681932]}, "properties": {"类别": "村", "名称": "旭光村", "topic": "车辆乱停放", "board": "民生基础需求", "polarity": "Negative"}}, {"type": "Feature", "geometry": {"type": "Point", "coordinates": [111.333572, 30.681932]}, "properties": {"类别": "村", "名称": "旭光村", "topic": "街面秩序管理问题", "board": "民生基础需求", "polarity": "Very Negative"}}, {"type": "Feature", "geometry": {"type": "Point", "coordinates": [111.409259, 30.678881]}, "properties": {"类别": "村", "名称": "土门村", "topic": "街面秩序管理问题", "board": "民生基础需求", "polarity": "Negative"}}, {"type": "Feature", "geometry": {"type": "Point", "coordinates": [111.378528, 30.669468]}, "properties": {"类别": "村", "名称": "共同村", "topic": "住房房产", "board": "民生基础需求", "polarity": "Very Negative"}}, {"type": "Feature", "geometry": {"type": "Point", "coordinates": [111.378528, 30.669468]}, "properties": {"类别": "村", "名称": "共同村", "topic": "住房房产", "board": "民生基础需求", "polarity": "Very Negative"}}, {"type": "Feature", "geometry": {"type": "Point", "coordinates": [111.337121, 30.666675]}, "properties": {"类别": "村", "名称": "合益村", "topic": "施工管理问题", "board": "民生基础需求", "polarity": "Negative"}}, {"type": "Feature", "geometry": {"type": "Point", "coordinates": [111.330987, 30.664359]}, "properties": {"类别": "村", "名称": "合益村", "topic": "建筑施工噪声", "board": "民生基础需求", "polarity": "Negative"}}, {"type": "Feature", "geometry": {"type": "Point", "coordinates": [111.333572, 30.681932]}, "properties": {"类别": "村", "名称": "旭光村", "topic": "小区管理", "board": "民生基础需求", "polarity": "Negative"}}, {"type": "Feature", "geometry": {"type": "Point", "coordinates": [111.39442, 30.647705]}, "properties": {"类别": "村", "名称": "共和村", "topic": "交通设施问题", "board": "安全韧性底线", "polarity": "Negative"}}, {"type": "Feature", "geometry": {"type": "Point", "coordinates": [111.358132, 30.650426]}, "properties": {"类别": "村", "名称": "共前村", "topic": "小区管理", "board": "民生基础需求", "polarity": "Negative"}}, {"type": "Feature", "geometry": {"type": "Point", "coordinates": [111.335903, 30.692307]}, "properties": {"类别": "村", "名称": "旭光村", "topic": "生活噪声", "board": "民生基础需求", "polarity": "Negative"}}, {"type": "Feature", "geometry": {"type": "Point", "coordinates": [111.333572, 30.681932]}, "properties": {"类别": "村", "名称": "旭光村", "topic": "交通设施问题", "board": "民生基础需求", "polarity": "Negative"}}, {"type": "Feature", "geometry": {"type": "Point", "coordinates": [111.360882, 30.644048]}, "properties": {"类别": "村", "名称": "共勤村", "topic": "住房房产", "board": "民生基础需求", "polarity": "Negative"}}, {"type": "Feature", "geometry": {"type": "Point", "coordinates": [111.35102, 30.667948]}, "properties": {"类别": "村", "名称": "火光村", "topic": "住房房产", "board": "民生基础需求", "polarity": "Very Negative"}}, {"type": "Feature", "geometry": {"type": "Point", "coordinates": [111.321284, 30.67413]}, "properties": {"类别": "村", "名称": "汉宜村", "topic": "垃圾清理及环卫设施问题", "board": "民生基础需求", "polarity": "Neutral"}}, {"type": "Feature", "geometry": {"type": "Point", "coordinates": [111.370163, 30.658286]}, "properties": {"类别": "村", "名称": "共和村", "topic": "施工管理问题", "board": "民生基础需求", "polarity": "Negative"}}, {"type": "Feature", "geometry": {"type": "Point", "coordinates": [111.340637, 30.692801]}, "properties": {"类别": "村", "名称": "旭光村", "topic": "道路问题", "board": "民生基础需求", "polarity": "Negative"}}, {"type": "Feature", "geometry": {"type": "Point", "coordinates": [111.358102, 30.651487]}, "properties": {"类别": "村", "名称": "共前村", "topic": "道路问题", "board": "民生基础需求", "polarity": "Negative"}}, {"type": "Feature", "geometry": {"type": "Point", "coordinates": [111.360882, 30.644048]}, "properties": {"类别": "村", "名称": "共勤村", "topic": "建筑施工噪声", "board": "民生基础需求", "polarity": "Negative"}}, {"type": "Feature", "geometry": {"type": "Point", "coordinates": [111.321284, 30.67413]}, "properties": {"类别": "村", "名称": "汉宜村", "topic": "车辆乱停放", "board": "民生基础需求", "polarity": "Very Negative"}}, {"type": "Feature", "geometry": {"type": "Point", "coordinates": [111.321284, 30.67413]}, "properties": {"类别": "村", "名称": "汉宜村", "topic": "管道设施破裂堵塞", "board": "安全韧性底线", "polarity": "Neutral"}}, {"type": "Feature", "geometry": {"type": "Point", "coordinates": [111.360882, 30.644048]}, "properties": {"类别": "村", "名称": "共勤村", "topic": "停车管理", "board": "民生基础需求", "polarity": "Negative"}}, {"type": "Feature", "geometry": {"type": "Point", "coordinates": [111.337465, 30.690328]}, "properties": {"类别": "村", "名称": "旭光村", "topic": "学区学籍", "board": "民生基础需求", "polarity": "Neutral"}}, {"type": "Feature", "geometry": {"type": "Point", "coordinates": [111.336197, 30.666197]}, "properties": {"类别": "村", "名称": "合益村", "topic": "施工管理问题", "board": "民生基础需求", "polarity": "Negative"}}, {"type": "Feature", "geometry": {"type": "Point", "coordinates": [111.378196, 30.660714]}, "properties": {"类别": "村", "名称": "共和村", "topic": "井盖问题", "board": "安全韧性底线", "polarity": "Negative"}}, {"type": "Feature", "geometry": {"type": "Point", "coordinates": [111.37033, 30.653559]}, "properties": {"类别": "村", "名称": "共强村", "topic": "垃圾清理及环卫设施问题", "board": "民生基础需求", "polarity": "Negative"}}, {"type": "Feature", "geometry": {"type": "Point", "coordinates": [111.362238, 30.651121]}, "properties": {"类别": "村", "名称": "共勤村", "topic": "交通设施问题", "board": "安全韧性底线", "polarity": "Neutral"}}, {"type": "Feature", "geometry": {"type": "Point", "coordinates": [111.354693, 30.664327]}, "properties": {"类别": "村", "名称": "火光村", "topic": "小区建设", "board": "民生基础需求", "polarity": "Negative"}}, {"type": "Feature", "geometry": {"type": "Point", "coordinates": [111.317722, 30.675532]}, "properties": {"类别": "村", "名称": "汉宜村", "topic": "商业噪声", "board": "民生基础需求", "polarity": "Very Negative"}}, {"type": "Feature", "geometry": {"type": "Point", "coordinates": [111.338332, 30.662083]}, "properties": {"类别": "村", "名称": "火光村", "topic": "小区管理", "board": "民生基础需求", "polarity": "Very Negative"}}, {"type": "Feature", "geometry": {"type": "Point", "coordinates": [111.360882, 30.644048]}, "properties": {"类别": "村", "名称": "共勤村", "topic": "停车管理问题", "board": "民生基础需求", "polarity": "Neutral"}}, {"type": "Feature", "geometry": {"type": "Point", "coordinates": [111.360882, 30.644048]}, "properties": {"类别": "村", "名称": "共勤村", "topic": "学区学籍", "board": "民生基础需求", "polarity": "Neutral"}}, {"type": "Feature", "geometry": {"type": "Point", "coordinates": [111.333572, 30.681932]}, "properties": {"类别": "村", "名称": "旭光村", "topic": "小区管理", "board": "民生基础需求", "polarity": "Negative"}}, {"type": "Feature", "geometry": {"type": "Point", "coordinates": [111.380082, 30.660195]}, "properties": {"类别": "村", "名称": "共和村", "topic": "道路设施问题", "board": "安全韧性底线", "polarity": "Neutral"}}, {"type": "Feature", "geometry": {"type": "Point", "coordinates": [111.380082, 30.660195]}, "properties": {"类别": "村", "名称": "共和村", "topic": "学区学籍", "board": "民生基础需求", "polarity": "Very Negative"}}, {"type": "Feature", "geometry": {"type": "Point", "coordinates": [111.360882, 30.644048]}, "properties": {"类别": "村", "名称": "共勤村", "topic": "停车管理问题", "board": "民生基础需求", "polarity": "Negative"}}, {"type": "Feature", "geometry": {"type": "Point", "coordinates": [111.333572, 30.681932]}, "properties": {"类别": "村", "名称": "旭光村", "topic": "建筑施工噪声", "board": "民生基础需求", "polarity": "Negative"}}, {"type": "Feature", "geometry": {"type": "Point", "coordinates": [111.360882, 30.644048]}, "properties": {"类别": "村", "名称": "共勤村", "topic": "公交服务", "board": "民生基础需求", "polarity": "Negative"}}, {"type": "Feature", "geometry": {"type": "Point", "coordinates": [111.337922, 30.66532]}, "properties": {"类别": "村", "名称": "合益村", "topic": "商业噪声", "board": "民生基础需求", "polarity": "Negative"}}, {"type": "Feature", "geometry": {"type": "Point", "coordinates": [111.360882, 30.644048]}, "properties": {"类别": "村", "名称": "共勤村", "topic": "生活噪声", "board": "民生基础需求", "polarity": "Negative"}}, {"type": "Feature", "geometry": {"type": "Point", "coordinates": [111.329645, 30.666601]}, "properties": {"类别": "村", "名称": "汉宜村", "topic": "消防安全", "board": "安全韧性底线", "polarity": "Negative"}}, {"type": "Feature", "geometry": {"type": "Point", "coordinates": [111.337121, 30.666675]}, "properties": {"类别": "村", "名称": "合益村", "topic": "施工管理问题", "board": "民生基础需求", "polarity": "Very Negative"}}, {"type": "Feature", "geometry": {"type": "Point", "coordinates": [111.336197, 30.666197]}, "properties": {"类别": "村", "名称": "合益村", "topic": "施工管理问题", "board": "民生基础需求", "polarity": "Negative"}}, {"type": "Feature", "geometry": {"type": "Point", "coordinates": [111.360882, 30.644048]}, "properties": {"类别": "村", "名称": "共勤村", "topic": "施工管理问题", "board": "民生基础需求", "polarity": "Very Negative"}}, {"type": "Feature", "geometry": {"type": "Point", "coordinates": [111.321284, 30.67413]}, "properties": {"类别": "村", "名称": "汉宜村", "topic": "井盖问题", "board": "安全韧性底线", "polarity": "Neutral"}}, {"type": "Feature", "geometry": {"type": "Point", "coordinates": [111.333572, 30.681932]}, "properties": {"类别": "村", "名称": "旭光村", "topic": "小区建设", "board": "民生基础需求", "polarity": "Negative"}}, {"type": "Feature", "geometry": {"type": "Point", "coordinates": [111.392082, 30.6493]}, "properties": {"类别": "村", "名称": "共和村", "topic": "道路运输", "board": "民生基础需求", "polarity": "Negative"}}, {"type": "Feature", "geometry": {"type": "Point", "coordinates": [111.347115, 30.650292]}, "properties": {"类别": "村", "名称": "火光村", "topic": "小区管理", "board": "民生基础需求", "polarity": "Negative"}}, {"type": "Feature", "geometry": {"type": "Point", "coordinates": [111.339126, 30.661071]}, "properties": {"类别": "村", "名称": "火光村", "topic": "住房房产", "board": "民生基础需求", "polarity": "Neutral"}}, {"type": "Feature", "geometry": {"type": "Point", "coordinates": [111.321284, 30.67413]}, "properties": {"类别": "村", "名称": "汉宜村", "topic": "园林绿化设施问题", "board": "民生基础需求", "polarity": "Negative"}}, {"type": "Feature", "geometry": {"type": "Point", "coordinates": [111.364686, 30.636038]}, "properties": {"类别": "村", "名称": "共勤村", "topic": "园林绿化设施问题", "board": "民生基础需求", "polarity": "Negative"}}, {"type": "Feature", "geometry": {"type": "Point", "coordinates": [111.397055, 30.679897]}, "properties": {"类别": "村", "名称": "土门村", "topic": "交通秩序", "board": "民生基础需求", "polarity": "Neutral"}}, {"type": "Feature", "geometry": {"type": "Point", "coordinates": [111.392082, 30.6493]}, "properties": {"类别": "村", "名称": "共和村", "topic": "交通设施问题", "board": "安全韧性底线", "polarity": "Negative"}}, {"type": "Feature", "geometry": {"type": "Point", "coordinates": [111.385588, 30.647081]}, "properties": {"类别": "村", "名称": "共和村", "topic": "停车管理问题", "board": "民生基础需求", "polarity": "Negative"}}, {"type": "Feature", "geometry": {"type": "Point", "coordinates": [111.360882, 30.644048]}, "properties": {"类别": "村", "名称": "共勤村", "topic": "停车管理问题", "board": "民生基础需求", "polarity": "Very Negative"}}, {"type": "Feature", "geometry": {"type": "Point", "coordinates": [111.360882, 30.644048]}, "properties": {"类别": "村", "名称": "共勤村", "topic": "住房房产", "board": "民生基础需求", "polarity": "Very Negative"}}, {"type": "Feature", "geometry": {"type": "Point", "coordinates": [111.363573, 30.638243]}, "properties": {"类别": "村", "名称": "共勤村", "topic": "违规建（构）筑物", "board": "民生基础需求", "polarity": "Negative"}}, {"type": "Feature", "geometry": {"type": "Point", "coordinates": [111.360882, 30.644048]}, "properties": {"类别": "村", "名称": "共勤村", "topic": "建筑施工噪声", "board": "民生基础需求", "polarity": "Negative"}}, {"type": "Feature", "geometry": {"type": "Point", "coordinates": [111.351371, 30.685481]}, "properties": {"类别": "村", "名称": "旭光村", "topic": "学区学籍", "board": "民生基础需求", "polarity": "Negative"}}, {"type": "Feature", "geometry": {"type": "Point", "coordinates": [111.370163, 30.658286]}, "properties": {"类别": "村", "名称": "共和村", "topic": "道路问题", "board": "民生基础需求", "polarity": "Neutral"}}, {"type": "Feature", "geometry": {"type": "Point", "coordinates": [111.335034, 30.665493]}, "properties": {"类别": "村", "名称": "合益村", "topic": "工业噪声", "board": "民生基础需求", "polarity": "Negative"}}, {"type": "Feature", "geometry": {"type": "Point", "coordinates": [111.333572, 30.681932]}, "properties": {"类别": "村", "名称": "旭光村", "topic": "住房房产", "board": "民生基础需求", "polarity": "Negative"}}, {"type": "Feature", "geometry": {"type": "Point", "coordinates": [111.333572, 30.681932]}, "properties": {"类别": "村", "名称": "旭光村", "topic": "小区建设", "board": "民生基础需求", "polarity": "Very Negative"}}, {"type": "Feature", "geometry": {"type": "Point", "coordinates": [111.355256, 30.691889]}, "properties": {"类别": "村", "名称": "旭光村", "topic": "小区管理", "board": "民生基础需求", "polarity": "Very Negative"}}, {"type": "Feature", "geometry": {"type": "Point", "coordinates": [111.360882, 30.644048]}, "properties": {"类别": "村", "名称": "共勤村", "topic": "住房房产", "board": "民生基础需求", "polarity": "Very Negative"}}, {"type": "Feature", "geometry": {"type": "Point", "coordinates": [111.333572, 30.681932]}, "properties": {"类别": "村", "名称": "旭光村", "topic": "违规建（构）筑物", "board": "民生基础需求", "polarity": "Very Negative"}}, {"type": "Feature", "geometry": {"type": "Point", "coordinates": [111.355256, 30.691889]}, "properties": {"类别": "村", "名称": "旭光村", "topic": "小区管理", "board": "民生基础需求", "polarity": "Negative"}}, {"type": "Feature", "geometry": {"type": "Point", "coordinates": [111.333572, 30.681932]}, "properties": {"类别": "村", "名称": "旭光村", "topic": "小区管理", "board": "民生基础需求", "polarity": "Negative"}}, {"type": "Feature", "geometry": {"type": "Point", "coordinates": [111.401208, 30.645718]}, "properties": {"类别": "村", "名称": "共升村", "topic": "井盖问题", "board": "安全韧性底线", "polarity": "Neutral"}}, {"type": "Feature", "geometry": {"type": "Point", "coordinates": [111.347115, 30.650292]}, "properties": {"类别": "村", "名称": "火光村", "topic": "公共设施异响噪声", "board": "民生基础需求", "polarity": "Very Negative"}}, {"type": "Feature", "geometry": {"type": "Point", "coordinates": [111.321284, 30.67413]}, "properties": {"类别": "村", "名称": "汉宜村", "topic": "道路设施问题", "board": "安全韧性底线", "polarity": "Neutral"}}, {"type": "Feature", "geometry": {"type": "Point", "coordinates": [111.347877, 30.655339]}, "properties": {"类别": "村", "名称": "火光村", "topic": "住房房产", "board": "民生基础需求", "polarity": "Negative"}}, {"type": "Feature", "geometry": {"type": "Point", "coordinates": [111.329645, 30.666601]}, "properties": {"类别": "村", "名称": "汉宜村", "topic": "消防安全", "board": "安全韧性底线", "polarity": "Very Negative"}}, {"type": "Feature", "geometry": {"type": "Point", "coordinates": [111.380859, 30.668945]}, "properties": {"类别": "村", "名称": "共同村", "topic": "住房房产", "board": "民生基础需求", "polarity": "Very Negative"}}, {"type": "Feature", "geometry": {"type": "Point", "coordinates": [111.360882, 30.644048]}, "properties": {"类别": "村", "名称": "共勤村", "topic": "建筑施工噪声", "board": "民生基础需求", "polarity": "Negative"}}, {"type": "Feature", "geometry": {"type": "Point", "coordinates": [111.37033, 30.653559]}, "properties": {"类别": "村", "名称": "共强村", "topic": "垃圾清理及环卫设施问题", "board": "民生基础需求", "polarity": "Negative"}}, {"type": "Feature", "geometry": {"type": "Point", "coordinates": [111.321284, 30.67413]}, "properties": {"类别": "村", "名称": "汉宜村", "topic": "小区管理", "board": "民生基础需求", "polarity": "Negative"}}, {"type": "Feature", "geometry": {"type": "Point", "coordinates": [111.360882, 30.644048]}, "properties": {"类别": "村", "名称": "共勤村", "topic": "公交服务", "board": "民生基础需求", "polarity": "Negative"}}, {"type": "Feature", "geometry": {"type": "Point", "coordinates": [111.335903, 30.692307]}, "properties": {"类别": "村", "名称": "旭光村", "topic": "小区建设", "board": "民生基础需求", "polarity": "Negative"}}, {"type": "Feature", "geometry": {"type": "Point", "coordinates": [111.321284, 30.67413]}, "properties": {"类别": "村", "名称": "汉宜村", "topic": "井盖问题", "board": "安全韧性底线", "polarity": "Neutral"}}, {"type": "Feature", "geometry": {"type": "Point", "coordinates": [111.333572, 30.681932]}, "properties": {"类别": "村", "名称": "旭光村", "topic": "商业噪声", "board": "民生基础需求", "polarity": "Very Negative"}}, {"type": "Feature", "geometry": {"type": "Point", "coordinates": [111.321284, 30.67413]}, "properties": {"类别": "村", "名称": "汉宜村", "topic": "供电服务", "board": "安全韧性底线", "polarity": "Neutral"}}, {"type": "Feature", "geometry": {"type": "Point", "coordinates": [111.335034, 30.665493]}, "properties": {"类别": "村", "名称": "合益村", "topic": "车辆乱停放", "board": "民生基础需求", "polarity": "Neutral"}}, {"type": "Feature", "geometry": {"type": "Point", "coordinates": [111.337465, 30.690328]}, "properties": {"类别": "村", "名称": "旭光村", "topic": "停车管理问题", "board": "民生基础需求", "polarity": "Negative"}}, {"type": "Feature", "geometry": {"type": "Point", "coordinates": [111.401208, 30.645718]}, "properties": {"类别": "村", "名称": "共升村", "topic": "井盖问题", "board": "安全韧性底线", "polarity": "Neutral"}}, {"type": "Feature", "geometry": {"type": "Point", "coordinates": [111.342858, 30.685285]}, "properties": {"类别": "村", "名称": "旭光村", "topic": "生活噪声", "board": "民生基础需求", "polarity": "Very Negative"}}, {"type": "Feature", "geometry": {"type": "Point", "coordinates": [111.355256, 30.691889]}, "properties": {"类别": "村", "名称": "旭光村", "topic": "生活噪声", "board": "民生基础需求", "polarity": "Very Negative"}}, {"type": "Feature", "geometry": {"type": "Point", "coordinates": [111.380165, 30.651192]}, "properties": {"类别": "村", "名称": "共和村", "topic": "园林绿化设施问题", "board": "民生基础需求", "polarity": "Negative"}}, {"type": "Feature", "geometry": {"type": "Point", "coordinates": [111.336722, 30.691298]}, "properties": {"类别": "村", "名称": "旭光村", "topic": "违规建（构）筑物", "board": "民生基础需求", "polarity": "Negative"}}, {"type": "Feature", "geometry": {"type": "Point", "coordinates": [111.397055, 30.679897]}, "properties": {"类别": "村", "名称": "土门村", "topic": "交通设施问题", "board": "安全韧性底线", "polarity": "Very Negative"}}, {"type": "Feature", "geometry": {"type": "Point", "coordinates": [111.360882, 30.644048]}, "properties": {"类别": "村", "名称": "共勤村", "topic": "生活噪声", "board": "民生基础需求", "polarity": "Very Negative"}}, {"type": "Feature", "geometry": {"type": "Point", "coordinates": [111.392082, 30.6493]}, "properties": {"类别": "村", "名称": "共和村", "topic": "道路运输", "board": "民生基础需求", "polarity": "Negative"}}, {"type": "Feature", "geometry": {"type": "Point", "coordinates": [111.362821, 30.64987]}, "properties": {"类别": "村", "名称": "共勤村", "topic": "道路问题", "board": "民生基础需求", "polarity": "Neutral"}}, {"type": "Feature", "geometry": {"type": "Point", "coordinates": [111.397055, 30.679897]}, "properties": {"类别": "村", "名称": "土门村", "topic": "学区学籍", "board": "民生基础需求", "polarity": "Neutral"}}, {"type": "Feature", "geometry": {"type": "Point", "coordinates": [111.370163, 30.658286]}, "properties": {"类别": "村", "名称": "共和村", "topic": "交通秩序", "board": "民生基础需求", "polarity": "Very Negative"}}, {"type": "Feature", "geometry": {"type": "Point", "coordinates": [111.321284, 30.67413]}, "properties": {"类别": "村", "名称": "汉宜村", "topic": "违规广告及广告牌破损", "board": "民生基础需求", "polarity": "Negative"}}, {"type": "Feature", "geometry": {"type": "Point", "coordinates": [111.360882, 30.644048]}, "properties": {"类别": "村", "名称": "共勤村", "topic": "停车管理问题", "board": "民生基础需求", "polarity": "Very Negative"}}, {"type": "Feature", "geometry": {"type": "Point", "coordinates": [111.3598, 30.656311]}, "properties": {"类别": "村", "名称": "共前村", "topic": "园林绿化设施问题", "board": "民生基础需求", "polarity": "Negative"}}, {"type": "Feature", "geometry": {"type": "Point", "coordinates": [111.373683, 30.620496]}, "properties": {"类别": "村", "名称": "共联村", "topic": "垃圾清理及环卫设施问题", "board": "民生基础需求", "polarity": "Negative"}}, {"type": "Feature", "geometry": {"type": "Point", "coordinates": [111.350479, 30.659068]}, "properties": {"类别": "村", "名称": "火光村", "topic": "住房房产", "board": "民生基础需求", "polarity": "Very Negative"}}, {"type": "Feature", "geometry": {"type": "Point", "coordinates": [111.360882, 30.644048]}, "properties": {"类别": "村", "名称": "共勤村", "topic": "小区建设", "board": "民生基础需求", "polarity": "Negative"}}, {"type": "Feature", "geometry": {"type": "Point", "coordinates": [111.333572, 30.681932]}, "properties": {"类别": "村", "名称": "旭光村", "topic": "建筑施工噪声", "board": "民生基础需求", "polarity": "Negative"}}, {"type": "Feature", "geometry": {"type": "Point", "coordinates": [111.333572, 30.681932]}, "properties": {"类别": "村", "名称": "旭光村", "topic": "消防安全", "board": "安全韧性底线", "polarity": "Negative"}}, {"type": "Feature", "geometry": {"type": "Point", "coordinates": [111.333572, 30.681932]}, "properties": {"类别": "村", "名称": "旭光村", "topic": "市政公共设施问题", "board": "安全韧性底线", "polarity": "Neutral"}}, {"type": "Feature", "geometry": {"type": "Point", "coordinates": [111.362825, 30.650525]}, "properties": {"类别": "村", "名称": "共勤村", "topic": "建筑施工噪声", "board": "民生基础需求", "polarity": "Negative"}}, {"type": "Feature", "geometry": {"type": "Point", "coordinates": [111.321284, 30.67413]}, "properties": {"类别": "村", "名称": "汉宜村", "topic": "市政公共设施问题", "board": "安全韧性底线", "polarity": "Negative"}}, {"type": "Feature", "geometry": {"type": "Point", "coordinates": [111.350018, 30.666319]}, "properties": {"类别": "村", "名称": "火光村", "topic": "生活噪声", "board": "民生基础需求", "polarity": "Negative"}}, {"type": "Feature", "geometry": {"type": "Point", "coordinates": [111.339097, 30.685003]}, "properties": {"类别": "村", "名称": "旭光村", "topic": "公交服务", "board": "民生基础需求", "polarity": "Negative"}}, {"type": "Feature", "geometry": {"type": "Point", "coordinates": [111.378528, 30.669468]}, "properties": {"类别": "村", "名称": "共同村", "topic": "住房房产", "board": "民生基础需求", "polarity": "Negative"}}, {"type": "Feature", "geometry": {"type": "Point", "coordinates": [111.360882, 30.644048]}, "properties": {"类别": "村", "名称": "共勤村", "topic": "车辆乱停放", "board": "民生基础需求", "polarity": "Negative"}}, {"type": "Feature", "geometry": {"type": "Point", "coordinates": [111.354693, 30.664327]}, "properties": {"类别": "村", "名称": "火光村", "topic": "建筑施工噪声", "board": "民生基础需求", "polarity": "Negative"}}, {"type": "Feature", "geometry": {"type": "Point", "coordinates": [111.333572, 30.681932]}, "properties": {"类别": "村", "名称": "旭光村", "topic": "建筑施工噪声", "board": "民生基础需求", "polarity": "Very Negative"}}, {"type": "Feature", "geometry": {"type": "Point", "coordinates": [111.367541, 30.636543]}, "properties": {"类别": "村", "名称": "共联村", "topic": "学区学籍", "board": "民生基础需求", "polarity": "Neutral"}}, {"type": "Feature", "geometry": {"type": "Point", "coordinates": [111.367541, 30.636543]}, "properties": {"类别": "村", "名称": "共联村", "topic": "学区学籍", "board": "民生基础需求", "polarity": "Neutral"}}, {"type": "Feature", "geometry": {"type": "Point", "coordinates": [111.350018, 30.666319]}, "properties": {"类别": "村", "名称": "火光村", "topic": "学区学籍", "board": "民生基础需求", "polarity": "Neutral"}}, {"type": "Feature", "geometry": {"type": "Point", "coordinates": [111.358102, 30.651487]}, "properties": {"类别": "村", "名称": "共前村", "topic": "道路问题", "board": "民生基础需求", "polarity": "Negative"}}, {"type": "Feature", "geometry": {"type": "Point", "coordinates": [111.321284, 30.67413]}, "properties": {"类别": "村", "名称": "汉宜村", "topic": "施工管理问题", "board": "民生基础需求", "polarity": "Neutral"}}, {"type": "Feature", "geometry": {"type": "Point", "coordinates": [111.373683, 30.620496]}, "properties": {"类别": "村", "名称": "共联村", "topic": "学区学籍", "board": "民生基础需求", "polarity": "Negative"}}, {"type": "Feature", "geometry": {"type": "Point", "coordinates": [111.341696, 30.662241]}, "properties": {"类别": "村", "名称": "火光村", "topic": "园林绿化设施问题", "board": "民生基础需求", "polarity": "Negative"}}, {"type": "Feature", "geometry": {"type": "Point", "coordinates": [111.333572, 30.681932]}, "properties": {"类别": "村", "名称": "旭光村", "topic": "学区学籍", "board": "民生基础需求", "polarity": "Negative"}}, {"type": "Feature", "geometry": {"type": "Point", "coordinates": [111.333572, 30.681932]}, "properties": {"类别": "村", "名称": "旭光村", "topic": "商业噪声", "board": "民生基础需求", "polarity": "Negative"}}, {"type": "Feature", "geometry": {"type": "Point", "coordinates": [111.321284, 30.67413]}, "properties": {"类别": "村", "名称": "汉宜村", "topic": "车辆乱停放", "board": "民生基础需求", "polarity": "Negative"}}, {"type": "Feature", "geometry": {"type": "Point", "coordinates": [111.347877, 30.655339]}, "properties": {"类别": "村", "名称": "火光村", "topic": "街面秩序管理问题", "board": "民生基础需求", "polarity": "Negative"}}, {"type": "Feature", "geometry": {"type": "Point", "coordinates": [111.321284, 30.67413]}, "properties": {"类别": "村", "名称": "汉宜村", "topic": "井盖问题", "board": "安全韧性底线", "polarity": "Neutral"}}, {"type": "Feature", "geometry": {"type": "Point", "coordinates": [111.334004, 30.67308]}, "properties": {"类别": "村", "名称": "合益村", "topic": "市政公共设施问题", "board": "安全韧性底线", "polarity": "Neutral"}}, {"type": "Feature", "geometry": {"type": "Point", "coordinates": [111.360882, 30.644048]}, "properties": {"类别": "村", "名称": "共勤村", "topic": "停车管理问题", "board": "民生基础需求", "polarity": "Neutral"}}, {"type": "Feature", "geometry": {"type": "Point", "coordinates": [111.360882, 30.644048]}, "properties": {"类别": "村", "名称": "共勤村", "topic": "生活噪声", "board": "民生基础需求", "polarity": "Negative"}}, {"type": "Feature", "geometry": {"type": "Point", "coordinates": [111.339781, 30.683631]}, "properties": {"类别": "村", "名称": "旭光村", "topic": "交通设施问题", "board": "安全韧性底线", "polarity": "Neutral"}}, {"type": "Feature", "geometry": {"type": "Point", "coordinates": [111.333572, 30.681932]}, "properties": {"类别": "村", "名称": "旭光村", "topic": "学区学籍", "board": "民生基础需求", "polarity": "Very Negative"}}, {"type": "Feature", "geometry": {"type": "Point", "coordinates": [111.347115, 30.650292]}, "properties": {"类别": "村", "名称": "火光村", "topic": "公共设施异响噪声", "board": "民生基础需求", "polarity": "Very Negative"}}, {"type": "Feature", "geometry": {"type": "Point", "coordinates": [111.354693, 30.664327]}, "properties": {"类别": "村", "名称": "火光村", "topic": "小区管理", "board": "民生基础需求", "polarity": "Negative"}}, {"type": "Feature", "geometry": {"type": "Point", "coordinates": [111.378796, 30.652631]}, "properties": {"类别": "村", "名称": "共和村", "topic": "井盖问题", "board": "安全韧性底线", "polarity": "Neutral"}}, {"type": "Feature", "geometry": {"type": "Point", "coordinates": [111.360882, 30.644048]}, "properties": {"类别": "村", "名称": "共勤村", "topic": "交通秩序", "board": "民生基础需求", "polarity": "Negative"}}, {"type": "Feature", "geometry": {"type": "Point", "coordinates": [111.335034, 30.665493]}, "properties": {"类别": "村", "名称": "合益村", "topic": "交通秩序", "board": "安全韧性底线", "polarity": "Very Negative"}}, {"type": "Feature", "geometry": {"type": "Point", "coordinates": [111.360882, 30.644048]}, "properties": {"类别": "村", "名称": "共勤村", "topic": "生活噪声", "board": "民生基础需求", "polarity": "Negative"}}, {"type": "Feature", "geometry": {"type": "Point", "coordinates": [111.321284, 30.67413]}, "properties": {"类别": "村", "名称": "汉宜村", "topic": "井盖问题", "board": "安全韧性底线", "polarity": "Very Negative"}}, {"type": "Feature", "geometry": {"type": "Point", "coordinates": [111.321284, 30.67413]}, "properties": {"类别": "村", "名称": "汉宜村", "topic": "园林绿化设施问题", "board": "民生基础需求", "polarity": "Negative"}}, {"type": "Feature", "geometry": {"type": "Point", "coordinates": [111.360882, 30.644048]}, "properties": {"类别": "村", "名称": "共勤村", "topic": "小区建设", "board": "民生基础需求", "polarity": "Negative"}}, {"type": "Feature", "geometry": {"type": "Point", "coordinates": [111.342858, 30.685285]}, "properties": {"类别": "村", "名称": "旭光村", "topic": "小区管理", "board": "民生基础需求", "polarity": "Negative"}}, {"type": "Feature", "geometry": {"type": "Point", "coordinates": [111.360882, 30.644048]}, "properties": {"类别": "村", "名称": "共勤村", "topic": "车辆乱停放", "board": "民生基础需求", "polarity": "Negative"}}, {"type": "Feature", "geometry": {"type": "Point", "coordinates": [111.333572, 30.681932]}, "properties": {"类别": "村", "名称": "旭光村", "topic": "商业噪声", "board": "民生基础需求", "polarity": "Negative"}}, {"type": "Feature", "geometry": {"type": "Point", "coordinates": [111.360882, 30.644048]}, "properties": {"类别": "村", "名称": "共勤村", "topic": "生活噪声", "board": "民生基础需求", "polarity": "Very Negative"}}, {"type": "Feature", "geometry": {"type": "Point", "coordinates": [111.380082, 30.660195]}, "properties": {"类别": "村", "名称": "共和村", "topic": "道路问题", "board": "民生基础需求", "polarity": "Neutral"}}, {"type": "Feature", "geometry": {"type": "Point", "coordinates": [111.360882, 30.644048]}, "properties": {"类别": "村", "名称": "共勤村", "topic": "垃圾清理及环卫设施问题", "board": "民生基础需求", "polarity": "Neutral"}}, {"type": "Feature", "geometry": {"type": "Point", "coordinates": [111.360882, 30.644048]}, "properties": {"类别": "村", "名称": "共勤村", "topic": "施工管理问题", "board": "民生基础需求", "polarity": "Very Negative"}}, {"type": "Feature", "geometry": {"type": "Point", "coordinates": [111.342858, 30.685285]}, "properties": {"类别": "村", "名称": "旭光村", "topic": "公交服务", "board": "民生基础需求", "polarity": "Negative"}}, {"type": "Feature", "geometry": {"type": "Point", "coordinates": [111.360882, 30.644048]}, "properties": {"类别": "村", "名称": "共勤村", "topic": "停车管理问题", "board": "民生基础需求", "polarity": "Neutral"}}, {"type": "Feature", "geometry": {"type": "Point", "coordinates": [111.321284, 30.67413]}, "properties": {"类别": "村", "名称": "汉宜村", "topic": "生活噪声", "board": "民生基础需求", "polarity": "Negative"}}, {"type": "Feature", "geometry": {"type": "Point", "coordinates": [111.333572, 30.681932]}, "properties": {"类别": "村", "名称": "旭光村", "topic": "生活噪声", "board": "民生基础需求", "polarity": "Negative"}}, {"type": "Feature", "geometry": {"type": "Point", "coordinates": [111.335903, 30.692307]}, "properties": {"类别": "村", "名称": "旭光村", "topic": "生活噪声", "board": "民生基础需求", "polarity": "Negative"}}, {"type": "Feature", "geometry": {"type": "Point", "coordinates": [111.321284, 30.67413]}, "properties": {"类别": "村", "名称": "汉宜村", "topic": "垃圾清理及环卫设施问题", "board": "民生基础需求", "polarity": "Neutral"}}, {"type": "Feature", "geometry": {"type": "Point", "coordinates": [111.321284, 30.67413]}, "properties": {"类别": "村", "名称": "汉宜村", "topic": "垃圾清理及环卫设施问题", "board": "民生基础需求", "polarity": "Neutral"}}, {"type": "Feature", "geometry": {"type": "Point", "coordinates": [111.360882, 30.644048]}, "properties": {"类别": "村", "名称": "共勤村", "topic": "生活噪声", "board": "民生基础需求", "polarity": "Negative"}}, {"type": "Feature", "geometry": {"type": "Point", "coordinates": [111.360882, 30.644048]}, "properties": {"类别": "村", "名称": "共勤村", "topic": "建筑施工噪声", "board": "民生基础需求", "polarity": "Negative"}}, {"type": "Feature", "geometry": {"type": "Point", "coordinates": [111.397286, 30.64882]}, "properties": {"类别": "村", "名称": "共升村", "topic": "车辆乱停放", "board": "民生基础需求", "polarity": "Very Negative"}}, {"type": "Feature", "geometry": {"type": "Point", "coordinates": [111.360882, 30.644048]}, "properties": {"类别": "村", "名称": "共勤村", "topic": "商业噪声", "board": "民生基础需求", "polarity": "Very Negative"}}, {"type": "Feature", "geometry": {"type": "Point", "coordinates": [111.360882, 30.644048]}, "properties": {"类别": "村", "名称": "共勤村", "topic": "小区管理", "board": "民生基础需求", "polarity": "Negative"}}, {"type": "Feature", "geometry": {"type": "Point", "coordinates": [111.360882, 30.644048]}, "properties": {"类别": "村", "名称": "共勤村", "topic": "生活噪声", "board": "民生基础需求", "polarity": "Negative"}}, {"type": "Feature", "geometry": {"type": "Point", "coordinates": [111.37033, 30.653559]}, "properties": {"类别": "村", "名称": "共强村", "topic": "生活噪声", "board": "民生基础需求", "polarity": "Negative"}}, {"type": "Feature", "geometry": {"type": "Point", "coordinates": [111.378528, 30.669468]}, "properties": {"类别": "村", "名称": "共同村", "topic": "车辆乱停放", "board": "民生基础需求", "polarity": "Negative"}}, {"type": "Feature", "geometry": {"type": "Point", "coordinates": [111.349078, 30.657798]}, "properties": {"类别": "村", "名称": "火光村", "topic": "住房房产", "board": "民生基础需求", "polarity": "Very Negative"}}, {"type": "Feature", "geometry": {"type": "Point", "coordinates": [111.349078, 30.657798]}, "properties": {"类别": "村", "名称": "火光村", "topic": "住房房产", "board": "民生基础需求", "polarity": "Very Negative"}}, {"type": "Feature", "geometry": {"type": "Point", "coordinates": [111.33896, 30.682123]}, "properties": {"类别": "村", "名称": "旭光村", "topic": "生活噪声", "board": "民生基础需求", "polarity": "Negative"}}, {"type": "Feature", "geometry": {"type": "Point", "coordinates": [111.333808, 30.684863]}, "properties": {"类别": "村", "名称": "旭光村", "topic": "交通设施问题", "board": "安全韧性底线", "polarity": "Very Negative"}}, {"type": "Feature", "geometry": {"type": "Point", "coordinates": [111.341091, 30.685179]}, "properties": {"类别": "村", "名称": "旭光村", "topic": "交通设施问题", "board": "安全韧性底线", "polarity": "Neutral"}}, {"type": "Feature", "geometry": {"type": "Point", "coordinates": [111.372598, 30.622516]}, "properties": {"类别": "村", "名称": "共联村", "topic": "车辆乱停放", "board": "民生基础需求", "polarity": "Very Negative"}}, {"type": "Feature", "geometry": {"type": "Point", "coordinates": [111.360966, 30.641802]}, "properties": {"类别": "村", "名称": "共勤村", "topic": "住房房产", "board": "民生基础需求", "polarity": "Very Negative"}}, {"type": "Feature", "geometry": {"type": "Point", "coordinates": [111.330987, 30.664359]}, "properties": {"类别": "村", "名称": "合益村", "topic": "建筑施工噪声", "board": "民生基础需求", "polarity": "Negative"}}, {"type": "Feature", "geometry": {"type": "Point", "coordinates": [111.3871, 30.653345]}, "properties": {"类别": "村", "名称": "共和村", "topic": "生活噪声", "board": "民生基础需求", "polarity": "Very Negative"}}, {"type": "Feature", "geometry": {"type": "Point", "coordinates": [111.337121, 30.666675]}, "properties": {"类别": "村", "名称": "合益村", "topic": "建筑施工噪声", "board": "民生基础需求", "polarity": "Negative"}}, {"type": "Feature", "geometry": {"type": "Point", "coordinates": [111.337121, 30.666675]}, "properties": {"类别": "村", "名称": "合益村", "topic": "建筑施工噪声", "board": "民生基础需求", "polarity": "Negative"}}, {"type": "Feature", "geometry": {"type": "Point", "coordinates": [111.337121, 30.666675]}, "properties": {"类别": "村", "名称": "合益村", "topic": "建筑施工噪声", "board": "民生基础需求", "polarity": "Very Negative"}}, {"type": "Feature", "geometry": {"type": "Point", "coordinates": [111.360966, 30.641802]}, "properties": {"类别": "村", "名称": "共勤村", "topic": "住房房产", "board": "民生基础需求", "polarity": "Negative"}}, {"type": "Feature", "geometry": {"type": "Point", "coordinates": [111.392082, 30.6493]}, "properties": {"类别": "村", "名称": "共和村", "topic": "道路运输", "board": "民生基础需求", "polarity": "Negative"}}, {"type": "Feature", "geometry": {"type": "Point", "coordinates": [111.360882, 30.644048]}, "properties": {"类别": "村", "名称": "共勤村", "topic": "建筑施工噪声", "board": "民生基础需求", "polarity": "Negative"}}, {"type": "Feature", "geometry": {"type": "Point", "coordinates": [111.330987, 30.664359]}, "properties": {"类别": "村", "名称": "合益村", "topic": "建筑施工噪声", "board": "民生基础需求", "polarity": "Very Negative"}}, {"type": "Feature", "geometry": {"type": "Point", "coordinates": [111.363573, 30.638243]}, "properties": {"类别": "村", "名称": "共勤村", "topic": "生活噪声", "board": "民生基础需求", "polarity": "Negative"}}, {"type": "Feature", "geometry": {"type": "Point", "coordinates": [111.370163, 30.658286]}, "properties": {"类别": "村", "名称": "共和村", "topic": "交通设施问题", "board": "民生基础需求", "polarity": "Negative"}}, {"type": "Feature", "geometry": {"type": "Point", "coordinates": [111.373683, 30.620496]}, "properties": {"类别": "村", "名称": "共联村", "topic": "学区学籍", "board": "民生基础需求", "polarity": "Very Negative"}}, {"type": "Feature", "geometry": {"type": "Point", "coordinates": [111.406531, 30.655526]}, "properties": {"类别": "村", "名称": "车站村", "topic": "车辆乱停放", "board": "民生基础需求", "polarity": "Very Negative"}}, {"type": "Feature", "geometry": {"type": "Point", "coordinates": [111.360966, 30.641802]}, "properties": {"类别": "村", "名称": "共勤村", "topic": "住房房产", "board": "民生基础需求", "polarity": "Very Negative"}}, {"type": "Feature", "geometry": {"type": "Point", "coordinates": [111.362821, 30.64987]}, "properties": {"类别": "村", "名称": "共勤村", "topic": "生活噪声", "board": "民生基础需求", "polarity": "Negative"}}, {"type": "Feature", "geometry": {"type": "Point", "coordinates": [111.360882, 30.644048]}, "properties": {"类别": "村", "名称": "共勤村", "topic": "小区管理", "board": "民生基础需求", "polarity": "Negative"}}, {"type": "Feature", "geometry": {"type": "Point", "coordinates": [111.342858, 30.685285]}, "properties": {"类别": "村", "名称": "旭光村", "topic": "停车管理", "board": "民生基础需求", "polarity": "Negative"}}, {"type": "Feature", "geometry": {"type": "Point", "coordinates": [111.362821, 30.64987]}, "properties": {"类别": "村", "名称": "共勤村", "topic": "停车管理问题", "board": "民生基础需求", "polarity": "Negative"}}, {"type": "Feature", "geometry": {"type": "Point", "coordinates": [111.360882, 30.644048]}, "properties": {"类别": "村", "名称": "共勤村", "topic": "商业噪声", "board": "民生基础需求", "polarity": "Negative"}}, {"type": "Feature", "geometry": {"type": "Point", "coordinates": [111.333572, 30.681932]}, "properties": {"类别": "村", "名称": "旭光村", "topic": "学区学籍", "board": "民生基础需求", "polarity": "Neutral"}}, {"type": "Feature", "geometry": {"type": "Point", "coordinates": [111.333572, 30.681932]}, "properties": {"类别": "村", "名称": "旭光村", "topic": "学区学籍", "board": "民生基础需求", "polarity": "Neutral"}}, {"type": "Feature", "geometry": {"type": "Point", "coordinates": [111.34694, 30.672595]}, "properties": {"类别": "村", "名称": "联丰村", "topic": "学区学籍", "board": "民生基础需求", "polarity": "Neutral"}}, {"type": "Feature", "geometry": {"type": "Point", "coordinates": [111.360882, 30.644048]}, "properties": {"类别": "村", "名称": "共勤村", "topic": "公共设施异响噪声", "board": "民生基础需求", "polarity": "Very Negative"}}, {"type": "Feature", "geometry": {"type": "Point", "coordinates": [111.387498, 30.669752]}, "properties": {"类别": "村", "名称": "共同村", "topic": "商业噪声", "board": "民生基础需求", "polarity": "Negative"}}, {"type": "Feature", "geometry": {"type": "Point", "coordinates": [111.321284, 30.67413]}, "properties": {"类别": "村", "名称": "汉宜村", "topic": "园林绿化设施问题", "board": "民生基础需求", "polarity": "Very Negative"}}, {"type": "Feature", "geometry": {"type": "Point", "coordinates": [111.378783, 30.659098]}, "properties": {"类别": "村", "名称": "共和村", "topic": "交通设施问题", "board": "民生基础需求", "polarity": "Negative"}}, {"type": "Feature", "geometry": {"type": "Point", "coordinates": [111.321284, 30.67413]}, "properties": {"类别": "村", "名称": "汉宜村", "topic": "住房房产", "board": "民生基础需求", "polarity": "Very Negative"}}, {"type": "Feature", "geometry": {"type": "Point", "coordinates": [111.356303, 30.636203]}, "properties": {"类别": "村", "名称": "共勤村", "topic": "住房房产", "board": "民生基础需求", "polarity": "Very Negative"}}, {"type": "Feature", "geometry": {"type": "Point", "coordinates": [111.351919, 30.674621]}, "properties": {"类别": "村", "名称": "联丰村", "topic": "道路问题", "board": "民生基础需求", "polarity": "Neutral"}}, {"type": "Feature", "geometry": {"type": "Point", "coordinates": [111.342858, 30.685285]}, "properties": {"类别": "村", "名称": "旭光村", "topic": "停车管理", "board": "民生基础需求", "polarity": "Negative"}}, {"type": "Feature", "geometry": {"type": "Point", "coordinates": [111.397055, 30.679897]}, "properties": {"类别": "村", "名称": "土门村", "topic": "道路运输", "board": "民生基础需求", "polarity": "Neutral"}}, {"type": "Feature", "geometry": {"type": "Point", "coordinates": [111.338332, 30.684966]}, "properties": {"类别": "村", "名称": "旭光村", "topic": "交通设施问题", "board": "安全韧性底线", "polarity": "Neutral"}}, {"type": "Feature", "geometry": {"type": "Point", "coordinates": [111.321284, 30.67413]}, "properties": {"类别": "村", "名称": "汉宜村", "topic": "住房房产", "board": "民生基础需求", "polarity": "Negative"}}, {"type": "Feature", "geometry": {"type": "Point", "coordinates": [111.321284, 30.67413]}, "properties": {"类别": "村", "名称": "汉宜村", "topic": "垃圾清理及环卫设施问题", "board": "民生基础需求", "polarity": "Neutral"}}, {"type": "Feature", "geometry": {"type": "Point", "coordinates": [111.338332, 30.684966]}, "properties": {"类别": "村", "名称": "旭光村", "topic": "小区管理", "board": "民生基础需求", "polarity": "Negative"}}, {"type": "Feature", "geometry": {"type": "Point", "coordinates": [111.360882, 30.644048]}, "properties": {"类别": "村", "名称": "共勤村", "topic": "车辆乱停放", "board": "民生基础需求", "polarity": "Negative"}}, {"type": "Feature", "geometry": {"type": "Point", "coordinates": [111.386048, 30.669353]}, "properties": {"类别": "村", "名称": "共同村", "topic": "生活噪声", "board": "民生基础需求", "polarity": "Negative"}}, {"type": "Feature", "geometry": {"type": "Point", "coordinates": [111.355256, 30.691889]}, "properties": {"类别": "村", "名称": "旭光村", "topic": "停车管理", "board": "民生基础需求", "polarity": "Negative"}}, {"type": "Feature", "geometry": {"type": "Point", "coordinates": [111.360966, 30.641802]}, "properties": {"类别": "村", "名称": "共勤村", "topic": "住房房产", "board": "民生基础需求", "polarity": "Negative"}}, {"type": "Feature", "geometry": {"type": "Point", "coordinates": [111.360966, 30.641802]}, "properties": {"类别": "村", "名称": "共勤村", "topic": "住房房产", "board": "民生基础需求", "polarity": "Negative"}}, {"type": "Feature", "geometry": {"type": "Point", "coordinates": [111.360683, 30.645366]}, "properties": {"类别": "村", "名称": "共勤村", "topic": "生活噪声", "board": "民生基础需求", "polarity": "Negative"}}, {"type": "Feature", "geometry": {"type": "Point", "coordinates": [111.338332, 30.684966]}, "properties": {"类别": "村", "名称": "旭光村", "topic": "交通设施问题", "board": "安全韧性底线", "polarity": "Neutral"}}, {"type": "Feature", "geometry": {"type": "Point", "coordinates": [111.34694, 30.672595]}, "properties": {"类别": "村", "名称": "联丰村", "topic": "就医", "board": "民生基础需求", "polarity": "Negative"}}, {"type": "Feature", "geometry": {"type": "Point", "coordinates": [111.337121, 30.666675]}, "properties": {"类别": "村", "名称": "合益村", "topic": "车辆乱停放", "board": "民生基础需求", "polarity": "Very Negative"}}, {"type": "Feature", "geometry": {"type": "Point", "coordinates": [111.324545, 30.670446]}, "properties": {"类别": "村", "名称": "合益村", "topic": "住房房产", "board": "民生基础需求", "polarity": "Very Negative"}}, {"type": "Feature", "geometry": {"type": "Point", "coordinates": [111.340534, 30.654416]}, "properties": {"类别": "村", "名称": "火光村", "topic": "小区建设", "board": "民生基础需求", "polarity": "Negative"}}, {"type": "Feature", "geometry": {"type": "Point", "coordinates": [111.335903, 30.691987]}, "properties": {"类别": "村", "名称": "旭光村", "topic": "违规建（构）筑物", "board": "民生基础需求", "polarity": "Very Negative"}}, {"type": "Feature", "geometry": {"type": "Point", "coordinates": [111.409259, 30.678881]}, "properties": {"类别": "村", "名称": "土门村", "topic": "街面秩序管理问题", "board": "民生基础需求", "polarity": "Very Negative"}}, {"type": "Feature", "geometry": {"type": "Point", "coordinates": [111.409259, 30.678881]}, "properties": {"类别": "村", "名称": "土门村", "topic": "街面秩序管理问题", "board": "民生基础需求", "polarity": "Negative"}}, {"type": "Feature", "geometry": {"type": "Point", "coordinates": [111.333572, 30.681932]}, "properties": {"类别": "村", "名称": "旭光村", "topic": "生活噪声", "board": "民生基础需求", "polarity": "Negative"}}, {"type": "Feature", "geometry": {"type": "Point", "coordinates": [111.370163, 30.658286]}, "properties": {"类别": "村", "名称": "共和村", "topic": "车辆乱停放", "board": "民生基础需求", "polarity": "Negative"}}, {"type": "Feature", "geometry": {"type": "Point", "coordinates": [111.363573, 30.638243]}, "properties": {"类别": "村", "名称": "共勤村", "topic": "停车管理", "board": "民生基础需求", "polarity": "Negative"}}, {"type": "Feature", "geometry": {"type": "Point", "coordinates": [111.378712, 30.662406]}, "properties": {"类别": "村", "名称": "共和村", "topic": "小区管理", "board": "民生基础需求", "polarity": "Negative"}}, {"type": "Feature", "geometry": {"type": "Point", "coordinates": [111.332106, 30.667952]}, "properties": {"类别": "村", "名称": "合益村", "topic": "施工管理问题", "board": "民生基础需求", "polarity": "Negative"}}, {"type": "Feature", "geometry": {"type": "Point", "coordinates": [111.360882, 30.644048]}, "properties": {"类别": "村", "名称": "共勤村", "topic": "车辆乱停放", "board": "民生基础需求", "polarity": "Negative"}}, {"type": "Feature", "geometry": {"type": "Point", "coordinates": [111.33961, 30.66113]}, "properties": {"类别": "村", "名称": "火光村", "topic": "学区学籍", "board": "民生基础需求", "polarity": "Neutral"}}, {"type": "Feature", "geometry": {"type": "Point", "coordinates": [111.354693, 30.664327]}, "properties": {"类别": "村", "名称": "火光村", "topic": "公厕管理问题", "board": "民生基础需求", "polarity": "Neutral"}}, {"type": "Feature", "geometry": {"type": "Point", "coordinates": [111.378196, 30.660714]}, "properties": {"类别": "村", "名称": "共和村", "topic": "井盖问题", "board": "安全韧性底线", "polarity": "Negative"}}, {"type": "Feature", "geometry": {"type": "Point", "coordinates": [111.330655, 30.67507]}, "properties": {"类别": "村", "名称": "合益村", "topic": "井盖问题", "board": "安全韧性底线", "polarity": "Negative"}}, {"type": "Feature", "geometry": {"type": "Point", "coordinates": [111.360882, 30.644048]}, "properties": {"类别": "村", "名称": "共勤村", "topic": "垃圾清理及环卫设施问题", "board": "民生基础需求", "polarity": "Negative"}}, {"type": "Feature", "geometry": {"type": "Point", "coordinates": [111.37033, 30.653559]}, "properties": {"类别": "村", "名称": "共强村", "topic": "生活噪声", "board": "民生基础需求", "polarity": "Negative"}}, {"type": "Feature", "geometry": {"type": "Point", "coordinates": [111.321284, 30.67413]}, "properties": {"类别": "村", "名称": "汉宜村", "topic": "小区管理", "board": "民生基础需求", "polarity": "Negative"}}, {"type": "Feature", "geometry": {"type": "Point", "coordinates": [111.360882, 30.644048]}, "properties": {"类别": "村", "名称": "共勤村", "topic": "小区建设", "board": "民生基础需求", "polarity": "Negative"}}, {"type": "Feature", "geometry": {"type": "Point", "coordinates": [111.321284, 30.67413]}, "properties": {"类别": "村", "名称": "汉宜村", "topic": "井盖问题", "board": "安全韧性底线", "polarity": "Neutral"}}, {"type": "Feature", "geometry": {"type": "Point", "coordinates": [111.360882, 30.644048]}, "properties": {"类别": "村", "名称": "共勤村", "topic": "生活噪声", "board": "民生基础需求", "polarity": "Negative"}}, {"type": "Feature", "geometry": {"type": "Point", "coordinates": [111.321284, 30.67413]}, "properties": {"类别": "村", "名称": "汉宜村", "topic": "管道设施破裂堵塞", "board": "安全韧性底线", "polarity": "Neutral"}}, {"type": "Feature", "geometry": {"type": "Point", "coordinates": [111.321284, 30.67413]}, "properties": {"类别": "村", "名称": "汉宜村", "topic": "小区管理", "board": "民生基础需求", "polarity": "Negative"}}, {"type": "Feature", "geometry": {"type": "Point", "coordinates": [111.321284, 30.67413]}, "properties": {"类别": "村", "名称": "汉宜村", "topic": "管道设施破裂堵塞", "board": "安全韧性底线", "polarity": "Negative"}}, {"type": "Feature", "geometry": {"type": "Point", "coordinates": [111.321284, 30.67413]}, "properties": {"类别": "村", "名称": "汉宜村", "topic": "生活噪声", "board": "民生基础需求", "polarity": "Negative"}}, {"type": "Feature", "geometry": {"type": "Point", "coordinates": [111.330655, 30.67507]}, "properties": {"类别": "村", "名称": "合益村", "topic": "管道设施破裂堵塞", "board": "安全韧性底线", "polarity": "Negative"}}, {"type": "Feature", "geometry": {"type": "Point", "coordinates": [111.397055, 30.679897]}, "properties": {"类别": "村", "名称": "土门村", "topic": "交通设施问题", "board": "安全韧性底线", "polarity": "Negative"}}, {"type": "Feature", "geometry": {"type": "Point", "coordinates": [111.378712, 30.662406]}, "properties": {"类别": "村", "名称": "共和村", "topic": "消防安全", "board": "安全韧性底线", "polarity": "Very Negative"}}, {"type": "Feature", "geometry": {"type": "Point", "coordinates": [111.378712, 30.662406]}, "properties": {"类别": "村", "名称": "共和村", "topic": "消防安全", "board": "安全韧性底线", "polarity": "Negative"}}, {"type": "Feature", "geometry": {"type": "Point", "coordinates": [111.333572, 30.681932]}, "properties": {"类别": "村", "名称": "旭光村", "topic": "生活噪声", "board": "民生基础需求", "polarity": "Negative"}}, {"type": "Feature", "geometry": {"type": "Point", "coordinates": [111.373683, 30.620496]}, "properties": {"类别": "村", "名称": "共联村", "topic": "小区管理", "board": "民生基础需求", "polarity": "Negative"}}, {"type": "Feature", "geometry": {"type": "Point", "coordinates": [111.37174, 30.619047]}, "properties": {"类别": "村", "名称": "共联村", "topic": "道路问题", "board": "民生基础需求", "polarity": "Negative"}}, {"type": "Feature", "geometry": {"type": "Point", "coordinates": [111.338332, 30.662083]}, "properties": {"类别": "村", "名称": "火光村", "topic": "生活噪声", "board": "民生基础需求", "polarity": "Negative"}}, {"type": "Feature", "geometry": {"type": "Point", "coordinates": [111.329431, 30.666321]}, "properties": {"类别": "村", "名称": "汉宜村", "topic": "建筑施工噪声", "board": "民生基础需求", "polarity": "Negative"}}, {"type": "Feature", "geometry": {"type": "Point", "coordinates": [111.360882, 30.644048]}, "properties": {"类别": "村", "名称": "共勤村", "topic": "交通秩序", "board": "安全韧性底线", "polarity": "Negative"}}, {"type": "Feature", "geometry": {"type": "Point", "coordinates": [111.334189, 30.660153]}, "properties": {"类别": "村", "名称": "火光村", "topic": "园林绿化设施问题", "board": "民生基础需求", "polarity": "Neutral"}}, {"type": "Feature", "geometry": {"type": "Point", "coordinates": [111.354693, 30.664327]}, "properties": {"类别": "村", "名称": "火光村", "topic": "小区建设", "board": "民生基础需求", "polarity": "Very Negative"}}, {"type": "Feature", "geometry": {"type": "Point", "coordinates": [111.361957, 30.650329]}, "properties": {"类别": "村", "名称": "共勤村", "topic": "停车管理问题", "board": "民生基础需求", "polarity": "Negative"}}, {"type": "Feature", "geometry": {"type": "Point", "coordinates": [111.360882, 30.644048]}, "properties": {"类别": "村", "名称": "共勤村", "topic": "施工管理问题", "board": "民生基础需求", "polarity": "Negative"}}, {"type": "Feature", "geometry": {"type": "Point", "coordinates": [111.354693, 30.664327]}, "properties": {"类别": "村", "名称": "火光村", "topic": "施工管理问题", "board": "民生基础需求", "polarity": "Negative"}}, {"type": "Feature", "geometry": {"type": "Point", "coordinates": [111.397286, 30.64882]}, "properties": {"类别": "村", "名称": "共升村", "topic": "车辆乱停放", "board": "民生基础需求", "polarity": "Very Negative"}}, {"type": "Feature", "geometry": {"type": "Point", "coordinates": [111.360882, 30.644048]}, "properties": {"类别": "村", "名称": "共勤村", "topic": "车辆乱停放", "board": "民生基础需求", "polarity": "Negative"}}, {"type": "Feature", "geometry": {"type": "Point", "coordinates": [111.384556, 30.671098]}, "properties": {"类别": "村", "名称": "共同村", "topic": "交通设施问题", "board": "安全韧性底线", "polarity": "Neutral"}}, {"type": "Feature", "geometry": {"type": "Point", "coordinates": [111.321284, 30.67413]}, "properties": {"类别": "村", "名称": "汉宜村", "topic": "施工管理问题", "board": "民生基础需求", "polarity": "Negative"}}, {"type": "Feature", "geometry": {"type": "Point", "coordinates": [111.360882, 30.644048]}, "properties": {"类别": "村", "名称": "共勤村", "topic": "小区建设", "board": "民生基础需求", "polarity": "Negative"}}, {"type": "Feature", "geometry": {"type": "Point", "coordinates": [111.3871, 30.653345]}, "properties": {"类别": "村", "名称": "共和村", "topic": "生活噪声", "board": "民生基础需求", "polarity": "Very Negative"}}, {"type": "Feature", "geometry": {"type": "Point", "coordinates": [111.360882, 30.644048]}, "properties": {"类别": "村", "名称": "共勤村", "topic": "住房房产", "board": "民生基础需求", "polarity": "Very Negative"}}, {"type": "Feature", "geometry": {"type": "Point", "coordinates": [111.33629, 30.691122]}, "properties": {"类别": "村", "名称": "旭光村", "topic": "停车管理问题", "board": "民生基础需求", "polarity": "Negative"}}, {"type": "Feature", "geometry": {"type": "Point", "coordinates": [111.321284, 30.67413]}, "properties": {"类别": "村", "名称": "汉宜村", "topic": "施工管理问题", "board": "民生基础需求", "polarity": "Very Negative"}}, {"type": "Feature", "geometry": {"type": "Point", "coordinates": [111.341091, 30.685179]}, "properties": {"类别": "村", "名称": "旭光村", "topic": "公厕管理问题", "board": "民生基础需求", "polarity": "Very Negative"}}, {"type": "Feature", "geometry": {"type": "Point", "coordinates": [111.370163, 30.658286]}, "properties": {"类别": "村", "名称": "共和村", "topic": "垃圾清理及环卫设施问题", "board": "民生基础需求", "polarity": "Negative"}}, {"type": "Feature", "geometry": {"type": "Point", "coordinates": [111.380082, 30.660195]}, "properties": {"类别": "村", "名称": "共和村", "topic": "车辆乱停放", "board": "民生基础需求", "polarity": "Very Negative"}}, {"type": "Feature", "geometry": {"type": "Point", "coordinates": [111.360882, 30.644048]}, "properties": {"类别": "村", "名称": "共勤村", "topic": "就医", "board": "民生基础需求", "polarity": "Very Negative"}}, {"type": "Feature", "geometry": {"type": "Point", "coordinates": [111.357508, 30.648738]}, "properties": {"类别": "村", "名称": "共前村", "topic": "生活噪声", "board": "民生基础需求", "polarity": "Negative"}}, {"type": "Feature", "geometry": {"type": "Point", "coordinates": [111.380082, 30.660195]}, "properties": {"类别": "村", "名称": "共和村", "topic": "道路设施问题", "board": "安全韧性底线", "polarity": "Neutral"}}, {"type": "Feature", "geometry": {"type": "Point", "coordinates": [111.318221, 30.681332]}, "properties": {"类别": "村", "名称": "汉宜村", "topic": "建筑施工噪声", "board": "民生基础需求", "polarity": "Negative"}}, {"type": "Feature", "geometry": {"type": "Point", "coordinates": [111.317242, 30.677128]}, "properties": {"类别": "村", "名称": "汉宜村", "topic": "车辆乱停放", "board": "民生基础需求", "polarity": "Negative"}}, {"type": "Feature", "geometry": {"type": "Point", "coordinates": [111.338775, 30.681481]}, "properties": {"类别": "村", "名称": "旭光村", "topic": "商业噪声", "board": "民生基础需求", "polarity": "Very Negative"}}, {"type": "Feature", "geometry": {"type": "Point", "coordinates": [111.333572, 30.681932]}, "properties": {"类别": "村", "名称": "旭光村", "topic": "小区建设", "board": "民生基础需求", "polarity": "Very Negative"}}, {"type": "Feature", "geometry": {"type": "Point", "coordinates": [111.329431, 30.666321]}, "properties": {"类别": "村", "名称": "汉宜村", "topic": "生活噪声", "board": "民生基础需求", "polarity": "Very Negative"}}, {"type": "Feature", "geometry": {"type": "Point", "coordinates": [111.387498, 30.669752]}, "properties": {"类别": "村", "名称": "共同村", "topic": "商业噪声", "board": "民生基础需求", "polarity": "Very Negative"}}, {"type": "Feature", "geometry": {"type": "Point", "coordinates": [111.360882, 30.644048]}, "properties": {"类别": "村", "名称": "共勤村", "topic": "停车管理问题", "board": "民生基础需求", "polarity": "Negative"}}, {"type": "Feature", "geometry": {"type": "Point", "coordinates": [111.321284, 30.67413]}, "properties": {"类别": "村", "名称": "汉宜村", "topic": "生活噪声", "board": "民生基础需求", "polarity": "Very Negative"}}, {"type": "Feature", "geometry": {"type": "Point", "coordinates": [111.321284, 30.67413]}, "properties": {"类别": "村", "名称": "汉宜村", "topic": "违规广告及广告牌破损", "board": "民生基础需求", "polarity": "Negative"}}, {"type": "Feature", "geometry": {"type": "Point", "coordinates": [111.335102, 30.680306]}, "properties": {"类别": "村", "名称": "旭光村", "topic": "街面秩序管理问题", "board": "民生基础需求", "polarity": "Negative"}}, {"type": "Feature", "geometry": {"type": "Point", "coordinates": [111.360882, 30.644048]}, "properties": {"类别": "村", "名称": "共勤村", "topic": "停车管理问题", "board": "民生基础需求", "polarity": "Negative"}}, {"type": "Feature", "geometry": {"type": "Point", "coordinates": [111.321284, 30.67413]}, "properties": {"类别": "村", "名称": "汉宜村", "topic": "生活噪声", "board": "民生基础需求", "polarity": "Negative"}}, {"type": "Feature", "geometry": {"type": "Point", "coordinates": [111.387498, 30.669752]}, "properties": {"类别": "村", "名称": "共同村", "topic": "街面秩序管理问题", "board": "民生基础需求", "polarity": "Very Negative"}}, {"type": "Feature", "geometry": {"type": "Point", "coordinates": [111.370163, 30.658286]}, "properties": {"类别": "村", "名称": "共和村", "topic": "道路问题", "board": "民生基础需求", "polarity": "Negative"}}, {"type": "Feature", "geometry": {"type": "Point", "coordinates": [111.370206, 30.626433]}, "properties": {"类别": "村", "名称": "共联村", "topic": "道路问题", "board": "民生基础需求", "polarity": "Neutral"}}, {"type": "Feature", "geometry": {"type": "Point", "coordinates": [111.360882, 30.644048]}, "properties": {"类别": "村", "名称": "共勤村", "topic": "建筑施工噪声", "board": "民生基础需求", "polarity": "Negative"}}, {"type": "Feature", "geometry": {"type": "Point", "coordinates": [111.321284, 30.67413]}, "properties": {"类别": "村", "名称": "汉宜村", "topic": "生活噪声", "board": "民生基础需求", "polarity": "Negative"}}, {"type": "Feature", "geometry": {"type": "Point", "coordinates": [111.333572, 30.681932]}, "properties": {"类别": "村", "名称": "旭光村", "topic": "商业噪声", "board": "民生基础需求", "polarity": "Negative"}}, {"type": "Feature", "geometry": {"type": "Point", "coordinates": [111.328253, 30.664442]}, "properties": {"类别": "村", "名称": "汉宜村", "topic": "建筑施工噪声", "board": "民生基础需求", "polarity": "Negative"}}, {"type": "Feature", "geometry": {"type": "Point", "coordinates": [111.321284, 30.67413]}, "properties": {"类别": "村", "名称": "汉宜村", "topic": "道路设施问题", "board": "安全韧性底线", "polarity": "Negative"}}, {"type": "Feature", "geometry": {"type": "Point", "coordinates": [111.341091, 30.685179]}, "properties": {"类别": "村", "名称": "旭光村", "topic": "街面秩序管理问题", "board": "民生基础需求", "polarity": "Very Negative"}}, {"type": "Feature", "geometry": {"type": "Point", "coordinates": [111.3871, 30.653345]}, "properties": {"类别": "村", "名称": "共和村", "topic": "道路设施问题", "board": "安全韧性底线", "polarity": "Neutral"}}, {"type": "Feature", "geometry": {"type": "Point", "coordinates": [111.321284, 30.67413]}, "properties": {"类别": "村", "名称": "汉宜村", "topic": "生活噪声", "board": "民生基础需求", "polarity": "Very Negative"}}, {"type": "Feature", "geometry": {"type": "Point", "coordinates": [111.380082, 30.660195]}, "properties": {"类别": "村", "名称": "共和村", "topic": "商业噪声", "board": "民生基础需求", "polarity": "Negative"}}, {"type": "Feature", "geometry": {"type": "Point", "coordinates": [111.342858, 30.685285]}, "properties": {"类别": "村", "名称": "旭光村", "topic": "小区管理", "board": "民生基础需求", "polarity": "Negative"}}, {"type": "Feature", "geometry": {"type": "Point", "coordinates": [111.33896, 30.682123]}, "properties": {"类别": "村", "名称": "旭光村", "topic": "小区管理", "board": "民生基础需求", "polarity": "Negative"}}, {"type": "Feature", "geometry": {"type": "Point", "coordinates": [111.360882, 30.644048]}, "properties": {"类别": "村", "名称": "共勤村", "topic": "生活噪声", "board": "民生基础需求", "polarity": "Very Negative"}}, {"type": "Feature", "geometry": {"type": "Point", "coordinates": [111.321284, 30.67413]}, "properties": {"类别": "村", "名称": "汉宜村", "topic": "停车管理问题", "board": "民生基础需求", "polarity": "Very Negative"}}, {"type": "Feature", "geometry": {"type": "Point", "coordinates": [111.333572, 30.681932]}, "properties": {"类别": "村", "名称": "旭光村", "topic": "停车管理问题", "board": "民生基础需求", "polarity": "Negative"}}, {"type": "Feature", "geometry": {"type": "Point", "coordinates": [111.376662, 30.624121]}, "properties": {"类别": "村", "名称": "共联村", "topic": "园林绿化设施问题", "board": "民生基础需求", "polarity": "Negative"}}, {"type": "Feature", "geometry": {"type": "Point", "coordinates": [111.321284, 30.67413]}, "properties": {"类别": "村", "名称": "汉宜村", "topic": "违规建（构）筑物", "board": "民生基础需求", "polarity": "Negative"}}, {"type": "Feature", "geometry": {"type": "Point", "coordinates": [111.338775, 30.681481]}, "properties": {"类别": "村", "名称": "旭光村", "topic": "小区管理", "board": "民生基础需求", "polarity": "Negative"}}, {"type": "Feature", "geometry": {"type": "Point", "coordinates": [111.354693, 30.664327]}, "properties": {"类别": "村", "名称": "火光村", "topic": "园林绿化设施问题", "board": "民生基础需求", "polarity": "Neutral"}}, {"type": "Feature", "geometry": {"type": "Point", "coordinates": [111.33629, 30.691122]}, "properties": {"类别": "村", "名称": "旭光村", "topic": "停车管理问题", "board": "民生基础需求", "polarity": "Negative"}}, {"type": "Feature", "geometry": {"type": "Point", "coordinates": [111.335903, 30.691987]}, "properties": {"类别": "村", "名称": "旭光村", "topic": "交通设施问题", "board": "安全韧性底线", "polarity": "Negative"}}, {"type": "Feature", "geometry": {"type": "Point", "coordinates": [111.347877, 30.655339]}, "properties": {"类别": "村", "名称": "火光村", "topic": "商业噪声", "board": "民生基础需求", "polarity": "Negative"}}, {"type": "Feature", "geometry": {"type": "Point", "coordinates": [111.354693, 30.664327]}, "properties": {"类别": "村", "名称": "火光村", "topic": "建筑施工噪声", "board": "民生基础需求", "polarity": "Very Negative"}}, {"type": "Feature", "geometry": {"type": "Point", "coordinates": [111.360882, 30.644048]}, "properties": {"类别": "村", "名称": "共勤村", "topic": "建筑施工噪声", "board": "民生基础需求", "polarity": "Very Negative"}}, {"type": "Feature", "geometry": {"type": "Point", "coordinates": [111.360882, 30.644048]}, "properties": {"类别": "村", "名称": "共勤村", "topic": "车辆乱停放", "board": "民生基础需求", "polarity": "Negative"}}, {"type": "Feature", "geometry": {"type": "Point", "coordinates": [111.321284, 30.67413]}, "properties": {"类别": "村", "名称": "汉宜村", "topic": "停车管理问题", "board": "民生基础需求", "polarity": "Negative"}}, {"type": "Feature", "geometry": {"type": "Point", "coordinates": [111.380884, 30.659541]}, "properties": {"类别": "村", "名称": "共和村", "topic": "车辆乱停放", "board": "民生基础需求", "polarity": "Very Negative"}}, {"type": "Feature", "geometry": {"type": "Point", "coordinates": [111.320841, 30.673022]}, "properties": {"类别": "村", "名称": "汉宜村", "topic": "学区学籍", "board": "民生基础需求", "polarity": "Neutral"}}, {"type": "Feature", "geometry": {"type": "Point", "coordinates": [111.338849, 30.661169]}, "properties": {"类别": "村", "名称": "火光村", "topic": "生活噪声", "board": "民生基础需求", "polarity": "Negative"}}, {"type": "Feature", "geometry": {"type": "Point", "coordinates": [111.333572, 30.681932]}, "properties": {"类别": "村", "名称": "旭光村", "topic": "商业噪声", "board": "民生基础需求", "polarity": "Very Negative"}}, {"type": "Feature", "geometry": {"type": "Point", "coordinates": [111.364686, 30.636038]}, "properties": {"类别": "村", "名称": "共勤村", "topic": "街面秩序管理问题", "board": "民生基础需求", "polarity": "Negative"}}, {"type": "Feature", "geometry": {"type": "Point", "coordinates": [111.380082, 30.660195]}, "properties": {"类别": "村", "名称": "共和村", "topic": "车辆乱停放", "board": "民生基础需求", "polarity": "Negative"}}, {"type": "Feature", "geometry": {"type": "Point", "coordinates": [111.360882, 30.644048]}, "properties": {"类别": "村", "名称": "共勤村", "topic": "车辆乱停放", "board": "民生基础需求", "polarity": "Negative"}}, {"type": "Feature", "geometry": {"type": "Point", "coordinates": [111.340534, 30.654416]}, "properties": {"类别": "村", "名称": "火光村", "topic": "小区建设", "board": "民生基础需求", "polarity": "Negative"}}, {"type": "Feature", "geometry": {"type": "Point", "coordinates": [111.330029, 30.675025]}, "properties": {"类别": "村", "名称": "合益村", "topic": "垃圾清理及环卫设施问题", "board": "民生基础需求", "polarity": "Negative"}}, {"type": "Feature", "geometry": {"type": "Point", "coordinates": [111.360882, 30.644048]}, "properties": {"类别": "村", "名称": "共勤村", "topic": "停车管理问题", "board": "民生基础需求", "polarity": "Negative"}}, {"type": "Feature", "geometry": {"type": "Point", "coordinates": [111.334004, 30.67308]}, "properties": {"类别": "村", "名称": "合益村", "topic": "园林绿化设施问题", "board": "民生基础需求", "polarity": "Negative"}}, {"type": "Feature", "geometry": {"type": "Point", "coordinates": [111.360882, 30.644048]}, "properties": {"类别": "村", "名称": "共勤村", "topic": "街面秩序管理问题", "board": "民生基础需求", "polarity": "Very Negative"}}, {"type": "Feature", "geometry": {"type": "Point", "coordinates": [111.337121, 30.666675]}, "properties": {"类别": "村", "名称": "合益村", "topic": "建筑施工噪声", "board": "民生基础需求", "polarity": "Very Negative"}}, {"type": "Feature", "geometry": {"type": "Point", "coordinates": [111.337121, 30.666675]}, "properties": {"类别": "村", "名称": "合益村", "topic": "建筑施工噪声", "board": "民生基础需求", "polarity": "Negative"}}, {"type": "Feature", "geometry": {"type": "Point", "coordinates": [111.397055, 30.679897]}, "properties": {"类别": "村", "名称": "土门村", "topic": "园林绿化设施问题", "board": "民生基础需求", "polarity": "Negative"}}, {"type": "Feature", "geometry": {"type": "Point", "coordinates": [111.333572, 30.681932]}, "properties": {"类别": "村", "名称": "旭光村", "topic": "工业噪声", "board": "民生基础需求", "polarity": "Very Negative"}}, {"type": "Feature", "geometry": {"type": "Point", "coordinates": [111.362781, 30.650582]}, "properties": {"类别": "村", "名称": "共勤村", "topic": "交通噪声", "board": "民生基础需求", "polarity": "Very Negative"}}, {"type": "Feature", "geometry": {"type": "Point", "coordinates": [111.362825, 30.650525]}, "properties": {"类别": "村", "名称": "共勤村", "topic": "车辆乱停放", "board": "民生基础需求", "polarity": "Negative"}}, {"type": "Feature", "geometry": {"type": "Point", "coordinates": [111.321284, 30.67413]}, "properties": {"类别": "村", "名称": "汉宜村", "topic": "生活噪声", "board": "民生基础需求", "polarity": "Very Negative"}}, {"type": "Feature", "geometry": {"type": "Point", "coordinates": [111.333572, 30.681932]}, "properties": {"类别": "村", "名称": "旭光村", "topic": "交通设施问题", "board": "安全韧性底线", "polarity": "Negative"}}, {"type": "Feature", "geometry": {"type": "Point", "coordinates": [111.321284, 30.67413]}, "properties": {"类别": "村", "名称": "汉宜村", "topic": "建筑施工噪声", "board": "民生基础需求", "polarity": "Negative"}}, {"type": "Feature", "geometry": {"type": "Point", "coordinates": [111.338927, 30.661177]}, "properties": {"类别": "村", "名称": "火光村", "topic": "公共设施异响噪声", "board": "民生基础需求", "polarity": "Negative"}}, {"type": "Feature", "geometry": {"type": "Point", "coordinates": [111.360882, 30.644048]}, "properties": {"类别": "村", "名称": "共勤村", "topic": "建筑施工噪声", "board": "民生基础需求", "polarity": "Negative"}}, {"type": "Feature", "geometry": {"type": "Point", "coordinates": [111.362821, 30.64987]}, "properties": {"类别": "村", "名称": "共勤村", "topic": "小区管理", "board": "民生基础需求", "polarity": "Negative"}}, {"type": "Feature", "geometry": {"type": "Point", "coordinates": [111.355256, 30.691889]}, "properties": {"类别": "村", "名称": "旭光村", "topic": "生活噪声", "board": "民生基础需求", "polarity": "Very Negative"}}, {"type": "Feature", "geometry": {"type": "Point", "coordinates": [111.354693, 30.664327]}, "properties": {"类别": "村", "名称": "火光村", "topic": "工业噪声", "board": "民生基础需求", "polarity": "Negative"}}, {"type": "Feature", "geometry": {"type": "Point", "coordinates": [111.355256, 30.691889]}, "properties": {"类别": "村", "名称": "旭光村", "topic": "垃圾清理及环卫设施问题", "board": "民生基础需求", "polarity": "Very Negative"}}, {"type": "Feature", "geometry": {"type": "Point", "coordinates": [111.333077, 30.672406]}, "properties": {"类别": "村", "名称": "合益村", "topic": "生活噪声", "board": "民生基础需求", "polarity": "Negative"}}, {"type": "Feature", "geometry": {"type": "Point", "coordinates": [111.362821, 30.64987]}, "properties": {"类别": "村", "名称": "共勤村", "topic": "车辆乱停放", "board": "民生基础需求", "polarity": "Negative"}}, {"type": "Feature", "geometry": {"type": "Point", "coordinates": [111.354693, 30.664327]}, "properties": {"类别": "村", "名称": "火光村", "topic": "生活噪声", "board": "民生基础需求", "polarity": "Negative"}}, {"type": "Feature", "geometry": {"type": "Point", "coordinates": [111.360966, 30.641802]}, "properties": {"类别": "村", "名称": "共勤村", "topic": "住房房产", "board": "民生基础需求", "polarity": "Negative"}}, {"type": "Feature", "geometry": {"type": "Point", "coordinates": [111.333077, 30.672406]}, "properties": {"类别": "村", "名称": "合益村", "topic": "小区管理", "board": "民生基础需求", "polarity": "Very Negative"}}, {"type": "Feature", "geometry": {"type": "Point", "coordinates": [111.360882, 30.644048]}, "properties": {"类别": "村", "名称": "共勤村", "topic": "商业噪声", "board": "民生基础需求", "polarity": "Negative"}}, {"type": "Feature", "geometry": {"type": "Point", "coordinates": [111.333572, 30.681932]}, "properties": {"类别": "村", "名称": "旭光村", "topic": "交通设施问题", "board": "安全韧性底线", "polarity": "Neutral"}}, {"type": "Feature", "geometry": {"type": "Point", "coordinates": [111.333572, 30.681932]}, "properties": {"类别": "村", "名称": "旭光村", "topic": "道路问题", "board": "民生基础需求", "polarity": "Very Negative"}}, {"type": "Feature", "geometry": {"type": "Point", "coordinates": [111.372598, 30.622516]}, "properties": {"类别": "村", "名称": "共联村", "topic": "公交服务", "board": "民生基础需求", "polarity": "Negative"}}, {"type": "Feature", "geometry": {"type": "Point", "coordinates": [111.33629, 30.691122]}, "properties": {"类别": "村", "名称": "旭光村", "topic": "停车管理问题", "board": "民生基础需求", "polarity": "Negative"}}, {"type": "Feature", "geometry": {"type": "Point", "coordinates": [111.363573, 30.638243]}, "properties": {"类别": "村", "名称": "共勤村", "topic": "街面秩序管理问题", "board": "民生基础需求", "polarity": "Negative"}}, {"type": "Feature", "geometry": {"type": "Point", "coordinates": [111.321284, 30.67413]}, "properties": {"类别": "村", "名称": "汉宜村", "topic": "施工管理问题", "board": "民生基础需求", "polarity": "Negative"}}, {"type": "Feature", "geometry": {"type": "Point", "coordinates": [111.37174, 30.619047]}, "properties": {"类别": "村", "名称": "共联村", "topic": "交通设施问题", "board": "安全韧性底线", "polarity": "Very Negative"}}, {"type": "Feature", "geometry": {"type": "Point", "coordinates": [111.333572, 30.681932]}, "properties": {"类别": "村", "名称": "旭光村", "topic": "商业噪声", "board": "民生基础需求", "polarity": "Negative"}}, {"type": "Feature", "geometry": {"type": "Point", "coordinates": [111.333572, 30.681932]}, "properties": {"类别": "村", "名称": "旭光村", "topic": "垃圾清理及环卫设施问题", "board": "民生基础需求", "polarity": "Negative"}}, {"type": "Feature", "geometry": {"type": "Point", "coordinates": [111.354693, 30.664327]}, "properties": {"类别": "村", "名称": "火光村", "topic": "街面秩序管理问题", "board": "民生基础需求", "polarity": "Very Negative"}}, {"type": "Feature", "geometry": {"type": "Point", "coordinates": [111.333572, 30.681932]}, "properties": {"类别": "村", "名称": "旭光村", "topic": "建筑施工噪声", "board": "民生基础需求", "polarity": "Negative"}}, {"type": "Feature", "geometry": {"type": "Point", "coordinates": [111.357486, 30.691518]}, "properties": {"类别": "村", "名称": "旭光村", "topic": "垃圾清理及环卫设施问题", "board": "民生基础需求", "polarity": "Neutral"}}, {"type": "Feature", "geometry": {"type": "Point", "coordinates": [111.347877, 30.655339]}, "properties": {"类别": "村", "名称": "火光村", "topic": "住房房产", "board": "民生基础需求", "polarity": "Negative"}}, {"type": "Feature", "geometry": {"type": "Point", "coordinates": [111.351919, 30.674621]}, "properties": {"类别": "村", "名称": "联丰村", "topic": "交通噪声", "board": "民生基础需求", "polarity": "Negative"}}, {"type": "Feature", "geometry": {"type": "Point", "coordinates": [111.358132, 30.650426]}, "properties": {"类别": "村", "名称": "共前村", "topic": "小区管理", "board": "民生基础需求", "polarity": "Negative"}}, {"type": "Feature", "geometry": {"type": "Point", "coordinates": [111.364066, 30.638428]}, "properties": {"类别": "村", "名称": "共勤村", "topic": "交通设施问题", "board": "安全韧性底线", "polarity": "Negative"}}, {"type": "Feature", "geometry": {"type": "Point", "coordinates": [111.380082, 30.660195]}, "properties": {"类别": "村", "名称": "共和村", "topic": "园林绿化设施问题", "board": "民生基础需求", "polarity": "Neutral"}}, {"type": "Feature", "geometry": {"type": "Point", "coordinates": [111.360882, 30.644048]}, "properties": {"类别": "村", "名称": "共勤村", "topic": "学区学籍", "board": "民生基础需求", "polarity": "Neutral"}}, {"type": "Feature", "geometry": {"type": "Point", "coordinates": [111.360882, 30.644048]}, "properties": {"类别": "村", "名称": "共勤村", "topic": "商业噪声", "board": "民生基础需求", "polarity": "Negative"}}, {"type": "Feature", "geometry": {"type": "Point", "coordinates": [111.360882, 30.644048]}, "properties": {"类别": "村", "名称": "共勤村", "topic": "交通设施问题", "board": "民生基础需求", "polarity": "Very Negative"}}, {"type": "Feature", "geometry": {"type": "Point", "coordinates": [111.35286, 30.66725]}, "properties": {"类别": "村", "名称": "火光村", "topic": "小区管理", "board": "民生基础需求", "polarity": "Very Negative"}}, {"type": "Feature", "geometry": {"type": "Point", "coordinates": [111.360882, 30.644048]}, "properties": {"类别": "村", "名称": "共勤村", "topic": "建筑施工噪声", "board": "民生基础需求", "polarity": "Negative"}}, {"type": "Feature", "geometry": {"type": "Point", "coordinates": [111.333572, 30.681932]}, "properties": {"类别": "村", "名称": "旭光村", "topic": "街面秩序管理问题", "board": "民生基础需求", "polarity": "Neutral"}}, {"type": "Feature", "geometry": {"type": "Point", "coordinates": [111.360882, 30.644048]}, "properties": {"类别": "村", "名称": "共勤村", "topic": "就医", "board": "民生基础需求", "polarity": "Negative"}}, {"type": "Feature", "geometry": {"type": "Point", "coordinates": [111.397305, 30.63132]}, "properties": {"类别": "村", "名称": "共升村", "topic": "住房房产", "board": "民生基础需求", "polarity": "Very Negative"}}, {"type": "Feature", "geometry": {"type": "Point", "coordinates": [111.380082, 30.660195]}, "properties": {"类别": "村", "名称": "共和村", "topic": "小区管理", "board": "民生基础需求", "polarity": "Very Negative"}}, {"type": "Feature", "geometry": {"type": "Point", "coordinates": [111.333572, 30.681932]}, "properties": {"类别": "村", "名称": "旭光村", "topic": "生活噪声", "board": "民生基础需求", "polarity": "Negative"}}, {"type": "Feature", "geometry": {"type": "Point", "coordinates": [111.333572, 30.681932]}, "properties": {"类别": "村", "名称": "旭光村", "topic": "生活噪声", "board": "民生基础需求", "polarity": "Very Negative"}}, {"type": "Feature", "geometry": {"type": "Point", "coordinates": [111.360966, 30.641802]}, "properties": {"类别": "村", "名称": "共勤村", "topic": "住房房产", "board": "民生基础需求", "polarity": "Very Negative"}}, {"type": "Feature", "geometry": {"type": "Point", "coordinates": [111.330475, 30.666294]}, "properties": {"类别": "村", "名称": "汉宜村", "topic": "住房房产", "board": "民生基础需求", "polarity": "Very Negative"}}, {"type": "Feature", "geometry": {"type": "Point", "coordinates": [111.349078, 30.657798]}, "properties": {"类别": "村", "名称": "火光村", "topic": "生活噪声", "board": "民生基础需求", "polarity": "Negative"}}, {"type": "Feature", "geometry": {"type": "Point", "coordinates": [111.385588, 30.647081]}, "properties": {"类别": "村", "名称": "共和村", "topic": "交通设施问题", "board": "民生基础需求", "polarity": "Negative"}}, {"type": "Feature", "geometry": {"type": "Point", "coordinates": [111.321284, 30.67413]}, "properties": {"类别": "村", "名称": "汉宜村", "topic": "住房房产", "board": "民生基础需求", "polarity": "Very Negative"}}, {"type": "Feature", "geometry": {"type": "Point", "coordinates": [111.395094, 30.658967]}, "properties": {"类别": "村", "名称": "共升村", "topic": "垃圾清理及环卫设施问题", "board": "民生基础需求", "polarity": "Very Negative"}}, {"type": "Feature", "geometry": {"type": "Point", "coordinates": [111.363573, 30.638243]}, "properties": {"类别": "村", "名称": "共勤村", "topic": "生活噪声", "board": "民生基础需求", "polarity": "Negative"}}, {"type": "Feature", "geometry": {"type": "Point", "coordinates": [111.362589, 30.649083]}, "properties": {"类别": "村", "名称": "共勤村", "topic": "住房房产", "board": "民生基础需求", "polarity": "Neutral"}}, {"type": "Feature", "geometry": {"type": "Point", "coordinates": [111.321284, 30.67413]}, "properties": {"类别": "村", "名称": "汉宜村", "topic": "井盖问题", "board": "安全韧性底线", "polarity": "Neutral"}}, {"type": "Feature", "geometry": {"type": "Point", "coordinates": [111.360882, 30.644048]}, "properties": {"类别": "村", "名称": "共勤村", "topic": "停车管理问题", "board": "民生基础需求", "polarity": "Neutral"}}, {"type": "Feature", "geometry": {"type": "Point", "coordinates": [111.333572, 30.681932]}, "properties": {"类别": "村", "名称": "旭光村", "topic": "垃圾清理及环卫设施问题", "board": "民生基础需求", "polarity": "Very Negative"}}, {"type": "Feature", "geometry": {"type": "Point", "coordinates": [111.333572, 30.681932]}, "properties": {"类别": "村", "名称": "旭光村", "topic": "车辆乱停放", "board": "民生基础需求", "polarity": "Negative"}}, {"type": "Feature", "geometry": {"type": "Point", "coordinates": [111.321284, 30.67413]}, "properties": {"类别": "村", "名称": "汉宜村", "topic": "住房房产", "board": "民生基础需求", "polarity": "Negative"}}, {"type": "Feature", "geometry": {"type": "Point", "coordinates": [111.35286, 30.66725]}, "properties": {"类别": "村", "名称": "火光村", "topic": "生活噪声", "board": "民生基础需求", "polarity": "Negative"}}, {"type": "Feature", "geometry": {"type": "Point", "coordinates": [111.347877, 30.655339]}, "properties": {"类别": "村", "名称": "火光村", "topic": "小区建设", "board": "民生基础需求", "polarity": "Negative"}}, {"type": "Feature", "geometry": {"type": "Point", "coordinates": [111.360882, 30.644048]}, "properties": {"类别": "村", "名称": "共勤村", "topic": "小区建设", "board": "民生基础需求", "polarity": "Negative"}}, {"type": "Feature", "geometry": {"type": "Point", "coordinates": [111.357508, 30.648738]}, "properties": {"类别": "村", "名称": "共前村", "topic": "小区管理", "board": "民生基础需求", "polarity": "Very Negative"}}, {"type": "Feature", "geometry": {"type": "Point", "coordinates": [111.333572, 30.681932]}, "properties": {"类别": "村", "名称": "旭光村", "topic": "道路问题", "board": "民生基础需求", "polarity": "Negative"}}, {"type": "Feature", "geometry": {"type": "Point", "coordinates": [111.321284, 30.67413]}, "properties": {"类别": "村", "名称": "汉宜村", "topic": "道路问题", "board": "民生基础需求", "polarity": "Negative"}}, {"type": "Feature", "geometry": {"type": "Point", "coordinates": [111.360882, 30.644048]}, "properties": {"类别": "村", "名称": "共勤村", "topic": "住房房产", "board": "民生基础需求", "polarity": "Very Negative"}}, {"type": "Feature", "geometry": {"type": "Point", "coordinates": [111.321284, 30.67413]}, "properties": {"类别": "村", "名称": "汉宜村", "topic": "住房房产", "board": "民生基础需求", "polarity": "Very Negative"}}, {"type": "Feature", "geometry": {"type": "Point", "coordinates": [111.397305, 30.63132]}, "properties": {"类别": "村", "名称": "共升村", "topic": "道路问题", "board": "民生基础需求", "polarity": "Neutral"}}, {"type": "Feature", "geometry": {"type": "Point", "coordinates": [111.359021, 30.646889]}, "properties": {"类别": "村", "名称": "共前村", "topic": "道路问题", "board": "民生基础需求", "polarity": "Negative"}}, {"type": "Feature", "geometry": {"type": "Point", "coordinates": [111.373683, 30.620496]}, "properties": {"类别": "村", "名称": "共联村", "topic": "交通噪声", "board": "民生基础需求", "polarity": "Negative"}}, {"type": "Feature", "geometry": {"type": "Point", "coordinates": [111.337121, 30.666675]}, "properties": {"类别": "村", "名称": "合益村", "topic": "建筑施工噪声", "board": "民生基础需求", "polarity": "Negative"}}, {"type": "Feature", "geometry": {"type": "Point", "coordinates": [111.321284, 30.67413]}, "properties": {"类别": "村", "名称": "汉宜村", "topic": "停车管理问题", "board": "民生基础需求", "polarity": "Negative"}}, {"type": "Feature", "geometry": {"type": "Point", "coordinates": [111.370163, 30.658286]}, "properties": {"类别": "村", "名称": "共和村", "topic": "车辆乱停放", "board": "民生基础需求", "polarity": "Negative"}}, {"type": "Feature", "geometry": {"type": "Point", "coordinates": [111.360966, 30.641802]}, "properties": {"类别": "村", "名称": "共勤村", "topic": "住房房产", "board": "民生基础需求", "polarity": "Very Negative"}}, {"type": "Feature", "geometry": {"type": "Point", "coordinates": [111.338723, 30.666188]}, "properties": {"类别": "村", "名称": "合益村", "topic": "市政公共设施问题", "board": "安全韧性底线", "polarity": "Negative"}}, {"type": "Feature", "geometry": {"type": "Point", "coordinates": [111.386048, 30.669353]}, "properties": {"类别": "村", "名称": "共同村", "topic": "车辆乱停放", "board": "民生基础需求", "polarity": "Negative"}}, {"type": "Feature", "geometry": {"type": "Point", "coordinates": [111.360882, 30.644048]}, "properties": {"类别": "村", "名称": "共勤村", "topic": "车辆乱停放", "board": "民生基础需求", "polarity": "Very Negative"}}, {"type": "Feature", "geometry": {"type": "Point", "coordinates": [111.360882, 30.644048]}, "properties": {"类别": "村", "名称": "共勤村", "topic": "住房房产", "board": "民生基础需求", "polarity": "Very Negative"}}, {"type": "Feature", "geometry": {"type": "Point", "coordinates": [111.373683, 30.620496]}, "properties": {"类别": "村", "名称": "共联村", "topic": "供电服务", "board": "安全韧性底线", "polarity": "Very Negative"}}, {"type": "Feature", "geometry": {"type": "Point", "coordinates": [111.358132, 30.650426]}, "properties": {"类别": "村", "名称": "共前村", "topic": "交通秩序", "board": "安全韧性底线", "polarity": "Very Negative"}}, {"type": "Feature", "geometry": {"type": "Point", "coordinates": [111.380165, 30.651192]}, "properties": {"类别": "村", "名称": "共和村", "topic": "道路问题", "board": "民生基础需求", "polarity": "Neutral"}}, {"type": "Feature", "geometry": {"type": "Point", "coordinates": [111.343044, 30.662249]}, "properties": {"类别": "村", "名称": "火光村", "topic": "生活噪声", "board": "民生基础需求", "polarity": "Very Negative"}}, {"type": "Feature", "geometry": {"type": "Point", "coordinates": [111.373683, 30.620496]}, "properties": {"类别": "村", "名称": "共联村", "topic": "市政公共设施问题", "board": "安全韧性底线", "polarity": "Negative"}}, {"type": "Feature", "geometry": {"type": "Point", "coordinates": [111.321284, 30.67413]}, "properties": {"类别": "村", "名称": "汉宜村", "topic": "商业噪声", "board": "民生基础需求", "polarity": "Negative"}}, {"type": "Feature", "geometry": {"type": "Point", "coordinates": [111.360882, 30.644048]}, "properties": {"类别": "村", "名称": "共勤村", "topic": "车辆乱停放", "board": "民生基础需求", "polarity": "Negative"}}, {"type": "Feature", "geometry": {"type": "Point", "coordinates": [111.338984, 30.661827]}, "properties": {"类别": "村", "名称": "火光村", "topic": "井盖问题", "board": "安全韧性底线", "polarity": "Neutral"}}, {"type": "Feature", "geometry": {"type": "Point", "coordinates": [111.321284, 30.67413]}, "properties": {"类别": "村", "名称": "汉宜村", "topic": "停车管理问题", "board": "民生基础需求", "polarity": "Neutral"}}, {"type": "Feature", "geometry": {"type": "Point", "coordinates": [111.360882, 30.644048]}, "properties": {"类别": "村", "名称": "共勤村", "topic": "车辆乱停放", "board": "民生基础需求", "polarity": "Negative"}}, {"type": "Feature", "geometry": {"type": "Point", "coordinates": [111.321284, 30.67413]}, "properties": {"类别": "村", "名称": "汉宜村", "topic": "生活噪声", "board": "民生基础需求", "polarity": "Negative"}}, {"type": "Feature", "geometry": {"type": "Point", "coordinates": [111.358132, 30.650426]}, "properties": {"类别": "村", "名称": "共前村", "topic": "住房房产", "board": "民生基础需求", "polarity": "Very Negative"}}, {"type": "Feature", "geometry": {"type": "Point", "coordinates": [111.363573, 30.638243]}, "properties": {"类别": "村", "名称": "共勤村", "topic": "生活噪声", "board": "民生基础需求", "polarity": "Negative"}}, {"type": "Feature", "geometry": {"type": "Point", "coordinates": [111.360882, 30.644048]}, "properties": {"类别": "村", "名称": "共勤村", "topic": "生活噪声", "board": "民生基础需求", "polarity": "Negative"}}, {"type": "Feature", "geometry": {"type": "Point", "coordinates": [111.360882, 30.644048]}, "properties": {"类别": "村", "名称": "共勤村", "topic": "商业噪声", "board": "民生基础需求", "polarity": "Very Negative"}}, {"type": "Feature", "geometry": {"type": "Point", "coordinates": [111.370163, 30.658286]}, "properties": {"类别": "村", "名称": "共和村", "topic": "井盖问题", "board": "安全韧性底线", "polarity": "Very Negative"}}, {"type": "Feature", "geometry": {"type": "Point", "coordinates": [111.360966, 30.641802]}, "properties": {"类别": "村", "名称": "共勤村", "topic": "住房房产", "board": "民生基础需求", "polarity": "Very Negative"}}, {"type": "Feature", "geometry": {"type": "Point", "coordinates": [111.34694, 30.672595]}, "properties": {"类别": "村", "名称": "联丰村", "topic": "公共设施异响噪声", "board": "民生基础需求", "polarity": "Negative"}}, {"type": "Feature", "geometry": {"type": "Point", "coordinates": [111.333572, 30.681932]}, "properties": {"类别": "村", "名称": "旭光村", "topic": "小区管理", "board": "民生基础需求", "polarity": "Neutral"}}, {"type": "Feature", "geometry": {"type": "Point", "coordinates": [111.332113, 30.675823]}, "properties": {"类别": "村", "名称": "合益村", "topic": "商业噪声", "board": "民生基础需求", "polarity": "Negative"}}, {"type": "Feature", "geometry": {"type": "Point", "coordinates": [111.35286, 30.66725]}, "properties": {"类别": "村", "名称": "火光村", "topic": "小区管理", "board": "民生基础需求", "polarity": "Very Negative"}}, {"type": "Feature", "geometry": {"type": "Point", "coordinates": [111.360882, 30.644048]}, "properties": {"类别": "村", "名称": "共勤村", "topic": "商业噪声", "board": "民生基础需求", "polarity": "Very Negative"}}, {"type": "Feature", "geometry": {"type": "Point", "coordinates": [111.333572, 30.681932]}, "properties": {"类别": "村", "名称": "旭光村", "topic": "生活噪声", "board": "民生基础需求", "polarity": "Negative"}}, {"type": "Feature", "geometry": {"type": "Point", "coordinates": [111.373683, 30.620496]}, "properties": {"类别": "村", "名称": "共联村", "topic": "供电服务", "board": "安全韧性底线", "polarity": "Very Negative"}}, {"type": "Feature", "geometry": {"type": "Point", "coordinates": [111.401144, 30.645668]}, "properties": {"类别": "村", "名称": "共升村", "topic": "停车管理问题", "board": "民生基础需求", "polarity": "Negative"}}, {"type": "Feature", "geometry": {"type": "Point", "coordinates": [111.392082, 30.6493]}, "properties": {"类别": "村", "名称": "共和村", "topic": "交通噪声", "board": "民生基础需求", "polarity": "Negative"}}, {"type": "Feature", "geometry": {"type": "Point", "coordinates": [111.333572, 30.681932]}, "properties": {"类别": "村", "名称": "旭光村", "topic": "建筑施工噪声", "board": "民生基础需求", "polarity": "Very Negative"}}, {"type": "Feature", "geometry": {"type": "Point", "coordinates": [111.361957, 30.650329]}, "properties": {"类别": "村", "名称": "共勤村", "topic": "停车管理问题", "board": "民生基础需求", "polarity": "Negative"}}, {"type": "Feature", "geometry": {"type": "Point", "coordinates": [111.321284, 30.67413]}, "properties": {"类别": "村", "名称": "汉宜村", "topic": "管道设施破裂堵塞", "board": "安全韧性底线", "polarity": "Negative"}}, {"type": "Feature", "geometry": {"type": "Point", "coordinates": [111.385623, 30.670493]}, "properties": {"类别": "村", "名称": "共同村", "topic": "停车管理问题", "board": "民生基础需求", "polarity": "Very Negative"}}, {"type": "Feature", "geometry": {"type": "Point", "coordinates": [111.362172, 30.650704]}, "properties": {"类别": "村", "名称": "共勤村", "topic": "住房房产", "board": "民生基础需求", "polarity": "Very Negative"}}, {"type": "Feature", "geometry": {"type": "Point", "coordinates": [111.321284, 30.67413]}, "properties": {"类别": "村", "名称": "汉宜村", "topic": "住房房产", "board": "民生基础需求", "polarity": "Negative"}}, {"type": "Feature", "geometry": {"type": "Point", "coordinates": [111.35286, 30.66725]}, "properties": {"类别": "村", "名称": "火光村", "topic": "垃圾清理及环卫设施问题", "board": "民生基础需求", "polarity": "Negative"}}, {"type": "Feature", "geometry": {"type": "Point", "coordinates": [111.350689, 30.651769]}, "properties": {"类别": "村", "名称": "火光村", "topic": "车辆乱停放", "board": "民生基础需求", "polarity": "Very Negative"}}, {"type": "Feature", "geometry": {"type": "Point", "coordinates": [111.355256, 30.691889]}, "properties": {"类别": "村", "名称": "旭光村", "topic": "交通秩序", "board": "安全韧性底线", "polarity": "Negative"}}, {"type": "Feature", "geometry": {"type": "Point", "coordinates": [111.373683, 30.620496]}, "properties": {"类别": "村", "名称": "共联村", "topic": "停车管理问题", "board": "民生基础需求", "polarity": "Negative"}}, {"type": "Feature", "geometry": {"type": "Point", "coordinates": [111.363501, 30.636775]}, "properties": {"类别": "村", "名称": "共勤村", "topic": "住房房产", "board": "民生基础需求", "polarity": "Negative"}}, {"type": "Feature", "geometry": {"type": "Point", "coordinates": [111.347115, 30.650292]}, "properties": {"类别": "村", "名称": "火光村", "topic": "生活噪声", "board": "民生基础需求", "polarity": "Very Negative"}}, {"type": "Feature", "geometry": {"type": "Point", "coordinates": [111.354693, 30.664327]}, "properties": {"类别": "村", "名称": "火光村", "topic": "园林绿化设施问题", "board": "民生基础需求", "polarity": "Neutral"}}, {"type": "Feature", "geometry": {"type": "Point", "coordinates": [111.321284, 30.67413]}, "properties": {"类别": "村", "名称": "汉宜村", "topic": "建筑施工噪声", "board": "民生基础需求", "polarity": "Very Negative"}}, {"type": "Feature", "geometry": {"type": "Point", "coordinates": [111.362821, 30.64987]}, "properties": {"类别": "村", "名称": "共勤村", "topic": "停车管理问题", "board": "民生基础需求", "polarity": "Negative"}}, {"type": "Feature", "geometry": {"type": "Point", "coordinates": [111.412947, 30.67812]}, "properties": {"类别": "村", "名称": "土门村", "topic": "道路问题", "board": "民生基础需求", "polarity": "Negative"}}, {"type": "Feature", "geometry": {"type": "Point", "coordinates": [111.333077, 30.672406]}, "properties": {"类别": "村", "名称": "合益村", "topic": "住房房产", "board": "民生基础需求", "polarity": "Very Negative"}}, {"type": "Feature", "geometry": {"type": "Point", "coordinates": [111.360882, 30.644048]}, "properties": {"类别": "村", "名称": "共勤村", "topic": "小区管理", "board": "民生基础需求", "polarity": "Very Negative"}}, {"type": "Feature", "geometry": {"type": "Point", "coordinates": [111.362825, 30.650525]}, "properties": {"类别": "村", "名称": "共勤村", "topic": "车辆乱停放", "board": "民生基础需求", "polarity": "Negative"}}, {"type": "Feature", "geometry": {"type": "Point", "coordinates": [111.333572, 30.681932]}, "properties": {"类别": "村", "名称": "旭光村", "topic": "消防安全", "board": "安全韧性底线", "polarity": "Negative"}}, {"type": "Feature", "geometry": {"type": "Point", "coordinates": [111.360882, 30.644048]}, "properties": {"类别": "村", "名称": "共勤村", "topic": "建筑施工噪声", "board": "民生基础需求", "polarity": "Negative"}}, {"type": "Feature", "geometry": {"type": "Point", "coordinates": [111.340912, 30.668696]}, "properties": {"类别": "村", "名称": "合益村", "topic": "停车管理问题", "board": "民生基础需求", "polarity": "Negative"}}, {"type": "Feature", "geometry": {"type": "Point", "coordinates": [111.337121, 30.666675]}, "properties": {"类别": "村", "名称": "合益村", "topic": "建筑施工噪声", "board": "民生基础需求", "polarity": "Very Negative"}}, {"type": "Feature", "geometry": {"type": "Point", "coordinates": [111.321284, 30.67413]}, "properties": {"类别": "村", "名称": "汉宜村", "topic": "公共设施异响噪声", "board": "民生基础需求", "polarity": "Negative"}}, {"type": "Feature", "geometry": {"type": "Point", "coordinates": [111.333572, 30.681932]}, "properties": {"类别": "村", "名称": "旭光村", "topic": "小区管理", "board": "民生基础需求", "polarity": "Negative"}}, {"type": "Feature", "geometry": {"type": "Point", "coordinates": [111.360882, 30.644048]}, "properties": {"类别": "村", "名称": "共勤村", "topic": "建筑施工噪声", "board": "民生基础需求", "polarity": "Very Negative"}}, {"type": "Feature", "geometry": {"type": "Point", "coordinates": [111.355256, 30.691889]}, "properties": {"类别": "村", "名称": "旭光村", "topic": "道路问题", "board": "民生基础需求", "polarity": "Negative"}}, {"type": "Feature", "geometry": {"type": "Point", "coordinates": [111.360882, 30.644048]}, "properties": {"类别": "村", "名称": "共勤村", "topic": "井盖问题", "board": "安全韧性底线", "polarity": "Negative"}}, {"type": "Feature", "geometry": {"type": "Point", "coordinates": [111.408577, 30.652788]}, "properties": {"类别": "村", "名称": "车站村", "topic": "道路设施问题", "board": "安全韧性底线", "polarity": "Very Negative"}}, {"type": "Feature", "geometry": {"type": "Point", "coordinates": [111.333572, 30.681932]}, "properties": {"类别": "村", "名称": "旭光村", "topic": "生活噪声", "board": "民生基础需求", "polarity": "Negative"}}, {"type": "Feature", "geometry": {"type": "Point", "coordinates": [111.333572, 30.681932]}, "properties": {"类别": "村", "名称": "旭光村", "topic": "供电服务", "board": "安全韧性底线", "polarity": "Negative"}}, {"type": "Feature", "geometry": {"type": "Point", "coordinates": [111.333572, 30.681932]}, "properties": {"类别": "村", "名称": "旭光村", "topic": "道路问题", "board": "民生基础需求", "polarity": "Negative"}}, {"type": "Feature", "geometry": {"type": "Point", "coordinates": [111.360882, 30.644048]}, "properties": {"类别": "村", "名称": "共勤村", "topic": "垃圾清理及环卫设施问题", "board": "民生基础需求", "polarity": "Very Negative"}}, {"type": "Feature", "geometry": {"type": "Point", "coordinates": [111.35122, 30.655262]}, "properties": {"类别": "村", "名称": "火光村", "topic": "停车管理问题", "board": "民生基础需求", "polarity": "Neutral"}}, {"type": "Feature", "geometry": {"type": "Point", "coordinates": [111.370206, 30.626433]}, "properties": {"类别": "村", "名称": "共联村", "topic": "垃圾清理及环卫设施问题", "board": "民生基础需求", "polarity": "Negative"}}, {"type": "Feature", "geometry": {"type": "Point", "coordinates": [111.338332, 30.684966]}, "properties": {"类别": "村", "名称": "旭光村", "topic": "道路问题", "board": "民生基础需求", "polarity": "Neutral"}}, {"type": "Feature", "geometry": {"type": "Point", "coordinates": [111.351919, 30.674621]}, "properties": {"类别": "村", "名称": "联丰村", "topic": "园林绿化设施问题", "board": "民生基础需求", "polarity": "Neutral"}}, {"type": "Feature", "geometry": {"type": "Point", "coordinates": [111.34694, 30.672595]}, "properties": {"类别": "村", "名称": "联丰村", "topic": "堡坎、山体问题", "board": "安全韧性底线", "polarity": "Negative"}}, {"type": "Feature", "geometry": {"type": "Point", "coordinates": [111.333572, 30.681932]}, "properties": {"类别": "村", "名称": "旭光村", "topic": "道路问题", "board": "民生基础需求", "polarity": "Neutral"}}, {"type": "Feature", "geometry": {"type": "Point", "coordinates": [111.340534, 30.654416]}, "properties": {"类别": "村", "名称": "火光村", "topic": "供气服务", "board": "民生基础需求", "polarity": "Negative"}}, {"type": "Feature", "geometry": {"type": "Point", "coordinates": [111.338332, 30.684966]}, "properties": {"类别": "村", "名称": "旭光村", "topic": "交通设施问题", "board": "安全韧性底线", "polarity": "Neutral"}}, {"type": "Feature", "geometry": {"type": "Point", "coordinates": [111.392082, 30.6493]}, "properties": {"类别": "村", "名称": "共和村", "topic": "园林绿化设施问题", "board": "民生基础需求", "polarity": "Very Negative"}}, {"type": "Feature", "geometry": {"type": "Point", "coordinates": [111.334004, 30.67308]}, "properties": {"类别": "村", "名称": "合益村", "topic": "小区管理", "board": "民生基础需求", "polarity": "Negative"}}, {"type": "Feature", "geometry": {"type": "Point", "coordinates": [111.334004, 30.67308]}, "properties": {"类别": "村", "名称": "合益村", "topic": "停车管理", "board": "民生基础需求", "polarity": "Negative"}}, {"type": "Feature", "geometry": {"type": "Point", "coordinates": [111.335668, 30.685412]}, "properties": {"类别": "村", "名称": "旭光村", "topic": "道路问题", "board": "民生基础需求", "polarity": "Neutral"}}, {"type": "Feature", "geometry": {"type": "Point", "coordinates": [111.360882, 30.644048]}, "properties": {"类别": "村", "名称": "共勤村", "topic": "供水服务", "board": "民生基础需求", "polarity": "Very Negative"}}, {"type": "Feature", "geometry": {"type": "Point", "coordinates": [111.35286, 30.66725]}, "properties": {"类别": "村", "名称": "火光村", "topic": "道路设施问题", "board": "安全韧性底线", "polarity": "Negative"}}, {"type": "Feature", "geometry": {"type": "Point", "coordinates": [111.360882, 30.644048]}, "properties": {"类别": "村", "名称": "共勤村", "topic": "道路设施问题", "board": "安全韧性底线", "polarity": "Neutral"}}, {"type": "Feature", "geometry": {"type": "Point", "coordinates": [111.321284, 30.67413]}, "properties": {"类别": "村", "名称": "汉宜村", "topic": "园林绿化设施问题", "board": "民生基础需求", "polarity": "Neutral"}}, {"type": "Feature", "geometry": {"type": "Point", "coordinates": [111.33629, 30.691122]}, "properties": {"类别": "村", "名称": "旭光村", "topic": "停车管理问题", "board": "民生基础需求", "polarity": "Very Negative"}}, {"type": "Feature", "geometry": {"type": "Point", "coordinates": [111.340912, 30.668696]}, "properties": {"类别": "村", "名称": "合益村", "topic": "学区学籍", "board": "民生基础需求", "polarity": "Neutral"}}, {"type": "Feature", "geometry": {"type": "Point", "coordinates": [111.360882, 30.644048]}, "properties": {"类别": "村", "名称": "共勤村", "topic": "道路问题", "board": "民生基础需求", "polarity": "Neutral"}}, {"type": "Feature", "geometry": {"type": "Point", "coordinates": [111.360882, 30.644048]}, "properties": {"类别": "村", "名称": "共勤村", "topic": "生活噪声", "board": "民生基础需求", "polarity": "Very Negative"}}, {"type": "Feature", "geometry": {"type": "Point", "coordinates": [111.341091, 30.685179]}, "properties": {"类别": "村", "名称": "旭光村", "topic": "商业噪声", "board": "民生基础需求", "polarity": "Very Negative"}}, {"type": "Feature", "geometry": {"type": "Point", "coordinates": [111.333572, 30.681932]}, "properties": {"类别": "村", "名称": "旭光村", "topic": "学区学籍", "board": "民生基础需求", "polarity": "Neutral"}}, {"type": "Feature", "geometry": {"type": "Point", "coordinates": [111.370163, 30.658286]}, "properties": {"类别": "村", "名称": "共和村", "topic": "停车管理问题", "board": "民生基础需求", "polarity": "Neutral"}}, {"type": "Feature", "geometry": {"type": "Point", "coordinates": [111.37565, 30.629951]}, "properties": {"类别": "村", "名称": "共联村", "topic": "垃圾清理及环卫设施问题", "board": "民生基础需求", "polarity": "Neutral"}}, {"type": "Feature", "geometry": {"type": "Point", "coordinates": [111.363573, 30.638243]}, "properties": {"类别": "村", "名称": "共勤村", "topic": "生活噪声", "board": "民生基础需求", "polarity": "Negative"}}, {"type": "Feature", "geometry": {"type": "Point", "coordinates": [111.360882, 30.644048]}, "properties": {"类别": "村", "名称": "共勤村", "topic": "建筑施工噪声", "board": "民生基础需求", "polarity": "Negative"}}, {"type": "Feature", "geometry": {"type": "Point", "coordinates": [111.329431, 30.666321]}, "properties": {"类别": "村", "名称": "汉宜村", "topic": "建筑施工噪声", "board": "民生基础需求", "polarity": "Negative"}}, {"type": "Feature", "geometry": {"type": "Point", "coordinates": [111.360882, 30.644048]}, "properties": {"类别": "村", "名称": "共勤村", "topic": "商业噪声", "board": "民生基础需求", "polarity": "Very Negative"}}, {"type": "Feature", "geometry": {"type": "Point", "coordinates": [111.333572, 30.681932]}, "properties": {"类别": "村", "名称": "旭光村", "topic": "小区建设", "board": "民生基础需求", "polarity": "Negative"}}, {"type": "Feature", "geometry": {"type": "Point", "coordinates": [111.333572, 30.681932]}, "properties": {"类别": "村", "名称": "旭光村", "topic": "街面秩序管理问题", "board": "民生基础需求", "polarity": "Negative"}}, {"type": "Feature", "geometry": {"type": "Point", "coordinates": [111.398349, 30.657789]}, "properties": {"类别": "村", "名称": "共升村", "topic": "交通设施问题", "board": "安全韧性底线", "polarity": "Negative"}}, {"type": "Feature", "geometry": {"type": "Point", "coordinates": [111.373683, 30.620496]}, "properties": {"类别": "村", "名称": "共联村", "topic": "井盖问题", "board": "安全韧性底线", "polarity": "Negative"}}, {"type": "Feature", "geometry": {"type": "Point", "coordinates": [111.37174, 30.619047]}, "properties": {"类别": "村", "名称": "共联村", "topic": "道路问题", "board": "民生基础需求", "polarity": "Very Negative"}}, {"type": "Feature", "geometry": {"type": "Point", "coordinates": [111.321284, 30.67413]}, "properties": {"类别": "村", "名称": "汉宜村", "topic": "管道设施破裂堵塞", "board": "安全韧性底线", "polarity": "Negative"}}, {"type": "Feature", "geometry": {"type": "Point", "coordinates": [111.333572, 30.681932]}, "properties": {"类别": "村", "名称": "旭光村", "topic": "车辆乱停放", "board": "民生基础需求", "polarity": "Negative"}}, {"type": "Feature", "geometry": {"type": "Point", "coordinates": [111.333919, 30.681548]}, "properties": {"类别": "村", "名称": "旭光村", "topic": "商业噪声", "board": "民生基础需求", "polarity": "Very Negative"}}, {"type": "Feature", "geometry": {"type": "Point", "coordinates": [111.379986, 30.646406]}, "properties": {"类别": "村", "名称": "共谊村", "topic": "交通设施问题", "board": "安全韧性底线", "polarity": "Negative"}}, {"type": "Feature", "geometry": {"type": "Point", "coordinates": [111.380082, 30.660195]}, "properties": {"类别": "村", "名称": "共和村", "topic": "小区管理", "board": "民生基础需求", "polarity": "Negative"}}, {"type": "Feature", "geometry": {"type": "Point", "coordinates": [111.354693, 30.664327]}, "properties": {"类别": "村", "名称": "火光村", "topic": "道路运输", "board": "民生基础需求", "polarity": "Negative"}}, {"type": "Feature", "geometry": {"type": "Point", "coordinates": [111.332106, 30.667952]}, "properties": {"类别": "村", "名称": "合益村", "topic": "商业噪声", "board": "民生基础需求", "polarity": "Very Negative"}}, {"type": "Feature", "geometry": {"type": "Point", "coordinates": [111.360882, 30.644048]}, "properties": {"类别": "村", "名称": "共勤村", "topic": "垃圾清理及环卫设施问题", "board": "民生基础需求", "polarity": "Negative"}}, {"type": "Feature", "geometry": {"type": "Point", "coordinates": [111.355256, 30.691889]}, "properties": {"类别": "村", "名称": "旭光村", "topic": "公交服务", "board": "民生基础需求", "polarity": "Neutral"}}, {"type": "Feature", "geometry": {"type": "Point", "coordinates": [111.3648, 30.634907]}, "properties": {"类别": "村", "名称": "共勤村", "topic": "商业噪声", "board": "民生基础需求", "polarity": "Negative"}}, {"type": "Feature", "geometry": {"type": "Point", "coordinates": [111.347877, 30.655339]}, "properties": {"类别": "村", "名称": "火光村", "topic": "小区建设", "board": "民生基础需求", "polarity": "Negative"}}, {"type": "Feature", "geometry": {"type": "Point", "coordinates": [111.384556, 30.671098]}, "properties": {"类别": "村", "名称": "共同村", "topic": "交通设施问题", "board": "安全韧性底线", "polarity": "Neutral"}}, {"type": "Feature", "geometry": {"type": "Point", "coordinates": [111.397055, 30.679897]}, "properties": {"类别": "村", "名称": "土门村", "topic": "交通设施问题", "board": "安全韧性底线", "polarity": "Negative"}}, {"type": "Feature", "geometry": {"type": "Point", "coordinates": [111.321284, 30.67413]}, "properties": {"类别": "村", "名称": "汉宜村", "topic": "违规建（构）筑物", "board": "民生基础需求", "polarity": "Negative"}}, {"type": "Feature", "geometry": {"type": "Point", "coordinates": [111.333572, 30.681932]}, "properties": {"类别": "村", "名称": "旭光村", "topic": "堡坎、山体问题", "board": "安全韧性底线", "polarity": "Very Positive"}}, {"type": "Feature", "geometry": {"type": "Point", "coordinates": [111.388359, 30.651708]}, "properties": {"类别": "村", "名称": "共和村", "topic": "小区管理", "board": "民生基础需求", "polarity": "Negative"}}, {"type": "Feature", "geometry": {"type": "Point", "coordinates": [111.321284, 30.67413]}, "properties": {"类别": "村", "名称": "汉宜村", "topic": "管道设施破裂堵塞", "board": "安全韧性底线", "polarity": "Neutral"}}, {"type": "Feature", "geometry": {"type": "Point", "coordinates": [111.321284, 30.67413]}, "properties": {"类别": "村", "名称": "汉宜村", "topic": "垃圾清理及环卫设施问题", "board": "民生基础需求", "polarity": "Neutral"}}, {"type": "Feature", "geometry": {"type": "Point", "coordinates": [111.321284, 30.67413]}, "properties": {"类别": "村", "名称": "汉宜村", "topic": "垃圾清理及环卫设施问题", "board": "民生基础需求", "polarity": "Neutral"}}, {"type": "Feature", "geometry": {"type": "Point", "coordinates": [111.397055, 30.679897]}, "properties": {"类别": "村", "名称": "土门村", "topic": "道路问题", "board": "民生基础需求", "polarity": "Neutral"}}, {"type": "Feature", "geometry": {"type": "Point", "coordinates": [111.332106, 30.667952]}, "properties": {"类别": "村", "名称": "合益村", "topic": "施工管理问题", "board": "民生基础需求", "polarity": "Negative"}}, {"type": "Feature", "geometry": {"type": "Point", "coordinates": [111.37033, 30.653559]}, "properties": {"类别": "村", "名称": "共强村", "topic": "生活噪声", "board": "民生基础需求", "polarity": "Very Negative"}}, {"type": "Feature", "geometry": {"type": "Point", "coordinates": [111.408264, 30.647203]}, "properties": {"类别": "村", "名称": "车站村", "topic": "道路设施问题", "board": "安全韧性底线", "polarity": "Neutral"}}, {"type": "Feature", "geometry": {"type": "Point", "coordinates": [111.360882, 30.644048]}, "properties": {"类别": "村", "名称": "共勤村", "topic": "就医", "board": "民生基础需求", "polarity": "Negative"}}, {"type": "Feature", "geometry": {"type": "Point", "coordinates": [111.321284, 30.67413]}, "properties": {"类别": "村", "名称": "汉宜村", "topic": "管道设施破裂堵塞", "board": "安全韧性底线", "polarity": "Neutral"}}, {"type": "Feature", "geometry": {"type": "Point", "coordinates": [111.380884, 30.659541]}, "properties": {"类别": "村", "名称": "共和村", "topic": "交通噪声", "board": "民生基础需求", "polarity": "Negative"}}, {"type": "Feature", "geometry": {"type": "Point", "coordinates": [111.333572, 30.681932]}, "properties": {"类别": "村", "名称": "旭光村", "topic": "建筑施工噪声", "board": "民生基础需求", "polarity": "Negative"}}, {"type": "Feature", "geometry": {"type": "Point", "coordinates": [111.360882, 30.644048]}, "properties": {"类别": "村", "名称": "共勤村", "topic": "建筑施工噪声", "board": "民生基础需求", "polarity": "Negative"}}, {"type": "Feature", "geometry": {"type": "Point", "coordinates": [111.333572, 30.681932]}, "properties": {"类别": "村", "名称": "旭光村", "topic": "建筑施工噪声", "board": "民生基础需求", "polarity": "Very Negative"}}, {"type": "Feature", "geometry": {"type": "Point", "coordinates": [111.373683, 30.620496]}, "properties": {"类别": "村", "名称": "共联村", "topic": "交通噪声", "board": "民生基础需求", "polarity": "Very Negative"}}, {"type": "Feature", "geometry": {"type": "Point", "coordinates": [111.365833, 30.634654]}, "properties": {"类别": "村", "名称": "共勤村", "topic": "停车管理问题", "board": "民生基础需求", "polarity": "Neutral"}}, {"type": "Feature", "geometry": {"type": "Point", "coordinates": [111.321284, 30.67413]}, "properties": {"类别": "村", "名称": "汉宜村", "topic": "管道设施破裂堵塞", "board": "安全韧性底线", "polarity": "Neutral"}}, {"type": "Feature", "geometry": {"type": "Point", "coordinates": [111.360882, 30.644048]}, "properties": {"类别": "村", "名称": "共勤村", "topic": "小区管理", "board": "民生基础需求", "polarity": "Negative"}}, {"type": "Feature", "geometry": {"type": "Point", "coordinates": [111.330899, 30.663618]}, "properties": {"类别": "村", "名称": "合益村", "topic": "小区管理", "board": "民生基础需求", "polarity": "Very Negative"}}, {"type": "Feature", "geometry": {"type": "Point", "coordinates": [111.337121, 30.666675]}, "properties": {"类别": "村", "名称": "合益村", "topic": "建筑施工噪声", "board": "民生基础需求", "polarity": "Negative"}}, {"type": "Feature", "geometry": {"type": "Point", "coordinates": [111.333572, 30.681932]}, "properties": {"类别": "村", "名称": "旭光村", "topic": "停车管理问题", "board": "民生基础需求", "polarity": "Neutral"}}, {"type": "Feature", "geometry": {"type": "Point", "coordinates": [111.329431, 30.666321]}, "properties": {"类别": "村", "名称": "汉宜村", "topic": "生活噪声", "board": "民生基础需求", "polarity": "Very Negative"}}, {"type": "Feature", "geometry": {"type": "Point", "coordinates": [111.339126, 30.661071]}, "properties": {"类别": "村", "名称": "火光村", "topic": "交通秩序", "board": "安全韧性底线", "polarity": "Negative"}}, {"type": "Feature", "geometry": {"type": "Point", "coordinates": [111.360882, 30.644048]}, "properties": {"类别": "村", "名称": "共勤村", "topic": "生活噪声", "board": "民生基础需求", "polarity": "Negative"}}, {"type": "Feature", "geometry": {"type": "Point", "coordinates": [111.333572, 30.681932]}, "properties": {"类别": "村", "名称": "旭光村", "topic": "商业噪声", "board": "民生基础需求", "polarity": "Negative"}}, {"type": "Feature", "geometry": {"type": "Point", "coordinates": [111.333572, 30.681932]}, "properties": {"类别": "村", "名称": "旭光村", "topic": "商业噪声", "board": "民生基础需求", "polarity": "Negative"}}, {"type": "Feature", "geometry": {"type": "Point", "coordinates": [111.333572, 30.681932]}, "properties": {"类别": "村", "名称": "旭光村", "topic": "小区建设", "board": "民生基础需求", "polarity": "Negative"}}, {"type": "Feature", "geometry": {"type": "Point", "coordinates": [111.321284, 30.67413]}, "properties": {"类别": "村", "名称": "汉宜村", "topic": "园林绿化设施问题", "board": "民生基础需求", "polarity": "Neutral"}}, {"type": "Feature", "geometry": {"type": "Point", "coordinates": [111.341091, 30.685179]}, "properties": {"类别": "村", "名称": "旭光村", "topic": "道路问题", "board": "民生基础需求", "polarity": "Very Negative"}}, {"type": "Feature", "geometry": {"type": "Point", "coordinates": [111.356303, 30.636203]}, "properties": {"类别": "村", "名称": "共勤村", "topic": "住房房产", "board": "民生基础需求", "polarity": "Very Negative"}}, {"type": "Feature", "geometry": {"type": "Point", "coordinates": [111.355256, 30.691889]}, "properties": {"类别": "村", "名称": "旭光村", "topic": "公交服务", "board": "民生基础需求", "polarity": "Negative"}}, {"type": "Feature", "geometry": {"type": "Point", "coordinates": [111.335903, 30.692307]}, "properties": {"类别": "村", "名称": "旭光村", "topic": "生活噪声", "board": "民生基础需求", "polarity": "Neutral"}}, {"type": "Feature", "geometry": {"type": "Point", "coordinates": [111.373683, 30.620496]}, "properties": {"类别": "村", "名称": "共联村", "topic": "小区管理", "board": "民生基础需求", "polarity": "Negative"}}, {"type": "Feature", "geometry": {"type": "Point", "coordinates": [111.362106, 30.638015]}, "properties": {"类别": "村", "名称": "共勤村", "topic": "城市客运", "board": "民生基础需求", "polarity": "Negative"}}, {"type": "Feature", "geometry": {"type": "Point", "coordinates": [111.321284, 30.67413]}, "properties": {"类别": "村", "名称": "汉宜村", "topic": "园林绿化设施问题", "board": "民生基础需求", "polarity": "Neutral"}}, {"type": "Feature", "geometry": {"type": "Point", "coordinates": [111.321284, 30.67413]}, "properties": {"类别": "村", "名称": "汉宜村", "topic": "住房房产", "board": "民生基础需求", "polarity": "Negative"}}, {"type": "Feature", "geometry": {"type": "Point", "coordinates": [111.330475, 30.666294]}, "properties": {"类别": "村", "名称": "汉宜村", "topic": "车辆乱停放", "board": "民生基础需求", "polarity": "Negative"}}, {"type": "Feature", "geometry": {"type": "Point", "coordinates": [111.335903, 30.691987]}, "properties": {"类别": "村", "名称": "旭光村", "topic": "车辆乱停放", "board": "民生基础需求", "polarity": "Negative"}}, {"type": "Feature", "geometry": {"type": "Point", "coordinates": [111.380082, 30.660195]}, "properties": {"类别": "村", "名称": "共和村", "topic": "商业噪声", "board": "民生基础需求", "polarity": "Very Negative"}}, {"type": "Feature", "geometry": {"type": "Point", "coordinates": [111.343044, 30.662249]}, "properties": {"类别": "村", "名称": "火光村", "topic": "供水服务", "board": "民生基础需求", "polarity": "Negative"}}, {"type": "Feature", "geometry": {"type": "Point", "coordinates": [111.343044, 30.662249]}, "properties": {"类别": "村", "名称": "火光村", "topic": "供水服务", "board": "民生基础需求", "polarity": "Very Negative"}}, {"type": "Feature", "geometry": {"type": "Point", "coordinates": [111.341091, 30.685179]}, "properties": {"类别": "村", "名称": "旭光村", "topic": "商业噪声", "board": "民生基础需求", "polarity": "Very Negative"}}, {"type": "Feature", "geometry": {"type": "Point", "coordinates": [111.360882, 30.644048]}, "properties": {"类别": "村", "名称": "共勤村", "topic": "小区管理", "board": "民生基础需求", "polarity": "Negative"}}, {"type": "Feature", "geometry": {"type": "Point", "coordinates": [111.362821, 30.64987]}, "properties": {"类别": "村", "名称": "共勤村", "topic": "停车管理问题", "board": "民生基础需求", "polarity": "Negative"}}, {"type": "Feature", "geometry": {"type": "Point", "coordinates": [111.432811, 30.666081]}, "properties": {"类别": "村", "名称": "车站村", "topic": "车辆乱停放", "board": "民生基础需求", "polarity": "Negative"}}, {"type": "Feature", "geometry": {"type": "Point", "coordinates": [111.337121, 30.666675]}, "properties": {"类别": "村", "名称": "合益村", "topic": "生活噪声", "board": "民生基础需求", "polarity": "Negative"}}, {"type": "Feature", "geometry": {"type": "Point", "coordinates": [111.392082, 30.6493]}, "properties": {"类别": "村", "名称": "共和村", "topic": "停车管理问题", "board": "民生基础需求", "polarity": "Negative"}}, {"type": "Feature", "geometry": {"type": "Point", "coordinates": [111.360882, 30.644048]}, "properties": {"类别": "村", "名称": "共勤村", "topic": "交通设施问题", "board": "民生基础需求", "polarity": "Negative"}}, {"type": "Feature", "geometry": {"type": "Point", "coordinates": [111.33961, 30.66113]}, "properties": {"类别": "村", "名称": "火光村", "topic": "车辆乱停放", "board": "民生基础需求", "polarity": "Neutral"}}, {"type": "Feature", "geometry": {"type": "Point", "coordinates": [111.370163, 30.658286]}, "properties": {"类别": "村", "名称": "共和村", "topic": "铁路", "board": "民生基础需求", "polarity": "Neutral"}}, {"type": "Feature", "geometry": {"type": "Point", "coordinates": [111.362589, 30.649083]}, "properties": {"类别": "村", "名称": "共勤村", "topic": "生活噪声", "board": "民生基础需求", "polarity": "Very Negative"}}, {"type": "Feature", "geometry": {"type": "Point", "coordinates": [111.335034, 30.665493]}, "properties": {"类别": "村", "名称": "合益村", "topic": "建筑施工噪声", "board": "民生基础需求", "polarity": "Negative"}}, {"type": "Feature", "geometry": {"type": "Point", "coordinates": [111.360882, 30.644048]}, "properties": {"类别": "村", "名称": "共勤村", "topic": "建筑施工噪声", "board": "民生基础需求", "polarity": "Neutral"}}, {"type": "Feature", "geometry": {"type": "Point", "coordinates": [111.397055, 30.679897]}, "properties": {"类别": "村", "名称": "土门村", "topic": "商业噪声", "board": "民生基础需求", "polarity": "Neutral"}}, {"type": "Feature", "geometry": {"type": "Point", "coordinates": [111.321284, 30.67413]}, "properties": {"类别": "村", "名称": "汉宜村", "topic": "管道设施破裂堵塞", "board": "安全韧性底线", "polarity": "Neutral"}}, {"type": "Feature", "geometry": {"type": "Point", "coordinates": [111.350479, 30.659068]}, "properties": {"类别": "村", "名称": "火光村", "topic": "生活噪声", "board": "民生基础需求", "polarity": "Negative"}}, {"type": "Feature", "geometry": {"type": "Point", "coordinates": [111.378528, 30.669468]}, "properties": {"类别": "村", "名称": "共同村", "topic": "住房房产", "board": "民生基础需求", "polarity": "Negative"}}, {"type": "Feature", "geometry": {"type": "Point", "coordinates": [111.321284, 30.67413]}, "properties": {"类别": "村", "名称": "汉宜村", "topic": "垃圾清理及环卫设施问题", "board": "民生基础需求", "polarity": "Neutral"}}, {"type": "Feature", "geometry": {"type": "Point", "coordinates": [111.335903, 30.692307]}, "properties": {"类别": "村", "名称": "旭光村", "topic": "园林绿化设施问题", "board": "民生基础需求", "polarity": "Negative"}}, {"type": "Feature", "geometry": {"type": "Point", "coordinates": [111.333572, 30.681932]}, "properties": {"类别": "村", "名称": "旭光村", "topic": "交通设施问题", "board": "安全韧性底线", "polarity": "Neutral"}}, {"type": "Feature", "geometry": {"type": "Point", "coordinates": [111.373058, 30.646455]}, "properties": {"类别": "村", "名称": "共谊村", "topic": "小区管理", "board": "民生基础需求", "polarity": "Negative"}}, {"type": "Feature", "geometry": {"type": "Point", "coordinates": [111.360683, 30.645366]}, "properties": {"类别": "村", "名称": "共勤村", "topic": "交通设施问题", "board": "安全韧性底线", "polarity": "Negative"}}, {"type": "Feature", "geometry": {"type": "Point", "coordinates": [111.360882, 30.644048]}, "properties": {"类别": "村", "名称": "共勤村", "topic": "道路问题", "board": "民生基础需求", "polarity": "Negative"}}, {"type": "Feature", "geometry": {"type": "Point", "coordinates": [111.3871, 30.653345]}, "properties": {"类别": "村", "名称": "共和村", "topic": "道路设施问题", "board": "安全韧性底线", "polarity": "Neutral"}}, {"type": "Feature", "geometry": {"type": "Point", "coordinates": [111.362821, 30.64987]}, "properties": {"类别": "村", "名称": "共勤村", "topic": "街面秩序管理问题", "board": "民生基础需求", "polarity": "Very Negative"}}, {"type": "Feature", "geometry": {"type": "Point", "coordinates": [111.35286, 30.66725]}, "properties": {"类别": "村", "名称": "火光村", "topic": "小区管理", "board": "民生基础需求", "polarity": "Negative"}}, {"type": "Feature", "geometry": {"type": "Point", "coordinates": [111.321284, 30.67413]}, "properties": {"类别": "村", "名称": "汉宜村", "topic": "住房房产", "board": "民生基础需求", "polarity": "Very Negative"}}, {"type": "Feature", "geometry": {"type": "Point", "coordinates": [111.351934, 30.664438]}, "properties": {"类别": "村", "名称": "火光村", "topic": "垃圾清理及环卫设施问题", "board": "民生基础需求", "polarity": "Negative"}}, {"type": "Feature", "geometry": {"type": "Point", "coordinates": [111.360882, 30.644048]}, "properties": {"类别": "村", "名称": "共勤村", "topic": "建筑施工噪声", "board": "民生基础需求", "polarity": "Very Negative"}}, {"type": "Feature", "geometry": {"type": "Point", "coordinates": [111.321284, 30.67413]}, "properties": {"类别": "村", "名称": "汉宜村", "topic": "道路问题", "board": "民生基础需求", "polarity": "Very Negative"}}, {"type": "Feature", "geometry": {"type": "Point", "coordinates": [111.349724, 30.65725]}, "properties": {"类别": "村", "名称": "火光村", "topic": "违规建（构）筑物", "board": "民生基础需求", "polarity": "Negative"}}, {"type": "Feature", "geometry": {"type": "Point", "coordinates": [111.333572, 30.681932]}, "properties": {"类别": "村", "名称": "旭光村", "topic": "交通噪声", "board": "民生基础需求", "polarity": "Negative"}}, {"type": "Feature", "geometry": {"type": "Point", "coordinates": [111.376662, 30.624121]}, "properties": {"类别": "村", "名称": "共联村", "topic": "交通噪声", "board": "民生基础需求", "polarity": "Negative"}}, {"type": "Feature", "geometry": {"type": "Point", "coordinates": [111.3648, 30.634907]}, "properties": {"类别": "村", "名称": "共勤村", "topic": "商业噪声", "board": "民生基础需求", "polarity": "Negative"}}, {"type": "Feature", "geometry": {"type": "Point", "coordinates": [111.373683, 30.620496]}, "properties": {"类别": "村", "名称": "共联村", "topic": "住房房产", "board": "民生基础需求", "polarity": "Very Negative"}}, {"type": "Feature", "geometry": {"type": "Point", "coordinates": [111.373683, 30.620496]}, "properties": {"类别": "村", "名称": "共联村", "topic": "商业噪声", "board": "民生基础需求", "polarity": "Negative"}}, {"type": "Feature", "geometry": {"type": "Point", "coordinates": [111.380082, 30.660195]}, "properties": {"类别": "村", "名称": "共和村", "topic": "市政公共设施问题", "board": "安全韧性底线", "polarity": "Neutral"}}, {"type": "Feature", "geometry": {"type": "Point", "coordinates": [111.321284, 30.67413]}, "properties": {"类别": "村", "名称": "汉宜村", "topic": "住房房产", "board": "民生基础需求", "polarity": "Negative"}}, {"type": "Feature", "geometry": {"type": "Point", "coordinates": [111.333572, 30.681932]}, "properties": {"类别": "村", "名称": "旭光村", "topic": "建筑施工噪声", "board": "民生基础需求", "polarity": "Negative"}}, {"type": "Feature", "geometry": {"type": "Point", "coordinates": [111.355746, 30.637256]}, "properties": {"类别": "村", "名称": "共勤村", "topic": "住房房产", "board": "民生基础需求", "polarity": "Very Negative"}}, {"type": "Feature", "geometry": {"type": "Point", "coordinates": [111.360882, 30.644048]}, "properties": {"类别": "村", "名称": "共勤村", "topic": "建筑施工噪声", "board": "民生基础需求", "polarity": "Negative"}}, {"type": "Feature", "geometry": {"type": "Point", "coordinates": [111.380082, 30.660195]}, "properties": {"类别": "村", "名称": "共和村", "topic": "园林绿化设施问题", "board": "民生基础需求", "polarity": "Negative"}}, {"type": "Feature", "geometry": {"type": "Point", "coordinates": [111.355746, 30.637256]}, "properties": {"类别": "村", "名称": "共勤村", "topic": "生活噪声", "board": "民生基础需求", "polarity": "Very Negative"}}, {"type": "Feature", "geometry": {"type": "Point", "coordinates": [111.35286, 30.66725]}, "properties": {"类别": "村", "名称": "火光村", "topic": "生活噪声", "board": "民生基础需求", "polarity": "Very Negative"}}, {"type": "Feature", "geometry": {"type": "Point", "coordinates": [111.360882, 30.644048]}, "properties": {"类别": "村", "名称": "共勤村", "topic": "生活噪声", "board": "民生基础需求", "polarity": "Negative"}}, {"type": "Feature", "geometry": {"type": "Point", "coordinates": [111.321284, 30.67413]}, "properties": {"类别": "村", "名称": "汉宜村", "topic": "管道设施破裂堵塞", "board": "安全韧性底线", "polarity": "Negative"}}, {"type": "Feature", "geometry": {"type": "Point", "coordinates": [111.360882, 30.644048]}, "properties": {"类别": "村", "名称": "共勤村", "topic": "违规建（构）筑物", "board": "民生基础需求", "polarity": "Very Negative"}}, {"type": "Feature", "geometry": {"type": "Point", "coordinates": [111.363979, 30.645088]}, "properties": {"类别": "村", "名称": "共勤村", "topic": "小区建设", "board": "民生基础需求", "polarity": "Negative"}}, {"type": "Feature", "geometry": {"type": "Point", "coordinates": [111.320841, 30.673022]}, "properties": {"类别": "村", "名称": "汉宜村", "topic": "建筑施工噪声", "board": "民生基础需求", "polarity": "Very Negative"}}, {"type": "Feature", "geometry": {"type": "Point", "coordinates": [111.321284, 30.67413]}, "properties": {"类别": "村", "名称": "汉宜村", "topic": "建筑施工噪声", "board": "民生基础需求", "polarity": "Very Negative"}}, {"type": "Feature", "geometry": {"type": "Point", "coordinates": [111.360882, 30.644048]}, "properties": {"类别": "村", "名称": "共勤村", "topic": "商业噪声", "board": "民生基础需求", "polarity": "Negative"}}, {"type": "Feature", "geometry": {"type": "Point", "coordinates": [111.347877, 30.655339]}, "properties": {"类别": "村", "名称": "火光村", "topic": "小区建设", "board": "民生基础需求", "polarity": "Neutral"}}, {"type": "Feature", "geometry": {"type": "Point", "coordinates": [111.371672, 30.660177]}, "properties": {"类别": "村", "名称": "共强村", "topic": "停车管理问题", "board": "民生基础需求", "polarity": "Neutral"}}, {"type": "Feature", "geometry": {"type": "Point", "coordinates": [111.360882, 30.644048]}, "properties": {"类别": "村", "名称": "共勤村", "topic": "就医", "board": "民生基础需求", "polarity": "Negative"}}, {"type": "Feature", "geometry": {"type": "Point", "coordinates": [111.380082, 30.660195]}, "properties": {"类别": "村", "名称": "共和村", "topic": "交通噪声", "board": "民生基础需求", "polarity": "Very Negative"}}, {"type": "Feature", "geometry": {"type": "Point", "coordinates": [111.380082, 30.660195]}, "properties": {"类别": "村", "名称": "共和村", "topic": "停车管理", "board": "民生基础需求", "polarity": "Negative"}}, {"type": "Feature", "geometry": {"type": "Point", "coordinates": [111.354693, 30.664327]}, "properties": {"类别": "村", "名称": "火光村", "topic": "园林绿化设施问题", "board": "民生基础需求", "polarity": "Neutral"}}, {"type": "Feature", "geometry": {"type": "Point", "coordinates": [111.338332, 30.684966]}, "properties": {"类别": "村", "名称": "旭光村", "topic": "生活噪声", "board": "民生基础需求", "polarity": "Very Negative"}}, {"type": "Feature", "geometry": {"type": "Point", "coordinates": [111.321284, 30.67413]}, "properties": {"类别": "村", "名称": "汉宜村", "topic": "小区建设", "board": "民生基础需求", "polarity": "Very Negative"}}, {"type": "Feature", "geometry": {"type": "Point", "coordinates": [111.333572, 30.681932]}, "properties": {"类别": "村", "名称": "旭光村", "topic": "商业噪声", "board": "民生基础需求", "polarity": "Negative"}}, {"type": "Feature", "geometry": {"type": "Point", "coordinates": [111.392082, 30.6493]}, "properties": {"类别": "村", "名称": "共和村", "topic": "建筑施工噪声", "board": "民生基础需求", "polarity": "Very Negative"}}, {"type": "Feature", "geometry": {"type": "Point", "coordinates": [111.360882, 30.644048]}, "properties": {"类别": "村", "名称": "共勤村", "topic": "建筑施工噪声", "board": "民生基础需求", "polarity": "Negative"}}, {"type": "Feature", "geometry": {"type": "Point", "coordinates": [111.360882, 30.644048]}, "properties": {"类别": "村", "名称": "共勤村", "topic": "施工管理问题", "board": "民生基础需求", "polarity": "Negative"}}, {"type": "Feature", "geometry": {"type": "Point", "coordinates": [111.338332, 30.684966]}, "properties": {"类别": "村", "名称": "旭光村", "topic": "垃圾清理及环卫设施问题", "board": "民生基础需求", "polarity": "Neutral"}}, {"type": "Feature", "geometry": {"type": "Point", "coordinates": [111.330029, 30.675025]}, "properties": {"类别": "村", "名称": "合益村", "topic": "小区管理", "board": "民生基础需求", "polarity": "Negative"}}, {"type": "Feature", "geometry": {"type": "Point", "coordinates": [111.321284, 30.67413]}, "properties": {"类别": "村", "名称": "汉宜村", "topic": "小区管理", "board": "民生基础需求", "polarity": "Negative"}}, {"type": "Feature", "geometry": {"type": "Point", "coordinates": [111.333572, 30.681932]}, "properties": {"类别": "村", "名称": "旭光村", "topic": "停车管理", "board": "民生基础需求", "polarity": "Negative"}}, {"type": "Feature", "geometry": {"type": "Point", "coordinates": [111.321284, 30.67413]}, "properties": {"类别": "村", "名称": "汉宜村", "topic": "园林绿化设施问题", "board": "民生基础需求", "polarity": "Very Negative"}}, {"type": "Feature", "geometry": {"type": "Point", "coordinates": [111.360882, 30.644048]}, "properties": {"类别": "村", "名称": "共勤村", "topic": "停车管理问题", "board": "民生基础需求", "polarity": "Negative"}}, {"type": "Feature", "geometry": {"type": "Point", "coordinates": [111.34694, 30.672595]}, "properties": {"类别": "村", "名称": "联丰村", "topic": "小区管理", "board": "民生基础需求", "polarity": "Negative"}}, {"type": "Feature", "geometry": {"type": "Point", "coordinates": [111.355256, 30.691889]}, "properties": {"类别": "村", "名称": "旭光村", "topic": "交通秩序", "board": "安全韧性底线", "polarity": "Negative"}}, {"type": "Feature", "geometry": {"type": "Point", "coordinates": [111.354693, 30.664327]}, "properties": {"类别": "村", "名称": "火光村", "topic": "生活噪声", "board": "民生基础需求", "polarity": "Very Negative"}}, {"type": "Feature", "geometry": {"type": "Point", "coordinates": [111.321284, 30.67413]}, "properties": {"类别": "村", "名称": "汉宜村", "topic": "管道设施破裂堵塞", "board": "安全韧性底线", "polarity": "Neutral"}}, {"type": "Feature", "geometry": {"type": "Point", "coordinates": [111.380082, 30.660195]}, "properties": {"类别": "村", "名称": "共和村", "topic": "小区建设", "board": "民生基础需求", "polarity": "Neutral"}}, {"type": "Feature", "geometry": {"type": "Point", "coordinates": [111.366485, 30.635047]}, "properties": {"类别": "村", "名称": "共勤村", "topic": "车辆乱停放", "board": "民生基础需求", "polarity": "Negative"}}, {"type": "Feature", "geometry": {"type": "Point", "coordinates": [111.3871, 30.653345]}, "properties": {"类别": "村", "名称": "共和村", "topic": "建筑施工噪声", "board": "民生基础需求", "polarity": "Negative"}}, {"type": "Feature", "geometry": {"type": "Point", "coordinates": [111.354693, 30.664327]}, "properties": {"类别": "村", "名称": "火光村", "topic": "车辆乱停放", "board": "民生基础需求", "polarity": "Negative"}}, {"type": "Feature", "geometry": {"type": "Point", "coordinates": [111.354693, 30.664327]}, "properties": {"类别": "村", "名称": "火光村", "topic": "街面秩序管理问题", "board": "民生基础需求", "polarity": "Negative"}}, {"type": "Feature", "geometry": {"type": "Point", "coordinates": [111.360882, 30.644048]}, "properties": {"类别": "村", "名称": "共勤村", "topic": "小区管理", "board": "民生基础需求", "polarity": "Negative"}}, {"type": "Feature", "geometry": {"type": "Point", "coordinates": [111.397055, 30.679897]}, "properties": {"类别": "村", "名称": "土门村", "topic": "施工管理问题", "board": "民生基础需求", "polarity": "Neutral"}}, {"type": "Feature", "geometry": {"type": "Point", "coordinates": [111.335662, 30.684713]}, "properties": {"类别": "村", "名称": "旭光村", "topic": "小区管理", "board": "民生基础需求", "polarity": "Negative"}}, {"type": "Feature", "geometry": {"type": "Point", "coordinates": [111.334036, 30.661558]}, "properties": {"类别": "村", "名称": "火光村", "topic": "住房房产", "board": "民生基础需求", "polarity": "Neutral"}}, {"type": "Feature", "geometry": {"type": "Point", "coordinates": [111.321284, 30.67413]}, "properties": {"类别": "村", "名称": "汉宜村", "topic": "交通设施问题", "board": "安全韧性底线", "polarity": "Negative"}}, {"type": "Feature", "geometry": {"type": "Point", "coordinates": [111.337925, 30.66223]}, "properties": {"类别": "村", "名称": "火光村", "topic": "垃圾清理及环卫设施问题", "board": "民生基础需求", "polarity": "Negative"}}, {"type": "Feature", "geometry": {"type": "Point", "coordinates": [111.386048, 30.669353]}, "properties": {"类别": "村", "名称": "共同村", "topic": "井盖问题", "board": "安全韧性底线", "polarity": "Neutral"}}, {"type": "Feature", "geometry": {"type": "Point", "coordinates": [111.333572, 30.681932]}, "properties": {"类别": "村", "名称": "旭光村", "topic": "商业噪声", "board": "民生基础需求", "polarity": "Very Negative"}}, {"type": "Feature", "geometry": {"type": "Point", "coordinates": [111.333572, 30.681932]}, "properties": {"类别": "村", "名称": "旭光村", "topic": "园林绿化设施问题", "board": "民生基础需求", "polarity": "Neutral"}}, {"type": "Feature", "geometry": {"type": "Point", "coordinates": [111.37174, 30.619047]}, "properties": {"类别": "村", "名称": "共联村", "topic": "管道设施破裂堵塞", "board": "安全韧性底线", "polarity": "Very Negative"}}, {"type": "Feature", "geometry": {"type": "Point", "coordinates": [111.333572, 30.681932]}, "properties": {"类别": "村", "名称": "旭光村", "topic": "小区管理", "board": "民生基础需求", "polarity": "Negative"}}, {"type": "Feature", "geometry": {"type": "Point", "coordinates": [111.321284, 30.67413]}, "properties": {"类别": "村", "名称": "汉宜村", "topic": "住房房产", "board": "民生基础需求", "polarity": "Very Negative"}}, {"type": "Feature", "geometry": {"type": "Point", "coordinates": [111.333572, 30.681932]}, "properties": {"类别": "村", "名称": "旭光村", "topic": "市政公共设施问题", "board": "安全韧性底线", "polarity": "Very Negative"}}, {"type": "Feature", "geometry": {"type": "Point", "coordinates": [111.370163, 30.658286]}, "properties": {"类别": "村", "名称": "共和村", "topic": "道路问题", "board": "民生基础需求", "polarity": "Very Negative"}}, {"type": "Feature", "geometry": {"type": "Point", "coordinates": [111.333572, 30.681932]}, "properties": {"类别": "村", "名称": "旭光村", "topic": "工业噪声", "board": "民生基础需求", "polarity": "Very Negative"}}, {"type": "Feature", "geometry": {"type": "Point", "coordinates": [111.321284, 30.67413]}, "properties": {"类别": "村", "名称": "汉宜村", "topic": "建筑施工噪声", "board": "民生基础需求", "polarity": "Very Negative"}}, {"type": "Feature", "geometry": {"type": "Point", "coordinates": [111.360882, 30.644048]}, "properties": {"类别": "村", "名称": "共勤村", "topic": "生活噪声", "board": "民生基础需求", "polarity": "Very Negative"}}, {"type": "Feature", "geometry": {"type": "Point", "coordinates": [111.347877, 30.655339]}, "properties": {"类别": "村", "名称": "火光村", "topic": "小区管理", "board": "民生基础需求", "polarity": "Very Negative"}}, {"type": "Feature", "geometry": {"type": "Point", "coordinates": [111.3648, 30.634907]}, "properties": {"类别": "村", "名称": "共勤村", "topic": "商业噪声", "board": "民生基础需求", "polarity": "Negative"}}, {"type": "Feature", "geometry": {"type": "Point", "coordinates": [111.330475, 30.666294]}, "properties": {"类别": "村", "名称": "汉宜村", "topic": "建筑施工噪声", "board": "民生基础需求", "polarity": "Negative"}}, {"type": "Feature", "geometry": {"type": "Point", "coordinates": [111.333572, 30.681932]}, "properties": {"类别": "村", "名称": "旭光村", "topic": "车辆乱停放", "board": "民生基础需求", "polarity": "Negative"}}, {"type": "Feature", "geometry": {"type": "Point", "coordinates": [111.337922, 30.66532]}, "properties": {"类别": "村", "名称": "合益村", "topic": "违规广告及广告牌破损", "board": "民生基础需求", "polarity": "Negative"}}, {"type": "Feature", "geometry": {"type": "Point", "coordinates": [111.351651, 30.673484]}, "properties": {"类别": "村", "名称": "联丰村", "topic": "停车管理问题", "board": "民生基础需求", "polarity": "Neutral"}}, {"type": "Feature", "geometry": {"type": "Point", "coordinates": [111.321284, 30.67413]}, "properties": {"类别": "村", "名称": "汉宜村", "topic": "小区建设", "board": "民生基础需求", "polarity": "Negative"}}, {"type": "Feature", "geometry": {"type": "Point", "coordinates": [111.360882, 30.644048]}, "properties": {"类别": "村", "名称": "共勤村", "topic": "停车管理问题", "board": "民生基础需求", "polarity": "Neutral"}}, {"type": "Feature", "geometry": {"type": "Point", "coordinates": [111.429952, 30.663989]}, "properties": {"类别": "村", "名称": "车站村", "topic": "住房房产", "board": "民生基础需求", "polarity": "Negative"}}, {"type": "Feature", "geometry": {"type": "Point", "coordinates": [111.335903, 30.691987]}, "properties": {"类别": "村", "名称": "旭光村", "topic": "生活噪声", "board": "民生基础需求", "polarity": "Very Negative"}}, {"type": "Feature", "geometry": {"type": "Point", "coordinates": [111.354693, 30.664327]}, "properties": {"类别": "村", "名称": "火光村", "topic": "道路问题", "board": "民生基础需求", "polarity": "Negative"}}, {"type": "Feature", "geometry": {"type": "Point", "coordinates": [111.336722, 30.691298]}, "properties": {"类别": "村", "名称": "旭光村", "topic": "小区建设", "board": "民生基础需求", "polarity": "Negative"}}, {"type": "Feature", "geometry": {"type": "Point", "coordinates": [111.336722, 30.691298]}, "properties": {"类别": "村", "名称": "旭光村", "topic": "生活噪声", "board": "民生基础需求", "polarity": "Very Negative"}}, {"type": "Feature", "geometry": {"type": "Point", "coordinates": [111.360882, 30.644048]}, "properties": {"类别": "村", "名称": "共勤村", "topic": "生活噪声", "board": "民生基础需求", "polarity": "Negative"}}, {"type": "Feature", "geometry": {"type": "Point", "coordinates": [111.333572, 30.681932]}, "properties": {"类别": "村", "名称": "旭光村", "topic": "商业噪声", "board": "民生基础需求", "polarity": "Negative"}}, {"type": "Feature", "geometry": {"type": "Point", "coordinates": [111.360882, 30.644048]}, "properties": {"类别": "村", "名称": "共勤村", "topic": "园林绿化设施问题", "board": "民生基础需求", "polarity": "Neutral"}}, {"type": "Feature", "geometry": {"type": "Point", "coordinates": [111.349078, 30.657798]}, "properties": {"类别": "村", "名称": "火光村", "topic": "街面秩序管理问题", "board": "民生基础需求", "polarity": "Negative"}}, {"type": "Feature", "geometry": {"type": "Point", "coordinates": [111.330559, 30.675251]}, "properties": {"类别": "村", "名称": "合益村", "topic": "车辆乱停放", "board": "民生基础需求", "polarity": "Very Negative"}}, {"type": "Feature", "geometry": {"type": "Point", "coordinates": [111.321284, 30.67413]}, "properties": {"类别": "村", "名称": "汉宜村", "topic": "小区管理", "board": "民生基础需求", "polarity": "Negative"}}, {"type": "Feature", "geometry": {"type": "Point", "coordinates": [111.329186, 30.673724]}, "properties": {"类别": "村", "名称": "合益村", "topic": "园林绿化设施问题", "board": "民生基础需求", "polarity": "Negative"}}, {"type": "Feature", "geometry": {"type": "Point", "coordinates": [111.373058, 30.646455]}, "properties": {"类别": "村", "名称": "共谊村", "topic": "住房房产", "board": "民生基础需求", "polarity": "Negative"}}, {"type": "Feature", "geometry": {"type": "Point", "coordinates": [111.321284, 30.67413]}, "properties": {"类别": "村", "名称": "汉宜村", "topic": "住房房产", "board": "民生基础需求", "polarity": "Negative"}}, {"type": "Feature", "geometry": {"type": "Point", "coordinates": [111.360882, 30.644048]}, "properties": {"类别": "村", "名称": "共勤村", "topic": "施工管理问题", "board": "民生基础需求", "polarity": "Negative"}}, {"type": "Feature", "geometry": {"type": "Point", "coordinates": [111.341091, 30.685179]}, "properties": {"类别": "村", "名称": "旭光村", "topic": "车辆乱停放", "board": "民生基础需求", "polarity": "Negative"}}, {"type": "Feature", "geometry": {"type": "Point", "coordinates": [111.35286, 30.66725]}, "properties": {"类别": "村", "名称": "火光村", "topic": "小区管理", "board": "民生基础需求", "polarity": "Very Negative"}}, {"type": "Feature", "geometry": {"type": "Point", "coordinates": [111.354693, 30.664327]}, "properties": {"类别": "村", "名称": "火光村", "topic": "交通设施问题", "board": "安全韧性底线", "polarity": "Neutral"}}, {"type": "Feature", "geometry": {"type": "Point", "coordinates": [111.37174, 30.619047]}, "properties": {"类别": "村", "名称": "共联村", "topic": "交通设施问题", "board": "安全韧性底线", "polarity": "Neutral"}}, {"type": "Feature", "geometry": {"type": "Point", "coordinates": [111.321284, 30.67413]}, "properties": {"类别": "村", "名称": "汉宜村", "topic": "园林绿化设施问题", "board": "民生基础需求", "polarity": "Negative"}}, {"type": "Feature", "geometry": {"type": "Point", "coordinates": [111.333572, 30.681932]}, "properties": {"类别": "村", "名称": "旭光村", "topic": "小区管理", "board": "民生基础需求", "polarity": "Negative"}}, {"type": "Feature", "geometry": {"type": "Point", "coordinates": [111.321284, 30.67413]}, "properties": {"类别": "村", "名称": "汉宜村", "topic": "住房房产", "board": "民生基础需求", "polarity": "Very Negative"}}, {"type": "Feature", "geometry": {"type": "Point", "coordinates": [111.336197, 30.666197]}, "properties": {"类别": "村", "名称": "合益村", "topic": "车辆乱停放", "board": "民生基础需求", "polarity": "Very Negative"}}, {"type": "Feature", "geometry": {"type": "Point", "coordinates": [111.321284, 30.67413]}, "properties": {"类别": "村", "名称": "汉宜村", "topic": "垃圾清理及环卫设施问题", "board": "民生基础需求", "polarity": "Negative"}}, {"type": "Feature", "geometry": {"type": "Point", "coordinates": [111.351651, 30.673484]}, "properties": {"类别": "村", "名称": "联丰村", "topic": "交通秩序", "board": "安全韧性底线", "polarity": "Negative"}}, {"type": "Feature", "geometry": {"type": "Point", "coordinates": [111.321284, 30.67413]}, "properties": {"类别": "村", "名称": "汉宜村", "topic": "管道设施破裂堵塞", "board": "安全韧性底线", "polarity": "Negative"}}, {"type": "Feature", "geometry": {"type": "Point", "coordinates": [111.341091, 30.685179]}, "properties": {"类别": "村", "名称": "旭光村", "topic": "交通秩序", "board": "安全韧性底线", "polarity": "Negative"}}, {"type": "Feature", "geometry": {"type": "Point", "coordinates": [111.333572, 30.681932]}, "properties": {"类别": "村", "名称": "旭光村", "topic": "商业噪声", "board": "民生基础需求", "polarity": "Very Negative"}}, {"type": "Feature", "geometry": {"type": "Point", "coordinates": [111.360966, 30.641802]}, "properties": {"类别": "村", "名称": "共勤村", "topic": "生活噪声", "board": "民生基础需求", "polarity": "Very Negative"}}, {"type": "Feature", "geometry": {"type": "Point", "coordinates": [111.360882, 30.644048]}, "properties": {"类别": "村", "名称": "共勤村", "topic": "建筑施工噪声", "board": "民生基础需求", "polarity": "Very Negative"}}, {"type": "Feature", "geometry": {"type": "Point", "coordinates": [111.395094, 30.658967]}, "properties": {"类别": "村", "名称": "共升村", "topic": "违规建（构）筑物", "board": "民生基础需求", "polarity": "Negative"}}, {"type": "Feature", "geometry": {"type": "Point", "coordinates": [111.409259, 30.678881]}, "properties": {"类别": "村", "名称": "土门村", "topic": "街面秩序管理问题", "board": "民生基础需求", "polarity": "Negative"}}, {"type": "Feature", "geometry": {"type": "Point", "coordinates": [111.380082, 30.660195]}, "properties": {"类别": "村", "名称": "共和村", "topic": "小区管理", "board": "民生基础需求", "polarity": "Negative"}}, {"type": "Feature", "geometry": {"type": "Point", "coordinates": [111.334004, 30.67308]}, "properties": {"类别": "村", "名称": "合益村", "topic": "垃圾清理及环卫设施问题", "board": "民生基础需求", "polarity": "Very Negative"}}, {"type": "Feature", "geometry": {"type": "Point", "coordinates": [111.321284, 30.67413]}, "properties": {"类别": "村", "名称": "汉宜村", "topic": "违规建（构）筑物", "board": "民生基础需求", "polarity": "Negative"}}, {"type": "Feature", "geometry": {"type": "Point", "coordinates": [111.378528, 30.669468]}, "properties": {"类别": "村", "名称": "共同村", "topic": "建筑施工噪声", "board": "民生基础需求", "polarity": "Very Negative"}}, {"type": "Feature", "geometry": {"type": "Point", "coordinates": [111.370163, 30.658286]}, "properties": {"类别": "村", "名称": "共和村", "topic": "施工管理问题", "board": "民生基础需求", "polarity": "Neutral"}}, {"type": "Feature", "geometry": {"type": "Point", "coordinates": [111.360882, 30.644048]}, "properties": {"类别": "村", "名称": "共勤村", "topic": "供水服务", "board": "民生基础需求", "polarity": "Negative"}}, {"type": "Feature", "geometry": {"type": "Point", "coordinates": [111.383198, 30.67131]}, "properties": {"类别": "村", "名称": "共同村", "topic": "生活噪声", "board": "民生基础需求", "polarity": "Very Negative"}}, {"type": "Feature", "geometry": {"type": "Point", "coordinates": [111.351651, 30.673484]}, "properties": {"类别": "村", "名称": "联丰村", "topic": "交通秩序", "board": "安全韧性底线", "polarity": "Negative"}}, {"type": "Feature", "geometry": {"type": "Point", "coordinates": [111.333572, 30.681932]}, "properties": {"类别": "村", "名称": "旭光村", "topic": "违规建（构）筑物", "board": "民生基础需求", "polarity": "Negative"}}, {"type": "Feature", "geometry": {"type": "Point", "coordinates": [111.340534, 30.654416]}, "properties": {"类别": "村", "名称": "火光村", "topic": "小区建设", "board": "民生基础需求", "polarity": "Very Negative"}}, {"type": "Feature", "geometry": {"type": "Point", "coordinates": [111.360882, 30.644048]}, "properties": {"类别": "村", "名称": "共勤村", "topic": "生活噪声", "board": "民生基础需求", "polarity": "Negative"}}, {"type": "Feature", "geometry": {"type": "Point", "coordinates": [111.34694, 30.672595]}, "properties": {"类别": "村", "名称": "联丰村", "topic": "车辆乱停放", "board": "民生基础需求", "polarity": "Very Negative"}}, {"type": "Feature", "geometry": {"type": "Point", "coordinates": [111.360882, 30.644048]}, "properties": {"类别": "村", "名称": "共勤村", "topic": "建筑施工噪声", "board": "民生基础需求", "polarity": "Negative"}}, {"type": "Feature", "geometry": {"type": "Point", "coordinates": [111.35286, 30.66725]}, "properties": {"类别": "村", "名称": "火光村", "topic": "生活噪声", "board": "民生基础需求", "polarity": "Negative"}}, {"type": "Feature", "geometry": {"type": "Point", "coordinates": [111.35286, 30.66725]}, "properties": {"类别": "村", "名称": "火光村", "topic": "小区建设", "board": "民生基础需求", "polarity": "Very Negative"}}, {"type": "Feature", "geometry": {"type": "Point", "coordinates": [111.333572, 30.681932]}, "properties": {"类别": "村", "名称": "旭光村", "topic": "生活噪声", "board": "民生基础需求", "polarity": "Very Negative"}}, {"type": "Feature", "geometry": {"type": "Point", "coordinates": [111.360882, 30.644048]}, "properties": {"类别": "村", "名称": "共勤村", "topic": "生活噪声", "board": "民生基础需求", "polarity": "Negative"}}, {"type": "Feature", "geometry": {"type": "Point", "coordinates": [111.333572, 30.681932]}, "properties": {"类别": "村", "名称": "旭光村", "topic": "学区学籍", "board": "民生基础需求", "polarity": "Neutral"}}, {"type": "Feature", "geometry": {"type": "Point", "coordinates": [111.385155, 30.652527]}, "properties": {"类别": "村", "名称": "共和村", "topic": "道路设施问题", "board": "安全韧性底线", "polarity": "Neutral"}}, {"type": "Feature", "geometry": {"type": "Point", "coordinates": [111.370163, 30.658286]}, "properties": {"类别": "村", "名称": "共和村", "topic": "公交服务", "board": "民生基础需求", "polarity": "Neutral"}}, {"type": "Feature", "geometry": {"type": "Point", "coordinates": [111.360882, 30.644048]}, "properties": {"类别": "村", "名称": "共勤村", "topic": "建筑施工噪声", "board": "民生基础需求", "polarity": "Negative"}}, {"type": "Feature", "geometry": {"type": "Point", "coordinates": [111.333572, 30.681932]}, "properties": {"类别": "村", "名称": "旭光村", "topic": "小区管理", "board": "民生基础需求", "polarity": "Very Negative"}}, {"type": "Feature", "geometry": {"type": "Point", "coordinates": [111.321284, 30.67413]}, "properties": {"类别": "村", "名称": "汉宜村", "topic": "违规广告及广告牌破损", "board": "民生基础需求", "polarity": "Negative"}}, {"type": "Feature", "geometry": {"type": "Point", "coordinates": [111.33961, 30.66113]}, "properties": {"类别": "村", "名称": "火光村", "topic": "住房房产", "board": "民生基础需求", "polarity": "Neutral"}}, {"type": "Feature", "geometry": {"type": "Point", "coordinates": [111.336722, 30.691298]}, "properties": {"类别": "村", "名称": "旭光村", "topic": "生活噪声", "board": "民生基础需求", "polarity": "Very Negative"}}, {"type": "Feature", "geometry": {"type": "Point", "coordinates": [111.321284, 30.67413]}, "properties": {"类别": "村", "名称": "汉宜村", "topic": "小区管理", "board": "民生基础需求", "polarity": "Negative"}}, {"type": "Feature", "geometry": {"type": "Point", "coordinates": [111.380082, 30.660195]}, "properties": {"类别": "村", "名称": "共和村", "topic": "园林绿化设施问题", "board": "民生基础需求", "polarity": "Neutral"}}, {"type": "Feature", "geometry": {"type": "Point", "coordinates": [111.361957, 30.650329]}, "properties": {"类别": "村", "名称": "共勤村", "topic": "停车管理问题", "board": "民生基础需求", "polarity": "Negative"}}, {"type": "Feature", "geometry": {"type": "Point", "coordinates": [111.333572, 30.681932]}, "properties": {"类别": "村", "名称": "旭光村", "topic": "街面秩序管理问题", "board": "民生基础需求", "polarity": "Negative"}}, {"type": "Feature", "geometry": {"type": "Point", "coordinates": [111.360882, 30.644048]}, "properties": {"类别": "村", "名称": "共勤村", "topic": "车辆乱停放", "board": "民生基础需求", "polarity": "Negative"}}, {"type": "Feature", "geometry": {"type": "Point", "coordinates": [111.360882, 30.644048]}, "properties": {"类别": "村", "名称": "共勤村", "topic": "车辆乱停放", "board": "民生基础需求", "polarity": "Negative"}}, {"type": "Feature", "geometry": {"type": "Point", "coordinates": [111.373683, 30.620496]}, "properties": {"类别": "村", "名称": "共联村", "topic": "违规建（构）筑物", "board": "民生基础需求", "polarity": "Negative"}}, {"type": "Feature", "geometry": {"type": "Point", "coordinates": [111.329152, 30.663764]}, "properties": {"类别": "村", "名称": "汉宜村", "topic": "道路问题", "board": "民生基础需求", "polarity": "Neutral"}}, {"type": "Feature", "geometry": {"type": "Point", "coordinates": [111.367541, 30.636543]}, "properties": {"类别": "村", "名称": "共联村", "topic": "车辆乱停放", "board": "民生基础需求", "polarity": "Very Negative"}}, {"type": "Feature", "geometry": {"type": "Point", "coordinates": [111.373683, 30.620496]}, "properties": {"类别": "村", "名称": "共联村", "topic": "公厕管理问题", "board": "民生基础需求", "polarity": "Negative"}}, {"type": "Feature", "geometry": {"type": "Point", "coordinates": [111.338332, 30.684966]}, "properties": {"类别": "村", "名称": "旭光村", "topic": "学区学籍", "board": "民生基础需求", "polarity": "Neutral"}}, {"type": "Feature", "geometry": {"type": "Point", "coordinates": [111.338332, 30.684966]}, "properties": {"类别": "村", "名称": "旭光村", "topic": "道路问题", "board": "民生基础需求", "polarity": "Negative"}}, {"type": "Feature", "geometry": {"type": "Point", "coordinates": [111.355256, 30.691889]}, "properties": {"类别": "村", "名称": "旭光村", "topic": "公交服务", "board": "民生基础需求", "polarity": "Negative"}}, {"type": "Feature", "geometry": {"type": "Point", "coordinates": [111.321284, 30.67413]}, "properties": {"类别": "村", "名称": "汉宜村", "topic": "小区管理", "board": "民生基础需求", "polarity": "Very Negative"}}, {"type": "Feature", "geometry": {"type": "Point", "coordinates": [111.34694, 30.672595]}, "properties": {"类别": "村", "名称": "联丰村", "topic": "道路问题", "board": "民生基础需求", "polarity": "Neutral"}}, {"type": "Feature", "geometry": {"type": "Point", "coordinates": [111.340912, 30.668696]}, "properties": {"类别": "村", "名称": "合益村", "topic": "施工管理问题", "board": "民生基础需求", "polarity": "Negative"}}, {"type": "Feature", "geometry": {"type": "Point", "coordinates": [111.370163, 30.658286]}, "properties": {"类别": "村", "名称": "共和村", "topic": "市政公共设施问题", "board": "安全韧性底线", "polarity": "Negative"}}, {"type": "Feature", "geometry": {"type": "Point", "coordinates": [111.347115, 30.650292]}, "properties": {"类别": "村", "名称": "火光村", "topic": "道路问题", "board": "民生基础需求", "polarity": "Negative"}}, {"type": "Feature", "geometry": {"type": "Point", "coordinates": [111.333337, 30.667835]}, "properties": {"类别": "村", "名称": "合益村", "topic": "施工管理问题", "board": "民生基础需求", "polarity": "Negative"}}, {"type": "Feature", "geometry": {"type": "Point", "coordinates": [111.35286, 30.66725]}, "properties": {"类别": "村", "名称": "火光村", "topic": "生活噪声", "board": "民生基础需求", "polarity": "Very Negative"}}, {"type": "Feature", "geometry": {"type": "Point", "coordinates": [111.361262, 30.647375]}, "properties": {"类别": "村", "名称": "共前村", "topic": "生活噪声", "board": "民生基础需求", "polarity": "Negative"}}, {"type": "Feature", "geometry": {"type": "Point", "coordinates": [111.406349, 30.647459]}, "properties": {"类别": "村", "名称": "车站村", "topic": "垃圾清理及环卫设施问题", "board": "民生基础需求", "polarity": "Negative"}}, {"type": "Feature", "geometry": {"type": "Point", "coordinates": [111.364686, 30.636038]}, "properties": {"类别": "村", "名称": "共勤村", "topic": "住房房产", "board": "民生基础需求", "polarity": "Very Negative"}}, {"type": "Feature", "geometry": {"type": "Point", "coordinates": [111.321284, 30.67413]}, "properties": {"类别": "村", "名称": "汉宜村", "topic": "垃圾清理及环卫设施问题", "board": "民生基础需求", "polarity": "Neutral"}}, {"type": "Feature", "geometry": {"type": "Point", "coordinates": [111.377515, 30.656791]}, "properties": {"类别": "村", "名称": "共和村", "topic": "小区建设", "board": "民生基础需求", "polarity": "Negative"}}, {"type": "Feature", "geometry": {"type": "Point", "coordinates": [111.360882, 30.644048]}, "properties": {"类别": "村", "名称": "共勤村", "topic": "建筑施工噪声", "board": "民生基础需求", "polarity": "Negative"}}, {"type": "Feature", "geometry": {"type": "Point", "coordinates": [111.337102, 30.660271]}, "properties": {"类别": "村", "名称": "火光村", "topic": "车辆乱停放", "board": "民生基础需求", "polarity": "Neutral"}}, {"type": "Feature", "geometry": {"type": "Point", "coordinates": [111.334884, 30.679444]}, "properties": {"类别": "村", "名称": "旭光村", "topic": "住房房产", "board": "民生基础需求", "polarity": "Negative"}}, {"type": "Feature", "geometry": {"type": "Point", "coordinates": [111.360882, 30.644048]}, "properties": {"类别": "村", "名称": "共勤村", "topic": "管道设施破裂堵塞", "board": "安全韧性底线", "polarity": "Very Negative"}}, {"type": "Feature", "geometry": {"type": "Point", "coordinates": [111.321284, 30.67413]}, "properties": {"类别": "村", "名称": "汉宜村", "topic": "车辆乱停放", "board": "民生基础需求", "polarity": "Neutral"}}, {"type": "Feature", "geometry": {"type": "Point", "coordinates": [111.417521, 30.642867]}, "properties": {"类别": "村", "名称": "灵宝村", "topic": "消防安全", "board": "安全韧性底线", "polarity": "Negative"}}, {"type": "Feature", "geometry": {"type": "Point", "coordinates": [111.417521, 30.642867]}, "properties": {"类别": "村", "名称": "灵宝村", "topic": "消防安全", "board": "安全韧性底线", "polarity": "Negative"}}, {"type": "Feature", "geometry": {"type": "Point", "coordinates": [111.321284, 30.67413]}, "properties": {"类别": "村", "名称": "汉宜村", "topic": "违规建（构）筑物", "board": "民生基础需求", "polarity": "Very Negative"}}, {"type": "Feature", "geometry": {"type": "Point", "coordinates": [111.360882, 30.644048]}, "properties": {"类别": "村", "名称": "共勤村", "topic": "管道设施破裂堵塞", "board": "安全韧性底线", "polarity": "Negative"}}, {"type": "Feature", "geometry": {"type": "Point", "coordinates": [111.370163, 30.658286]}, "properties": {"类别": "村", "名称": "共和村", "topic": "公交服务", "board": "民生基础需求", "polarity": "Neutral"}}, {"type": "Feature", "geometry": {"type": "Point", "coordinates": [111.321284, 30.67413]}, "properties": {"类别": "村", "名称": "汉宜村", "topic": "园林绿化设施问题", "board": "民生基础需求", "polarity": "Neutral"}}, {"type": "Feature", "geometry": {"type": "Point", "coordinates": [111.321284, 30.67413]}, "properties": {"类别": "村", "名称": "汉宜村", "topic": "建筑施工噪声", "board": "民生基础需求", "polarity": "Very Negative"}}, {"type": "Feature", "geometry": {"type": "Point", "coordinates": [111.333572, 30.681932]}, "properties": {"类别": "村", "名称": "旭光村", "topic": "商业噪声", "board": "民生基础需求", "polarity": "Neutral"}}, {"type": "Feature", "geometry": {"type": "Point", "coordinates": [111.333572, 30.681932]}, "properties": {"类别": "村", "名称": "旭光村", "topic": "小区管理", "board": "民生基础需求", "polarity": "Negative"}}, {"type": "Feature", "geometry": {"type": "Point", "coordinates": [111.321284, 30.67413]}, "properties": {"类别": "村", "名称": "汉宜村", "topic": "交通设施问题", "board": "民生基础需求", "polarity": "Negative"}}, {"type": "Feature", "geometry": {"type": "Point", "coordinates": [111.360683, 30.645366]}, "properties": {"类别": "村", "名称": "共勤村", "topic": "生活噪声", "board": "民生基础需求", "polarity": "Negative"}}, {"type": "Feature", "geometry": {"type": "Point", "coordinates": [111.332106, 30.667952]}, "properties": {"类别": "村", "名称": "合益村", "topic": "车辆乱停放", "board": "民生基础需求", "polarity": "Very Negative"}}, {"type": "Feature", "geometry": {"type": "Point", "coordinates": [111.370163, 30.658286]}, "properties": {"类别": "村", "名称": "共和村", "topic": "市政公共设施问题", "board": "安全韧性底线", "polarity": "Negative"}}, {"type": "Feature", "geometry": {"type": "Point", "coordinates": [111.3871, 30.653345]}, "properties": {"类别": "村", "名称": "共和村", "topic": "生活噪声", "board": "民生基础需求", "polarity": "Very Negative"}}, {"type": "Feature", "geometry": {"type": "Point", "coordinates": [111.360882, 30.644048]}, "properties": {"类别": "村", "名称": "共勤村", "topic": "建筑施工噪声", "board": "民生基础需求", "polarity": "Very Negative"}}, {"type": "Feature", "geometry": {"type": "Point", "coordinates": [111.370163, 30.658286]}, "properties": {"类别": "村", "名称": "共和村", "topic": "车辆乱停放", "board": "民生基础需求", "polarity": "Negative"}}, {"type": "Feature", "geometry": {"type": "Point", "coordinates": [111.373683, 30.620496]}, "properties": {"类别": "村", "名称": "共联村", "topic": "小区建设", "board": "民生基础需求", "polarity": "Negative"}}, {"type": "Feature", "geometry": {"type": "Point", "coordinates": [111.348446, 30.655197]}, "properties": {"类别": "村", "名称": "火光村", "topic": "小区建设", "board": "民生基础需求", "polarity": "Negative"}}, {"type": "Feature", "geometry": {"type": "Point", "coordinates": [111.347877, 30.655339]}, "properties": {"类别": "村", "名称": "火光村", "topic": "住房房产", "board": "民生基础需求", "polarity": "Very Negative"}}, {"type": "Feature", "geometry": {"type": "Point", "coordinates": [111.338849, 30.661169]}, "properties": {"类别": "村", "名称": "火光村", "topic": "商业噪声", "board": "民生基础需求", "polarity": "Very Negative"}}, {"type": "Feature", "geometry": {"type": "Point", "coordinates": [111.337322, 30.684943]}, "properties": {"类别": "村", "名称": "旭光村", "topic": "交通秩序", "board": "民生基础需求", "polarity": "Very Negative"}}, {"type": "Feature", "geometry": {"type": "Point", "coordinates": [111.336197, 30.666197]}, "properties": {"类别": "村", "名称": "合益村", "topic": "车辆乱停放", "board": "民生基础需求", "polarity": "Negative"}}, {"type": "Feature", "geometry": {"type": "Point", "coordinates": [111.380082, 30.660195]}, "properties": {"类别": "村", "名称": "共和村", "topic": "小区管理", "board": "民生基础需求", "polarity": "Negative"}}, {"type": "Feature", "geometry": {"type": "Point", "coordinates": [111.339126, 30.661071]}, "properties": {"类别": "村", "名称": "火光村", "topic": "道路问题", "board": "民生基础需求", "polarity": "Neutral"}}, {"type": "Feature", "geometry": {"type": "Point", "coordinates": [111.370163, 30.658286]}, "properties": {"类别": "村", "名称": "共和村", "topic": "公交服务", "board": "民生基础需求", "polarity": "Very Negative"}}, {"type": "Feature", "geometry": {"type": "Point", "coordinates": [111.321284, 30.67413]}, "properties": {"类别": "村", "名称": "汉宜村", "topic": "车辆乱停放", "board": "民生基础需求", "polarity": "Very Negative"}}, {"type": "Feature", "geometry": {"type": "Point", "coordinates": [111.360882, 30.644048]}, "properties": {"类别": "村", "名称": "共勤村", "topic": "建筑施工噪声", "board": "民生基础需求", "polarity": "Very Negative"}}, {"type": "Feature", "geometry": {"type": "Point", "coordinates": [111.332106, 30.667952]}, "properties": {"类别": "村", "名称": "合益村", "topic": "住房房产", "board": "民生基础需求", "polarity": "Negative"}}, {"type": "Feature", "geometry": {"type": "Point", "coordinates": [111.360882, 30.644048]}, "properties": {"类别": "村", "名称": "共勤村", "topic": "小区管理", "board": "民生基础需求", "polarity": "Negative"}}, {"type": "Feature", "geometry": {"type": "Point", "coordinates": [111.347877, 30.655339]}, "properties": {"类别": "村", "名称": "火光村", "topic": "车辆乱停放", "board": "民生基础需求", "polarity": "Negative"}}, {"type": "Feature", "geometry": {"type": "Point", "coordinates": [111.397055, 30.679897]}, "properties": {"类别": "村", "名称": "土门村", "topic": "堡坎、山体问题", "board": "安全韧性底线", "polarity": "Neutral"}}, {"type": "Feature", "geometry": {"type": "Point", "coordinates": [111.321284, 30.67413]}, "properties": {"类别": "村", "名称": "汉宜村", "topic": "道路设施问题", "board": "安全韧性底线", "polarity": "Neutral"}}, {"type": "Feature", "geometry": {"type": "Point", "coordinates": [111.321284, 30.67413]}, "properties": {"类别": "村", "名称": "汉宜村", "topic": "道路设施问题", "board": "安全韧性底线", "polarity": "Neutral"}}, {"type": "Feature", "geometry": {"type": "Point", "coordinates": [111.360882, 30.644048]}, "properties": {"类别": "村", "名称": "共勤村", "topic": "建筑施工噪声", "board": "民生基础需求", "polarity": "Very Negative"}}, {"type": "Feature", "geometry": {"type": "Point", "coordinates": [111.360882, 30.644048]}, "properties": {"类别": "村", "名称": "共勤村", "topic": "建筑施工噪声", "board": "民生基础需求", "polarity": "Very Negative"}}, {"type": "Feature", "geometry": {"type": "Point", "coordinates": [111.321284, 30.67413]}, "properties": {"类别": "村", "名称": "汉宜村", "topic": "生活噪声", "board": "民生基础需求", "polarity": "Negative"}}, {"type": "Feature", "geometry": {"type": "Point", "coordinates": [111.34986, 30.673983]}, "properties": {"类别": "村", "名称": "联丰村", "topic": "生活噪声", "board": "民生基础需求", "polarity": "Very Negative"}}, {"type": "Feature", "geometry": {"type": "Point", "coordinates": [111.34986, 30.673983]}, "properties": {"类别": "村", "名称": "联丰村", "topic": "生活噪声", "board": "民生基础需求", "polarity": "Very Negative"}}, {"type": "Feature", "geometry": {"type": "Point", "coordinates": [111.360882, 30.644048]}, "properties": {"类别": "村", "名称": "共勤村", "topic": "建筑施工噪声", "board": "民生基础需求", "polarity": "Very Negative"}}, {"type": "Feature", "geometry": {"type": "Point", "coordinates": [111.338332, 30.662083]}, "properties": {"类别": "村", "名称": "火光村", "topic": "垃圾清理及环卫设施问题", "board": "民生基础需求", "polarity": "Very Negative"}}, {"type": "Feature", "geometry": {"type": "Point", "coordinates": [111.360882, 30.644048]}, "properties": {"类别": "村", "名称": "共勤村", "topic": "建筑施工噪声", "board": "民生基础需求", "polarity": "Very Negative"}}, {"type": "Feature", "geometry": {"type": "Point", "coordinates": [111.3871, 30.653345]}, "properties": {"类别": "村", "名称": "共和村", "topic": "生活噪声", "board": "民生基础需求", "polarity": "Very Negative"}}, {"type": "Feature", "geometry": {"type": "Point", "coordinates": [111.336197, 30.666197]}, "properties": {"类别": "村", "名称": "合益村", "topic": "车辆乱停放", "board": "民生基础需求", "polarity": "Negative"}}, {"type": "Feature", "geometry": {"type": "Point", "coordinates": [111.321284, 30.67413]}, "properties": {"类别": "村", "名称": "汉宜村", "topic": "违规建（构）筑物", "board": "民生基础需求", "polarity": "Negative"}}, {"type": "Feature", "geometry": {"type": "Point", "coordinates": [111.360882, 30.644048]}, "properties": {"类别": "村", "名称": "共勤村", "topic": "建筑施工噪声", "board": "民生基础需求", "polarity": "Negative"}}, {"type": "Feature", "geometry": {"type": "Point", "coordinates": [111.333572, 30.681932]}, "properties": {"类别": "村", "名称": "旭光村", "topic": "垃圾清理及环卫设施问题", "board": "民生基础需求", "polarity": "Very Negative"}}, {"type": "Feature", "geometry": {"type": "Point", "coordinates": [111.360882, 30.644048]}, "properties": {"类别": "村", "名称": "共勤村", "topic": "建筑施工噪声", "board": "民生基础需求", "polarity": "Negative"}}, {"type": "Feature", "geometry": {"type": "Point", "coordinates": [111.360882, 30.644048]}, "properties": {"类别": "村", "名称": "共勤村", "topic": "商业噪声", "board": "民生基础需求", "polarity": "Negative"}}, {"type": "Feature", "geometry": {"type": "Point", "coordinates": [111.360882, 30.644048]}, "properties": {"类别": "村", "名称": "共勤村", "topic": "停车管理问题", "board": "民生基础需求", "polarity": "Neutral"}}, {"type": "Feature", "geometry": {"type": "Point", "coordinates": [111.360882, 30.644048]}, "properties": {"类别": "村", "名称": "共勤村", "topic": "施工管理问题", "board": "民生基础需求", "polarity": "Negative"}}, {"type": "Feature", "geometry": {"type": "Point", "coordinates": [111.321284, 30.67413]}, "properties": {"类别": "村", "名称": "汉宜村", "topic": "建筑施工噪声", "board": "民生基础需求", "polarity": "Very Negative"}}, {"type": "Feature", "geometry": {"type": "Point", "coordinates": [111.364686, 30.636038]}, "properties": {"类别": "村", "名称": "共勤村", "topic": "住房房产", "board": "民生基础需求", "polarity": "Very Negative"}}, {"type": "Feature", "geometry": {"type": "Point", "coordinates": [111.397055, 30.679897]}, "properties": {"类别": "村", "名称": "土门村", "topic": "园林绿化设施问题", "board": "民生基础需求", "polarity": "Negative"}}, {"type": "Feature", "geometry": {"type": "Point", "coordinates": [111.330029, 30.675025]}, "properties": {"类别": "村", "名称": "合益村", "topic": "住房房产", "board": "民生基础需求", "polarity": "Neutral"}}, {"type": "Feature", "geometry": {"type": "Point", "coordinates": [111.3871, 30.653345]}, "properties": {"类别": "村", "名称": "共和村", "topic": "井盖问题", "board": "安全韧性底线", "polarity": "Neutral"}}, {"type": "Feature", "geometry": {"type": "Point", "coordinates": [111.350018, 30.666319]}, "properties": {"类别": "村", "名称": "火光村", "topic": "井盖问题", "board": "安全韧性底线", "polarity": "Neutral"}}, {"type": "Feature", "geometry": {"type": "Point", "coordinates": [111.321284, 30.67413]}, "properties": {"类别": "村", "名称": "汉宜村", "topic": "商业噪声", "board": "民生基础需求", "polarity": "Very Negative"}}, {"type": "Feature", "geometry": {"type": "Point", "coordinates": [111.354693, 30.664327]}, "properties": {"类别": "村", "名称": "火光村", "topic": "公交服务", "board": "民生基础需求", "polarity": "Negative"}}, {"type": "Feature", "geometry": {"type": "Point", "coordinates": [111.360882, 30.644048]}, "properties": {"类别": "村", "名称": "共勤村", "topic": "生活噪声", "board": "民生基础需求", "polarity": "Negative"}}, {"type": "Feature", "geometry": {"type": "Point", "coordinates": [111.351919, 30.674621]}, "properties": {"类别": "村", "名称": "联丰村", "topic": "小区建设", "board": "民生基础需求", "polarity": "Negative"}}, {"type": "Feature", "geometry": {"type": "Point", "coordinates": [111.333337, 30.667835]}, "properties": {"类别": "村", "名称": "合益村", "topic": "车辆乱停放", "board": "民生基础需求", "polarity": "Very Negative"}}, {"type": "Feature", "geometry": {"type": "Point", "coordinates": [111.332106, 30.667952]}, "properties": {"类别": "村", "名称": "合益村", "topic": "车辆乱停放", "board": "民生基础需求", "polarity": "Negative"}}, {"type": "Feature", "geometry": {"type": "Point", "coordinates": [111.321284, 30.67413]}, "properties": {"类别": "村", "名称": "汉宜村", "topic": "住房房产", "board": "民生基础需求", "polarity": "Negative"}}, {"type": "Feature", "geometry": {"type": "Point", "coordinates": [111.360882, 30.644048]}, "properties": {"类别": "村", "名称": "共勤村", "topic": "就医", "board": "民生基础需求", "polarity": "Negative"}}, {"type": "Feature", "geometry": {"type": "Point", "coordinates": [111.321284, 30.67413]}, "properties": {"类别": "村", "名称": "汉宜村", "topic": "道路设施问题", "board": "安全韧性底线", "polarity": "Neutral"}}, {"type": "Feature", "geometry": {"type": "Point", "coordinates": [111.360882, 30.644048]}, "properties": {"类别": "村", "名称": "共勤村", "topic": "就医", "board": "民生基础需求", "polarity": "Negative"}}, {"type": "Feature", "geometry": {"type": "Point", "coordinates": [111.321284, 30.67413]}, "properties": {"类别": "村", "名称": "汉宜村", "topic": "道路设施问题", "board": "安全韧性底线", "polarity": "Neutral"}}, {"type": "Feature", "geometry": {"type": "Point", "coordinates": [111.333572, 30.681932]}, "properties": {"类别": "村", "名称": "旭光村", "topic": "车辆乱停放", "board": "民生基础需求", "polarity": "Very Negative"}}, {"type": "Feature", "geometry": {"type": "Point", "coordinates": [111.362821, 30.64987]}, "properties": {"类别": "村", "名称": "共勤村", "topic": "管道设施破裂堵塞", "board": "安全韧性底线", "polarity": "Negative"}}, {"type": "Feature", "geometry": {"type": "Point", "coordinates": [111.4308, 30.651204]}, "properties": {"类别": "村", "名称": "灵宝村", "topic": "交通设施问题", "board": "安全韧性底线", "polarity": "Negative"}}, {"type": "Feature", "geometry": {"type": "Point", "coordinates": [111.325499, 30.670285]}, "properties": {"类别": "村", "名称": "合益村", "topic": "生活噪声", "board": "民生基础需求", "polarity": "Negative"}}, {"type": "Feature", "geometry": {"type": "Point", "coordinates": [111.360882, 30.644048]}, "properties": {"类别": "村", "名称": "共勤村", "topic": "停车管理问题", "board": "民生基础需求", "polarity": "Negative"}}, {"type": "Feature", "geometry": {"type": "Point", "coordinates": [111.360882, 30.644048]}, "properties": {"类别": "村", "名称": "共勤村", "topic": "消防安全", "board": "安全韧性底线", "polarity": "Negative"}}, {"type": "Feature", "geometry": {"type": "Point", "coordinates": [111.376368, 30.650567]}, "properties": {"类别": "村", "名称": "共谊村", "topic": "车辆乱停放", "board": "民生基础需求", "polarity": "Negative"}}, {"type": "Feature", "geometry": {"type": "Point", "coordinates": [111.348119, 30.649757]}, "properties": {"类别": "村", "名称": "火光村", "topic": "道路问题", "board": "民生基础需求", "polarity": "Positive"}}, {"type": "Feature", "geometry": {"type": "Point", "coordinates": [111.321284, 30.67413]}, "properties": {"类别": "村", "名称": "汉宜村", "topic": "管道设施破裂堵塞", "board": "安全韧性底线", "polarity": "Neutral"}}, {"type": "Feature", "geometry": {"type": "Point", "coordinates": [111.395094, 30.658967]}, "properties": {"类别": "村", "名称": "共升村", "topic": "车辆乱停放", "board": "民生基础需求", "polarity": "Negative"}}, {"type": "Feature", "geometry": {"type": "Point", "coordinates": [111.329431, 30.666321]}, "properties": {"类别": "村", "名称": "汉宜村", "topic": "车辆乱停放", "board": "民生基础需求", "polarity": "Negative"}}, {"type": "Feature", "geometry": {"type": "Point", "coordinates": [111.376955, 30.648651]}, "properties": {"类别": "村", "名称": "共谊村", "topic": "停车管理问题", "board": "民生基础需求", "polarity": "Negative"}}, {"type": "Feature", "geometry": {"type": "Point", "coordinates": [111.386135, 30.67028]}, "properties": {"类别": "村", "名称": "共同村", "topic": "井盖问题", "board": "安全韧性底线", "polarity": "Neutral"}}, {"type": "Feature", "geometry": {"type": "Point", "coordinates": [111.333572, 30.681932]}, "properties": {"类别": "村", "名称": "旭光村", "topic": "街面秩序管理问题", "board": "民生基础需求", "polarity": "Negative"}}, {"type": "Feature", "geometry": {"type": "Point", "coordinates": [111.360882, 30.644048]}, "properties": {"类别": "村", "名称": "共勤村", "topic": "建筑施工噪声", "board": "民生基础需求", "polarity": "Very Negative"}}, {"type": "Feature", "geometry": {"type": "Point", "coordinates": [111.321284, 30.67413]}, "properties": {"类别": "村", "名称": "汉宜村", "topic": "车辆乱停放", "board": "民生基础需求", "polarity": "Negative"}}, {"type": "Feature", "geometry": {"type": "Point", "coordinates": [111.35102, 30.667948]}, "properties": {"类别": "村", "名称": "火光村", "topic": "小区管理", "board": "民生基础需求", "polarity": "Negative"}}, {"type": "Feature", "geometry": {"type": "Point", "coordinates": [111.329152, 30.663764]}, "properties": {"类别": "村", "名称": "汉宜村", "topic": "车辆乱停放", "board": "民生基础需求", "polarity": "Negative"}}, {"type": "Feature", "geometry": {"type": "Point", "coordinates": [111.351371, 30.685481]}, "properties": {"类别": "村", "名称": "旭光村", "topic": "园林绿化设施问题", "board": "民生基础需求", "polarity": "Negative"}}, {"type": "Feature", "geometry": {"type": "Point", "coordinates": [111.360882, 30.644048]}, "properties": {"类别": "村", "名称": "共勤村", "topic": "小区管理", "board": "民生基础需求", "polarity": "Negative"}}, {"type": "Feature", "geometry": {"type": "Point", "coordinates": [111.364686, 30.636038]}, "properties": {"类别": "村", "名称": "共勤村", "topic": "住房房产", "board": "民生基础需求", "polarity": "Very Negative"}}, {"type": "Feature", "geometry": {"type": "Point", "coordinates": [111.321284, 30.67413]}, "properties": {"类别": "村", "名称": "汉宜村", "topic": "住房房产", "board": "民生基础需求", "polarity": "Very Negative"}}, {"type": "Feature", "geometry": {"type": "Point", "coordinates": [111.339126, 30.661071]}, "properties": {"类别": "村", "名称": "火光村", "topic": "交通秩序", "board": "民生基础需求", "polarity": "Negative"}}, {"type": "Feature", "geometry": {"type": "Point", "coordinates": [111.350139, 30.659966]}, "properties": {"类别": "村", "名称": "火光村", "topic": "小区建设", "board": "民生基础需求", "polarity": "Very Negative"}}, {"type": "Feature", "geometry": {"type": "Point", "coordinates": [111.361209, 30.651324]}, "properties": {"类别": "村", "名称": "共前村", "topic": "生活噪声", "board": "民生基础需求", "polarity": "Negative"}}, {"type": "Feature", "geometry": {"type": "Point", "coordinates": [111.350139, 30.659966]}, "properties": {"类别": "村", "名称": "火光村", "topic": "住房房产", "board": "民生基础需求", "polarity": "Very Negative"}}, {"type": "Feature", "geometry": {"type": "Point", "coordinates": [111.360966, 30.641802]}, "properties": {"类别": "村", "名称": "共勤村", "topic": "管道设施破裂堵塞", "board": "安全韧性底线", "polarity": "Negative"}}, {"type": "Feature", "geometry": {"type": "Point", "coordinates": [111.373683, 30.620496]}, "properties": {"类别": "村", "名称": "共联村", "topic": "管道设施破裂堵塞", "board": "安全韧性底线", "polarity": "Negative"}}, {"type": "Feature", "geometry": {"type": "Point", "coordinates": [111.321284, 30.67413]}, "properties": {"类别": "村", "名称": "汉宜村", "topic": "违规建（构）筑物", "board": "民生基础需求", "polarity": "Negative"}}, {"type": "Feature", "geometry": {"type": "Point", "coordinates": [111.357076, 30.638187]}, "properties": {"类别": "村", "名称": "共勤村", "topic": "公共设施异响噪声", "board": "民生基础需求", "polarity": "Negative"}}, {"type": "Feature", "geometry": {"type": "Point", "coordinates": [111.335903, 30.692307]}, "properties": {"类别": "村", "名称": "旭光村", "topic": "停车管理问题", "board": "民生基础需求", "polarity": "Negative"}}, {"type": "Feature", "geometry": {"type": "Point", "coordinates": [111.329431, 30.666321]}, "properties": {"类别": "村", "名称": "汉宜村", "topic": "车辆乱停放", "board": "民生基础需求", "polarity": "Negative"}}, {"type": "Feature", "geometry": {"type": "Point", "coordinates": [111.329431, 30.666321]}, "properties": {"类别": "村", "名称": "汉宜村", "topic": "车辆乱停放", "board": "民生基础需求", "polarity": "Very Negative"}}, {"type": "Feature", "geometry": {"type": "Point", "coordinates": [111.332106, 30.667952]}, "properties": {"类别": "村", "名称": "合益村", "topic": "车辆乱停放", "board": "民生基础需求", "polarity": "Very Negative"}}, {"type": "Feature", "geometry": {"type": "Point", "coordinates": [111.318188, 30.674115]}, "properties": {"类别": "村", "名称": "汉宜村", "topic": "消防安全", "board": "安全韧性底线", "polarity": "Very Negative"}}, {"type": "Feature", "geometry": {"type": "Point", "coordinates": [111.318188, 30.674115]}, "properties": {"类别": "村", "名称": "汉宜村", "topic": "消防安全", "board": "安全韧性底线", "polarity": "Negative"}}, {"type": "Feature", "geometry": {"type": "Point", "coordinates": [111.329431, 30.666321]}, "properties": {"类别": "村", "名称": "汉宜村", "topic": "车辆乱停放", "board": "民生基础需求", "polarity": "Negative"}}, {"type": "Feature", "geometry": {"type": "Point", "coordinates": [111.386048, 30.669353]}, "properties": {"类别": "村", "名称": "共同村", "topic": "交通设施问题", "board": "安全韧性底线", "polarity": "Neutral"}}, {"type": "Feature", "geometry": {"type": "Point", "coordinates": [111.360882, 30.644048]}, "properties": {"类别": "村", "名称": "共勤村", "topic": "就医", "board": "民生基础需求", "polarity": "Negative"}}, {"type": "Feature", "geometry": {"type": "Point", "coordinates": [111.360882, 30.644048]}, "properties": {"类别": "村", "名称": "共勤村", "topic": "生活噪声", "board": "民生基础需求", "polarity": "Very Negative"}}, {"type": "Feature", "geometry": {"type": "Point", "coordinates": [111.321284, 30.67413]}, "properties": {"类别": "村", "名称": "汉宜村", "topic": "生活噪声", "board": "民生基础需求", "polarity": "Negative"}}, {"type": "Feature", "geometry": {"type": "Point", "coordinates": [111.379423, 30.655744]}, "properties": {"类别": "村", "名称": "共和村", "topic": "商业噪声", "board": "民生基础需求", "polarity": "Very Negative"}}, {"type": "Feature", "geometry": {"type": "Point", "coordinates": [111.338461, 30.661125]}, "properties": {"类别": "村", "名称": "火光村", "topic": "小区管理", "board": "民生基础需求", "polarity": "Negative"}}, {"type": "Feature", "geometry": {"type": "Point", "coordinates": [111.363573, 30.638243]}, "properties": {"类别": "村", "名称": "共勤村", "topic": "生活噪声", "board": "民生基础需求", "polarity": "Negative"}}, {"type": "Feature", "geometry": {"type": "Point", "coordinates": [111.341091, 30.685179]}, "properties": {"类别": "村", "名称": "旭光村", "topic": "商业噪声", "board": "民生基础需求", "polarity": "Negative"}}, {"type": "Feature", "geometry": {"type": "Point", "coordinates": [111.321284, 30.67413]}, "properties": {"类别": "村", "名称": "汉宜村", "topic": "违规建（构）筑物", "board": "民生基础需求", "polarity": "Negative"}}, {"type": "Feature", "geometry": {"type": "Point", "coordinates": [111.321284, 30.67413]}, "properties": {"类别": "村", "名称": "汉宜村", "topic": "垃圾清理及环卫设施问题", "board": "民生基础需求", "polarity": "Neutral"}}, {"type": "Feature", "geometry": {"type": "Point", "coordinates": [111.334036, 30.661558]}, "properties": {"类别": "村", "名称": "火光村", "topic": "生活噪声", "board": "民生基础需求", "polarity": "Very Negative"}}, {"type": "Feature", "geometry": {"type": "Point", "coordinates": [111.321284, 30.67413]}, "properties": {"类别": "村", "名称": "汉宜村", "topic": "小区管理", "board": "民生基础需求", "polarity": "Negative"}}, {"type": "Feature", "geometry": {"type": "Point", "coordinates": [111.349078, 30.657798]}, "properties": {"类别": "村", "名称": "火光村", "topic": "住房房产", "board": "民生基础需求", "polarity": "Negative"}}, {"type": "Feature", "geometry": {"type": "Point", "coordinates": [111.332106, 30.667952]}, "properties": {"类别": "村", "名称": "合益村", "topic": "车辆乱停放", "board": "民生基础需求", "polarity": "Very Negative"}}, {"type": "Feature", "geometry": {"type": "Point", "coordinates": [111.321284, 30.67413]}, "properties": {"类别": "村", "名称": "汉宜村", "topic": "市政公共设施问题", "board": "安全韧性底线", "polarity": "Neutral"}}, {"type": "Feature", "geometry": {"type": "Point", "coordinates": [111.409259, 30.678881]}, "properties": {"类别": "村", "名称": "土门村", "topic": "商业噪声", "board": "民生基础需求", "polarity": "Negative"}}, {"type": "Feature", "geometry": {"type": "Point", "coordinates": [111.333572, 30.681932]}, "properties": {"类别": "村", "名称": "旭光村", "topic": "井盖问题", "board": "安全韧性底线", "polarity": "Neutral"}}, {"type": "Feature", "geometry": {"type": "Point", "coordinates": [111.333572, 30.681932]}, "properties": {"类别": "村", "名称": "旭光村", "topic": "住房房产", "board": "民生基础需求", "polarity": "Very Negative"}}, {"type": "Feature", "geometry": {"type": "Point", "coordinates": [111.343044, 30.662249]}, "properties": {"类别": "村", "名称": "火光村", "topic": "小区建设", "board": "民生基础需求", "polarity": "Negative"}}, {"type": "Feature", "geometry": {"type": "Point", "coordinates": [111.360882, 30.644048]}, "properties": {"类别": "村", "名称": "共勤村", "topic": "商业噪声", "board": "民生基础需求", "polarity": "Negative"}}, {"type": "Feature", "geometry": {"type": "Point", "coordinates": [111.386135, 30.67028]}, "properties": {"类别": "村", "名称": "共同村", "topic": "商业噪声", "board": "民生基础需求", "polarity": "Very Negative"}}, {"type": "Feature", "geometry": {"type": "Point", "coordinates": [111.376662, 30.624121]}, "properties": {"类别": "村", "名称": "共联村", "topic": "垃圾清理及环卫设施问题", "board": "民生基础需求", "polarity": "Negative"}}, {"type": "Feature", "geometry": {"type": "Point", "coordinates": [111.333572, 30.681932]}, "properties": {"类别": "村", "名称": "旭光村", "topic": "停车管理问题", "board": "民生基础需求", "polarity": "Negative"}}, {"type": "Feature", "geometry": {"type": "Point", "coordinates": [111.333572, 30.681932]}, "properties": {"类别": "村", "名称": "旭光村", "topic": "商业噪声", "board": "民生基础需求", "polarity": "Negative"}}, {"type": "Feature", "geometry": {"type": "Point", "coordinates": [111.355746, 30.637256]}, "properties": {"类别": "村", "名称": "共勤村", "topic": "建筑施工噪声", "board": "民生基础需求", "polarity": "Negative"}}, {"type": "Feature", "geometry": {"type": "Point", "coordinates": [111.321284, 30.67413]}, "properties": {"类别": "村", "名称": "汉宜村", "topic": "车辆乱停放", "board": "民生基础需求", "polarity": "Negative"}}, {"type": "Feature", "geometry": {"type": "Point", "coordinates": [111.321284, 30.67413]}, "properties": {"类别": "村", "名称": "汉宜村", "topic": "道路设施问题", "board": "安全韧性底线", "polarity": "Neutral"}}, {"type": "Feature", "geometry": {"type": "Point", "coordinates": [111.406349, 30.647459]}, "properties": {"类别": "村", "名称": "车站村", "topic": "井盖问题", "board": "安全韧性底线", "polarity": "Neutral"}}, {"type": "Feature", "geometry": {"type": "Point", "coordinates": [111.378712, 30.662406]}, "properties": {"类别": "村", "名称": "共和村", "topic": "小区管理", "board": "民生基础需求", "polarity": "Negative"}}, {"type": "Feature", "geometry": {"type": "Point", "coordinates": [111.337465, 30.690328]}, "properties": {"类别": "村", "名称": "旭光村", "topic": "车辆乱停放", "board": "民生基础需求", "polarity": "Negative"}}, {"type": "Feature", "geometry": {"type": "Point", "coordinates": [111.361209, 30.651324]}, "properties": {"类别": "村", "名称": "共前村", "topic": "消防安全", "board": "安全韧性底线", "polarity": "Negative"}}, {"type": "Feature", "geometry": {"type": "Point", "coordinates": [111.321284, 30.67413]}, "properties": {"类别": "村", "名称": "汉宜村", "topic": "井盖问题", "board": "安全韧性底线", "polarity": "Negative"}}, {"type": "Feature", "geometry": {"type": "Point", "coordinates": [111.321284, 30.67413]}, "properties": {"类别": "村", "名称": "汉宜村", "topic": "垃圾清理及环卫设施问题", "board": "民生基础需求", "polarity": "Neutral"}}, {"type": "Feature", "geometry": {"type": "Point", "coordinates": [111.358132, 30.650426]}, "properties": {"类别": "村", "名称": "共前村", "topic": "市政公共设施问题", "board": "安全韧性底线", "polarity": "Very Negative"}}, {"type": "Feature", "geometry": {"type": "Point", "coordinates": [111.355256, 30.691889]}, "properties": {"类别": "村", "名称": "旭光村", "topic": "车辆乱停放", "board": "民生基础需求", "polarity": "Neutral"}}, {"type": "Feature", "geometry": {"type": "Point", "coordinates": [111.342858, 30.685285]}, "properties": {"类别": "村", "名称": "旭光村", "topic": "违规广告及广告牌破损", "board": "民生基础需求", "polarity": "Neutral"}}, {"type": "Feature", "geometry": {"type": "Point", "coordinates": [111.329431, 30.666321]}, "properties": {"类别": "村", "名称": "汉宜村", "topic": "车辆乱停放", "board": "民生基础需求", "polarity": "Negative"}}, {"type": "Feature", "geometry": {"type": "Point", "coordinates": [111.376368, 30.650567]}, "properties": {"类别": "村", "名称": "共谊村", "topic": "交通设施问题", "board": "安全韧性底线", "polarity": "Negative"}}, {"type": "Feature", "geometry": {"type": "Point", "coordinates": [111.351919, 30.674621]}, "properties": {"类别": "村", "名称": "联丰村", "topic": "生活噪声", "board": "民生基础需求", "polarity": "Very Negative"}}, {"type": "Feature", "geometry": {"type": "Point", "coordinates": [111.360882, 30.644048]}, "properties": {"类别": "村", "名称": "共勤村", "topic": "小区管理", "board": "民生基础需求", "polarity": "Very Negative"}}, {"type": "Feature", "geometry": {"type": "Point", "coordinates": [111.321284, 30.67413]}, "properties": {"类别": "村", "名称": "汉宜村", "topic": "车辆乱停放", "board": "民生基础需求", "polarity": "Very Negative"}}, {"type": "Feature", "geometry": {"type": "Point", "coordinates": [111.331696, 30.670315]}, "properties": {"类别": "村", "名称": "合益村", "topic": "建筑施工噪声", "board": "民生基础需求", "polarity": "Negative"}}, {"type": "Feature", "geometry": {"type": "Point", "coordinates": [111.333572, 30.681932]}, "properties": {"类别": "村", "名称": "旭光村", "topic": "生活噪声", "board": "民生基础需求", "polarity": "Very Negative"}}, {"type": "Feature", "geometry": {"type": "Point", "coordinates": [111.364686, 30.636038]}, "properties": {"类别": "村", "名称": "共勤村", "topic": "商业噪声", "board": "民生基础需求", "polarity": "Very Negative"}}, {"type": "Feature", "geometry": {"type": "Point", "coordinates": [111.329431, 30.666321]}, "properties": {"类别": "村", "名称": "汉宜村", "topic": "车辆乱停放", "board": "民生基础需求", "polarity": "Negative"}}, {"type": "Feature", "geometry": {"type": "Point", "coordinates": [111.329431, 30.666321]}, "properties": {"类别": "村", "名称": "汉宜村", "topic": "车辆乱停放", "board": "民生基础需求", "polarity": "Negative"}}, {"type": "Feature", "geometry": {"type": "Point", "coordinates": [111.354693, 30.664327]}, "properties": {"类别": "村", "名称": "火光村", "topic": "井盖问题", "board": "安全韧性底线", "polarity": "Negative"}}, {"type": "Feature", "geometry": {"type": "Point", "coordinates": [111.360882, 30.644048]}, "properties": {"类别": "村", "名称": "共勤村", "topic": "小区建设", "board": "民生基础需求", "polarity": "Negative"}}, {"type": "Feature", "geometry": {"type": "Point", "coordinates": [111.35122, 30.655262]}, "properties": {"类别": "村", "名称": "火光村", "topic": "交通设施问题", "board": "安全韧性底线", "polarity": "Neutral"}}, {"type": "Feature", "geometry": {"type": "Point", "coordinates": [111.360882, 30.644048]}, "properties": {"类别": "村", "名称": "共勤村", "topic": "供电服务", "board": "安全韧性底线", "polarity": "Negative"}}, {"type": "Feature", "geometry": {"type": "Point", "coordinates": [111.360882, 30.644048]}, "properties": {"类别": "村", "名称": "共勤村", "topic": "生活噪声", "board": "民生基础需求", "polarity": "Negative"}}, {"type": "Feature", "geometry": {"type": "Point", "coordinates": [111.360882, 30.644048]}, "properties": {"类别": "村", "名称": "共勤村", "topic": "小区管理", "board": "民生基础需求", "polarity": "Negative"}}, {"type": "Feature", "geometry": {"type": "Point", "coordinates": [111.333337, 30.667835]}, "properties": {"类别": "村", "名称": "合益村", "topic": "车辆乱停放", "board": "民生基础需求", "polarity": "Negative"}}, {"type": "Feature", "geometry": {"type": "Point", "coordinates": [111.34694, 30.672595]}, "properties": {"类别": "村", "名称": "联丰村", "topic": "就医", "board": "民生基础需求", "polarity": "Negative"}}, {"type": "Feature", "geometry": {"type": "Point", "coordinates": [111.334036, 30.661558]}, "properties": {"类别": "村", "名称": "火光村", "topic": "住房房产", "board": "民生基础需求", "polarity": "Very Negative"}}, {"type": "Feature", "geometry": {"type": "Point", "coordinates": [111.360882, 30.644048]}, "properties": {"类别": "村", "名称": "共勤村", "topic": "建筑施工噪声", "board": "民生基础需求", "polarity": "Very Negative"}}, {"type": "Feature", "geometry": {"type": "Point", "coordinates": [111.321284, 30.67413]}, "properties": {"类别": "村", "名称": "汉宜村", "topic": "交通设施问题", "board": "安全韧性底线", "polarity": "Negative"}}, {"type": "Feature", "geometry": {"type": "Point", "coordinates": [111.365833, 30.634654]}, "properties": {"类别": "村", "名称": "共勤村", "topic": "停车管理", "board": "民生基础需求", "polarity": "Neutral"}}, {"type": "Feature", "geometry": {"type": "Point", "coordinates": [111.362825, 30.650525]}, "properties": {"类别": "村", "名称": "共勤村", "topic": "商业噪声", "board": "民生基础需求", "polarity": "Very Negative"}}, {"type": "Feature", "geometry": {"type": "Point", "coordinates": [111.351371, 30.685481]}, "properties": {"类别": "村", "名称": "旭光村", "topic": "园林绿化设施问题", "board": "民生基础需求", "polarity": "Negative"}}, {"type": "Feature", "geometry": {"type": "Point", "coordinates": [111.333572, 30.681932]}, "properties": {"类别": "村", "名称": "旭光村", "topic": "公交服务", "board": "民生基础需求", "polarity": "Neutral"}}, {"type": "Feature", "geometry": {"type": "Point", "coordinates": [111.329431, 30.666321]}, "properties": {"类别": "村", "名称": "汉宜村", "topic": "道路问题", "board": "民生基础需求", "polarity": "Very Negative"}}, {"type": "Feature", "geometry": {"type": "Point", "coordinates": [111.321284, 30.67413]}, "properties": {"类别": "村", "名称": "汉宜村", "topic": "园林绿化设施问题", "board": "民生基础需求", "polarity": "Neutral"}}, {"type": "Feature", "geometry": {"type": "Point", "coordinates": [111.362821, 30.64987]}, "properties": {"类别": "村", "名称": "共勤村", "topic": "违规建（构）筑物", "board": "民生基础需求", "polarity": "Negative"}}, {"type": "Feature", "geometry": {"type": "Point", "coordinates": [111.321284, 30.67413]}, "properties": {"类别": "村", "名称": "汉宜村", "topic": "停车管理问题", "board": "民生基础需求", "polarity": "Negative"}}, {"type": "Feature", "geometry": {"type": "Point", "coordinates": [111.333572, 30.681932]}, "properties": {"类别": "村", "名称": "旭光村", "topic": "管道设施破裂堵塞", "board": "安全韧性底线", "polarity": "Very Negative"}}, {"type": "Feature", "geometry": {"type": "Point", "coordinates": [111.333572, 30.681932]}, "properties": {"类别": "村", "名称": "旭光村", "topic": "交通秩序", "board": "民生基础需求", "polarity": "Neutral"}}, {"type": "Feature", "geometry": {"type": "Point", "coordinates": [111.337465, 30.690328]}, "properties": {"类别": "村", "名称": "旭光村", "topic": "建筑施工噪声", "board": "民生基础需求", "polarity": "Negative"}}, {"type": "Feature", "geometry": {"type": "Point", "coordinates": [111.337465, 30.690328]}, "properties": {"类别": "村", "名称": "旭光村", "topic": "建筑施工噪声", "board": "民生基础需求", "polarity": "Negative"}}, {"type": "Feature", "geometry": {"type": "Point", "coordinates": [111.333572, 30.681932]}, "properties": {"类别": "村", "名称": "旭光村", "topic": "建筑施工噪声", "board": "民生基础需求", "polarity": "Negative"}}, {"type": "Feature", "geometry": {"type": "Point", "coordinates": [111.360882, 30.644048]}, "properties": {"类别": "村", "名称": "共勤村", "topic": "生活噪声", "board": "民生基础需求", "polarity": "Negative"}}, {"type": "Feature", "geometry": {"type": "Point", "coordinates": [111.362821, 30.64987]}, "properties": {"类别": "村", "名称": "共勤村", "topic": "生活噪声", "board": "民生基础需求", "polarity": "Negative"}}, {"type": "Feature", "geometry": {"type": "Point", "coordinates": [111.336197, 30.666197]}, "properties": {"类别": "村", "名称": "合益村", "topic": "车辆乱停放", "board": "民生基础需求", "polarity": "Very Negative"}}, {"type": "Feature", "geometry": {"type": "Point", "coordinates": [111.360882, 30.644048]}, "properties": {"类别": "村", "名称": "共勤村", "topic": "小区管理", "board": "民生基础需求", "polarity": "Very Negative"}}, {"type": "Feature", "geometry": {"type": "Point", "coordinates": [111.318012, 30.674957]}, "properties": {"类别": "村", "名称": "汉宜村", "topic": "垃圾清理及环卫设施问题", "board": "民生基础需求", "polarity": "Negative"}}, {"type": "Feature", "geometry": {"type": "Point", "coordinates": [111.324545, 30.670446]}, "properties": {"类别": "村", "名称": "合益村", "topic": "住房房产", "board": "民生基础需求", "polarity": "Negative"}}, {"type": "Feature", "geometry": {"type": "Point", "coordinates": [111.321284, 30.67413]}, "properties": {"类别": "村", "名称": "汉宜村", "topic": "供电服务", "board": "安全韧性底线", "polarity": "Negative"}}, {"type": "Feature", "geometry": {"type": "Point", "coordinates": [111.347877, 30.655339]}, "properties": {"类别": "村", "名称": "火光村", "topic": "住房房产", "board": "民生基础需求", "polarity": "Negative"}}, {"type": "Feature", "geometry": {"type": "Point", "coordinates": [111.360882, 30.644048]}, "properties": {"类别": "村", "名称": "共勤村", "topic": "生活噪声", "board": "民生基础需求", "polarity": "Negative"}}, {"type": "Feature", "geometry": {"type": "Point", "coordinates": [111.3871, 30.653345]}, "properties": {"类别": "村", "名称": "共和村", "topic": "住房房产", "board": "民生基础需求", "polarity": "Negative"}}, {"type": "Feature", "geometry": {"type": "Point", "coordinates": [111.360882, 30.644048]}, "properties": {"类别": "村", "名称": "共勤村", "topic": "供水服务", "board": "民生基础需求", "polarity": "Negative"}}, {"type": "Feature", "geometry": {"type": "Point", "coordinates": [111.321284, 30.67413]}, "properties": {"类别": "村", "名称": "汉宜村", "topic": "生活噪声", "board": "民生基础需求", "polarity": "Negative"}}, {"type": "Feature", "geometry": {"type": "Point", "coordinates": [111.321284, 30.67413]}, "properties": {"类别": "村", "名称": "汉宜村", "topic": "小区建设", "board": "民生基础需求", "polarity": "Negative"}}, {"type": "Feature", "geometry": {"type": "Point", "coordinates": [111.354693, 30.664327]}, "properties": {"类别": "村", "名称": "火光村", "topic": "建筑施工噪声", "board": "民生基础需求", "polarity": "Very Negative"}}, {"type": "Feature", "geometry": {"type": "Point", "coordinates": [111.329431, 30.666321]}, "properties": {"类别": "村", "名称": "汉宜村", "topic": "车辆乱停放", "board": "民生基础需求", "polarity": "Very Negative"}}, {"type": "Feature", "geometry": {"type": "Point", "coordinates": [111.354693, 30.664327]}, "properties": {"类别": "村", "名称": "火光村", "topic": "学区学籍", "board": "民生基础需求", "polarity": "Neutral"}}, {"type": "Feature", "geometry": {"type": "Point", "coordinates": [111.378528, 30.669468]}, "properties": {"类别": "村", "名称": "共同村", "topic": "供水服务", "board": "民生基础需求", "polarity": "Negative"}}, {"type": "Feature", "geometry": {"type": "Point", "coordinates": [111.362821, 30.64987]}, "properties": {"类别": "村", "名称": "共勤村", "topic": "生活噪声", "board": "民生基础需求", "polarity": "Negative"}}, {"type": "Feature", "geometry": {"type": "Point", "coordinates": [111.385588, 30.647081]}, "properties": {"类别": "村", "名称": "共和村", "topic": "生活噪声", "board": "民生基础需求", "polarity": "Negative"}}, {"type": "Feature", "geometry": {"type": "Point", "coordinates": [111.338723, 30.666188]}, "properties": {"类别": "村", "名称": "合益村", "topic": "生活噪声", "board": "民生基础需求", "polarity": "Very Negative"}}, {"type": "Feature", "geometry": {"type": "Point", "coordinates": [111.361481, 30.649664]}, "properties": {"类别": "村", "名称": "共前村", "topic": "停车管理问题", "board": "民生基础需求", "polarity": "Neutral"}}, {"type": "Feature", "geometry": {"type": "Point", "coordinates": [111.333572, 30.681932]}, "properties": {"类别": "村", "名称": "旭光村", "topic": "交通设施问题", "board": "安全韧性底线", "polarity": "Neutral"}}, {"type": "Feature", "geometry": {"type": "Point", "coordinates": [111.333572, 30.681932]}, "properties": {"类别": "村", "名称": "旭光村", "topic": "违规建（构）筑物", "board": "民生基础需求", "polarity": "Negative"}}, {"type": "Feature", "geometry": {"type": "Point", "coordinates": [111.37174, 30.619047]}, "properties": {"类别": "村", "名称": "共联村", "topic": "交通设施问题", "board": "安全韧性底线", "polarity": "Neutral"}}, {"type": "Feature", "geometry": {"type": "Point", "coordinates": [111.360882, 30.644048]}, "properties": {"类别": "村", "名称": "共勤村", "topic": "商业噪声", "board": "民生基础需求", "polarity": "Negative"}}, {"type": "Feature", "geometry": {"type": "Point", "coordinates": [111.341091, 30.685179]}, "properties": {"类别": "村", "名称": "旭光村", "topic": "违规广告及广告牌破损", "board": "民生基础需求", "polarity": "Negative"}}, {"type": "Feature", "geometry": {"type": "Point", "coordinates": [111.333572, 30.681932]}, "properties": {"类别": "村", "名称": "旭光村", "topic": "小区管理", "board": "民生基础需求", "polarity": "Negative"}}, {"type": "Feature", "geometry": {"type": "Point", "coordinates": [111.321284, 30.67413]}, "properties": {"类别": "村", "名称": "汉宜村", "topic": "商业噪声", "board": "民生基础需求", "polarity": "Negative"}}, {"type": "Feature", "geometry": {"type": "Point", "coordinates": [111.351919, 30.674621]}, "properties": {"类别": "村", "名称": "联丰村", "topic": "小区建设", "board": "民生基础需求", "polarity": "Very Negative"}}, {"type": "Feature", "geometry": {"type": "Point", "coordinates": [111.363789, 30.641989]}, "properties": {"类别": "村", "名称": "共勤村", "topic": "停车管理问题", "board": "民生基础需求", "polarity": "Negative"}}, {"type": "Feature", "geometry": {"type": "Point", "coordinates": [111.321284, 30.67413]}, "properties": {"类别": "村", "名称": "汉宜村", "topic": "交通秩序", "board": "安全韧性底线", "polarity": "Neutral"}}, {"type": "Feature", "geometry": {"type": "Point", "coordinates": [111.383198, 30.67131]}, "properties": {"类别": "村", "名称": "共同村", "topic": "交通设施问题", "board": "安全韧性底线", "polarity": "Very Negative"}}, {"type": "Feature", "geometry": {"type": "Point", "coordinates": [111.312282, 30.682569]}, "properties": {"类别": "村", "名称": "汉宜村", "topic": "住房房产", "board": "民生基础需求", "polarity": "Neutral"}}, {"type": "Feature", "geometry": {"type": "Point", "coordinates": [111.335034, 30.665493]}, "properties": {"类别": "村", "名称": "合益村", "topic": "小区建设", "board": "民生基础需求", "polarity": "Neutral"}}, {"type": "Feature", "geometry": {"type": "Point", "coordinates": [111.321284, 30.67413]}, "properties": {"类别": "村", "名称": "汉宜村", "topic": "施工管理问题", "board": "民生基础需求", "polarity": "Very Negative"}}, {"type": "Feature", "geometry": {"type": "Point", "coordinates": [111.312282, 30.682569]}, "properties": {"类别": "村", "名称": "汉宜村", "topic": "住房房产", "board": "民生基础需求", "polarity": "Neutral"}}, {"type": "Feature", "geometry": {"type": "Point", "coordinates": [111.397055, 30.679897]}, "properties": {"类别": "村", "名称": "土门村", "topic": "道路问题", "board": "民生基础需求", "polarity": "Neutral"}}, {"type": "Feature", "geometry": {"type": "Point", "coordinates": [111.37174, 30.619047]}, "properties": {"类别": "村", "名称": "共联村", "topic": "道路问题", "board": "民生基础需求", "polarity": "Negative"}}, {"type": "Feature", "geometry": {"type": "Point", "coordinates": [111.334884, 30.679444]}, "properties": {"类别": "村", "名称": "旭光村", "topic": "住房房产", "board": "民生基础需求", "polarity": "Negative"}}, {"type": "Feature", "geometry": {"type": "Point", "coordinates": [111.338332, 30.662083]}, "properties": {"类别": "村", "名称": "火光村", "topic": "小区管理", "board": "民生基础需求", "polarity": "Negative"}}, {"type": "Feature", "geometry": {"type": "Point", "coordinates": [111.354381, 30.664189]}, "properties": {"类别": "村", "名称": "火光村", "topic": "道路设施问题", "board": "安全韧性底线", "polarity": "Neutral"}}, {"type": "Feature", "geometry": {"type": "Point", "coordinates": [111.354693, 30.664327]}, "properties": {"类别": "村", "名称": "火光村", "topic": "园林绿化设施问题", "board": "民生基础需求", "polarity": "Neutral"}}, {"type": "Feature", "geometry": {"type": "Point", "coordinates": [111.354693, 30.664327]}, "properties": {"类别": "村", "名称": "火光村", "topic": "井盖问题", "board": "安全韧性底线", "polarity": "Neutral"}}, {"type": "Feature", "geometry": {"type": "Point", "coordinates": [111.335034, 30.665493]}, "properties": {"类别": "村", "名称": "合益村", "topic": "交通秩序", "board": "安全韧性底线", "polarity": "Negative"}}, {"type": "Feature", "geometry": {"type": "Point", "coordinates": [111.338849, 30.661169]}, "properties": {"类别": "村", "名称": "火光村", "topic": "供水服务", "board": "民生基础需求", "polarity": "Very Negative"}}, {"type": "Feature", "geometry": {"type": "Point", "coordinates": [111.370503, 30.627831]}, "properties": {"类别": "村", "名称": "共联村", "topic": "道路问题", "board": "民生基础需求", "polarity": "Very Negative"}}, {"type": "Feature", "geometry": {"type": "Point", "coordinates": [111.321284, 30.67413]}, "properties": {"类别": "村", "名称": "汉宜村", "topic": "生活噪声", "board": "民生基础需求", "polarity": "Negative"}}, {"type": "Feature", "geometry": {"type": "Point", "coordinates": [111.341091, 30.685179]}, "properties": {"类别": "村", "名称": "旭光村", "topic": "商业噪声", "board": "民生基础需求", "polarity": "Negative"}}, {"type": "Feature", "geometry": {"type": "Point", "coordinates": [111.397055, 30.679897]}, "properties": {"类别": "村", "名称": "土门村", "topic": "交通设施问题", "board": "安全韧性底线", "polarity": "Neutral"}}, {"type": "Feature", "geometry": {"type": "Point", "coordinates": [111.373683, 30.620496]}, "properties": {"类别": "村", "名称": "共联村", "topic": "住房房产", "board": "民生基础需求", "polarity": "Negative"}}, {"type": "Feature", "geometry": {"type": "Point", "coordinates": [111.361957, 30.650329]}, "properties": {"类别": "村", "名称": "共勤村", "topic": "小区管理", "board": "民生基础需求", "polarity": "Negative"}}, {"type": "Feature", "geometry": {"type": "Point", "coordinates": [111.347877, 30.655339]}, "properties": {"类别": "村", "名称": "火光村", "topic": "小区建设", "board": "民生基础需求", "polarity": "Negative"}}, {"type": "Feature", "geometry": {"type": "Point", "coordinates": [111.333572, 30.681932]}, "properties": {"类别": "村", "名称": "旭光村", "topic": "小区建设", "board": "民生基础需求", "polarity": "Very Negative"}}, {"type": "Feature", "geometry": {"type": "Point", "coordinates": [111.312282, 30.682569]}, "properties": {"类别": "村", "名称": "汉宜村", "topic": "建筑施工噪声", "board": "民生基础需求", "polarity": "Negative"}}, {"type": "Feature", "geometry": {"type": "Point", "coordinates": [111.365833, 30.634654]}, "properties": {"类别": "村", "名称": "共勤村", "topic": "小区管理", "board": "民生基础需求", "polarity": "Negative"}}, {"type": "Feature", "geometry": {"type": "Point", "coordinates": [111.354693, 30.664327]}, "properties": {"类别": "村", "名称": "火光村", "topic": "违规广告及广告牌破损", "board": "民生基础需求", "polarity": "Negative"}}, {"type": "Feature", "geometry": {"type": "Point", "coordinates": [111.362821, 30.64987]}, "properties": {"类别": "村", "名称": "共勤村", "topic": "生活噪声", "board": "民生基础需求", "polarity": "Negative"}}, {"type": "Feature", "geometry": {"type": "Point", "coordinates": [111.362821, 30.64987]}, "properties": {"类别": "村", "名称": "共勤村", "topic": "建筑施工噪声", "board": "民生基础需求", "polarity": "Negative"}}, {"type": "Feature", "geometry": {"type": "Point", "coordinates": [111.360882, 30.644048]}, "properties": {"类别": "村", "名称": "共勤村", "topic": "道路问题", "board": "民生基础需求", "polarity": "Negative"}}, {"type": "Feature", "geometry": {"type": "Point", "coordinates": [111.397055, 30.679897]}, "properties": {"类别": "村", "名称": "土门村", "topic": "施工管理问题", "board": "民生基础需求", "polarity": "Negative"}}, {"type": "Feature", "geometry": {"type": "Point", "coordinates": [111.360882, 30.644048]}, "properties": {"类别": "村", "名称": "共勤村", "topic": "车辆乱停放", "board": "民生基础需求", "polarity": "Negative"}}, {"type": "Feature", "geometry": {"type": "Point", "coordinates": [111.321284, 30.67413]}, "properties": {"类别": "村", "名称": "汉宜村", "topic": "市政公共设施问题", "board": "安全韧性底线", "polarity": "Neutral"}}, {"type": "Feature", "geometry": {"type": "Point", "coordinates": [111.321284, 30.67413]}, "properties": {"类别": "村", "名称": "汉宜村", "topic": "管道设施破裂堵塞", "board": "安全韧性底线", "polarity": "Neutral"}}, {"type": "Feature", "geometry": {"type": "Point", "coordinates": [111.321284, 30.67413]}, "properties": {"类别": "村", "名称": "汉宜村", "topic": "住房房产", "board": "民生基础需求", "polarity": "Very Negative"}}, {"type": "Feature", "geometry": {"type": "Point", "coordinates": [111.373683, 30.620496]}, "properties": {"类别": "村", "名称": "共联村", "topic": "住房房产", "board": "民生基础需求", "polarity": "Very Negative"}}, {"type": "Feature", "geometry": {"type": "Point", "coordinates": [111.360882, 30.644048]}, "properties": {"类别": "村", "名称": "共勤村", "topic": "住房房产", "board": "民生基础需求", "polarity": "Negative"}}, {"type": "Feature", "geometry": {"type": "Point", "coordinates": [111.329431, 30.666321]}, "properties": {"类别": "村", "名称": "汉宜村", "topic": "车辆乱停放", "board": "民生基础需求", "polarity": "Negative"}}, {"type": "Feature", "geometry": {"type": "Point", "coordinates": [111.313096, 30.681364]}, "properties": {"类别": "村", "名称": "汉宜村", "topic": "供电服务", "board": "安全韧性底线", "polarity": "Very Negative"}}, {"type": "Feature", "geometry": {"type": "Point", "coordinates": [111.409259, 30.678881]}, "properties": {"类别": "村", "名称": "土门村", "topic": "街面秩序管理问题", "board": "民生基础需求", "polarity": "Negative"}}, {"type": "Feature", "geometry": {"type": "Point", "coordinates": [111.361055, 30.649411]}, "properties": {"类别": "村", "名称": "共前村", "topic": "生活噪声", "board": "民生基础需求", "polarity": "Negative"}}, {"type": "Feature", "geometry": {"type": "Point", "coordinates": [111.361055, 30.649411]}, "properties": {"类别": "村", "名称": "共前村", "topic": "建筑施工噪声", "board": "民生基础需求", "polarity": "Negative"}}, {"type": "Feature", "geometry": {"type": "Point", "coordinates": [111.409259, 30.678881]}, "properties": {"类别": "村", "名称": "土门村", "topic": "学区学籍", "board": "民生基础需求", "polarity": "Neutral"}}, {"type": "Feature", "geometry": {"type": "Point", "coordinates": [111.321284, 30.67413]}, "properties": {"类别": "村", "名称": "汉宜村", "topic": "停车管理", "board": "民生基础需求", "polarity": "Neutral"}}, {"type": "Feature", "geometry": {"type": "Point", "coordinates": [111.338775, 30.681481]}, "properties": {"类别": "村", "名称": "旭光村", "topic": "小区建设", "board": "民生基础需求", "polarity": "Negative"}}, {"type": "Feature", "geometry": {"type": "Point", "coordinates": [111.335903, 30.691987]}, "properties": {"类别": "村", "名称": "旭光村", "topic": "停车管理", "board": "民生基础需求", "polarity": "Negative"}}, {"type": "Feature", "geometry": {"type": "Point", "coordinates": [111.360882, 30.644048]}, "properties": {"类别": "村", "名称": "共勤村", "topic": "商业噪声", "board": "民生基础需求", "polarity": "Very Negative"}}, {"type": "Feature", "geometry": {"type": "Point", "coordinates": [111.334004, 30.67308]}, "properties": {"类别": "村", "名称": "合益村", "topic": "小区建设", "board": "民生基础需求", "polarity": "Negative"}}, {"type": "Feature", "geometry": {"type": "Point", "coordinates": [111.360882, 30.644048]}, "properties": {"类别": "村", "名称": "共勤村", "topic": "交通设施问题", "board": "安全韧性底线", "polarity": "Neutral"}}, {"type": "Feature", "geometry": {"type": "Point", "coordinates": [111.376368, 30.650567]}, "properties": {"类别": "村", "名称": "共谊村", "topic": "道路设施问题", "board": "安全韧性底线", "polarity": "Neutral"}}, {"type": "Feature", "geometry": {"type": "Point", "coordinates": [111.34694, 30.672595]}, "properties": {"类别": "村", "名称": "联丰村", "topic": "就医", "board": "民生基础需求", "polarity": "Negative"}}, {"type": "Feature", "geometry": {"type": "Point", "coordinates": [111.347115, 30.650292]}, "properties": {"类别": "村", "名称": "火光村", "topic": "小区建设", "board": "民生基础需求", "polarity": "Negative"}}, {"type": "Feature", "geometry": {"type": "Point", "coordinates": [111.35286, 30.66725]}, "properties": {"类别": "村", "名称": "火光村", "topic": "停车管理", "board": "民生基础需求", "polarity": "Negative"}}, {"type": "Feature", "geometry": {"type": "Point", "coordinates": [111.360882, 30.644048]}, "properties": {"类别": "村", "名称": "共勤村", "topic": "建筑施工噪声", "board": "民生基础需求", "polarity": "Very Negative"}}, {"type": "Feature", "geometry": {"type": "Point", "coordinates": [111.402835, 30.65622]}, "properties": {"类别": "村", "名称": "共升村", "topic": "交通设施问题", "board": "安全韧性底线", "polarity": "Negative"}}, {"type": "Feature", "geometry": {"type": "Point", "coordinates": [111.321284, 30.67413]}, "properties": {"类别": "村", "名称": "汉宜村", "topic": "管道设施破裂堵塞", "board": "安全韧性底线", "polarity": "Neutral"}}, {"type": "Feature", "geometry": {"type": "Point", "coordinates": [111.360882, 30.644048]}, "properties": {"类别": "村", "名称": "共勤村", "topic": "违规建（构）筑物", "board": "民生基础需求", "polarity": "Very Negative"}}, {"type": "Feature", "geometry": {"type": "Point", "coordinates": [111.321284, 30.67413]}, "properties": {"类别": "村", "名称": "汉宜村", "topic": "住房房产", "board": "民生基础需求", "polarity": "Neutral"}}, {"type": "Feature", "geometry": {"type": "Point", "coordinates": [111.397055, 30.679897]}, "properties": {"类别": "村", "名称": "土门村", "topic": "住房房产", "board": "民生基础需求", "polarity": "Negative"}}, {"type": "Feature", "geometry": {"type": "Point", "coordinates": [111.349078, 30.657798]}, "properties": {"类别": "村", "名称": "火光村", "topic": "住房房产", "board": "民生基础需求", "polarity": "Very Negative"}}, {"type": "Feature", "geometry": {"type": "Point", "coordinates": [111.321284, 30.67413]}, "properties": {"类别": "村", "名称": "汉宜村", "topic": "管道设施破裂堵塞", "board": "安全韧性底线", "polarity": "Neutral"}}, {"type": "Feature", "geometry": {"type": "Point", "coordinates": [111.333077, 30.672406]}, "properties": {"类别": "村", "名称": "合益村", "topic": "小区建设", "board": "民生基础需求", "polarity": "Negative"}}, {"type": "Feature", "geometry": {"type": "Point", "coordinates": [111.321284, 30.67413]}, "properties": {"类别": "村", "名称": "汉宜村", "topic": "小区建设", "board": "民生基础需求", "polarity": "Negative"}}, {"type": "Feature", "geometry": {"type": "Point", "coordinates": [111.370163, 30.658286]}, "properties": {"类别": "村", "名称": "共和村", "topic": "生活噪声", "board": "民生基础需求", "polarity": "Negative"}}, {"type": "Feature", "geometry": {"type": "Point", "coordinates": [111.38041, 30.646489]}, "properties": {"类别": "村", "名称": "共谊村", "topic": "车辆乱停放", "board": "民生基础需求", "polarity": "Negative"}}, {"type": "Feature", "geometry": {"type": "Point", "coordinates": [111.355256, 30.691889]}, "properties": {"类别": "村", "名称": "旭光村", "topic": "公交服务", "board": "民生基础需求", "polarity": "Negative"}}, {"type": "Feature", "geometry": {"type": "Point", "coordinates": [111.357486, 30.691518]}, "properties": {"类别": "村", "名称": "旭光村", "topic": "公交服务", "board": "民生基础需求", "polarity": "Neutral"}}, {"type": "Feature", "geometry": {"type": "Point", "coordinates": [111.357486, 30.691518]}, "properties": {"类别": "村", "名称": "旭光村", "topic": "公交服务", "board": "民生基础需求", "polarity": "Neutral"}}, {"type": "Feature", "geometry": {"type": "Point", "coordinates": [111.351919, 30.674621]}, "properties": {"类别": "村", "名称": "联丰村", "topic": "小区管理", "board": "民生基础需求", "polarity": "Negative"}}, {"type": "Feature", "geometry": {"type": "Point", "coordinates": [111.333572, 30.681932]}, "properties": {"类别": "村", "名称": "旭光村", "topic": "住房房产", "board": "民生基础需求", "polarity": "Negative"}}, {"type": "Feature", "geometry": {"type": "Point", "coordinates": [111.338332, 30.684966]}, "properties": {"类别": "村", "名称": "旭光村", "topic": "交通秩序", "board": "民生基础需求", "polarity": "Neutral"}}, {"type": "Feature", "geometry": {"type": "Point", "coordinates": [111.35286, 30.66725]}, "properties": {"类别": "村", "名称": "火光村", "topic": "小区管理", "board": "民生基础需求", "polarity": "Neutral"}}, {"type": "Feature", "geometry": {"type": "Point", "coordinates": [111.321284, 30.67413]}, "properties": {"类别": "村", "名称": "汉宜村", "topic": "扩展事件", "board": "其他", "polarity": "Very Negative"}}, {"type": "Feature", "geometry": {"type": "Point", "coordinates": [111.360882, 30.644048]}, "properties": {"类别": "村", "名称": "共勤村", "topic": "商业噪声", "board": "民生基础需求", "polarity": "Very Negative"}}, {"type": "Feature", "geometry": {"type": "Point", "coordinates": [111.321284, 30.67413]}, "properties": {"类别": "村", "名称": "汉宜村", "topic": "道路问题", "board": "民生基础需求", "polarity": "Negative"}}, {"type": "Feature", "geometry": {"type": "Point", "coordinates": [111.406349, 30.647459]}, "properties": {"类别": "村", "名称": "车站村", "topic": "井盖问题", "board": "安全韧性底线", "polarity": "Neutral"}}, {"type": "Feature", "geometry": {"type": "Point", "coordinates": [111.333572, 30.681932]}, "properties": {"类别": "村", "名称": "旭光村", "topic": "停车管理", "board": "民生基础需求", "polarity": "Negative"}}, {"type": "Feature", "geometry": {"type": "Point", "coordinates": [111.409259, 30.678881]}, "properties": {"类别": "村", "名称": "土门村", "topic": "街面秩序管理问题", "board": "民生基础需求", "polarity": "Negative"}}, {"type": "Feature", "geometry": {"type": "Point", "coordinates": [111.321284, 30.67413]}, "properties": {"类别": "村", "名称": "汉宜村", "topic": "管道设施破裂堵塞", "board": "安全韧性底线", "polarity": "Neutral"}}, {"type": "Feature", "geometry": {"type": "Point", "coordinates": [111.333572, 30.681932]}, "properties": {"类别": "村", "名称": "旭光村", "topic": "小区管理", "board": "民生基础需求", "polarity": "Negative"}}, {"type": "Feature", "geometry": {"type": "Point", "coordinates": [111.34694, 30.672595]}, "properties": {"类别": "村", "名称": "联丰村", "topic": "交通设施问题", "board": "民生基础需求", "polarity": "Negative"}}, {"type": "Feature", "geometry": {"type": "Point", "coordinates": [111.321284, 30.67413]}, "properties": {"类别": "村", "名称": "汉宜村", "topic": "管道设施破裂堵塞", "board": "安全韧性底线", "polarity": "Neutral"}}, {"type": "Feature", "geometry": {"type": "Point", "coordinates": [111.333572, 30.681932]}, "properties": {"类别": "村", "名称": "旭光村", "topic": "道路问题", "board": "民生基础需求", "polarity": "Negative"}}, {"type": "Feature", "geometry": {"type": "Point", "coordinates": [111.363544, 30.636543]}, "properties": {"类别": "村", "名称": "共勤村", "topic": "小区管理", "board": "民生基础需求", "polarity": "Negative"}}, {"type": "Feature", "geometry": {"type": "Point", "coordinates": [111.334004, 30.67308]}, "properties": {"类别": "村", "名称": "合益村", "topic": "小区建设", "board": "民生基础需求", "polarity": "Negative"}}, {"type": "Feature", "geometry": {"type": "Point", "coordinates": [111.334004, 30.67308]}, "properties": {"类别": "村", "名称": "合益村", "topic": "小区建设", "board": "民生基础需求", "polarity": "Very Negative"}}, {"type": "Feature", "geometry": {"type": "Point", "coordinates": [111.333077, 30.672406]}, "properties": {"类别": "村", "名称": "合益村", "topic": "停车管理", "board": "民生基础需求", "polarity": "Negative"}}, {"type": "Feature", "geometry": {"type": "Point", "coordinates": [111.354693, 30.664327]}, "properties": {"类别": "村", "名称": "火光村", "topic": "小区管理", "board": "民生基础需求", "polarity": "Very Negative"}}, {"type": "Feature", "geometry": {"type": "Point", "coordinates": [111.335175, 30.69007]}, "properties": {"类别": "村", "名称": "旭光村", "topic": "小区管理", "board": "民生基础需求", "polarity": "Very Negative"}}, {"type": "Feature", "geometry": {"type": "Point", "coordinates": [111.362821, 30.64987]}, "properties": {"类别": "村", "名称": "共勤村", "topic": "施工管理问题", "board": "民生基础需求", "polarity": "Negative"}}, {"type": "Feature", "geometry": {"type": "Point", "coordinates": [111.312282, 30.682569]}, "properties": {"类别": "村", "名称": "汉宜村", "topic": "住房房产", "board": "民生基础需求", "polarity": "Negative"}}, {"type": "Feature", "geometry": {"type": "Point", "coordinates": [111.417521, 30.642867]}, "properties": {"类别": "村", "名称": "灵宝村", "topic": "住房房产", "board": "民生基础需求", "polarity": "Neutral"}}, {"type": "Feature", "geometry": {"type": "Point", "coordinates": [111.374692, 30.645417]}, "properties": {"类别": "村", "名称": "共谊村", "topic": "市政公共设施问题", "board": "安全韧性底线", "polarity": "Neutral"}}, {"type": "Feature", "geometry": {"type": "Point", "coordinates": [111.351934, 30.664438]}, "properties": {"类别": "村", "名称": "火光村", "topic": "道路设施问题", "board": "安全韧性底线", "polarity": "Neutral"}}, {"type": "Feature", "geometry": {"type": "Point", "coordinates": [111.380082, 30.660195]}, "properties": {"类别": "村", "名称": "共和村", "topic": "园林绿化设施问题", "board": "民生基础需求", "polarity": "Neutral"}}, {"type": "Feature", "geometry": {"type": "Point", "coordinates": [111.380082, 30.660195]}, "properties": {"类别": "村", "名称": "共和村", "topic": "园林绿化设施问题", "board": "民生基础需求", "polarity": "Neutral"}}, {"type": "Feature", "geometry": {"type": "Point", "coordinates": [111.360882, 30.644048]}, "properties": {"类别": "村", "名称": "共勤村", "topic": "市政公共设施问题", "board": "安全韧性底线", "polarity": "Negative"}}, {"type": "Feature", "geometry": {"type": "Point", "coordinates": [111.321284, 30.67413]}, "properties": {"类别": "村", "名称": "汉宜村", "topic": "供水服务", "board": "民生基础需求", "polarity": "Very Negative"}}, {"type": "Feature", "geometry": {"type": "Point", "coordinates": [111.366485, 30.635047]}, "properties": {"类别": "村", "名称": "共勤村", "topic": "供气服务", "board": "民生基础需求", "polarity": "Negative"}}, {"type": "Feature", "geometry": {"type": "Point", "coordinates": [111.329431, 30.666321]}, "properties": {"类别": "村", "名称": "汉宜村", "topic": "车辆乱停放", "board": "民生基础需求", "polarity": "Negative"}}, {"type": "Feature", "geometry": {"type": "Point", "coordinates": [111.360882, 30.644048]}, "properties": {"类别": "村", "名称": "共勤村", "topic": "市政公共设施问题", "board": "安全韧性底线", "polarity": "Neutral"}}, {"type": "Feature", "geometry": {"type": "Point", "coordinates": [111.321284, 30.67413]}, "properties": {"类别": "村", "名称": "汉宜村", "topic": "道路设施问题", "board": "安全韧性底线", "polarity": "Neutral"}}, {"type": "Feature", "geometry": {"type": "Point", "coordinates": [111.3871, 30.653345]}, "properties": {"类别": "村", "名称": "共和村", "topic": "道路设施问题", "board": "安全韧性底线", "polarity": "Neutral"}}, {"type": "Feature", "geometry": {"type": "Point", "coordinates": [111.330029, 30.675025]}, "properties": {"类别": "村", "名称": "合益村", "topic": "小区管理", "board": "民生基础需求", "polarity": "Very Negative"}}, {"type": "Feature", "geometry": {"type": "Point", "coordinates": [111.330029, 30.675025]}, "properties": {"类别": "村", "名称": "合益村", "topic": "交通秩序", "board": "安全韧性底线", "polarity": "Negative"}}, {"type": "Feature", "geometry": {"type": "Point", "coordinates": [111.341091, 30.685179]}, "properties": {"类别": "村", "名称": "旭光村", "topic": "车辆乱停放", "board": "民生基础需求", "polarity": "Very Negative"}}, {"type": "Feature", "geometry": {"type": "Point", "coordinates": [111.370163, 30.658286]}, "properties": {"类别": "村", "名称": "共和村", "topic": "道路运输", "board": "民生基础需求", "polarity": "Very Negative"}}, {"type": "Feature", "geometry": {"type": "Point", "coordinates": [111.334921, 30.66546]}, "properties": {"类别": "村", "名称": "合益村", "topic": "市政公共设施问题", "board": "安全韧性底线", "polarity": "Neutral"}}, {"type": "Feature", "geometry": {"type": "Point", "coordinates": [111.349078, 30.657798]}, "properties": {"类别": "村", "名称": "火光村", "topic": "小区管理", "board": "民生基础需求", "polarity": "Very Negative"}}, {"type": "Feature", "geometry": {"type": "Point", "coordinates": [111.357486, 30.691518]}, "properties": {"类别": "村", "名称": "旭光村", "topic": "道路问题", "board": "民生基础需求", "polarity": "Neutral"}}, {"type": "Feature", "geometry": {"type": "Point", "coordinates": [111.408264, 30.647203]}, "properties": {"类别": "村", "名称": "车站村", "topic": "道路设施问题", "board": "安全韧性底线", "polarity": "Neutral"}}, {"type": "Feature", "geometry": {"type": "Point", "coordinates": [111.396788, 30.681285]}, "properties": {"类别": "村", "名称": "梅花村", "topic": "道路问题", "board": "民生基础需求", "polarity": "Neutral"}}, {"type": "Feature", "geometry": {"type": "Point", "coordinates": [111.349078, 30.657798]}, "properties": {"类别": "村", "名称": "火光村", "topic": "住房房产", "board": "民生基础需求", "polarity": "Very Negative"}}, {"type": "Feature", "geometry": {"type": "Point", "coordinates": [111.331696, 30.670315]}, "properties": {"类别": "村", "名称": "合益村", "topic": "小区管理", "board": "民生基础需求", "polarity": "Neutral"}}, {"type": "Feature", "geometry": {"type": "Point", "coordinates": [111.332106, 30.667952]}, "properties": {"类别": "村", "名称": "合益村", "topic": "车辆乱停放", "board": "民生基础需求", "polarity": "Very Negative"}}, {"type": "Feature", "geometry": {"type": "Point", "coordinates": [111.376662, 30.624121]}, "properties": {"类别": "村", "名称": "共联村", "topic": "交通噪声", "board": "民生基础需求", "polarity": "Negative"}}, {"type": "Feature", "geometry": {"type": "Point", "coordinates": [111.370163, 30.658286]}, "properties": {"类别": "村", "名称": "共和村", "topic": "道路运输", "board": "民生基础需求", "polarity": "Negative"}}, {"type": "Feature", "geometry": {"type": "Point", "coordinates": [111.313619, 30.681392]}, "properties": {"类别": "村", "名称": "汉宜村", "topic": "生活噪声", "board": "民生基础需求", "polarity": "Negative"}}, {"type": "Feature", "geometry": {"type": "Point", "coordinates": [111.396788, 30.681285]}, "properties": {"类别": "村", "名称": "梅花村", "topic": "道路问题", "board": "民生基础需求", "polarity": "Neutral"}}, {"type": "Feature", "geometry": {"type": "Point", "coordinates": [111.347115, 30.650292]}, "properties": {"类别": "村", "名称": "火光村", "topic": "小区建设", "board": "民生基础需求", "polarity": "Neutral"}}, {"type": "Feature", "geometry": {"type": "Point", "coordinates": [111.360882, 30.644048]}, "properties": {"类别": "村", "名称": "共勤村", "topic": "就医", "board": "民生基础需求", "polarity": "Negative"}}, {"type": "Feature", "geometry": {"type": "Point", "coordinates": [111.370163, 30.658286]}, "properties": {"类别": "村", "名称": "共和村", "topic": "交通秩序", "board": "民生基础需求", "polarity": "Negative"}}, {"type": "Feature", "geometry": {"type": "Point", "coordinates": [111.321284, 30.67413]}, "properties": {"类别": "村", "名称": "汉宜村", "topic": "垃圾清理及环卫设施问题", "board": "民生基础需求", "polarity": "Neutral"}}, {"type": "Feature", "geometry": {"type": "Point", "coordinates": [111.333572, 30.681932]}, "properties": {"类别": "村", "名称": "旭光村", "topic": "施工管理问题", "board": "民生基础需求", "polarity": "Negative"}}, {"type": "Feature", "geometry": {"type": "Point", "coordinates": [111.321284, 30.67413]}, "properties": {"类别": "村", "名称": "汉宜村", "topic": "交通设施问题", "board": "安全韧性底线", "polarity": "Negative"}}, {"type": "Feature", "geometry": {"type": "Point", "coordinates": [111.370163, 30.658286]}, "properties": {"类别": "村", "名称": "共和村", "topic": "生活噪声", "board": "民生基础需求", "polarity": "Very Negative"}}, {"type": "Feature", "geometry": {"type": "Point", "coordinates": [111.351919, 30.674621]}, "properties": {"类别": "村", "名称": "联丰村", "topic": "管道设施破裂堵塞", "board": "安全韧性底线", "polarity": "Very Negative"}}, {"type": "Feature", "geometry": {"type": "Point", "coordinates": [111.370163, 30.658286]}, "properties": {"类别": "村", "名称": "共和村", "topic": "铁路", "board": "民生基础需求", "polarity": "Neutral"}}, {"type": "Feature", "geometry": {"type": "Point", "coordinates": [111.321284, 30.67413]}, "properties": {"类别": "村", "名称": "汉宜村", "topic": "交通设施问题", "board": "安全韧性底线", "polarity": "Negative"}}, {"type": "Feature", "geometry": {"type": "Point", "coordinates": [111.321284, 30.67413]}, "properties": {"类别": "村", "名称": "汉宜村", "topic": "井盖问题", "board": "安全韧性底线", "polarity": "Neutral"}}, {"type": "Feature", "geometry": {"type": "Point", "coordinates": [111.321284, 30.67413]}, "properties": {"类别": "村", "名称": "汉宜村", "topic": "井盖问题", "board": "安全韧性底线", "polarity": "Neutral"}}, {"type": "Feature", "geometry": {"type": "Point", "coordinates": [111.321284, 30.67413]}, "properties": {"类别": "村", "名称": "汉宜村", "topic": "小区管理", "board": "民生基础需求", "polarity": "Very Negative"}}, {"type": "Feature", "geometry": {"type": "Point", "coordinates": [111.321284, 30.67413]}, "properties": {"类别": "村", "名称": "汉宜村", "topic": "园林绿化设施问题", "board": "民生基础需求", "polarity": "Neutral"}}, {"type": "Feature", "geometry": {"type": "Point", "coordinates": [111.321284, 30.67413]}, "properties": {"类别": "村", "名称": "汉宜村", "topic": "管道设施破裂堵塞", "board": "安全韧性底线", "polarity": "Neutral"}}, {"type": "Feature", "geometry": {"type": "Point", "coordinates": [111.348182, 30.651934]}, "properties": {"类别": "村", "名称": "火光村", "topic": "道路设施问题", "board": "安全韧性底线", "polarity": "Neutral"}}, {"type": "Feature", "geometry": {"type": "Point", "coordinates": [111.365833, 30.634654]}, "properties": {"类别": "村", "名称": "共勤村", "topic": "小区管理", "board": "民生基础需求", "polarity": "Negative"}}, {"type": "Feature", "geometry": {"type": "Point", "coordinates": [111.3126, 30.6811]}, "properties": {"类别": "村", "名称": "汉宜村", "topic": "道路问题", "board": "民生基础需求", "polarity": "Neutral"}}, {"type": "Feature", "geometry": {"type": "Point", "coordinates": [111.321284, 30.67413]}, "properties": {"类别": "村", "名称": "汉宜村", "topic": "园林绿化设施问题", "board": "民生基础需求", "polarity": "Neutral"}}, {"type": "Feature", "geometry": {"type": "Point", "coordinates": [111.321284, 30.67413]}, "properties": {"类别": "村", "名称": "汉宜村", "topic": "停车管理问题", "board": "民生基础需求", "polarity": "Negative"}}, {"type": "Feature", "geometry": {"type": "Point", "coordinates": [111.339452, 30.686616]}, "properties": {"类别": "村", "名称": "旭光村", "topic": "供气服务", "board": "民生基础需求", "polarity": "Negative"}}, {"type": "Feature", "geometry": {"type": "Point", "coordinates": [111.312282, 30.682569]}, "properties": {"类别": "村", "名称": "汉宜村", "topic": "生活噪声", "board": "民生基础需求", "polarity": "Negative"}}, {"type": "Feature", "geometry": {"type": "Point", "coordinates": [111.370163, 30.658286]}, "properties": {"类别": "村", "名称": "共和村", "topic": "公交服务", "board": "民生基础需求", "polarity": "Very Negative"}}, {"type": "Feature", "geometry": {"type": "Point", "coordinates": [111.370163, 30.658286]}, "properties": {"类别": "村", "名称": "共和村", "topic": "停车管理问题", "board": "民生基础需求", "polarity": "Very Negative"}}, {"type": "Feature", "geometry": {"type": "Point", "coordinates": [111.370503, 30.627831]}, "properties": {"类别": "村", "名称": "共联村", "topic": "生活噪声", "board": "民生基础需求", "polarity": "Very Negative"}}, {"type": "Feature", "geometry": {"type": "Point", "coordinates": [111.370163, 30.658286]}, "properties": {"类别": "村", "名称": "共和村", "topic": "铁路", "board": "民生基础需求", "polarity": "Very Negative"}}, {"type": "Feature", "geometry": {"type": "Point", "coordinates": [111.354693, 30.664327]}, "properties": {"类别": "村", "名称": "火光村", "topic": "垃圾清理及环卫设施问题", "board": "民生基础需求", "polarity": "Neutral"}}, {"type": "Feature", "geometry": {"type": "Point", "coordinates": [111.372991, 30.622064]}, "properties": {"类别": "村", "名称": "共联村", "topic": "小区管理", "board": "民生基础需求", "polarity": "Negative"}}, {"type": "Feature", "geometry": {"type": "Point", "coordinates": [111.360882, 30.644048]}, "properties": {"类别": "村", "名称": "共勤村", "topic": "住房房产", "board": "民生基础需求", "polarity": "Negative"}}, {"type": "Feature", "geometry": {"type": "Point", "coordinates": [111.370163, 30.658286]}, "properties": {"类别": "村", "名称": "共和村", "topic": "道路运输", "board": "民生基础需求", "polarity": "Very Negative"}}, {"type": "Feature", "geometry": {"type": "Point", "coordinates": [111.362821, 30.64987]}, "properties": {"类别": "村", "名称": "共勤村", "topic": "停车管理问题", "board": "民生基础需求", "polarity": "Neutral"}}, {"type": "Feature", "geometry": {"type": "Point", "coordinates": [111.333572, 30.681932]}, "properties": {"类别": "村", "名称": "旭光村", "topic": "井盖问题", "board": "安全韧性底线", "polarity": "Neutral"}}, {"type": "Feature", "geometry": {"type": "Point", "coordinates": [111.333572, 30.681932]}, "properties": {"类别": "村", "名称": "旭光村", "topic": "井盖问题", "board": "安全韧性底线", "polarity": "Neutral"}}, {"type": "Feature", "geometry": {"type": "Point", "coordinates": [111.370163, 30.658286]}, "properties": {"类别": "村", "名称": "共和村", "topic": "生活噪声", "board": "民生基础需求", "polarity": "Neutral"}}, {"type": "Feature", "geometry": {"type": "Point", "coordinates": [111.397055, 30.679897]}, "properties": {"类别": "村", "名称": "土门村", "topic": "道路设施问题", "board": "安全韧性底线", "polarity": "Negative"}}, {"type": "Feature", "geometry": {"type": "Point", "coordinates": [111.321284, 30.67413]}, "properties": {"类别": "村", "名称": "汉宜村", "topic": "生活噪声", "board": "民生基础需求", "polarity": "Negative"}}, {"type": "Feature", "geometry": {"type": "Point", "coordinates": [111.335903, 30.691987]}, "properties": {"类别": "村", "名称": "旭光村", "topic": "公共设施异响噪声", "board": "民生基础需求", "polarity": "Negative"}}, {"type": "Feature", "geometry": {"type": "Point", "coordinates": [111.372991, 30.622064]}, "properties": {"类别": "村", "名称": "共联村", "topic": "街面秩序管理问题", "board": "民生基础需求", "polarity": "Negative"}}, {"type": "Feature", "geometry": {"type": "Point", "coordinates": [111.329152, 30.663764]}, "properties": {"类别": "村", "名称": "汉宜村", "topic": "车辆乱停放", "board": "民生基础需求", "polarity": "Negative"}}, {"type": "Feature", "geometry": {"type": "Point", "coordinates": [111.362821, 30.64987]}, "properties": {"类别": "村", "名称": "共勤村", "topic": "停车管理问题", "board": "民生基础需求", "polarity": "Neutral"}}, {"type": "Feature", "geometry": {"type": "Point", "coordinates": [111.380859, 30.668945]}, "properties": {"类别": "村", "名称": "共同村", "topic": "住房房产", "board": "民生基础需求", "polarity": "Very Negative"}}, {"type": "Feature", "geometry": {"type": "Point", "coordinates": [111.312282, 30.682569]}, "properties": {"类别": "村", "名称": "汉宜村", "topic": "生活噪声", "board": "民生基础需求", "polarity": "Negative"}}, {"type": "Feature", "geometry": {"type": "Point", "coordinates": [111.378712, 30.662406]}, "properties": {"类别": "村", "名称": "共和村", "topic": "小区建设", "board": "民生基础需求", "polarity": "Very Negative"}}, {"type": "Feature", "geometry": {"type": "Point", "coordinates": [111.360966, 30.641802]}, "properties": {"类别": "村", "名称": "共勤村", "topic": "建筑施工噪声", "board": "民生基础需求", "polarity": "Negative"}}, {"type": "Feature", "geometry": {"type": "Point", "coordinates": [111.335662, 30.684713]}, "properties": {"类别": "村", "名称": "旭光村", "topic": "道路设施问题", "board": "安全韧性底线", "polarity": "Very Negative"}}, {"type": "Feature", "geometry": {"type": "Point", "coordinates": [111.321284, 30.67413]}, "properties": {"类别": "村", "名称": "汉宜村", "topic": "道路问题", "board": "民生基础需求", "polarity": "Very Negative"}}, {"type": "Feature", "geometry": {"type": "Point", "coordinates": [111.360882, 30.644048]}, "properties": {"类别": "村", "名称": "共勤村", "topic": "生活噪声", "board": "民生基础需求", "polarity": "Very Negative"}}, {"type": "Feature", "geometry": {"type": "Point", "coordinates": [111.380082, 30.660195]}, "properties": {"类别": "村", "名称": "共和村", "topic": "交通秩序", "board": "民生基础需求", "polarity": "Very Negative"}}, {"type": "Feature", "geometry": {"type": "Point", "coordinates": [111.338332, 30.684966]}, "properties": {"类别": "村", "名称": "旭光村", "topic": "交通设施问题", "board": "民生基础需求", "polarity": "Negative"}}, {"type": "Feature", "geometry": {"type": "Point", "coordinates": [111.321284, 30.67413]}, "properties": {"类别": "村", "名称": "汉宜村", "topic": "园林绿化设施问题", "board": "民生基础需求", "polarity": "Neutral"}}, {"type": "Feature", "geometry": {"type": "Point", "coordinates": [111.315894, 30.679365]}, "properties": {"类别": "村", "名称": "汉宜村", "topic": "井盖问题", "board": "安全韧性底线", "polarity": "Negative"}}, {"type": "Feature", "geometry": {"type": "Point", "coordinates": [111.354693, 30.664327]}, "properties": {"类别": "村", "名称": "火光村", "topic": "小区管理", "board": "民生基础需求", "polarity": "Negative"}}, {"type": "Feature", "geometry": {"type": "Point", "coordinates": [111.321284, 30.67413]}, "properties": {"类别": "村", "名称": "汉宜村", "topic": "商业噪声", "board": "民生基础需求", "polarity": "Very Negative"}}, {"type": "Feature", "geometry": {"type": "Point", "coordinates": [111.321284, 30.67413]}, "properties": {"类别": "村", "名称": "汉宜村", "topic": "小区管理", "board": "民生基础需求", "polarity": "Negative"}}, {"type": "Feature", "geometry": {"type": "Point", "coordinates": [111.378528, 30.669468]}, "properties": {"类别": "村", "名称": "共同村", "topic": "住房房产", "board": "民生基础需求", "polarity": "Negative"}}, {"type": "Feature", "geometry": {"type": "Point", "coordinates": [111.333572, 30.681932]}, "properties": {"类别": "村", "名称": "旭光村", "topic": "公厕管理问题", "board": "民生基础需求", "polarity": "Very Negative"}}, {"type": "Feature", "geometry": {"type": "Point", "coordinates": [111.360882, 30.644048]}, "properties": {"类别": "村", "名称": "共勤村", "topic": "车辆乱停放", "board": "民生基础需求", "polarity": "Very Negative"}}, {"type": "Feature", "geometry": {"type": "Point", "coordinates": [111.330029, 30.675025]}, "properties": {"类别": "村", "名称": "合益村", "topic": "车辆乱停放", "board": "民生基础需求", "polarity": "Negative"}}, {"type": "Feature", "geometry": {"type": "Point", "coordinates": [111.362821, 30.64987]}, "properties": {"类别": "村", "名称": "共勤村", "topic": "管道设施破裂堵塞", "board": "安全韧性底线", "polarity": "Very Negative"}}, {"type": "Feature", "geometry": {"type": "Point", "coordinates": [111.321284, 30.67413]}, "properties": {"类别": "村", "名称": "汉宜村", "topic": "生活噪声", "board": "民生基础需求", "polarity": "Negative"}}, {"type": "Feature", "geometry": {"type": "Point", "coordinates": [111.321284, 30.67413]}, "properties": {"类别": "村", "名称": "汉宜村", "topic": "建筑施工噪声", "board": "民生基础需求", "polarity": "Very Negative"}}, {"type": "Feature", "geometry": {"type": "Point", "coordinates": [111.333572, 30.681932]}, "properties": {"类别": "村", "名称": "旭光村", "topic": "违规建（构）筑物", "board": "民生基础需求", "polarity": "Very Negative"}}, {"type": "Feature", "geometry": {"type": "Point", "coordinates": [111.3126, 30.6811]}, "properties": {"类别": "村", "名称": "汉宜村", "topic": "建筑施工噪声", "board": "民生基础需求", "polarity": "Negative"}}, {"type": "Feature", "geometry": {"type": "Point", "coordinates": [111.336197, 30.666197]}, "properties": {"类别": "村", "名称": "合益村", "topic": "车辆乱停放", "board": "民生基础需求", "polarity": "Negative"}}, {"type": "Feature", "geometry": {"type": "Point", "coordinates": [111.354693, 30.664327]}, "properties": {"类别": "村", "名称": "火光村", "topic": "井盖问题", "board": "安全韧性底线", "polarity": "Neutral"}}, {"type": "Feature", "geometry": {"type": "Point", "coordinates": [111.380082, 30.660195]}, "properties": {"类别": "村", "名称": "共和村", "topic": "市政公共设施问题", "board": "安全韧性底线", "polarity": "Neutral"}}, {"type": "Feature", "geometry": {"type": "Point", "coordinates": [111.380082, 30.660195]}, "properties": {"类别": "村", "名称": "共和村", "topic": "园林绿化设施问题", "board": "民生基础需求", "polarity": "Neutral"}}, {"type": "Feature", "geometry": {"type": "Point", "coordinates": [111.360882, 30.644048]}, "properties": {"类别": "村", "名称": "共勤村", "topic": "供气服务", "board": "民生基础需求", "polarity": "Very Negative"}}, {"type": "Feature", "geometry": {"type": "Point", "coordinates": [111.358933, 30.677486]}, "properties": {"类别": "村", "名称": "联丰村", "topic": "道路问题", "board": "民生基础需求", "polarity": "Neutral"}}, {"type": "Feature", "geometry": {"type": "Point", "coordinates": [111.321284, 30.67413]}, "properties": {"类别": "村", "名称": "汉宜村", "topic": "停车管理问题", "board": "民生基础需求", "polarity": "Negative"}}, {"type": "Feature", "geometry": {"type": "Point", "coordinates": [111.321284, 30.67413]}, "properties": {"类别": "村", "名称": "汉宜村", "topic": "垃圾清理及环卫设施问题", "board": "民生基础需求", "polarity": "Neutral"}}, {"type": "Feature", "geometry": {"type": "Point", "coordinates": [111.348683, 30.656991]}, "properties": {"类别": "村", "名称": "火光村", "topic": "停车管理", "board": "民生基础需求", "polarity": "Negative"}}, {"type": "Feature", "geometry": {"type": "Point", "coordinates": [111.366485, 30.635047]}, "properties": {"类别": "村", "名称": "共勤村", "topic": "停车管理问题", "board": "民生基础需求", "polarity": "Negative"}}, {"type": "Feature", "geometry": {"type": "Point", "coordinates": [111.333572, 30.681932]}, "properties": {"类别": "村", "名称": "旭光村", "topic": "小区建设", "board": "民生基础需求", "polarity": "Very Negative"}}, {"type": "Feature", "geometry": {"type": "Point", "coordinates": [111.333572, 30.681932]}, "properties": {"类别": "村", "名称": "旭光村", "topic": "小区建设", "board": "民生基础需求", "polarity": "Very Negative"}}, {"type": "Feature", "geometry": {"type": "Point", "coordinates": [111.402835, 30.65622]}, "properties": {"类别": "村", "名称": "共升村", "topic": "道路问题", "board": "民生基础需求", "polarity": "Neutral"}}, {"type": "Feature", "geometry": {"type": "Point", "coordinates": [111.337121, 30.666675]}, "properties": {"类别": "村", "名称": "合益村", "topic": "车辆乱停放", "board": "民生基础需求", "polarity": "Negative"}}, {"type": "Feature", "geometry": {"type": "Point", "coordinates": [111.338378, 30.684676]}, "properties": {"类别": "村", "名称": "旭光村", "topic": "小区管理", "board": "民生基础需求", "polarity": "Very Negative"}}, {"type": "Feature", "geometry": {"type": "Point", "coordinates": [111.321284, 30.67413]}, "properties": {"类别": "村", "名称": "汉宜村", "topic": "道路设施问题", "board": "安全韧性底线", "polarity": "Neutral"}}, {"type": "Feature", "geometry": {"type": "Point", "coordinates": [111.409259, 30.678881]}, "properties": {"类别": "村", "名称": "土门村", "topic": "街面秩序管理问题", "board": "民生基础需求", "polarity": "Negative"}}, {"type": "Feature", "geometry": {"type": "Point", "coordinates": [111.333572, 30.681932]}, "properties": {"类别": "村", "名称": "旭光村", "topic": "公共设施异响噪声", "board": "民生基础需求", "polarity": "Very Negative"}}, {"type": "Feature", "geometry": {"type": "Point", "coordinates": [111.360882, 30.644048]}, "properties": {"类别": "村", "名称": "共勤村", "topic": "建筑施工噪声", "board": "民生基础需求", "polarity": "Very Negative"}}, {"type": "Feature", "geometry": {"type": "Point", "coordinates": [111.33961, 30.66113]}, "properties": {"类别": "村", "名称": "火光村", "topic": "市政公共设施问题", "board": "安全韧性底线", "polarity": "Very Negative"}}, {"type": "Feature", "geometry": {"type": "Point", "coordinates": [111.373058, 30.646455]}, "properties": {"类别": "村", "名称": "共谊村", "topic": "交通秩序", "board": "安全韧性底线", "polarity": "Neutral"}}, {"type": "Feature", "geometry": {"type": "Point", "coordinates": [111.399692, 30.680842]}, "properties": {"类别": "村", "名称": "梅花村", "topic": "街面秩序管理问题", "board": "民生基础需求", "polarity": "Very Negative"}}, {"type": "Feature", "geometry": {"type": "Point", "coordinates": [111.37033, 30.653559]}, "properties": {"类别": "村", "名称": "共强村", "topic": "生活噪声", "board": "民生基础需求", "polarity": "Negative"}}, {"type": "Feature", "geometry": {"type": "Point", "coordinates": [111.358933, 30.677486]}, "properties": {"类别": "村", "名称": "联丰村", "topic": "生活噪声", "board": "民生基础需求", "polarity": "Very Negative"}}, {"type": "Feature", "geometry": {"type": "Point", "coordinates": [111.376662, 30.624121]}, "properties": {"类别": "村", "名称": "共联村", "topic": "住房房产", "board": "民生基础需求", "polarity": "Very Negative"}}, {"type": "Feature", "geometry": {"type": "Point", "coordinates": [111.321284, 30.67413]}, "properties": {"类别": "村", "名称": "汉宜村", "topic": "停车管理问题", "board": "民生基础需求", "polarity": "Very Negative"}}, {"type": "Feature", "geometry": {"type": "Point", "coordinates": [111.341091, 30.685179]}, "properties": {"类别": "村", "名称": "旭光村", "topic": "交通设施问题", "board": "安全韧性底线", "polarity": "Very Negative"}}, {"type": "Feature", "geometry": {"type": "Point", "coordinates": [111.341696, 30.662241]}, "properties": {"类别": "村", "名称": "火光村", "topic": "生活噪声", "board": "民生基础需求", "polarity": "Very Negative"}}, {"type": "Feature", "geometry": {"type": "Point", "coordinates": [111.355127, 30.637557]}, "properties": {"类别": "村", "名称": "共勤村", "topic": "市政公共设施问题", "board": "安全韧性底线", "polarity": "Negative"}}, {"type": "Feature", "geometry": {"type": "Point", "coordinates": [111.335903, 30.691987]}, "properties": {"类别": "村", "名称": "旭光村", "topic": "生活噪声", "board": "民生基础需求", "polarity": "Very Negative"}}, {"type": "Feature", "geometry": {"type": "Point", "coordinates": [111.333077, 30.672406]}, "properties": {"类别": "村", "名称": "合益村", "topic": "交通秩序", "board": "安全韧性底线", "polarity": "Negative"}}, {"type": "Feature", "geometry": {"type": "Point", "coordinates": [111.321284, 30.67413]}, "properties": {"类别": "村", "名称": "汉宜村", "topic": "住房房产", "board": "民生基础需求", "polarity": "Very Negative"}}, {"type": "Feature", "geometry": {"type": "Point", "coordinates": [111.376368, 30.650567]}, "properties": {"类别": "村", "名称": "共谊村", "topic": "交通设施问题", "board": "安全韧性底线", "polarity": "Very Negative"}}, {"type": "Feature", "geometry": {"type": "Point", "coordinates": [111.349078, 30.657798]}, "properties": {"类别": "村", "名称": "火光村", "topic": "小区管理", "board": "民生基础需求", "polarity": "Very Negative"}}, {"type": "Feature", "geometry": {"type": "Point", "coordinates": [111.337121, 30.666675]}, "properties": {"类别": "村", "名称": "合益村", "topic": "学区学籍", "board": "民生基础需求", "polarity": "Neutral"}}, {"type": "Feature", "geometry": {"type": "Point", "coordinates": [111.333572, 30.681932]}, "properties": {"类别": "村", "名称": "旭光村", "topic": "道路设施问题", "board": "安全韧性底线", "polarity": "Neutral"}}, {"type": "Feature", "geometry": {"type": "Point", "coordinates": [111.360882, 30.644048]}, "properties": {"类别": "村", "名称": "共勤村", "topic": "建筑施工噪声", "board": "民生基础需求", "polarity": "Negative"}}, {"type": "Feature", "geometry": {"type": "Point", "coordinates": [111.336197, 30.666197]}, "properties": {"类别": "村", "名称": "合益村", "topic": "车辆乱停放", "board": "民生基础需求", "polarity": "Negative"}}, {"type": "Feature", "geometry": {"type": "Point", "coordinates": [111.321284, 30.67413]}, "properties": {"类别": "村", "名称": "汉宜村", "topic": "小区管理", "board": "民生基础需求", "polarity": "Very Negative"}}, {"type": "Feature", "geometry": {"type": "Point", "coordinates": [111.349078, 30.657798]}, "properties": {"类别": "村", "名称": "火光村", "topic": "消防安全", "board": "安全韧性底线", "polarity": "Negative"}}, {"type": "Feature", "geometry": {"type": "Point", "coordinates": [111.337139, 30.665413]}, "properties": {"类别": "村", "名称": "合益村", "topic": "车辆乱停放", "board": "民生基础需求", "polarity": "Negative"}}, {"type": "Feature", "geometry": {"type": "Point", "coordinates": [111.337139, 30.665413]}, "properties": {"类别": "村", "名称": "合益村", "topic": "车辆乱停放", "board": "民生基础需求", "polarity": "Negative"}}, {"type": "Feature", "geometry": {"type": "Point", "coordinates": [111.338332, 30.684966]}, "properties": {"类别": "村", "名称": "旭光村", "topic": "交通设施问题", "board": "民生基础需求", "polarity": "Very Negative"}}, {"type": "Feature", "geometry": {"type": "Point", "coordinates": [111.337139, 30.665413]}, "properties": {"类别": "村", "名称": "合益村", "topic": "车辆乱停放", "board": "民生基础需求", "polarity": "Neutral"}}, {"type": "Feature", "geometry": {"type": "Point", "coordinates": [111.333572, 30.681932]}, "properties": {"类别": "村", "名称": "旭光村", "topic": "交通设施问题", "board": "安全韧性底线", "polarity": "Neutral"}}, {"type": "Feature", "geometry": {"type": "Point", "coordinates": [111.360882, 30.644048]}, "properties": {"类别": "村", "名称": "共勤村", "topic": "车辆乱停放", "board": "民生基础需求", "polarity": "Very Negative"}}, {"type": "Feature", "geometry": {"type": "Point", "coordinates": [111.347877, 30.655339]}, "properties": {"类别": "村", "名称": "火光村", "topic": "小区管理", "board": "民生基础需求", "polarity": "Negative"}}, {"type": "Feature", "geometry": {"type": "Point", "coordinates": [111.370163, 30.658286]}, "properties": {"类别": "村", "名称": "共和村", "topic": "铁路", "board": "民生基础需求", "polarity": "Negative"}}, {"type": "Feature", "geometry": {"type": "Point", "coordinates": [111.34694, 30.672595]}, "properties": {"类别": "村", "名称": "联丰村", "topic": "供水服务", "board": "民生基础需求", "polarity": "Negative"}}, {"type": "Feature", "geometry": {"type": "Point", "coordinates": [111.362821, 30.64987]}, "properties": {"类别": "村", "名称": "共勤村", "topic": "停车管理问题", "board": "民生基础需求", "polarity": "Negative"}}, {"type": "Feature", "geometry": {"type": "Point", "coordinates": [111.333572, 30.681932]}, "properties": {"类别": "村", "名称": "旭光村", "topic": "住房房产", "board": "民生基础需求", "polarity": "Very Negative"}}, {"type": "Feature", "geometry": {"type": "Point", "coordinates": [111.362238, 30.651121]}, "properties": {"类别": "村", "名称": "共勤村", "topic": "违规建（构）筑物", "board": "民生基础需求", "polarity": "Negative"}}, {"type": "Feature", "geometry": {"type": "Point", "coordinates": [111.392082, 30.6493]}, "properties": {"类别": "村", "名称": "共和村", "topic": "消防安全", "board": "安全韧性底线", "polarity": "Negative"}}, {"type": "Feature", "geometry": {"type": "Point", "coordinates": [111.337465, 30.690328]}, "properties": {"类别": "村", "名称": "旭光村", "topic": "违规建（构）筑物", "board": "民生基础需求", "polarity": "Negative"}}, {"type": "Feature", "geometry": {"type": "Point", "coordinates": [111.321284, 30.67413]}, "properties": {"类别": "村", "名称": "汉宜村", "topic": "垃圾清理及环卫设施问题", "board": "民生基础需求", "polarity": "Neutral"}}, {"type": "Feature", "geometry": {"type": "Point", "coordinates": [111.360882, 30.644048]}, "properties": {"类别": "村", "名称": "共勤村", "topic": "小区管理", "board": "民生基础需求", "polarity": "Negative"}}, {"type": "Feature", "geometry": {"type": "Point", "coordinates": [111.332106, 30.667952]}, "properties": {"类别": "村", "名称": "合益村", "topic": "施工管理问题", "board": "民生基础需求", "polarity": "Negative"}}, {"type": "Feature", "geometry": {"type": "Point", "coordinates": [111.335903, 30.691987]}, "properties": {"类别": "村", "名称": "旭光村", "topic": "生活噪声", "board": "民生基础需求", "polarity": "Negative"}}, {"type": "Feature", "geometry": {"type": "Point", "coordinates": [111.321284, 30.67413]}, "properties": {"类别": "村", "名称": "汉宜村", "topic": "停车管理问题", "board": "民生基础需求", "polarity": "Very Negative"}}, {"type": "Feature", "geometry": {"type": "Point", "coordinates": [111.321284, 30.67413]}, "properties": {"类别": "村", "名称": "汉宜村", "topic": "建筑施工噪声", "board": "民生基础需求", "polarity": "Negative"}}, {"type": "Feature", "geometry": {"type": "Point", "coordinates": [111.339126, 30.661071]}, "properties": {"类别": "村", "名称": "火光村", "topic": "违规广告及广告牌破损", "board": "民生基础需求", "polarity": "Neutral"}}, {"type": "Feature", "geometry": {"type": "Point", "coordinates": [111.332106, 30.667952]}, "properties": {"类别": "村", "名称": "合益村", "topic": "车辆乱停放", "board": "民生基础需求", "polarity": "Very Negative"}}, {"type": "Feature", "geometry": {"type": "Point", "coordinates": [111.397055, 30.679897]}, "properties": {"类别": "村", "名称": "土门村", "topic": "垃圾清理及环卫设施问题", "board": "民生基础需求", "polarity": "Very Negative"}}, {"type": "Feature", "geometry": {"type": "Point", "coordinates": [111.35286, 30.66725]}, "properties": {"类别": "村", "名称": "火光村", "topic": "住房房产", "board": "民生基础需求", "polarity": "Negative"}}, {"type": "Feature", "geometry": {"type": "Point", "coordinates": [111.321284, 30.67413]}, "properties": {"类别": "村", "名称": "汉宜村", "topic": "生活噪声", "board": "民生基础需求", "polarity": "Very Negative"}}, {"type": "Feature", "geometry": {"type": "Point", "coordinates": [111.35102, 30.667948]}, "properties": {"类别": "村", "名称": "火光村", "topic": "小区管理", "board": "民生基础需求", "polarity": "Neutral"}}, {"type": "Feature", "geometry": {"type": "Point", "coordinates": [111.321284, 30.67413]}, "properties": {"类别": "村", "名称": "汉宜村", "topic": "园林绿化设施问题", "board": "民生基础需求", "polarity": "Neutral"}}, {"type": "Feature", "geometry": {"type": "Point", "coordinates": [111.360882, 30.644048]}, "properties": {"类别": "村", "名称": "共勤村", "topic": "交通秩序", "board": "安全韧性底线", "polarity": "Negative"}}, {"type": "Feature", "geometry": {"type": "Point", "coordinates": [111.332106, 30.667952]}, "properties": {"类别": "村", "名称": "合益村", "topic": "交通秩序", "board": "民生基础需求", "polarity": "Very Negative"}}, {"type": "Feature", "geometry": {"type": "Point", "coordinates": [111.332106, 30.667952]}, "properties": {"类别": "村", "名称": "合益村", "topic": "交通秩序", "board": "民生基础需求", "polarity": "Very Negative"}}, {"type": "Feature", "geometry": {"type": "Point", "coordinates": [111.332106, 30.667952]}, "properties": {"类别": "村", "名称": "合益村", "topic": "交通秩序", "board": "民生基础需求", "polarity": "Very Negative"}}, {"type": "Feature", "geometry": {"type": "Point", "coordinates": [111.360882, 30.644048]}, "properties": {"类别": "村", "名称": "共勤村", "topic": "车辆乱停放", "board": "民生基础需求", "polarity": "Very Negative"}}, {"type": "Feature", "geometry": {"type": "Point", "coordinates": [111.378528, 30.669468]}, "properties": {"类别": "村", "名称": "共同村", "topic": "车辆乱停放", "board": "民生基础需求", "polarity": "Very Negative"}}, {"type": "Feature", "geometry": {"type": "Point", "coordinates": [111.341091, 30.685179]}, "properties": {"类别": "村", "名称": "旭光村", "topic": "公交服务", "board": "民生基础需求", "polarity": "Very Negative"}}, {"type": "Feature", "geometry": {"type": "Point", "coordinates": [111.401561, 30.646293]}, "properties": {"类别": "村", "名称": "共升村", "topic": "道路设施问题", "board": "安全韧性底线", "polarity": "Neutral"}}, {"type": "Feature", "geometry": {"type": "Point", "coordinates": [111.401561, 30.646293]}, "properties": {"类别": "村", "名称": "共升村", "topic": "道路设施问题", "board": "安全韧性底线", "polarity": "Neutral"}}, {"type": "Feature", "geometry": {"type": "Point", "coordinates": [111.337121, 30.666675]}, "properties": {"类别": "村", "名称": "合益村", "topic": "学区学籍", "board": "民生基础需求", "polarity": "Neutral"}}, {"type": "Feature", "geometry": {"type": "Point", "coordinates": [111.357881, 30.637213]}, "properties": {"类别": "村", "名称": "共勤村", "topic": "交通设施问题", "board": "安全韧性底线", "polarity": "Negative"}}, {"type": "Feature", "geometry": {"type": "Point", "coordinates": [111.351919, 30.674621]}, "properties": {"类别": "村", "名称": "联丰村", "topic": "供气服务", "board": "民生基础需求", "polarity": "Very Negative"}}, {"type": "Feature", "geometry": {"type": "Point", "coordinates": [111.369681, 30.627666]}, "properties": {"类别": "村", "名称": "共联村", "topic": "停车管理问题", "board": "民生基础需求", "polarity": "Very Negative"}}, {"type": "Feature", "geometry": {"type": "Point", "coordinates": [111.395094, 30.658967]}, "properties": {"类别": "村", "名称": "共升村", "topic": "园林绿化设施问题", "board": "民生基础需求", "polarity": "Neutral"}}, {"type": "Feature", "geometry": {"type": "Point", "coordinates": [111.354693, 30.664327]}, "properties": {"类别": "村", "名称": "火光村", "topic": "住房房产", "board": "民生基础需求", "polarity": "Negative"}}, {"type": "Feature", "geometry": {"type": "Point", "coordinates": [111.351371, 30.685481]}, "properties": {"类别": "村", "名称": "旭光村", "topic": "建筑施工噪声", "board": "民生基础需求", "polarity": "Negative"}}, {"type": "Feature", "geometry": {"type": "Point", "coordinates": [111.333572, 30.681932]}, "properties": {"类别": "村", "名称": "旭光村", "topic": "小区管理", "board": "民生基础需求", "polarity": "Negative"}}, {"type": "Feature", "geometry": {"type": "Point", "coordinates": [111.360882, 30.644048]}, "properties": {"类别": "村", "名称": "共勤村", "topic": "建筑施工噪声", "board": "民生基础需求", "polarity": "Very Negative"}}, {"type": "Feature", "geometry": {"type": "Point", "coordinates": [111.395094, 30.658967]}, "properties": {"类别": "村", "名称": "共升村", "topic": "园林绿化设施问题", "board": "民生基础需求", "polarity": "Neutral"}}, {"type": "Feature", "geometry": {"type": "Point", "coordinates": [111.333572, 30.681932]}, "properties": {"类别": "村", "名称": "旭光村", "topic": "公共设施异响噪声", "board": "民生基础需求", "polarity": "Very Negative"}}, {"type": "Feature", "geometry": {"type": "Point", "coordinates": [111.337121, 30.666675]}, "properties": {"类别": "村", "名称": "合益村", "topic": "小区管理", "board": "民生基础需求", "polarity": "Negative"}}, {"type": "Feature", "geometry": {"type": "Point", "coordinates": [111.337121, 30.666675]}, "properties": {"类别": "村", "名称": "合益村", "topic": "小区管理", "board": "民生基础需求", "polarity": "Negative"}}, {"type": "Feature", "geometry": {"type": "Point", "coordinates": [111.337121, 30.666675]}, "properties": {"类别": "村", "名称": "合益村", "topic": "小区管理", "board": "民生基础需求", "polarity": "Negative"}}, {"type": "Feature", "geometry": {"type": "Point", "coordinates": [111.330655, 30.67507]}, "properties": {"类别": "村", "名称": "合益村", "topic": "公交服务", "board": "民生基础需求", "polarity": "Neutral"}}, {"type": "Feature", "geometry": {"type": "Point", "coordinates": [111.397055, 30.679897]}, "properties": {"类别": "村", "名称": "土门村", "topic": "垃圾清理及环卫设施问题", "board": "民生基础需求", "polarity": "Very Negative"}}, {"type": "Feature", "geometry": {"type": "Point", "coordinates": [111.363544, 30.636543]}, "properties": {"类别": "村", "名称": "共勤村", "topic": "建筑施工噪声", "board": "民生基础需求", "polarity": "Negative"}}, {"type": "Feature", "geometry": {"type": "Point", "coordinates": [111.373683, 30.620496]}, "properties": {"类别": "村", "名称": "共联村", "topic": "井盖问题", "board": "安全韧性底线", "polarity": "Negative"}}, {"type": "Feature", "geometry": {"type": "Point", "coordinates": [111.373058, 30.646455]}, "properties": {"类别": "村", "名称": "共谊村", "topic": "道路设施问题", "board": "安全韧性底线", "polarity": "Neutral"}}, {"type": "Feature", "geometry": {"type": "Point", "coordinates": [111.333572, 30.681932]}, "properties": {"类别": "村", "名称": "旭光村", "topic": "垃圾清理及环卫设施问题", "board": "民生基础需求", "polarity": "Neutral"}}, {"type": "Feature", "geometry": {"type": "Point", "coordinates": [111.321284, 30.67413]}, "properties": {"类别": "村", "名称": "汉宜村", "topic": "小区管理", "board": "民生基础需求", "polarity": "Negative"}}, {"type": "Feature", "geometry": {"type": "Point", "coordinates": [111.360882, 30.644048]}, "properties": {"类别": "村", "名称": "共勤村", "topic": "生活噪声", "board": "民生基础需求", "polarity": "Very Negative"}}, {"type": "Feature", "geometry": {"type": "Point", "coordinates": [111.312282, 30.682569]}, "properties": {"类别": "村", "名称": "汉宜村", "topic": "供水服务", "board": "民生基础需求", "polarity": "Very Negative"}}, {"type": "Feature", "geometry": {"type": "Point", "coordinates": [111.360882, 30.644048]}, "properties": {"类别": "村", "名称": "共勤村", "topic": "公共设施异响噪声", "board": "民生基础需求", "polarity": "Very Negative"}}, {"type": "Feature", "geometry": {"type": "Point", "coordinates": [111.373058, 30.646455]}, "properties": {"类别": "村", "名称": "共谊村", "topic": "停车管理", "board": "民生基础需求", "polarity": "Negative"}}, {"type": "Feature", "geometry": {"type": "Point", "coordinates": [111.373683, 30.620496]}, "properties": {"类别": "村", "名称": "共联村", "topic": "停车管理问题", "board": "民生基础需求", "polarity": "Negative"}}, {"type": "Feature", "geometry": {"type": "Point", "coordinates": [111.37033, 30.653559]}, "properties": {"类别": "村", "名称": "共强村", "topic": "生活噪声", "board": "民生基础需求", "polarity": "Negative"}}, {"type": "Feature", "geometry": {"type": "Point", "coordinates": [111.398096, 30.682104]}, "properties": {"类别": "村", "名称": "梅花村", "topic": "生活噪声", "board": "民生基础需求", "polarity": "Very Negative"}}, {"type": "Feature", "geometry": {"type": "Point", "coordinates": [111.396788, 30.681285]}, "properties": {"类别": "村", "名称": "梅花村", "topic": "生活噪声", "board": "民生基础需求", "polarity": "Negative"}}, {"type": "Feature", "geometry": {"type": "Point", "coordinates": [111.395094, 30.658967]}, "properties": {"类别": "村", "名称": "共升村", "topic": "停车管理问题", "board": "民生基础需求", "polarity": "Very Negative"}}, {"type": "Feature", "geometry": {"type": "Point", "coordinates": [111.373683, 30.620496]}, "properties": {"类别": "村", "名称": "共联村", "topic": "住房房产", "board": "民生基础需求", "polarity": "Very Negative"}}, {"type": "Feature", "geometry": {"type": "Point", "coordinates": [111.349724, 30.65725]}, "properties": {"类别": "村", "名称": "火光村", "topic": "小区管理", "board": "民生基础需求", "polarity": "Negative"}}, {"type": "Feature", "geometry": {"type": "Point", "coordinates": [111.321284, 30.67413]}, "properties": {"类别": "村", "名称": "汉宜村", "topic": "生活噪声", "board": "民生基础需求", "polarity": "Very Negative"}}, {"type": "Feature", "geometry": {"type": "Point", "coordinates": [111.363544, 30.636543]}, "properties": {"类别": "村", "名称": "共勤村", "topic": "建筑施工噪声", "board": "民生基础需求", "polarity": "Negative"}}, {"type": "Feature", "geometry": {"type": "Point", "coordinates": [111.360882, 30.644048]}, "properties": {"类别": "村", "名称": "共勤村", "topic": "施工管理问题", "board": "民生基础需求", "polarity": "Very Negative"}}, {"type": "Feature", "geometry": {"type": "Point", "coordinates": [111.321284, 30.67413]}, "properties": {"类别": "村", "名称": "汉宜村", "topic": "生活噪声", "board": "民生基础需求", "polarity": "Negative"}}, {"type": "Feature", "geometry": {"type": "Point", "coordinates": [111.349078, 30.657798]}, "properties": {"类别": "村", "名称": "火光村", "topic": "生活噪声", "board": "民生基础需求", "polarity": "Very Negative"}}, {"type": "Feature", "geometry": {"type": "Point", "coordinates": [111.333572, 30.681932]}, "properties": {"类别": "村", "名称": "旭光村", "topic": "井盖问题", "board": "安全韧性底线", "polarity": "Neutral"}}, {"type": "Feature", "geometry": {"type": "Point", "coordinates": [111.321284, 30.67413]}, "properties": {"类别": "村", "名称": "汉宜村", "topic": "道路问题", "board": "民生基础需求", "polarity": "Neutral"}}, {"type": "Feature", "geometry": {"type": "Point", "coordinates": [111.338332, 30.684966]}, "properties": {"类别": "村", "名称": "旭光村", "topic": "道路问题", "board": "民生基础需求", "polarity": "Neutral"}}, {"type": "Feature", "geometry": {"type": "Point", "coordinates": [111.334004, 30.67308]}, "properties": {"类别": "村", "名称": "合益村", "topic": "建筑施工噪声", "board": "民生基础需求", "polarity": "Very Negative"}}, {"type": "Feature", "geometry": {"type": "Point", "coordinates": [111.360882, 30.644048]}, "properties": {"类别": "村", "名称": "共勤村", "topic": "施工管理问题", "board": "民生基础需求", "polarity": "Very Negative"}}, {"type": "Feature", "geometry": {"type": "Point", "coordinates": [111.312282, 30.682569]}, "properties": {"类别": "村", "名称": "汉宜村", "topic": "小区管理", "board": "民生基础需求", "polarity": "Negative"}}, {"type": "Feature", "geometry": {"type": "Point", "coordinates": [111.355256, 30.691889]}, "properties": {"类别": "村", "名称": "旭光村", "topic": "公交服务", "board": "民生基础需求", "polarity": "Very Negative"}}, {"type": "Feature", "geometry": {"type": "Point", "coordinates": [111.362106, 30.638015]}, "properties": {"类别": "村", "名称": "共勤村", "topic": "停车管理问题", "board": "民生基础需求", "polarity": "Negative"}}, {"type": "Feature", "geometry": {"type": "Point", "coordinates": [111.341091, 30.685179]}, "properties": {"类别": "村", "名称": "旭光村", "topic": "公交服务", "board": "民生基础需求", "polarity": "Negative"}}, {"type": "Feature", "geometry": {"type": "Point", "coordinates": [111.360882, 30.644048]}, "properties": {"类别": "村", "名称": "共勤村", "topic": "小区管理", "board": "民生基础需求", "polarity": "Negative"}}, {"type": "Feature", "geometry": {"type": "Point", "coordinates": [111.357508, 30.648738]}, "properties": {"类别": "村", "名称": "共前村", "topic": "违规建（构）筑物", "board": "民生基础需求", "polarity": "Very Negative"}}, {"type": "Feature", "geometry": {"type": "Point", "coordinates": [111.313096, 30.681364]}, "properties": {"类别": "村", "名称": "汉宜村", "topic": "住房房产", "board": "民生基础需求", "polarity": "Very Negative"}}, {"type": "Feature", "geometry": {"type": "Point", "coordinates": [111.378528, 30.669468]}, "properties": {"类别": "村", "名称": "共同村", "topic": "停车管理问题", "board": "民生基础需求", "polarity": "Very Negative"}}, {"type": "Feature", "geometry": {"type": "Point", "coordinates": [111.360882, 30.644048]}, "properties": {"类别": "村", "名称": "共勤村", "topic": "住房房产", "board": "民生基础需求", "polarity": "Very Negative"}}, {"type": "Feature", "geometry": {"type": "Point", "coordinates": [111.321284, 30.67413]}, "properties": {"类别": "村", "名称": "汉宜村", "topic": "井盖问题", "board": "安全韧性底线", "polarity": "Neutral"}}, {"type": "Feature", "geometry": {"type": "Point", "coordinates": [111.321284, 30.67413]}, "properties": {"类别": "村", "名称": "汉宜村", "topic": "生活噪声", "board": "民生基础需求", "polarity": "Very Negative"}}, {"type": "Feature", "geometry": {"type": "Point", "coordinates": [111.380082, 30.660195]}, "properties": {"类别": "村", "名称": "共和村", "topic": "生活噪声", "board": "民生基础需求", "polarity": "Very Negative"}}, {"type": "Feature", "geometry": {"type": "Point", "coordinates": [111.380082, 30.660195]}, "properties": {"类别": "村", "名称": "共和村", "topic": "交通秩序", "board": "民生基础需求", "polarity": "Very Negative"}}, {"type": "Feature", "geometry": {"type": "Point", "coordinates": [111.370163, 30.658286]}, "properties": {"类别": "村", "名称": "共和村", "topic": "道路问题", "board": "民生基础需求", "polarity": "Neutral"}}, {"type": "Feature", "geometry": {"type": "Point", "coordinates": [111.37174, 30.619047]}, "properties": {"类别": "村", "名称": "共联村", "topic": "道路问题", "board": "民生基础需求", "polarity": "Neutral"}}, {"type": "Feature", "geometry": {"type": "Point", "coordinates": [111.365833, 30.634654]}, "properties": {"类别": "村", "名称": "共勤村", "topic": "违规建（构）筑物", "board": "民生基础需求", "polarity": "Neutral"}}, {"type": "Feature", "geometry": {"type": "Point", "coordinates": [111.362821, 30.64987]}, "properties": {"类别": "村", "名称": "共勤村", "topic": "建筑施工噪声", "board": "民生基础需求", "polarity": "Very Negative"}}, {"type": "Feature", "geometry": {"type": "Point", "coordinates": [111.338332, 30.684966]}, "properties": {"类别": "村", "名称": "旭光村", "topic": "交通设施问题", "board": "安全韧性底线", "polarity": "Negative"}}, {"type": "Feature", "geometry": {"type": "Point", "coordinates": [111.360882, 30.644048]}, "properties": {"类别": "村", "名称": "共勤村", "topic": "生活噪声", "board": "民生基础需求", "polarity": "Negative"}}]}