{
"type": "FeatureCollection",
"name": "18村_面范围",
"crs": { "type": "name", "properties": { "name": "urn:ogc:def:crs:OGC:1.3:CRS84" } },
"features": [
{ "type": "Feature", "properties": { "SQMC": "火光村", "SSJD": "伍家乡" }, "geometry": { "type": "Polygon", "coordinates": [ [ [ 111.362076365032351, 30.669440823635227 ], [ 111.36139338839422, 30.668804090136746 ], [ 111.360007284009043, 30.669164476359526 ], [ 111.359925298213966, 30.668933276849316 ], [ 111.359911534989465, 30.668894464807693 ], [ 111.359660543199595, 30.668351580061483 ], [ 111.359431222373132, 30.667855558087581 ], [ 111.359347038635065, 30.667673470554291 ], [ 111.359304040249242, 30.667679065236712 ], [ 111.358786594625656, 30.66774639118313 ], [ 111.356939858387761, 30.667986647765758 ], [ 111.356558542243079, 30.667348218145833 ], [ 111.356141038278338, 30.666649188609313 ], [ 111.356213964303208, 30.666595006254568 ], [ 111.358174892857164, 30.66513803169488 ], [ 111.358249940382507, 30.664526865022935 ], [ 111.358293349758299, 30.664357837444356 ], [ 111.358359520075908, 30.664100177181467 ], [ 111.35842412827094, 30.66384859813445 ], [ 111.358120632261489, 30.663441918409887 ], [ 111.357969118979724, 30.663238891062065 ], [ 111.357984971329415, 30.66309380793308 ], [ 111.358015325247152, 30.662815989366493 ], [ 111.358083003727756, 30.662662626179269 ], [ 111.358452516270631, 30.661825268321593 ], [ 111.358639550974658, 30.66140142233786 ], [ 111.358504328012373, 30.660666731984122 ], [ 111.35694169030694, 30.660814060720384 ], [ 111.356701410341941, 30.660836714642642 ], [ 111.356620186272664, 30.660515662068292 ], [ 111.356544538899527, 30.6602166365887 ], [ 111.356000413987999, 30.659387601956439 ], [ 111.355589470577684, 30.658739579268342 ], [ 111.355422902644875, 30.658438876552964 ], [ 111.355378271090444, 30.658358303592934 ], [ 111.35537812540025, 30.658090657258128 ], [ 111.35536303477636, 30.656983329217326 ], [ 111.354953399879491, 30.656572408290174 ], [ 111.354902212267348, 30.656651464093841 ], [ 111.354813379034283, 30.656784911794375 ], [ 111.354782222921415, 30.656834243205878 ], [ 111.354719374699471, 30.656907417443392 ], [ 111.354694374445899, 30.65693532880249 ], [ 111.354703109560887, 30.656976619375598 ], [ 111.354681852285694, 30.656985093687126 ], [ 111.354657909634966, 30.656996964738312 ], [ 111.354629818411581, 30.657024010050065 ], [ 111.35462455467956, 30.657029076830497 ], [ 111.354563857636094, 30.657078910963037 ], [ 111.354603950312082, 30.657060437089626 ], [ 111.354624869442148, 30.6570495480982 ], [ 111.354632903086156, 30.657046711636497 ], [ 111.3546396228204, 30.657042778901257 ], [ 111.354643357704845, 30.657040595347326 ], [ 111.354647065609754, 30.65703993164766 ], [ 111.354655924831206, 30.657041313006289 ], [ 111.354661965577407, 30.657043687216458 ], [ 111.354677924946316, 30.657054495268881 ], [ 111.354702001596195, 30.657070051741584 ], [ 111.354720997975733, 30.657083267279063 ], [ 111.354723274159767, 30.657084851884576 ], [ 111.354763168985187, 30.657102983116204 ], [ 111.354845058552655, 30.657123103648473 ], [ 111.354863783337066, 30.657127702781452 ], [ 111.354955871216589, 30.657149695702003 ], [ 111.354989477082768, 30.657157578259728 ], [ 111.355035355996961, 30.657178236586503 ], [ 111.355075230137743, 30.657207040972253 ], [ 111.355112918926181, 30.657250799285123 ], [ 111.355131262398004, 30.657271579919552 ], [ 111.355133600635156, 30.657294958695445 ], [ 111.35510945743556, 30.657337455259437 ], [ 111.355097125931707, 30.657349924359664 ], [ 111.355063709822389, 30.657403387256693 ], [ 111.355012853160758, 30.657485168905566 ], [ 111.354950978005434, 30.657584642917129 ], [ 111.354914898104255, 30.657641897355859 ], [ 111.354844839118073, 30.657653950969234 ], [ 111.354753720707834, 30.657675440269543 ], [ 111.354619878204858, 30.657706415618748 ], [ 111.354516141406862, 30.657730056996684 ], [ 111.354404825122685, 30.657756480877026 ], [ 111.354302020921637, 30.657780270643059 ], [ 111.354284458061329, 30.657784385041509 ], [ 111.354236517901029, 30.657795613976418 ], [ 111.354112478907894, 30.657824797876174 ], [ 111.353986697028574, 30.657854158942314 ], [ 111.35384763036393, 30.657885991345495 ], [ 111.353797571400889, 30.657897287729782 ], [ 111.3537967476218, 30.657897204092819 ], [ 111.353784568103436, 30.657853086950524 ], [ 111.353756620771549, 30.657745986688042 ], [ 111.353736281704016, 30.657671109134469 ], [ 111.353708198574623, 30.657589546020859 ], [ 111.353678992191874, 30.657504936004102 ], [ 111.353657692648596, 30.657442531148035 ], [ 111.353642897901466, 30.657401626384001 ], [ 111.35364693226029, 30.657376085637964 ], [ 111.353652336286473, 30.65736142668851 ], [ 111.353657080210155, 30.657353751874325 ], [ 111.35366611210145, 30.657345299146414 ], [ 111.353676260950863, 30.657335799607438 ], [ 111.353674975819558, 30.657333779730209 ], [ 111.353636602647214, 30.657304865627111 ], [ 111.353589006027903, 30.657269004261309 ], [ 111.353575441553573, 30.657258782566885 ], [ 111.353520392252278, 30.657298290683684 ], [ 111.353425995813154, 30.657379560618267 ], [ 111.353390314311696, 30.657410280560043 ], [ 111.353327493968834, 30.657359396019388 ], [ 111.353318627552767, 30.65735934206009 ], [ 111.353259676093217, 30.65730787925537 ], [ 111.353212260237797, 30.657266507743316 ], [ 111.353065990902849, 30.657135944168601 ], [ 111.353025343344996, 30.657099588175527 ], [ 111.353013340093639, 30.657102355389554 ], [ 111.35299121497269, 30.657083055039095 ], [ 111.352997580374222, 30.657075120320599 ], [ 111.352905523970833, 30.656994966444699 ], [ 111.35286467136757, 30.656959204004238 ], [ 111.352816781569345, 30.656917282106974 ], [ 111.352753991803411, 30.656958539405196 ], [ 111.352701617985417, 30.656992638099894 ], [ 111.352666188294052, 30.657019252636587 ], [ 111.352407893109898, 30.657208762274649 ], [ 111.352376231577807, 30.657231907226901 ], [ 111.352392181054427, 30.657310868601769 ], [ 111.352429629723815, 30.657476440985135 ], [ 111.35243045530126, 30.657480065252912 ], [ 111.352482463994647, 30.657566063822969 ], [ 111.352545886883263, 30.657676352182023 ], [ 111.352589724336383, 30.657747978686416 ], [ 111.352620775228729, 30.657800437040692 ], [ 111.352572371917518, 30.65787719687529 ], [ 111.352497678724887, 30.657990476379439 ], [ 111.352456711907791, 30.65805259255319 ], [ 111.35244380483789, 30.65807953983898 ], [ 111.352420336129626, 30.658128539400707 ], [ 111.352396790979299, 30.658179048924069 ], [ 111.352354073181971, 30.658256666711964 ], [ 111.352297046271701, 30.658359765890623 ], [ 111.352226626657568, 30.658484657441022 ], [ 111.352156975064418, 30.658609550790231 ], [ 111.352135886861788, 30.658646707179798 ], [ 111.352123442043251, 30.658668638047232 ], [ 111.352121593936545, 30.658671896291082 ], [ 111.352084788282355, 30.658657885752916 ], [ 111.351924708058959, 30.65859303923753 ], [ 111.351882192609139, 30.658575836106024 ], [ 111.351800882205055, 30.658542934409013 ], [ 111.351796992637276, 30.658541359696017 ], [ 111.351727568572528, 30.658435219010244 ], [ 111.351631074014961, 30.658289825614986 ], [ 111.351545812888958, 30.658160369105815 ], [ 111.351472072977913, 30.658050037579358 ], [ 111.351456178360024, 30.658026923204034 ], [ 111.351446016920136, 30.658012144644829 ], [ 111.35144428302732, 30.658013339843819 ], [ 111.351146130789289, 30.656281357099033 ], [ 111.351147459987374, 30.656280548608493 ], [ 111.351232406350562, 30.656311137249304 ], [ 111.351369952261564, 30.656360671008258 ], [ 111.351484909900705, 30.656353410781321 ], [ 111.351701144692242, 30.65617084840602 ], [ 111.351964711702237, 30.65594832195751 ], [ 111.351989449353596, 30.655927437901084 ], [ 111.351994866869632, 30.655931189872604 ], [ 111.351952794785689, 30.655625147882461 ], [ 111.351943106389285, 30.655554666215039 ], [ 111.351918556696205, 30.655375722711483 ], [ 111.351895669849455, 30.655106311906877 ], [ 111.351868103829929, 30.654810676871307 ], [ 111.351896422581888, 30.654809208278436 ], [ 111.351893899983622, 30.654797215818917 ], [ 111.351883871643508, 30.654726851962664 ], [ 111.351889763102179, 30.654669337619907 ], [ 111.351899828314515, 30.65467011643284 ], [ 111.351958062115045, 30.654674611244445 ], [ 111.351943083006915, 30.654555221746136 ], [ 111.351957539608918, 30.654554576032979 ], [ 111.351991730034513, 30.654553494148558 ], [ 111.352077562229908, 30.654550384292861 ], [ 111.352077685436939, 30.654548123397205 ], [ 111.352058855432006, 30.654534370964598 ], [ 111.351999356285432, 30.654526325629547 ], [ 111.351999162931122, 30.654501069968546 ], [ 111.351992121239448, 30.654314464241224 ], [ 111.351994016111064, 30.653886272733359 ], [ 111.351992425210312, 30.653706238352356 ], [ 111.351921610793795, 30.65371096788698 ], [ 111.351748830344263, 30.65343021573193 ], [ 111.35173875434009, 30.653413842674752 ], [ 111.351717321697208, 30.653392589896157 ], [ 111.351654048095895, 30.65335248283094 ], [ 111.351553107290158, 30.653286273842582 ], [ 111.351533183709478, 30.653195096976219 ], [ 111.351507847109474, 30.653203866265471 ], [ 111.351458134385439, 30.65301900432371 ], [ 111.351414393159814, 30.65302777001574 ], [ 111.351351814734528, 30.652775196318316 ], [ 111.351349142848733, 30.652764415245542 ], [ 111.351326548281634, 30.652585677686943 ], [ 111.351398458072481, 30.652522421172932 ], [ 111.351383815310953, 30.65245444861398 ], [ 111.351350433375899, 30.652369479767799 ], [ 111.351266255933069, 30.652223018877294 ], [ 111.351229508734889, 30.652159079777789 ], [ 111.351177240137645, 30.65205576296313 ], [ 111.350874752268055, 30.651457852298108 ], [ 111.350831557830134, 30.651359542908722 ], [ 111.350712651267884, 30.651226492708531 ], [ 111.350655504747806, 30.651153350846528 ], [ 111.350495149331778, 30.650956604363955 ], [ 111.35038691412484, 30.650809647946971 ], [ 111.350282132314589, 30.650715237118618 ], [ 111.350211031014453, 30.650599248856281 ], [ 111.350034269266246, 30.650540580683355 ], [ 111.34995331679221, 30.650513713437192 ], [ 111.349209815780512, 30.650266937669187 ], [ 111.349028328994223, 30.650264195636282 ], [ 111.348761463271103, 30.650260357329671 ], [ 111.348673229885719, 30.650261324100882 ], [ 111.348543529660219, 30.650262750425725 ], [ 111.348387089892412, 30.650265440297858 ], [ 111.3483926153271, 30.650256522620452 ], [ 111.348397512135534, 30.650246091384133 ], [ 111.348402572620728, 30.650235316606768 ], [ 111.348540328073852, 30.649967292556539 ], [ 111.348513580437555, 30.64993569487649 ], [ 111.348466034180319, 30.649879527718099 ], [ 111.348451916622707, 30.649862855186655 ], [ 111.348385345207646, 30.649784635752383 ], [ 111.348356235951655, 30.649757976249646 ], [ 111.348258998553945, 30.649624405342081 ], [ 111.348207338797693, 30.649647885741388 ], [ 111.348143782809473, 30.649628962207032 ], [ 111.34808276560733, 30.649547981853914 ], [ 111.348010954741824, 30.649536241204601 ], [ 111.347870341243379, 30.649581962737443 ], [ 111.347864896747694, 30.649603455635031 ], [ 111.347870656905343, 30.64967026537056 ], [ 111.347945842926492, 30.649853831389294 ], [ 111.3479378947182, 30.649946929207488 ], [ 111.347866340159612, 30.650006783586377 ], [ 111.347805766323177, 30.650049904279683 ], [ 111.347595785417298, 30.649995574436332 ], [ 111.347410620403821, 30.649934017640931 ], [ 111.347380145977127, 30.649903072868653 ], [ 111.347316693410733, 30.649912790043288 ], [ 111.347236726593735, 30.649936867592487 ], [ 111.347060077260892, 30.649939727436561 ], [ 111.346930152204948, 30.649887568556494 ], [ 111.346778121812918, 30.649828310428347 ], [ 111.346728061051351, 30.649723433289864 ], [ 111.346680702752337, 30.649601844050039 ], [ 111.346636681837424, 30.649530732857215 ], [ 111.345960556234843, 30.649791093783961 ], [ 111.34595243895393, 30.649813683854404 ], [ 111.345949014335645, 30.649822888415599 ], [ 111.345946052868157, 30.649833995942231 ], [ 111.345943518578565, 30.649843574621457 ], [ 111.345940977094585, 30.649852768390588 ], [ 111.345938431113893, 30.649861579948094 ], [ 111.345935865347997, 30.649868866255304 ], [ 111.345933326561919, 30.649878060923811 ], [ 111.345930346208547, 30.649887632408365 ], [ 111.345927363157386, 30.64989642687857 ], [ 111.345924804586105, 30.649904079209989 ], [ 111.345921823333526, 30.64991363990265 ], [ 111.34591973600709, 30.649923955126553 ], [ 111.345917637888817, 30.649933129110764 ], [ 111.345915575743334, 30.649945734008497 ], [ 111.345883443865887, 30.649989459945687 ], [ 111.345873983897434, 30.650010892588739 ], [ 111.345867551046751, 30.6500265839598 ], [ 111.345865883703709, 30.650032595927598 ], [ 111.345865008663395, 30.650035757044634 ], [ 111.345863774793486, 30.650043780795897 ], [ 111.345854429038752, 30.650074751648447 ], [ 111.345852315632044, 30.650082781695119 ], [ 111.345851067372962, 30.6500892756996 ], [ 111.345850246291945, 30.650092667042998 ], [ 111.345849041200267, 30.650097648387884 ], [ 111.345847041108129, 30.650105932043289 ], [ 111.345843485188823, 30.65012061887154 ], [ 111.345840951798607, 30.650128160586178 ], [ 111.345801464366275, 30.650245746044334 ], [ 111.34591223835929, 30.650387661761215 ], [ 111.345950749127894, 30.650400254967906 ], [ 111.346006245392005, 30.650418404185984 ], [ 111.34607071778953, 30.650382631853006 ], [ 111.346100310880729, 30.650364784807039 ], [ 111.346183851603541, 30.650328093366909 ], [ 111.346251349320426, 30.650299452657748 ], [ 111.346274522151589, 30.650278840196506 ], [ 111.346293222654197, 30.650265601276658 ], [ 111.346365073089714, 30.650230064566017 ], [ 111.346415192307461, 30.650200838398064 ], [ 111.34644113684908, 30.6501998959086 ], [ 111.346643403370479, 30.65019861797191 ], [ 111.346668995377911, 30.650208656204711 ], [ 111.347176990925391, 30.650393951619662 ], [ 111.347317534276954, 30.650445707603296 ], [ 111.347269306333544, 30.650697878404515 ], [ 111.347260546936752, 30.650743672782426 ], [ 111.347157368617729, 30.651283149997482 ], [ 111.347153426889179, 30.651303761559404 ], [ 111.347236955920891, 30.651253040695451 ], [ 111.347267695647702, 30.651247960425167 ], [ 111.347379817724516, 30.651260505967741 ], [ 111.347385020302625, 30.651262266840263 ], [ 111.347402207246205, 30.651358085107688 ], [ 111.347403287331929, 30.651367194340708 ], [ 111.347405247853942, 30.651376293681039 ], [ 111.347406333335698, 30.651385784226591 ], [ 111.347408956658057, 30.651405139435781 ], [ 111.347411108735685, 30.65142298018651 ], [ 111.34741177513348, 30.651433619166369 ], [ 111.347411882152755, 30.651438561840166 ], [ 111.347412153747939, 30.65145148509805 ], [ 111.347412719421527, 30.651457179605302 ], [ 111.347413080949025, 30.651474291005741 ], [ 111.347413742849938, 30.651484547773805 ], [ 111.347414007250734, 30.651497095114962 ], [ 111.347414195209012, 30.651505835625812 ], [ 111.347414830130447, 30.651514955650725 ], [ 111.347415013592069, 30.651523697960386 ], [ 111.347415194355904, 30.651532061655359 ], [ 111.347415740244401, 30.65153699713477 ], [ 111.347415998349732, 30.651549164062658 ], [ 111.347416635969125, 30.651558282289045 ], [ 111.347418128843742, 30.65156624398702 ], [ 111.347418308708029, 30.65157460858137 ], [ 111.347417635115846, 30.65158450382188 ], [ 111.347418215178607, 30.651590960954138 ], [ 111.34742005159427, 30.651638964966253 ], [ 111.347420412222391, 30.651656865072368 ], [ 111.347421031855276, 30.651665618173922 ], [ 111.347422549011469, 30.651675121309779 ], [ 111.347423621003372, 30.651684249428683 ], [ 111.347425115676742, 30.651692607727796 ], [ 111.347426610349942, 30.651700966026908 ], [ 111.347427672449101, 30.651709716430332 ], [ 111.347428716562206, 30.651717700611471 ], [ 111.347430653701906, 30.651726054413928 ], [ 111.347432155569663, 30.651734795824211 ], [ 111.347434119689012, 30.651744290866475 ], [ 111.347434721335389, 30.651752283141377 ], [ 111.347435777139538, 30.651760646836351 ], [ 111.347435955205299, 30.65176940713252 ], [ 111.347437014606555, 30.651778154838155 ], [ 111.347439515621261, 30.651814307584402 ], [ 111.347440143348081, 30.65182344379707 ], [ 111.347443547281955, 30.65188244292051 ], [ 111.347445050948465, 30.651891183431417 ], [ 111.347448513338293, 30.651909418984587 ], [ 111.34745193166134, 30.651925370259733 ], [ 111.347452958687143, 30.651932596312349 ], [ 111.347454447964424, 30.651940575097626 ], [ 111.347456386902877, 30.65194892979946 ], [ 111.347458344726988, 30.651958425740929 ], [ 111.347459812420539, 30.651965263286399 ], [ 111.34746037809407, 30.651971348998586 ], [ 111.347461850284276, 30.651978566058062 ], [ 111.347463796417117, 30.651987301173108 ], [ 111.347465282996495, 30.651995279958385 ], [ 111.347467079842033, 30.652001098571873 ], [ 111.347468594300267, 30.652005992682575 ], [ 111.347459522838847, 30.652042123844979 ], [ 111.347444653448122, 30.652101393664452 ], [ 111.347441781912778, 30.652111993973335 ], [ 111.347440197307435, 30.652132647803626 ], [ 111.34748522636221, 30.652355854139387 ], [ 111.34750155984915, 30.652436809311382 ], [ 111.347482004990638, 30.652458616072352 ], [ 111.347467459355869, 30.652474552059118 ], [ 111.347456977757361, 30.652485626310693 ], [ 111.347449347009956, 30.652493161730092 ], [ 111.34744298340695, 30.652499098154976 ], [ 111.347437276309392, 30.65250416763331 ], [ 111.347431740082811, 30.652508766766289 ], [ 111.347425883697554, 30.652513334422963 ], [ 111.347420029111049, 30.652517847220906 ], [ 111.347414485690081, 30.65252224580513 ], [ 111.347408759706639, 30.652526933071556 ], [ 111.347402379915877, 30.652532293930335 ], [ 111.34739990767963, 30.652534380357338 ], [ 111.347395915589232, 30.652537751915872 ], [ 111.347389903621263, 30.652542812400839 ], [ 111.347377110765194, 30.652553497246231 ], [ 111.347370339769554, 30.65255918905541 ], [ 111.347363959978793, 30.652564702798827 ], [ 111.347341321345084, 30.652585434869991 ], [ 111.347329038404553, 30.652597364376959 ], [ 111.347311847863637, 30.652614382247975 ], [ 111.347288638160137, 30.652637567669728 ], [ 111.347282011056109, 30.652641547169651 ], [ 111.347229788324228, 30.652697423847201 ], [ 111.347208291829304, 30.652723256872832 ], [ 111.347175926128273, 30.652755886075283 ], [ 111.347156000748896, 30.652779192905541 ], [ 111.347142599951098, 30.652795442755519 ], [ 111.347138079059164, 30.652800857573652 ], [ 111.347136799323891, 30.652805820931917 ], [ 111.347123681812548, 30.652822676925155 ], [ 111.347107067737113, 30.652843748940029 ], [ 111.347092656101324, 30.65286365813148 ], [ 111.347087413053714, 30.652870935445492 ], [ 111.347082609774702, 30.652877445637728 ], [ 111.347077801099829, 30.652883575416695 ], [ 111.34707211828362, 30.652890855428666 ], [ 111.347066874336861, 30.652897746933661 ], [ 111.347052011241374, 30.652916901593926 ], [ 111.347046762797902, 30.652923415383441 ], [ 111.347041955022405, 30.652929545162408 ], [ 111.347036702981654, 30.652936058952093 ], [ 111.347031890709275, 30.652941807418529 ], [ 111.347023975775869, 30.652951261091914 ], [ 111.347014984354246, 30.652962004393089 ], [ 111.34700130206852, 30.652982406413059 ], [ 111.346996938557879, 30.652988913907336 ], [ 111.346983408257813, 30.653008440886879 ], [ 111.346975117407851, 30.653020688753941 ], [ 111.346970747602029, 30.65302643632117 ], [ 111.346958986268248, 30.653045948911426 ], [ 111.346946477597896, 30.653080329094053 ], [ 111.346937473585569, 30.65307960873713 ], [ 111.346836154165374, 30.653059733719772 ], [ 111.346827095294373, 30.653074294643091 ], [ 111.346697664865474, 30.653282352798499 ], [ 111.346639949973792, 30.653397976835265 ], [ 111.346557793307625, 30.653455562224508 ], [ 111.346460981289283, 30.653527027750272 ], [ 111.346398801263717, 30.653522047304705 ], [ 111.346395295706429, 30.653521764917627 ], [ 111.34633452941506, 30.653534630618822 ], [ 111.346325278089125, 30.653540186630494 ], [ 111.346232693783975, 30.653592406664302 ], [ 111.346170538939305, 30.65362828511735 ], [ 111.346152211655237, 30.653640562661849 ], [ 111.346164865116634, 30.65366326424828 ], [ 111.345466582017195, 30.653863337323344 ], [ 111.345009383776187, 30.653994330773912 ], [ 111.345001163073277, 30.653995942358904 ], [ 111.345236654148266, 30.654852266019418 ], [ 111.345301255148911, 30.655087169837088 ], [ 111.344963205387785, 30.655340009733834 ], [ 111.344701276043054, 30.655535916249562 ], [ 111.344410850780207, 30.655531150742092 ], [ 111.344330484664113, 30.65544306124832 ], [ 111.344183664044976, 30.655297869301364 ], [ 111.344045056933965, 30.655133562264211 ], [ 111.344021357100075, 30.65510464906049 ], [ 111.343987801595915, 30.655063712820095 ], [ 111.343979199580417, 30.655065168822546 ], [ 111.343873879076284, 30.654946119268175 ], [ 111.343701701172733, 30.654655410718817 ], [ 111.343680998779121, 30.654421581590839 ], [ 111.343708028802496, 30.654259224283862 ], [ 111.343741558226384, 30.654192043128319 ], [ 111.343437316678887, 30.654134435256083 ], [ 111.343388409747376, 30.654280834093299 ], [ 111.343276837156395, 30.654589565056426 ], [ 111.343224380600873, 30.654734715634731 ], [ 111.343154712819796, 30.655012298578697 ], [ 111.343125944406893, 30.655126929764151 ], [ 111.343093715402745, 30.655255333167247 ], [ 111.343066768116898, 30.655441556682604 ], [ 111.343062257117481, 30.655727959277954 ], [ 111.34306638680431, 30.656049170133201 ], [ 111.341823601078431, 30.656169855554481 ], [ 111.341569031785525, 30.65599869208603 ], [ 111.341069451194357, 30.654069940375507 ], [ 111.341027050857804, 30.654084413165265 ], [ 111.340329679671072, 30.653589832804585 ], [ 111.340036558240627, 30.653362438326042 ], [ 111.339836933028096, 30.65320757417021 ], [ 111.339745388339111, 30.653310444021884 ], [ 111.339709398370076, 30.65335088563495 ], [ 111.339201978388644, 30.653495404889156 ], [ 111.3391978675877, 30.653495356325664 ], [ 111.338539439743386, 30.653487585283926 ], [ 111.338307697042637, 30.653526373943123 ], [ 111.337922983259091, 30.653871040016554 ], [ 111.33795189376491, 30.654387483795517 ], [ 111.337968674215006, 30.654385831740854 ], [ 111.338043123691307, 30.65437920913331 ], [ 111.338088346999768, 30.654375395108502 ], [ 111.33816212288383, 30.654364116710724 ], [ 111.338204981874526, 30.6543569697983 ], [ 111.338222611284607, 30.654360424094364 ], [ 111.338290031659653, 30.654375753937927 ], [ 111.33832264107707, 30.654383036647971 ], [ 111.338377441266005, 30.654376422134249 ], [ 111.338463107086909, 30.654365034019236 ], [ 111.338493632774998, 30.654363965624668 ], [ 111.338524589238546, 30.654364807390039 ], [ 111.338599339987582, 30.654364998945653 ], [ 111.338682004770703, 30.654366581752413 ], [ 111.338782173058974, 30.654368994633501 ], [ 111.338802538206551, 30.654370582836293 ], [ 111.338873286972728, 30.654380904355435 ], [ 111.338922592303902, 30.654386862363879 ], [ 111.338992805073872, 30.654397404216979 ], [ 111.339018033755451, 30.654400557240081 ], [ 111.339146793290013, 30.654419604880843 ], [ 111.339267103693999, 30.654434665827296 ], [ 111.339336540349166, 30.654440837874347 ], [ 111.339356864128092, 30.654447339073613 ], [ 111.339392623870651, 30.654466057562558 ], [ 111.33943165534663, 30.654486386737517 ], [ 111.339486440247185, 30.654517416945282 ], [ 111.339671082754307, 30.654621453217658 ], [ 111.339718804379345, 30.654648664904073 ], [ 111.339809956064698, 30.654704762814561 ], [ 111.33984225161862, 30.654756893815772 ], [ 111.339823542122815, 30.654826981580015 ], [ 111.339796772003524, 30.654932117723149 ], [ 111.339781962867391, 30.654989439611029 ], [ 111.339747631248258, 30.65512260132715 ], [ 111.339717450899741, 30.655240809116151 ], [ 111.339700640772037, 30.655308410255032 ], [ 111.339663879184855, 30.65545332161355 ], [ 111.339656845586944, 30.655483406634062 ], [ 111.339647375725974, 30.655551851336952 ], [ 111.339643512238297, 30.655589667829076 ], [ 111.339670903789226, 30.655655358807792 ], [ 111.339708649234922, 30.655750133861716 ], [ 111.339684932313844, 30.655803968178645 ], [ 111.339639960815703, 30.655898618226786 ], [ 111.339615606275288, 30.655935504819752 ], [ 111.339563522938306, 30.656015752225301 ], [ 111.339560003891222, 30.656039947585668 ], [ 111.339558638720348, 30.656049387769087 ], [ 111.339539389631227, 30.656092663145955 ], [ 111.339562348423783, 30.656098212862389 ], [ 111.339532091632748, 30.656207119862756 ], [ 111.339513049387847, 30.656406250448185 ], [ 111.339510471930851, 30.656505916015192 ], [ 111.339510339730452, 30.656509523196064 ], [ 111.339537718690906, 30.656523727987746 ], [ 111.339621865556694, 30.656572872340291 ], [ 111.339746168950626, 30.656641485216426 ], [ 111.339904035043219, 30.656731673727847 ], [ 111.339943197820446, 30.656752832077586 ], [ 111.340179100785008, 30.656928907643078 ], [ 111.340140153845084, 30.657163870816078 ], [ 111.340138728419618, 30.657172487220578 ], [ 111.340094212877602, 30.657477048027374 ], [ 111.340092068893966, 30.657503059118937 ], [ 111.340083840097293, 30.657567857071001 ], [ 111.340063018093986, 30.657725116121242 ], [ 111.340051291833845, 30.657814383726986 ], [ 111.340049753993014, 30.657831613838027 ], [ 111.340046224154037, 30.657837672570565 ], [ 111.340020354256012, 30.657860792341694 ], [ 111.339892157697022, 30.657860466787213 ], [ 111.339882728305383, 30.657912266837684 ], [ 111.339867581024237, 30.657991980945326 ], [ 111.339845114160823, 30.658109853287272 ], [ 111.339812404918575, 30.658123576941648 ], [ 111.339719006726853, 30.658160081322876 ], [ 111.33961266908949, 30.658189409114073 ], [ 111.339534900215654, 30.658212252793419 ], [ 111.339422223257031, 30.658243568985711 ], [ 111.339298283189407, 30.658275118102267 ], [ 111.339154117368821, 30.658311156634625 ], [ 111.339080704810783, 30.658329226712453 ], [ 111.33901087964847, 30.658346378582621 ], [ 111.338940709146527, 30.658363808343211 ], [ 111.338878155002931, 30.658379280279632 ], [ 111.338844987106597, 30.65838690383265 ], [ 111.338829496284291, 30.658363710317076 ], [ 111.338809821815858, 30.658333672061474 ], [ 111.338785685810819, 30.658319684905678 ], [ 111.338758880617888, 30.658304158110525 ], [ 111.338696550405643, 30.658302209279725 ], [ 111.33862880987175, 30.658326124950804 ], [ 111.338593425146541, 30.658352529945432 ], [ 111.338562851794336, 30.658377709163972 ], [ 111.338554178732409, 30.658387777973758 ], [ 111.338528880803324, 30.658442025978786 ], [ 111.338511963656174, 30.658481761624103 ], [ 111.338506539845127, 30.658554134565691 ], [ 111.338501770740152, 30.658624043364966 ], [ 111.338524538876527, 30.658654469228395 ], [ 111.338561399389221, 30.658702999343973 ], [ 111.338597813838078, 30.658745598430755 ], [ 111.338637224828119, 30.658787346758743 ], [ 111.338652738133419, 30.658802299786373 ], [ 111.338680945369447, 30.6588166277852 ], [ 111.33870914541086, 30.658830275896662 ], [ 111.338721645087901, 30.65883292619867 ], [ 111.338615097908644, 30.658958298886546 ], [ 111.338694444193379, 30.659005943169916 ], [ 111.338841540904525, 30.659096009373513 ], [ 111.338939692013298, 30.659137927673271 ], [ 111.33904887870284, 30.659180769576949 ], [ 111.33909647981875, 30.659209425574716 ], [ 111.339293280260847, 30.659313364719992 ], [ 111.339365312359348, 30.659355542924061 ], [ 111.339533880384295, 30.659480774418398 ], [ 111.339462646883817, 30.659715706115037 ], [ 111.339428880938215, 30.659925518847729 ], [ 111.339408068827424, 30.659988707013383 ], [ 111.339370889954807, 30.660164234891681 ], [ 111.339270826887287, 30.660229603013761 ], [ 111.339123887557435, 30.660262406684865 ], [ 111.33892792168632, 30.660249103913145 ], [ 111.33866816600306, 30.660125495695127 ], [ 111.338511892609915, 30.660050058763375 ], [ 111.338489444632216, 30.660037293786218 ], [ 111.33829529898901, 30.65986215261637 ], [ 111.338219525710713, 30.659836249443458 ], [ 111.337859402089805, 30.659708312788553 ], [ 111.337659767884134, 30.659634205054601 ], [ 111.337648163032441, 30.659630614061655 ], [ 111.337639363166204, 30.659640066835664 ], [ 111.33758414029603, 30.659616555859429 ], [ 111.337510490316902, 30.659583091186789 ], [ 111.337497138981917, 30.659571755232378 ], [ 111.337300003992027, 30.659433991685489 ], [ 111.337102491286998, 30.659301466689385 ], [ 111.336916041142388, 30.659172166662302 ], [ 111.336812000373698, 30.659103757032881 ], [ 111.336745862431655, 30.659059252282759 ], [ 111.336677439312552, 30.659015082979749 ], [ 111.336685804806109, 30.658976573110465 ], [ 111.336720114841626, 30.658834975753507 ], [ 111.336729069391083, 30.658797494708779 ], [ 111.336745670876041, 30.658726494132509 ], [ 111.336759050989428, 30.658666138831279 ], [ 111.336770839302858, 30.65862088494606 ], [ 111.336787552303804, 30.658557069952906 ], [ 111.336804259908718, 30.65849182413848 ], [ 111.336827855421291, 30.658400817244001 ], [ 111.336842673550564, 30.658343519637697 ], [ 111.336866164741821, 30.658251528885103 ], [ 111.336872756772379, 30.658224922442344 ], [ 111.33688565844642, 30.65817509190714 ], [ 111.336900583595138, 30.658128536702634 ], [ 111.33693326765632, 30.658065968170035 ], [ 111.336964725941527, 30.658008702939469 ], [ 111.336983764589149, 30.657990104959424 ], [ 111.337073662619503, 30.65790017815084 ], [ 111.337167417842124, 30.657803900329895 ], [ 111.337362210997412, 30.657568322020495 ], [ 111.337322677699547, 30.657548927241237 ], [ 111.337004911247789, 30.657407517842728 ], [ 111.336982448881088, 30.657396689106065 ], [ 111.33691594401563, 30.657366857694399 ], [ 111.336863930825814, 30.657355612571507 ], [ 111.336836182244042, 30.657348510625297 ], [ 111.336756903408457, 30.657324405197244 ], [ 111.336680050044265, 30.657301626269145 ], [ 111.336636703621139, 30.657288174209953 ], [ 111.336560963617671, 30.65725213118094 ], [ 111.33648127019444, 30.657165932961561 ], [ 111.336481434770519, 30.65714847442274 ], [ 111.336480263853105, 30.657130227178357 ], [ 111.336410752554173, 30.657152961140412 ], [ 111.336343211669998, 30.657196902914905 ], [ 111.335837547165056, 30.658053392050533 ], [ 111.335820603038428, 30.658059725975704 ], [ 111.335767472890723, 30.658131000845117 ], [ 111.335721569694783, 30.658190086303591 ], [ 111.33568501675029, 30.658239591284143 ], [ 111.335644216307628, 30.658290122391293 ], [ 111.335515964889964, 30.658438898136751 ], [ 111.335449024752791, 30.658513702845141 ], [ 111.335339419878437, 30.658632605810169 ], [ 111.33530120318801, 30.658672390918127 ], [ 111.335240262428215, 30.658733250738976 ], [ 111.33511741863407, 30.658853017053161 ], [ 111.335027152780924, 30.658937954423209 ], [ 111.335022863014899, 30.65894296634491 ], [ 111.335020620105581, 30.658946792060874 ], [ 111.335019408718836, 30.658950868687725 ], [ 111.335019755857161, 30.658955748409198 ], [ 111.335021828794538, 30.658959739600448 ], [ 111.33502576422768, 30.658963638161538 ], [ 111.33505144436873, 30.658983803659794 ], [ 111.335060863867852, 30.658988167170207 ], [ 111.335104587107082, 30.659000599398269 ], [ 111.335120196639764, 30.659006358656598 ], [ 111.335202287655534, 30.659028035915185 ], [ 111.335303429010025, 30.659025711167828 ], [ 111.335342934428866, 30.659010811200005 ], [ 111.335453112171535, 30.659297578920302 ], [ 111.335622914066221, 30.659739539947907 ], [ 111.335660398708455, 30.659796929284937 ], [ 111.335685275754997, 30.659837590332643 ], [ 111.335727527703284, 30.659916514835459 ], [ 111.335735527172972, 30.659932887892523 ], [ 111.335743480777182, 30.659944778728743 ], [ 111.335756220573217, 30.659960399053318 ], [ 111.335772840943889, 30.659978225414875 ], [ 111.335796089318137, 30.660000970168653 ], [ 111.3358077058611, 30.660011100132238 ], [ 111.335834088372565, 30.66003075391626 ], [ 111.335863165252988, 30.660049431036555 ], [ 111.335878796369514, 30.660058113091623 ], [ 111.335934208097342, 30.660085105343398 ], [ 111.335976996041722, 30.660103010845376 ], [ 111.336001115858949, 30.66011230893605 ], [ 111.336025632277199, 30.660120706805287 ], [ 111.336052861050746, 30.660128914018344 ], [ 111.336147865431826, 30.660155021337289 ], [ 111.336209974410906, 30.660174294708099 ], [ 111.336305627203103, 30.660206175674602 ], [ 111.336620203759537, 30.660314606034376 ], [ 111.336676629922692, 30.66033247736209 ], [ 111.336741557377024, 30.660350875692416 ], [ 111.336803935253556, 30.660366985248231 ], [ 111.336874226264626, 30.660383555256885 ], [ 111.336955124779365, 30.660400527262595 ], [ 111.336967244942514, 30.660357347213903 ], [ 111.336970540957736, 30.660349194859521 ], [ 111.336970537360457, 30.660347336860298 ], [ 111.33696884303771, 30.660334752646804 ], [ 111.33696748596077, 30.660323887037919 ], [ 111.33696713432596, 30.660316737427593 ], [ 111.336969445583634, 30.660312445862814 ], [ 111.336973085139846, 30.660308154298036 ], [ 111.336983698039376, 30.660305862825396 ], [ 111.337022170137232, 30.660300919252052 ], [ 111.337059706040691, 30.660292826253055 ], [ 111.337063931955072, 30.660291771348284 ], [ 111.337098225802663, 30.660283216097696 ], [ 111.337113238185452, 30.660280161100729 ], [ 111.337101751144985, 30.660251220017813 ], [ 111.337008701890113, 30.660205188218981 ], [ 111.337023661213152, 30.660188140670186 ], [ 111.337058623256894, 30.660147708949637 ], [ 111.337065692827593, 30.66013997388086 ], [ 111.337079758224434, 30.660124217758607 ], [ 111.337086413207487, 30.660117115812341 ], [ 111.337110945813663, 30.660093396193361 ], [ 111.337135816564796, 30.660069349221146 ], [ 111.337142681989292, 30.660064510868665 ], [ 111.337180885189696, 30.660037594159803 ], [ 111.337219687338745, 30.660024455064672 ], [ 111.3372567259172, 30.660020821803528 ], [ 111.33729516114289, 30.660024765330775 ], [ 111.337305085161631, 30.660027617080914 ], [ 111.337338700920327, 30.660037273101807 ], [ 111.337352370615577, 30.660042924441427 ], [ 111.337390720405608, 30.660058778589814 ], [ 111.337394118943564, 30.660060325423785 ], [ 111.337429050410549, 30.660076225437535 ], [ 111.33744315627672, 30.660082644798251 ], [ 111.337488269867777, 30.660104025280702 ], [ 111.337500505144249, 30.660110137972538 ], [ 111.337529673755569, 30.660124710586956 ], [ 111.337548242957212, 30.66013440797667 ], [ 111.337553994121549, 30.660137412611618 ], [ 111.337558364826805, 30.660139694191685 ], [ 111.337571380714678, 30.66014649216703 ], [ 111.337587254648156, 30.660155284838709 ], [ 111.337611041716286, 30.660168461705211 ], [ 111.337645908432023, 30.660189475264133 ], [ 111.33767340070699, 30.660207939245026 ], [ 111.337678677928636, 30.660211469084061 ], [ 111.337712344948955, 30.660236269688085 ], [ 111.337716321750918, 30.660239396630914 ], [ 111.337745536227658, 30.660262347329649 ], [ 111.337760450584312, 30.660275238211796 ], [ 111.337776525966092, 30.660289130039416 ], [ 111.337798621409434, 30.660310204752193 ], [ 111.337808031915188, 30.660319180885665 ], [ 111.337842735853769, 30.660354847997951 ], [ 111.337877747360153, 30.66039390285647 ], [ 111.337910402643104, 30.660436673713548 ], [ 111.33793040716273, 30.660467311817172 ], [ 111.337943566042782, 30.660487464724781 ], [ 111.33795705407482, 30.660510731984743 ], [ 111.337976721348639, 30.660544658009542 ], [ 111.337999794355085, 30.660584458406163 ], [ 111.338016019923543, 30.660612448905454 ], [ 111.338035592768563, 30.660643911687202 ], [ 111.338036734008199, 30.66064574720366 ], [ 111.338047158049903, 30.660662505170592 ], [ 111.338053024327678, 30.660670922824863 ], [ 111.338069783193987, 30.66069497429379 ], [ 111.338075993012808, 30.660703890172499 ], [ 111.338105190402359, 30.660740836120851 ], [ 111.33813071855792, 30.660770350071743 ], [ 111.338131673637861, 30.660771455338363 ], [ 111.338133969607156, 30.660774110137254 ], [ 111.338161235252869, 30.660801709431496 ], [ 111.338179860212449, 30.660817597753976 ], [ 111.33818940921401, 30.66082574471244 ], [ 111.338250656642629, 30.660870432024979 ], [ 111.33827264956318, 30.660890885306173 ], [ 111.338288248304195, 30.660911719900128 ], [ 111.338299283884965, 30.660934711068194 ], [ 111.338307052228799, 30.660958243628102 ], [ 111.3383103779218, 30.660981118783752 ], [ 111.338309210601665, 30.661005423861354 ], [ 111.338303790387727, 30.66103314816138 ], [ 111.338290153967534, 30.661092313659481 ], [ 111.338287357975275, 30.661108593187066 ], [ 111.338285862402756, 30.661120525391937 ], [ 111.338285354285802, 30.661124568743901 ], [ 111.338284265206767, 30.661127771229644 ], [ 111.338279556356554, 30.661135755410783 ], [ 111.338276143429368, 30.661140241229305 ], [ 111.338271425586015, 30.66114408493172 ], [ 111.338266604320495, 30.66114854287099 ], [ 111.338246234676035, 30.661161778193673 ], [ 111.338234564173774, 30.661170474637743 ], [ 111.338224418022662, 30.661179409402337 ], [ 111.338220737996778, 30.661181607345327 ], [ 111.338206952289113, 30.661189842437409 ], [ 111.338201747912422, 30.661194002701166 ], [ 111.338196537240549, 30.661198909402174 ], [ 111.338185139232849, 30.661211564662153 ], [ 111.33817968484459, 30.661218782620779 ], [ 111.338173921089606, 30.661227210167624 ], [ 111.338161459184164, 30.661248360423599 ], [ 111.338156413088029, 30.661257299684678 ], [ 111.338151792371377, 30.661265484414685 ], [ 111.338143284784962, 30.661280603816977 ], [ 111.338137549808152, 30.661293885904229 ], [ 111.338133671931473, 30.661303828808684 ], [ 111.338124804616086, 30.661326552878222 ], [ 111.338121865631706, 30.661334089196998 ], [ 111.338117163076788, 30.661348787716406 ], [ 111.33811378342449, 30.661362004153204 ], [ 111.338112715929242, 30.66136617880619 ], [ 111.338110089009376, 30.661374070357056 ], [ 111.338108544873535, 30.661377539042348 ], [ 111.338102837775807, 30.661390346287533 ], [ 111.338098234146344, 30.661398635338742 ], [ 111.338093168265289, 30.661407348870171 ], [ 111.338086774085525, 30.661415586659984 ], [ 111.338073046833642, 30.661434744917585 ], [ 111.338065757828531, 30.661444414428274 ], [ 111.338061584974298, 30.661450701588763 ], [ 111.338054074735794, 30.661464631187926 ], [ 111.33805146760119, 30.661472788038907 ], [ 111.338050913618929, 30.661473068627288 ], [ 111.338046468269965, 30.661487169996974 ], [ 111.338045284762075, 30.66149448957907 ], [ 111.338044299105206, 30.661506759929125 ], [ 111.338042480676052, 30.661521180558054 ], [ 111.338037832080431, 30.661550657636781 ], [ 111.338036591015907, 30.661569580271987 ], [ 111.338036877899697, 30.661582302980946 ], [ 111.338038354586558, 30.661603213117814 ], [ 111.338038306922442, 30.661615261335385 ], [ 111.338037609048513, 30.661626319399147 ], [ 111.338034649379722, 30.66164590213674 ], [ 111.338034328321726, 30.661656248836948 ], [ 111.338034932666005, 30.66166638599509 ], [ 111.338038198104414, 30.661680055690169 ], [ 111.338038954434353, 30.661685403958302 ], [ 111.338039249411906, 30.661699999955033 ], [ 111.33803965860352, 30.661710025597245 ], [ 111.338037466056392, 30.661723206061254 ], [ 111.338035746552578, 30.6617335329762 ], [ 111.338034785177229, 30.661741339990954 ], [ 111.338028962067085, 30.661775552000222 ], [ 111.338023635382569, 30.661806849306799 ], [ 111.338019036249591, 30.661831513213826 ], [ 111.338018696305824, 30.661832800143657 ], [ 111.338017339228884, 30.661837950560994 ], [ 111.33801589491776, 30.661841065812723 ], [ 111.338014428123415, 30.661847637158871 ], [ 111.338012725706903, 30.6618609768027 ], [ 111.338012201402023, 30.661879995665458 ], [ 111.338011888437961, 30.661891281257681 ], [ 111.338011491836994, 30.661942363649302 ], [ 111.338010376677687, 30.661963357423133 ], [ 111.338008289351251, 30.66198097873928 ], [ 111.338007836092856, 30.661983262117928 ], [ 111.338005115643739, 30.661997002859437 ], [ 111.338001604690419, 30.662011690587121 ], [ 111.337998182770093, 30.66202369923451 ], [ 111.337994735668644, 30.662035795115969 ], [ 111.337990784047577, 30.66204729294833 ], [ 111.337986356685064, 30.662058557856312 ], [ 111.337981062376286, 30.662069194137985 ], [ 111.3379743354472, 30.662080144283323 ], [ 111.337972349744234, 30.662082944772237 ], [ 111.337965701955625, 30.662092327399023 ], [ 111.337955515334841, 30.66210497816229 ], [ 111.337942951805928, 30.662117676589673 ], [ 111.337926639902662, 30.662131615181977 ], [ 111.337889202924487, 30.662160012174809 ], [ 111.337882746691605, 30.66216490898347 ], [ 111.337870347738487, 30.662174314992797 ], [ 111.337856553037625, 30.662185328090402 ], [ 111.337847254047574, 30.6621938401737 ], [ 111.337827532814401, 30.662213567702111 ], [ 111.33781691721714, 30.662224723792065 ], [ 111.337807059748172, 30.662236659594271 ], [ 111.337796723839858, 30.662250865285273 ], [ 111.337768786400432, 30.662295518423548 ], [ 111.337760481161467, 30.662307153852169 ], [ 111.337755632016922, 30.662311606395576 ], [ 111.337753971868437, 30.662313807936016 ], [ 111.337749569686878, 30.662321943203267 ], [ 111.337730290920206, 30.66239610039969 ], [ 111.337728604691449, 30.662402580914488 ], [ 111.337713293733657, 30.662458508853206 ], [ 111.337712022092205, 30.662488254829213 ], [ 111.337709932967016, 30.662537029560326 ], [ 111.337708423904644, 30.662572306366883 ], [ 111.337708426602774, 30.662576245397474 ], [ 111.337708440991776, 30.662596951388366 ], [ 111.337705154869127, 30.662608613796635 ], [ 111.33769146718754, 30.662657198770887 ], [ 111.337672416848648, 30.662724799909654 ], [ 111.337670407763142, 30.662731936030127 ], [ 111.337666573953413, 30.662747654380837 ], [ 111.337596602201472, 30.66272835942641 ], [ 111.337574699213064, 30.662722319579359 ], [ 111.33714098856575, 30.662602728633146 ], [ 111.337031982640042, 30.66255454655527 ], [ 111.336922979412122, 30.662549082274325 ], [ 111.33688075534269, 30.662546965270337 ], [ 111.336666758064496, 30.662475274914129 ], [ 111.336658894392656, 30.662472602128958 ], [ 111.336649941641554, 30.662469558823261 ], [ 111.336632358996212, 30.662465137755987 ], [ 111.336611614334572, 30.662459022366022 ], [ 111.336595543449675, 30.662453017592782 ], [ 111.336582078800006, 30.662446424662846 ], [ 111.336570007200123, 30.662439223791125 ], [ 111.336556722414912, 30.662429598347444 ], [ 111.33654123878722, 30.662416640915296 ], [ 111.336527085256762, 30.662403762623626 ], [ 111.336522382701787, 30.66239948544802 ], [ 111.336503701085007, 30.662382288611923 ], [ 111.336493616087637, 30.66237337363242 ], [ 111.336488859573365, 30.662369169301826 ], [ 111.336476793369513, 30.66235923808847 ], [ 111.336466247919134, 30.66235139510087 ], [ 111.336456623374602, 30.662344726627964 ], [ 111.336448860426628, 30.662339753377012 ], [ 111.336441810641134, 30.662335776574821 ], [ 111.336434975793622, 30.662332485056311 ], [ 111.336428401749345, 30.662329333831792 ], [ 111.336422334023666, 30.662325894824335 ], [ 111.336416244713973, 30.662321822694139 ], [ 111.336409186834544, 30.66231673432992 ], [ 111.336403109216121, 30.662311497577718 ], [ 111.33639750823852, 30.662306296798192 ], [ 111.336392362317838, 30.662300729095421 ], [ 111.336390212938113, 30.662298073397551 ], [ 111.33638719121609, 30.662294341211066 ], [ 111.336381997631122, 30.662287938037991 ], [ 111.33637676357688, 30.662282301087316 ], [ 111.336370996224559, 30.662276972604275 ], [ 111.336364236020813, 30.662271467853998 ], [ 111.336357194329139, 30.662266106995389 ], [ 111.336350214690754, 30.662261281233214 ], [ 111.336343117241199, 30.662256717173875 ], [ 111.336334865062156, 30.662251877022641 ], [ 111.336326486977782, 30.662247110615851 ], [ 111.33631876719744, 30.662242781279474 ], [ 111.336311042021009, 30.662238523888959 ], [ 111.336302640554493, 30.662233963426729 ], [ 111.336298579216191, 30.662231820342413 ], [ 111.336294018754131, 30.662229413756563 ], [ 111.33628546080547, 30.662225207627273 ], [ 111.33627617260737, 30.662220973619071 ], [ 111.336265406823202, 30.662216352902476 ], [ 111.336256267912574, 30.662212432757713 ], [ 111.336254945009898, 30.662211866184805 ], [ 111.336252494357268, 30.662210742931507 ], [ 111.336246612791058, 30.662208507216974 ], [ 111.336240404771047, 30.662204876653902 ], [ 111.336235069093334, 30.662201772194123 ], [ 111.33623051222844, 30.662198898860197 ], [ 111.336227046241277, 30.662196512059552 ], [ 111.33622443640877, 30.662194430129034 ], [ 111.336222392249795, 30.662192450721079 ], [ 111.336220404748076, 30.662190464118737 ], [ 111.336218003558031, 30.662188354309137 ], [ 111.336217133913578, 30.662187663629823 ], [ 111.336214932373309, 30.662185914448571 ], [ 111.336210976255586, 30.662182956578363 ], [ 111.336206405901009, 30.66217986560838 ], [ 111.336201034250507, 30.662176921228024 ], [ 111.336195360427666, 30.662174347368307 ], [ 111.336194292033042, 30.662173860835196 ], [ 111.336185700809494, 30.66217042812292 ], [ 111.336177299342921, 30.662166691439779 ], [ 111.336171267590089, 30.662162480814004 ], [ 111.336168843017674, 30.66215940423325 ], [ 111.336167236828544, 30.662157369966792 ], [ 111.336164708834417, 30.66215098118289 ], [ 111.33616384368662, 30.662143543789625 ], [ 111.33616606501198, 30.662134486717378 ], [ 111.336171829666341, 30.662122835100774 ], [ 111.33618137327187, 30.662107773255173 ], [ 111.336191335961587, 30.662092715006793 ], [ 111.336198690617096, 30.662081074182311 ], [ 111.336203907584434, 30.662072044089598 ], [ 111.336207601099943, 30.662064647165778 ], [ 111.336210503212271, 30.662058265576661 ], [ 111.336213178695402, 30.662053159226105 ], [ 111.336214514188555, 30.66204865002527 ], [ 111.336215734568611, 30.662044528432432 ], [ 111.336216904586649, 30.662040581307849 ], [ 111.336218046725662, 30.662036725014957 ], [ 111.336220714114802, 30.662032929875863 ], [ 111.336223060445946, 30.662028424272478 ], [ 111.336225523689052, 30.662023925863537 ], [ 111.336227836745309, 30.662019977839748 ], [ 111.336230207358312, 30.662016259143115 ], [ 111.336232831580048, 30.662012429829929 ], [ 111.336235572713576, 30.662008515081027 ], [ 111.336238374101868, 30.662004471729063 ], [ 111.336241502843222, 30.661999917562241 ], [ 111.336245207150682, 30.661994492851591 ], [ 111.336249301764042, 30.661988495273022 ], [ 111.336253902695603, 30.661981786330443 ], [ 111.336259482089588, 30.661973678942275 ], [ 111.336266447338744, 30.66196358405216 ], [ 111.336269192069608, 30.661959638726501 ], [ 111.336273373917209, 30.661953628557285 ], [ 111.33627881661414, 30.661946055366286 ], [ 111.336283159440313, 30.661940348268558 ], [ 111.336286860150665, 30.661935875939946 ], [ 111.336290131884141, 30.661932186920865 ], [ 111.336292862225946, 30.661929420606441 ], [ 111.336295258919108, 30.661927397131706 ], [ 111.336297560284208, 30.661925881774096 ], [ 111.336299795998968, 30.661924396993413 ], [ 111.33630195617036, 30.661922488632115 ], [ 111.336304237750483, 30.661919939053973 ], [ 111.336306713584065, 30.661916690702867 ], [ 111.336309463710904, 30.661912819121426 ], [ 111.336311903571527, 30.661908775769461 ], [ 111.336314363217298, 30.661904048033421 ], [ 111.336317053989035, 30.661898276184615 ], [ 111.336319748357823, 30.661892304686148 ], [ 111.336322226889365, 30.661886826915691 ], [ 111.336324701823571, 30.661881368930153 ], [ 111.336327386300013, 30.661875456787072 ], [ 111.33633008606472, 30.661869477194784 ], [ 111.336332614958224, 30.661863756607204 ], [ 111.336335196012556, 30.66185778510868 ], [ 111.336338045964112, 30.661851062676476 ], [ 111.336340870734773, 30.661844269197843 ], [ 111.336343348366881, 30.661838024305382 ], [ 111.336345682107549, 30.661831792003625 ], [ 111.336346174036748, 30.661830405249077 ], [ 111.336348084196743, 30.661825031799822 ], [ 111.336350381065415, 30.661818309367618 ], [ 111.336351971965996, 30.661813017756742 ], [ 111.336354061990505, 30.66180623057312 ], [ 111.336354741877926, 30.661803669304049 ], [ 111.336355761709058, 30.661799832796078 ], [ 111.336357466823699, 30.661793301919431 ], [ 111.336359118878363, 30.661787680257362 ], [ 111.336361200808881, 30.66177977611585 ], [ 111.336361663060472, 30.661778175322581 ], [ 111.33636355163668, 30.66177161386895 ], [ 111.33636602477236, 30.661762658420116 ], [ 111.336368427760931, 30.661752752387713 ], [ 111.33637106277439, 30.661740520708577 ], [ 111.336374065610755, 30.661725428285934 ], [ 111.336376074696261, 30.661716004290327 ], [ 111.336377164674502, 30.661710891644361 ], [ 111.33638013693394, 30.661700874096141 ], [ 111.336383248588163, 30.661694803672333 ], [ 111.336386756843524, 30.66169186198988 ], [ 111.33639024531368, 30.661690430269232 ], [ 111.336393272431621, 30.661690033668208 ], [ 111.336396084611749, 30.661690725246956 ], [ 111.336398943556503, 30.661692474428207 ], [ 111.33640198686237, 30.661694490708328 ], [ 111.33640549511756, 30.661696176037879 ], [ 111.336409834346455, 30.661697659919128 ], [ 111.336415316613738, 30.661699085344594 ], [ 111.336422075918108, 30.6617007041242 ], [ 111.336431213030153, 30.661702906564074 ], [ 111.336448381987282, 30.6617079463648 ], [ 111.336460589384842, 30.661710036389138 ], [ 111.336477601859826, 30.661714091432202 ], [ 111.336490919920095, 30.661717031316073 ], [ 111.336501484256189, 30.661719038602882 ], [ 111.336510413624865, 30.661720357908223 ], [ 111.336518170277429, 30.661721305793719 ], [ 111.336524324338143, 30.661721925426605 ], [ 111.336529319172939, 30.661722248283183 ], [ 111.336533676388171, 30.661722322926948 ], [ 111.336538039898755, 30.661722297745882 ], [ 111.336543053619039, 30.661722241088626 ], [ 111.336549242753392, 30.661722151156482 ], [ 111.336557049768203, 30.661722018956084 ], [ 111.33656592607673, 30.661721820205912 ], [ 111.336576122590088, 30.661721479362825 ], [ 111.336588703206075, 30.66172095056146 ], [ 111.336604572643068, 30.661720204124208 ], [ 111.336620470858236, 30.66171932098996 ], [ 111.336633163889587, 30.661718267883884 ], [ 111.336643569944783, 30.6617169386858 ], [ 111.336652209731824, 30.661715131947972 ], [ 111.336661095932925, 30.661713499678342 ], [ 111.336668244643874, 30.661712031085472 ], [ 111.336674783614512, 30.661710718974689 ], [ 111.336681324383676, 30.661709435641967 ], [ 111.336687496430898, 30.661707892405502 ], [ 111.33669264235175, 30.661705596436207 ], [ 111.336697161444931, 30.661702274340541 ], [ 111.336701489881932, 30.661697716576384 ], [ 111.336704986446023, 30.661692308053716 ], [ 111.336706369603405, 30.661685782572931 ], [ 111.33670559978367, 30.661677442260327 ], [ 111.336702771415901, 30.661666700757678 ], [ 111.336700142697509, 30.661655765900946 ], [ 111.33670012830828, 30.661646703432666 ], [ 111.336702938689768, 30.661638813680497 ], [ 111.336708606217371, 30.661631328622946 ], [ 111.336716752276459, 30.66162446319845 ], [ 111.336728882332181, 30.661618897294261 ], [ 111.336746455984212, 30.661614220819786 ], [ 111.336770579398774, 30.661609959831765 ], [ 111.336794586800863, 30.661606019002591 ], [ 111.336811721583729, 30.661602537727049 ], [ 111.336823029659286, 30.661599235416475 ], [ 111.336848446298916, 30.661572331298089 ], [ 111.336872208185923, 30.661536274779394 ], [ 111.336875411571043, 30.661451563139224 ], [ 111.336889192782053, 30.661424952199809 ], [ 111.336960741045402, 30.661286787555298 ], [ 111.336598745935419, 30.661311506320999 ], [ 111.336465529360737, 30.661300850254008 ], [ 111.336443525648292, 30.661304597729043 ], [ 111.336451662714239, 30.661187847741076 ], [ 111.33637633819751, 30.661180095584996 ], [ 111.336168968922834, 30.661159189944783 ], [ 111.336075630985647, 30.661205319769863 ], [ 111.336071974342303, 30.661218305080865 ], [ 111.3357467381216, 30.661236992992883 ], [ 111.335349089389013, 30.66137140206871 ], [ 111.335038893430294, 30.661379337686412 ], [ 111.33502836416784, 30.661379606583637 ], [ 111.335024588813781, 30.66136565719944 ], [ 111.335021891747033, 30.66135455237071 ], [ 111.335020105693388, 30.661345483607192 ], [ 111.335019010319115, 30.661337518311939 ], [ 111.335018288163667, 30.661329710397979 ], [ 111.335017916743595, 30.661321234287698 ], [ 111.335017884367915, 30.661311241920373 ], [ 111.335018165855786, 30.661298986858924 ], [ 111.335018507598249, 30.661286376565101 ], [ 111.335018709046324, 30.661275056798502 ], [ 111.335018773797572, 30.661264071579694 ], [ 111.335018717140144, 30.661252449640926 ], [ 111.335018602026878, 30.661240774642181 ], [ 111.335018446444337, 30.661229588874448 ], [ 111.335018235103519, 30.661217883298775 ], [ 111.33501794732058, 30.661204689345084 ], [ 111.33501767482602, 30.661191641081473 ], [ 111.33501751114926, 30.661180484092199 ], [ 111.335017450894725, 30.661170333444204 ], [ 111.33501747877375, 30.661160229561006 ], [ 111.335017600182255, 30.661149283013117 ], [ 111.335017885267234, 30.661135950563846 ], [ 111.335018375397851, 30.661118795096399 ], [ 111.335019097553356, 30.661096624109916 ], [ 111.335014548782567, 30.660857630175599 ], [ 111.335006935122124, 30.66085640709764 ], [ 111.335001257702004, 30.660855023040995 ], [ 111.334997148699586, 30.660853340409403 ], [ 111.334994133272744, 30.660851232398556 ], [ 111.334991563909739, 30.660848630659814 ], [ 111.334989134840839, 30.660845101720156 ], [ 111.334986632926814, 30.66084023458933 ], [ 111.334983843229793, 30.660833711806447 ], [ 111.3349811884313, 30.660826895844593 ], [ 111.334979187439728, 30.660820929742158 ], [ 111.334977707155588, 30.660815323368467 ], [ 111.334976579405748, 30.660809565908892 ], [ 111.334975743935615, 30.660803904676527 ], [ 111.334975362623027, 30.660798657132432 ], [ 111.334975438165941, 30.660793367320139 ], [ 111.334975939987828, 30.660787578384202 ], [ 111.334976622573208, 30.660781740884659 ], [ 111.334977380701673, 30.66077625322157 ], [ 111.334978286318972, 30.66077063515678 ], [ 111.334979407773517, 30.660764408250827 ], [ 111.334980699200059, 30.660758104902811 ], [ 111.334982230745425, 30.660752193658823 ], [ 111.334984166985748, 30.660746157409278 ], [ 111.33498664911474, 30.660739479043912 ], [ 111.334989206786531, 30.660732722437217 ], [ 111.334991437105202, 30.660726390310742 ], [ 111.334993519935097, 30.660719918789312 ], [ 111.334995645033075, 30.660712765581707 ], [ 111.334997762936609, 30.660705574602673 ], [ 111.3349998142902, 30.660698964585606 ], [ 111.335001987052237, 30.660692361763154 ], [ 111.335004460187747, 30.660685196864449 ], [ 111.335006846988506, 30.660677846705369 ], [ 111.335008702289883, 30.660670539713749 ], [ 111.335010151997039, 30.660662597800808 ], [ 111.335011357987923, 30.660653386044999 ], [ 111.335012325658283, 30.66064357803873 ], [ 111.335012894029944, 30.660633405807118 ], [ 111.335013083786976, 30.660621888189667 ], [ 111.335012938096781, 30.660608134857682 ], [ 111.335012528005961, 30.660594332062885 ], [ 111.335011727609242, 30.660582636379672 ], [ 111.335010427189559, 30.660572124204236 ], [ 111.335008554801107, 30.660561800886569 ], [ 111.335006424307096, 30.660552093604281 ], [ 111.33500415531762, 30.66054389088788 ], [ 111.335001521203367, 30.660536554218652 ], [ 111.334998325912068, 30.660529380326807 ], [ 111.334994924676153, 30.6605221866497 ], [ 111.334991523440237, 30.660514774437331 ], [ 111.334987801146099, 30.660506429628015 ], [ 111.334983459219302, 30.660496503810691 ], [ 111.334978710798964, 30.660485835153281 ], [ 111.33497345695946, 30.660474689855107 ], [ 111.334967168000446, 30.660461992327271 ], [ 111.334959376274242, 30.660446761409048 ], [ 111.334951585447413, 30.660431561967187 ], [ 111.334945309078819, 30.660418981350972 ], [ 111.334940078621855, 30.660408059984036 ], [ 111.33493536707357, 30.660397727673057 ], [ 111.334930608760715, 30.660386847674999 ], [ 111.334925201137196, 30.660373868659235 ], [ 111.334918585724267, 30.660357405669856 ], [ 111.33491368711708, 30.660344948260899 ], [ 111.334926931432733, 30.66034299583265 ], [ 111.334921427581889, 30.66031606383541 ], [ 111.334919377127676, 30.660293809212021 ], [ 111.334921263905301, 30.660281788873476 ], [ 111.334925386397515, 30.660268072413714 ], [ 111.334925981748711, 30.66026129512278 ], [ 111.334925157969792, 30.660254072667442 ], [ 111.334922947436155, 30.660245815092367 ], [ 111.334919419395703, 30.66023693608588 ], [ 111.334913644848996, 30.66022737269526 ], [ 111.334904905237295, 30.66021617973297 ], [ 111.334880282698975, 30.660189001321442 ], [ 111.334864218109317, 30.660169905117186 ], [ 111.334852227448437, 30.660151103890485 ], [ 111.334845890825306, 30.660134596834325 ], [ 111.334838579337145, 30.660125491198585 ], [ 111.334828227241076, 30.660115906224178 ], [ 111.334821693666356, 30.660111261225836 ], [ 111.334741600044993, 30.660061981075557 ], [ 111.334729657947548, 30.66005428018093 ], [ 111.334720468674732, 30.660049741302657 ], [ 111.334695212114525, 30.660036725414727 ], [ 111.334682407567243, 30.660031594782254 ], [ 111.334670602166682, 30.660028199841577 ], [ 111.334657473863444, 30.660022204061534 ], [ 111.334640045002232, 30.660011770127142 ], [ 111.334618873162469, 30.659996200164528 ], [ 111.334579281408764, 30.659963659995071 ], [ 111.334541196019529, 30.659930270865402 ], [ 111.334494915108337, 30.659884232771162 ], [ 111.334485569353603, 30.659872939984382 ], [ 111.334480230078611, 30.659867713124527 ], [ 111.334467135949637, 30.659858159626424 ], [ 111.334447367052348, 30.659848132185687 ], [ 111.33443611203694, 30.659841363887949 ], [ 111.334421697703249, 30.659829472152524 ], [ 111.334402354185499, 30.659807740035262 ], [ 111.334358168694678, 30.659763057219436 ], [ 111.33433304973056, 30.659742227122138 ], [ 111.334316852041127, 30.659725138204635 ], [ 111.334304604174235, 30.659709739113225 ], [ 111.334292102698441, 30.659689364073074 ], [ 111.334256055172943, 30.659643105644875 ], [ 111.334155233976958, 30.659716991246341 ], [ 111.334165608556191, 30.659729995443001 ], [ 111.334139993166218, 30.659745595083336 ], [ 111.334132905609181, 30.659737568633943 ], [ 111.334033024204871, 30.65980439905394 ], [ 111.333912978201511, 30.659886261641759 ], [ 111.333801252725721, 30.659961999846587 ], [ 111.333711610102796, 30.66002075975041 ], [ 111.333661415342078, 30.660053575112556 ], [ 111.333609800551926, 30.660087317675618 ], [ 111.333499344918835, 30.660158891120034 ], [ 111.333470894866082, 30.660190310734322 ], [ 111.333447427956571, 30.660177611407732 ], [ 111.333330871322744, 30.660247811587283 ], [ 111.333261735041106, 30.660274511559635 ], [ 111.333208845012223, 30.66031450171306 ], [ 111.333107467136017, 30.660384718080365 ], [ 111.333057499004497, 30.660419420220194 ], [ 111.332980643841722, 30.66046779565238 ], [ 111.332920257064188, 30.660505998852955 ], [ 111.332840289348042, 30.660553557700666 ], [ 111.332763714773819, 30.660596402302303 ], [ 111.332682843238729, 30.660641843246651 ], [ 111.332594304983218, 30.660690932740351 ], [ 111.332497493864309, 30.660744060190382 ], [ 111.332443238664666, 30.660788898588976 ], [ 111.332380486670161, 30.660820026822819 ], [ 111.332356567401803, 30.660833103864832 ], [ 111.332354177003708, 30.660834410579753 ], [ 111.332309647072691, 30.660857604095327 ], [ 111.33223374968793, 30.660897176963317 ], [ 111.332233068901132, 30.660897533094783 ], [ 111.332177384678744, 30.660926863583938 ], [ 111.332143335446688, 30.660944797864317 ], [ 111.332068107157511, 30.660984138707079 ], [ 111.332047803163618, 30.660994751606609 ], [ 111.332071351012075, 30.661028421324659 ], [ 111.332097203823025, 30.661097593579257 ], [ 111.332075117372824, 30.661121339278509 ], [ 111.332064971221541, 30.661134059289509 ], [ 111.332044374048678, 30.661147479872398 ], [ 111.332026412788821, 30.661168327955977 ], [ 111.332019390882181, 30.661174362406996 ], [ 111.332018437600823, 30.66117518168943 ], [ 111.332025625882125, 30.661201737770114 ], [ 111.332209839412599, 30.661344512339554 ], [ 111.332225323939667, 30.661334051425456 ], [ 111.332700666902326, 30.661012987159779 ], [ 111.333350928902291, 30.661315129689626 ], [ 111.333608554091597, 30.661421583339404 ], [ 111.333913532183772, 30.661547602639814 ], [ 111.334453790010514, 30.661768018379348 ], [ 111.334459668878765, 30.661770415972057 ], [ 111.335608728160253, 30.662239195682389 ], [ 111.336062872303899, 30.662424467715141 ], [ 111.336628792285012, 30.662655337174158 ], [ 111.336827255573439, 30.66273630223867 ], [ 111.337069630059432, 30.662839937413253 ], [ 111.337067165917119, 30.662848128438554 ], [ 111.344101716021498, 30.664596108323792 ], [ 111.343323652264814, 30.666795436360474 ], [ 111.343869600102153, 30.666687674196851 ], [ 111.344719203128818, 30.666480656557212 ], [ 111.347816205653487, 30.665729156975146 ], [ 111.348572324153565, 30.666524467929833 ], [ 111.349092342737492, 30.667119972908495 ], [ 111.349620457018489, 30.667724739105438 ], [ 111.349636867847323, 30.667743533137582 ], [ 111.350213597679556, 30.668429312063154 ], [ 111.350474501796896, 30.668714514963028 ], [ 111.350549496262261, 30.668796492664057 ], [ 111.350701437621296, 30.668962586654175 ], [ 111.350776427590233, 30.669063176724308 ], [ 111.351056554716365, 30.669438942253407 ], [ 111.351676513160555, 30.669857303271954 ], [ 111.352364071844534, 30.670166251871137 ], [ 111.352605698094521, 30.67027482342445 ], [ 111.353379930739266, 30.670597294229879 ], [ 111.354463183928829, 30.670861640952012 ], [ 111.354844038721524, 30.670972012948198 ], [ 111.35880274195307, 30.672119163868388 ], [ 111.359880461614125, 30.672431439059665 ], [ 111.360234076841152, 30.672487736619928 ], [ 111.360907786864971, 30.672495415930769 ], [ 111.361746980239104, 30.672454897875355 ], [ 111.362287844208709, 30.672377022881449 ], [ 111.362916810262732, 30.672232076449347 ], [ 111.363270022593554, 30.67211993099005 ], [ 111.363280827048698, 30.672116502774486 ], [ 111.363036204257526, 30.671673287192561 ], [ 111.363111905590017, 30.671243493092845 ], [ 111.363383347063916, 30.670659312377495 ], [ 111.362076365032351, 30.669440823635227 ] ], [ [ 111.34395542330418, 30.662831317411474 ], [ 111.343590572846779, 30.662708180438301 ], [ 111.343292283911921, 30.662670782130931 ], [ 111.343302010079867, 30.66229845201201 ], [ 111.343231919617551, 30.662130604343986 ], [ 111.342945630336715, 30.661445000786273 ], [ 111.342931429142197, 30.66142098079365 ], [ 111.342341169009899, 30.66042256604868 ], [ 111.342168007247778, 30.660129663153498 ], [ 111.342183829919861, 30.659976874633173 ], [ 111.342221406292992, 30.659614021570007 ], [ 111.342154738650379, 30.659427153240642 ], [ 111.34213333118845, 30.659431908855595 ], [ 111.341967103199352, 30.659069725787333 ], [ 111.341920795308511, 30.658968828149 ], [ 111.34180105957131, 30.658707941118621 ], [ 111.341743861789837, 30.658583313968791 ], [ 111.341711791965736, 30.658513005870589 ], [ 111.341707766600223, 30.658504181722776 ], [ 111.341494817931618, 30.658037295085137 ], [ 111.341365507112641, 30.657753781112149 ], [ 111.34141493385215, 30.657545507119607 ], [ 111.341467983061079, 30.657321970732539 ], [ 111.341474317885513, 30.657295272558883 ], [ 111.342168966824374, 30.657007058728823 ], [ 111.34248477005616, 30.656912850248034 ], [ 111.342598165572952, 30.656854154195912 ], [ 111.343093381754215, 30.65672546300982 ], [ 111.343095064385864, 30.65673078789564 ], [ 111.343266475167809, 30.657273917257555 ], [ 111.343293935067209, 30.657346169690015 ], [ 111.343369427757011, 30.657544794856449 ], [ 111.343489391022615, 30.657860425418335 ], [ 111.343518191811256, 30.65793437037496 ], [ 111.34354873638523, 30.658012788559461 ], [ 111.343556219643858, 30.658031999876982 ], [ 111.343584110318488, 30.658103604797532 ], [ 111.343745356962813, 30.658497376552816 ], [ 111.343873793640796, 30.658811027706804 ], [ 111.343961750034794, 30.65902581908631 ], [ 111.343997412650594, 30.659112907634608 ], [ 111.344099224899367, 30.659361536905521 ], [ 111.344258396807732, 30.659750230189161 ], [ 111.344482479083126, 30.660297429882519 ], [ 111.344537150669169, 30.66043093424031 ], [ 111.344603309295451, 30.660592489351984 ], [ 111.344693326935555, 30.660816790162812 ], [ 111.3447940042401, 30.661067647054324 ], [ 111.344804273598413, 30.661093234565101 ], [ 111.34490683408319, 30.661348788615726 ], [ 111.345097232251533, 30.661823206176109 ], [ 111.345172665586119, 30.662011162685133 ], [ 111.345355343974063, 30.662466336552257 ], [ 111.345598563822762, 30.662904404414746 ], [ 111.345668806270567, 30.663030915644356 ], [ 111.34543587016941, 30.663027865144045 ], [ 111.344730078630391, 30.663297034031075 ], [ 111.344288364916281, 30.663298204048942 ], [ 111.344166114674522, 30.663078963723308 ], [ 111.344152051076378, 30.663062433284779 ], [ 111.34395542330418, 30.662831317411474 ] ], [ [ 111.347034955598815, 30.656843383015882 ], [ 111.346922605993598, 30.656820315405298 ], [ 111.346723862116619, 30.656825617808067 ], [ 111.346596891333604, 30.656825956852401 ], [ 111.346286459752321, 30.6564096777646 ], [ 111.344770602081667, 30.655540221304193 ], [ 111.344774820801433, 30.655537123139766 ], [ 111.345315763911458, 30.655139930363532 ], [ 111.345370827601812, 30.655099498642983 ], [ 111.345974141393583, 30.655408510194775 ], [ 111.345861626313138, 30.654767664995802 ], [ 111.34595690858464, 30.654530932856346 ], [ 111.347278527082494, 30.654322711024349 ], [ 111.347273641065726, 30.654316163959777 ], [ 111.347571635023087, 30.654014411735886 ], [ 111.347732712594791, 30.654218443626462 ], [ 111.347563580694839, 30.654380595887858 ], [ 111.347926005680677, 30.654723153950499 ], [ 111.346666247949145, 30.655762999562967 ], [ 111.347002507160028, 30.655935228727913 ], [ 111.347299682734274, 30.656733690007968 ], [ 111.347291891008126, 30.6567481915759 ], [ 111.347220319362236, 30.656881437828133 ], [ 111.347034955598815, 30.656843383015882 ] ] ] } },
{ "type": "Feature", "properties": { "SQMC": "共和村", "SSJD": "伍家乡" }, "geometry": { "type": "MultiPolygon", "coordinates": [ [ [ [ 111.392390637917686, 30.656821802884053 ], [ 111.392650183159503, 30.654797752714273 ], [ 111.39274941795145, 30.654023842926108 ], [ 111.392888580843476, 30.652938549174678 ], [ 111.393360825641594, 30.652795674780634 ], [ 111.393244056767912, 30.652385184628713 ], [ 111.393033073117806, 30.652089887738271 ], [ 111.392685385322466, 30.651417955674162 ], [ 111.392604244890151, 30.651261150781522 ], [ 111.392599075586929, 30.651251158414254 ], [ 111.3925990611977, 30.651251128736646 ], [ 111.392794241061438, 30.651020431947529 ], [ 111.392906753443981, 30.650887442901251 ], [ 111.39343816643833, 30.650448291355531 ], [ 111.394159819320294, 30.649851916732644 ], [ 111.394205301633519, 30.649814329567789 ], [ 111.394265265729587, 30.649743450399967 ], [ 111.39466682471425, 30.649268793619967 ], [ 111.394748305989651, 30.648815304183017 ], [ 111.394925958066494, 30.647826519378441 ], [ 111.39474198465507, 30.647588773703035 ], [ 111.3946855180223, 30.647389578366528 ], [ 111.394501121030032, 30.647390137744651 ], [ 111.393208679237318, 30.647506696177061 ], [ 111.391999725107269, 30.647792915310788 ], [ 111.390954119337323, 30.648065265999321 ], [ 111.390441940143489, 30.648373239733303 ], [ 111.390695514786216, 30.648829746395791 ], [ 111.388827755096884, 30.649764194162231 ], [ 111.385686467256733, 30.641294501440143 ], [ 111.385652264240662, 30.641296399909095 ], [ 111.385221381961287, 30.640156359928255 ], [ 111.384523009829081, 30.638308522020679 ], [ 111.381665345679323, 30.639158394844173 ], [ 111.382314863040676, 30.644788842431296 ], [ 111.382417800341273, 30.645681106597863 ], [ 111.383602349568889, 30.64548160279378 ], [ 111.384205625589289, 30.64679933891847 ], [ 111.383968814309412, 30.647361759637533 ], [ 111.38389451771792, 30.647538210220375 ], [ 111.383779023183479, 30.64781250434379 ], [ 111.383581175031395, 30.647900716145216 ], [ 111.382809104356795, 30.648244945148178 ], [ 111.382501268219073, 30.648579968690626 ], [ 111.38201323042631, 30.648844512364519 ], [ 111.382005465679754, 30.648848722090975 ], [ 111.381664090225627, 30.649078836119429 ], [ 111.380879830140145, 30.648995218054949 ], [ 111.380747933770238, 30.649148342921876 ], [ 111.380110268574015, 30.649847088272679 ], [ 111.379516909377912, 30.650583883039928 ], [ 111.379264932830381, 30.651090570973111 ], [ 111.378129930851799, 30.651676196899018 ], [ 111.37812526516899, 30.65167777341054 ], [ 111.377134555815132, 30.652012647665629 ], [ 111.37735864258741, 30.652294002366432 ], [ 111.378055710702654, 30.65313591708906 ], [ 111.378257241578524, 30.652817772022672 ], [ 111.378504172929297, 30.65273188317002 ], [ 111.378855780869742, 30.652663709162994 ], [ 111.378949722252059, 30.652807035916112 ], [ 111.378955091204602, 30.653257954191247 ], [ 111.378823573449154, 30.653667536927344 ], [ 111.378573568215586, 30.653873423220091 ], [ 111.37956003726606, 30.655118229722575 ], [ 111.379545954782088, 30.655126373983137 ], [ 111.380113862265034, 30.65559636687891 ], [ 111.381211784296568, 30.655054517252267 ], [ 111.381209786002955, 30.655052099874695 ], [ 111.381083462731624, 30.654899251099607 ], [ 111.38099347656788, 30.654790370179512 ], [ 111.380904358249666, 30.654590160407736 ], [ 111.380909205595458, 30.654418312555151 ], [ 111.381135298755112, 30.654350825630104 ], [ 111.381824266676574, 30.654057644844499 ], [ 111.382188174644682, 30.653937248105706 ], [ 111.382386683798529, 30.653874613023163 ], [ 111.382970351900269, 30.653481499571683 ], [ 111.383253289407833, 30.653829104629665 ], [ 111.383187432953662, 30.653929533721055 ], [ 111.383226343021363, 30.653996243631866 ], [ 111.383270755141439, 30.654058163753348 ], [ 111.383365137191504, 30.654191533212838 ], [ 111.38340966172666, 30.654282091345578 ], [ 111.383349268653888, 30.654368185243584 ], [ 111.383294212158205, 30.654406533235033 ], [ 111.383222534392587, 30.654430609884912 ], [ 111.383189596722559, 30.654478439428601 ], [ 111.38317880126084, 30.654540522327409 ], [ 111.383157073640234, 30.654631275612985 ], [ 111.383157638414389, 30.654774468367179 ], [ 111.38309289172372, 30.655156509365497 ], [ 111.383393246401397, 30.655913585643589 ], [ 111.385020282760024, 30.655191036137523 ], [ 111.385168716762905, 30.655079709960773 ], [ 111.385126002563084, 30.655046915283094 ], [ 111.385060413207611, 30.65499892925726 ], [ 111.385061317026327, 30.654997594663314 ], [ 111.385027347833898, 30.654971249024015 ], [ 111.385081344028947, 30.654913487367594 ], [ 111.385158037313715, 30.654831772268551 ], [ 111.385148574647189, 30.654824226956634 ], [ 111.385148546768164, 30.654821938181954 ], [ 111.385233341145863, 30.654739410995091 ], [ 111.385330903198735, 30.654629707195284 ], [ 111.385378471938964, 30.654573843108551 ], [ 111.385412027443294, 30.654506400250341 ], [ 111.385503743003426, 30.654311839120112 ], [ 111.385516046628368, 30.654313320303629 ], [ 111.385520494675291, 30.654307238188551 ], [ 111.385533126552673, 30.654310786913413 ], [ 111.385536886618183, 30.654309176227628 ], [ 111.385536846148511, 30.654306126626523 ], [ 111.385551467326366, 30.654270891188844 ], [ 111.385572308215558, 30.654235585603885 ], [ 111.385586046259164, 30.654200742270518 ], [ 111.385598824726173, 30.654192975725437 ], [ 111.385605761196928, 30.654181744991547 ], [ 111.385622067704389, 30.654163424002945 ], [ 111.385675311166835, 30.654089277598189 ], [ 111.38569327962125, 30.654060075711925 ], [ 111.385718410276525, 30.654028620124848 ], [ 111.385756174607934, 30.653974478239718 ], [ 111.385766809990457, 30.653960738397416 ], [ 111.385673931606732, 30.653918328168459 ], [ 111.385665609280579, 30.653911738835802 ], [ 111.385627823365382, 30.653875584290859 ], [ 111.385528751350989, 30.653780260650535 ], [ 111.385524752965011, 30.65377252827966 ], [ 111.385520742888104, 30.653726138550439 ], [ 111.385512257784455, 30.653704460392703 ], [ 111.385494595099658, 30.653657167744143 ], [ 111.385477989117987, 30.653611875187948 ], [ 111.385460958656495, 30.65357736910039 ], [ 111.385427088389577, 30.653507227376679 ], [ 111.385356049142331, 30.653425812651221 ], [ 111.385291398679215, 30.653349890984714 ], [ 111.385205475652299, 30.653250538381769 ], [ 111.385174664879003, 30.653270027589713 ], [ 111.38514950634476, 30.653240520833378 ], [ 111.385172036160611, 30.653225331284034 ], [ 111.385131650305595, 30.653177489149869 ], [ 111.385151653925675, 30.653163332921508 ], [ 111.384562588093161, 30.652384401319125 ], [ 111.384478557239731, 30.652439053119849 ], [ 111.383237812974755, 30.653285093932027 ], [ 111.383186745871626, 30.653230043731526 ], [ 111.38314076443487, 30.653176300246173 ], [ 111.383039498973801, 30.653076411647248 ], [ 111.383019004323728, 30.653052474392211 ], [ 111.383004260838163, 30.653034190275775 ], [ 111.382998977321051, 30.653027665694367 ], [ 111.382989057798795, 30.653017294712413 ], [ 111.382988403092497, 30.653015764066424 ], [ 111.382983985622502, 30.65301230077722 ], [ 111.38297914726985, 30.653005397581182 ], [ 111.382977602234689, 30.653004434407251 ], [ 111.382968573041296, 30.652993495953183 ], [ 111.382958438581056, 30.652981978335788 ], [ 111.382949621627859, 30.652972568729183 ], [ 111.382949187255292, 30.652971227839998 ], [ 111.382945651121076, 30.652968916582324 ], [ 111.38293817056018, 30.652958943100884 ], [ 111.382936401593724, 30.652957595017142 ], [ 111.382928035200791, 30.652947424584113 ], [ 111.38291746097218, 30.652935139844999 ], [ 111.382907984815802, 30.652924963116732 ], [ 111.382907768978498, 30.652924007137244 ], [ 111.382899174157671, 30.652914982440564 ], [ 111.382898957420991, 30.652914024662664 ], [ 111.38289454085043, 30.652910563172043 ], [ 111.382887057591745, 30.652900970103815 ], [ 111.382875158661761, 30.652887530635098 ], [ 111.382863301100599, 30.652873719746481 ], [ 111.382853196317967, 30.652862783090995 ], [ 111.382850549613238, 30.652861050996876 ], [ 111.382843068153193, 30.652851081112601 ], [ 111.382830759132389, 30.652837288210264 ], [ 111.382822417920352, 30.65282772032316 ], [ 111.382813198070778, 30.652817387112805 ], [ 111.382813204366016, 30.652816623588478 ], [ 111.382810997429715, 30.65281585286948 ], [ 111.382801785673905, 30.65280437572136 ], [ 111.382788836335919, 30.652789642128369 ], [ 111.38277896177982, 30.652777970726902 ], [ 111.382774126125128, 30.652773755604471 ], [ 111.382770187094479, 30.652767640214449 ], [ 111.382768643858014, 30.652766678839328 ], [ 111.382758771999818, 30.652755009236444 ], [ 111.382748236442012, 30.652743146279249 ], [ 111.38274165430397, 30.652735110836886 ], [ 111.38275363597171, 30.652728290378377 ], [ 111.382767397397458, 30.652718800732146 ], [ 111.382768287726378, 30.652717660391886 ], [ 111.382779826028241, 30.652710070113812 ], [ 111.382794473286367, 30.652699822339059 ], [ 111.382807790447259, 30.652690714005416 ], [ 111.382820218178665, 30.652681792730675 ], [ 111.382822435007483, 30.652680845744555 ], [ 111.382827323722211, 30.652676286181702 ], [ 111.382835308802498, 30.652671735612159 ], [ 111.382849512694975, 30.652661868250675 ], [ 111.382862827157737, 30.65265275811845 ], [ 111.382875710845497, 30.652644031996601 ], [ 111.382889528928672, 30.65263455404147 ], [ 111.382904238240144, 30.652624696572673 ], [ 111.382917388126998, 30.652615599030753 ], [ 111.382931874406552, 30.652605739763203 ], [ 111.382945247325324, 30.65259664312066 ], [ 111.382958620244267, 30.652587543780157 ], [ 111.382971545300677, 30.652578824852924 ], [ 111.382984471256464, 30.652570105925804 ], [ 111.382996061718927, 30.652562143328282 ], [ 111.383008092849309, 30.652554185227643 ], [ 111.383019237248163, 30.652546602144128 ], [ 111.383031720737392, 30.652537881418141 ], [ 111.38304331030065, 30.652529917921413 ], [ 111.383053115608902, 30.652523283622827 ], [ 111.383054895367252, 30.652522719747822 ], [ 111.383058914437527, 30.652518540598351 ], [ 111.383066931893552, 30.652513996324046 ], [ 111.383072076015651, 30.652507722653411 ], [ 111.383064354436556, 30.652499486662123 ], [ 111.383060393822291, 30.652493746289508 ], [ 111.383059285857541, 30.65249316802533 ], [ 111.38304980790241, 30.652481871641214 ], [ 111.383041855197632, 30.652475350656914 ], [ 111.383038339747657, 30.652469230770464 ], [ 111.383027311361445, 30.652457353424268 ], [ 111.383016505107776, 30.652445287220417 ], [ 111.383016291068998, 30.652444333938831 ], [ 111.383010106431357, 30.652438964986288 ], [ 111.383004381347291, 30.652431309057761 ], [ 111.382994234296632, 30.652420580145815 ], [ 111.382993797226163, 30.652419434409467 ], [ 111.382988054155419, 30.652414447668662 ], [ 111.382983650175504, 30.652408325983458 ], [ 111.382972843022458, 30.652396641092196 ], [ 111.382969978681672, 30.652393005133092 ], [ 111.382962481933021, 30.652384591975476 ], [ 111.382955415959827, 30.652378085380406 ], [ 111.382952336681115, 30.652373121122764 ], [ 111.382941307395527, 30.652361454217839 ], [ 111.382936789201551, 30.652357002573581 ], [ 111.382869779816644, 30.652283350796154 ], [ 111.382864713935589, 30.65227561212987 ], [ 111.382863830801341, 30.65227541787641 ], [ 111.382853742206464, 30.652263765360658 ], [ 111.382844747187335, 30.652254208265276 ], [ 111.382843653611815, 30.652252300803127 ], [ 111.382841013202324, 30.652250768358385 ], [ 111.382832243913015, 30.652240070922574 ], [ 111.382822154418989, 30.652228607264476 ], [ 111.382811187186689, 30.652216378283242 ], [ 111.382801969135642, 30.652206632330262 ], [ 111.38280109859187, 30.652204913725939 ], [ 111.382798018413951, 30.652202998169912 ], [ 111.382790126862915, 30.652193066956499 ], [ 111.382780476238054, 30.652182366822956 ], [ 111.382769065639934, 30.652170135143649 ], [ 111.382757658639036, 30.652157523950677 ], [ 111.382750196964025, 30.652149498400661 ], [ 111.382747773291214, 30.652116351188738 ], [ 111.382760647985606, 30.65210839938311 ], [ 111.382864356904747, 30.652036974327018 ], [ 111.382982651927932, 30.651957305185533 ], [ 111.382990901409073, 30.651951054897438 ], [ 111.383004950618158, 30.651942324278878 ], [ 111.383099095247132, 30.6518742482981 ], [ 111.383170939387526, 30.65182616694409 ], [ 111.383202677361737, 30.651806686729344 ], [ 111.38332847003295, 30.651736276108352 ], [ 111.383338438118528, 30.651750646375262 ], [ 111.383502656122857, 30.651648307123708 ], [ 111.383332551156457, 30.65145640978551 ], [ 111.383754608388472, 30.651177157699692 ], [ 111.383959979369706, 30.651416568919615 ], [ 111.384011179572326, 30.651472336778966 ], [ 111.384038456909366, 30.651454015790307 ], [ 111.384147304554574, 30.651378204740411 ], [ 111.384382104950191, 30.651220871046462 ], [ 111.384495585003322, 30.651205435982206 ], [ 111.384564581890061, 30.651195273643111 ], [ 111.38461866801731, 30.651188302098547 ], [ 111.384727627178279, 30.651168747240035 ], [ 111.384783754766545, 30.651145223673268 ], [ 111.3848309493888, 30.651158646954059 ], [ 111.384961687431939, 30.651322338854982 ], [ 111.38496572269014, 30.651328393091035 ], [ 111.385443937187972, 30.651811191433524 ], [ 111.384609371725219, 30.652353973657114 ], [ 111.385234928449336, 30.653104402146596 ], [ 111.385525863627834, 30.652898516753226 ], [ 111.385537020617164, 30.652892751199488 ], [ 111.385819806139239, 30.652729198693748 ], [ 111.385844454757887, 30.65266398255693 ], [ 111.385990608080192, 30.652563498606696 ], [ 111.386138933265215, 30.652467748687741 ], [ 111.386304258334917, 30.652349852064106 ], [ 111.386259715813253, 30.652304372449009 ], [ 111.386629202276026, 30.652070117941662 ], [ 111.386618585779217, 30.652060442135735 ], [ 111.386814908681117, 30.651902552660715 ], [ 111.38685653829873, 30.651941329628812 ], [ 111.386958373929872, 30.651860429315548 ], [ 111.386941356958232, 30.651848186844518 ], [ 111.386955913384838, 30.651827651724773 ], [ 111.387018741821521, 30.651761316831426 ], [ 111.387039461302265, 30.651776895787179 ], [ 111.387103391408459, 30.651823284617024 ], [ 111.387208583309473, 30.651997799858748 ], [ 111.387210742581885, 30.652000394402705 ], [ 111.387213161758211, 30.652003837906875 ], [ 111.387216089950641, 30.652008519777553 ], [ 111.387219741198123, 30.652014751179991 ], [ 111.387322185670428, 30.652459266282222 ], [ 111.387166466259544, 30.6526630598525 ], [ 111.387174640197543, 30.652667283968128 ], [ 111.387045927427664, 30.652847180752872 ], [ 111.386932417696983, 30.653005777994395 ], [ 111.386905191621338, 30.653049995860727 ], [ 111.386902856082145, 30.65304899311667 ], [ 111.386826465868864, 30.653182033424173 ], [ 111.386785660030341, 30.653258302228949 ], [ 111.386697594818315, 30.653467927003362 ], [ 111.386668082665949, 30.653522753272625 ], [ 111.386636737695426, 30.653616312442978 ], [ 111.386649311116855, 30.653648565728872 ], [ 111.386647048422617, 30.653691323096098 ], [ 111.386666278626024, 30.653798928777633 ], [ 111.386659970781125, 30.653871361074607 ], [ 111.386649669946451, 30.653951810827436 ], [ 111.386650481134893, 30.654060314931769 ], [ 111.386528387375222, 30.654045448239003 ], [ 111.386466525709579, 30.654032281264847 ], [ 111.386408199279174, 30.654010005057842 ], [ 111.386378160123968, 30.654092571814829 ], [ 111.386343761955231, 30.654187250641201 ], [ 111.386325001198031, 30.654230686097321 ], [ 111.386189441889371, 30.654328612375593 ], [ 111.386082293962716, 30.654403688679338 ], [ 111.385978862934167, 30.654505758134292 ], [ 111.385911286077032, 30.654573327796868 ], [ 111.385844645414238, 30.654639261592706 ], [ 111.385690325348378, 30.654787409611345 ], [ 111.386341287920231, 30.656425070560601 ], [ 111.386897415183739, 30.656488566294456 ], [ 111.38710341209287, 30.65619747643251 ], [ 111.387171096868713, 30.656053294424169 ], [ 111.38728649877288, 30.656030078425431 ], [ 111.387423714632916, 30.65605862200789 ], [ 111.387582291189972, 30.656037292787005 ], [ 111.38813752722524, 30.655914689111682 ], [ 111.388623252860953, 30.655809147374384 ], [ 111.388768383653996, 30.655778296131587 ], [ 111.388937307810636, 30.655742382605013 ], [ 111.389051685387017, 30.655712087143229 ], [ 111.389125730168359, 30.655692472929331 ], [ 111.389264768953979, 30.65566939812436 ], [ 111.389538474920869, 30.655607490593354 ], [ 111.389748347907926, 30.655574441407339 ], [ 111.38979236522556, 30.655857047065183 ], [ 111.389881907124447, 30.656431929689859 ], [ 111.390008069416979, 30.656863223858807 ], [ 111.390214891004518, 30.657570250167055 ], [ 111.390384300794892, 30.658149371296588 ], [ 111.390540979782372, 30.658684970634965 ], [ 111.390556564134329, 30.658733959404799 ], [ 111.390590205973353, 30.658834575555261 ], [ 111.390621325214056, 30.658920491387732 ], [ 111.390655306996905, 30.659009118676011 ], [ 111.390692255643216, 30.659103920709413 ], [ 111.390693645995043, 30.659108098060358 ], [ 111.390820904561224, 30.659436632994357 ], [ 111.391952560162622, 30.659237690367206 ], [ 111.392083792832864, 30.659214620058833 ], [ 111.39220374890408, 30.658279192930536 ], [ 111.392390637917686, 30.656821802884053 ] ] ], [ [ [ 111.374041067841119, 30.662117014688533 ], [ 111.37317527881612, 30.659708695899724 ], [ 111.374196486878418, 30.660114424141454 ], [ 111.374497248948956, 30.660731655841346 ], [ 111.374686451018931, 30.660971676801466 ], [ 111.37532432215994, 30.661012318064081 ], [ 111.375554026996952, 30.66116009915936 ], [ 111.375633875103347, 30.661398295395031 ], [ 111.379436466819527, 30.662761095648136 ], [ 111.379547294771896, 30.66262501113539 ], [ 111.379716470738629, 30.662406760063959 ], [ 111.379744493613657, 30.662370609116294 ], [ 111.379819068994891, 30.66240823944878 ], [ 111.3804323679596, 30.661781884126697 ], [ 111.381361093339933, 30.660833367366081 ], [ 111.382169302371551, 30.659891174638119 ], [ 111.382462698095082, 30.659549131887047 ], [ 111.382478171830257, 30.659548703809719 ], [ 111.383778119364763, 30.65877162660945 ], [ 111.38419332106497, 30.658588798933977 ], [ 111.384869414292098, 30.658291089162446 ], [ 111.38533333766344, 30.658327901111875 ], [ 111.386796204581344, 30.662428449013817 ], [ 111.386996358595241, 30.662439386568508 ], [ 111.387004436305858, 30.662439828135632 ], [ 111.387405946727199, 30.662347936308322 ], [ 111.387400565183952, 30.662329071229749 ], [ 111.38716663713069, 30.661509027120019 ], [ 111.387124279062334, 30.661360534661128 ], [ 111.38761452019412, 30.661257728661326 ], [ 111.387628123339255, 30.661254920977797 ], [ 111.387721113238911, 30.661235415582098 ], [ 111.38774916489217, 30.661229524123428 ], [ 111.387848860136955, 30.661208585208101 ], [ 111.387817345194492, 30.661100876104626 ], [ 111.387673262111434, 30.660608442425712 ], [ 111.387758278621675, 30.660586329895239 ], [ 111.387758997180072, 30.660503266712396 ], [ 111.387747157605418, 30.660344492304546 ], [ 111.387730479677941, 30.660286954579419 ], [ 111.387681955857772, 30.660100767036852 ], [ 111.387660629334619, 30.660020134721492 ], [ 111.387636593154298, 30.659928912889086 ], [ 111.387558173171271, 30.65962555987187 ], [ 111.38749620628505, 30.659386881599346 ], [ 111.38748510415428, 30.65920808738349 ], [ 111.387472661134495, 30.659007677062789 ], [ 111.387500148013601, 30.658826660622026 ], [ 111.387523031263015, 30.658778055862683 ], [ 111.387544160834352, 30.658723442732821 ], [ 111.387547955074126, 30.658659143904515 ], [ 111.387543586167681, 30.658648234228679 ], [ 111.387489050379486, 30.658539249886644 ], [ 111.387447525982623, 30.658450272761911 ], [ 111.387407515144787, 30.658352443610568 ], [ 111.387365455651263, 30.658222727197142 ], [ 111.38732588098469, 30.658092466694143 ], [ 111.387268864866314, 30.657904798867435 ], [ 111.38724670826906, 30.657840324671326 ], [ 111.387144943684348, 30.657505014245146 ], [ 111.387139010856799, 30.65748546388312 ], [ 111.386861468382108, 30.656570942395206 ], [ 111.38629833360136, 30.656521717103658 ], [ 111.385609952037669, 30.654842799755556 ], [ 111.385553059126494, 30.654880585670583 ], [ 111.385466011047697, 30.654937343683628 ], [ 111.385355987988589, 30.655005452939463 ], [ 111.385280633794252, 30.65516016960612 ], [ 111.383654110948612, 30.655965379398879 ], [ 111.383264138829134, 30.656023874902075 ], [ 111.382291547217221, 30.656356921734641 ], [ 111.382221473842037, 30.656271453764703 ], [ 111.381259781114125, 30.656574881425684 ], [ 111.381188642941595, 30.656597668447716 ], [ 111.381156696324524, 30.656594706980172 ], [ 111.380843457059939, 30.656797376397776 ], [ 111.378669390979724, 30.657548636760339 ], [ 111.378631814606592, 30.657036792114354 ], [ 111.378594239133008, 30.656537562258677 ], [ 111.379664899115937, 30.65574147788692 ], [ 111.379970879052962, 30.655655589034268 ], [ 111.380013998847062, 30.655598627774566 ], [ 111.379702968317417, 30.655437205762496 ], [ 111.378883890079635, 30.655819253955542 ], [ 111.378885829917238, 30.655820832265647 ], [ 111.378455310064567, 30.656261482081845 ], [ 111.378420532381824, 30.656268438337861 ], [ 111.378428813339042, 30.656311861203505 ], [ 111.37830428331614, 30.656363749387594 ], [ 111.378298838820456, 30.656316159962898 ], [ 111.378272649663131, 30.656348896184625 ], [ 111.378061964588028, 30.656153799058643 ], [ 111.377978608226215, 30.656040474588281 ], [ 111.378038628979596, 30.655920680395241 ], [ 111.378324884985489, 30.655705056243448 ], [ 111.378526907790729, 30.655572166122681 ], [ 111.378394070729939, 30.655428842067465 ], [ 111.378386106333835, 30.6554348459415 ], [ 111.378382936223602, 30.655438560141477 ], [ 111.378377104120091, 30.655443418279219 ], [ 111.378369111845188, 30.655448842090436 ], [ 111.378356446692692, 30.655460268876368 ], [ 111.37832312591172, 30.655487405019869 ], [ 111.378315123744073, 30.65549511940435 ], [ 111.378280473765017, 30.655522824818661 ], [ 111.378273806191316, 30.655529397963392 ], [ 111.378239154413507, 30.655557676245849 ], [ 111.378232817790376, 30.655563960708378 ], [ 111.378221823578428, 30.655572247961061 ], [ 111.378073187227926, 30.655697646729038 ], [ 111.378070822910274, 30.655698897686079 ], [ 111.378070974895763, 30.655699704378037 ], [ 111.378071024358405, 30.655700519163759 ], [ 111.378070971298428, 30.65570133305016 ], [ 111.37807081481634, 30.655702136144839 ], [ 111.378070560308288, 30.655702922152159 ], [ 111.378070207773931, 30.655703679381475 ], [ 111.378069764408224, 30.655704397939644 ], [ 111.37806923200958, 30.655705070632678 ], [ 111.378068618671932, 30.655705689366187 ], [ 111.37806793069052, 30.65570624874448 ], [ 111.378067172561998, 30.655706732579688 ], [ 111.377754445011647, 30.655956888000162 ], [ 111.377750621094322, 30.655958596711912 ], [ 111.37774918038042, 30.655958782871608 ], [ 111.377747001323144, 30.655958692040087 ], [ 111.377745586689571, 30.655958387170017 ], [ 111.377743613577081, 30.655957581377436 ], [ 111.377695287607537, 30.65587423490814 ], [ 111.377648658658813, 30.655826937763095 ], [ 111.377628639750014, 30.655805130102692 ], [ 111.377440206600397, 30.655942040193111 ], [ 111.377415450063097, 30.655908058410205 ], [ 111.377297241374777, 30.655959506825866 ], [ 111.377260324204656, 30.655977342180734 ], [ 111.377268598866863, 30.65599603369003 ], [ 111.377149334374337, 30.656045003574206 ], [ 111.377209928895184, 30.656154994257577 ], [ 111.377218605554219, 30.656150864570805 ], [ 111.377261525698998, 30.656206664805779 ], [ 111.377304211120588, 30.656258535902737 ], [ 111.377152530565013, 30.656342696258548 ], [ 111.376837604172124, 30.65677243639891 ], [ 111.376960662904423, 30.656992988835498 ], [ 111.37619913857958, 30.657383506843473 ], [ 111.376057581692123, 30.65715120026772 ], [ 111.3760337343694, 30.657161288862426 ], [ 111.375851219658159, 30.656882150091292 ], [ 111.375145527044481, 30.657127390716596 ], [ 111.375151781829459, 30.657143904067993 ], [ 111.375043347872349, 30.657180846419067 ], [ 111.374936581258282, 30.657213145570324 ], [ 111.374508805237326, 30.657336301429325 ], [ 111.37416776972691, 30.657419729736773 ], [ 111.373832357677315, 30.65748751613603 ], [ 111.373855555689488, 30.657519261305026 ], [ 111.373034841584854, 30.658041247605581 ], [ 111.373128428634232, 30.658278467177581 ], [ 111.373271793158779, 30.65823032466983 ], [ 111.373360242381466, 30.658258709072243 ], [ 111.373421359408269, 30.658358771240387 ], [ 111.373504597958913, 30.658468313162189 ], [ 111.373538311743744, 30.658620955093113 ], [ 111.373466702326482, 30.658664119853427 ], [ 111.373312184409826, 30.658683656725486 ], [ 111.37317430035381, 30.658722235842617 ], [ 111.373025450863906, 30.658779940841782 ], [ 111.372884957874589, 30.658806032872178 ], [ 111.372708931771911, 30.658230636734686 ], [ 111.372197561967994, 30.657647674600469 ], [ 111.372025623283889, 30.657891718228257 ], [ 111.371886394741409, 30.657902338322401 ], [ 111.370332660324209, 30.658020852780226 ], [ 111.369707195330989, 30.658068556418755 ], [ 111.369733919584917, 30.658545909366353 ], [ 111.369825054182911, 30.659280713933924 ], [ 111.369979830205125, 30.659328004783731 ], [ 111.371790848968544, 30.659341931684992 ], [ 111.372430704913143, 30.659773125129675 ], [ 111.37249477261571, 30.659816298883129 ], [ 111.372472144773724, 30.65996356106956 ], [ 111.372363349289287, 30.660671580229291 ], [ 111.372286700071299, 30.661170383806223 ], [ 111.372271521313849, 30.661269170735807 ], [ 111.372358305891225, 30.661352223126755 ], [ 111.372374654666714, 30.66140797659682 ], [ 111.372386720870566, 30.661512063231271 ], [ 111.372376313915822, 30.661525215816084 ], [ 111.372363897875687, 30.661566670965271 ], [ 111.372377920105123, 30.662104390005766 ], [ 111.37237587774473, 30.662142807244891 ], [ 111.372358685405061, 30.662466507423403 ], [ 111.372355959559911, 30.662539492803432 ], [ 111.372351495325233, 30.662601847297481 ], [ 111.372311933249136, 30.662779589306638 ], [ 111.372305736021019, 30.662807435015168 ], [ 111.372312625727204, 30.662808935084399 ], [ 111.372466256012956, 30.662842374576087 ], [ 111.372508535840439, 30.662851578237905 ], [ 111.372651043311123, 30.662660019044722 ], [ 111.37296947256317, 30.662475340564527 ], [ 111.373459696607824, 30.662311171123633 ], [ 111.374041067841119, 30.662117014688533 ] ] ] ] } },
{ "type": "Feature", "properties": { "SQMC": "共勤村", "SSJD": "伍家乡" }, "geometry": { "type": "Polygon", "coordinates": [ [ [ 111.362945671305681, 30.650388982865366 ], [ 111.363512270275237, 30.648117218934601 ], [ 111.366530420242839, 30.648479786013354 ], [ 111.366403655404383, 30.648140008654593 ], [ 111.366357412264961, 30.648170601792003 ], [ 111.366330899351681, 30.648083579793536 ], [ 111.366156181762449, 30.647510088420006 ], [ 111.366178561391621, 30.647486715039975 ], [ 111.366486118739431, 30.647165493392833 ], [ 111.366640249947636, 30.646971137308185 ], [ 111.367123468273633, 30.646361807051903 ], [ 111.367055287971141, 30.645049941701473 ], [ 111.367052035123379, 30.64498734169257 ], [ 111.366149042044697, 30.643915110594037 ], [ 111.366139570384973, 30.643933862357869 ], [ 111.36603602963919, 30.644138853825041 ], [ 111.365954831650242, 30.644199796383646 ], [ 111.365837558256771, 30.644299283884891 ], [ 111.365689284333143, 30.644312241316982 ], [ 111.365626363266188, 30.644325723953159 ], [ 111.365411104239229, 30.644370283561784 ], [ 111.365405550925516, 30.644371214360149 ], [ 111.365264559711818, 30.644401321863654 ], [ 111.365049492240416, 30.644475944909004 ], [ 111.364875959957658, 30.644530379073899 ], [ 111.36476832909517, 30.644563391387521 ], [ 111.364538107148064, 30.644595875799098 ], [ 111.364456002642498, 30.644607497737923 ], [ 111.364456412733318, 30.644627724390091 ], [ 111.364404011935619, 30.644626702760206 ], [ 111.364371641737932, 30.644618595371981 ], [ 111.364353730840094, 30.644610677740673 ], [ 111.364328343878071, 30.644615428859083 ], [ 111.364277754314912, 30.644470396091947 ], [ 111.364247442665373, 30.644279707442706 ], [ 111.364208593751584, 30.643923354679259 ], [ 111.365766705169449, 30.643702357977588 ], [ 111.365771537226863, 30.642994846934755 ], [ 111.365853667812587, 30.642828706179955 ], [ 111.365551178144415, 30.642609151990882 ], [ 111.364965521641579, 30.642867892339495 ], [ 111.364253433049555, 30.642905261868464 ], [ 111.364321134013153, 30.64279739178636 ], [ 111.364388560683608, 30.64274737599078 ], [ 111.364506427629692, 30.642698195665389 ], [ 111.3646263774055, 30.642647473901889 ], [ 111.364654894008254, 30.642619020251743 ], [ 111.364840207409713, 30.642430177011136 ], [ 111.364917011311093, 30.642359451627556 ], [ 111.365056667031638, 30.642235005241389 ], [ 111.365215468419137, 30.642123627803301 ], [ 111.365331743565093, 30.642057760557236 ], [ 111.365366508657587, 30.642041532291046 ], [ 111.365377608989661, 30.642038245268793 ], [ 111.365386162441439, 30.642035817998703 ], [ 111.365392338085996, 30.642034253178224 ], [ 111.365396900346752, 30.642033331373227 ], [ 111.365400767431538, 30.642032685660013 ], [ 111.365404230720799, 30.642032181140394 ], [ 111.365407569903596, 30.642031778244018 ], [ 111.36541110064195, 30.642031435602405 ], [ 111.365414670051052, 30.642031156812607 ], [ 111.365418181903749, 30.642030995833977 ], [ 111.365422002223795, 30.642030941874452 ], [ 111.36542645296845, 30.64203098324333 ], [ 111.365431107859536, 30.642031117242311 ], [ 111.365435739368024, 30.642031398730182 ], [ 111.36544081694035, 30.642031876270153 ], [ 111.36544677584817, 30.642032573244705 ], [ 111.365452821090912, 30.642033344863023 ], [ 111.365458199036823, 30.642034091300445 ], [ 111.365463362943956, 30.642034877307765 ], [ 111.36546878675523, 30.642035773032546 ], [ 111.365474137721321, 30.642036709226772 ], [ 111.365479031832024, 30.642037640924514 ], [ 111.365483902560186, 30.642038657158366 ], [ 111.365489196869021, 30.642039846961438 ], [ 111.365494445312493, 30.642041077234069 ], [ 111.365499154162706, 30.642042247251936 ], [ 111.365503729913314, 30.642043463135508 ], [ 111.365508589849583, 30.642044831004171 ], [ 111.365513375142257, 30.642046241141202 ], [ 111.36551768199547, 30.642047615305273 ], [ 111.365521901614613, 30.642049089294062 ], [ 111.365526443190959, 30.6420507962074 ], [ 111.365530967680002, 30.642052520207756 ], [ 111.365535061393985, 30.64205403466616 ], [ 111.365539039095552, 30.642055455594971 ], [ 111.36554323982881, 30.642056906201333 ], [ 111.365547367716886, 30.642058317237627 ], [ 111.365551100802747, 30.642059614959351 ], [ 111.365554768238155, 30.642060907285099 ], [ 111.365558703671297, 30.642062313824852 ], [ 111.36556260403114, 30.6420636888883 ], [ 111.365566090702714, 30.642064839121076 ], [ 111.365569422690726, 30.642065840965927 ], [ 111.365572870691551, 30.642066786153293 ], [ 111.365576211672931, 30.642067653099843 ], [ 111.36557917763713, 30.642068377953422 ], [ 111.365582000608981, 30.642069011975309 ], [ 111.365584918009745, 30.642069610024578 ], [ 111.365587803034771, 30.642070164906215 ], [ 111.365590502799591, 30.642070629855709 ], [ 111.365593228644741, 30.642071034550668 ], [ 111.36559621799114, 30.642071423957077 ], [ 111.365599727145877, 30.642071782786616 ], [ 111.3656043217822, 30.64207207686502 ], [ 111.365610475842914, 30.642072326876416 ], [ 111.365618493298939, 30.642072635343936 ], [ 111.36585917436139, 30.642163250133933 ], [ 111.366261614681946, 30.642325855653723 ], [ 111.366429649408872, 30.642398903986305 ], [ 111.366430501966192, 30.642399275406319 ], [ 111.366507153882083, 30.642430201292882 ], [ 111.3676746123935, 30.642054378206979 ], [ 111.367708368446529, 30.642043511698773 ], [ 111.365443021178578, 30.640130034073877 ], [ 111.365121966805418, 30.63985883811506 ], [ 111.36490312577871, 30.638851351009009 ], [ 111.364748102443002, 30.63813765083205 ], [ 111.364955095801122, 30.63814803530363 ], [ 111.364951944576774, 30.638125610708471 ], [ 111.365680786639018, 30.636146987093809 ], [ 111.36579716880442, 30.636135457785315 ], [ 111.365950439361427, 30.636111935117754 ], [ 111.366042163015493, 30.636098777136908 ], [ 111.366122541722007, 30.636088699334152 ], [ 111.366207132852935, 30.636080680079374 ], [ 111.366230616849521, 30.636080422873363 ], [ 111.366380104858024, 30.63610222603694 ], [ 111.366371471366392, 30.636138353602234 ], [ 111.36649760218279, 30.636171165367102 ], [ 111.367999448415901, 30.632793472740673 ], [ 111.36784268129486, 30.632813827096584 ], [ 111.367803944796208, 30.632902324882366 ], [ 111.367342985590483, 30.633019698100725 ], [ 111.366604715934955, 30.633384539564986 ], [ 111.365669520831887, 30.634227244791646 ], [ 111.365204716124822, 30.633923069793923 ], [ 111.364870217786461, 30.634096083167833 ], [ 111.364622100229724, 30.634315078877933 ], [ 111.363961871942934, 30.634889706994443 ], [ 111.363591789229815, 30.635265432953361 ], [ 111.363490772880937, 30.635434213218332 ], [ 111.363381206677388, 30.635370687807097 ], [ 111.362561504310065, 30.634858306265983 ], [ 111.362534455400805, 30.63483951942834 ], [ 111.361057908895475, 30.633813948754778 ], [ 111.361032494054427, 30.633797649442101 ], [ 111.360608870203237, 30.633525952560774 ], [ 111.35767566569956, 30.631923698819719 ], [ 111.357651872336191, 30.631910701817503 ], [ 111.357626262342251, 30.631932673154381 ], [ 111.356013934395719, 30.633315889816515 ], [ 111.35572903186943, 30.633560307562277 ], [ 111.355460628305536, 30.633853135813695 ], [ 111.354308373732522, 30.635045383238037 ], [ 111.354299069346666, 30.635111292751958 ], [ 111.354298711416448, 30.635113826142174 ], [ 111.35432764440543, 30.63517151585296 ], [ 111.354326067893851, 30.635178582725587 ], [ 111.355093784950384, 30.635827793418059 ], [ 111.355136729376682, 30.636042516449095 ], [ 111.354544468252641, 30.636725894184792 ], [ 111.354267694698535, 30.63696418125204 ], [ 111.354502325122212, 30.637212777247896 ], [ 111.354490381226242, 30.63722312484748 ], [ 111.35457315033068, 30.637303082671167 ], [ 111.354608219393924, 30.637338148137076 ], [ 111.354629974893498, 30.637359853274631 ], [ 111.354708427252262, 30.637438115876364 ], [ 111.354731019121289, 30.637460315641079 ], [ 111.354754201845083, 30.637483094569347 ], [ 111.354798987183528, 30.637526949109599 ], [ 111.354890565147628, 30.637617807615754 ], [ 111.354980141220551, 30.637705578749546 ], [ 111.355025291684001, 30.637751480146733 ], [ 111.355117225779395, 30.637844959277459 ], [ 111.355276657591844, 30.638006508093952 ], [ 111.355379560718234, 30.638113194668335 ], [ 111.355395653186918, 30.638132148779732 ], [ 111.355433738576323, 30.638104866046831 ], [ 111.355434663079279, 30.638104205045067 ], [ 111.35544208068751, 30.638112036341397 ], [ 111.355650402344338, 30.638331907091981 ], [ 111.355739437025477, 30.63842587725253 ], [ 111.355988506064818, 30.638647924362317 ], [ 111.356039392404227, 30.638712976822603 ], [ 111.356052069247596, 30.638729184404383 ], [ 111.356003814324708, 30.63899634690398 ], [ 111.355956874210506, 30.639130486183035 ], [ 111.355956633192136, 30.639131175962973 ], [ 111.356044166904837, 30.639165985122304 ], [ 111.356050893833697, 30.639168955582988 ], [ 111.356254190978177, 30.639258736701493 ], [ 111.356282087048669, 30.639270417995476 ], [ 111.356381763407796, 30.639307393621436 ], [ 111.356513668770845, 30.639354431761717 ], [ 111.356556515171235, 30.639332476612594 ], [ 111.356586800740331, 30.639316957911376 ], [ 111.356620001012345, 30.639274069242958 ], [ 111.356640590990594, 30.639247468196288 ], [ 111.356904185879614, 30.638866865213686 ], [ 111.357213004976302, 30.638459004679362 ], [ 111.357233793704779, 30.638327569661669 ], [ 111.357234497873947, 30.638323117118262 ], [ 111.357327562417197, 30.638197687773129 ], [ 111.357327589396846, 30.638197653598866 ], [ 111.357390230774627, 30.63811322524532 ], [ 111.357669455880796, 30.637736888646657 ], [ 111.357801115728932, 30.63780492595663 ], [ 111.357813536265724, 30.637804891782366 ], [ 111.357842442275057, 30.637784525735412 ], [ 111.357854755792346, 30.637755854449267 ], [ 111.357854682047957, 30.637735568441883 ], [ 111.357855995058117, 30.637717663839283 ], [ 111.357840710180767, 30.637689068096108 ], [ 111.357738073253529, 30.637632105037653 ], [ 111.357815049824808, 30.63752499668135 ], [ 111.358048217951023, 30.637200556360654 ], [ 111.358094092368503, 30.637140083248312 ], [ 111.358364989752545, 30.636770138131453 ], [ 111.35836650061367, 30.636770961910543 ], [ 111.358375954287055, 30.636758535078513 ], [ 111.358402671346369, 30.636723410257275 ], [ 111.358414192561099, 30.636710803560788 ], [ 111.358444585149641, 30.636678228317635 ], [ 111.358498538177116, 30.636628809671947 ], [ 111.358431732938243, 30.636590178394044 ], [ 111.358415358082482, 30.636580709432224 ], [ 111.357837225307776, 30.636262903410397 ], [ 111.357755814179598, 30.636381743422874 ], [ 111.357739845817321, 30.63640506284338 ], [ 111.357687525059305, 30.636481335245492 ], [ 111.357577280767032, 30.636642373247071 ], [ 111.357526237945649, 30.636716030420587 ], [ 111.357435436995956, 30.636646284398637 ], [ 111.357388361084077, 30.636682927275331 ], [ 111.357089043324891, 30.636446368705037 ], [ 111.356746614764518, 30.636256130616118 ], [ 111.356605916729791, 30.63617796604035 ], [ 111.35626237930552, 30.636088952043622 ], [ 111.355820874234098, 30.63597455378266 ], [ 111.355698625791092, 30.635942878760943 ], [ 111.355223003139258, 30.635960767175789 ], [ 111.355140673803191, 30.635727435372985 ], [ 111.354340805983554, 30.635113318025276 ], [ 111.354349943095599, 30.635073908833988 ], [ 111.354350086987097, 30.635073291899005 ], [ 111.355472999379458, 30.633877669319077 ], [ 111.355747012914378, 30.63358591126098 ], [ 111.355755921598643, 30.633581313027207 ], [ 111.355778494581955, 30.63356656684374 ], [ 111.355799225753742, 30.633549131687118 ], [ 111.355820045958524, 30.633527704440098 ], [ 111.355841064013873, 30.633505284341481 ], [ 111.355862543421836, 30.633484122394407 ], [ 111.355886528340761, 30.633462342613086 ], [ 111.355914901051904, 30.633438113078569 ], [ 111.355945200110966, 30.633412761190016 ], [ 111.355976420975082, 30.633386769883657 ], [ 111.356011559286173, 30.633357656131011 ], [ 111.356053350781622, 30.633323144647534 ], [ 111.356095360812446, 30.633288452400279 ], [ 111.356131316607048, 30.633258658760155 ], [ 111.356164080707799, 30.633231385020451 ], [ 111.356196726098233, 30.633204081603139 ], [ 111.356228177188825, 30.633177733265939 ], [ 111.356256462665726, 30.633154046022469 ], [ 111.356283963933834, 30.633131025176795 ], [ 111.356313114558702, 30.633106629267502 ], [ 111.356341437807146, 30.633082855689395 ], [ 111.356365822924545, 30.633062157792494 ], [ 111.356388226835236, 30.633042859240561 ], [ 111.356410734168151, 30.633023183872922 ], [ 111.356432345776284, 30.633004072380118 ], [ 111.356451384423906, 30.632986894429678 ], [ 111.356463312132348, 30.632975855251573 ], [ 111.356469421226905, 30.632970203012519 ], [ 111.356488085756553, 30.632952518743878 ], [ 111.356506002050423, 30.632935518859199 ], [ 111.356521223975506, 30.632921396805102 ], [ 111.356534952126538, 30.632909068898584 ], [ 111.35654848332598, 30.632897336343035 ], [ 111.356562889565737, 30.632885200891451 ], [ 111.356579902040892, 30.632871365721087 ], [ 111.35660132389205, 30.632854400010672 ], [ 111.356628671376143, 30.632833074386895 ], [ 111.356892388573044, 30.632611808787999 ], [ 111.357021101342923, 30.632503459367172 ], [ 111.357232742397287, 30.632325298273997 ], [ 111.357483832213234, 30.632102894133425 ], [ 111.357659927563645, 30.631942721279756 ], [ 111.358589182644664, 30.632451838281838 ], [ 111.358766512764532, 30.632548992042416 ], [ 111.359104359278831, 30.63273408511003 ], [ 111.35927287334448, 30.632826406813194 ], [ 111.359339631818614, 30.632862981341702 ], [ 111.359358493299851, 30.632873313652681 ], [ 111.36047114712585, 30.633482884028012 ], [ 111.360989147631244, 30.633813927171161 ], [ 111.362399189271343, 30.634799912386029 ], [ 111.362377117210315, 30.634825243590228 ], [ 111.362301182953217, 30.634912396889717 ], [ 111.362288028569708, 30.634977127392631 ], [ 111.362286116611131, 30.634986528005868 ], [ 111.36228069190048, 30.635013783759291 ], [ 111.362276923741149, 30.635032718984917 ], [ 111.362270414448176, 30.635050324113308 ], [ 111.362260943687602, 30.635075945798349 ], [ 111.362185345777107, 30.635182871592235 ], [ 111.362115663607028, 30.635277863382669 ], [ 111.362078646612417, 30.635326423176025 ], [ 111.362024339251832, 30.635401764779772 ], [ 111.361950331342882, 30.635504297385467 ], [ 111.361890251234172, 30.635586757123122 ], [ 111.361825365148547, 30.635675136198756 ], [ 111.361744286769465, 30.635780697721145 ], [ 111.361653954366602, 30.635905100040304 ], [ 111.361654701703173, 30.635905367139003 ], [ 111.361649472145416, 30.635914401728257 ], [ 111.361573688075396, 30.636071624805709 ], [ 111.361144795995642, 30.636961423930757 ], [ 111.361245365381365, 30.637028823621336 ], [ 111.361406447449781, 30.637149852583661 ], [ 111.36140606074116, 30.637160562609949 ], [ 111.361402943691076, 30.63724723477219 ], [ 111.361424369139513, 30.637283372229888 ], [ 111.3613708756655, 30.637527655077349 ], [ 111.360974313313989, 30.638815727963561 ], [ 111.360914236802785, 30.638844642066658 ], [ 111.360900978097732, 30.638851023655945 ], [ 111.360796618968891, 30.63890125169155 ], [ 111.36076934702794, 30.638914378196034 ], [ 111.360786649084787, 30.63915413115825 ], [ 111.36082821664894, 30.639730170311168 ], [ 111.360835893262049, 30.639836553814064 ], [ 111.36087113409576, 30.640324881188349 ], [ 111.360897918604053, 30.640696058376534 ], [ 111.360932386920297, 30.641097782836596 ], [ 111.360932714273531, 30.641101580673478 ], [ 111.359797855286843, 30.641214686608635 ], [ 111.359805593053693, 30.641219565430731 ], [ 111.360262134789878, 30.641507376364416 ], [ 111.360526048938141, 30.641673709574206 ], [ 111.360726266803908, 30.641806394649564 ], [ 111.361275466589632, 30.641095801630115 ], [ 111.3620967823407, 30.639617117435989 ], [ 111.362189067171869, 30.639320245832778 ], [ 111.362511948068118, 30.639464450324169 ], [ 111.362610379765385, 30.639376351837257 ], [ 111.362823495707858, 30.639279118037052 ], [ 111.363041252152243, 30.639247565322989 ], [ 111.36326214543169, 30.63921600181709 ], [ 111.363404557574427, 30.639185200936311 ], [ 111.363427081994246, 30.639224315150216 ], [ 111.363408978641473, 30.639247364774121 ], [ 111.363388334703927, 30.63927473743928 ], [ 111.363371233195949, 30.639319933767922 ], [ 111.363384452330706, 30.639415364427578 ], [ 111.363417373812808, 30.639653016573561 ], [ 111.363447102701684, 30.639879515327493 ], [ 111.363479711219838, 30.640157674736997 ], [ 111.363615870376179, 30.640233369774251 ], [ 111.363760716983563, 30.6403778890284 ], [ 111.363788896340566, 30.640396522081915 ], [ 111.363806284732448, 30.640397298196888 ], [ 111.36382739811603, 30.640399882848499 ], [ 111.363851962198339, 30.640404814730402 ], [ 111.363866043782934, 30.640409043342743 ], [ 111.363880299836012, 30.640415742392747 ], [ 111.363894314870834, 30.64042479227038 ], [ 111.363908068202818, 30.640436557201497 ], [ 111.363919650571461, 30.640449049683923 ], [ 111.363927492659684, 30.640459117594332 ], [ 111.363939551669148, 30.640477493441665 ], [ 111.363942723577907, 30.640484373255333 ], [ 111.363945461114326, 30.640493729801847 ], [ 111.363947759781354, 30.640516620245876 ], [ 111.363950675383535, 30.640587953571242 ], [ 111.363951310304799, 30.640692961111313 ], [ 111.363951088172257, 30.641130992101637 ], [ 111.36394459236908, 30.642016766760435 ], [ 111.363945114875207, 30.642080948676892 ], [ 111.363948455856587, 30.642208620931171 ], [ 111.363955094652056, 30.642327415078171 ], [ 111.363959879944559, 30.642382412218694 ], [ 111.363965164360991, 30.642418379704566 ], [ 111.363974357230916, 30.642463649777767 ], [ 111.364032984034964, 30.642703041212428 ], [ 111.364048766237715, 30.642758416967467 ], [ 111.364072154006749, 30.642838024055663 ], [ 111.364103759780789, 30.642976506160892 ], [ 111.364154432081421, 30.643018712243816 ], [ 111.364187994780195, 30.643018348917735 ], [ 111.364201865024143, 30.642976864990487 ], [ 111.364230992266641, 30.642941017114367 ], [ 111.36423159031574, 30.642940064732386 ], [ 111.364973695579749, 30.642891536415334 ], [ 111.365553495697327, 30.64264265893155 ], [ 111.365824126881989, 30.642825664672785 ], [ 111.365743038610447, 30.642988656901025 ], [ 111.365743985596566, 30.643680759859308 ], [ 111.364206668303211, 30.64390568479962 ], [ 111.364206413795102, 30.643903357354191 ], [ 111.364204849874056, 30.643776857815908 ], [ 111.36423269558253, 30.643632340360284 ], [ 111.364249568662729, 30.643539229951671 ], [ 111.364217496140668, 30.643486699651532 ], [ 111.364193564281663, 30.643491538903561 ], [ 111.364123973842482, 30.643234221282341 ], [ 111.364057081369253, 30.642976636562707 ], [ 111.364035378929771, 30.642883073794906 ], [ 111.36399167997223, 30.642715468044457 ], [ 111.363990569309351, 30.642701400849035 ], [ 111.363985701279148, 30.642681663428107 ], [ 111.363960063406353, 30.642604063626663 ], [ 111.363949011637771, 30.642563075225894 ], [ 111.363922877339121, 30.642454257258294 ], [ 111.363913101708306, 30.642398196219972 ], [ 111.363905648127286, 30.642316546771383 ], [ 111.363902170448853, 30.642258475748179 ], [ 111.363899313302738, 30.642189281909964 ], [ 111.363896385110081, 30.642056739826671 ], [ 111.363902683062463, 30.641130842814277 ], [ 111.363902906094381, 30.640693052842209 ], [ 111.363902272072323, 30.640588196388194 ], [ 111.363902995127148, 30.640568377129057 ], [ 111.363901566104573, 30.640553408812877 ], [ 111.363896101823798, 30.640521490974209 ], [ 111.363893757291237, 30.640513885407529 ], [ 111.363890717582649, 30.640508555125905 ], [ 111.363875700703204, 30.640493126356887 ], [ 111.363864181286999, 30.640482761670171 ], [ 111.363853597165871, 30.640474847636142 ], [ 111.363844671394645, 30.640469795244883 ], [ 111.363832940637849, 30.640465145750056 ], [ 111.363815564836614, 30.640460439597803 ], [ 111.36379034334982, 30.640458076179357 ], [ 111.363433412322138, 30.640265755260543 ], [ 111.363385889447272, 30.64027314229179 ], [ 111.363312225079142, 30.640284990859755 ], [ 111.363227799423555, 30.640294082106266 ], [ 111.363088846972744, 30.640305634797357 ], [ 111.363017226763588, 30.640313518254288 ], [ 111.362716330694298, 30.640332722377366 ], [ 111.362494583058606, 30.640347890342923 ], [ 111.362457179355545, 30.640353699963441 ], [ 111.362411911980246, 30.640355988737952 ], [ 111.362269989968127, 30.640371856376134 ], [ 111.362241958999334, 30.640377263100277 ], [ 111.362188688557239, 30.64041613089978 ], [ 111.362083313194546, 30.640418193944583 ], [ 111.3619280542365, 30.640427578370122 ], [ 111.361802733709396, 30.640534070690876 ], [ 111.363116582064663, 30.64049218206867 ], [ 111.363320916127577, 30.64051547900624 ], [ 111.363272979564442, 30.640983380978298 ], [ 111.363340630165965, 30.641360269760696 ], [ 111.363115374275253, 30.641647288391823 ], [ 111.362519318012232, 30.641682361951496 ], [ 111.361922624129818, 30.641545602048041 ], [ 111.361397533369654, 30.6413656818807 ], [ 111.361254242589325, 30.641321985621289 ], [ 111.360599802339038, 30.642149745914139 ], [ 111.360571955731189, 30.642184965164063 ], [ 111.360788407259179, 30.642341094665937 ], [ 111.361474580987135, 30.642787867066488 ], [ 111.361718608427168, 30.643092668891711 ], [ 111.361712720565606, 30.643293436243255 ], [ 111.361497503806902, 30.643442568120065 ], [ 111.360698977775655, 30.64366339395059 ], [ 111.360914187339915, 30.644235575011862 ], [ 111.360920625586516, 30.644483284276134 ], [ 111.360710745404617, 30.644603672021958 ], [ 111.360514484556006, 30.644526413962808 ], [ 111.360316230809417, 30.644060147857658 ], [ 111.359872408185254, 30.643467598051245 ], [ 111.359566698044659, 30.64320066937546 ], [ 111.359290355265784, 30.643501309138173 ], [ 111.35926749270061, 30.64348179384973 ], [ 111.358988992448076, 30.643781654799682 ], [ 111.358689732245523, 30.644076875247777 ], [ 111.358685246427058, 30.644081772056268 ], [ 111.35826310555791, 30.644542585571969 ], [ 111.357928884210821, 30.644852566592704 ], [ 111.357920505227241, 30.644776726764576 ], [ 111.357879846877495, 30.644822822415449 ], [ 111.357848930883449, 30.644852014408968 ], [ 111.359575979048373, 30.646054779404665 ], [ 111.35938212478527, 30.646640706603364 ], [ 111.360454172422237, 30.646808394192135 ], [ 111.361738866555527, 30.647479292935088 ], [ 111.36171485285837, 30.647531387963284 ], [ 111.361711938155565, 30.647537711995994 ], [ 111.361697164092902, 30.647576429608534 ], [ 111.361656837593046, 30.647682097250993 ], [ 111.36164501240745, 30.647884774762588 ], [ 111.361645557396741, 30.647900588441473 ], [ 111.361618828646158, 30.648082336031109 ], [ 111.361607424343219, 30.648221549285154 ], [ 111.361605328023643, 30.648247131400069 ], [ 111.361575066736123, 30.648396331625577 ], [ 111.361543289191616, 30.648539875115205 ], [ 111.361497710650838, 30.648720599276373 ], [ 111.361494888578306, 30.648731783245296 ], [ 111.361487656230452, 30.648760465323392 ], [ 111.361485226262232, 30.648812519881915 ], [ 111.361483576006265, 30.648847856043801 ], [ 111.361480395104195, 30.648915998574523 ], [ 111.361475593623879, 30.649018828855901 ], [ 111.361474714986286, 30.649037656162875 ], [ 111.361470506159037, 30.649106572110668 ], [ 111.361467197553225, 30.649106598190997 ], [ 111.361457561317593, 30.649106672834762 ], [ 111.361470623970206, 30.649150659575412 ], [ 111.361883500922943, 30.650541057323949 ], [ 111.361972538301984, 30.651483634961949 ], [ 111.361975454803542, 30.651514522177592 ], [ 111.362175250887219, 30.651795581900615 ], [ 111.36223694527888, 30.652070687212472 ], [ 111.362690771961752, 30.652056728835134 ], [ 111.362720803921945, 30.652055805231328 ], [ 111.362667337427808, 30.651726167728611 ], [ 111.362686930057919, 30.65131631609529 ], [ 111.362945671305681, 30.650388982865366 ] ] ] } },
{ "type": "Feature", "properties": { "SQMC": "旭光村", "SSJD": "伍家乡" }, "geometry": { "type": "MultiPolygon", "coordinates": [ [ [ [ 111.330680479320847, 30.685240839093524 ], [ 111.330734013264191, 30.68521289176158 ], [ 111.330737702283216, 30.685219213995708 ], [ 111.330950016929819, 30.685128223289041 ], [ 111.330375574073685, 30.684273123605863 ], [ 111.330374579423449, 30.684273968069192 ], [ 111.33036490991276, 30.684284806698599 ], [ 111.330359881803247, 30.684297660708523 ], [ 111.330363485386613, 30.684309969729327 ], [ 111.330372129670138, 30.684329456239539 ], [ 111.330366400089417, 30.684327707957493 ], [ 111.330354780848552, 30.684327963364922 ], [ 111.330333512781465, 30.684333906084987 ], [ 111.330244455617333, 30.684251538977378 ], [ 111.330238243100609, 30.684245794108278 ], [ 111.330111353256541, 30.684344937169158 ], [ 111.330680479320847, 30.685240839093524 ] ] ], [ [ [ 111.325681799175868, 30.685532811190342 ], [ 111.326757917144278, 30.685222392199705 ], [ 111.326741038668047, 30.685186231359523 ], [ 111.326952866781482, 30.684949429072958 ], [ 111.326729743183137, 30.684291298005121 ], [ 111.326551512842059, 30.683843072300022 ], [ 111.324883574417527, 30.684215697396667 ], [ 111.324720828603404, 30.683664481330823 ], [ 111.324641003879321, 30.683492605599383 ], [ 111.324521433617349, 30.68323515487856 ], [ 111.324425848274359, 30.683029345927707 ], [ 111.324317684113851, 30.682796451195372 ], [ 111.324264693361101, 30.682682355106692 ], [ 111.324230484049622, 30.682700639223185 ], [ 111.324156487831772, 30.682740183312944 ], [ 111.32380229434051, 30.682929480711152 ], [ 111.322589995631802, 30.683577370299531 ], [ 111.32256903962957, 30.683570021039827 ], [ 111.321674929154824, 30.682395039699315 ], [ 111.320426144950773, 30.68343345898694 ], [ 111.320864148062071, 30.683902092107871 ], [ 111.321117158829964, 30.684128815692361 ], [ 111.322224859190044, 30.683305623056128 ], [ 111.322605990973727, 30.683745804325554 ], [ 111.322664022426807, 30.683704563215088 ], [ 111.323369346318373, 30.684691412678603 ], [ 111.323463108735609, 30.684822601282008 ], [ 111.323713575321392, 30.685173032909233 ], [ 111.323725412198087, 30.685189592126164 ], [ 111.323763745800363, 30.685243224994963 ], [ 111.323808844103041, 30.685306322329041 ], [ 111.323850256983974, 30.685364262950429 ], [ 111.323865034643802, 30.685384940162919 ], [ 111.323887127389185, 30.685384885304188 ], [ 111.32389412771181, 30.685381379746957 ], [ 111.324360669909083, 30.686021209611226 ], [ 111.324425933710017, 30.686052890028975 ], [ 111.324438752646302, 30.686057973896538 ], [ 111.325681799175868, 30.685532811190342 ] ] ], [ [ [ 111.329759360406172, 30.698792527852959 ], [ 111.330020768143982, 30.698693922586585 ], [ 111.330214084612408, 30.698580406560666 ], [ 111.330336474248952, 30.698496087024978 ], [ 111.330542427091473, 30.698180138102998 ], [ 111.330654500604794, 30.698056046049771 ], [ 111.330794446806408, 30.697932218397284 ], [ 111.331002674933643, 30.697825389730099 ], [ 111.331021566092488, 30.697813648181409 ], [ 111.331203129321125, 30.6977007913585 ], [ 111.331442428125683, 30.697633638081982 ], [ 111.331561592793321, 30.697592932068289 ], [ 111.331616710442972, 30.697568233087623 ], [ 111.331726641771183, 30.697516719021394 ], [ 111.331766247014741, 30.697503629389075 ], [ 111.331854348199727, 30.697474511139944 ], [ 111.331962045611988, 30.697447321936522 ], [ 111.332013233224188, 30.697434398678695 ], [ 111.332117809089652, 30.697371679059813 ], [ 111.332291094058803, 30.697306588828155 ], [ 111.332451957591957, 30.697378903313904 ], [ 111.332697139761251, 30.697555290044761 ], [ 111.332769734835381, 30.697607518172504 ], [ 111.333224690167469, 30.697959617142772 ], [ 111.333243673057211, 30.697974311165638 ], [ 111.333247430424592, 30.697972728358877 ], [ 111.334041813279214, 30.697639124845864 ], [ 111.334255778181728, 30.697320024699422 ], [ 111.334382810118711, 30.697150437742664 ], [ 111.334413475201814, 30.697109500603119 ], [ 111.334440604150643, 30.69707124344319 ], [ 111.334546520905292, 30.696921875044666 ], [ 111.334575451196201, 30.696866171936392 ], [ 111.334612177709914, 30.696739827980821 ], [ 111.334732727333574, 30.69651330044843 ], [ 111.334874045001357, 30.696326930343673 ], [ 111.33487972961592, 30.696321141407566 ], [ 111.334994736717874, 30.696204071260922 ], [ 111.335132296118729, 30.696061889344776 ], [ 111.335380141180678, 30.695888795031976 ], [ 111.335638126098729, 30.695779375417999 ], [ 111.335744943074815, 30.695745284817065 ], [ 111.335887925387567, 30.695682424004701 ], [ 111.335963589847836, 30.695623782811481 ], [ 111.336212781195059, 30.695490157045185 ], [ 111.336352528646387, 30.69538275910719 ], [ 111.336540222553367, 30.69526912886738 ], [ 111.336629002726454, 30.695207369724358 ], [ 111.336708828349856, 30.695167497382101 ], [ 111.336863838195711, 30.695090066653279 ], [ 111.337058131327694, 30.695016672981183 ], [ 111.337274215932496, 30.694914570251342 ], [ 111.337302394390122, 30.694903606616151 ], [ 111.337470972307585, 30.694838019958809 ], [ 111.337655914289144, 30.694733437798106 ], [ 111.337839697044558, 30.694639643904566 ], [ 111.337867301734661, 30.694631721776716 ], [ 111.337973725707059, 30.69460118079985 ], [ 111.338093794193412, 30.694565002872707 ], [ 111.338275469837185, 30.694474255882369 ], [ 111.338398845130598, 30.694448716934858 ], [ 111.338586594795686, 30.694407931780802 ], [ 111.338724095740531, 30.694378173214147 ], [ 111.338863251437999, 30.694371993073105 ], [ 111.338983764189436, 30.694361978222844 ], [ 111.339207627030362, 30.694350376968487 ], [ 111.33943470944439, 30.694339925946906 ], [ 111.339586804587498, 30.694341630162171 ], [ 111.339728701418494, 30.69438845696186 ], [ 111.339938938631178, 30.694501106041287 ], [ 111.340064725007153, 30.694588658639873 ], [ 111.340304988784396, 30.694837188985161 ], [ 111.340529393017164, 30.69502363463306 ], [ 111.340844925552915, 30.694890534970341 ], [ 111.34093993443048, 30.69483811618619 ], [ 111.341082548021291, 30.694781342884767 ], [ 111.341239059734903, 30.694741956176472 ], [ 111.341383042993129, 30.694680099906861 ], [ 111.341616632002058, 30.694578350610584 ], [ 111.341930034043969, 30.694507689978025 ], [ 111.342044134629134, 30.694481964870818 ], [ 111.34225216400614, 30.694439690439424 ], [ 111.342582395960846, 30.694325318258905 ], [ 111.342873798786968, 30.694193555887921 ], [ 111.343204227693093, 30.694126690394512 ], [ 111.343383119035877, 30.694096367053874 ], [ 111.343513461377256, 30.694089287590657 ], [ 111.343620995112929, 30.694089930605855 ], [ 111.343830129756782, 30.694092237367045 ], [ 111.344038866000858, 30.69411417003306 ], [ 111.344176463173255, 30.694105154329463 ], [ 111.344248929644493, 30.694107580700404 ], [ 111.344500240693606, 30.694243954794842 ], [ 111.344881126962491, 30.694422552059279 ], [ 111.344991832607093, 30.69440807387349 ], [ 111.345157504815177, 30.694389227680801 ], [ 111.345412756693463, 30.694378695720275 ], [ 111.345984631085912, 30.694390450758817 ], [ 111.346411575234072, 30.694474853931467 ], [ 111.346795124395555, 30.694607063265437 ], [ 111.346985822937484, 30.694701317611759 ], [ 111.347286525652635, 30.6947852747208 ], [ 111.347596260259309, 30.694903319732589 ], [ 111.347754081385801, 30.694968299347693 ], [ 111.347944217851477, 30.695046585331795 ], [ 111.348240030053432, 30.695148384990091 ], [ 111.348377675789095, 30.695254863820992 ], [ 111.348731123742539, 30.695450851275893 ], [ 111.348855694234942, 30.695502510132826 ], [ 111.348989205787291, 30.695554495443616 ], [ 111.349133338333047, 30.695599722349414 ], [ 111.349385242934773, 30.695628794733182 ], [ 111.349564825856078, 30.695645541908391 ], [ 111.349939671378877, 30.695694484812691 ], [ 111.350052887031211, 30.695733768998366 ], [ 111.350279080914902, 30.695880174130878 ], [ 111.350470226419873, 30.695986092684052 ], [ 111.35058787932735, 30.696051478792867 ], [ 111.350651184404796, 30.696094223569673 ], [ 111.350860168861743, 30.696122038701162 ], [ 111.351050765780258, 30.696120354270988 ], [ 111.351158802237023, 30.696097123883249 ], [ 111.351323960932064, 30.696102732055465 ], [ 111.35144614102677, 30.696091057956096 ], [ 111.351561994390636, 30.696115776721797 ], [ 111.351764089141511, 30.696242242985193 ], [ 111.351798909991714, 30.696275127595072 ], [ 111.351980601823414, 30.696423566994156 ], [ 111.35234959815557, 30.696162012666832 ], [ 111.352535490720413, 30.696024119617505 ], [ 111.352637436068903, 30.695948500123166 ], [ 111.352668085863627, 30.695929665621748 ], [ 111.352740143143251, 30.695875019216828 ], [ 111.352915903046551, 30.6957649053262 ], [ 111.353059648883857, 30.695703756823093 ], [ 111.353124332622031, 30.69567624026638 ], [ 111.353333732565829, 30.69561711793574 ], [ 111.35357650005551, 30.695472651741511 ], [ 111.353820137189587, 30.69527221803861 ], [ 111.353995013958865, 30.695149606269354 ], [ 111.354142271648641, 30.695053956175286 ], [ 111.354152513128099, 30.695048524270078 ], [ 111.354342496708966, 30.694947749838946 ], [ 111.354644587977418, 30.694777196110806 ], [ 111.35484469073009, 30.69467281989489 ], [ 111.354984289793265, 30.694626527292428 ], [ 111.355122637000193, 30.694565793376739 ], [ 111.355345844235444, 30.694523712299656 ], [ 111.355475386180274, 30.69449929390737 ], [ 111.355759621409391, 30.694460201277423 ], [ 111.356051142945944, 30.69447269106189 ], [ 111.35622932112642, 30.694475405215769 ], [ 111.356298805445647, 30.69449041310213 ], [ 111.356560178109817, 30.694584305921126 ], [ 111.356673828134831, 30.694646719770333 ], [ 111.35682921209866, 30.69470382312312 ], [ 111.356939897058737, 30.69474641771302 ], [ 111.356997698285284, 30.694772803821991 ], [ 111.357199195886267, 30.694878768240528 ], [ 111.357259398302688, 30.694950712205639 ], [ 111.357309559788462, 30.695033898595682 ], [ 111.357374512423917, 30.695120678676403 ], [ 111.357416026028943, 30.695199202081596 ], [ 111.357479824834115, 30.69538516209559 ], [ 111.357333493445992, 30.695616440746221 ], [ 111.357265458833922, 30.695695070271313 ], [ 111.357273058105193, 30.695777940100015 ], [ 111.357261158276003, 30.695842496134333 ], [ 111.357259552086646, 30.695866184277122 ], [ 111.357255717377598, 30.695922716560176 ], [ 111.35728806779025, 30.696037839674602 ], [ 111.357310963630141, 30.696149044443018 ], [ 111.35733294216169, 30.696235144636262 ], [ 111.357337043969437, 30.696321970582517 ], [ 111.357362333804758, 30.696525375645649 ], [ 111.35730241737275, 30.696854237932712 ], [ 111.357283736655177, 30.69712912560874 ], [ 111.357317091610582, 30.69736284591869 ], [ 111.357450452076876, 30.697639596090596 ], [ 111.357568774979143, 30.69792948535752 ], [ 111.357785273271816, 30.698070315592645 ], [ 111.358002320150945, 30.698122381842609 ], [ 111.358244469806493, 30.698159388045326 ], [ 111.358330809219638, 30.698173361711326 ], [ 111.358726662005893, 30.698237426715991 ], [ 111.358816369380065, 30.698248152030658 ], [ 111.359303994383879, 30.698289629662838 ], [ 111.359712612147518, 30.698318050937417 ], [ 111.360062008654836, 30.698329123390408 ], [ 111.360240782186452, 30.698319424202111 ], [ 111.360240816360715, 30.698319422403529 ], [ 111.360468877236997, 30.698239909744188 ], [ 111.360661504824691, 30.698092419129978 ], [ 111.360715930895594, 30.698037405801642 ], [ 111.360859808033752, 30.697891976433539 ], [ 111.360859977106315, 30.697891805562392 ], [ 111.360860013978481, 30.697891768690226 ], [ 111.36088957469417, 30.697861495711606 ], [ 111.36108016172011, 30.697640524190888 ], [ 111.361310695732129, 30.697348342552004 ], [ 111.361479207099819, 30.69716705721396 ], [ 111.361588909100874, 30.697034120328453 ], [ 111.361731012776204, 30.696904965092074 ], [ 111.362040300419721, 30.696688986607569 ], [ 111.362277552367232, 30.696502720823958 ], [ 111.36241699314985, 30.696365843109334 ], [ 111.362575683021419, 30.696183031621786 ], [ 111.362700040374648, 30.696006975841328 ], [ 111.362875270577433, 30.695915188335391 ], [ 111.363311078443644, 30.695942945010927 ], [ 111.36376630357222, 30.696180860658274 ], [ 111.363888043898271, 30.696220872395486 ], [ 111.364079353079774, 30.696272227281497 ], [ 111.364215726274779, 30.696249253200563 ], [ 111.364274426823386, 30.696239580092538 ], [ 111.364631864169269, 30.696179753592901 ], [ 111.364673135856663, 30.696153891788811 ], [ 111.364907528859419, 30.69600698123736 ], [ 111.364927374199056, 30.69599194906931 ], [ 111.365116590658261, 30.695848599833198 ], [ 111.365257146600072, 30.695741463597642 ], [ 111.365313028673427, 30.695698874403604 ], [ 111.365281364443433, 30.695599683678495 ], [ 111.36520383478927, 30.695401251866315 ], [ 111.365411416303914, 30.695213354712678 ], [ 111.365546606890462, 30.695058103848453 ], [ 111.365696674961669, 30.694814867811942 ], [ 111.365860273332999, 30.694606135165145 ], [ 111.366092102368782, 30.694397305391419 ], [ 111.366272557632499, 30.69426623639788 ], [ 111.36664624482853, 30.694089060961403 ], [ 111.36681428764939, 30.693997060316121 ], [ 111.366990016076443, 30.693900162862292 ], [ 111.367101901631656, 30.693694174946359 ], [ 111.367115072202921, 30.69354911699827 ], [ 111.367135076722604, 30.693423790175927 ], [ 111.36716042771161, 30.693255066568042 ], [ 111.367091454207412, 30.693089317018519 ], [ 111.366940262882849, 30.692951021072815 ], [ 111.366805120859794, 30.692796760362285 ], [ 111.366780090928557, 30.692679901556289 ], [ 111.366756345229305, 30.692512331778858 ], [ 111.366628970650538, 30.692333649978082 ], [ 111.366383786682434, 30.692077227182381 ], [ 111.36617796064445, 30.691874187244082 ], [ 111.366014975610824, 30.691697977679667 ], [ 111.365996908230841, 30.691636419085512 ], [ 111.365960303125632, 30.691513709290291 ], [ 111.36595247902369, 30.691228799569615 ], [ 111.365933677796988, 30.690972106977256 ], [ 111.365928733324438, 30.690639760716522 ], [ 111.365829227836684, 30.69044750095145 ], [ 111.365911701963569, 30.690348220294311 ], [ 111.366046102046084, 30.690221566971843 ], [ 111.366176644936388, 30.690065781910334 ], [ 111.366290474825746, 30.689871164123076 ], [ 111.366310333654951, 30.689802525166499 ], [ 111.366333603613043, 30.689722111386516 ], [ 111.366318274668686, 30.689518682041637 ], [ 111.366288764315073, 30.689415980363378 ], [ 111.366176821203396, 30.689338681834727 ], [ 111.366064911366607, 30.689269774880302 ], [ 111.365901457786151, 30.689195895574244 ], [ 111.36568775818364, 30.689099952300978 ], [ 111.365534845556681, 30.68902039827293 ], [ 111.365473873320752, 30.688988674687721 ], [ 111.365431042208911, 30.688921230030758 ], [ 111.365407256939534, 30.688883775066301 ], [ 111.365287775710328, 30.688751518068273 ], [ 111.365259350838471, 30.688706434154767 ], [ 111.365257450570937, 30.688703419627302 ], [ 111.365219920962716, 30.688643889903744 ], [ 111.365174589735602, 30.688491050122025 ], [ 111.365187194633336, 30.688375536701699 ], [ 111.365190631842268, 30.688344042443646 ], [ 111.365209283781496, 30.688247776313972 ], [ 111.365234603294368, 30.688081691317052 ], [ 111.365250017674157, 30.687985157189303 ], [ 111.365250230813558, 30.687918023697819 ], [ 111.365250536583176, 30.687820027272437 ], [ 111.365158357871962, 30.687568026443387 ], [ 111.365137361400173, 30.687503051324938 ], [ 111.365050171228461, 30.687205146400572 ], [ 111.364981478312757, 30.686970438635001 ], [ 111.364977915198665, 30.686958260915162 ], [ 111.36493273955432, 30.686816876697605 ], [ 111.364928478566469, 30.686803539751622 ], [ 111.364932654118832, 30.686794595993888 ], [ 111.364932219746265, 30.68667909156693 ], [ 111.365040196847701, 30.686020098948575 ], [ 111.365170157876662, 30.685332405366296 ], [ 111.365557941945667, 30.684824017714334 ], [ 111.36383642191339, 30.683858865294496 ], [ 111.363815986618476, 30.683727924004472 ], [ 111.3637815533761, 30.683507255555469 ], [ 111.363779838368941, 30.6834962649408 ], [ 111.36371210323108, 30.683327363267381 ], [ 111.363402268799746, 30.683175490256701 ], [ 111.361106225871708, 30.682055431413119 ], [ 111.360985820139547, 30.681978313648358 ], [ 111.360964594340658, 30.681964717697667 ], [ 111.360757475976754, 30.681832062299861 ], [ 111.360569764083436, 30.681846902912355 ], [ 111.360439226589222, 30.682386628340282 ], [ 111.360424136864538, 30.682424512281386 ], [ 111.360307909382698, 30.682716336889598 ], [ 111.360247215037134, 30.682730824068358 ], [ 111.360466397806135, 30.682787139614902 ], [ 111.360356336076109, 30.682892454723174 ], [ 111.359981122730744, 30.682979410171697 ], [ 111.359838099049114, 30.682994076315538 ], [ 111.359694057334934, 30.683008843183643 ], [ 111.359219402353631, 30.683086524823239 ], [ 111.35861241662991, 30.683221849408937 ], [ 111.358180213246442, 30.682831644365024 ], [ 111.357584308968853, 30.682976478381761 ], [ 111.357465412299121, 30.683158537136876 ], [ 111.357449740713093, 30.683402007896518 ], [ 111.357444569611346, 30.683497485320686 ], [ 111.357143108767502, 30.683493349338676 ], [ 111.357133357418604, 30.683493215339695 ], [ 111.357045768847229, 30.683703473236847 ], [ 111.357047066568953, 30.684056680171693 ], [ 111.357078612987777, 30.684601082074437 ], [ 111.356842347596341, 30.6850393891566 ], [ 111.356813402016883, 30.685093088575229 ], [ 111.356762435638018, 30.685095515845489 ], [ 111.356388226835236, 30.685113346703702 ], [ 111.355979094659631, 30.68499036711188 ], [ 111.355669163101538, 30.684809838103604 ], [ 111.355497629112392, 30.684719618116048 ], [ 111.355370749160898, 30.684758147770367 ], [ 111.355227003323591, 30.684715583757225 ], [ 111.355005694557235, 30.684606406960199 ], [ 111.354778535700916, 30.684406555118471 ], [ 111.354595001158486, 30.684053844609309 ], [ 111.354490886645237, 30.683749002314585 ], [ 111.354319286106318, 30.683639688820733 ], [ 111.354199704153075, 30.6836187490062 ], [ 111.354131397945821, 30.683606788922248 ], [ 111.353977573406382, 30.683670755900835 ], [ 111.353888769850926, 30.683707683862679 ], [ 111.353640200834718, 30.683694042046454 ], [ 111.353192229637671, 30.683518653563169 ], [ 111.352927008774486, 30.683481188705969 ], [ 111.352500425254505, 30.683576401729567 ], [ 111.352419569008021, 30.683594448425083 ], [ 111.352364157280192, 30.683606816801273 ], [ 111.351867852919156, 30.68380863186303 ], [ 111.351027521902665, 30.683562702356937 ], [ 111.350956541111657, 30.683601356117833 ], [ 111.350679453693942, 30.683752239873968 ], [ 111.349054285227282, 30.684637195250502 ], [ 111.348934884037703, 30.684674162782471 ], [ 111.34888661292689, 30.684689108615487 ], [ 111.347041562917923, 30.685260348986048 ], [ 111.346247386907464, 30.685567946803303 ], [ 111.345607232388033, 30.685703296569898 ], [ 111.344658141859895, 30.685934926855566 ], [ 111.344147888114719, 30.685325317809259 ], [ 111.343824981137971, 30.685028850001459 ], [ 111.343642846840112, 30.684861629160935 ], [ 111.342686598607713, 30.684393647149193 ], [ 111.342415230878316, 30.684316262285677 ], [ 111.341757857938774, 30.684128796806647 ], [ 111.340142115266531, 30.683235687277204 ], [ 111.340161108948166, 30.683176867118846 ], [ 111.339611338992199, 30.682557761231749 ], [ 111.339558784410542, 30.682368015072029 ], [ 111.339543559787558, 30.682369338874025 ], [ 111.339449895396456, 30.681437176284817 ], [ 111.339478078350737, 30.681363118912998 ], [ 111.339498821213624, 30.681288324996331 ], [ 111.337113231890214, 30.680937592995576 ], [ 111.33682630858732, 30.680371767443091 ], [ 111.336306398821421, 30.680144717404971 ], [ 111.336280913833264, 30.680072392127272 ], [ 111.336160289565896, 30.679730073284304 ], [ 111.335389657806616, 30.679335894136329 ], [ 111.335110101749876, 30.679167498781055 ], [ 111.335133810576963, 30.679137777086794 ], [ 111.334091624029213, 30.678510188794178 ], [ 111.333477291743748, 30.678976031318939 ], [ 111.333260903168252, 30.679001883230455 ], [ 111.33304446962677, 30.679175225756239 ], [ 111.333249978204037, 30.679358464421739 ], [ 111.333176172642368, 30.67941545266109 ], [ 111.333074333413947, 30.679348891138545 ], [ 111.332939311899793, 30.679429902068421 ], [ 111.332815874553035, 30.679345733618788 ], [ 111.332775878104428, 30.679345241689646 ], [ 111.332889271822637, 30.67971595302896 ], [ 111.333173778647165, 30.680290334731353 ], [ 111.333431447003818, 30.680633891940715 ], [ 111.333538808069648, 30.680870086285495 ], [ 111.333431447003818, 30.681825601570324 ], [ 111.333656905242037, 30.682056427861937 ], [ 111.333952149072502, 30.68215842177392 ], [ 111.334295705382658, 30.682190630093658 ], [ 111.335077797202757, 30.682037089740049 ], [ 111.335618742111365, 30.682951244304547 ], [ 111.335138506836699, 30.683068761414177 ], [ 111.33522377515709, 30.683138442685106 ], [ 111.335274136292469, 30.683329239253169 ], [ 111.335269913975367, 30.683706326785739 ], [ 111.33508826261334, 30.683878626997171 ], [ 111.334724198163315, 30.684003666935723 ], [ 111.334591836843856, 30.684056511099243 ], [ 111.33363963825883, 30.684426896883906 ], [ 111.333635780167185, 30.684420628609303 ], [ 111.333320155900594, 30.6846164685752 ], [ 111.33328054076452, 30.684631643735543 ], [ 111.333597878239573, 30.685501505789944 ], [ 111.333679491715372, 30.685465975374541 ], [ 111.333781743732516, 30.685409150811665 ], [ 111.333900059440339, 30.685366365565415 ], [ 111.334159265637652, 30.685421546167561 ], [ 111.334236414878774, 30.685612989348158 ], [ 111.334449353654918, 30.685704322696495 ], [ 111.334682761899955, 30.685734920330447 ], [ 111.334791651813418, 30.685797287414914 ], [ 111.33488548617629, 30.685911450053538 ], [ 111.334924756872113, 30.685959231033792 ], [ 111.335268938211016, 30.68578764668257 ], [ 111.335601226015967, 30.686054084328589 ], [ 111.33533725521022, 30.686379337636424 ], [ 111.335293996920427, 30.686646743852179 ], [ 111.33558150927928, 30.686741464946806 ], [ 111.335694324733481, 30.686793590551758 ], [ 111.336156801095569, 30.687007273966572 ], [ 111.336250577002602, 30.686967952908844 ], [ 111.336752401402237, 30.68675753133499 ], [ 111.337186627361064, 30.686789509428422 ], [ 111.33725069686227, 30.686794228171152 ], [ 111.337540807362473, 30.686870761376724 ], [ 111.3377945169035, 30.686949388203686 ], [ 111.337822528986635, 30.687063870101611 ], [ 111.337817420837382, 30.687183211935803 ], [ 111.337864508440362, 30.687375817040504 ], [ 111.337851853180553, 30.687555426941458 ], [ 111.337935359729101, 30.687746132678001 ], [ 111.33804099229809, 30.687946328959981 ], [ 111.338168532351972, 30.688093965264386 ], [ 111.338417482680768, 30.6881986463506 ], [ 111.338525273622679, 30.68835669410629 ], [ 111.338368574849937, 30.688593136664053 ], [ 111.337876347115809, 30.688892280854191 ], [ 111.337985219042764, 30.689026373368563 ], [ 111.337988351381398, 30.689030230560775 ], [ 111.338074664714043, 30.689136275918543 ], [ 111.338330314992106, 30.689450357847875 ], [ 111.33838556124482, 30.689518230581996 ], [ 111.338824305397452, 30.690057251840756 ], [ 111.338893045977443, 30.690144574212809 ], [ 111.338937224273479, 30.690200693707141 ], [ 111.338948581811678, 30.690215234845368 ], [ 111.339033112688014, 30.690323447569142 ], [ 111.339033158553548, 30.690323507823678 ], [ 111.339130968819234, 30.690456538238834 ], [ 111.339248646907663, 30.69061455271958 ], [ 111.339248679283173, 30.690614594088288 ], [ 111.339352168767732, 30.690750617447065 ], [ 111.339391672387819, 30.690805610090933 ], [ 111.339391429570867, 30.690815848872489 ], [ 111.339389496927822, 30.690822391440406 ], [ 111.339385259322398, 30.690830645417975 ], [ 111.339378054853341, 30.690841178277935 ], [ 111.339368561610002, 30.690855724812025 ], [ 111.339190959895006, 30.690964423169703 ], [ 111.339139480003155, 30.690996786172832 ], [ 111.339066376811957, 30.691042743328069 ], [ 111.339050685440895, 30.691024151643433 ], [ 111.338768281231353, 30.691194099228312 ], [ 111.338737179077611, 30.691155496728811 ], [ 111.338661645018988, 30.691204071810546 ], [ 111.338525972395757, 30.691230719622183 ], [ 111.338525702599156, 30.691230772682104 ], [ 111.338525548815142, 30.691230803259089 ], [ 111.338516827189949, 30.691232479595328 ], [ 111.33842230934215, 30.691251156715623 ], [ 111.338377041067702, 30.6912609116618 ], [ 111.338333164044457, 30.691277231659058 ], [ 111.338328871580302, 30.691278407972334 ], [ 111.338321262416514, 30.691279318985437 ], [ 111.33831398060579, 30.691279371146209 ], [ 111.338262364016941, 30.691270876150043 ], [ 111.338253708042316, 30.691268669213741 ], [ 111.33822737859083, 30.691261955774678 ], [ 111.338221061752733, 30.691259426881118 ], [ 111.338214744914637, 30.691256897987614 ], [ 111.338173160263182, 30.691205135708515 ], [ 111.338127362287992, 30.691148357910379 ], [ 111.338026743439457, 30.691026211090787 ], [ 111.33781289005293, 30.690762361693714 ], [ 111.337760997372186, 30.690656721030905 ], [ 111.337633614699598, 30.690404620376967 ], [ 111.337633190219606, 30.690396666772813 ], [ 111.337632765739613, 30.690388714067979 ], [ 111.33756019584655, 30.69030166059315 ], [ 111.337533288130885, 30.690277843847412 ], [ 111.337521340637352, 30.690278357360398 ], [ 111.337509394942799, 30.690278869074632 ], [ 111.337489527120056, 30.690254489353265 ], [ 111.337483134739045, 30.690247126603765 ], [ 111.337476740559282, 30.690239765652791 ], [ 111.337455049810842, 30.690213184390984 ], [ 111.337459810821656, 30.690207143644955 ], [ 111.337464570034058, 30.69020110469728 ], [ 111.337076330908019, 30.689746494704991 ], [ 111.336564897252288, 30.689606364142549 ], [ 111.336572694374524, 30.689450522423783 ], [ 111.336296213099843, 30.689331108643785 ], [ 111.336263431911902, 30.689304414966841 ], [ 111.336223071237839, 30.689286073293772 ], [ 111.336081722093866, 30.689216106038486 ], [ 111.336079094274851, 30.689219236578595 ], [ 111.336076463757877, 30.689222368018022 ], [ 111.336044616965694, 30.689202590127593 ], [ 111.336066482182503, 30.689125678307562 ], [ 111.335404037966043, 30.688843986361007 ], [ 111.335395406272994, 30.688842537553171 ], [ 111.335386773680739, 30.688841087845958 ], [ 111.335336648167981, 30.68882934270016 ], [ 111.335230673856699, 30.688805606893425 ], [ 111.335192556091727, 30.688923942386111 ], [ 111.335014621627579, 30.68889623787112 ], [ 111.334773062826741, 30.688996619298564 ], [ 111.334746139822641, 30.689197159121704 ], [ 111.334863107446495, 30.68948324605509 ], [ 111.33494692336194, 30.689764643023921 ], [ 111.334909122158365, 30.68982136506412 ], [ 111.334907883791971, 30.689823221264817 ], [ 111.334962946582891, 30.690095246398641 ], [ 111.335046008866357, 30.690082685567518 ], [ 111.335055059643366, 30.690157806837419 ], [ 111.335058372745891, 30.690157324800794 ], [ 111.335061685848189, 30.690156841864791 ], [ 111.33506462213478, 30.690179934656442 ], [ 111.33501128874002, 30.690345522328016 ], [ 111.335004202082359, 30.690382944917133 ], [ 111.334992394883216, 30.690481837067239 ], [ 111.334996511979568, 30.69054975386814 ], [ 111.335014860847252, 30.690593513979593 ], [ 111.334985192212969, 30.690711495139567 ], [ 111.334914586439083, 30.690861380648357 ], [ 111.334913832807274, 30.690868806350352 ], [ 111.334913078276088, 30.690876232052574 ], [ 111.334907536653645, 30.690894758985962 ], [ 111.334896984008651, 30.690915240146182 ], [ 111.334892447828338, 30.690919486745031 ], [ 111.334887909849272, 30.690923735142349 ], [ 111.334874171805666, 30.69093304312554 ], [ 111.334746731576445, 30.691018738623882 ], [ 111.334735729270562, 30.691025952086079 ], [ 111.334724724266721, 30.691033166447653 ], [ 111.334696228348378, 30.691054337387811 ], [ 111.334659421795038, 30.691077977866371 ], [ 111.334625270040362, 30.691101933107916 ], [ 111.334615711146228, 30.691110125931743 ], [ 111.334606148654984, 30.6911183187554 ], [ 111.334585985854687, 30.691139262167383 ], [ 111.334502797666062, 30.691092108913836 ], [ 111.334493236973401, 30.691086689599217 ], [ 111.334445854392868, 30.691059986029586 ], [ 111.334356605672951, 30.691056726886586 ], [ 111.334237142430311, 30.690990160867386 ], [ 111.334200147019317, 30.691037716117762 ], [ 111.333495750328609, 30.690918009158963 ], [ 111.333137920878471, 30.690593513080216 ], [ 111.333105113610088, 30.690581759840427 ], [ 111.333105288078741, 30.690578390980022 ], [ 111.333105459849207, 30.690575022119674 ], [ 111.333091823429072, 30.690569402256301 ], [ 111.333058955006948, 30.690555854868933 ], [ 111.333063008251429, 30.69055016395896 ], [ 111.333064008297526, 30.690548758318585 ], [ 111.333056554716336, 30.690539528576437 ], [ 111.332887772652782, 30.690330629554978 ], [ 111.332657833991959, 30.690155334601116 ], [ 111.332330379143855, 30.689880895686883 ], [ 111.332326959921431, 30.689878031346097 ], [ 111.332323539799631, 30.68987516430758 ], [ 111.332307684752038, 30.689856649065291 ], [ 111.332298134851101, 30.689845496572502 ], [ 111.332212096711089, 30.689739749789794 ], [ 111.332147023566336, 30.689658209159177 ], [ 111.332021217405327, 30.689504829784198 ], [ 111.331920653415466, 30.689360579427273 ], [ 111.331753882236001, 30.689128054316313 ], [ 111.331612693171337, 30.689151829693344 ], [ 111.332278907345824, 30.689973967424748 ], [ 111.333021839986031, 30.69079070202929 ], [ 111.333100961440323, 30.690811021311731 ], [ 111.333177428095894, 30.690862392385554 ], [ 111.333518058911352, 30.691091233873522 ], [ 111.333668365302856, 30.691296293689049 ], [ 111.333893824440622, 30.69251377069412 ], [ 111.333129571572499, 30.692542430288995 ], [ 111.333034934115005, 30.692545979013858 ], [ 111.332056540077417, 30.691730050201727 ], [ 111.332070518240016, 30.69171756131658 ], [ 111.33192799098407, 30.691571052761958 ], [ 111.331805397201492, 30.691445035260301 ], [ 111.330370513588491, 30.691161601326883 ], [ 111.32979356072434, 30.691477644677661 ], [ 111.329717048203406, 30.691474467372871 ], [ 111.329083143972071, 30.691565263825908 ], [ 111.328748751753608, 30.690936409288042 ], [ 111.328602366406187, 30.690528618001395 ], [ 111.328523294414595, 30.690308346153358 ], [ 111.328449186680757, 30.690311045018859 ], [ 111.326720722983112, 30.690373984971473 ], [ 111.326753156133293, 30.690332959698367 ], [ 111.325808308606668, 30.690376702722631 ], [ 111.325784665430035, 30.690464716673432 ], [ 111.325726690634383, 30.690561837159123 ], [ 111.325628760758832, 30.690737531412083 ], [ 111.325574807731357, 30.690952065585407 ], [ 111.325602646245216, 30.69102050039595 ], [ 111.325711409354142, 30.691153206155604 ], [ 111.32603602594196, 30.691437637437161 ], [ 111.326167408798938, 30.691580615253372 ], [ 111.326173911796729, 30.691592572639252 ], [ 111.326185290918545, 30.691600074783707 ], [ 111.326224040007446, 30.691642244893785 ], [ 111.326400291840116, 30.691752456810548 ], [ 111.326473556010001, 30.691778634276602 ], [ 111.326963441010093, 30.691953654037945 ], [ 111.327158120850697, 30.692042998985244 ], [ 111.327251973200077, 30.692083647442473 ], [ 111.327313597444629, 30.692134406078139 ], [ 111.327443268891898, 30.692322662061372 ], [ 111.327480263403515, 30.692449354953851 ], [ 111.327498196784518, 30.692484097563181 ], [ 111.32751902598244, 30.692524450143253 ], [ 111.327515248829798, 30.692519234974895 ], [ 111.326962147785025, 30.692646246227412 ], [ 111.326940821261871, 30.69267426910227 ], [ 111.326788045332023, 30.692875006776262 ], [ 111.326506330003269, 30.693031799977575 ], [ 111.327338902568499, 30.694203997916304 ], [ 111.327336353889677, 30.694215699894698 ], [ 111.327363695977965, 30.694320025748652 ], [ 111.32746628434171, 30.694423293999989 ], [ 111.32752540937031, 30.694496684074807 ], [ 111.327622719612862, 30.694596244421291 ], [ 111.327670381882683, 30.694630042742403 ], [ 111.32780492495732, 30.694734285858772 ], [ 111.327903657927607, 30.694809452994036 ], [ 111.32798010389871, 30.694872830017118 ], [ 111.328029839105966, 30.6949122383092 ], [ 111.328187616165678, 30.69503725756357 ], [ 111.328217758742653, 30.695066641112646 ], [ 111.328237890965966, 30.695086265219061 ], [ 111.32826012580432, 30.695103232728059 ], [ 111.328364332947672, 30.695179944898541 ], [ 111.328426717119441, 30.69530653886568 ], [ 111.328515847128756, 30.695587408831898 ], [ 111.3285644923576, 30.695770125890647 ], [ 111.328587622920509, 30.695939361212595 ], [ 111.328608569030393, 30.696096622061532 ], [ 111.328617403070723, 30.696244955340546 ], [ 111.328630839841367, 30.69636195534008 ], [ 111.328623826928094, 30.696479405000559 ], [ 111.328610043019182, 30.696625713905632 ], [ 111.328602214420755, 30.696693996730744 ], [ 111.328578475916117, 30.69675614168267 ], [ 111.328552267872908, 30.696789852769598 ], [ 111.328509109408003, 30.696845367020217 ], [ 111.328370280164449, 30.697049285596108 ], [ 111.328273747835283, 30.697150999818916 ], [ 111.328166676351145, 30.697304026659538 ], [ 111.328090876093199, 30.697388016144032 ], [ 111.328087670909326, 30.697391569365607 ], [ 111.328045897400386, 30.69748642625774 ], [ 111.328058153361269, 30.697557900776644 ], [ 111.328143085335284, 30.697694613915417 ], [ 111.328155119163398, 30.697713986211511 ], [ 111.328235377360841, 30.69787766732054 ], [ 111.328331711839212, 30.698038593806189 ], [ 111.328415930650863, 30.698138611907552 ], [ 111.32856096971301, 30.698256736059591 ], [ 111.328705843300099, 30.698370023657787 ], [ 111.328812656678849, 30.698446980443975 ], [ 111.328898815328159, 30.698509051651513 ], [ 111.329088776426033, 30.698650515908696 ], [ 111.329194601449785, 30.698703511158158 ], [ 111.329319436342985, 30.698766026630949 ], [ 111.329326115607785, 30.698772017914337 ], [ 111.329329464683099, 30.69877105024392 ], [ 111.329464162441298, 30.698838502994704 ], [ 111.32960135401936, 30.698843441172016 ], [ 111.329759360406172, 30.698792527852959 ] ], [ [ 111.329864772641201, 30.694314098317136 ], [ 111.329665127643636, 30.694075948846148 ], [ 111.329557000355351, 30.694093535987975 ], [ 111.329367039257647, 30.694124434894889 ], [ 111.329013942939241, 30.694239883563853 ], [ 111.328627221868771, 30.694212224914224 ], [ 111.328505002204167, 30.694002517402282 ], [ 111.328498402079617, 30.693835658089256 ], [ 111.328492920711767, 30.693697067165942 ], [ 111.328436785929057, 30.693429913659713 ], [ 111.328281135765906, 30.693134373952319 ], [ 111.328192850219921, 30.69311217508681 ], [ 111.328093188250023, 30.693087118176152 ], [ 111.327993959753485, 30.693028917650508 ], [ 111.327970196967101, 30.692648300278961 ], [ 111.32742674384923, 30.692000524904415 ], [ 111.327116134202413, 30.691609913366847 ], [ 111.326827071412367, 30.691056956213686 ], [ 111.326648342846909, 30.690465538653825 ], [ 111.328472551966854, 30.690385890196751 ], [ 111.328492986362335, 30.690451344653866 ], [ 111.32852655805425, 30.690538900849788 ], [ 111.32872701873697, 30.691061712728015 ], [ 111.329029662189328, 30.69157292515041 ], [ 111.32908252883567, 30.691662226930248 ], [ 111.329468246262536, 30.692146984895601 ], [ 111.329537362759254, 30.692233847714022 ], [ 111.329777497933208, 30.692462457176759 ], [ 111.3298542685597, 30.692535543280883 ], [ 111.329947400552157, 30.692624203844048 ], [ 111.330269056571808, 30.692894910571852 ], [ 111.330490225943151, 30.693081045953591 ], [ 111.331176589428139, 30.693518424935519 ], [ 111.331798461629887, 30.69378045410474 ], [ 111.331906407254962, 30.693691512053704 ], [ 111.33228728812793, 30.693860357069866 ], [ 111.332862608722451, 30.694115396708355 ], [ 111.33334388900937, 30.693256792367094 ], [ 111.334598154581329, 30.69334628210521 ], [ 111.334608402356025, 30.693331345265563 ], [ 111.335531298330807, 30.693677355825287 ], [ 111.337383908041033, 30.691017510150061 ], [ 111.338630785682369, 30.692295534011691 ], [ 111.337810273925186, 30.694326410935219 ], [ 111.336033927623816, 30.695341312051994 ], [ 111.334979289062971, 30.695048117776537 ], [ 111.333475732319357, 30.69665477729626 ], [ 111.330866843130366, 30.695523280874738 ], [ 111.330863178393088, 30.695552570894563 ], [ 111.330859224074061, 30.695571432375857 ], [ 111.330859131443788, 30.69557187664094 ], [ 111.330852880256316, 30.695601694562583 ], [ 111.330816698731724, 30.69577427806064 ], [ 111.330787087654016, 30.695915521983864 ], [ 111.330854717571356, 30.696081966709585 ], [ 111.330876209569567, 30.696134857637674 ], [ 111.331087300238778, 30.696487531274613 ], [ 111.331209822075721, 30.696783151921011 ], [ 111.330934371424291, 30.696993871170321 ], [ 111.330471484071836, 30.697310073700976 ], [ 111.330030716444469, 30.697635764978656 ], [ 111.329654834003577, 30.69755080332709 ], [ 111.329642816362991, 30.697264446597103 ], [ 111.32973008657433, 30.696939653742106 ], [ 111.32979516691347, 30.696586278633902 ], [ 111.329855756038455, 30.696360786221419 ], [ 111.329882438024185, 30.696261484879699 ], [ 111.329848617220023, 30.69606109974012 ], [ 111.329825777138069, 30.695841594114313 ], [ 111.329769506557682, 30.695536257192543 ], [ 111.329779711164804, 30.6952880299188 ], [ 111.329816752441332, 30.695152902284747 ], [ 111.329845179111771, 30.695049207754778 ], [ 111.329844108019188, 30.694734185134507 ], [ 111.32984339485688, 30.694524170054535 ], [ 111.329864772641201, 30.694314098317136 ] ], [ [ 111.345518320913925, 30.69154509293179 ], [ 111.345794882228233, 30.691061909679433 ], [ 111.347685710427299, 30.69159942907055 ], [ 111.349684215354387, 30.692167514619143 ], [ 111.349708308191964, 30.692174362956678 ], [ 111.350145134990157, 30.692298534150154 ], [ 111.352600941580249, 30.692996556445962 ], [ 111.352570131706329, 30.693056197685451 ], [ 111.352616129331011, 30.693080824720425 ], [ 111.352694353261825, 30.693122706148017 ], [ 111.353694643093434, 30.69365826591627 ], [ 111.353764979970038, 30.694135054988863 ], [ 111.353485779145444, 30.695133736832588 ], [ 111.353081032963416, 30.695226046844653 ], [ 111.353029721244809, 30.695237749722423 ], [ 111.352261588701481, 30.695412937657011 ], [ 111.352170645658873, 30.695376560979696 ], [ 111.351912400836738, 30.695339668990641 ], [ 111.351357090157649, 30.695260337994284 ], [ 111.351221222381639, 30.695240927926591 ], [ 111.34984602317553, 30.69504447102554 ], [ 111.348785629853069, 30.694636973817296 ], [ 111.348640965808045, 30.694581381325804 ], [ 111.345281105838467, 30.693290225563601 ], [ 111.344630425653691, 30.693096320039274 ], [ 111.344932055570098, 30.692569350595193 ], [ 111.345208118659855, 30.692087051376461 ], [ 111.345274333044017, 30.691971367984365 ], [ 111.345518320913925, 30.69154509293179 ] ] ] ] } },
{ "type": "Feature", "properties": { "SQMC": "车站村", "SSJD": "生物产业园" }, "geometry": { "type": "Polygon", "coordinates": [ [ [ 111.445474622655695, 30.682220682738489 ], [ 111.445579104991737, 30.681996202962523 ], [ 111.445643277015677, 30.682030575950364 ], [ 111.44566917299403, 30.68198045043755 ], [ 111.445642184339533, 30.681964499162405 ], [ 111.445619334364835, 30.68195233942896 ], [ 111.445580769636877, 30.681931816000656 ], [ 111.445427204102373, 30.681844088034268 ], [ 111.445269922568968, 30.681755571362544 ], [ 111.445186130036063, 30.681701300874352 ], [ 111.445076288639996, 30.681634285194264 ], [ 111.444957151851213, 30.681564092209157 ], [ 111.444845430872078, 30.681492265156066 ], [ 111.444755112858218, 30.681431598689358 ], [ 111.444680625610545, 30.681382111695086 ], [ 111.444602442149062, 30.6813358460725 ], [ 111.44448330266232, 30.681265652188188 ], [ 111.444356729379649, 30.681193075100396 ], [ 111.444259917361308, 30.681133233312153 ], [ 111.444151942957831, 30.681067812129868 ], [ 111.444023497286707, 30.680992031656956 ], [ 111.443925738282246, 30.680928183389142 ], [ 111.443841020347008, 30.680873914699532 ], [ 111.443742362020487, 30.68081648759096 ], [ 111.443610224632209, 30.680744729785545 ], [ 111.443448264825747, 30.680647400657165 ], [ 111.443310498580729, 30.680562826613198 ], [ 111.443129921908564, 30.680453528407668 ], [ 111.443020980733706, 30.680380087071455 ], [ 111.442878581181674, 30.680297133605848 ], [ 111.442739903024176, 30.680215771040992 ], [ 111.442650528399327, 30.680158309758326 ], [ 111.442542555794432, 30.680092888576098 ], [ 111.442402950435849, 30.680011528709144 ], [ 111.442254943610919, 30.679920570378158 ], [ 111.442127423342072, 30.679843181018157 ], [ 111.442016680825247, 30.679780977610221 ], [ 111.441918931713474, 30.679718731934088 ], [ 111.441795142731792, 30.679645340060517 ], [ 111.441672268360662, 30.679568735808687 ], [ 111.441595887140522, 30.679510428263768 ], [ 111.441426483645387, 30.679408309346172 ], [ 111.441313833666641, 30.679334878801683 ], [ 111.441158410132687, 30.679244746048312 ], [ 111.441040207739547, 30.679175347164517 ], [ 111.440891249431672, 30.679077972170774 ], [ 111.440747900195504, 30.678989402439129 ], [ 111.440624115710477, 30.678916811861484 ], [ 111.44057850209623, 30.678888083918082 ], [ 111.440517968729466, 30.678844163727263 ], [ 111.440490978276216, 30.678828207955405 ], [ 111.440359733015327, 30.678747620606373 ], [ 111.440200556610478, 30.678648675396119 ], [ 111.440103741894234, 30.678587223821467 ], [ 111.439976199142393, 30.678504217295881 ], [ 111.439924995342267, 30.678470694167231 ], [ 111.439900769405142, 30.678449916230704 ], [ 111.439857019186206, 30.678422786382669 ], [ 111.439798392381988, 30.678390089730897 ], [ 111.439696921875509, 30.678325445563019 ], [ 111.439605690150586, 30.678266384386234 ], [ 111.439538646591416, 30.678220077394769 ], [ 111.439460438848187, 30.678167389713337 ], [ 111.439329151319441, 30.678077174222267 ], [ 111.439208114263181, 30.67799574780571 ], [ 111.439146615923562, 30.677943004366227 ], [ 111.439117712612358, 30.677915019262741 ], [ 111.439082335981141, 30.67789187431066 ], [ 111.439033027952007, 30.677867169034812 ], [ 111.43899023011511, 30.677844847861422 ], [ 111.43891571858569, 30.67778893880859 ], [ 111.438805878988205, 30.677720313341865 ], [ 111.438725782668769, 30.67766041039971 ], [ 111.438692236157749, 30.677631640188224 ], [ 111.438676575363672, 30.677616220412403 ], [ 111.438667064133824, 30.677606854872579 ], [ 111.438629808818746, 30.677578899446701 ], [ 111.438498536578379, 30.6774918909382 ], [ 111.43837469183876, 30.677404858147781 ], [ 111.438340200140203, 30.677372079657857 ], [ 111.438318720732411, 30.677343269876076 ], [ 111.438294467815581, 30.677316874774135 ], [ 111.438259083989578, 30.677292123632753 ], [ 111.438200407722718, 30.677250523692749 ], [ 111.438140824039863, 30.677208280737659 ], [ 111.438064707220519, 30.67715664436372 ], [ 111.438035296691737, 30.677116551687675 ], [ 111.438004041653357, 30.67704553222552 ], [ 111.43790469534548, 30.676837001026854 ], [ 111.437789351897266, 30.676644838388654 ], [ 111.437649225831308, 30.676446072928059 ], [ 111.437551096306208, 30.676297978868718 ], [ 111.437390868593866, 30.676100616350425 ], [ 111.437211997036115, 30.675885934688267 ], [ 111.4370717738434, 30.675665105260464 ], [ 111.436888090912646, 30.675411661019382 ], [ 111.436649641068072, 30.675020005369106 ], [ 111.436520300571544, 30.674810505600419 ], [ 111.436389422234242, 30.67460234762035 ], [ 111.436281858820735, 30.674419518146294 ], [ 111.436180498931037, 30.674239339873793 ], [ 111.43611034461685, 30.674119230018619 ], [ 111.436026043067443, 30.673948356131802 ], [ 111.435963649902703, 30.673833569363808 ], [ 111.435859340236561, 30.673685495089558 ], [ 111.43573777977474, 30.673485326686659 ], [ 111.435650389953707, 30.673315799984266 ], [ 111.435567714378692, 30.673162303697495 ], [ 111.435488143263285, 30.673011471202528 ], [ 111.435390076690851, 30.672875407374249 ], [ 111.435276319646505, 30.67268992310153 ], [ 111.435162513139574, 30.672493742292488 ], [ 111.435069034908167, 30.672345628448113 ], [ 111.434978629660066, 30.672193493734937 ], [ 111.434933394660504, 30.672109404425555 ], [ 111.434819392101303, 30.671869096581702 ], [ 111.434652533687654, 30.671570129557949 ], [ 111.434577602174727, 30.671417943583322 ], [ 111.434474479613584, 30.671188296302944 ], [ 111.434456947330375, 30.67114580513487 ], [ 111.434421307197567, 30.671059435144969 ], [ 111.434397809711129, 30.670993325981271 ], [ 111.434341148825013, 30.67077555874522 ], [ 111.434242644282733, 30.670540547008727 ], [ 111.434198661139362, 30.670390932195744 ], [ 111.434137510837502, 30.670206606249963 ], [ 111.434088722616536, 30.670019567948884 ], [ 111.433985636927787, 30.669797942621017 ], [ 111.433908861804639, 30.669578904642833 ], [ 111.43381643937721, 30.669319801867516 ], [ 111.433744022368842, 30.66903656578495 ], [ 111.433665618573571, 30.668799482010627 ], [ 111.433593510032551, 30.66858577611265 ], [ 111.433514843635237, 30.668289186896573 ], [ 111.433494809438002, 30.668188515887437 ], [ 111.433465039180305, 30.668038928054273 ], [ 111.433451552946849, 30.667971155144869 ], [ 111.433369593232271, 30.6676291150917 ], [ 111.433284754787735, 30.667335222042936 ], [ 111.433274042063488, 30.667202551356752 ], [ 111.433265109097647, 30.667091923053988 ], [ 111.433311780314398, 30.666734152059632 ], [ 111.433306114585548, 30.666683328672718 ], [ 111.433299200597787, 30.666621287142789 ], [ 111.433291613916992, 30.666590736273577 ], [ 111.433268261221372, 30.666584925753853 ], [ 111.433293500694674, 30.665131163572482 ], [ 111.433285680190068, 30.664528901987296 ], [ 111.433307686600585, 30.664458245851449 ], [ 111.43335559888186, 30.664371103343854 ], [ 111.433451519671905, 30.664218849920076 ], [ 111.433484811674873, 30.664163071268888 ], [ 111.433511320091498, 30.664089915017712 ], [ 111.433544856709943, 30.664035783924476 ], [ 111.433591242841658, 30.663960911766765 ], [ 111.433663319007167, 30.663877167797125 ], [ 111.433691254647783, 30.663823722886605 ], [ 111.433821943228281, 30.663645839683852 ], [ 111.433926055942834, 30.663527191226933 ], [ 111.434003361665873, 30.663412116676 ], [ 111.434023305930964, 30.663371458326253 ], [ 111.434041929091791, 30.663335444075642 ], [ 111.434062451620889, 30.66330900580607 ], [ 111.434161986786421, 30.663180790361253 ], [ 111.434231123967379, 30.663040225426073 ], [ 111.434280505740901, 30.662982069866814 ], [ 111.434329720240555, 30.662886803783067 ], [ 111.434392304961079, 30.66278105340308 ], [ 111.434493708018408, 30.662655458582663 ], [ 111.434541477307391, 30.662538153713001 ], [ 111.434614659638839, 30.662401061060223 ], [ 111.434663828273187, 30.662295354747016 ], [ 111.43469540526894, 30.662156075842347 ], [ 111.434720534125461, 30.662074805907707 ], [ 111.434735175088406, 30.662049240879924 ], [ 111.434745764605395, 30.662016732186601 ], [ 111.434744080175165, 30.661940191786471 ], [ 111.434735772238241, 30.661882229581295 ], [ 111.434738999005731, 30.661703610733241 ], [ 111.434737317273459, 30.661627071232431 ], [ 111.434729075886196, 30.661584185262086 ], [ 111.434706040651292, 30.661533232372904 ], [ 111.434693821562803, 30.661500799222495 ], [ 111.434693646195001, 30.66146136485014 ], [ 111.434675866598013, 30.661386039434205 ], [ 111.434639308257658, 30.6613107733736 ], [ 111.434557058061841, 30.661218264611364 ], [ 111.434468063850204, 30.661117660152001 ], [ 111.434363607594435, 30.661009567037979 ], [ 111.434268717427415, 30.660940295858097 ], [ 111.434139533412861, 30.660852583180258 ], [ 111.434051991606168, 30.660777487990799 ], [ 111.433998031384078, 30.660710400364849 ], [ 111.433957545704232, 30.660657184781257 ], [ 111.433882107873103, 30.660587848850128 ], [ 111.433801370337164, 30.660533607140337 ], [ 111.433715184708035, 30.660460825906512 ], [ 111.433667954112991, 30.660399516424604 ], [ 111.433588504406089, 30.660332510636977 ], [ 111.433530598858169, 30.660283992212499 ], [ 111.433379754671932, 30.660152279304384 ], [ 111.433249075984179, 30.660029774554573 ], [ 111.433165394067828, 30.659916394326331 ], [ 111.433026677239411, 30.659796235907663 ], [ 111.43287454972085, 30.659677282580674 ], [ 111.432801747802557, 30.659597500124619 ], [ 111.43267650461712, 30.659490057220466 ], [ 111.432415335199664, 30.659286797847585 ], [ 111.432291414017527, 30.659174709945034 ], [ 111.432171608133388, 30.659083485414556 ], [ 111.431988673438639, 30.658975071242708 ], [ 111.431910605989742, 30.658917340163214 ], [ 111.431766584060654, 30.658809956614391 ], [ 111.431702054106609, 30.658780014586171 ], [ 111.431560781404983, 30.658687700077451 ], [ 111.431443731942807, 30.658612701115374 ], [ 111.431306473814914, 30.658518051966553 ], [ 111.43113146574467, 30.658381776797626 ], [ 111.430956609659859, 30.658279132676 ], [ 111.430832885429311, 30.658211115150891 ], [ 111.430726581067063, 30.658138398668257 ], [ 111.430586669939032, 30.658050716567402 ], [ 111.430476452626237, 30.658003530038911 ], [ 111.430366319849895, 30.657974898322891 ], [ 111.430311230079326, 30.657955365048167 ], [ 111.430233204898684, 30.657906911374937 ], [ 111.430100146604502, 30.65785167861219 ], [ 111.429961713962086, 30.657794147182301 ], [ 111.429866135813654, 30.657720234601186 ], [ 111.429770558564428, 30.657646324718144 ], [ 111.429625301866224, 30.65756213918155 ], [ 111.429442368071022, 30.657452562186108 ], [ 111.429328082225311, 30.657394948917783 ], [ 111.429267665770226, 30.657384711035775 ], [ 111.429184332790726, 30.657349030433465 ], [ 111.429024403653443, 30.657284610196712 ], [ 111.428887421617219, 30.657251426112396 ], [ 111.428767856751335, 30.65721354576857 ], [ 111.42871684360756, 30.657205595761695 ], [ 111.428652328042574, 30.65717797308514 ], [ 111.428507065049132, 30.657092625624273 ], [ 111.428382042197484, 30.6570338882035 ], [ 111.428334906031239, 30.656992290961568 ], [ 111.428319673314263, 30.656978050196926 ], [ 111.428276141630761, 30.656937360370989 ], [ 111.42827285011208, 30.656934281991653 ], [ 111.428244650970043, 30.656907922862388 ], [ 111.428146394640578, 30.656834018375434 ], [ 111.428066927846544, 30.656762372085836 ], [ 111.427977975003557, 30.656668721184531 ], [ 111.427893046626878, 30.656575056793486 ], [ 111.427773208367057, 30.656474548561675 ], [ 111.427668116290647, 30.656371670616238 ], [ 111.427628947218238, 30.656311491582187 ], [ 111.427564157360109, 30.656221239218951 ], [ 111.427426738253473, 30.65608831492392 ], [ 111.427324329754185, 30.655985428884492 ], [ 111.427255573885816, 30.655907947793594 ], [ 111.427131487228394, 30.655756421022204 ], [ 111.427026261153117, 30.65562223138096 ], [ 111.426937018728609, 30.65546247221539 ], [ 111.426828866259257, 30.655272619935545 ], [ 111.426782462140977, 30.655192591065259 ], [ 111.426774173089768, 30.655178296341433 ], [ 111.426731540728156, 30.655104768670242 ], [ 111.426657281008886, 30.654995991172086 ], [ 111.426607356943975, 30.654930046584525 ], [ 111.426588417221865, 30.654894154641624 ], [ 111.426580216304046, 30.654859387750719 ], [ 111.426579874561753, 30.654781682728583 ], [ 111.426544559983654, 30.654682056731701 ], [ 111.426514798719097, 30.654625323899552 ], [ 111.426471565610427, 30.654555878251244 ], [ 111.426371838889338, 30.654451822193948 ], [ 111.426254671615936, 30.654347823693286 ], [ 111.426177979230545, 30.654295885147008 ], [ 111.426148228757881, 30.654241470767374 ], [ 111.426127851918977, 30.654183548132323 ], [ 111.42605903129936, 30.654090990806765 ], [ 111.425956656974165, 30.653995061922728 ], [ 111.425867836331577, 30.653930403365507 ], [ 111.4257736629242, 30.653869242271867 ], [ 111.42572517687546, 30.653825329275605 ], [ 111.425692797684576, 30.653783682571031 ], [ 111.425641568703497, 30.653725859760698 ], [ 111.425595756339135, 30.653679615721842 ], [ 111.425514989125588, 30.653616093008338 ], [ 111.425426234133397, 30.653566510685948 ], [ 111.425364424628697, 30.653543516819923 ], [ 111.42532410981994, 30.653527410861386 ], [ 111.425285224933361, 30.653499772896225 ], [ 111.42527700962637, 30.653493930900368 ], [ 111.425247270844977, 30.653441837670755 ], [ 111.425224181650776, 30.65337696417572 ], [ 111.425193109174813, 30.653327195693578 ], [ 111.425139223596489, 30.653275179805803 ], [ 111.425046389279544, 30.653212853190666 ], [ 111.424899652297313, 30.653095033009492 ], [ 111.424835018021781, 30.653039573617548 ], [ 111.424782402286212, 30.652971317772142 ], [ 111.424748654327118, 30.652922715710929 ], [ 111.424721786181522, 30.652896329601958 ], [ 111.42463683172457, 30.65281290129451 ], [ 111.424560687925577, 30.652756792591958 ], [ 111.424522438859583, 30.652728608738471 ], [ 111.424473929428473, 30.652678895115002 ], [ 111.424430885177287, 30.652652359718729 ], [ 111.424398568039521, 30.652624630022672 ], [ 111.424290848144267, 30.652532198602159 ], [ 111.424175159356309, 30.652458348074333 ], [ 111.424078370720338, 30.652412270410139 ], [ 111.423890288306154, 30.652349093036207 ], [ 111.423763990216173, 30.652303113397977 ], [ 111.423706171902438, 30.652271986962717 ], [ 111.423651040762991, 30.652242010760176 ], [ 111.423574457195571, 30.652214424955787 ], [ 111.423452171880399, 30.652166110677513 ], [ 111.423327310007551, 30.652142160832227 ], [ 111.423188969095634, 30.652103177919514 ], [ 111.422994158853385, 30.652035383426266 ], [ 111.422907219592616, 30.652004026764473 ], [ 111.422857114764099, 30.651985954888062 ], [ 111.422748791423714, 30.651956024550884 ], [ 111.422670426299192, 30.6519343715741 ], [ 111.422576348220048, 30.651894083744992 ], [ 111.422464855668636, 30.651859652301198 ], [ 111.422377565672264, 30.651837897700943 ], [ 111.4222728171369, 30.651811561954162 ], [ 111.422222984802943, 30.651795706906398 ], [ 111.422088781672016, 30.651753008894332 ], [ 111.421916830397436, 30.651696734716666 ], [ 111.421806769566956, 30.651683173839444 ], [ 111.421652473782615, 30.65167671490849 ], [ 111.421567865564612, 30.651654953113621 ], [ 111.421479186115732, 30.651621606252149 ], [ 111.421374468157353, 30.651602230358719 ], [ 111.421242943207289, 30.651588736031499 ], [ 111.421092581957282, 30.651561386748654 ], [ 111.420951652796646, 30.651544445319928 ], [ 111.420743634211362, 30.651523080126083 ], [ 111.420498112997507, 30.651515754248749 ], [ 111.420299578662764, 30.651516396364627 ], [ 111.419839330820651, 30.651487725078482 ], [ 111.41963138238242, 30.65148259444635 ], [ 111.419511979394485, 30.651479498979711 ], [ 111.419438153148405, 30.651469298869131 ], [ 111.419357553208499, 30.651442884881305 ], [ 111.419212515045729, 30.651406236608636 ], [ 111.419087652273504, 30.651381123040494 ], [ 111.418848628661408, 30.651325062002059 ], [ 111.418631185181084, 30.651295605607743 ], [ 111.418376200401497, 30.651270910224412 ], [ 111.418256761440546, 30.651259693879922 ], [ 111.418094355570133, 30.651239341322594 ], [ 111.417766969969875, 30.651222993446481 ], [ 111.417473058934661, 30.651192620642973 ], [ 111.417189969441665, 30.651183088728715 ], [ 111.416941761053579, 30.651174605423819 ], [ 111.416846469788936, 30.651163312636868 ], [ 111.416651830417834, 30.651133779800205 ], [ 111.416402168725256, 30.651098624402152 ], [ 111.416228949406559, 30.651058584785915 ], [ 111.416087918622679, 30.651017284320289 ], [ 111.416007380736119, 30.65100594117132 ], [ 111.415938902758342, 30.650991084371071 ], [ 111.415819229074202, 30.650924197294046 ], [ 111.415667382143965, 30.65086321336679 ], [ 111.415573330145264, 30.65082755884481 ], [ 111.415457742081173, 30.650775736311346 ], [ 111.415332737216204, 30.650716986299869 ], [ 111.415212981693912, 30.650631541712471 ], [ 111.415161012570707, 30.650577109346159 ], [ 111.415121356065924, 30.650535570560237 ], [ 111.414983954945569, 30.650401472650003 ], [ 111.414896396051915, 30.650315926439021 ], [ 111.414824792030572, 30.650196695221382 ], [ 111.414728901817455, 30.650045067725785 ], [ 111.414654708647959, 30.649947880690263 ], [ 111.414439168133299, 30.649734003921196 ], [ 111.414339424325078, 30.64962182069047 ], [ 111.414253050737841, 30.649499157660159 ], [ 111.414146467585397, 30.649355681619511 ], [ 111.413996860866575, 30.64918914606227 ], [ 111.413902516588053, 30.649085063924701 ], [ 111.413821608180797, 30.648985580020565 ], [ 111.413703109910728, 30.648879254973679 ], [ 111.413610101125357, 30.648772848088583 ], [ 111.413514245985709, 30.648648943094429 ], [ 111.41338350794274, 30.648482457899149 ], [ 111.413310679044628, 30.648389905969509 ], [ 111.413251282420845, 30.648301949575341 ], [ 111.413159658591439, 30.648205976624695 ], [ 111.413022217001753, 30.64806027835931 ], [ 111.412923787103239, 30.64794113167801 ], [ 111.412829407751076, 30.647827770335482 ], [ 111.412685223943924, 30.647673972775692 ], [ 111.412567914577664, 30.647530530909307 ], [ 111.412402093981655, 30.647335050672154 ], [ 111.412263346576253, 30.647197473284791 ], [ 111.412193185966828, 30.647101432884995 ], [ 111.412144645958733, 30.647042437358664 ], [ 111.41206249738633, 30.646966148768854 ], [ 111.411926596335377, 30.646866836635184 ], [ 111.41189067111776, 30.646841223943511 ], [ 111.411751685392062, 30.64674213124448 ], [ 111.411669553007641, 30.646669323030949 ], [ 111.411646106782541, 30.646647060313626 ], [ 111.411630186084381, 30.646631940012185 ], [ 111.411606253326056, 30.646609215043213 ], [ 111.411497188944168, 30.6465121359264 ], [ 111.411403038919104, 30.646452124166387 ], [ 111.4111917908686, 30.646298537947246 ], [ 111.411071985883495, 30.646199171854335 ], [ 111.410962890924793, 30.646093974557402 ], [ 111.410797242099136, 30.645937925994531 ], [ 111.410681189085722, 30.64577360007172 ], [ 111.410589486116066, 30.645657908585804 ], [ 111.410489805260283, 30.645558480439547 ], [ 111.410359218303427, 30.645446391637847 ], [ 111.410263605980731, 30.645357386634146 ], [ 111.410146359566909, 30.645227860877242 ], [ 111.409947100378361, 30.645053357326617 ], [ 111.409855504427981, 30.644962021280321 ], [ 111.409759787784139, 30.644848662635752 ], [ 111.409622219389973, 30.644670486253972 ], [ 111.409398443783175, 30.644406755567445 ], [ 111.409286478188562, 30.644256334062675 ], [ 111.409185247801076, 30.644107037609785 ], [ 111.40900987460617, 30.643869828829565 ], [ 111.408935551034915, 30.643739007149634 ], [ 111.408845100820827, 30.643601275078936 ], [ 111.408756028368089, 30.643471655792439 ], [ 111.408672234935807, 30.643321145254674 ], [ 111.408620763137833, 30.643201846588113 ], [ 111.408551832800981, 30.643077964976101 ], [ 111.408496493918165, 30.642995793021555 ], [ 111.408376209594508, 30.642780447659561 ], [ 111.408308566187372, 30.642642643643171 ], [ 111.408253275868049, 30.642572070245023 ], [ 111.408191128218164, 30.642465561736344 ], [ 111.408127439130055, 30.642311507869977 ], [ 111.408084048640092, 30.642200304000937 ], [ 111.408039486333337, 30.642128536303005 ], [ 111.407967721333364, 30.641967549562821 ], [ 111.40792438660128, 30.641869101677742 ], [ 111.407836458086138, 30.641691928939395 ], [ 111.407774269067431, 30.641574983798535 ], [ 111.407732225761663, 30.641464932860401 ], [ 111.407687650864489, 30.641390846710237 ], [ 111.407678568611118, 30.641375286640198 ], [ 111.407625505013186, 30.641284339101105 ], [ 111.407582595660301, 30.641167676347322 ], [ 111.407573948678873, 30.641144165371031 ], [ 111.407541302389291, 30.641035246679394 ], [ 111.407498093562367, 30.640966953961936 ], [ 111.407445482323283, 30.640895209646374 ], [ 111.407375472799913, 30.640832800293481 ], [ 111.407337814588629, 30.64080856176588 ], [ 111.40723717685421, 30.640799599122261 ], [ 111.407086946005847, 30.640798909342323 ], [ 111.40701050183327, 30.640801466114851 ], [ 111.406934110720783, 30.640816780670036 ], [ 111.406873867834918, 30.640844806242967 ], [ 111.406829739900729, 30.640877418358286 ], [ 111.406772325382576, 30.640940226110729 ], [ 111.406716230170048, 30.640997231437211 ], [ 111.406649525655212, 30.641084424306882 ], [ 111.406630936668535, 30.641124486406113 ], [ 111.406609643420495, 30.64117037341407 ], [ 111.406563146671999, 30.641278378394475 ], [ 111.406544665603917, 30.641349183817908 ], [ 111.406516803707689, 30.641422338270331 ], [ 111.406467508268975, 30.64150251822673 ], [ 111.406407545072284, 30.641597808592167 ], [ 111.406327582751771, 30.641722156952028 ], [ 111.406268860619548, 30.641793087381245 ], [ 111.406183305415198, 30.641862942221167 ], [ 111.40611233271818, 30.641890998370911 ], [ 111.406005127234891, 30.641915686559855 ], [ 111.4059181061358, 30.641955393426827 ], [ 111.405907744147214, 30.641963639310575 ], [ 111.405840564790367, 30.642017103106809 ], [ 111.405673560686466, 30.64217651603343 ], [ 111.405583992707136, 30.642248701916117 ], [ 111.40544739468163, 30.642301317651686 ], [ 111.40534030880832, 30.642355000882731 ], [ 111.405190602264611, 30.64248072430604 ], [ 111.405055541180332, 30.642580887198221 ], [ 111.40499336834938, 30.642628267980228 ], [ 111.404991146124644, 30.642629962302919 ], [ 111.404895088637545, 30.642703165318835 ], [ 111.404753466099635, 30.642838140068079 ], [ 111.404621118270086, 30.642945252021889 ], [ 111.404530108677648, 30.642994247086961 ], [ 111.40443249716219, 30.643067617376744 ], [ 111.404336341648957, 30.643169978212086 ], [ 111.404293188579913, 30.643220288985219 ], [ 111.404158799289291, 30.643376973368731 ], [ 111.404139756144957, 30.643409035099069 ], [ 111.404101520568815, 30.643473413067625 ], [ 111.404025679841368, 30.643622103377481 ], [ 111.403953809620646, 30.643758022414943 ], [ 111.403933853664455, 30.643778802149995 ], [ 111.403892372435166, 30.643821999285819 ], [ 111.403845167021018, 30.643899555020482 ], [ 111.403835082922853, 30.643916121432028 ], [ 111.403799194577232, 30.643995098994651 ], [ 111.403780683831599, 30.644048239934477 ], [ 111.403757964258659, 30.644113468661772 ], [ 111.403751472952194, 30.644132102614435 ], [ 111.403674371375303, 30.644300513258088 ], [ 111.40364806170868, 30.644425852671077 ], [ 111.403624241365833, 30.644503633236184 ], [ 111.403612460247018, 30.644574416176397 ], [ 111.403618090902228, 30.644638188901467 ], [ 111.403639846401859, 30.644708866620988 ], [ 111.403693739174741, 30.644766692129281 ], [ 111.403860545428017, 30.644880994162691 ], [ 111.404020616658272, 30.644989519850526 ], [ 111.404113498639106, 30.645068097215017 ], [ 111.404212936677879, 30.645110701697661 ], [ 111.404305824054632, 30.645190440086878 ], [ 111.404355709448566, 30.645251754964647 ], [ 111.404373339757854, 30.64529809163372 ], [ 111.404392470136372, 30.645382697153821 ], [ 111.404392848751058, 30.645474320083906 ], [ 111.404385119977348, 30.645550890161644 ], [ 111.404334614051322, 30.645663547335005 ], [ 111.404317546717436, 30.645752903973516 ], [ 111.404321965086751, 30.645847992890708 ], [ 111.404327177557207, 30.64589891340421 ], [ 111.404332616657086, 30.645952046250045 ], [ 111.404334548400698, 30.645970894241486 ], [ 111.404363139647216, 30.646072866569682 ], [ 111.404404905961712, 30.646116810142757 ], [ 111.404438042381912, 30.646135167104376 ], [ 111.40446944131179, 30.646152562690702 ], [ 111.404523889865686, 30.646174718388579 ], [ 111.40457693457796, 30.646196303017064 ], [ 111.404648248118292, 30.646249431366243 ], [ 111.404703519551958, 30.646315368759417 ], [ 111.404782974654722, 30.646390508015656 ], [ 111.404886574755665, 30.646465574426827 ], [ 111.404928392331556, 30.646522273983919 ], [ 111.404991677623912, 30.646580067116474 ], [ 111.405040331845896, 30.646666901156721 ], [ 111.405140330162226, 30.646844037922051 ], [ 111.405197348079184, 30.647007392577223 ], [ 111.40521398193988, 30.647136076568813 ], [ 111.405230226393996, 30.647171981102076 ], [ 111.405268109435781, 30.647249571010946 ], [ 111.405273077290872, 30.647268574585155 ], [ 111.405281734164873, 30.64730171280388 ], [ 111.405303621864846, 30.647402551986374 ], [ 111.405313355227236, 30.647484867832418 ], [ 111.40532878489563, 30.647647191864507 ], [ 111.405343719037546, 30.647690058049818 ], [ 111.405357459779054, 30.64776888092922 ], [ 111.405353837309804, 30.647865155152829 ], [ 111.405347429640244, 30.647937082930184 ], [ 111.405348070856917, 30.648091332848765 ], [ 111.405325792851158, 30.648217819796628 ], [ 111.405320817801623, 30.64831178006466 ], [ 111.405331910939026, 30.648398730117492 ], [ 111.40532976335794, 30.648527475262881 ], [ 111.405362647068614, 30.648693222114673 ], [ 111.405379126245748, 30.648784794682683 ], [ 111.405389176169649, 30.648943656324775 ], [ 111.405392457795813, 30.649087459718658 ], [ 111.405383993376631, 30.649165384175262 ], [ 111.405382123686252, 30.649182596299966 ], [ 111.405346425996811, 30.649307966289712 ], [ 111.405316082870968, 30.649430998042305 ], [ 111.405314958718463, 30.649483191995841 ], [ 111.405299156730791, 30.649553989325227 ], [ 111.405269956643338, 30.649629467625857 ], [ 111.405232537651671, 30.649663217383647 ], [ 111.405133410778376, 30.649697159596428 ], [ 111.404860209331332, 30.649805868745887 ], [ 111.404834509405248, 30.649814425795171 ], [ 111.404663289279483, 30.649871430222447 ], [ 111.40451467990863, 30.649941478416565 ], [ 111.404413048423578, 30.650018340773897 ], [ 111.404360964187276, 30.650074173384439 ], [ 111.404283545149667, 30.650167196559039 ], [ 111.404232735252606, 30.650206787413367 ], [ 111.404175469122777, 30.650235801341182 ], [ 111.404076113821759, 30.650286139993511 ], [ 111.40395289411083, 30.650332912833676 ], [ 111.403893960637845, 30.650355132383481 ], [ 111.403698208805281, 30.650378935639537 ], [ 111.403474340568437, 30.650416741339598 ], [ 111.40337120991353, 30.650455334845958 ], [ 111.403337706569971, 30.650463554649491 ], [ 111.403250606330573, 30.650485861433424 ], [ 111.403164901838863, 30.650522080729615 ], [ 111.403077929303038, 30.650575700108618 ], [ 111.402997663011831, 30.650629298803153 ], [ 111.402956295097056, 30.650681618661849 ], [ 111.402937650352271, 30.650702454154953 ], [ 111.402885524747319, 30.650760703243918 ], [ 111.402783851893332, 30.65082828639629 ], [ 111.402691435761142, 30.650864520081711 ], [ 111.402652614726435, 30.650883199899909 ], [ 111.402611218932805, 30.650928559905083 ], [ 111.402597625680016, 30.650946531957061 ], [ 111.402572527400309, 30.650979712443814 ], [ 111.402525947014908, 30.651045060781087 ], [ 111.402517844123395, 30.651056428211632 ], [ 111.402481744437125, 30.651085532971138 ], [ 111.402425598862351, 30.65113325909266 ], [ 111.402380236159104, 30.651192547797962 ], [ 111.402337782762572, 30.651307499141865 ], [ 111.402309809350356, 30.651355138029373 ], [ 111.402289884870299, 30.651402750836439 ], [ 111.402277996732209, 30.651448018211511 ], [ 111.402276919344445, 30.651511811620992 ], [ 111.402278622660504, 30.651599950577406 ], [ 111.402283066210714, 30.651700839222372 ], [ 111.40230775709739, 30.651832981107191 ], [ 111.402320390773525, 30.651968638441986 ], [ 111.402315503857608, 30.652084632999447 ], [ 111.402312537893408, 30.652340955970431 ], [ 111.40232394129697, 30.652503290794414 ], [ 111.40233222944903, 30.652561255697549 ], [ 111.402360683099118, 30.652629596079066 ], [ 111.4023974707668, 30.652767498121534 ], [ 111.402435546263462, 30.652891477759681 ], [ 111.40248018681126, 30.652981803867135 ], [ 111.402532700923473, 30.653029193642453 ], [ 111.402583773422577, 30.653052234273218 ], [ 111.402659043979838, 30.653087955344972 ], [ 111.402700816589572, 30.653133057244986 ], [ 111.402769591343599, 30.653219829231887 ], [ 111.402826105640315, 30.653261406688557 ], [ 111.402975265396321, 30.653322414897559 ], [ 111.403098178438199, 30.653353036813201 ], [ 111.403127010703145, 30.653360218799094 ], [ 111.403153392315232, 30.653370130227358 ], [ 111.403258198407229, 30.653409499848522 ], [ 111.403339390100939, 30.653462782881263 ], [ 111.403367958864294, 30.653514174639497 ], [ 111.403379937833961, 30.653535725093718 ], [ 111.403409771044153, 30.653613339284163 ], [ 111.403411304388271, 30.653671431891155 ], [ 111.403402125008199, 30.65371078622394 ], [ 111.403366126945343, 30.653764248221592 ], [ 111.403282066414363, 30.653873526642087 ], [ 111.403244723865043, 30.653926994934977 ], [ 111.403232920263179, 30.653991979046737 ], [ 111.403242488150511, 30.654034862319122 ], [ 111.403260418833383, 30.654057652039114 ], [ 111.403278899901409, 30.654081143230144 ], [ 111.40334477703982, 30.654115732055459 ], [ 111.403444108059148, 30.654130501621466 ], [ 111.403532744340794, 30.65415342264248 ], [ 111.403654945119683, 30.654183200094792 ], [ 111.40369384799277, 30.654183078686174 ], [ 111.403723289098707, 30.654165589570368 ], [ 111.403771362358555, 30.654112090700551 ], [ 111.40381929802237, 30.654026118210936 ], [ 111.40389244977689, 30.653873958316694 ], [ 111.403980109394581, 30.653661444020543 ], [ 111.404021381981352, 30.653585929746953 ], [ 111.404065391204995, 30.653523163363388 ], [ 111.404112116381043, 30.653468507965329 ], [ 111.404178983673205, 30.653418430116631 ], [ 111.404240561153017, 30.653386924167307 ], [ 111.404243128717496, 30.653389248914834 ], [ 111.404313050107248, 30.653452572878109 ], [ 111.404387336806167, 30.653519843965682 ], [ 111.404473590783653, 30.653615840298869 ], [ 111.404532926253694, 30.653689883281629 ], [ 111.404569442326022, 30.65376167795921 ], [ 111.404653067585059, 30.653870438370006 ], [ 111.404756757618372, 30.653965218819849 ], [ 111.404816139853097, 30.654050860359007 ], [ 111.404857908865552, 30.6540948021335 ], [ 111.404866019851056, 30.654109854985961 ], [ 111.404859519551167, 30.654159744876438 ], [ 111.404840971933311, 30.654225661585144 ], [ 111.404831759278352, 30.654258413994796 ], [ 111.404801396367418, 30.654376807044116 ], [ 111.404777566131827, 30.654453429282455 ], [ 111.404758959158812, 30.654495238764355 ], [ 111.404759034701783, 30.654513215312818 ], [ 111.404773209815801, 30.654535207333993 ], [ 111.40478409790785, 30.654572867344029 ], [ 111.404774181083667, 30.654607111728978 ], [ 111.404706206726189, 30.654714024033012 ], [ 111.404665601436534, 30.654763226841624 ], [ 111.404632795067528, 30.654802976875999 ], [ 111.404599466192394, 30.654845817880357 ], [ 111.404551395630506, 30.654907611197473 ], [ 111.404520124404371, 30.654968596923254 ], [ 111.40447202686255, 30.655016298763258 ], [ 111.404409193929212, 30.655068684272521 ], [ 111.404307780979366, 30.655200056337549 ], [ 111.404245669302327, 30.655264617768069 ], [ 111.404188340219889, 30.655350619935234 ], [ 111.404113754945911, 30.655480748238062 ], [ 111.404065927200918, 30.655593397317432 ], [ 111.40401676935852, 30.655708369345803 ], [ 111.403992909445378, 30.655778029932264 ], [ 111.40397989895331, 30.655875493958945 ], [ 111.40397205596571, 30.65592539014483 ], [ 111.403932296938024, 30.656042651847031 ], [ 111.403893989416247, 30.656186584743182 ], [ 111.403876817760988, 30.65625158594213 ], [ 111.40384751694944, 30.656302708803082 ], [ 111.403795599987006, 30.656400293338891 ], [ 111.403748978232898, 30.656480463402772 ], [ 111.403707684961887, 30.656551338073882 ], [ 111.403651831666707, 30.656669811162999 ], [ 111.403644108289029, 30.656682770393616 ], [ 111.403581221396394, 30.656788328318726 ], [ 111.403494454805298, 30.656892979727331 ], [ 111.403431897064479, 30.657012631827627 ], [ 111.403378782205095, 30.657145012932119 ], [ 111.403377732696356, 30.657148114693825 ], [ 111.403319363997525, 30.657320577682583 ], [ 111.40330058795189, 30.657376053262283 ], [ 111.403270018196793, 30.657444576206387 ], [ 111.403267047736165, 30.657461675915783 ], [ 111.403264776048616, 30.657474745763011 ], [ 111.40326081903163, 30.657499316140559 ], [ 111.402769021173583, 30.657485380246158 ], [ 111.400716448105641, 30.657797200380685 ], [ 111.39875227659644, 30.65812781094985 ], [ 111.396635137601663, 30.658859798840751 ], [ 111.394208160578216, 30.659439954190645 ], [ 111.392365957822733, 30.659940853187948 ], [ 111.392829954039257, 30.661135054838951 ], [ 111.39283051521619, 30.661136500049452 ], [ 111.394076212047707, 30.664342439252266 ], [ 111.394092716405794, 30.664338883332846 ], [ 111.394078898322562, 30.664430934340146 ], [ 111.394939869679376, 30.66705353998907 ], [ 111.395678677129411, 30.666783998782648 ], [ 111.397001673388615, 30.666245377722191 ], [ 111.398423925124234, 30.665677799391005 ], [ 111.399857831174131, 30.665262908856278 ], [ 111.401512859830802, 30.664914144572151 ], [ 111.402870945837662, 30.664862213220715 ], [ 111.403110830100843, 30.664881026138517 ], [ 111.403094294266282, 30.664904920225922 ], [ 111.403074842829767, 30.664920125963192 ], [ 111.403635642071265, 30.664857760677137 ], [ 111.405557910569257, 30.665042705356598 ], [ 111.40792334878364, 30.665569896034015 ], [ 111.409206509572812, 30.666081361165936 ], [ 111.41064606336522, 30.667012352837958 ], [ 111.411066354328852, 30.667310254165045 ], [ 111.411078100374084, 30.667303830307674 ], [ 111.411092629821042, 30.667298233826557 ], [ 111.411120382899469, 30.667287546283262 ], [ 111.411644881006453, 30.667620828738393 ], [ 111.412286928598974, 30.667981551307719 ], [ 111.412795730838411, 30.668170863094929 ], [ 111.41436485805184, 30.66839498134334 ], [ 111.414939150721239, 30.668402694828671 ], [ 111.415204627891455, 30.668413614396854 ], [ 111.415800694946199, 30.668438129016522 ], [ 111.415994697597284, 30.668394188141406 ], [ 111.415997231886877, 30.66840238995843 ], [ 111.416040610685741, 30.668418298066115 ], [ 111.416083963404333, 30.668427519714442 ], [ 111.416153562836826, 30.668424622098598 ], [ 111.416211643752547, 30.668419021120997 ], [ 111.416311279641945, 30.668409409166884 ], [ 111.416373178179811, 30.668414559584448 ], [ 111.416439791862899, 30.668437076809823 ], [ 111.416505034979423, 30.668501054580133 ], [ 111.416570237626445, 30.668555667709938 ], [ 111.416715895422328, 30.668614037308032 ], [ 111.416852193074419, 30.668653716296092 ], [ 111.416949779408981, 30.668684155649373 ], [ 111.416986900724964, 30.668684036938828 ], [ 111.417023988766232, 30.668674558983867 ], [ 111.417032444192103, 30.668668610867883 ], [ 111.41818168783476, 30.670801607608212 ], [ 111.418427813393066, 30.67153587617986 ], [ 111.418521619876913, 30.67215785360213 ], [ 111.419259024384473, 30.672159860889053 ], [ 111.419800415356917, 30.672215392226633 ], [ 111.420523281424323, 30.671963903111759 ], [ 111.420974623280301, 30.672290349819832 ], [ 111.421406075729919, 30.672460784837426 ], [ 111.421793313011108, 30.672621814745014 ], [ 111.42192160309969, 30.672636286635395 ], [ 111.421933430983245, 30.672662822931045 ], [ 111.423702605191068, 30.673153473254274 ], [ 111.426351790302874, 30.672839333768252 ], [ 111.427008165894279, 30.672491908574784 ], [ 111.427066407788629, 30.672538470973848 ], [ 111.427190597867991, 30.672637014186932 ], [ 111.427296072156139, 30.672700851663024 ], [ 111.427491815894712, 30.672888748816888 ], [ 111.427633198313515, 30.673027347833909 ], [ 111.427762028894563, 30.673125873960032 ], [ 111.427772929577088, 30.673133038858737 ], [ 111.42785511771956, 30.67318707732187 ], [ 111.427942780934757, 30.673246291383236 ], [ 111.427956092699617, 30.673283018796383 ], [ 111.427973221187187, 30.673308369785616 ], [ 111.428109056587743, 30.673241063624232 ], [ 111.428217302586575, 30.673231349147557 ], [ 111.428308643129526, 30.673247095377292 ], [ 111.428424753699574, 30.673266768946348 ], [ 111.428579618754384, 30.673305036898 ], [ 111.428729834314538, 30.673340645554504 ], [ 111.428848989989035, 30.673349613593984 ], [ 111.428912384998625, 30.673342719391087 ], [ 111.429048322921801, 30.673298142695103 ], [ 111.42926619358002, 30.673241266871059 ], [ 111.429366738684166, 30.673239595930738 ], [ 111.429470556421165, 30.673278030256995 ], [ 111.429532690581368, 30.67333532426585 ], [ 111.429590676168914, 30.673504950792903 ], [ 111.429640768406784, 30.673638501915377 ], [ 111.429687395556925, 30.673687821635781 ], [ 111.429831665698941, 30.673778270950493 ], [ 111.429974373718551, 30.673866052876065 ], [ 111.43017604488864, 30.67399375300937 ], [ 111.430334459567689, 30.674133630862514 ], [ 111.430489822847051, 30.674284215144439 ], [ 111.430652792592355, 30.674405359219975 ], [ 111.430845277187871, 30.674553145711286 ], [ 111.430975599744158, 30.674638291723852 ], [ 111.431093698715301, 30.674756905107131 ], [ 111.431210190597938, 30.674862153665629 ], [ 111.431329849892677, 30.674984779823774 ], [ 111.431395205424508, 30.675070138975855 ], [ 111.431412517373928, 30.675136939718016 ], [ 111.431412738607094, 30.675138642134755 ], [ 111.431422124831329, 30.675210450302131 ], [ 111.431425530563899, 30.675281308785486 ], [ 111.431404070941198, 30.675325507766161 ], [ 111.431362492585151, 30.67536843420595 ], [ 111.431274468741833, 30.675403490678718 ], [ 111.431206442223527, 30.675413075652955 ], [ 111.431132162719223, 30.675407972899734 ], [ 111.431048675056388, 30.675418948225968 ], [ 111.431002402239187, 30.675449856126022 ], [ 111.430984038982274, 30.675495378908749 ], [ 111.430985742298162, 30.675530810398641 ], [ 111.43101965033668, 30.675574823219563 ], [ 111.430007326676957, 30.676083587687458 ], [ 111.428939245050231, 30.676590736973083 ], [ 111.428687243321804, 30.676710392670486 ], [ 111.428373840380516, 30.676859204388848 ], [ 111.428293611860852, 30.67685946789021 ], [ 111.428200883663976, 30.676881166732585 ], [ 111.428077452612456, 30.67695645617556 ], [ 111.428043583244914, 30.676993338272041 ], [ 111.428023659664234, 30.677036190967442 ], [ 111.428014645759447, 30.677097729776563 ], [ 111.427976277982907, 30.677167387664895 ], [ 111.427956295946444, 30.677196871938236 ], [ 111.427910026726522, 30.677229116230762 ], [ 111.427866745953622, 30.677237282074941 ], [ 111.427820307661079, 30.677230747601016 ], [ 111.427750542753472, 30.677197547329001 ], [ 111.427707208920594, 30.677193678445633 ], [ 111.427677857747028, 30.677203134816978 ], [ 111.427627110802575, 30.677272834074188 ], [ 111.427579385580259, 30.677325808639182 ], [ 111.427520917956087, 30.67739820766127 ], [ 111.42745912014226, 30.677417131195796 ], [ 111.427357015613893, 30.677417464844098 ], [ 111.427279771044766, 30.677441789706961 ], [ 111.427221160428303, 30.677482094623144 ], [ 111.427175200575107, 30.677584539994655 ], [ 111.427144784604252, 30.677704314402604 ], [ 111.427096276072461, 30.677931788921114 ], [ 111.427090642719122, 30.678057498854628 ], [ 111.427109908895318, 30.678217894740158 ], [ 111.427129458357854, 30.678260707865491 ], [ 111.427209882929901, 30.678436860772479 ], [ 111.42726610404759, 30.678557020090523 ], [ 111.427393316748237, 30.678636831324809 ], [ 111.427542125768639, 30.678703200392533 ], [ 111.427666394088931, 30.678817788410356 ], [ 111.427738050270875, 30.678929870916875 ], [ 111.427744768206594, 30.679050195709976 ], [ 111.427773331574087, 30.679213232904431 ], [ 111.427823287115132, 30.679314692619016 ], [ 111.427932015150418, 30.679413282596954 ], [ 111.428121495111043, 30.679581143754831 ], [ 111.428227035949135, 30.679658350552586 ], [ 111.42833880099505, 30.679743561316343 ], [ 111.428419838904574, 30.679877009916254 ], [ 111.42844515661875, 30.680005291910732 ], [ 111.428452121867906, 30.680181774869084 ], [ 111.428514746158726, 30.680350049715059 ], [ 111.428558427129758, 30.680432808927151 ], [ 111.42860210000697, 30.680512893555317 ], [ 111.428706051742893, 30.680580079207402 ], [ 111.428791292184485, 30.680614563711174 ], [ 111.428848599683306, 30.680629083265615 ], [ 111.428890405567927, 30.680636970319995 ], [ 111.428990964161756, 30.680636637570899 ], [ 111.429154936651173, 30.68063208520266 ], [ 111.429325204394729, 30.680651580706012 ], [ 111.42946280336588, 30.680631069867957 ], [ 111.429570740896963, 30.680550484317507 ], [ 111.429616948963144, 30.680503533411411 ], [ 111.429741801842852, 30.680398821748383 ], [ 111.429852710734167, 30.680290144974322 ], [ 111.429945367884557, 30.680252400428003 ], [ 111.430048888845249, 30.680222640062823 ], [ 111.430293149209547, 30.680181718211827 ], [ 111.430432372356108, 30.680178584973817 ], [ 111.430656737018978, 30.68018720137826 ], [ 111.430816071704328, 30.680183999791893 ], [ 111.430965355566741, 30.680182169671525 ], [ 111.431015094371105, 30.68012287107382 ], [ 111.431093793144157, 30.680001950030146 ], [ 111.431153729361199, 30.679878741111168 ], [ 111.431163363798248, 30.679879697989861 ], [ 111.431173654740576, 30.679881957086764 ], [ 111.431203044584947, 30.67988052176878 ], [ 111.431232760883347, 30.679952626712463 ], [ 111.431270372329891, 30.68006148065291 ], [ 111.431295752996732, 30.680203134667124 ], [ 111.431271699729223, 30.680360998061644 ], [ 111.431220120012597, 30.680591159754385 ], [ 111.431149810115812, 30.68078394382394 ], [ 111.431091492678377, 30.680891108837727 ], [ 111.431085519381327, 30.680939269331986 ], [ 111.431141461709217, 30.680995242236691 ], [ 111.431212829208903, 30.681040470041637 ], [ 111.431318244141835, 30.681088258216676 ], [ 111.431468462399778, 30.68112185688824 ], [ 111.431634095037509, 30.681142702273917 ], [ 111.431822781795972, 30.681130038920173 ], [ 111.431921779166828, 30.681125702389409 ], [ 111.431966678719334, 30.681133575054616 ], [ 111.432039619133207, 30.681184813928212 ], [ 111.43212059229154, 30.681302214125992 ], [ 111.432189234845396, 30.681430353128349 ], [ 111.432236110208351, 30.681534493722097 ], [ 111.43235276217041, 30.681673842773705 ], [ 111.432464673805725, 30.681791137750963 ], [ 111.432615514394456, 30.681964464988141 ], [ 111.432665338634479, 30.682035170586687 ], [ 111.4326873432463, 30.682112651677585 ], [ 111.432712857912065, 30.682283720717237 ], [ 111.432744328787749, 30.682402624581584 ], [ 111.432792552234503, 30.682461298150486 ], [ 111.432888618714969, 30.68249440669166 ], [ 111.433058991679218, 30.682536629861715 ], [ 111.433167293435986, 30.682537605626067 ], [ 111.433306417657093, 30.682511740224697 ], [ 111.4333887820668, 30.682476812354992 ], [ 111.433512547665941, 30.682241654029156 ], [ 111.433706350667705, 30.681873417624217 ], [ 111.433888961606328, 30.681526450185629 ], [ 111.43581891481125, 30.680441374969632 ], [ 111.436105130347471, 30.680280452081263 ], [ 111.436422369796617, 30.680102085043302 ], [ 111.435675587158755, 30.679395252089364 ], [ 111.435902865624826, 30.679181539896206 ], [ 111.43619274320065, 30.678908966175982 ], [ 111.436305241193963, 30.678966209822761 ], [ 111.436568295590519, 30.67910006311746 ], [ 111.437029842053619, 30.67933491207657 ], [ 111.437720882013082, 30.679686532607491 ], [ 111.440679855690917, 30.68119206875906 ], [ 111.44177569129522, 30.681749589072354 ], [ 111.443952755715145, 30.682857197701537 ], [ 111.444199523389386, 30.682982736764018 ], [ 111.444943706986578, 30.683361328862361 ], [ 111.444978167208831, 30.683287293074159 ], [ 111.445024197209079, 30.683188400024676 ], [ 111.445474622655695, 30.682220682738489 ] ], [ [ 111.429803980969041, 30.665238458088481 ], [ 111.430557695581342, 30.663374450370725 ], [ 111.431774266069624, 30.663927864379559 ], [ 111.432681194581448, 30.664340422972145 ], [ 111.432166749096325, 30.66631088613866 ], [ 111.431895596304912, 30.666243427092525 ], [ 111.431100895989744, 30.665861592938143 ], [ 111.429803980969041, 30.665238458088481 ] ] ] } },
{ "type": "Feature", "properties": { "SQMC": "梅花村", "SSJD": "生物产业园" }, "geometry": { "type": "Polygon", "coordinates": [ [ [ 111.411534482930165, 30.72941623856866 ], [ 111.41189361100146, 30.729325500571463 ], [ 111.413135152065706, 30.729428474744452 ], [ 111.413177082056791, 30.729303960009929 ], [ 111.413295389670623, 30.728952646147832 ], [ 111.41352043242216, 30.728284371626614 ], [ 111.413486713241298, 30.728100305584746 ], [ 111.413459179597453, 30.727950003689898 ], [ 111.413261553577911, 30.726871124802699 ], [ 111.413197994891618, 30.726524133082364 ], [ 111.4135041663842, 30.726237479576127 ], [ 111.413545692579646, 30.726198600085354 ], [ 111.413695586182428, 30.726058262678805 ], [ 111.413802725115715, 30.72595795229779 ], [ 111.41418767182364, 30.72559754179315 ], [ 111.414215148810229, 30.725596807047054 ], [ 111.415439012800277, 30.725564060033378 ], [ 111.415640632709142, 30.725558665000506 ], [ 111.415689189804368, 30.725399581225759 ], [ 111.415694089310932, 30.725355810322412 ], [ 111.415720329729481, 30.725285796302558 ], [ 111.415743153623737, 30.725244072256316 ], [ 111.415762791220004, 30.725181721359434 ], [ 111.415797621063348, 30.725052065200714 ], [ 111.415826331020412, 30.72493886123948 ], [ 111.415848404879966, 30.724824912639633 ], [ 111.4158637347237, 30.724789709577465 ], [ 111.415874379998741, 30.724693759109812 ], [ 111.415881559286674, 30.724614250047694 ], [ 111.415893192017336, 30.724541225097539 ], [ 111.415901751764579, 30.724474707641832 ], [ 111.415921650164137, 30.724369558008789 ], [ 111.415928271872303, 30.724263686220127 ], [ 111.415950149679759, 30.724208205244622 ], [ 111.415975892773304, 30.724125580031625 ], [ 111.415990086773206, 30.724030766306896 ], [ 111.416017957662802, 30.723928645590604 ], [ 111.416032692154999, 30.723857138696133 ], [ 111.416027895171396, 30.723770028564047 ], [ 111.41604410185397, 30.723630114738114 ], [ 111.416062203407989, 30.72351885690972 ], [ 111.416062042429417, 30.723481407341126 ], [ 111.41607087557054, 30.723375145246905 ], [ 111.416079409237511, 30.723301748876679 ], [ 111.416082757413449, 30.723154614394105 ], [ 111.416082959760899, 30.722995645732624 ], [ 111.416075310127439, 30.722861540627605 ], [ 111.416084767398161, 30.722797311946579 ], [ 111.416079223077759, 30.7226395097058 ], [ 111.416078266199122, 30.722622312869476 ], [ 111.416050065258503, 30.722544833577331 ], [ 111.41604446518005, 30.722475682906577 ], [ 111.416026969768893, 30.722316008277289 ], [ 111.416011231633149, 30.722255680855142 ], [ 111.415969602914856, 30.722141173776322 ], [ 111.415956658073412, 30.722010524765949 ], [ 111.415946990361419, 30.721921516165082 ], [ 111.415915023059938, 30.721790547895637 ], [ 111.415881499032082, 30.721708875963998 ], [ 111.415863741018939, 30.721590472122614 ], [ 111.41585509763479, 30.721534324749427 ], [ 111.415828492091407, 30.721415564776578 ], [ 111.415792283587109, 30.721327025621918 ], [ 111.41575596626501, 30.721212502355286 ], [ 111.415738067957648, 30.721164026198892 ], [ 111.415706362358776, 30.721093817026144 ], [ 111.415679228913405, 30.721059128376169 ], [ 111.415579775586252, 30.720971554193966 ], [ 111.415547597843442, 30.720894466106756 ], [ 111.415458290667743, 30.720799982433221 ], [ 111.415362365381043, 30.720710486399923 ], [ 111.41521635325222, 30.72059554764644 ], [ 111.415062495437894, 30.720507766620301 ], [ 111.414996415052656, 30.720467090284046 ], [ 111.414835702605785, 30.72032812164565 ], [ 111.414757984993173, 30.720254999568738 ], [ 111.41470975884846, 30.720148153814421 ], [ 111.414660627086334, 30.72003672781284 ], [ 111.414641445446421, 30.71989540025271 ], [ 111.41464781984115, 30.71973029821487 ], [ 111.41467059337333, 30.719470371660464 ], [ 111.414658588323221, 30.719351948033989 ], [ 111.414657923724178, 30.719196803289833 ], [ 111.4146821613528, 30.719071384736594 ], [ 111.414743570659425, 30.718951962862832 ], [ 111.414759153212458, 30.718871665095435 ], [ 111.414775472310339, 30.718757737179999 ], [ 111.414784458336158, 30.71858269043895 ], [ 111.414762021150523, 30.718507859650117 ], [ 111.414728072642504, 30.718430014333762 ], [ 111.414646332362338, 30.718346205612931 ], [ 111.414511401679931, 30.718236580054167 ], [ 111.414326049607553, 30.718127117272729 ], [ 111.414214122683632, 30.718017417070257 ], [ 111.414128740149351, 30.717909928300685 ], [ 111.414084183238515, 30.717832877085698 ], [ 111.414020837691567, 30.717706975596627 ], [ 111.414028445056772, 30.717623645315143 ], [ 111.414053651255131, 30.717518860806933 ], [ 111.414087962189853, 30.717474421707266 ], [ 111.414160177750148, 30.717399294142297 ], [ 111.414234090331092, 30.7173065812338 ], [ 111.414345646734319, 30.717122035853436 ], [ 111.414394670577622, 30.717001889125982 ], [ 111.414472609423569, 30.71681592191743 ], [ 111.41447502410324, 30.716760124380357 ], [ 111.414501198871335, 30.716675205896195 ], [ 111.414533182360628, 30.71650008631002 ], [ 111.414544472449506, 30.716427295183621 ], [ 111.414559869742391, 30.716328039707435 ], [ 111.41457287483837, 30.716266092606133 ], [ 111.414589127386307, 30.716136115389588 ], [ 111.41456549140446, 30.715987157081827 ], [ 111.414556270655453, 30.715899294217138 ], [ 111.414538918236588, 30.715771717291034 ], [ 111.414487861026032, 30.71562284711689 ], [ 111.414418129393312, 30.71545034365846 ], [ 111.414392960067119, 30.715356420262594 ], [ 111.414331380788724, 30.71522974535651 ], [ 111.414201458430739, 30.715048263966253 ], [ 111.414102693084942, 30.714913300908279 ], [ 111.413983548202168, 30.71476999843685 ], [ 111.413885492421628, 30.71459299656965 ], [ 111.413812300197606, 30.714439612698015 ], [ 111.413773767845214, 30.714322799757497 ], [ 111.413747882658754, 30.714267855677122 ], [ 111.413735615906148, 30.7141404532195 ], [ 111.413748833242209, 30.714076401704631 ], [ 111.413804732402525, 30.714012027333354 ], [ 111.413865495995935, 30.713949162024335 ], [ 111.413957246629707, 30.713891549655386 ], [ 111.414096334878025, 30.713836842096725 ], [ 111.414245172676601, 30.713787455826548 ], [ 111.414315882771803, 30.713773858077161 ], [ 111.414483912102924, 30.713764915218803 ], [ 111.41455022721135, 30.713758590286716 ], [ 111.414620875253206, 30.713730848000409 ], [ 111.414685390818192, 30.713716887824262 ], [ 111.414746414315744, 30.713714399400033 ], [ 111.41493040391515, 30.713713813042091 ], [ 111.415117067198878, 30.713718565959084 ], [ 111.41523648187831, 30.713718183747289 ], [ 111.415470021424369, 30.713721262126626 ], [ 111.415674407647884, 30.713732836401334 ], [ 111.41587168113324, 30.713736027195978 ], [ 111.415996393718785, 30.713733334625886 ], [ 111.416097994626909, 30.713704731688097 ], [ 111.416157977608691, 30.713665561716482 ], [ 111.416227515887272, 30.713585091279015 ], [ 111.416327789396064, 30.713452552793058 ], [ 111.41647048662378, 30.713312231574264 ], [ 111.416592066870464, 30.713197968211773 ], [ 111.416740729301239, 30.71300413013654 ], [ 111.4168787581483, 30.712807267641381 ], [ 111.416960536199838, 30.712693897305655 ], [ 111.417002842107593, 30.712658605210549 ], [ 111.417119166716361, 30.712556581620959 ], [ 111.417277699206579, 30.712396342217517 ], [ 111.417383445089968, 30.712302760564 ], [ 111.417494378262973, 30.712181649763352 ], [ 111.417622772672928, 30.712006984334892 ], [ 111.417787301842623, 30.711802393965343 ], [ 111.417855861658722, 30.71170052595869 ], [ 111.417895351789184, 30.71162779328813 ], [ 111.418026290381079, 30.711427897379622 ], [ 111.418098282010249, 30.711302325042368 ], [ 111.418205309427606, 30.711095626662029 ], [ 111.418233386261761, 30.711042802283544 ], [ 111.418320183429842, 30.710863684311732 ], [ 111.418350600300073, 30.710737480650323 ], [ 111.418401245621112, 30.710585229025128 ], [ 111.418453816390695, 30.710468125603597 ], [ 111.418478072904804, 30.710349583266748 ], [ 111.418509543780488, 30.710263120646573 ], [ 111.418556663759205, 30.710113934810295 ], [ 111.418582853815678, 30.710033601969315 ], [ 111.41860639986561, 30.709865065420502 ], [ 111.418608596909394, 30.709849332680733 ], [ 111.418618687302626, 30.709727781212109 ], [ 111.418651553926168, 30.709554945904131 ], [ 111.418679801631697, 30.709336273949987 ], [ 111.418717670284252, 30.709092349032744 ], [ 111.418742493371496, 30.70890043910407 ], [ 111.418756172959093, 30.708790341401198 ], [ 111.418765262407021, 30.708642038699168 ], [ 111.41873476369841, 30.708543546747308 ], [ 111.418721261277369, 30.708488563096807 ], [ 111.418706405376497, 30.708406097963234 ], [ 111.418695320332859, 30.708349883140727 ], [ 111.418666792039005, 30.708193527009712 ], [ 111.418614501857917, 30.708089398107404 ], [ 111.418582011150932, 30.708092177911851 ], [ 111.418489181330813, 30.708096486563591 ], [ 111.418289593889654, 30.708106490622185 ], [ 111.418068410129138, 30.708132605135745 ], [ 111.417774434342846, 30.708145585950206 ], [ 111.417628961807281, 30.70814471360768 ], [ 111.417417023077292, 30.708161442796381 ], [ 111.417200379993687, 30.708163474364881 ], [ 111.417016136785264, 30.708144009438513 ], [ 111.416855123964979, 30.708127139955593 ], [ 111.416737409903703, 30.708103447316319 ], [ 111.416655246042922, 30.708070282117887 ], [ 111.416558998798791, 30.707999723108742 ], [ 111.416392617925112, 30.707814391720831 ], [ 111.416173499007755, 30.707599811682144 ], [ 111.416095704053646, 30.707502446580691 ], [ 111.416000946086854, 30.707418512854247 ], [ 111.415856593207309, 30.707317349915797 ], [ 111.415727552184819, 30.707177359647517 ], [ 111.415576727783844, 30.707010699983869 ], [ 111.415402715263212, 30.706848123242423 ], [ 111.415301623371363, 30.706730777003941 ], [ 111.415093454599401, 30.706542903232446 ], [ 111.414983016952817, 30.706410878259476 ], [ 111.414821349425779, 30.706240239995225 ], [ 111.414633275105757, 30.706046284108879 ], [ 111.414415612190851, 30.705808964712048 ], [ 111.41419779459261, 30.705534873835461 ], [ 111.414095348321723, 30.705461657329693 ], [ 111.413941977040736, 30.705422029603028 ], [ 111.413759257284084, 30.705394529234241 ], [ 111.413483841706068, 30.705403431623154 ], [ 111.413377051709688, 30.705399757892678 ], [ 111.413287149182679, 30.705365276986015 ], [ 111.413141326810887, 30.705280832444487 ], [ 111.413026370071123, 30.705176897795695 ], [ 111.412824725880512, 30.705065218185439 ], [ 111.412703558422606, 30.704955955952755 ], [ 111.412439263861074, 30.704667967852515 ], [ 111.412171964664594, 30.704401386315055 ], [ 111.411938733585885, 30.704127980721807 ], [ 111.411779912413124, 30.703907882442991 ], [ 111.411770354418366, 30.703896151686195 ], [ 111.411680227960289, 30.703755093922496 ], [ 111.411630240043735, 30.703644268668256 ], [ 111.411629602424341, 30.703493840868077 ], [ 111.41156640436617, 30.703186496659555 ], [ 111.411493949586202, 30.702887206779167 ], [ 111.411442295225754, 30.702747635595074 ], [ 111.41135526063681, 30.702658323023343 ], [ 111.411231015698945, 30.702552411664556 ], [ 111.411044206724796, 30.702288245706086 ], [ 111.410899404184136, 30.702134566856898 ], [ 111.410737962387145, 30.701957600063338 ], [ 111.410473798227258, 30.701697020601102 ], [ 111.410377036571163, 30.701502103339578 ], [ 111.410274030921983, 30.701295168437298 ], [ 111.410213241248243, 30.701191063816566 ], [ 111.410141323363462, 30.701016122296267 ], [ 111.40999004030823, 30.700735796419963 ], [ 111.409952514297288, 30.700643650983807 ], [ 111.409868217244593, 30.700468749933009 ], [ 111.409760527026776, 30.700250467385274 ], [ 111.409700911867731, 30.700058103299 ], [ 111.409613471684452, 30.699871177413002 ], [ 111.409556871952077, 30.699660085844414 ], [ 111.409462980932005, 30.699411670612221 ], [ 111.409437491447136, 30.699237921592953 ], [ 111.409431779852923, 30.699179740852401 ], [ 111.409384141864791, 30.698694536823439 ], [ 111.409380159666739, 30.698484616172266 ], [ 111.409396767446992, 30.698385615204131 ], [ 111.409407213971861, 30.698294656872974 ], [ 111.409409527927494, 30.698223747128395 ], [ 111.40941406680588, 30.698084702047538 ], [ 111.409422909839577, 30.697980375294208 ], [ 111.409460301851539, 30.697857910114521 ], [ 111.409489895842114, 30.697719420814678 ], [ 111.409515371837131, 30.697522778653479 ], [ 111.409547367916844, 30.697405007934947 ], [ 111.409648526358467, 30.697174700552182 ], [ 111.409738935203848, 30.696964483124532 ], [ 111.409790876447857, 30.696806536092936 ], [ 111.409814606858731, 30.696676762123047 ], [ 111.40982414956494, 30.696624578061858 ], [ 111.409876339021935, 30.696524129185264 ], [ 111.409971258866562, 30.696283142353195 ], [ 111.410003230664756, 30.696160023366531 ], [ 111.410055090070387, 30.695982016956577 ], [ 111.410116281741182, 30.695816018294636 ], [ 111.410186623114271, 30.695617896748615 ], [ 111.410223542982294, 30.695566967241803 ], [ 111.410259042820769, 30.695545461753738 ], [ 111.410371978783928, 30.695541094645989 ], [ 111.410467913063826, 30.695540794272404 ], [ 111.410755876882263, 30.695578662924959 ], [ 111.410929353406971, 30.695620901383563 ], [ 111.411140103233265, 30.695693779744147 ], [ 111.411384910385436, 30.695771897555062 ], [ 111.411463814203842, 30.695770310251589 ], [ 111.411728457702225, 30.695781507710592 ], [ 111.411827430791334, 30.695767822726964 ], [ 111.412068362764728, 30.695661423935633 ], [ 111.412178107034038, 30.695634333657722 ], [ 111.412341826814043, 30.695564282765531 ], [ 111.412502286551444, 30.695455466596627 ], [ 111.41255625756537, 30.695411169589875 ], [ 111.41269514616414, 30.695323813943048 ], [ 111.412799731022801, 30.695175058882 ], [ 111.412919750945832, 30.695016893315142 ], [ 111.412968965445543, 30.694945870255879 ], [ 111.413058001925435, 30.694779778963664 ], [ 111.413072968442862, 30.694660724912637 ], [ 111.413058679114727, 30.694575191292074 ], [ 111.413025840370381, 30.694493728902557 ], [ 111.412963549728033, 30.694400326214122 ], [ 111.41284397317088, 30.694297747742894 ], [ 111.412730774605677, 30.694240606618678 ], [ 111.412636268449205, 30.694211491067506 ], [ 111.412518600253293, 30.694194480391047 ], [ 111.412402541844017, 30.694192173630029 ], [ 111.412312854254935, 30.694205829835312 ], [ 111.412183849205405, 30.694251366107835 ], [ 111.412118957723919, 30.694274304215924 ], [ 111.412033874663678, 30.694278584988808 ], [ 111.411915453735332, 30.694266257981496 ], [ 111.411839558149154, 30.694248447807752 ], [ 111.411773689104507, 30.694222246059951 ], [ 111.411682251434797, 30.694187768750567 ], [ 111.411520767369609, 30.694054565665738 ], [ 111.41134841140007, 30.693912033913307 ], [ 111.411230369086411, 30.693805436371861 ], [ 111.41107947004167, 30.693614700058504 ], [ 111.411020353106835, 30.693538667775272 ], [ 111.410902103049807, 30.693383934021483 ], [ 111.410751201306994, 30.693190522224882 ], [ 111.410701255658466, 30.693089057114435 ], [ 111.410697500988988, 30.69293262004453 ], [ 111.410715786004801, 30.692865704188932 ], [ 111.410757330186755, 30.692810749316607 ], [ 111.410843744243493, 30.692755654150176 ], [ 111.410911452401706, 30.692667189639224 ], [ 111.411014521003324, 30.692525127332942 ], [ 111.411115972624145, 30.692367021121299 ], [ 111.411124827348885, 30.692265368052404 ], [ 111.411103246317907, 30.692062174329919 ], [ 111.411084609667114, 30.691903128326885 ], [ 111.411021322576175, 30.691755904811203 ], [ 111.410979323337244, 30.691702551631522 ], [ 111.410906260615491, 30.691621885142069 ], [ 111.410825495200527, 30.691549265786023 ], [ 111.410620608054671, 30.691395470924363 ], [ 111.410526777289135, 30.69134361871312 ], [ 111.410449163098463, 30.691283690589842 ], [ 111.410355614719833, 30.691211764611296 ], [ 111.410257513973136, 30.691150581933869 ], [ 111.410125723723297, 30.69108614371055 ], [ 111.410013212240131, 30.691006267725072 ], [ 111.409856282341536, 30.69084998174128 ], [ 111.409710310682442, 30.690724750247171 ], [ 111.409563937026121, 30.690503241831266 ], [ 111.409405216577625, 30.6902897958376 ], [ 111.409326966566368, 30.690078774415895 ], [ 111.409260878986515, 30.689835994335795 ], [ 111.409216957896433, 30.689674631679054 ], [ 111.40919927992303, 30.68951823867576 ], [ 111.409226588736203, 30.689389786709398 ], [ 111.409320361945333, 30.68924508039612 ], [ 111.409477647975223, 30.689118892023316 ], [ 111.409652215377491, 30.689055496114349 ], [ 111.409755749828037, 30.689024414645075 ], [ 111.409818996449644, 30.688978753366939 ], [ 111.409940945418441, 30.68891284655075 ], [ 111.409984024743096, 30.688855216195293 ], [ 111.410006786584063, 30.68874950898271 ], [ 111.410023049923893, 30.688570278595591 ], [ 111.410059604667083, 30.688432436807659 ], [ 111.410108543974104, 30.688297230932505 ], [ 111.410177718027455, 30.688190040737823 ], [ 111.410178298989365, 30.687961385409722 ], [ 111.410156620831458, 30.687774586328146 ], [ 111.410146866784658, 30.687662965173843 ], [ 111.410103300027345, 30.687604267323195 ], [ 111.410055950721699, 30.687566976035271 ], [ 111.409981609164049, 30.687548489571327 ], [ 111.409909484435332, 30.687505927356767 ], [ 111.40986200472787, 30.687437213756482 ], [ 111.409830649864602, 30.687339702065628 ], [ 111.409833254301304, 30.687222691274371 ], [ 111.40985907383731, 30.687108950417837 ], [ 111.409880564936145, 30.687068768708855 ], [ 111.40994363888791, 30.686982655924908 ], [ 111.410049770580486, 30.6868352345586 ], [ 111.41013904987733, 30.686726646817476 ], [ 111.410270112575802, 30.686620599661012 ], [ 111.410353379904677, 30.686553478760175 ], [ 111.410441303023788, 30.686490355345768 ], [ 111.410490512127581, 30.686419328689226 ], [ 111.410493353985146, 30.686359149655175 ], [ 111.410445099062258, 30.686289769657265 ], [ 111.410405045956168, 30.686248965617267 ], [ 111.41037051288896, 30.686213785937525 ], [ 111.410240282063512, 30.686150013212625 ], [ 111.410127247174898, 30.686128976271391 ], [ 111.409975569317226, 30.686116080892532 ], [ 111.409839301342743, 30.686088432135477 ], [ 111.409794113107864, 30.686073594221114 ], [ 111.40972449658841, 30.686020473965755 ], [ 111.409681063830021, 30.685987306968741 ], [ 111.409566186230677, 30.685895404349537 ], [ 111.409500962899244, 30.685853773832775 ], [ 111.40930549795047, 30.68571436812374 ], [ 111.409263565261313, 30.685677062446587 ], [ 111.409189060926565, 30.685619798115169 ], [ 111.408972119267958, 30.685539581286832 ], [ 111.408824895752446, 30.685481878086364 ], [ 111.408710278057015, 30.685451486397028 ], [ 111.408535405784448, 30.685441338447163 ], [ 111.408389778565549, 30.685394991885403 ], [ 111.408289793739073, 30.685349844120196 ], [ 111.408229346707174, 30.685323958034417 ], [ 111.408173521291076, 30.685293379286179 ], [ 111.407966296807274, 30.685132234265268 ], [ 111.407838769343812, 30.684974846611965 ], [ 111.40780290707869, 30.684908771622588 ], [ 111.407779339445142, 30.684822600382859 ], [ 111.407728811035952, 30.684579396721915 ], [ 111.407659919369905, 30.684384388628644 ], [ 111.40752285279757, 30.684165856968889 ], [ 111.407355410723653, 30.684081807229802 ], [ 111.407115264757806, 30.684000990553443 ], [ 111.407011509973302, 30.683978583944565 ], [ 111.406873806681006, 30.683976339236722 ], [ 111.406750068061285, 30.683984750595755 ], [ 111.406618690600169, 30.684015914802615 ], [ 111.406560058400089, 30.684053539739239 ], [ 111.40650789682212, 30.684159336883965 ], [ 111.406482455001367, 30.684365338289922 ], [ 111.406461624004919, 30.684563300655896 ], [ 111.406431061444437, 30.684654326436032 ], [ 111.406388082843819, 30.684736026246696 ], [ 111.406387445224425, 30.684736714228109 ], [ 111.406277184744397, 30.684855377973406 ], [ 111.406146283923931, 30.685000199399724 ], [ 111.406039913011682, 30.685092793597676 ], [ 111.405941019962199, 30.685122521587175 ], [ 111.405811114691289, 30.685136299200849 ], [ 111.405586834564929, 30.685150369094401 ], [ 111.405452191665404, 30.685140090742721 ], [ 111.405331407318783, 30.685115059912164 ], [ 111.405129881838775, 30.685020750707054 ], [ 111.404976336089135, 30.684930304090301 ], [ 111.404788552250011, 30.684791821085867 ], [ 111.404596240324338, 30.684680099207355 ], [ 111.40446751316523, 30.684604280962844 ], [ 111.404369925032142, 30.684576502703521 ], [ 111.404239171700567, 30.684539286958568 ], [ 111.404207281740753, 30.684530209201853 ], [ 111.404042972905074, 30.684455837966652 ], [ 111.40390953419768, 30.684362652014897 ], [ 111.403763674054517, 30.684260144590155 ], [ 111.403668962852464, 30.684178872856819 ], [ 111.403539928125383, 30.684029509854099 ], [ 111.403344402921846, 30.683888378346012 ], [ 111.403207794104617, 30.683777818391775 ], [ 111.403038708969405, 30.6836700310472 ], [ 111.402861863584121, 30.683556922414198 ], [ 111.402740869695435, 30.683479740797509 ], [ 111.402568869857589, 30.683414752189094 ], [ 111.402293090953549, 30.683320664217376 ], [ 111.40216135915955, 30.683266249837686 ], [ 111.402137848183258, 30.683192778823866 ], [ 111.402137447984956, 30.683096170052238 ], [ 111.402144155128781, 30.683034642035238 ], [ 111.402166377376489, 30.682983091996164 ], [ 111.402188665274764, 30.682948257656108 ], [ 111.402193134905303, 30.682906791715197 ], [ 111.40218833522357, 30.682868694634692 ], [ 111.402169459353104, 30.682822644849182 ], [ 111.402154645720486, 30.682809127139592 ], [ 111.402133382149998, 30.682789721568554 ], [ 111.40211211768019, 30.682770316896722 ], [ 111.402039235722327, 30.682729090175485 ], [ 111.401961792402801, 30.682707933624329 ], [ 111.401884349083502, 30.682686777972549 ], [ 111.401782929838419, 30.682667369703381 ], [ 111.401720247991136, 30.682661545693861 ], [ 111.401618769390836, 30.6826270935656 ], [ 111.401532045967201, 30.682606635787749 ], [ 111.401490142056502, 30.68257467208349 ], [ 111.401484247899873, 30.68255262880092 ], [ 111.401478353743016, 30.682530583719597 ], [ 111.401435615261505, 30.682483916999331 ], [ 111.401370517835176, 30.68245469622741 ], [ 111.401225640650978, 30.682401657810374 ], [ 111.401093080581404, 30.682333203214796 ], [ 111.400943371339622, 30.682232709372215 ], [ 111.400824632950503, 30.682139473957591 ], [ 111.400704985346863, 30.682013481637057 ], [ 111.40068308955307, 30.681987779012843 ], [ 111.400645908881756, 30.681944130417321 ], [ 111.400600567762069, 30.681881790312502 ], [ 111.400586512257746, 30.681797227060486 ], [ 111.40060375585881, 30.681476257223665 ], [ 111.400621044425804, 30.681165983923051 ], [ 111.400632242783956, 30.680880467159966 ], [ 111.40063450997485, 30.680640654842421 ], [ 111.400594336359632, 30.680635820986424 ], [ 111.400510570806205, 30.68063747843695 ], [ 111.400403830272637, 30.680639813076994 ], [ 111.400236767712784, 30.680645673958736 ], [ 111.399933575674027, 30.680654630307117 ], [ 111.399744723440278, 30.680628468129441 ], [ 111.399475443936694, 30.68060789973481 ], [ 111.399199843997735, 30.680555257918911 ], [ 111.39906995491458, 30.680547403240212 ], [ 111.398939983093896, 30.680566751254617 ], [ 111.398683443386403, 30.680634394661752 ], [ 111.398411528868962, 30.680726156087417 ], [ 111.398114697735252, 30.680777875198885 ], [ 111.397892039985777, 30.680807972809873 ], [ 111.397629017065526, 30.680803429434775 ], [ 111.397379823020401, 30.680776777126709 ], [ 111.397318117836846, 30.680759930126783 ], [ 111.397175374743767, 30.680719905799151 ], [ 111.39701269188231, 30.680661565878665 ], [ 111.396862363007813, 30.680597839918505 ], [ 111.396711910026681, 30.680503360741682 ], [ 111.396611138293508, 30.680451519322332 ], [ 111.396462383232461, 30.680394477123457 ], [ 111.396350719809959, 30.680326619677942 ], [ 111.396342311148771, 30.680320924271314 ], [ 111.396291766551826, 30.680286682584494 ], [ 111.396279120285215, 30.680263004334222 ], [ 111.396277624712695, 30.680233242170459 ], [ 111.396274263946282, 30.680167731056031 ], [ 111.39626757928545, 30.680046070769549 ], [ 111.396260912611126, 30.680016386846887 ], [ 111.396239835200333, 30.679979707097857 ], [ 111.396154486840146, 30.679915785984861 ], [ 111.396044265930243, 30.679822519094103 ], [ 111.395901392435348, 30.679689235969647 ], [ 111.395790908923402, 30.679531786263055 ], [ 111.395723977779426, 30.67943170430982 ], [ 111.39568474395594, 30.679294096345529 ], [ 111.395597328953556, 30.679103145993452 ], [ 111.395542989217688, 30.679029328740683 ], [ 111.395410343712399, 30.678976295719508 ], [ 111.395194433576421, 30.678889974292872 ], [ 111.395168344243757, 30.678879543056553 ], [ 111.39504455166491, 30.678878792122703 ], [ 111.394862882316204, 30.67888536436817 ], [ 111.394643510689548, 30.678883952432557 ], [ 111.394446065433669, 30.678899195941199 ], [ 111.394321950897449, 30.678906522717909 ], [ 111.394125518278088, 30.678904430894875 ], [ 111.393936880982267, 30.678905918373459 ], [ 111.393764543898669, 30.678941268025198 ], [ 111.393646372981891, 30.67895305004339 ], [ 111.393529155346243, 30.678938676179143 ], [ 111.393251843997461, 30.678912011280431 ], [ 111.392986915413871, 30.678846248355683 ], [ 111.392864566246772, 30.678827548752395 ], [ 111.392517911772245, 30.678831405045287 ], [ 111.39230156996166, 30.678843926306286 ], [ 111.391966316192736, 30.678837460180716 ], [ 111.391461230851178, 30.67886770887776 ], [ 111.39100390400705, 30.678934952985855 ], [ 111.390620205558207, 30.67898804176474 ], [ 111.390475233045606, 30.679017261637455 ], [ 111.390294243584492, 30.679055068236892 ], [ 111.390174624759254, 30.67906332761055 ], [ 111.390008610808763, 30.679107535584365 ], [ 111.389886208581743, 30.679137098997955 ], [ 111.389731890314636, 30.679171660843622 ], [ 111.389490758691693, 30.679270058366626 ], [ 111.389227468672914, 30.679368518842125 ], [ 111.3889929407718, 30.679455404143766 ], [ 111.388811715688178, 30.679574685723196 ], [ 111.388624574864423, 30.679740321059057 ], [ 111.388350459706146, 30.680001699119202 ], [ 111.388236488623249, 30.68012414541306 ], [ 111.388056945271842, 30.680258229833555 ], [ 111.387902412966127, 30.680445733084184 ], [ 111.38784525385546, 30.680564773645415 ], [ 111.391081633310762, 30.682466473748946 ], [ 111.39227098671671, 30.681630976588451 ], [ 111.393334098689763, 30.682060517079265 ], [ 111.394343519337951, 30.682039040369602 ], [ 111.395287971162986, 30.681983736560255 ], [ 111.395289617821788, 30.682007427401004 ], [ 111.395427571125708, 30.683991838152963 ], [ 111.394708091005782, 30.684528763091976 ], [ 111.394223676581476, 30.684658215104662 ], [ 111.394191990767865, 30.684795657593668 ], [ 111.393838272118614, 30.684260300172866 ], [ 111.392710729116914, 30.683422696800108 ], [ 111.391198036160574, 30.682658176833456 ], [ 111.390524122890156, 30.683123435698121 ], [ 111.38998371667526, 30.683496523945564 ], [ 111.387932708427741, 30.682026938192735 ], [ 111.387962469692297, 30.682144619878443 ], [ 111.38800104521215, 30.68229714939406 ], [ 111.387975542237484, 30.682318707942045 ], [ 111.38796544644822, 30.682327243407542 ], [ 111.389685296439382, 30.68370254873372 ], [ 111.388846708309075, 30.68428149809273 ], [ 111.38743279688606, 30.685257640228031 ], [ 111.385912712401819, 30.686307083405211 ], [ 111.384984216348641, 30.685387995159886 ], [ 111.38395090431095, 30.684365153029432 ], [ 111.383910489677532, 30.684482035217798 ], [ 111.383916510638471, 30.684698237633597 ], [ 111.383928057933701, 30.6848480377069 ], [ 111.383901840897352, 30.685008578383304 ], [ 111.383869440122623, 30.685117816334241 ], [ 111.383764961383918, 30.685196487228211 ], [ 111.383653741327294, 30.685302382399072 ], [ 111.38322927121402, 30.685621942099033 ], [ 111.383068301560911, 30.68574312664407 ], [ 111.382912088422131, 30.685738230734842 ], [ 111.382673733006413, 30.685656541716071 ], [ 111.382536720393432, 30.685589425311889 ], [ 111.382401099031597, 30.685479563231411 ], [ 111.38230184355524, 30.685345334919361 ], [ 111.382169528101372, 30.685183775311032 ], [ 111.382089078348372, 30.685041902761782 ], [ 111.381998093037737, 30.684912842853578 ], [ 111.381932808552335, 30.684820236065207 ], [ 111.381819973313213, 30.684760617308712 ], [ 111.381761027249752, 30.684729125748561 ], [ 111.381569665907477, 30.684628559060798 ], [ 111.381394951016205, 30.684514023203747 ], [ 111.381287728446011, 30.684470367413667 ], [ 111.381220837771536, 30.684443131445505 ], [ 111.381078049712301, 30.684401234729364 ], [ 111.380757803829681, 30.684406070383886 ], [ 111.380613393393503, 30.684504484994022 ], [ 111.380464432387669, 30.684565056132556 ], [ 111.380290376699577, 30.684620046078294 ], [ 111.380232866853476, 30.684638217779593 ], [ 111.379925835608958, 30.684750583572736 ], [ 111.379882984712083, 30.684766270447085 ], [ 111.379602862981812, 30.684829639376403 ], [ 111.379421514691273, 30.684847059244419 ], [ 111.379151477059054, 30.68487904902895 ], [ 111.378863808218284, 30.684943258824489 ], [ 111.378691739132535, 30.684989490272812 ], [ 111.378504958936787, 30.685057782091064 ], [ 111.378319271417411, 30.685098480010936 ], [ 111.377899241257069, 30.684976498666629 ], [ 111.377795159119501, 30.684702818780238 ], [ 111.377597015989693, 30.684447395131258 ], [ 111.377401473699194, 30.684273657803089 ], [ 111.377394045299127, 30.684267056779333 ], [ 111.377225218269245, 30.684144039415969 ], [ 111.37704119269705, 30.683930491798833 ], [ 111.376907105578539, 30.683784287215133 ], [ 111.376776365736873, 30.68368526826066 ], [ 111.376669668370539, 30.683587228667704 ], [ 111.376486362255889, 30.683403444113708 ], [ 111.37637306296665, 30.683307820099913 ], [ 111.376236891219719, 30.683414386165055 ], [ 111.376175015165018, 30.68346280836198 ], [ 111.376110102998894, 30.683513606567828 ], [ 111.375961354233254, 30.68359410578347 ], [ 111.375816842173663, 30.68368894109193 ], [ 111.375501135169316, 30.683810742571779 ], [ 111.375369318839034, 30.683861600132786 ], [ 111.375183169068009, 30.683898555074279 ], [ 111.374888403676891, 30.683949239066237 ], [ 111.374695542265442, 30.683970878553396 ], [ 111.374571472695379, 30.684003819820532 ], [ 111.374350039822616, 30.68409262877185 ], [ 111.374204180578658, 30.684172561414755 ], [ 111.374132678180672, 30.684215560699613 ], [ 111.373881166582635, 30.684366807781998 ], [ 111.373728660449444, 30.684275067040801 ], [ 111.373655772196287, 30.684230386922877 ], [ 111.373629066828073, 30.684214016563772 ], [ 111.373383086060755, 30.684063226336889 ], [ 111.373291149267288, 30.683971416347958 ], [ 111.373098116085316, 30.683839341012913 ], [ 111.372938463039702, 30.683815395664112 ], [ 111.372913603080463, 30.683813572738302 ], [ 111.372646740055075, 30.683894606151341 ], [ 111.372506845114799, 30.683960703623711 ], [ 111.37232310462764, 30.684054300565663 ], [ 111.372186410374582, 30.684099578732628 ], [ 111.371991102807272, 30.684162656281671 ], [ 111.371832823026352, 30.684212210725093 ], [ 111.371833379706743, 30.684215272017298 ], [ 111.371834166613667, 30.684219580669208 ], [ 111.372153096787997, 30.684237921443071 ], [ 111.372145809581639, 30.684374038331327 ], [ 111.372104688080924, 30.685142167277377 ], [ 111.372104402096511, 30.68514754432374 ], [ 111.372079339789821, 30.685615681918193 ], [ 111.372070779143201, 30.685775584975431 ], [ 111.372145945379145, 30.686037139302584 ], [ 111.372507024079937, 30.686650223329309 ], [ 111.372596629830639, 30.686802363438346 ], [ 111.372723676156852, 30.687018075723756 ], [ 111.372749302338548, 30.687061586722962 ], [ 111.372757847696562, 30.687070822760347 ], [ 111.372910825074712, 30.687236157722623 ], [ 111.373013795650252, 30.68734744792647 ], [ 111.373086093948245, 30.687425586421796 ], [ 111.373148897204032, 30.687426226739149 ], [ 111.373337911315559, 30.687428159382137 ], [ 111.374163419706122, 30.687436589626941 ], [ 111.374170444310664, 30.687666300759361 ], [ 111.37419444092086, 30.688451094142863 ], [ 111.374295646127223, 30.688535565663869 ], [ 111.374418991743255, 30.688638520951145 ], [ 111.374539414562321, 30.68873903367961 ], [ 111.37468654814586, 30.688861842400115 ], [ 111.375534771612422, 30.68956981569454 ], [ 111.376185438307346, 30.690112886600446 ], [ 111.376269783923533, 30.690241600269701 ], [ 111.376584170722992, 30.690721363400257 ], [ 111.377321589619783, 30.691216121826642 ], [ 111.377519873943129, 30.691349156738283 ], [ 111.377687503975324, 30.691461622356087 ], [ 111.377693345071975, 30.691465540702268 ], [ 111.37834115641931, 30.691900163262062 ], [ 111.380434035302642, 30.690449873363036 ], [ 111.382871723251583, 30.688760644388196 ], [ 111.386189922127244, 30.692615768203211 ], [ 111.386444340334094, 30.692945740253833 ], [ 111.383644805663323, 30.694698082750506 ], [ 111.383577684762486, 30.694609274698394 ], [ 111.382358695097764, 30.695385816802116 ], [ 111.382374367583111, 30.695684770336015 ], [ 111.380580012357825, 30.696661907121381 ], [ 111.380584368673851, 30.696943694396111 ], [ 111.380593839434198, 30.697556208252479 ], [ 111.380774554602169, 30.698004204630422 ], [ 111.380778436075957, 30.698038755684195 ], [ 111.380811764051714, 30.698335545449197 ], [ 111.380835006130724, 30.698390138793968 ], [ 111.381022709030901, 30.698831026031087 ], [ 111.381220238823062, 30.699294987174028 ], [ 111.381476204763089, 30.700247834170341 ], [ 111.38148660901993, 30.700286573366725 ], [ 111.381593756047153, 30.700685416398926 ], [ 111.38168251013974, 30.700742719401092 ], [ 111.381725980669501, 30.700770786342787 ], [ 111.382389799050031, 30.701199373552413 ], [ 111.382712370579554, 30.701407636753061 ], [ 111.383180649367546, 30.701769781150517 ], [ 111.384644944408706, 30.702902174196026 ], [ 111.384862690960517, 30.703069423814952 ], [ 111.384872328095469, 30.703076826134804 ], [ 111.384932380325154, 30.703122950563852 ], [ 111.384976544232188, 30.703156872991372 ], [ 111.384999495830129, 30.703220497328118 ], [ 111.385187175347937, 30.703740744339996 ], [ 111.385318570795505, 30.704331385784883 ], [ 111.385468764771701, 30.704581750747252 ], [ 111.385472060787095, 30.704605662821166 ], [ 111.385543905826694, 30.705126899986624 ], [ 111.385689856801548, 30.705427051417416 ], [ 111.385678742979678, 30.705728339591246 ], [ 111.385480310268179, 30.705939050746565 ], [ 111.385430935689271, 30.705991483020568 ], [ 111.385329901354055, 30.706013110816514 ], [ 111.384445881272597, 30.706202360550606 ], [ 111.384447241946816, 30.706545707318696 ], [ 111.384447708694893, 30.706663659700212 ], [ 111.38444790025045, 30.706711782422929 ], [ 111.384453464356056, 30.708116011744721 ], [ 111.384453795306456, 30.708199387891625 ], [ 111.38396705703417, 30.708725520966141 ], [ 111.3839256783275, 30.708770251446083 ], [ 111.383889963551098, 30.708859894069008 ], [ 111.383778920660859, 30.709138615554707 ], [ 111.383777684992197, 30.709140101234709 ], [ 111.383408619412364, 30.70958342293676 ], [ 111.383408088812416, 30.709782608380692 ], [ 111.383407210174653, 30.710112814255069 ], [ 111.383599471738307, 30.710503442879656 ], [ 111.383607838131354, 30.710898381954848 ], [ 111.383488536766663, 30.711315486620492 ], [ 111.383355816617666, 30.711779491830214 ], [ 111.383008567691377, 30.71229259372825 ], [ 111.382999167078083, 30.712559162675291 ], [ 111.382991241352784, 30.712783876275012 ], [ 111.382988690875436, 30.712856192559343 ], [ 111.383323129858582, 30.713378418978948 ], [ 111.383324200051959, 30.713977731687066 ], [ 111.383324646115568, 30.714227890704649 ], [ 111.383324652410806, 30.714232229933543 ], [ 111.383333490948019, 30.714237022420832 ], [ 111.383420763857259, 30.714284342948247 ], [ 111.383709602716067, 30.714440956285273 ], [ 111.384300971712662, 30.714761600567442 ], [ 111.384841455269054, 30.715054651850778 ], [ 111.384865947405729, 30.715067931240071 ], [ 111.385286559427243, 30.715072651781554 ], [ 111.385417450355192, 30.715074117676522 ], [ 111.386039463750308, 30.714898694119597 ], [ 111.386496665588822, 30.7149444588199 ], [ 111.386764365882925, 30.715236615277661 ], [ 111.386800678708539, 30.715530103631465 ], [ 111.386807132243518, 30.715582255316917 ], [ 111.386759044594271, 30.715686888739015 ], [ 111.386732849141708, 30.715743891367595 ], [ 111.386621900680268, 30.71598530897495 ], [ 111.386630222107158, 30.716429082136415 ], [ 111.386823884814589, 30.716841999558824 ], [ 111.386873788194862, 30.716948396551345 ], [ 111.387078056607152, 30.717383920231782 ], [ 111.387462745209575, 30.717925286023274 ], [ 111.388296955440239, 30.718281671162288 ], [ 111.388333065918403, 30.718297098132723 ], [ 111.388402571821302, 30.719098767294327 ], [ 111.388381388290611, 30.719200563355344 ], [ 111.387986986110718, 30.721095832406718 ], [ 111.387969154353129, 30.721181523408575 ], [ 111.387968910636801, 30.721182688930128 ], [ 111.387693237852829, 30.72250735972699 ], [ 111.387888034605226, 30.722929228101577 ], [ 111.387958784270552, 30.723082442900477 ], [ 111.388163049984769, 30.723524811321113 ], [ 111.388292240294788, 30.723547413082827 ], [ 111.389036551595723, 30.723677623223807 ], [ 111.390327404286438, 30.723186897357607 ], [ 111.390542889043218, 30.722840955146012 ], [ 111.391044024562063, 30.722036420744246 ], [ 111.391320931216114, 30.721591863373988 ], [ 111.391476139812141, 30.721342686415994 ], [ 111.391480151687801, 30.721336243672738 ], [ 111.391519336048589, 30.721309647122553 ], [ 111.391724710626931, 30.721170254004164 ], [ 111.391757638404442, 30.7211479040526 ], [ 111.392306597171739, 30.720775301439119 ], [ 111.392399203060904, 30.719085349409397 ], [ 111.392690721899498, 30.718977750922477 ], [ 111.392786362101049, 30.718942451632984 ], [ 111.393429316210018, 30.718705137632128 ], [ 111.394550581044598, 30.718291275022352 ], [ 111.394552290655724, 30.718184836660953 ], [ 111.39460347377144, 30.714997684295838 ], [ 111.394879673558194, 30.714883846312489 ], [ 111.395513469870878, 30.714622616640497 ], [ 111.395506669197403, 30.714464826090989 ], [ 111.395458553669357, 30.713348369931452 ], [ 111.395560284979297, 30.713293898894506 ], [ 111.395889250688526, 30.713117749584626 ], [ 111.39679912178218, 30.712630544564149 ], [ 111.396799270170163, 30.712630465423672 ], [ 111.396877836742817, 30.712588394239106 ], [ 111.397067576607526, 30.712486792431605 ], [ 111.397772526381061, 30.712109301103453 ], [ 111.397905971383523, 30.712037843671681 ], [ 111.398139661116488, 30.712047266768081 ], [ 111.39925280687163, 30.712092149233342 ], [ 111.399833493720791, 30.712115557686957 ], [ 111.399883627327597, 30.712117579362769 ], [ 111.399559116859848, 30.712539568246598 ], [ 111.399517864058339, 30.712593213705873 ], [ 111.399534316255767, 30.712602658386118 ], [ 111.399758456987342, 30.71273133518298 ], [ 111.399953078371993, 30.712843065155482 ], [ 111.400462081160128, 30.713135272874638 ], [ 111.400596217741452, 30.713136947412295 ], [ 111.400605038291985, 30.713137057129529 ], [ 111.401142960579307, 30.713143770568593 ], [ 111.401208513062556, 30.71314458985097 ], [ 111.401205455367517, 30.713327486774176 ], [ 111.40119469587853, 30.713971183723288 ], [ 111.40119332980845, 30.714052829574598 ], [ 111.40117109317157, 30.715383155308416 ], [ 111.401155371223581, 30.716323629432111 ], [ 111.401145110858181, 30.716457101414164 ], [ 111.401110850285704, 30.716902853084264 ], [ 111.40107430903231, 30.717378235617218 ], [ 111.401045280715266, 30.717755893319861 ], [ 111.401560555375397, 30.7191855869454 ], [ 111.401757051846573, 30.719586520001883 ], [ 111.402016337184307, 30.720115566880054 ], [ 111.402088630086268, 30.721561587697238 ], [ 111.402359763092647, 30.722936625025341 ], [ 111.402406711300785, 30.72317471244321 ], [ 111.402410313085625, 30.72319298396917 ], [ 111.402522052950474, 30.723458900008268 ], [ 111.402526623305221, 30.723469778207743 ], [ 111.402537238003333, 30.723495035667497 ], [ 111.402689814283633, 30.723858133346369 ], [ 111.402741522603208, 30.723981186682408 ], [ 111.402847542780023, 30.724233486086575 ], [ 111.4028790361387, 30.724308432888051 ], [ 111.403800307938013, 30.725194494430411 ], [ 111.403853427293825, 30.725383003123113 ], [ 111.403898593945087, 30.725543292888744 ], [ 111.40397073396224, 30.725799304694306 ], [ 111.404029781649172, 30.726008845831643 ], [ 111.403835183646891, 30.726345405416282 ], [ 111.403369919386364, 30.727150084608695 ], [ 111.403294905135908, 30.727279820807212 ], [ 111.403156022832377, 30.727520017135078 ], [ 111.403158477981549, 30.727993976041205 ], [ 111.403160059888933, 30.728298914563425 ], [ 111.403160507751295, 30.728385567839837 ], [ 111.403163941362948, 30.72904721165952 ], [ 111.404056529285413, 30.729521322551079 ], [ 111.404634012749682, 30.72982805701929 ], [ 111.404778648016304, 30.72990488160508 ], [ 111.405174052040991, 30.730114899383182 ], [ 111.405301216178373, 30.730163775737708 ], [ 111.405708564998463, 30.73032034590733 ], [ 111.405971953942526, 30.73042158438875 ], [ 111.406017601731037, 30.730439130161756 ], [ 111.406063273801237, 30.730456684028923 ], [ 111.406319626449658, 30.730555215550908 ], [ 111.409143646062489, 30.730441937845285 ], [ 111.409352026175156, 30.730433578646796 ], [ 111.410143257805203, 30.72996185185815 ], [ 111.410165952197019, 30.72994831975933 ], [ 111.410237448299711, 30.729905694592276 ], [ 111.410255049830823, 30.729895202201874 ], [ 111.410689715558021, 30.729636051762441 ], [ 111.410708283860288, 30.729624982007351 ], [ 111.4110683679109, 30.729534005689857 ], [ 111.411534482930165, 30.72941623856866 ] ] ] } },
{ "type": "Feature", "properties": { "SQMC": "土门村", "SSJD": "生物产业园" }, "geometry": { "type": "Polygon", "coordinates": [ [ [ 111.417417023077292, 30.708161442796381 ], [ 111.417628961807281, 30.70814471360768 ], [ 111.417774434342846, 30.708145585950206 ], [ 111.418068410129138, 30.708132605135745 ], [ 111.418289593889654, 30.708106490622185 ], [ 111.418489181330813, 30.708096486563591 ], [ 111.418582011150932, 30.708092177911851 ], [ 111.418614501857917, 30.708089398107404 ], [ 111.418677858196588, 30.708067799989067 ], [ 111.418787393823209, 30.707989890820897 ], [ 111.418926099859732, 30.707857069048657 ], [ 111.419103267202217, 30.707671969685805 ], [ 111.419301969710205, 30.707457387848308 ], [ 111.41944359494596, 30.707284439225589 ], [ 111.41959168360944, 30.707174313643691 ], [ 111.419695161402728, 30.707127181074554 ], [ 111.419852847630864, 30.707090567875525 ], [ 111.419970342257557, 30.7070634443225 ], [ 111.42010195624033, 30.707080404637111 ], [ 111.420225869328476, 30.707106746679074 ], [ 111.420391614381572, 30.707143651258548 ], [ 111.420554354799663, 30.707201962400802 ], [ 111.420731301808189, 30.707324405097268 ], [ 111.420818169123322, 30.70737225982208 ], [ 111.420949839763409, 30.707402590357333 ], [ 111.421138676708608, 30.707411338962174 ], [ 111.421292053385628, 30.707450956796379 ], [ 111.421510630910973, 30.707538500401597 ], [ 111.421650267745861, 30.707620952944751 ], [ 111.421836653139167, 30.707778129257406 ], [ 111.421940571600203, 30.707832619180181 ], [ 111.422089398606943, 30.707893642677561 ], [ 111.422280026102442, 30.707958544950998 ], [ 111.422422437345745, 30.707967442843369 ], [ 111.422611064748878, 30.707928051638419 ], [ 111.422811893254334, 30.707847170210812 ], [ 111.422983191621142, 30.707738303679889 ], [ 111.423117363275878, 30.707632232241849 ], [ 111.423267018558192, 30.707527447733696 ], [ 111.423404533892267, 30.707478862759444 ], [ 111.423523597835811, 30.707457081179484 ], [ 111.423628812220045, 30.707452725762835 ], [ 111.423769790843323, 30.707488373090086 ], [ 111.423862804125179, 30.707525507895866 ], [ 111.42401227504655, 30.707556443675003 ], [ 111.424172611576921, 30.7075953672325 ], [ 111.424394233307282, 30.70766952442915 ], [ 111.424584795152157, 30.707719715592589 ], [ 111.424707195580652, 30.707752744093909 ], [ 111.424899172958646, 30.707772173047488 ], [ 111.425035466113854, 30.707797132831388 ], [ 111.425170085631009, 30.707794019378639 ], [ 111.425258211996947, 30.707775011307774 ], [ 111.425301458595584, 30.707756150725857 ], [ 111.425313569765422, 30.707694602024446 ], [ 111.42530543989426, 30.707605040340525 ], [ 111.425272438372417, 30.707490152848266 ], [ 111.425250097414164, 30.707335117821515 ], [ 111.425249522747436, 30.707204077606207 ], [ 111.42526322032154, 30.707151882753351 ], [ 111.425312102071928, 30.707005974945901 ], [ 111.425413530310152, 30.706843848764777 ], [ 111.425498370553441, 30.706782061742899 ], [ 111.425561724194381, 30.70676046092666 ], [ 111.425598061301571, 30.706753656656076 ], [ 111.425850949761582, 30.706724748848217 ], [ 111.425954620009804, 30.706721734320695 ], [ 111.426055077879539, 30.706691988344744 ], [ 111.426093664191285, 30.706669130276225 ], [ 111.426129112768535, 30.706635583765205 ], [ 111.426147476025392, 30.706588723690629 ], [ 111.426159366861441, 30.706550919789152 ], [ 111.426159686120741, 30.706549907152578 ], [ 111.426176146412161, 30.706421485763144 ], [ 111.426173658887308, 30.706207548739485 ], [ 111.426199161861973, 30.706024278597681 ], [ 111.42622185625379, 30.705906534858855 ], [ 111.42626146419525, 30.705763330413561 ], [ 111.426325977062277, 30.705653471930361 ], [ 111.426440110922499, 30.70556752102442 ], [ 111.426490240931969, 30.70552924677736 ], [ 111.426532679939328, 30.705503034237665 ], [ 111.426629720385392, 30.705399754295343 ], [ 111.426665105110601, 30.705352836664133 ], [ 111.42671580978697, 30.705271108075294 ], [ 111.426775564340971, 30.705134520841511 ], [ 111.426792074994466, 30.705018134179568 ], [ 111.426825578337855, 30.704895007998346 ], [ 111.426831005746408, 30.704721160053566 ], [ 111.426796437605503, 30.704602266081736 ], [ 111.426780545685745, 30.70450738310933 ], [ 111.426819898219776, 30.704306679609658 ], [ 111.426922519858408, 30.704065656804744 ], [ 111.427016125793671, 30.70388617100997 ], [ 111.427121952616005, 30.703670543261069 ], [ 111.427180154041025, 30.703533962322695 ], [ 111.427210586199692, 30.703416195201328 ], [ 111.427216517228544, 30.70335733996933 ], [ 111.427237175555319, 30.703128618990661 ], [ 111.427259965275255, 30.703032270123288 ], [ 111.427344407118824, 30.702880895337159 ], [ 111.427390497373665, 30.702804524009764 ], [ 111.427556967280339, 30.702656224005636 ], [ 111.427633728913634, 30.702630572642818 ], [ 111.427662037772905, 30.702621115372324 ], [ 111.427826205415215, 30.702652663589674 ], [ 111.428021524673738, 30.702730246303986 ], [ 111.428063400705469, 30.702751837227538 ], [ 111.428134787990189, 30.702799402370658 ], [ 111.428324126757047, 30.702923134694913 ], [ 111.428446684567007, 30.702993601073956 ], [ 111.428581636833258, 30.703066699768556 ], [ 111.428722746757558, 30.703133090419897 ], [ 111.428825083310983, 30.703179554792712 ], [ 111.428905568137623, 30.703183302267746 ], [ 111.428973555085577, 30.703160345273773 ], [ 111.42907677657206, 30.703057044647039 ], [ 111.429125795918878, 30.702944562841481 ], [ 111.429238115846431, 30.702798440995309 ], [ 111.429379897564388, 30.702666934031924 ], [ 111.429563633554892, 30.702574062842814 ], [ 111.429759819759965, 30.702497196888316 ], [ 111.429920569079059, 30.702455214736517 ], [ 111.430011934803076, 30.702470959167499 ], [ 111.43010789336472, 30.702474651783859 ], [ 111.430186700056197, 30.702448986032039 ], [ 111.43037181920414, 30.70232000886142 ], [ 111.430488581782754, 30.702129745591378 ], [ 111.430589940773302, 30.701955581085258 ], [ 111.430768392347545, 30.701718315647724 ], [ 111.430795267687529, 30.701694739021036 ], [ 111.430974939641828, 30.701537115745396 ], [ 111.431181792705729, 30.70142411143371 ], [ 111.431459890961264, 30.701325575415069 ], [ 111.431830583414694, 30.701170574562525 ], [ 111.432193413995037, 30.700987515761369 ], [ 111.432389467999712, 30.700882565777874 ], [ 111.432532165227258, 30.700783811224028 ], [ 111.43269948589267, 30.700655558007611 ], [ 111.432750513425447, 30.700585988252897 ], [ 111.432794848203798, 30.700525539422244 ], [ 111.432885677931893, 30.700420935677698 ], [ 111.433051925705854, 30.700225161362198 ], [ 111.433167294335306, 30.70007100497304 ], [ 111.433273275841202, 30.699894148796034 ], [ 111.433297390262453, 30.69974965472278 ], [ 111.433301519049849, 30.69963464672162 ], [ 111.433274875734924, 30.699559186407384 ], [ 111.433294543908175, 30.699458164662644 ], [ 111.433323295233947, 30.699312989802763 ], [ 111.433357994675816, 30.699113638883318 ], [ 111.433369845042364, 30.69899459202685 ], [ 111.433375748192361, 30.698930391224678 ], [ 111.433372246232182, 30.6988394742624 ], [ 111.433343607321774, 30.698663065947926 ], [ 111.433336869600964, 30.698540071067498 ], [ 111.433339176361983, 30.698363560230291 ], [ 111.433323225086838, 30.698256640731415 ], [ 111.433279697000444, 30.698199961858791 ], [ 111.433227694602522, 30.698164889198324 ], [ 111.433305555207255, 30.697937119702431 ], [ 111.433342177399652, 30.697822003782619 ], [ 111.433386220797559, 30.697635995205189 ], [ 111.433425728014925, 30.697527063923019 ], [ 111.433507220981653, 30.697357462576917 ], [ 111.433551534176161, 30.697231622241588 ], [ 111.433561515751364, 30.697041714203863 ], [ 111.433546799245505, 30.69686392183263 ], [ 111.433515356248847, 30.696753045316825 ], [ 111.433502501339547, 30.69664611592566 ], [ 111.433447717338368, 30.696505897229429 ], [ 111.433406049050006, 30.696384610161772 ], [ 111.433390551033256, 30.696287896169565 ], [ 111.433389121111134, 30.696230024795909 ], [ 111.433388323412487, 30.696134479922364 ], [ 111.433402532700825, 30.695993354709742 ], [ 111.433416993799256, 30.695824653585021 ], [ 111.433442460800961, 30.695711705930592 ], [ 111.433492701427156, 30.695496714002331 ], [ 111.433545877440451, 30.695443370714997 ], [ 111.433610027880604, 30.69542961828239 ], [ 111.43391553837148, 30.695410549956989 ], [ 111.434210990844633, 30.695390843112989 ], [ 111.434441533849792, 30.695388735102199 ], [ 111.434556102981901, 30.695383805918027 ], [ 111.434658976430683, 30.695350960878272 ], [ 111.434769885321998, 30.695286998396341 ], [ 111.434882421086911, 30.695221618582991 ], [ 111.43496391225483, 30.695160580696211 ], [ 111.43501272835482, 30.695106720299009 ], [ 111.435045203773257, 30.695055735933522 ], [ 111.435057574847349, 30.694897424676583 ], [ 111.435053697870046, 30.694761775435779 ], [ 111.435156193603518, 30.69464555424895 ], [ 111.435307670013117, 30.694578124880593 ], [ 111.435490896987289, 30.694529968882989 ], [ 111.435632922421576, 30.694475794622349 ], [ 111.435908418039162, 30.694285508869314 ], [ 111.436118398045721, 30.694071421658975 ], [ 111.436302426316047, 30.693904052430071 ], [ 111.436450180431621, 30.693670388777548 ], [ 111.436543703629184, 30.693377555130098 ], [ 111.436592812908145, 30.693025520011872 ], [ 111.436621430234936, 30.692844544040611 ], [ 111.436632019751926, 30.692653733083375 ], [ 111.436649955830887, 30.692550347020983 ], [ 111.436537825660309, 30.692511132083212 ], [ 111.436358919928296, 30.692290103905236 ], [ 111.436316087917305, 30.69110142768892 ], [ 111.436567175934499, 30.690671281954224 ], [ 111.436476947852952, 30.688854010204466 ], [ 111.435781569563972, 30.688296642775981 ], [ 111.435695615060752, 30.688074429291532 ], [ 111.435649493329606, 30.687955198973327 ], [ 111.435618921775927, 30.687876166551973 ], [ 111.435504981270014, 30.687581605306889 ], [ 111.435416986205098, 30.687374545399052 ], [ 111.435286750882824, 30.687068071734245 ], [ 111.434593371786832, 30.68543638857858 ], [ 111.433843083591512, 30.684528343108639 ], [ 111.433836160610383, 30.684427969775015 ], [ 111.433820508809504, 30.684200973696022 ], [ 111.433780721003529, 30.683624007342189 ], [ 111.433901951413986, 30.682940356212555 ], [ 111.433352348732001, 30.68254604036747 ], [ 111.4333887820668, 30.682476812354992 ], [ 111.433306417657093, 30.682511740224697 ], [ 111.433167293435986, 30.682537605626067 ], [ 111.433058991679218, 30.682536629861715 ], [ 111.432888618714969, 30.68249440669166 ], [ 111.432792552234503, 30.682461298150486 ], [ 111.432744328787749, 30.682402624581584 ], [ 111.432712857912065, 30.682283720717237 ], [ 111.4326873432463, 30.682112651677585 ], [ 111.432665338634479, 30.682035170586687 ], [ 111.432615514394456, 30.681964464988141 ], [ 111.432464673805725, 30.681791137750963 ], [ 111.43235276217041, 30.681673842773705 ], [ 111.432236110208351, 30.681534493722097 ], [ 111.432189234845396, 30.681430353128349 ], [ 111.43212059229154, 30.681302214125992 ], [ 111.432039619133207, 30.681184813928212 ], [ 111.431966678719334, 30.681133575054616 ], [ 111.431921779166828, 30.681125702389409 ], [ 111.431822781795972, 30.681130038920173 ], [ 111.431634095037509, 30.681142702273917 ], [ 111.431468462399778, 30.68112185688824 ], [ 111.431318244141835, 30.681088258216676 ], [ 111.431212829208903, 30.681040470041637 ], [ 111.431141461709217, 30.680995242236691 ], [ 111.431085519381327, 30.680939269331986 ], [ 111.431091492678377, 30.680891108837727 ], [ 111.431149810115812, 30.68078394382394 ], [ 111.431220120012597, 30.680591159754385 ], [ 111.431271699729223, 30.680360998061644 ], [ 111.431295752996732, 30.680203134667124 ], [ 111.431270372329891, 30.68006148065291 ], [ 111.431232760883347, 30.679952626712463 ], [ 111.431203044584947, 30.67988052176878 ], [ 111.431173654740576, 30.679881957086764 ], [ 111.431163363798248, 30.679879697989861 ], [ 111.431153729361199, 30.679878741111168 ], [ 111.431093793144157, 30.680001950030146 ], [ 111.431015094371105, 30.68012287107382 ], [ 111.430965355566741, 30.680182169671525 ], [ 111.430816071704328, 30.680183999791893 ], [ 111.430656737018978, 30.68018720137826 ], [ 111.430432372356108, 30.680178584973817 ], [ 111.430293149209547, 30.680181718211827 ], [ 111.430048888845249, 30.680222640062823 ], [ 111.429945367884557, 30.680252400428003 ], [ 111.429852710734167, 30.680290144974322 ], [ 111.429741801842852, 30.680398821748383 ], [ 111.429616948963144, 30.680503533411411 ], [ 111.429570740896963, 30.680550484317507 ], [ 111.42946280336588, 30.680631069867957 ], [ 111.429325204394729, 30.680651580706012 ], [ 111.429154936651173, 30.68063208520266 ], [ 111.428990964161756, 30.680636637570899 ], [ 111.428890405567927, 30.680636970319995 ], [ 111.428848599683306, 30.680629083265615 ], [ 111.428791292184485, 30.680614563711174 ], [ 111.428706051742893, 30.680580079207402 ], [ 111.42860210000697, 30.680512893555317 ], [ 111.428558427129758, 30.680432808927151 ], [ 111.428514746158726, 30.680350049715059 ], [ 111.428452121867906, 30.680181774869084 ], [ 111.42844515661875, 30.680005291910732 ], [ 111.428419838904574, 30.679877009916254 ], [ 111.42833880099505, 30.679743561316343 ], [ 111.428227035949135, 30.679658350552586 ], [ 111.428121495111043, 30.679581143754831 ], [ 111.427932015150418, 30.679413282596954 ], [ 111.427823287115132, 30.679314692619016 ], [ 111.427773331574087, 30.679213232904431 ], [ 111.427744768206594, 30.679050195709976 ], [ 111.427738050270875, 30.678929870916875 ], [ 111.427666394088931, 30.678817788410356 ], [ 111.427542125768639, 30.678703200392533 ], [ 111.427393316748237, 30.678636831324809 ], [ 111.42726610404759, 30.678557020090523 ], [ 111.427209882929901, 30.678436860772479 ], [ 111.427129458357854, 30.678260707865491 ], [ 111.427109908895318, 30.678217894740158 ], [ 111.427090642719122, 30.678057498854628 ], [ 111.427096276072461, 30.677931788921114 ], [ 111.427144784604252, 30.677704314402604 ], [ 111.427175200575107, 30.677584539994655 ], [ 111.427221160428303, 30.677482094623144 ], [ 111.427279771044766, 30.677441789706961 ], [ 111.427357015613893, 30.677417464844098 ], [ 111.42745912014226, 30.677417131195796 ], [ 111.427520917956087, 30.67739820766127 ], [ 111.427579385580259, 30.677325808639182 ], [ 111.427627110802575, 30.677272834074188 ], [ 111.427677857747028, 30.677203134816978 ], [ 111.427707208920594, 30.677193678445633 ], [ 111.427750542753472, 30.677197547329001 ], [ 111.427820307661079, 30.677230747601016 ], [ 111.427866745953622, 30.677237282074941 ], [ 111.427910026726522, 30.677229116230762 ], [ 111.427956295946444, 30.677196871938236 ], [ 111.427976277982907, 30.677167387664895 ], [ 111.428014645759447, 30.677097729776563 ], [ 111.428023659664234, 30.677036190967442 ], [ 111.428043583244914, 30.676993338272041 ], [ 111.428077452612456, 30.67695645617556 ], [ 111.428200883663976, 30.676881166732585 ], [ 111.428293611860852, 30.67685946789021 ], [ 111.428373840380516, 30.676859204388848 ], [ 111.428687243321804, 30.676710392670486 ], [ 111.428939245050231, 30.676590736973083 ], [ 111.430007326676957, 30.676083587687458 ], [ 111.43101965033668, 30.675574823219563 ], [ 111.430985742298162, 30.675530810398641 ], [ 111.430984038982274, 30.675495378908749 ], [ 111.431002402239187, 30.675449856126022 ], [ 111.431048675056388, 30.675418948225968 ], [ 111.431132162719223, 30.675407972899734 ], [ 111.431206442223527, 30.675413075652955 ], [ 111.431274468741833, 30.675403490678718 ], [ 111.431362492585151, 30.67536843420595 ], [ 111.431404070941198, 30.675325507766161 ], [ 111.431425530563899, 30.675281308785486 ], [ 111.431422124831329, 30.675210450302131 ], [ 111.431412738607094, 30.675138642134755 ], [ 111.431412517373928, 30.675136939718016 ], [ 111.431395205424508, 30.675070138975855 ], [ 111.431329849892677, 30.674984779823774 ], [ 111.431210190597938, 30.674862153665629 ], [ 111.431093698715301, 30.674756905107131 ], [ 111.430975599744158, 30.674638291723852 ], [ 111.430845277187871, 30.674553145711286 ], [ 111.430652792592355, 30.674405359219975 ], [ 111.430489822847051, 30.674284215144439 ], [ 111.430334459567689, 30.674133630862514 ], [ 111.43017604488864, 30.67399375300937 ], [ 111.429974373718551, 30.673866052876065 ], [ 111.429831665698941, 30.673778270950493 ], [ 111.429687395556925, 30.673687821635781 ], [ 111.429640768406784, 30.673638501915377 ], [ 111.429590676168914, 30.673504950792903 ], [ 111.429532690581368, 30.67333532426585 ], [ 111.429470556421165, 30.673278030256995 ], [ 111.429366738684166, 30.673239595930738 ], [ 111.42926619358002, 30.673241266871059 ], [ 111.429048322921801, 30.673298142695103 ], [ 111.428912384998625, 30.673342719391087 ], [ 111.428848989989035, 30.673349613593984 ], [ 111.428729834314538, 30.673340645554504 ], [ 111.428579618754384, 30.673305036898 ], [ 111.428424753699574, 30.673266768946348 ], [ 111.428308643129526, 30.673247095377292 ], [ 111.428217302586575, 30.673231349147557 ], [ 111.428109056587743, 30.673241063624232 ], [ 111.427973221187187, 30.673308369785616 ], [ 111.427956092699617, 30.673283018796383 ], [ 111.427942780934757, 30.673246291383236 ], [ 111.42785511771956, 30.67318707732187 ], [ 111.427772929577088, 30.673133038858737 ], [ 111.427762028894563, 30.673125873960032 ], [ 111.427633198313515, 30.673027347833909 ], [ 111.427491815894712, 30.672888748816888 ], [ 111.427296072156139, 30.672700851663024 ], [ 111.427190597867991, 30.672637014186932 ], [ 111.427066407788629, 30.672538470973848 ], [ 111.427008165894279, 30.672491908574784 ], [ 111.426351790302874, 30.672839333768252 ], [ 111.423702605191068, 30.673153473254274 ], [ 111.421933430983245, 30.672662822931045 ], [ 111.42192160309969, 30.672636286635395 ], [ 111.421793313011108, 30.672621814745014 ], [ 111.421406075729919, 30.672460784837426 ], [ 111.420974623280301, 30.672290349819832 ], [ 111.420523281424323, 30.671963903111759 ], [ 111.419800415356917, 30.672215392226633 ], [ 111.419259024384473, 30.672159860889053 ], [ 111.418521619876913, 30.67215785360213 ], [ 111.418427813393066, 30.67153587617986 ], [ 111.41818168783476, 30.670801607608212 ], [ 111.417032444192103, 30.668668610867883 ], [ 111.417023988766232, 30.668674558983867 ], [ 111.416986900724964, 30.668684036938828 ], [ 111.416949779408981, 30.668684155649373 ], [ 111.416852193074419, 30.668653716296092 ], [ 111.416715895422328, 30.668614037308032 ], [ 111.416570237626445, 30.668555667709938 ], [ 111.416505034979423, 30.668501054580133 ], [ 111.416439791862899, 30.668437076809823 ], [ 111.416373178179811, 30.668414559584448 ], [ 111.416311279641945, 30.668409409166884 ], [ 111.416211643752547, 30.668419021120997 ], [ 111.416153562836826, 30.668424622098598 ], [ 111.416083963404333, 30.668427519714442 ], [ 111.416040610685741, 30.668418298066115 ], [ 111.415997231886877, 30.66840238995843 ], [ 111.415994697597284, 30.668394188141406 ], [ 111.415800694946199, 30.668438129016522 ], [ 111.415204627891455, 30.668413614396854 ], [ 111.414939150721239, 30.668402694828671 ], [ 111.41436485805184, 30.66839498134334 ], [ 111.412795730838411, 30.668170863094929 ], [ 111.412286928598974, 30.667981551307719 ], [ 111.411644881006453, 30.667620828738393 ], [ 111.411120382899469, 30.667287546283262 ], [ 111.411092629821042, 30.667298233826557 ], [ 111.411078100374084, 30.667303830307674 ], [ 111.411066354328852, 30.667310254165045 ], [ 111.41064606336522, 30.667012352837958 ], [ 111.409206509572812, 30.666081361165936 ], [ 111.40792334878364, 30.665569896034015 ], [ 111.405557910569257, 30.665042705356598 ], [ 111.403635642071265, 30.664857760677137 ], [ 111.403074842829767, 30.664920125963192 ], [ 111.403028760668917, 30.664956151905074 ], [ 111.402933744596737, 30.665014434268699 ], [ 111.402889640944295, 30.665055164564308 ], [ 111.402873696863708, 30.66509348827401 ], [ 111.402875286865083, 30.665152631288947 ], [ 111.402897358026735, 30.665298699175651 ], [ 111.402918868011454, 30.665368343574301 ], [ 111.402931353299437, 30.665408772596948 ], [ 111.402977269985001, 30.665481696822894 ], [ 111.403027277686817, 30.665569688290532 ], [ 111.403051676293842, 30.665629920384674 ], [ 111.403065333398445, 30.665687868200621 ], [ 111.403068748124383, 30.665716922597937 ], [ 111.403079237816712, 30.665806123653681 ], [ 111.403103963777028, 30.665945223593269 ], [ 111.403122032056331, 30.666095940075763 ], [ 111.403165444130082, 30.666211785345695 ], [ 111.403234242266535, 30.666302036809554 ], [ 111.403268001017523, 30.666354121945233 ], [ 111.403338078889362, 30.66642929087925 ], [ 111.403396071671523, 30.666502179132408 ], [ 111.403539467672374, 30.66661519693389 ], [ 111.403591476365705, 30.666651461196068 ], [ 111.403637477587722, 30.666683538214784 ], [ 111.403663237768399, 30.666701497676115 ], [ 111.40371676991316, 30.666737245727347 ], [ 111.403991405778868, 30.666961468297302 ], [ 111.403916304294171, 30.667108741275456 ], [ 111.40377141361995, 30.667430939586325 ], [ 111.40367442443528, 30.667549982845514 ], [ 111.403577423559341, 30.667667109649415 ], [ 111.403580704286128, 30.667923733893247 ], [ 111.403700420238295, 30.667942514435481 ], [ 111.40380893423503, 30.667930686552097 ], [ 111.403937501314829, 30.667945610801326 ], [ 111.40407956362111, 30.668010286445735 ], [ 111.404122041299217, 30.66810208384419 ], [ 111.404131428422829, 30.668228456578163 ], [ 111.404149574943006, 30.668329904601478 ], [ 111.404094079578272, 30.668466720263041 ], [ 111.404039917008731, 30.66860028667395 ], [ 111.404058127380779, 30.668717059145138 ], [ 111.404009913826542, 30.668845523702146 ], [ 111.404074238735177, 30.668861197986075 ], [ 111.40416516559003, 30.66888334828792 ], [ 111.404471123044061, 30.668399768434597 ], [ 111.404472822762614, 30.668275278881197 ], [ 111.404486101252758, 30.668122127933998 ], [ 111.404496078331476, 30.668007077664583 ], [ 111.404482260248244, 30.667880720219159 ], [ 111.404459483118728, 30.667731405779762 ], [ 111.404756581351194, 30.66778219229451 ], [ 111.404902346166523, 30.667670658374277 ], [ 111.404925447951143, 30.667898494420115 ], [ 111.404904764443472, 30.668252866876287 ], [ 111.404640418620545, 30.668619490797028 ], [ 111.404720806320256, 30.668770538229921 ], [ 111.404869840171102, 30.668911801938179 ], [ 111.404484075979497, 30.669092564770096 ], [ 111.404481980559126, 30.66909354503116 ], [ 111.404367877275831, 30.669147012424844 ], [ 111.404366156872811, 30.669148508896569 ], [ 111.404244250172098, 30.66925464688461 ], [ 111.404147338329096, 30.669392841206729 ], [ 111.404013155882581, 30.669598930746076 ], [ 111.403883009593301, 30.669765210895946 ], [ 111.403786446687207, 30.669987668995873 ], [ 111.403759704446941, 30.670072808713201 ], [ 111.403703349330272, 30.670252221662736 ], [ 111.403571479040636, 30.670509266789281 ], [ 111.403462100795366, 30.670634282446315 ], [ 111.403359781328845, 30.670751235681109 ], [ 111.403300221927736, 30.67081211258909 ], [ 111.403258291037503, 30.670854968881827 ], [ 111.4031790706577, 30.670985447920259 ], [ 111.403095510149683, 30.67113892082466 ], [ 111.403091516260588, 30.671244270107024 ], [ 111.403059261176111, 30.671305243242557 ], [ 111.403012373222509, 30.67139389840986 ], [ 111.402738172628688, 30.671524977295917 ], [ 111.402672481649802, 30.671712871751822 ], [ 111.402598106817322, 30.671786876962813 ], [ 111.402548913901455, 30.671835824363995 ], [ 111.402372270863623, 30.671983839282916 ], [ 111.402315132437536, 30.672097009969207 ], [ 111.402302550922172, 30.672269417199914 ], [ 111.402264703853064, 30.672336817790097 ], [ 111.402196972312481, 30.67245743396353 ], [ 111.401995374886781, 30.672463797566309 ], [ 111.40179822280993, 30.672473983287716 ], [ 111.401665329991033, 30.672485884915716 ], [ 111.401512554960561, 30.6725112538914 ], [ 111.40130729099883, 30.672635708371388 ], [ 111.401205673902723, 30.67269731822671 ], [ 111.401112519427329, 30.672753801047122 ], [ 111.401022233789149, 30.672890053733056 ], [ 111.400891331170101, 30.672846407835493 ], [ 111.400762752399146, 30.672829567130805 ], [ 111.400384538915375, 30.672933437927952 ], [ 111.400233802647961, 30.672974832822376 ], [ 111.400103701324838, 30.673126534062419 ], [ 111.399945020446467, 30.673333859270258 ], [ 111.399810627558509, 30.673520044114866 ], [ 111.399755693370651, 30.673631295647795 ], [ 111.399534826171475, 30.673802424942039 ], [ 111.39941739629586, 30.67380278557016 ], [ 111.399297597606108, 30.673766763225615 ], [ 111.399175827602448, 30.673644420353753 ], [ 111.399115159337214, 30.67358346430558 ], [ 111.399048078006501, 30.673434283865276 ], [ 111.398952293013906, 30.673310091087956 ], [ 111.398680556562624, 30.673200941270466 ], [ 111.398591084810846, 30.673164999865037 ], [ 111.39819993997537, 30.673007878410885 ], [ 111.397955920629329, 30.673038824981859 ], [ 111.397885479431352, 30.673049058367383 ], [ 111.3977593989772, 30.673101155194331 ], [ 111.397631163747292, 30.673168577368131 ], [ 111.397483275632737, 30.67330692097778 ], [ 111.39708338219242, 30.673587756769734 ], [ 111.396937248655149, 30.673613096967017 ], [ 111.396851004570237, 30.673574238160711 ], [ 111.396792977613813, 30.673548091271471 ], [ 111.396494167971582, 30.673413457365314 ], [ 111.396310174774896, 30.67333054976524 ], [ 111.396196061599085, 30.673332022854595 ], [ 111.396027362273117, 30.673332378986288 ], [ 111.395586469639966, 30.673333297194006 ], [ 111.395557958433017, 30.673438769683571 ], [ 111.395534702864381, 30.673548121848398 ], [ 111.395536396287753, 30.673717987595126 ], [ 111.395516606706224, 30.674035399714114 ], [ 111.395639144730922, 30.674216153552663 ], [ 111.395748599418368, 30.674447907944739 ], [ 111.39598074231759, 30.674868544247943 ], [ 111.396105419829439, 30.675193746294383 ], [ 111.396138058924407, 30.675325490679029 ], [ 111.396206206850991, 30.67564369060392 ], [ 111.39621288881392, 30.675687038825799 ], [ 111.396242283154891, 30.675877775139327 ], [ 111.396243480152634, 30.675935148288545 ], [ 111.396244451420273, 30.675981789827915 ], [ 111.396253986932038, 30.676266382987251 ], [ 111.396238729933543, 30.676386035087603 ], [ 111.395974122407949, 30.676719824760085 ], [ 111.395850987233359, 30.676921131704887 ], [ 111.39590209570531, 30.677256238884411 ], [ 111.395944880052241, 30.677536717645523 ], [ 111.396105541237716, 30.677946238328332 ], [ 111.396148714991398, 30.678016514950343 ], [ 111.396244147449579, 30.678171855746598 ], [ 111.396186928983695, 30.678316073727956 ], [ 111.396088176228375, 30.678593302339209 ], [ 111.396055290719175, 30.678709085556022 ], [ 111.395990679826184, 30.678858971964019 ], [ 111.395959596558271, 30.678954482663244 ], [ 111.395912403734599, 30.679212183395691 ], [ 111.396013043267374, 30.679183114609202 ], [ 111.396065909014567, 30.679248476436044 ], [ 111.396152750249371, 30.679299023731119 ], [ 111.396333951051133, 30.679346609558479 ], [ 111.396462596371805, 30.679405053800281 ], [ 111.396501521727942, 30.679466445120397 ], [ 111.396515719325123, 30.679533262050541 ], [ 111.396503576678811, 30.679590796178388 ], [ 111.396477883047908, 30.67965267223309 ], [ 111.3964706372102, 30.679670120879507 ], [ 111.396420825560824, 30.679784601878055 ], [ 111.396361555741407, 30.679856988309496 ], [ 111.396279177841848, 30.679952511599197 ], [ 111.396258388214051, 30.67997664310775 ], [ 111.396239835200333, 30.679979707097857 ], [ 111.396260912611126, 30.680016386846887 ], [ 111.39626757928545, 30.680046070769549 ], [ 111.396274263946282, 30.680167731056031 ], [ 111.396277624712695, 30.680233242170459 ], [ 111.396279120285215, 30.680263004334222 ], [ 111.396291766551826, 30.680286682584494 ], [ 111.396342311148771, 30.680320924271314 ], [ 111.396350719809959, 30.680326619677942 ], [ 111.396462383232461, 30.680394477123457 ], [ 111.396611138293508, 30.680451519322332 ], [ 111.396711910026681, 30.680503360741682 ], [ 111.396862363007813, 30.680597839918505 ], [ 111.39701269188231, 30.680661565878665 ], [ 111.397175374743767, 30.680719905799151 ], [ 111.397318117836846, 30.680759930126783 ], [ 111.397379823020401, 30.680776777126709 ], [ 111.397629017065526, 30.680803429434775 ], [ 111.397892039985777, 30.680807972809873 ], [ 111.398114697735252, 30.680777875198885 ], [ 111.398411528868962, 30.680726156087417 ], [ 111.398683443386403, 30.680634394661752 ], [ 111.398939983093896, 30.680566751254617 ], [ 111.39906995491458, 30.680547403240212 ], [ 111.399199843997735, 30.680555257918911 ], [ 111.399475443936694, 30.68060789973481 ], [ 111.399744723440278, 30.680628468129441 ], [ 111.399933575674027, 30.680654630307117 ], [ 111.400236767712784, 30.680645673958736 ], [ 111.400403830272637, 30.680639813076994 ], [ 111.400510570806205, 30.68063747843695 ], [ 111.400594336359632, 30.680635820986424 ], [ 111.40063450997485, 30.680640654842421 ], [ 111.400632242783956, 30.680880467159966 ], [ 111.400621044425804, 30.681165983923051 ], [ 111.40060375585881, 30.681476257223665 ], [ 111.400586512257746, 30.681797227060486 ], [ 111.400600567762069, 30.681881790312502 ], [ 111.400645908881756, 30.681944130417321 ], [ 111.40068308955307, 30.681987779012843 ], [ 111.400704985346863, 30.682013481637057 ], [ 111.400824632950503, 30.682139473957591 ], [ 111.400943371339622, 30.682232709372215 ], [ 111.401093080581404, 30.682333203214796 ], [ 111.401225640650978, 30.682401657810374 ], [ 111.401370517835176, 30.68245469622741 ], [ 111.401435615261505, 30.682483916999331 ], [ 111.401478353743016, 30.682530583719597 ], [ 111.401484247899873, 30.68255262880092 ], [ 111.401490142056502, 30.68257467208349 ], [ 111.401532045967201, 30.682606635787749 ], [ 111.401618769390836, 30.6826270935656 ], [ 111.401720247991136, 30.682661545693861 ], [ 111.401782929838419, 30.682667369703381 ], [ 111.401884349083502, 30.682686777972549 ], [ 111.401961792402801, 30.682707933624329 ], [ 111.402039235722327, 30.682729090175485 ], [ 111.40211211768019, 30.682770316896722 ], [ 111.402133382149998, 30.682789721568554 ], [ 111.402154645720486, 30.682809127139592 ], [ 111.402169459353104, 30.682822644849182 ], [ 111.40218833522357, 30.682868694634692 ], [ 111.402193134905303, 30.682906791715197 ], [ 111.402188665274764, 30.682948257656108 ], [ 111.402166377376489, 30.682983091996164 ], [ 111.402144155128781, 30.683034642035238 ], [ 111.402137447984956, 30.683096170052238 ], [ 111.402137848183258, 30.683192778823866 ], [ 111.40216135915955, 30.683266249837686 ], [ 111.402293090953549, 30.683320664217376 ], [ 111.402568869857589, 30.683414752189094 ], [ 111.402740869695435, 30.683479740797509 ], [ 111.402861863584121, 30.683556922414198 ], [ 111.403038708969405, 30.6836700310472 ], [ 111.403207794104617, 30.683777818391775 ], [ 111.403344402921846, 30.683888378346012 ], [ 111.403539928125383, 30.684029509854099 ], [ 111.403668962852464, 30.684178872856819 ], [ 111.403763674054517, 30.684260144590155 ], [ 111.40390953419768, 30.684362652014897 ], [ 111.404042972905074, 30.684455837966652 ], [ 111.404207281740753, 30.684530209201853 ], [ 111.404239171700567, 30.684539286958568 ], [ 111.404369925032142, 30.684576502703521 ], [ 111.40446751316523, 30.684604280962844 ], [ 111.404596240324338, 30.684680099207355 ], [ 111.404788552250011, 30.684791821085867 ], [ 111.404976336089135, 30.684930304090301 ], [ 111.405129881838775, 30.685020750707054 ], [ 111.405331407318783, 30.685115059912164 ], [ 111.405452191665404, 30.685140090742721 ], [ 111.405586834564929, 30.685150369094401 ], [ 111.405811114691289, 30.685136299200849 ], [ 111.405941019962199, 30.685122521587175 ], [ 111.406039913011682, 30.685092793597676 ], [ 111.406146283923931, 30.685000199399724 ], [ 111.406277184744397, 30.684855377973406 ], [ 111.406387445224425, 30.684736714228109 ], [ 111.406388082843819, 30.684736026246696 ], [ 111.406431061444437, 30.684654326436032 ], [ 111.406461624004919, 30.684563300655896 ], [ 111.406482455001367, 30.684365338289922 ], [ 111.40650789682212, 30.684159336883965 ], [ 111.406560058400089, 30.684053539739239 ], [ 111.406618690600169, 30.684015914802615 ], [ 111.406750068061285, 30.683984750595755 ], [ 111.406873806681006, 30.683976339236722 ], [ 111.407011509973302, 30.683978583944565 ], [ 111.407115264757806, 30.684000990553443 ], [ 111.407355410723653, 30.684081807229802 ], [ 111.40752285279757, 30.684165856968889 ], [ 111.407659919369905, 30.684384388628644 ], [ 111.407728811035952, 30.684579396721915 ], [ 111.407779339445142, 30.684822600382859 ], [ 111.40780290707869, 30.684908771622588 ], [ 111.407838769343812, 30.684974846611965 ], [ 111.407966296807274, 30.685132234265268 ], [ 111.408173521291076, 30.685293379286179 ], [ 111.408229346707174, 30.685323958034417 ], [ 111.408289793739073, 30.685349844120196 ], [ 111.408389778565549, 30.685394991885403 ], [ 111.408535405784448, 30.685441338447163 ], [ 111.408710278057015, 30.685451486397028 ], [ 111.408824895752446, 30.685481878086364 ], [ 111.408972119267958, 30.685539581286832 ], [ 111.409189060926565, 30.685619798115169 ], [ 111.409263565261313, 30.685677062446587 ], [ 111.40930549795047, 30.68571436812374 ], [ 111.409500962899244, 30.685853773832775 ], [ 111.409566186230677, 30.685895404349537 ], [ 111.409681063830021, 30.685987306968741 ], [ 111.40972449658841, 30.686020473965755 ], [ 111.409794113107864, 30.686073594221114 ], [ 111.409839301342743, 30.686088432135477 ], [ 111.409975569317226, 30.686116080892532 ], [ 111.410127247174898, 30.686128976271391 ], [ 111.410240282063512, 30.686150013212625 ], [ 111.41037051288896, 30.686213785937525 ], [ 111.410405045956168, 30.686248965617267 ], [ 111.410445099062258, 30.686289769657265 ], [ 111.410493353985146, 30.686359149655175 ], [ 111.410490512127581, 30.686419328689226 ], [ 111.410441303023788, 30.686490355345768 ], [ 111.410353379904677, 30.686553478760175 ], [ 111.410270112575802, 30.686620599661012 ], [ 111.41013904987733, 30.686726646817476 ], [ 111.410049770580486, 30.6868352345586 ], [ 111.40994363888791, 30.686982655924908 ], [ 111.409880564936145, 30.687068768708855 ], [ 111.40985907383731, 30.687108950417837 ], [ 111.409833254301304, 30.687222691274371 ], [ 111.409830649864602, 30.687339702065628 ], [ 111.40986200472787, 30.687437213756482 ], [ 111.409909484435332, 30.687505927356767 ], [ 111.409981609164049, 30.687548489571327 ], [ 111.410055950721699, 30.687566976035271 ], [ 111.410103300027345, 30.687604267323195 ], [ 111.410146866784658, 30.687662965173843 ], [ 111.410156620831458, 30.687774586328146 ], [ 111.410178298989365, 30.687961385409722 ], [ 111.410177718027455, 30.688190040737823 ], [ 111.410108543974104, 30.688297230932505 ], [ 111.410059604667083, 30.688432436807659 ], [ 111.410023049923893, 30.688570278595591 ], [ 111.410006786584063, 30.68874950898271 ], [ 111.409984024743096, 30.688855216195293 ], [ 111.409940945418441, 30.68891284655075 ], [ 111.409818996449644, 30.688978753366939 ], [ 111.409755749828037, 30.689024414645075 ], [ 111.409652215377491, 30.689055496114349 ], [ 111.409477647975223, 30.689118892023316 ], [ 111.409320361945333, 30.68924508039612 ], [ 111.409226588736203, 30.689389786709398 ], [ 111.40919927992303, 30.68951823867576 ], [ 111.409216957896433, 30.689674631679054 ], [ 111.409260878986515, 30.689835994335795 ], [ 111.409326966566368, 30.690078774415895 ], [ 111.409405216577625, 30.6902897958376 ], [ 111.409563937026121, 30.690503241831266 ], [ 111.409710310682442, 30.690724750247171 ], [ 111.409856282341536, 30.69084998174128 ], [ 111.410013212240131, 30.691006267725072 ], [ 111.410125723723297, 30.69108614371055 ], [ 111.410257513973136, 30.691150581933869 ], [ 111.410355614719833, 30.691211764611296 ], [ 111.410449163098463, 30.691283690589842 ], [ 111.410526777289135, 30.69134361871312 ], [ 111.410620608054671, 30.691395470924363 ], [ 111.410825495200527, 30.691549265786023 ], [ 111.410906260615491, 30.691621885142069 ], [ 111.410979323337244, 30.691702551631522 ], [ 111.411021322576175, 30.691755904811203 ], [ 111.411084609667114, 30.691903128326885 ], [ 111.411103246317907, 30.692062174329919 ], [ 111.411124827348885, 30.692265368052404 ], [ 111.411115972624145, 30.692367021121299 ], [ 111.411014521003324, 30.692525127332942 ], [ 111.410911452401706, 30.692667189639224 ], [ 111.410843744243493, 30.692755654150176 ], [ 111.410757330186755, 30.692810749316607 ], [ 111.410715786004801, 30.692865704188932 ], [ 111.410697500988988, 30.69293262004453 ], [ 111.410701255658466, 30.693089057114435 ], [ 111.410751201306994, 30.693190522224882 ], [ 111.410902103049807, 30.693383934021483 ], [ 111.411020353106835, 30.693538667775272 ], [ 111.41107947004167, 30.693614700058504 ], [ 111.411230369086411, 30.693805436371861 ], [ 111.41134841140007, 30.693912033913307 ], [ 111.411520767369609, 30.694054565665738 ], [ 111.411682251434797, 30.694187768750567 ], [ 111.411773689104507, 30.694222246059951 ], [ 111.411839558149154, 30.694248447807752 ], [ 111.411915453735332, 30.694266257981496 ], [ 111.412033874663678, 30.694278584988808 ], [ 111.412118957723919, 30.694274304215924 ], [ 111.412183849205405, 30.694251366107835 ], [ 111.412312854254935, 30.694205829835312 ], [ 111.412402541844017, 30.694192173630029 ], [ 111.412518600253293, 30.694194480391047 ], [ 111.412636268449205, 30.694211491067506 ], [ 111.412730774605677, 30.694240606618678 ], [ 111.41284397317088, 30.694297747742894 ], [ 111.412963549728033, 30.694400326214122 ], [ 111.413025840370381, 30.694493728902557 ], [ 111.413058679114727, 30.694575191292074 ], [ 111.413072968442862, 30.694660724912637 ], [ 111.413058001925435, 30.694779778963664 ], [ 111.412968965445543, 30.694945870255879 ], [ 111.412919750945832, 30.695016893315142 ], [ 111.412799731022801, 30.695175058882 ], [ 111.41269514616414, 30.695323813943048 ], [ 111.41255625756537, 30.695411169589875 ], [ 111.412502286551444, 30.695455466596627 ], [ 111.412341826814043, 30.695564282765531 ], [ 111.412178107034038, 30.695634333657722 ], [ 111.412068362764728, 30.695661423935633 ], [ 111.411827430791334, 30.695767822726964 ], [ 111.411728457702225, 30.695781507710592 ], [ 111.411463814203842, 30.695770310251589 ], [ 111.411384910385436, 30.695771897555062 ], [ 111.411140103233265, 30.695693779744147 ], [ 111.410929353406971, 30.695620901383563 ], [ 111.410755876882263, 30.695578662924959 ], [ 111.410467913063826, 30.695540794272404 ], [ 111.410371978783928, 30.695541094645989 ], [ 111.410259042820769, 30.695545461753738 ], [ 111.410223542982294, 30.695566967241803 ], [ 111.410186623114271, 30.695617896748615 ], [ 111.410116281741182, 30.695816018294636 ], [ 111.410055090070387, 30.695982016956577 ], [ 111.410003230664756, 30.696160023366531 ], [ 111.409971258866562, 30.696283142353195 ], [ 111.409876339021935, 30.696524129185264 ], [ 111.40982414956494, 30.696624578061858 ], [ 111.409814606858731, 30.696676762123047 ], [ 111.409790876447857, 30.696806536092936 ], [ 111.409738935203848, 30.696964483124532 ], [ 111.409648526358467, 30.697174700552182 ], [ 111.409547367916844, 30.697405007934947 ], [ 111.409515371837131, 30.697522778653479 ], [ 111.409489895842114, 30.697719420814678 ], [ 111.409460301851539, 30.697857910114521 ], [ 111.409422909839577, 30.697980375294208 ], [ 111.40941406680588, 30.698084702047538 ], [ 111.409409527927494, 30.698223747128395 ], [ 111.409407213971861, 30.698294656872974 ], [ 111.409396767446992, 30.698385615204131 ], [ 111.409380159666739, 30.698484616172266 ], [ 111.409384141864791, 30.698694536823439 ], [ 111.409431779852923, 30.699179740852401 ], [ 111.409437491447136, 30.699237921592953 ], [ 111.409462980932005, 30.699411670612221 ], [ 111.409556871952077, 30.699660085844414 ], [ 111.409613471684452, 30.699871177413002 ], [ 111.409700911867731, 30.700058103299 ], [ 111.409760527026776, 30.700250467385274 ], [ 111.409868217244593, 30.700468749933009 ], [ 111.409952514297288, 30.700643650983807 ], [ 111.40999004030823, 30.700735796419963 ], [ 111.410141323363462, 30.701016122296267 ], [ 111.410213241248243, 30.701191063816566 ], [ 111.410274030921983, 30.701295168437298 ], [ 111.410377036571163, 30.701502103339578 ], [ 111.410473798227258, 30.701697020601102 ], [ 111.410737962387145, 30.701957600063338 ], [ 111.410899404184136, 30.702134566856898 ], [ 111.411044206724796, 30.702288245706086 ], [ 111.411231015698945, 30.702552411664556 ], [ 111.41135526063681, 30.702658323023343 ], [ 111.411442295225754, 30.702747635595074 ], [ 111.411493949586202, 30.702887206779167 ], [ 111.41156640436617, 30.703186496659555 ], [ 111.411629602424341, 30.703493840868077 ], [ 111.411630240043735, 30.703644268668256 ], [ 111.411680227960289, 30.703755093922496 ], [ 111.411770354418366, 30.703896151686195 ], [ 111.411779912413124, 30.703907882442991 ], [ 111.411938733585885, 30.704127980721807 ], [ 111.412171964664594, 30.704401386315055 ], [ 111.412439263861074, 30.704667967852515 ], [ 111.412703558422606, 30.704955955952755 ], [ 111.412824725880512, 30.705065218185439 ], [ 111.413026370071123, 30.705176897795695 ], [ 111.413141326810887, 30.705280832444487 ], [ 111.413287149182679, 30.705365276986015 ], [ 111.413377051709688, 30.705399757892678 ], [ 111.413483841706068, 30.705403431623154 ], [ 111.413759257284084, 30.705394529234241 ], [ 111.413941977040736, 30.705422029603028 ], [ 111.414095348321723, 30.705461657329693 ], [ 111.41419779459261, 30.705534873835461 ], [ 111.414415612190851, 30.705808964712048 ], [ 111.414633275105757, 30.706046284108879 ], [ 111.414821349425779, 30.706240239995225 ], [ 111.414983016952817, 30.706410878259476 ], [ 111.415093454599401, 30.706542903232446 ], [ 111.415301623371363, 30.706730777003941 ], [ 111.415402715263212, 30.706848123242423 ], [ 111.415576727783844, 30.707010699983869 ], [ 111.415727552184819, 30.707177359647517 ], [ 111.415856593207309, 30.707317349915797 ], [ 111.416000946086854, 30.707418512854247 ], [ 111.416095704053646, 30.707502446580691 ], [ 111.416173499007755, 30.707599811682144 ], [ 111.416392617925112, 30.707814391720831 ], [ 111.416558998798791, 30.707999723108742 ], [ 111.416655246042922, 30.708070282117887 ], [ 111.416737409903703, 30.708103447316319 ], [ 111.416855123964979, 30.708127139955593 ], [ 111.417016136785264, 30.708144009438513 ], [ 111.417200379993687, 30.708163474364881 ], [ 111.417417023077292, 30.708161442796381 ] ] ] } },
{ "type": "Feature", "properties": { "SQMC": "共强村", "SSJD": "伍家乡" }, "geometry": { "type": "Polygon", "coordinates": [ [ [ 111.368275999837692, 30.676632146256736 ], [ 111.368850050589515, 30.676563696157814 ], [ 111.369711690142481, 30.676608978821434 ], [ 111.369885852850018, 30.67651843327917 ], [ 111.370450202614961, 30.676225027662952 ], [ 111.370990256295329, 30.675983011107178 ], [ 111.371221988204354, 30.675879161893874 ], [ 111.371840174084809, 30.675801025197245 ], [ 111.372213265030325, 30.675542944951019 ], [ 111.372269765837189, 30.675503862213645 ], [ 111.372798090559456, 30.675034583379329 ], [ 111.37280108799979, 30.675031212720398 ], [ 111.373062012801768, 30.674737891640461 ], [ 111.373273169121546, 30.674723241684319 ], [ 111.373779698774115, 30.67468809977612 ], [ 111.373910620279048, 30.67450809687125 ], [ 111.373939492113891, 30.674468400796229 ], [ 111.37229774374606, 30.671306515783215 ], [ 111.373466598904486, 30.670563938375096 ], [ 111.372358229448764, 30.669491430285461 ], [ 111.372174184990683, 30.66931333484257 ], [ 111.371987624229519, 30.669222523100984 ], [ 111.371527695646819, 30.668799029651609 ], [ 111.370104257705464, 30.667369240698065 ], [ 111.37195313882637, 30.666508006739207 ], [ 111.371937351227928, 30.666479231131746 ], [ 111.371829756338286, 30.666210812279246 ], [ 111.371763573430258, 30.666029690617734 ], [ 111.371409814311562, 30.666129825631117 ], [ 111.371407423913638, 30.666142710218026 ], [ 111.371402346341313, 30.666170082883013 ], [ 111.371268059573481, 30.666205884893827 ], [ 111.371118785603585, 30.666241555603392 ], [ 111.370824081366379, 30.666304532428398 ], [ 111.370403430673775, 30.666397116733606 ], [ 111.370264047447961, 30.666428795352601 ], [ 111.369733019363537, 30.66640477356151 ], [ 111.369687278045603, 30.6664029389446 ], [ 111.369625474835914, 30.666399909128529 ], [ 111.369577030155995, 30.666225139378753 ], [ 111.36957075288808, 30.666079907861615 ], [ 111.369561034814069, 30.665855128611327 ], [ 111.369561149927165, 30.665698589018803 ], [ 111.369551709743746, 30.665569528211279 ], [ 111.369625757222991, 30.665297121764866 ], [ 111.369516698237192, 30.664746655733722 ], [ 111.369348631134528, 30.664495695420044 ], [ 111.369213576345658, 30.664182895924057 ], [ 111.369181826680006, 30.664113946701377 ], [ 111.369177271613808, 30.664102565780979 ], [ 111.369049639829029, 30.663799496049876 ], [ 111.368929403169489, 30.66352039864762 ], [ 111.368902697801445, 30.663483839407718 ], [ 111.368840820847367, 30.663300294972771 ], [ 111.368827538759945, 30.66324924495683 ], [ 111.368791771822998, 30.663137577037674 ], [ 111.368703185903428, 30.662913714196691 ], [ 111.368682121982488, 30.662867241729941 ], [ 111.368673375176172, 30.662842791861465 ], [ 111.368719745120131, 30.662813721276279 ], [ 111.370029901758642, 30.662569897982451 ], [ 111.370051868598864, 30.662332202669063 ], [ 111.3701969391376, 30.662035748351229 ], [ 111.370213609870291, 30.662004468131784 ], [ 111.37023504071459, 30.66195668715153 ], [ 111.370265810119179, 30.661872390098836 ], [ 111.370287391150384, 30.661815125767589 ], [ 111.37030874375364, 30.661768244109226 ], [ 111.370347611553086, 30.661695163401134 ], [ 111.370413635281068, 30.661577525782377 ], [ 111.370473504948336, 30.661474461677244 ], [ 111.370522450550766, 30.661403382859874 ], [ 111.370575346874887, 30.66132700433792 ], [ 111.37075534888038, 30.661335493038678 ], [ 111.370802702682681, 30.661337726954628 ], [ 111.371087319224557, 30.661307212058261 ], [ 111.371496624070062, 30.661307375734964 ], [ 111.371650222879623, 30.661286080688171 ], [ 111.371650479186428, 30.66128603931935 ], [ 111.371673393012827, 30.661282869209117 ], [ 111.371692961361191, 30.661281692895841 ], [ 111.371728294825004, 30.661280712634834 ], [ 111.371788648327652, 30.661280229699003 ], [ 111.371788702286949, 30.661280229699003 ], [ 111.372161200579058, 30.661271697830614 ], [ 111.372306172192282, 30.659870310366614 ], [ 111.371347594715871, 30.660144819427956 ], [ 111.37084386465267, 30.660912620121337 ], [ 111.370167338851786, 30.661535452799058 ], [ 111.36944785873186, 30.661513976089225 ], [ 111.368438438982821, 30.662201240694799 ], [ 111.367804866601432, 30.661997208804223 ], [ 111.366965890863298, 30.661508484828801 ], [ 111.366843397804757, 30.66152943813313 ], [ 111.366629574994988, 30.66156601266141 ], [ 111.366582535955331, 30.66155546990916 ], [ 111.366492283592208, 30.661535240559033 ], [ 111.365189785580185, 30.661908238874162 ], [ 111.364826632143433, 30.662087964787929 ], [ 111.364219821787344, 30.66238827180149 ], [ 111.363343207622961, 30.663062667108591 ], [ 111.36213428317069, 30.661864808813903 ], [ 111.361551311144126, 30.659767506165508 ], [ 111.366785173896744, 30.658500642890431 ], [ 111.366785093857118, 30.658466664704861 ], [ 111.366780072942106, 30.65634329340844 ], [ 111.368192176727632, 30.656164349904884 ], [ 111.368217483650028, 30.656161142922485 ], [ 111.369872952974504, 30.655951340082311 ], [ 111.370154127810849, 30.655915701748427 ], [ 111.370152000914288, 30.655874730434618 ], [ 111.371522840207035, 30.655558079142224 ], [ 111.37083048543866, 30.653654969801153 ], [ 111.370484903855413, 30.652705059990637 ], [ 111.370478900880585, 30.652707387436067 ], [ 111.370427080145703, 30.652727474693279 ], [ 111.370415987008244, 30.652731775251368 ], [ 111.370140200909589, 30.652799385383446 ], [ 111.368408005924834, 30.65315751430802 ], [ 111.36816486431718, 30.653214310092437 ], [ 111.367415122909733, 30.653389433275777 ], [ 111.367388001155462, 30.653401888886208 ], [ 111.367380261589858, 30.653405443006932 ], [ 111.366735647332405, 30.653701486334569 ], [ 111.366707208970695, 30.655123852284021 ], [ 111.366691129991636, 30.655928049439979 ], [ 111.366697067315897, 30.656353811879001 ], [ 111.366708376290603, 30.657164875358831 ], [ 111.366710573334387, 30.657322432984074 ], [ 111.366726716165147, 30.658480052912182 ], [ 111.365302532685917, 30.65880045437757 ], [ 111.364979816365576, 30.658873053948355 ], [ 111.364915474369639, 30.658887527637432 ], [ 111.363691911652552, 30.659162776840788 ], [ 111.363523643101814, 30.659200630204964 ], [ 111.363480552985266, 30.659197547328972 ], [ 111.361501509387267, 30.659718153170218 ], [ 111.361483800836936, 30.659722810759206 ], [ 111.361559934743241, 30.660002203139186 ], [ 111.361385120027251, 30.660022233739141 ], [ 111.36137759899708, 30.659993280065919 ], [ 111.361234918856496, 30.660039444065262 ], [ 111.361066030672873, 30.660094087772109 ], [ 111.35963027741542, 30.660558612789828 ], [ 111.359158235863958, 30.661314073885478 ], [ 111.358639550974658, 30.66140142233786 ], [ 111.358452516270631, 30.661825268321593 ], [ 111.358083003727756, 30.662662626179269 ], [ 111.358015325247152, 30.662815989366493 ], [ 111.357984971329415, 30.66309380793308 ], [ 111.357969118979724, 30.663238891062065 ], [ 111.358120632261489, 30.663441918409887 ], [ 111.35842412827094, 30.66384859813445 ], [ 111.358359520075908, 30.664100177181467 ], [ 111.358293349758299, 30.664357837444356 ], [ 111.358249940382507, 30.664526865022935 ], [ 111.358174892857164, 30.66513803169488 ], [ 111.356213964303208, 30.666595006254568 ], [ 111.356141038278338, 30.666649188609313 ], [ 111.356558542243079, 30.667348218145833 ], [ 111.356939858387761, 30.667986647765758 ], [ 111.358786594625656, 30.66774639118313 ], [ 111.359304040249242, 30.667679065236712 ], [ 111.359347038635065, 30.667673470554291 ], [ 111.359431222373132, 30.667855558087581 ], [ 111.359660543199595, 30.668351580061483 ], [ 111.359911534989465, 30.668894464807693 ], [ 111.359925298213966, 30.668933276849316 ], [ 111.360007284009043, 30.669164476359526 ], [ 111.36139338839422, 30.668804090136746 ], [ 111.362076365032351, 30.669440823635227 ], [ 111.363383347063916, 30.670659312377495 ], [ 111.363111905590017, 30.671243493092845 ], [ 111.363036204257526, 30.671673287192561 ], [ 111.363280827048698, 30.672116502774486 ], [ 111.363568432037596, 30.672239799827025 ], [ 111.364000534697027, 30.672610896076037 ], [ 111.364333461919841, 30.673039544439405 ], [ 111.364431113005651, 30.673216798116925 ], [ 111.364522499413965, 30.673382680766224 ], [ 111.364523530936196, 30.67365766287088 ], [ 111.364524182944763, 30.673831348038277 ], [ 111.364402493880107, 30.674032777290961 ], [ 111.364304662030634, 30.674194721808988 ], [ 111.364062408053769, 30.674386325968214 ], [ 111.364074792617714, 30.674403039868537 ], [ 111.364359648379263, 30.674787416406218 ], [ 111.364503649623771, 30.674981729323463 ], [ 111.365079703165918, 30.675447880315573 ], [ 111.365590468625328, 30.675701826378315 ], [ 111.366053426124893, 30.675931999762156 ], [ 111.366724508329412, 30.676161828705574 ], [ 111.367016294266705, 30.676261757774 ], [ 111.367269883298604, 30.676348605304042 ], [ 111.367789579925329, 30.676509422971662 ], [ 111.367946410898242, 30.676548990443621 ], [ 111.368275999837692, 30.676632146256736 ] ] ] } },
{ "type": "Feature", "properties": { "SQMC": "共谊村", "SSJD": "伍家乡" }, "geometry": { "type": "Polygon", "coordinates": [ [ [ 111.380747933770238, 30.649148342921876 ], [ 111.380879830140145, 30.648995218054949 ], [ 111.381664090225627, 30.649078836119429 ], [ 111.382005465679754, 30.648848722090975 ], [ 111.38201323042631, 30.648844512364519 ], [ 111.382501268219073, 30.648579968690626 ], [ 111.382809104356795, 30.648244945148178 ], [ 111.383581175031395, 30.647900716145216 ], [ 111.383779023183479, 30.64781250434379 ], [ 111.38389451771792, 30.647538210220375 ], [ 111.383968814309412, 30.647361759637533 ], [ 111.384205625589289, 30.64679933891847 ], [ 111.383602349568889, 30.64548160279378 ], [ 111.382417800341273, 30.645681106597863 ], [ 111.382314863040676, 30.644788842431296 ], [ 111.376270721016965, 30.64671622177633 ], [ 111.376197601638182, 30.646728532595887 ], [ 111.376018364056392, 30.646060811157554 ], [ 111.373450154800821, 30.64113511819113 ], [ 111.372754877235877, 30.641296390016578 ], [ 111.372684704935182, 30.641299857802267 ], [ 111.372682764198203, 30.641312778362192 ], [ 111.372017648096119, 30.641469293673083 ], [ 111.371063012348259, 30.641693929930966 ], [ 111.370130660001962, 30.641913316846171 ], [ 111.369780255354613, 30.641995766691366 ], [ 111.36961250391397, 30.642035237935943 ], [ 111.369199987589411, 30.642132299965795 ], [ 111.369182240368104, 30.642136476417363 ], [ 111.368691168262842, 30.642252020414503 ], [ 111.368624271293072, 30.642304843893612 ], [ 111.368608783168895, 30.642304013819285 ], [ 111.368418858943187, 30.6423604498749 ], [ 111.368215408014748, 30.64242090500079 ], [ 111.367939762210426, 30.642474688955872 ], [ 111.36791753276799, 30.642479024587431 ], [ 111.367912204284892, 30.642469710309058 ], [ 111.3676746123935, 30.642054378206979 ], [ 111.366507153882083, 30.642430201292882 ], [ 111.366430501966192, 30.642399275406319 ], [ 111.366429649408872, 30.642398903986305 ], [ 111.366261614681946, 30.642325855653723 ], [ 111.36585917436139, 30.642163250133933 ], [ 111.365618493298939, 30.642072635343936 ], [ 111.365610475842914, 30.642072326876416 ], [ 111.3656043217822, 30.64207207686502 ], [ 111.365599727145877, 30.642071782786616 ], [ 111.36559621799114, 30.642071423957077 ], [ 111.365593228644741, 30.642071034550668 ], [ 111.365590502799591, 30.642070629855709 ], [ 111.365587803034771, 30.642070164906215 ], [ 111.365584918009745, 30.642069610024578 ], [ 111.365582000608981, 30.642069011975309 ], [ 111.36557917763713, 30.642068377953422 ], [ 111.365576211672931, 30.642067653099843 ], [ 111.365572870691551, 30.642066786153293 ], [ 111.365569422690726, 30.642065840965927 ], [ 111.365566090702714, 30.642064839121076 ], [ 111.36556260403114, 30.6420636888883 ], [ 111.365558703671297, 30.642062313824852 ], [ 111.365554768238155, 30.642060907285099 ], [ 111.365551100802747, 30.642059614959351 ], [ 111.365547367716886, 30.642058317237627 ], [ 111.36554323982881, 30.642056906201333 ], [ 111.365539039095552, 30.642055455594971 ], [ 111.365535061393985, 30.64205403466616 ], [ 111.365530967680002, 30.642052520207756 ], [ 111.365526443190959, 30.6420507962074 ], [ 111.365521901614613, 30.642049089294062 ], [ 111.36551768199547, 30.642047615305273 ], [ 111.365513375142257, 30.642046241141202 ], [ 111.365508589849583, 30.642044831004171 ], [ 111.365503729913314, 30.642043463135508 ], [ 111.365499154162706, 30.642042247251936 ], [ 111.365494445312493, 30.642041077234069 ], [ 111.365489196869021, 30.642039846961438 ], [ 111.365483902560186, 30.642038657158366 ], [ 111.365479031832024, 30.642037640924514 ], [ 111.365474137721321, 30.642036709226772 ], [ 111.36546878675523, 30.642035773032546 ], [ 111.365463362943956, 30.642034877307765 ], [ 111.365458199036823, 30.642034091300445 ], [ 111.365452821090912, 30.642033344863023 ], [ 111.36544677584817, 30.642032573244705 ], [ 111.36544081694035, 30.642031876270153 ], [ 111.365435739368024, 30.642031398730182 ], [ 111.365431107859536, 30.642031117242311 ], [ 111.36542645296845, 30.64203098324333 ], [ 111.365422002223795, 30.642030941874452 ], [ 111.365418181903749, 30.642030995833977 ], [ 111.365414670051052, 30.642031156812607 ], [ 111.36541110064195, 30.642031435602405 ], [ 111.365407569903596, 30.642031778244018 ], [ 111.365404230720799, 30.642032181140394 ], [ 111.365400767431538, 30.642032685660013 ], [ 111.365396900346752, 30.642033331373227 ], [ 111.365392338085996, 30.642034253178224 ], [ 111.365386162441439, 30.642035817998703 ], [ 111.365377608989661, 30.642038245268793 ], [ 111.365366508657587, 30.642041532291046 ], [ 111.365331743565093, 30.642057760557236 ], [ 111.365215468419137, 30.642123627803301 ], [ 111.365056667031638, 30.642235005241389 ], [ 111.364917011311093, 30.642359451627556 ], [ 111.364840207409713, 30.642430177011136 ], [ 111.364654894008254, 30.642619020251743 ], [ 111.3646263774055, 30.642647473901889 ], [ 111.364506427629692, 30.642698195665389 ], [ 111.364388560683608, 30.64274737599078 ], [ 111.364321134013153, 30.64279739178636 ], [ 111.364253433049555, 30.642905261868464 ], [ 111.364965521641579, 30.642867892339495 ], [ 111.365551178144415, 30.642609151990882 ], [ 111.365853667812587, 30.642828706179955 ], [ 111.365771537226863, 30.642994846934755 ], [ 111.365766705169449, 30.643702357977588 ], [ 111.364208593751584, 30.643923354679259 ], [ 111.364247442665373, 30.644279707442706 ], [ 111.364277754314912, 30.644470396091947 ], [ 111.364328343878071, 30.644615428859083 ], [ 111.364353730840094, 30.644610677740673 ], [ 111.364371641737932, 30.644618595371981 ], [ 111.364404011935619, 30.644626702760206 ], [ 111.364456412733318, 30.644627724390091 ], [ 111.364456002642498, 30.644607497737923 ], [ 111.364538107148064, 30.644595875799098 ], [ 111.36476832909517, 30.644563391387521 ], [ 111.364875959957658, 30.644530379073899 ], [ 111.365049492240416, 30.644475944909004 ], [ 111.365264559711818, 30.644401321863654 ], [ 111.365405550925516, 30.644371214360149 ], [ 111.365411104239229, 30.644370283561784 ], [ 111.365626363266188, 30.644325723953159 ], [ 111.365689284333143, 30.644312241316982 ], [ 111.365837558256771, 30.644299283884891 ], [ 111.365954831650242, 30.644199796383646 ], [ 111.36603602963919, 30.644138853825041 ], [ 111.366139570384973, 30.643933862357869 ], [ 111.366149042044697, 30.643915110594037 ], [ 111.367052035123379, 30.64498734169257 ], [ 111.367055287971141, 30.645049941701473 ], [ 111.367123468273633, 30.646361807051903 ], [ 111.366640249947636, 30.646971137308185 ], [ 111.367559108865862, 30.646794571612247 ], [ 111.367548220773813, 30.646753456406998 ], [ 111.368499978691091, 30.64662193865172 ], [ 111.368597067700648, 30.647188294804096 ], [ 111.368610868696749, 30.647185868433155 ], [ 111.369353727592568, 30.649546300121642 ], [ 111.369399053423649, 30.649536662986691 ], [ 111.369443759621845, 30.649679731634421 ], [ 111.369466277746653, 30.649743067288853 ], [ 111.369760279613388, 30.649646385672156 ], [ 111.36976717831277, 30.649668230204782 ], [ 111.370639740132049, 30.649406423167932 ], [ 111.37154646179988, 30.649134360262565 ], [ 111.371528114730779, 30.649096524884897 ], [ 111.37290431038565, 30.648802377327911 ], [ 111.375116442969613, 30.64874868420452 ], [ 111.375554573784598, 30.650086701839882 ], [ 111.376392177157413, 30.651080550726988 ], [ 111.377134555815132, 30.652012647665629 ], [ 111.37812526516899, 30.65167777341054 ], [ 111.378129930851799, 30.651676196899018 ], [ 111.379264932830381, 30.651090570973111 ], [ 111.379516909377912, 30.650583883039928 ], [ 111.380110268574015, 30.649847088272679 ], [ 111.380747933770238, 30.649148342921876 ] ] ] } },
{ "type": "Feature", "properties": { "SQMC": "汉宜村", "SSJD": "伍家乡" }, "geometry": { "type": "MultiPolygon", "coordinates": [ [ [ [ 111.330340005886683, 30.667716574160636 ], [ 111.330413821340869, 30.667687759882199 ], [ 111.330429081037323, 30.667688973967074 ], [ 111.33043671718076, 30.667688436172512 ], [ 111.33044402327323, 30.667687613292799 ], [ 111.330452004756239, 30.667684219251498 ], [ 111.330457433064169, 30.66767318996591 ], [ 111.330460925131604, 30.667660462760125 ], [ 111.330468495624643, 30.667634494836136 ], [ 111.330470895015935, 30.66761970998175 ], [ 111.330474289956612, 30.667605988125899 ], [ 111.330480940443181, 30.66754362733667 ], [ 111.330471050598646, 30.667529855118801 ], [ 111.330370128678624, 30.667462540863653 ], [ 111.330317226059265, 30.667419147675616 ], [ 111.3302735396922, 30.667387252319941 ], [ 111.330216008262255, 30.667349380069879 ], [ 111.330231827337002, 30.6673510770907 ], [ 111.330256457969313, 30.667347796363742 ], [ 111.330272749188168, 30.667343549765121 ], [ 111.330287049308026, 30.667339298669788 ], [ 111.330298691031885, 30.667335328162835 ], [ 111.330312000998163, 30.667330219114376 ], [ 111.330324316314204, 30.667324251213358 ], [ 111.330334638732666, 30.667318277016932 ], [ 111.330345962995978, 30.667311164278999 ], [ 111.330357289057702, 30.667303763757729 ], [ 111.330369283315861, 30.667295795764517 ], [ 111.330381280272036, 30.667286970717157 ], [ 111.330392278081263, 30.667278428057102 ], [ 111.33040327499134, 30.667270172280723 ], [ 111.330414942795471, 30.667260774365218 ], [ 111.330426622290872, 30.667249374559162 ], [ 111.330430986700662, 30.667239105200622 ], [ 111.330434359158403, 30.667227971593718 ], [ 111.330438064365353, 30.667217127568506 ], [ 111.330442435969758, 30.667205429187391 ], [ 111.33044648561696, 30.667191728015951 ], [ 111.330449527124131, 30.667180310223216 ], [ 111.330452234083396, 30.667169748585081 ], [ 111.330454614588973, 30.667158043908728 ], [ 111.330456003142217, 30.667145194395289 ], [ 111.330456061598056, 30.667132627269098 ], [ 111.330455119108592, 30.667121485568202 ], [ 111.33045383937332, 30.667110914037551 ], [ 111.330450912979245, 30.667097483562145 ], [ 111.330447641245826, 30.667087192619988 ], [ 111.330443713906277, 30.667074900686146 ], [ 111.330438471758043, 30.667059751606246 ], [ 111.330434871771956, 30.667048602710963 ], [ 111.330430283430871, 30.667035739707671 ], [ 111.330425035886776, 30.667021159898638 ], [ 111.330420116595178, 30.667008010911161 ], [ 111.330414207149943, 30.666993429303432 ], [ 111.330409631399505, 30.666977710053345 ], [ 111.330408036901474, 30.666962554678264 ], [ 111.330408086364116, 30.666950534339719 ], [ 111.330407785990701, 30.666942522279555 ], [ 111.330408189786283, 30.666923920702402 ], [ 111.330408573796774, 30.666911045108634 ], [ 111.330408631353237, 30.666897023778802 ], [ 111.330408153813266, 30.666891298694566 ], [ 111.330408343570298, 30.666885290324046 ], [ 111.33040773023265, 30.666872697117412 ], [ 111.330406453195337, 30.666859816127783 ], [ 111.330405334438694, 30.666848796734712 ], [ 111.330404207588231, 30.666839779232419 ], [ 111.330402268649834, 30.666825753405874 ], [ 111.330400952941716, 30.666822888165939 ], [ 111.330386079953769, 30.666721036346871 ], [ 111.330389601698755, 30.666670516930822 ], [ 111.33040181539161, 30.666635596255787 ], [ 111.330426187018986, 30.666583585764045 ], [ 111.330431305060756, 30.666571108569997 ], [ 111.330465332709025, 30.666510996984982 ], [ 111.330506375968469, 30.666457052051442 ], [ 111.330536155219534, 30.666427134304968 ], [ 111.330539891902504, 30.666423123328514 ], [ 111.330596812692932, 30.66636559999256 ], [ 111.330625121552146, 30.666318901795989 ], [ 111.330632474409356, 30.666307201616121 ], [ 111.33063849087381, 30.666297498830545 ], [ 111.330643850833042, 30.666285507270402 ], [ 111.330646893239532, 30.666272361880033 ], [ 111.330648274598218, 30.666258639125033 ], [ 111.330649324107128, 30.666245487439426 ], [ 111.33064938436172, 30.666230044281178 ], [ 111.330648103727071, 30.666218029338722 ], [ 111.330633022096379, 30.666169072045022 ], [ 111.330627770955005, 30.666153038931725 ], [ 111.330623173620552, 30.666140154344816 ], [ 111.330621112374445, 30.66613412439051 ], [ 111.330620876752107, 30.666133139632791 ], [ 111.330618250731789, 30.66612498008385 ], [ 111.330613984347963, 30.666112383279881 ], [ 111.330610689232117, 30.666106079032488 ], [ 111.330610376267884, 30.66610121639809 ], [ 111.330606111682755, 30.666087759842412 ], [ 111.330603161906538, 30.666078027379172 ], [ 111.330600374008043, 30.666069437954377 ], [ 111.330596610345424, 30.666055101861559 ], [ 111.330593338611777, 30.66604248167522 ], [ 111.330592057077808, 30.666031304001478 ], [ 111.330590781839248, 30.666017833056628 ], [ 111.330592149708082, 30.666007237244173 ], [ 111.330593189324304, 30.66599663693529 ], [ 111.33059237274, 30.665951077280567 ], [ 111.330591422156544, 30.665939612723093 ], [ 111.330590474271048, 30.665927862181206 ], [ 111.330573907859673, 30.665944551799612 ], [ 111.330545510866671, 30.66596036997521 ], [ 111.330528049629947, 30.665967040246812 ], [ 111.3304932971281, 30.665979383441936 ], [ 111.33049053980659, 30.665979369952083 ], [ 111.330463188725219, 30.666035152200607 ], [ 111.330446421765089, 30.666076049770027 ], [ 111.330434663129267, 30.666110039646696 ], [ 111.330410796920887, 30.666182596949454 ], [ 111.330397949205974, 30.666215361949583 ], [ 111.330357386184403, 30.666310819588716 ], [ 111.330352477684869, 30.666317469175908 ], [ 111.330345115834518, 30.666331755805913 ], [ 111.330336433779451, 30.66634346318034 ], [ 111.330323436777235, 30.666355158863553 ], [ 111.330303473626429, 30.666364543289205 ], [ 111.330282885446934, 30.666364195251504 ], [ 111.330251012574251, 30.666362098931813 ], [ 111.330229120377737, 30.66635916983995 ], [ 111.330203354801029, 30.66635307063774 ], [ 111.330205100385172, 30.666329897806634 ], [ 111.330202159602095, 30.666320730117661 ], [ 111.330201536371931, 30.666311571421943 ], [ 111.33020122880373, 30.666305276167691 ], [ 111.330200280918405, 30.666294111084426 ], [ 111.33019973772781, 30.666264061137554 ], [ 111.330202445586451, 30.66624833199495 ], [ 111.330206470052588, 30.666233753085294 ], [ 111.330209821825804, 30.666221744438076 ], [ 111.330213182592445, 30.666208306768056 ], [ 111.330217536210512, 30.666194299827225 ], [ 111.330220870896653, 30.666186871427101 ], [ 111.3302342159364, 30.666159444802588 ], [ 111.330240577740597, 30.666146300311595 ], [ 111.330246266851873, 30.666134869029008 ], [ 111.330251293162746, 30.666124010614737 ], [ 111.330035559293776, 30.666060872811101 ], [ 111.329931601262444, 30.66598622008803 ], [ 111.329876340620672, 30.665941119986769 ], [ 111.329874640902119, 30.665868981768142 ], [ 111.329873378253978, 30.665853525120269 ], [ 111.329871781057989, 30.665839214208518 ], [ 111.329869523759669, 30.6658251856839 ], [ 111.329867261964637, 30.665811730027372 ], [ 111.32986532392556, 30.665799706091605 ], [ 111.329863054036764, 30.665788826093547 ], [ 111.329861115997687, 30.665776803956476 ], [ 111.3298578613514, 30.665763916671608 ], [ 111.329853294593931, 30.66574816864312 ], [ 111.329848725138675, 30.665733276769458 ], [ 111.329845128749753, 30.66572296604204 ], [ 111.329839554751743, 30.665711219996865 ], [ 111.329833316154748, 30.66570033010629 ], [ 111.329827073960416, 30.66569001398301 ], [ 111.32982050711081, 30.665678837208702 ], [ 111.329814923220283, 30.665669379937981 ], [ 111.329809670280156, 30.665659923566807 ], [ 111.329804421836684, 30.665649609242166 ], [ 111.32979850879417, 30.665639580002676 ], [ 111.329792932098314, 30.665628405026894 ], [ 111.329777926909912, 30.665574044606501 ], [ 111.32977702219182, 30.665559491777174 ], [ 111.329776111178717, 30.665545795102446 ], [ 111.329774493298316, 30.665521445058687 ], [ 111.329772379891608, 30.665505269852474 ], [ 111.329770482322033, 30.665490710727909 ], [ 111.329768902213175, 30.665477866610274 ], [ 111.329766997449042, 30.665463880353855 ], [ 111.329765420937463, 30.665450750252091 ], [ 111.329761820951376, 30.665422392829328 ], [ 111.329759780389736, 30.665395914989517 ], [ 111.329759605921083, 30.665371717830567 ], [ 111.329758462882921, 30.665341148975017 ], [ 111.329726724009163, 30.665239916788835 ], [ 111.329703399192567, 30.665179625339476 ], [ 111.329681772296055, 30.665179648721846 ], [ 111.329667913743322, 30.665144148883428 ], [ 111.329672095590922, 30.665137858125831 ], [ 111.329659190319376, 30.665129786710452 ], [ 111.329642628404713, 30.665121697308621 ], [ 111.329629382290307, 30.665114767132877 ], [ 111.329614477825942, 30.66510754197958 ], [ 111.329598576013666, 30.665100309631725 ], [ 111.32958300065502, 30.665094509903895 ], [ 111.329567416303291, 30.665090137400114 ], [ 111.329552492054063, 30.665086338663684 ], [ 111.329535907656009, 30.665082817817847 ], [ 111.329519985159266, 30.665079585654325 ], [ 111.329502735263191, 30.665076060312003 ], [ 111.329495432768056, 30.665075446974356 ], [ 111.329485816317458, 30.66507282275262 ], [ 111.329469231919632, 30.665069300108257 ], [ 111.329452977572942, 30.665065780161797 ], [ 111.329435730374826, 30.665062254819247 ], [ 111.329427765079345, 30.665061066814928 ], [ 111.329420806125427, 30.665058742966778 ], [ 111.329406881922125, 30.665054380355514 ], [ 111.329391965766661, 30.665049154395035 ], [ 111.329386328816213, 30.665047408810949 ], [ 111.329326691174003, 30.665021933715309 ], [ 111.329313113209651, 30.665015287725396 ], [ 111.329304333128448, 30.665011524961983 ], [ 111.329297876895566, 30.665008061672779 ], [ 111.32928230693301, 30.665000832922203 ], [ 111.329268725371548, 30.664994472017327 ], [ 111.329255311083728, 30.664987969918911 ], [ 111.329238919141005, 30.664979449741963 ], [ 111.329227987881382, 30.664974533148268 ], [ 111.329222359924074, 30.664971074355719 ], [ 111.329217392069154, 30.664968761299292 ], [ 111.329211433161277, 30.664965298010088 ], [ 111.329205469756744, 30.664962693573614 ], [ 111.329190504138523, 30.664956910033368 ], [ 111.329152434037667, 30.664940021664847 ], [ 111.329133489818844, 30.664931021249629 ], [ 111.329118697769843, 30.664914393684398 ], [ 111.329098750806793, 30.664901271676342 ], [ 111.32907914378751, 30.664891585078692 ], [ 111.3290598704167, 30.664882758232807 ], [ 111.329047243935349, 30.664877061926973 ], [ 111.329040595247363, 30.664872496968258 ], [ 111.329029958965634, 30.664866797964464 ], [ 111.328985218592948, 30.664829397858512 ], [ 111.328969234042916, 30.664815980872959 ], [ 111.328953914991303, 30.664803134057422 ], [ 111.328937927743311, 30.664789716172493 ], [ 111.328920611297292, 30.664775154350025 ], [ 111.328901293859644, 30.664758882016827 ], [ 111.328885645656214, 30.664746894953396 ], [ 111.328875667677949, 30.664741766119676 ], [ 111.328858542787657, 30.66472332012529 ], [ 111.32886188286966, 30.664703733790418 ], [ 111.328865496345713, 30.664697147155721 ], [ 111.328867791415462, 30.664691994939801 ], [ 111.32887471799387, 30.664684253575615 ], [ 111.328878007714025, 30.664679098661622 ], [ 111.328888944369339, 30.664676211837843 ], [ 111.328901855935896, 30.664670743959789 ], [ 111.328920757886863, 30.664668124234538 ], [ 111.329115505176617, 30.664720206672314 ], [ 111.329483089572989, 30.664838605117666 ], [ 111.329784401129302, 30.664952398134801 ], [ 111.330020861673404, 30.665058743865984 ], [ 111.330215259127101, 30.66500380877892 ], [ 111.330275816775611, 30.664951150775096 ], [ 111.330256110830987, 30.664839031396241 ], [ 111.33024746384956, 30.664731657739935 ], [ 111.330260360127568, 30.664633789917502 ], [ 111.330239718888095, 30.664661078945755 ], [ 111.330105374563459, 30.664703044010423 ], [ 111.330088316222941, 30.664707131428997 ], [ 111.330079543336296, 30.664707355360292 ], [ 111.330013130201962, 30.66469599872147 ], [ 111.329921563029814, 30.664681768748721 ], [ 111.329777953889561, 30.664659549198973 ], [ 111.329692370806356, 30.664646041381843 ], [ 111.329608850768011, 30.664632823146462 ], [ 111.329558537296748, 30.664625187902232 ], [ 111.329403564323115, 30.664596260309281 ], [ 111.329373613301698, 30.66459078343803 ], [ 111.329352267892887, 30.664580223598477 ], [ 111.329291817263709, 30.664534615380262 ], [ 111.329270148998262, 30.664429777812131 ], [ 111.329249775756693, 30.664345881857059 ], [ 111.329235443261155, 30.664284091237846 ], [ 111.329213596930003, 30.664219284292642 ], [ 111.329225372652957, 30.664161319389564 ], [ 111.329230999710887, 30.664133882872477 ], [ 111.329313546683011, 30.664147506702193 ], [ 111.329329119343527, 30.664071245991181 ], [ 111.329332516082729, 30.664053825223959 ], [ 111.329345424052178, 30.663986993904814 ], [ 111.32935153674407, 30.663956156151869 ], [ 111.329361037182196, 30.663909101823776 ], [ 111.329365264895102, 30.663890996672251 ], [ 111.329365495121635, 30.663877154307329 ], [ 111.32936770025924, 30.663831208843362 ], [ 111.329369489010787, 30.663801227245017 ], [ 111.329371274164998, 30.663768939784802 ], [ 111.329373398363771, 30.663734939116239 ], [ 111.32937591916334, 30.663683792872916 ], [ 111.329377703418402, 30.663651792296491 ], [ 111.329377177314996, 30.663617207068455 ], [ 111.329375726708577, 30.663564898901086 ], [ 111.329374777024327, 30.663480262804001 ], [ 111.32938688639581, 30.663373640980808 ], [ 111.329425513177057, 30.663263143079689 ], [ 111.329226952761815, 30.66339060669128 ], [ 111.32905609776077, 30.663481727799592 ], [ 111.329007675563844, 30.663441513714929 ], [ 111.328970860017307, 30.663410938564141 ], [ 111.328962903715194, 30.663423559649686 ], [ 111.328910465145952, 30.663570090687301 ], [ 111.328877264873938, 30.663562155968805 ], [ 111.328838680360946, 30.663661067004796 ], [ 111.328783506953414, 30.663684356747694 ], [ 111.328685043779785, 30.663737316024481 ], [ 111.328664435815199, 30.66381938365771 ], [ 111.32865139294762, 30.663885279682006 ], [ 111.328638360871764, 30.663954610217274 ], [ 111.328589676972172, 30.664073855823915 ], [ 111.328525532827257, 30.66413300603341 ], [ 111.328485936576897, 30.664170906162497 ], [ 111.328481338343067, 30.664178363340852 ], [ 111.328478377774957, 30.664183236767144 ], [ 111.328446614619622, 30.664258914717266 ], [ 111.328434179693829, 30.664287558124386 ], [ 111.328425555195395, 30.664285576917905 ], [ 111.328364189056174, 30.664267948407144 ], [ 111.328344606318637, 30.664262322248419 ], [ 111.328268385177921, 30.664240165651165 ], [ 111.328210500314469, 30.664223339335706 ], [ 111.328198173307158, 30.664246406046914 ], [ 111.327933190764213, 30.664158371411872 ], [ 111.327943788375194, 30.664149715437077 ], [ 111.327891605213551, 30.664136560154191 ], [ 111.327917450829887, 30.66408820990307 ], [ 111.327950356124177, 30.663996507832621 ], [ 111.327997711725061, 30.663886644852937 ], [ 111.328142692331426, 30.663607658067065 ], [ 111.328198113951942, 30.663526281112979 ], [ 111.328230947300426, 30.663477144854539 ], [ 111.328139586073235, 30.663333732665762 ], [ 111.328511086117828, 30.663022014154649 ], [ 111.328819513110204, 30.663206214195498 ], [ 111.328953715341754, 30.663098853129668 ], [ 111.329235727446985, 30.662863842292552 ], [ 111.328969037091497, 30.662617153758788 ], [ 111.328476992819162, 30.663001652604351 ], [ 111.328460915638857, 30.662992051442188 ], [ 111.328447567001604, 30.663002334290354 ], [ 111.328102004304242, 30.663274739837561 ], [ 111.327866044682253, 30.66349734992292 ], [ 111.32776281959849, 30.663626004236789 ], [ 111.327479296632305, 30.663966428208141 ], [ 111.327322418894653, 30.664154399106337 ], [ 111.327449670266049, 30.664231192215823 ], [ 111.32746959024945, 30.664257513573546 ], [ 111.327475024852617, 30.664271178771912 ], [ 111.327474051786169, 30.664277754614716 ], [ 111.327456691273483, 30.664339255652237 ], [ 111.327430165769556, 30.66443422675826 ], [ 111.327445762711818, 30.664436761947172 ], [ 111.327447124285413, 30.664444766812608 ], [ 111.327428669297831, 30.664546318258033 ], [ 111.327423676261787, 30.664574547077677 ], [ 111.327404018880486, 30.664590602674366 ], [ 111.327332375288961, 30.665082084870448 ], [ 111.327315165862387, 30.665088801007471 ], [ 111.32731096243117, 30.665103029181637 ], [ 111.327296342152465, 30.665131882130822 ], [ 111.327303768754064, 30.665145962816041 ], [ 111.327304331729692, 30.665155262705298 ], [ 111.327305025106909, 30.665205370231774 ], [ 111.327280324327546, 30.665215252881637 ], [ 111.327292698099598, 30.665253891354155 ], [ 111.327288132241506, 30.665264971900967 ], [ 111.327269849923823, 30.665322521317421 ], [ 111.32724625441125, 30.665400607651975 ], [ 111.327231668307036, 30.665450681004188 ], [ 111.327108464783919, 30.665556319868415 ], [ 111.327122734326792, 30.665566683655584 ], [ 111.32708824172903, 30.665654642747654 ], [ 111.32707621599468, 30.665668782788259 ], [ 111.327065252359489, 30.665688063353514 ], [ 111.327041542633253, 30.665717194193292 ], [ 111.327010534908311, 30.665743822219667 ], [ 111.327049482747555, 30.665808902558979 ], [ 111.327081021072388, 30.665851889253361 ], [ 111.32716399342371, 30.665728066097358 ], [ 111.327282944952003, 30.665751098634303 ], [ 111.327355162310994, 30.665765239574284 ], [ 111.327327245556035, 30.665870816385222 ], [ 111.32734679861602, 30.665874071930944 ], [ 111.327349853612986, 30.665952742824913 ], [ 111.327352696369985, 30.666015675583139 ], [ 111.327359381929966, 30.666045376592933 ], [ 111.327364874089767, 30.666060208212059 ], [ 111.327380117598466, 30.666088410052225 ], [ 111.327416468195452, 30.666141054566026 ], [ 111.327439906326731, 30.666165180678718 ], [ 111.327454580564563, 30.666175643391341 ], [ 111.327487859976827, 30.666193381619337 ], [ 111.327505889585211, 30.666207821134151 ], [ 111.327529331313599, 30.666205029638377 ], [ 111.327530316071318, 30.666204448676467 ], [ 111.327642751112137, 30.66619886478594 ], [ 111.327711326216843, 30.666184857844939 ], [ 111.32775906223111, 30.666176733369582 ], [ 111.327835378699774, 30.666166624090522 ], [ 111.328043365808753, 30.666104955779133 ], [ 111.328050107126842, 30.666113207958347 ], [ 111.328056140678427, 30.666117741440758 ], [ 111.328116502274895, 30.666096351965109 ], [ 111.328183226574765, 30.666072964196076 ], [ 111.328264578347728, 30.666046706690224 ], [ 111.328295289296364, 30.666099865616388 ], [ 111.328352425024491, 30.666196844908541 ], [ 111.328388587663255, 30.666257585119581 ], [ 111.328392596840956, 30.666264435255528 ], [ 111.328505826882463, 30.666454210193706 ], [ 111.328528979928535, 30.666480098977445 ], [ 111.328549183198334, 30.666508591298452 ], [ 111.328613189746989, 30.666597003648974 ], [ 111.328629796627865, 30.666624693774736 ], [ 111.328632126771424, 30.666628577047277 ], [ 111.328656943563203, 30.666653531435315 ], [ 111.3286689108416, 30.666684072412181 ], [ 111.328684969136191, 30.666725062611704 ], [ 111.328698980573563, 30.66676097883618 ], [ 111.328704041058757, 30.666773863423089 ], [ 111.32871230582839, 30.666794897666421 ], [ 111.3287201811915, 30.666816279048078 ], [ 111.328707301101076, 30.666818941940733 ], [ 111.328618777234794, 30.666837898750202 ], [ 111.328574839057637, 30.666847683373931 ], [ 111.328487391679914, 30.666875287164828 ], [ 111.328395972895919, 30.666903524078464 ], [ 111.328246483988096, 30.666950562218801 ], [ 111.328043241702346, 30.667023486444918 ], [ 111.327996915825167, 30.667041884775244 ], [ 111.328010998308969, 30.667084412815541 ], [ 111.328010372380845, 30.667088137807411 ], [ 111.327935278989969, 30.66711993243905 ], [ 111.327894912920044, 30.667136568098272 ], [ 111.327837218712716, 30.667159969357158 ], [ 111.327594653570543, 30.667229135316518 ], [ 111.327595289391184, 30.667231022094029 ], [ 111.327580204163212, 30.667240756355966 ], [ 111.327527144162502, 30.667288658744667 ], [ 111.32752311789767, 30.667292292905017 ], [ 111.32739187803287, 30.667407308100962 ], [ 111.327389609043223, 30.667408347717185 ], [ 111.327296522016979, 30.667494770767235 ], [ 111.327303847894314, 30.667591148412839 ], [ 111.327295541755916, 30.667595969678359 ], [ 111.327323673448802, 30.667595014598419 ], [ 111.327334291744251, 30.667589205877277 ], [ 111.32736447479067, 30.667582882743943 ], [ 111.327388841022184, 30.667574299614387 ], [ 111.327414216293164, 30.667563673225004 ], [ 111.327428657606561, 30.667557208898131 ], [ 111.327432926688346, 30.667553216807562 ], [ 111.32747397804178, 30.667536019971465 ], [ 111.327487540717584, 30.667532873243601 ], [ 111.327525232203755, 30.667533018933796 ], [ 111.327620468609894, 30.66753902280783 ], [ 111.327632711980129, 30.667538743118655 ], [ 111.327646096590172, 30.667558974267365 ], [ 111.327694519686474, 30.667632534314123 ], [ 111.327707067926951, 30.667654656737113 ], [ 111.327740557780658, 30.667695679312317 ], [ 111.327770686867837, 30.667677649703933 ], [ 111.327782980600261, 30.667672673755021 ], [ 111.327848862235328, 30.667646005258973 ], [ 111.327948332649441, 30.667608562884993 ], [ 111.327953474073638, 30.66760689913923 ], [ 111.32796535501717, 30.6675997180526 ], [ 111.327998364633004, 30.6675788357947 ], [ 111.328121831657313, 30.667502533715037 ], [ 111.328274946631552, 30.667408105799552 ], [ 111.328331539169312, 30.667372229145201 ], [ 111.328444116303046, 30.667367156968737 ], [ 111.328518537900322, 30.667356626806964 ], [ 111.328636599999243, 30.667337957780603 ], [ 111.328724913424082, 30.66732366395604 ], [ 111.328718925737974, 30.667276804780784 ], [ 111.328724540205485, 30.667274535791364 ], [ 111.329080303913031, 30.667220813889571 ], [ 111.329056496160433, 30.667106504661547 ], [ 111.329147930232864, 30.667106305911375 ], [ 111.329499108297284, 30.667104854405636 ], [ 111.3295044232907, 30.667171710006528 ], [ 111.329542666061229, 30.667205568582176 ], [ 111.329713929354398, 30.667365117306474 ], [ 111.329732839399128, 30.667382277270406 ], [ 111.329737783871678, 30.66738572527106 ], [ 111.329898257098932, 30.667452656415037 ], [ 111.329928635298415, 30.667465067059311 ], [ 111.329959330958502, 30.667480339346355 ], [ 111.330030014074055, 30.667523971753894 ], [ 111.330189107741148, 30.667616125284042 ], [ 111.330282659717113, 30.667675294379478 ], [ 111.330338034572719, 30.667712563184409 ], [ 111.330340005886683, 30.667716574160636 ] ] ], [ [ [ 111.312795633911378, 30.683700422736365 ], [ 111.312995007313816, 30.683356034553526 ], [ 111.313122847741283, 30.683358909686035 ], [ 111.313290285318544, 30.68336267514735 ], [ 111.313398309184663, 30.682734531973097 ], [ 111.313403741089871, 30.6827029477829 ], [ 111.312970269662401, 30.682574115403099 ], [ 111.313356318039666, 30.681845779659056 ], [ 111.313509737884146, 30.681911619925415 ], [ 111.313595794010837, 30.682012182116523 ], [ 111.313931779827954, 30.681937722747762 ], [ 111.314645105886939, 30.681779640817808 ], [ 111.3149800727723, 30.681337312866845 ], [ 111.315486550264268, 30.681324430078462 ], [ 111.31549111342423, 30.681917064421157 ], [ 111.315510004583075, 30.681999355985624 ], [ 111.316895491134176, 30.680993424706912 ], [ 111.31705783405198, 30.68112153672962 ], [ 111.31719904470026, 30.681202405566751 ], [ 111.317220649113835, 30.681214776640672 ], [ 111.317476260720923, 30.681287729645192 ], [ 111.317708614061416, 30.681347360991992 ], [ 111.3178867553695, 30.68139041963218 ], [ 111.317979059985703, 30.681421507396749 ], [ 111.318103675444263, 30.681463474259999 ], [ 111.318188359205465, 30.681621161387511 ], [ 111.318295356046008, 30.68156526942181 ], [ 111.318668474870378, 30.681278571848736 ], [ 111.319753711964324, 30.680459701354266 ], [ 111.319848052645568, 30.680367288819411 ], [ 111.319862448992978, 30.680377557278575 ], [ 111.320491335906524, 30.679737142854833 ], [ 111.32083309267324, 30.679545375019131 ], [ 111.320890548560044, 30.679040602641805 ], [ 111.320918959942105, 30.678791009297754 ], [ 111.320563404877419, 30.678147511998247 ], [ 111.320547626271946, 30.678086957047469 ], [ 111.320472913294452, 30.677800227098885 ], [ 111.320406796036821, 30.677546484282971 ], [ 111.320406040606429, 30.677317373897722 ], [ 111.320388860857292, 30.677131266395008 ], [ 111.32052864428158, 30.676841549797814 ], [ 111.320750853269317, 30.676380990790165 ], [ 111.320984101435158, 30.675988782956097 ], [ 111.321234121957332, 30.675568366087361 ], [ 111.321525141671941, 30.674944372384914 ], [ 111.321579566843695, 30.674827676356301 ], [ 111.321830326608278, 30.673843790158855 ], [ 111.321901662631603, 30.673487736869617 ], [ 111.321962433419685, 30.673184423422526 ], [ 111.322019114990212, 30.67290151829053 ], [ 111.322000127603985, 30.672525212268795 ], [ 111.322046960698685, 30.672291483865081 ], [ 111.322028576757589, 30.67226186199548 ], [ 111.321894197359484, 30.672274878782787 ], [ 111.321859816277481, 30.672278289012013 ], [ 111.321809558564325, 30.672281124574397 ], [ 111.321752521761653, 30.672280595773032 ], [ 111.321721279313749, 30.672281033742877 ], [ 111.321685158043692, 30.672210436962189 ], [ 111.321677386102522, 30.672212396584882 ], [ 111.321657671164758, 30.672123076818707 ], [ 111.321631795870871, 30.671995998116813 ], [ 111.321643253233731, 30.671993862226941 ], [ 111.321632157398199, 30.671952361212618 ], [ 111.321630966695921, 30.671947909568416 ], [ 111.321624199297503, 30.67192258016297 ], [ 111.321613536035954, 30.67188356757265 ], [ 111.321616117090286, 30.671853690295677 ], [ 111.321612276085773, 30.671818811888841 ], [ 111.32160796563528, 30.671816812695852 ], [ 111.321626911652686, 30.671791605598287 ], [ 111.321607648174563, 30.671731959862086 ], [ 111.321211255794822, 30.671819289428811 ], [ 111.321232438426307, 30.671863842742198 ], [ 111.321222884029055, 30.67186889783153 ], [ 111.320884327050123, 30.671992936824608 ], [ 111.320751543049312, 30.672041589248067 ], [ 111.320725342200888, 30.67205020835047 ], [ 111.320711659915332, 30.672055538632264 ], [ 111.320690914354316, 30.672038831926557 ], [ 111.320691398189524, 30.672038176320882 ], [ 111.320643377989597, 30.672000444364983 ], [ 111.320598246412032, 30.671951812626162 ], [ 111.320373575979886, 30.671771334879281 ], [ 111.320303376699542, 30.67175879023614 ], [ 111.320275309757903, 30.671786596374488 ], [ 111.320299150785218, 30.671828564137058 ], [ 111.320392715351602, 30.671902651186485 ], [ 111.320393695612609, 30.671902590931893 ], [ 111.320430975209433, 30.671935703969723 ], [ 111.320451421296241, 30.671953864879129 ], [ 111.320472748718544, 30.671980499200743 ], [ 111.320474918782509, 30.671979249143078 ], [ 111.320576365007241, 30.672108448446238 ], [ 111.320526720631733, 30.672135911043597 ], [ 111.320498936976492, 30.67215655588052 ], [ 111.32039275672048, 30.672235796944562 ], [ 111.320472138078856, 30.672307278658081 ], [ 111.320469803438812, 30.67230935699132 ], [ 111.320500603420214, 30.672336822286582 ], [ 111.320502795967343, 30.672334868059806 ], [ 111.320510763960726, 30.672341183998469 ], [ 111.3206243906032, 30.672435367298419 ], [ 111.320660295136577, 30.672459266781857 ], [ 111.320602582043648, 30.672632022949642 ], [ 111.320536641053195, 30.672782464239447 ], [ 111.320533836067796, 30.672783939127555 ], [ 111.320316272078401, 30.672813882054982 ], [ 111.320235083082764, 30.672864533671429 ], [ 111.320324380365946, 30.672943643434451 ], [ 111.319984993312914, 30.673245500879261 ], [ 111.319911989047171, 30.673180725410191 ], [ 111.319837703247401, 30.673095434606751 ], [ 111.319739954135684, 30.673071010818603 ], [ 111.319690568764884, 30.673054705210575 ], [ 111.319671483352295, 30.673049228339323 ], [ 111.319627754717203, 30.673032218562128 ], [ 111.319622401053039, 30.673104251560005 ], [ 111.319519339645979, 30.67320256994276 ], [ 111.31952699197717, 30.673234683833698 ], [ 111.319592002169259, 30.67334058799787 ], [ 111.319336608198057, 30.673523625215239 ], [ 111.31931442911781, 30.67351543868665 ], [ 111.319241723426899, 30.673466515567384 ], [ 111.319227178691335, 30.673453851314264 ], [ 111.319231319170228, 30.673437352352096 ], [ 111.319165284650353, 30.67337453380776 ], [ 111.319159618921276, 30.67337144463653 ], [ 111.319121110850631, 30.673312065099879 ], [ 111.319074027744307, 30.673253899647875 ], [ 111.319065738692927, 30.673222391000593 ], [ 111.319023374329333, 30.67325808958924 ], [ 111.319005792583312, 30.673264642049674 ], [ 111.318901943370179, 30.673376770421669 ], [ 111.318854276603645, 30.673418912652721 ], [ 111.318813096647148, 30.673467798000559 ], [ 111.318771790785661, 30.673503307731551 ], [ 111.318749403961874, 30.673522554122712 ], [ 111.31871493834376, 30.673556803004146 ], [ 111.318698460965379, 30.673574849699662 ], [ 111.318691316750915, 30.6735983588772 ], [ 111.31868312572584, 30.673612710258396 ], [ 111.318667287765209, 30.67362308393831 ], [ 111.318647769778863, 30.673627745124406 ], [ 111.318633920219327, 30.673637824725915 ], [ 111.318593487599571, 30.673688908016743 ], [ 111.318551700600665, 30.673734840890233 ], [ 111.318445553619483, 30.67383685728521 ], [ 111.318402020137228, 30.673877673016307 ], [ 111.318363716212559, 30.673919645275532 ], [ 111.318325090330688, 30.673960278444213 ], [ 111.31826670364552, 30.674023498086001 ], [ 111.318220497378093, 30.674071005672488 ], [ 111.318147804277828, 30.674149595627455 ], [ 111.318120738281493, 30.67417859786417 ], [ 111.318099588925065, 30.674201262578379 ], [ 111.318088349198035, 30.674208612737402 ], [ 111.318005574697565, 30.674299980260059 ], [ 111.318001256153082, 30.67430215482068 ], [ 111.317955495050114, 30.674350162430073 ], [ 111.31792261493689, 30.67437887418572 ], [ 111.317674607996935, 30.674634760985498 ], [ 111.317677969662725, 30.674659691092018 ], [ 111.31772101391374, 30.674617443640216 ], [ 111.317858048110509, 30.674634492987593 ], [ 111.318036589616895, 30.674723356797585 ], [ 111.318042296714623, 30.674732659384915 ], [ 111.31794039633229, 30.674900334383096 ], [ 111.31781329604695, 30.674990254896443 ], [ 111.317689479186186, 30.675188300000116 ], [ 111.317539761850583, 30.675313463145926 ], [ 111.317532462952954, 30.675308321721729 ], [ 111.317504737753552, 30.675331657330219 ], [ 111.316907578921644, 30.674873685672083 ], [ 111.316815625940421, 30.674803165333913 ], [ 111.315663621379201, 30.673866370336782 ], [ 111.315388603301528, 30.673642728729135 ], [ 111.315350144693525, 30.67361145480487 ], [ 111.314901758009796, 30.673221358578985 ], [ 111.314813337565511, 30.673144434168307 ], [ 111.314410733568593, 30.672795508905779 ], [ 111.312988196747995, 30.671791681141201 ], [ 111.314157050107895, 30.670691896613789 ], [ 111.314724304682954, 30.671157600642914 ], [ 111.315160962408527, 30.671356081917679 ], [ 111.315436844734791, 30.671516458018175 ], [ 111.315512116191201, 30.671433480270991 ], [ 111.315516772880812, 30.671412027842905 ], [ 111.315588783395697, 30.671287627322272 ], [ 111.315688621632773, 30.671138113233326 ], [ 111.315766347339206, 30.671034641735503 ], [ 111.315771362858186, 30.671027964269285 ], [ 111.315796649995377, 30.671053489726944 ], [ 111.315897347984333, 30.670948159330237 ], [ 111.316251640400935, 30.671286347586999 ], [ 111.316369737573496, 30.671269437634464 ], [ 111.316428750186788, 30.67120361715331 ], [ 111.316056957862372, 30.670899899011317 ], [ 111.316244571729783, 30.670614586394208 ], [ 111.315938859790606, 30.670341619670126 ], [ 111.315826130671439, 30.670481189955069 ], [ 111.316137478661858, 30.67070584419946 ], [ 111.315981805116337, 30.670873058744746 ], [ 111.315895916263685, 30.670905267064484 ], [ 111.315788555197855, 30.670975051757353 ], [ 111.315745609872124, 30.671007260077147 ], [ 111.315412789668585, 30.671468913559693 ], [ 111.314763254320781, 30.671136094255473 ], [ 111.314154932204531, 30.670630010666571 ], [ 111.31412054482729, 30.670661926706714 ], [ 111.31411913199247, 30.670663239716816 ], [ 111.312946319816945, 30.671751755739024 ], [ 111.312912344329277, 30.671783286869299 ], [ 111.314388088639475, 30.672833838910719 ], [ 111.314490044779916, 30.672922920356598 ], [ 111.314864928074087, 30.673250465136846 ], [ 111.314868483993394, 30.673253572294584 ], [ 111.314973653411414, 30.673345456927279 ], [ 111.315353856195543, 30.67367764580689 ], [ 111.31545040920912, 30.673762004013383 ], [ 111.315627312150866, 30.673905500738442 ], [ 111.316227656381329, 30.674392471935164 ], [ 111.316236103713265, 30.674397480259586 ], [ 111.316281657072921, 30.674437697941585 ], [ 111.316453671299939, 30.674573446107672 ], [ 111.316880101935283, 30.674900551119549 ], [ 111.317024080696797, 30.675010548098385 ], [ 111.317477759890778, 30.675354361614552 ], [ 111.317578215961987, 30.675428085338012 ], [ 111.317738622639411, 30.675545502622981 ], [ 111.317708444988796, 30.675577730727753 ], [ 111.31761772407873, 30.675662772419173 ], [ 111.317440280644576, 30.675836265131636 ], [ 111.317362645769492, 30.675911532091561 ], [ 111.317362393959399, 30.675911784801087 ], [ 111.317096772897855, 30.675730671233566 ], [ 111.317146967658573, 30.675673103830775 ], [ 111.317071120635887, 30.675626466788117 ], [ 111.316684081205494, 30.676062662262154 ], [ 111.316638812931046, 30.676118018232103 ], [ 111.316638669039378, 30.676127217397266 ], [ 111.316616743567977, 30.676160611922796 ], [ 111.316578017861275, 30.676195445363646 ], [ 111.316581714974291, 30.676226407223055 ], [ 111.316628416768197, 30.676273817682613 ], [ 111.316622946192183, 30.676277395185707 ], [ 111.316529584872626, 30.676338436669596 ], [ 111.316465875100221, 30.676375513019536 ], [ 111.31645760133739, 30.676377856652948 ], [ 111.316380549223027, 30.676406421818967 ], [ 111.316379087824714, 30.6764069829959 ], [ 111.316323633828688, 30.676427190762354 ], [ 111.316243752447349, 30.676494897121984 ], [ 111.3161465348349, 30.676573083281198 ], [ 111.316099336615139, 30.676559778710953 ], [ 111.316080647803744, 30.676574416076619 ], [ 111.315974842565083, 30.676502634888664 ], [ 111.315953956709905, 30.676560953225533 ], [ 111.315822674576793, 30.676718776150722 ], [ 111.31575581268072, 30.676794301216205 ], [ 111.315707704347233, 30.67683610260417 ], [ 111.315655445642278, 30.676908554686179 ], [ 111.315674308922269, 30.676919991364628 ], [ 111.31568485886919, 30.676913883169277 ], [ 111.315705780697328, 30.676928322684091 ], [ 111.315671952698438, 30.676962307164729 ], [ 111.315859511707117, 30.677151679206702 ], [ 111.315843855409696, 30.677222514307687 ], [ 111.315784266330979, 30.677269195417182 ], [ 111.315769429315822, 30.677276523093212 ], [ 111.315751984266853, 30.677285992954182 ], [ 111.31567783966068, 30.677218508727265 ], [ 111.315668294256568, 30.67721797902658 ], [ 111.31549004323108, 30.677397263373052 ], [ 111.315535040809493, 30.677431019426081 ], [ 111.315526506243373, 30.677441278891934 ], [ 111.315343356610697, 30.677295114777849 ], [ 111.315341398786586, 30.677293540964229 ], [ 111.315078455006756, 30.677538078319742 ], [ 111.315072505991452, 30.677539117036815 ], [ 111.315042229415496, 30.677524155915194 ], [ 111.315031771199358, 30.677521368916132 ], [ 111.315029684772128, 30.67752796364465 ], [ 111.314754818680115, 30.677762613853588 ], [ 111.314741229024492, 30.677751057565388 ], [ 111.314726974770167, 30.677767383857713 ], [ 111.314721794675279, 30.677772656582874 ], [ 111.314732767303383, 30.677781629119011 ], [ 111.314628984640024, 30.677862406225074 ], [ 111.314611501819513, 30.677846427071074 ], [ 111.314586842409028, 30.677865209411948 ], [ 111.314445876376226, 30.67797257317585 ], [ 111.314453551190581, 30.677980689557216 ], [ 111.314395954110068, 30.678029814124727 ], [ 111.314382723284211, 30.678034057126069 ], [ 111.314355647395303, 30.678055542829213 ], [ 111.314256587971158, 30.67812343984491 ], [ 111.314332764145888, 30.678207350189155 ], [ 111.314345499445437, 30.678216725621496 ], [ 111.314384614558378, 30.678243941804567 ], [ 111.314392617625401, 30.678246753085375 ], [ 111.314526891802757, 30.67830796544041 ], [ 111.314581837681715, 30.67834758867042 ], [ 111.314443762070141, 30.67855567200678 ], [ 111.314312545587654, 30.678549663636261 ], [ 111.314050073951762, 30.6785248189654 ], [ 111.313909196951954, 30.678511178048552 ], [ 111.313861882719777, 30.67853626103971 ], [ 111.313832133146434, 30.678586893770273 ], [ 111.313719853688383, 30.678777976322692 ], [ 111.313668955657874, 30.678865262721786 ], [ 111.313722060624684, 30.678915257832955 ], [ 111.313725085944043, 30.67891293758214 ], [ 111.313857271895699, 30.679042715149308 ], [ 111.313481839115695, 30.679310822836271 ], [ 111.313462893098119, 30.679295091895085 ], [ 111.31338655774357, 30.679298209844546 ], [ 111.313291297055855, 30.679229953099934 ], [ 111.313178516675293, 30.679349617790706 ], [ 111.313098226102341, 30.679478347647716 ], [ 111.313050108775485, 30.679606465965662 ], [ 111.313022765788105, 30.67968188491119 ], [ 111.313013135847655, 30.679683961445733 ], [ 111.313005837849232, 30.679669344764534 ], [ 111.312984131812414, 30.679676094176557 ], [ 111.312989186002198, 30.679691995089684 ], [ 111.312688593004225, 30.679810832404087 ], [ 111.31253445909806, 30.679519576167536 ], [ 111.312452941849813, 30.679587151226144 ], [ 111.312452001159102, 30.679587930938453 ], [ 111.31237544367184, 30.679474519233679 ], [ 111.312351204244806, 30.679483240858872 ], [ 111.312358256728203, 30.679486460431974 ], [ 111.312349904724499, 30.679485876771878 ], [ 111.312299129901021, 30.679509457895279 ], [ 111.31227518455222, 30.679474904143603 ], [ 111.31216102101439, 30.679529889592857 ], [ 111.312118129648013, 30.679551062331768 ], [ 111.312132091622914, 30.679571449962566 ], [ 111.312137302294786, 30.679581221096669 ], [ 111.312191453173057, 30.679823011023245 ], [ 111.312197126995898, 30.679827337661663 ], [ 111.312295184575191, 30.679812722779047 ], [ 111.31231921535948, 30.679808827815236 ], [ 111.312332560399398, 30.679809264885705 ], [ 111.312331329227618, 30.679802025343236 ], [ 111.312411347306011, 30.679780345386746 ], [ 111.312436525625344, 30.679798251788043 ], [ 111.312531467053759, 30.679751273002921 ], [ 111.312601491865507, 30.679878963243709 ], [ 111.312665307757811, 30.679974271595484 ], [ 111.312740697025617, 30.680234226028745 ], [ 111.312730713651661, 30.680362831779348 ], [ 111.312699526961637, 30.680364106118759 ], [ 111.312661045870584, 30.680365679932152 ], [ 111.312656144565437, 30.680559002695816 ], [ 111.312669100199003, 30.680723036339202 ], [ 111.312666500258842, 30.680723184727356 ], [ 111.312669492303314, 30.680735298595323 ], [ 111.312660180722844, 30.680845103118997 ], [ 111.31260804792322, 30.680947850662847 ], [ 111.312600856944016, 30.680952315796844 ], [ 111.312602643897037, 30.680952394037945 ], [ 111.312516802708274, 30.681027606139196 ], [ 111.312476818850087, 30.681055343029811 ], [ 111.312420941273615, 30.681142891131572 ], [ 111.312383630200429, 30.681255970986399 ], [ 111.312360290994832, 30.681307379831765 ], [ 111.312339433018508, 30.681353329792387 ], [ 111.312293920128354, 30.681402351837107 ], [ 111.312221235122081, 30.681480636922004 ], [ 111.312166171431727, 30.681446906949247 ], [ 111.312007356554432, 30.681355241751135 ], [ 111.311952264085846, 30.681369041847859 ], [ 111.311934381066862, 30.681372322574646 ], [ 111.311914024013049, 30.681375571825299 ], [ 111.311818208443697, 30.681371905289268 ], [ 111.311816946694819, 30.6813736868462 ], [ 111.311812034597779, 30.681380641303633 ], [ 111.311805778014389, 30.681389493330528 ], [ 111.311802931660168, 30.681393521394057 ], [ 111.311797813618341, 30.68140075913783 ], [ 111.311789770981193, 30.681412142756301 ], [ 111.311782240957655, 30.681422797923915 ], [ 111.311780271442444, 30.681425583124224 ], [ 111.311775118327205, 30.681432873928088 ], [ 111.311769952621262, 30.681440183617667 ], [ 111.311768192648117, 30.681442672041726 ], [ 111.311755910606962, 30.68146005144024 ], [ 111.311737789267681, 30.681491671603453 ], [ 111.311737629188258, 30.681495914604966 ], [ 111.311736952898116, 30.681510795686734 ], [ 111.311733483313674, 30.681569799306885 ], [ 111.311731806977491, 30.681602887163592 ], [ 111.311731681072331, 30.681605380983683 ], [ 111.311773715384732, 30.681609772373179 ], [ 111.311777818991231, 30.681576469578488 ], [ 111.311834431314082, 30.681578720581626 ], [ 111.311972607649864, 30.681635547842404 ], [ 111.311876459331188, 30.681789770781336 ], [ 111.311725449669893, 30.681729462245016 ], [ 111.311713826831749, 30.681961070946841 ], [ 111.311707138573638, 30.682094344178779 ], [ 111.311631232195737, 30.682095757912975 ], [ 111.311625767914961, 30.682096567302835 ], [ 111.311618752303559, 30.682097103298815 ], [ 111.311584273195649, 30.682099749104168 ], [ 111.311553969640102, 30.682100420897825 ], [ 111.311528955896677, 30.682100974880257 ], [ 111.311510475727971, 30.682178649325294 ], [ 111.31145868467064, 30.682321905931303 ], [ 111.31145090013905, 30.682343445593631 ], [ 111.31143967210329, 30.682355569354115 ], [ 111.311398746654845, 30.682399764737454 ], [ 111.311142883237665, 30.682679862185978 ], [ 111.310978952117068, 30.682863375144791 ], [ 111.31090644157905, 30.682950755972684 ], [ 111.310683737065006, 30.683201605669638 ], [ 111.310637941787775, 30.683197189099019 ], [ 111.310646713774986, 30.683232036029722 ], [ 111.310645146256604, 30.683240342168233 ], [ 111.310625740685396, 30.683257655016803 ], [ 111.310593767988053, 30.683279074170059 ], [ 111.310576285167485, 30.68328951080241 ], [ 111.310560894170067, 30.683311962377218 ], [ 111.310550467430232, 30.683327178906211 ], [ 111.310520683682682, 30.68338999924913 ], [ 111.310503782723458, 30.683420136430243 ], [ 111.310496502711487, 30.683449625200069 ], [ 111.310495391149459, 30.683467354435038 ], [ 111.310495472088405, 30.68346990131505 ], [ 111.31049643706109, 30.68349935321271 ], [ 111.310501927422138, 30.683528315879244 ], [ 111.310509845952652, 30.683552402421469 ], [ 111.310513037646672, 30.683557275847704 ], [ 111.310539088308417, 30.683597042969211 ], [ 111.310558284337333, 30.683620324618403 ], [ 111.310583148793455, 30.683646140557073 ], [ 111.310631178885899, 30.68367730206603 ], [ 111.310636894976767, 30.683705590240834 ], [ 111.310677763767956, 30.683731731734099 ], [ 111.310820730792159, 30.683770249697318 ], [ 111.310898222674894, 30.6837654572102 ], [ 111.310911853699224, 30.683761028049162 ], [ 111.310948685433686, 30.683749058972069 ], [ 111.31110803091093, 30.683697283203117 ], [ 111.31111473086014, 30.683674631079384 ], [ 111.311121010826014, 30.683653401683216 ], [ 111.311180579220547, 30.683645115329909 ], [ 111.311296412799322, 30.683629003076135 ], [ 111.311494767269778, 30.683485332782027 ], [ 111.311538795379306, 30.683437496943043 ], [ 111.311567112332511, 30.683442320906522 ], [ 111.31159405062499, 30.68344691104619 ], [ 111.311658299990654, 30.683517997957267 ], [ 111.312037438876814, 30.683937481329735 ], [ 111.312186818067232, 30.684018271026446 ], [ 111.312356824108349, 30.684039138895173 ], [ 111.312364450359269, 30.684034289750798 ], [ 111.312682566647197, 30.683831989954456 ], [ 111.312795633911378, 30.683700422736365 ] ], [ [ 111.317409471669805, 30.680416210140095 ], [ 111.317404287977581, 30.680377866645301 ], [ 111.31739213094221, 30.680329632406654 ], [ 111.317377636568665, 30.680329683668049 ], [ 111.317364680935327, 30.680331429252192 ], [ 111.317000399748792, 30.680383121384011 ], [ 111.316992501003313, 30.680362743645787 ], [ 111.316947887435163, 30.680244662661153 ], [ 111.316960209046442, 30.680239907945577 ], [ 111.316936160275645, 30.680160608425354 ], [ 111.316922513962936, 30.680126687796587 ], [ 111.31689854073511, 30.680079619978471 ], [ 111.316848630160223, 30.680005432205064 ], [ 111.316813869564612, 30.679962738689483 ], [ 111.316749290147754, 30.679900949869022 ], [ 111.316694391932685, 30.679857320159215 ], [ 111.31666684839638, 30.679856247268106 ], [ 111.316652310855602, 30.679815335309513 ], [ 111.316569232384211, 30.679624553130623 ], [ 111.31650399106644, 30.679513330375926 ], [ 111.316481608739309, 30.679447248192105 ], [ 111.316419205681882, 30.679463908132902 ], [ 111.316384259825895, 30.679379340384344 ], [ 111.31630555026095, 30.679119206086625 ], [ 111.316293740363903, 30.679097917335071 ], [ 111.315835518694428, 30.678271418790985 ], [ 111.315813870214072, 30.678109513843026 ], [ 111.316030344225055, 30.677775335663341 ], [ 111.316177474211088, 30.677603312442955 ], [ 111.316387340003928, 30.67770325769925 ], [ 111.316511152367866, 30.678248953726325 ], [ 111.316541693344561, 30.678246868198471 ], [ 111.316541505386283, 30.678242342810051 ], [ 111.316981146163016, 30.678195662599933 ], [ 111.316979763005804, 30.678185772755285 ], [ 111.317041103064525, 30.678179357891054 ], [ 111.317194203649706, 30.678167482343611 ], [ 111.317195935743996, 30.678145359021244 ], [ 111.317181258808034, 30.678110219810947 ], [ 111.317180479095953, 30.67807986679253 ], [ 111.317178434936977, 30.678003026918304 ], [ 111.317201019611559, 30.677976083229794 ], [ 111.317278425159316, 30.677964417224189 ], [ 111.317278185939642, 30.677968823002914 ], [ 111.317292558904512, 30.677970091946236 ], [ 111.317392905258487, 30.677952192739667 ], [ 111.317438151949318, 30.677946715868302 ], [ 111.317456046659402, 30.677947175421934 ], [ 111.317487701896027, 30.677967868822179 ], [ 111.31749055274696, 30.678064950637122 ], [ 111.317549848646706, 30.678064884087291 ], [ 111.317575588142915, 30.678157936939328 ], [ 111.318057016817988, 30.678111924925531 ], [ 111.318312757927515, 30.678084465925508 ], [ 111.318321770033776, 30.678080723846506 ], [ 111.318341957115649, 30.67806015635125 ], [ 111.318406023919067, 30.678050309674177 ], [ 111.318523442103242, 30.678033938415695 ], [ 111.318636038122861, 30.678186186443384 ], [ 111.318648182567756, 30.678261298720145 ], [ 111.318670302292674, 30.678369325284166 ], [ 111.31871319365905, 30.678541004963563 ], [ 111.318736886298325, 30.678594090145111 ], [ 111.318798938620205, 30.678654758410403 ], [ 111.318880660913862, 30.6787281287003 ], [ 111.319023912123839, 30.679416706316033 ], [ 111.318821001688036, 30.679449490201876 ], [ 111.31882996882814, 30.679546401145672 ], [ 111.318830062357563, 30.679547414681622 ], [ 111.318911688423839, 30.67987571219453 ], [ 111.318912299063356, 30.679943084905631 ], [ 111.318913380947834, 30.680062939353263 ], [ 111.318960509919634, 30.680475274914158 ], [ 111.318906470557351, 30.680644058776409 ], [ 111.318382106449121, 30.680726487037816 ], [ 111.317642414066199, 30.680823758609733 ], [ 111.317476598866051, 30.680781205388371 ], [ 111.317436408163758, 30.680603226857613 ], [ 111.317416261551386, 30.680593208410016 ], [ 111.317432288369446, 30.680584985908411 ], [ 111.317409471669805, 30.680416210140095 ] ], [ [ 111.318827809555899, 30.678082886716027 ], [ 111.318584917060434, 30.677854787168769 ], [ 111.318586425223486, 30.677851438992832 ], [ 111.31847230485306, 30.677846823672098 ], [ 111.318496818573351, 30.677787086205171 ], [ 111.318399688195143, 30.677733974943123 ], [ 111.318390416184798, 30.677725624737832 ], [ 111.318346595818753, 30.677545373620148 ], [ 111.318364664997432, 30.677540301443855 ], [ 111.318375178971507, 30.677436086206512 ], [ 111.318371668917564, 30.677366329392669 ], [ 111.318400383371113, 30.677363976766173 ], [ 111.318358048685184, 30.677082417919337 ], [ 111.318312176965378, 30.676886201137336 ], [ 111.318351858651454, 30.676873029666638 ], [ 111.318307188426047, 30.676740106270984 ], [ 111.31823944069771, 30.676514293699825 ], [ 111.318265595680771, 30.676508976008506 ], [ 111.318204789819276, 30.676425587271126 ], [ 111.318135161608552, 30.676372541659532 ], [ 111.318094923242313, 30.676246470198521 ], [ 111.318052579562959, 30.676017265384644 ], [ 111.318039116711873, 30.675850674968842 ], [ 111.317931493943433, 30.675768785401203 ], [ 111.317924409983675, 30.675762949700356 ], [ 111.31803468035622, 30.675672011154461 ], [ 111.318125486702002, 30.675632036289585 ], [ 111.318533953379358, 30.675637809937143 ], [ 111.318959344398309, 30.675693567004544 ], [ 111.318972968228024, 30.675638404388906 ], [ 111.319146551772008, 30.675653310651796 ], [ 111.319118296872034, 30.675788602861758 ], [ 111.319076222090018, 30.67592939622466 ], [ 111.319076552141155, 30.675968862073375 ], [ 111.318805939842377, 30.676147952166389 ], [ 111.318795433062917, 30.676168654559945 ], [ 111.318777586016779, 30.676217890643272 ], [ 111.318774979781551, 30.676247892926028 ], [ 111.318741496223254, 30.676326822824763 ], [ 111.31875691689828, 30.676368570253373 ], [ 111.318962857150325, 30.676426340003616 ], [ 111.319372482154449, 30.676682094603166 ], [ 111.319682743763792, 30.677015603687323 ], [ 111.320050054766341, 30.677281946904486 ], [ 111.320185650047847, 30.677744999732056 ], [ 111.320231978622985, 30.677818445564924 ], [ 111.320140218096697, 30.677873296115877 ], [ 111.31999647495752, 30.677812521730687 ], [ 111.319552745862609, 30.678049888791463 ], [ 111.319114972977673, 30.67814309183035 ], [ 111.318827809555899, 30.678082886716027 ] ], [ [ 111.317683886302348, 30.676632160645738 ], [ 111.317532991754319, 30.676790649968552 ], [ 111.317144320054467, 30.676556177825319 ], [ 111.317155021087444, 30.676529998560738 ], [ 111.317157380009235, 30.676530644273896 ], [ 111.317183812882718, 30.676476828842681 ], [ 111.317215108390599, 30.676404133943663 ], [ 111.317496152825242, 30.676142265753072 ], [ 111.317702067896164, 30.675952908100328 ], [ 111.317719494059475, 30.675933380221466 ], [ 111.317782943028533, 30.675870976264605 ], [ 111.317809260788806, 30.67584523317106 ], [ 111.31782186568671, 30.675844715161645 ], [ 111.317821943028378, 30.675847155921588 ], [ 111.31790469504574, 30.676033410913249 ], [ 111.3179192532711, 30.676195321257239 ], [ 111.317950109909759, 30.676325228326732 ], [ 111.317984901981731, 30.676361837029276 ], [ 111.317960941344552, 30.676378847705848 ], [ 111.317995105689704, 30.676414797205268 ], [ 111.317989809582116, 30.676418557270722 ], [ 111.318006635897575, 30.676436256827969 ], [ 111.317969119779207, 30.676462894746862 ], [ 111.317917548156458, 30.676468468744986 ], [ 111.317683886302348, 30.676632160645738 ] ], [ [ 111.317211706255307, 30.677258165232217 ], [ 111.317108601680616, 30.677332147960442 ], [ 111.317002399840931, 30.677256933161061 ], [ 111.316999528305757, 30.677254894397947 ], [ 111.316818007345205, 30.677125265218933 ], [ 111.31680853028962, 30.677118409686955 ], [ 111.316837456983194, 30.677074545254129 ], [ 111.316880084848151, 30.677026622181018 ], [ 111.316944147154743, 30.67696102922821 ], [ 111.316973624233469, 30.676929348810461 ], [ 111.31707455244873, 30.676802458966449 ], [ 111.317084707593381, 30.676821164864919 ], [ 111.317130477689545, 30.676950553025733 ], [ 111.317211706255307, 30.677258165232217 ] ] ], [ [ [ 111.30758470477042, 30.688511152667616 ], [ 111.307676262050052, 30.688476286851255 ], [ 111.307696092101082, 30.688462880657539 ], [ 111.307711780774184, 30.688445307005338 ], [ 111.307761944957917, 30.688363277143708 ], [ 111.307774768390914, 30.688342307651567 ], [ 111.307803719366177, 30.688351211839006 ], [ 111.30783596635689, 30.688266703445663 ], [ 111.308159987593399, 30.688056857438085 ], [ 111.308303227112276, 30.687945113975957 ], [ 111.308254661923286, 30.687893124168454 ], [ 111.308368014272446, 30.687839606412751 ], [ 111.308366764214838, 30.68783762880355 ], [ 111.30859153357261, 30.687663939139668 ], [ 111.308671406859958, 30.687603867124892 ], [ 111.30866528967141, 30.687597713064179 ], [ 111.308760303945064, 30.687523638605057 ], [ 111.308804218739851, 30.687538390184613 ], [ 111.308854855067693, 30.687554318976765 ], [ 111.308950063594637, 30.687511666830062 ], [ 111.308986329655568, 30.687491762135267 ], [ 111.309090025984062, 30.687471367309854 ], [ 111.309203095946316, 30.68738895163898 ], [ 111.309234767370754, 30.687171142134673 ], [ 111.309113734811149, 30.687024970825803 ], [ 111.308906057068896, 30.687105220929254 ], [ 111.308698076255382, 30.687105806387876 ], [ 111.308659897336497, 30.687100220698653 ], [ 111.308652685673053, 30.687066240714501 ], [ 111.308624196949324, 30.687067326196257 ], [ 111.308618772238674, 30.687029944076812 ], [ 111.308600471035106, 30.687028923346247 ], [ 111.308418969859588, 30.686825172044223 ], [ 111.308461180439167, 30.686802732160515 ], [ 111.308454558731, 30.686798076370223 ], [ 111.308474610914743, 30.68678719187551 ], [ 111.308404462895794, 30.686747479612507 ], [ 111.308452107179164, 30.686686504678619 ], [ 111.308446875822824, 30.686683312085222 ], [ 111.308823670176423, 30.686199058639716 ], [ 111.308904314182882, 30.686245362033901 ], [ 111.308958096339211, 30.686175544066145 ], [ 111.308952068183487, 30.686145745030217 ], [ 111.308951916198055, 30.686078284185442 ], [ 111.308953986437473, 30.686069951966829 ], [ 111.30893962336495, 30.686056913595735 ], [ 111.308906775627293, 30.686029779250987 ], [ 111.308889466375831, 30.686005095558755 ], [ 111.30886650308679, 30.685964831112187 ], [ 111.308850495154388, 30.685951180302823 ], [ 111.308874817319122, 30.685920470253564 ], [ 111.309024280146446, 30.685734898746603 ], [ 111.309109367703229, 30.685420874373904 ], [ 111.309047674210944, 30.685408140873051 ], [ 111.308929301845865, 30.685279752758504 ], [ 111.308964863737629, 30.685255360446718 ], [ 111.308975981156777, 30.685235610435143 ], [ 111.308942028152273, 30.685198934283392 ], [ 111.308923634318433, 30.6851790160988 ], [ 111.308837383938283, 30.685085890401581 ], [ 111.308818983809203, 30.685065974015572 ], [ 111.308731439304609, 30.684971431886197 ], [ 111.308713037376947, 30.68495152089605 ], [ 111.308649058707147, 30.684882029382322 ], [ 111.308624750931585, 30.684856214342972 ], [ 111.30860812786301, 30.684787416206348 ], [ 111.308558496977128, 30.684759989582005 ], [ 111.308538253237998, 30.684842605801691 ], [ 111.308539818957627, 30.684847277779681 ], [ 111.30853084642149, 30.685030750268936 ], [ 111.308497415923114, 30.685123541418477 ], [ 111.308476933863517, 30.685287586752793 ], [ 111.308440907921636, 30.685284648667789 ], [ 111.308442551882308, 30.685354123094385 ], [ 111.308445203983069, 30.685495759122091 ], [ 111.308454857305833, 30.685731207928995 ], [ 111.308457099315831, 30.685798379191851 ], [ 111.308464287596905, 30.685889166651748 ], [ 111.308473262830944, 30.685965757413896 ], [ 111.308472129685128, 30.686000242817045 ], [ 111.308463411657215, 30.686009094843939 ], [ 111.308438489644686, 30.686078383110953 ], [ 111.308433536178939, 30.686089264008388 ], [ 111.308401103028586, 30.686120242954871 ], [ 111.308337556932884, 30.686186925886091 ], [ 111.308293328274658, 30.686230328966644 ], [ 111.308385320826005, 30.686464018699667 ], [ 111.308302576902463, 30.686556006754358 ], [ 111.308148673222775, 30.686727101874283 ], [ 111.307878845132791, 30.686975945183804 ], [ 111.307606804710417, 30.687183211036427 ], [ 111.30747664942794, 30.68728237568115 ], [ 111.30688682636611, 30.687636981061928 ], [ 111.306807377558584, 30.687685823242191 ], [ 111.306851517183873, 30.687751596958776 ], [ 111.306975879932907, 30.687763580424928 ], [ 111.307074948350248, 30.687803540001539 ], [ 111.307085816657207, 30.687818009193961 ], [ 111.307206511971003, 30.687866968286016 ], [ 111.307262549627126, 30.687895362580946 ], [ 111.307279822006194, 30.687911476633417 ], [ 111.307289942077205, 30.687923531146225 ], [ 111.307305017412716, 30.687941480714812 ], [ 111.30735189637295, 30.687989789597168 ], [ 111.307393062839651, 30.688033637842238 ], [ 111.307335891138507, 30.688182569170294 ], [ 111.307323911269634, 30.688223481128944 ], [ 111.307291263181355, 30.688298077194588 ], [ 111.307281946204967, 30.688342116995216 ], [ 111.307272065353629, 30.688366006585966 ], [ 111.307258267055488, 30.688405646903107 ], [ 111.30724909576918, 30.688416338942886 ], [ 111.307222400293654, 30.688443218779582 ], [ 111.307205385120596, 30.688459108001609 ], [ 111.307197273235715, 30.688464881649111 ], [ 111.3072945061366, 30.688491134658307 ], [ 111.30736062699151, 30.688486661430318 ], [ 111.30739518523967, 30.688503074057621 ], [ 111.307418652149181, 30.688516367836144 ], [ 111.307507068096811, 30.688532961227338 ], [ 111.307530560187388, 30.688531775021545 ], [ 111.30758470477042, 30.688511152667616 ] ], [ [ 111.307902146566789, 30.687226594332003 ], [ 111.308081608979194, 30.687095053194184 ], [ 111.30813433982803, 30.687148831753234 ], [ 111.308147219019077, 30.687162060780508 ], [ 111.308163185582657, 30.687178232389613 ], [ 111.308184075934491, 30.68719978644117 ], [ 111.308182003896491, 30.687201279315616 ], [ 111.308093633814224, 30.687292824903921 ], [ 111.307995135567126, 30.687363686085405 ], [ 111.307878322626664, 30.687244059166176 ], [ 111.307902146566789, 30.687226594332003 ] ] ] ] } },
{ "type": "Feature", "properties": { "SQMC": "合益村", "SSJD": "伍家乡" }, "geometry": { "type": "MultiPolygon", "coordinates": [ [ [ [ 111.333913532183772, 30.661547602639814 ], [ 111.333608554091597, 30.661421583339404 ], [ 111.333350928902291, 30.661315129689626 ], [ 111.332700666902326, 30.661012987159779 ], [ 111.332225323939667, 30.661334051425456 ], [ 111.332209839412599, 30.661344512339554 ], [ 111.332025625882125, 30.661201737770114 ], [ 111.332018437600823, 30.66117518168943 ], [ 111.332016767559821, 30.661180037128986 ], [ 111.332004112300069, 30.661200884313416 ], [ 111.332002749827097, 30.661215735717803 ], [ 111.332004383895253, 30.661225984391706 ], [ 111.331976462643809, 30.661250578151794 ], [ 111.331973455310788, 30.661259717062421 ], [ 111.331943872112106, 30.661286275841064 ], [ 111.331914618964674, 30.661298547989702 ], [ 111.331898379007043, 30.661309401907431 ], [ 111.331894690887339, 30.661325110365624 ], [ 111.331878082207766, 30.661335961585451 ], [ 111.331853805009189, 30.661362805449301 ], [ 111.331833870636615, 30.661377082186618 ], [ 111.331770661786777, 30.66140367064304 ], [ 111.331749036688791, 30.661412227692324 ], [ 111.33171988426534, 30.661421482615367 ], [ 111.331670095998334, 30.661437002215905 ], [ 111.331656298599398, 30.661445160865469 ], [ 111.331649710166118, 30.661452339254197 ], [ 111.331629094107598, 30.661496215378122 ], [ 111.331585437418084, 30.661480248814541 ], [ 111.331488489602293, 30.661480935896577 ], [ 111.331435123832023, 30.661501611310314 ], [ 111.331541138612749, 30.661906397962014 ], [ 111.331750493590562, 30.662169432573364 ], [ 111.332249724345445, 30.662400259764297 ], [ 111.332706008875221, 30.662555933309818 ], [ 111.333038829078816, 30.662534461096641 ], [ 111.333468274241625, 30.662480780563556 ], [ 111.333860143031302, 30.662309002858251 ], [ 111.334453790010514, 30.661768018379348 ], [ 111.333913532183772, 30.661547602639814 ] ] ], [ [ [ 111.332281897591542, 30.676536024917709 ], [ 111.333648359884023, 30.674613024371752 ], [ 111.333696684954191, 30.674558217887579 ], [ 111.333800971237963, 30.674438701584961 ], [ 111.333825758352191, 30.674347250425399 ], [ 111.333827955395805, 30.674339099869655 ], [ 111.333832078787395, 30.674323802401602 ], [ 111.333857211241366, 30.674230588570822 ], [ 111.333870088633716, 30.674182399298331 ], [ 111.333856478294024, 30.674119473734777 ], [ 111.333827656820972, 30.673991639602662 ], [ 111.333790908723586, 30.673827637435636 ], [ 111.333786545213002, 30.673808221072704 ], [ 111.333751636229181, 30.673728333395957 ], [ 111.333701582662059, 30.673613911752796 ], [ 111.333681284963404, 30.673567524721477 ], [ 111.333692289967246, 30.673535257945957 ], [ 111.333764090040859, 30.673324762627885 ], [ 111.333765208797502, 30.673321481900871 ], [ 111.334555313576971, 30.673052902069799 ], [ 111.33456935559127, 30.673048127569189 ], [ 111.334686956338032, 30.672970666263382 ], [ 111.334737705980388, 30.672936490226959 ], [ 111.334826677709202, 30.672877904791619 ], [ 111.334883188408412, 30.672841046077508 ], [ 111.334962699269283, 30.672787942909224 ], [ 111.335010539604866, 30.672755874883876 ], [ 111.335071334674467, 30.672714928751134 ], [ 111.335135452739109, 30.672671963640369 ], [ 111.335217512278348, 30.672618112236137 ], [ 111.33531153100239, 30.672555666910625 ], [ 111.33531419569357, 30.672552405968872 ], [ 111.335314653448677, 30.672551846590579 ], [ 111.335374836979156, 30.672546486631177 ], [ 111.33541859619146, 30.672542590767989 ], [ 111.335457460393627, 30.67254894807553 ], [ 111.33547955044088, 30.672533620929926 ], [ 111.335501467818688, 30.672518417890785 ], [ 111.335683017557301, 30.672392503811068 ], [ 111.335963115905201, 30.672210574558449 ], [ 111.336051639771483, 30.672152118625547 ], [ 111.336370147264574, 30.671955530423475 ], [ 111.336638804437371, 30.671790157689657 ], [ 111.336655202675502, 30.671780066397048 ], [ 111.336748233944036, 30.671723954996708 ], [ 111.336862849840713, 30.67165482680889 ], [ 111.336853076008651, 30.671733523783189 ], [ 111.336867777226189, 30.671748609011161 ], [ 111.33690867209765, 30.671721848784443 ], [ 111.336923838264624, 30.671617655130717 ], [ 111.336935613987464, 30.671609036927691 ], [ 111.337022832937521, 30.671629957856339 ], [ 111.337024272752046, 30.671628867878098 ], [ 111.337282582325429, 30.671433722188624 ], [ 111.3373838621755, 30.671357671919054 ], [ 111.337748600217765, 30.671085323928708 ], [ 111.337745341974141, 30.671080487374752 ], [ 111.337803039778521, 30.67103726056115 ], [ 111.337824360006266, 30.671026204295913 ], [ 111.337901103653053, 30.670986766326223 ], [ 111.338287563020685, 30.670945149299257 ], [ 111.338368433656399, 30.6709514526475 ], [ 111.338731353269509, 30.67090775279064 ], [ 111.339032966997991, 30.670871412086115 ], [ 111.339078922354474, 30.670847865137034 ], [ 111.339495193348512, 30.670612842608648 ], [ 111.339626270436213, 30.670605752353708 ], [ 111.340032743316613, 30.670678770109248 ], [ 111.340100588171708, 30.67072595304046 ], [ 111.340167970775383, 30.670797402378241 ], [ 111.34031411780245, 30.670948546038687 ], [ 111.340408457584317, 30.671047207962317 ], [ 111.340654015670339, 30.671304250390904 ], [ 111.340706515393492, 30.671269627391496 ], [ 111.34077745481585, 30.671359495744241 ], [ 111.341051004300596, 30.671705473928455 ], [ 111.341123120036002, 30.671796685868514 ], [ 111.341185672381016, 30.671876195829782 ], [ 111.34121730963119, 30.67191801070777 ], [ 111.341420638251975, 30.672186736228866 ], [ 111.341728789152285, 30.672023880697679 ], [ 111.343077677792735, 30.671311003400263 ], [ 111.343067496567812, 30.67129931581087 ], [ 111.343582970877605, 30.671018837049758 ], [ 111.343414101579697, 30.670916490603588 ], [ 111.342677161122253, 30.670469853101338 ], [ 111.342389008446105, 30.670227393179687 ], [ 111.341495850353397, 30.66947585312812 ], [ 111.341402247116037, 30.669422266124855 ], [ 111.341295566837061, 30.669267917280592 ], [ 111.341276717946243, 30.669240642641682 ], [ 111.341251577398452, 30.669240104846949 ], [ 111.341202867418588, 30.669139576830105 ], [ 111.341161257586009, 30.66900532243784 ], [ 111.34116045718946, 30.668722071966215 ], [ 111.341160432008394, 30.668713320663244 ], [ 111.341269940655309, 30.668506006247299 ], [ 111.341375209898047, 30.668401191162161 ], [ 111.34155111998831, 30.66822603920042 ], [ 111.342119924095414, 30.66770764838941 ], [ 111.342091388606775, 30.667709265370434 ], [ 111.342064916162997, 30.667660614745614 ], [ 111.342464458867823, 30.667349120165795 ], [ 111.342581109030959, 30.667266414013966 ], [ 111.341986229980591, 30.666883409841603 ], [ 111.341696290351649, 30.665584049564302 ], [ 111.337207594155245, 30.663962535942403 ], [ 111.336879812853226, 30.663470863989289 ], [ 111.336906108130506, 30.663383460678233 ], [ 111.336832998644013, 30.663261506313575 ], [ 111.336559227926102, 30.663180984614939 ], [ 111.336167360035802, 30.663078991602333 ], [ 111.335764755139508, 30.663068256395093 ], [ 111.335544664055135, 30.663105831868677 ], [ 111.335147427212064, 30.663170249407528 ], [ 111.334921968973674, 30.663266874366798 ], [ 111.334771662582341, 30.66347086039201 ], [ 111.334540836290557, 30.663911041661379 ], [ 111.334399824392449, 30.663862569102434 ], [ 111.334412678402543, 30.663822872128037 ], [ 111.334337524757132, 30.663758454589185 ], [ 111.33403154482005, 30.66355983661731 ], [ 111.333827558794837, 30.663479315817881 ], [ 111.333457162218338, 30.66344173944475 ], [ 111.332957932362831, 30.663393426965229 ], [ 111.332657321378349, 30.66332364227236 ], [ 111.332587535786331, 30.66332364227236 ], [ 111.332587535786331, 30.663318274219137 ], [ 111.33132604056442, 30.66297471790898 ], [ 111.331295513976954, 30.663060747955171 ], [ 111.33147086738677, 30.663120738131738 ], [ 111.33146324113585, 30.663145670936046 ], [ 111.331444533438628, 30.663193043624176 ], [ 111.331416690428057, 30.663264423714281 ], [ 111.331410266570686, 30.663281090849694 ], [ 111.331382992830981, 30.66332183103782 ], [ 111.33135976873848, 30.663317097006541 ], [ 111.331324921807777, 30.663359341760327 ], [ 111.331269517274563, 30.663393670681387 ], [ 111.330995893146053, 30.663463142410194 ], [ 111.330975801392185, 30.663473611418055 ], [ 111.330954916436383, 30.66350509938087 ], [ 111.330933775173776, 30.663527437641221 ], [ 111.330910327149979, 30.66356047513591 ], [ 111.330902511142028, 30.663565693901774 ], [ 111.330859953424181, 30.663629782288808 ], [ 111.330855371378334, 30.66363939514207 ], [ 111.330828641728544, 30.663707930676651 ], [ 111.330736509782184, 30.663849822111786 ], [ 111.330638622174831, 30.663806440614792 ], [ 111.330634911571963, 30.663816236929847 ], [ 111.330589240401309, 30.663943028747781 ], [ 111.330576121091212, 30.663978230011367 ], [ 111.330547374261982, 30.664078806591704 ], [ 111.330452026340026, 30.664138081807209 ], [ 111.330371028900004, 30.664186857437642 ], [ 111.330356438299077, 30.664305381787983 ], [ 111.330483401887534, 30.664352908260184 ], [ 111.330588362662922, 30.664347808204866 ], [ 111.330697871309837, 30.664502775782637 ], [ 111.330776373131243, 30.664429667195577 ], [ 111.330829685841422, 30.664429016985707 ], [ 111.33086139323882, 30.664428630277257 ], [ 111.330859870686595, 30.66443078325409 ], [ 111.33096828575782, 30.664549042304486 ], [ 111.331035444430256, 30.664598264898132 ], [ 111.331070836350023, 30.664708106294199 ], [ 111.331078807940742, 30.66483592243992 ], [ 111.331155851061737, 30.664877403669436 ], [ 111.33124272107483, 30.664936725649454 ], [ 111.331352620027474, 30.665006293605643 ], [ 111.331430757623423, 30.66505651174873 ], [ 111.33149500608971, 30.665126047329409 ], [ 111.331578320183496, 30.665216196270478 ], [ 111.331656619657394, 30.665300442061834 ], [ 111.331770525089723, 30.665423589826844 ], [ 111.331948412789131, 30.665505027035465 ], [ 111.331951361666142, 30.665506377817223 ], [ 111.332043150071513, 30.665548398639771 ], [ 111.332051693630945, 30.665562626813937 ], [ 111.33215065592816, 30.665568869008268 ], [ 111.332242786075767, 30.665572515759095 ], [ 111.332257002558663, 30.66557271360989 ], [ 111.332352399943431, 30.665574050901739 ], [ 111.332373893740396, 30.665573208237163 ], [ 111.332380197088469, 30.665572909662103 ], [ 111.332409690355121, 30.665559729198264 ], [ 111.332462365445906, 30.665531950938941 ], [ 111.332483584949557, 30.665525918286505 ], [ 111.332627319095593, 30.665533615584081 ], [ 111.332825076416327, 30.665534114707668 ], [ 111.332924125048351, 30.665530646921979 ], [ 111.332997791215234, 30.665524795932754 ], [ 111.333109934875608, 30.665484170857894 ], [ 111.333247845012068, 30.665434693756197 ], [ 111.333381960009604, 30.665385963091694 ], [ 111.333422865672787, 30.665338162326407 ], [ 111.33354520494737, 30.665256366288361 ], [ 111.333593785424966, 30.66522398529878 ], [ 111.333642910891683, 30.665171794043204 ], [ 111.333731048049515, 30.665076088191029 ], [ 111.333767892374397, 30.665035883099506 ], [ 111.333828684746095, 30.664970405260021 ], [ 111.333887560662504, 30.664905511979953 ], [ 111.334027905263667, 30.664946489588999 ], [ 111.334074437085803, 30.664960078345075 ], [ 111.334081285423167, 30.66495471658709 ], [ 111.334160988738745, 30.664873861239755 ], [ 111.334221276590824, 30.664812700146172 ], [ 111.334256958092283, 30.66477910417251 ], [ 111.334258242324211, 30.664770804329237 ], [ 111.334202175889686, 30.664699867604782 ], [ 111.334187216566875, 30.664645821947261 ], [ 111.334169877637805, 30.66459307221254 ], [ 111.334162797275383, 30.664571533449589 ], [ 111.334141775622527, 30.664507591652125 ], [ 111.334140864609196, 30.664503130115406 ], [ 111.334123193830408, 30.66448686317824 ], [ 111.334114840927327, 30.664475434593783 ], [ 111.334111154606205, 30.664468000797626 ], [ 111.334110460329555, 30.664461989729205 ], [ 111.334111714883932, 30.664445098662497 ], [ 111.334115973173823, 30.664431350726375 ], [ 111.334121227912476, 30.664417029022729 ], [ 111.334126484449769, 30.66440328018723 ], [ 111.334132078232983, 30.664390961273909 ], [ 111.33413965861854, 30.664377490329002 ], [ 111.334147909898206, 30.664365164221067 ], [ 111.334156493027933, 30.664352837213698 ], [ 111.33416342230413, 30.664342228810824 ], [ 111.33417532213349, 30.66432846288842 ], [ 111.334184901711865, 30.664316706950501 ], [ 111.334192822041189, 30.664304665927716 ], [ 111.334196089278123, 30.664291493557698 ], [ 111.334195366223298, 30.664277188041979 ], [ 111.33419334094998, 30.664269699387148 ], [ 111.334246319112481, 30.664227566149236 ], [ 111.33427282033449, 30.664254785030437 ], [ 111.33428965834122, 30.664272079892726 ], [ 111.334338942088607, 30.664304290910366 ], [ 111.33437488259483, 30.664322227888533 ], [ 111.334384541313625, 30.664328783946246 ], [ 111.334387522566203, 30.664327060845324 ], [ 111.334427696181365, 30.664349456662251 ], [ 111.334439994410332, 30.664347262316369 ], [ 111.334454943840626, 30.664342828658675 ], [ 111.334470554272855, 30.66433622403764 ], [ 111.334486172798734, 30.664332761647813 ], [ 111.334498810971525, 30.664333312032795 ], [ 111.334613216426931, 30.664230303685656 ], [ 111.334625954424268, 30.664222531744542 ], [ 111.334626012880278, 30.664222529945789 ], [ 111.334808438558753, 30.664222061399187 ], [ 111.334895533402289, 30.664225664982553 ], [ 111.33496767971468, 30.66422864893309 ], [ 111.335095119943844, 30.664233924356211 ], [ 111.335134256640799, 30.664235542236611 ], [ 111.335233416788753, 30.664278513642614 ], [ 111.335431130942084, 30.664494391403082 ], [ 111.33569682215068, 30.664684632190074 ], [ 111.33638863912455, 30.665133499111846 ], [ 111.336398482204288, 30.665149552909611 ], [ 111.336418350926238, 30.665175973192675 ], [ 111.3364381980644, 30.665207033977538 ], [ 111.336445552720136, 30.66521865411778 ], [ 111.336454477592156, 30.665232754588033 ], [ 111.336500518384355, 30.665315689167812 ], [ 111.336508907260395, 30.665342694909612 ], [ 111.336525222760827, 30.665376755832767 ], [ 111.336550783292125, 30.665535659743057 ], [ 111.336560974409565, 30.665596794756368 ], [ 111.336564646341515, 30.665690987948835 ], [ 111.336563947568209, 30.665704116252073 ], [ 111.336563588738784, 30.665711270358884 ], [ 111.336562252346084, 30.665717526043011 ], [ 111.336559560675198, 30.665730646252484 ], [ 111.33655587255555, 30.665742909407754 ], [ 111.33655152073618, 30.665755452252426 ], [ 111.336544503326252, 30.665768844057027 ], [ 111.336540060675361, 30.665775259820464 ], [ 111.336533832870259, 30.665781081132025 ], [ 111.336526398174726, 30.665786432997663 ], [ 111.336512851686905, 30.665794996342186 ], [ 111.336502028346104, 30.665802018248598 ], [ 111.336479714367329, 30.665812543913944 ], [ 111.336463275659696, 30.665815183424058 ], [ 111.336452640277173, 30.665815465811136 ], [ 111.336437689048296, 30.665814607857953 ], [ 111.336422742315904, 30.665812037595572 ], [ 111.336409789380468, 30.665809182248154 ], [ 111.336395176296378, 30.66580546714863 ], [ 111.336381559661277, 30.665802040731592 ], [ 111.336367943925552, 30.665798329229574 ], [ 111.336354993688019, 30.66579490101401 ], [ 111.33633971690449, 30.665790618442372 ], [ 111.33632477287, 30.665787474412468 ], [ 111.336308827890093, 30.665784333080637 ], [ 111.336292551959787, 30.665781761019502 ], [ 111.33627760882473, 30.665779186260579 ], [ 111.336262672884232, 30.665776605206304 ], [ 111.336248070592092, 30.665773738167616 ], [ 111.336231872003452, 30.665770095913274 ], [ 111.336219035979866, 30.665768210034969 ], [ 111.336211682223507, 30.665766066051162 ], [ 111.336188664975111, 30.665761129672546 ], [ 111.336174063582291, 30.665757690664861 ], [ 111.336159132138334, 30.665753966572368 ], [ 111.336145528093653, 30.665750531162189 ], [ 111.336131256752196, 30.665747378139145 ], [ 111.336118645559054, 30.665744513798359 ], [ 111.336104708765276, 30.66574164675967 ], [ 111.336091432973262, 30.665739066604715 ], [ 111.336063889437128, 30.665732765055225 ], [ 111.336048290696169, 30.665729040063184 ], [ 111.336040326300065, 30.665727891628933 ], [ 111.336031036303382, 30.665725029986277 ], [ 111.336021747205905, 30.665722167444244 ], [ 111.335992563306149, 30.665709292749682 ], [ 111.335978631009084, 30.665704428316758 ], [ 111.3359637139543, 30.665700131356118 ], [ 111.335950144083881, 30.665696400968216 ], [ 111.33593591141323, 30.6656932407505 ], [ 111.335922339744286, 30.665689796347181 ], [ 111.335907777022385, 30.665686351044258 ], [ 111.335893542552981, 30.665683190826769 ], [ 111.335878316131584, 30.665679173555077 ], [ 111.335865725622853, 30.665676873089296 ], [ 111.335835247598652, 30.665670550855396 ], [ 111.33581967583757, 30.665667675722716 ], [ 111.335804765077967, 30.665665371659657 ], [ 111.335788858768808, 30.665663637766784 ], [ 111.3357729515605, 30.665662188958947 ], [ 111.335756713401736, 30.665661313019314 ], [ 111.335740148788943, 30.665658150103695 ], [ 111.335731872328211, 30.665653855840958 ], [ 111.335728900068773, 30.665649566974082 ], [ 111.335727740842628, 30.665648709020729 ], [ 111.335725602254854, 30.665642708744201 ], [ 111.335684932214008, 30.665627428363166 ], [ 111.335584700073923, 30.665583887686296 ], [ 111.3355336482594, 30.665563970401081 ], [ 111.335477982023349, 30.665538558257936 ], [ 111.335444689121232, 30.665526217760771 ], [ 111.335354906204088, 30.66549293834845 ], [ 111.335234720805772, 30.665449885104294 ], [ 111.335096430256101, 30.66540076143616 ], [ 111.335002552725825, 30.665392916649807 ], [ 111.334821036261872, 30.665377355680562 ], [ 111.334796638554224, 30.665409268123199 ], [ 111.334795472133465, 30.665410796970832 ], [ 111.334765536400482, 30.66544995704993 ], [ 111.334726775620311, 30.665501401868312 ], [ 111.334728392601335, 30.665504821990112 ], [ 111.334667001281218, 30.665572126352686 ], [ 111.334731541127724, 30.665643945312013 ], [ 111.334697990120276, 30.665728761273385 ], [ 111.334666215273671, 30.665809905303036 ], [ 111.334665477829617, 30.665814296692474 ], [ 111.334653709301278, 30.665818001000105 ], [ 111.33454897695384, 30.665866609356726 ], [ 111.334456932241721, 30.66597494798549 ], [ 111.33430107703316, 30.66602295559511 ], [ 111.334266686958188, 30.666033313087041 ], [ 111.334222906162324, 30.666047776883374 ], [ 111.334191285999111, 30.666076672100814 ], [ 111.334122440198598, 30.66611459920955 ], [ 111.334085085958009, 30.666181334301314 ], [ 111.334052145590249, 30.666229167442168 ], [ 111.334025047218347, 30.66628801008369 ], [ 111.333974935195158, 30.666329157664677 ], [ 111.333968960998732, 30.666351182960909 ], [ 111.3339681138375, 30.666362324661634 ], [ 111.333967881812384, 30.66637662028478 ], [ 111.333969318029801, 30.666390080437964 ], [ 111.333971405356181, 30.66640412335164 ], [ 111.333973829029162, 30.666417884777616 ], [ 111.33397592175146, 30.666431641707049 ], [ 111.33397705040062, 30.666443668340776 ], [ 111.333978834655682, 30.666455991750809 ], [ 111.333981287106894, 30.666468037270249 ], [ 111.3339843888686, 30.666480950635389 ], [ 111.333987177666188, 30.666492717365202 ], [ 111.333990170609866, 30.666504322216838 ], [ 111.333990902658059, 30.666507925800261 ], [ 111.333994329075097, 30.666521129646412 ], [ 111.334001698120005, 30.666536392940372 ], [ 111.334005039101385, 30.666544735051502 ], [ 111.334012274147199, 30.666557993756442 ], [ 111.334016975802967, 30.666564208971238 ], [ 111.334034326423136, 30.666577714989614 ], [ 111.334046815308398, 30.666592808311577 ], [ 111.334056598133657, 30.666602244897831 ], [ 111.334056911996868, 30.666603249440584 ], [ 111.334068979100095, 30.666614863285417 ], [ 111.334078422880964, 30.666624720754385 ], [ 111.334087243431668, 30.66663228405281 ], [ 111.334090479192298, 30.666636906568158 ], [ 111.33410123508412, 30.666647641775398 ], [ 111.334114955141217, 30.666659279901921 ], [ 111.334134123291278, 30.666679938228697 ], [ 111.334162460928951, 30.66670034204725 ], [ 111.334278490559996, 30.666766911663728 ], [ 111.334290573851035, 30.666773983033011 ], [ 111.334401993557208, 30.666839206364443 ], [ 111.334428376968219, 30.66685093622192 ], [ 111.334477300087428, 30.666874211575646 ], [ 111.334500027754132, 30.666886654595601 ], [ 111.334584072996734, 30.666917670414307 ], [ 111.334598649208431, 30.666922837918776 ], [ 111.334612897167517, 30.666927716740759 ], [ 111.334626148677955, 30.666932594663706 ], [ 111.334639068338504, 30.66693718660207 ], [ 111.334651990696955, 30.66694149525398 ], [ 111.334665574956375, 30.666945802107193 ], [ 111.334679161014549, 30.666950107161824 ], [ 111.334694071774095, 30.666954416713111 ], [ 111.334709648931266, 30.666958154295457 ], [ 111.334724898735146, 30.666961889180016 ], [ 111.334739153889018, 30.666965336281294 ], [ 111.334827011357504, 30.666987454207799 ], [ 111.334841596562569, 30.666991761060956 ], [ 111.334856518114009, 30.666995208162405 ], [ 111.334869444969002, 30.666998654364534 ], [ 111.334884365621065, 30.667002103264508 ], [ 111.334898291622949, 30.667005548567204 ], [ 111.334911883976304, 30.667008710583673 ], [ 111.334926470080575, 30.667012442770101 ], [ 111.334939401432337, 30.66701618574848 ], [ 111.334952329186706, 30.667019647238988 ], [ 111.334965258739771, 30.667023106031706 ], [ 111.334977858241643, 30.667026565723404 ], [ 111.334985483593186, 30.667028011833338 ], [ 111.334992113395515, 30.667031171151621 ], [ 111.335005701252214, 30.667036062564421 ], [ 111.335015315904229, 30.667039229976524 ], [ 111.335091199799137, 30.66706793273903 ], [ 111.335104784957878, 30.667073096646163 ], [ 111.335117376365986, 30.667077687685207 ], [ 111.33513062877563, 30.667082850693191 ], [ 111.335142226432708, 30.667087441732178 ], [ 111.335153491340634, 30.667091744088907 ], [ 111.335165750898796, 30.667097479964809 ], [ 111.335177677707861, 30.667102929856412 ], [ 111.335189605416133, 30.667108664833165 ], [ 111.335202526875207, 30.66711497357727 ], [ 111.33521445188552, 30.667121283220752 ], [ 111.335226711443681, 30.667127304181861 ], [ 111.335238970102523, 30.66713304005782 ], [ 111.335245929955818, 30.66713476315897 ], [ 111.335250896911361, 30.667139061018986 ], [ 111.335262492769857, 30.667144224926176 ], [ 111.335273758577159, 30.667149673019139 ], [ 111.33528701188618, 30.667155409794475 ], [ 111.33529794404501, 30.667161143871851 ], [ 111.335310200905099, 30.667167452615956 ], [ 111.335322793212356, 30.667173187592539 ], [ 111.335333725371186, 30.667178349701146 ], [ 111.335345984929347, 30.667184085577276 ], [ 111.335357248937953, 30.667189248585089 ], [ 111.335370503146351, 30.667195273143534 ], [ 111.335376135600313, 30.66719699444576 ], [ 111.335382099004846, 30.66720100722074 ], [ 111.335394024914308, 30.667206742197493 ], [ 111.335405288923084, 30.667212478073452 ], [ 111.335418211281535, 30.667218785918408 ], [ 111.335431132740666, 30.6672248086781 ], [ 111.335444386049687, 30.667231118321581 ], [ 111.33545631106, 30.667236569112504 ], [ 111.335464590218862, 30.66723915556264 ], [ 111.335470879177933, 30.667243173733539 ], [ 111.335483129742727, 30.667249201889263 ], [ 111.335496042208661, 30.667255518727359 ], [ 111.335508624623458, 30.667261834666078 ], [ 111.335516901983567, 30.667265280868151 ], [ 111.335521205239615, 30.667269008557923 ], [ 111.335527828746365, 30.667271880093324 ], [ 111.335581456219302, 30.667308600311799 ], [ 111.33559403593614, 30.667316347971223 ], [ 111.335606616552127, 30.667323809646234 ], [ 111.335618206115385, 30.667330122886995 ], [ 111.335630124830459, 30.667336151941925 ], [ 111.335641714393773, 30.667341606330183 ], [ 111.335654296808514, 30.667347350300076 ], [ 111.335662575967206, 30.667349077897711 ], [ 111.335666547373307, 30.667352231820189 ], [ 111.33568111908852, 30.66735654586796 ], [ 111.335695028003272, 30.66736000106323 ], [ 111.335708275916261, 30.667363166676921 ], [ 111.33572185477982, 30.667366047205462 ], [ 111.335736760143504, 30.667368355765007 ], [ 111.335751994658835, 30.667370380139118 ], [ 111.335766900921726, 30.667371829846161 ], [ 111.335781142585745, 30.667373136561025 ], [ 111.335796708051646, 30.667376450562926 ], [ 111.335811279766858, 30.667380477726965 ], [ 111.335825187782234, 30.667384789076777 ], [ 111.33583909579778, 30.667389675093546 ], [ 111.335891401267247, 30.667411495344425 ], [ 111.335903637443039, 30.667416939839939 ], [ 111.335908927255389, 30.667419234010481 ], [ 111.335916199173369, 30.667423243188182 ], [ 111.335929424603364, 30.667429549234498 ], [ 111.335942649133983, 30.667436138566984 ], [ 111.335949599994137, 30.667439582970474 ], [ 111.335954887108528, 30.667444453698693 ], [ 111.335965142977045, 30.66745076514087 ], [ 111.335979050992592, 30.667457653048359 ], [ 111.335987673692273, 30.667461672118577 ], [ 111.335990218773759, 30.667461989579124 ], [ 111.33600393793148, 30.667463704586282 ], [ 111.336024511721973, 30.667468888278734 ], [ 111.336043096211995, 30.667473498203435 ], [ 111.336063340850501, 30.667477537958064 ], [ 111.336083258135943, 30.667480433774983 ], [ 111.336103177219911, 30.667482470739571 ], [ 111.336122107049732, 30.667482504913835 ], [ 111.336133399836683, 30.6674819527301 ], [ 111.33619277127957, 30.667480682887231 ], [ 111.336236376707461, 30.667473273372934 ], [ 111.336254651830757, 30.667470160819391 ], [ 111.336271266805568, 30.667467330652869 ], [ 111.336289214575743, 30.667462502192905 ], [ 111.336329460136596, 30.667452395611747 ], [ 111.336396908390668, 30.667433238253409 ], [ 111.336413860611287, 30.667428121110959 ], [ 111.336430817328392, 30.667422432899059 ], [ 111.336448769595108, 30.667416172718276 ], [ 111.336466059960856, 30.667409339669462 ], [ 111.336470720247576, 30.667405915950383 ], [ 111.33648168388271, 30.667404220728315 ], [ 111.336483511305062, 30.667402792604889 ], [ 111.336496637809717, 30.667397941661761 ], [ 111.336581757741953, 30.667369203825842 ], [ 111.336599713605949, 30.667363514714623 ], [ 111.336618002219097, 30.667357541417573 ], [ 111.336634624388523, 30.667352709360159 ], [ 111.336653906752474, 30.667347882698778 ], [ 111.336671191722189, 30.667344486858724 ], [ 111.336692984993363, 30.667344209867451 ], [ 111.336707009021382, 30.667349693933318 ], [ 111.336863995577062, 30.667610096229112 ], [ 111.336871055255017, 30.667620951046047 ], [ 111.336897937789615, 30.667702121155969 ], [ 111.336895916113633, 30.667704480977136 ], [ 111.336809333883707, 30.66780542268225 ], [ 111.336746699700541, 30.667883002698431 ], [ 111.336732083918719, 30.66790019863538 ], [ 111.33670450620815, 30.66793236198896 ], [ 111.336682612212883, 30.667958220195771 ], [ 111.336651964216912, 30.66799357074666 ], [ 111.336641328834389, 30.668006262878805 ], [ 111.336596876245039, 30.668057930729105 ], [ 111.336549519744665, 30.668113081653473 ], [ 111.336544836075348, 30.668115836276797 ], [ 111.336485477223107, 30.668150336069345 ], [ 111.33641445506305, 30.668192817344732 ], [ 111.335450087751383, 30.66886008642382 ], [ 111.335404716954315, 30.668867959089198 ], [ 111.335401503676451, 30.668865754850799 ], [ 111.335394837002127, 30.668861182697469 ], [ 111.335241616807195, 30.668756119399518 ], [ 111.33516447116358, 30.668703220377495 ], [ 111.335046858725548, 30.668622571874323 ], [ 111.335006704895591, 30.668595038230478 ], [ 111.334710107585522, 30.66839165475119 ], [ 111.334298648863694, 30.668109510445561 ], [ 111.334164218204194, 30.668017326338656 ], [ 111.334160801679673, 30.668014983604678 ], [ 111.33348585508827, 30.667701104022797 ], [ 111.332682222706467, 30.66748194103883 ], [ 111.332227154959241, 30.667499053338702 ], [ 111.332070603675504, 30.66750493940151 ], [ 111.331865113084575, 30.667512667275844 ], [ 111.331734261726922, 30.667539247638274 ], [ 111.331746628304359, 30.667571724855293 ], [ 111.331741471591783, 30.667574492069321 ], [ 111.331829213947231, 30.66768657187788 ], [ 111.331848392889185, 30.667706811120524 ], [ 111.331957998662745, 30.667754765669997 ], [ 111.331965366808276, 30.667758819813855 ], [ 111.33203310464404, 30.667811866324655 ], [ 111.332044473873509, 30.66784329493214 ], [ 111.332044918138592, 30.667874422266777 ], [ 111.332046584582315, 30.667892751349427 ], [ 111.33204583904427, 30.667905195268702 ], [ 111.332043956763243, 30.667915077019245 ], [ 111.332041356823254, 30.667923772564166 ], [ 111.33203774424652, 30.667932001360839 ], [ 111.332055461790219, 30.667948609141035 ], [ 111.332052176566776, 30.667993827952841 ], [ 111.332049865309102, 30.668028556172942 ], [ 111.332048387723034, 30.668055179702833 ], [ 111.332047554051428, 30.668076612345885 ], [ 111.332046988377897, 30.668096002628488 ], [ 111.332046514435206, 30.668114959437958 ], [ 111.332046092653115, 30.668135214868357 ], [ 111.332045686159631, 30.668158422773104 ], [ 111.33204544873854, 30.668181898675755 ], [ 111.332045659179983, 30.668203173937457 ], [ 111.332046380436282, 30.668224048101365 ], [ 111.332047631393095, 30.668246356684108 ], [ 111.332049188119584, 30.668268516878697 ], [ 111.332051063206166, 30.668288828966354 ], [ 111.332053457201368, 30.668309040329916 ], [ 111.332056537379458, 30.668330904647576 ], [ 111.332059785730564, 30.668352861595281 ], [ 111.332062811949299, 30.668373421895978 ], [ 111.332065882234815, 30.668394391388233 ], [ 111.332069257390458, 30.668417549830167 ], [ 111.332072711686351, 30.668441122859576 ], [ 111.332076082345452, 30.668463649977525 ], [ 111.332079670640269, 30.668487152859996 ], [ 111.332083776045522, 30.6685135821362 ], [ 111.332087962389608, 30.668539800071756 ], [ 111.332091854655516, 30.66856250435626 ], [ 111.332095796384067, 30.668583525109739 ], [ 111.332100122123109, 30.668604809364638 ], [ 111.332104413687887, 30.66862533099436 ], [ 111.332108225913998, 30.668643491903765 ], [ 111.332109427408341, 30.668649190907502 ], [ 111.332111875362898, 30.668660796658514 ], [ 111.332115689387535, 30.668678803783905 ], [ 111.332119683276858, 30.66869640801292 ], [ 111.332124007217203, 30.668712194712157 ], [ 111.332129092883463, 30.668727494878112 ], [ 111.332135321587941, 30.668743663789087 ], [ 111.332141865954441, 30.668759475669447 ], [ 111.332148144121732, 30.668773435845424 ], [ 111.332154717266462, 30.668786695449683 ], [ 111.33216213307611, 30.668800450580363 ], [ 111.332203597218438, 30.66891890028711 ], [ 111.332212646196695, 30.668953127584928 ], [ 111.332296195912818, 30.669269127768132 ], [ 111.332085011714014, 30.669303383844124 ], [ 111.332133444702833, 30.669390072194119 ], [ 111.332134300857433, 30.669395063431409 ], [ 111.332125651178046, 30.669541089949405 ], [ 111.332126369736272, 30.669549968955948 ], [ 111.332124179887046, 30.669596831728427 ], [ 111.332124059377918, 30.669599407386897 ], [ 111.332110707143613, 30.669823711795004 ], [ 111.332104223930855, 30.669917938262302 ], [ 111.332097495203243, 30.670045496302748 ], [ 111.332030853641129, 30.670098256829135 ], [ 111.331998666905008, 30.670122861381003 ], [ 111.331918230642032, 30.670184345331336 ], [ 111.331798675668438, 30.670259151838479 ], [ 111.331396685908373, 30.670294077010226 ], [ 111.331250554169856, 30.670306309588511 ], [ 111.331189893998555, 30.670311558032154 ], [ 111.331132616177342, 30.670332828797029 ], [ 111.330980519235709, 30.670389689332694 ], [ 111.330695510589521, 30.670497500059639 ], [ 111.330480586110241, 30.670183108763524 ], [ 111.3304067283878, 30.670071831150267 ], [ 111.330343133728661, 30.669981365647629 ], [ 111.330249135689087, 30.669843150640872 ], [ 111.330086630893334, 30.669599649304473 ], [ 111.330336855561541, 30.669503992914997 ], [ 111.33060785097166, 30.669400393713261 ], [ 111.330620054771771, 30.669415534699283 ], [ 111.330630083111885, 30.669412644278225 ], [ 111.330700349841379, 30.669441999049127 ], [ 111.330715776811815, 30.669407197084638 ], [ 111.330719866029142, 30.66938262760624 ], [ 111.330719658285659, 30.669351188206917 ], [ 111.33071385496055, 30.669305445989608 ], [ 111.330698413601056, 30.669258253165935 ], [ 111.330673362985408, 30.669189820154145 ], [ 111.330661823784169, 30.669149417211997 ], [ 111.330658553849275, 30.669132464092002 ], [ 111.330644662021655, 30.669087791168693 ], [ 111.330633738856022, 30.669062842176459 ], [ 111.330619502588036, 30.669033016160881 ], [ 111.330615863031824, 30.669023269308468 ], [ 111.330593981627032, 30.668993428903661 ], [ 111.330543954140353, 30.668929977236814 ], [ 111.330527420104545, 30.66891127673415 ], [ 111.330436094849972, 30.668826089352535 ], [ 111.330398293646397, 30.668778455861116 ], [ 111.330379353024853, 30.668753416936738 ], [ 111.330309440628298, 30.668829415944913 ], [ 111.329963257398447, 30.669326700566899 ], [ 111.329600925042712, 30.66994812670481 ], [ 111.329544420638513, 30.670040884579294 ], [ 111.329216533216595, 30.670579154904146 ], [ 111.329002359671222, 30.670928135924896 ], [ 111.328928154810626, 30.671059048436518 ], [ 111.328903764297365, 30.671103966874739 ], [ 111.32916819825391, 30.67105538459839 ], [ 111.32917808180315, 30.671039302022223 ], [ 111.329186045299878, 30.671027911209308 ], [ 111.329192670605323, 30.671020532271825 ], [ 111.329198634009856, 30.671016226317874 ], [ 111.32920457043474, 30.671013299024594 ], [ 111.329211089620287, 30.671011108276218 ], [ 111.329218855265992, 30.671009509281475 ], [ 111.329228439341023, 30.671008314981918 ], [ 111.329237836357208, 30.6710074651225 ], [ 111.329244898733123, 30.671007150359742 ], [ 111.329250098613272, 30.67100738508293 ], [ 111.329254023254691, 30.67100814770788 ], [ 111.32925720685472, 30.67100912976764 ], [ 111.329259625131726, 30.671010193665609 ], [ 111.329261439064339, 30.671011442823897 ], [ 111.329262854597118, 30.671012970772153 ], [ 111.329264142426325, 30.671014639913778 ], [ 111.329265487812165, 30.671016409779611 ], [ 111.329267020256907, 30.671018459334448 ], [ 111.329268859370472, 30.67102093786616 ], [ 111.329270697584718, 30.671023640328769 ], [ 111.329272233626739, 30.67102651276349 ], [ 111.3292735871064, 30.671029842053599 ], [ 111.3292748857275, 30.671033880009702 ], [ 111.329276271582842, 30.671038238124254 ], [ 111.329277947019705, 30.671042775203944 ], [ 111.329280091003568, 30.671047924722131 ], [ 111.329282853720883, 30.671054091373321 ], [ 111.329286277439792, 30.671061454122992 ], [ 111.329290892760525, 30.671071095754655 ], [ 111.329297231182409, 30.671084106246553 ], [ 111.329305710890026, 30.671101355243422 ], [ 111.329314222073776, 30.671118585354463 ], [ 111.329320677407452, 30.671131531095284 ], [ 111.329325513062031, 30.671141045023262 ], [ 111.329329271328959, 30.671148214418679 ], [ 111.329332404566969, 30.671154018643108 ], [ 111.329334902883545, 30.671158409133398 ], [ 111.329336943445242, 30.671161679967668 ], [ 111.329338735794067, 30.671164197170128 ], [ 111.329340484975489, 30.671166680198326 ], [ 111.32934235106876, 30.671169822429476 ], [ 111.329344522931422, 30.671173969203437 ], [ 111.329347163341083, 30.671179402907228 ], [ 111.329349925159079, 30.671185411277747 ], [ 111.329352561971234, 30.671191708330753 ], [ 111.329355305802721, 30.671198909202474 ], [ 111.329358384182228, 30.671207566076475 ], [ 111.329361699083279, 30.671216924421685 ], [ 111.329365317055874, 30.671226757608906 ], [ 111.329369608620709, 30.671238026114167 ], [ 111.329374891238217, 30.671251593286456 ], [ 111.329381246747232, 30.671267761298225 ], [ 111.329389568174179, 30.671288796440933 ], [ 111.329400798008464, 30.671317064830703 ], [ 111.329415685385641, 30.671354463138073 ], [ 111.329430696869281, 30.671392113255592 ], [ 111.329442399747052, 30.671421324134826 ], [ 111.329451615999346, 30.671444139935261 ], [ 111.329459331283203, 30.671463012208278 ], [ 111.329466166130771, 30.671479653263361 ], [ 111.32947207557595, 30.671494085583618 ], [ 111.329477538957349, 30.671507478287594 ], [ 111.329483058996175, 30.671521064345768 ], [ 111.329488238191743, 30.671533670142878 ], [ 111.329492416442008, 30.671543381921651 ], [ 111.329495902214205, 30.671550868777558 ], [ 111.329499048942068, 30.671556943698079 ], [ 111.329501927671856, 30.671562118397105 ], [ 111.329504401706913, 30.671566214809047 ], [ 111.329506676092365, 30.671569533307434 ], [ 111.32950895767226, 30.671572414735294 ], [ 111.329511134031804, 30.671575072231917 ], [ 111.329513011816118, 30.671577546266747 ], [ 111.329514743910408, 30.671580050878731 ], [ 111.329516492192454, 30.67158280280421 ], [ 111.329518111871437, 30.671585444113077 ], [ 111.329519362828478, 30.671587524244842 ], [ 111.32952033499555, 30.671589194286014 ], [ 111.329521129097031, 30.671590629604054 ], [ 111.32952196456705, 30.671592173739896 ], [ 111.329523082424487, 30.671594249375175 ], [ 111.32952461127195, 30.671597095729453 ], [ 111.329526650934213, 30.671600900761121 ], [ 111.329529533261507, 30.671606588972963 ], [ 111.329534226823114, 30.671616510293802 ], [ 111.329541318876807, 30.671631940861573 ], [ 111.329551240197645, 30.671653795286488 ], [ 111.329561330591048, 30.671675558880111 ], [ 111.329569069257332, 30.67169065040332 ], [ 111.329574979601716, 30.671699928708904 ], [ 111.329579717230331, 30.671704637559117 ], [ 111.32960731472599, 30.671727840067831 ], [ 111.329609667352315, 30.671732577696446 ], [ 111.329614797085412, 30.671740080740278 ], [ 111.329623415288438, 30.671751276400357 ], [ 111.329635997703235, 30.671766850859569 ], [ 111.329649125107096, 30.671782822819125 ], [ 111.32965978117403, 30.671795511353821 ], [ 111.329668754609372, 30.671805829275627 ], [ 111.329676953728438, 30.671814851274405 ], [ 111.329684623146989, 30.671823044098232 ], [ 111.329691610879308, 30.671830251265192 ], [ 111.329698514974552, 30.671837067227045 ], [ 111.329705937978815, 30.67184410622059 ], [ 111.329713117266749, 30.671850735123371 ], [ 111.329719105852178, 30.671856004251254 ], [ 111.329724365087543, 30.671860292218753 ], [ 111.329729403089573, 30.671864045989025 ], [ 111.329734103845965, 30.67186731232664 ], [ 111.3297380878426, 30.671869763878647 ], [ 111.329741667144219, 30.671871569717325 ], [ 111.329745186191531, 30.671872932190126 ], [ 111.329748634192129, 30.671874226314571 ], [ 111.329751951791309, 30.671875775846445 ], [ 111.329755442059991, 30.671877748059785 ], [ 111.329759390983156, 30.671880283248584 ], [ 111.329763321919813, 30.671882997402463 ], [ 111.329766736645752, 30.671885645905888 ], [ 111.329769913950543, 30.671888471575755 ], [ 111.329773152409132, 30.671891707336556 ], [ 111.329776567134843, 30.671895062707108 ], [ 111.32978043062252, 30.671898346131854 ], [ 111.329785138573357, 30.671901855286421 ], [ 111.329791029132878, 30.671905877953918 ], [ 111.329797647243709, 30.671910058902142 ], [ 111.329805078341792, 30.671914167904561 ], [ 111.329814082354062, 30.671918579079261 ], [ 111.329825321181715, 30.671923653953627 ], [ 111.329837149964646, 30.671929119133608 ], [ 111.329848378000406, 30.671935007894376 ], [ 111.329860000838551, 30.671941900298521 ], [ 111.329872996042013, 30.671950318852168 ], [ 111.329886793440835, 30.67195985526314 ], [ 111.329901427209165, 30.671970943004737 ], [ 111.329918338960226, 30.671984749396813 ], [ 111.329938810227929, 30.672002260096406 ], [ 111.3299397563149, 30.672003073083374 ], [ 111.329959527909921, 30.672020072068733 ], [ 111.329977356070231, 30.672035010707305 ], [ 111.329993723731377, 30.672048237935883 ], [ 111.329999901174631, 30.672053044812174 ], [ 111.330010157043148, 30.672061025396033 ], [ 111.330025903272883, 30.672073165344443 ], [ 111.330039692577884, 30.672083970698736 ], [ 111.330052656305043, 30.672094338083411 ], [ 111.330065969868656, 30.672105199195755 ], [ 111.330079289727621, 30.672115756337234 ], [ 111.330092272340664, 30.672124983381423 ], [ 111.330106096719078, 30.672133634859392 ], [ 111.330121897807373, 30.672142503074156 ], [ 111.330138223200493, 30.672151026848553 ], [ 111.330154016194967, 30.672158392296012 ], [ 111.330170710310199, 30.672165189372151 ], [ 111.330189677911392, 30.672172047602032 ], [ 111.330208623029591, 30.672178593767057 ], [ 111.330225234407067, 30.672184203738027 ], [ 111.330240870919624, 30.672189327175886 ], [ 111.330256960690178, 30.672194446116919 ], [ 111.330273016286867, 30.672199357314582 ], [ 111.330288537685988, 30.672203702838715 ], [ 111.330304928729504, 30.672207846914716 ], [ 111.330323539300025, 30.672212158264585 ], [ 111.330341157018836, 30.67221611977817 ], [ 111.330353814077398, 30.67221894544798 ], [ 111.3303622865904, 30.672220805246013 ], [ 111.330367625865335, 30.672221933895173 ], [ 111.330386067363293, 30.67222494482553 ], [ 111.330393423817554, 30.672226344170554 ], [ 111.330399716373904, 30.672227488108263 ], [ 111.330405442357346, 30.672228465671196 ], [ 111.330411141361083, 30.672229371288438 ], [ 111.330418889919883, 30.672230473857326 ], [ 111.330432308704189, 30.672232193361197 ], [ 111.330453119016397, 30.672234735744553 ], [ 111.330482561021483, 30.672238263785005 ], [ 111.330511708049073, 30.672241807113835 ], [ 111.330531417590976, 30.672244402557112 ], [ 111.330542760739945, 30.672246221885814 ], [ 111.33054734908103, 30.672247478238717 ], [ 111.330549219670786, 30.672248495371946 ], [ 111.330550353715978, 30.672249420774278 ], [ 111.330550799779587, 30.672250333586135 ], [ 111.330550645096253, 30.672251313847141 ], [ 111.330550497607476, 30.672252268927252 ], [ 111.330550964355723, 30.672253080115524 ], [ 111.330552140668772, 30.672253813063094 ], [ 111.330554076009946, 30.672254537916729 ], [ 111.330561560167951, 30.672254414709471 ], [ 111.330583580068321, 30.67225196765429 ], [ 111.330623384061994, 30.672246775868132 ], [ 111.330683062173705, 30.672238598332683 ], [ 111.330742662943521, 30.67223025532212 ], [ 111.330782180053689, 30.672224434010502 ], [ 111.330803657662671, 30.672220799850152 ], [ 111.330810318941133, 30.672218872602969 ], [ 111.330811366651346, 30.672217607256925 ], [ 111.330811756957075, 30.672216455225396 ], [ 111.330811473670622, 30.672215321180204 ], [ 111.330810541073674, 30.672214106196179 ], [ 111.330809588691693, 30.672212925386248 ], [ 111.330809227164195, 30.672211919044912 ], [ 111.330809469981148, 30.672211013427614 ], [ 111.330810289263582, 30.672210120400848 ], [ 111.330811615763537, 30.672209400043869 ], [ 111.330813760646549, 30.672209147334399 ], [ 111.330816985615456, 30.672209374862803 ], [ 111.330821492118218, 30.672210069139453 ], [ 111.33082644468476, 30.672210775107317 ], [ 111.330831346889227, 30.672211042206015 ], [ 111.330836649292053, 30.672210862341558 ], [ 111.330842780869773, 30.672210252601189 ], [ 111.330849556362125, 30.672209178810533 ], [ 111.330857265350573, 30.672207248865618 ], [ 111.330866710930025, 30.672204213653572 ], [ 111.330878575685745, 30.672199896008465 ], [ 111.330891500742155, 30.672195447961542 ], [ 111.330904934815067, 30.672191936109073 ], [ 111.330920173827053, 30.67218910594255 ], [ 111.330938394091618, 30.672186664283231 ], [ 111.330959933753945, 30.6721849348869 ], [ 111.330966740722658, 30.672184899813431 ], [ 111.330987639168256, 30.672184792793985 ], [ 111.331024597707085, 30.672186348621267 ], [ 111.331073304089841, 30.672189613160299 ], [ 111.331122531179972, 30.672192658264748 ], [ 111.331161435851641, 30.672193386715435 ], [ 111.331192811399319, 30.672191676204989 ], [ 111.33121993675087, 30.672187568101947 ], [ 111.331244050272687, 30.67218235023546 ], [ 111.331264111449627, 30.672176486655587 ], [ 111.331281666215943, 30.672169373917654 ], [ 111.331298416089112, 30.672160491313662 ], [ 111.331314454598441, 30.672151427046799 ], [ 111.331329327586445, 30.672143620931422 ], [ 111.331344331875471, 30.672136450636856 ], [ 111.331360755294725, 30.672129250664511 ], [ 111.331376676892262, 30.672122446393928 ], [ 111.33138980159822, 30.672116759980611 ], [ 111.331401132156543, 30.672111756152674 ], [ 111.331411775633057, 30.672106945679104 ], [ 111.331422979387071, 30.672101892388469 ], [ 111.331436397272, 30.672095964057576 ], [ 111.331453469102371, 30.672088534758132 ], [ 111.331475391875813, 30.672079078386787 ], [ 111.331503469609572, 30.672067023874206 ], [ 111.331543663909031, 30.672049841427111 ], [ 111.33160072589294, 30.672025503973941 ], [ 111.331678304110596, 30.671992451190704 ], [ 111.331754891275295, 30.671959884940918 ], [ 111.331808236361155, 30.671937373111348 ], [ 111.331841416847965, 30.67192364136298 ], [ 111.331858826823463, 30.671916835293871 ], [ 111.331869437924411, 30.671912871981533 ], [ 111.331877089356283, 30.671909813387231 ], [ 111.331882250565513, 30.67190744457298 ], [ 111.331885557372573, 30.671905513728518 ], [ 111.331888716691083, 30.671903887754297 ], [ 111.331893338307054, 30.671902662877756 ], [ 111.331899970807115, 30.671901760857565 ], [ 111.331909035073977, 30.671901075574283 ], [ 111.331919648872883, 30.67190072214072 ], [ 111.331932092792044, 30.671901057587775 ], [ 111.331947679841733, 30.671902177243794 ], [ 111.331967524281936, 30.671904108088256 ], [ 111.331988278836093, 30.671906881597351 ], [ 111.332007295900098, 30.671911156075168 ], [ 111.332026208642787, 30.671917451329421 ], [ 111.33204665922608, 30.671926154968162 ], [ 111.332068108056831, 30.671936863195867 ], [ 111.332090772771039, 30.671950674983691 ], [ 111.332116868398941, 30.671969133568723 ], [ 111.33214838783789, 30.671993482713106 ], [ 111.332179470206427, 30.672018952412884 ], [ 111.332203906585164, 30.672041612630437 ], [ 111.332223442558018, 30.672063357338118 ], [ 111.332240133975176, 30.672086128172452 ], [ 111.332254483557676, 30.672109174199193 ], [ 111.332265233154089, 30.672131945932676 ], [ 111.332273091430068, 30.672156546887209 ], [ 111.332278953211187, 30.672184964564451 ], [ 111.332283782570642, 30.67221274911924 ], [ 111.332287768365802, 30.672234965971029 ], [ 111.332291207373487, 30.672253241094324 ], [ 111.332294444033494, 30.672269446877522 ], [ 111.332297330857216, 30.672283902580148 ], [ 111.33229945955253, 30.672295598263304 ], [ 111.332300970413655, 30.672305400873597 ], [ 111.332302037009526, 30.672314298765968 ], [ 111.332302866184477, 30.672322982619619 ], [ 111.332303475025412, 30.672331974940789 ], [ 111.332303909397979, 30.672342137279827 ], [ 111.332304213368843, 30.672354262839065 ], [ 111.332304356360964, 30.672366838958624 ], [ 111.332304174697924, 30.672378685727836 ], [ 111.332303626111525, 30.672390857152436 ], [ 111.332302689917299, 30.672404376660779 ], [ 111.332301527093819, 30.672418334138968 ], [ 111.332300122352819, 30.672432151322823 ], [ 111.332298323708756, 30.672447106149207 ], [ 111.332296006155843, 30.672464404608718 ], [ 111.332293103144309, 30.672483368612632 ], [ 111.332289110154363, 30.672504580022462 ], [ 111.3322835604381, 30.672530204405462 ], [ 111.33227609516581, 30.672562117747646 ], [ 111.332268808858601, 30.672593209109493 ], [ 111.33226393183503, 30.672615734428689 ], [ 111.332261204191298, 30.672631096647933 ], [ 111.332260226628193, 30.672641169054828 ], [ 111.332259945140493, 30.672648587562435 ], [ 111.332259831825979, 30.67265398169593 ], [ 111.332259889382442, 30.672657693198119 ], [ 111.332260106119122, 30.672660169031701 ], [ 111.332260287782162, 30.6726612212384 ], [ 111.332260525203253, 30.672662596301848 ], [ 111.332261339089655, 30.672666127040202 ], [ 111.332262653898511, 30.672671177632878 ], [ 111.332264547870579, 30.672678077231637 ], [ 111.33226723774294, 30.672686602804561 ], [ 111.332271551790882, 30.672697776881023 ], [ 111.332278026010272, 30.672712856713133 ], [ 111.332287054304288, 30.672732851340072 ], [ 111.332296682445985, 30.67275376417507 ], [ 111.332305414863072, 30.672772301001032 ], [ 111.332313992596767, 30.672789997860093 ], [ 111.33232316837956, 30.672808448351191 ], [ 111.332332580684124, 30.672826924023411 ], [ 111.332342055041977, 30.672844718009401 ], [ 111.332352474587196, 30.67286343739778 ], [ 111.332364674789972, 30.672884628123199 ], [ 111.332376912764346, 30.672905763090569 ], [ 111.332387485194374, 30.672924271138299 ], [ 111.332397241039928, 30.672941666724626 ], [ 111.332407085918476, 30.672959536253757 ], [ 111.332416402894808, 30.672976637761678 ], [ 111.332419909351415, 30.672983189322792 ], [ 111.332424172138019, 30.672991151020938 ], [ 111.332430997992219, 30.67300421637168 ], [ 111.3324375369628, 30.673017074878089 ], [ 111.332444282777544, 30.673030222067212 ], [ 111.33245188924343, 30.673044369302261 ], [ 111.33246113337475, 30.673060924022536 ], [ 111.332472690562327, 30.673081133587573 ], [ 111.332489202115141, 30.673109127684199 ], [ 111.332517044226336, 30.673154923860807 ], [ 111.332559751231543, 30.673224257093864 ], [ 111.332619881702271, 30.673321334412094 ], [ 111.332597945438977, 30.673359793919531 ], [ 111.332540661322525, 30.673371435643389 ], [ 111.332497510951441, 30.673379436911659 ], [ 111.332463611906235, 30.673384705140165 ], [ 111.332290296360156, 30.673405607183099 ], [ 111.332248956324406, 30.673409899647254 ], [ 111.332173368306428, 30.673416097774805 ], [ 111.332101518770173, 30.673420301205965 ], [ 111.33206575093385, 30.673421621410739 ], [ 111.331898860144463, 30.673424539710823 ], [ 111.331834187198183, 30.673424206961727 ], [ 111.331669515036197, 30.673516536758825 ], [ 111.331576647444365, 30.673568605706748 ], [ 111.331463437187949, 30.673632080755965 ], [ 111.33093757570856, 30.673672620395166 ], [ 111.330284772224616, 30.673663541739131 ], [ 111.330164876407935, 30.673651394596277 ], [ 111.330005274623886, 30.673635224785926 ], [ 111.329746688958664, 30.673609023937274 ], [ 111.329649860752568, 30.673578144815622 ], [ 111.327887488117199, 30.673314057098082 ], [ 111.327682931921913, 30.67324297468366 ], [ 111.327516837931796, 30.673114520019112 ], [ 111.327515590572091, 30.673057074024882 ], [ 111.327877217859509, 30.672368063835165 ], [ 111.327695860575659, 30.672271868751807 ], [ 111.327585036220626, 30.672157593697989 ], [ 111.327463071064074, 30.672014706713469 ], [ 111.327475466419742, 30.671996217551452 ], [ 111.32761691179104, 30.671785208720564 ], [ 111.327699500131871, 30.671713404150466 ], [ 111.327961002298423, 30.671666671779633 ], [ 111.32794687035198, 30.67162002844168 ], [ 111.32794065693588, 30.671608035082841 ], [ 111.327804656060096, 30.6716137709588 ], [ 111.327540358800604, 30.671109629006253 ], [ 111.327547051555257, 30.671106529942506 ], [ 111.327411009310765, 30.670857515761838 ], [ 111.327250172757431, 30.67056311639476 ], [ 111.327248185255712, 30.670550944070783 ], [ 111.327247265249241, 30.670544095733419 ], [ 111.327235769215406, 30.670458562113083 ], [ 111.32709256207221, 30.670659050674828 ], [ 111.326485221116172, 30.671110342168618 ], [ 111.325663131048714, 30.670152908629916 ], [ 111.325640677675324, 30.670126759042887 ], [ 111.325635484090412, 30.670120710202696 ], [ 111.325633159342885, 30.670122482766487 ], [ 111.325809760112463, 30.669905897239403 ], [ 111.325860359568082, 30.669897493074927 ], [ 111.325759587834909, 30.669695948709204 ], [ 111.326092408038335, 30.669491962683935 ], [ 111.326124616358072, 30.669245032232595 ], [ 111.326092408038335, 30.669218191966024 ], [ 111.32582400537359, 30.669089357787698 ], [ 111.325818637320367, 30.668955157354731 ], [ 111.325909894226413, 30.66880485096317 ], [ 111.325840108634168, 30.668767273690889 ], [ 111.325743483674955, 30.668874635656039 ], [ 111.325593178182828, 30.668944420348737 ], [ 111.325490195016641, 30.66913077066863 ], [ 111.325610205046985, 30.66918744234664 ], [ 111.325633808653549, 30.669158592994791 ], [ 111.325922814786168, 30.669276155070577 ], [ 111.325927394134055, 30.669440992707791 ], [ 111.325893067011577, 30.669452694686242 ], [ 111.325818371121045, 30.669478159889309 ], [ 111.325507023130626, 30.669521105214812 ], [ 111.325447975443751, 30.669521105214812 ], [ 111.325359402114771, 30.669722138765735 ], [ 111.325694031754153, 30.669878547057351 ], [ 111.325693743071838, 30.669881218043827 ], [ 111.325581013952672, 30.670069099909085 ], [ 111.325444111056868, 30.67018392175072 ], [ 111.325413116821949, 30.670148026210484 ], [ 111.32521449885013, 30.670072872565072 ], [ 111.324849471226173, 30.670019192931534 ], [ 111.324848538629226, 30.670013602745598 ], [ 111.324383939867118, 30.670109824808605 ], [ 111.324366012781354, 30.669944549201716 ], [ 111.324245613344431, 30.669906709327222 ], [ 111.324237619270775, 30.669922183062397 ], [ 111.324237657941694, 30.669922522106901 ], [ 111.324244234683874, 30.669979610170969 ], [ 111.324065137396303, 30.670474566448206 ], [ 111.324058277367669, 30.670510317197568 ], [ 111.324052288782184, 30.67051019309099 ], [ 111.324045905394314, 30.670527711884517 ], [ 111.324079415932317, 30.670535100714517 ], [ 111.324052127803611, 30.670615780693822 ], [ 111.324027117657465, 30.670679863684825 ], [ 111.323988296622701, 30.670743450250143 ], [ 111.323972054866488, 30.67076534424541 ], [ 111.323929639241555, 30.670866693343385 ], [ 111.323909885632816, 30.670905857019818 ], [ 111.32389037843825, 30.670987475891479 ], [ 111.323871724700496, 30.671054156124512 ], [ 111.323938297014877, 30.671153249722749 ], [ 111.323955451582947, 30.671178785072925 ], [ 111.323967851435327, 30.671164308685888 ], [ 111.323982115582339, 30.671147656839082 ], [ 111.324009015204069, 30.671148505799067 ], [ 111.324047946855387, 30.671147583094523 ], [ 111.324119801787504, 30.671169024730887 ], [ 111.32411983506239, 30.671169038220512 ], [ 111.324165009807416, 30.671183782605624 ], [ 111.324223276882833, 30.671196144686405 ], [ 111.324268147656994, 30.671221069396893 ], [ 111.32431797099764, 30.671241632395493 ], [ 111.324389180216599, 30.671269698437925 ], [ 111.324419369558314, 30.67128250478396 ], [ 111.324558739294503, 30.671327489771954 ], [ 111.324709771438961, 30.671376236624212 ], [ 111.324713651114223, 30.671377490278985 ], [ 111.324838647885372, 30.671395673671555 ], [ 111.324903809163516, 30.671405154324475 ], [ 111.324941381939368, 30.671410620403947 ], [ 111.325126852722065, 30.671434093608639 ], [ 111.32512061142711, 30.671480475243925 ], [ 111.325241544162054, 30.671517826786385 ], [ 111.325231052671029, 30.671545508818326 ], [ 111.325307483353754, 30.671566153655135 ], [ 111.325316392937225, 30.671543835179875 ], [ 111.325404603839445, 30.671567122225042 ], [ 111.325486637298582, 30.671588333634759 ], [ 111.325562336832547, 30.671588148374383 ], [ 111.325650472191626, 30.671613619872744 ], [ 111.325779906217804, 30.671651151279718 ], [ 111.325835560762584, 30.671666563860981 ], [ 111.325958794862686, 30.67167620998913 ], [ 111.325974443066286, 30.671689160226606 ], [ 111.326014951229183, 30.671705634907255 ], [ 111.326048609255906, 30.671719325286745 ], [ 111.326064567725666, 30.671728558626171 ], [ 111.32609228662983, 30.671748150356905 ], [ 111.326113613152756, 30.67177690078347 ], [ 111.326127904279474, 30.671804465004243 ], [ 111.326126054373958, 30.671826860821 ], [ 111.32609822485324, 30.671852121878089 ], [ 111.32603563833419, 30.671908938346974 ], [ 111.326081092768334, 30.671936236368197 ], [ 111.326093185951891, 30.671955758851198 ], [ 111.326133396439275, 30.672020671017151 ], [ 111.326124173891571, 30.672034635689954 ], [ 111.326123125282152, 30.672037169979546 ], [ 111.326105173015492, 30.672080500214975 ], [ 111.326102249319547, 30.672093965763963 ], [ 111.32609235407898, 30.672101436432172 ], [ 111.326095552068239, 30.672236012781866 ], [ 111.32609623195566, 30.672241878160264 ], [ 111.326096544919722, 30.672244585119529 ], [ 111.326099277959486, 30.67233794464056 ], [ 111.326126766637117, 30.672365588900959 ], [ 111.326202369044097, 30.672342310849103 ], [ 111.326228685005788, 30.672333027147658 ], [ 111.326310588962656, 30.672328678925396 ], [ 111.326360353847292, 30.672329717642469 ], [ 111.326376786259743, 30.672331160155068 ], [ 111.326383620208048, 30.672332760948336 ], [ 111.326396772793032, 30.672337755782905 ], [ 111.32640720672731, 30.672344062728428 ], [ 111.326424449428941, 30.672360121022905 ], [ 111.326438751347382, 30.672376635273622 ], [ 111.326442650807849, 30.672383382886949 ], [ 111.326446276874208, 30.672394612721291 ], [ 111.326447876768157, 30.672402435024424 ], [ 111.32644868795677, 30.672412829388747 ], [ 111.326448030552342, 30.672445828212517 ], [ 111.326443676034842, 30.672548519998259 ], [ 111.326440294584017, 30.672608100983155 ], [ 111.326431404785581, 30.672736425245887 ], [ 111.326429170869631, 30.672754910810568 ], [ 111.32642761234456, 30.672767822377182 ], [ 111.326425575380199, 30.672774158101106 ], [ 111.326421516739686, 30.672783104556743 ], [ 111.326415599200686, 30.672792624779959 ], [ 111.326399564288636, 30.672813063671981 ], [ 111.326388627633094, 30.672824402324466 ], [ 111.326367354170145, 30.672841633334883 ], [ 111.326355162061134, 30.672853761591853 ], [ 111.32635034169499, 30.672859597292643 ], [ 111.326340466239685, 30.672873881224746 ], [ 111.326316985840378, 30.672914821062193 ], [ 111.326314315753109, 30.672919480449764 ], [ 111.326307292047943, 30.672929827149972 ], [ 111.326294320226793, 30.672945687593597 ], [ 111.326288801087344, 30.672957119775333 ], [ 111.326286377414533, 30.672964254996486 ], [ 111.326285005948364, 30.672972373176549 ], [ 111.326284648917522, 30.672982317879757 ], [ 111.326285472696441, 30.673007160752036 ], [ 111.326284100331122, 30.673016606331487 ], [ 111.326280816006999, 30.673023787417947 ], [ 111.326275482127869, 30.673029493616298 ], [ 111.326268861318908, 30.673034056776487 ], [ 111.326260743138846, 30.673036937304857 ], [ 111.326250249849238, 30.673038265603566 ], [ 111.326206648018456, 30.673038051564959 ], [ 111.326184331341949, 30.673042208231436 ], [ 111.326182386108258, 30.673041686624686 ], [ 111.326170370266425, 30.67303914064388 ], [ 111.326158799589052, 30.673036687293461 ], [ 111.326124610062834, 30.673031740122781 ], [ 111.326068584997358, 30.673028159921728 ], [ 111.326048887146555, 30.673027552879319 ], [ 111.325992692109082, 30.673027857749616 ], [ 111.325891478808785, 30.673028843406485 ], [ 111.325881227436753, 30.673029251698722 ], [ 111.325872966264569, 30.67302986143909 ], [ 111.325866085551525, 30.673030743673962 ], [ 111.325859887423974, 30.673031955960084 ], [ 111.32585314160923, 30.673033714134647 ], [ 111.325844207744012, 30.673036650421238 ], [ 111.325780943136067, 30.67306021715541 ], [ 111.325752431929345, 30.6730969967291 ], [ 111.325713675645659, 30.673146995437548 ], [ 111.325672535259457, 30.673208375965771 ], [ 111.325655544367919, 30.673222883829169 ], [ 111.325654377048011, 30.673223882076684 ], [ 111.325654036204924, 30.673226099804708 ], [ 111.325653499309738, 30.673229610758028 ], [ 111.32637646789982, 30.673313734241503 ], [ 111.326262826868117, 30.673786035697049 ], [ 111.326252265229982, 30.673929257229474 ], [ 111.326203143360544, 30.674101212101277 ], [ 111.326159525341836, 30.674267905039869 ], [ 111.326104626227618, 30.674363503872712 ], [ 111.326047147857651, 30.674436221254723 ], [ 111.326586994694196, 30.674543334107682 ], [ 111.327374489641159, 30.673932448024118 ], [ 111.32795585098188, 30.673872325647494 ], [ 111.328576936276761, 30.674222323801359 ], [ 111.328861444000609, 30.674635664804214 ], [ 111.329328464637001, 30.674785970296341 ], [ 111.329947989608229, 30.674679118246843 ], [ 111.329875265930866, 30.675043708800104 ], [ 111.329741563722223, 30.675713995104786 ], [ 111.329708392228611, 30.67588029503969 ], [ 111.329698788368489, 30.675928442044096 ], [ 111.329734650633668, 30.675944446379219 ], [ 111.329975314609158, 30.67605183982073 ], [ 111.331363328255065, 30.676435261278357 ], [ 111.331379278631005, 30.676439667057025 ], [ 111.332034255776421, 30.676509589346153 ], [ 111.3320934248718, 30.676490817797003 ], [ 111.332281897591542, 30.676536024917709 ] ], [ [ 111.333888859283434, 30.672217832986576 ], [ 111.333513991277812, 30.671861822864969 ], [ 111.333235014384513, 30.671022465814247 ], [ 111.333269203011355, 30.670655444393333 ], [ 111.334491700931324, 30.670614681722213 ], [ 111.334854587269547, 30.670602580444722 ], [ 111.334676020581924, 30.67011598696331 ], [ 111.335634282396313, 30.669666191041927 ], [ 111.335948629625648, 30.670264985740573 ], [ 111.33596021469225, 30.670262258096841 ], [ 111.336127199011059, 30.670503210754646 ], [ 111.336592870664447, 30.671175152711157 ], [ 111.336335183422079, 30.671355672726236 ], [ 111.33576190788591, 30.671757274878303 ], [ 111.334389409343885, 30.672718739178663 ], [ 111.334112589024869, 30.672509432764173 ], [ 111.333935033175351, 30.672261684828925 ], [ 111.333888859283434, 30.672217832986576 ] ] ] ] } },
{ "type": "Feature", "properties": { "SQMC": "共联村", "SSJD": "伍家乡" }, "geometry": { "type": "MultiPolygon", "coordinates": [ [ [ [ 111.375910115359659, 30.633103113817754 ], [ 111.37614020690512, 30.63265377295329 ], [ 111.37657433213991, 30.632011483443364 ], [ 111.376761549406126, 30.631873182101799 ], [ 111.37693759169656, 30.631743134737974 ], [ 111.377665698113674, 30.631616921184047 ], [ 111.378745756911258, 30.631155559081947 ], [ 111.379857432274775, 30.630312244114918 ], [ 111.381188109643745, 30.629642682663643 ], [ 111.380867747748539, 30.628622674297162 ], [ 111.381847543829224, 30.628307952050534 ], [ 111.382993551711081, 30.62778908190063 ], [ 111.383378716954212, 30.627274481732115 ], [ 111.384725209800706, 30.627213229806841 ], [ 111.385053113410549, 30.627001675087286 ], [ 111.385319789376865, 30.626829618592183 ], [ 111.38580496013094, 30.626694534125591 ], [ 111.386181242770249, 30.62658753998312 ], [ 111.386687063757165, 30.626443712307662 ], [ 111.386984039681693, 30.626383516186365 ], [ 111.386054221625216, 30.62573712936512 ], [ 111.385389342044675, 30.625089951140524 ], [ 111.385047040288839, 30.624854785620016 ], [ 111.384835910049333, 30.624709735765748 ], [ 111.384282329665837, 30.624291334277757 ], [ 111.383640827062607, 30.62396865213168 ], [ 111.383064878741209, 30.623473939570772 ], [ 111.382730538683518, 30.623122490810374 ], [ 111.382215814408426, 30.62259332072523 ], [ 111.382088295038955, 30.622462223852665 ], [ 111.382115734253773, 30.621904852826674 ], [ 111.382144247259248, 30.62132569032849 ], [ 111.382160292963192, 30.620999732851487 ], [ 111.38306351806699, 30.620878937712973 ], [ 111.383627392989922, 30.619452458264448 ], [ 111.384072586181048, 30.618879459719267 ], [ 111.384047154252812, 30.618670935715159 ], [ 111.384043350120692, 30.618639739132789 ], [ 111.383743163616259, 30.617557179320499 ], [ 111.383700147244099, 30.617402043569484 ], [ 111.383887100109746, 30.616666495262621 ], [ 111.383933354041062, 30.616484520144638 ], [ 111.383740790305296, 30.616209074889071 ], [ 111.383116793905117, 30.615316495060313 ], [ 111.383020750807191, 30.615266261628676 ], [ 111.38285378987058, 30.615178935659458 ], [ 111.38239357440392, 30.614938227617188 ], [ 111.381380203034041, 30.61457166485053 ], [ 111.381377194801757, 30.614570576670872 ], [ 111.379743630264443, 30.614649016438989 ], [ 111.379516751097242, 30.613747084560487 ], [ 111.379433444198128, 30.613273351384237 ], [ 111.379312640965793, 30.612586365568404 ], [ 111.379303207976818, 30.612532727303574 ], [ 111.379268430293848, 30.612334951996502 ], [ 111.379352266893761, 30.612080064343672 ], [ 111.379376322859173, 30.612006926978154 ], [ 111.379427600403517, 30.611851028602189 ], [ 111.379639297215931, 30.611207403598939 ], [ 111.380047438338806, 30.611148935075391 ], [ 111.38016693575554, 30.610782276980558 ], [ 111.380168229879985, 30.610778309171735 ], [ 111.379979186990056, 30.610416101821784 ], [ 111.379955066273396, 30.609891121677947 ], [ 111.379942501845164, 30.609499759206642 ], [ 111.380040080984941, 30.609050797856071 ], [ 111.379971403357615, 30.608420938775453 ], [ 111.380089937600701, 30.607685526266209 ], [ 111.379964960614586, 30.606769441756455 ], [ 111.379951163215651, 30.606535437260675 ], [ 111.379942920029748, 30.606395634051296 ], [ 111.379917686851911, 30.605967687159193 ], [ 111.379728545036471, 30.605576838200648 ], [ 111.379742712955931, 30.605559793349755 ], [ 111.379602306301592, 30.604809335182722 ], [ 111.379546566321153, 30.604732813668591 ], [ 111.379540182933283, 30.604724053372479 ], [ 111.379538443644378, 30.604725807949762 ], [ 111.37739308662168, 30.606889441894282 ], [ 111.374599910157883, 30.609458477626731 ], [ 111.374921689384621, 30.609743428716286 ], [ 111.375138423299688, 30.609861848745425 ], [ 111.375165010856733, 30.609876376393686 ], [ 111.375258739998856, 30.60994388490252 ], [ 111.375395436949873, 30.61004234268006 ], [ 111.375478445274211, 30.610102129609629 ], [ 111.375959129310388, 30.610448345214934 ], [ 111.376460621860303, 30.609687400053474 ], [ 111.376704092619946, 30.609317958557085 ], [ 111.376883547837565, 30.609045653733972 ], [ 111.37696549676042, 30.609014699069178 ], [ 111.376871421379121, 30.608977093917815 ], [ 111.377184112057307, 30.608541715927629 ], [ 111.377414833128171, 30.60864820375167 ], [ 111.37779673383227, 30.608845238916786 ], [ 111.377798582838409, 30.60884619309752 ], [ 111.377921707221105, 30.608907009750737 ], [ 111.377859588349452, 30.608996964438518 ], [ 111.377815526965037, 30.609060768639722 ], [ 111.377781329344998, 30.609112057875336 ], [ 111.377693473674867, 30.609243816648984 ], [ 111.377523077328249, 30.609236708407536 ], [ 111.377492934751274, 30.609271917764943 ], [ 111.377464258069097, 30.609305414813093 ], [ 111.377484278776478, 30.609314477281373 ], [ 111.377788049978676, 30.609451969233078 ], [ 111.3780526907791, 30.609583603900319 ], [ 111.378117920405828, 30.609634472253219 ], [ 111.37817810573506, 30.609633281550771 ], [ 111.378149307644549, 30.610318995725265 ], [ 111.378169154782711, 30.6104566225751 ], [ 111.378171178257446, 30.610470651099718 ], [ 111.378133366261977, 30.610460971696511 ], [ 111.378136085811889, 30.610592120729848 ], [ 111.378131560423299, 30.610792127254967 ], [ 111.378134699956547, 30.611030739876867 ], [ 111.378128338152464, 30.61110641422971 ], [ 111.378161890059346, 30.611141093886545 ], [ 111.378128563882115, 30.611317742320011 ], [ 111.378130035173115, 30.611356042647401 ], [ 111.378130012690121, 30.611415745940008 ], [ 111.37808363735013, 30.611470657644873 ], [ 111.377980326830709, 30.61145099486771 ], [ 111.377870902720019, 30.611444668137096 ], [ 111.377816617842825, 30.611442552032258 ], [ 111.377802473305564, 30.61144199984858 ], [ 111.377683956149781, 30.611421966550495 ], [ 111.377558078942286, 30.611403775963538 ], [ 111.37750701273859, 30.611377132648613 ], [ 111.377470517350559, 30.611376245917199 ], [ 111.377354560564697, 30.611350545091739 ], [ 111.37724815997467, 30.611326958572306 ], [ 111.377180521963567, 30.611311966873927 ], [ 111.377020076615338, 30.611280068820122 ], [ 111.376920572026961, 30.611261649805385 ], [ 111.376859347081336, 30.611249503561908 ], [ 111.376729554225733, 30.611223755072331 ], [ 111.376684946053444, 30.611214850884721 ], [ 111.376675488782951, 30.611202347610401 ], [ 111.376674360133791, 30.611184943930141 ], [ 111.376480305321934, 30.611124474415078 ], [ 111.376278794231098, 30.611061681051808 ], [ 111.376213251640365, 30.611044879917301 ], [ 111.376057837099552, 30.611005040849989 ], [ 111.375892008409551, 30.610933921563344 ], [ 111.375729401990384, 30.610858179761351 ], [ 111.37569851387542, 30.610843789709179 ], [ 111.37569124285676, 30.61083997928165 ], [ 111.375690882228412, 30.610840507183809 ], [ 111.375589424312579, 30.610988830570079 ], [ 111.375589122140411, 30.610989275734539 ], [ 111.375488164247542, 30.61113686617341 ], [ 111.375470706607928, 30.611162386235208 ], [ 111.375212620066463, 30.611539685108426 ], [ 111.374910533294496, 30.611981307991073 ], [ 111.374318789280721, 30.612895883438455 ], [ 111.374083048194166, 30.613261591848982 ], [ 111.37416707185298, 30.613302110803943 ], [ 111.374177607410786, 30.613307191074 ], [ 111.374204697688754, 30.613342747569902 ], [ 111.37420667170062, 30.613345340315277 ], [ 111.374334722569529, 30.613429492577154 ], [ 111.374380103259341, 30.613464273857232 ], [ 111.374413797259081, 30.613491427087865 ], [ 111.374439576325472, 30.613513438894074 ], [ 111.374576551167081, 30.613577306047944 ], [ 111.374705227064737, 30.613637503068503 ], [ 111.374743216226591, 30.613658774732755 ], [ 111.374773362400845, 30.613675518310629 ], [ 111.374797838349593, 30.613688920907009 ], [ 111.374819190053643, 30.613700399853712 ], [ 111.374840250377247, 30.61371160001039 ], [ 111.37486362915314, 30.613723964789301 ], [ 111.374891707786276, 30.61373873975117 ], [ 111.374926554716922, 30.613757021169704 ], [ 111.374961700222457, 30.613775336762444 ], [ 111.374990894014729, 30.613790239428056 ], [ 111.375016380801469, 30.613802840728681 ], [ 111.37504064271161, 30.613814405110816 ], [ 111.375063423438291, 30.613824931675367 ], [ 111.375083341623053, 30.613833643408043 ], [ 111.375102028635695, 30.61384120041123 ], [ 111.375121191389951, 30.613848342826941 ], [ 111.375139844228499, 30.613855307176777 ], [ 111.375156623779219, 30.613862188789028 ], [ 111.375172940179198, 30.613869625283087 ], [ 111.375190240437291, 30.613878214707938 ], [ 111.3752096460085, 30.61388859018632 ], [ 111.375233872845058, 30.613902723032368 ], [ 111.375265579343079, 30.613922244615992 ], [ 111.375306934667378, 30.613948433773317 ], [ 111.3753777355941, 30.613995842434292 ], [ 111.375431067190164, 30.614030858437559 ], [ 111.375470481777484, 30.614055739081266 ], [ 111.375500439993289, 30.614073401766234 ], [ 111.375526365649421, 30.614087872757239 ], [ 111.375550635653383, 30.614100762740179 ], [ 111.375575383197486, 30.614113149102707 ], [ 111.375602710896487, 30.614126138010931 ], [ 111.375629946864649, 30.614138890397498 ], [ 111.375654347270427, 30.614150387330653 ], [ 111.375677964366616, 30.614161600977184 ], [ 111.375702892674383, 30.614173523289594 ], [ 111.375731288768065, 30.614187014019535 ], [ 111.375767926248841, 30.614204129916686 ], [ 111.375816899730296, 30.614226764054081 ], [ 111.375881507026008, 30.614256454272038 ], [ 111.375920124814058, 30.614269249826179 ], [ 111.375928727728706, 30.614273242815898 ], [ 111.375940606873655, 30.614278428306875 ], [ 111.375957139110767, 30.614285382764365 ], [ 111.375979405425255, 30.614294577432815 ], [ 111.37600251710262, 30.614304093159546 ], [ 111.376022238335793, 30.614312260802251 ], [ 111.3760401321465, 30.614319729671877 ], [ 111.376057883864291, 30.614327204836741 ], [ 111.376075479999486, 30.614334742054837 ], [ 111.376092791948849, 30.61434245733858 ], [ 111.376111416009223, 30.614351081837015 ], [ 111.376132860343318, 30.614361291840339 ], [ 111.3761532902422, 30.614370869619961 ], [ 111.376168101177086, 30.614377112713669 ], [ 111.376178214952859, 30.614380328689265 ], [ 111.376184860043338, 30.61438102836189 ], [ 111.376190245183864, 30.614380307105591 ], [ 111.376195614136464, 30.614378194598089 ], [ 111.376201466924215, 30.614374380573281 ], [ 111.376208275691454, 30.614368663583036 ], [ 111.376219046871654, 30.614353622421845 ], [ 111.376228186681658, 30.614342862932858 ], [ 111.376236410981619, 30.614335730409664 ], [ 111.376244500383507, 30.614331330926234 ], [ 111.376252881165613, 30.614328327190663 ], [ 111.376262197242738, 30.614326424225226 ], [ 111.376273402795505, 30.614325533896363 ], [ 111.376287315307536, 30.614325503319378 ], [ 111.376302041705969, 30.614325837867227 ], [ 111.376316295960464, 30.614326316306574 ], [ 111.376331371295919, 30.61432699169734 ], [ 111.376348505179351, 30.614327911703811 ], [ 111.376366988046186, 30.614329279572644 ], [ 111.376387122967458, 30.614331636695852 ], [ 111.376410929820679, 30.614335287943334 ], [ 111.376440182968111, 30.61434045005177 ], [ 111.376469618677959, 30.614345719179653 ], [ 111.376494105418772, 30.614349774222887 ], [ 111.376515526370554, 30.614352895769684 ], [ 111.37653596436337, 30.614355423763811 ], [ 111.37655483034132, 30.614357633398242 ], [ 111.376570348143105, 30.614359555249393 ], [ 111.376583694981605, 30.614361345799466 ], [ 111.376596185665619, 30.614363171423406 ], [ 111.376608885891415, 30.614364775813783 ], [ 111.376623008844888, 30.614365736289756 ], [ 111.376639995239714, 30.614366090622696 ], [ 111.376661094234294, 30.614365915254893 ], [ 111.376685130414614, 30.614364666995812 ], [ 111.376713146994234, 30.614360997761992 ], [ 111.376748090152319, 30.614354367959834 ], [ 111.376792453708845, 30.614344427753167 ], [ 111.376836665279995, 30.614335046924964 ], [ 111.376871040965909, 30.614330515241136 ], [ 111.376897988251756, 30.614330808420107 ], [ 111.376920397558365, 30.6143355874176 ], [ 111.376939366058878, 30.61434265069289 ], [ 111.376953396382305, 30.614351533296656 ], [ 111.376963395044811, 30.614363211892908 ], [ 111.376970529366531, 30.614378484179781 ], [ 111.376977536883942, 30.614393926438652 ], [ 111.376977557568409, 30.614393971404809 ], [ 111.376987156931818, 30.614406455793471 ], [ 111.377000433623209, 30.614416858251559 ], [ 111.377018258186183, 30.614426236381803 ], [ 111.377038253712499, 30.614434189986014 ], [ 111.377059681858896, 30.614439237880561 ], [ 111.37708466412596, 30.614441620184664 ], [ 111.377115089989388, 30.614441740693962 ], [ 111.377144843160181, 30.614441854907852 ], [ 111.377146633710311, 30.614441860303714 ], [ 111.377175817610009, 30.6144442444064 ], [ 111.37720517597819, 30.614449295898453 ], [ 111.377237227816011, 30.614457251301189 ], [ 111.377276533585302, 30.614469793246428 ], [ 111.377333126122892, 30.614492055963581 ], [ 111.37741371706943, 30.614526919981415 ], [ 111.377523446949567, 30.614576444747229 ], [ 111.377544016243405, 30.614639688670707 ], [ 111.377538399077991, 30.61465210291226 ], [ 111.37753290961615, 30.614663571966446 ], [ 111.377527046036448, 30.614675094080383 ], [ 111.377520328100729, 30.614687655810656 ], [ 111.377513507642391, 30.614700181568196 ], [ 111.377507260951404, 30.614711559790805 ], [ 111.377501052032017, 30.614722757249581 ], [ 111.377494337693577, 30.614734758702241 ], [ 111.377487608966135, 30.614746687309832 ], [ 111.377481337993402, 30.614757611374671 ], [ 111.377535203786692, 30.615079787202546 ], [ 111.376919098038002, 30.61521325828528 ], [ 111.376641918889618, 30.615273302420974 ], [ 111.37538255685962, 30.614990551073163 ], [ 111.374674847066672, 30.614648921110984 ], [ 111.374699052319556, 30.615202540165228 ], [ 111.374757483970711, 30.615829688689246 ], [ 111.375210199990761, 30.615876116189838 ], [ 111.375857104821648, 30.616189279911453 ], [ 111.375874823264553, 30.616489937660674 ], [ 111.375963980253687, 30.616926777049173 ], [ 111.375457798638479, 30.617329184094615 ], [ 111.37492983184643, 30.617808020923462 ], [ 111.376682978336817, 30.620179995410524 ], [ 111.37571392465793, 30.620774667616899 ], [ 111.3749826607214, 30.620060801964485 ], [ 111.373917449730698, 30.618612826920582 ], [ 111.373835749920033, 30.617457956219823 ], [ 111.373487140319469, 30.615778800551311 ], [ 111.37348514112648, 30.615257771129393 ], [ 111.373610822281762, 30.615240820707299 ], [ 111.373919730411217, 30.615204134663259 ], [ 111.373960916662952, 30.615151511732904 ], [ 111.373935670894639, 30.615044186640091 ], [ 111.373912552022659, 30.614772184888466 ], [ 111.373903660425697, 30.614612307911727 ], [ 111.373903413112089, 30.614547870587842 ], [ 111.373593718975087, 30.614379313354732 ], [ 111.373501322627988, 30.614332447884294 ], [ 111.37341124743125, 30.614286759626339 ], [ 111.373372283404194, 30.614416566871114 ], [ 111.373371533369664, 30.614414009199152 ], [ 111.371703489724439, 30.616939013224965 ], [ 111.371324117014467, 30.617479375372852 ], [ 111.370332040691153, 30.618892408158217 ], [ 111.370297595757506, 30.618883206294981 ], [ 111.369241700843929, 30.620855852116051 ], [ 111.36918592578985, 30.620828795112857 ], [ 111.366622526108699, 30.624723606908958 ], [ 111.367000408642014, 30.625448588181825 ], [ 111.367178140758654, 30.625548877878543 ], [ 111.370095717743311, 30.629981863772116 ], [ 111.370329202430867, 30.630998836926835 ], [ 111.370309100784482, 30.631029644102853 ], [ 111.370322167034431, 30.631095966405894 ], [ 111.370286437868856, 30.631424939309568 ], [ 111.370185764161761, 30.631803497233761 ], [ 111.369908845816667, 30.632065853756217 ], [ 111.369533207091877, 30.632204865562244 ], [ 111.369079644809744, 30.632319276413511 ], [ 111.368715359126725, 30.632395963403042 ], [ 111.36847787965047, 30.632361315222568 ], [ 111.368281268965575, 30.632259249364949 ], [ 111.368204187173603, 30.632197352625838 ], [ 111.368093876331386, 30.632385468314681 ], [ 111.368062982820504, 30.632438149700874 ], [ 111.36784268129486, 30.632813827096584 ], [ 111.367999448415901, 30.632793472740673 ], [ 111.368238004380601, 30.632762500988747 ], [ 111.368699628185368, 30.632702565670911 ], [ 111.369433533430936, 30.632990610428351 ], [ 111.370571897075536, 30.633331040695111 ], [ 111.371356677868391, 30.633586553376858 ], [ 111.372185073082676, 30.633698742902823 ], [ 111.372947014693125, 30.63375383896863 ], [ 111.373984576027397, 30.633712675199888 ], [ 111.37513150031856, 30.633403892975423 ], [ 111.375715291627557, 30.633197729691631 ], [ 111.375768759021071, 30.633196606438332 ], [ 111.375910115359659, 30.633103113817754 ] ], [ [ 111.378969117031147, 30.606365560722054 ], [ 111.379210594893038, 30.606089080346749 ], [ 111.379277996382598, 30.606183996594268 ], [ 111.379324574069926, 30.606273936892819 ], [ 111.379368798231496, 30.606340957069619 ], [ 111.379349061709888, 30.606412591667947 ], [ 111.379435818408467, 30.606943280707867 ], [ 111.379442071394465, 30.60697505915175 ], [ 111.37946329809273, 30.607111378387458 ], [ 111.379446669628294, 30.607254404766991 ], [ 111.379342354566063, 30.607449643086738 ], [ 111.379304125285216, 30.607524458587022 ], [ 111.379253172395977, 30.60761542231387 ], [ 111.379166682796324, 30.607763686345152 ], [ 111.379150696447539, 30.607791341397444 ], [ 111.379081400086534, 30.607903857377266 ], [ 111.379020682358657, 30.608005073375523 ], [ 111.378960650813383, 30.608100227043963 ], [ 111.378589920588411, 30.607933327261435 ], [ 111.378346507385572, 30.607776520570042 ], [ 111.377967278567041, 30.607512591133343 ], [ 111.378577909243234, 30.606792950034617 ], [ 111.378807493571117, 30.606550610622264 ], [ 111.378969117031147, 30.606365560722054 ] ] ], [ [ [ 111.366380104858024, 30.63610222603694 ], [ 111.366230616849521, 30.636080422873363 ], [ 111.366207132852935, 30.636080680079374 ], [ 111.366122541722007, 30.636088699334152 ], [ 111.366042163015493, 30.636098777136908 ], [ 111.365950439361427, 30.636111935117754 ], [ 111.36579716880442, 30.636135457785315 ], [ 111.365680786639018, 30.636146987093809 ], [ 111.364951944576774, 30.638125610708471 ], [ 111.364955095801122, 30.63814803530363 ], [ 111.365301851899062, 30.63816542729279 ], [ 111.36537029390405, 30.638168860904273 ], [ 111.365371254380022, 30.638198238158282 ], [ 111.366903610113695, 30.638364084834791 ], [ 111.368150727873854, 30.638615682767693 ], [ 111.368250505856167, 30.638312136396166 ], [ 111.368328352071899, 30.638075308928478 ], [ 111.368366662291749, 30.637958758589832 ], [ 111.368545125557262, 30.637732713993671 ], [ 111.368727900172587, 30.63750120961322 ], [ 111.368844831823651, 30.63735310116482 ], [ 111.369070823359891, 30.63706685595082 ], [ 111.367021434791525, 30.636329922687764 ], [ 111.367031941570986, 30.636310162783843 ], [ 111.36649760218279, 30.636171165367102 ], [ 111.366371471366392, 30.636138353602234 ], [ 111.366380104858024, 30.63610222603694 ] ] ] ] } },
{ "type": "Feature", "properties": { "SQMC": "共前村", "SSJD": "伍家乡" }, "geometry": { "type": "MultiPolygon", "coordinates": [ [ [ [ 111.353804639172893, 30.645115043624457 ], [ 111.353798233301859, 30.645111028151518 ], [ 111.353430017581331, 30.645695092854282 ], [ 111.353447595730074, 30.645706935127009 ], [ 111.353597958778835, 30.645792798798766 ], [ 111.353735066719992, 30.645884987402326 ], [ 111.353925091669737, 30.646126887046307 ], [ 111.353959119318006, 30.646184788097571 ], [ 111.353975005841903, 30.646214215713655 ], [ 111.353993793578809, 30.646251418867962 ], [ 111.354020865870382, 30.646310784914817 ], [ 111.35405669576005, 30.646302002135826 ], [ 111.354420778196413, 30.646200671923566 ], [ 111.355079651205017, 30.645579093800166 ], [ 111.355047070566002, 30.645572020632358 ], [ 111.354975474638593, 30.645556297784935 ], [ 111.354937164418743, 30.645547879231287 ], [ 111.354820515154756, 30.645521379807803 ], [ 111.354797475423254, 30.645514717630192 ], [ 111.354786133173604, 30.645510766908444 ], [ 111.354755880879225, 30.645501004767709 ], [ 111.35465422421322, 30.645467224433048 ], [ 111.354550606125599, 30.645434657283715 ], [ 111.354560361071947, 30.64541887867847 ], [ 111.354357140369814, 30.645332441239191 ], [ 111.353970209757506, 30.645195074293326 ], [ 111.35388416082543, 30.645164901139367 ], [ 111.353804639172893, 30.645115043624457 ] ] ], [ [ [ 111.359158235863958, 30.661314073885478 ], [ 111.35963027741542, 30.660558612789828 ], [ 111.361066030672873, 30.660094087772109 ], [ 111.361234918856496, 30.660039444065262 ], [ 111.36137759899708, 30.659993280065919 ], [ 111.361385120027251, 30.660022233739141 ], [ 111.361559934743241, 30.660002203139186 ], [ 111.361483800836936, 30.659722810759206 ], [ 111.361501509387267, 30.659718153170218 ], [ 111.361430504314342, 30.659477525167745 ], [ 111.361249494168987, 30.659513140119429 ], [ 111.36120500830458, 30.659528414205056 ], [ 111.361171961816751, 30.659539079265187 ], [ 111.36116392007898, 30.659541338362089 ], [ 111.361148204426172, 30.659545754932708 ], [ 111.36113657529279, 30.659548160619181 ], [ 111.361130976113714, 30.659549318945949 ], [ 111.361116710168119, 30.659551319038314 ], [ 111.361104064800884, 30.659552110441666 ], [ 111.361091994100377, 30.659551673371027 ], [ 111.361085817556443, 30.659550880169093 ], [ 111.361079408987678, 30.65955005728938 ], [ 111.361066760922313, 30.659548519448776 ], [ 111.361054447405024, 30.65954836926187 ], [ 111.361050796157372, 30.659548741581318 ], [ 111.361041343383306, 30.65954970565457 ], [ 111.361032876266336, 30.659551304649085 ], [ 111.361026378664633, 30.659552532223756 ], [ 111.361010843775489, 30.659556365134279 ], [ 111.360995601166223, 30.659561484075311 ], [ 111.36097924519612, 30.659568475404967 ], [ 111.360960451163976, 30.659577797777331 ], [ 111.360946349794347, 30.659584945588904 ], [ 111.360941556407852, 30.659587377355706 ], [ 111.360924823621815, 30.659595336355721 ], [ 111.36091505068913, 30.659599594645613 ], [ 111.36090887234667, 30.659602288115252 ], [ 111.360892258271235, 30.659608904427557 ], [ 111.360886806580936, 30.659611057404561 ], [ 111.360876107346542, 30.659615280620812 ], [ 111.360866545754675, 30.659619344657017 ], [ 111.360861891763022, 30.659621324064972 ], [ 111.3608574437161, 30.659623388908358 ], [ 111.360848440603149, 30.659627572554541 ], [ 111.360846386551657, 30.659628603177566 ], [ 111.360836091112844, 30.659633768883452 ], [ 111.36083453258766, 30.659634550394344 ], [ 111.360822606678141, 30.659640116298362 ], [ 111.360820481580163, 30.65964110555268 ], [ 111.360809061089469, 30.659644914181513 ], [ 111.360806490827088, 30.659645771235489 ], [ 111.360793395798737, 30.659648396356374 ], [ 111.36079142538415, 30.659648789360233 ], [ 111.360791257210735, 30.659648824433873 ], [ 111.36078496285586, 30.659649474643572 ], [ 111.360773556754339, 30.659650653654921 ], [ 111.360767025877522, 30.659650788553222 ], [ 111.360755083780077, 30.659651038564618 ], [ 111.36073694085718, 30.659648661656547 ], [ 111.360717464239713, 30.659643081363129 ], [ 111.360714315713153, 30.659555644777356 ], [ 111.36071458910709, 30.659511034806542 ], [ 111.360714504570751, 30.659508217230496 ], [ 111.360713793207026, 30.659483958917633 ], [ 111.360713320163711, 30.659467916810968 ], [ 111.360711770631838, 30.659415292981578 ], [ 111.360710587123947, 30.659375066306438 ], [ 111.360710411756145, 30.659369112794423 ], [ 111.360709893746673, 30.65936566929031 ], [ 111.360699457114322, 30.659296105830776 ], [ 111.360694347166486, 30.659262061095376 ], [ 111.360691680676723, 30.659243619597419 ], [ 111.36067641738282, 30.659138083255982 ], [ 111.360648862155358, 30.658947667101131 ], [ 111.360625925845966, 30.658777137654965 ], [ 111.360618349057688, 30.658720812215904 ], [ 111.360617432648553, 30.65871398456278 ], [ 111.360577477568597, 30.65859424612762 ], [ 111.36055875188498, 30.658538123935386 ], [ 111.360549767657801, 30.658507532596673 ], [ 111.360528133566618, 30.658426243776205 ], [ 111.360518946991931, 30.658391723299417 ], [ 111.36049986967339, 30.658328258142717 ], [ 111.360469236066592, 30.658230605258382 ], [ 111.360379104212427, 30.658208931596903 ], [ 111.360715824775696, 30.657178004561445 ], [ 111.360739712567693, 30.657104840216277 ], [ 111.360970654871949, 30.656397481158933 ], [ 111.360663254905489, 30.656100159894606 ], [ 111.36084365081399, 30.655606223448558 ], [ 111.36058202903746, 30.655544508372486 ], [ 111.360574459443797, 30.655551191234565 ], [ 111.360568389019988, 30.655556839876283 ], [ 111.360563179247492, 30.655562017273269 ], [ 111.360558347190079, 30.655567315179553 ], [ 111.360553693198369, 30.655573407187035 ], [ 111.360548796389935, 30.655580930915335 ], [ 111.360543255666812, 30.655590425957428 ], [ 111.360537065633082, 30.655600205185294 ], [ 111.360529736158469, 30.655608787415701 ], [ 111.360520485731911, 30.655616878616115 ], [ 111.360508663244389, 30.655625215331611 ], [ 111.360490273007883, 30.655634767930337 ], [ 111.360456358674128, 30.655647424988842 ], [ 111.360452826137191, 30.655648553637832 ], [ 111.360402480290418, 30.655664622724203 ], [ 111.360325494725998, 30.655687505074411 ], [ 111.359935183561959, 30.655388638774696 ], [ 111.359937793394522, 30.655358989925446 ], [ 111.359940763855207, 30.655335385419733 ], [ 111.359944403411589, 30.655316117444954 ], [ 111.359948974665542, 30.655299192204041 ], [ 111.359954924580222, 30.655281889247817 ], [ 111.359963739734894, 30.655261203042187 ], [ 111.359976482229058, 30.655234926650621 ], [ 111.359993951559716, 30.655201211966414 ], [ 111.360011351642697, 30.655167796756416 ], [ 111.360023828836745, 30.655142647215484 ], [ 111.360032145766979, 30.655124088805735 ], [ 111.360037337553194, 30.655110021610369 ], [ 111.360041008585767, 30.65509838078566 ], [ 111.360043613921789, 30.655088938803544 ], [ 111.360045310043063, 30.655080988796669 ], [ 111.360046310089331, 30.655073733965821 ], [ 111.360047057425959, 30.655066910809353 ], [ 111.36004779307126, 30.65506058407874 ], [ 111.360048588971324, 30.655054203388829 ], [ 111.360049510776321, 30.655047216555829 ], [ 111.360050313871, 30.65504038710435 ], [ 111.360050668203939, 30.655034588275726 ], [ 111.360050573775084, 30.655029359617345 ], [ 111.360050053966916, 30.65502421099859 ], [ 111.360049642077342, 30.655019012917137 ], [ 111.360049952343502, 30.655013602595716 ], [ 111.360051070200768, 30.655007462924175 ], [ 111.36005303611887, 30.655000114563677 ], [ 111.360055648649336, 30.654992350716498 ], [ 111.360059197374198, 30.654984648922493 ], [ 111.360064088786771, 30.654976293321454 ], [ 111.360070646643067, 30.654966613018871 ], [ 111.360077479692052, 30.654956435391227 ], [ 111.360083414318183, 30.654946210099695 ], [ 111.360088926263018, 30.654934976667903 ], [ 111.360094522744191, 30.654921842968804 ], [ 111.360100968185179, 30.654904182082362 ], [ 111.360109654736902, 30.654875945168897 ], [ 111.360121579747215, 30.654833626670722 ], [ 111.360137527425081, 30.654774641936285 ], [ 111.360126776929292, 30.654760584633379 ], [ 111.360160686766335, 30.654731789240827 ], [ 111.360185052997906, 30.654710358396358 ], [ 111.360201369397657, 30.654694891855968 ], [ 111.360211654044747, 30.654683600867543 ], [ 111.360220058209222, 30.654672620145448 ], [ 111.360229312233116, 30.654658311931598 ], [ 111.360240344216606, 30.654639069137772 ], [ 111.360253977938839, 30.654613600337541 ], [ 111.360252116342281, 30.654593941157486 ], [ 111.360289500260251, 30.654585288780197 ], [ 111.360317124735616, 30.654579369442445 ], [ 111.3603367722244, 30.65457585399264 ], [ 111.360350743192441, 30.654574258595233 ], [ 111.36036234984266, 30.654573572412573 ], [ 111.360373124620139, 30.654573469889783 ], [ 111.360384007316156, 30.654573993295287 ], [ 111.360395927829984, 30.654575139930955 ], [ 111.360407440950723, 30.654576371102735 ], [ 111.360416790302793, 30.654577214666915 ], [ 111.36042467555842, 30.654577715589198 ], [ 111.360431883624585, 30.654577946714937 ], [ 111.360438333562399, 30.654578032150596 ], [ 111.360443370665223, 30.654577985385856 ], [ 111.360447346567867, 30.654577793830299 ], [ 111.360448854730862, 30.654577638247531 ], [ 111.36045406000693, 30.654577137325191 ], [ 111.360458144727716, 30.654577061782049 ], [ 111.360463389573908, 30.654577238948605 ], [ 111.36047015427431, 30.654577664327803 ], [ 111.360477952295753, 30.654578360403036 ], [ 111.360487075918002, 30.654579561897378 ], [ 111.360498485616745, 30.654581417198699 ], [ 111.360512994379292, 30.654584042319811 ], [ 111.360527981581185, 30.654586736688657 ], [ 111.360541189924049, 30.654588865383914 ], [ 111.360553705789016, 30.654590580391073 ], [ 111.360566665919066, 30.654592059775837 ], [ 111.360581646825722, 30.654593467214795 ], [ 111.36060175926383, 30.654594905230738 ], [ 111.360629302800135, 30.654596511419868 ], [ 111.360666094065152, 30.654598414385475 ], [ 111.361021829893673, 30.654646120721964 ], [ 111.361027954276778, 30.654603446092267 ], [ 111.361034075961982, 30.654558865799061 ], [ 111.361037972724375, 30.654508576609715 ], [ 111.361050481394727, 30.654316569554112 ], [ 111.361038748839178, 30.65426016857208 ], [ 111.361029120697538, 30.654221916808183 ], [ 111.361028776257115, 30.654220540845415 ], [ 111.361025860654991, 30.654208960275469 ], [ 111.361023772429235, 30.654201594827839 ], [ 111.361018276672269, 30.654182208142515 ], [ 111.361017476275549, 30.654179377975993 ], [ 111.361012475145742, 30.654161744968576 ], [ 111.361002880278818, 30.654127902580683 ], [ 111.36098756662301, 30.654083696405621 ], [ 111.360935547137956, 30.65395615365361 ], [ 111.36091579173052, 30.653917073614139 ], [ 111.360875604625505, 30.653837126582232 ], [ 111.360804196656545, 30.653678557219791 ], [ 111.360786455730477, 30.653636247714701 ], [ 111.360655199677865, 30.653483290121812 ], [ 111.360642237749119, 30.653460832251767 ], [ 111.360634791362656, 30.653437198068275 ], [ 111.360615934377904, 30.653384207315298 ], [ 111.360604086709429, 30.653352552078672 ], [ 111.360585656902572, 30.653304433852611 ], [ 111.360567698340674, 30.653247157830151 ], [ 111.360567764890448, 30.653225790837666 ], [ 111.360563441849536, 30.653193347794797 ], [ 111.360553070867581, 30.653115105877475 ], [ 111.360553110437877, 30.653102516268291 ], [ 111.360560570314135, 30.653028859094604 ], [ 111.360565897898027, 30.652976631866181 ], [ 111.360570479943874, 30.652955730722454 ], [ 111.360574425269533, 30.652937734388956 ], [ 111.360590540221438, 30.652886300362468 ], [ 111.360604851132962, 30.652849002779362 ], [ 111.360608428636056, 30.65283987106335 ], [ 111.360630733621463, 30.652795736833923 ], [ 111.360644983379473, 30.652773679162124 ], [ 111.360680573150091, 30.652726909919068 ], [ 111.360687684988648, 30.652718928435888 ], [ 111.36072057409541, 30.652683198370937 ], [ 111.360779040820205, 30.652622432079738 ], [ 111.360790783268101, 30.652610228279457 ], [ 111.360807657247619, 30.652595412848086 ], [ 111.360863160706344, 30.652547166018962 ], [ 111.360929188031662, 30.652500074818704 ], [ 111.360982063671315, 30.652465557939195 ], [ 111.361038361231579, 30.652424001166764 ], [ 111.361210655147772, 30.652335710224918 ], [ 111.361298681688822, 30.6523157120007 ], [ 111.361381868978242, 30.652291506747758 ], [ 111.36148622361037, 30.652275738934236 ], [ 111.361590983837004, 30.652268359996924 ], [ 111.361610472145742, 30.65225849263544 ], [ 111.361665031316249, 30.652213636250337 ], [ 111.36177792860866, 30.652155275645441 ], [ 111.36186863602893, 30.652116701024966 ], [ 111.361890423904072, 30.652081343279463 ], [ 111.36223694527888, 30.652070687212472 ], [ 111.362175250887219, 30.651795581900615 ], [ 111.361975454803542, 30.651514522177592 ], [ 111.361972538301984, 30.651483634961949 ], [ 111.361883500922943, 30.650541057323949 ], [ 111.361470623970206, 30.649150659575412 ], [ 111.361457561317593, 30.649106672834762 ], [ 111.361467197553225, 30.649106598190997 ], [ 111.361470506159037, 30.649106572110668 ], [ 111.361474714986286, 30.649037656162875 ], [ 111.361475593623879, 30.649018828855901 ], [ 111.361480395104195, 30.648915998574523 ], [ 111.361483576006265, 30.648847856043801 ], [ 111.361485226262232, 30.648812519881915 ], [ 111.361487656230452, 30.648760465323392 ], [ 111.361494888578306, 30.648731783245296 ], [ 111.361497710650838, 30.648720599276373 ], [ 111.361543289191616, 30.648539875115205 ], [ 111.361575066736123, 30.648396331625577 ], [ 111.361605328023643, 30.648247131400069 ], [ 111.361607424343219, 30.648221549285154 ], [ 111.361618828646158, 30.648082336031109 ], [ 111.361645557396741, 30.647900588441473 ], [ 111.36164501240745, 30.647884774762588 ], [ 111.361656837593046, 30.647682097250993 ], [ 111.361697164092902, 30.647576429608534 ], [ 111.361711938155565, 30.647537711995994 ], [ 111.36171485285837, 30.647531387963284 ], [ 111.361738866555527, 30.647479292935088 ], [ 111.360454172422237, 30.646808394192135 ], [ 111.35938212478527, 30.646640706603364 ], [ 111.358864079313832, 30.646559675888398 ], [ 111.358760811062666, 30.64664382095566 ], [ 111.358764851716671, 30.646630002872485 ], [ 111.358025957931773, 30.646412831886721 ], [ 111.357827530616134, 30.64694725491205 ], [ 111.357825499946955, 30.646947325059102 ], [ 111.35782835529443, 30.646970164241736 ], [ 111.357860908054533, 30.646981587430389 ], [ 111.357004819117208, 30.647898825770255 ], [ 111.356833287825964, 30.648405251101622 ], [ 111.356861815220668, 30.648485720639655 ], [ 111.357175376442626, 30.649234244364948 ], [ 111.35720323384237, 30.649282216001609 ], [ 111.357712379622683, 30.64902568168992 ], [ 111.357891985926528, 30.648968463224037 ], [ 111.357946038778721, 30.648992013770453 ], [ 111.358015265891993, 30.649051486836754 ], [ 111.358062684445315, 30.649185005583718 ], [ 111.358084966947729, 30.649257084446958 ], [ 111.358077272348282, 30.649267512086169 ], [ 111.358094520445832, 30.649284608198229 ], [ 111.358164240387453, 30.649477727715066 ], [ 111.358211746175243, 30.64963511177109 ], [ 111.358189872864443, 30.649692448947519 ], [ 111.358139262617044, 30.649703131094782 ], [ 111.358204448176934, 30.650020366946421 ], [ 111.35761839867024, 30.650210832563914 ], [ 111.357617674715982, 30.650223842156777 ], [ 111.357645638235681, 30.650321616449617 ], [ 111.35766696655736, 30.650346527670251 ], [ 111.35771494538858, 30.650402568024276 ], [ 111.357745847892602, 30.650429831871293 ], [ 111.357751021692479, 30.650432051398241 ], [ 111.357761794671262, 30.650457092121201 ], [ 111.357861599633225, 30.650573759371639 ], [ 111.35787330970561, 30.65060447481676 ], [ 111.357861427862758, 30.65063431432219 ], [ 111.357970544405191, 30.651075520818779 ], [ 111.357922231026294, 30.651284874897215 ], [ 111.357956707436301, 30.651450361844695 ], [ 111.35796718543736, 30.651468335695199 ], [ 111.358067297068146, 30.65166853197735 ], [ 111.358167092137592, 30.651782815124932 ], [ 111.358189844985361, 30.651964130140527 ], [ 111.358322905977502, 30.652116504073547 ], [ 111.358381532781493, 30.652158470037421 ], [ 111.358389330803107, 30.652164052129365 ], [ 111.358416728649217, 30.652158773108965 ], [ 111.358502643582199, 30.652287868090752 ], [ 111.358711997660635, 30.652346915777684 ], [ 111.358853542856821, 30.652289422119111 ], [ 111.358853990719183, 30.652410975386317 ], [ 111.358851926775117, 30.652422165650478 ], [ 111.358835404430408, 30.652459786989766 ], [ 111.358827177432488, 30.652479022588864 ], [ 111.358852339563896, 30.652697101889771 ], [ 111.358558504971143, 30.653398180981299 ], [ 111.358890907889133, 30.653599638112951 ], [ 111.359189909986526, 30.653884144937479 ], [ 111.359158210683063, 30.65393889656292 ], [ 111.35922603755165, 30.654001744784807 ], [ 111.359226087014463, 30.654001792448923 ], [ 111.359446218568166, 30.654309051221844 ], [ 111.359467817585823, 30.654343367552428 ], [ 111.359596166130245, 30.654547293323105 ], [ 111.359586312258557, 30.65459119372872 ], [ 111.35970479793815, 30.654946649868066 ], [ 111.359351867994405, 30.655234221582248 ], [ 111.35931064936716, 30.655288829316078 ], [ 111.359493959978465, 30.655446561409747 ], [ 111.35932218227299, 30.655666651594743 ], [ 111.359123838594428, 30.655515910830729 ], [ 111.359114094439974, 30.655531390861142 ], [ 111.359053579958868, 30.655627521193253 ], [ 111.359054055700312, 30.655756394941761 ], [ 111.359015141135899, 30.655914575797169 ], [ 111.359001840162989, 30.65592740642478 ], [ 111.359608952691019, 30.656396480213459 ], [ 111.359345918079725, 30.656688234674391 ], [ 111.358709120729372, 30.656246718811076 ], [ 111.358681992679919, 30.656275045656798 ], [ 111.358668626955705, 30.656266256582626 ], [ 111.358587598938527, 30.656352510559941 ], [ 111.358580570736876, 30.656347949198675 ], [ 111.358527277811788, 30.656411738111331 ], [ 111.358467532250927, 30.656483247703875 ], [ 111.358463968237686, 30.656487624704141 ], [ 111.35843627991045, 30.656522388897315 ], [ 111.358362478845493, 30.656607138308857 ], [ 111.358328059992118, 30.656649859703293 ], [ 111.357947948039509, 30.657224774703707 ], [ 111.357930111785265, 30.657255645731539 ], [ 111.357927891359111, 30.657258398556394 ], [ 111.357769864287889, 30.657523313650131 ], [ 111.357709589925832, 30.657647581970423 ], [ 111.357639005735621, 30.657873946725431 ], [ 111.357645306385905, 30.657959688988512 ], [ 111.357574967710775, 30.658074757244378 ], [ 111.357413150896264, 30.658336157787573 ], [ 111.357444362767183, 30.658577956707461 ], [ 111.357329355665399, 30.658722838388371 ], [ 111.357270370031586, 30.658797147570453 ], [ 111.357107223120011, 30.658997647823298 ], [ 111.357079861246689, 30.659064546591594 ], [ 111.356986195056834, 30.659117308017414 ], [ 111.356872196994289, 30.659045783136435 ], [ 111.356413479798334, 30.658757973101956 ], [ 111.35636449372646, 30.658727236972595 ], [ 111.356310448068882, 30.658652831562961 ], [ 111.356260961074668, 30.658584705219994 ], [ 111.356262071737319, 30.658502395669188 ], [ 111.356182932296576, 30.658384446884895 ], [ 111.35617296960703, 30.658198128940569 ], [ 111.356176203569134, 30.658055118748791 ], [ 111.356192144951535, 30.657885629817997 ], [ 111.356252239449475, 30.657711244078712 ], [ 111.356355596733408, 30.657603326332492 ], [ 111.356362240924739, 30.657596387163608 ], [ 111.356405856245374, 30.657544177022316 ], [ 111.356423131322572, 30.65740500243902 ], [ 111.356645036339387, 30.657126933861093 ], [ 111.356876612665701, 30.656893647024276 ], [ 111.356918024647257, 30.656851929273273 ], [ 111.35706124438093, 30.656768425422683 ], [ 111.357615480370157, 30.656177149056305 ], [ 111.357616439946923, 30.656176122030558 ], [ 111.356784619214977, 30.655504957088283 ], [ 111.35661909359635, 30.655371402368473 ], [ 111.356444714152303, 30.655533103170342 ], [ 111.356200917838123, 30.655759172048306 ], [ 111.355997305931055, 30.655941106696787 ], [ 111.355782126044346, 30.655979881866187 ], [ 111.355583440623377, 30.655999516764325 ], [ 111.355456439263378, 30.655995092099943 ], [ 111.355395585737767, 30.655961845962565 ], [ 111.355271580019519, 30.655870014389791 ], [ 111.354893667808653, 30.656466717265346 ], [ 111.354928715288054, 30.656532033226881 ], [ 111.354953399879491, 30.656572408290174 ], [ 111.35536303477636, 30.656983329217326 ], [ 111.35537812540025, 30.658090657258128 ], [ 111.355378271090444, 30.658358303592934 ], [ 111.355422902644875, 30.658438876552964 ], [ 111.355589470577684, 30.658739579268342 ], [ 111.356000413987999, 30.659387601956439 ], [ 111.356544538899527, 30.6602166365887 ], [ 111.356620186272664, 30.660515662068292 ], [ 111.356701410341941, 30.660836714642642 ], [ 111.35694169030694, 30.660814060720384 ], [ 111.358504328012373, 30.660666731984122 ], [ 111.358639550974658, 30.66140142233786 ], [ 111.359158235863958, 30.661314073885478 ] ] ] ] } },
{ "type": "Feature", "properties": { "SQMC": "共升村", "SSJD": "伍家乡" }, "geometry": { "type": "Polygon", "coordinates": [ [ [ 111.400716448105641, 30.657797200380685 ], [ 111.402769021173583, 30.657485380246158 ], [ 111.40326081903163, 30.657499316140559 ], [ 111.403264776048616, 30.657474745763011 ], [ 111.403267047736165, 30.657461675915783 ], [ 111.403270018196793, 30.657444576206387 ], [ 111.40330058795189, 30.657376053262283 ], [ 111.403319363997525, 30.657320577682583 ], [ 111.403377732696356, 30.657148114693825 ], [ 111.403378782205095, 30.657145012932119 ], [ 111.403431897064479, 30.657012631827627 ], [ 111.403494454805298, 30.656892979727331 ], [ 111.403581221396394, 30.656788328318726 ], [ 111.403644108289029, 30.656682770393616 ], [ 111.403651831666707, 30.656669811162999 ], [ 111.403707684961887, 30.656551338073882 ], [ 111.403748978232898, 30.656480463402772 ], [ 111.403795599987006, 30.656400293338891 ], [ 111.40384751694944, 30.656302708803082 ], [ 111.403876817760988, 30.65625158594213 ], [ 111.403893989416247, 30.656186584743182 ], [ 111.403932296938024, 30.656042651847031 ], [ 111.40397205596571, 30.65592539014483 ], [ 111.40397989895331, 30.655875493958945 ], [ 111.403992909445378, 30.655778029932264 ], [ 111.40401676935852, 30.655708369345803 ], [ 111.404065927200918, 30.655593397317432 ], [ 111.404113754945911, 30.655480748238062 ], [ 111.404188340219889, 30.655350619935234 ], [ 111.404245669302327, 30.655264617768069 ], [ 111.404307780979366, 30.655200056337549 ], [ 111.404409193929212, 30.655068684272521 ], [ 111.40447202686255, 30.655016298763258 ], [ 111.404520124404371, 30.654968596923254 ], [ 111.404551395630506, 30.654907611197473 ], [ 111.404599466192394, 30.654845817880357 ], [ 111.404632795067528, 30.654802976875999 ], [ 111.404665601436534, 30.654763226841624 ], [ 111.404706206726189, 30.654714024033012 ], [ 111.404774181083667, 30.654607111728978 ], [ 111.40478409790785, 30.654572867344029 ], [ 111.404773209815801, 30.654535207333993 ], [ 111.404759034701783, 30.654513215312818 ], [ 111.404758959158812, 30.654495238764355 ], [ 111.404777566131827, 30.654453429282455 ], [ 111.404801396367418, 30.654376807044116 ], [ 111.404831759278352, 30.654258413994796 ], [ 111.404840971933311, 30.654225661585144 ], [ 111.404859519551167, 30.654159744876438 ], [ 111.404866019851056, 30.654109854985961 ], [ 111.404857908865552, 30.6540948021335 ], [ 111.404816139853097, 30.654050860359007 ], [ 111.404756757618372, 30.653965218819849 ], [ 111.404653067585059, 30.653870438370006 ], [ 111.404569442326022, 30.65376167795921 ], [ 111.404532926253694, 30.653689883281629 ], [ 111.404473590783653, 30.653615840298869 ], [ 111.404387336806167, 30.653519843965682 ], [ 111.404313050107248, 30.653452572878109 ], [ 111.404243128717496, 30.653389248914834 ], [ 111.404240561153017, 30.653386924167307 ], [ 111.404178983673205, 30.653418430116631 ], [ 111.404112116381043, 30.653468507965329 ], [ 111.404065391204995, 30.653523163363388 ], [ 111.404021381981352, 30.653585929746953 ], [ 111.403980109394581, 30.653661444020543 ], [ 111.40389244977689, 30.653873958316694 ], [ 111.40381929802237, 30.654026118210936 ], [ 111.403771362358555, 30.654112090700551 ], [ 111.403723289098707, 30.654165589570368 ], [ 111.40369384799277, 30.654183078686174 ], [ 111.403654945119683, 30.654183200094792 ], [ 111.403532744340794, 30.65415342264248 ], [ 111.403444108059148, 30.654130501621466 ], [ 111.40334477703982, 30.654115732055459 ], [ 111.403278899901409, 30.654081143230144 ], [ 111.403260418833383, 30.654057652039114 ], [ 111.403242488150511, 30.654034862319122 ], [ 111.403232920263179, 30.653991979046737 ], [ 111.403244723865043, 30.653926994934977 ], [ 111.403282066414363, 30.653873526642087 ], [ 111.403366126945343, 30.653764248221592 ], [ 111.403402125008199, 30.65371078622394 ], [ 111.403411304388271, 30.653671431891155 ], [ 111.403409771044153, 30.653613339284163 ], [ 111.403379937833961, 30.653535725093718 ], [ 111.403367958864294, 30.653514174639497 ], [ 111.403339390100939, 30.653462782881263 ], [ 111.403258198407229, 30.653409499848522 ], [ 111.403153392315232, 30.653370130227358 ], [ 111.403127010703145, 30.653360218799094 ], [ 111.403098178438199, 30.653353036813201 ], [ 111.402975265396321, 30.653322414897559 ], [ 111.402826105640315, 30.653261406688557 ], [ 111.402769591343599, 30.653219829231887 ], [ 111.402700816589572, 30.653133057244986 ], [ 111.402659043979838, 30.653087955344972 ], [ 111.402583773422577, 30.653052234273218 ], [ 111.402532700923473, 30.653029193642453 ], [ 111.40248018681126, 30.652981803867135 ], [ 111.402435546263462, 30.652891477759681 ], [ 111.4023974707668, 30.652767498121534 ], [ 111.402360683099118, 30.652629596079066 ], [ 111.40233222944903, 30.652561255697549 ], [ 111.40232394129697, 30.652503290794414 ], [ 111.402312537893408, 30.652340955970431 ], [ 111.402315503857608, 30.652084632999447 ], [ 111.402320390773525, 30.651968638441986 ], [ 111.40230775709739, 30.651832981107191 ], [ 111.402283066210714, 30.651700839222372 ], [ 111.402278622660504, 30.651599950577406 ], [ 111.402276919344445, 30.651511811620992 ], [ 111.402277996732209, 30.651448018211511 ], [ 111.402289884870299, 30.651402750836439 ], [ 111.402309809350356, 30.651355138029373 ], [ 111.402337782762572, 30.651307499141865 ], [ 111.402380236159104, 30.651192547797962 ], [ 111.402425598862351, 30.65113325909266 ], [ 111.402481744437125, 30.651085532971138 ], [ 111.402517844123395, 30.651056428211632 ], [ 111.402525947014908, 30.651045060781087 ], [ 111.402572527400309, 30.650979712443814 ], [ 111.402597625680016, 30.650946531957061 ], [ 111.402611218932805, 30.650928559905083 ], [ 111.402652614726435, 30.650883199899909 ], [ 111.402691435761142, 30.650864520081711 ], [ 111.402783851893332, 30.65082828639629 ], [ 111.402885524747319, 30.650760703243918 ], [ 111.402937650352271, 30.650702454154953 ], [ 111.402956295097056, 30.650681618661849 ], [ 111.402997663011831, 30.650629298803153 ], [ 111.403077929303038, 30.650575700108618 ], [ 111.403164901838863, 30.650522080729615 ], [ 111.403250606330573, 30.650485861433424 ], [ 111.403337706569971, 30.650463554649491 ], [ 111.40337120991353, 30.650455334845958 ], [ 111.403474340568437, 30.650416741339598 ], [ 111.403698208805281, 30.650378935639537 ], [ 111.403893960637845, 30.650355132383481 ], [ 111.40395289411083, 30.650332912833676 ], [ 111.404076113821759, 30.650286139993511 ], [ 111.404175469122777, 30.650235801341182 ], [ 111.404232735252606, 30.650206787413367 ], [ 111.404283545149667, 30.650167196559039 ], [ 111.404360964187276, 30.650074173384439 ], [ 111.404413048423578, 30.650018340773897 ], [ 111.40451467990863, 30.649941478416565 ], [ 111.404663289279483, 30.649871430222447 ], [ 111.404834509405248, 30.649814425795171 ], [ 111.404860209331332, 30.649805868745887 ], [ 111.405133410778376, 30.649697159596428 ], [ 111.405232537651671, 30.649663217383647 ], [ 111.405269956643338, 30.649629467625857 ], [ 111.405299156730791, 30.649553989325227 ], [ 111.405314958718463, 30.649483191995841 ], [ 111.405316082870968, 30.649430998042305 ], [ 111.405346425996811, 30.649307966289712 ], [ 111.405382123686252, 30.649182596299966 ], [ 111.405383993376631, 30.649165384175262 ], [ 111.405392457795813, 30.649087459718658 ], [ 111.405389176169649, 30.648943656324775 ], [ 111.405379126245748, 30.648784794682683 ], [ 111.405362647068614, 30.648693222114673 ], [ 111.40532976335794, 30.648527475262881 ], [ 111.405331910939026, 30.648398730117492 ], [ 111.405320817801623, 30.64831178006466 ], [ 111.405325792851158, 30.648217819796628 ], [ 111.405348070856917, 30.648091332848765 ], [ 111.405347429640244, 30.647937082930184 ], [ 111.405353837309804, 30.647865155152829 ], [ 111.405357459779054, 30.64776888092922 ], [ 111.405343719037546, 30.647690058049818 ], [ 111.40532878489563, 30.647647191864507 ], [ 111.405313355227236, 30.647484867832418 ], [ 111.405303621864846, 30.647402551986374 ], [ 111.405281734164873, 30.64730171280388 ], [ 111.405273077290872, 30.647268574585155 ], [ 111.405268109435781, 30.647249571010946 ], [ 111.405230226393996, 30.647171981102076 ], [ 111.40521398193988, 30.647136076568813 ], [ 111.405197348079184, 30.647007392577223 ], [ 111.405140330162226, 30.646844037922051 ], [ 111.405040331845896, 30.646666901156721 ], [ 111.404991677623912, 30.646580067116474 ], [ 111.404928392331556, 30.646522273983919 ], [ 111.404886574755665, 30.646465574426827 ], [ 111.404782974654722, 30.646390508015656 ], [ 111.404703519551958, 30.646315368759417 ], [ 111.404648248118292, 30.646249431366243 ], [ 111.40457693457796, 30.646196303017064 ], [ 111.404523889865686, 30.646174718388579 ], [ 111.40446944131179, 30.646152562690702 ], [ 111.404438042381912, 30.646135167104376 ], [ 111.404404905961712, 30.646116810142757 ], [ 111.404363139647216, 30.646072866569682 ], [ 111.404334548400698, 30.645970894241486 ], [ 111.404332616657086, 30.645952046250045 ], [ 111.404327177557207, 30.64589891340421 ], [ 111.404321965086751, 30.645847992890708 ], [ 111.404317546717436, 30.645752903973516 ], [ 111.404334614051322, 30.645663547335005 ], [ 111.404385119977348, 30.645550890161644 ], [ 111.404392848751058, 30.645474320083906 ], [ 111.404392470136372, 30.645382697153821 ], [ 111.404373339757854, 30.64529809163372 ], [ 111.404355709448566, 30.645251754964647 ], [ 111.404305824054632, 30.645190440086878 ], [ 111.404212936677879, 30.645110701697661 ], [ 111.404113498639106, 30.645068097215017 ], [ 111.404020616658272, 30.644989519850526 ], [ 111.403860545428017, 30.644880994162691 ], [ 111.403693739174741, 30.644766692129281 ], [ 111.403639846401859, 30.644708866620988 ], [ 111.403618090902228, 30.644638188901467 ], [ 111.403612460247018, 30.644574416176397 ], [ 111.403624241365833, 30.644503633236184 ], [ 111.40364806170868, 30.644425852671077 ], [ 111.403674371375303, 30.644300513258088 ], [ 111.403751472952194, 30.644132102614435 ], [ 111.403757964258659, 30.644113468661772 ], [ 111.403780683831599, 30.644048239934477 ], [ 111.403799194577232, 30.643995098994651 ], [ 111.403835082922853, 30.643916121432028 ], [ 111.403845167021018, 30.643899555020482 ], [ 111.403892372435166, 30.643821999285819 ], [ 111.403933853664455, 30.643778802149995 ], [ 111.403953809620646, 30.643758022414943 ], [ 111.404025679841368, 30.643622103377481 ], [ 111.404101520568815, 30.643473413067625 ], [ 111.404139756144957, 30.643409035099069 ], [ 111.404158799289291, 30.643376973368731 ], [ 111.404293188579913, 30.643220288985219 ], [ 111.404336341648957, 30.643169978212086 ], [ 111.40443249716219, 30.643067617376744 ], [ 111.404530108677648, 30.642994247086961 ], [ 111.404621118270086, 30.642945252021889 ], [ 111.404753466099635, 30.642838140068079 ], [ 111.404895088637545, 30.642703165318835 ], [ 111.404991146124644, 30.642629962302919 ], [ 111.40499336834938, 30.642628267980228 ], [ 111.405055541180332, 30.642580887198221 ], [ 111.405190602264611, 30.64248072430604 ], [ 111.40534030880832, 30.642355000882731 ], [ 111.40544739468163, 30.642301317651686 ], [ 111.405583992707136, 30.642248701916117 ], [ 111.405673560686466, 30.64217651603343 ], [ 111.405840564790367, 30.642017103106809 ], [ 111.405907744147214, 30.641963639310575 ], [ 111.4059181061358, 30.641955393426827 ], [ 111.406005127234891, 30.641915686559855 ], [ 111.40611233271818, 30.641890998370911 ], [ 111.406183305415198, 30.641862942221167 ], [ 111.406268860619548, 30.641793087381245 ], [ 111.406327582751771, 30.641722156952028 ], [ 111.406407545072284, 30.641597808592167 ], [ 111.406467508268975, 30.64150251822673 ], [ 111.406516803707689, 30.641422338270331 ], [ 111.406544665603917, 30.641349183817908 ], [ 111.406563146671999, 30.641278378394475 ], [ 111.406609643420495, 30.64117037341407 ], [ 111.406630936668535, 30.641124486406113 ], [ 111.406649525655212, 30.641084424306882 ], [ 111.406716230170048, 30.640997231437211 ], [ 111.406772325382576, 30.640940226110729 ], [ 111.406829739900729, 30.640877418358286 ], [ 111.406873867834918, 30.640844806242967 ], [ 111.406934110720783, 30.640816780670036 ], [ 111.40701050183327, 30.640801466114851 ], [ 111.407086946005847, 30.640798909342323 ], [ 111.40723717685421, 30.640799599122261 ], [ 111.407337814588629, 30.64080856176588 ], [ 111.407375472799913, 30.640832800293481 ], [ 111.407445482323283, 30.640895209646374 ], [ 111.407498093562367, 30.640966953961936 ], [ 111.407541302389291, 30.641035246679394 ], [ 111.407573948678873, 30.641144165371031 ], [ 111.407582595660301, 30.641167676347322 ], [ 111.407625505013186, 30.641284339101105 ], [ 111.407678568611118, 30.641375286640198 ], [ 111.407414499779463, 30.640356586787163 ], [ 111.407366502961906, 30.639440293634721 ], [ 111.407191392369043, 30.639167338601908 ], [ 111.407031534278019, 30.638918156248053 ], [ 111.406877546062049, 30.638678122697343 ], [ 111.405506362328936, 30.638147812271882 ], [ 111.405633811551297, 30.637979532029874 ], [ 111.406179387968393, 30.637259168775699 ], [ 111.407878877308406, 30.637101112026869 ], [ 111.408137023205256, 30.635477434636073 ], [ 111.409767022829953, 30.634555867859035 ], [ 111.409767914058023, 30.634549324391969 ], [ 111.410045441244165, 30.632512085664359 ], [ 111.410063233431572, 30.629656427901864 ], [ 111.410048224645891, 30.62964349205356 ], [ 111.41012979405491, 30.629493447364894 ], [ 111.410157104666837, 30.629443211235298 ], [ 111.410193008300837, 30.629377167722225 ], [ 111.410654580844209, 30.628528100691369 ], [ 111.41048905612513, 30.62826322786583 ], [ 111.410321162591572, 30.627994561699666 ], [ 111.410040348383404, 30.627965722240333 ], [ 111.409238885166587, 30.627883412689528 ], [ 111.40903747120251, 30.627862814617288 ], [ 111.408492975770287, 30.62780712679762 ], [ 111.408112784677257, 30.627768241011609 ], [ 111.407967337322816, 30.627753365325702 ], [ 111.40742773060532, 30.62769817123376 ], [ 111.406256113628899, 30.627339074638599 ], [ 111.405019978389419, 30.627099316280578 ], [ 111.404996669760578, 30.627094796287849 ], [ 111.40415590976761, 30.626658279755929 ], [ 111.4021847568211, 30.627018861131717 ], [ 111.399914404826006, 30.627904118680192 ], [ 111.398175044942491, 30.629074099789875 ], [ 111.397136458380885, 30.630387195412879 ], [ 111.397054843106673, 30.630490376429861 ], [ 111.397256509780277, 30.631215277662932 ], [ 111.397437033392521, 30.632169356730458 ], [ 111.398940876120719, 30.632775717425602 ], [ 111.400203517978071, 30.633783746822644 ], [ 111.40097981816416, 30.634640522842005 ], [ 111.401330056437075, 30.635401787262765 ], [ 111.399628060686496, 30.63598678456259 ], [ 111.396617820256211, 30.637021371838898 ], [ 111.396527691999552, 30.637123354958987 ], [ 111.396510139031761, 30.637143218285075 ], [ 111.396489088600674, 30.637167035929963 ], [ 111.396457949574767, 30.637202272267189 ], [ 111.398908219039242, 30.639783278875313 ], [ 111.399333261121285, 30.639512769998476 ], [ 111.401226709045432, 30.640341599585327 ], [ 111.401579812558452, 30.640697779678931 ], [ 111.402314660293428, 30.641458973053204 ], [ 111.402671501388795, 30.64171585720112 ], [ 111.402247832571618, 30.641850577442312 ], [ 111.401221332898274, 30.642984981371853 ], [ 111.398489724920921, 30.648603720685287 ], [ 111.396851708739405, 30.647915670072166 ], [ 111.396514530421427, 30.647895628680374 ], [ 111.396522475931647, 30.64785890576394 ], [ 111.396186580046674, 30.647695425203779 ], [ 111.395788791020038, 30.647620267061711 ], [ 111.395346997266302, 30.647583425434902 ], [ 111.39474198465507, 30.647588773703035 ], [ 111.394925958066494, 30.647826519378441 ], [ 111.394748305989651, 30.648815304183017 ], [ 111.39466682471425, 30.649268793619967 ], [ 111.394265265729587, 30.649743450399967 ], [ 111.394205301633519, 30.649814329567789 ], [ 111.394159819320294, 30.649851916732644 ], [ 111.39343816643833, 30.650448291355531 ], [ 111.392906753443981, 30.650887442901251 ], [ 111.392794241061438, 30.651020431947529 ], [ 111.3925990611977, 30.651251128736646 ], [ 111.392599075586929, 30.651251158414254 ], [ 111.392604244890151, 30.651261150781522 ], [ 111.392685385322466, 30.651417955674162 ], [ 111.393033073117806, 30.652089887738271 ], [ 111.393244056767912, 30.652385184628713 ], [ 111.393360825641594, 30.652795674780634 ], [ 111.392888580843476, 30.652938549174678 ], [ 111.39274941795145, 30.654023842926108 ], [ 111.392650183159503, 30.654797752714273 ], [ 111.392390637917686, 30.656821802884053 ], [ 111.39220374890408, 30.658279192930536 ], [ 111.392083792832864, 30.659214620058833 ], [ 111.392365957822733, 30.659940853187948 ], [ 111.394208160578216, 30.659439954190645 ], [ 111.396635137601663, 30.658859798840751 ], [ 111.39875227659644, 30.65812781094985 ], [ 111.400716448105641, 30.657797200380685 ] ] ] } },
{ "type": "Feature", "properties": { "SQMC": "共同村", "SSJD": "伍家乡" }, "geometry": { "type": "Polygon", "coordinates": [ [ [ 111.391461230851178, 30.67886770887776 ], [ 111.391966316192736, 30.678837460180716 ], [ 111.39230156996166, 30.678843926306286 ], [ 111.392517911772245, 30.678831405045287 ], [ 111.392864566246772, 30.678827548752395 ], [ 111.392986915413871, 30.678846248355683 ], [ 111.393251843997461, 30.678912011280431 ], [ 111.393529155346243, 30.678938676179143 ], [ 111.393646372981891, 30.67895305004339 ], [ 111.393764543898669, 30.678941268025198 ], [ 111.393936880982267, 30.678905918373459 ], [ 111.394125518278088, 30.678904430894875 ], [ 111.394321950897449, 30.678906522717909 ], [ 111.394446065433669, 30.678899195941199 ], [ 111.394643510689548, 30.678883952432557 ], [ 111.394862882316204, 30.67888536436817 ], [ 111.39504455166491, 30.678878792122703 ], [ 111.395168344243757, 30.678879543056553 ], [ 111.395194433576421, 30.678889974292872 ], [ 111.395410343712399, 30.678976295719508 ], [ 111.395542989217688, 30.679029328740683 ], [ 111.395597328953556, 30.679103145993452 ], [ 111.39568474395594, 30.679294096345529 ], [ 111.395723977779426, 30.67943170430982 ], [ 111.395790908923402, 30.679531786263055 ], [ 111.395901392435348, 30.679689235969647 ], [ 111.396044265930243, 30.679822519094103 ], [ 111.396154486840146, 30.679915785984861 ], [ 111.396239835200333, 30.679979707097857 ], [ 111.396258388214051, 30.67997664310775 ], [ 111.396279177841848, 30.679952511599197 ], [ 111.396361555741407, 30.679856988309496 ], [ 111.396420825560824, 30.679784601878055 ], [ 111.3964706372102, 30.679670120879507 ], [ 111.396477883047908, 30.67965267223309 ], [ 111.396503576678811, 30.679590796178388 ], [ 111.396515719325123, 30.679533262050541 ], [ 111.396501521727942, 30.679466445120397 ], [ 111.396462596371805, 30.679405053800281 ], [ 111.396333951051133, 30.679346609558479 ], [ 111.396152750249371, 30.679299023731119 ], [ 111.396065909014567, 30.679248476436044 ], [ 111.396013043267374, 30.679183114609202 ], [ 111.395912403734599, 30.679212183395691 ], [ 111.395959596558271, 30.678954482663244 ], [ 111.395990679826184, 30.678858971964019 ], [ 111.396055290719175, 30.678709085556022 ], [ 111.396088176228375, 30.678593302339209 ], [ 111.396186928983695, 30.678316073727956 ], [ 111.396244147449579, 30.678171855746598 ], [ 111.396148714991398, 30.678016514950343 ], [ 111.396105541237716, 30.677946238328332 ], [ 111.395944880052241, 30.677536717645523 ], [ 111.39590209570531, 30.677256238884411 ], [ 111.395850987233359, 30.676921131704887 ], [ 111.395974122407949, 30.676719824760085 ], [ 111.396238729933543, 30.676386035087603 ], [ 111.396253986932038, 30.676266382987251 ], [ 111.396244451420273, 30.675981789827915 ], [ 111.396243480152634, 30.675935148288545 ], [ 111.396242283154891, 30.675877775139327 ], [ 111.39621288881392, 30.675687038825799 ], [ 111.396206206850991, 30.67564369060392 ], [ 111.396138058924407, 30.675325490679029 ], [ 111.396105419829439, 30.675193746294383 ], [ 111.39598074231759, 30.674868544247943 ], [ 111.395748599418368, 30.674447907944739 ], [ 111.395639144730922, 30.674216153552663 ], [ 111.395516606706224, 30.674035399714114 ], [ 111.395536396287753, 30.673717987595126 ], [ 111.395534702864381, 30.673548121848398 ], [ 111.395557958433017, 30.673438769683571 ], [ 111.395586469639966, 30.673333297194006 ], [ 111.396027362273117, 30.673332378986288 ], [ 111.396196061599085, 30.673332022854595 ], [ 111.396310174774896, 30.67333054976524 ], [ 111.396494167971582, 30.673413457365314 ], [ 111.396792977613813, 30.673548091271471 ], [ 111.396851004570237, 30.673574238160711 ], [ 111.396937248655149, 30.673613096967017 ], [ 111.39708338219242, 30.673587756769734 ], [ 111.397483275632737, 30.67330692097778 ], [ 111.397631163747292, 30.673168577368131 ], [ 111.3977593989772, 30.673101155194331 ], [ 111.397885479431352, 30.673049058367383 ], [ 111.397955920629329, 30.673038824981859 ], [ 111.39819993997537, 30.673007878410885 ], [ 111.398591084810846, 30.673164999865037 ], [ 111.398680556562624, 30.673200941270466 ], [ 111.398952293013906, 30.673310091087956 ], [ 111.399048078006501, 30.673434283865276 ], [ 111.399115159337214, 30.67358346430558 ], [ 111.399175827602448, 30.673644420353753 ], [ 111.399297597606108, 30.673766763225615 ], [ 111.39941739629586, 30.67380278557016 ], [ 111.399534826171475, 30.673802424942039 ], [ 111.399755693370651, 30.673631295647795 ], [ 111.399810627558509, 30.673520044114866 ], [ 111.399945020446467, 30.673333859270258 ], [ 111.400103701324838, 30.673126534062419 ], [ 111.400233802647961, 30.672974832822376 ], [ 111.400384538915375, 30.672933437927952 ], [ 111.400762752399146, 30.672829567130805 ], [ 111.400891331170101, 30.672846407835493 ], [ 111.401022233789149, 30.672890053733056 ], [ 111.401112519427329, 30.672753801047122 ], [ 111.401205673902723, 30.67269731822671 ], [ 111.40130729099883, 30.672635708371388 ], [ 111.401512554960561, 30.6725112538914 ], [ 111.401665329991033, 30.672485884915716 ], [ 111.40179822280993, 30.672473983287716 ], [ 111.401995374886781, 30.672463797566309 ], [ 111.402196972312481, 30.67245743396353 ], [ 111.402264703853064, 30.672336817790097 ], [ 111.402302550922172, 30.672269417199914 ], [ 111.402315132437536, 30.672097009969207 ], [ 111.402372270863623, 30.671983839282916 ], [ 111.402548913901455, 30.671835824363995 ], [ 111.402598106817322, 30.671786876962813 ], [ 111.402672481649802, 30.671712871751822 ], [ 111.402738172628688, 30.671524977295917 ], [ 111.403012373222509, 30.67139389840986 ], [ 111.403059261176111, 30.671305243242557 ], [ 111.403091516260588, 30.671244270107024 ], [ 111.403095510149683, 30.67113892082466 ], [ 111.4031790706577, 30.670985447920259 ], [ 111.403258291037503, 30.670854968881827 ], [ 111.403300221927736, 30.67081211258909 ], [ 111.403359781328845, 30.670751235681109 ], [ 111.403462100795366, 30.670634282446315 ], [ 111.403571479040636, 30.670509266789281 ], [ 111.403703349330272, 30.670252221662736 ], [ 111.403759704446941, 30.670072808713201 ], [ 111.403786446687207, 30.669987668995873 ], [ 111.403883009593301, 30.669765210895946 ], [ 111.404013155882581, 30.669598930746076 ], [ 111.404147338329096, 30.669392841206729 ], [ 111.404244250172098, 30.66925464688461 ], [ 111.404366156872811, 30.669148508896569 ], [ 111.404367877275831, 30.669147012424844 ], [ 111.404481980559126, 30.66909354503116 ], [ 111.404484075979497, 30.669092564770096 ], [ 111.404869840171102, 30.668911801938179 ], [ 111.404720806320256, 30.668770538229921 ], [ 111.404640418620545, 30.668619490797028 ], [ 111.404904764443472, 30.668252866876287 ], [ 111.404925447951143, 30.667898494420115 ], [ 111.404902346166523, 30.667670658374277 ], [ 111.404756581351194, 30.66778219229451 ], [ 111.404459483118728, 30.667731405779762 ], [ 111.404482260248244, 30.667880720219159 ], [ 111.404496078331476, 30.668007077664583 ], [ 111.404486101252758, 30.668122127933998 ], [ 111.404472822762614, 30.668275278881197 ], [ 111.404471123044061, 30.668399768434597 ], [ 111.40416516559003, 30.66888334828792 ], [ 111.404074238735177, 30.668861197986075 ], [ 111.404009913826542, 30.668845523702146 ], [ 111.404058127380779, 30.668717059145138 ], [ 111.404039917008731, 30.66860028667395 ], [ 111.404094079578272, 30.668466720263041 ], [ 111.404149574943006, 30.668329904601478 ], [ 111.404131428422829, 30.668228456578163 ], [ 111.404122041299217, 30.66810208384419 ], [ 111.40407956362111, 30.668010286445735 ], [ 111.403937501314829, 30.667945610801326 ], [ 111.40380893423503, 30.667930686552097 ], [ 111.403700420238295, 30.667942514435481 ], [ 111.403580704286128, 30.667923733893247 ], [ 111.403577423559341, 30.667667109649415 ], [ 111.40367442443528, 30.667549982845514 ], [ 111.40377141361995, 30.667430939586325 ], [ 111.403916304294171, 30.667108741275456 ], [ 111.403991405778868, 30.666961468297302 ], [ 111.40371676991316, 30.666737245727347 ], [ 111.403663237768399, 30.666701497676115 ], [ 111.403637477587722, 30.666683538214784 ], [ 111.403591476365705, 30.666651461196068 ], [ 111.403539467672374, 30.66661519693389 ], [ 111.403396071671523, 30.666502179132408 ], [ 111.403338078889362, 30.66642929087925 ], [ 111.403268001017523, 30.666354121945233 ], [ 111.403234242266535, 30.666302036809554 ], [ 111.403165444130082, 30.666211785345695 ], [ 111.403122032056331, 30.666095940075763 ], [ 111.403103963777028, 30.665945223593269 ], [ 111.403079237816712, 30.665806123653681 ], [ 111.403068748124383, 30.665716922597937 ], [ 111.403065333398445, 30.665687868200621 ], [ 111.403051676293842, 30.665629920384674 ], [ 111.403027277686817, 30.665569688290532 ], [ 111.402977269985001, 30.665481696822894 ], [ 111.402931353299437, 30.665408772596948 ], [ 111.402918868011454, 30.665368343574301 ], [ 111.402897358026735, 30.665298699175651 ], [ 111.402875286865083, 30.665152631288947 ], [ 111.402873696863708, 30.66509348827401 ], [ 111.402889640944295, 30.665055164564308 ], [ 111.402933744596737, 30.665014434268699 ], [ 111.403028760668917, 30.664956151905074 ], [ 111.403074842829767, 30.664920125963192 ], [ 111.403094294266282, 30.664904920225922 ], [ 111.403110830100843, 30.664881026138517 ], [ 111.402870945837662, 30.664862213220715 ], [ 111.401512859830802, 30.664914144572151 ], [ 111.399857831174131, 30.665262908856278 ], [ 111.398423925124234, 30.665677799391005 ], [ 111.397001673388615, 30.666245377722191 ], [ 111.395678677129411, 30.666783998782648 ], [ 111.394939869679376, 30.66705353998907 ], [ 111.394078898322562, 30.664430934340146 ], [ 111.394092716405794, 30.664338883332846 ], [ 111.394076212047707, 30.664342439252266 ], [ 111.39283051521619, 30.661136500049452 ], [ 111.392829954039257, 30.661135054838951 ], [ 111.392365957822733, 30.659940853187948 ], [ 111.392083792832864, 30.659214620058833 ], [ 111.391952560162622, 30.659237690367206 ], [ 111.390820904561224, 30.659436632994357 ], [ 111.390855278448441, 30.659526426703337 ], [ 111.390903000073479, 30.659650377562912 ], [ 111.390956470165122, 30.659789954143207 ], [ 111.390998776072706, 30.659899260442501 ], [ 111.391045131627664, 30.66002996611013 ], [ 111.39107737592019, 30.660120570108404 ], [ 111.391132286725735, 30.660280234845118 ], [ 111.391161273674015, 30.660374904678179 ], [ 111.391184229768442, 30.660465425938696 ], [ 111.391215992923776, 30.660576573150479 ], [ 111.391245037428519, 30.66068994798286 ], [ 111.391280501294148, 30.660823576447058 ], [ 111.391325760575455, 30.660993961102406 ], [ 111.391350128605723, 30.661086191074901 ], [ 111.391370555806645, 30.661171095170005 ], [ 111.391398962692165, 30.66127358101096 ], [ 111.391419380000571, 30.661346167991326 ], [ 111.391431803235264, 30.66139166559293 ], [ 111.391446842597702, 30.661446743672457 ], [ 111.391467630426973, 30.661521367617127 ], [ 111.391502545705976, 30.661651868239176 ], [ 111.39154086222112, 30.661783510101031 ], [ 111.391570368977455, 30.661887942075055 ], [ 111.391606893143717, 30.662016033413295 ], [ 111.39164339932347, 30.662085212862337 ], [ 111.391711129964847, 30.662215933818345 ], [ 111.391764208851157, 30.662316983442111 ], [ 111.391780200595804, 30.662376729902348 ], [ 111.391785527280319, 30.662396630100432 ], [ 111.391800397570421, 30.662469604688567 ], [ 111.391812982683064, 30.662533514110521 ], [ 111.391829251418983, 30.662615180646128 ], [ 111.39185379032017, 30.662739854560698 ], [ 111.391878314832354, 30.662863764950885 ], [ 111.391899026219107, 30.662970197017046 ], [ 111.391917304040533, 30.663062560089088 ], [ 111.391935189757248, 30.663152564239567 ], [ 111.391960442720347, 30.663264248346479 ], [ 111.391971254370048, 30.663312239768175 ], [ 111.391979352765077, 30.663345758400112 ], [ 111.391982921274803, 30.663356665377876 ], [ 111.39198994138286, 30.663386100188518 ], [ 111.391994264423829, 30.66342346791879 ], [ 111.392007563598384, 30.663543111025945 ], [ 111.392017209726532, 30.663633418247741 ], [ 111.392019905894074, 30.663665933236302 ], [ 111.392031445095142, 30.663766018786816 ], [ 111.392036493889066, 30.663812125229526 ], [ 111.392042927639125, 30.663872296169586 ], [ 111.392046587879804, 30.66390433541693 ], [ 111.392051619586766, 30.663946247421507 ], [ 111.392056215122238, 30.663989684676324 ], [ 111.392066247059688, 30.664085416608771 ], [ 111.392068970206878, 30.664085314985357 ], [ 111.392078940990359, 30.664172256044878 ], [ 111.392080439261065, 30.664188787382727 ], [ 111.392085917031636, 30.66423220395319 ], [ 111.392092794147231, 30.66429279757466 ], [ 111.392097833947957, 30.664337368874556 ], [ 111.392101486994193, 30.664366690370571 ], [ 111.392104222731689, 30.66438689004309 ], [ 111.39211063759592, 30.664442171369274 ], [ 111.392113865262729, 30.664475322178475 ], [ 111.392120734284561, 30.664535126195119 ], [ 111.392128056564729, 30.66459723427505 ], [ 111.392135393233957, 30.664662012442079 ], [ 111.392141346745802, 30.664713828680306 ], [ 111.392146840704129, 30.664760693251537 ], [ 111.392152333763306, 30.664807938235811 ], [ 111.392157821426451, 30.664852891747671 ], [ 111.392161478969115, 30.664883002848285 ], [ 111.392167445071607, 30.664937110559322 ], [ 111.392172017224937, 30.664974828125992 ], [ 111.392175224207335, 30.665002649552775 ], [ 111.392176690102303, 30.665035985622296 ], [ 111.392159433011614, 30.665039474092623 ], [ 111.392124488054833, 30.665048738908183 ], [ 111.392069633906544, 30.66506302194108 ], [ 111.391977625167442, 30.665087722720273 ], [ 111.391862618964865, 30.66512050210963 ], [ 111.391791339598797, 30.665139671158897 ], [ 111.391763841028421, 30.665147067183511 ], [ 111.391605597220689, 30.665185372007329 ], [ 111.391523615022948, 30.665204958342201 ], [ 111.391345764195705, 30.665247433322577 ], [ 111.391200689160542, 30.66528195829585 ], [ 111.391008871862141, 30.66532785879383 ], [ 111.390841969381484, 30.665371569442414 ], [ 111.390717290070882, 30.665404281382621 ], [ 111.390582329710867, 30.665434661380687 ], [ 111.39050759155225, 30.665448131426217 ], [ 111.390483537385421, 30.665458238906751 ], [ 111.390169280987607, 30.665533281935438 ], [ 111.389942655429309, 30.665562077328161 ], [ 111.389185091718673, 30.665728992399238 ], [ 111.389071752859138, 30.665751490738785 ], [ 111.389003000588104, 30.665742317653951 ], [ 111.388907467405829, 30.66572816232491 ], [ 111.388903878211465, 30.665727915011303 ], [ 111.388899288971174, 30.665727929400475 ], [ 111.388888420664216, 30.665731024866943 ], [ 111.388759984885382, 30.665766582262052 ], [ 111.388673274951771, 30.665790190365044 ], [ 111.388623911164757, 30.665804202701963 ], [ 111.388578861425344, 30.66581561060201 ], [ 111.388492323262255, 30.665840141409433 ], [ 111.38848248377974, 30.665842318668183 ], [ 111.388467759179719, 30.665840957094531 ], [ 111.387855200357194, 30.666387477799844 ], [ 111.384896504570179, 30.667036229838288 ], [ 111.382588529437214, 30.667542244179288 ], [ 111.380330388436789, 30.668037287690709 ], [ 111.378596107024805, 30.668417458998647 ], [ 111.376649725004995, 30.668844091981441 ], [ 111.37689581818762, 30.669419123893476 ], [ 111.37739128707824, 30.670455840764589 ], [ 111.377439331560083, 30.670674975869531 ], [ 111.376320130669512, 30.671059695948259 ], [ 111.376057516940875, 30.671149968995962 ], [ 111.37595991082128, 30.671183520003581 ], [ 111.375642617413007, 30.671292586184052 ], [ 111.375542924866181, 30.671535707107239 ], [ 111.375512783188583, 30.671609215892602 ], [ 111.375772315839754, 30.672305122983175 ], [ 111.375836413219986, 30.672476987922664 ], [ 111.375883433373758, 30.673211912999363 ], [ 111.375521269191211, 30.673804826131857 ], [ 111.3752948118061, 30.673967630401989 ], [ 111.37501464600922, 30.67416904616465 ], [ 111.374606211707373, 30.674236085227278 ], [ 111.374363454110267, 30.674275930589886 ], [ 111.374074763639612, 30.674372294745638 ], [ 111.373988434119042, 30.674401111721977 ], [ 111.373939492113891, 30.674468400796229 ], [ 111.373910620279048, 30.67450809687125 ], [ 111.373779698774115, 30.67468809977612 ], [ 111.373273169121546, 30.674723241684319 ], [ 111.373062012801768, 30.674737891640461 ], [ 111.37280108799979, 30.675031212720398 ], [ 111.372798090559456, 30.675034583379329 ], [ 111.372269765837189, 30.675503862213645 ], [ 111.372213265030325, 30.675542944951019 ], [ 111.371840174084809, 30.675801025197245 ], [ 111.371221988204354, 30.675879161893874 ], [ 111.370990256295329, 30.675983011107178 ], [ 111.370450202614961, 30.676225027662952 ], [ 111.369885852850018, 30.67651843327917 ], [ 111.370041774608353, 30.676527736765706 ], [ 111.371055263789458, 30.676425568385298 ], [ 111.372331227304414, 30.676224312702061 ], [ 111.373882922958671, 30.675639447602578 ], [ 111.375402466051071, 30.675026975114918 ], [ 111.377003110005717, 30.674258642922211 ], [ 111.377206721013408, 30.674182733846237 ], [ 111.377792260604451, 30.673964437808593 ], [ 111.378681083964977, 30.673633076305578 ], [ 111.378727900871922, 30.673615622263299 ], [ 111.378742235166214, 30.673638599042135 ], [ 111.378862220914868, 30.673830935249555 ], [ 111.379615600079944, 30.674439697134346 ], [ 111.380348171630942, 30.675373088197489 ], [ 111.380809466283893, 30.675857062853197 ], [ 111.380892390071892, 30.675944064167254 ], [ 111.380972505277043, 30.676028116604471 ], [ 111.3811466473, 30.676210818374614 ], [ 111.382299233722733, 30.677219336103519 ], [ 111.385089910970748, 30.679101253819908 ], [ 111.38776391557235, 30.680734171744689 ], [ 111.38784525385546, 30.680564773645415 ], [ 111.387902412966127, 30.680445733084184 ], [ 111.388056945271842, 30.680258229833555 ], [ 111.388236488623249, 30.68012414541306 ], [ 111.388350459706146, 30.680001699119202 ], [ 111.388624574864423, 30.679740321059057 ], [ 111.388811715688178, 30.679574685723196 ], [ 111.3889929407718, 30.679455404143766 ], [ 111.389227468672914, 30.679368518842125 ], [ 111.389490758691693, 30.679270058366626 ], [ 111.389731890314636, 30.679171660843622 ], [ 111.389886208581743, 30.679137098997955 ], [ 111.390008610808763, 30.679107535584365 ], [ 111.390174624759254, 30.67906332761055 ], [ 111.390294243584492, 30.679055068236892 ], [ 111.390475233045606, 30.679017261637455 ], [ 111.390620205558207, 30.67898804176474 ], [ 111.39100390400705, 30.678934952985855 ], [ 111.391461230851178, 30.67886770887776 ] ] ] } },
{ "type": "Feature", "properties": { "SQMC": "联丰村", "SSJD": "伍家乡" }, "geometry": { "type": "MultiPolygon", "coordinates": [ [ [ [ 111.343580131717772, 30.676887918842567 ], [ 111.343599306163071, 30.676498455739193 ], [ 111.343510787692878, 30.676503574680396 ], [ 111.343526551009575, 30.676166424241273 ], [ 111.343527700343145, 30.676141882641957 ], [ 111.343535017227339, 30.675985417693028 ], [ 111.343583907971038, 30.674939810124329 ], [ 111.343585533945429, 30.674905038736597 ], [ 111.342707499751441, 30.674849498405706 ], [ 111.34195111864932, 30.674801647278343 ], [ 111.341050311822528, 30.674744653642961 ], [ 111.3409048051127, 30.674790227687026 ], [ 111.340908270200487, 30.674798702897988 ], [ 111.340911455599269, 30.674809594587146 ], [ 111.340913337880295, 30.674820710207712 ], [ 111.340913897258588, 30.67483193284761 ], [ 111.34091312564027, 30.674843147393517 ], [ 111.340911032018653, 30.674854235134944 ], [ 111.340908414092155, 30.674862933377767 ], [ 111.340842374176418, 30.67520133567308 ], [ 111.340764525262784, 30.675603457633542 ], [ 111.34071542587634, 30.675847027318468 ], [ 111.340715413285693, 30.67584709386847 ], [ 111.340714936645099, 30.675849448293548 ], [ 111.340706717741, 30.675895612292777 ], [ 111.340901571150653, 30.675959287890862 ], [ 111.341009348602654, 30.676026776614492 ], [ 111.341012928803707, 30.676044614667262 ], [ 111.341015159122378, 30.676055731187091 ], [ 111.34101973307429, 30.676078529001018 ], [ 111.341044363706544, 30.676201289158257 ], [ 111.341152273358773, 30.676739118815362 ], [ 111.341003154971816, 30.676761786227644 ], [ 111.34093527144563, 30.676755935238248 ], [ 111.340903544263142, 30.676651532042683 ], [ 111.34088131661963, 30.676576960258558 ], [ 111.340867297987472, 30.676527699893484 ], [ 111.340859649253389, 30.6764975771016 ], [ 111.340854365736504, 30.676473095756819 ], [ 111.340849232406299, 30.67644501712391 ], [ 111.340843776219344, 30.676410422902734 ], [ 111.340837552910898, 30.676366820172746 ], [ 111.34083389806608, 30.676266061030049 ], [ 111.340831461802622, 30.676196333893813 ], [ 111.340830116416782, 30.67615366735788 ], [ 111.340829661359805, 30.676132324647199 ], [ 111.340829595709408, 30.6761184813829 ], [ 111.340829714419954, 30.676103978016215 ], [ 111.340830039974492, 30.676087404410225 ], [ 111.340830587661685, 30.67606748802416 ], [ 111.340833883676908, 30.676001618080363 ], [ 111.340697311731674, 30.67596027534654 ], [ 111.340693806174215, 30.675988273040446 ], [ 111.340690590198676, 30.676016816622905 ], [ 111.340687360733227, 30.676048330665992 ], [ 111.34068442264811, 30.676079565919338 ], [ 111.340682290355517, 30.676107068986141 ], [ 111.340680830755787, 30.676133102560755 ], [ 111.340679869380665, 30.676160025564855 ], [ 111.340679307304185, 30.676186614021049 ], [ 111.340679354068925, 30.67621138764548 ], [ 111.340680060036846, 30.676236512904836 ], [ 111.340681436898819, 30.676264133782865 ], [ 111.340682968444412, 30.676290624212982 ], [ 111.340684249078834, 30.676311502873602 ], [ 111.340685381325329, 30.676328262639402 ], [ 111.340686471303741, 30.676342664382503 ], [ 111.340687489336347, 30.676355166757617 ], [ 111.34068835358471, 30.676364795798861 ], [ 111.340689130598946, 30.676372216104994 ], [ 111.340689896821402, 30.67637823706616 ], [ 111.340690741284732, 30.67638419867194 ], [ 111.340691803384118, 30.676391397744908 ], [ 111.340693207225797, 30.676400608601341 ], [ 111.340695045440157, 30.676412477853603 ], [ 111.340697265866311, 30.676426269856506 ], [ 111.340700119414976, 30.676442705866236 ], [ 111.340703912755373, 30.676463538661437 ], [ 111.340708909388752, 30.67649023773447 ], [ 111.340713958182619, 30.676516839680517 ], [ 111.340717946676079, 30.676537307350941 ], [ 111.340721159953546, 30.676553050882717 ], [ 111.340723937060091, 30.676565787081472 ], [ 111.340726388611927, 30.67657658793928 ], [ 111.340728386905596, 30.676585059552906 ], [ 111.340730076731802, 30.676591802669748 ], [ 111.34073163076016, 30.676597527753813 ], [ 111.340733202775255, 30.676603122436234 ], [ 111.340734966345678, 30.676609364630508 ], [ 111.340737094141559, 30.676616894654046 ], [ 111.340739748041074, 30.676626264690526 ], [ 111.340743377704769, 30.676638731992057 ], [ 111.340749170238155, 30.67665789294756 ], [ 111.340757845098608, 30.676686084894982 ], [ 111.340769930188173, 30.676725062411833 ], [ 111.340740811039666, 30.676738870602492 ], [ 111.340823608023129, 30.677096837649117 ], [ 111.341229739161292, 30.677481203394905 ], [ 111.341479860407333, 30.677630936019057 ], [ 111.341731800982018, 30.677781758621279 ], [ 111.342205374978221, 30.678065257305946 ], [ 111.34273073283714, 30.678587484624757 ], [ 111.343191280153519, 30.679483103262669 ], [ 111.343580131717772, 30.676887918842567 ] ] ], [ [ [ 111.356842347596341, 30.6850393891566 ], [ 111.357078612987777, 30.684601082074437 ], [ 111.357047066568953, 30.684056680171693 ], [ 111.357045768847229, 30.683703473236847 ], [ 111.357133357418604, 30.683493215339695 ], [ 111.357143108767502, 30.683493349338676 ], [ 111.357444569611346, 30.683497485320686 ], [ 111.357449740713093, 30.683402007896518 ], [ 111.357465412299121, 30.683158537136876 ], [ 111.357584308968853, 30.682976478381761 ], [ 111.358180213246442, 30.682831644365024 ], [ 111.35861241662991, 30.683221849408937 ], [ 111.359219402353631, 30.683086524823239 ], [ 111.359694057334934, 30.683008843183643 ], [ 111.359838099049114, 30.682994076315538 ], [ 111.359981122730744, 30.682979410171697 ], [ 111.360356336076109, 30.682892454723174 ], [ 111.360466397806135, 30.682787139614902 ], [ 111.360247215037134, 30.682730824068358 ], [ 111.360307909382698, 30.682716336889598 ], [ 111.360424136864538, 30.682424512281386 ], [ 111.360439226589222, 30.682386628340282 ], [ 111.360569764083436, 30.681846902912355 ], [ 111.360757475976754, 30.681832062299861 ], [ 111.360964594340658, 30.681964717697667 ], [ 111.360985820139547, 30.681978313648358 ], [ 111.361106225871708, 30.682055431413119 ], [ 111.363402268799746, 30.683175490256701 ], [ 111.36371210323108, 30.683327363267381 ], [ 111.364028050354307, 30.683318445589919 ], [ 111.364275347729233, 30.683311465951363 ], [ 111.364288278181675, 30.683058725879675 ], [ 111.364306993972718, 30.68269290685231 ], [ 111.364327484126136, 30.682606494594154 ], [ 111.364391240663224, 30.682337628778726 ], [ 111.364415724705964, 30.682234382111119 ], [ 111.364491997108018, 30.682129542744235 ], [ 111.364624505017048, 30.681947410244959 ], [ 111.364657922924948, 30.681855600255801 ], [ 111.364660711722593, 30.681847936233339 ], [ 111.364741914208025, 30.681624859399903 ], [ 111.364777555240039, 30.681526945712051 ], [ 111.364840893592543, 30.68126330675625 ], [ 111.365064921908811, 30.680330825807062 ], [ 111.365121945221631, 30.680225897407411 ], [ 111.365163643187771, 30.680149169049002 ], [ 111.365427620288585, 30.679857267998671 ], [ 111.36554290797892, 30.679675565375192 ], [ 111.365757434957857, 30.679450624247067 ], [ 111.365810030908335, 30.679386537658615 ], [ 111.365867377077961, 30.679316668429635 ], [ 111.365943879706379, 30.679101662112146 ], [ 111.365935803794343, 30.678423900642656 ], [ 111.365863062130813, 30.678171130893134 ], [ 111.365905784424399, 30.677784388239047 ], [ 111.365977202286103, 30.67768178278817 ], [ 111.366125486102419, 30.677468743287989 ], [ 111.366218806053098, 30.677320513430971 ], [ 111.366560408136422, 30.677114306080398 ], [ 111.366857524355339, 30.676827080605392 ], [ 111.367016782598569, 30.67659274875632 ], [ 111.367016648599645, 30.676502614204423 ], [ 111.367016294266705, 30.676261757774 ], [ 111.366724508329412, 30.676161828705574 ], [ 111.366053426124893, 30.675931999762156 ], [ 111.365590468625328, 30.675701826378315 ], [ 111.365079703165918, 30.675447880315573 ], [ 111.364503649623771, 30.674981729323463 ], [ 111.364359648379263, 30.674787416406218 ], [ 111.364074792617714, 30.674403039868537 ], [ 111.364062408053769, 30.674386325968214 ], [ 111.364011524412433, 30.674388490636488 ], [ 111.363101715372068, 30.674427195658609 ], [ 111.36283940021832, 30.674400455216926 ], [ 111.362424717426904, 30.674358181684852 ], [ 111.362372521674672, 30.674352861295574 ], [ 111.361731007380172, 30.674096898952882 ], [ 111.361155827079813, 30.673859841258718 ], [ 111.360735837389143, 30.673775090947743 ], [ 111.360404620676775, 30.673804648066096 ], [ 111.359664956172878, 30.673883066250596 ], [ 111.359168503423746, 30.674027631370279 ], [ 111.359107558167466, 30.674046258128385 ], [ 111.358947870048212, 30.674095065235178 ], [ 111.358903815858582, 30.674061863164582 ], [ 111.358405196642593, 30.673686073353736 ], [ 111.358227612914106, 30.673447905896239 ], [ 111.357973108372391, 30.673314958218839 ], [ 111.357757574152913, 30.673285928103098 ], [ 111.357486926780325, 30.673249474084116 ], [ 111.357079250606944, 30.673508342136472 ], [ 111.356849393784671, 30.674072201770798 ], [ 111.356574518699119, 30.674407076025886 ], [ 111.356146203084904, 30.674534120553346 ], [ 111.355989811880363, 30.67458051028234 ], [ 111.3551387168784, 30.674391910758118 ], [ 111.354975209338477, 30.674274890074287 ], [ 111.35467364687139, 30.674059062675667 ], [ 111.354418796989933, 30.673830646567239 ], [ 111.353821621071063, 30.673612710258396 ], [ 111.35318275078339, 30.673315175854725 ], [ 111.353047221152451, 30.673252056936974 ], [ 111.35282012704738, 30.673061748700775 ], [ 111.352812850632688, 30.673055740330256 ], [ 111.352676122205366, 30.672942810662335 ], [ 111.352559936991554, 30.672881075801058 ], [ 111.352228427999535, 30.672829468205521 ], [ 111.352018489361853, 30.672801397666547 ], [ 111.351869656959138, 30.67287339918812 ], [ 111.351731918593146, 30.672959687339812 ], [ 111.351633639780687, 30.673045168799604 ], [ 111.351616319737502, 30.673060236041124 ], [ 111.351545786808686, 30.673024753289781 ], [ 111.351455889677709, 30.672979526384211 ], [ 111.351278806871505, 30.672874996384053 ], [ 111.351220308670406, 30.6728646658716 ], [ 111.350985954338341, 30.672823282668446 ], [ 111.350759656133278, 30.672852532218769 ], [ 111.350500314138287, 30.672905735211543 ], [ 111.350104469445796, 30.673146839854837 ], [ 111.349949321104361, 30.673241338816922 ], [ 111.349574479179012, 30.673423725824421 ], [ 111.349298447565445, 30.673443560372164 ], [ 111.349017013724222, 30.673496820022365 ], [ 111.348525760855296, 30.673555415350222 ], [ 111.348084018362897, 30.67356137156014 ], [ 111.347901605274899, 30.673509355672365 ], [ 111.347724456818298, 30.673385727669256 ], [ 111.347397822151947, 30.673152717823712 ], [ 111.347208950132938, 30.672838196125952 ], [ 111.347125300592324, 30.672609307873415 ], [ 111.346820884576175, 30.672281677657281 ], [ 111.346665209232128, 30.672114130362843 ], [ 111.346488149808465, 30.672014366769758 ], [ 111.345969038640362, 30.672001429122702 ], [ 111.345789837031418, 30.671991868430041 ], [ 111.345751633831014, 30.672535129992355 ], [ 111.345933734854157, 30.672407723937397 ], [ 111.346110128779571, 30.67232133865889 ], [ 111.346364581160515, 30.672444760717269 ], [ 111.346394430558689, 30.672685725066344 ], [ 111.346394976447186, 30.672838464123856 ], [ 111.346345889651218, 30.67301042708965 ], [ 111.346528830641205, 30.673210411131606 ], [ 111.346844845213582, 30.673562779898475 ], [ 111.346872625271487, 30.673610437671698 ], [ 111.3468608747296, 30.673619165592129 ], [ 111.346939862184968, 30.673650828922746 ], [ 111.347078433323134, 30.673796040654793 ], [ 111.34734406877385, 30.673957617350254 ], [ 111.347746420960618, 30.674130761125866 ], [ 111.347912080578226, 30.674130317759989 ], [ 111.348184331441814, 30.674210732439519 ], [ 111.348300851203305, 30.674365547132481 ], [ 111.348730781100869, 30.674529069061464 ], [ 111.348940500303911, 30.674495093573796 ], [ 111.349282008857813, 30.674255519576718 ], [ 111.349419837155949, 30.674193099432102 ], [ 111.349648282941928, 30.674376250863361 ], [ 111.349599391299023, 30.674600718948057 ], [ 111.349514453029656, 30.674711972279738 ], [ 111.349557733802556, 30.675359720674749 ], [ 111.350014473389308, 30.675682109641627 ], [ 111.351433838301148, 30.676033401920108 ], [ 111.350423763845811, 30.679536261289456 ], [ 111.349908526057732, 30.68183590780103 ], [ 111.348934884037703, 30.684674162782471 ], [ 111.349054285227282, 30.684637195250502 ], [ 111.350679453693942, 30.683752239873968 ], [ 111.350956541111657, 30.683601356117833 ], [ 111.351027521902665, 30.683562702356937 ], [ 111.351867852919156, 30.68380863186303 ], [ 111.352364157280192, 30.683606816801273 ], [ 111.352419569008021, 30.683594448425083 ], [ 111.352500425254505, 30.683576401729567 ], [ 111.352927008774486, 30.683481188705969 ], [ 111.353192229637671, 30.683518653563169 ], [ 111.353640200834718, 30.683694042046454 ], [ 111.353888769850926, 30.683707683862679 ], [ 111.353977573406382, 30.683670755900835 ], [ 111.354131397945821, 30.683606788922248 ], [ 111.354199704153075, 30.6836187490062 ], [ 111.354319286106318, 30.683639688820733 ], [ 111.354490886645237, 30.683749002314585 ], [ 111.354595001158486, 30.684053844609309 ], [ 111.354778535700916, 30.684406555118471 ], [ 111.355005694557235, 30.684606406960199 ], [ 111.355227003323591, 30.684715583757225 ], [ 111.355370749160898, 30.684758147770367 ], [ 111.355497629112392, 30.684719618116048 ], [ 111.355669163101538, 30.684809838103604 ], [ 111.355979094659631, 30.68499036711188 ], [ 111.356388226835236, 30.685113346703702 ], [ 111.356762435638018, 30.685095515845489 ], [ 111.356813402016883, 30.685093088575229 ], [ 111.356842347596341, 30.6850393891566 ] ] ] ] } },
{ "type": "Feature", "properties": { "SQMC": "灵宝村", "SSJD": "伍家乡" }, "geometry": { "type": "Polygon", "coordinates": [ [ [ 111.451741077089139, 30.663563674923694 ], [ 111.451707723033053, 30.66349949570531 ], [ 111.45167175015132, 30.663433069080952 ], [ 111.451633990316395, 30.663356496305255 ], [ 111.451580003114714, 30.663251405128278 ], [ 111.451523537381433, 30.663174146170093 ], [ 111.451485906149799, 30.663125396619932 ], [ 111.45142162530783, 30.663051547890689 ], [ 111.451369556360078, 30.662984050173918 ], [ 111.451299625977015, 30.662911348979719 ], [ 111.451221828324776, 30.662829650967808 ], [ 111.451072484207771, 30.662701579414431 ], [ 111.451075801806951, 30.662666976200057 ], [ 111.451073882653759, 30.662627877274758 ], [ 111.451059800169787, 30.662592584280446 ], [ 111.451000335197477, 30.662525109046669 ], [ 111.450973698177791, 30.662495077985511 ], [ 111.450923898219457, 30.662441714913314 ], [ 111.450875351016748, 30.662397702991711 ], [ 111.450801114679678, 30.662334042682005 ], [ 111.450740035424417, 30.662292894201812 ], [ 111.450690265143749, 30.662252458883984 ], [ 111.450633425292324, 30.662188735621726 ], [ 111.450584352885755, 30.662110698749871 ], [ 111.45057722306052, 30.662073875109343 ], [ 111.450575740977797, 30.661941530877073 ], [ 111.450571116663866, 30.661882138749775 ], [ 111.450557777019981, 30.66181901803327 ], [ 111.450556449620649, 30.661720511692408 ], [ 111.450563232307388, 30.661682136721311 ], [ 111.450576948767207, 30.661638473736616 ], [ 111.450597923655323, 30.661602206776536 ], [ 111.450657216857167, 30.661549319445726 ], [ 111.450719246695996, 30.661481283034902 ], [ 111.450761903339185, 30.661465998157382 ], [ 111.450805765973428, 30.661459726285443 ], [ 111.450827004362793, 30.661456689274814 ], [ 111.450858478835812, 30.661446890261857 ], [ 111.450901033855757, 30.66140919877563 ], [ 111.450946996406856, 30.661350908317843 ], [ 111.450956995968738, 30.661327453998808 ], [ 111.45096432004749, 30.661310276048368 ], [ 111.450968359802005, 30.661275141334784 ], [ 111.450964770607811, 30.661256383275656 ], [ 111.450957682151397, 30.661238238554006 ], [ 111.450921077046132, 30.661199612672135 ], [ 111.450864168846408, 30.661162869071291 ], [ 111.450823411571321, 30.661134551218709 ], [ 111.4507489611957, 30.661091210191387 ], [ 111.450673170830214, 30.661061194418778 ], [ 111.450620566785915, 30.661046236894492 ], [ 111.450586175811566, 30.661031219115614 ], [ 111.45057349806865, 30.661016729238781 ], [ 111.450562895061637, 30.660995572687625 ], [ 111.450559977660873, 30.660970754097207 ], [ 111.450552572643119, 30.660884188054865 ], [ 111.450542369834579, 30.660798840594055 ], [ 111.450541546954867, 30.660772199077883 ], [ 111.450547022926912, 30.660744323691574 ], [ 111.450549736181415, 30.660724937905627 ], [ 111.45054325476741, 30.660687417290603 ], [ 111.450531456561635, 30.660559688379067 ], [ 111.450527627248221, 30.660488852378705 ], [ 111.450515526870106, 30.660447111245276 ], [ 111.450503454371017, 30.660411427045858 ], [ 111.450480125957142, 30.660365486078376 ], [ 111.450459710447319, 30.660343149616835 ], [ 111.450431631814411, 30.660330533027832 ], [ 111.450417355076922, 30.660327020275929 ], [ 111.450401494633297, 30.660327002289421 ], [ 111.450367208879698, 30.660334993665174 ], [ 111.450333674059948, 30.66035388122674 ], [ 111.450298111268864, 30.660388520414074 ], [ 111.450277274876328, 30.660426740701666 ], [ 111.450240559154679, 30.660515277158368 ], [ 111.450181608594505, 30.660642646341159 ], [ 111.450179033835411, 30.660691704358726 ], [ 111.450165185175251, 30.660726268002918 ], [ 111.450104652707694, 30.660814886297999 ], [ 111.45003641394942, 30.660902927228278 ], [ 111.449968277713879, 30.660966959857433 ], [ 111.44996527577689, 30.660969782829341 ], [ 111.449893305731507, 30.661008784627768 ], [ 111.449847818921796, 30.661018026061186 ], [ 111.449772318138059, 30.661050380071117 ], [ 111.449635915265389, 30.661091424229937 ], [ 111.449542139358357, 30.661109913391954 ], [ 111.449412579427076, 30.661115811145919 ], [ 111.44931311620752, 30.661116152888155 ], [ 111.449255090150302, 30.661105745933583 ], [ 111.449217071310841, 30.661098923676548 ], [ 111.449135769000577, 30.661088909725436 ], [ 111.449071223758153, 30.661066727047853 ], [ 111.448971996160822, 30.660966549766442 ], [ 111.448894498881998, 30.660869930203262 ], [ 111.448877552956787, 30.660849796181196 ], [ 111.448814204711937, 30.660774530120591 ], [ 111.448747973240415, 30.660689981257747 ], [ 111.448688106271277, 30.660619338611696 ], [ 111.448662087985099, 30.660597022834395 ], [ 111.448608730308763, 30.660570562981263 ], [ 111.448559461849754, 30.660524702053408 ], [ 111.448551045094632, 30.660516868059119 ], [ 111.448477244029675, 30.660462622751879 ], [ 111.448397852778726, 30.660410213860416 ], [ 111.448340979652642, 30.660381342924723 ], [ 111.448287005041379, 30.660372445931728 ], [ 111.448218250072159, 30.660349066256458 ], [ 111.448167798105487, 30.660345003119403 ], [ 111.448082383195469, 30.660353774207465 ], [ 111.44803063170832, 30.660371512435404 ], [ 111.447967674668519, 30.660390499821858 ], [ 111.447857739743029, 30.660398750202319 ], [ 111.447754208889819, 30.660428172422314 ], [ 111.447673743848213, 30.660447826206337 ], [ 111.447613546827881, 30.66045711620302 ], [ 111.44750096879477, 30.660499890657604 ], [ 111.447400176377187, 30.660515981327535 ], [ 111.447272087736849, 30.660537011074382 ], [ 111.447134195586727, 30.660558679339772 ], [ 111.447063517867207, 30.660574058645977 ], [ 111.446903993424655, 30.66061336081799 ], [ 111.446780136993766, 30.660641035655317 ], [ 111.446647809848628, 30.660654205327432 ], [ 111.446599534241273, 30.660666482871932 ], [ 111.446530291839622, 30.660689125103147 ], [ 111.446356718188156, 30.660719997929732 ], [ 111.446279087809785, 30.660746905645283 ], [ 111.446186722039783, 30.660767812184872 ], [ 111.446080971659626, 30.66077180787272 ], [ 111.445989196744108, 30.66076909371867 ], [ 111.445890381036349, 30.66075792683688 ], [ 111.445799266223219, 30.66074612683235 ], [ 111.445649941891475, 30.66071938908857 ], [ 111.445615808123137, 30.660710978628856 ], [ 111.445565091755668, 30.660698486146259 ], [ 111.445523044852621, 30.660694390633751 ], [ 111.445484463936907, 30.660682410764707 ], [ 111.445418510356035, 30.660658415053888 ], [ 111.445356735025371, 30.660628954163087 ], [ 111.445285791106357, 30.660586203990249 ], [ 111.445226023961879, 30.660536146825791 ], [ 111.445192845273652, 30.66047994459376 ], [ 111.445121041602931, 30.660402074995886 ], [ 111.445068756817875, 30.660303549769139 ], [ 111.445010898034695, 30.660211705605775 ], [ 111.444965633357356, 30.66011618321545 ], [ 111.444920439726673, 30.660037012298289 ], [ 111.444882998251842, 30.659967501898734 ], [ 111.444862530581418, 30.659933662208743 ], [ 111.444851804367374, 30.659885254401047 ], [ 111.444830564179313, 30.659835672977977 ], [ 111.444793703666619, 30.65974012180925 ], [ 111.444792632574035, 30.659702146137192 ], [ 111.444791192759396, 30.659651115007136 ], [ 111.444775563441624, 30.659602724286344 ], [ 111.444754396997951, 30.659569490739443 ], [ 111.444746588184614, 30.659546506765935 ], [ 111.44475526484365, 30.659452619342972 ], [ 111.444759311792893, 30.659418695116869 ], [ 111.444791264705202, 30.659359847079315 ], [ 111.444802490942209, 30.659332451031901 ], [ 111.44482728884833, 30.659271918564343 ], [ 111.444864826550543, 30.65920942107806 ], [ 111.444869655910054, 30.659193055215439 ], [ 111.444904948904366, 30.659099075162374 ], [ 111.444961274343427, 30.659008657323795 ], [ 111.445027307064549, 30.658897616232082 ], [ 111.445077313866989, 30.65880419195986 ], [ 111.44512877397392, 30.658722267318922 ], [ 111.445210880277898, 30.658602691660917 ], [ 111.445333474960023, 30.658452703629507 ], [ 111.445384976435662, 30.658380469183385 ], [ 111.445486803073607, 30.658284444071967 ], [ 111.445584357032487, 30.658173295061601 ], [ 111.445683953351761, 30.658048818098621 ], [ 111.445705596436255, 30.658033606965489 ], [ 111.445748209012834, 30.658008631892983 ], [ 111.445802753794169, 30.657989068041104 ], [ 111.445841796961417, 30.657948969069707 ], [ 111.44591372294002, 30.657901489362416 ], [ 111.446056194437915, 30.657809565159425 ], [ 111.446143529400445, 30.657761428047479 ], [ 111.446182700271436, 30.657749788122374 ], [ 111.446241405316698, 30.657720519686336 ], [ 111.446338479037706, 30.657657817154643 ], [ 111.446437051029136, 30.657616301751091 ], [ 111.446525233153181, 30.657600256047147 ], [ 111.446691785797384, 30.657566984728646 ], [ 111.446766702021876, 30.65756006714355 ], [ 111.446924882877113, 30.657534092024775 ], [ 111.447052220583544, 30.657502772235205 ], [ 111.447154432131413, 30.657490915573419 ], [ 111.447250350223555, 30.657481505067437 ], [ 111.447296551095121, 30.657475894197262 ], [ 111.447412017750537, 30.657452486643137 ], [ 111.447567377432676, 30.657422282012874 ], [ 111.447649930699811, 30.657400804403665 ], [ 111.447714243917289, 30.657373334611691 ], [ 111.447763781273579, 30.657330775994637 ], [ 111.447821683224163, 30.657279710690148 ], [ 111.447845318306861, 30.657240874367005 ], [ 111.447892458969989, 30.657134135631964 ], [ 111.447903859675421, 30.657023887742412 ], [ 111.447895292733619, 30.656988796196003 ], [ 111.447885371412951, 30.656963396643505 ], [ 111.447843807445736, 30.656912067837766 ], [ 111.447817753186939, 30.65688188119401 ], [ 111.447807348930098, 30.656871430172487 ], [ 111.447715853703755, 30.656823992733223 ], [ 111.447627691364971, 30.656761464669955 ], [ 111.447576144923232, 30.656739196556771 ], [ 111.447501699943587, 30.656695853730696 ], [ 111.447434949563444, 30.656650667294628 ], [ 111.447384967042751, 30.656595734005919 ], [ 111.447336459410167, 30.656556540651934 ], [ 111.447276019572655, 30.656513148363274 ], [ 111.447238733680592, 30.656477549599344 ], [ 111.447192834981365, 30.656397169094248 ], [ 111.447171599289959, 30.656348192914834 ], [ 111.447155272098257, 30.656301017178293 ], [ 111.447134048097951, 30.656255068117048 ], [ 111.447113460817604, 30.656195190355788 ], [ 111.447088042379391, 30.656151071414911 ], [ 111.447062053770821, 30.656135416916072 ], [ 111.447005249892413, 30.656120472881639 ], [ 111.446979354813436, 30.65612480221796 ], [ 111.446915723282075, 30.656148635151453 ], [ 111.446857814136877, 30.656197882926051 ], [ 111.446766355782756, 30.656262990244841 ], [ 111.446682639692142, 30.656336549392279 ], [ 111.44656201902211, 30.656457465939411 ], [ 111.446518853362591, 30.656513929874109 ], [ 111.446475538415427, 30.656538300602108 ], [ 111.446405051352087, 30.656594857167079 ], [ 111.446269770833396, 30.656726722960002 ], [ 111.446173571253382, 30.656826967690392 ], [ 111.446146312802227, 30.656839777633763 ], [ 111.44606471281628, 30.656916356704642 ], [ 111.446026470045695, 30.65697825434313 ], [ 111.445951195891155, 30.657059651981456 ], [ 111.445847975303877, 30.657156893875651 ], [ 111.445776773279533, 30.6572098207767 ], [ 111.445753018587084, 30.657223223373251 ], [ 111.445723708782168, 30.657246940294101 ], [ 111.445701516212125, 30.657294854374129 ], [ 111.445687663954629, 30.657329418018321 ], [ 111.445660551193498, 30.657374321168163 ], [ 111.445562910000433, 30.657466093385551 ], [ 111.445463249829288, 30.657576037304409 ], [ 111.445415095630267, 30.657614957264627 ], [ 111.445338401446122, 30.657692122693334 ], [ 111.445267301944511, 30.657768058749014 ], [ 111.44523941486716, 30.657796614921892 ], [ 111.445217160243772, 30.657831207344316 ], [ 111.445192793113051, 30.657863990330952 ], [ 111.445109093210249, 30.657941180940782 ], [ 111.445052077991022, 30.658033419007211 ], [ 111.445017374052668, 30.658103174022301 ], [ 111.44497279825606, 30.658158431966115 ], [ 111.444926179199911, 30.658226410820305 ], [ 111.4448551696305, 30.65832233071103 ], [ 111.444814937559499, 30.658408455186191 ], [ 111.444803975723062, 30.658461781386222 ], [ 111.444787357150915, 30.65850422489018 ], [ 111.44471842411599, 30.658594081551712 ], [ 111.44464745861336, 30.658699688040201 ], [ 111.444632429143439, 30.658716193297835 ], [ 111.444612610783508, 30.658737955991853 ], [ 111.44456387562235, 30.658802916721299 ], [ 111.444491295836826, 30.658861296211853 ], [ 111.44441237223333, 30.65891122117597 ], [ 111.444395039599499, 30.658920720714718 ], [ 111.444363462603917, 30.658938031764876 ], [ 111.444329190339943, 30.658949049359194 ], [ 111.444280161100608, 30.658949213935102 ], [ 111.444244399559523, 30.658941463577776 ], [ 111.444217693292103, 30.658921574171359 ], [ 111.444183217781472, 30.658887780346959 ], [ 111.444168368175838, 30.658856947989818 ], [ 111.444161953311664, 30.658832747233589 ], [ 111.444171537386694, 30.658784271077309 ], [ 111.444222224076555, 30.658686605602497 ], [ 111.444285961727815, 30.658531974371158 ], [ 111.444300555026643, 30.658506492081074 ], [ 111.444306762147505, 30.658485277073908 ], [ 111.444328771255982, 30.658396186634889 ], [ 111.444363550737307, 30.658343384739567 ], [ 111.444426967330742, 30.658272320311482 ], [ 111.444530042227768, 30.658142987908718 ], [ 111.444639517599853, 30.658034222101719 ], [ 111.444679283821984, 30.65799896418082 ], [ 111.444763635733239, 30.657911477233029 ], [ 111.44486969278222, 30.657821493767017 ], [ 111.444931753197864, 30.657760123131311 ], [ 111.444962465045876, 30.657736400814429 ], [ 111.445004639652439, 30.65767762472268 ], [ 111.445026495876107, 30.657647167382947 ], [ 111.445090515015238, 30.65755429889191 ], [ 111.445130955729155, 30.657514197222554 ], [ 111.445257975075663, 30.657413241128211 ], [ 111.445316609973645, 30.6573688353036 ], [ 111.445382023961315, 30.657275359770153 ], [ 111.445460845941341, 30.657203635239625 ], [ 111.445532608243411, 30.657119823820892 ], [ 111.445621472053404, 30.657023238431748 ], [ 111.445658035789791, 30.656977394591195 ], [ 111.445676774963204, 30.656939785842553 ], [ 111.445719234654973, 30.656881507975243 ], [ 111.445812719181788, 30.65679944124139 ], [ 111.445941740419016, 30.656677283629904 ], [ 111.446026824378635, 30.656596456161594 ], [ 111.446055337384109, 30.656551547615948 ], [ 111.446071342618382, 30.656529087047772 ], [ 111.4461117455607, 30.65648050567097 ], [ 111.446144561822052, 30.656457986646842 ], [ 111.446220713715036, 30.656414732853762 ], [ 111.446319112137417, 30.656335676150718 ], [ 111.4463868059064, 30.65628154865459 ], [ 111.446439859611871, 30.656242613405993 ], [ 111.446568960888897, 30.656138016856062 ], [ 111.446760180138199, 30.655985368629899 ], [ 111.446804173174087, 30.655956152354634 ], [ 111.446855168331524, 30.655926305654589 ], [ 111.446895064955299, 30.655920415994501 ], [ 111.446936388803294, 30.655920273901586 ], [ 111.446972851815815, 30.655928929876325 ], [ 111.447017707301541, 30.655934830328192 ], [ 111.447042571757265, 30.655934744892704 ], [ 111.447095209076679, 30.655881276599814 ], [ 111.447174447442933, 30.655824386386371 ], [ 111.447234825227156, 30.655778458908912 ], [ 111.447288254849127, 30.655745577896141 ], [ 111.447376085338135, 30.655652928839743 ], [ 111.447453522362196, 30.65558544910931 ], [ 111.447572073692413, 30.655472107551816 ], [ 111.447655806870102, 30.655403090879986 ], [ 111.44771505240783, 30.655339303765913 ], [ 111.447787617804352, 30.655279105846205 ], [ 111.447869837423241, 30.655184963915133 ], [ 111.447985547794985, 30.655063457412666 ], [ 111.448098490053383, 30.654948621182029 ], [ 111.448224674829078, 30.654819810386073 ], [ 111.448311722907874, 30.654710511281166 ], [ 111.448378520052756, 30.654614001434993 ], [ 111.448437028146429, 30.654542951396252 ], [ 111.44864173902522, 30.654279438345441 ], [ 111.448746163804458, 30.654141015595542 ], [ 111.448817831677673, 30.654038429929699 ], [ 111.448901940772146, 30.653898865040617 ], [ 111.448976362369365, 30.653785373296444 ], [ 111.449087621096965, 30.653609984812988 ], [ 111.449168269600079, 30.653480120910956 ], [ 111.449219021940394, 30.653398197169224 ], [ 111.449231447873217, 30.653358794273004 ], [ 111.449241056229823, 30.653315766209744 ], [ 111.449277815119274, 30.653236919947972 ], [ 111.449294454375604, 30.653199922738395 ], [ 111.449297798055113, 30.653166002109401 ], [ 111.449298761228988, 30.653070926682062 ], [ 111.449285917111581, 30.652867508129134 ], [ 111.449271560334296, 30.652791865252425 ], [ 111.449253116138436, 30.652741668693182 ], [ 111.44924499975707, 30.652652076432275 ], [ 111.449234358978686, 30.652471052796898 ], [ 111.449239514791884, 30.652280103344197 ], [ 111.449242735264136, 30.652160986340505 ], [ 111.449250063839372, 30.652079816230582 ], [ 111.449250762612678, 30.651927821811569 ], [ 111.449249083578536, 30.651867274954952 ], [ 111.449236273635222, 30.6518231128465 ], [ 111.44921509010436, 30.651786247837151 ], [ 111.449193818440108, 30.651730005135619 ], [ 111.449173264434705, 30.651677393896705 ], [ 111.449159760214911, 30.651634446772448 ], [ 111.449148789385163, 30.65153396372159 ], [ 111.449147604078746, 30.651421395580996 ], [ 111.449146298263202, 30.651297203703052 ], [ 111.449155547790383, 30.651176669367828 ], [ 111.449167244372916, 30.651131213135102 ], [ 111.449169100573613, 30.651077918411261 ], [ 111.449182422231161, 30.650928907942784 ], [ 111.449181951885635, 30.650827178431598 ], [ 111.449165761390816, 30.6506576796084 ], [ 111.449149954007339, 30.650571142344461 ], [ 111.449143443814933, 30.650526353408566 ], [ 111.449132939733431, 30.650375003803504 ], [ 111.449133305757641, 30.650150344163137 ], [ 111.449123341269171, 30.649963870636213 ], [ 111.449111272367418, 30.649776800858717 ], [ 111.449107220022256, 30.64965752107787 ], [ 111.449098536168606, 30.64959699580487 ], [ 111.449088636431611, 30.649576440900091 ], [ 111.449080091972746, 30.649546194001744 ], [ 111.449079866242926, 30.649497144977374 ], [ 111.449073392023536, 30.649460231404703 ], [ 111.449055056645705, 30.649433042201281 ], [ 111.449023307879429, 30.64938289240655 ], [ 111.448994394675708, 30.649339999241647 ], [ 111.448928297203281, 30.649283303281891 ], [ 111.448860073733613, 30.649221167323105 ], [ 111.448750358242478, 30.649122237401457 ], [ 111.448679238955833, 30.649039523155523 ], [ 111.448584990904692, 30.648953252091076 ], [ 111.448484419720273, 30.648862766803347 ], [ 111.448362103828117, 30.648765089637266 ], [ 111.448308663414252, 30.648719252091951 ], [ 111.448274900166552, 30.648687879242402 ], [ 111.448255151953902, 30.64865767101486 ], [ 111.448235290426339, 30.648603240447244 ], [ 111.448213903648877, 30.648521564918326 ], [ 111.448214034949899, 30.648398033142769 ], [ 111.44821578503047, 30.648321728365147 ], [ 111.448197785999071, 30.648215212662024 ], [ 111.448172654444647, 30.648080868337559 ], [ 111.448160570254288, 30.648042156120653 ], [ 111.448129554435582, 30.647998664007275 ], [ 111.448100374133105, 30.647897636866503 ], [ 111.448079570116136, 30.647790526711617 ], [ 111.448051326007885, 30.647740968670917 ], [ 111.448039876739017, 30.647687721611192 ], [ 111.448030452743183, 30.647618720227911 ], [ 111.448017729135074, 30.647593330567929 ], [ 111.448014111162479, 30.647567912129546 ], [ 111.448058188734478, 30.647405472984246 ], [ 111.448068565112294, 30.647367317447902 ], [ 111.448096757059886, 30.647263642703024 ], [ 111.448097877615112, 30.647203084155137 ], [ 111.448091577864147, 30.64705111401787 ], [ 111.448071704645542, 30.646994259777443 ], [ 111.448058096104376, 30.646928304397818 ], [ 111.448035881950489, 30.646819382108845 ], [ 111.448043064835701, 30.646706119691828 ], [ 111.448067880728161, 30.64661944213367 ], [ 111.448127540853363, 30.646495100068876 ], [ 111.448184518300991, 30.646396804169285 ], [ 111.448316913794713, 30.64625041162725 ], [ 111.448387248872564, 30.646163576687854 ], [ 111.448477929313128, 30.646060384878979 ], [ 111.448493017239059, 30.646014247859284 ], [ 111.448529670008384, 30.645912995888182 ], [ 111.448531542396893, 30.645863336224068 ], [ 111.448549313899889, 30.645768203240095 ], [ 111.448570784314313, 30.645715447210137 ], [ 111.448594910426834, 30.645631797669353 ], [ 111.448634214397543, 30.645497837355379 ], [ 111.448671252975998, 30.645328762112683 ], [ 111.448684332715914, 30.645279061979295 ], [ 111.448683358750145, 30.645219722012712 ], [ 111.448670046085738, 30.645066563870898 ], [ 111.448658255074577, 30.644939440203075 ], [ 111.448663651906145, 30.644894611696998 ], [ 111.448678774905716, 30.644832794098306 ], [ 111.448723753598472, 30.644714556631584 ], [ 111.448776592366016, 30.644630204720329 ], [ 111.448840501787913, 30.644516747150249 ], [ 111.448884234020341, 30.644432424017225 ], [ 111.448895979166196, 30.644397263223311 ], [ 111.448905379779603, 30.644309426439065 ], [ 111.44892279605034, 30.644137390628202 ], [ 111.44894760834552, 30.644050106927068 ], [ 111.448984330362748, 30.643964597588251 ], [ 111.448990050050952, 30.643953422612469 ], [ 111.449019728577753, 30.643895444219538 ], [ 111.449062163987833, 30.643832926948164 ], [ 111.449128995306978, 30.643746103699868 ], [ 111.449201459080257, 30.643665314902478 ], [ 111.449226544769317, 30.643644259075359 ], [ 111.449295639682077, 30.643586268991157 ], [ 111.449315859139631, 30.643566217706791 ], [ 111.449326225624873, 30.643536508603177 ], [ 111.44933302899608, 30.643492886087984 ], [ 111.449350160181837, 30.643411079258044 ], [ 111.449358917779819, 30.643335961585422 ], [ 111.449355466181885, 30.64319488043941 ], [ 111.44933969656978, 30.643116213142889 ], [ 111.449309149297903, 30.643022458819473 ], [ 111.449282252374246, 30.642960786011656 ], [ 111.449238532732295, 30.642896145440886 ], [ 111.449168077145146, 30.642804949688752 ], [ 111.44912501220972, 30.642730010082062 ], [ 111.449065897073638, 30.642667841747596 ], [ 111.448994044839424, 30.642577258433732 ], [ 111.448926464384954, 30.642501191077258 ], [ 111.448858052057631, 30.642397274414805 ], [ 111.448834058145337, 30.642351597848062 ], [ 111.448829790862249, 30.642343476970041 ], [ 111.448812058030171, 30.642294489099584 ], [ 111.44878773766402, 30.642184364417062 ], [ 111.448773310739796, 30.642092975310618 ], [ 111.448750572281256, 30.642021598817848 ], [ 111.44872309979138, 30.641987177266515 ], [ 111.448712380771894, 30.641941192232252 ], [ 111.448689763721802, 30.641895853810695 ], [ 111.448656565248314, 30.641834202586494 ], [ 111.448606571935898, 30.641775636936245 ], [ 111.448562960212598, 30.641734003721467 ], [ 111.448523655342512, 30.641715368869257 ], [ 111.448433243799343, 30.641700539948033 ], [ 111.448308550998888, 30.641693097158736 ], [ 111.448226567002621, 30.641683085905754 ], [ 111.448131926846997, 30.641662216238331 ], [ 111.448049169433602, 30.641636462352892 ], [ 111.447981794024713, 30.64160520461661 ], [ 111.447952969853759, 30.641581082101425 ], [ 111.447916496948892, 30.64156909683652 ], [ 111.447847788744582, 30.641552378439542 ], [ 111.447754409438517, 30.641501226800358 ], [ 111.447652619672738, 30.641448289107359 ], [ 111.447574726692324, 30.641414647268221 ], [ 111.447538166553272, 30.641383284311189 ], [ 111.447491757038961, 30.641342265333435 ], [ 111.447423532670086, 30.641278310945324 ], [ 111.447336406350189, 30.641216240637164 ], [ 111.447155887234487, 30.641099383629694 ], [ 111.447076430333141, 30.641030018920333 ], [ 111.44700458889065, 30.640940644295483 ], [ 111.44701455068116, 30.640822528237209 ], [ 111.447025372223209, 30.640738924561788 ], [ 111.447028650252093, 30.640689864745468 ], [ 111.447050156639534, 30.640645584826018 ], [ 111.447075922216015, 30.640614009628962 ], [ 111.447129448065766, 30.64052662520362 ], [ 111.44715797366166, 30.64048595696147 ], [ 111.447175398925594, 30.64046773220025 ], [ 111.447238900055254, 30.640418462841865 ], [ 111.447334523169843, 30.640348497385332 ], [ 111.447359680804766, 30.640336905124116 ], [ 111.447456822874244, 30.640292367099107 ], [ 111.447503549849102, 30.640250425416809 ], [ 111.447550239052362, 30.640199396984656 ], [ 111.447630258929451, 30.640087095942818 ], [ 111.447739013045066, 30.639979542422054 ], [ 111.447824733724474, 30.639888415018447 ], [ 111.447935632723443, 30.639789933858538 ], [ 111.448077929752742, 30.639666518994773 ], [ 111.44813871133266, 30.639634822389269 ], [ 111.448259048716295, 30.63960958111744 ], [ 111.448349203053453, 30.639569304080226 ], [ 111.448504407152768, 30.639511244748178 ], [ 111.448594653220823, 30.639490948848277 ], [ 111.44865047863675, 30.639487282312359 ], [ 111.44868216714849, 30.639485198583088 ], [ 111.448750024594005, 30.639469824672801 ], [ 111.448783588192157, 30.639458205431936 ], [ 111.448851257679564, 30.63940165606175 ], [ 111.44891963673183, 30.639346920624064 ], [ 111.448969773935914, 30.639284984314656 ], [ 111.448998222190369, 30.639227963699739 ], [ 111.449015535039109, 30.639185516598445 ], [ 111.449021691797782, 30.639154007051843 ], [ 111.449006834997533, 30.639121358064301 ], [ 111.448972301030892, 30.639073639137223 ], [ 111.448927158661604, 30.639003552272186 ], [ 111.448919296788119, 30.638969063271702 ], [ 111.448896722006282, 30.638933412347228 ], [ 111.448867231437703, 30.638916558152744 ], [ 111.448830070551423, 30.638906998359403 ], [ 111.448769835759322, 30.638905387673617 ], [ 111.448720805620837, 30.638903133972576 ], [ 111.448683598869195, 30.638883885782832 ], [ 111.448650487629891, 30.638841005208349 ], [ 111.44861911208244, 30.638794085778613 ], [ 111.448611702568201, 30.638783006131007 ], [ 111.448592616256292, 30.638743712052815 ], [ 111.44858834987258, 30.63872979774203 ], [ 111.448571483986996, 30.638717138884942 ], [ 111.448544105026542, 30.638702702967407 ], [ 111.448503715574077, 30.638675443616933 ], [ 111.448501253230347, 30.638673781669695 ], [ 111.448462120130898, 30.638621305329082 ], [ 111.448457564165324, 30.638615194435829 ], [ 111.448435602720963, 30.638560165819115 ], [ 111.448434764552815, 30.638530497184831 ], [ 111.448446533980416, 30.638500783584334 ], [ 111.448467206696364, 30.638473494556251 ], [ 111.448498042650613, 30.638432785844486 ], [ 111.448543334307601, 30.638382975993636 ], [ 111.448555143305327, 30.63836174030223 ], [ 111.448549461388666, 30.638344806068119 ], [ 111.448532555932786, 30.638323669301997 ], [ 111.448500965447181, 30.638306822302127 ], [ 111.448487558354145, 30.638285067701872 ], [ 111.448477526416752, 30.638235449406579 ], [ 111.44847050181238, 30.638078636420005 ], [ 111.448459546271181, 30.637980575243432 ], [ 111.448433074726779, 30.637858951829287 ], [ 111.448424556348243, 30.637837880713789 ], [ 111.448384906138529, 30.637739824033702 ], [ 111.448349496232424, 30.637653956764836 ], [ 111.448284484241583, 30.637526412214243 ], [ 111.448233617687436, 30.637430305264502 ], [ 111.448139020699443, 30.637265314742649 ], [ 111.448103751087274, 30.637210331092092 ], [ 111.448013534697054, 30.637084083363902 ], [ 111.447987337445738, 30.637021801714923 ], [ 111.447975254154755, 30.636983087699491 ], [ 111.44795548435826, 30.636948033025476 ], [ 111.447897691225478, 30.636867695687783 ], [ 111.447817980715286, 30.636742013633182 ], [ 111.447801772234186, 30.63671966637969 ], [ 111.447721248736798, 30.636569765582294 ], [ 111.447649403697199, 30.636479181369282 ], [ 111.447559899569853, 30.636355957161754 ], [ 111.447509852297969, 30.636284674198407 ], [ 111.447467340445598, 30.636177031644877 ], [ 111.447431227269306, 30.636089958384957 ], [ 111.447403749383568, 30.636053720203108 ], [ 111.447352264095912, 30.635974569071209 ], [ 111.447288155923786, 30.635891224400666 ], [ 111.447229694594853, 30.635818155383674 ], [ 111.447166254619106, 30.635727538794981 ], [ 111.447109195333269, 30.635653859138472 ], [ 111.447044318240785, 30.635555981423465 ], [ 111.446986549389919, 30.635480486934966 ], [ 111.446952828410303, 30.635456985851363 ], [ 111.446921235226966, 30.63543953270846 ], [ 111.44686708075119, 30.635388853213158 ], [ 111.446777857212453, 30.635326183056975 ], [ 111.446716065694034, 30.635290061786918 ], [ 111.446593173336396, 30.635204940955305 ], [ 111.44656643019664, 30.635186419417778 ], [ 111.446520715858526, 30.635143582910075 ], [ 111.446475047385604, 30.635110433899456 ], [ 111.446444825668209, 30.635086921124582 ], [ 111.446421612367601, 30.635063991110428 ], [ 111.446413944747803, 30.635043597184449 ], [ 111.446403002696456, 30.634976852199941 ], [ 111.446403113313067, 30.634978147223762 ], [ 111.446403219433137, 30.634979437750928 ], [ 111.44641426490648, 30.635113379179188 ], [ 111.44640897779226, 30.635124945360076 ], [ 111.446372952749755, 30.635203722374001 ], [ 111.446352380757844, 30.635266934821345 ], [ 111.446290287067086, 30.635375390362071 ], [ 111.446134476824682, 30.635520248660612 ], [ 111.446093125097661, 30.635601574353245 ], [ 111.446073086403942, 30.635782046704264 ], [ 111.446032473919729, 30.636025735998999 ], [ 111.446001833118203, 30.636153124966768 ], [ 111.44575144567284, 30.636162002174729 ], [ 111.445515605660773, 30.636249231916565 ], [ 111.445472307800912, 30.636318997723549 ], [ 111.445429100772571, 30.636388610645952 ], [ 111.445252303950781, 30.636506479390562 ], [ 111.444886716049098, 30.636783403131574 ], [ 111.444566746258374, 30.636911533140903 ], [ 111.444336145696582, 30.636906497836662 ], [ 111.444272774069361, 30.636735327173767 ], [ 111.444390598747191, 30.636444553873218 ], [ 111.444109167604097, 30.636505173575017 ], [ 111.442896803244992, 30.636948435022305 ], [ 111.442216333017427, 30.637829007103164 ], [ 111.441998051369012, 30.638383431050613 ], [ 111.442409736720094, 30.638847147577849 ], [ 111.442208075442352, 30.638791282591797 ], [ 111.441079664594952, 30.63874030811877 ], [ 111.438552090306757, 30.63575615342387 ], [ 111.438221722554601, 30.635635316916478 ], [ 111.438045404172101, 30.635566332620328 ], [ 111.437948429376604, 30.635509876779452 ], [ 111.437837592430981, 30.635374143901743 ], [ 111.437805099026207, 30.635206567828902 ], [ 111.437788754747373, 30.635040321853467 ], [ 111.437764533306677, 30.634986022586872 ], [ 111.437683669865578, 30.634896426728858 ], [ 111.437462145261975, 30.634839189377146 ], [ 111.437333743657405, 30.634683225350727 ], [ 111.437305581387591, 30.634301366015279 ], [ 111.436820333291791, 30.63376574958977 ], [ 111.436404818627523, 30.633482900215768 ], [ 111.436162419859841, 30.633309958787663 ], [ 111.435944308183366, 30.63334435605725 ], [ 111.435693867677855, 30.633429568619761 ], [ 111.435345571940729, 30.633568895188546 ], [ 111.435002022825188, 30.633672458417266 ], [ 111.434895776019346, 30.63370119985052 ], [ 111.434579800117717, 30.633803681194991 ], [ 111.434303189340767, 30.633861108303563 ], [ 111.434147636304544, 30.633884496971973 ], [ 111.434055846999854, 30.633916773640294 ], [ 111.433925253747532, 30.63393351901675 ], [ 111.433825503644243, 30.633955511038096 ], [ 111.433714869945447, 30.633999198304537 ], [ 111.433404200943244, 30.633704286323791 ], [ 111.43315218662417, 30.633490057919914 ], [ 111.432775383277431, 30.633195369870464 ], [ 111.43251892271013, 30.633003982447974 ], [ 111.432479393009714, 30.632946434830274 ], [ 111.432528172237483, 30.632880878749688 ], [ 111.429862223762711, 30.632989410732762 ], [ 111.428207601599524, 30.633045451986163 ], [ 111.427282565238272, 30.63356399118527 ], [ 111.426667710446623, 30.634329711746886 ], [ 111.425612098819386, 30.635287794596081 ], [ 111.42450764411268, 30.635176847933337 ], [ 111.423668473221653, 30.63514140025552 ], [ 111.42323187485124, 30.636288373109949 ], [ 111.422303961558725, 30.636157739388352 ], [ 111.422100775930232, 30.635127401408624 ], [ 111.422009724968973, 30.634497642152496 ], [ 111.421829204954008, 30.633600878677612 ], [ 111.42111954363213, 30.632877659176813 ], [ 111.419614249398137, 30.631966080270388 ], [ 111.417686873650439, 30.630444876130184 ], [ 111.416557052665951, 30.629551146968026 ], [ 111.413350659305536, 30.628358539814883 ], [ 111.410970909280024, 30.628279281663538 ], [ 111.41048905612513, 30.62826322786583 ], [ 111.410654580844209, 30.628528100691369 ], [ 111.410193008300837, 30.629377167722225 ], [ 111.410157104666837, 30.629443211235298 ], [ 111.41012979405491, 30.629493447364894 ], [ 111.410048224645891, 30.62964349205356 ], [ 111.410063233431572, 30.629656427901864 ], [ 111.410045441244165, 30.632512085664359 ], [ 111.409767914058023, 30.634549324391969 ], [ 111.409767022829953, 30.634555867859035 ], [ 111.408137023205256, 30.635477434636073 ], [ 111.407878877308406, 30.637101112026869 ], [ 111.406179387968393, 30.637259168775699 ], [ 111.405633811551297, 30.637979532029874 ], [ 111.405506362328936, 30.638147812271882 ], [ 111.406877546062049, 30.638678122697343 ], [ 111.407031534278019, 30.638918156248053 ], [ 111.407191392369043, 30.639167338601908 ], [ 111.407366502961906, 30.639440293634721 ], [ 111.407414499779463, 30.640356586787163 ], [ 111.407678568611118, 30.641375286640198 ], [ 111.407687650864489, 30.641390846710237 ], [ 111.407732225761663, 30.641464932860401 ], [ 111.407774269067431, 30.641574983798535 ], [ 111.407836458086138, 30.641691928939395 ], [ 111.40792438660128, 30.641869101677742 ], [ 111.407967721333364, 30.641967549562821 ], [ 111.408039486333337, 30.642128536303005 ], [ 111.408084048640092, 30.642200304000937 ], [ 111.408127439130055, 30.642311507869977 ], [ 111.408191128218164, 30.642465561736344 ], [ 111.408253275868049, 30.642572070245023 ], [ 111.408308566187372, 30.642642643643171 ], [ 111.408376209594508, 30.642780447659561 ], [ 111.408496493918165, 30.642995793021555 ], [ 111.408551832800981, 30.643077964976101 ], [ 111.408620763137833, 30.643201846588113 ], [ 111.408672234935807, 30.643321145254674 ], [ 111.408756028368089, 30.643471655792439 ], [ 111.408845100820827, 30.643601275078936 ], [ 111.408935551034915, 30.643739007149634 ], [ 111.40900987460617, 30.643869828829565 ], [ 111.409185247801076, 30.644107037609785 ], [ 111.409286478188562, 30.644256334062675 ], [ 111.409398443783175, 30.644406755567445 ], [ 111.409622219389973, 30.644670486253972 ], [ 111.409759787784139, 30.644848662635752 ], [ 111.409855504427981, 30.644962021280321 ], [ 111.409947100378361, 30.645053357326617 ], [ 111.410146359566909, 30.645227860877242 ], [ 111.410263605980731, 30.645357386634146 ], [ 111.410359218303427, 30.645446391637847 ], [ 111.410489805260283, 30.645558480439547 ], [ 111.410589486116066, 30.645657908585804 ], [ 111.410681189085722, 30.64577360007172 ], [ 111.410797242099136, 30.645937925994531 ], [ 111.410962890924793, 30.646093974557402 ], [ 111.411071985883495, 30.646199171854335 ], [ 111.4111917908686, 30.646298537947246 ], [ 111.411403038919104, 30.646452124166387 ], [ 111.411497188944168, 30.6465121359264 ], [ 111.411606253326056, 30.646609215043213 ], [ 111.411630186084381, 30.646631940012185 ], [ 111.411646106782541, 30.646647060313626 ], [ 111.411669553007641, 30.646669323030949 ], [ 111.411751685392062, 30.64674213124448 ], [ 111.41189067111776, 30.646841223943511 ], [ 111.411926596335377, 30.646866836635184 ], [ 111.41206249738633, 30.646966148768854 ], [ 111.412144645958733, 30.647042437358664 ], [ 111.412193185966828, 30.647101432884995 ], [ 111.412263346576253, 30.647197473284791 ], [ 111.412402093981655, 30.647335050672154 ], [ 111.412567914577664, 30.647530530909307 ], [ 111.412685223943924, 30.647673972775692 ], [ 111.412829407751076, 30.647827770335482 ], [ 111.412923787103239, 30.64794113167801 ], [ 111.413022217001753, 30.64806027835931 ], [ 111.413159658591439, 30.648205976624695 ], [ 111.413251282420845, 30.648301949575341 ], [ 111.413310679044628, 30.648389905969509 ], [ 111.41338350794274, 30.648482457899149 ], [ 111.413514245985709, 30.648648943094429 ], [ 111.413610101125357, 30.648772848088583 ], [ 111.413703109910728, 30.648879254973679 ], [ 111.413821608180797, 30.648985580020565 ], [ 111.413902516588053, 30.649085063924701 ], [ 111.413996860866575, 30.64918914606227 ], [ 111.414146467585397, 30.649355681619511 ], [ 111.414253050737841, 30.649499157660159 ], [ 111.414339424325078, 30.64962182069047 ], [ 111.414439168133299, 30.649734003921196 ], [ 111.414654708647959, 30.649947880690263 ], [ 111.414728901817455, 30.650045067725785 ], [ 111.414824792030572, 30.650196695221382 ], [ 111.414896396051915, 30.650315926439021 ], [ 111.414983954945569, 30.650401472650003 ], [ 111.415121356065924, 30.650535570560237 ], [ 111.415161012570707, 30.650577109346159 ], [ 111.415212981693912, 30.650631541712471 ], [ 111.415332737216204, 30.650716986299869 ], [ 111.415457742081173, 30.650775736311346 ], [ 111.415573330145264, 30.65082755884481 ], [ 111.415667382143965, 30.65086321336679 ], [ 111.415819229074202, 30.650924197294046 ], [ 111.415938902758342, 30.650991084371071 ], [ 111.416007380736119, 30.65100594117132 ], [ 111.416087918622679, 30.651017284320289 ], [ 111.416228949406559, 30.651058584785915 ], [ 111.416402168725256, 30.651098624402152 ], [ 111.416651830417834, 30.651133779800205 ], [ 111.416846469788936, 30.651163312636868 ], [ 111.416941761053579, 30.651174605423819 ], [ 111.417189969441665, 30.651183088728715 ], [ 111.417473058934661, 30.651192620642973 ], [ 111.417766969969875, 30.651222993446481 ], [ 111.418094355570133, 30.651239341322594 ], [ 111.418256761440546, 30.651259693879922 ], [ 111.418376200401497, 30.651270910224412 ], [ 111.418631185181084, 30.651295605607743 ], [ 111.418848628661408, 30.651325062002059 ], [ 111.419087652273504, 30.651381123040494 ], [ 111.419212515045729, 30.651406236608636 ], [ 111.419357553208499, 30.651442884881305 ], [ 111.419438153148405, 30.651469298869131 ], [ 111.419511979394485, 30.651479498979711 ], [ 111.41963138238242, 30.65148259444635 ], [ 111.419839330820651, 30.651487725078482 ], [ 111.420299578662764, 30.651516396364627 ], [ 111.420498112997507, 30.651515754248749 ], [ 111.420743634211362, 30.651523080126083 ], [ 111.420951652796646, 30.651544445319928 ], [ 111.421092581957282, 30.651561386748654 ], [ 111.421242943207289, 30.651588736031499 ], [ 111.421374468157353, 30.651602230358719 ], [ 111.421479186115732, 30.651621606252149 ], [ 111.421567865564612, 30.651654953113621 ], [ 111.421652473782615, 30.65167671490849 ], [ 111.421806769566956, 30.651683173839444 ], [ 111.421916830397436, 30.651696734716666 ], [ 111.422088781672016, 30.651753008894332 ], [ 111.422222984802943, 30.651795706906398 ], [ 111.4222728171369, 30.651811561954162 ], [ 111.422377565672264, 30.651837897700943 ], [ 111.422464855668636, 30.651859652301198 ], [ 111.422576348220048, 30.651894083744992 ], [ 111.422670426299192, 30.6519343715741 ], [ 111.422748791423714, 30.651956024550884 ], [ 111.422857114764099, 30.651985954888062 ], [ 111.422907219592616, 30.652004026764473 ], [ 111.422994158853385, 30.652035383426266 ], [ 111.423188969095634, 30.652103177919514 ], [ 111.423327310007551, 30.652142160832227 ], [ 111.423452171880399, 30.652166110677513 ], [ 111.423574457195571, 30.652214424955787 ], [ 111.423651040762991, 30.652242010760176 ], [ 111.423706171902438, 30.652271986962717 ], [ 111.423763990216173, 30.652303113397977 ], [ 111.423890288306154, 30.652349093036207 ], [ 111.424078370720338, 30.652412270410139 ], [ 111.424175159356309, 30.652458348074333 ], [ 111.424290848144267, 30.652532198602159 ], [ 111.424398568039521, 30.652624630022672 ], [ 111.424430885177287, 30.652652359718729 ], [ 111.424473929428473, 30.652678895115002 ], [ 111.424522438859583, 30.652728608738471 ], [ 111.424560687925577, 30.652756792591958 ], [ 111.42463683172457, 30.65281290129451 ], [ 111.424721786181522, 30.652896329601958 ], [ 111.424748654327118, 30.652922715710929 ], [ 111.424782402286212, 30.652971317772142 ], [ 111.424835018021781, 30.653039573617548 ], [ 111.424899652297313, 30.653095033009492 ], [ 111.425046389279544, 30.653212853190666 ], [ 111.425139223596489, 30.653275179805803 ], [ 111.425193109174813, 30.653327195693578 ], [ 111.425224181650776, 30.65337696417572 ], [ 111.425247270844977, 30.653441837670755 ], [ 111.42527700962637, 30.653493930900368 ], [ 111.425285224933361, 30.653499772896225 ], [ 111.42532410981994, 30.653527410861386 ], [ 111.425364424628697, 30.653543516819923 ], [ 111.425426234133397, 30.653566510685948 ], [ 111.425514989125588, 30.653616093008338 ], [ 111.425595756339135, 30.653679615721842 ], [ 111.425641568703497, 30.653725859760698 ], [ 111.425692797684576, 30.653783682571031 ], [ 111.42572517687546, 30.653825329275605 ], [ 111.4257736629242, 30.653869242271867 ], [ 111.425867836331577, 30.653930403365507 ], [ 111.425956656974165, 30.653995061922728 ], [ 111.42605903129936, 30.654090990806765 ], [ 111.426127851918977, 30.654183548132323 ], [ 111.426148228757881, 30.654241470767374 ], [ 111.426177979230545, 30.654295885147008 ], [ 111.426254671615936, 30.654347823693286 ], [ 111.426371838889338, 30.654451822193948 ], [ 111.426471565610427, 30.654555878251244 ], [ 111.426514798719097, 30.654625323899552 ], [ 111.426544559983654, 30.654682056731701 ], [ 111.426579874561753, 30.654781682728583 ], [ 111.426580216304046, 30.654859387750719 ], [ 111.426588417221865, 30.654894154641624 ], [ 111.426607356943975, 30.654930046584525 ], [ 111.426657281008886, 30.654995991172086 ], [ 111.426731540728156, 30.655104768670242 ], [ 111.426774173089768, 30.655178296341433 ], [ 111.426782462140977, 30.655192591065259 ], [ 111.426828866259257, 30.655272619935545 ], [ 111.426937018728609, 30.65546247221539 ], [ 111.427026261153117, 30.65562223138096 ], [ 111.427131487228394, 30.655756421022204 ], [ 111.427255573885816, 30.655907947793594 ], [ 111.427324329754185, 30.655985428884492 ], [ 111.427426738253473, 30.65608831492392 ], [ 111.427564157360109, 30.656221239218951 ], [ 111.427628947218238, 30.656311491582187 ], [ 111.427668116290647, 30.656371670616238 ], [ 111.427773208367057, 30.656474548561675 ], [ 111.427893046626878, 30.656575056793486 ], [ 111.427977975003557, 30.656668721184531 ], [ 111.428066927846544, 30.656762372085836 ], [ 111.428146394640578, 30.656834018375434 ], [ 111.428244650970043, 30.656907922862388 ], [ 111.42827285011208, 30.656934281991653 ], [ 111.428276141630761, 30.656937360370989 ], [ 111.428319673314263, 30.656978050196926 ], [ 111.428334906031239, 30.656992290961568 ], [ 111.428382042197484, 30.6570338882035 ], [ 111.428507065049132, 30.657092625624273 ], [ 111.428652328042574, 30.65717797308514 ], [ 111.42871684360756, 30.657205595761695 ], [ 111.428767856751335, 30.65721354576857 ], [ 111.428887421617219, 30.657251426112396 ], [ 111.429024403653443, 30.657284610196712 ], [ 111.429184332790726, 30.657349030433465 ], [ 111.429267665770226, 30.657384711035775 ], [ 111.429328082225311, 30.657394948917783 ], [ 111.429442368071022, 30.657452562186108 ], [ 111.429625301866224, 30.65756213918155 ], [ 111.429770558564428, 30.657646324718144 ], [ 111.429866135813654, 30.657720234601186 ], [ 111.429961713962086, 30.657794147182301 ], [ 111.430100146604502, 30.65785167861219 ], [ 111.430233204898684, 30.657906911374937 ], [ 111.430311230079326, 30.657955365048167 ], [ 111.430366319849895, 30.657974898322891 ], [ 111.430476452626237, 30.658003530038911 ], [ 111.430586669939032, 30.658050716567402 ], [ 111.430726581067063, 30.658138398668257 ], [ 111.430832885429311, 30.658211115150891 ], [ 111.430956609659859, 30.658279132676 ], [ 111.43113146574467, 30.658381776797626 ], [ 111.431306473814914, 30.658518051966553 ], [ 111.431443731942807, 30.658612701115374 ], [ 111.431560781404983, 30.658687700077451 ], [ 111.431702054106609, 30.658780014586171 ], [ 111.431766584060654, 30.658809956614391 ], [ 111.431910605989742, 30.658917340163214 ], [ 111.431988673438639, 30.658975071242708 ], [ 111.432171608133388, 30.659083485414556 ], [ 111.432291414017527, 30.659174709945034 ], [ 111.432415335199664, 30.659286797847585 ], [ 111.43267650461712, 30.659490057220466 ], [ 111.432801747802557, 30.659597500124619 ], [ 111.43287454972085, 30.659677282580674 ], [ 111.433026677239411, 30.659796235907663 ], [ 111.433165394067828, 30.659916394326331 ], [ 111.433249075984179, 30.660029774554573 ], [ 111.433379754671932, 30.660152279304384 ], [ 111.433530598858169, 30.660283992212499 ], [ 111.433588504406089, 30.660332510636977 ], [ 111.433667954112991, 30.660399516424604 ], [ 111.433715184708035, 30.660460825906512 ], [ 111.433801370337164, 30.660533607140337 ], [ 111.433882107873103, 30.660587848850128 ], [ 111.433957545704232, 30.660657184781257 ], [ 111.433998031384078, 30.660710400364849 ], [ 111.434051991606168, 30.660777487990799 ], [ 111.434139533412861, 30.660852583180258 ], [ 111.434268717427415, 30.660940295858097 ], [ 111.434363607594435, 30.661009567037979 ], [ 111.434468063850204, 30.661117660152001 ], [ 111.434557058061841, 30.661218264611364 ], [ 111.434639308257658, 30.6613107733736 ], [ 111.434675866598013, 30.661386039434205 ], [ 111.434693646195001, 30.66146136485014 ], [ 111.434693821562803, 30.661500799222495 ], [ 111.434706040651292, 30.661533232372904 ], [ 111.434729075886196, 30.661584185262086 ], [ 111.434737317273459, 30.661627071232431 ], [ 111.434738999005731, 30.661703610733241 ], [ 111.434735772238241, 30.661882229581295 ], [ 111.434744080175165, 30.661940191786471 ], [ 111.434745764605395, 30.662016732186601 ], [ 111.434735175088406, 30.662049240879924 ], [ 111.434720534125461, 30.662074805907707 ], [ 111.43469540526894, 30.662156075842347 ], [ 111.434663828273187, 30.662295354747016 ], [ 111.434614659638839, 30.662401061060223 ], [ 111.434541477307391, 30.662538153713001 ], [ 111.434852409810958, 30.663197842406532 ], [ 111.4356225928085, 30.663716810582514 ], [ 111.435782824118121, 30.663824777791376 ], [ 111.436426370880497, 30.664251227312434 ], [ 111.436757506653692, 30.664470651099805 ], [ 111.43826191775338, 30.665038364329121 ], [ 111.438473938321636, 30.665180864605247 ], [ 111.439081594939807, 30.665589279122059 ], [ 111.439346467765347, 30.66596376671464 ], [ 111.440077237974322, 30.665633310828696 ], [ 111.440098551906772, 30.665623673693688 ], [ 111.439897500369398, 30.665454646115052 ], [ 111.439555543953361, 30.665167154440724 ], [ 111.439283492739094, 30.664938430764096 ], [ 111.439226166354558, 30.664890236095573 ], [ 111.438978940026232, 30.664682382985745 ], [ 111.439029651897044, 30.664216492797095 ], [ 111.439031954161351, 30.664195346138399 ], [ 111.439404430869843, 30.66353539843999 ], [ 111.440553131322133, 30.663770520793037 ], [ 111.440604880111209, 30.663771276223599 ], [ 111.44161332319635, 30.663786016111828 ], [ 111.442431618124715, 30.664031436601647 ], [ 111.443148429956068, 30.664589280670896 ], [ 111.443628509648192, 30.66496288782713 ], [ 111.446742050705154, 30.667987732348138 ], [ 111.446801001265328, 30.668044997578704 ], [ 111.447438529764497, 30.667679254993686 ], [ 111.447755786300547, 30.667497249298719 ], [ 111.448387621191955, 30.66713476315897 ], [ 111.451070758408889, 30.665595381022172 ], [ 111.451913444749721, 30.665111890201672 ], [ 111.452125984226939, 30.66498248135656 ], [ 111.452117770718644, 30.664974607792033 ], [ 111.452077424433753, 30.664904059574781 ], [ 111.452054448554065, 30.664826684603838 ], [ 111.452043171055664, 30.664739492633601 ], [ 111.452033651731654, 30.664656807166011 ], [ 111.452031216367573, 30.664640187694545 ], [ 111.452018830005045, 30.664555717072744 ], [ 111.452002039662432, 30.664499375445928 ], [ 111.452003046003938, 30.664434699801689 ], [ 111.451991727136487, 30.664339234967827 ], [ 111.451981054881969, 30.664288515003022 ], [ 111.451963501014802, 30.664255488300228 ], [ 111.45193106876394, 30.664202582982966 ], [ 111.451900813771658, 30.664150050884302 ], [ 111.451888054190533, 30.664118510760716 ], [ 111.451865530669693, 30.664044894056701 ], [ 111.451844160979363, 30.663938937731928 ], [ 111.451822812872592, 30.663837493305721 ], [ 111.451800833441894, 30.663787561147217 ], [ 111.451776983421041, 30.663709061124393 ], [ 111.451759675068956, 30.663634672802061 ], [ 111.451741077089139, 30.663563674923694 ] ] ] } },
{ "type": "Feature", "properties": { "SQMC": "前坪村", "SSJD": "伍家乡" }, "geometry": { "type": "Polygon", "coordinates": [ [ [ 111.389951273632505, 30.635365648006371 ], [ 111.389956823348768, 30.635201065776755 ], [ 111.391142115416471, 30.634716262845416 ], [ 111.39110907612303, 30.634687891033479 ], [ 111.391000800446591, 30.634594911026511 ], [ 111.39103118224341, 30.63458294734528 ], [ 111.389878939361665, 30.633555405357754 ], [ 111.389182677938436, 30.634004014174025 ], [ 111.388870068199253, 30.633656070071652 ], [ 111.388735474762427, 30.633713269651651 ], [ 111.388686218894065, 30.633645639734539 ], [ 111.387449891199594, 30.634108195237047 ], [ 111.38800804373642, 30.635246611042419 ], [ 111.388045188434774, 30.635233441370303 ], [ 111.38829673870373, 30.635804964127772 ], [ 111.388416926799835, 30.636078022582751 ], [ 111.388666775551314, 30.636645662067679 ], [ 111.389125985575959, 30.636453055164452 ], [ 111.389533792150985, 30.636147785691833 ], [ 111.389699303380212, 30.635712933804882 ], [ 111.389951273632505, 30.635365648006371 ] ] ] } }
]
}
