{"type": "FeatureCollection", "features": [{"type": "Feature", "geometry": {"type": "Point", "coordinates": [111.32711886139694, 30.714913977251072]}, "properties": {"社区": "汕头路社区", "类型": "体检", "方面": "安全", "类": "市政管网", "层": "双高"}}, {"type": "Feature", "geometry": {"type": "Point", "coordinates": [111.32564949066759, 30.71261183841058]}, "properties": {"社区": "汕头路社区", "类型": "体检", "方面": "安全", "类": "市政管网", "层": "双高"}}, {"type": "Feature", "geometry": {"type": "Point", "coordinates": [111.32597820705759, 30.71267296904164]}, "properties": {"社区": "汕头路社区", "类型": "体检", "方面": "安全", "类": "市政管网", "层": "双高"}}, {"type": "Feature", "geometry": {"type": "Point", "coordinates": [111.29098099515105, 30.691944717387276]}, "properties": {"社区": "胜利四路社区", "类型": "体检", "方面": "安全", "类": "市政管网", "层": "双高"}}, {"type": "Feature", "geometry": {"type": "Point", "coordinates": [111.32527927250138, 30.715654307318445]}, "properties": {"社区": "汕头路社区", "类型": "体检", "方面": "安全", "类": "市政管网", "层": "双高"}}, {"type": "Feature", "geometry": {"type": "Point", "coordinates": [111.29417932326305, 30.6884013954716]}, "properties": {"社区": "胜利二路社区", "类型": "体检", "方面": "安全", "类": "安全消防", "层": "双高"}}, {"type": "Feature", "geometry": {"type": "Point", "coordinates": [111.29290659054382, 30.68857343932272]}, "properties": {"社区": "胜利二路社区", "类型": "体检", "方面": "安全", "类": "安全消防", "层": "双高"}}, {"type": "Feature", "geometry": {"type": "Point", "coordinates": [111.32556426416541, 30.71347110897052]}, "properties": {"社区": "汕头路社区", "类型": "体检", "方面": "安全", "类": "安全消防", "层": "双高"}}, {"type": "Feature", "geometry": {"type": "Point", "coordinates": [111.29417932326305, 30.6884013954716]}, "properties": {"社区": "胜利二路社区", "类型": "体检", "方面": "安全", "类": "安全消防", "层": "双高"}}, {"type": "Feature", "geometry": {"type": "Point", "coordinates": [111.32597820705759, 30.71267296904164]}, "properties": {"社区": "汕头路社区", "类型": "体检", "方面": "安全", "类": "安全消防", "层": "双高"}}, {"type": "Feature", "geometry": {"type": "Point", "coordinates": [111.29417932326305, 30.6884013954716]}, "properties": {"社区": "胜利二路社区", "类型": "体检", "方面": "安全", "类": "安全消防", "层": "双高"}}, {"type": "Feature", "geometry": {"type": "Point", "coordinates": [111.32544273776116, 30.71276842200365]}, "properties": {"社区": "汕头路社区", "类型": "体检", "方面": "安全", "类": "安全消防", "层": "双高"}}, {"type": "Feature", "geometry": {"type": "Point", "coordinates": [111.29417932326305, 30.6884013954716]}, "properties": {"社区": "胜利二路社区", "类型": "体检", "方面": "安全", "类": "安全消防", "层": "双高"}}, {"type": "Feature", "geometry": {"type": "Point", "coordinates": [111.32510286178358, 30.713145847802586]}, "properties": {"社区": "汕头路社区", "类型": "体检", "方面": "安全", "类": "安全消防", "层": "双高"}}, {"type": "Feature", "geometry": {"type": "Point", "coordinates": [111.32581475197354, 30.71303796491216]}, "properties": {"社区": "汕头路社区", "类型": "体检", "方面": "安全", "类": "安全消防", "层": "双高"}}, {"type": "Feature", "geometry": {"type": "Point", "coordinates": [111.29417932326305, 30.6884013954716]}, "properties": {"社区": "胜利二路社区", "类型": "体检", "方面": "安全", "类": "安全消防", "层": "双高"}}, {"type": "Feature", "geometry": {"type": "Point", "coordinates": [111.29342513887019, 30.691529956898464]}, "properties": {"社区": "胜利四路社区", "类型": "体检", "方面": "安全", "类": "住房", "层": "双高"}}, {"type": "Feature", "geometry": {"type": "Point", "coordinates": [111.32198472056173, 30.67212912103407]}, "properties": {"社区": "宝联社区", "类型": "体检", "方面": "安全", "类": "住房", "层": "双高"}}, {"type": "Feature", "geometry": {"type": "Point", "coordinates": [111.29098099515105, 30.691944717387276]}, "properties": {"社区": "胜利四路社区", "类型": "体检", "方面": "安全", "类": "住房", "层": "双高"}}, {"type": "Feature", "geometry": {"type": "Point", "coordinates": [111.32556426416541, 30.71347110897052]}, "properties": {"社区": "汕头路社区", "类型": "体检", "方面": "安全", "类": "住房", "层": "双高"}}, {"type": "Feature", "geometry": {"type": "Point", "coordinates": [111.3195825843242, 30.67181856918401]}, "properties": {"社区": "宝联社区", "类型": "体检", "方面": "安全", "类": "住房", "层": "双高"}}, {"type": "Feature", "geometry": {"type": "Point", "coordinates": [111.3175581730597, 30.673666245934164]}, "properties": {"社区": "宝联社区", "类型": "体检", "方面": "安全", "类": "住房", "层": "双高"}}, {"type": "Feature", "geometry": {"type": "Point", "coordinates": [111.32544273776116, 30.71276842200365]}, "properties": {"社区": "汕头路社区", "类型": "体检", "方面": "安全", "类": "住房", "层": "双高"}}, {"type": "Feature", "geometry": {"type": "Point", "coordinates": [111.29291629168371, 30.691183114109684]}, "properties": {"社区": "胜利四路社区", "类型": "体检", "方面": "安全", "类": "住房", "层": "双高"}}, {"type": "Feature", "geometry": {"type": "Point", "coordinates": [111.29314339719883, 30.69215348246679]}, "properties": {"社区": "胜利四路社区", "类型": "体检", "方面": "安全", "类": "住房", "层": "双高"}}, {"type": "Feature", "geometry": {"type": "Point", "coordinates": [111.32581475197354, 30.71303796491216]}, "properties": {"社区": "汕头路社区", "类型": "体检", "方面": "安全", "类": "住房", "层": "双高"}}, {"type": "Feature", "geometry": {"type": "Point", "coordinates": [111.32510286178358, 30.713145847802586]}, "properties": {"社区": "汕头路社区", "类型": "体检", "方面": "安全", "类": "住房", "层": "双高"}}, {"type": "Feature", "geometry": {"type": "Point", "coordinates": [111.32597820705759, 30.71267296904164]}, "properties": {"社区": "汕头路社区", "类型": "体检", "方面": "安全", "类": "住房", "层": "双高"}}, {"type": "Feature", "geometry": {"type": "Point", "coordinates": [111.29291179073921, 30.69151056322405]}, "properties": {"社区": "胜利四路社区", "类型": "体检", "方面": "安全", "类": "住房", "层": "双高"}}, {"type": "Feature", "geometry": {"type": "Point", "coordinates": [111.295341, 30.714256]}, "properties": {"社区": "营盘路社区", "类型": "体检", "方面": "民生", "类": "公服设施", "层": "双高"}}, {"type": "Feature", "geometry": {"type": "Point", "coordinates": [111.292238, 30.712703]}, "properties": {"社区": "营盘路社区", "类型": "体检", "方面": "民生", "类": "公服设施", "层": "双高"}}, {"type": "Feature", "geometry": {"type": "Point", "coordinates": [111.29099, 30.711809]}, "properties": {"社区": "营盘路社区", "类型": "体检", "方面": "民生", "类": "公服设施", "层": "双高"}}, {"type": "Feature", "geometry": {"type": "Point", "coordinates": [111.292895, 30.691693]}, "properties": {"社区": "胜利四路社区", "类型": "体检", "方面": "民生", "类": "公服设施", "层": "双高"}}, {"type": "Feature", "geometry": {"type": "Point", "coordinates": [111.327652, 30.711453]}, "properties": {"社区": "汕头路社区", "类型": "体检", "方面": "民生", "类": "公服设施", "层": "双高"}}, {"type": "Feature", "geometry": {"type": "Point", "coordinates": [111.317379, 30.672542]}, "properties": {"社区": "宝联社区", "类型": "体检", "方面": "民生", "类": "公服设施", "层": "双高"}}, {"type": "Feature", "geometry": {"type": "Point", "coordinates": [111.297322, 30.718173]}, "properties": {"社区": "营盘路社区", "类型": "体检", "方面": "民生", "类": "公服设施", "层": "双高"}}, {"type": "Feature", "geometry": {"type": "Point", "coordinates": [111.334876, 30.711119]}, "properties": {"社区": "汕头路社区", "类型": "体检", "方面": "民生", "类": "公服设施", "层": "双高"}}, {"type": "Feature", "geometry": {"type": "Point", "coordinates": [111.325671, 30.713098]}, "properties": {"社区": "汕头路社区", "类型": "体检", "方面": "民生", "类": "停车设施", "层": "双高"}}, {"type": "Feature", "geometry": {"type": "Point", "coordinates": [111.295307, 30.713781]}, "properties": {"社区": "营盘路社区", "类型": "体检", "方面": "民生", "类": "停车设施", "层": "双高"}}, {"type": "Feature", "geometry": {"type": "Point", "coordinates": [111.29222, 30.712349]}, "properties": {"社区": "营盘路社区", "类型": "体检", "方面": "民生", "类": "停车设施", "层": "双高"}}, {"type": "Feature", "geometry": {"type": "Point", "coordinates": [111.292985, 30.712984]}, "properties": {"社区": "营盘路社区", "类型": "体检", "方面": "民生", "类": "停车设施", "层": "双高"}}, {"type": "Feature", "geometry": {"type": "Point", "coordinates": [111.294591, 30.713609]}, "properties": {"社区": "营盘路社区", "类型": "体检", "方面": "民生", "类": "停车设施", "层": "双高"}}, {"type": "Feature", "geometry": {"type": "Point", "coordinates": [111.292134, 30.691672]}, "properties": {"社区": "胜利四路社区", "类型": "体检", "方面": "民生", "类": "停车设施", "层": "双高"}}, {"type": "Feature", "geometry": {"type": "Point", "coordinates": [111.293664, 30.714153]}, "properties": {"社区": "营盘路社区", "类型": "体检", "方面": "民生", "类": "停车设施", "层": "双高"}}, {"type": "Feature", "geometry": {"type": "Point", "coordinates": [111.291553, 30.69013]}, "properties": {"社区": "胜利四路社区", "类型": "体检", "方面": "民生", "类": "停车设施", "层": "双高"}}, {"type": "Feature", "geometry": {"type": "Point", "coordinates": [111.292654, 30.712194]}, "properties": {"社区": "营盘路社区", "类型": "体检", "方面": "民生", "类": "停车设施", "层": "双高"}}, {"type": "Feature", "geometry": {"type": "Point", "coordinates": [111.292148, 30.712641]}, "properties": {"社区": "营盘路社区", "类型": "体检", "方面": "民生", "类": "停车设施", "层": "双高"}}, {"type": "Feature", "geometry": {"type": "Point", "coordinates": [111.292612, 30.688706]}, "properties": {"社区": "胜利二路社区", "类型": "体检", "方面": "民生", "类": "停车设施", "层": "双高"}}, {"type": "Feature", "geometry": {"type": "Point", "coordinates": [111.292686, 30.713849]}, "properties": {"社区": "营盘路社区", "类型": "体检", "方面": "民生", "类": "停车设施", "层": "双高"}}, {"type": "Feature", "geometry": {"type": "Point", "coordinates": [111.290951, 30.711785]}, "properties": {"社区": "营盘路社区", "类型": "体检", "方面": "民生", "类": "停车设施", "层": "双高"}}, {"type": "Feature", "geometry": {"type": "Point", "coordinates": [111.296151, 30.716585]}, "properties": {"社区": "营盘路社区", "类型": "体检", "方面": "民生", "类": "停车设施", "层": "双高"}}, {"type": "Feature", "geometry": {"type": "Point", "coordinates": [111.292884, 30.712959]}, "properties": {"社区": "营盘路社区", "类型": "体检", "方面": "民生", "类": "停车设施", "层": "双高"}}, {"type": "Feature", "geometry": {"type": "Point", "coordinates": [111.29101, 30.711799]}, "properties": {"社区": "营盘路社区", "类型": "体检", "方面": "民生", "类": "停车设施", "层": "双高"}}, {"type": "Feature", "geometry": {"type": "Point", "coordinates": [111.292151, 30.712766]}, "properties": {"社区": "营盘路社区", "类型": "体检", "方面": "民生", "类": "停车设施", "层": "双高"}}, {"type": "Feature", "geometry": {"type": "Point", "coordinates": [111.293623, 30.714146]}, "properties": {"社区": "营盘路社区", "类型": "体检", "方面": "民生", "类": "停车设施", "层": "双高"}}, {"type": "Feature", "geometry": {"type": "Point", "coordinates": [111.293088, 30.691474]}, "properties": {"社区": "胜利四路社区", "类型": "体检", "方面": "民生", "类": "停车设施", "层": "双高"}}, {"type": "Feature", "geometry": {"type": "Point", "coordinates": [111.29544, 30.713868]}, "properties": {"社区": "营盘路社区", "类型": "体检", "方面": "民生", "类": "停车设施", "层": "双高"}}, {"type": "Feature", "geometry": {"type": "Point", "coordinates": [111.296096, 30.716586]}, "properties": {"社区": "营盘路社区", "类型": "体检", "方面": "民生", "类": "停车设施", "层": "双高"}}, {"type": "Feature", "geometry": {"type": "Point", "coordinates": [111.292714, 30.712244]}, "properties": {"社区": "营盘路社区", "类型": "体检", "方面": "民生", "类": "停车设施", "层": "双高"}}, {"type": "Feature", "geometry": {"type": "Point", "coordinates": [111.294544, 30.713506]}, "properties": {"社区": "营盘路社区", "类型": "体检", "方面": "民生", "类": "停车设施", "层": "双高"}}, {"type": "Feature", "geometry": {"type": "Point", "coordinates": [111.291883, 30.691661]}, "properties": {"社区": "胜利四路社区", "类型": "体检", "方面": "民生", "类": "停车设施", "层": "双高"}}, {"type": "Feature", "geometry": {"type": "Point", "coordinates": [111.293864, 30.713448]}, "properties": {"社区": "营盘路社区", "类型": "体检", "方面": "民生", "类": "停车设施", "层": "双高"}}, {"type": "Feature", "geometry": {"type": "Point", "coordinates": [111.294604, 30.713531]}, "properties": {"社区": "营盘路社区", "类型": "体检", "方面": "民生", "类": "停车设施", "层": "双高"}}, {"type": "Feature", "geometry": {"type": "Point", "coordinates": [111.292741, 30.713823]}, "properties": {"社区": "营盘路社区", "类型": "体检", "方面": "民生", "类": "停车设施", "层": "双高"}}, {"type": "Feature", "geometry": {"type": "Point", "coordinates": [111.296302, 30.716455]}, "properties": {"社区": "营盘路社区", "类型": "体检", "方面": "民生", "类": "停车设施", "层": "双高"}}, {"type": "Feature", "geometry": {"type": "Point", "coordinates": [111.292186, 30.712324]}, "properties": {"社区": "营盘路社区", "类型": "体检", "方面": "民生", "类": "停车设施", "层": "双高"}}, {"type": "Feature", "geometry": {"type": "Point", "coordinates": [111.320122, 30.672422]}, "properties": {"社区": "宝联社区", "类型": "体检", "方面": "民生", "类": "物业街面", "层": "双高"}}, {"type": "Feature", "geometry": {"type": "Point", "coordinates": [111.317059, 30.673124]}, "properties": {"社区": "宝联社区", "类型": "体检", "方面": "民生", "类": "物业街面", "层": "双高"}}, {"type": "Feature", "geometry": {"type": "Point", "coordinates": [111.290486, 30.69005]}, "properties": {"社区": "胜利四路社区", "类型": "体检", "方面": "民生", "类": "物业街面", "层": "双高"}}, {"type": "Feature", "geometry": {"type": "Point", "coordinates": [111.292266, 30.712783]}, "properties": {"社区": "营盘路社区", "类型": "体检", "方面": "民生", "类": "物业街面", "层": "双高"}}, {"type": "Feature", "geometry": {"type": "Point", "coordinates": [111.31975, 30.672519]}, "properties": {"社区": "宝联社区", "类型": "体检", "方面": "民生", "类": "物业街面", "层": "双高"}}, {"type": "Feature", "geometry": {"type": "Point", "coordinates": [111.317201, 30.671065]}, "properties": {"社区": "宝联社区", "类型": "体检", "方面": "民生", "类": "物业街面", "层": "双高"}}, {"type": "Feature", "geometry": {"type": "Point", "coordinates": [111.32002, 30.673094]}, "properties": {"社区": "宝联社区", "类型": "体检", "方面": "民生", "类": "物业街面", "层": "双高"}}, {"type": "Feature", "geometry": {"type": "Point", "coordinates": [111.292734, 30.713839]}, "properties": {"社区": "营盘路社区", "类型": "体检", "方面": "民生", "类": "物业街面", "层": "双高"}}, {"type": "Feature", "geometry": {"type": "Point", "coordinates": [111.290134, 30.691561]}, "properties": {"社区": "胜利四路社区", "类型": "体检", "方面": "民生", "类": "物业街面", "层": "双高"}}, {"type": "Feature", "geometry": {"type": "Point", "coordinates": [111.31986, 30.67074]}, "properties": {"社区": "宝联社区", "类型": "体检", "方面": "民生", "类": "物业街面", "层": "双高"}}, {"type": "Feature", "geometry": {"type": "Point", "coordinates": [111.322035, 30.671791]}, "properties": {"社区": "宝联社区", "类型": "体检", "方面": "民生", "类": "物业街面", "层": "双高"}}, {"type": "Feature", "geometry": {"type": "Point", "coordinates": [111.316159, 30.67332]}, "properties": {"社区": "宝联社区", "类型": "体检", "方面": "民生", "类": "物业街面", "层": "双高"}}, {"type": "Feature", "geometry": {"type": "Point", "coordinates": [111.295424, 30.714293]}, "properties": {"社区": "营盘路社区", "类型": "体检", "方面": "民生", "类": "物业街面", "层": "双高"}}, {"type": "Feature", "geometry": {"type": "Point", "coordinates": [111.315647, 30.670921]}, "properties": {"社区": "宝联社区", "类型": "体检", "方面": "民生", "类": "物业街面", "层": "双高"}}, {"type": "Feature", "geometry": {"type": "Point", "coordinates": [111.315459, 30.671239]}, "properties": {"社区": "宝联社区", "类型": "体检", "方面": "民生", "类": "物业街面", "层": "双高"}}, {"type": "Feature", "geometry": {"type": "Point", "coordinates": [111.315713, 30.672949]}, "properties": {"社区": "宝联社区", "类型": "体检", "方面": "民生", "类": "物业街面", "层": "双高"}}, {"type": "Feature", "geometry": {"type": "Point", "coordinates": [111.31756, 30.673726]}, "properties": {"社区": "宝联社区", "类型": "体检", "方面": "民生", "类": "物业街面", "层": "双高"}}, {"type": "Feature", "geometry": {"type": "Point", "coordinates": [111.316043, 30.671186]}, "properties": {"社区": "宝联社区", "类型": "体检", "方面": "民生", "类": "物业街面", "层": "双高"}}, {"type": "Feature", "geometry": {"type": "Point", "coordinates": [111.29213, 30.712351]}, "properties": {"社区": "营盘路社区", "类型": "体检", "方面": "民生", "类": "物业街面", "层": "双高"}}, {"type": "Feature", "geometry": {"type": "Point", "coordinates": [111.292195, 30.690487]}, "properties": {"社区": "胜利四路社区", "类型": "体检", "方面": "民生", "类": "物业街面", "层": "双高"}}, {"type": "Feature", "geometry": {"type": "Point", "coordinates": [111.293022, 30.712521]}, "properties": {"社区": "营盘路社区", "类型": "体检", "方面": "民生", "类": "物业街面", "层": "双高"}}, {"type": "Feature", "geometry": {"type": "Point", "coordinates": [111.315299, 30.673247]}, "properties": {"社区": "宝联社区", "类型": "体检", "方面": "民生", "类": "物业街面", "层": "双高"}}, {"type": "Feature", "geometry": {"type": "Point", "coordinates": [111.31667, 30.674074]}, "properties": {"社区": "宝联社区", "类型": "体检", "方面": "民生", "类": "物业街面", "层": "双高"}}, {"type": "Feature", "geometry": {"type": "Point", "coordinates": [111.317289, 30.670997]}, "properties": {"社区": "宝联社区", "类型": "体检", "方面": "民生", "类": "物业街面", "层": "双高"}}, {"type": "Feature", "geometry": {"type": "Point", "coordinates": [111.320244, 30.671168]}, "properties": {"社区": "宝联社区", "类型": "体检", "方面": "民生", "类": "物业街面", "层": "双高"}}, {"type": "Feature", "geometry": {"type": "Point", "coordinates": [111.293601, 30.689466]}, "properties": {"社区": "胜利二路社区", "类型": "体检", "方面": "民生", "类": "物业街面", "层": "双高"}}, {"type": "Feature", "geometry": {"type": "Point", "coordinates": [111.291954, 30.693569]}, "properties": {"社区": "胜利四路社区", "类型": "体检", "方面": "民生", "类": "物业街面", "层": "双高"}}, {"type": "Feature", "geometry": {"type": "Point", "coordinates": [111.319775, 30.672583]}, "properties": {"社区": "宝联社区", "类型": "体检", "方面": "民生", "类": "物业街面", "层": "双高"}}, {"type": "Feature", "geometry": {"type": "Point", "coordinates": [111.319115, 30.672178]}, "properties": {"社区": "宝联社区", "类型": "体检", "方面": "民生", "类": "物业街面", "层": "双高"}}, {"type": "Feature", "geometry": {"type": "Point", "coordinates": [111.292694, 30.692434]}, "properties": {"社区": "胜利四路社区", "类型": "体检", "方面": "民生", "类": "物业街面", "层": "双高"}}, {"type": "Feature", "geometry": {"type": "Point", "coordinates": [111.291031, 30.711851]}, "properties": {"社区": "营盘路社区", "类型": "体检", "方面": "民生", "类": "物业街面", "层": "双高"}}, {"type": "Feature", "geometry": {"type": "Point", "coordinates": [111.319919, 30.672313]}, "properties": {"社区": "宝联社区", "类型": "体检", "方面": "民生", "类": "物业街面", "层": "双高"}}, {"type": "Feature", "geometry": {"type": "Point", "coordinates": [111.318532, 30.672696]}, "properties": {"社区": "宝联社区", "类型": "体检", "方面": "民生", "类": "物业街面", "层": "双高"}}, {"type": "Feature", "geometry": {"type": "Point", "coordinates": [111.294016, 30.713982]}, "properties": {"社区": "营盘路社区", "类型": "体检", "方面": "民生", "类": "物业街面", "层": "双高"}}, {"type": "Feature", "geometry": {"type": "Point", "coordinates": [111.29367, 30.714159]}, "properties": {"社区": "营盘路社区", "类型": "体检", "方面": "民生", "类": "物业街面", "层": "双高"}}, {"type": "Feature", "geometry": {"type": "Point", "coordinates": [111.318088, 30.672549]}, "properties": {"社区": "宝联社区", "类型": "体检", "方面": "民生", "类": "物业街面", "层": "双高"}}, {"type": "Feature", "geometry": {"type": "Point", "coordinates": [111.316043, 30.671186]}, "properties": {"社区": "宝联社区", "类型": "体检", "方面": "民生", "类": "物业街面", "层": "双高"}}, {"type": "Feature", "geometry": {"type": "Point", "coordinates": [111.296262, 30.716548]}, "properties": {"社区": "营盘路社区", "类型": "体检", "方面": "民生", "类": "物业街面", "层": "双高"}}, {"type": "Feature", "geometry": {"type": "Point", "coordinates": [111.317222, 30.673294]}, "properties": {"社区": "宝联社区", "类型": "体检", "方面": "民生", "类": "物业街面", "层": "双高"}}, {"type": "Feature", "geometry": {"type": "Point", "coordinates": [111.293849, 30.71341]}, "properties": {"社区": "营盘路社区", "类型": "体检", "方面": "民生", "类": "物业街面", "层": "双高"}}, {"type": "Feature", "geometry": {"type": "Point", "coordinates": [111.294375, 30.688764]}, "properties": {"社区": "胜利二路社区", "类型": "体检", "方面": "民生", "类": "物业街面", "层": "双高"}}, {"type": "Feature", "geometry": {"type": "Point", "coordinates": [111.320392, 30.670827]}, "properties": {"社区": "宝联社区", "类型": "体检", "方面": "民生", "类": "物业街面", "层": "双高"}}, {"type": "Feature", "geometry": {"type": "Point", "coordinates": [111.29301, 30.688575]}, "properties": {"社区": "胜利二路社区", "类型": "诉求", "方面": "安全", "类": "管网安全", "层": "双高"}}, {"type": "Feature", "geometry": {"type": "Point", "coordinates": [111.293992, 30.690554]}, "properties": {"社区": "胜利二路社区", "类型": "诉求", "方面": "安全", "类": "管网安全", "层": "双高"}}, {"type": "Feature", "geometry": {"type": "Point", "coordinates": [111.293992, 30.690554]}, "properties": {"社区": "胜利二路社区", "类型": "诉求", "方面": "安全", "类": "管网安全", "层": "双高"}}, {"type": "Feature", "geometry": {"type": "Point", "coordinates": [111.292642, 30.691585]}, "properties": {"社区": "胜利四路社区", "类型": "诉求", "方面": "安全", "类": "管网安全", "层": "双高"}}, {"type": "Feature", "geometry": {"type": "Point", "coordinates": [111.2918, 30.71167]}, "properties": {"社区": "营盘路社区", "类型": "诉求", "方面": "安全", "类": "出行安全", "层": "双高"}}, {"type": "Feature", "geometry": {"type": "Point", "coordinates": [111.2918, 30.71167]}, "properties": {"社区": "营盘路社区", "类型": "诉求", "方面": "安全", "类": "管网安全", "层": "双高"}}, {"type": "Feature", "geometry": {"type": "Point", "coordinates": [111.319368, 30.670576]}, "properties": {"社区": "宝联社区", "类型": "诉求", "方面": "安全", "类": "出行安全", "层": "双高"}}, {"type": "Feature", "geometry": {"type": "Point", "coordinates": [111.330249, 30.705617]}, "properties": {"社区": "汕头路社区", "类型": "诉求", "方面": "安全", "类": "管网安全", "层": "双高"}}, {"type": "Feature", "geometry": {"type": "Point", "coordinates": [111.319368, 30.670576]}, "properties": {"社区": "宝联社区", "类型": "诉求", "方面": "安全", "类": "管网安全", "层": "双高"}}, {"type": "Feature", "geometry": {"type": "Point", "coordinates": [111.319368, 30.670576]}, "properties": {"社区": "宝联社区", "类型": "诉求", "方面": "安全", "类": "管网安全", "层": "双高"}}, {"type": "Feature", "geometry": {"type": "Point", "coordinates": [111.319368, 30.670576]}, "properties": {"社区": "宝联社区", "类型": "诉求", "方面": "安全", "类": "管网安全", "层": "双高"}}, {"type": "Feature", "geometry": {"type": "Point", "coordinates": [111.319368, 30.670576]}, "properties": {"社区": "宝联社区", "类型": "诉求", "方面": "安全", "类": "管网安全", "层": "双高"}}, {"type": "Feature", "geometry": {"type": "Point", "coordinates": [111.292642, 30.691585]}, "properties": {"社区": "胜利四路社区", "类型": "诉求", "方面": "安全", "类": "管网安全", "层": "双高"}}, {"type": "Feature", "geometry": {"type": "Point", "coordinates": [111.292562, 30.692424]}, "properties": {"社区": "胜利四路社区", "类型": "诉求", "方面": "安全", "类": "出行安全", "层": "双高"}}, {"type": "Feature", "geometry": {"type": "Point", "coordinates": [111.319368, 30.670576]}, "properties": {"社区": "宝联社区", "类型": "诉求", "方面": "安全", "类": "出行安全", "层": "双高"}}, {"type": "Feature", "geometry": {"type": "Point", "coordinates": [111.319368, 30.670576]}, "properties": {"社区": "宝联社区", "类型": "诉求", "方面": "安全", "类": "出行安全", "层": "双高"}}, {"type": "Feature", "geometry": {"type": "Point", "coordinates": [111.292642, 30.691585]}, "properties": {"社区": "胜利四路社区", "类型": "诉求", "方面": "安全", "类": "出行安全", "层": "双高"}}, {"type": "Feature", "geometry": {"type": "Point", "coordinates": [111.344006, 30.719705]}, "properties": {"社区": "汕头路社区", "类型": "诉求", "方面": "安全", "类": "消防安全", "层": "双高"}}, {"type": "Feature", "geometry": {"type": "Point", "coordinates": [111.292642, 30.691585]}, "properties": {"社区": "胜利四路社区", "类型": "诉求", "方面": "安全", "类": "消防安全", "层": "双高"}}, {"type": "Feature", "geometry": {"type": "Point", "coordinates": [111.289351, 30.711877]}, "properties": {"社区": "营盘路社区", "类型": "诉求", "方面": "安全", "类": "管网安全", "层": "双高"}}, {"type": "Feature", "geometry": {"type": "Point", "coordinates": [111.319368, 30.670576]}, "properties": {"社区": "宝联社区", "类型": "诉求", "方面": "安全", "类": "出行安全", "层": "双高"}}, {"type": "Feature", "geometry": {"type": "Point", "coordinates": [111.290924, 30.690738]}, "properties": {"社区": "胜利四路社区", "类型": "诉求", "方面": "安全", "类": "消防安全", "层": "双高"}}, {"type": "Feature", "geometry": {"type": "Point", "coordinates": [111.345652, 30.719287]}, "properties": {"社区": "汕头路社区", "类型": "诉求", "方面": "安全", "类": "消防安全", "层": "双高"}}, {"type": "Feature", "geometry": {"type": "Point", "coordinates": [111.292642, 30.691585]}, "properties": {"社区": "胜利四路社区", "类型": "诉求", "方面": "安全", "类": "管网安全", "层": "双高"}}, {"type": "Feature", "geometry": {"type": "Point", "coordinates": [111.318761, 30.671257]}, "properties": {"社区": "宝联社区", "类型": "诉求", "方面": "安全", "类": "管网安全", "层": "双高"}}, {"type": "Feature", "geometry": {"type": "Point", "coordinates": [111.319368, 30.670576]}, "properties": {"社区": "宝联社区", "类型": "诉求", "方面": "安全", "类": "管网安全", "层": "双高"}}, {"type": "Feature", "geometry": {"type": "Point", "coordinates": [111.319368, 30.670576]}, "properties": {"社区": "宝联社区", "类型": "诉求", "方面": "安全", "类": "管网安全", "层": "双高"}}, {"type": "Feature", "geometry": {"type": "Point", "coordinates": [111.319368, 30.670576]}, "properties": {"社区": "宝联社区", "类型": "诉求", "方面": "安全", "类": "管网安全", "层": "双高"}}, {"type": "Feature", "geometry": {"type": "Point", "coordinates": [111.294335, 30.68878]}, "properties": {"社区": "胜利二路社区", "类型": "诉求", "方面": "安全", "类": "管网安全", "层": "双高"}}, {"type": "Feature", "geometry": {"type": "Point", "coordinates": [111.322654, 30.672275]}, "properties": {"社区": "宝联社区", "类型": "诉求", "方面": "安全", "类": "管网安全", "层": "双高"}}, {"type": "Feature", "geometry": {"type": "Point", "coordinates": [111.322654, 30.672275]}, "properties": {"社区": "宝联社区", "类型": "诉求", "方面": "安全", "类": "管网安全", "层": "双高"}}, {"type": "Feature", "geometry": {"type": "Point", "coordinates": [111.293992, 30.690554]}, "properties": {"社区": "胜利二路社区", "类型": "诉求", "方面": "安全", "类": "管网安全", "层": "双高"}}, {"type": "Feature", "geometry": {"type": "Point", "coordinates": [111.292642, 30.691585]}, "properties": {"社区": "胜利四路社区", "类型": "诉求", "方面": "安全", "类": "出行安全", "层": "双高"}}, {"type": "Feature", "geometry": {"type": "Point", "coordinates": [111.319368, 30.670576]}, "properties": {"社区": "宝联社区", "类型": "诉求", "方面": "安全", "类": "出行安全", "层": "双高"}}, {"type": "Feature", "geometry": {"type": "Point", "coordinates": [111.292642, 30.691585]}, "properties": {"社区": "胜利四路社区", "类型": "诉求", "方面": "安全", "类": "出行安全", "层": "双高"}}, {"type": "Feature", "geometry": {"type": "Point", "coordinates": [111.294551, 30.68991]}, "properties": {"社区": "胜利二路社区", "类型": "诉求", "方面": "安全", "类": "管网安全", "层": "双高"}}, {"type": "Feature", "geometry": {"type": "Point", "coordinates": [111.292642, 30.691585]}, "properties": {"社区": "胜利四路社区", "类型": "诉求", "方面": "安全", "类": "管网安全", "层": "双高"}}, {"type": "Feature", "geometry": {"type": "Point", "coordinates": [111.319368, 30.670576]}, "properties": {"社区": "宝联社区", "类型": "诉求", "方面": "安全", "类": "管网安全", "层": "双高"}}, {"type": "Feature", "geometry": {"type": "Point", "coordinates": [111.319368, 30.670576]}, "properties": {"社区": "宝联社区", "类型": "诉求", "方面": "安全", "类": "出行安全", "层": "双高"}}, {"type": "Feature", "geometry": {"type": "Point", "coordinates": [111.292642, 30.691585]}, "properties": {"社区": "胜利四路社区", "类型": "诉求", "方面": "安全", "类": "出行安全", "层": "双高"}}, {"type": "Feature", "geometry": {"type": "Point", "coordinates": [111.292642, 30.691585]}, "properties": {"社区": "胜利四路社区", "类型": "诉求", "方面": "安全", "类": "出行安全", "层": "双高"}}, {"type": "Feature", "geometry": {"type": "Point", "coordinates": [111.292642, 30.691585]}, "properties": {"社区": "胜利四路社区", "类型": "诉求", "方面": "安全", "类": "出行安全", "层": "双高"}}, {"type": "Feature", "geometry": {"type": "Point", "coordinates": [111.318761, 30.671257]}, "properties": {"社区": "宝联社区", "类型": "诉求", "方面": "安全", "类": "管网安全", "层": "双高"}}, {"type": "Feature", "geometry": {"type": "Point", "coordinates": [111.294437, 30.689538]}, "properties": {"社区": "胜利二路社区", "类型": "诉求", "方面": "安全", "类": "出行安全", "层": "双高"}}, {"type": "Feature", "geometry": {"type": "Point", "coordinates": [111.290924, 30.690738]}, "properties": {"社区": "胜利四路社区", "类型": "诉求", "方面": "安全", "类": "管网安全", "层": "双高"}}, {"type": "Feature", "geometry": {"type": "Point", "coordinates": [111.294541, 30.688442]}, "properties": {"社区": "胜利二路社区", "类型": "诉求", "方面": "安全", "类": "出行安全", "层": "双高"}}, {"type": "Feature", "geometry": {"type": "Point", "coordinates": [111.292642, 30.691585]}, "properties": {"社区": "胜利四路社区", "类型": "诉求", "方面": "安全", "类": "消防安全", "层": "双高"}}, {"type": "Feature", "geometry": {"type": "Point", "coordinates": [111.330249, 30.705617]}, "properties": {"社区": "汕头路社区", "类型": "诉求", "方面": "安全", "类": "管网安全", "层": "双高"}}, {"type": "Feature", "geometry": {"type": "Point", "coordinates": [111.2918, 30.71167]}, "properties": {"社区": "营盘路社区", "类型": "诉求", "方面": "安全", "类": "管网安全", "层": "双高"}}, {"type": "Feature", "geometry": {"type": "Point", "coordinates": [111.331032, 30.706984]}, "properties": {"社区": "汕头路社区", "类型": "诉求", "方面": "安全", "类": "出行安全", "层": "双高"}}, {"type": "Feature", "geometry": {"type": "Point", "coordinates": [111.294161, 30.690145]}, "properties": {"社区": "胜利二路社区", "类型": "诉求", "方面": "安全", "类": "消防安全", "层": "双高"}}, {"type": "Feature", "geometry": {"type": "Point", "coordinates": [111.319368, 30.670576]}, "properties": {"社区": "宝联社区", "类型": "诉求", "方面": "安全", "类": "出行安全", "层": "双高"}}, {"type": "Feature", "geometry": {"type": "Point", "coordinates": [111.318761, 30.671257]}, "properties": {"社区": "宝联社区", "类型": "诉求", "方面": "安全", "类": "管网安全", "层": "双高"}}, {"type": "Feature", "geometry": {"type": "Point", "coordinates": [111.290924, 30.690738]}, "properties": {"社区": "胜利四路社区", "类型": "诉求", "方面": "安全", "类": "管网安全", "层": "双高"}}, {"type": "Feature", "geometry": {"type": "Point", "coordinates": [111.318761, 30.671257]}, "properties": {"社区": "宝联社区", "类型": "诉求", "方面": "安全", "类": "管网安全", "层": "双高"}}, {"type": "Feature", "geometry": {"type": "Point", "coordinates": [111.319368, 30.670576]}, "properties": {"社区": "宝联社区", "类型": "诉求", "方面": "安全", "类": "管网安全", "层": "双高"}}, {"type": "Feature", "geometry": {"type": "Point", "coordinates": [111.322654, 30.672275]}, "properties": {"社区": "宝联社区", "类型": "诉求", "方面": "安全", "类": "出行安全", "层": "双高"}}, {"type": "Feature", "geometry": {"type": "Point", "coordinates": [111.319368, 30.670576]}, "properties": {"社区": "宝联社区", "类型": "诉求", "方面": "安全", "类": "消防安全", "层": "双高"}}, {"type": "Feature", "geometry": {"type": "Point", "coordinates": [111.34358, 30.718952]}, "properties": {"社区": "汕头路社区", "类型": "诉求", "方面": "安全", "类": "出行安全", "层": "双高"}}, {"type": "Feature", "geometry": {"type": "Point", "coordinates": [111.318086, 30.674139]}, "properties": {"社区": "宝联社区", "类型": "诉求", "方面": "安全", "类": "消防安全", "层": "双高"}}, {"type": "Feature", "geometry": {"type": "Point", "coordinates": [111.318086, 30.674139]}, "properties": {"社区": "宝联社区", "类型": "诉求", "方面": "安全", "类": "消防安全", "层": "双高"}}, {"type": "Feature", "geometry": {"type": "Point", "coordinates": [111.290924, 30.690738]}, "properties": {"社区": "胜利四路社区", "类型": "诉求", "方面": "安全", "类": "管网安全", "层": "双高"}}, {"type": "Feature", "geometry": {"type": "Point", "coordinates": [111.34358, 30.718952]}, "properties": {"社区": "汕头路社区", "类型": "诉求", "方面": "安全", "类": "管网安全", "层": "双高"}}, {"type": "Feature", "geometry": {"type": "Point", "coordinates": [111.297857, 30.718213]}, "properties": {"社区": "营盘路社区", "类型": "诉求", "方面": "安全", "类": "消防安全", "层": "双高"}}, {"type": "Feature", "geometry": {"type": "Point", "coordinates": [111.34358, 30.718952]}, "properties": {"社区": "汕头路社区", "类型": "诉求", "方面": "安全", "类": "出行安全", "层": "双高"}}, {"type": "Feature", "geometry": {"type": "Point", "coordinates": [111.324757, 30.719757]}, "properties": {"社区": "汕头路社区", "类型": "诉求", "方面": "安全", "类": "管网安全", "层": "双高"}}, {"type": "Feature", "geometry": {"type": "Point", "coordinates": [111.297857, 30.718213]}, "properties": {"社区": "营盘路社区", "类型": "诉求", "方面": "安全", "类": "管网安全", "层": "双高"}}, {"type": "Feature", "geometry": {"type": "Point", "coordinates": [111.297857, 30.718213]}, "properties": {"社区": "营盘路社区", "类型": "诉求", "方面": "安全", "类": "出行安全", "层": "双高"}}, {"type": "Feature", "geometry": {"type": "Point", "coordinates": [111.318761, 30.671257]}, "properties": {"社区": "宝联社区", "类型": "诉求", "方面": "安全", "类": "管网安全", "层": "双高"}}, {"type": "Feature", "geometry": {"type": "Point", "coordinates": [111.324757, 30.719757]}, "properties": {"社区": "汕头路社区", "类型": "诉求", "方面": "安全", "类": "管网安全", "层": "双高"}}, {"type": "Feature", "geometry": {"type": "Point", "coordinates": [111.292642, 30.691585]}, "properties": {"社区": "胜利四路社区", "类型": "诉求", "方面": "安全", "类": "管网安全", "层": "双高"}}, {"type": "Feature", "geometry": {"type": "Point", "coordinates": [111.292642, 30.691585]}, "properties": {"社区": "胜利四路社区", "类型": "诉求", "方面": "安全", "类": "出行安全", "层": "双高"}}, {"type": "Feature", "geometry": {"type": "Point", "coordinates": [111.319368, 30.670576]}, "properties": {"社区": "宝联社区", "类型": "诉求", "方面": "安全", "类": "管网安全", "层": "双高"}}, {"type": "Feature", "geometry": {"type": "Point", "coordinates": [111.319368, 30.670576]}, "properties": {"社区": "宝联社区", "类型": "诉求", "方面": "安全", "类": "管网安全", "层": "双高"}}, {"type": "Feature", "geometry": {"type": "Point", "coordinates": [111.297857, 30.718213]}, "properties": {"社区": "营盘路社区", "类型": "诉求", "方面": "安全", "类": "管网安全", "层": "双高"}}, {"type": "Feature", "geometry": {"type": "Point", "coordinates": [111.289381, 30.711803]}, "properties": {"社区": "营盘路社区", "类型": "诉求", "方面": "安全", "类": "管网安全", "层": "双高"}}, {"type": "Feature", "geometry": {"type": "Point", "coordinates": [111.2918, 30.71167]}, "properties": {"社区": "营盘路社区", "类型": "诉求", "方面": "安全", "类": "消防安全", "层": "双高"}}, {"type": "Feature", "geometry": {"type": "Point", "coordinates": [111.292642, 30.691585]}, "properties": {"社区": "胜利四路社区", "类型": "诉求", "方面": "安全", "类": "管网安全", "层": "双高"}}, {"type": "Feature", "geometry": {"type": "Point", "coordinates": [111.318761, 30.671257]}, "properties": {"社区": "宝联社区", "类型": "诉求", "方面": "民生", "类": "出行", "层": "双高"}}, {"type": "Feature", "geometry": {"type": "Point", "coordinates": [111.324757, 30.719757]}, "properties": {"社区": "汕头路社区", "类型": "诉求", "方面": "民生", "类": "住宅", "层": "双高"}}, {"type": "Feature", "geometry": {"type": "Point", "coordinates": [111.319368, 30.670576]}, "properties": {"社区": "宝联社区", "类型": "诉求", "方面": "民生", "类": "出行", "层": "双高"}}, {"type": "Feature", "geometry": {"type": "Point", "coordinates": [111.293992, 30.690554]}, "properties": {"社区": "胜利二路社区", "类型": "诉求", "方面": "民生", "类": "住宅", "层": "双高"}}, {"type": "Feature", "geometry": {"type": "Point", "coordinates": [111.324757, 30.719757]}, "properties": {"社区": "汕头路社区", "类型": "诉求", "方面": "民生", "类": "住宅", "层": "双高"}}, {"type": "Feature", "geometry": {"type": "Point", "coordinates": [111.294015, 30.691092]}, "properties": {"社区": "胜利二路社区", "类型": "诉求", "方面": "民生", "类": "住宅", "层": "双高"}}, {"type": "Feature", "geometry": {"type": "Point", "coordinates": [111.29301, 30.688575]}, "properties": {"社区": "胜利二路社区", "类型": "诉求", "方面": "民生", "类": "噪声", "层": "双高"}}, {"type": "Feature", "geometry": {"type": "Point", "coordinates": [111.293698, 30.690483]}, "properties": {"社区": "胜利二路社区", "类型": "诉求", "方面": "民生", "类": "住宅", "层": "双高"}}, {"type": "Feature", "geometry": {"type": "Point", "coordinates": [111.296279, 30.687455]}, "properties": {"社区": "胜利二路社区", "类型": "诉求", "方面": "民生", "类": "噪声", "层": "双高"}}, {"type": "Feature", "geometry": {"type": "Point", "coordinates": [111.292391, 30.715288]}, "properties": {"社区": "营盘路社区", "类型": "诉求", "方面": "民生", "类": "停车", "层": "双高"}}, {"type": "Feature", "geometry": {"type": "Point", "coordinates": [111.324757, 30.719757]}, "properties": {"社区": "汕头路社区", "类型": "诉求", "方面": "民生", "类": "住宅", "层": "双高"}}, {"type": "Feature", "geometry": {"type": "Point", "coordinates": [111.2918, 30.71167]}, "properties": {"社区": "营盘路社区", "类型": "诉求", "方面": "民生", "类": "噪声", "层": "双高"}}, {"type": "Feature", "geometry": {"type": "Point", "coordinates": [111.319368, 30.670576]}, "properties": {"社区": "宝联社区", "类型": "诉求", "方面": "民生", "类": "住宅", "层": "双高"}}, {"type": "Feature", "geometry": {"type": "Point", "coordinates": [111.293992, 30.690554]}, "properties": {"社区": "胜利二路社区", "类型": "诉求", "方面": "民生", "类": "住宅", "层": "双高"}}, {"type": "Feature", "geometry": {"type": "Point", "coordinates": [111.294437, 30.689538]}, "properties": {"社区": "胜利二路社区", "类型": "诉求", "方面": "民生", "类": "住宅", "层": "双高"}}, {"type": "Feature", "geometry": {"type": "Point", "coordinates": [111.324757, 30.719757]}, "properties": {"社区": "汕头路社区", "类型": "诉求", "方面": "民生", "类": "住宅", "层": "双高"}}, {"type": "Feature", "geometry": {"type": "Point", "coordinates": [111.294991, 30.716357]}, "properties": {"社区": "营盘路社区", "类型": "诉求", "方面": "民生", "类": "停车", "层": "双高"}}, {"type": "Feature", "geometry": {"type": "Point", "coordinates": [111.294015, 30.691092]}, "properties": {"社区": "胜利二路社区", "类型": "诉求", "方面": "民生", "类": "住宅", "层": "双高"}}, {"type": "Feature", "geometry": {"type": "Point", "coordinates": [111.292562, 30.692424]}, "properties": {"社区": "胜利四路社区", "类型": "诉求", "方面": "民生", "类": "噪声", "层": "双高"}}, {"type": "Feature", "geometry": {"type": "Point", "coordinates": [111.2918, 30.71167]}, "properties": {"社区": "营盘路社区", "类型": "诉求", "方面": "民生", "类": "噪声", "层": "双高"}}, {"type": "Feature", "geometry": {"type": "Point", "coordinates": [111.289351, 30.711877]}, "properties": {"社区": "营盘路社区", "类型": "诉求", "方面": "民生", "类": "住宅", "层": "双高"}}, {"type": "Feature", "geometry": {"type": "Point", "coordinates": [111.289351, 30.711877]}, "properties": {"社区": "营盘路社区", "类型": "诉求", "方面": "民生", "类": "住宅", "层": "双高"}}, {"type": "Feature", "geometry": {"type": "Point", "coordinates": [111.292642, 30.691585]}, "properties": {"社区": "胜利四路社区", "类型": "诉求", "方面": "民生", "类": "住宅", "层": "双高"}}, {"type": "Feature", "geometry": {"type": "Point", "coordinates": [111.29301, 30.688575]}, "properties": {"社区": "胜利二路社区", "类型": "诉求", "方面": "民生", "类": "噪声", "层": "双高"}}, {"type": "Feature", "geometry": {"type": "Point", "coordinates": [111.319189, 30.672867]}, "properties": {"社区": "宝联社区", "类型": "诉求", "方面": "民生", "类": "住宅", "层": "双高"}}, {"type": "Feature", "geometry": {"type": "Point", "coordinates": [111.318761, 30.671257]}, "properties": {"社区": "宝联社区", "类型": "诉求", "方面": "民生", "类": "物业", "层": "双高"}}, {"type": "Feature", "geometry": {"type": "Point", "coordinates": [111.293992, 30.690554]}, "properties": {"社区": "胜利二路社区", "类型": "诉求", "方面": "民生", "类": "住宅", "层": "双高"}}, {"type": "Feature", "geometry": {"type": "Point", "coordinates": [111.292642, 30.691585]}, "properties": {"社区": "胜利四路社区", "类型": "诉求", "方面": "民生", "类": "住宅", "层": "双高"}}, {"type": "Feature", "geometry": {"type": "Point", "coordinates": [111.2918, 30.71167]}, "properties": {"社区": "营盘路社区", "类型": "诉求", "方面": "民生", "类": "停车", "层": "双高"}}, {"type": "Feature", "geometry": {"type": "Point", "coordinates": [111.317852, 30.674836]}, "properties": {"社区": "宝联社区", "类型": "诉求", "方面": "民生", "类": "噪声", "层": "双高"}}, {"type": "Feature", "geometry": {"type": "Point", "coordinates": [111.292642, 30.691585]}, "properties": {"社区": "胜利四路社区", "类型": "诉求", "方面": "民生", "类": "停车", "层": "双高"}}, {"type": "Feature", "geometry": {"type": "Point", "coordinates": [111.29301, 30.688575]}, "properties": {"社区": "胜利二路社区", "类型": "诉求", "方面": "民生", "类": "停车", "层": "双高"}}, {"type": "Feature", "geometry": {"type": "Point", "coordinates": [111.29301, 30.688575]}, "properties": {"社区": "胜利二路社区", "类型": "诉求", "方面": "民生", "类": "噪声", "层": "双高"}}, {"type": "Feature", "geometry": {"type": "Point", "coordinates": [111.2918, 30.71167]}, "properties": {"社区": "营盘路社区", "类型": "诉求", "方面": "民生", "类": "物业", "层": "双高"}}, {"type": "Feature", "geometry": {"type": "Point", "coordinates": [111.292642, 30.691585]}, "properties": {"社区": "胜利四路社区", "类型": "诉求", "方面": "民生", "类": "噪声", "层": "双高"}}, {"type": "Feature", "geometry": {"type": "Point", "coordinates": [111.296295, 30.686334]}, "properties": {"社区": "胜利二路社区", "类型": "诉求", "方面": "民生", "类": "出行", "层": "双高"}}, {"type": "Feature", "geometry": {"type": "Point", "coordinates": [111.324757, 30.719757]}, "properties": {"社区": "汕头路社区", "类型": "诉求", "方面": "民生", "类": "住宅", "层": "双高"}}, {"type": "Feature", "geometry": {"type": "Point", "coordinates": [111.294015, 30.691092]}, "properties": {"社区": "胜利二路社区", "类型": "诉求", "方面": "民生", "类": "住宅", "层": "双高"}}, {"type": "Feature", "geometry": {"type": "Point", "coordinates": [111.2918, 30.71167]}, "properties": {"社区": "营盘路社区", "类型": "诉求", "方面": "民生", "类": "停车", "层": "双高"}}, {"type": "Feature", "geometry": {"type": "Point", "coordinates": [111.33251, 30.709839]}, "properties": {"社区": "汕头路社区", "类型": "诉求", "方面": "民生", "类": "停车", "层": "双高"}}, {"type": "Feature", "geometry": {"type": "Point", "coordinates": [111.324757, 30.719757]}, "properties": {"社区": "汕头路社区", "类型": "诉求", "方面": "民生", "类": "住宅", "层": "双高"}}, {"type": "Feature", "geometry": {"type": "Point", "coordinates": [111.292642, 30.691585]}, "properties": {"社区": "胜利四路社区", "类型": "诉求", "方面": "民生", "类": "出行", "层": "双高"}}, {"type": "Feature", "geometry": {"type": "Point", "coordinates": [111.292642, 30.691585]}, "properties": {"社区": "胜利四路社区", "类型": "诉求", "方面": "民生", "类": "住宅", "层": "双高"}}, {"type": "Feature", "geometry": {"type": "Point", "coordinates": [111.324757, 30.719757]}, "properties": {"社区": "汕头路社区", "类型": "诉求", "方面": "民生", "类": "住宅", "层": "双高"}}, {"type": "Feature", "geometry": {"type": "Point", "coordinates": [111.292562, 30.692424]}, "properties": {"社区": "胜利四路社区", "类型": "诉求", "方面": "民生", "类": "住宅", "层": "双高"}}, {"type": "Feature", "geometry": {"type": "Point", "coordinates": [111.293992, 30.690554]}, "properties": {"社区": "胜利二路社区", "类型": "诉求", "方面": "民生", "类": "住宅", "层": "双高"}}, {"type": "Feature", "geometry": {"type": "Point", "coordinates": [111.294541, 30.688442]}, "properties": {"社区": "胜利二路社区", "类型": "诉求", "方面": "民生", "类": "噪声", "层": "双高"}}, {"type": "Feature", "geometry": {"type": "Point", "coordinates": [111.290924, 30.690738]}, "properties": {"社区": "胜利四路社区", "类型": "诉求", "方面": "民生", "类": "住宅", "层": "双高"}}, {"type": "Feature", "geometry": {"type": "Point", "coordinates": [111.319368, 30.670576]}, "properties": {"社区": "宝联社区", "类型": "诉求", "方面": "民生", "类": "住宅", "层": "双高"}}, {"type": "Feature", "geometry": {"type": "Point", "coordinates": [111.324757, 30.719757]}, "properties": {"社区": "汕头路社区", "类型": "诉求", "方面": "民生", "类": "住宅", "层": "双高"}}, {"type": "Feature", "geometry": {"type": "Point", "coordinates": [111.2918, 30.71167]}, "properties": {"社区": "营盘路社区", "类型": "诉求", "方面": "民生", "类": "物业", "层": "双高"}}, {"type": "Feature", "geometry": {"type": "Point", "coordinates": [111.290924, 30.690738]}, "properties": {"社区": "胜利四路社区", "类型": "诉求", "方面": "民生", "类": "噪声", "层": "双高"}}, {"type": "Feature", "geometry": {"type": "Point", "coordinates": [111.29301, 30.688575]}, "properties": {"社区": "胜利二路社区", "类型": "诉求", "方面": "民生", "类": "物业", "层": "双高"}}, {"type": "Feature", "geometry": {"type": "Point", "coordinates": [111.293992, 30.690554]}, "properties": {"社区": "胜利二路社区", "类型": "诉求", "方面": "民生", "类": "噪声", "层": "双高"}}, {"type": "Feature", "geometry": {"type": "Point", "coordinates": [111.324757, 30.719757]}, "properties": {"社区": "汕头路社区", "类型": "诉求", "方面": "民生", "类": "物业", "层": "双高"}}, {"type": "Feature", "geometry": {"type": "Point", "coordinates": [111.292642, 30.691585]}, "properties": {"社区": "胜利四路社区", "类型": "诉求", "方面": "民生", "类": "噪声", "层": "双高"}}, {"type": "Feature", "geometry": {"type": "Point", "coordinates": [111.29289, 30.691914]}, "properties": {"社区": "胜利四路社区", "类型": "诉求", "方面": "民生", "类": "噪声", "层": "双高"}}, {"type": "Feature", "geometry": {"type": "Point", "coordinates": [111.325705, 30.713165]}, "properties": {"社区": "汕头路社区", "类型": "诉求", "方面": "民生", "类": "噪声", "层": "双高"}}, {"type": "Feature", "geometry": {"type": "Point", "coordinates": [111.290924, 30.690738]}, "properties": {"社区": "胜利四路社区", "类型": "诉求", "方面": "民生", "类": "停车", "层": "双高"}}, {"type": "Feature", "geometry": {"type": "Point", "coordinates": [111.292642, 30.691585]}, "properties": {"社区": "胜利四路社区", "类型": "诉求", "方面": "民生", "类": "物业", "层": "双高"}}, {"type": "Feature", "geometry": {"type": "Point", "coordinates": [111.294161, 30.690145]}, "properties": {"社区": "胜利二路社区", "类型": "诉求", "方面": "民生", "类": "住宅", "层": "双高"}}, {"type": "Feature", "geometry": {"type": "Point", "coordinates": [111.330249, 30.705617]}, "properties": {"社区": "汕头路社区", "类型": "诉求", "方面": "民生", "类": "噪声", "层": "双高"}}, {"type": "Feature", "geometry": {"type": "Point", "coordinates": [111.294437, 30.689538]}, "properties": {"社区": "胜利二路社区", "类型": "诉求", "方面": "民生", "类": "物业", "层": "双高"}}, {"type": "Feature", "geometry": {"type": "Point", "coordinates": [111.290924, 30.690738]}, "properties": {"社区": "胜利四路社区", "类型": "诉求", "方面": "民生", "类": "噪声", "层": "双高"}}, {"type": "Feature", "geometry": {"type": "Point", "coordinates": [111.324757, 30.719757]}, "properties": {"社区": "汕头路社区", "类型": "诉求", "方面": "民生", "类": "出行", "层": "双高"}}, {"type": "Feature", "geometry": {"type": "Point", "coordinates": [111.324757, 30.719757]}, "properties": {"社区": "汕头路社区", "类型": "诉求", "方面": "民生", "类": "住宅", "层": "双高"}}, {"type": "Feature", "geometry": {"type": "Point", "coordinates": [111.290924, 30.690738]}, "properties": {"社区": "胜利四路社区", "类型": "诉求", "方面": "民生", "类": "噪声", "层": "双高"}}, {"type": "Feature", "geometry": {"type": "Point", "coordinates": [111.292642, 30.691585]}, "properties": {"社区": "胜利四路社区", "类型": "诉求", "方面": "民生", "类": "噪声", "层": "双高"}}, {"type": "Feature", "geometry": {"type": "Point", "coordinates": [111.293992, 30.690554]}, "properties": {"社区": "胜利二路社区", "类型": "诉求", "方面": "民生", "类": "住宅", "层": "双高"}}, {"type": "Feature", "geometry": {"type": "Point", "coordinates": [111.293992, 30.690554]}, "properties": {"社区": "胜利二路社区", "类型": "诉求", "方面": "民生", "类": "噪声", "层": "双高"}}, {"type": "Feature", "geometry": {"type": "Point", "coordinates": [111.324757, 30.719757]}, "properties": {"社区": "汕头路社区", "类型": "诉求", "方面": "民生", "类": "住宅", "层": "双高"}}, {"type": "Feature", "geometry": {"type": "Point", "coordinates": [111.318761, 30.671257]}, "properties": {"社区": "宝联社区", "类型": "诉求", "方面": "民生", "类": "噪声", "层": "双高"}}, {"type": "Feature", "geometry": {"type": "Point", "coordinates": [111.289351, 30.711877]}, "properties": {"社区": "营盘路社区", "类型": "诉求", "方面": "民生", "类": "噪声", "层": "双高"}}, {"type": "Feature", "geometry": {"type": "Point", "coordinates": [111.324757, 30.719757]}, "properties": {"社区": "汕头路社区", "类型": "诉求", "方面": "民生", "类": "出行", "层": "双高"}}, {"type": "Feature", "geometry": {"type": "Point", "coordinates": [111.2918, 30.71167]}, "properties": {"社区": "营盘路社区", "类型": "诉求", "方面": "民生", "类": "住宅", "层": "双高"}}, {"type": "Feature", "geometry": {"type": "Point", "coordinates": [111.317852, 30.674836]}, "properties": {"社区": "宝联社区", "类型": "诉求", "方面": "民生", "类": "噪声", "层": "双高"}}, {"type": "Feature", "geometry": {"type": "Point", "coordinates": [111.319368, 30.670576]}, "properties": {"社区": "宝联社区", "类型": "诉求", "方面": "民生", "类": "物业", "层": "双高"}}, {"type": "Feature", "geometry": {"type": "Point", "coordinates": [111.29301, 30.688575]}, "properties": {"社区": "胜利二路社区", "类型": "诉求", "方面": "民生", "类": "噪声", "层": "双高"}}, {"type": "Feature", "geometry": {"type": "Point", "coordinates": [111.324757, 30.719757]}, "properties": {"社区": "汕头路社区", "类型": "诉求", "方面": "民生", "类": "住宅", "层": "双高"}}, {"type": "Feature", "geometry": {"type": "Point", "coordinates": [111.2918, 30.71167]}, "properties": {"社区": "营盘路社区", "类型": "诉求", "方面": "民生", "类": "出行", "层": "双高"}}, {"type": "Feature", "geometry": {"type": "Point", "coordinates": [111.318761, 30.671257]}, "properties": {"社区": "宝联社区", "类型": "诉求", "方面": "民生", "类": "出行", "层": "双高"}}, {"type": "Feature", "geometry": {"type": "Point", "coordinates": [111.293199, 30.692239]}, "properties": {"社区": "胜利四路社区", "类型": "诉求", "方面": "民生", "类": "噪声", "层": "双高"}}, {"type": "Feature", "geometry": {"type": "Point", "coordinates": [111.324757, 30.719757]}, "properties": {"社区": "汕头路社区", "类型": "诉求", "方面": "民生", "类": "住宅", "层": "双高"}}, {"type": "Feature", "geometry": {"type": "Point", "coordinates": [111.319368, 30.670576]}, "properties": {"社区": "宝联社区", "类型": "诉求", "方面": "民生", "类": "住宅", "层": "双高"}}, {"type": "Feature", "geometry": {"type": "Point", "coordinates": [111.294991, 30.716357]}, "properties": {"社区": "营盘路社区", "类型": "诉求", "方面": "民生", "类": "噪声", "层": "双高"}}, {"type": "Feature", "geometry": {"type": "Point", "coordinates": [111.324757, 30.719757]}, "properties": {"社区": "汕头路社区", "类型": "诉求", "方面": "民生", "类": "住宅", "层": "双高"}}, {"type": "Feature", "geometry": {"type": "Point", "coordinates": [111.319368, 30.670576]}, "properties": {"社区": "宝联社区", "类型": "诉求", "方面": "民生", "类": "出行", "层": "双高"}}, {"type": "Feature", "geometry": {"type": "Point", "coordinates": [111.294437, 30.689538]}, "properties": {"社区": "胜利二路社区", "类型": "诉求", "方面": "民生", "类": "住宅", "层": "双高"}}, {"type": "Feature", "geometry": {"type": "Point", "coordinates": [111.325705, 30.713165]}, "properties": {"社区": "汕头路社区", "类型": "诉求", "方面": "民生", "类": "噪声", "层": "双高"}}, {"type": "Feature", "geometry": {"type": "Point", "coordinates": [111.324757, 30.719757]}, "properties": {"社区": "汕头路社区", "类型": "诉求", "方面": "民生", "类": "住宅", "层": "双高"}}, {"type": "Feature", "geometry": {"type": "Point", "coordinates": [111.319368, 30.670576]}, "properties": {"社区": "宝联社区", "类型": "诉求", "方面": "民生", "类": "停车", "层": "双高"}}, {"type": "Feature", "geometry": {"type": "Point", "coordinates": [111.290924, 30.690738]}, "properties": {"社区": "胜利四路社区", "类型": "诉求", "方面": "民生", "类": "噪声", "层": "双高"}}, {"type": "Feature", "geometry": {"type": "Point", "coordinates": [111.295755, 30.687291]}, "properties": {"社区": "胜利二路社区", "类型": "诉求", "方面": "民生", "类": "噪声", "层": "双高"}}, {"type": "Feature", "geometry": {"type": "Point", "coordinates": [111.324757, 30.719757]}, "properties": {"社区": "汕头路社区", "类型": "诉求", "方面": "民生", "类": "住宅", "层": "双高"}}, {"type": "Feature", "geometry": {"type": "Point", "coordinates": [111.319368, 30.670576]}, "properties": {"社区": "宝联社区", "类型": "诉求", "方面": "民生", "类": "出行", "层": "双高"}}, {"type": "Feature", "geometry": {"type": "Point", "coordinates": [111.2918, 30.71167]}, "properties": {"社区": "营盘路社区", "类型": "诉求", "方面": "民生", "类": "出行", "层": "双高"}}, {"type": "Feature", "geometry": {"type": "Point", "coordinates": [111.324757, 30.719757]}, "properties": {"社区": "汕头路社区", "类型": "诉求", "方面": "民生", "类": "住宅", "层": "双高"}}, {"type": "Feature", "geometry": {"type": "Point", "coordinates": [111.2918, 30.71167]}, "properties": {"社区": "营盘路社区", "类型": "诉求", "方面": "民生", "类": "住宅", "层": "双高"}}, {"type": "Feature", "geometry": {"type": "Point", "coordinates": [111.290924, 30.690738]}, "properties": {"社区": "胜利四路社区", "类型": "诉求", "方面": "民生", "类": "物业", "层": "双高"}}, {"type": "Feature", "geometry": {"type": "Point", "coordinates": [111.293829, 30.688515]}, "properties": {"社区": "胜利二路社区", "类型": "诉求", "方面": "民生", "类": "噪声", "层": "双高"}}, {"type": "Feature", "geometry": {"type": "Point", "coordinates": [111.295232, 30.688134]}, "properties": {"社区": "胜利二路社区", "类型": "诉求", "方面": "民生", "类": "噪声", "层": "双高"}}, {"type": "Feature", "geometry": {"type": "Point", "coordinates": [111.2918, 30.71167]}, "properties": {"社区": "营盘路社区", "类型": "诉求", "方面": "民生", "类": "停车", "层": "双高"}}, {"type": "Feature", "geometry": {"type": "Point", "coordinates": [111.319368, 30.670576]}, "properties": {"社区": "宝联社区", "类型": "诉求", "方面": "民生", "类": "噪声", "层": "双高"}}, {"type": "Feature", "geometry": {"type": "Point", "coordinates": [111.298446, 30.686835]}, "properties": {"社区": "胜利二路社区", "类型": "诉求", "方面": "民生", "类": "噪声", "层": "双高"}}, {"type": "Feature", "geometry": {"type": "Point", "coordinates": [111.319368, 30.670576]}, "properties": {"社区": "宝联社区", "类型": "诉求", "方面": "民生", "类": "噪声", "层": "双高"}}, {"type": "Feature", "geometry": {"type": "Point", "coordinates": [111.317238, 30.674347]}, "properties": {"社区": "宝联社区", "类型": "诉求", "方面": "民生", "类": "住宅", "层": "双高"}}, {"type": "Feature", "geometry": {"type": "Point", "coordinates": [111.319189, 30.672867]}, "properties": {"社区": "宝联社区", "类型": "诉求", "方面": "民生", "类": "住宅", "层": "双高"}}, {"type": "Feature", "geometry": {"type": "Point", "coordinates": [111.290924, 30.690738]}, "properties": {"社区": "胜利四路社区", "类型": "诉求", "方面": "民生", "类": "噪声", "层": "双高"}}, {"type": "Feature", "geometry": {"type": "Point", "coordinates": [111.292642, 30.691585]}, "properties": {"社区": "胜利四路社区", "类型": "诉求", "方面": "民生", "类": "住宅", "层": "双高"}}, {"type": "Feature", "geometry": {"type": "Point", "coordinates": [111.2918, 30.71167]}, "properties": {"社区": "营盘路社区", "类型": "诉求", "方面": "民生", "类": "停车", "层": "双高"}}, {"type": "Feature", "geometry": {"type": "Point", "coordinates": [111.325839, 30.720891]}, "properties": {"社区": "汕头路社区", "类型": "诉求", "方面": "民生", "类": "住宅", "层": "双高"}}, {"type": "Feature", "geometry": {"type": "Point", "coordinates": [111.319368, 30.670576]}, "properties": {"社区": "宝联社区", "类型": "诉求", "方面": "民生", "类": "噪声", "层": "双高"}}, {"type": "Feature", "geometry": {"type": "Point", "coordinates": [111.324757, 30.719757]}, "properties": {"社区": "汕头路社区", "类型": "诉求", "方面": "民生", "类": "住宅", "层": "双高"}}, {"type": "Feature", "geometry": {"type": "Point", "coordinates": [111.291174, 30.692829]}, "properties": {"社区": "胜利四路社区", "类型": "诉求", "方面": "民生", "类": "物业", "层": "双高"}}, {"type": "Feature", "geometry": {"type": "Point", "coordinates": [111.324757, 30.719757]}, "properties": {"社区": "汕头路社区", "类型": "诉求", "方面": "民生", "类": "住宅", "层": "双高"}}, {"type": "Feature", "geometry": {"type": "Point", "coordinates": [111.324757, 30.719757]}, "properties": {"社区": "汕头路社区", "类型": "诉求", "方面": "民生", "类": "住宅", "层": "双高"}}, {"type": "Feature", "geometry": {"type": "Point", "coordinates": [111.322382, 30.672041]}, "properties": {"社区": "宝联社区", "类型": "诉求", "方面": "民生", "类": "停车", "层": "双高"}}, {"type": "Feature", "geometry": {"type": "Point", "coordinates": [111.293992, 30.690554]}, "properties": {"社区": "胜利二路社区", "类型": "诉求", "方面": "民生", "类": "住宅", "层": "双高"}}, {"type": "Feature", "geometry": {"type": "Point", "coordinates": [111.2918, 30.71167]}, "properties": {"社区": "营盘路社区", "类型": "诉求", "方面": "民生", "类": "住宅", "层": "双高"}}, {"type": "Feature", "geometry": {"type": "Point", "coordinates": [111.294437, 30.689538]}, "properties": {"社区": "胜利二路社区", "类型": "诉求", "方面": "民生", "类": "物业", "层": "双高"}}, {"type": "Feature", "geometry": {"type": "Point", "coordinates": [111.2918, 30.71167]}, "properties": {"社区": "营盘路社区", "类型": "诉求", "方面": "民生", "类": "噪声", "层": "双高"}}, {"type": "Feature", "geometry": {"type": "Point", "coordinates": [111.294161, 30.690145]}, "properties": {"社区": "胜利二路社区", "类型": "诉求", "方面": "民生", "类": "住宅", "层": "双高"}}, {"type": "Feature", "geometry": {"type": "Point", "coordinates": [111.323895, 30.672891]}, "properties": {"社区": "宝联社区", "类型": "诉求", "方面": "民生", "类": "出行", "层": "双高"}}, {"type": "Feature", "geometry": {"type": "Point", "coordinates": [111.324757, 30.719757]}, "properties": {"社区": "汕头路社区", "类型": "诉求", "方面": "民生", "类": "住宅", "层": "双高"}}, {"type": "Feature", "geometry": {"type": "Point", "coordinates": [111.316497, 30.673337]}, "properties": {"社区": "宝联社区", "类型": "诉求", "方面": "民生", "类": "噪声", "层": "双高"}}, {"type": "Feature", "geometry": {"type": "Point", "coordinates": [111.292642, 30.691585]}, "properties": {"社区": "胜利四路社区", "类型": "诉求", "方面": "民生", "类": "住宅", "层": "双高"}}, {"type": "Feature", "geometry": {"type": "Point", "coordinates": [111.292642, 30.691585]}, "properties": {"社区": "胜利四路社区", "类型": "诉求", "方面": "民生", "类": "物业", "层": "双高"}}, {"type": "Feature", "geometry": {"type": "Point", "coordinates": [111.293865, 30.688123]}, "properties": {"社区": "胜利二路社区", "类型": "诉求", "方面": "民生", "类": "停车", "层": "双高"}}, {"type": "Feature", "geometry": {"type": "Point", "coordinates": [111.324757, 30.719757]}, "properties": {"社区": "汕头路社区", "类型": "诉求", "方面": "民生", "类": "住宅", "层": "双高"}}, {"type": "Feature", "geometry": {"type": "Point", "coordinates": [111.293992, 30.690554]}, "properties": {"社区": "胜利二路社区", "类型": "诉求", "方面": "民生", "类": "住宅", "层": "双高"}}, {"type": "Feature", "geometry": {"type": "Point", "coordinates": [111.2918, 30.71167]}, "properties": {"社区": "营盘路社区", "类型": "诉求", "方面": "民生", "类": "噪声", "层": "双高"}}, {"type": "Feature", "geometry": {"type": "Point", "coordinates": [111.292642, 30.691585]}, "properties": {"社区": "胜利四路社区", "类型": "诉求", "方面": "民生", "类": "物业", "层": "双高"}}, {"type": "Feature", "geometry": {"type": "Point", "coordinates": [111.294437, 30.689538]}, "properties": {"社区": "胜利二路社区", "类型": "诉求", "方面": "民生", "类": "住宅", "层": "双高"}}, {"type": "Feature", "geometry": {"type": "Point", "coordinates": [111.2918, 30.71167]}, "properties": {"社区": "营盘路社区", "类型": "诉求", "方面": "民生", "类": "物业", "层": "双高"}}, {"type": "Feature", "geometry": {"type": "Point", "coordinates": [111.319368, 30.670576]}, "properties": {"社区": "宝联社区", "类型": "诉求", "方面": "民生", "类": "住宅", "层": "双高"}}, {"type": "Feature", "geometry": {"type": "Point", "coordinates": [111.298446, 30.686835]}, "properties": {"社区": "胜利二路社区", "类型": "诉求", "方面": "民生", "类": "噪声", "层": "双高"}}, {"type": "Feature", "geometry": {"type": "Point", "coordinates": [111.292642, 30.691585]}, "properties": {"社区": "胜利四路社区", "类型": "诉求", "方面": "民生", "类": "噪声", "层": "双高"}}, {"type": "Feature", "geometry": {"type": "Point", "coordinates": [111.324757, 30.719757]}, "properties": {"社区": "汕头路社区", "类型": "诉求", "方面": "民生", "类": "住宅", "层": "双高"}}, {"type": "Feature", "geometry": {"type": "Point", "coordinates": [111.29301, 30.688575]}, "properties": {"社区": "胜利二路社区", "类型": "诉求", "方面": "民生", "类": "停车", "层": "双高"}}, {"type": "Feature", "geometry": {"type": "Point", "coordinates": [111.2918, 30.71167]}, "properties": {"社区": "营盘路社区", "类型": "诉求", "方面": "民生", "类": "住宅", "层": "双高"}}, {"type": "Feature", "geometry": {"type": "Point", "coordinates": [111.2918, 30.71167]}, "properties": {"社区": "营盘路社区", "类型": "诉求", "方面": "民生", "类": "物业", "层": "双高"}}, {"type": "Feature", "geometry": {"type": "Point", "coordinates": [111.319368, 30.670576]}, "properties": {"社区": "宝联社区", "类型": "诉求", "方面": "民生", "类": "噪声", "层": "双高"}}, {"type": "Feature", "geometry": {"type": "Point", "coordinates": [111.292642, 30.691585]}, "properties": {"社区": "胜利四路社区", "类型": "诉求", "方面": "民生", "类": "物业", "层": "双高"}}, {"type": "Feature", "geometry": {"type": "Point", "coordinates": [111.296346, 30.687676]}, "properties": {"社区": "胜利二路社区", "类型": "诉求", "方面": "民生", "类": "停车", "层": "双高"}}, {"type": "Feature", "geometry": {"type": "Point", "coordinates": [111.291174, 30.692829]}, "properties": {"社区": "胜利四路社区", "类型": "诉求", "方面": "民生", "类": "停车", "层": "双高"}}, {"type": "Feature", "geometry": {"type": "Point", "coordinates": [111.324757, 30.719757]}, "properties": {"社区": "汕头路社区", "类型": "诉求", "方面": "民生", "类": "住宅", "层": "双高"}}, {"type": "Feature", "geometry": {"type": "Point", "coordinates": [111.290924, 30.690738]}, "properties": {"社区": "胜利四路社区", "类型": "诉求", "方面": "民生", "类": "住宅", "层": "双高"}}, {"type": "Feature", "geometry": {"type": "Point", "coordinates": [111.319189, 30.672867]}, "properties": {"社区": "宝联社区", "类型": "诉求", "方面": "民生", "类": "住宅", "层": "双高"}}, {"type": "Feature", "geometry": {"type": "Point", "coordinates": [111.289351, 30.711877]}, "properties": {"社区": "营盘路社区", "类型": "诉求", "方面": "民生", "类": "住宅", "层": "双高"}}, {"type": "Feature", "geometry": {"type": "Point", "coordinates": [111.317852, 30.674836]}, "properties": {"社区": "宝联社区", "类型": "诉求", "方面": "民生", "类": "噪声", "层": "双高"}}, {"type": "Feature", "geometry": {"type": "Point", "coordinates": [111.2918, 30.71167]}, "properties": {"社区": "营盘路社区", "类型": "诉求", "方面": "民生", "类": "噪声", "层": "双高"}}, {"type": "Feature", "geometry": {"type": "Point", "coordinates": [111.290924, 30.690738]}, "properties": {"社区": "胜利四路社区", "类型": "诉求", "方面": "民生", "类": "噪声", "层": "双高"}}, {"type": "Feature", "geometry": {"type": "Point", "coordinates": [111.29301, 30.688575]}, "properties": {"社区": "胜利二路社区", "类型": "诉求", "方面": "民生", "类": "噪声", "层": "双高"}}, {"type": "Feature", "geometry": {"type": "Point", "coordinates": [111.322654, 30.672275]}, "properties": {"社区": "宝联社区", "类型": "诉求", "方面": "民生", "类": "噪声", "层": "双高"}}, {"type": "Feature", "geometry": {"type": "Point", "coordinates": [111.2918, 30.71167]}, "properties": {"社区": "营盘路社区", "类型": "诉求", "方面": "民生", "类": "噪声", "层": "双高"}}, {"type": "Feature", "geometry": {"type": "Point", "coordinates": [111.298446, 30.686835]}, "properties": {"社区": "胜利二路社区", "类型": "诉求", "方面": "民生", "类": "噪声", "层": "双高"}}, {"type": "Feature", "geometry": {"type": "Point", "coordinates": [111.293992, 30.690554]}, "properties": {"社区": "胜利二路社区", "类型": "诉求", "方面": "民生", "类": "住宅", "层": "双高"}}, {"type": "Feature", "geometry": {"type": "Point", "coordinates": [111.324757, 30.719757]}, "properties": {"社区": "汕头路社区", "类型": "诉求", "方面": "民生", "类": "住宅", "层": "双高"}}, {"type": "Feature", "geometry": {"type": "Point", "coordinates": [111.2918, 30.71167]}, "properties": {"社区": "营盘路社区", "类型": "诉求", "方面": "民生", "类": "停车", "层": "双高"}}, {"type": "Feature", "geometry": {"type": "Point", "coordinates": [111.319368, 30.670576]}, "properties": {"社区": "宝联社区", "类型": "诉求", "方面": "民生", "类": "物业", "层": "双高"}}, {"type": "Feature", "geometry": {"type": "Point", "coordinates": [111.290924, 30.690738]}, "properties": {"社区": "胜利四路社区", "类型": "诉求", "方面": "民生", "类": "噪声", "层": "双高"}}, {"type": "Feature", "geometry": {"type": "Point", "coordinates": [111.292642, 30.691585]}, "properties": {"社区": "胜利四路社区", "类型": "诉求", "方面": "民生", "类": "住宅", "层": "双高"}}, {"type": "Feature", "geometry": {"type": "Point", "coordinates": [111.319368, 30.670576]}, "properties": {"社区": "宝联社区", "类型": "诉求", "方面": "民生", "类": "停车", "层": "双高"}}, {"type": "Feature", "geometry": {"type": "Point", "coordinates": [111.319368, 30.670576]}, "properties": {"社区": "宝联社区", "类型": "诉求", "方面": "民生", "类": "噪声", "层": "双高"}}, {"type": "Feature", "geometry": {"type": "Point", "coordinates": [111.297857, 30.718213]}, "properties": {"社区": "营盘路社区", "类型": "诉求", "方面": "民生", "类": "物业", "层": "双高"}}, {"type": "Feature", "geometry": {"type": "Point", "coordinates": [111.292642, 30.691585]}, "properties": {"社区": "胜利四路社区", "类型": "诉求", "方面": "民生", "类": "物业", "层": "双高"}}, {"type": "Feature", "geometry": {"type": "Point", "coordinates": [111.2918, 30.71167]}, "properties": {"社区": "营盘路社区", "类型": "诉求", "方面": "民生", "类": "物业", "层": "双高"}}, {"type": "Feature", "geometry": {"type": "Point", "coordinates": [111.293865, 30.688123]}, "properties": {"社区": "胜利二路社区", "类型": "诉求", "方面": "民生", "类": "噪声", "层": "双高"}}, {"type": "Feature", "geometry": {"type": "Point", "coordinates": [111.292642, 30.691585]}, "properties": {"社区": "胜利四路社区", "类型": "诉求", "方面": "民生", "类": "物业", "层": "双高"}}, {"type": "Feature", "geometry": {"type": "Point", "coordinates": [111.324757, 30.719757]}, "properties": {"社区": "汕头路社区", "类型": "诉求", "方面": "民生", "类": "住宅", "层": "双高"}}, {"type": "Feature", "geometry": {"type": "Point", "coordinates": [111.2918, 30.71167]}, "properties": {"社区": "营盘路社区", "类型": "诉求", "方面": "民生", "类": "住宅", "层": "双高"}}, {"type": "Feature", "geometry": {"type": "Point", "coordinates": [111.290924, 30.690738]}, "properties": {"社区": "胜利四路社区", "类型": "诉求", "方面": "民生", "类": "噪声", "层": "双高"}}, {"type": "Feature", "geometry": {"type": "Point", "coordinates": [111.322382, 30.672041]}, "properties": {"社区": "宝联社区", "类型": "诉求", "方面": "民生", "类": "物业", "层": "双高"}}, {"type": "Feature", "geometry": {"type": "Point", "coordinates": [111.2918, 30.71167]}, "properties": {"社区": "营盘路社区", "类型": "诉求", "方面": "民生", "类": "住宅", "层": "双高"}}, {"type": "Feature", "geometry": {"type": "Point", "coordinates": [111.324757, 30.719757]}, "properties": {"社区": "汕头路社区", "类型": "诉求", "方面": "民生", "类": "住宅", "层": "双高"}}, {"type": "Feature", "geometry": {"type": "Point", "coordinates": [111.2918, 30.71167]}, "properties": {"社区": "营盘路社区", "类型": "诉求", "方面": "民生", "类": "物业", "层": "双高"}}, {"type": "Feature", "geometry": {"type": "Point", "coordinates": [111.294437, 30.689538]}, "properties": {"社区": "胜利二路社区", "类型": "诉求", "方面": "民生", "类": "噪声", "层": "双高"}}, {"type": "Feature", "geometry": {"type": "Point", "coordinates": [111.2918, 30.71167]}, "properties": {"社区": "营盘路社区", "类型": "诉求", "方面": "民生", "类": "物业", "层": "双高"}}, {"type": "Feature", "geometry": {"type": "Point", "coordinates": [111.324757, 30.719757]}, "properties": {"社区": "汕头路社区", "类型": "诉求", "方面": "民生", "类": "住宅", "层": "双高"}}, {"type": "Feature", "geometry": {"type": "Point", "coordinates": [111.292642, 30.691585]}, "properties": {"社区": "胜利四路社区", "类型": "诉求", "方面": "民生", "类": "物业", "层": "双高"}}, {"type": "Feature", "geometry": {"type": "Point", "coordinates": [111.2918, 30.71167]}, "properties": {"社区": "营盘路社区", "类型": "诉求", "方面": "民生", "类": "噪声", "层": "双高"}}, {"type": "Feature", "geometry": {"type": "Point", "coordinates": [111.294437, 30.689538]}, "properties": {"社区": "胜利二路社区", "类型": "诉求", "方面": "民生", "类": "物业", "层": "双高"}}, {"type": "Feature", "geometry": {"type": "Point", "coordinates": [111.2918, 30.71167]}, "properties": {"社区": "营盘路社区", "类型": "诉求", "方面": "民生", "类": "物业", "层": "双高"}}, {"type": "Feature", "geometry": {"type": "Point", "coordinates": [111.316497, 30.673337]}, "properties": {"社区": "宝联社区", "类型": "诉求", "方面": "民生", "类": "噪声", "层": "双高"}}, {"type": "Feature", "geometry": {"type": "Point", "coordinates": [111.327918, 30.711294]}, "properties": {"社区": "汕头路社区", "类型": "诉求", "方面": "民生", "类": "住宅", "层": "双高"}}, {"type": "Feature", "geometry": {"type": "Point", "coordinates": [111.322654, 30.672275]}, "properties": {"社区": "宝联社区", "类型": "诉求", "方面": "民生", "类": "停车", "层": "双高"}}, {"type": "Feature", "geometry": {"type": "Point", "coordinates": [111.2918, 30.71167]}, "properties": {"社区": "营盘路社区", "类型": "诉求", "方面": "民生", "类": "出行", "层": "双高"}}, {"type": "Feature", "geometry": {"type": "Point", "coordinates": [111.2918, 30.71167]}, "properties": {"社区": "营盘路社区", "类型": "诉求", "方面": "民生", "类": "住宅", "层": "双高"}}, {"type": "Feature", "geometry": {"type": "Point", "coordinates": [111.319368, 30.670576]}, "properties": {"社区": "宝联社区", "类型": "诉求", "方面": "民生", "类": "出行", "层": "双高"}}, {"type": "Feature", "geometry": {"type": "Point", "coordinates": [111.324757, 30.719757]}, "properties": {"社区": "汕头路社区", "类型": "诉求", "方面": "民生", "类": "住宅", "层": "双高"}}, {"type": "Feature", "geometry": {"type": "Point", "coordinates": [111.294437, 30.689538]}, "properties": {"社区": "胜利二路社区", "类型": "诉求", "方面": "民生", "类": "物业", "层": "双高"}}, {"type": "Feature", "geometry": {"type": "Point", "coordinates": [111.319368, 30.670576]}, "properties": {"社区": "宝联社区", "类型": "诉求", "方面": "民生", "类": "噪声", "层": "双高"}}, {"type": "Feature", "geometry": {"type": "Point", "coordinates": [111.323895, 30.672891]}, "properties": {"社区": "宝联社区", "类型": "诉求", "方面": "民生", "类": "噪声", "层": "双高"}}, {"type": "Feature", "geometry": {"type": "Point", "coordinates": [111.290309, 30.691717]}, "properties": {"社区": "胜利四路社区", "类型": "诉求", "方面": "民生", "类": "停车", "层": "双高"}}, {"type": "Feature", "geometry": {"type": "Point", "coordinates": [111.345652, 30.719287]}, "properties": {"社区": "汕头路社区", "类型": "诉求", "方面": "民生", "类": "住宅", "层": "双高"}}, {"type": "Feature", "geometry": {"type": "Point", "coordinates": [111.2918, 30.71167]}, "properties": {"社区": "营盘路社区", "类型": "诉求", "方面": "民生", "类": "住宅", "层": "双高"}}, {"type": "Feature", "geometry": {"type": "Point", "coordinates": [111.294437, 30.689538]}, "properties": {"社区": "胜利二路社区", "类型": "诉求", "方面": "民生", "类": "住宅", "层": "双高"}}, {"type": "Feature", "geometry": {"type": "Point", "coordinates": [111.344006, 30.719705]}, "properties": {"社区": "汕头路社区", "类型": "诉求", "方面": "民生", "类": "物业", "层": "双高"}}, {"type": "Feature", "geometry": {"type": "Point", "coordinates": [111.293992, 30.690554]}, "properties": {"社区": "胜利二路社区", "类型": "诉求", "方面": "民生", "类": "物业", "层": "双高"}}, {"type": "Feature", "geometry": {"type": "Point", "coordinates": [111.292559, 30.689367]}, "properties": {"社区": "胜利四路社区", "类型": "诉求", "方面": "民生", "类": "噪声", "层": "双高"}}, {"type": "Feature", "geometry": {"type": "Point", "coordinates": [111.319368, 30.670576]}, "properties": {"社区": "宝联社区", "类型": "诉求", "方面": "民生", "类": "停车", "层": "双高"}}, {"type": "Feature", "geometry": {"type": "Point", "coordinates": [111.330249, 30.705617]}, "properties": {"社区": "汕头路社区", "类型": "诉求", "方面": "民生", "类": "噪声", "层": "双高"}}, {"type": "Feature", "geometry": {"type": "Point", "coordinates": [111.330249, 30.705617]}, "properties": {"社区": "汕头路社区", "类型": "诉求", "方面": "民生", "类": "住宅", "层": "双高"}}, {"type": "Feature", "geometry": {"type": "Point", "coordinates": [111.2918, 30.71167]}, "properties": {"社区": "营盘路社区", "类型": "诉求", "方面": "民生", "类": "停车", "层": "双高"}}, {"type": "Feature", "geometry": {"type": "Point", "coordinates": [111.319368, 30.670576]}, "properties": {"社区": "宝联社区", "类型": "诉求", "方面": "民生", "类": "住宅", "层": "双高"}}, {"type": "Feature", "geometry": {"type": "Point", "coordinates": [111.2918, 30.71167]}, "properties": {"社区": "营盘路社区", "类型": "诉求", "方面": "民生", "类": "噪声", "层": "双高"}}, {"type": "Feature", "geometry": {"type": "Point", "coordinates": [111.319368, 30.670576]}, "properties": {"社区": "宝联社区", "类型": "诉求", "方面": "民生", "类": "停车", "层": "双高"}}, {"type": "Feature", "geometry": {"type": "Point", "coordinates": [111.292642, 30.691585]}, "properties": {"社区": "胜利四路社区", "类型": "诉求", "方面": "民生", "类": "噪声", "层": "双高"}}, {"type": "Feature", "geometry": {"type": "Point", "coordinates": [111.295607, 30.688134]}, "properties": {"社区": "胜利二路社区", "类型": "诉求", "方面": "民生", "类": "住宅", "层": "双高"}}, {"type": "Feature", "geometry": {"type": "Point", "coordinates": [111.292642, 30.691585]}, "properties": {"社区": "胜利四路社区", "类型": "诉求", "方面": "民生", "类": "噪声", "层": "双高"}}, {"type": "Feature", "geometry": {"type": "Point", "coordinates": [111.293992, 30.690554]}, "properties": {"社区": "胜利二路社区", "类型": "诉求", "方面": "民生", "类": "噪声", "层": "双高"}}, {"type": "Feature", "geometry": {"type": "Point", "coordinates": [111.294437, 30.689538]}, "properties": {"社区": "胜利二路社区", "类型": "诉求", "方面": "民生", "类": "物业", "层": "双高"}}, {"type": "Feature", "geometry": {"type": "Point", "coordinates": [111.292642, 30.691585]}, "properties": {"社区": "胜利四路社区", "类型": "诉求", "方面": "民生", "类": "噪声", "层": "双高"}}, {"type": "Feature", "geometry": {"type": "Point", "coordinates": [111.292642, 30.691585]}, "properties": {"社区": "胜利四路社区", "类型": "诉求", "方面": "民生", "类": "物业", "层": "双高"}}, {"type": "Feature", "geometry": {"type": "Point", "coordinates": [111.291776, 30.688821]}, "properties": {"社区": "胜利四路社区", "类型": "诉求", "方面": "民生", "类": "噪声", "层": "双高"}}, {"type": "Feature", "geometry": {"type": "Point", "coordinates": [111.319368, 30.670576]}, "properties": {"社区": "宝联社区", "类型": "诉求", "方面": "民生", "类": "停车", "层": "双高"}}, {"type": "Feature", "geometry": {"type": "Point", "coordinates": [111.294335, 30.68878]}, "properties": {"社区": "胜利二路社区", "类型": "诉求", "方面": "民生", "类": "物业", "层": "双高"}}, {"type": "Feature", "geometry": {"type": "Point", "coordinates": [111.297857, 30.718213]}, "properties": {"社区": "营盘路社区", "类型": "诉求", "方面": "民生", "类": "物业", "层": "双高"}}, {"type": "Feature", "geometry": {"type": "Point", "coordinates": [111.344006, 30.719705]}, "properties": {"社区": "汕头路社区", "类型": "诉求", "方面": "民生", "类": "停车", "层": "双高"}}, {"type": "Feature", "geometry": {"type": "Point", "coordinates": [111.292642, 30.691585]}, "properties": {"社区": "胜利四路社区", "类型": "诉求", "方面": "民生", "类": "物业", "层": "双高"}}, {"type": "Feature", "geometry": {"type": "Point", "coordinates": [111.319189, 30.672867]}, "properties": {"社区": "宝联社区", "类型": "诉求", "方面": "民生", "类": "住宅", "层": "双高"}}, {"type": "Feature", "geometry": {"type": "Point", "coordinates": [111.324757, 30.719757]}, "properties": {"社区": "汕头路社区", "类型": "诉求", "方面": "民生", "类": "住宅", "层": "双高"}}, {"type": "Feature", "geometry": {"type": "Point", "coordinates": [111.324757, 30.719757]}, "properties": {"社区": "汕头路社区", "类型": "诉求", "方面": "民生", "类": "物业", "层": "双高"}}, {"type": "Feature", "geometry": {"type": "Point", "coordinates": [111.294832, 30.687832]}, "properties": {"社区": "胜利二路社区", "类型": "诉求", "方面": "民生", "类": "停车", "层": "双高"}}, {"type": "Feature", "geometry": {"type": "Point", "coordinates": [111.319368, 30.670576]}, "properties": {"社区": "宝联社区", "类型": "诉求", "方面": "民生", "类": "停车", "层": "双高"}}, {"type": "Feature", "geometry": {"type": "Point", "coordinates": [111.298446, 30.686835]}, "properties": {"社区": "胜利二路社区", "类型": "诉求", "方面": "民生", "类": "噪声", "层": "双高"}}, {"type": "Feature", "geometry": {"type": "Point", "coordinates": [111.292642, 30.691585]}, "properties": {"社区": "胜利四路社区", "类型": "诉求", "方面": "民生", "类": "噪声", "层": "双高"}}, {"type": "Feature", "geometry": {"type": "Point", "coordinates": [111.29289, 30.691914]}, "properties": {"社区": "胜利四路社区", "类型": "诉求", "方面": "民生", "类": "住宅", "层": "双高"}}, {"type": "Feature", "geometry": {"type": "Point", "coordinates": [111.324757, 30.719757]}, "properties": {"社区": "汕头路社区", "类型": "诉求", "方面": "民生", "类": "住宅", "层": "双高"}}, {"type": "Feature", "geometry": {"type": "Point", "coordinates": [111.293992, 30.690554]}, "properties": {"社区": "胜利二路社区", "类型": "诉求", "方面": "民生", "类": "住宅", "层": "双高"}}, {"type": "Feature", "geometry": {"type": "Point", "coordinates": [111.294437, 30.689538]}, "properties": {"社区": "胜利二路社区", "类型": "诉求", "方面": "民生", "类": "住宅", "层": "双高"}}, {"type": "Feature", "geometry": {"type": "Point", "coordinates": [111.319368, 30.670576]}, "properties": {"社区": "宝联社区", "类型": "诉求", "方面": "民生", "类": "停车", "层": "双高"}}, {"type": "Feature", "geometry": {"type": "Point", "coordinates": [111.2918, 30.71167]}, "properties": {"社区": "营盘路社区", "类型": "诉求", "方面": "民生", "类": "物业", "层": "双高"}}, {"type": "Feature", "geometry": {"type": "Point", "coordinates": [111.2918, 30.71167]}, "properties": {"社区": "营盘路社区", "类型": "诉求", "方面": "民生", "类": "物业", "层": "双高"}}, {"type": "Feature", "geometry": {"type": "Point", "coordinates": [111.298446, 30.686835]}, "properties": {"社区": "胜利二路社区", "类型": "诉求", "方面": "民生", "类": "噪声", "层": "双高"}}, {"type": "Feature", "geometry": {"type": "Point", "coordinates": [111.322654, 30.672275]}, "properties": {"社区": "宝联社区", "类型": "诉求", "方面": "民生", "类": "停车", "层": "双高"}}, {"type": "Feature", "geometry": {"type": "Point", "coordinates": [111.318761, 30.671257]}, "properties": {"社区": "宝联社区", "类型": "诉求", "方面": "民生", "类": "停车", "层": "双高"}}, {"type": "Feature", "geometry": {"type": "Point", "coordinates": [111.319368, 30.670576]}, "properties": {"社区": "宝联社区", "类型": "诉求", "方面": "民生", "类": "出行", "层": "双高"}}, {"type": "Feature", "geometry": {"type": "Point", "coordinates": [111.298446, 30.686835]}, "properties": {"社区": "胜利二路社区", "类型": "诉求", "方面": "民生", "类": "噪声", "层": "双高"}}, {"type": "Feature", "geometry": {"type": "Point", "coordinates": [111.2918, 30.71167]}, "properties": {"社区": "营盘路社区", "类型": "诉求", "方面": "民生", "类": "出行", "层": "双高"}}, {"type": "Feature", "geometry": {"type": "Point", "coordinates": [111.294832, 30.687832]}, "properties": {"社区": "胜利二路社区", "类型": "诉求", "方面": "民生", "类": "停车", "层": "双高"}}, {"type": "Feature", "geometry": {"type": "Point", "coordinates": [111.292642, 30.691585]}, "properties": {"社区": "胜利四路社区", "类型": "诉求", "方面": "民生", "类": "物业", "层": "双高"}}, {"type": "Feature", "geometry": {"type": "Point", "coordinates": [111.324757, 30.719757]}, "properties": {"社区": "汕头路社区", "类型": "诉求", "方面": "民生", "类": "住宅", "层": "双高"}}, {"type": "Feature", "geometry": {"type": "Point", "coordinates": [111.2918, 30.71167]}, "properties": {"社区": "营盘路社区", "类型": "诉求", "方面": "民生", "类": "住宅", "层": "双高"}}, {"type": "Feature", "geometry": {"type": "Point", "coordinates": [111.2918, 30.71167]}, "properties": {"社区": "营盘路社区", "类型": "诉求", "方面": "民生", "类": "物业", "层": "双高"}}, {"type": "Feature", "geometry": {"type": "Point", "coordinates": [111.324757, 30.719757]}, "properties": {"社区": "汕头路社区", "类型": "诉求", "方面": "民生", "类": "住宅", "层": "双高"}}, {"type": "Feature", "geometry": {"type": "Point", "coordinates": [111.2918, 30.71167]}, "properties": {"社区": "营盘路社区", "类型": "诉求", "方面": "民生", "类": "住宅", "层": "双高"}}, {"type": "Feature", "geometry": {"type": "Point", "coordinates": [111.294015, 30.691092]}, "properties": {"社区": "胜利二路社区", "类型": "诉求", "方面": "民生", "类": "噪声", "层": "双高"}}, {"type": "Feature", "geometry": {"type": "Point", "coordinates": [111.322654, 30.672275]}, "properties": {"社区": "宝联社区", "类型": "诉求", "方面": "民生", "类": "住宅", "层": "双高"}}, {"type": "Feature", "geometry": {"type": "Point", "coordinates": [111.2918, 30.71167]}, "properties": {"社区": "营盘路社区", "类型": "诉求", "方面": "民生", "类": "住宅", "层": "双高"}}, {"type": "Feature", "geometry": {"type": "Point", "coordinates": [111.290924, 30.690738]}, "properties": {"社区": "胜利四路社区", "类型": "诉求", "方面": "民生", "类": "物业", "层": "双高"}}, {"type": "Feature", "geometry": {"type": "Point", "coordinates": [111.31787, 30.673737]}, "properties": {"社区": "宝联社区", "类型": "诉求", "方面": "民生", "类": "住宅", "层": "双高"}}, {"type": "Feature", "geometry": {"type": "Point", "coordinates": [111.2918, 30.71167]}, "properties": {"社区": "营盘路社区", "类型": "诉求", "方面": "民生", "类": "住宅", "层": "双高"}}, {"type": "Feature", "geometry": {"type": "Point", "coordinates": [111.2918, 30.71167]}, "properties": {"社区": "营盘路社区", "类型": "诉求", "方面": "民生", "类": "住宅", "层": "双高"}}, {"type": "Feature", "geometry": {"type": "Point", "coordinates": [111.293905, 30.690037]}, "properties": {"社区": "胜利二路社区", "类型": "诉求", "方面": "民生", "类": "停车", "层": "双高"}}, {"type": "Feature", "geometry": {"type": "Point", "coordinates": [111.319368, 30.670576]}, "properties": {"社区": "宝联社区", "类型": "诉求", "方面": "民生", "类": "住宅", "层": "双高"}}, {"type": "Feature", "geometry": {"type": "Point", "coordinates": [111.324757, 30.719757]}, "properties": {"社区": "汕头路社区", "类型": "诉求", "方面": "民生", "类": "住宅", "层": "双高"}}, {"type": "Feature", "geometry": {"type": "Point", "coordinates": [111.318761, 30.671257]}, "properties": {"社区": "宝联社区", "类型": "诉求", "方面": "民生", "类": "停车", "层": "双高"}}, {"type": "Feature", "geometry": {"type": "Point", "coordinates": [111.293992, 30.690554]}, "properties": {"社区": "胜利二路社区", "类型": "诉求", "方面": "民生", "类": "物业", "层": "双高"}}, {"type": "Feature", "geometry": {"type": "Point", "coordinates": [111.2918, 30.71167]}, "properties": {"社区": "营盘路社区", "类型": "诉求", "方面": "民生", "类": "噪声", "层": "双高"}}, {"type": "Feature", "geometry": {"type": "Point", "coordinates": [111.2918, 30.71167]}, "properties": {"社区": "营盘路社区", "类型": "诉求", "方面": "民生", "类": "住宅", "层": "双高"}}, {"type": "Feature", "geometry": {"type": "Point", "coordinates": [111.319368, 30.670576]}, "properties": {"社区": "宝联社区", "类型": "诉求", "方面": "民生", "类": "噪声", "层": "双高"}}, {"type": "Feature", "geometry": {"type": "Point", "coordinates": [111.319368, 30.670576]}, "properties": {"社区": "宝联社区", "类型": "诉求", "方面": "民生", "类": "住宅", "层": "双高"}}, {"type": "Feature", "geometry": {"type": "Point", "coordinates": [111.292559, 30.689367]}, "properties": {"社区": "胜利四路社区", "类型": "诉求", "方面": "民生", "类": "噪声", "层": "双高"}}, {"type": "Feature", "geometry": {"type": "Point", "coordinates": [111.2918, 30.71167]}, "properties": {"社区": "营盘路社区", "类型": "诉求", "方面": "民生", "类": "物业", "层": "双高"}}, {"type": "Feature", "geometry": {"type": "Point", "coordinates": [111.298446, 30.686835]}, "properties": {"社区": "胜利二路社区", "类型": "诉求", "方面": "民生", "类": "噪声", "层": "双高"}}, {"type": "Feature", "geometry": {"type": "Point", "coordinates": [111.294015, 30.691092]}, "properties": {"社区": "胜利二路社区", "类型": "诉求", "方面": "民生", "类": "噪声", "层": "双高"}}, {"type": "Feature", "geometry": {"type": "Point", "coordinates": [111.293992, 30.690554]}, "properties": {"社区": "胜利二路社区", "类型": "诉求", "方面": "民生", "类": "噪声", "层": "双高"}}, {"type": "Feature", "geometry": {"type": "Point", "coordinates": [111.292642, 30.691585]}, "properties": {"社区": "胜利四路社区", "类型": "诉求", "方面": "民生", "类": "住宅", "层": "双高"}}, {"type": "Feature", "geometry": {"type": "Point", "coordinates": [111.29301, 30.688575]}, "properties": {"社区": "胜利二路社区", "类型": "诉求", "方面": "民生", "类": "物业", "层": "双高"}}, {"type": "Feature", "geometry": {"type": "Point", "coordinates": [111.2918, 30.71167]}, "properties": {"社区": "营盘路社区", "类型": "诉求", "方面": "民生", "类": "出行", "层": "双高"}}, {"type": "Feature", "geometry": {"type": "Point", "coordinates": [111.2918, 30.71167]}, "properties": {"社区": "营盘路社区", "类型": "诉求", "方面": "民生", "类": "住宅", "层": "双高"}}, {"type": "Feature", "geometry": {"type": "Point", "coordinates": [111.2918, 30.71167]}, "properties": {"社区": "营盘路社区", "类型": "诉求", "方面": "民生", "类": "物业", "层": "双高"}}, {"type": "Feature", "geometry": {"type": "Point", "coordinates": [111.327918, 30.711294]}, "properties": {"社区": "汕头路社区", "类型": "诉求", "方面": "民生", "类": "物业", "层": "双高"}}, {"type": "Feature", "geometry": {"type": "Point", "coordinates": [111.289351, 30.711877]}, "properties": {"社区": "营盘路社区", "类型": "诉求", "方面": "民生", "类": "噪声", "层": "双高"}}, {"type": "Feature", "geometry": {"type": "Point", "coordinates": [111.327918, 30.711294]}, "properties": {"社区": "汕头路社区", "类型": "诉求", "方面": "民生", "类": "物业", "层": "双高"}}, {"type": "Feature", "geometry": {"type": "Point", "coordinates": [111.327918, 30.711294]}, "properties": {"社区": "汕头路社区", "类型": "诉求", "方面": "民生", "类": "物业", "层": "双高"}}, {"type": "Feature", "geometry": {"type": "Point", "coordinates": [111.327918, 30.711294]}, "properties": {"社区": "汕头路社区", "类型": "诉求", "方面": "民生", "类": "物业", "层": "双高"}}, {"type": "Feature", "geometry": {"type": "Point", "coordinates": [111.2918, 30.71167]}, "properties": {"社区": "营盘路社区", "类型": "诉求", "方面": "民生", "类": "住宅", "层": "双高"}}, {"type": "Feature", "geometry": {"type": "Point", "coordinates": [111.2918, 30.71167]}, "properties": {"社区": "营盘路社区", "类型": "诉求", "方面": "民生", "类": "住宅", "层": "双高"}}, {"type": "Feature", "geometry": {"type": "Point", "coordinates": [111.324757, 30.719757]}, "properties": {"社区": "汕头路社区", "类型": "诉求", "方面": "民生", "类": "住宅", "层": "双高"}}, {"type": "Feature", "geometry": {"type": "Point", "coordinates": [111.337013, 30.691602]}, "properties": {"社区": "宝联社区", "类型": "诉求", "方面": "民生", "类": "停车", "层": "双高"}}, {"type": "Feature", "geometry": {"type": "Point", "coordinates": [111.324757, 30.719757]}, "properties": {"社区": "汕头路社区", "类型": "诉求", "方面": "民生", "类": "住宅", "层": "双高"}}, {"type": "Feature", "geometry": {"type": "Point", "coordinates": [111.297857, 30.718213]}, "properties": {"社区": "营盘路社区", "类型": "诉求", "方面": "民生", "类": "物业", "层": "双高"}}, {"type": "Feature", "geometry": {"type": "Point", "coordinates": [111.332261, 30.721404]}, "properties": {"社区": "汕头路社区", "类型": "诉求", "方面": "民生", "类": "物业", "层": "双高"}}, {"type": "Feature", "geometry": {"type": "Point", "coordinates": [111.344006, 30.719705]}, "properties": {"社区": "汕头路社区", "类型": "诉求", "方面": "民生", "类": "出行", "层": "双高"}}, {"type": "Feature", "geometry": {"type": "Point", "coordinates": [111.316646, 30.674066]}, "properties": {"社区": "宝联社区", "类型": "诉求", "方面": "民生", "类": "噪声", "层": "双高"}}, {"type": "Feature", "geometry": {"type": "Point", "coordinates": [111.292598, 30.691421]}, "properties": {"社区": "胜利四路社区", "类型": "诉求", "方面": "民生", "类": "噪声", "层": "双高"}}, {"type": "Feature", "geometry": {"type": "Point", "coordinates": [111.2918, 30.71167]}, "properties": {"社区": "营盘路社区", "类型": "诉求", "方面": "民生", "类": "噪声", "层": "双高"}}, {"type": "Feature", "geometry": {"type": "Point", "coordinates": [111.2918, 30.71167]}, "properties": {"社区": "营盘路社区", "类型": "诉求", "方面": "民生", "类": "停车", "层": "双高"}}, {"type": "Feature", "geometry": {"type": "Point", "coordinates": [111.293836, 30.688303]}, "properties": {"社区": "胜利二路社区", "类型": "诉求", "方面": "民生", "类": "出行", "层": "双高"}}, {"type": "Feature", "geometry": {"type": "Point", "coordinates": [111.322382, 30.672041]}, "properties": {"社区": "宝联社区", "类型": "诉求", "方面": "民生", "类": "物业", "层": "双高"}}, {"type": "Feature", "geometry": {"type": "Point", "coordinates": [111.295721, 30.686839]}, "properties": {"社区": "胜利二路社区", "类型": "诉求", "方面": "民生", "类": "停车", "层": "双高"}}, {"type": "Feature", "geometry": {"type": "Point", "coordinates": [111.319368, 30.670576]}, "properties": {"社区": "宝联社区", "类型": "诉求", "方面": "民生", "类": "噪声", "层": "双高"}}, {"type": "Feature", "geometry": {"type": "Point", "coordinates": [111.319368, 30.670576]}, "properties": {"社区": "宝联社区", "类型": "诉求", "方面": "民生", "类": "出行", "层": "双高"}}, {"type": "Feature", "geometry": {"type": "Point", "coordinates": [111.290924, 30.690738]}, "properties": {"社区": "胜利四路社区", "类型": "诉求", "方面": "民生", "类": "住宅", "层": "双高"}}, {"type": "Feature", "geometry": {"type": "Point", "coordinates": [111.293144, 30.689327]}, "properties": {"社区": "胜利二路社区", "类型": "诉求", "方面": "民生", "类": "噪声", "层": "双高"}}, {"type": "Feature", "geometry": {"type": "Point", "coordinates": [111.29342, 30.713762]}, "properties": {"社区": "营盘路社区", "类型": "诉求", "方面": "民生", "类": "物业", "层": "双高"}}, {"type": "Feature", "geometry": {"type": "Point", "coordinates": [111.294377, 30.688321]}, "properties": {"社区": "胜利二路社区", "类型": "诉求", "方面": "民生", "类": "住宅", "层": "双高"}}, {"type": "Feature", "geometry": {"type": "Point", "coordinates": [111.2918, 30.71167]}, "properties": {"社区": "营盘路社区", "类型": "诉求", "方面": "民生", "类": "噪声", "层": "双高"}}, {"type": "Feature", "geometry": {"type": "Point", "coordinates": [111.293829, 30.688515]}, "properties": {"社区": "胜利二路社区", "类型": "诉求", "方面": "民生", "类": "停车", "层": "双高"}}, {"type": "Feature", "geometry": {"type": "Point", "coordinates": [111.322654, 30.672275]}, "properties": {"社区": "宝联社区", "类型": "诉求", "方面": "民生", "类": "出行", "层": "双高"}}, {"type": "Feature", "geometry": {"type": "Point", "coordinates": [111.2918, 30.71167]}, "properties": {"社区": "营盘路社区", "类型": "诉求", "方面": "民生", "类": "物业", "层": "双高"}}, {"type": "Feature", "geometry": {"type": "Point", "coordinates": [111.327918, 30.711294]}, "properties": {"社区": "汕头路社区", "类型": "诉求", "方面": "民生", "类": "住宅", "层": "双高"}}, {"type": "Feature", "geometry": {"type": "Point", "coordinates": [111.318761, 30.671257]}, "properties": {"社区": "宝联社区", "类型": "诉求", "方面": "民生", "类": "出行", "层": "双高"}}, {"type": "Feature", "geometry": {"type": "Point", "coordinates": [111.293992, 30.690554]}, "properties": {"社区": "胜利二路社区", "类型": "诉求", "方面": "民生", "类": "噪声", "层": "双高"}}, {"type": "Feature", "geometry": {"type": "Point", "coordinates": [111.319368, 30.670576]}, "properties": {"社区": "宝联社区", "类型": "诉求", "方面": "民生", "类": "物业", "层": "双高"}}, {"type": "Feature", "geometry": {"type": "Point", "coordinates": [111.292642, 30.691585]}, "properties": {"社区": "胜利四路社区", "类型": "诉求", "方面": "民生", "类": "噪声", "层": "双高"}}, {"type": "Feature", "geometry": {"type": "Point", "coordinates": [111.298329, 30.686036]}, "properties": {"社区": "胜利二路社区", "类型": "诉求", "方面": "民生", "类": "噪声", "层": "双高"}}, {"type": "Feature", "geometry": {"type": "Point", "coordinates": [111.298329, 30.686036]}, "properties": {"社区": "胜利二路社区", "类型": "诉求", "方面": "民生", "类": "噪声", "层": "双高"}}, {"type": "Feature", "geometry": {"type": "Point", "coordinates": [111.322654, 30.672275]}, "properties": {"社区": "宝联社区", "类型": "诉求", "方面": "民生", "类": "噪声", "层": "双高"}}, {"type": "Feature", "geometry": {"type": "Point", "coordinates": [111.2918, 30.71167]}, "properties": {"社区": "营盘路社区", "类型": "诉求", "方面": "民生", "类": "噪声", "层": "双高"}}, {"type": "Feature", "geometry": {"type": "Point", "coordinates": [111.2918, 30.71167]}, "properties": {"社区": "营盘路社区", "类型": "诉求", "方面": "民生", "类": "噪声", "层": "双高"}}, {"type": "Feature", "geometry": {"type": "Point", "coordinates": [111.293992, 30.690554]}, "properties": {"社区": "胜利二路社区", "类型": "诉求", "方面": "民生", "类": "住宅", "层": "双高"}}, {"type": "Feature", "geometry": {"type": "Point", "coordinates": [111.319368, 30.670576]}, "properties": {"社区": "宝联社区", "类型": "诉求", "方面": "民生", "类": "住宅", "层": "双高"}}, {"type": "Feature", "geometry": {"type": "Point", "coordinates": [111.292559, 30.689367]}, "properties": {"社区": "胜利四路社区", "类型": "诉求", "方面": "民生", "类": "物业", "层": "双高"}}, {"type": "Feature", "geometry": {"type": "Point", "coordinates": [111.2918, 30.71167]}, "properties": {"社区": "营盘路社区", "类型": "诉求", "方面": "民生", "类": "噪声", "层": "双高"}}, {"type": "Feature", "geometry": {"type": "Point", "coordinates": [111.2918, 30.71167]}, "properties": {"社区": "营盘路社区", "类型": "诉求", "方面": "民生", "类": "住宅", "层": "双高"}}, {"type": "Feature", "geometry": {"type": "Point", "coordinates": [111.324757, 30.719757]}, "properties": {"社区": "汕头路社区", "类型": "诉求", "方面": "民生", "类": "住宅", "层": "双高"}}, {"type": "Feature", "geometry": {"type": "Point", "coordinates": [111.319406, 30.671831]}, "properties": {"社区": "宝联社区", "类型": "诉求", "方面": "民生", "类": "停车", "层": "双高"}}, {"type": "Feature", "geometry": {"type": "Point", "coordinates": [111.324757, 30.719757]}, "properties": {"社区": "汕头路社区", "类型": "诉求", "方面": "民生", "类": "住宅", "层": "双高"}}, {"type": "Feature", "geometry": {"type": "Point", "coordinates": [111.319368, 30.670576]}, "properties": {"社区": "宝联社区", "类型": "诉求", "方面": "民生", "类": "住宅", "层": "双高"}}, {"type": "Feature", "geometry": {"type": "Point", "coordinates": [111.2918, 30.71167]}, "properties": {"社区": "营盘路社区", "类型": "诉求", "方面": "民生", "类": "停车", "层": "双高"}}, {"type": "Feature", "geometry": {"type": "Point", "coordinates": [111.322626, 30.672522]}, "properties": {"社区": "宝联社区", "类型": "诉求", "方面": "民生", "类": "噪声", "层": "双高"}}, {"type": "Feature", "geometry": {"type": "Point", "coordinates": [111.324757, 30.719757]}, "properties": {"社区": "汕头路社区", "类型": "诉求", "方面": "民生", "类": "住宅", "层": "双高"}}, {"type": "Feature", "geometry": {"type": "Point", "coordinates": [111.292642, 30.691585]}, "properties": {"社区": "胜利四路社区", "类型": "诉求", "方面": "民生", "类": "物业", "层": "双高"}}, {"type": "Feature", "geometry": {"type": "Point", "coordinates": [111.295196, 30.688992]}, "properties": {"社区": "胜利二路社区", "类型": "诉求", "方面": "民生", "类": "噪声", "层": "双高"}}, {"type": "Feature", "geometry": {"type": "Point", "coordinates": [111.316497, 30.673337]}, "properties": {"社区": "宝联社区", "类型": "诉求", "方面": "民生", "类": "噪声", "层": "双高"}}, {"type": "Feature", "geometry": {"type": "Point", "coordinates": [111.319368, 30.670576]}, "properties": {"社区": "宝联社区", "类型": "诉求", "方面": "民生", "类": "噪声", "层": "双高"}}, {"type": "Feature", "geometry": {"type": "Point", "coordinates": [111.319189, 30.672867]}, "properties": {"社区": "宝联社区", "类型": "诉求", "方面": "民生", "类": "住宅", "层": "双高"}}, {"type": "Feature", "geometry": {"type": "Point", "coordinates": [111.292642, 30.691585]}, "properties": {"社区": "胜利四路社区", "类型": "诉求", "方面": "民生", "类": "停车", "层": "双高"}}, {"type": "Feature", "geometry": {"type": "Point", "coordinates": [111.322654, 30.672275]}, "properties": {"社区": "宝联社区", "类型": "诉求", "方面": "民生", "类": "出行", "层": "双高"}}, {"type": "Feature", "geometry": {"type": "Point", "coordinates": [111.327918, 30.711294]}, "properties": {"社区": "汕头路社区", "类型": "诉求", "方面": "民生", "类": "住宅", "层": "双高"}}, {"type": "Feature", "geometry": {"type": "Point", "coordinates": [111.319368, 30.670576]}, "properties": {"社区": "宝联社区", "类型": "诉求", "方面": "民生", "类": "出行", "层": "双高"}}, {"type": "Feature", "geometry": {"type": "Point", "coordinates": [111.323895, 30.672891]}, "properties": {"社区": "宝联社区", "类型": "诉求", "方面": "民生", "类": "物业", "层": "双高"}}, {"type": "Feature", "geometry": {"type": "Point", "coordinates": [111.324757, 30.719757]}, "properties": {"社区": "汕头路社区", "类型": "诉求", "方面": "民生", "类": "出行", "层": "双高"}}, {"type": "Feature", "geometry": {"type": "Point", "coordinates": [111.324757, 30.719757]}, "properties": {"社区": "汕头路社区", "类型": "诉求", "方面": "民生", "类": "出行", "层": "双高"}}, {"type": "Feature", "geometry": {"type": "Point", "coordinates": [111.324757, 30.719757]}, "properties": {"社区": "汕头路社区", "类型": "诉求", "方面": "民生", "类": "出行", "层": "双高"}}, {"type": "Feature", "geometry": {"type": "Point", "coordinates": [111.324757, 30.719757]}, "properties": {"社区": "汕头路社区", "类型": "诉求", "方面": "民生", "类": "出行", "层": "双高"}}, {"type": "Feature", "geometry": {"type": "Point", "coordinates": [111.324757, 30.719757]}, "properties": {"社区": "汕头路社区", "类型": "诉求", "方面": "民生", "类": "出行", "层": "双高"}}, {"type": "Feature", "geometry": {"type": "Point", "coordinates": [111.324757, 30.719757]}, "properties": {"社区": "汕头路社区", "类型": "诉求", "方面": "民生", "类": "出行", "层": "双高"}}, {"type": "Feature", "geometry": {"type": "Point", "coordinates": [111.324757, 30.719757]}, "properties": {"社区": "汕头路社区", "类型": "诉求", "方面": "民生", "类": "出行", "层": "双高"}}, {"type": "Feature", "geometry": {"type": "Point", "coordinates": [111.324757, 30.719757]}, "properties": {"社区": "汕头路社区", "类型": "诉求", "方面": "民生", "类": "出行", "层": "双高"}}, {"type": "Feature", "geometry": {"type": "Point", "coordinates": [111.319368, 30.670576]}, "properties": {"社区": "宝联社区", "类型": "诉求", "方面": "民生", "类": "停车", "层": "双高"}}, {"type": "Feature", "geometry": {"type": "Point", "coordinates": [111.2918, 30.71167]}, "properties": {"社区": "营盘路社区", "类型": "诉求", "方面": "民生", "类": "停车", "层": "双高"}}, {"type": "Feature", "geometry": {"type": "Point", "coordinates": [111.324757, 30.719757]}, "properties": {"社区": "汕头路社区", "类型": "诉求", "方面": "民生", "类": "噪声", "层": "双高"}}, {"type": "Feature", "geometry": {"type": "Point", "coordinates": [111.292642, 30.691585]}, "properties": {"社区": "胜利四路社区", "类型": "诉求", "方面": "民生", "类": "物业", "层": "双高"}}, {"type": "Feature", "geometry": {"type": "Point", "coordinates": [111.292642, 30.691585]}, "properties": {"社区": "胜利四路社区", "类型": "诉求", "方面": "民生", "类": "物业", "层": "双高"}}, {"type": "Feature", "geometry": {"type": "Point", "coordinates": [111.292642, 30.691585]}, "properties": {"社区": "胜利四路社区", "类型": "诉求", "方面": "民生", "类": "停车", "层": "双高"}}, {"type": "Feature", "geometry": {"type": "Point", "coordinates": [111.294161, 30.690145]}, "properties": {"社区": "胜利二路社区", "类型": "诉求", "方面": "民生", "类": "住宅", "层": "双高"}}, {"type": "Feature", "geometry": {"type": "Point", "coordinates": [111.324757, 30.719757]}, "properties": {"社区": "汕头路社区", "类型": "诉求", "方面": "民生", "类": "物业", "层": "双高"}}, {"type": "Feature", "geometry": {"type": "Point", "coordinates": [111.316497, 30.673337]}, "properties": {"社区": "宝联社区", "类型": "诉求", "方面": "民生", "类": "停车", "层": "双高"}}, {"type": "Feature", "geometry": {"type": "Point", "coordinates": [111.319368, 30.670576]}, "properties": {"社区": "宝联社区", "类型": "诉求", "方面": "民生", "类": "物业", "层": "双高"}}, {"type": "Feature", "geometry": {"type": "Point", "coordinates": [111.2918, 30.71167]}, "properties": {"社区": "营盘路社区", "类型": "诉求", "方面": "民生", "类": "住宅", "层": "双高"}}, {"type": "Feature", "geometry": {"type": "Point", "coordinates": [111.289351, 30.711877]}, "properties": {"社区": "营盘路社区", "类型": "诉求", "方面": "民生", "类": "噪声", "层": "双高"}}, {"type": "Feature", "geometry": {"type": "Point", "coordinates": [111.293878, 30.689994]}, "properties": {"社区": "胜利二路社区", "类型": "诉求", "方面": "民生", "类": "停车", "层": "双高"}}, {"type": "Feature", "geometry": {"type": "Point", "coordinates": [111.292642, 30.691585]}, "properties": {"社区": "胜利四路社区", "类型": "诉求", "方面": "民生", "类": "住宅", "层": "双高"}}, {"type": "Feature", "geometry": {"type": "Point", "coordinates": [111.292642, 30.691585]}, "properties": {"社区": "胜利四路社区", "类型": "诉求", "方面": "民生", "类": "住宅", "层": "双高"}}, {"type": "Feature", "geometry": {"type": "Point", "coordinates": [111.2918, 30.71167]}, "properties": {"社区": "营盘路社区", "类型": "诉求", "方面": "民生", "类": "物业", "层": "双高"}}, {"type": "Feature", "geometry": {"type": "Point", "coordinates": [111.345652, 30.719287]}, "properties": {"社区": "汕头路社区", "类型": "诉求", "方面": "民生", "类": "噪声", "层": "双高"}}, {"type": "Feature", "geometry": {"type": "Point", "coordinates": [111.319368, 30.670576]}, "properties": {"社区": "宝联社区", "类型": "诉求", "方面": "民生", "类": "噪声", "层": "双高"}}, {"type": "Feature", "geometry": {"type": "Point", "coordinates": [111.316497, 30.673337]}, "properties": {"社区": "宝联社区", "类型": "诉求", "方面": "民生", "类": "噪声", "层": "双高"}}, {"type": "Feature", "geometry": {"type": "Point", "coordinates": [111.292642, 30.691585]}, "properties": {"社区": "胜利四路社区", "类型": "诉求", "方面": "民生", "类": "住宅", "层": "双高"}}, {"type": "Feature", "geometry": {"type": "Point", "coordinates": [111.294437, 30.689538]}, "properties": {"社区": "胜利二路社区", "类型": "诉求", "方面": "民生", "类": "住宅", "层": "双高"}}, {"type": "Feature", "geometry": {"type": "Point", "coordinates": [111.327918, 30.711294]}, "properties": {"社区": "汕头路社区", "类型": "诉求", "方面": "民生", "类": "住宅", "层": "双高"}}, {"type": "Feature", "geometry": {"type": "Point", "coordinates": [111.322654, 30.672275]}, "properties": {"社区": "宝联社区", "类型": "诉求", "方面": "民生", "类": "停车", "层": "双高"}}, {"type": "Feature", "geometry": {"type": "Point", "coordinates": [111.291174, 30.692829]}, "properties": {"社区": "胜利四路社区", "类型": "诉求", "方面": "民生", "类": "停车", "层": "双高"}}, {"type": "Feature", "geometry": {"type": "Point", "coordinates": [111.319189, 30.672867]}, "properties": {"社区": "宝联社区", "类型": "诉求", "方面": "民生", "类": "停车", "层": "双高"}}, {"type": "Feature", "geometry": {"type": "Point", "coordinates": [111.295755, 30.687291]}, "properties": {"社区": "胜利二路社区", "类型": "诉求", "方面": "民生", "类": "出行", "层": "双高"}}, {"type": "Feature", "geometry": {"type": "Point", "coordinates": [111.297305, 30.6863]}, "properties": {"社区": "胜利二路社区", "类型": "诉求", "方面": "民生", "类": "物业", "层": "双高"}}, {"type": "Feature", "geometry": {"type": "Point", "coordinates": [111.2918, 30.71167]}, "properties": {"社区": "营盘路社区", "类型": "诉求", "方面": "民生", "类": "噪声", "层": "双高"}}, {"type": "Feature", "geometry": {"type": "Point", "coordinates": [111.29301, 30.688575]}, "properties": {"社区": "胜利二路社区", "类型": "诉求", "方面": "民生", "类": "噪声", "层": "双高"}}, {"type": "Feature", "geometry": {"type": "Point", "coordinates": [111.319368, 30.670576]}, "properties": {"社区": "宝联社区", "类型": "诉求", "方面": "民生", "类": "噪声", "层": "双高"}}, {"type": "Feature", "geometry": {"type": "Point", "coordinates": [111.297305, 30.6863]}, "properties": {"社区": "胜利二路社区", "类型": "诉求", "方面": "民生", "类": "物业", "层": "双高"}}, {"type": "Feature", "geometry": {"type": "Point", "coordinates": [111.319368, 30.670576]}, "properties": {"社区": "宝联社区", "类型": "诉求", "方面": "民生", "类": "噪声", "层": "双高"}}, {"type": "Feature", "geometry": {"type": "Point", "coordinates": [111.29301, 30.688575]}, "properties": {"社区": "胜利二路社区", "类型": "诉求", "方面": "民生", "类": "停车", "层": "双高"}}, {"type": "Feature", "geometry": {"type": "Point", "coordinates": [111.292642, 30.691585]}, "properties": {"社区": "胜利四路社区", "类型": "诉求", "方面": "民生", "类": "物业", "层": "双高"}}, {"type": "Feature", "geometry": {"type": "Point", "coordinates": [111.318761, 30.671257]}, "properties": {"社区": "宝联社区", "类型": "诉求", "方面": "民生", "类": "停车", "层": "双高"}}, {"type": "Feature", "geometry": {"type": "Point", "coordinates": [111.319368, 30.670576]}, "properties": {"社区": "宝联社区", "类型": "诉求", "方面": "民生", "类": "噪声", "层": "双高"}}, {"type": "Feature", "geometry": {"type": "Point", "coordinates": [111.294437, 30.689538]}, "properties": {"社区": "胜利二路社区", "类型": "诉求", "方面": "民生", "类": "物业", "层": "双高"}}, {"type": "Feature", "geometry": {"type": "Point", "coordinates": [111.294015, 30.691092]}, "properties": {"社区": "胜利二路社区", "类型": "诉求", "方面": "民生", "类": "物业", "层": "双高"}}, {"type": "Feature", "geometry": {"type": "Point", "coordinates": [111.289351, 30.711877]}, "properties": {"社区": "营盘路社区", "类型": "诉求", "方面": "民生", "类": "噪声", "层": "双高"}}, {"type": "Feature", "geometry": {"type": "Point", "coordinates": [111.2918, 30.71167]}, "properties": {"社区": "营盘路社区", "类型": "诉求", "方面": "民生", "类": "噪声", "层": "双高"}}, {"type": "Feature", "geometry": {"type": "Point", "coordinates": [111.2918, 30.71167]}, "properties": {"社区": "营盘路社区", "类型": "诉求", "方面": "民生", "类": "住宅", "层": "双高"}}, {"type": "Feature", "geometry": {"type": "Point", "coordinates": [111.294015, 30.691092]}, "properties": {"社区": "胜利二路社区", "类型": "诉求", "方面": "民生", "类": "物业", "层": "双高"}}, {"type": "Feature", "geometry": {"type": "Point", "coordinates": [111.292642, 30.691585]}, "properties": {"社区": "胜利四路社区", "类型": "诉求", "方面": "民生", "类": "住宅", "层": "双高"}}, {"type": "Feature", "geometry": {"type": "Point", "coordinates": [111.319368, 30.670576]}, "properties": {"社区": "宝联社区", "类型": "诉求", "方面": "民生", "类": "停车", "层": "双高"}}, {"type": "Feature", "geometry": {"type": "Point", "coordinates": [111.297305, 30.6863]}, "properties": {"社区": "胜利二路社区", "类型": "诉求", "方面": "民生", "类": "物业", "层": "双高"}}, {"type": "Feature", "geometry": {"type": "Point", "coordinates": [111.319368, 30.670576]}, "properties": {"社区": "宝联社区", "类型": "诉求", "方面": "民生", "类": "停车", "层": "双高"}}, {"type": "Feature", "geometry": {"type": "Point", "coordinates": [111.292642, 30.691585]}, "properties": {"社区": "胜利四路社区", "类型": "诉求", "方面": "民生", "类": "物业", "层": "双高"}}, {"type": "Feature", "geometry": {"type": "Point", "coordinates": [111.291174, 30.692829]}, "properties": {"社区": "胜利四路社区", "类型": "诉求", "方面": "民生", "类": "噪声", "层": "双高"}}, {"type": "Feature", "geometry": {"type": "Point", "coordinates": [111.319189, 30.672867]}, "properties": {"社区": "宝联社区", "类型": "诉求", "方面": "民生", "类": "住宅", "层": "双高"}}, {"type": "Feature", "geometry": {"type": "Point", "coordinates": [111.316646, 30.674066]}, "properties": {"社区": "宝联社区", "类型": "诉求", "方面": "民生", "类": "物业", "层": "双高"}}, {"type": "Feature", "geometry": {"type": "Point", "coordinates": [111.327918, 30.711294]}, "properties": {"社区": "汕头路社区", "类型": "诉求", "方面": "民生", "类": "物业", "层": "双高"}}, {"type": "Feature", "geometry": {"type": "Point", "coordinates": [111.316646, 30.674066]}, "properties": {"社区": "宝联社区", "类型": "诉求", "方面": "民生", "类": "停车", "层": "双高"}}, {"type": "Feature", "geometry": {"type": "Point", "coordinates": [111.292642, 30.691585]}, "properties": {"社区": "胜利四路社区", "类型": "诉求", "方面": "民生", "类": "停车", "层": "双高"}}, {"type": "Feature", "geometry": {"type": "Point", "coordinates": [111.316646, 30.674066]}, "properties": {"社区": "宝联社区", "类型": "诉求", "方面": "民生", "类": "停车", "层": "双高"}}, {"type": "Feature", "geometry": {"type": "Point", "coordinates": [111.324757, 30.719757]}, "properties": {"社区": "汕头路社区", "类型": "诉求", "方面": "民生", "类": "住宅", "层": "双高"}}, {"type": "Feature", "geometry": {"type": "Point", "coordinates": [111.324757, 30.719757]}, "properties": {"社区": "汕头路社区", "类型": "诉求", "方面": "民生", "类": "住宅", "层": "双高"}}, {"type": "Feature", "geometry": {"type": "Point", "coordinates": [111.319368, 30.670576]}, "properties": {"社区": "宝联社区", "类型": "诉求", "方面": "民生", "类": "噪声", "层": "双高"}}, {"type": "Feature", "geometry": {"type": "Point", "coordinates": [111.297857, 30.718213]}, "properties": {"社区": "营盘路社区", "类型": "诉求", "方面": "民生", "类": "噪声", "层": "双高"}}, {"type": "Feature", "geometry": {"type": "Point", "coordinates": [111.316497, 30.673337]}, "properties": {"社区": "宝联社区", "类型": "诉求", "方面": "民生", "类": "噪声", "层": "双高"}}, {"type": "Feature", "geometry": {"type": "Point", "coordinates": [111.322654, 30.672275]}, "properties": {"社区": "宝联社区", "类型": "诉求", "方面": "民生", "类": "噪声", "层": "双高"}}, {"type": "Feature", "geometry": {"type": "Point", "coordinates": [111.319368, 30.670576]}, "properties": {"社区": "宝联社区", "类型": "诉求", "方面": "民生", "类": "噪声", "层": "双高"}}, {"type": "Feature", "geometry": {"type": "Point", "coordinates": [111.327918, 30.711294]}, "properties": {"社区": "汕头路社区", "类型": "诉求", "方面": "民生", "类": "噪声", "层": "双高"}}, {"type": "Feature", "geometry": {"type": "Point", "coordinates": [111.324757, 30.719757]}, "properties": {"社区": "汕头路社区", "类型": "诉求", "方面": "民生", "类": "住宅", "层": "双高"}}, {"type": "Feature", "geometry": {"type": "Point", "coordinates": [111.319368, 30.670576]}, "properties": {"社区": "宝联社区", "类型": "诉求", "方面": "民生", "类": "噪声", "层": "双高"}}, {"type": "Feature", "geometry": {"type": "Point", "coordinates": [111.29301, 30.688575]}, "properties": {"社区": "胜利二路社区", "类型": "诉求", "方面": "民生", "类": "住宅", "层": "双高"}}, {"type": "Feature", "geometry": {"type": "Point", "coordinates": [111.32105, 30.671097]}, "properties": {"社区": "宝联社区", "类型": "诉求", "方面": "民生", "类": "噪声", "层": "双高"}}, {"type": "Feature", "geometry": {"type": "Point", "coordinates": [111.316646, 30.674066]}, "properties": {"社区": "宝联社区", "类型": "诉求", "方面": "民生", "类": "物业", "层": "双高"}}, {"type": "Feature", "geometry": {"type": "Point", "coordinates": [111.324757, 30.719757]}, "properties": {"社区": "汕头路社区", "类型": "诉求", "方面": "民生", "类": "住宅", "层": "双高"}}, {"type": "Feature", "geometry": {"type": "Point", "coordinates": [111.293655, 30.690748]}, "properties": {"社区": "胜利二路社区", "类型": "诉求", "方面": "民生", "类": "噪声", "层": "双高"}}, {"type": "Feature", "geometry": {"type": "Point", "coordinates": [111.323895, 30.672891]}, "properties": {"社区": "宝联社区", "类型": "诉求", "方面": "民生", "类": "噪声", "层": "双高"}}, {"type": "Feature", "geometry": {"type": "Point", "coordinates": [111.297857, 30.718213]}, "properties": {"社区": "营盘路社区", "类型": "诉求", "方面": "民生", "类": "噪声", "层": "双高"}}, {"type": "Feature", "geometry": {"type": "Point", "coordinates": [111.319368, 30.670576]}, "properties": {"社区": "宝联社区", "类型": "诉求", "方面": "民生", "类": "噪声", "层": "双高"}}, {"type": "Feature", "geometry": {"type": "Point", "coordinates": [111.319368, 30.670576]}, "properties": {"社区": "宝联社区", "类型": "诉求", "方面": "民生", "类": "物业", "层": "双高"}}, {"type": "Feature", "geometry": {"type": "Point", "coordinates": [111.289351, 30.711877]}, "properties": {"社区": "营盘路社区", "类型": "诉求", "方面": "民生", "类": "住宅", "层": "双高"}}, {"type": "Feature", "geometry": {"type": "Point", "coordinates": [111.290924, 30.690738]}, "properties": {"社区": "胜利四路社区", "类型": "诉求", "方面": "民生", "类": "噪声", "层": "双高"}}, {"type": "Feature", "geometry": {"type": "Point", "coordinates": [111.319368, 30.670576]}, "properties": {"社区": "宝联社区", "类型": "诉求", "方面": "民生", "类": "停车", "层": "双高"}}, {"type": "Feature", "geometry": {"type": "Point", "coordinates": [111.2918, 30.71167]}, "properties": {"社区": "营盘路社区", "类型": "诉求", "方面": "民生", "类": "住宅", "层": "双高"}}, {"type": "Feature", "geometry": {"type": "Point", "coordinates": [111.319368, 30.670576]}, "properties": {"社区": "宝联社区", "类型": "诉求", "方面": "民生", "类": "停车", "层": "双高"}}, {"type": "Feature", "geometry": {"type": "Point", "coordinates": [111.2918, 30.71167]}, "properties": {"社区": "营盘路社区", "类型": "诉求", "方面": "民生", "类": "住宅", "层": "双高"}}, {"type": "Feature", "geometry": {"type": "Point", "coordinates": [111.292642, 30.691585]}, "properties": {"社区": "胜利四路社区", "类型": "诉求", "方面": "民生", "类": "住宅", "层": "双高"}}, {"type": "Feature", "geometry": {"type": "Point", "coordinates": [111.294015, 30.691092]}, "properties": {"社区": "胜利二路社区", "类型": "诉求", "方面": "民生", "类": "噪声", "层": "双高"}}, {"type": "Feature", "geometry": {"type": "Point", "coordinates": [111.292642, 30.691585]}, "properties": {"社区": "胜利四路社区", "类型": "诉求", "方面": "民生", "类": "停车", "层": "双高"}}, {"type": "Feature", "geometry": {"type": "Point", "coordinates": [111.292642, 30.691585]}, "properties": {"社区": "胜利四路社区", "类型": "诉求", "方面": "民生", "类": "物业", "层": "双高"}}, {"type": "Feature", "geometry": {"type": "Point", "coordinates": [111.29301, 30.688575]}, "properties": {"社区": "胜利二路社区", "类型": "诉求", "方面": "民生", "类": "物业", "层": "双高"}}, {"type": "Feature", "geometry": {"type": "Point", "coordinates": [111.29301, 30.688575]}, "properties": {"社区": "胜利二路社区", "类型": "诉求", "方面": "民生", "类": "物业", "层": "双高"}}, {"type": "Feature", "geometry": {"type": "Point", "coordinates": [111.319368, 30.670576]}, "properties": {"社区": "宝联社区", "类型": "诉求", "方面": "民生", "类": "停车", "层": "双高"}}, {"type": "Feature", "geometry": {"type": "Point", "coordinates": [111.2918, 30.71167]}, "properties": {"社区": "营盘路社区", "类型": "诉求", "方面": "民生", "类": "住宅", "层": "双高"}}, {"type": "Feature", "geometry": {"type": "Point", "coordinates": [111.322654, 30.672275]}, "properties": {"社区": "宝联社区", "类型": "诉求", "方面": "民生", "类": "物业", "层": "双高"}}, {"type": "Feature", "geometry": {"type": "Point", "coordinates": [111.2918, 30.71167]}, "properties": {"社区": "营盘路社区", "类型": "诉求", "方面": "民生", "类": "住宅", "层": "双高"}}, {"type": "Feature", "geometry": {"type": "Point", "coordinates": [111.316497, 30.673337]}, "properties": {"社区": "宝联社区", "类型": "诉求", "方面": "民生", "类": "噪声", "层": "双高"}}, {"type": "Feature", "geometry": {"type": "Point", "coordinates": [111.316646, 30.674066]}, "properties": {"社区": "宝联社区", "类型": "诉求", "方面": "民生", "类": "停车", "层": "双高"}}, {"type": "Feature", "geometry": {"type": "Point", "coordinates": [111.319368, 30.670576]}, "properties": {"社区": "宝联社区", "类型": "诉求", "方面": "民生", "类": "停车", "层": "双高"}}, {"type": "Feature", "geometry": {"type": "Point", "coordinates": [111.291174, 30.692829]}, "properties": {"社区": "胜利四路社区", "类型": "诉求", "方面": "民生", "类": "物业", "层": "双高"}}, {"type": "Feature", "geometry": {"type": "Point", "coordinates": [111.316497, 30.673337]}, "properties": {"社区": "宝联社区", "类型": "诉求", "方面": "民生", "类": "噪声", "层": "双高"}}, {"type": "Feature", "geometry": {"type": "Point", "coordinates": [111.2918, 30.71167]}, "properties": {"社区": "营盘路社区", "类型": "诉求", "方面": "民生", "类": "噪声", "层": "双高"}}, {"type": "Feature", "geometry": {"type": "Point", "coordinates": [111.319368, 30.670576]}, "properties": {"社区": "宝联社区", "类型": "诉求", "方面": "民生", "类": "噪声", "层": "双高"}}, {"type": "Feature", "geometry": {"type": "Point", "coordinates": [111.319368, 30.670576]}, "properties": {"社区": "宝联社区", "类型": "诉求", "方面": "民生", "类": "噪声", "层": "双高"}}, {"type": "Feature", "geometry": {"type": "Point", "coordinates": [111.2918, 30.71167]}, "properties": {"社区": "营盘路社区", "类型": "诉求", "方面": "民生", "类": "住宅", "层": "双高"}}, {"type": "Feature", "geometry": {"type": "Point", "coordinates": [111.318086, 30.674139]}, "properties": {"社区": "宝联社区", "类型": "诉求", "方面": "民生", "类": "住宅", "层": "双高"}}, {"type": "Feature", "geometry": {"type": "Point", "coordinates": [111.2918, 30.71167]}, "properties": {"社区": "营盘路社区", "类型": "诉求", "方面": "民生", "类": "噪声", "层": "双高"}}, {"type": "Feature", "geometry": {"type": "Point", "coordinates": [111.318086, 30.674139]}, "properties": {"社区": "宝联社区", "类型": "诉求", "方面": "民生", "类": "住宅", "层": "双高"}}, {"type": "Feature", "geometry": {"type": "Point", "coordinates": [111.298446, 30.686835]}, "properties": {"社区": "胜利二路社区", "类型": "诉求", "方面": "民生", "类": "出行", "层": "双高"}}, {"type": "Feature", "geometry": {"type": "Point", "coordinates": [111.298446, 30.686835]}, "properties": {"社区": "胜利二路社区", "类型": "诉求", "方面": "民生", "类": "噪声", "层": "双高"}}, {"type": "Feature", "geometry": {"type": "Point", "coordinates": [111.2918, 30.71167]}, "properties": {"社区": "营盘路社区", "类型": "诉求", "方面": "民生", "类": "噪声", "层": "双高"}}, {"type": "Feature", "geometry": {"type": "Point", "coordinates": [111.324757, 30.719757]}, "properties": {"社区": "汕头路社区", "类型": "诉求", "方面": "民生", "类": "住宅", "层": "双高"}}, {"type": "Feature", "geometry": {"type": "Point", "coordinates": [111.319368, 30.670576]}, "properties": {"社区": "宝联社区", "类型": "诉求", "方面": "民生", "类": "噪声", "层": "双高"}}, {"type": "Feature", "geometry": {"type": "Point", "coordinates": [111.292642, 30.691585]}, "properties": {"社区": "胜利四路社区", "类型": "诉求", "方面": "民生", "类": "噪声", "层": "双高"}}, {"type": "Feature", "geometry": {"type": "Point", "coordinates": [111.319189, 30.672867]}, "properties": {"社区": "宝联社区", "类型": "诉求", "方面": "民生", "类": "住宅", "层": "双高"}}, {"type": "Feature", "geometry": {"type": "Point", "coordinates": [111.2918, 30.71167]}, "properties": {"社区": "营盘路社区", "类型": "诉求", "方面": "民生", "类": "噪声", "层": "双高"}}, {"type": "Feature", "geometry": {"type": "Point", "coordinates": [111.345652, 30.719287]}, "properties": {"社区": "汕头路社区", "类型": "诉求", "方面": "民生", "类": "住宅", "层": "双高"}}, {"type": "Feature", "geometry": {"type": "Point", "coordinates": [111.324757, 30.719757]}, "properties": {"社区": "汕头路社区", "类型": "诉求", "方面": "民生", "类": "住宅", "层": "双高"}}, {"type": "Feature", "geometry": {"type": "Point", "coordinates": [111.319368, 30.670576]}, "properties": {"社区": "宝联社区", "类型": "诉求", "方面": "民生", "类": "出行", "层": "双高"}}, {"type": "Feature", "geometry": {"type": "Point", "coordinates": [111.319368, 30.670576]}, "properties": {"社区": "宝联社区", "类型": "诉求", "方面": "民生", "类": "停车", "层": "双高"}}, {"type": "Feature", "geometry": {"type": "Point", "coordinates": [111.291174, 30.692829]}, "properties": {"社区": "胜利四路社区", "类型": "诉求", "方面": "民生", "类": "停车", "层": "双高"}}, {"type": "Feature", "geometry": {"type": "Point", "coordinates": [111.330249, 30.705617]}, "properties": {"社区": "汕头路社区", "类型": "诉求", "方面": "民生", "类": "住宅", "层": "双高"}}, {"type": "Feature", "geometry": {"type": "Point", "coordinates": [111.32105, 30.671097]}, "properties": {"社区": "宝联社区", "类型": "诉求", "方面": "民生", "类": "停车", "层": "双高"}}, {"type": "Feature", "geometry": {"type": "Point", "coordinates": [111.297857, 30.718213]}, "properties": {"社区": "营盘路社区", "类型": "诉求", "方面": "民生", "类": "住宅", "层": "双高"}}, {"type": "Feature", "geometry": {"type": "Point", "coordinates": [111.327918, 30.711294]}, "properties": {"社区": "汕头路社区", "类型": "诉求", "方面": "民生", "类": "住宅", "层": "双高"}}, {"type": "Feature", "geometry": {"type": "Point", "coordinates": [111.324757, 30.719757]}, "properties": {"社区": "汕头路社区", "类型": "诉求", "方面": "民生", "类": "住宅", "层": "双高"}}, {"type": "Feature", "geometry": {"type": "Point", "coordinates": [111.292441, 30.693041]}, "properties": {"社区": "胜利四路社区", "类型": "诉求", "方面": "民生", "类": "物业", "层": "双高"}}, {"type": "Feature", "geometry": {"type": "Point", "coordinates": [111.290924, 30.690738]}, "properties": {"社区": "胜利四路社区", "类型": "诉求", "方面": "民生", "类": "住宅", "层": "双高"}}, {"type": "Feature", "geometry": {"type": "Point", "coordinates": [111.294335, 30.68878]}, "properties": {"社区": "胜利二路社区", "类型": "诉求", "方面": "民生", "类": "住宅", "层": "双高"}}, {"type": "Feature", "geometry": {"type": "Point", "coordinates": [111.297857, 30.718213]}, "properties": {"社区": "营盘路社区", "类型": "诉求", "方面": "民生", "类": "物业", "层": "双高"}}, {"type": "Feature", "geometry": {"type": "Point", "coordinates": [111.294015, 30.691092]}, "properties": {"社区": "胜利二路社区", "类型": "诉求", "方面": "民生", "类": "住宅", "层": "双高"}}, {"type": "Feature", "geometry": {"type": "Point", "coordinates": [111.324757, 30.719757]}, "properties": {"社区": "汕头路社区", "类型": "诉求", "方面": "民生", "类": "住宅", "层": "双高"}}, {"type": "Feature", "geometry": {"type": "Point", "coordinates": [111.316646, 30.674066]}, "properties": {"社区": "宝联社区", "类型": "诉求", "方面": "民生", "类": "物业", "层": "双高"}}, {"type": "Feature", "geometry": {"type": "Point", "coordinates": [111.290365, 30.7118]}, "properties": {"社区": "营盘路社区", "类型": "诉求", "方面": "民生", "类": "出行", "层": "双高"}}, {"type": "Feature", "geometry": {"type": "Point", "coordinates": [111.298446, 30.686835]}, "properties": {"社区": "胜利二路社区", "类型": "诉求", "方面": "民生", "类": "噪声", "层": "双高"}}, {"type": "Feature", "geometry": {"type": "Point", "coordinates": [111.290924, 30.690738]}, "properties": {"社区": "胜利四路社区", "类型": "诉求", "方面": "民生", "类": "噪声", "层": "双高"}}, {"type": "Feature", "geometry": {"type": "Point", "coordinates": [111.322626, 30.672522]}, "properties": {"社区": "宝联社区", "类型": "诉求", "方面": "民生", "类": "噪声", "层": "双高"}}, {"type": "Feature", "geometry": {"type": "Point", "coordinates": [111.294991, 30.716357]}, "properties": {"社区": "营盘路社区", "类型": "诉求", "方面": "民生", "类": "物业", "层": "双高"}}, {"type": "Feature", "geometry": {"type": "Point", "coordinates": [111.293992, 30.690554]}, "properties": {"社区": "胜利二路社区", "类型": "诉求", "方面": "民生", "类": "出行", "层": "双高"}}, {"type": "Feature", "geometry": {"type": "Point", "coordinates": [111.32105, 30.671097]}, "properties": {"社区": "宝联社区", "类型": "诉求", "方面": "民生", "类": "噪声", "层": "双高"}}, {"type": "Feature", "geometry": {"type": "Point", "coordinates": [111.290924, 30.690738]}, "properties": {"社区": "胜利四路社区", "类型": "诉求", "方面": "民生", "类": "出行", "层": "双高"}}, {"type": "Feature", "geometry": {"type": "Point", "coordinates": [111.324757, 30.719757]}, "properties": {"社区": "汕头路社区", "类型": "诉求", "方面": "民生", "类": "住宅", "层": "双高"}}, {"type": "Feature", "geometry": {"type": "Point", "coordinates": [111.292642, 30.691585]}, "properties": {"社区": "胜利四路社区", "类型": "诉求", "方面": "民生", "类": "噪声", "层": "双高"}}, {"type": "Feature", "geometry": {"type": "Point", "coordinates": [111.292642, 30.691585]}, "properties": {"社区": "胜利四路社区", "类型": "诉求", "方面": "民生", "类": "物业", "层": "双高"}}, {"type": "Feature", "geometry": {"type": "Point", "coordinates": [111.324757, 30.719757]}, "properties": {"社区": "汕头路社区", "类型": "诉求", "方面": "民生", "类": "住宅", "层": "双高"}}, {"type": "Feature", "geometry": {"type": "Point", "coordinates": [111.2918, 30.71167]}, "properties": {"社区": "营盘路社区", "类型": "诉求", "方面": "民生", "类": "住宅", "层": "双高"}}, {"type": "Feature", "geometry": {"type": "Point", "coordinates": [111.2918, 30.71167]}, "properties": {"社区": "营盘路社区", "类型": "诉求", "方面": "民生", "类": "物业", "层": "双高"}}, {"type": "Feature", "geometry": {"type": "Point", "coordinates": [111.318761, 30.671257]}, "properties": {"社区": "宝联社区", "类型": "诉求", "方面": "民生", "类": "出行", "层": "双高"}}, {"type": "Feature", "geometry": {"type": "Point", "coordinates": [111.2918, 30.71167]}, "properties": {"社区": "营盘路社区", "类型": "诉求", "方面": "民生", "类": "噪声", "层": "双高"}}, {"type": "Feature", "geometry": {"type": "Point", "coordinates": [111.292642, 30.691585]}, "properties": {"社区": "胜利四路社区", "类型": "诉求", "方面": "民生", "类": "住宅", "层": "双高"}}, {"type": "Feature", "geometry": {"type": "Point", "coordinates": [111.298446, 30.686835]}, "properties": {"社区": "胜利二路社区", "类型": "诉求", "方面": "民生", "类": "噪声", "层": "双高"}}, {"type": "Feature", "geometry": {"type": "Point", "coordinates": [111.319189, 30.672867]}, "properties": {"社区": "宝联社区", "类型": "诉求", "方面": "民生", "类": "住宅", "层": "双高"}}, {"type": "Feature", "geometry": {"type": "Point", "coordinates": [111.324757, 30.719757]}, "properties": {"社区": "汕头路社区", "类型": "诉求", "方面": "民生", "类": "物业", "层": "双高"}}, {"type": "Feature", "geometry": {"type": "Point", "coordinates": [111.324757, 30.719757]}, "properties": {"社区": "汕头路社区", "类型": "诉求", "方面": "民生", "类": "出行", "层": "双高"}}, {"type": "Feature", "geometry": {"type": "Point", "coordinates": [111.290365, 30.7118]}, "properties": {"社区": "营盘路社区", "类型": "诉求", "方面": "民生", "类": "出行", "层": "双高"}}, {"type": "Feature", "geometry": {"type": "Point", "coordinates": [111.324757, 30.719757]}, "properties": {"社区": "汕头路社区", "类型": "诉求", "方面": "民生", "类": "住宅", "层": "双高"}}, {"type": "Feature", "geometry": {"type": "Point", "coordinates": [111.291174, 30.692829]}, "properties": {"社区": "胜利四路社区", "类型": "诉求", "方面": "民生", "类": "停车", "层": "双高"}}, {"type": "Feature", "geometry": {"type": "Point", "coordinates": [111.292642, 30.691585]}, "properties": {"社区": "胜利四路社区", "类型": "诉求", "方面": "民生", "类": "物业", "层": "双高"}}, {"type": "Feature", "geometry": {"type": "Point", "coordinates": [111.292642, 30.691585]}, "properties": {"社区": "胜利四路社区", "类型": "诉求", "方面": "民生", "类": "停车", "层": "双高"}}, {"type": "Feature", "geometry": {"type": "Point", "coordinates": [111.318761, 30.671257]}, "properties": {"社区": "宝联社区", "类型": "诉求", "方面": "民生", "类": "噪声", "层": "双高"}}, {"type": "Feature", "geometry": {"type": "Point", "coordinates": [111.293836, 30.688303]}, "properties": {"社区": "胜利二路社区", "类型": "诉求", "方面": "民生", "类": "噪声", "层": "双高"}}, {"type": "Feature", "geometry": {"type": "Point", "coordinates": [111.29301, 30.688575]}, "properties": {"社区": "胜利二路社区", "类型": "诉求", "方面": "民生", "类": "噪声", "层": "双高"}}, {"type": "Feature", "geometry": {"type": "Point", "coordinates": [111.292559, 30.689367]}, "properties": {"社区": "胜利四路社区", "类型": "诉求", "方面": "民生", "类": "噪声", "层": "双高"}}, {"type": "Feature", "geometry": {"type": "Point", "coordinates": [111.318761, 30.671257]}, "properties": {"社区": "宝联社区", "类型": "诉求", "方面": "民生", "类": "噪声", "层": "双高"}}, {"type": "Feature", "geometry": {"type": "Point", "coordinates": [111.290924, 30.690738]}, "properties": {"社区": "胜利四路社区", "类型": "诉求", "方面": "民生", "类": "噪声", "层": "双高"}}, {"type": "Feature", "geometry": {"type": "Point", "coordinates": [111.2918, 30.71167]}, "properties": {"社区": "营盘路社区", "类型": "诉求", "方面": "民生", "类": "噪声", "层": "双高"}}, {"type": "Feature", "geometry": {"type": "Point", "coordinates": [111.297857, 30.718213]}, "properties": {"社区": "营盘路社区", "类型": "诉求", "方面": "民生", "类": "住宅", "层": "双高"}}, {"type": "Feature", "geometry": {"type": "Point", "coordinates": [111.292642, 30.691585]}, "properties": {"社区": "胜利四路社区", "类型": "诉求", "方面": "民生", "类": "住宅", "层": "双高"}}, {"type": "Feature", "geometry": {"type": "Point", "coordinates": [111.345652, 30.719287]}, "properties": {"社区": "汕头路社区", "类型": "诉求", "方面": "民生", "类": "住宅", "层": "双高"}}, {"type": "Feature", "geometry": {"type": "Point", "coordinates": [111.294015, 30.691092]}, "properties": {"社区": "胜利二路社区", "类型": "诉求", "方面": "民生", "类": "出行", "层": "双高"}}, {"type": "Feature", "geometry": {"type": "Point", "coordinates": [111.324757, 30.719757]}, "properties": {"社区": "汕头路社区", "类型": "诉求", "方面": "民生", "类": "住宅", "层": "双高"}}, {"type": "Feature", "geometry": {"type": "Point", "coordinates": [111.292559, 30.689367]}, "properties": {"社区": "胜利四路社区", "类型": "诉求", "方面": "民生", "类": "噪声", "层": "双高"}}, {"type": "Feature", "geometry": {"type": "Point", "coordinates": [111.324757, 30.719757]}, "properties": {"社区": "汕头路社区", "类型": "诉求", "方面": "民生", "类": "住宅", "层": "双高"}}, {"type": "Feature", "geometry": {"type": "Point", "coordinates": [111.289351, 30.711877]}, "properties": {"社区": "营盘路社区", "类型": "诉求", "方面": "民生", "类": "噪声", "层": "双高"}}, {"type": "Feature", "geometry": {"type": "Point", "coordinates": [111.324757, 30.719757]}, "properties": {"社区": "汕头路社区", "类型": "诉求", "方面": "民生", "类": "住宅", "层": "双高"}}, {"type": "Feature", "geometry": {"type": "Point", "coordinates": [111.294991, 30.716357]}, "properties": {"社区": "营盘路社区", "类型": "诉求", "方面": "民生", "类": "物业", "层": "双高"}}, {"type": "Feature", "geometry": {"type": "Point", "coordinates": [111.290924, 30.690738]}, "properties": {"社区": "胜利四路社区", "类型": "诉求", "方面": "民生", "类": "住宅", "层": "双高"}}, {"type": "Feature", "geometry": {"type": "Point", "coordinates": [111.324757, 30.719757]}, "properties": {"社区": "汕头路社区", "类型": "诉求", "方面": "民生", "类": "住宅", "层": "双高"}}, {"type": "Feature", "geometry": {"type": "Point", "coordinates": [111.318761, 30.671257]}, "properties": {"社区": "宝联社区", "类型": "诉求", "方面": "民生", "类": "停车", "层": "双高"}}, {"type": "Feature", "geometry": {"type": "Point", "coordinates": [111.290924, 30.690738]}, "properties": {"社区": "胜利四路社区", "类型": "诉求", "方面": "民生", "类": "住宅", "层": "双高"}}, {"type": "Feature", "geometry": {"type": "Point", "coordinates": [111.2918, 30.71167]}, "properties": {"社区": "营盘路社区", "类型": "诉求", "方面": "民生", "类": "住宅", "层": "双高"}}, {"type": "Feature", "geometry": {"type": "Point", "coordinates": [111.2918, 30.71167]}, "properties": {"社区": "营盘路社区", "类型": "诉求", "方面": "民生", "类": "住宅", "层": "双高"}}, {"type": "Feature", "geometry": {"type": "Point", "coordinates": [111.297857, 30.718213]}, "properties": {"社区": "营盘路社区", "类型": "诉求", "方面": "民生", "类": "噪声", "层": "双高"}}, {"type": "Feature", "geometry": {"type": "Point", "coordinates": [111.324757, 30.719757]}, "properties": {"社区": "汕头路社区", "类型": "诉求", "方面": "民生", "类": "噪声", "层": "双高"}}, {"type": "Feature", "geometry": {"type": "Point", "coordinates": [111.319368, 30.670576]}, "properties": {"社区": "宝联社区", "类型": "诉求", "方面": "民生", "类": "物业", "层": "双高"}}, {"type": "Feature", "geometry": {"type": "Point", "coordinates": [111.318761, 30.671257]}, "properties": {"社区": "宝联社区", "类型": "诉求", "方面": "民生", "类": "出行", "层": "双高"}}, {"type": "Feature", "geometry": {"type": "Point", "coordinates": [111.291174, 30.692829]}, "properties": {"社区": "胜利四路社区", "类型": "诉求", "方面": "民生", "类": "噪声", "层": "双高"}}, {"type": "Feature", "geometry": {"type": "Point", "coordinates": [111.294437, 30.689538]}, "properties": {"社区": "胜利二路社区", "类型": "诉求", "方面": "民生", "类": "住宅", "层": "双高"}}, {"type": "Feature", "geometry": {"type": "Point", "coordinates": [111.292642, 30.691585]}, "properties": {"社区": "胜利四路社区", "类型": "诉求", "方面": "民生", "类": "物业", "层": "双高"}}, {"type": "Feature", "geometry": {"type": "Point", "coordinates": [111.297857, 30.718213]}, "properties": {"社区": "营盘路社区", "类型": "诉求", "方面": "民生", "类": "噪声", "层": "双高"}}, {"type": "Feature", "geometry": {"type": "Point", "coordinates": [111.317238, 30.674347]}, "properties": {"社区": "宝联社区", "类型": "诉求", "方面": "民生", "类": "住宅", "层": "双高"}}, {"type": "Feature", "geometry": {"type": "Point", "coordinates": [111.292642, 30.691585]}, "properties": {"社区": "胜利四路社区", "类型": "诉求", "方面": "民生", "类": "噪声", "层": "双高"}}]}