{"type": "FeatureCollection", "features": [{"type": "Feature", "geometry": {"type": "Point", "coordinates": [111.2768149682492, 30.72684672273511]}, "properties": {"社区": "幸福路社区", "类型": "体检", "方面": "安全", "类": "市政管网", "层": "问题指标高"}}, {"type": "Feature", "geometry": {"type": "Point", "coordinates": [111.27808214429935, 30.72645597522787]}, "properties": {"社区": "幸福路社区", "类型": "体检", "方面": "安全", "类": "市政管网", "层": "问题指标高"}}, {"type": "Feature", "geometry": {"type": "Point", "coordinates": [111.28887757565111, 30.691096262381127]}, "properties": {"社区": "新隆康路社区", "类型": "体检", "方面": "安全", "类": "市政管网", "层": "问题指标高"}}, {"type": "Feature", "geometry": {"type": "Point", "coordinates": [111.28817112436474, 30.69305667102723]}, "properties": {"社区": "新隆康路社区", "类型": "体检", "方面": "安全", "类": "市政管网", "层": "问题指标高"}}, {"type": "Feature", "geometry": {"type": "Point", "coordinates": [111.28625125583054, 30.71669908684682]}, "properties": {"社区": "西峡社区", "类型": "体检", "方面": "安全", "类": "市政管网", "层": "问题指标高"}}, {"type": "Feature", "geometry": {"type": "Point", "coordinates": [111.29463908333199, 30.72964801274824]}, "properties": {"社区": "镇境山社区", "类型": "体检", "方面": "安全", "类": "市政管网", "层": "问题指标高"}}, {"type": "Feature", "geometry": {"type": "Point", "coordinates": [111.31064638099623, 30.705631225949475]}, "properties": {"社区": "深圳路社区", "类型": "体检", "方面": "安全", "类": "市政管网", "层": "问题指标高"}}, {"type": "Feature", "geometry": {"type": "Point", "coordinates": [111.28792758314117, 30.717605531624205]}, "properties": {"社区": "西峡社区", "类型": "体检", "方面": "安全", "类": "市政管网", "层": "问题指标高"}}, {"type": "Feature", "geometry": {"type": "Point", "coordinates": [111.28895831717618, 30.702638461144524]}, "properties": {"社区": "果园路社区", "类型": "体检", "方面": "安全", "类": "市政管网", "层": "问题指标高"}}, {"type": "Feature", "geometry": {"type": "Point", "coordinates": [111.29521865164762, 30.730612107158887]}, "properties": {"社区": "镇境山社区", "类型": "体检", "方面": "安全", "类": "市政管网", "层": "问题指标高"}}, {"type": "Feature", "geometry": {"type": "Point", "coordinates": [111.30886006106672, 30.704504341004224]}, "properties": {"社区": "深圳路社区", "类型": "体检", "方面": "安全", "类": "市政管网", "层": "问题指标高"}}, {"type": "Feature", "geometry": {"type": "Point", "coordinates": [111.29336879115972, 30.726374580458792]}, "properties": {"社区": "金安岭社区", "类型": "体检", "方面": "安全", "类": "市政管网", "层": "问题指标高"}}, {"type": "Feature", "geometry": {"type": "Point", "coordinates": [111.28808839446903, 30.716889236325372]}, "properties": {"社区": "西峡社区", "类型": "体检", "方面": "安全", "类": "市政管网", "层": "问题指标高"}}, {"type": "Feature", "geometry": {"type": "Point", "coordinates": [111.29272153548168, 30.72633090033462]}, "properties": {"社区": "金安岭社区", "类型": "体检", "方面": "安全", "类": "市政管网", "层": "问题指标高"}}, {"type": "Feature", "geometry": {"type": "Point", "coordinates": [111.28936239180268, 30.692055964660952]}, "properties": {"社区": "新隆康路社区", "类型": "体检", "方面": "安全", "类": "市政管网", "层": "问题指标高"}}, {"type": "Feature", "geometry": {"type": "Point", "coordinates": [111.29361157585484, 30.724569008298573]}, "properties": {"社区": "金安岭社区", "类型": "体检", "方面": "安全", "类": "市政管网", "层": "问题指标高"}}, {"type": "Feature", "geometry": {"type": "Point", "coordinates": [111.29438470787296, 30.725804356232004]}, "properties": {"社区": "金安岭社区", "类型": "体检", "方面": "安全", "类": "市政管网", "层": "问题指标高"}}, {"type": "Feature", "geometry": {"type": "Point", "coordinates": [111.29397985105065, 30.725736616948986]}, "properties": {"社区": "金安岭社区", "类型": "体检", "方面": "安全", "类": "市政管网", "层": "问题指标高"}}, {"type": "Feature", "geometry": {"type": "Point", "coordinates": [111.2734425897926, 30.723204235373103]}, "properties": {"社区": "桥北社区", "类型": "体检", "方面": "安全", "类": "市政管网", "层": "问题指标高"}}, {"type": "Feature", "geometry": {"type": "Point", "coordinates": [111.28785092892142, 30.718044170140477]}, "properties": {"社区": "西峡社区", "类型": "体检", "方面": "安全", "类": "市政管网", "层": "问题指标高"}}, {"type": "Feature", "geometry": {"type": "Point", "coordinates": [111.30742504355685, 30.704194430131444]}, "properties": {"社区": "深圳路社区", "类型": "体检", "方面": "安全", "类": "市政管网", "层": "问题指标高"}}, {"type": "Feature", "geometry": {"type": "Point", "coordinates": [111.29648910865724, 30.727947466566746]}, "properties": {"社区": "金安岭社区", "类型": "体检", "方面": "安全", "类": "市政管网", "层": "问题指标高"}}, {"type": "Feature", "geometry": {"type": "Point", "coordinates": [111.2889099338066, 30.69113198671983]}, "properties": {"社区": "新隆康路社区", "类型": "体检", "方面": "安全", "类": "市政管网", "层": "问题指标高"}}, {"type": "Feature", "geometry": {"type": "Point", "coordinates": [111.30891773129447, 30.704494955944806]}, "properties": {"社区": "深圳路社区", "类型": "体检", "方面": "安全", "类": "市政管网", "层": "问题指标高"}}, {"type": "Feature", "geometry": {"type": "Point", "coordinates": [111.27489969697402, 30.72379421733508]}, "properties": {"社区": "桥北社区", "类型": "体检", "方面": "安全", "类": "市政管网", "层": "问题指标高"}}, {"type": "Feature", "geometry": {"type": "Point", "coordinates": [111.2736707408953, 30.72266614564009]}, "properties": {"社区": "桥北社区", "类型": "体检", "方面": "安全", "类": "市政管网", "层": "问题指标高"}}, {"type": "Feature", "geometry": {"type": "Point", "coordinates": [111.28793317397341, 30.71804112677371]}, "properties": {"社区": "西峡社区", "类型": "体检", "方面": "安全", "类": "市政管网", "层": "问题指标高"}}, {"type": "Feature", "geometry": {"type": "Point", "coordinates": [111.29269711241854, 30.726618830826105]}, "properties": {"社区": "金安岭社区", "类型": "体检", "方面": "安全", "类": "市政管网", "层": "问题指标高"}}, {"type": "Feature", "geometry": {"type": "Point", "coordinates": [111.28807158568704, 30.69368581680918]}, "properties": {"社区": "新隆康路社区", "类型": "体检", "方面": "安全", "类": "市政管网", "层": "问题指标高"}}, {"type": "Feature", "geometry": {"type": "Point", "coordinates": [111.29375235803732, 30.72524766615506]}, "properties": {"社区": "金安岭社区", "类型": "体检", "方面": "安全", "类": "市政管网", "层": "问题指标高"}}, {"type": "Feature", "geometry": {"type": "Point", "coordinates": [111.2970391759922, 30.727240535571955]}, "properties": {"社区": "金安岭社区", "类型": "体检", "方面": "安全", "类": "市政管网", "层": "问题指标高"}}, {"type": "Feature", "geometry": {"type": "Point", "coordinates": [111.27748316344193, 30.726933833125422]}, "properties": {"社区": "幸福路社区", "类型": "体检", "方面": "安全", "类": "市政管网", "层": "问题指标高"}}, {"type": "Feature", "geometry": {"type": "Point", "coordinates": [111.2755576507187, 30.72350252458124]}, "properties": {"社区": "桥北社区", "类型": "体检", "方面": "安全", "类": "市政管网", "层": "问题指标高"}}, {"type": "Feature", "geometry": {"type": "Point", "coordinates": [111.28637760063573, 30.71736914284141]}, "properties": {"社区": "西峡社区", "类型": "体检", "方面": "安全", "类": "市政管网", "层": "问题指标高"}}, {"type": "Feature", "geometry": {"type": "Point", "coordinates": [111.3088565790407, 30.703874839345517]}, "properties": {"社区": "深圳路社区", "类型": "体检", "方面": "安全", "类": "市政管网", "层": "问题指标高"}}, {"type": "Feature", "geometry": {"type": "Point", "coordinates": [111.29756731463783, 30.730591411212984]}, "properties": {"社区": "镇境山社区", "类型": "体检", "方面": "安全", "类": "市政管网", "层": "问题指标高"}}, {"type": "Feature", "geometry": {"type": "Point", "coordinates": [111.28799249963996, 30.716873568290485]}, "properties": {"社区": "西峡社区", "类型": "体检", "方面": "安全", "类": "市政管网", "层": "问题指标高"}}, {"type": "Feature", "geometry": {"type": "Point", "coordinates": [111.28645953495126, 30.717675654923926]}, "properties": {"社区": "西峡社区", "类型": "体检", "方面": "安全", "类": "市政管网", "层": "问题指标高"}}, {"type": "Feature", "geometry": {"type": "Point", "coordinates": [111.30744774287164, 30.704378611957214]}, "properties": {"社区": "深圳路社区", "类型": "体检", "方面": "安全", "类": "市政管网", "层": "问题指标高"}}, {"type": "Feature", "geometry": {"type": "Point", "coordinates": [111.29350181055486, 30.725687745511028]}, "properties": {"社区": "金安岭社区", "类型": "体检", "方面": "安全", "类": "市政管网", "层": "问题指标高"}}, {"type": "Feature", "geometry": {"type": "Point", "coordinates": [111.28625125583054, 30.71669908684682]}, "properties": {"社区": "西峡社区", "类型": "体检", "方面": "安全", "类": "市政管网", "层": "问题指标高"}}, {"type": "Feature", "geometry": {"type": "Point", "coordinates": [111.29519259313709, 30.732103782108375]}, "properties": {"社区": "镇境山社区", "类型": "体检", "方面": "安全", "类": "市政管网", "层": "问题指标高"}}, {"type": "Feature", "geometry": {"type": "Point", "coordinates": [111.29445331713926, 30.729874020758732]}, "properties": {"社区": "镇境山社区", "类型": "体检", "方面": "安全", "类": "市政管网", "层": "问题指标高"}}, {"type": "Feature", "geometry": {"type": "Point", "coordinates": [111.28629417941964, 30.7179569992791]}, "properties": {"社区": "西峡社区", "类型": "体检", "方面": "安全", "类": "市政管网", "层": "问题指标高"}}, {"type": "Feature", "geometry": {"type": "Point", "coordinates": [111.2763483642828, 30.72967390055473]}, "properties": {"社区": "幸福路社区", "类型": "体检", "方面": "安全", "类": "市政管网", "层": "问题指标高"}}, {"type": "Feature", "geometry": {"type": "Point", "coordinates": [111.29548854641826, 30.727852233312856]}, "properties": {"社区": "金安岭社区", "类型": "体检", "方面": "安全", "类": "市政管网", "层": "问题指标高"}}, {"type": "Feature", "geometry": {"type": "Point", "coordinates": [111.29624545656236, 30.73164683354655]}, "properties": {"社区": "镇境山社区", "类型": "体检", "方面": "安全", "类": "市政管网", "层": "问题指标高"}}, {"type": "Feature", "geometry": {"type": "Point", "coordinates": [111.29317572409282, 30.72705687227951]}, "properties": {"社区": "金安岭社区", "类型": "体检", "方面": "安全", "类": "市政管网", "层": "问题指标高"}}, {"type": "Feature", "geometry": {"type": "Point", "coordinates": [111.29747019705049, 30.730790024291387]}, "properties": {"社区": "镇境山社区", "类型": "体检", "方面": "安全", "类": "市政管网", "层": "问题指标高"}}, {"type": "Feature", "geometry": {"type": "Point", "coordinates": [111.30848004987301, 30.704368847419527]}, "properties": {"社区": "深圳路社区", "类型": "体检", "方面": "安全", "类": "市政管网", "层": "问题指标高"}}, {"type": "Feature", "geometry": {"type": "Point", "coordinates": [111.30742393688713, 30.70452001056286]}, "properties": {"社区": "深圳路社区", "类型": "体检", "方面": "安全", "类": "市政管网", "层": "问题指标高"}}, {"type": "Feature", "geometry": {"type": "Point", "coordinates": [111.29660762676869, 30.73218591392967]}, "properties": {"社区": "镇境山社区", "类型": "体检", "方面": "安全", "类": "市政管网", "层": "问题指标高"}}, {"type": "Feature", "geometry": {"type": "Point", "coordinates": [111.29555689456213, 30.731153799046353]}, "properties": {"社区": "镇境山社区", "类型": "体检", "方面": "安全", "类": "市政管网", "层": "问题指标高"}}, {"type": "Feature", "geometry": {"type": "Point", "coordinates": [111.30788539692261, 30.703723773515687]}, "properties": {"社区": "深圳路社区", "类型": "体检", "方面": "安全", "类": "市政管网", "层": "问题指标高"}}, {"type": "Feature", "geometry": {"type": "Point", "coordinates": [111.28894567702592, 30.702623031949724]}, "properties": {"社区": "果园路社区", "类型": "体检", "方面": "安全", "类": "市政管网", "层": "问题指标高"}}, {"type": "Feature", "geometry": {"type": "Point", "coordinates": [111.28885798330516, 30.691076773133926]}, "properties": {"社区": "新隆康路社区", "类型": "体检", "方面": "安全", "类": "市政管网", "层": "问题指标高"}}, {"type": "Feature", "geometry": {"type": "Point", "coordinates": [111.2860848290818, 30.716396978765484]}, "properties": {"社区": "西峡社区", "类型": "体检", "方面": "安全", "类": "市政管网", "层": "问题指标高"}}, {"type": "Feature", "geometry": {"type": "Point", "coordinates": [111.30791683996326, 30.704019171503727]}, "properties": {"社区": "深圳路社区", "类型": "体检", "方面": "安全", "类": "市政管网", "层": "问题指标高"}}, {"type": "Feature", "geometry": {"type": "Point", "coordinates": [111.28894567702592, 30.702623031949724]}, "properties": {"社区": "果园路社区", "类型": "体检", "方面": "安全", "类": "市政管网", "层": "问题指标高"}}, {"type": "Feature", "geometry": {"type": "Point", "coordinates": [111.28995029282828, 30.70000498912378]}, "properties": {"社区": "果园路社区", "类型": "体检", "方面": "安全", "类": "市政管网", "层": "问题指标高"}}, {"type": "Feature", "geometry": {"type": "Point", "coordinates": [111.30848064871842, 30.703725946733467]}, "properties": {"社区": "深圳路社区", "类型": "体检", "方面": "安全", "类": "市政管网", "层": "问题指标高"}}, {"type": "Feature", "geometry": {"type": "Point", "coordinates": [111.29505221810456, 30.73163509687088]}, "properties": {"社区": "镇境山社区", "类型": "体检", "方面": "安全", "类": "市政管网", "层": "问题指标高"}}, {"type": "Feature", "geometry": {"type": "Point", "coordinates": [111.29242859048868, 30.697077655049906]}, "properties": {"社区": "果园路社区", "类型": "体检", "方面": "安全", "类": "市政管网", "层": "问题指标高"}}, {"type": "Feature", "geometry": {"type": "Point", "coordinates": [111.29837220923038, 30.73103223588979]}, "properties": {"社区": "镇境山社区", "类型": "体检", "方面": "安全", "类": "市政管网", "层": "问题指标高"}}, {"type": "Feature", "geometry": {"type": "Point", "coordinates": [111.29217741612396, 30.726584595027376]}, "properties": {"社区": "金安岭社区", "类型": "体检", "方面": "安全", "类": "市政管网", "层": "问题指标高"}}, {"type": "Feature", "geometry": {"type": "Point", "coordinates": [111.2899151172236, 30.70148527324513]}, "properties": {"社区": "果园路社区", "类型": "体检", "方面": "安全", "类": "市政管网", "层": "问题指标高"}}, {"type": "Feature", "geometry": {"type": "Point", "coordinates": [111.29697166599043, 30.732183799075685]}, "properties": {"社区": "镇境山社区", "类型": "体检", "方面": "安全", "类": "市政管网", "层": "问题指标高"}}, {"type": "Feature", "geometry": {"type": "Point", "coordinates": [111.2948002869007, 30.729997711023213]}, "properties": {"社区": "镇境山社区", "类型": "体检", "方面": "安全", "类": "市政管网", "层": "问题指标高"}}, {"type": "Feature", "geometry": {"type": "Point", "coordinates": [111.30744726859326, 30.70401427483216]}, "properties": {"社区": "深圳路社区", "类型": "体检", "方面": "安全", "类": "市政管网", "层": "问题指标高"}}, {"type": "Feature", "geometry": {"type": "Point", "coordinates": [111.28628558302835, 30.716992995590125]}, "properties": {"社区": "西峡社区", "类型": "体检", "方面": "安全", "类": "市政管网", "层": "问题指标高"}}, {"type": "Feature", "geometry": {"type": "Point", "coordinates": [111.29676669234814, 30.729523414350748]}, "properties": {"社区": "金安岭社区", "类型": "体检", "方面": "安全", "类": "市政管网", "层": "问题指标高"}}, {"type": "Feature", "geometry": {"type": "Point", "coordinates": [111.29443008267687, 30.73174133472665]}, "properties": {"社区": "镇境山社区", "类型": "体检", "方面": "安全", "类": "市政管网", "层": "问题指标高"}}, {"type": "Feature", "geometry": {"type": "Point", "coordinates": [111.29375764367539, 30.72496282962545]}, "properties": {"社区": "金安岭社区", "类型": "体检", "方面": "安全", "类": "市政管网", "层": "问题指标高"}}, {"type": "Feature", "geometry": {"type": "Point", "coordinates": [111.30792364530059, 30.704370306174393]}, "properties": {"社区": "深圳路社区", "类型": "体检", "方面": "安全", "类": "市政管网", "层": "问题指标高"}}, {"type": "Feature", "geometry": {"type": "Point", "coordinates": [111.3074452694984, 30.703735780980868]}, "properties": {"社区": "深圳路社区", "类型": "体检", "方面": "安全", "类": "市政管网", "层": "问题指标高"}}, {"type": "Feature", "geometry": {"type": "Point", "coordinates": [111.29688012898187, 30.728134880281456]}, "properties": {"社区": "金安岭社区", "类型": "体检", "方面": "安全", "类": "市政管网", "层": "问题指标高"}}, {"type": "Feature", "geometry": {"type": "Point", "coordinates": [111.30848476764051, 30.704659144779114]}, "properties": {"社区": "深圳路社区", "类型": "体检", "方面": "安全", "类": "市政管网", "层": "问题指标高"}}, {"type": "Feature", "geometry": {"type": "Point", "coordinates": [111.28875975070144, 30.69153733924071]}, "properties": {"社区": "新隆康路社区", "类型": "体检", "方面": "安全", "类": "市政管网", "层": "问题指标高"}}, {"type": "Feature", "geometry": {"type": "Point", "coordinates": [111.29269711241854, 30.726618830826105]}, "properties": {"社区": "金安岭社区", "类型": "体检", "方面": "安全", "类": "市政管网", "层": "问题指标高"}}, {"type": "Feature", "geometry": {"type": "Point", "coordinates": [111.27541874598906, 30.72441498600128]}, "properties": {"社区": "幸福路社区", "类型": "体检", "方面": "安全", "类": "市政管网", "层": "问题指标高"}}, {"type": "Feature", "geometry": {"type": "Point", "coordinates": [111.29519139908642, 30.73089291287161]}, "properties": {"社区": "镇境山社区", "类型": "体检", "方面": "安全", "类": "市政管网", "层": "问题指标高"}}, {"type": "Feature", "geometry": {"type": "Point", "coordinates": [111.29812810057828, 30.730844675697483]}, "properties": {"社区": "镇境山社区", "类型": "体检", "方面": "安全", "类": "市政管网", "层": "问题指标高"}}, {"type": "Feature", "geometry": {"type": "Point", "coordinates": [111.28891160756204, 30.70374516860671]}, "properties": {"社区": "果园路社区", "类型": "体检", "方面": "安全", "类": "市政管网", "层": "问题指标高"}}, {"type": "Feature", "geometry": {"type": "Point", "coordinates": [111.29427113942907, 30.725233782032028]}, "properties": {"社区": "金安岭社区", "类型": "体检", "方面": "安全", "类": "市政管网", "层": "问题指标高"}}, {"type": "Feature", "geometry": {"type": "Point", "coordinates": [111.28970721296126, 30.703476575755126]}, "properties": {"社区": "果园路社区", "类型": "体检", "方面": "安全", "类": "市政管网", "层": "问题指标高"}}, {"type": "Feature", "geometry": {"type": "Point", "coordinates": [111.30847802445685, 30.704018647540178]}, "properties": {"社区": "深圳路社区", "类型": "体检", "方面": "安全", "类": "市政管网", "层": "问题指标高"}}, {"type": "Feature", "geometry": {"type": "Point", "coordinates": [111.29625935410098, 30.732131326637578]}, "properties": {"社区": "镇境山社区", "类型": "体检", "方面": "安全", "类": "市政管网", "层": "问题指标高"}}, {"type": "Feature", "geometry": {"type": "Point", "coordinates": [111.2883366486305, 30.715334212978327]}, "properties": {"社区": "西峡社区", "类型": "体检", "方面": "安全", "类": "市政管网", "层": "问题指标高"}}, {"type": "Feature", "geometry": {"type": "Point", "coordinates": [111.29458883018529, 30.730110953587733]}, "properties": {"社区": "镇境山社区", "类型": "体检", "方面": "安全", "类": "市政管网", "层": "问题指标高"}}, {"type": "Feature", "geometry": {"type": "Point", "coordinates": [111.29569442004022, 30.731670197760227]}, "properties": {"社区": "镇境山社区", "类型": "体检", "方面": "安全", "类": "市政管网", "层": "问题指标高"}}, {"type": "Feature", "geometry": {"type": "Point", "coordinates": [111.29324583577343, 30.72665171722983]}, "properties": {"社区": "金安岭社区", "类型": "体检", "方面": "安全", "类": "市政管网", "层": "问题指标高"}}, {"type": "Feature", "geometry": {"type": "Point", "coordinates": [111.28894567702592, 30.702623031949724]}, "properties": {"社区": "果园路社区", "类型": "体检", "方面": "安全", "类": "市政管网", "层": "问题指标高"}}, {"type": "Feature", "geometry": {"type": "Point", "coordinates": [111.29594615516521, 30.731943402519597]}, "properties": {"社区": "镇境山社区", "类型": "体检", "方面": "安全", "类": "市政管网", "层": "问题指标高"}}, {"type": "Feature", "geometry": {"type": "Point", "coordinates": [111.28798232649542, 30.694919317283304]}, "properties": {"社区": "新隆康路社区", "类型": "体检", "方面": "安全", "类": "市政管网", "层": "问题指标高"}}, {"type": "Feature", "geometry": {"type": "Point", "coordinates": [111.29640327011651, 30.731422870924696]}, "properties": {"社区": "镇境山社区", "类型": "体检", "方面": "安全", "类": "市政管网", "层": "问题指标高"}}, {"type": "Feature", "geometry": {"type": "Point", "coordinates": [111.30892375901396, 30.703891291879437]}, "properties": {"社区": "深圳路社区", "类型": "体检", "方面": "安全", "类": "市政管网", "层": "问题指标高"}}, {"type": "Feature", "geometry": {"type": "Point", "coordinates": [111.307896217863, 30.704663894210615]}, "properties": {"社区": "深圳路社区", "类型": "体检", "方面": "安全", "类": "市政管网", "层": "问题指标高"}}, {"type": "Feature", "geometry": {"type": "Point", "coordinates": [111.28651202918408, 30.718013753967952]}, "properties": {"社区": "西峡社区", "类型": "体检", "方面": "安全", "类": "市政管网", "层": "问题指标高"}}, {"type": "Feature", "geometry": {"type": "Point", "coordinates": [111.28675129077641, 30.716583645720338]}, "properties": {"社区": "西峡社区", "类型": "体检", "方面": "安全", "类": "市政管网", "层": "问题指标高"}}, {"type": "Feature", "geometry": {"type": "Point", "coordinates": [111.29521865164762, 30.730612107158887]}, "properties": {"社区": "镇境山社区", "类型": "体检", "方面": "安全", "类": "安全消防", "层": "问题指标高"}}, {"type": "Feature", "geometry": {"type": "Point", "coordinates": [111.28885798330516, 30.691076773133926]}, "properties": {"社区": "新隆康路社区", "类型": "体检", "方面": "安全", "类": "安全消防", "层": "问题指标高"}}, {"type": "Feature", "geometry": {"type": "Point", "coordinates": [111.30788539692261, 30.703723773515687]}, "properties": {"社区": "深圳路社区", "类型": "体检", "方面": "安全", "类": "安全消防", "层": "问题指标高"}}, {"type": "Feature", "geometry": {"type": "Point", "coordinates": [111.27938780716663, 30.729335010258225]}, "properties": {"社区": "幸福路社区", "类型": "体检", "方面": "安全", "类": "安全消防", "层": "问题指标高"}}, {"type": "Feature", "geometry": {"type": "Point", "coordinates": [111.28793317397341, 30.71804112677371]}, "properties": {"社区": "西峡社区", "类型": "体检", "方面": "安全", "类": "安全消防", "层": "问题指标高"}}, {"type": "Feature", "geometry": {"type": "Point", "coordinates": [111.27375494741013, 30.72176734281224]}, "properties": {"社区": "桥北社区", "类型": "体检", "方面": "安全", "类": "安全消防", "层": "问题指标高"}}, {"type": "Feature", "geometry": {"type": "Point", "coordinates": [111.28737802989507, 30.716272170299927]}, "properties": {"社区": "西峡社区", "类型": "体检", "方面": "安全", "类": "安全消防", "层": "问题指标高"}}, {"type": "Feature", "geometry": {"type": "Point", "coordinates": [111.28625125583054, 30.71669908684682]}, "properties": {"社区": "西峡社区", "类型": "体检", "方面": "安全", "类": "安全消防", "层": "问题指标高"}}, {"type": "Feature", "geometry": {"type": "Point", "coordinates": [111.29831660349483, 30.733658380253456]}, "properties": {"社区": "镇境山社区", "类型": "体检", "方面": "安全", "类": "安全消防", "层": "问题指标高"}}, {"type": "Feature", "geometry": {"type": "Point", "coordinates": [111.29272153548168, 30.72633090033462]}, "properties": {"社区": "金安岭社区", "类型": "体检", "方面": "安全", "类": "安全消防", "层": "问题指标高"}}, {"type": "Feature", "geometry": {"type": "Point", "coordinates": [111.29636734890583, 30.735213788055262]}, "properties": {"社区": "镇境山社区", "类型": "体检", "方面": "安全", "类": "安全消防", "层": "问题指标高"}}, {"type": "Feature", "geometry": {"type": "Point", "coordinates": [111.29166128418453, 30.694752521973307]}, "properties": {"社区": "新隆康路社区", "类型": "体检", "方面": "安全", "类": "安全消防", "层": "问题指标高"}}, {"type": "Feature", "geometry": {"type": "Point", "coordinates": [111.28785092892142, 30.718044170140477]}, "properties": {"社区": "西峡社区", "类型": "体检", "方面": "安全", "类": "安全消防", "层": "问题指标高"}}, {"type": "Feature", "geometry": {"type": "Point", "coordinates": [111.28441673246023, 30.717283027509538]}, "properties": {"社区": "西峡社区", "类型": "体检", "方面": "安全", "类": "安全消防", "层": "问题指标高"}}, {"type": "Feature", "geometry": {"type": "Point", "coordinates": [111.29211908930995, 30.726879332659433]}, "properties": {"社区": "金安岭社区", "类型": "体检", "方面": "安全", "类": "安全消防", "层": "问题指标高"}}, {"type": "Feature", "geometry": {"type": "Point", "coordinates": [111.27886627796137, 30.729494858982935]}, "properties": {"社区": "幸福路社区", "类型": "体检", "方面": "安全", "类": "安全消防", "层": "问题指标高"}}, {"type": "Feature", "geometry": {"type": "Point", "coordinates": [111.30744726859326, 30.70401427483216]}, "properties": {"社区": "深圳路社区", "类型": "体检", "方面": "安全", "类": "安全消防", "层": "问题指标高"}}, {"type": "Feature", "geometry": {"type": "Point", "coordinates": [111.30831981809975, 30.702658485073304]}, "properties": {"社区": "深圳路社区", "类型": "体检", "方面": "安全", "类": "安全消防", "层": "问题指标高"}}, {"type": "Feature", "geometry": {"type": "Point", "coordinates": [111.2889099338066, 30.69113198671983]}, "properties": {"社区": "新隆康路社区", "类型": "体检", "方面": "安全", "类": "安全消防", "层": "问题指标高"}}, {"type": "Feature", "geometry": {"type": "Point", "coordinates": [111.2883366486305, 30.715334212978327]}, "properties": {"社区": "西峡社区", "类型": "体检", "方面": "安全", "类": "安全消防", "层": "问题指标高"}}, {"type": "Feature", "geometry": {"type": "Point", "coordinates": [111.29946714153814, 30.73436556569802]}, "properties": {"社区": "镇境山社区", "类型": "体检", "方面": "安全", "类": "安全消防", "层": "问题指标高"}}, {"type": "Feature", "geometry": {"type": "Point", "coordinates": [111.30847802445685, 30.704018647540178]}, "properties": {"社区": "深圳路社区", "类型": "体检", "方面": "安全", "类": "安全消防", "层": "问题指标高"}}, {"type": "Feature", "geometry": {"type": "Point", "coordinates": [111.29289877745867, 30.72608459667173]}, "properties": {"社区": "金安岭社区", "类型": "体检", "方面": "安全", "类": "安全消防", "层": "问题指标高"}}, {"type": "Feature", "geometry": {"type": "Point", "coordinates": [111.2768149682492, 30.72684672273511]}, "properties": {"社区": "幸福路社区", "类型": "体检", "方面": "安全", "类": "安全消防", "层": "问题指标高"}}, {"type": "Feature", "geometry": {"type": "Point", "coordinates": [111.28645953495126, 30.717675654923926]}, "properties": {"社区": "西峡社区", "类型": "体检", "方面": "安全", "类": "安全消防", "层": "问题指标高"}}, {"type": "Feature", "geometry": {"type": "Point", "coordinates": [111.30622427373316, 30.70696296922085]}, "properties": {"社区": "深圳路社区", "类型": "体检", "方面": "安全", "类": "安全消防", "层": "问题指标高"}}, {"type": "Feature", "geometry": {"type": "Point", "coordinates": [111.28781861152142, 30.692775065362515]}, "properties": {"社区": "新隆康路社区", "类型": "体检", "方面": "安全", "类": "安全消防", "层": "问题指标高"}}, {"type": "Feature", "geometry": {"type": "Point", "coordinates": [111.30741024624375, 30.70259070044773]}, "properties": {"社区": "深圳路社区", "类型": "体检", "方面": "安全", "类": "安全消防", "层": "问题指标高"}}, {"type": "Feature", "geometry": {"type": "Point", "coordinates": [111.30886006106672, 30.704504341004224]}, "properties": {"社区": "深圳路社区", "类型": "体检", "方面": "安全", "类": "安全消防", "层": "问题指标高"}}, {"type": "Feature", "geometry": {"type": "Point", "coordinates": [111.3088565790407, 30.703874839345517]}, "properties": {"社区": "深圳路社区", "类型": "体检", "方面": "安全", "类": "安全消防", "层": "问题指标高"}}, {"type": "Feature", "geometry": {"type": "Point", "coordinates": [111.29796340541064, 30.733967518515083]}, "properties": {"社区": "镇境山社区", "类型": "体检", "方面": "安全", "类": "安全消防", "层": "问题指标高"}}, {"type": "Feature", "geometry": {"type": "Point", "coordinates": [111.30666938507973, 30.707030622294536]}, "properties": {"社区": "深圳路社区", "类型": "体检", "方面": "安全", "类": "安全消防", "层": "问题指标高"}}, {"type": "Feature", "geometry": {"type": "Point", "coordinates": [111.2933408761867, 30.727400930197568]}, "properties": {"社区": "金安岭社区", "类型": "体检", "方面": "安全", "类": "安全消防", "层": "问题指标高"}}, {"type": "Feature", "geometry": {"type": "Point", "coordinates": [111.28536514980779, 30.692988874312334]}, "properties": {"社区": "新隆康路社区", "类型": "体检", "方面": "安全", "类": "安全消防", "层": "问题指标高"}}, {"type": "Feature", "geometry": {"type": "Point", "coordinates": [111.27714733155048, 30.72765075517425]}, "properties": {"社区": "幸福路社区", "类型": "体检", "方面": "安全", "类": "安全消防", "层": "问题指标高"}}, {"type": "Feature", "geometry": {"type": "Point", "coordinates": [111.30792364530059, 30.704370306174393]}, "properties": {"社区": "深圳路社区", "类型": "体检", "方面": "安全", "类": "安全消防", "层": "问题指标高"}}, {"type": "Feature", "geometry": {"type": "Point", "coordinates": [111.29217741612396, 30.726584595027376]}, "properties": {"社区": "金安岭社区", "类型": "体检", "方面": "安全", "类": "安全消防", "层": "问题指标高"}}, {"type": "Feature", "geometry": {"type": "Point", "coordinates": [111.28757978374958, 30.693117517245664]}, "properties": {"社区": "新隆康路社区", "类型": "体检", "方面": "安全", "类": "安全消防", "层": "问题指标高"}}, {"type": "Feature", "geometry": {"type": "Point", "coordinates": [111.27952172089324, 30.72966401822153]}, "properties": {"社区": "幸福路社区", "类型": "体检", "方面": "安全", "类": "安全消防", "层": "问题指标高"}}, {"type": "Feature", "geometry": {"type": "Point", "coordinates": [111.30744774287164, 30.704378611957214]}, "properties": {"社区": "深圳路社区", "类型": "体检", "方面": "安全", "类": "安全消防", "层": "问题指标高"}}, {"type": "Feature", "geometry": {"type": "Point", "coordinates": [111.28637760063573, 30.71736914284141]}, "properties": {"社区": "西峡社区", "类型": "体检", "方面": "安全", "类": "安全消防", "层": "问题指标高"}}, {"type": "Feature", "geometry": {"type": "Point", "coordinates": [111.27827427719382, 30.72866857690034]}, "properties": {"社区": "幸福路社区", "类型": "体检", "方面": "安全", "类": "安全消防", "层": "问题指标高"}}, {"type": "Feature", "geometry": {"type": "Point", "coordinates": [111.30742504355685, 30.704194430131444]}, "properties": {"社区": "深圳路社区", "类型": "体检", "方面": "安全", "类": "安全消防", "层": "问题指标高"}}, {"type": "Feature", "geometry": {"type": "Point", "coordinates": [111.27261300994529, 30.723311766476215]}, "properties": {"社区": "桥北社区", "类型": "体检", "方面": "安全", "类": "安全消防", "层": "问题指标高"}}, {"type": "Feature", "geometry": {"type": "Point", "coordinates": [111.29211598022597, 30.72626462209664]}, "properties": {"社区": "金安岭社区", "类型": "体检", "方面": "安全", "类": "安全消防", "层": "问题指标高"}}, {"type": "Feature", "geometry": {"type": "Point", "coordinates": [111.30891773129447, 30.704494955944806]}, "properties": {"社区": "深圳路社区", "类型": "体检", "方面": "安全", "类": "安全消防", "层": "问题指标高"}}, {"type": "Feature", "geometry": {"type": "Point", "coordinates": [111.29925503183622, 30.73344262690496]}, "properties": {"社区": "镇境山社区", "类型": "体检", "方面": "安全", "类": "安全消防", "层": "问题指标高"}}, {"type": "Feature", "geometry": {"type": "Point", "coordinates": [111.28675129077641, 30.716583645720338]}, "properties": {"社区": "西峡社区", "类型": "体检", "方面": "安全", "类": "安全消防", "层": "问题指标高"}}, {"type": "Feature", "geometry": {"type": "Point", "coordinates": [111.30832753191343, 30.702025062967774]}, "properties": {"社区": "深圳路社区", "类型": "体检", "方面": "安全", "类": "安全消防", "层": "问题指标高"}}, {"type": "Feature", "geometry": {"type": "Point", "coordinates": [111.2780606021951, 30.72973692293235]}, "properties": {"社区": "幸福路社区", "类型": "体检", "方面": "安全", "类": "安全消防", "层": "问题指标高"}}, {"type": "Feature", "geometry": {"type": "Point", "coordinates": [111.2729391607231, 30.722427424409414]}, "properties": {"社区": "桥北社区", "类型": "体检", "方面": "安全", "类": "安全消防", "层": "问题指标高"}}, {"type": "Feature", "geometry": {"type": "Point", "coordinates": [111.2970391759922, 30.727240535571955]}, "properties": {"社区": "金安岭社区", "类型": "体检", "方面": "安全", "类": "安全消防", "层": "问题指标高"}}, {"type": "Feature", "geometry": {"type": "Point", "coordinates": [111.28421698785995, 30.716934444239833]}, "properties": {"社区": "西峡社区", "类型": "体检", "方面": "安全", "类": "安全消防", "层": "问题指标高"}}, {"type": "Feature", "geometry": {"type": "Point", "coordinates": [111.28686783057226, 30.71624270537376]}, "properties": {"社区": "西峡社区", "类型": "体检", "方面": "安全", "类": "安全消防", "层": "问题指标高"}}, {"type": "Feature", "geometry": {"type": "Point", "coordinates": [111.29256530937543, 30.72737727931689]}, "properties": {"社区": "金安岭社区", "类型": "体检", "方面": "安全", "类": "安全消防", "层": "问题指标高"}}, {"type": "Feature", "geometry": {"type": "Point", "coordinates": [111.30780491850446, 30.702072120222898]}, "properties": {"社区": "深圳路社区", "类型": "体检", "方面": "安全", "类": "安全消防", "层": "问题指标高"}}, {"type": "Feature", "geometry": {"type": "Point", "coordinates": [111.30848004987301, 30.704368847419527]}, "properties": {"社区": "深圳路社区", "类型": "体检", "方面": "安全", "类": "安全消防", "层": "问题指标高"}}, {"type": "Feature", "geometry": {"type": "Point", "coordinates": [111.29752241725635, 30.73410613277268]}, "properties": {"社区": "镇境山社区", "类型": "体检", "方面": "安全", "类": "安全消防", "层": "问题指标高"}}, {"type": "Feature", "geometry": {"type": "Point", "coordinates": [111.277256832637, 30.72643924108639]}, "properties": {"社区": "幸福路社区", "类型": "体检", "方面": "安全", "类": "安全消防", "层": "问题指标高"}}, {"type": "Feature", "geometry": {"type": "Point", "coordinates": [111.30848476764051, 30.704659144779114]}, "properties": {"社区": "深圳路社区", "类型": "体检", "方面": "安全", "类": "安全消防", "层": "问题指标高"}}, {"type": "Feature", "geometry": {"type": "Point", "coordinates": [111.29269711241854, 30.726618830826105]}, "properties": {"社区": "金安岭社区", "类型": "体检", "方面": "安全", "类": "安全消防", "层": "问题指标高"}}, {"type": "Feature", "geometry": {"type": "Point", "coordinates": [111.30789471120688, 30.702341727467452]}, "properties": {"社区": "深圳路社区", "类型": "体检", "方面": "安全", "类": "安全消防", "层": "问题指标高"}}, {"type": "Feature", "geometry": {"type": "Point", "coordinates": [111.2763483642828, 30.72967390055473]}, "properties": {"社区": "幸福路社区", "类型": "体检", "方面": "安全", "类": "安全消防", "层": "问题指标高"}}, {"type": "Feature", "geometry": {"type": "Point", "coordinates": [111.30882670473012, 30.70235832084676]}, "properties": {"社区": "深圳路社区", "类型": "体检", "方面": "安全", "类": "安全消防", "层": "问题指标高"}}, {"type": "Feature", "geometry": {"type": "Point", "coordinates": [111.27403552590327, 30.72317486652962]}, "properties": {"社区": "桥北社区", "类型": "体检", "方面": "安全", "类": "安全消防", "层": "问题指标高"}}, {"type": "Feature", "geometry": {"type": "Point", "coordinates": [111.28875975070144, 30.69153733924071]}, "properties": {"社区": "新隆康路社区", "类型": "体检", "方面": "安全", "类": "安全消防", "层": "问题指标高"}}, {"type": "Feature", "geometry": {"type": "Point", "coordinates": [111.30875173536161, 30.702016610007913]}, "properties": {"社区": "深圳路社区", "类型": "体检", "方面": "安全", "类": "安全消防", "层": "问题指标高"}}, {"type": "Feature", "geometry": {"type": "Point", "coordinates": [111.28710612226375, 30.716265643820176]}, "properties": {"社区": "西峡社区", "类型": "体检", "方面": "安全", "类": "安全消防", "层": "问题指标高"}}, {"type": "Feature", "geometry": {"type": "Point", "coordinates": [111.29795643670597, 30.734842651445874]}, "properties": {"社区": "镇境山社区", "类型": "体检", "方面": "安全", "类": "安全消防", "层": "问题指标高"}}, {"type": "Feature", "geometry": {"type": "Point", "coordinates": [111.29848273619584, 30.73460842391898]}, "properties": {"社区": "镇境山社区", "类型": "体检", "方面": "安全", "类": "安全消防", "层": "问题指标高"}}, {"type": "Feature", "geometry": {"type": "Point", "coordinates": [111.31081337485608, 30.704411258219768]}, "properties": {"社区": "深圳路社区", "类型": "体检", "方面": "安全", "类": "安全消防", "层": "问题指标高"}}, {"type": "Feature", "geometry": {"type": "Point", "coordinates": [111.307896217863, 30.704663894210615]}, "properties": {"社区": "深圳路社区", "类型": "体检", "方面": "安全", "类": "安全消防", "层": "问题指标高"}}, {"type": "Feature", "geometry": {"type": "Point", "coordinates": [111.3074452694984, 30.703735780980868]}, "properties": {"社区": "深圳路社区", "类型": "体检", "方面": "安全", "类": "安全消防", "层": "问题指标高"}}, {"type": "Feature", "geometry": {"type": "Point", "coordinates": [111.28512864711998, 30.71818767303377]}, "properties": {"社区": "西峡社区", "类型": "体检", "方面": "安全", "类": "安全消防", "层": "问题指标高"}}, {"type": "Feature", "geometry": {"type": "Point", "coordinates": [111.28651697008699, 30.692309465020422]}, "properties": {"社区": "新隆康路社区", "类型": "体检", "方面": "安全", "类": "安全消防", "层": "问题指标高"}}, {"type": "Feature", "geometry": {"type": "Point", "coordinates": [111.29336879115972, 30.726374580458792]}, "properties": {"社区": "金安岭社区", "类型": "体检", "方面": "安全", "类": "安全消防", "层": "问题指标高"}}, {"type": "Feature", "geometry": {"type": "Point", "coordinates": [111.2993583020114, 30.733908688747487]}, "properties": {"社区": "镇境山社区", "类型": "体检", "方面": "安全", "类": "安全消防", "层": "问题指标高"}}, {"type": "Feature", "geometry": {"type": "Point", "coordinates": [111.28448028102191, 30.71682001786235]}, "properties": {"社区": "西峡社区", "类型": "体检", "方面": "安全", "类": "安全消防", "层": "问题指标高"}}, {"type": "Feature", "geometry": {"type": "Point", "coordinates": [111.28625125583054, 30.71669908684682]}, "properties": {"社区": "西峡社区", "类型": "体检", "方面": "安全", "类": "安全消防", "层": "问题指标高"}}, {"type": "Feature", "geometry": {"type": "Point", "coordinates": [111.30622977854371, 30.70706281539454]}, "properties": {"社区": "深圳路社区", "类型": "体检", "方面": "安全", "类": "安全消防", "层": "问题指标高"}}, {"type": "Feature", "geometry": {"type": "Point", "coordinates": [111.28853783580662, 30.692161218143262]}, "properties": {"社区": "新隆康路社区", "类型": "体检", "方面": "安全", "类": "安全消防", "层": "问题指标高"}}, {"type": "Feature", "geometry": {"type": "Point", "coordinates": [111.28913152285318, 30.692194196890085]}, "properties": {"社区": "新隆康路社区", "类型": "体检", "方面": "安全", "类": "安全消防", "层": "问题指标高"}}, {"type": "Feature", "geometry": {"type": "Point", "coordinates": [111.28448028102191, 30.71682001786235]}, "properties": {"社区": "西峡社区", "类型": "体检", "方面": "安全", "类": "安全消防", "层": "问题指标高"}}, {"type": "Feature", "geometry": {"type": "Point", "coordinates": [111.28468248766029, 30.717155453997293]}, "properties": {"社区": "西峡社区", "类型": "体检", "方面": "安全", "类": "安全消防", "层": "问题指标高"}}, {"type": "Feature", "geometry": {"type": "Point", "coordinates": [111.2739587771032, 30.72150337514622]}, "properties": {"社区": "桥北社区", "类型": "体检", "方面": "安全", "类": "安全消防", "层": "问题指标高"}}, {"type": "Feature", "geometry": {"type": "Point", "coordinates": [111.2790410475771, 30.729808048660438]}, "properties": {"社区": "幸福路社区", "类型": "体检", "方面": "安全", "类": "安全消防", "层": "问题指标高"}}, {"type": "Feature", "geometry": {"type": "Point", "coordinates": [111.28799249963996, 30.716873568290485]}, "properties": {"社区": "西峡社区", "类型": "体检", "方面": "安全", "类": "安全消防", "层": "问题指标高"}}, {"type": "Feature", "geometry": {"type": "Point", "coordinates": [111.30791683996326, 30.704019171503727]}, "properties": {"社区": "深圳路社区", "类型": "体检", "方面": "安全", "类": "安全消防", "层": "问题指标高"}}, {"type": "Feature", "geometry": {"type": "Point", "coordinates": [111.30744901412692, 30.704666021210326]}, "properties": {"社区": "深圳路社区", "类型": "体检", "方面": "安全", "类": "安全消防", "层": "问题指标高"}}, {"type": "Feature", "geometry": {"type": "Point", "coordinates": [111.30892375901396, 30.703891291879437]}, "properties": {"社区": "深圳路社区", "类型": "体检", "方面": "安全", "类": "安全消防", "层": "问题指标高"}}, {"type": "Feature", "geometry": {"type": "Point", "coordinates": [111.29776650651365, 30.73352804948676]}, "properties": {"社区": "镇境山社区", "类型": "体检", "方面": "安全", "类": "安全消防", "层": "问题指标高"}}, {"type": "Feature", "geometry": {"type": "Point", "coordinates": [111.29358038121622, 30.726679175799887]}, "properties": {"社区": "金安岭社区", "类型": "体检", "方面": "安全", "类": "安全消防", "层": "问题指标高"}}, {"type": "Feature", "geometry": {"type": "Point", "coordinates": [111.29756731463783, 30.730591411212984]}, "properties": {"社区": "镇境山社区", "类型": "体检", "方面": "安全", "类": "安全消防", "层": "问题指标高"}}, {"type": "Feature", "geometry": {"type": "Point", "coordinates": [111.2980544368987, 30.734381763719163]}, "properties": {"社区": "镇境山社区", "类型": "体检", "方面": "安全", "类": "安全消防", "层": "问题指标高"}}, {"type": "Feature", "geometry": {"type": "Point", "coordinates": [111.29759902777832, 30.734520961742746]}, "properties": {"社区": "镇境山社区", "类型": "体检", "方面": "安全", "类": "安全消防", "层": "问题指标高"}}, {"type": "Feature", "geometry": {"type": "Point", "coordinates": [111.29730490158252, 30.73093970528051]}, "properties": {"社区": "镇境山社区", "类型": "体检", "方面": "安全", "类": "安全消防", "层": "问题指标高"}}, {"type": "Feature", "geometry": {"type": "Point", "coordinates": [111.29696618439547, 30.727483896908094]}, "properties": {"社区": "金安岭社区", "类型": "体检", "方面": "安全", "类": "安全消防", "层": "问题指标高"}}, {"type": "Feature", "geometry": {"type": "Point", "coordinates": [111.2847027003946, 30.718752107478277]}, "properties": {"社区": "西峡社区", "类型": "体检", "方面": "安全", "类": "安全消防", "层": "问题指标高"}}, {"type": "Feature", "geometry": {"type": "Point", "coordinates": [111.29324583577343, 30.72665171722983]}, "properties": {"社区": "金安岭社区", "类型": "体检", "方面": "安全", "类": "安全消防", "层": "问题指标高"}}, {"type": "Feature", "geometry": {"type": "Point", "coordinates": [111.27434019135998, 30.724284694934763]}, "properties": {"社区": "桥北社区", "类型": "体检", "方面": "安全", "类": "安全消防", "层": "问题指标高"}}, {"type": "Feature", "geometry": {"type": "Point", "coordinates": [111.28808839446903, 30.716889236325372]}, "properties": {"社区": "西峡社区", "类型": "体检", "方面": "安全", "类": "安全消防", "层": "问题指标高"}}, {"type": "Feature", "geometry": {"type": "Point", "coordinates": [111.28403914283373, 30.717662875579606]}, "properties": {"社区": "西峡社区", "类型": "体检", "方面": "安全", "类": "安全消防", "层": "问题指标高"}}, {"type": "Feature", "geometry": {"type": "Point", "coordinates": [111.2781943652873, 30.730063055625514]}, "properties": {"社区": "幸福路社区", "类型": "体检", "方面": "安全", "类": "安全消防", "层": "问题指标高"}}, {"type": "Feature", "geometry": {"type": "Point", "coordinates": [111.27846602444468, 30.729614910569857]}, "properties": {"社区": "幸福路社区", "类型": "体检", "方面": "安全", "类": "安全消防", "层": "问题指标高"}}, {"type": "Feature", "geometry": {"type": "Point", "coordinates": [111.2868871941522, 30.716156606680407]}, "properties": {"社区": "西峡社区", "类型": "体检", "方面": "安全", "类": "安全消防", "层": "问题指标高"}}, {"type": "Feature", "geometry": {"type": "Point", "coordinates": [111.28792758314117, 30.717605531624205]}, "properties": {"社区": "西峡社区", "类型": "体检", "方面": "安全", "类": "安全消防", "层": "问题指标高"}}, {"type": "Feature", "geometry": {"type": "Point", "coordinates": [111.28734107583871, 30.716192463677327]}, "properties": {"社区": "西峡社区", "类型": "体检", "方面": "安全", "类": "安全消防", "层": "问题指标高"}}, {"type": "Feature", "geometry": {"type": "Point", "coordinates": [111.30742393688713, 30.70452001056286]}, "properties": {"社区": "深圳路社区", "类型": "体检", "方面": "安全", "类": "安全消防", "层": "问题指标高"}}, {"type": "Feature", "geometry": {"type": "Point", "coordinates": [111.30848064871842, 30.703725946733467]}, "properties": {"社区": "深圳路社区", "类型": "体检", "方面": "安全", "类": "安全消防", "层": "问题指标高"}}, {"type": "Feature", "geometry": {"type": "Point", "coordinates": [111.30725014080483, 30.702193195919445]}, "properties": {"社区": "深圳路社区", "类型": "体检", "方面": "安全", "类": "安全消防", "层": "问题指标高"}}, {"type": "Feature", "geometry": {"type": "Point", "coordinates": [111.29087394146258, 30.70050846848904]}, "properties": {"社区": "果园路社区", "类型": "体检", "方面": "安全", "类": "安全消防", "层": "问题指标高"}}, {"type": "Feature", "geometry": {"type": "Point", "coordinates": [111.29516231653362, 30.728475087214115]}, "properties": {"社区": "金安岭社区", "类型": "体检", "方面": "安全", "类": "安全消防", "层": "问题指标高"}}, {"type": "Feature", "geometry": {"type": "Point", "coordinates": [111.28839306212473, 30.691313176434797]}, "properties": {"社区": "新隆康路社区", "类型": "体检", "方面": "安全", "类": "安全消防", "层": "问题指标高"}}, {"type": "Feature", "geometry": {"type": "Point", "coordinates": [111.2786151890827, 30.729937518500883]}, "properties": {"社区": "幸福路社区", "类型": "体检", "方面": "安全", "类": "安全消防", "层": "问题指标高"}}, {"type": "Feature", "geometry": {"type": "Point", "coordinates": [111.29630638710292, 30.735239357131743]}, "properties": {"社区": "镇境山社区", "类型": "体检", "方面": "安全", "类": "安全消防", "层": "问题指标高"}}, {"type": "Feature", "geometry": {"type": "Point", "coordinates": [111.28637760063573, 30.71736914284141]}, "properties": {"社区": "西峡社区", "类型": "体检", "方面": "安全", "类": "安全消防", "层": "问题指标高"}}, {"type": "Feature", "geometry": {"type": "Point", "coordinates": [111.28763993607892, 30.694382515238573]}, "properties": {"社区": "新隆康路社区", "类型": "体检", "方面": "安全", "类": "住房", "层": "问题指标高"}}, {"type": "Feature", "geometry": {"type": "Point", "coordinates": [111.28769453818806, 30.694866171465296]}, "properties": {"社区": "新隆康路社区", "类型": "体检", "方面": "安全", "类": "住房", "层": "问题指标高"}}, {"type": "Feature", "geometry": {"type": "Point", "coordinates": [111.2876781767622, 30.69469482342936]}, "properties": {"社区": "新隆康路社区", "类型": "体检", "方面": "安全", "类": "住房", "层": "问题指标高"}}, {"type": "Feature", "geometry": {"type": "Point", "coordinates": [111.2875262052174, 30.694550490831805]}, "properties": {"社区": "新隆康路社区", "类型": "体检", "方面": "安全", "类": "住房", "层": "问题指标高"}}, {"type": "Feature", "geometry": {"type": "Point", "coordinates": [111.28734954325562, 30.694896216546745]}, "properties": {"社区": "新隆康路社区", "类型": "体检", "方面": "安全", "类": "住房", "层": "问题指标高"}}, {"type": "Feature", "geometry": {"type": "Point", "coordinates": [111.28828439923667, 30.694311552236577]}, "properties": {"社区": "新隆康路社区", "类型": "体检", "方面": "安全", "类": "住房", "层": "问题指标高"}}, {"type": "Feature", "geometry": {"type": "Point", "coordinates": [111.28859731219539, 30.693938686414956]}, "properties": {"社区": "新隆康路社区", "类型": "体检", "方面": "安全", "类": "住房", "层": "问题指标高"}}, {"type": "Feature", "geometry": {"type": "Point", "coordinates": [111.28862447702042, 30.693041793995356]}, "properties": {"社区": "新隆康路社区", "类型": "体检", "方面": "安全", "类": "住房", "层": "问题指标高"}}, {"type": "Feature", "geometry": {"type": "Point", "coordinates": [111.29505221810456, 30.73163509687088]}, "properties": {"社区": "镇境山社区", "类型": "体检", "方面": "安全", "类": "住房", "层": "问题指标高"}}, {"type": "Feature", "geometry": {"type": "Point", "coordinates": [111.29296445846933, 30.72734644268427]}, "properties": {"社区": "金安岭社区", "类型": "体检", "方面": "安全", "类": "住房", "层": "问题指标高"}}, {"type": "Feature", "geometry": {"type": "Point", "coordinates": [111.29569442004022, 30.731670197760227]}, "properties": {"社区": "镇境山社区", "类型": "体检", "方面": "安全", "类": "住房", "层": "问题指标高"}}, {"type": "Feature", "geometry": {"type": "Point", "coordinates": [111.29353890026877, 30.69698477797183]}, "properties": {"社区": "果园路社区", "类型": "体检", "方面": "安全", "类": "住房", "层": "问题指标高"}}, {"type": "Feature", "geometry": {"type": "Point", "coordinates": [111.30860754260414, 30.705281638173854]}, "properties": {"社区": "深圳路社区", "类型": "体检", "方面": "安全", "类": "住房", "层": "问题指标高"}}, {"type": "Feature", "geometry": {"type": "Point", "coordinates": [111.2847027003946, 30.718752107478277]}, "properties": {"社区": "西峡社区", "类型": "体检", "方面": "安全", "类": "住房", "层": "问题指标高"}}, {"type": "Feature", "geometry": {"type": "Point", "coordinates": [111.28710612226375, 30.716265643820176]}, "properties": {"社区": "西峡社区", "类型": "体检", "方面": "安全", "类": "住房", "层": "问题指标高"}}, {"type": "Feature", "geometry": {"type": "Point", "coordinates": [111.29687649934003, 30.73449011390651]}, "properties": {"社区": "镇境山社区", "类型": "体检", "方面": "安全", "类": "住房", "层": "问题指标高"}}, {"type": "Feature", "geometry": {"type": "Point", "coordinates": [111.28674910492963, 30.69346309313207]}, "properties": {"社区": "新隆康路社区", "类型": "体检", "方面": "安全", "类": "住房", "层": "问题指标高"}}, {"type": "Feature", "geometry": {"type": "Point", "coordinates": [111.30965938571707, 30.706386832903874]}, "properties": {"社区": "深圳路社区", "类型": "体检", "方面": "安全", "类": "住房", "层": "问题指标高"}}, {"type": "Feature", "geometry": {"type": "Point", "coordinates": [111.29403492210264, 30.723780386442485]}, "properties": {"社区": "金安岭社区", "类型": "体检", "方面": "安全", "类": "住房", "层": "问题指标高"}}, {"type": "Feature", "geometry": {"type": "Point", "coordinates": [111.28995029282828, 30.70000498912378]}, "properties": {"社区": "果园路社区", "类型": "体检", "方面": "安全", "类": "住房", "层": "问题指标高"}}, {"type": "Feature", "geometry": {"type": "Point", "coordinates": [111.28625125583054, 30.71669908684682]}, "properties": {"社区": "西峡社区", "类型": "体检", "方面": "安全", "类": "住房", "层": "问题指标高"}}, {"type": "Feature", "geometry": {"type": "Point", "coordinates": [111.29120883750049, 30.700638933192575]}, "properties": {"社区": "果园路社区", "类型": "体检", "方面": "安全", "类": "住房", "层": "问题指标高"}}, {"type": "Feature", "geometry": {"type": "Point", "coordinates": [111.29211908930995, 30.726879332659433]}, "properties": {"社区": "金安岭社区", "类型": "体检", "方面": "安全", "类": "住房", "层": "问题指标高"}}, {"type": "Feature", "geometry": {"type": "Point", "coordinates": [111.28625125583054, 30.71669908684682]}, "properties": {"社区": "西峡社区", "类型": "体检", "方面": "安全", "类": "住房", "层": "问题指标高"}}, {"type": "Feature", "geometry": {"type": "Point", "coordinates": [111.29812810057828, 30.730844675697483]}, "properties": {"社区": "镇境山社区", "类型": "体检", "方面": "安全", "类": "住房", "层": "问题指标高"}}, {"type": "Feature", "geometry": {"type": "Point", "coordinates": [111.29296445846933, 30.72734644268427]}, "properties": {"社区": "金安岭社区", "类型": "体检", "方面": "安全", "类": "住房", "层": "问题指标高"}}, {"type": "Feature", "geometry": {"type": "Point", "coordinates": [111.29677346304824, 30.733426498031893]}, "properties": {"社区": "镇境山社区", "类型": "体检", "方面": "安全", "类": "住房", "层": "问题指标高"}}, {"type": "Feature", "geometry": {"type": "Point", "coordinates": [111.28623601520428, 30.7162366585437]}, "properties": {"社区": "西峡社区", "类型": "体检", "方面": "安全", "类": "住房", "层": "问题指标高"}}, {"type": "Feature", "geometry": {"type": "Point", "coordinates": [111.29831545292609, 30.732278683377288]}, "properties": {"社区": "镇境山社区", "类型": "体检", "方面": "安全", "类": "住房", "层": "问题指标高"}}, {"type": "Feature", "geometry": {"type": "Point", "coordinates": [111.30803625795902, 30.706634941072192]}, "properties": {"社区": "深圳路社区", "类型": "体检", "方面": "安全", "类": "住房", "层": "问题指标高"}}, {"type": "Feature", "geometry": {"type": "Point", "coordinates": [111.28778372005974, 30.716294624469793]}, "properties": {"社区": "西峡社区", "类型": "体检", "方面": "安全", "类": "住房", "层": "问题指标高"}}, {"type": "Feature", "geometry": {"type": "Point", "coordinates": [111.2763483642828, 30.72967390055473]}, "properties": {"社区": "幸福路社区", "类型": "体检", "方面": "安全", "类": "住房", "层": "问题指标高"}}, {"type": "Feature", "geometry": {"type": "Point", "coordinates": [111.29117450474807, 30.702242647038066]}, "properties": {"社区": "果园路社区", "类型": "体检", "方面": "安全", "类": "住房", "层": "问题指标高"}}, {"type": "Feature", "geometry": {"type": "Point", "coordinates": [111.29188537935194, 30.696130180609487]}, "properties": {"社区": "果园路社区", "类型": "体检", "方面": "安全", "类": "住房", "层": "问题指标高"}}, {"type": "Feature", "geometry": {"type": "Point", "coordinates": [111.29323569069315, 30.72584075764482]}, "properties": {"社区": "金安岭社区", "类型": "体检", "方面": "安全", "类": "住房", "层": "问题指标高"}}, {"type": "Feature", "geometry": {"type": "Point", "coordinates": [111.30848064871842, 30.703725946733467]}, "properties": {"社区": "深圳路社区", "类型": "体检", "方面": "安全", "类": "住房", "层": "问题指标高"}}, {"type": "Feature", "geometry": {"type": "Point", "coordinates": [111.27792855384767, 30.729368321834002]}, "properties": {"社区": "幸福路社区", "类型": "体检", "方面": "安全", "类": "住房", "层": "问题指标高"}}, {"type": "Feature", "geometry": {"type": "Point", "coordinates": [111.29640327011651, 30.731422870924696]}, "properties": {"社区": "镇境山社区", "类型": "体检", "方面": "安全", "类": "住房", "层": "问题指标高"}}, {"type": "Feature", "geometry": {"type": "Point", "coordinates": [111.30642642946215, 30.706118446622302]}, "properties": {"社区": "深圳路社区", "类型": "体检", "方面": "安全", "类": "住房", "层": "问题指标高"}}, {"type": "Feature", "geometry": {"type": "Point", "coordinates": [111.28448028102191, 30.71682001786235]}, "properties": {"社区": "西峡社区", "类型": "体检", "方面": "安全", "类": "住房", "层": "问题指标高"}}, {"type": "Feature", "geometry": {"type": "Point", "coordinates": [111.28785092892142, 30.718044170140477]}, "properties": {"社区": "西峡社区", "类型": "体检", "方面": "安全", "类": "住房", "层": "问题指标高"}}, {"type": "Feature", "geometry": {"type": "Point", "coordinates": [111.27597948907061, 30.722249187410856]}, "properties": {"社区": "桥北社区", "类型": "体检", "方面": "安全", "类": "住房", "层": "问题指标高"}}, {"type": "Feature", "geometry": {"type": "Point", "coordinates": [111.28799384058487, 30.71361538984817]}, "properties": {"社区": "西峡社区", "类型": "体检", "方面": "安全", "类": "住房", "层": "问题指标高"}}, {"type": "Feature", "geometry": {"type": "Point", "coordinates": [111.27613481441163, 30.724342067224136]}, "properties": {"社区": "幸福路社区", "类型": "体检", "方面": "安全", "类": "住房", "层": "问题指标高"}}, {"type": "Feature", "geometry": {"type": "Point", "coordinates": [111.3094753616469, 30.705329992011304]}, "properties": {"社区": "深圳路社区", "类型": "体检", "方面": "安全", "类": "住房", "层": "问题指标高"}}, {"type": "Feature", "geometry": {"type": "Point", "coordinates": [111.28852317574561, 30.71397616912243]}, "properties": {"社区": "西峡社区", "类型": "体检", "方面": "安全", "类": "住房", "层": "问题指标高"}}, {"type": "Feature", "geometry": {"type": "Point", "coordinates": [111.28686783057226, 30.71624270537376]}, "properties": {"社区": "西峡社区", "类型": "体检", "方面": "安全", "类": "住房", "层": "问题指标高"}}, {"type": "Feature", "geometry": {"type": "Point", "coordinates": [111.29358038121622, 30.726679175799887]}, "properties": {"社区": "金安岭社区", "类型": "体检", "方面": "安全", "类": "住房", "层": "问题指标高"}}, {"type": "Feature", "geometry": {"type": "Point", "coordinates": [111.28817112436474, 30.69305667102723]}, "properties": {"社区": "新隆康路社区", "类型": "体检", "方面": "安全", "类": "住房", "层": "问题指标高"}}, {"type": "Feature", "geometry": {"type": "Point", "coordinates": [111.29804182526935, 30.731122250475664]}, "properties": {"社区": "镇境山社区", "类型": "体检", "方面": "安全", "类": "住房", "层": "问题指标高"}}, {"type": "Feature", "geometry": {"type": "Point", "coordinates": [111.29256530937543, 30.72737727931689]}, "properties": {"社区": "金安岭社区", "类型": "体检", "方面": "安全", "类": "住房", "层": "问题指标高"}}, {"type": "Feature", "geometry": {"type": "Point", "coordinates": [111.291224234226, 30.701967969055747]}, "properties": {"社区": "果园路社区", "类型": "体检", "方面": "安全", "类": "住房", "层": "问题指标高"}}, {"type": "Feature", "geometry": {"type": "Point", "coordinates": [111.28734107583871, 30.716192463677327]}, "properties": {"社区": "西峡社区", "类型": "体检", "方面": "安全", "类": "住房", "层": "问题指标高"}}, {"type": "Feature", "geometry": {"type": "Point", "coordinates": [111.27929477455014, 30.728560112347946]}, "properties": {"社区": "幸福路社区", "类型": "体检", "方面": "安全", "类": "住房", "层": "问题指标高"}}, {"type": "Feature", "geometry": {"type": "Point", "coordinates": [111.29287512516338, 30.72708152162873]}, "properties": {"社区": "金安岭社区", "类型": "体检", "方面": "安全", "类": "住房", "层": "问题指标高"}}, {"type": "Feature", "geometry": {"type": "Point", "coordinates": [111.27938780716663, 30.729335010258225]}, "properties": {"社区": "幸福路社区", "类型": "体检", "方面": "安全", "类": "住房", "层": "问题指标高"}}, {"type": "Feature", "geometry": {"type": "Point", "coordinates": [111.27639342494972, 30.72522263818058]}, "properties": {"社区": "幸福路社区", "类型": "体检", "方面": "安全", "类": "住房", "层": "问题指标高"}}, {"type": "Feature", "geometry": {"type": "Point", "coordinates": [111.29347120812531, 30.727068956673456]}, "properties": {"社区": "金安岭社区", "类型": "体检", "方面": "安全", "类": "住房", "层": "问题指标高"}}, {"type": "Feature", "geometry": {"type": "Point", "coordinates": [111.28421698785995, 30.716934444239833]}, "properties": {"社区": "西峡社区", "类型": "体检", "方面": "安全", "类": "住房", "层": "问题指标高"}}, {"type": "Feature", "geometry": {"type": "Point", "coordinates": [111.29080803590745, 30.70243230134216]}, "properties": {"社区": "果园路社区", "类型": "体检", "方面": "安全", "类": "住房", "层": "问题指标高"}}, {"type": "Feature", "geometry": {"type": "Point", "coordinates": [111.27855256830681, 30.72917088359011]}, "properties": {"社区": "幸福路社区", "类型": "体检", "方面": "安全", "类": "住房", "层": "问题指标高"}}, {"type": "Feature", "geometry": {"type": "Point", "coordinates": [111.3075709423003, 30.70624207599]}, "properties": {"社区": "深圳路社区", "类型": "体检", "方面": "安全", "类": "住房", "层": "问题指标高"}}, {"type": "Feature", "geometry": {"type": "Point", "coordinates": [111.29324583577343, 30.72665171722983]}, "properties": {"社区": "金安岭社区", "类型": "体检", "方面": "安全", "类": "住房", "层": "问题指标高"}}, {"type": "Feature", "geometry": {"type": "Point", "coordinates": [111.2879046259536, 30.69415371454687]}, "properties": {"社区": "新隆康路社区", "类型": "体检", "方面": "安全", "类": "住房", "层": "问题指标高"}}, {"type": "Feature", "geometry": {"type": "Point", "coordinates": [111.27330718800648, 30.72300605268997]}, "properties": {"社区": "桥北社区", "类型": "体检", "方面": "安全", "类": "住房", "层": "问题指标高"}}, {"type": "Feature", "geometry": {"type": "Point", "coordinates": [111.28637760063573, 30.71736914284141]}, "properties": {"社区": "西峡社区", "类型": "体检", "方面": "安全", "类": "住房", "层": "问题指标高"}}, {"type": "Feature", "geometry": {"type": "Point", "coordinates": [111.30801186831634, 30.706181207900144]}, "properties": {"社区": "深圳路社区", "类型": "体检", "方面": "安全", "类": "住房", "层": "问题指标高"}}, {"type": "Feature", "geometry": {"type": "Point", "coordinates": [111.29774013442237, 30.73205827746297]}, "properties": {"社区": "镇境山社区", "类型": "体检", "方面": "安全", "类": "住房", "层": "问题指标高"}}, {"type": "Feature", "geometry": {"type": "Point", "coordinates": [111.30571308882398, 30.706148645667245]}, "properties": {"社区": "深圳路社区", "类型": "体检", "方面": "安全", "类": "住房", "层": "问题指标高"}}, {"type": "Feature", "geometry": {"type": "Point", "coordinates": [111.29397985105065, 30.725736616948986]}, "properties": {"社区": "金安岭社区", "类型": "体检", "方面": "安全", "类": "住房", "层": "问题指标高"}}, {"type": "Feature", "geometry": {"type": "Point", "coordinates": [111.28779443875595, 30.716206397317183]}, "properties": {"社区": "西峡社区", "类型": "体检", "方面": "安全", "类": "住房", "层": "问题指标高"}}, {"type": "Feature", "geometry": {"type": "Point", "coordinates": [111.2970391759922, 30.727240535571955]}, "properties": {"社区": "金安岭社区", "类型": "体检", "方面": "安全", "类": "住房", "层": "问题指标高"}}, {"type": "Feature", "geometry": {"type": "Point", "coordinates": [111.27282662233141, 30.723722551623407]}, "properties": {"社区": "桥北社区", "类型": "体检", "方面": "安全", "类": "住房", "层": "问题指标高"}}, {"type": "Feature", "geometry": {"type": "Point", "coordinates": [111.31064638099623, 30.705631225949475]}, "properties": {"社区": "深圳路社区", "类型": "体检", "方面": "安全", "类": "住房", "层": "问题指标高"}}, {"type": "Feature", "geometry": {"type": "Point", "coordinates": [111.29403492210264, 30.723780386442485]}, "properties": {"社区": "金安岭社区", "类型": "体检", "方面": "安全", "类": "住房", "层": "问题指标高"}}, {"type": "Feature", "geometry": {"type": "Point", "coordinates": [111.28628688546539, 30.71617631201055]}, "properties": {"社区": "西峡社区", "类型": "体检", "方面": "安全", "类": "住房", "层": "问题指标高"}}, {"type": "Feature", "geometry": {"type": "Point", "coordinates": [111.29519259313709, 30.732103782108375]}, "properties": {"社区": "镇境山社区", "类型": "体检", "方面": "安全", "类": "住房", "层": "问题指标高"}}, {"type": "Feature", "geometry": {"type": "Point", "coordinates": [111.27943248235744, 30.72887855535037]}, "properties": {"社区": "幸福路社区", "类型": "体检", "方面": "安全", "类": "住房", "层": "问题指标高"}}, {"type": "Feature", "geometry": {"type": "Point", "coordinates": [111.28781861152142, 30.692775065362515]}, "properties": {"社区": "新隆康路社区", "类型": "体检", "方面": "安全", "类": "住房", "层": "问题指标高"}}, {"type": "Feature", "geometry": {"type": "Point", "coordinates": [111.28980778704293, 30.702348254369937]}, "properties": {"社区": "果园路社区", "类型": "体检", "方面": "安全", "类": "住房", "层": "问题指标高"}}, {"type": "Feature", "geometry": {"type": "Point", "coordinates": [111.29427014505642, 30.724137371123895]}, "properties": {"社区": "金安岭社区", "类型": "体检", "方面": "安全", "类": "住房", "层": "问题指标高"}}, {"type": "Feature", "geometry": {"type": "Point", "coordinates": [111.29696618439547, 30.727483896908094]}, "properties": {"社区": "金安岭社区", "类型": "体检", "方面": "安全", "类": "住房", "层": "问题指标高"}}, {"type": "Feature", "geometry": {"type": "Point", "coordinates": [111.28799170769895, 30.713408701350225]}, "properties": {"社区": "西峡社区", "类型": "体检", "方面": "安全", "类": "住房", "层": "问题指标高"}}, {"type": "Feature", "geometry": {"type": "Point", "coordinates": [111.30744774287164, 30.704378611957214]}, "properties": {"社区": "深圳路社区", "类型": "体检", "方面": "安全", "类": "住房", "层": "问题指标高"}}, {"type": "Feature", "geometry": {"type": "Point", "coordinates": [111.29035609083292, 30.699987779793357]}, "properties": {"社区": "果园路社区", "类型": "体检", "方面": "安全", "类": "住房", "层": "问题指标高"}}, {"type": "Feature", "geometry": {"type": "Point", "coordinates": [111.29242859048868, 30.697077655049906]}, "properties": {"社区": "果园路社区", "类型": "体检", "方面": "安全", "类": "住房", "层": "问题指标高"}}, {"type": "Feature", "geometry": {"type": "Point", "coordinates": [111.28441673246023, 30.717283027509538]}, "properties": {"社区": "西峡社区", "类型": "体检", "方面": "安全", "类": "住房", "层": "问题指标高"}}, {"type": "Feature", "geometry": {"type": "Point", "coordinates": [111.28757978374958, 30.693117517245664]}, "properties": {"社区": "新隆康路社区", "类型": "体检", "方面": "安全", "类": "住房", "层": "问题指标高"}}, {"type": "Feature", "geometry": {"type": "Point", "coordinates": [111.2879322594658, 30.714807328004877]}, "properties": {"社区": "西峡社区", "类型": "体检", "方面": "安全", "类": "住房", "层": "问题指标高"}}, {"type": "Feature", "geometry": {"type": "Point", "coordinates": [111.27594947286362, 30.728561864216488]}, "properties": {"社区": "幸福路社区", "类型": "体检", "方面": "安全", "类": "住房", "层": "问题指标高"}}, {"type": "Feature", "geometry": {"type": "Point", "coordinates": [111.29079078034403, 30.70241512859244]}, "properties": {"社区": "果园路社区", "类型": "体检", "方面": "安全", "类": "住房", "层": "问题指标高"}}, {"type": "Feature", "geometry": {"type": "Point", "coordinates": [111.27701559985944, 30.727330865559235]}, "properties": {"社区": "幸福路社区", "类型": "体检", "方面": "安全", "类": "住房", "层": "问题指标高"}}, {"type": "Feature", "geometry": {"type": "Point", "coordinates": [111.27613893390155, 30.724583450509765]}, "properties": {"社区": "幸福路社区", "类型": "体检", "方面": "安全", "类": "住房", "层": "问题指标高"}}, {"type": "Feature", "geometry": {"type": "Point", "coordinates": [111.30686874670455, 30.70582146071171]}, "properties": {"社区": "深圳路社区", "类型": "体检", "方面": "安全", "类": "住房", "层": "问题指标高"}}, {"type": "Feature", "geometry": {"type": "Point", "coordinates": [111.29458883018529, 30.730110953587733]}, "properties": {"社区": "镇境山社区", "类型": "体检", "方面": "安全", "类": "住房", "层": "问题指标高"}}, {"type": "Feature", "geometry": {"type": "Point", "coordinates": [111.31103712444266, 30.70257112745221]}, "properties": {"社区": "深圳路社区", "类型": "体检", "方面": "安全", "类": "住房", "层": "问题指标高"}}, {"type": "Feature", "geometry": {"type": "Point", "coordinates": [111.28808839446903, 30.716889236325372]}, "properties": {"社区": "西峡社区", "类型": "体检", "方面": "安全", "类": "住房", "层": "问题指标高"}}, {"type": "Feature", "geometry": {"type": "Point", "coordinates": [111.2965612892045, 30.734868847028945]}, "properties": {"社区": "镇境山社区", "类型": "体检", "方面": "安全", "类": "住房", "层": "问题指标高"}}, {"type": "Feature", "geometry": {"type": "Point", "coordinates": [111.29166128418453, 30.694752521973307]}, "properties": {"社区": "新隆康路社区", "类型": "体检", "方面": "安全", "类": "住房", "层": "问题指标高"}}, {"type": "Feature", "geometry": {"type": "Point", "coordinates": [111.29317572409282, 30.72705687227951]}, "properties": {"社区": "金安岭社区", "类型": "体检", "方面": "安全", "类": "住房", "层": "问题指标高"}}, {"type": "Feature", "geometry": {"type": "Point", "coordinates": [111.29697166599043, 30.732183799075685]}, "properties": {"社区": "镇境山社区", "类型": "体检", "方面": "安全", "类": "住房", "层": "问题指标高"}}, {"type": "Feature", "geometry": {"type": "Point", "coordinates": [111.29289877745867, 30.72608459667173]}, "properties": {"社区": "金安岭社区", "类型": "体检", "方面": "安全", "类": "住房", "层": "问题指标高"}}, {"type": "Feature", "geometry": {"type": "Point", "coordinates": [111.27434019135998, 30.724284694934763]}, "properties": {"社区": "桥北社区", "类型": "体检", "方面": "安全", "类": "住房", "层": "问题指标高"}}, {"type": "Feature", "geometry": {"type": "Point", "coordinates": [111.30641482664207, 30.706716075852288]}, "properties": {"社区": "深圳路社区", "类型": "体检", "方面": "安全", "类": "住房", "层": "问题指标高"}}, {"type": "Feature", "geometry": {"type": "Point", "coordinates": [111.28951002640012, 30.6917933973706]}, "properties": {"社区": "新隆康路社区", "类型": "体检", "方面": "安全", "类": "住房", "层": "问题指标高"}}, {"type": "Feature", "geometry": {"type": "Point", "coordinates": [111.29361157585484, 30.724569008298573]}, "properties": {"社区": "金安岭社区", "类型": "体检", "方面": "安全", "类": "住房", "层": "问题指标高"}}, {"type": "Feature", "geometry": {"type": "Point", "coordinates": [111.28968250129651, 30.69232918294301]}, "properties": {"社区": "新隆康路社区", "类型": "体检", "方面": "安全", "类": "住房", "层": "问题指标高"}}, {"type": "Feature", "geometry": {"type": "Point", "coordinates": [111.29427054646919, 30.724411864843717]}, "properties": {"社区": "金安岭社区", "类型": "体检", "方面": "安全", "类": "住房", "层": "问题指标高"}}, {"type": "Feature", "geometry": {"type": "Point", "coordinates": [111.29324583577343, 30.72665171722983]}, "properties": {"社区": "金安岭社区", "类型": "体检", "方面": "安全", "类": "住房", "层": "问题指标高"}}, {"type": "Feature", "geometry": {"type": "Point", "coordinates": [111.2736707408953, 30.72266614564009]}, "properties": {"社区": "桥北社区", "类型": "体检", "方面": "安全", "类": "住房", "层": "问题指标高"}}, {"type": "Feature", "geometry": {"type": "Point", "coordinates": [111.29750844352549, 30.73139955840672]}, "properties": {"社区": "镇境山社区", "类型": "体检", "方面": "安全", "类": "住房", "层": "问题指标高"}}, {"type": "Feature", "geometry": {"type": "Point", "coordinates": [111.30686628172425, 30.705553723278424]}, "properties": {"社区": "深圳路社区", "类型": "体检", "方面": "安全", "类": "住房", "层": "问题指标高"}}, {"type": "Feature", "geometry": {"type": "Point", "coordinates": [111.28645953495126, 30.717675654923926]}, "properties": {"社区": "西峡社区", "类型": "体检", "方面": "安全", "类": "住房", "层": "问题指标高"}}, {"type": "Feature", "geometry": {"type": "Point", "coordinates": [111.28737802989507, 30.716272170299927]}, "properties": {"社区": "西峡社区", "类型": "体检", "方面": "安全", "类": "住房", "层": "问题指标高"}}, {"type": "Feature", "geometry": {"type": "Point", "coordinates": [111.29660762676869, 30.73218591392967]}, "properties": {"社区": "镇境山社区", "类型": "体检", "方面": "安全", "类": "住房", "层": "问题指标高"}}, {"type": "Feature", "geometry": {"type": "Point", "coordinates": [111.28798232649542, 30.694919317283304]}, "properties": {"社区": "新隆康路社区", "类型": "体检", "方面": "安全", "类": "住房", "层": "问题指标高"}}, {"type": "Feature", "geometry": {"type": "Point", "coordinates": [111.29375235803732, 30.72524766615506]}, "properties": {"社区": "金安岭社区", "类型": "体检", "方面": "安全", "类": "住房", "层": "问题指标高"}}, {"type": "Feature", "geometry": {"type": "Point", "coordinates": [111.29608820246956, 30.73478591453762]}, "properties": {"社区": "镇境山社区", "类型": "体检", "方面": "安全", "类": "住房", "层": "问题指标高"}}, {"type": "Feature", "geometry": {"type": "Point", "coordinates": [111.29447313956744, 30.73076883713338]}, "properties": {"社区": "镇境山社区", "类型": "体检", "方面": "安全", "类": "住房", "层": "问题指标高"}}, {"type": "Feature", "geometry": {"type": "Point", "coordinates": [111.29211598022597, 30.72626462209664]}, "properties": {"社区": "金安岭社区", "类型": "体检", "方面": "安全", "类": "住房", "层": "问题指标高"}}, {"type": "Feature", "geometry": {"type": "Point", "coordinates": [111.28913152285318, 30.692194196890085]}, "properties": {"社区": "新隆康路社区", "类型": "体检", "方面": "安全", "类": "住房", "层": "问题指标高"}}, {"type": "Feature", "geometry": {"type": "Point", "coordinates": [111.2948002869007, 30.729997711023213]}, "properties": {"社区": "镇境山社区", "类型": "体检", "方面": "安全", "类": "住房", "层": "问题指标高"}}, {"type": "Feature", "geometry": {"type": "Point", "coordinates": [111.27748791182493, 30.724784451704434]}, "properties": {"社区": "幸福路社区", "类型": "体检", "方面": "安全", "类": "住房", "层": "问题指标高"}}, {"type": "Feature", "geometry": {"type": "Point", "coordinates": [111.30686874670455, 30.70582146071171]}, "properties": {"社区": "深圳路社区", "类型": "体检", "方面": "安全", "类": "住房", "层": "问题指标高"}}, {"type": "Feature", "geometry": {"type": "Point", "coordinates": [111.29458883018535, 30.730110953587772]}, "properties": {"社区": "镇境山社区", "类型": "体检", "方面": "安全", "类": "住房", "层": "问题指标高"}}, {"type": "Feature", "geometry": {"type": "Point", "coordinates": [111.28448028102191, 30.71682001786235]}, "properties": {"社区": "西峡社区", "类型": "体检", "方面": "安全", "类": "住房", "层": "问题指标高"}}, {"type": "Feature", "geometry": {"type": "Point", "coordinates": [111.28847321895698, 30.713424080362515]}, "properties": {"社区": "西峡社区", "类型": "体检", "方面": "安全", "类": "住房", "层": "问题指标高"}}, {"type": "Feature", "geometry": {"type": "Point", "coordinates": [111.2883366486305, 30.715334212978327]}, "properties": {"社区": "西峡社区", "类型": "体检", "方面": "安全", "类": "住房", "层": "问题指标高"}}, {"type": "Feature", "geometry": {"type": "Point", "coordinates": [111.27738641215686, 30.72513223293781]}, "properties": {"社区": "幸福路社区", "类型": "体检", "方面": "安全", "类": "住房", "层": "问题指标高"}}, {"type": "Feature", "geometry": {"type": "Point", "coordinates": [111.2768149682492, 30.72684672273511]}, "properties": {"社区": "幸福路社区", "类型": "体检", "方面": "安全", "类": "住房", "层": "问题指标高"}}, {"type": "Feature", "geometry": {"type": "Point", "coordinates": [111.27714733155048, 30.72765075517425]}, "properties": {"社区": "幸福路社区", "类型": "体检", "方面": "安全", "类": "住房", "层": "问题指标高"}}, {"type": "Feature", "geometry": {"type": "Point", "coordinates": [111.28846312723074, 30.713636729844357]}, "properties": {"社区": "西峡社区", "类型": "体检", "方面": "安全", "类": "住房", "层": "问题指标高"}}, {"type": "Feature", "geometry": {"type": "Point", "coordinates": [111.29426979674993, 30.724686517114137]}, "properties": {"社区": "金安岭社区", "类型": "体检", "方面": "安全", "类": "住房", "层": "问题指标高"}}, {"type": "Feature", "geometry": {"type": "Point", "coordinates": [111.28909142774687, 30.691827250329286]}, "properties": {"社区": "新隆康路社区", "类型": "体检", "方面": "安全", "类": "住房", "层": "问题指标高"}}, {"type": "Feature", "geometry": {"type": "Point", "coordinates": [111.2766965224859, 30.723740140095664]}, "properties": {"社区": "幸福路社区", "类型": "体检", "方面": "安全", "类": "住房", "层": "问题指标高"}}, {"type": "Feature", "geometry": {"type": "Point", "coordinates": [111.29375764367539, 30.72496282962545]}, "properties": {"社区": "金安岭社区", "类型": "体检", "方面": "安全", "类": "住房", "层": "问题指标高"}}, {"type": "Feature", "geometry": {"type": "Point", "coordinates": [111.27652215913025, 30.723381218762075]}, "properties": {"社区": "桥北社区", "类型": "体检", "方面": "安全", "类": "住房", "层": "问题指标高"}}, {"type": "Feature", "geometry": {"type": "Point", "coordinates": [111.29358038121622, 30.726679175799887]}, "properties": {"社区": "金安岭社区", "类型": "体检", "方面": "安全", "类": "住房", "层": "问题指标高"}}, {"type": "Feature", "geometry": {"type": "Point", "coordinates": [111.28793317397341, 30.71804112677371]}, "properties": {"社区": "西峡社区", "类型": "体检", "方面": "安全", "类": "住房", "层": "问题指标高"}}, {"type": "Feature", "geometry": {"type": "Point", "coordinates": [111.30711625907756, 30.706352042988186]}, "properties": {"社区": "深圳路社区", "类型": "体检", "方面": "安全", "类": "住房", "层": "问题指标高"}}, {"type": "Feature", "geometry": {"type": "Point", "coordinates": [111.30862672661262, 30.705562738320523]}, "properties": {"社区": "深圳路社区", "类型": "体检", "方面": "安全", "类": "住房", "层": "问题指标高"}}, {"type": "Feature", "geometry": {"type": "Point", "coordinates": [111.29427054646919, 30.724411864843717]}, "properties": {"社区": "金安岭社区", "类型": "体检", "方面": "安全", "类": "住房", "层": "问题指标高"}}, {"type": "Feature", "geometry": {"type": "Point", "coordinates": [111.27777100080708, 30.72764881870222]}, "properties": {"社区": "幸福路社区", "类型": "体检", "方面": "安全", "类": "住房", "层": "问题指标高"}}, {"type": "Feature", "geometry": {"type": "Point", "coordinates": [111.31081337485608, 30.704411258219768]}, "properties": {"社区": "深圳路社区", "类型": "体检", "方面": "安全", "类": "住房", "层": "问题指标高"}}, {"type": "Feature", "geometry": {"type": "Point", "coordinates": [111.28895831717618, 30.702638461144524]}, "properties": {"社区": "果园路社区", "类型": "体检", "方面": "安全", "类": "住房", "层": "问题指标高"}}, {"type": "Feature", "geometry": {"type": "Point", "coordinates": [111.30864535905587, 30.706197154279643]}, "properties": {"社区": "深圳路社区", "类型": "体检", "方面": "安全", "类": "住房", "层": "问题指标高"}}, {"type": "Feature", "geometry": {"type": "Point", "coordinates": [111.29055866193822, 30.70103095459656]}, "properties": {"社区": "果园路社区", "类型": "体检", "方面": "安全", "类": "住房", "层": "问题指标高"}}, {"type": "Feature", "geometry": {"type": "Point", "coordinates": [111.30686874670455, 30.70582146071171]}, "properties": {"社区": "深圳路社区", "类型": "体检", "方面": "安全", "类": "住房", "层": "问题指标高"}}, {"type": "Feature", "geometry": {"type": "Point", "coordinates": [111.2860848290818, 30.716396978765484]}, "properties": {"社区": "西峡社区", "类型": "体检", "方面": "安全", "类": "住房", "层": "问题指标高"}}, {"type": "Feature", "geometry": {"type": "Point", "coordinates": [111.2879042128206, 30.694437722869566]}, "properties": {"社区": "新隆康路社区", "类型": "体检", "方面": "安全", "类": "住房", "层": "问题指标高"}}, {"type": "Feature", "geometry": {"type": "Point", "coordinates": [111.29317572409282, 30.72705687227951]}, "properties": {"社区": "金安岭社区", "类型": "体检", "方面": "安全", "类": "住房", "层": "问题指标高"}}, {"type": "Feature", "geometry": {"type": "Point", "coordinates": [111.29679270046216, 30.734051203260933]}, "properties": {"社区": "镇境山社区", "类型": "体检", "方面": "安全", "类": "住房", "层": "问题指标高"}}, {"type": "Feature", "geometry": {"type": "Point", "coordinates": [111.28645953495126, 30.717675654923926]}, "properties": {"社区": "西峡社区", "类型": "体检", "方面": "安全", "类": "住房", "层": "问题指标高"}}, {"type": "Feature", "geometry": {"type": "Point", "coordinates": [111.29087394146258, 30.70050846848904]}, "properties": {"社区": "果园路社区", "类型": "体检", "方面": "安全", "类": "住房", "层": "问题指标高"}}, {"type": "Feature", "geometry": {"type": "Point", "coordinates": [111.29269711241854, 30.726618830826105]}, "properties": {"社区": "金安岭社区", "类型": "体检", "方面": "安全", "类": "住房", "层": "问题指标高"}}, {"type": "Feature", "geometry": {"type": "Point", "coordinates": [111.28628558302835, 30.716992995590125]}, "properties": {"社区": "西峡社区", "类型": "体检", "方面": "安全", "类": "住房", "层": "问题指标高"}}, {"type": "Feature", "geometry": {"type": "Point", "coordinates": [111.30583186671502, 30.706412160974452]}, "properties": {"社区": "深圳路社区", "类型": "体检", "方面": "安全", "类": "住房", "层": "问题指标高"}}, {"type": "Feature", "geometry": {"type": "Point", "coordinates": [111.29348136692414, 30.72612694747998]}, "properties": {"社区": "金安岭社区", "类型": "体检", "方面": "安全", "类": "住房", "层": "问题指标高"}}, {"type": "Feature", "geometry": {"type": "Point", "coordinates": [111.29624545656236, 30.73164683354655]}, "properties": {"社区": "镇境山社区", "类型": "体检", "方面": "安全", "类": "住房", "层": "问题指标高"}}, {"type": "Feature", "geometry": {"type": "Point", "coordinates": [111.28885798330516, 30.691076773133926]}, "properties": {"社区": "新隆康路社区", "类型": "体检", "方面": "安全", "类": "住房", "层": "问题指标高"}}, {"type": "Feature", "geometry": {"type": "Point", "coordinates": [111.29350181055486, 30.725687745511028]}, "properties": {"社区": "金安岭社区", "类型": "体检", "方面": "安全", "类": "住房", "层": "问题指标高"}}, {"type": "Feature", "geometry": {"type": "Point", "coordinates": [111.30589724204683, 30.706692592281414]}, "properties": {"社区": "深圳路社区", "类型": "体检", "方面": "安全", "类": "住房", "层": "问题指标高"}}, {"type": "Feature", "geometry": {"type": "Point", "coordinates": [111.31041838769113, 30.70620952199586]}, "properties": {"社区": "深圳路社区", "类型": "体检", "方面": "安全", "类": "住房", "层": "问题指标高"}}, {"type": "Feature", "geometry": {"type": "Point", "coordinates": [111.28468248766029, 30.717155453997293]}, "properties": {"社区": "西峡社区", "类型": "体检", "方面": "安全", "类": "住房", "层": "问题指标高"}}, {"type": "Feature", "geometry": {"type": "Point", "coordinates": [111.29272153548168, 30.72633090033462]}, "properties": {"社区": "金安岭社区", "类型": "体检", "方面": "安全", "类": "住房", "层": "问题指标高"}}, {"type": "Feature", "geometry": {"type": "Point", "coordinates": [111.29443008267687, 30.73174133472665]}, "properties": {"社区": "镇境山社区", "类型": "体检", "方面": "安全", "类": "住房", "层": "问题指标高"}}, {"type": "Feature", "geometry": {"type": "Point", "coordinates": [111.3086237510338, 30.704999833973467]}, "properties": {"社区": "深圳路社区", "类型": "体检", "方面": "安全", "类": "住房", "层": "问题指标高"}}, {"type": "Feature", "geometry": {"type": "Point", "coordinates": [111.28512864711998, 30.71818767303377]}, "properties": {"社区": "西峡社区", "类型": "体检", "方面": "安全", "类": "住房", "层": "问题指标高"}}, {"type": "Feature", "geometry": {"type": "Point", "coordinates": [111.27557926078251, 30.724890739754457]}, "properties": {"社区": "幸福路社区", "类型": "体检", "方面": "安全", "类": "住房", "层": "问题指标高"}}, {"type": "Feature", "geometry": {"type": "Point", "coordinates": [111.27569327789082, 30.724506238881446]}, "properties": {"社区": "幸福路社区", "类型": "体检", "方面": "安全", "类": "住房", "层": "问题指标高"}}, {"type": "Feature", "geometry": {"type": "Point", "coordinates": [111.27846602444468, 30.729614910569857]}, "properties": {"社区": "幸福路社区", "类型": "体检", "方面": "安全", "类": "住房", "层": "问题指标高"}}, {"type": "Feature", "geometry": {"type": "Point", "coordinates": [111.27621217457622, 30.729076851168138]}, "properties": {"社区": "幸福路社区", "类型": "体检", "方面": "安全", "类": "住房", "层": "问题指标高"}}, {"type": "Feature", "geometry": {"type": "Point", "coordinates": [111.30622427373316, 30.70696296922085]}, "properties": {"社区": "深圳路社区", "类型": "体检", "方面": "安全", "类": "住房", "层": "问题指标高"}}, {"type": "Feature", "geometry": {"type": "Point", "coordinates": [111.28792758314117, 30.717605531624205]}, "properties": {"社区": "西峡社区", "类型": "体检", "方面": "安全", "类": "住房", "层": "问题指标高"}}, {"type": "Feature", "geometry": {"type": "Point", "coordinates": [111.2868871941522, 30.716156606680407]}, "properties": {"社区": "西峡社区", "类型": "体检", "方面": "安全", "类": "住房", "层": "问题指标高"}}, {"type": "Feature", "geometry": {"type": "Point", "coordinates": [111.2913435260644, 30.695293223555705]}, "properties": {"社区": "新隆康路社区", "类型": "体检", "方面": "安全", "类": "住房", "层": "问题指标高"}}, {"type": "Feature", "geometry": {"type": "Point", "coordinates": [111.27261300994529, 30.723311766476215]}, "properties": {"社区": "桥北社区", "类型": "体检", "方面": "安全", "类": "住房", "层": "问题指标高"}}, {"type": "Feature", "geometry": {"type": "Point", "coordinates": [111.29336879115972, 30.726374580458792]}, "properties": {"社区": "金安岭社区", "类型": "体检", "方面": "安全", "类": "住房", "层": "问题指标高"}}, {"type": "Feature", "geometry": {"type": "Point", "coordinates": [111.308452446969, 30.707072977229043]}, "properties": {"社区": "深圳路社区", "类型": "体检", "方面": "安全", "类": "住房", "层": "问题指标高"}}, {"type": "Feature", "geometry": {"type": "Point", "coordinates": [111.29211908930995, 30.726879332659433]}, "properties": {"社区": "金安岭社区", "类型": "体检", "方面": "安全", "类": "住房", "层": "问题指标高"}}, {"type": "Feature", "geometry": {"type": "Point", "coordinates": [111.29269711241854, 30.726618830826105]}, "properties": {"社区": "金安岭社区", "类型": "体检", "方面": "安全", "类": "住房", "层": "问题指标高"}}, {"type": "Feature", "geometry": {"type": "Point", "coordinates": [111.30642070557406, 30.706401692009354]}, "properties": {"社区": "深圳路社区", "类型": "体检", "方面": "安全", "类": "住房", "层": "问题指标高"}}, {"type": "Feature", "geometry": {"type": "Point", "coordinates": [111.29830206319609, 30.732265919893972]}, "properties": {"社区": "镇境山社区", "类型": "体检", "方面": "安全", "类": "住房", "层": "问题指标高"}}, {"type": "Feature", "geometry": {"type": "Point", "coordinates": [111.27791139076994, 30.727594903522647]}, "properties": {"社区": "幸福路社区", "类型": "体检", "方面": "安全", "类": "住房", "层": "问题指标高"}}, {"type": "Feature", "geometry": {"type": "Point", "coordinates": [111.29269711241854, 30.726618830826105]}, "properties": {"社区": "金安岭社区", "类型": "体检", "方面": "安全", "类": "住房", "层": "问题指标高"}}, {"type": "Feature", "geometry": {"type": "Point", "coordinates": [111.27541874598906, 30.72441498600128]}, "properties": {"社区": "幸福路社区", "类型": "体检", "方面": "安全", "类": "住房", "层": "问题指标高"}}, {"type": "Feature", "geometry": {"type": "Point", "coordinates": [111.29503790489727, 30.73160970995917]}, "properties": {"社区": "镇境山社区", "类型": "体检", "方面": "安全", "类": "住房", "层": "问题指标高"}}, {"type": "Feature", "geometry": {"type": "Point", "coordinates": [111.29370025072741, 30.726939276562423]}, "properties": {"社区": "金安岭社区", "类型": "体检", "方面": "安全", "类": "住房", "层": "问题指标高"}}, {"type": "Feature", "geometry": {"type": "Point", "coordinates": [111.2899151172236, 30.70148527324513]}, "properties": {"社区": "果园路社区", "类型": "体检", "方面": "安全", "类": "住房", "层": "问题指标高"}}, {"type": "Feature", "geometry": {"type": "Point", "coordinates": [111.27736135511036, 30.72669375866151]}, "properties": {"社区": "幸福路社区", "类型": "体检", "方面": "安全", "类": "住房", "层": "问题指标高"}}, {"type": "Feature", "geometry": {"type": "Point", "coordinates": [111.28675129077641, 30.716583645720338]}, "properties": {"社区": "西峡社区", "类型": "体检", "方面": "安全", "类": "住房", "层": "问题指标高"}}, {"type": "Feature", "geometry": {"type": "Point", "coordinates": [111.29770516962134, 30.731759834991866]}, "properties": {"社区": "镇境山社区", "类型": "体检", "方面": "安全", "类": "住房", "层": "问题指标高"}}, {"type": "Feature", "geometry": {"type": "Point", "coordinates": [111.28799443244739, 30.71384960815754]}, "properties": {"社区": "西峡社区", "类型": "体检", "方面": "安全", "类": "住房", "层": "问题指标高"}}, {"type": "Feature", "geometry": {"type": "Point", "coordinates": [111.28628558302835, 30.716992995590125]}, "properties": {"社区": "西峡社区", "类型": "体检", "方面": "安全", "类": "住房", "层": "问题指标高"}}, {"type": "Feature", "geometry": {"type": "Point", "coordinates": [111.29636734890583, 30.735213788055262]}, "properties": {"社区": "镇境山社区", "类型": "体检", "方面": "安全", "类": "住房", "层": "问题指标高"}}, {"type": "Feature", "geometry": {"type": "Point", "coordinates": [111.27748316344193, 30.726933833125422]}, "properties": {"社区": "幸福路社区", "类型": "体检", "方面": "安全", "类": "住房", "层": "问题指标高"}}, {"type": "Feature", "geometry": {"type": "Point", "coordinates": [111.29688012898187, 30.728134880281456]}, "properties": {"社区": "金安岭社区", "类型": "体检", "方面": "安全", "类": "住房", "层": "问题指标高"}}, {"type": "Feature", "geometry": {"type": "Point", "coordinates": [111.2769150174878, 30.727088793249518]}, "properties": {"社区": "幸福路社区", "类型": "体检", "方面": "安全", "类": "住房", "层": "问题指标高"}}, {"type": "Feature", "geometry": {"type": "Point", "coordinates": [111.29505221810456, 30.73163509687088]}, "properties": {"社区": "镇境山社区", "类型": "体检", "方面": "安全", "类": "住房", "层": "问题指标高"}}, {"type": "Feature", "geometry": {"type": "Point", "coordinates": [111.29625935410098, 30.732131326637578]}, "properties": {"社区": "镇境山社区", "类型": "体检", "方面": "安全", "类": "住房", "层": "问题指标高"}}, {"type": "Feature", "geometry": {"type": "Point", "coordinates": [111.28403914283373, 30.717662875579606]}, "properties": {"社区": "西峡社区", "类型": "体检", "方面": "安全", "类": "住房", "层": "问题指标高"}}, {"type": "Feature", "geometry": {"type": "Point", "coordinates": [111.28872112155405, 30.69291591271903]}, "properties": {"社区": "新隆康路社区", "类型": "体检", "方面": "安全", "类": "住房", "层": "问题指标高"}}, {"type": "Feature", "geometry": {"type": "Point", "coordinates": [111.28808763325229, 30.692541413207934]}, "properties": {"社区": "新隆康路社区", "类型": "体检", "方面": "安全", "类": "住房", "层": "问题指标高"}}, {"type": "Feature", "geometry": {"type": "Point", "coordinates": [111.29375764367539, 30.72496282962545]}, "properties": {"社区": "金安岭社区", "类型": "体检", "方面": "安全", "类": "住房", "层": "问题指标高"}}, {"type": "Feature", "geometry": {"type": "Point", "coordinates": [111.29445331713926, 30.729874020758732]}, "properties": {"社区": "镇境山社区", "类型": "体检", "方面": "安全", "类": "住房", "层": "问题指标高"}}, {"type": "Feature", "geometry": {"type": "Point", "coordinates": [111.28371260363528, 30.717131419414397]}, "properties": {"社区": "西峡社区", "类型": "体检", "方面": "安全", "类": "住房", "层": "问题指标高"}}, {"type": "Feature", "geometry": {"type": "Point", "coordinates": [111.30945488954933, 30.706799103754452]}, "properties": {"社区": "深圳路社区", "类型": "体检", "方面": "安全", "类": "住房", "层": "问题指标高"}}, {"type": "Feature", "geometry": {"type": "Point", "coordinates": [111.28799249963996, 30.716873568290485]}, "properties": {"社区": "西峡社区", "类型": "体检", "方面": "安全", "类": "住房", "层": "问题指标高"}}, {"type": "Feature", "geometry": {"type": "Point", "coordinates": [111.27624488039216, 30.726090817009997]}, "properties": {"社区": "幸福路社区", "类型": "体检", "方面": "安全", "类": "住房", "层": "问题指标高"}}, {"type": "Feature", "geometry": {"type": "Point", "coordinates": [111.28807952670269, 30.693473566510246]}, "properties": {"社区": "新隆康路社区", "类型": "体检", "方面": "安全", "类": "住房", "层": "问题指标高"}}, {"type": "Feature", "geometry": {"type": "Point", "coordinates": [111.29403492210264, 30.723780386442485]}, "properties": {"社区": "金安岭社区", "类型": "体检", "方面": "安全", "类": "住房", "层": "问题指标高"}}, {"type": "Feature", "geometry": {"type": "Point", "coordinates": [111.28572566543238, 30.69289357086371]}, "properties": {"社区": "新隆康路社区", "类型": "体检", "方面": "安全", "类": "住房", "层": "问题指标高"}}, {"type": "Feature", "geometry": {"type": "Point", "coordinates": [111.31020795911944, 30.70667020202501]}, "properties": {"社区": "深圳路社区", "类型": "体检", "方面": "安全", "类": "住房", "层": "问题指标高"}}, {"type": "Feature", "geometry": {"type": "Point", "coordinates": [111.2970391759922, 30.727240535571955]}, "properties": {"社区": "金安岭社区", "类型": "体检", "方面": "安全", "类": "住房", "层": "问题指标高"}}, {"type": "Feature", "geometry": {"type": "Point", "coordinates": [111.277256832637, 30.72643924108639]}, "properties": {"社区": "幸福路社区", "类型": "体检", "方面": "安全", "类": "住房", "层": "问题指标高"}}, {"type": "Feature", "geometry": {"type": "Point", "coordinates": [111.28846312723074, 30.713636729844357]}, "properties": {"社区": "西峡社区", "类型": "体检", "方面": "安全", "类": "住房", "层": "问题指标高"}}, {"type": "Feature", "geometry": {"type": "Point", "coordinates": [111.29594615516521, 30.731943402519597]}, "properties": {"社区": "镇境山社区", "类型": "体检", "方面": "安全", "类": "住房", "层": "问题指标高"}}, {"type": "Feature", "geometry": {"type": "Point", "coordinates": [111.28563495064172, 30.693192813714994]}, "properties": {"社区": "新隆康路社区", "类型": "体检", "方面": "安全", "类": "住房", "层": "问题指标高"}}, {"type": "Feature", "geometry": {"type": "Point", "coordinates": [111.27808214429935, 30.72645597522787]}, "properties": {"社区": "幸福路社区", "类型": "体检", "方面": "安全", "类": "住房", "层": "问题指标高"}}, {"type": "Feature", "geometry": {"type": "Point", "coordinates": [111.27654788961269, 30.72546291563603]}, "properties": {"社区": "幸福路社区", "类型": "体检", "方面": "安全", "类": "住房", "层": "问题指标高"}}, {"type": "Feature", "geometry": {"type": "Point", "coordinates": [111.28836468294259, 30.71385532363007]}, "properties": {"社区": "西峡社区", "类型": "体检", "方面": "安全", "类": "住房", "层": "问题指标高"}}, {"type": "Feature", "geometry": {"type": "Point", "coordinates": [111.2885069809162, 30.691382817104063]}, "properties": {"社区": "新隆康路社区", "类型": "体检", "方面": "安全", "类": "住房", "层": "问题指标高"}}, {"type": "Feature", "geometry": {"type": "Point", "coordinates": [111.308364, 30.704745]}, "properties": {"社区": "深圳路社区", "类型": "体检", "方面": "民生", "类": "公服设施", "层": "问题指标高"}}, {"type": "Feature", "geometry": {"type": "Point", "coordinates": [111.293069, 30.725585]}, "properties": {"社区": "金安岭社区", "类型": "体检", "方面": "民生", "类": "公服设施", "层": "问题指标高"}}, {"type": "Feature", "geometry": {"type": "Point", "coordinates": [111.293234, 30.725247]}, "properties": {"社区": "金安岭社区", "类型": "体检", "方面": "民生", "类": "公服设施", "层": "问题指标高"}}, {"type": "Feature", "geometry": {"type": "Point", "coordinates": [111.308364, 30.704745]}, "properties": {"社区": "深圳路社区", "类型": "体检", "方面": "民生", "类": "公服设施", "层": "问题指标高"}}, {"type": "Feature", "geometry": {"type": "Point", "coordinates": [111.294813, 30.730043]}, "properties": {"社区": "镇境山社区", "类型": "体检", "方面": "民生", "类": "公服设施", "层": "问题指标高"}}, {"type": "Feature", "geometry": {"type": "Point", "coordinates": [111.292154, 30.725751]}, "properties": {"社区": "金安岭社区", "类型": "体检", "方面": "民生", "类": "公服设施", "层": "问题指标高"}}, {"type": "Feature", "geometry": {"type": "Point", "coordinates": [111.274938, 30.722273]}, "properties": {"社区": "桥北社区", "类型": "体检", "方面": "民生", "类": "公服设施", "层": "问题指标高"}}, {"type": "Feature", "geometry": {"type": "Point", "coordinates": [111.295279, 30.73008]}, "properties": {"社区": "镇境山社区", "类型": "体检", "方面": "民生", "类": "公服设施", "层": "问题指标高"}}, {"type": "Feature", "geometry": {"type": "Point", "coordinates": [111.2734425897926, 30.723204235373103]}, "properties": {"社区": "桥北社区", "类型": "体检", "方面": "民生", "类": "住房", "层": "问题指标高"}}, {"type": "Feature", "geometry": {"type": "Point", "coordinates": [111.27261300994529, 30.723311766476215]}, "properties": {"社区": "桥北社区", "类型": "体检", "方面": "民生", "类": "住房", "层": "问题指标高"}}, {"type": "Feature", "geometry": {"type": "Point", "coordinates": [111.274488049913, 30.72393773521763]}, "properties": {"社区": "桥北社区", "类型": "体检", "方面": "民生", "类": "住房", "层": "问题指标高"}}, {"type": "Feature", "geometry": {"type": "Point", "coordinates": [111.272991352437, 30.72239896184513]}, "properties": {"社区": "桥北社区", "类型": "体检", "方面": "民生", "类": "住房", "层": "问题指标高"}}, {"type": "Feature", "geometry": {"type": "Point", "coordinates": [111.2736707408953, 30.72266614564009]}, "properties": {"社区": "桥北社区", "类型": "体检", "方面": "民生", "类": "住房", "层": "问题指标高"}}, {"type": "Feature", "geometry": {"type": "Point", "coordinates": [111.2730781591904, 30.7226018815078]}, "properties": {"社区": "桥北社区", "类型": "体检", "方面": "民生", "类": "住房", "层": "问题指标高"}}, {"type": "Feature", "geometry": {"type": "Point", "coordinates": [111.27245962793441, 30.723128036969598]}, "properties": {"社区": "桥北社区", "类型": "体检", "方面": "民生", "类": "住房", "层": "问题指标高"}}, {"type": "Feature", "geometry": {"type": "Point", "coordinates": [111.27434019135998, 30.724284694934763]}, "properties": {"社区": "桥北社区", "类型": "体检", "方面": "民生", "类": "住房", "层": "问题指标高"}}, {"type": "Feature", "geometry": {"type": "Point", "coordinates": [111.27304096720104, 30.722108399206807]}, "properties": {"社区": "桥北社区", "类型": "体检", "方面": "民生", "类": "住房", "层": "问题指标高"}}, {"type": "Feature", "geometry": {"type": "Point", "coordinates": [111.27330718800648, 30.72300605268997]}, "properties": {"社区": "桥北社区", "类型": "体检", "方面": "民生", "类": "住房", "层": "问题指标高"}}, {"type": "Feature", "geometry": {"type": "Point", "coordinates": [111.30695828226314, 30.704695540072848]}, "properties": {"社区": "深圳路社区", "类型": "体检", "方面": "民生", "类": "住房", "层": "问题指标高"}}, {"type": "Feature", "geometry": {"type": "Point", "coordinates": [111.29804182526935, 30.731122250475664]}, "properties": {"社区": "镇境山社区", "类型": "体检", "方面": "民生", "类": "住房", "层": "问题指标高"}}, {"type": "Feature", "geometry": {"type": "Point", "coordinates": [111.307896217863, 30.704663894210615]}, "properties": {"社区": "深圳路社区", "类型": "体检", "方面": "民生", "类": "住房", "层": "问题指标高"}}, {"type": "Feature", "geometry": {"type": "Point", "coordinates": [111.30647941569202, 30.704207341056367]}, "properties": {"社区": "深圳路社区", "类型": "体检", "方面": "民生", "类": "住房", "层": "问题指标高"}}, {"type": "Feature", "geometry": {"type": "Point", "coordinates": [111.30649879770907, 30.705305431570995]}, "properties": {"社区": "深圳路社区", "类型": "体检", "方面": "民生", "类": "住房", "层": "问题指标高"}}, {"type": "Feature", "geometry": {"type": "Point", "coordinates": [111.30649745491823, 30.705065727309318]}, "properties": {"社区": "深圳路社区", "类型": "体检", "方面": "民生", "类": "住房", "层": "问题指标高"}}, {"type": "Feature", "geometry": {"type": "Point", "coordinates": [111.30695978475659, 30.705303947398153]}, "properties": {"社区": "深圳路社区", "类型": "体检", "方面": "民生", "类": "住房", "层": "问题指标高"}}, {"type": "Feature", "geometry": {"type": "Point", "coordinates": [111.30699216528544, 30.703966072342638]}, "properties": {"社区": "深圳路社区", "类型": "体检", "方面": "民生", "类": "住房", "层": "问题指标高"}}, {"type": "Feature", "geometry": {"type": "Point", "coordinates": [111.30695760400971, 30.704448782127884]}, "properties": {"社区": "深圳路社区", "类型": "体检", "方面": "民生", "类": "住房", "层": "问题指标高"}}, {"type": "Feature", "geometry": {"type": "Point", "coordinates": [111.30648147645219, 30.70372915534362]}, "properties": {"社区": "深圳路社区", "类型": "体检", "方面": "民生", "类": "住房", "层": "问题指标高"}}, {"type": "Feature", "geometry": {"type": "Point", "coordinates": [111.30649781612279, 30.70445685656028]}, "properties": {"社区": "深圳路社区", "类型": "体检", "方面": "民生", "类": "住房", "层": "问题指标高"}}, {"type": "Feature", "geometry": {"type": "Point", "coordinates": [111.2879322594658, 30.714807328004877]}, "properties": {"社区": "西峡社区", "类型": "体检", "方面": "民生", "类": "住房", "层": "问题指标高"}}, {"type": "Feature", "geometry": {"type": "Point", "coordinates": [111.28875975070144, 30.69153733924071]}, "properties": {"社区": "新隆康路社区", "类型": "体检", "方面": "民生", "类": "住房", "层": "问题指标高"}}, {"type": "Feature", "geometry": {"type": "Point", "coordinates": [111.30695285503691, 30.705053101503147]}, "properties": {"社区": "深圳路社区", "类型": "体检", "方面": "民生", "类": "住房", "层": "问题指标高"}}, {"type": "Feature", "geometry": {"type": "Point", "coordinates": [111.31081337485608, 30.704411258219768]}, "properties": {"社区": "深圳路社区", "类型": "体检", "方面": "民生", "类": "住房", "层": "问题指标高"}}, {"type": "Feature", "geometry": {"type": "Point", "coordinates": [111.2889099338066, 30.69113198671983]}, "properties": {"社区": "新隆康路社区", "类型": "体检", "方面": "民生", "类": "住房", "层": "问题指标高"}}, {"type": "Feature", "geometry": {"type": "Point", "coordinates": [111.29730490158252, 30.73093970528051]}, "properties": {"社区": "镇境山社区", "类型": "体检", "方面": "民生", "类": "住房", "层": "问题指标高"}}, {"type": "Feature", "geometry": {"type": "Point", "coordinates": [111.30699210001384, 30.704205640641035]}, "properties": {"社区": "深圳路社区", "类型": "体检", "方面": "民生", "类": "住房", "层": "问题指标高"}}, {"type": "Feature", "geometry": {"type": "Point", "coordinates": [111.30699394550643, 30.70372675942765]}, "properties": {"社区": "深圳路社区", "类型": "体检", "方面": "民生", "类": "住房", "层": "问题指标高"}}, {"type": "Feature", "geometry": {"type": "Point", "coordinates": [111.30642642946215, 30.706118446622302]}, "properties": {"社区": "深圳路社区", "类型": "体检", "方面": "民生", "类": "住房", "层": "问题指标高"}}, {"type": "Feature", "geometry": {"type": "Point", "coordinates": [111.28885798330516, 30.691076773133926]}, "properties": {"社区": "新隆康路社区", "类型": "体检", "方面": "民生", "类": "住房", "层": "问题指标高"}}, {"type": "Feature", "geometry": {"type": "Point", "coordinates": [111.2883366486305, 30.715334212978327]}, "properties": {"社区": "西峡社区", "类型": "体检", "方面": "民生", "类": "住房", "层": "问题指标高"}}, {"type": "Feature", "geometry": {"type": "Point", "coordinates": [111.29747019705049, 30.730790024291387]}, "properties": {"社区": "镇境山社区", "类型": "体检", "方面": "民生", "类": "住房", "层": "问题指标高"}}, {"type": "Feature", "geometry": {"type": "Point", "coordinates": [111.30648421323312, 30.703969395475784]}, "properties": {"社区": "深圳路社区", "类型": "体检", "方面": "民生", "类": "住房", "层": "问题指标高"}}, {"type": "Feature", "geometry": {"type": "Point", "coordinates": [111.30641482664207, 30.706716075852288]}, "properties": {"社区": "深圳路社区", "类型": "体检", "方面": "民生", "类": "住房", "层": "问题指标高"}}, {"type": "Feature", "geometry": {"type": "Point", "coordinates": [111.30649674585197, 30.70470314749851]}, "properties": {"社区": "深圳路社区", "类型": "体检", "方面": "民生", "类": "住房", "层": "问题指标高"}}, {"type": "Feature", "geometry": {"type": "Point", "coordinates": [111.293021, 30.725234]}, "properties": {"社区": "金安岭社区", "类型": "体检", "方面": "民生", "类": "停车设施", "层": "问题指标高"}}, {"type": "Feature", "geometry": {"type": "Point", "coordinates": [111.309816, 30.706365]}, "properties": {"社区": "深圳路社区", "类型": "体检", "方面": "民生", "类": "停车设施", "层": "问题指标高"}}, {"type": "Feature", "geometry": {"type": "Point", "coordinates": [111.297135, 30.731504]}, "properties": {"社区": "镇境山社区", "类型": "体检", "方面": "民生", "类": "停车设施", "层": "问题指标高"}}, {"type": "Feature", "geometry": {"type": "Point", "coordinates": [111.292413, 30.697069]}, "properties": {"社区": "果园路社区", "类型": "体检", "方面": "民生", "类": "停车设施", "层": "问题指标高"}}, {"type": "Feature", "geometry": {"type": "Point", "coordinates": [111.290457, 30.700587]}, "properties": {"社区": "果园路社区", "类型": "体检", "方面": "民生", "类": "停车设施", "层": "问题指标高"}}, {"type": "Feature", "geometry": {"type": "Point", "coordinates": [111.278105, 30.728902]}, "properties": {"社区": "幸福路社区", "类型": "体检", "方面": "民生", "类": "停车设施", "层": "问题指标高"}}, {"type": "Feature", "geometry": {"type": "Point", "coordinates": [111.307187, 30.706028]}, "properties": {"社区": "深圳路社区", "类型": "体检", "方面": "民生", "类": "停车设施", "层": "问题指标高"}}, {"type": "Feature", "geometry": {"type": "Point", "coordinates": [111.290855, 30.694923]}, "properties": {"社区": "新隆康路社区", "类型": "体检", "方面": "民生", "类": "停车设施", "层": "问题指标高"}}, {"type": "Feature", "geometry": {"type": "Point", "coordinates": [111.294009, 30.724647]}, "properties": {"社区": "金安岭社区", "类型": "体检", "方面": "民生", "类": "停车设施", "层": "问题指标高"}}, {"type": "Feature", "geometry": {"type": "Point", "coordinates": [111.278401, 30.729845]}, "properties": {"社区": "幸福路社区", "类型": "体检", "方面": "民生", "类": "停车设施", "层": "问题指标高"}}, {"type": "Feature", "geometry": {"type": "Point", "coordinates": [111.293173, 30.726343]}, "properties": {"社区": "金安岭社区", "类型": "体检", "方面": "民生", "类": "停车设施", "层": "问题指标高"}}, {"type": "Feature", "geometry": {"type": "Point", "coordinates": [111.272369, 30.722415]}, "properties": {"社区": "桥北社区", "类型": "体检", "方面": "民生", "类": "停车设施", "层": "问题指标高"}}, {"type": "Feature", "geometry": {"type": "Point", "coordinates": [111.288081, 30.718235]}, "properties": {"社区": "西峡社区", "类型": "体检", "方面": "民生", "类": "停车设施", "层": "问题指标高"}}, {"type": "Feature", "geometry": {"type": "Point", "coordinates": [111.276475, 30.723355]}, "properties": {"社区": "桥北社区", "类型": "体检", "方面": "民生", "类": "停车设施", "层": "问题指标高"}}, {"type": "Feature", "geometry": {"type": "Point", "coordinates": [111.276543, 30.728945]}, "properties": {"社区": "幸福路社区", "类型": "体检", "方面": "民生", "类": "停车设施", "层": "问题指标高"}}, {"type": "Feature", "geometry": {"type": "Point", "coordinates": [111.287992, 30.718202]}, "properties": {"社区": "西峡社区", "类型": "体检", "方面": "民生", "类": "停车设施", "层": "问题指标高"}}, {"type": "Feature", "geometry": {"type": "Point", "coordinates": [111.307849, 30.705801]}, "properties": {"社区": "深圳路社区", "类型": "体检", "方面": "民生", "类": "停车设施", "层": "问题指标高"}}, {"type": "Feature", "geometry": {"type": "Point", "coordinates": [111.279024, 30.72859]}, "properties": {"社区": "幸福路社区", "类型": "体检", "方面": "民生", "类": "停车设施", "层": "问题指标高"}}, {"type": "Feature", "geometry": {"type": "Point", "coordinates": [111.277229, 30.726965]}, "properties": {"社区": "幸福路社区", "类型": "体检", "方面": "民生", "类": "停车设施", "层": "问题指标高"}}, {"type": "Feature", "geometry": {"type": "Point", "coordinates": [111.29844, 30.733975]}, "properties": {"社区": "镇境山社区", "类型": "体检", "方面": "民生", "类": "停车设施", "层": "问题指标高"}}, {"type": "Feature", "geometry": {"type": "Point", "coordinates": [111.310286, 30.702701]}, "properties": {"社区": "深圳路社区", "类型": "体检", "方面": "民生", "类": "停车设施", "层": "问题指标高"}}, {"type": "Feature", "geometry": {"type": "Point", "coordinates": [111.30796, 30.702215]}, "properties": {"社区": "深圳路社区", "类型": "体检", "方面": "民生", "类": "停车设施", "层": "问题指标高"}}, {"type": "Feature", "geometry": {"type": "Point", "coordinates": [111.294753, 30.730022]}, "properties": {"社区": "镇境山社区", "类型": "体检", "方面": "民生", "类": "停车设施", "层": "问题指标高"}}, {"type": "Feature", "geometry": {"type": "Point", "coordinates": [111.278132, 30.729108]}, "properties": {"社区": "幸福路社区", "类型": "体检", "方面": "民生", "类": "停车设施", "层": "问题指标高"}}, {"type": "Feature", "geometry": {"type": "Point", "coordinates": [111.279187, 30.727977]}, "properties": {"社区": "幸福路社区", "类型": "体检", "方面": "民生", "类": "停车设施", "层": "问题指标高"}}, {"type": "Feature", "geometry": {"type": "Point", "coordinates": [111.2905, 30.701589]}, "properties": {"社区": "果园路社区", "类型": "体检", "方面": "民生", "类": "停车设施", "层": "问题指标高"}}, {"type": "Feature", "geometry": {"type": "Point", "coordinates": [111.2765, 30.723363]}, "properties": {"社区": "桥北社区", "类型": "体检", "方面": "民生", "类": "停车设施", "层": "问题指标高"}}, {"type": "Feature", "geometry": {"type": "Point", "coordinates": [111.276926, 30.727162]}, "properties": {"社区": "幸福路社区", "类型": "体检", "方面": "民生", "类": "停车设施", "层": "问题指标高"}}, {"type": "Feature", "geometry": {"type": "Point", "coordinates": [111.279007, 30.728554]}, "properties": {"社区": "幸福路社区", "类型": "体检", "方面": "民生", "类": "停车设施", "层": "问题指标高"}}, {"type": "Feature", "geometry": {"type": "Point", "coordinates": [111.296899, 30.731722]}, "properties": {"社区": "镇境山社区", "类型": "体检", "方面": "民生", "类": "停车设施", "层": "问题指标高"}}, {"type": "Feature", "geometry": {"type": "Point", "coordinates": [111.272503, 30.722438]}, "properties": {"社区": "桥北社区", "类型": "体检", "方面": "民生", "类": "停车设施", "层": "问题指标高"}}, {"type": "Feature", "geometry": {"type": "Point", "coordinates": [111.292968, 30.697911]}, "properties": {"社区": "果园路社区", "类型": "体检", "方面": "民生", "类": "停车设施", "层": "问题指标高"}}, {"type": "Feature", "geometry": {"type": "Point", "coordinates": [111.278762, 30.729616]}, "properties": {"社区": "幸福路社区", "类型": "体检", "方面": "民生", "类": "停车设施", "层": "问题指标高"}}, {"type": "Feature", "geometry": {"type": "Point", "coordinates": [111.275304, 30.730845]}, "properties": {"社区": "幸福路社区", "类型": "体检", "方面": "民生", "类": "停车设施", "层": "问题指标高"}}, {"type": "Feature", "geometry": {"type": "Point", "coordinates": [111.272039, 30.722225]}, "properties": {"社区": "桥北社区", "类型": "体检", "方面": "民生", "类": "停车设施", "层": "问题指标高"}}, {"type": "Feature", "geometry": {"type": "Point", "coordinates": [111.276073, 30.722603]}, "properties": {"社区": "桥北社区", "类型": "体检", "方面": "民生", "类": "停车设施", "层": "问题指标高"}}, {"type": "Feature", "geometry": {"type": "Point", "coordinates": [111.296189, 30.734809]}, "properties": {"社区": "镇境山社区", "类型": "体检", "方面": "民生", "类": "停车设施", "层": "问题指标高"}}, {"type": "Feature", "geometry": {"type": "Point", "coordinates": [111.284628, 30.717624]}, "properties": {"社区": "西峡社区", "类型": "体检", "方面": "民生", "类": "停车设施", "层": "问题指标高"}}, {"type": "Feature", "geometry": {"type": "Point", "coordinates": [111.286828, 30.717006]}, "properties": {"社区": "西峡社区", "类型": "体检", "方面": "民生", "类": "停车设施", "层": "问题指标高"}}, {"type": "Feature", "geometry": {"type": "Point", "coordinates": [111.306915, 30.704515]}, "properties": {"社区": "深圳路社区", "类型": "体检", "方面": "民生", "类": "停车设施", "层": "问题指标高"}}, {"type": "Feature", "geometry": {"type": "Point", "coordinates": [111.286972, 30.717926]}, "properties": {"社区": "西峡社区", "类型": "体检", "方面": "民生", "类": "停车设施", "层": "问题指标高"}}, {"type": "Feature", "geometry": {"type": "Point", "coordinates": [111.287914, 30.694485]}, "properties": {"社区": "新隆康路社区", "类型": "体检", "方面": "民生", "类": "停车设施", "层": "问题指标高"}}, {"type": "Feature", "geometry": {"type": "Point", "coordinates": [111.296189, 30.734817]}, "properties": {"社区": "镇境山社区", "类型": "体检", "方面": "民生", "类": "停车设施", "层": "问题指标高"}}, {"type": "Feature", "geometry": {"type": "Point", "coordinates": [111.289427, 30.702796]}, "properties": {"社区": "果园路社区", "类型": "体检", "方面": "民生", "类": "停车设施", "层": "问题指标高"}}, {"type": "Feature", "geometry": {"type": "Point", "coordinates": [111.289015, 30.692013]}, "properties": {"社区": "新隆康路社区", "类型": "体检", "方面": "民生", "类": "停车设施", "层": "问题指标高"}}, {"type": "Feature", "geometry": {"type": "Point", "coordinates": [111.294769, 30.730056]}, "properties": {"社区": "镇境山社区", "类型": "体检", "方面": "民生", "类": "停车设施", "层": "问题指标高"}}, {"type": "Feature", "geometry": {"type": "Point", "coordinates": [111.291775, 30.700898]}, "properties": {"社区": "果园路社区", "类型": "体检", "方面": "民生", "类": "停车设施", "层": "问题指标高"}}, {"type": "Feature", "geometry": {"type": "Point", "coordinates": [111.29078, 30.700411]}, "properties": {"社区": "果园路社区", "类型": "体检", "方面": "民生", "类": "停车设施", "层": "问题指标高"}}, {"type": "Feature", "geometry": {"type": "Point", "coordinates": [111.295477, 30.728019]}, "properties": {"社区": "金安岭社区", "类型": "体检", "方面": "民生", "类": "停车设施", "层": "问题指标高"}}, {"type": "Feature", "geometry": {"type": "Point", "coordinates": [111.292277, 30.696398]}, "properties": {"社区": "果园路社区", "类型": "体检", "方面": "民生", "类": "停车设施", "层": "问题指标高"}}, {"type": "Feature", "geometry": {"type": "Point", "coordinates": [111.293129, 30.726286]}, "properties": {"社区": "金安岭社区", "类型": "体检", "方面": "民生", "类": "停车设施", "层": "问题指标高"}}, {"type": "Feature", "geometry": {"type": "Point", "coordinates": [111.289175, 30.703745]}, "properties": {"社区": "果园路社区", "类型": "体检", "方面": "民生", "类": "停车设施", "层": "问题指标高"}}, {"type": "Feature", "geometry": {"type": "Point", "coordinates": [111.28993, 30.703392]}, "properties": {"社区": "果园路社区", "类型": "体检", "方面": "民生", "类": "停车设施", "层": "问题指标高"}}, {"type": "Feature", "geometry": {"type": "Point", "coordinates": [111.294326, 30.731214]}, "properties": {"社区": "镇境山社区", "类型": "体检", "方面": "民生", "类": "停车设施", "层": "问题指标高"}}, {"type": "Feature", "geometry": {"type": "Point", "coordinates": [111.288826, 30.692108]}, "properties": {"社区": "新隆康路社区", "类型": "体检", "方面": "民生", "类": "交通设施", "层": "问题指标高"}}, {"type": "Feature", "geometry": {"type": "Point", "coordinates": [111.293781, 30.725716]}, "properties": {"社区": "金安岭社区", "类型": "体检", "方面": "民生", "类": "交通设施", "层": "问题指标高"}}, {"type": "Feature", "geometry": {"type": "Point", "coordinates": [111.296196, 30.734839]}, "properties": {"社区": "镇境山社区", "类型": "体检", "方面": "民生", "类": "交通设施", "层": "问题指标高"}}, {"type": "Feature", "geometry": {"type": "Point", "coordinates": [111.292172, 30.727385]}, "properties": {"社区": "金安岭社区", "类型": "体检", "方面": "民生", "类": "交通设施", "层": "问题指标高"}}, {"type": "Feature", "geometry": {"type": "Point", "coordinates": [111.27621, 30.729025]}, "properties": {"社区": "幸福路社区", "类型": "体检", "方面": "民生", "类": "交通设施", "层": "问题指标高"}}, {"type": "Feature", "geometry": {"type": "Point", "coordinates": [111.307838, 30.702262]}, "properties": {"社区": "深圳路社区", "类型": "体检", "方面": "民生", "类": "交通设施", "层": "问题指标高"}}, {"type": "Feature", "geometry": {"type": "Point", "coordinates": [111.287817, 30.692548]}, "properties": {"社区": "新隆康路社区", "类型": "体检", "方面": "民生", "类": "交通设施", "层": "问题指标高"}}, {"type": "Feature", "geometry": {"type": "Point", "coordinates": [111.278072, 30.729168]}, "properties": {"社区": "幸福路社区", "类型": "体检", "方面": "民生", "类": "交通设施", "层": "问题指标高"}}, {"type": "Feature", "geometry": {"type": "Point", "coordinates": [111.308457, 30.704208]}, "properties": {"社区": "深圳路社区", "类型": "体检", "方面": "民生", "类": "交通设施", "层": "问题指标高"}}, {"type": "Feature", "geometry": {"type": "Point", "coordinates": [111.29549, 30.727942]}, "properties": {"社区": "金安岭社区", "类型": "体检", "方面": "民生", "类": "交通设施", "层": "问题指标高"}}, {"type": "Feature", "geometry": {"type": "Point", "coordinates": [111.279346, 30.728679]}, "properties": {"社区": "幸福路社区", "类型": "体检", "方面": "民生", "类": "交通设施", "层": "问题指标高"}}, {"type": "Feature", "geometry": {"type": "Point", "coordinates": [111.288664, 30.691223]}, "properties": {"社区": "新隆康路社区", "类型": "体检", "方面": "民生", "类": "交通设施", "层": "问题指标高"}}, {"type": "Feature", "geometry": {"type": "Point", "coordinates": [111.290929, 30.69517]}, "properties": {"社区": "新隆康路社区", "类型": "体检", "方面": "民生", "类": "交通设施", "层": "问题指标高"}}, {"type": "Feature", "geometry": {"type": "Point", "coordinates": [111.289463, 30.701452]}, "properties": {"社区": "果园路社区", "类型": "体检", "方面": "民生", "类": "物业街面", "层": "问题指标高"}}, {"type": "Feature", "geometry": {"type": "Point", "coordinates": [111.277112, 30.724871]}, "properties": {"社区": "幸福路社区", "类型": "体检", "方面": "民生", "类": "物业街面", "层": "问题指标高"}}, {"type": "Feature", "geometry": {"type": "Point", "coordinates": [111.308605, 30.705478]}, "properties": {"社区": "深圳路社区", "类型": "体检", "方面": "民生", "类": "物业街面", "层": "问题指标高"}}, {"type": "Feature", "geometry": {"type": "Point", "coordinates": [111.273309, 30.724408]}, "properties": {"社区": "桥北社区", "类型": "体检", "方面": "民生", "类": "物业街面", "层": "问题指标高"}}, {"type": "Feature", "geometry": {"type": "Point", "coordinates": [111.287571, 30.694718]}, "properties": {"社区": "新隆康路社区", "类型": "体检", "方面": "民生", "类": "物业街面", "层": "问题指标高"}}, {"type": "Feature", "geometry": {"type": "Point", "coordinates": [111.276584, 30.723336]}, "properties": {"社区": "桥北社区", "类型": "体检", "方面": "民生", "类": "物业街面", "层": "问题指标高"}}, {"type": "Feature", "geometry": {"type": "Point", "coordinates": [111.296096, 30.734775]}, "properties": {"社区": "镇境山社区", "类型": "体检", "方面": "民生", "类": "物业街面", "层": "问题指标高"}}, {"type": "Feature", "geometry": {"type": "Point", "coordinates": [111.274117, 30.722356]}, "properties": {"社区": "桥北社区", "类型": "体检", "方面": "民生", "类": "物业街面", "层": "问题指标高"}}, {"type": "Feature", "geometry": {"type": "Point", "coordinates": [111.288221, 30.714883]}, "properties": {"社区": "西峡社区", "类型": "体检", "方面": "民生", "类": "物业街面", "层": "问题指标高"}}, {"type": "Feature", "geometry": {"type": "Point", "coordinates": [111.291525, 30.698204]}, "properties": {"社区": "果园路社区", "类型": "体检", "方面": "民生", "类": "物业街面", "层": "问题指标高"}}, {"type": "Feature", "geometry": {"type": "Point", "coordinates": [111.276379, 30.725875]}, "properties": {"社区": "幸福路社区", "类型": "体检", "方面": "民生", "类": "物业街面", "层": "问题指标高"}}, {"type": "Feature", "geometry": {"type": "Point", "coordinates": [111.290612, 30.701044]}, "properties": {"社区": "果园路社区", "类型": "体检", "方面": "民生", "类": "物业街面", "层": "问题指标高"}}, {"type": "Feature", "geometry": {"type": "Point", "coordinates": [111.29062, 30.699002]}, "properties": {"社区": "果园路社区", "类型": "体检", "方面": "民生", "类": "物业街面", "层": "问题指标高"}}, {"type": "Feature", "geometry": {"type": "Point", "coordinates": [111.292509, 30.696996]}, "properties": {"社区": "果园路社区", "类型": "体检", "方面": "民生", "类": "物业街面", "层": "问题指标高"}}, {"type": "Feature", "geometry": {"type": "Point", "coordinates": [111.289949, 30.701482]}, "properties": {"社区": "果园路社区", "类型": "体检", "方面": "民生", "类": "物业街面", "层": "问题指标高"}}, {"type": "Feature", "geometry": {"type": "Point", "coordinates": [111.289098, 30.691799]}, "properties": {"社区": "新隆康路社区", "类型": "体检", "方面": "民生", "类": "物业街面", "层": "问题指标高"}}, {"type": "Feature", "geometry": {"type": "Point", "coordinates": [111.289784, 30.692105]}, "properties": {"社区": "新隆康路社区", "类型": "体检", "方面": "民生", "类": "物业街面", "层": "问题指标高"}}, {"type": "Feature", "geometry": {"type": "Point", "coordinates": [111.291887, 30.696953]}, "properties": {"社区": "果园路社区", "类型": "体检", "方面": "民生", "类": "物业街面", "层": "问题指标高"}}, {"type": "Feature", "geometry": {"type": "Point", "coordinates": [111.292084, 30.696446]}, "properties": {"社区": "果园路社区", "类型": "体检", "方面": "民生", "类": "物业街面", "层": "问题指标高"}}, {"type": "Feature", "geometry": {"type": "Point", "coordinates": [111.288915, 30.691081]}, "properties": {"社区": "新隆康路社区", "类型": "体检", "方面": "民生", "类": "物业街面", "层": "问题指标高"}}, {"type": "Feature", "geometry": {"type": "Point", "coordinates": [111.289497, 30.703834]}, "properties": {"社区": "果园路社区", "类型": "体检", "方面": "民生", "类": "物业街面", "层": "问题指标高"}}, {"type": "Feature", "geometry": {"type": "Point", "coordinates": [111.291259, 30.70191]}, "properties": {"社区": "果园路社区", "类型": "体检", "方面": "民生", "类": "物业街面", "层": "问题指标高"}}, {"type": "Feature", "geometry": {"type": "Point", "coordinates": [111.288951, 30.701174]}, "properties": {"社区": "果园路社区", "类型": "体检", "方面": "民生", "类": "物业街面", "层": "问题指标高"}}, {"type": "Feature", "geometry": {"type": "Point", "coordinates": [111.289787, 30.700211]}, "properties": {"社区": "果园路社区", "类型": "体检", "方面": "民生", "类": "物业街面", "层": "问题指标高"}}, {"type": "Feature", "geometry": {"type": "Point", "coordinates": [111.291738, 30.69632]}, "properties": {"社区": "果园路社区", "类型": "体检", "方面": "民生", "类": "物业街面", "层": "问题指标高"}}, {"type": "Feature", "geometry": {"type": "Point", "coordinates": [111.293863, 30.696378]}, "properties": {"社区": "果园路社区", "类型": "体检", "方面": "民生", "类": "物业街面", "层": "问题指标高"}}, {"type": "Feature", "geometry": {"type": "Point", "coordinates": [111.288317, 30.702584]}, "properties": {"社区": "果园路社区", "类型": "体检", "方面": "民生", "类": "物业街面", "层": "问题指标高"}}, {"type": "Feature", "geometry": {"type": "Point", "coordinates": [111.290028, 30.69244]}, "properties": {"社区": "新隆康路社区", "类型": "体检", "方面": "民生", "类": "物业街面", "层": "问题指标高"}}, {"type": "Feature", "geometry": {"type": "Point", "coordinates": [111.292022, 30.700536]}, "properties": {"社区": "果园路社区", "类型": "体检", "方面": "民生", "类": "物业街面", "层": "问题指标高"}}, {"type": "Feature", "geometry": {"type": "Point", "coordinates": [111.287969, 30.717247]}, "properties": {"社区": "西峡社区", "类型": "体检", "方面": "民生", "类": "物业街面", "层": "问题指标高"}}, {"type": "Feature", "geometry": {"type": "Point", "coordinates": [111.278264, 30.72864]}, "properties": {"社区": "幸福路社区", "类型": "体检", "方面": "民生", "类": "物业街面", "层": "问题指标高"}}, {"type": "Feature", "geometry": {"type": "Point", "coordinates": [111.291474, 30.698916]}, "properties": {"社区": "果园路社区", "类型": "诉求", "方面": "安全", "类": "管网安全", "层": "问题指标高"}}, {"type": "Feature", "geometry": {"type": "Point", "coordinates": [111.276781, 30.725703]}, "properties": {"社区": "幸福路社区", "类型": "诉求", "方面": "安全", "类": "管网安全", "层": "问题指标高"}}, {"type": "Feature", "geometry": {"type": "Point", "coordinates": [111.291474, 30.698916]}, "properties": {"社区": "果园路社区", "类型": "诉求", "方面": "安全", "类": "出行安全", "层": "问题指标高"}}, {"type": "Feature", "geometry": {"type": "Point", "coordinates": [111.287226, 30.715003]}, "properties": {"社区": "西峡社区", "类型": "诉求", "方面": "安全", "类": "出行安全", "层": "问题指标高"}}, {"type": "Feature", "geometry": {"type": "Point", "coordinates": [111.297014, 30.732616]}, "properties": {"社区": "镇境山社区", "类型": "诉求", "方面": "安全", "类": "管网安全", "层": "问题指标高"}}, {"type": "Feature", "geometry": {"type": "Point", "coordinates": [111.294273, 30.728866]}, "properties": {"社区": "金安岭社区", "类型": "诉求", "方面": "安全", "类": "管网安全", "层": "问题指标高"}}, {"type": "Feature", "geometry": {"type": "Point", "coordinates": [111.297014, 30.732616]}, "properties": {"社区": "镇境山社区", "类型": "诉求", "方面": "安全", "类": "管网安全", "层": "问题指标高"}}, {"type": "Feature", "geometry": {"type": "Point", "coordinates": [111.294273, 30.728866]}, "properties": {"社区": "金安岭社区", "类型": "诉求", "方面": "安全", "类": "管网安全", "层": "问题指标高"}}, {"type": "Feature", "geometry": {"type": "Point", "coordinates": [111.286962, 30.69217]}, "properties": {"社区": "新隆康路社区", "类型": "诉求", "方面": "安全", "类": "出行安全", "层": "问题指标高"}}, {"type": "Feature", "geometry": {"type": "Point", "coordinates": [111.286962, 30.69217]}, "properties": {"社区": "新隆康路社区", "类型": "诉求", "方面": "安全", "类": "出行安全", "层": "问题指标高"}}, {"type": "Feature", "geometry": {"type": "Point", "coordinates": [111.291474, 30.698916]}, "properties": {"社区": "果园路社区", "类型": "诉求", "方面": "安全", "类": "出行安全", "层": "问题指标高"}}, {"type": "Feature", "geometry": {"type": "Point", "coordinates": [111.291474, 30.698916]}, "properties": {"社区": "果园路社区", "类型": "诉求", "方面": "安全", "类": "管网安全", "层": "问题指标高"}}, {"type": "Feature", "geometry": {"type": "Point", "coordinates": [111.288699, 30.71432]}, "properties": {"社区": "西峡社区", "类型": "诉求", "方面": "安全", "类": "出行安全", "层": "问题指标高"}}, {"type": "Feature", "geometry": {"type": "Point", "coordinates": [111.294273, 30.728866]}, "properties": {"社区": "金安岭社区", "类型": "诉求", "方面": "安全", "类": "管网安全", "层": "问题指标高"}}, {"type": "Feature", "geometry": {"type": "Point", "coordinates": [111.294273, 30.723603]}, "properties": {"社区": "金安岭社区", "类型": "诉求", "方面": "安全", "类": "管网安全", "层": "问题指标高"}}, {"type": "Feature", "geometry": {"type": "Point", "coordinates": [111.291474, 30.698916]}, "properties": {"社区": "果园路社区", "类型": "诉求", "方面": "安全", "类": "管网安全", "层": "问题指标高"}}, {"type": "Feature", "geometry": {"type": "Point", "coordinates": [111.286138, 30.719889]}, "properties": {"社区": "西峡社区", "类型": "诉求", "方面": "安全", "类": "管网安全", "层": "问题指标高"}}, {"type": "Feature", "geometry": {"type": "Point", "coordinates": [111.297014, 30.732616]}, "properties": {"社区": "镇境山社区", "类型": "诉求", "方面": "安全", "类": "管网安全", "层": "问题指标高"}}, {"type": "Feature", "geometry": {"type": "Point", "coordinates": [111.287562, 30.693561]}, "properties": {"社区": "新隆康路社区", "类型": "诉求", "方面": "安全", "类": "出行安全", "层": "问题指标高"}}, {"type": "Feature", "geometry": {"type": "Point", "coordinates": [111.294273, 30.728866]}, "properties": {"社区": "金安岭社区", "类型": "诉求", "方面": "安全", "类": "管网安全", "层": "问题指标高"}}, {"type": "Feature", "geometry": {"type": "Point", "coordinates": [111.289136, 30.691496]}, "properties": {"社区": "新隆康路社区", "类型": "诉求", "方面": "安全", "类": "管网安全", "层": "问题指标高"}}, {"type": "Feature", "geometry": {"type": "Point", "coordinates": [111.294273, 30.728866]}, "properties": {"社区": "金安岭社区", "类型": "诉求", "方面": "安全", "类": "出行安全", "层": "问题指标高"}}, {"type": "Feature", "geometry": {"type": "Point", "coordinates": [111.286138, 30.719889]}, "properties": {"社区": "西峡社区", "类型": "诉求", "方面": "安全", "类": "出行安全", "层": "问题指标高"}}, {"type": "Feature", "geometry": {"type": "Point", "coordinates": [111.295359, 30.72969]}, "properties": {"社区": "镇境山社区", "类型": "诉求", "方面": "安全", "类": "出行安全", "层": "问题指标高"}}, {"type": "Feature", "geometry": {"type": "Point", "coordinates": [111.287086, 30.690523]}, "properties": {"社区": "新隆康路社区", "类型": "诉求", "方面": "安全", "类": "管网安全", "层": "问题指标高"}}, {"type": "Feature", "geometry": {"type": "Point", "coordinates": [111.293508, 30.696453]}, "properties": {"社区": "果园路社区", "类型": "诉求", "方面": "安全", "类": "消防安全", "层": "问题指标高"}}, {"type": "Feature", "geometry": {"type": "Point", "coordinates": [111.287562, 30.693561]}, "properties": {"社区": "新隆康路社区", "类型": "诉求", "方面": "安全", "类": "管网安全", "层": "问题指标高"}}, {"type": "Feature", "geometry": {"type": "Point", "coordinates": [111.291474, 30.698916]}, "properties": {"社区": "果园路社区", "类型": "诉求", "方面": "安全", "类": "管网安全", "层": "问题指标高"}}, {"type": "Feature", "geometry": {"type": "Point", "coordinates": [111.294273, 30.728866]}, "properties": {"社区": "金安岭社区", "类型": "诉求", "方面": "安全", "类": "管网安全", "层": "问题指标高"}}, {"type": "Feature", "geometry": {"type": "Point", "coordinates": [111.291348, 30.69467]}, "properties": {"社区": "新隆康路社区", "类型": "诉求", "方面": "安全", "类": "管网安全", "层": "问题指标高"}}, {"type": "Feature", "geometry": {"type": "Point", "coordinates": [111.294273, 30.728866]}, "properties": {"社区": "金安岭社区", "类型": "诉求", "方面": "安全", "类": "出行安全", "层": "问题指标高"}}, {"type": "Feature", "geometry": {"type": "Point", "coordinates": [111.294273, 30.728866]}, "properties": {"社区": "金安岭社区", "类型": "诉求", "方面": "安全", "类": "出行安全", "层": "问题指标高"}}, {"type": "Feature", "geometry": {"type": "Point", "coordinates": [111.291474, 30.698916]}, "properties": {"社区": "果园路社区", "类型": "诉求", "方面": "安全", "类": "管网安全", "层": "问题指标高"}}, {"type": "Feature", "geometry": {"type": "Point", "coordinates": [111.291348, 30.69467]}, "properties": {"社区": "新隆康路社区", "类型": "诉求", "方面": "安全", "类": "消防安全", "层": "问题指标高"}}, {"type": "Feature", "geometry": {"type": "Point", "coordinates": [111.291474, 30.698916]}, "properties": {"社区": "果园路社区", "类型": "诉求", "方面": "安全", "类": "管网安全", "层": "问题指标高"}}, {"type": "Feature", "geometry": {"type": "Point", "coordinates": [111.286962, 30.69217]}, "properties": {"社区": "新隆康路社区", "类型": "诉求", "方面": "安全", "类": "出行安全", "层": "问题指标高"}}, {"type": "Feature", "geometry": {"type": "Point", "coordinates": [111.291474, 30.698916]}, "properties": {"社区": "果园路社区", "类型": "诉求", "方面": "安全", "类": "消防安全", "层": "问题指标高"}}, {"type": "Feature", "geometry": {"type": "Point", "coordinates": [111.291474, 30.698916]}, "properties": {"社区": "果园路社区", "类型": "诉求", "方面": "安全", "类": "消防安全", "层": "问题指标高"}}, {"type": "Feature", "geometry": {"type": "Point", "coordinates": [111.309746, 30.702423]}, "properties": {"社区": "深圳路社区", "类型": "诉求", "方面": "民生", "类": "停车", "层": "问题指标高"}}, {"type": "Feature", "geometry": {"type": "Point", "coordinates": [111.286962, 30.69217]}, "properties": {"社区": "新隆康路社区", "类型": "诉求", "方面": "民生", "类": "停车", "层": "问题指标高"}}, {"type": "Feature", "geometry": {"type": "Point", "coordinates": [111.289075, 30.693668]}, "properties": {"社区": "新隆康路社区", "类型": "诉求", "方面": "民生", "类": "住宅", "层": "问题指标高"}}, {"type": "Feature", "geometry": {"type": "Point", "coordinates": [111.294273, 30.728866]}, "properties": {"社区": "金安岭社区", "类型": "诉求", "方面": "民生", "类": "物业", "层": "问题指标高"}}, {"type": "Feature", "geometry": {"type": "Point", "coordinates": [111.291474, 30.698916]}, "properties": {"社区": "果园路社区", "类型": "诉求", "方面": "民生", "类": "噪声", "层": "问题指标高"}}, {"type": "Feature", "geometry": {"type": "Point", "coordinates": [111.286962, 30.69217]}, "properties": {"社区": "新隆康路社区", "类型": "诉求", "方面": "民生", "类": "出行", "层": "问题指标高"}}, {"type": "Feature", "geometry": {"type": "Point", "coordinates": [111.290337, 30.703361]}, "properties": {"社区": "果园路社区", "类型": "诉求", "方面": "民生", "类": "噪声", "层": "问题指标高"}}, {"type": "Feature", "geometry": {"type": "Point", "coordinates": [111.286054, 30.693419]}, "properties": {"社区": "新隆康路社区", "类型": "诉求", "方面": "民生", "类": "噪声", "层": "问题指标高"}}, {"type": "Feature", "geometry": {"type": "Point", "coordinates": [111.286138, 30.719889]}, "properties": {"社区": "西峡社区", "类型": "诉求", "方面": "民生", "类": "噪声", "层": "问题指标高"}}, {"type": "Feature", "geometry": {"type": "Point", "coordinates": [111.286962, 30.69217]}, "properties": {"社区": "新隆康路社区", "类型": "诉求", "方面": "民生", "类": "停车", "层": "问题指标高"}}, {"type": "Feature", "geometry": {"type": "Point", "coordinates": [111.287031, 30.705215]}, "properties": {"社区": "果园路社区", "类型": "诉求", "方面": "民生", "类": "物业", "层": "问题指标高"}}, {"type": "Feature", "geometry": {"type": "Point", "coordinates": [111.289954, 30.700249]}, "properties": {"社区": "果园路社区", "类型": "诉求", "方面": "民生", "类": "噪声", "层": "问题指标高"}}, {"type": "Feature", "geometry": {"type": "Point", "coordinates": [111.291474, 30.698916]}, "properties": {"社区": "果园路社区", "类型": "诉求", "方面": "民生", "类": "噪声", "层": "问题指标高"}}, {"type": "Feature", "geometry": {"type": "Point", "coordinates": [111.296053, 30.728135]}, "properties": {"社区": "金安岭社区", "类型": "诉求", "方面": "民生", "类": "住宅", "层": "问题指标高"}}, {"type": "Feature", "geometry": {"type": "Point", "coordinates": [111.286138, 30.719889]}, "properties": {"社区": "西峡社区", "类型": "诉求", "方面": "民生", "类": "噪声", "层": "问题指标高"}}, {"type": "Feature", "geometry": {"type": "Point", "coordinates": [111.287086, 30.690523]}, "properties": {"社区": "新隆康路社区", "类型": "诉求", "方面": "民生", "类": "噪声", "层": "问题指标高"}}, {"type": "Feature", "geometry": {"type": "Point", "coordinates": [111.285994, 30.693548]}, "properties": {"社区": "新隆康路社区", "类型": "诉求", "方面": "民生", "类": "噪声", "层": "问题指标高"}}, {"type": "Feature", "geometry": {"type": "Point", "coordinates": [111.296053, 30.728135]}, "properties": {"社区": "金安岭社区", "类型": "诉求", "方面": "民生", "类": "住宅", "层": "问题指标高"}}, {"type": "Feature", "geometry": {"type": "Point", "coordinates": [111.286138, 30.719889]}, "properties": {"社区": "西峡社区", "类型": "诉求", "方面": "民生", "类": "物业", "层": "问题指标高"}}, {"type": "Feature", "geometry": {"type": "Point", "coordinates": [111.285994, 30.693548]}, "properties": {"社区": "新隆康路社区", "类型": "诉求", "方面": "民生", "类": "噪声", "层": "问题指标高"}}, {"type": "Feature", "geometry": {"type": "Point", "coordinates": [111.286962, 30.69217]}, "properties": {"社区": "新隆康路社区", "类型": "诉求", "方面": "民生", "类": "出行", "层": "问题指标高"}}, {"type": "Feature", "geometry": {"type": "Point", "coordinates": [111.286962, 30.69217]}, "properties": {"社区": "新隆康路社区", "类型": "诉求", "方面": "民生", "类": "出行", "层": "问题指标高"}}, {"type": "Feature", "geometry": {"type": "Point", "coordinates": [111.291474, 30.698916]}, "properties": {"社区": "果园路社区", "类型": "诉求", "方面": "民生", "类": "停车", "层": "问题指标高"}}, {"type": "Feature", "geometry": {"type": "Point", "coordinates": [111.286992, 30.716953]}, "properties": {"社区": "西峡社区", "类型": "诉求", "方面": "民生", "类": "住宅", "层": "问题指标高"}}, {"type": "Feature", "geometry": {"type": "Point", "coordinates": [111.287517, 30.695092]}, "properties": {"社区": "新隆康路社区", "类型": "诉求", "方面": "民生", "类": "噪声", "层": "问题指标高"}}, {"type": "Feature", "geometry": {"type": "Point", "coordinates": [111.286138, 30.719889]}, "properties": {"社区": "西峡社区", "类型": "诉求", "方面": "民生", "类": "物业", "层": "问题指标高"}}, {"type": "Feature", "geometry": {"type": "Point", "coordinates": [111.291503, 30.696837]}, "properties": {"社区": "果园路社区", "类型": "诉求", "方面": "民生", "类": "噪声", "层": "问题指标高"}}, {"type": "Feature", "geometry": {"type": "Point", "coordinates": [111.287031, 30.705215]}, "properties": {"社区": "果园路社区", "类型": "诉求", "方面": "民生", "类": "住宅", "层": "问题指标高"}}, {"type": "Feature", "geometry": {"type": "Point", "coordinates": [111.286962, 30.69217]}, "properties": {"社区": "新隆康路社区", "类型": "诉求", "方面": "民生", "类": "停车", "层": "问题指标高"}}, {"type": "Feature", "geometry": {"type": "Point", "coordinates": [111.286138, 30.719889]}, "properties": {"社区": "西峡社区", "类型": "诉求", "方面": "民生", "类": "噪声", "层": "问题指标高"}}, {"type": "Feature", "geometry": {"type": "Point", "coordinates": [111.287031, 30.705215]}, "properties": {"社区": "果园路社区", "类型": "诉求", "方面": "民生", "类": "住宅", "层": "问题指标高"}}, {"type": "Feature", "geometry": {"type": "Point", "coordinates": [111.286962, 30.69217]}, "properties": {"社区": "新隆康路社区", "类型": "诉求", "方面": "民生", "类": "噪声", "层": "问题指标高"}}, {"type": "Feature", "geometry": {"type": "Point", "coordinates": [111.287031, 30.705215]}, "properties": {"社区": "果园路社区", "类型": "诉求", "方面": "民生", "类": "噪声", "层": "问题指标高"}}, {"type": "Feature", "geometry": {"type": "Point", "coordinates": [111.287957, 30.693997]}, "properties": {"社区": "新隆康路社区", "类型": "诉求", "方面": "民生", "类": "停车", "层": "问题指标高"}}, {"type": "Feature", "geometry": {"type": "Point", "coordinates": [111.291474, 30.698916]}, "properties": {"社区": "果园路社区", "类型": "诉求", "方面": "民生", "类": "出行", "层": "问题指标高"}}, {"type": "Feature", "geometry": {"type": "Point", "coordinates": [111.285384, 30.692845]}, "properties": {"社区": "新隆康路社区", "类型": "诉求", "方面": "民生", "类": "住宅", "层": "问题指标高"}}, {"type": "Feature", "geometry": {"type": "Point", "coordinates": [111.291474, 30.698916]}, "properties": {"社区": "果园路社区", "类型": "诉求", "方面": "民生", "类": "物业", "层": "问题指标高"}}, {"type": "Feature", "geometry": {"type": "Point", "coordinates": [111.286677, 30.713615]}, "properties": {"社区": "西峡社区", "类型": "诉求", "方面": "民生", "类": "物业", "层": "问题指标高"}}, {"type": "Feature", "geometry": {"type": "Point", "coordinates": [111.286962, 30.69217]}, "properties": {"社区": "新隆康路社区", "类型": "诉求", "方面": "民生", "类": "出行", "层": "问题指标高"}}, {"type": "Feature", "geometry": {"type": "Point", "coordinates": [111.290165, 30.692835]}, "properties": {"社区": "新隆康路社区", "类型": "诉求", "方面": "民生", "类": "物业", "层": "问题指标高"}}, {"type": "Feature", "geometry": {"type": "Point", "coordinates": [111.286138, 30.719889]}, "properties": {"社区": "西峡社区", "类型": "诉求", "方面": "民生", "类": "停车", "层": "问题指标高"}}, {"type": "Feature", "geometry": {"type": "Point", "coordinates": [111.290049, 30.703355]}, "properties": {"社区": "果园路社区", "类型": "诉求", "方面": "民生", "类": "物业", "层": "问题指标高"}}, {"type": "Feature", "geometry": {"type": "Point", "coordinates": [111.285384, 30.692845]}, "properties": {"社区": "新隆康路社区", "类型": "诉求", "方面": "民生", "类": "住宅", "层": "问题指标高"}}, {"type": "Feature", "geometry": {"type": "Point", "coordinates": [111.286835, 30.704215]}, "properties": {"社区": "果园路社区", "类型": "诉求", "方面": "民生", "类": "住宅", "层": "问题指标高"}}, {"type": "Feature", "geometry": {"type": "Point", "coordinates": [111.309746, 30.702423]}, "properties": {"社区": "深圳路社区", "类型": "诉求", "方面": "民生", "类": "住宅", "层": "问题指标高"}}, {"type": "Feature", "geometry": {"type": "Point", "coordinates": [111.285384, 30.692845]}, "properties": {"社区": "新隆康路社区", "类型": "诉求", "方面": "民生", "类": "住宅", "层": "问题指标高"}}, {"type": "Feature", "geometry": {"type": "Point", "coordinates": [111.285384, 30.692845]}, "properties": {"社区": "新隆康路社区", "类型": "诉求", "方面": "民生", "类": "住宅", "层": "问题指标高"}}, {"type": "Feature", "geometry": {"type": "Point", "coordinates": [111.286962, 30.69217]}, "properties": {"社区": "新隆康路社区", "类型": "诉求", "方面": "民生", "类": "出行", "层": "问题指标高"}}, {"type": "Feature", "geometry": {"type": "Point", "coordinates": [111.287031, 30.705215]}, "properties": {"社区": "果园路社区", "类型": "诉求", "方面": "民生", "类": "住宅", "层": "问题指标高"}}, {"type": "Feature", "geometry": {"type": "Point", "coordinates": [111.286962, 30.69217]}, "properties": {"社区": "新隆康路社区", "类型": "诉求", "方面": "民生", "类": "物业", "层": "问题指标高"}}, {"type": "Feature", "geometry": {"type": "Point", "coordinates": [111.286962, 30.69217]}, "properties": {"社区": "新隆康路社区", "类型": "诉求", "方面": "民生", "类": "物业", "层": "问题指标高"}}, {"type": "Feature", "geometry": {"type": "Point", "coordinates": [111.286962, 30.69217]}, "properties": {"社区": "新隆康路社区", "类型": "诉求", "方面": "民生", "类": "停车", "层": "问题指标高"}}, {"type": "Feature", "geometry": {"type": "Point", "coordinates": [111.291738, 30.695024]}, "properties": {"社区": "新隆康路社区", "类型": "诉求", "方面": "民生", "类": "住宅", "层": "问题指标高"}}, {"type": "Feature", "geometry": {"type": "Point", "coordinates": [111.285384, 30.692845]}, "properties": {"社区": "新隆康路社区", "类型": "诉求", "方面": "民生", "类": "住宅", "层": "问题指标高"}}, {"type": "Feature", "geometry": {"type": "Point", "coordinates": [111.291474, 30.698916]}, "properties": {"社区": "果园路社区", "类型": "诉求", "方面": "民生", "类": "噪声", "层": "问题指标高"}}, {"type": "Feature", "geometry": {"type": "Point", "coordinates": [111.286962, 30.69217]}, "properties": {"社区": "新隆康路社区", "类型": "诉求", "方面": "民生", "类": "出行", "层": "问题指标高"}}, {"type": "Feature", "geometry": {"type": "Point", "coordinates": [111.289954, 30.700249]}, "properties": {"社区": "果园路社区", "类型": "诉求", "方面": "民生", "类": "噪声", "层": "问题指标高"}}, {"type": "Feature", "geometry": {"type": "Point", "coordinates": [111.286962, 30.69217]}, "properties": {"社区": "新隆康路社区", "类型": "诉求", "方面": "民生", "类": "出行", "层": "问题指标高"}}, {"type": "Feature", "geometry": {"type": "Point", "coordinates": [111.309746, 30.702423]}, "properties": {"社区": "深圳路社区", "类型": "诉求", "方面": "民生", "类": "住宅", "层": "问题指标高"}}, {"type": "Feature", "geometry": {"type": "Point", "coordinates": [111.289334, 30.691652]}, "properties": {"社区": "新隆康路社区", "类型": "诉求", "方面": "民生", "类": "物业", "层": "问题指标高"}}, {"type": "Feature", "geometry": {"type": "Point", "coordinates": [111.290229, 30.704354]}, "properties": {"社区": "果园路社区", "类型": "诉求", "方面": "民生", "类": "噪声", "层": "问题指标高"}}, {"type": "Feature", "geometry": {"type": "Point", "coordinates": [111.291738, 30.695024]}, "properties": {"社区": "新隆康路社区", "类型": "诉求", "方面": "民生", "类": "住宅", "层": "问题指标高"}}, {"type": "Feature", "geometry": {"type": "Point", "coordinates": [111.286138, 30.719889]}, "properties": {"社区": "西峡社区", "类型": "诉求", "方面": "民生", "类": "噪声", "层": "问题指标高"}}, {"type": "Feature", "geometry": {"type": "Point", "coordinates": [111.288355, 30.704911]}, "properties": {"社区": "果园路社区", "类型": "诉求", "方面": "民生", "类": "物业", "层": "问题指标高"}}, {"type": "Feature", "geometry": {"type": "Point", "coordinates": [111.291474, 30.698916]}, "properties": {"社区": "果园路社区", "类型": "诉求", "方面": "民生", "类": "噪声", "层": "问题指标高"}}, {"type": "Feature", "geometry": {"type": "Point", "coordinates": [111.291474, 30.698916]}, "properties": {"社区": "果园路社区", "类型": "诉求", "方面": "民生", "类": "住宅", "层": "问题指标高"}}, {"type": "Feature", "geometry": {"type": "Point", "coordinates": [111.286306, 30.714013]}, "properties": {"社区": "西峡社区", "类型": "诉求", "方面": "民生", "类": "物业", "层": "问题指标高"}}, {"type": "Feature", "geometry": {"type": "Point", "coordinates": [111.289954, 30.700249]}, "properties": {"社区": "果园路社区", "类型": "诉求", "方面": "民生", "类": "噪声", "层": "问题指标高"}}, {"type": "Feature", "geometry": {"type": "Point", "coordinates": [111.286962, 30.69217]}, "properties": {"社区": "新隆康路社区", "类型": "诉求", "方面": "民生", "类": "物业", "层": "问题指标高"}}, {"type": "Feature", "geometry": {"type": "Point", "coordinates": [111.291474, 30.698916]}, "properties": {"社区": "果园路社区", "类型": "诉求", "方面": "民生", "类": "住宅", "层": "问题指标高"}}, {"type": "Feature", "geometry": {"type": "Point", "coordinates": [111.288306, 30.715051]}, "properties": {"社区": "西峡社区", "类型": "诉求", "方面": "民生", "类": "噪声", "层": "问题指标高"}}, {"type": "Feature", "geometry": {"type": "Point", "coordinates": [111.291474, 30.698916]}, "properties": {"社区": "果园路社区", "类型": "诉求", "方面": "民生", "类": "住宅", "层": "问题指标高"}}, {"type": "Feature", "geometry": {"type": "Point", "coordinates": [111.288488, 30.713371]}, "properties": {"社区": "西峡社区", "类型": "诉求", "方面": "民生", "类": "停车", "层": "问题指标高"}}, {"type": "Feature", "geometry": {"type": "Point", "coordinates": [111.288488, 30.713371]}, "properties": {"社区": "西峡社区", "类型": "诉求", "方面": "民生", "类": "停车", "层": "问题指标高"}}, {"type": "Feature", "geometry": {"type": "Point", "coordinates": [111.288488, 30.713371]}, "properties": {"社区": "西峡社区", "类型": "诉求", "方面": "民生", "类": "停车", "层": "问题指标高"}}, {"type": "Feature", "geometry": {"type": "Point", "coordinates": [111.286962, 30.69217]}, "properties": {"社区": "新隆康路社区", "类型": "诉求", "方面": "民生", "类": "物业", "层": "问题指标高"}}, {"type": "Feature", "geometry": {"type": "Point", "coordinates": [111.288306, 30.715051]}, "properties": {"社区": "西峡社区", "类型": "诉求", "方面": "民生", "类": "噪声", "层": "问题指标高"}}, {"type": "Feature", "geometry": {"type": "Point", "coordinates": [111.291738, 30.695024]}, "properties": {"社区": "新隆康路社区", "类型": "诉求", "方面": "民生", "类": "住宅", "层": "问题指标高"}}, {"type": "Feature", "geometry": {"type": "Point", "coordinates": [111.288306, 30.715051]}, "properties": {"社区": "西峡社区", "类型": "诉求", "方面": "民生", "类": "噪声", "层": "问题指标高"}}, {"type": "Feature", "geometry": {"type": "Point", "coordinates": [111.291474, 30.698916]}, "properties": {"社区": "果园路社区", "类型": "诉求", "方面": "民生", "类": "住宅", "层": "问题指标高"}}, {"type": "Feature", "geometry": {"type": "Point", "coordinates": [111.289334, 30.691652]}, "properties": {"社区": "新隆康路社区", "类型": "诉求", "方面": "民生", "类": "噪声", "层": "问题指标高"}}, {"type": "Feature", "geometry": {"type": "Point", "coordinates": [111.288306, 30.715051]}, "properties": {"社区": "西峡社区", "类型": "诉求", "方面": "民生", "类": "噪声", "层": "问题指标高"}}, {"type": "Feature", "geometry": {"type": "Point", "coordinates": [111.287031, 30.705215]}, "properties": {"社区": "果园路社区", "类型": "诉求", "方面": "民生", "类": "住宅", "层": "问题指标高"}}, {"type": "Feature", "geometry": {"type": "Point", "coordinates": [111.289954, 30.700249]}, "properties": {"社区": "果园路社区", "类型": "诉求", "方面": "民生", "类": "噪声", "层": "问题指标高"}}, {"type": "Feature", "geometry": {"type": "Point", "coordinates": [111.289954, 30.700249]}, "properties": {"社区": "果园路社区", "类型": "诉求", "方面": "民生", "类": "噪声", "层": "问题指标高"}}, {"type": "Feature", "geometry": {"type": "Point", "coordinates": [111.288699, 30.71432]}, "properties": {"社区": "西峡社区", "类型": "诉求", "方面": "民生", "类": "停车", "层": "问题指标高"}}, {"type": "Feature", "geometry": {"type": "Point", "coordinates": [111.310379, 30.706411]}, "properties": {"社区": "深圳路社区", "类型": "诉求", "方面": "民生", "类": "物业", "层": "问题指标高"}}, {"type": "Feature", "geometry": {"type": "Point", "coordinates": [111.289954, 30.700249]}, "properties": {"社区": "果园路社区", "类型": "诉求", "方面": "民生", "类": "噪声", "层": "问题指标高"}}, {"type": "Feature", "geometry": {"type": "Point", "coordinates": [111.286138, 30.719889]}, "properties": {"社区": "西峡社区", "类型": "诉求", "方面": "民生", "类": "住宅", "层": "问题指标高"}}, {"type": "Feature", "geometry": {"type": "Point", "coordinates": [111.286962, 30.69217]}, "properties": {"社区": "新隆康路社区", "类型": "诉求", "方面": "民生", "类": "出行", "层": "问题指标高"}}, {"type": "Feature", "geometry": {"type": "Point", "coordinates": [111.286138, 30.719889]}, "properties": {"社区": "西峡社区", "类型": "诉求", "方面": "民生", "类": "住宅", "层": "问题指标高"}}, {"type": "Feature", "geometry": {"type": "Point", "coordinates": [111.286207, 30.718793]}, "properties": {"社区": "西峡社区", "类型": "诉求", "方面": "民生", "类": "物业", "层": "问题指标高"}}, {"type": "Feature", "geometry": {"type": "Point", "coordinates": [111.290982, 30.705463]}, "properties": {"社区": "果园路社区", "类型": "诉求", "方面": "民生", "类": "住宅", "层": "问题指标高"}}, {"type": "Feature", "geometry": {"type": "Point", "coordinates": [111.286962, 30.69217]}, "properties": {"社区": "新隆康路社区", "类型": "诉求", "方面": "民生", "类": "停车", "层": "问题指标高"}}, {"type": "Feature", "geometry": {"type": "Point", "coordinates": [111.307931, 30.70597]}, "properties": {"社区": "深圳路社区", "类型": "诉求", "方面": "民生", "类": "住宅", "层": "问题指标高"}}, {"type": "Feature", "geometry": {"type": "Point", "coordinates": [111.291474, 30.698916]}, "properties": {"社区": "果园路社区", "类型": "诉求", "方面": "民生", "类": "住宅", "层": "问题指标高"}}, {"type": "Feature", "geometry": {"type": "Point", "coordinates": [111.286962, 30.69217]}, "properties": {"社区": "新隆康路社区", "类型": "诉求", "方面": "民生", "类": "物业", "层": "问题指标高"}}, {"type": "Feature", "geometry": {"type": "Point", "coordinates": [111.288355, 30.704911]}, "properties": {"社区": "果园路社区", "类型": "诉求", "方面": "民生", "类": "噪声", "层": "问题指标高"}}, {"type": "Feature", "geometry": {"type": "Point", "coordinates": [111.293508, 30.696453]}, "properties": {"社区": "果园路社区", "类型": "诉求", "方面": "民生", "类": "噪声", "层": "问题指标高"}}, {"type": "Feature", "geometry": {"type": "Point", "coordinates": [111.289954, 30.700249]}, "properties": {"社区": "果园路社区", "类型": "诉求", "方面": "民生", "类": "住宅", "层": "问题指标高"}}, {"type": "Feature", "geometry": {"type": "Point", "coordinates": [111.286962, 30.69217]}, "properties": {"社区": "新隆康路社区", "类型": "诉求", "方面": "民生", "类": "住宅", "层": "问题指标高"}}, {"type": "Feature", "geometry": {"type": "Point", "coordinates": [111.291738, 30.695024]}, "properties": {"社区": "新隆康路社区", "类型": "诉求", "方面": "民生", "类": "物业", "层": "问题指标高"}}, {"type": "Feature", "geometry": {"type": "Point", "coordinates": [111.291474, 30.698916]}, "properties": {"社区": "果园路社区", "类型": "诉求", "方面": "民生", "类": "物业", "层": "问题指标高"}}, {"type": "Feature", "geometry": {"type": "Point", "coordinates": [111.291474, 30.698916]}, "properties": {"社区": "果园路社区", "类型": "诉求", "方面": "民生", "类": "噪声", "层": "问题指标高"}}, {"type": "Feature", "geometry": {"type": "Point", "coordinates": [111.289954, 30.700249]}, "properties": {"社区": "果园路社区", "类型": "诉求", "方面": "民生", "类": "噪声", "层": "问题指标高"}}, {"type": "Feature", "geometry": {"type": "Point", "coordinates": [111.291503, 30.696837]}, "properties": {"社区": "果园路社区", "类型": "诉求", "方面": "民生", "类": "噪声", "层": "问题指标高"}}, {"type": "Feature", "geometry": {"type": "Point", "coordinates": [111.289954, 30.700249]}, "properties": {"社区": "果园路社区", "类型": "诉求", "方面": "民生", "类": "噪声", "层": "问题指标高"}}, {"type": "Feature", "geometry": {"type": "Point", "coordinates": [111.291503, 30.696837]}, "properties": {"社区": "果园路社区", "类型": "诉求", "方面": "民生", "类": "噪声", "层": "问题指标高"}}, {"type": "Feature", "geometry": {"type": "Point", "coordinates": [111.291474, 30.698916]}, "properties": {"社区": "果园路社区", "类型": "诉求", "方面": "民生", "类": "住宅", "层": "问题指标高"}}, {"type": "Feature", "geometry": {"type": "Point", "coordinates": [111.288699, 30.71432]}, "properties": {"社区": "西峡社区", "类型": "诉求", "方面": "民生", "类": "住宅", "层": "问题指标高"}}, {"type": "Feature", "geometry": {"type": "Point", "coordinates": [111.286962, 30.69217]}, "properties": {"社区": "新隆康路社区", "类型": "诉求", "方面": "民生", "类": "出行", "层": "问题指标高"}}, {"type": "Feature", "geometry": {"type": "Point", "coordinates": [111.288488, 30.713371]}, "properties": {"社区": "西峡社区", "类型": "诉求", "方面": "民生", "类": "物业", "层": "问题指标高"}}, {"type": "Feature", "geometry": {"type": "Point", "coordinates": [111.287086, 30.690523]}, "properties": {"社区": "新隆康路社区", "类型": "诉求", "方面": "民生", "类": "噪声", "层": "问题指标高"}}, {"type": "Feature", "geometry": {"type": "Point", "coordinates": [111.29071, 30.695024]}, "properties": {"社区": "新隆康路社区", "类型": "诉求", "方面": "民生", "类": "停车", "层": "问题指标高"}}, {"type": "Feature", "geometry": {"type": "Point", "coordinates": [111.291474, 30.698916]}, "properties": {"社区": "果园路社区", "类型": "诉求", "方面": "民生", "类": "住宅", "层": "问题指标高"}}, {"type": "Feature", "geometry": {"type": "Point", "coordinates": [111.291474, 30.698916]}, "properties": {"社区": "果园路社区", "类型": "诉求", "方面": "民生", "类": "住宅", "层": "问题指标高"}}, {"type": "Feature", "geometry": {"type": "Point", "coordinates": [111.286962, 30.69217]}, "properties": {"社区": "新隆康路社区", "类型": "诉求", "方面": "民生", "类": "停车", "层": "问题指标高"}}, {"type": "Feature", "geometry": {"type": "Point", "coordinates": [111.291474, 30.698916]}, "properties": {"社区": "果园路社区", "类型": "诉求", "方面": "民生", "类": "住宅", "层": "问题指标高"}}, {"type": "Feature", "geometry": {"type": "Point", "coordinates": [111.286962, 30.69217]}, "properties": {"社区": "新隆康路社区", "类型": "诉求", "方面": "民生", "类": "出行", "层": "问题指标高"}}, {"type": "Feature", "geometry": {"type": "Point", "coordinates": [111.293508, 30.696453]}, "properties": {"社区": "果园路社区", "类型": "诉求", "方面": "民生", "类": "出行", "层": "问题指标高"}}, {"type": "Feature", "geometry": {"type": "Point", "coordinates": [111.294273, 30.728866]}, "properties": {"社区": "金安岭社区", "类型": "诉求", "方面": "民生", "类": "物业", "层": "问题指标高"}}, {"type": "Feature", "geometry": {"type": "Point", "coordinates": [111.287317, 30.704461]}, "properties": {"社区": "果园路社区", "类型": "诉求", "方面": "民生", "类": "噪声", "层": "问题指标高"}}, {"type": "Feature", "geometry": {"type": "Point", "coordinates": [111.286138, 30.719889]}, "properties": {"社区": "西峡社区", "类型": "诉求", "方面": "民生", "类": "住宅", "层": "问题指标高"}}, {"type": "Feature", "geometry": {"type": "Point", "coordinates": [111.291474, 30.698916]}, "properties": {"社区": "果园路社区", "类型": "诉求", "方面": "民生", "类": "噪声", "层": "问题指标高"}}, {"type": "Feature", "geometry": {"type": "Point", "coordinates": [111.286962, 30.69217]}, "properties": {"社区": "新隆康路社区", "类型": "诉求", "方面": "民生", "类": "停车", "层": "问题指标高"}}, {"type": "Feature", "geometry": {"type": "Point", "coordinates": [111.286962, 30.69217]}, "properties": {"社区": "新隆康路社区", "类型": "诉求", "方面": "民生", "类": "物业", "层": "问题指标高"}}, {"type": "Feature", "geometry": {"type": "Point", "coordinates": [111.307931, 30.70597]}, "properties": {"社区": "深圳路社区", "类型": "诉求", "方面": "民生", "类": "出行", "层": "问题指标高"}}, {"type": "Feature", "geometry": {"type": "Point", "coordinates": [111.286138, 30.719889]}, "properties": {"社区": "西峡社区", "类型": "诉求", "方面": "民生", "类": "噪声", "层": "问题指标高"}}, {"type": "Feature", "geometry": {"type": "Point", "coordinates": [111.291474, 30.698916]}, "properties": {"社区": "果园路社区", "类型": "诉求", "方面": "民生", "类": "物业", "层": "问题指标高"}}, {"type": "Feature", "geometry": {"type": "Point", "coordinates": [111.286138, 30.719889]}, "properties": {"社区": "西峡社区", "类型": "诉求", "方面": "民生", "类": "噪声", "层": "问题指标高"}}, {"type": "Feature", "geometry": {"type": "Point", "coordinates": [111.291474, 30.698916]}, "properties": {"社区": "果园路社区", "类型": "诉求", "方面": "民生", "类": "物业", "层": "问题指标高"}}, {"type": "Feature", "geometry": {"type": "Point", "coordinates": [111.291474, 30.698916]}, "properties": {"社区": "果园路社区", "类型": "诉求", "方面": "民生", "类": "住宅", "层": "问题指标高"}}, {"type": "Feature", "geometry": {"type": "Point", "coordinates": [111.294273, 30.728866]}, "properties": {"社区": "金安岭社区", "类型": "诉求", "方面": "民生", "类": "物业", "层": "问题指标高"}}, {"type": "Feature", "geometry": {"type": "Point", "coordinates": [111.286962, 30.69217]}, "properties": {"社区": "新隆康路社区", "类型": "诉求", "方面": "民生", "类": "物业", "层": "问题指标高"}}, {"type": "Feature", "geometry": {"type": "Point", "coordinates": [111.286962, 30.69217]}, "properties": {"社区": "新隆康路社区", "类型": "诉求", "方面": "民生", "类": "出行", "层": "问题指标高"}}, {"type": "Feature", "geometry": {"type": "Point", "coordinates": [111.291474, 30.698916]}, "properties": {"社区": "果园路社区", "类型": "诉求", "方面": "民生", "类": "住宅", "层": "问题指标高"}}, {"type": "Feature", "geometry": {"type": "Point", "coordinates": [111.294273, 30.728866]}, "properties": {"社区": "金安岭社区", "类型": "诉求", "方面": "民生", "类": "住宅", "层": "问题指标高"}}, {"type": "Feature", "geometry": {"type": "Point", "coordinates": [111.287031, 30.705215]}, "properties": {"社区": "果园路社区", "类型": "诉求", "方面": "民生", "类": "住宅", "层": "问题指标高"}}, {"type": "Feature", "geometry": {"type": "Point", "coordinates": [111.289954, 30.700249]}, "properties": {"社区": "果园路社区", "类型": "诉求", "方面": "民生", "类": "噪声", "层": "问题指标高"}}, {"type": "Feature", "geometry": {"type": "Point", "coordinates": [111.294371, 30.724067]}, "properties": {"社区": "金安岭社区", "类型": "诉求", "方面": "民生", "类": "住宅", "层": "问题指标高"}}, {"type": "Feature", "geometry": {"type": "Point", "coordinates": [111.291474, 30.698916]}, "properties": {"社区": "果园路社区", "类型": "诉求", "方面": "民生", "类": "住宅", "层": "问题指标高"}}, {"type": "Feature", "geometry": {"type": "Point", "coordinates": [111.286138, 30.719889]}, "properties": {"社区": "西峡社区", "类型": "诉求", "方面": "民生", "类": "住宅", "层": "问题指标高"}}, {"type": "Feature", "geometry": {"type": "Point", "coordinates": [111.288488, 30.713371]}, "properties": {"社区": "西峡社区", "类型": "诉求", "方面": "民生", "类": "物业", "层": "问题指标高"}}, {"type": "Feature", "geometry": {"type": "Point", "coordinates": [111.294273, 30.728866]}, "properties": {"社区": "金安岭社区", "类型": "诉求", "方面": "民生", "类": "物业", "层": "问题指标高"}}, {"type": "Feature", "geometry": {"type": "Point", "coordinates": [111.291453, 30.725266]}, "properties": {"社区": "金安岭社区", "类型": "诉求", "方面": "民生", "类": "出行", "层": "问题指标高"}}, {"type": "Feature", "geometry": {"type": "Point", "coordinates": [111.294273, 30.728866]}, "properties": {"社区": "金安岭社区", "类型": "诉求", "方面": "民生", "类": "物业", "层": "问题指标高"}}, {"type": "Feature", "geometry": {"type": "Point", "coordinates": [111.286962, 30.69217]}, "properties": {"社区": "新隆康路社区", "类型": "诉求", "方面": "民生", "类": "出行", "层": "问题指标高"}}, {"type": "Feature", "geometry": {"type": "Point", "coordinates": [111.286962, 30.69217]}, "properties": {"社区": "新隆康路社区", "类型": "诉求", "方面": "民生", "类": "住宅", "层": "问题指标高"}}, {"type": "Feature", "geometry": {"type": "Point", "coordinates": [111.29071, 30.695024]}, "properties": {"社区": "新隆康路社区", "类型": "诉求", "方面": "民生", "类": "住宅", "层": "问题指标高"}}, {"type": "Feature", "geometry": {"type": "Point", "coordinates": [111.309746, 30.702423]}, "properties": {"社区": "深圳路社区", "类型": "诉求", "方面": "民生", "类": "住宅", "层": "问题指标高"}}, {"type": "Feature", "geometry": {"type": "Point", "coordinates": [111.287031, 30.705215]}, "properties": {"社区": "果园路社区", "类型": "诉求", "方面": "民生", "类": "物业", "层": "问题指标高"}}, {"type": "Feature", "geometry": {"type": "Point", "coordinates": [111.291474, 30.698916]}, "properties": {"社区": "果园路社区", "类型": "诉求", "方面": "民生", "类": "住宅", "层": "问题指标高"}}, {"type": "Feature", "geometry": {"type": "Point", "coordinates": [111.289954, 30.700249]}, "properties": {"社区": "果园路社区", "类型": "诉求", "方面": "民生", "类": "噪声", "层": "问题指标高"}}, {"type": "Feature", "geometry": {"type": "Point", "coordinates": [111.294273, 30.728866]}, "properties": {"社区": "金安岭社区", "类型": "诉求", "方面": "民生", "类": "住宅", "层": "问题指标高"}}, {"type": "Feature", "geometry": {"type": "Point", "coordinates": [111.286962, 30.69217]}, "properties": {"社区": "新隆康路社区", "类型": "诉求", "方面": "民生", "类": "物业", "层": "问题指标高"}}, {"type": "Feature", "geometry": {"type": "Point", "coordinates": [111.291474, 30.698916]}, "properties": {"社区": "果园路社区", "类型": "诉求", "方面": "民生", "类": "噪声", "层": "问题指标高"}}, {"type": "Feature", "geometry": {"type": "Point", "coordinates": [111.291474, 30.698916]}, "properties": {"社区": "果园路社区", "类型": "诉求", "方面": "民生", "类": "噪声", "层": "问题指标高"}}, {"type": "Feature", "geometry": {"type": "Point", "coordinates": [111.291738, 30.695024]}, "properties": {"社区": "新隆康路社区", "类型": "诉求", "方面": "民生", "类": "住宅", "层": "问题指标高"}}, {"type": "Feature", "geometry": {"type": "Point", "coordinates": [111.287317, 30.704461]}, "properties": {"社区": "果园路社区", "类型": "诉求", "方面": "民生", "类": "出行", "层": "问题指标高"}}, {"type": "Feature", "geometry": {"type": "Point", "coordinates": [111.295359, 30.72969]}, "properties": {"社区": "镇境山社区", "类型": "诉求", "方面": "民生", "类": "住宅", "层": "问题指标高"}}, {"type": "Feature", "geometry": {"type": "Point", "coordinates": [111.288488, 30.713371]}, "properties": {"社区": "西峡社区", "类型": "诉求", "方面": "民生", "类": "物业", "层": "问题指标高"}}, {"type": "Feature", "geometry": {"type": "Point", "coordinates": [111.291474, 30.698916]}, "properties": {"社区": "果园路社区", "类型": "诉求", "方面": "民生", "类": "停车", "层": "问题指标高"}}, {"type": "Feature", "geometry": {"type": "Point", "coordinates": [111.289954, 30.700249]}, "properties": {"社区": "果园路社区", "类型": "诉求", "方面": "民生", "类": "停车", "层": "问题指标高"}}, {"type": "Feature", "geometry": {"type": "Point", "coordinates": [111.286962, 30.69217]}, "properties": {"社区": "新隆康路社区", "类型": "诉求", "方面": "民生", "类": "停车", "层": "问题指标高"}}, {"type": "Feature", "geometry": {"type": "Point", "coordinates": [111.285384, 30.692845]}, "properties": {"社区": "新隆康路社区", "类型": "诉求", "方面": "民生", "类": "住宅", "层": "问题指标高"}}, {"type": "Feature", "geometry": {"type": "Point", "coordinates": [111.288699, 30.71432]}, "properties": {"社区": "西峡社区", "类型": "诉求", "方面": "民生", "类": "噪声", "层": "问题指标高"}}, {"type": "Feature", "geometry": {"type": "Point", "coordinates": [111.286138, 30.719889]}, "properties": {"社区": "西峡社区", "类型": "诉求", "方面": "民生", "类": "出行", "层": "问题指标高"}}]}