{"type": "FeatureCollection", "features": [{"type": "Feature", "geometry": {"type": "Point", "coordinates": [111.287811, 30.698677]}, "properties": {"指标": "未达标配建养老服务设施的小区数量（个）", "中类": "公服设施", "board": "民生基础需求", "类": "公服设施", "来源": "2025体检"}}, {"type": "Feature", "geometry": {"type": "Point", "coordinates": [111.299502, 30.698192]}, "properties": {"指标": "未达标配建养老服务设施的小区数量（个）", "中类": "公服设施", "board": "民生基础需求", "类": "公服设施", "来源": "2025体检"}}, {"type": "Feature", "geometry": {"type": "Point", "coordinates": [111.287047, 30.723858]}, "properties": {"指标": "未达标配建婴幼儿照护服务设施的小区数量（个）", "中类": "公服设施", "board": "民生基础需求", "类": "公服设施", "来源": "2025体检"}}, {"type": "Feature", "geometry": {"type": "Point", "coordinates": [111.268848, 30.717952]}, "properties": {"指标": "未达标配建婴幼儿照护服务设施的小区数量（个）", "中类": "公服设施", "board": "民生基础需求", "类": "公服设施", "来源": "2025体检"}}, {"type": "Feature", "geometry": {"type": "Point", "coordinates": [111.26815, 30.717904]}, "properties": {"指标": "未达标配建婴幼儿照护服务设施的小区数量（个）", "中类": "公服设施", "board": "民生基础需求", "类": "公服设施", "来源": "2025体检"}}, {"type": "Feature", "geometry": {"type": "Point", "coordinates": [111.308519, 30.743677]}, "properties": {"指标": "未达标配建婴幼儿照护服务设施的小区数量（个）", "中类": "公服设施", "board": "民生基础需求", "类": "公服设施", "来源": "2025体检"}}, {"type": "Feature", "geometry": {"type": "Point", "coordinates": [111.372926, 30.664848]}, "properties": {"指标": "未达标配建婴幼儿照护服务设施的小区数量（个）", "中类": "公服设施", "board": "民生基础需求", "类": "公服设施", "来源": "2025体检"}}, {"type": "Feature", "geometry": {"type": "Point", "coordinates": [111.280137, 30.69875]}, "properties": {"指标": "未达标配建婴幼儿照护服务设施的小区数量（个）", "中类": "公服设施", "board": "民生基础需求", "类": "公服设施", "来源": "2025体检"}}, {"type": "Feature", "geometry": {"type": "Point", "coordinates": [111.323824, 30.72293]}, "properties": {"指标": "未达标配建婴幼儿照护服务设施的小区数量（个）", "中类": "公服设施", "board": "民生基础需求", "类": "公服设施", "来源": "2025体检"}}, {"type": "Feature", "geometry": {"type": "Point", "coordinates": [111.287734, 30.72159]}, "properties": {"指标": "未达标配建婴幼儿照护服务设施的小区数量（个）", "中类": "公服设施", "board": "民生基础需求", "类": "公服设施", "来源": "2025体检"}}, {"type": "Feature", "geometry": {"type": "Point", "coordinates": [111.364934, 30.637053]}, "properties": {"指标": "未达标配建婴幼儿照护服务设施的小区数量（个）", "中类": "公服设施", "board": "民生基础需求", "类": "公服设施", "来源": "2025体检"}}, {"type": "Feature", "geometry": {"type": "Point", "coordinates": [111.324234, 30.725283]}, "properties": {"指标": "未达标配建婴幼儿照护服务设施的小区数量（个）", "中类": "公服设施", "board": "民生基础需求", "类": "公服设施", "来源": "2025体检"}}, {"type": "Feature", "geometry": {"type": "Point", "coordinates": [111.308364, 30.704745]}, "properties": {"指标": "未达标配建婴幼儿照护服务设施的小区数量（个）", "中类": "公服设施", "board": "民生基础需求", "类": "公服设施", "来源": "2025体检"}}, {"type": "Feature", "geometry": {"type": "Point", "coordinates": [111.330976, 30.666502]}, "properties": {"指标": "未达标配建婴幼儿照护服务设施的小区数量（个）", "中类": "公服设施", "board": "民生基础需求", "类": "公服设施", "来源": "2025体检"}}, {"type": "Feature", "geometry": {"type": "Point", "coordinates": [111.287565, 30.72616]}, "properties": {"指标": "未达标配建婴幼儿照护服务设施的小区数量（个）", "中类": "公服设施", "board": "民生基础需求", "类": "公服设施", "来源": "2025体检"}}, {"type": "Feature", "geometry": {"type": "Point", "coordinates": [111.334582, 30.724433]}, "properties": {"指标": "未达标配建婴幼儿照护服务设施的小区数量（个）", "中类": "公服设施", "board": "民生基础需求", "类": "公服设施", "来源": "2025体检"}}, {"type": "Feature", "geometry": {"type": "Point", "coordinates": [111.317078, 30.699434]}, "properties": {"指标": "未达标配建婴幼儿照护服务设施的小区数量（个）", "中类": "公服设施", "board": "民生基础需求", "类": "公服设施", "来源": "2025体检"}}, {"type": "Feature", "geometry": {"type": "Point", "coordinates": [111.347777, 30.644913]}, "properties": {"指标": "未达标配建婴幼儿照护服务设施的小区数量（个）", "中类": "公服设施", "board": "民生基础需求", "类": "公服设施", "来源": "2025体检"}}, {"type": "Feature", "geometry": {"type": "Point", "coordinates": [111.288276, 30.737605]}, "properties": {"指标": "未达标配建婴幼儿照护服务设施的小区数量（个）", "中类": "公服设施", "board": "民生基础需求", "类": "公服设施", "来源": "2025体检"}}, {"type": "Feature", "geometry": {"type": "Point", "coordinates": [111.287365, 30.720762]}, "properties": {"指标": "未达标配建婴幼儿照护服务设施的小区数量（个）", "中类": "公服设施", "board": "民生基础需求", "类": "公服设施", "来源": "2025体检"}}, {"type": "Feature", "geometry": {"type": "Point", "coordinates": [111.357668, 30.635155]}, "properties": {"指标": "未达标配建婴幼儿照护服务设施的小区数量（个）", "中类": "公服设施", "board": "民生基础需求", "类": "公服设施", "来源": "2025体检"}}, {"type": "Feature", "geometry": {"type": "Point", "coordinates": [111.268378, 30.71721]}, "properties": {"指标": "未达标配建婴幼儿照护服务设施的小区数量（个）", "中类": "公服设施", "board": "民生基础需求", "类": "公服设施", "来源": "2025体检"}}, {"type": "Feature", "geometry": {"type": "Point", "coordinates": [111.375865, 30.664369]}, "properties": {"指标": "未达标配建婴幼儿照护服务设施的小区数量（个）", "中类": "公服设施", "board": "民生基础需求", "类": "公服设施", "来源": "2025体检"}}, {"type": "Feature", "geometry": {"type": "Point", "coordinates": [111.308686, 30.67881]}, "properties": {"指标": "未达标配建婴幼儿照护服务设施的小区数量（个）", "中类": "公服设施", "board": "民生基础需求", "类": "公服设施", "来源": "2025体检"}}, {"type": "Feature", "geometry": {"type": "Point", "coordinates": [111.287139, 30.725156]}, "properties": {"指标": "未达标配建婴幼儿照护服务设施的小区数量（个）", "中类": "公服设施", "board": "民生基础需求", "类": "公服设施", "来源": "2025体检"}}, {"type": "Feature", "geometry": {"type": "Point", "coordinates": [111.360621, 30.636698]}, "properties": {"指标": "未达标配建婴幼儿照护服务设施的小区数量（个）", "中类": "公服设施", "board": "民生基础需求", "类": "公服设施", "来源": "2025体检"}}, {"type": "Feature", "geometry": {"type": "Point", "coordinates": [111.268058, 30.718171]}, "properties": {"指标": "未达标配建婴幼儿照护服务设施的小区数量（个）", "中类": "公服设施", "board": "民生基础需求", "类": "公服设施", "来源": "2025体检"}}, {"type": "Feature", "geometry": {"type": "Point", "coordinates": [111.353676, 30.643956]}, "properties": {"指标": "未达标配建婴幼儿照护服务设施的小区数量（个）", "中类": "公服设施", "board": "民生基础需求", "类": "公服设施", "来源": "2025体检"}}, {"type": "Feature", "geometry": {"type": "Point", "coordinates": [111.301205, 30.730251]}, "properties": {"指标": "未达标配建婴幼儿照护服务设施的小区数量（个）", "中类": "公服设施", "board": "民生基础需求", "类": "公服设施", "来源": "2025体检"}}, {"type": "Feature", "geometry": {"type": "Point", "coordinates": [111.282913, 30.725311]}, "properties": {"指标": "未达标配建婴幼儿照护服务设施的小区数量（个）", "中类": "公服设施", "board": "民生基础需求", "类": "公服设施", "来源": "2025体检"}}, {"type": "Feature", "geometry": {"type": "Point", "coordinates": [111.268953, 30.71774]}, "properties": {"指标": "未达标配建婴幼儿照护服务设施的小区数量（个）", "中类": "公服设施", "board": "民生基础需求", "类": "公服设施", "来源": "2025体检"}}, {"type": "Feature", "geometry": {"type": "Point", "coordinates": [111.310467, 30.696444]}, "properties": {"指标": "未达标配建婴幼儿照护服务设施的小区数量（个）", "中类": "公服设施", "board": "民生基础需求", "类": "公服设施", "来源": "2025体检"}}, {"type": "Feature", "geometry": {"type": "Point", "coordinates": [111.293069, 30.725585]}, "properties": {"指标": "未达标配建婴幼儿照护服务设施的小区数量（个）", "中类": "公服设施", "board": "民生基础需求", "类": "公服设施", "来源": "2025体检"}}, {"type": "Feature", "geometry": {"type": "Point", "coordinates": [111.273682, 30.728464]}, "properties": {"指标": "未达标配建婴幼儿照护服务设施的小区数量（个）", "中类": "公服设施", "board": "民生基础需求", "类": "公服设施", "来源": "2025体检"}}, {"type": "Feature", "geometry": {"type": "Point", "coordinates": [111.319131, 30.723036]}, "properties": {"指标": "未达标配建婴幼儿照护服务设施的小区数量（个）", "中类": "公服设施", "board": "民生基础需求", "类": "公服设施", "来源": "2025体检"}}, {"type": "Feature", "geometry": {"type": "Point", "coordinates": [111.375841, 30.676022]}, "properties": {"指标": "未达标配建婴幼儿照护服务设施的小区数量（个）", "中类": "公服设施", "board": "民生基础需求", "类": "公服设施", "来源": "2025体检"}}, {"type": "Feature", "geometry": {"type": "Point", "coordinates": [111.358957, 30.635691]}, "properties": {"指标": "未达标配建幼儿园的小区数量（个）", "中类": "公服设施", "board": "民生基础需求", "类": "公服设施", "来源": "2025体检"}}, {"type": "Feature", "geometry": {"type": "Point", "coordinates": [111.336623, 30.653542]}, "properties": {"指标": "未达标配建幼儿园的小区数量（个）", "中类": "公服设施", "board": "民生基础需求", "类": "公服设施", "来源": "2025体检"}}, {"type": "Feature", "geometry": {"type": "Point", "coordinates": [111.288247, 30.737644]}, "properties": {"指标": "未达标配建幼儿园的小区数量（个）", "中类": "公服设施", "board": "民生基础需求", "类": "公服设施", "来源": "2025体检"}}, {"type": "Feature", "geometry": {"type": "Point", "coordinates": [111.298939, 30.702173]}, "properties": {"指标": "未达标配建幼儿园的小区数量（个）", "中类": "公服设施", "board": "民生基础需求", "类": "公服设施", "来源": "2025体检"}}, {"type": "Feature", "geometry": {"type": "Point", "coordinates": [111.288358, 30.708491]}, "properties": {"指标": "未达标配建幼儿园的小区数量（个）", "中类": "公服设施", "board": "民生基础需求", "类": "公服设施", "来源": "2025体检"}}, {"type": "Feature", "geometry": {"type": "Point", "coordinates": [111.293234, 30.725247]}, "properties": {"指标": "未达标配建幼儿园的小区数量（个）", "中类": "公服设施", "board": "民生基础需求", "类": "公服设施", "来源": "2025体检"}}, {"type": "Feature", "geometry": {"type": "Point", "coordinates": [111.28092, 30.700162]}, "properties": {"指标": "未达标配建幼儿园的小区数量（个）", "中类": "公服设施", "board": "民生基础需求", "类": "公服设施", "来源": "2025体检"}}, {"type": "Feature", "geometry": {"type": "Point", "coordinates": [111.301205, 30.730251]}, "properties": {"指标": "未达标配建幼儿园的小区数量（个）", "中类": "公服设施", "board": "民生基础需求", "类": "公服设施", "来源": "2025体检"}}, {"type": "Feature", "geometry": {"type": "Point", "coordinates": [111.361209, 30.632323]}, "properties": {"指标": "未达标配建幼儿园的小区数量（个）", "中类": "公服设施", "board": "民生基础需求", "类": "公服设施", "来源": "2025体检"}}, {"type": "Feature", "geometry": {"type": "Point", "coordinates": [111.308364, 30.704745]}, "properties": {"指标": "未达标配建幼儿园的小区数量（个）", "中类": "公服设施", "board": "民生基础需求", "类": "公服设施", "来源": "2025体检"}}, {"type": "Feature", "geometry": {"type": "Point", "coordinates": [111.278276, 30.717529]}, "properties": {"指标": "未达标配建幼儿园的小区数量（个）", "中类": "公服设施", "board": "民生基础需求", "类": "公服设施", "来源": "2025体检"}}, {"type": "Feature", "geometry": {"type": "Point", "coordinates": [111.286553, 30.726235]}, "properties": {"指标": "未达标配建公共活动场地的小区数量（个）", "中类": "公服设施", "board": "民生基础需求", "类": "公服设施", "来源": "2025体检"}}, {"type": "Feature", "geometry": {"type": "Point", "coordinates": [111.277961, 30.7174]}, "properties": {"指标": "未达标配建公共活动场地的小区数量（个）", "中类": "公服设施", "board": "民生基础需求", "类": "公服设施", "来源": "2025体检"}}, {"type": "Feature", "geometry": {"type": "Point", "coordinates": [111.308552, 30.679138]}, "properties": {"指标": "未达标配建公共活动场地的小区数量（个）", "中类": "公服设施", "board": "民生基础需求", "类": "公服设施", "来源": "2025体检"}}, {"type": "Feature", "geometry": {"type": "Point", "coordinates": [111.287147, 30.728159]}, "properties": {"指标": "未达标配建公共活动场地的小区数量（个）", "中类": "公服设施", "board": "民生基础需求", "类": "公服设施", "来源": "2025体检"}}, {"type": "Feature", "geometry": {"type": "Point", "coordinates": [111.287152, 30.725304]}, "properties": {"指标": "未达标配建公共活动场地的小区数量（个）", "中类": "公服设施", "board": "民生基础需求", "类": "公服设施", "来源": "2025体检"}}, {"type": "Feature", "geometry": {"type": "Point", "coordinates": [111.287695, 30.720483]}, "properties": {"指标": "未达标配建公共活动场地的小区数量（个）", "中类": "公服设施", "board": "民生基础需求", "类": "公服设施", "来源": "2025体检"}}, {"type": "Feature", "geometry": {"type": "Point", "coordinates": [111.293918, 30.701329]}, "properties": {"指标": "未达标配建公共活动场地的小区数量（个）", "中类": "公服设施", "board": "民生基础需求", "类": "公服设施", "来源": "2025体检"}}, {"type": "Feature", "geometry": {"type": "Point", "coordinates": [111.295341, 30.714256]}, "properties": {"指标": "未达标配建公共活动场地的小区数量（个）", "中类": "公服设施", "board": "民生基础需求", "类": "公服设施", "来源": "2025体检"}}, {"type": "Feature", "geometry": {"type": "Point", "coordinates": [111.313016, 30.692943]}, "properties": {"指标": "未达标配建公共活动场地的小区数量（个）", "中类": "公服设施", "board": "民生基础需求", "类": "公服设施", "来源": "2025体检"}}, {"type": "Feature", "geometry": {"type": "Point", "coordinates": [111.290042, 30.718507]}, "properties": {"指标": "未达标配建公共活动场地的小区数量（个）", "中类": "公服设施", "board": "民生基础需求", "类": "公服设施", "来源": "2025体检"}}, {"type": "Feature", "geometry": {"type": "Point", "coordinates": [111.326865, 30.668877]}, "properties": {"指标": "未达标配建公共活动场地的小区数量（个）", "中类": "公服设施", "board": "民生基础需求", "类": "公服设施", "来源": "2025体检"}}, {"type": "Feature", "geometry": {"type": "Point", "coordinates": [111.287868, 30.723497]}, "properties": {"指标": "未达标配建公共活动场地的小区数量（个）", "中类": "公服设施", "board": "民生基础需求", "类": "公服设施", "来源": "2025体检"}}, {"type": "Feature", "geometry": {"type": "Point", "coordinates": [111.312096, 30.697705]}, "properties": {"指标": "未达标配建公共活动场地的小区数量（个）", "中类": "公服设施", "board": "民生基础需求", "类": "公服设施", "来源": "2025体检"}}, {"type": "Feature", "geometry": {"type": "Point", "coordinates": [111.294813, 30.730043]}, "properties": {"指标": "未达标配建公共活动场地的小区数量（个）", "中类": "公服设施", "board": "民生基础需求", "类": "公服设施", "来源": "2025体检"}}, {"type": "Feature", "geometry": {"type": "Point", "coordinates": [111.313889, 30.693335]}, "properties": {"指标": "未达标配建公共活动场地的小区数量（个）", "中类": "公服设施", "board": "民生基础需求", "类": "公服设施", "来源": "2025体检"}}, {"type": "Feature", "geometry": {"type": "Point", "coordinates": [111.312852, 30.694533]}, "properties": {"指标": "未达标配建公共活动场地的小区数量（个）", "中类": "公服设施", "board": "民生基础需求", "类": "公服设施", "来源": "2025体检"}}, {"type": "Feature", "geometry": {"type": "Point", "coordinates": [111.281317, 30.714159]}, "properties": {"指标": "未达标配建公共活动场地的小区数量（个）", "中类": "公服设施", "board": "民生基础需求", "类": "公服设施", "来源": "2025体检"}}, {"type": "Feature", "geometry": {"type": "Point", "coordinates": [111.28735, 30.725051]}, "properties": {"指标": "未达标配建公共活动场地的小区数量（个）", "中类": "公服设施", "board": "民生基础需求", "类": "公服设施", "来源": "2025体检"}}, {"type": "Feature", "geometry": {"type": "Point", "coordinates": [111.276502, 30.711097]}, "properties": {"指标": "未达标配建公共活动场地的小区数量（个）", "中类": "公服设施", "board": "民生基础需求", "类": "公服设施", "来源": "2025体检"}}, {"type": "Feature", "geometry": {"type": "Point", "coordinates": [111.280665, 30.70558]}, "properties": {"指标": "未达标配建公共活动场地的小区数量（个）", "中类": "公服设施", "board": "民生基础需求", "类": "公服设施", "来源": "2025体检"}}, {"type": "Feature", "geometry": {"type": "Point", "coordinates": [111.312695, 30.693943]}, "properties": {"指标": "未达标配建公共活动场地的小区数量（个）", "中类": "公服设施", "board": "民生基础需求", "类": "公服设施", "来源": "2025体检"}}, {"type": "Feature", "geometry": {"type": "Point", "coordinates": [111.292238, 30.712703]}, "properties": {"指标": "未达标配建公共活动场地的小区数量（个）", "中类": "公服设施", "board": "民生基础需求", "类": "公服设施", "来源": "2025体检"}}, {"type": "Feature", "geometry": {"type": "Point", "coordinates": [111.292296, 30.708608]}, "properties": {"指标": "未达标配建公共活动场地的小区数量（个）", "中类": "公服设施", "board": "民生基础需求", "类": "公服设施", "来源": "2025体检"}}, {"type": "Feature", "geometry": {"type": "Point", "coordinates": [111.29099, 30.711809]}, "properties": {"指标": "未达标配建公共活动场地的小区数量（个）", "中类": "公服设施", "board": "民生基础需求", "类": "公服设施", "来源": "2025体检"}}, {"type": "Feature", "geometry": {"type": "Point", "coordinates": [111.280201, 30.713934]}, "properties": {"指标": "未达标配建公共活动场地的小区数量（个）", "中类": "公服设施", "board": "民生基础需求", "类": "公服设施", "来源": "2025体检"}}, {"type": "Feature", "geometry": {"type": "Point", "coordinates": [111.306115, 30.695919]}, "properties": {"指标": "未达标配建公共活动场地的小区数量（个）", "中类": "公服设施", "board": "民生基础需求", "类": "公服设施", "来源": "2025体检"}}, {"type": "Feature", "geometry": {"type": "Point", "coordinates": [111.287553, 30.726095]}, "properties": {"指标": "未达标配建公共活动场地的小区数量（个）", "中类": "公服设施", "board": "民生基础需求", "类": "公服设施", "来源": "2025体检"}}, {"type": "Feature", "geometry": {"type": "Point", "coordinates": [111.277063, 30.708885]}, "properties": {"指标": "未达标配建的多功能运动场地数量（个）", "中类": "公服设施", "board": "民生基础需求", "类": "公服设施", "来源": "2025体检"}}, {"type": "Feature", "geometry": {"type": "Point", "coordinates": [111.287833, 30.737159]}, "properties": {"指标": "未达标配建的多功能运动场地数量（个）", "中类": "公服设施", "board": "民生基础需求", "类": "公服设施", "来源": "2025体检"}}, {"type": "Feature", "geometry": {"type": "Point", "coordinates": [111.299037, 30.715993]}, "properties": {"指标": "未达标配建的多功能运动场地数量（个）", "中类": "公服设施", "board": "民生基础需求", "类": "公服设施", "来源": "2025体检"}}, {"type": "Feature", "geometry": {"type": "Point", "coordinates": [111.292895, 30.691693]}, "properties": {"指标": "未达标配建的多功能运动场地数量（个）", "中类": "公服设施", "board": "民生基础需求", "类": "公服设施", "来源": "2025体检"}}, {"type": "Feature", "geometry": {"type": "Point", "coordinates": [111.327652, 30.711453]}, "properties": {"指标": "未达标配建的多功能运动场地数量（个）", "中类": "公服设施", "board": "民生基础需求", "类": "公服设施", "来源": "2025体检"}}, {"type": "Feature", "geometry": {"type": "Point", "coordinates": [111.412814, 30.684063]}, "properties": {"指标": "未达标配建的多功能运动场地数量（个）", "中类": "公服设施", "board": "民生基础需求", "类": "公服设施", "来源": "2025体检"}}, {"type": "Feature", "geometry": {"type": "Point", "coordinates": [111.292154, 30.725751]}, "properties": {"指标": "小学学位缺口数（个）", "中类": "公服设施", "board": "民生基础需求", "类": "公服设施", "来源": "2025体检"}}, {"type": "Feature", "geometry": {"type": "Point", "coordinates": [111.311984, 30.712816]}, "properties": {"指标": "小学学位缺口数（个）", "中类": "公服设施", "board": "民生基础需求", "类": "公服设施", "来源": "2025体检"}}, {"type": "Feature", "geometry": {"type": "Point", "coordinates": [111.312214, 30.693164]}, "properties": {"指标": "小学学位缺口数（个）", "中类": "公服设施", "board": "民生基础需求", "类": "公服设施", "来源": "2025体检"}}, {"type": "Feature", "geometry": {"type": "Point", "coordinates": [111.346173, 30.654735]}, "properties": {"指标": "小学学位缺口数（个）", "中类": "公服设施", "board": "民生基础需求", "类": "公服设施", "来源": "2025体检"}}, {"type": "Feature", "geometry": {"type": "Point", "coordinates": [111.328774, 30.687685]}, "properties": {"指标": "小学学位缺口数（个）", "中类": "公服设施", "board": "民生基础需求", "类": "公服设施", "来源": "2025体检"}}, {"type": "Feature", "geometry": {"type": "Point", "coordinates": [111.333306, 30.678151]}, "properties": {"指标": "小学学位缺口数（个）", "中类": "公服设施", "board": "民生基础需求", "类": "公服设施", "来源": "2025体检"}}, {"type": "Feature", "geometry": {"type": "Point", "coordinates": [111.33782, 30.650274]}, "properties": {"指标": "小学学位缺口数（个）", "中类": "公服设施", "board": "民生基础需求", "类": "公服设施", "来源": "2025体检"}}, {"type": "Feature", "geometry": {"type": "Point", "coordinates": [111.354742, 30.637896]}, "properties": {"指标": "小学学位缺口数（个）", "中类": "公服设施", "board": "民生基础需求", "类": "公服设施", "来源": "2025体检"}}, {"type": "Feature", "geometry": {"type": "Point", "coordinates": [111.28223, 30.700821]}, "properties": {"指标": "小学学位缺口数（个）", "中类": "公服设施", "board": "民生基础需求", "类": "公服设施", "来源": "2025体检"}}, {"type": "Feature", "geometry": {"type": "Point", "coordinates": [111.324998, 30.737895]}, "properties": {"指标": "小学学位缺口数（个）", "中类": "公服设施", "board": "民生基础需求", "类": "公服设施", "来源": "2025体检"}}, {"type": "Feature", "geometry": {"type": "Point", "coordinates": [111.290643, 30.728211]}, "properties": {"指标": "小学学位缺口数（个）", "中类": "公服设施", "board": "民生基础需求", "类": "公服设施", "来源": "2025体检"}}, {"type": "Feature", "geometry": {"type": "Point", "coordinates": [111.362917, 30.639784]}, "properties": {"指标": "小学学位缺口数（个）", "中类": "公服设施", "board": "民生基础需求", "类": "公服设施", "来源": "2025体检"}}, {"type": "Feature", "geometry": {"type": "Point", "coordinates": [111.317379, 30.672542]}, "properties": {"指标": "小学学位缺口数（个）", "中类": "公服设施", "board": "民生基础需求", "类": "公服设施", "来源": "2025体检"}}, {"type": "Feature", "geometry": {"type": "Point", "coordinates": [111.296162, 30.706904]}, "properties": {"指标": "小学学位缺口数（个）", "中类": "公服设施", "board": "民生基础需求", "类": "公服设施", "来源": "2025体检"}}, {"type": "Feature", "geometry": {"type": "Point", "coordinates": [111.283691, 30.69368]}, "properties": {"指标": "小学学位缺口数（个）", "中类": "公服设施", "board": "民生基础需求", "类": "公服设施", "来源": "2025体检"}}, {"type": "Feature", "geometry": {"type": "Point", "coordinates": [111.311895, 30.746311]}, "properties": {"指标": "小学学位缺口数（个）", "中类": "公服设施", "board": "民生基础需求", "类": "公服设施", "来源": "2025体检"}}, {"type": "Feature", "geometry": {"type": "Point", "coordinates": [111.282098, 30.715337]}, "properties": {"指标": "小学学位缺口数（个）", "中类": "公服设施", "board": "民生基础需求", "类": "公服设施", "来源": "2025体检"}}, {"type": "Feature", "geometry": {"type": "Point", "coordinates": [111.348496, 30.642739]}, "properties": {"指标": "小学学位缺口数（个）", "中类": "公服设施", "board": "民生基础需求", "类": "公服设施", "来源": "2025体检"}}, {"type": "Feature", "geometry": {"type": "Point", "coordinates": [111.302927, 30.689634]}, "properties": {"指标": "小学学位缺口数（个）", "中类": "公服设施", "board": "民生基础需求", "类": "公服设施", "来源": "2025体检"}}, {"type": "Feature", "geometry": {"type": "Point", "coordinates": [111.344545, 30.673571]}, "properties": {"指标": "小学学位缺口数（个）", "中类": "公服设施", "board": "民生基础需求", "类": "公服设施", "来源": "2025体检"}}, {"type": "Feature", "geometry": {"type": "Point", "coordinates": [111.29178, 30.715197]}, "properties": {"指标": "小学学位缺口数（个）", "中类": "公服设施", "board": "民生基础需求", "类": "公服设施", "来源": "2025体检"}}, {"type": "Feature", "geometry": {"type": "Point", "coordinates": [111.297322, 30.718173]}, "properties": {"指标": "小学学位缺口数（个）", "中类": "公服设施", "board": "民生基础需求", "类": "公服设施", "来源": "2025体检"}}, {"type": "Feature", "geometry": {"type": "Point", "coordinates": [111.315732, 30.704321]}, "properties": {"指标": "小学学位缺口数（个）", "中类": "公服设施", "board": "民生基础需求", "类": "公服设施", "来源": "2025体检"}}, {"type": "Feature", "geometry": {"type": "Point", "coordinates": [111.274938, 30.722273]}, "properties": {"指标": "小学学位缺口数（个）", "中类": "公服设施", "board": "民生基础需求", "类": "公服设施", "来源": "2025体检"}}, {"type": "Feature", "geometry": {"type": "Point", "coordinates": [111.334876, 30.711119]}, "properties": {"指标": "小学学位缺口数（个）", "中类": "公服设施", "board": "民生基础需求", "类": "公服设施", "来源": "2025体检"}}, {"type": "Feature", "geometry": {"type": "Point", "coordinates": [111.282806, 30.707616]}, "properties": {"指标": "小学学位缺口数（个）", "中类": "公服设施", "board": "民生基础需求", "类": "公服设施", "来源": "2025体检"}}, {"type": "Feature", "geometry": {"type": "Point", "coordinates": [111.275553, 30.710184]}, "properties": {"指标": "小学学位缺口数（个）", "中类": "公服设施", "board": "民生基础需求", "类": "公服设施", "来源": "2025体检"}}, {"type": "Feature", "geometry": {"type": "Point", "coordinates": [111.279739, 30.719147]}, "properties": {"指标": "小学学位缺口数（个）", "中类": "公服设施", "board": "民生基础需求", "类": "公服设施", "来源": "2025体检"}}, {"type": "Feature", "geometry": {"type": "Point", "coordinates": [111.28661, 30.697143]}, "properties": {"指标": "小学学位缺口数（个）", "中类": "公服设施", "board": "民生基础需求", "类": "公服设施", "来源": "2025体检"}}, {"type": "Feature", "geometry": {"type": "Point", "coordinates": [111.295279, 30.73008]}, "properties": {"指标": "小学学位缺口数（个）", "中类": "公服设施", "board": "民生基础需求", "类": "公服设施", "来源": "2025体检"}}, {"type": "Feature", "geometry": {"type": "Point", "coordinates": [111.37273, 30.650174]}, "properties": {"指标": "小学学位缺口数（个）", "中类": "公服设施", "board": "民生基础需求", "类": "公服设施", "来源": "2025体检"}}, {"type": "Feature", "geometry": {"type": "Point", "coordinates": [111.2803849268639, 30.720576448075878]}, "properties": {"指标": "非成套住宅数量（套）", "中类": "住房", "board": "民生基础需求", "类": "住房", "来源": "2025体检"}}, {"type": "Feature", "geometry": {"type": "Point", "coordinates": [111.2734425897926, 30.723204235373103]}, "properties": {"指标": "非成套住宅数量（套）", "中类": "住房", "board": "民生基础需求", "类": "住房", "来源": "2025体检"}}, {"type": "Feature", "geometry": {"type": "Point", "coordinates": [111.28070141685444, 30.720427725257736]}, "properties": {"指标": "非成套住宅数量（套）", "中类": "住房", "board": "民生基础需求", "类": "住房", "来源": "2025体检"}}, {"type": "Feature", "geometry": {"type": "Point", "coordinates": [111.2726828576091, 30.71817222593498]}, "properties": {"指标": "非成套住宅数量（套）", "中类": "住房", "board": "民生基础需求", "类": "住房", "来源": "2025体检"}}, {"type": "Feature", "geometry": {"type": "Point", "coordinates": [111.27261300994529, 30.723311766476215]}, "properties": {"指标": "非成套住宅数量（套）", "中类": "住房", "board": "民生基础需求", "类": "住房", "来源": "2025体检"}}, {"type": "Feature", "geometry": {"type": "Point", "coordinates": [111.28049531326639, 30.720087456536525]}, "properties": {"指标": "非成套住宅数量（套）", "中类": "住房", "board": "民生基础需求", "类": "住房", "来源": "2025体检"}}, {"type": "Feature", "geometry": {"type": "Point", "coordinates": [111.28837667440533, 30.730954456580104]}, "properties": {"指标": "非成套住宅数量（套）", "中类": "住房", "board": "民生基础需求", "类": "住房", "来源": "2025体检"}}, {"type": "Feature", "geometry": {"type": "Point", "coordinates": [111.28858805633314, 30.730518343247393]}, "properties": {"指标": "非成套住宅数量（套）", "中类": "住房", "board": "民生基础需求", "类": "住房", "来源": "2025体检"}}, {"type": "Feature", "geometry": {"type": "Point", "coordinates": [111.29280217500592, 30.73136923250771]}, "properties": {"指标": "非成套住宅数量（套）", "中类": "住房", "board": "民生基础需求", "类": "住房", "来源": "2025体检"}}, {"type": "Feature", "geometry": {"type": "Point", "coordinates": [111.28985583038623, 30.72964710551695]}, "properties": {"指标": "非成套住宅数量（套）", "中类": "住房", "board": "民生基础需求", "类": "住房", "来源": "2025体检"}}, {"type": "Feature", "geometry": {"type": "Point", "coordinates": [111.27465636373088, 30.725155628954674]}, "properties": {"指标": "非成套住宅数量（套）", "中类": "住房", "board": "民生基础需求", "类": "住房", "来源": "2025体检"}}, {"type": "Feature", "geometry": {"type": "Point", "coordinates": [111.2802767914058, 30.72042991366586]}, "properties": {"指标": "非成套住宅数量（套）", "中类": "住房", "board": "民生基础需求", "类": "住房", "来源": "2025体检"}}, {"type": "Feature", "geometry": {"type": "Point", "coordinates": [111.28960317275353, 30.737159276578367]}, "properties": {"指标": "非成套住宅数量（套）", "中类": "住房", "board": "民生基础需求", "类": "住房", "来源": "2025体检"}}, {"type": "Feature", "geometry": {"type": "Point", "coordinates": [111.274488049913, 30.72393773521763]}, "properties": {"指标": "非成套住宅数量（套）", "中类": "住房", "board": "民生基础需求", "类": "住房", "来源": "2025体检"}}, {"type": "Feature", "geometry": {"type": "Point", "coordinates": [111.272991352437, 30.72239896184513]}, "properties": {"指标": "非成套住宅数量（套）", "中类": "住房", "board": "民生基础需求", "类": "住房", "来源": "2025体检"}}, {"type": "Feature", "geometry": {"type": "Point", "coordinates": [111.28018575479389, 30.720279222137286]}, "properties": {"指标": "非成套住宅数量（套）", "中类": "住房", "board": "民生基础需求", "类": "住房", "来源": "2025体检"}}, {"type": "Feature", "geometry": {"type": "Point", "coordinates": [111.2736707408953, 30.72266614564009]}, "properties": {"指标": "非成套住宅数量（套）", "中类": "住房", "board": "民生基础需求", "类": "住房", "来源": "2025体检"}}, {"type": "Feature", "geometry": {"type": "Point", "coordinates": [111.2730781591904, 30.7226018815078]}, "properties": {"指标": "非成套住宅数量（套）", "中类": "住房", "board": "民生基础需求", "类": "住房", "来源": "2025体检"}}, {"type": "Feature", "geometry": {"type": "Point", "coordinates": [111.2811225687994, 30.71785012421717]}, "properties": {"指标": "非成套住宅数量（套）", "中类": "住房", "board": "民生基础需求", "类": "住房", "来源": "2025体检"}}, {"type": "Feature", "geometry": {"type": "Point", "coordinates": [111.27245962793441, 30.723128036969598]}, "properties": {"指标": "非成套住宅数量（套）", "中类": "住房", "board": "民生基础需求", "类": "住房", "来源": "2025体检"}}, {"type": "Feature", "geometry": {"type": "Point", "coordinates": [111.27434019135998, 30.724284694934763]}, "properties": {"指标": "非成套住宅数量（套）", "中类": "住房", "board": "民生基础需求", "类": "住房", "来源": "2025体检"}}, {"type": "Feature", "geometry": {"type": "Point", "coordinates": [111.28942689139302, 30.736577441819207]}, "properties": {"指标": "非成套住宅数量（套）", "中类": "住房", "board": "民生基础需求", "类": "住房", "来源": "2025体检"}}, {"type": "Feature", "geometry": {"type": "Point", "coordinates": [111.28334901476211, 30.724761776263314]}, "properties": {"指标": "非成套住宅数量（套）", "中类": "住房", "board": "民生基础需求", "类": "住房", "来源": "2025体检"}}, {"type": "Feature", "geometry": {"type": "Point", "coordinates": [111.28955381441556, 30.7369483439725]}, "properties": {"指标": "非成套住宅数量（套）", "中类": "住房", "board": "民生基础需求", "类": "住房", "来源": "2025体检"}}, {"type": "Feature", "geometry": {"type": "Point", "coordinates": [111.27304096720104, 30.722108399206807]}, "properties": {"指标": "非成套住宅数量（套）", "中类": "住房", "board": "民生基础需求", "类": "住房", "来源": "2025体检"}}, {"type": "Feature", "geometry": {"type": "Point", "coordinates": [111.2705774310014, 30.719762171132402]}, "properties": {"指标": "非成套住宅数量（套）", "中类": "住房", "board": "民生基础需求", "类": "住房", "来源": "2025体检"}}, {"type": "Feature", "geometry": {"type": "Point", "coordinates": [111.29296973290758, 30.734858964006857]}, "properties": {"指标": "非成套住宅数量（套）", "中类": "住房", "board": "民生基础需求", "类": "住房", "来源": "2025体检"}}, {"type": "Feature", "geometry": {"type": "Point", "coordinates": [111.27330718800648, 30.72300605268997]}, "properties": {"指标": "非成套住宅数量（套）", "中类": "住房", "board": "民生基础需求", "类": "住房", "来源": "2025体检"}}, {"type": "Feature", "geometry": {"type": "Point", "coordinates": [111.29339849558336, 30.731650886047518]}, "properties": {"指标": "非成套住宅数量（套）", "中类": "住房", "board": "民生基础需求", "类": "住房", "来源": "2025体检"}}, {"type": "Feature", "geometry": {"type": "Point", "coordinates": [111.28908396427454, 30.726536785698016]}, "properties": {"指标": "非成套住宅数量（套）", "中类": "住房", "board": "民生基础需求", "类": "住房", "来源": "2025体检"}}, {"type": "Feature", "geometry": {"type": "Point", "coordinates": [111.28030917843594, 30.71820739171127]}, "properties": {"指标": "非成套住宅数量（套）", "中类": "住房", "board": "民生基础需求", "类": "住房", "来源": "2025体检"}}, {"type": "Feature", "geometry": {"type": "Point", "coordinates": [111.30695828226314, 30.704695540072848]}, "properties": {"指标": "需要进行适老化改造的住宅数量（栋）", "中类": "住房", "board": "民生基础需求", "类": "住房", "来源": "2025体检"}}, {"type": "Feature", "geometry": {"type": "Point", "coordinates": [111.29804182526935, 30.731122250475664]}, "properties": {"指标": "需要进行适老化改造的住宅数量（栋）", "中类": "住房", "board": "民生基础需求", "类": "住房", "来源": "2025体检"}}, {"type": "Feature", "geometry": {"type": "Point", "coordinates": [111.31150143085381, 30.688509084299973]}, "properties": {"指标": "需要进行适老化改造的住宅数量（栋）", "中类": "住房", "board": "民生基础需求", "类": "住房", "来源": "2025体检"}}, {"type": "Feature", "geometry": {"type": "Point", "coordinates": [111.30613890337943, 30.682363100991974]}, "properties": {"指标": "需要进行适老化改造的住宅数量（栋）", "中类": "住房", "board": "民生基础需求", "类": "住房", "来源": "2025体检"}}, {"type": "Feature", "geometry": {"type": "Point", "coordinates": [111.307896217863, 30.704663894210615]}, "properties": {"指标": "需要进行适老化改造的住宅数量（栋）", "中类": "住房", "board": "民生基础需求", "类": "住房", "来源": "2025体检"}}, {"type": "Feature", "geometry": {"type": "Point", "coordinates": [111.30647941569202, 30.704207341056367]}, "properties": {"指标": "需要进行适老化改造的住宅数量（栋）", "中类": "住房", "board": "民生基础需求", "类": "住房", "来源": "2025体检"}}, {"type": "Feature", "geometry": {"type": "Point", "coordinates": [111.30649879770907, 30.705305431570995]}, "properties": {"指标": "需要进行适老化改造的住宅数量（栋）", "中类": "住房", "board": "民生基础需求", "类": "住房", "来源": "2025体检"}}, {"type": "Feature", "geometry": {"type": "Point", "coordinates": [111.30569923802274, 30.682795342750634]}, "properties": {"指标": "需要进行适老化改造的住宅数量（栋）", "中类": "住房", "board": "民生基础需求", "类": "住房", "来源": "2025体检"}}, {"type": "Feature", "geometry": {"type": "Point", "coordinates": [111.30589745926208, 30.68260944095836]}, "properties": {"指标": "需要进行适老化改造的住宅数量（栋）", "中类": "住房", "board": "民生基础需求", "类": "住房", "来源": "2025体检"}}, {"type": "Feature", "geometry": {"type": "Point", "coordinates": [111.30649745491823, 30.705065727309318]}, "properties": {"指标": "需要进行适老化改造的住宅数量（栋）", "中类": "住房", "board": "民生基础需求", "类": "住房", "来源": "2025体检"}}, {"type": "Feature", "geometry": {"type": "Point", "coordinates": [111.30695978475659, 30.705303947398153]}, "properties": {"指标": "需要进行适老化改造的住宅数量（栋）", "中类": "住房", "board": "民生基础需求", "类": "住房", "来源": "2025体检"}}, {"type": "Feature", "geometry": {"type": "Point", "coordinates": [111.31228632496513, 30.689990627456613]}, "properties": {"指标": "需要进行适老化改造的住宅数量（栋）", "中类": "住房", "board": "民生基础需求", "类": "住房", "来源": "2025体检"}}, {"type": "Feature", "geometry": {"type": "Point", "coordinates": [111.30699216528544, 30.703966072342638]}, "properties": {"指标": "需要进行适老化改造的住宅数量（栋）", "中类": "住房", "board": "民生基础需求", "类": "住房", "来源": "2025体检"}}, {"type": "Feature", "geometry": {"type": "Point", "coordinates": [111.29521238819633, 30.699049656729883]}, "properties": {"指标": "需要进行适老化改造的住宅数量（栋）", "中类": "住房", "board": "民生基础需求", "类": "住房", "来源": "2025体检"}}, {"type": "Feature", "geometry": {"type": "Point", "coordinates": [111.30563149942576, 30.68252283467211]}, "properties": {"指标": "需要进行适老化改造的住宅数量（栋）", "中类": "住房", "board": "民生基础需求", "类": "住房", "来源": "2025体检"}}, {"type": "Feature", "geometry": {"type": "Point", "coordinates": [111.30695760400971, 30.704448782127884]}, "properties": {"指标": "需要进行适老化改造的住宅数量（栋）", "中类": "住房", "board": "民生基础需求", "类": "住房", "来源": "2025体检"}}, {"type": "Feature", "geometry": {"type": "Point", "coordinates": [111.30648147645219, 30.70372915534362]}, "properties": {"指标": "需要进行适老化改造的住宅数量（栋）", "中类": "住房", "board": "民生基础需求", "类": "住房", "来源": "2025体检"}}, {"type": "Feature", "geometry": {"type": "Point", "coordinates": [111.30649781612279, 30.70445685656028]}, "properties": {"指标": "需要进行适老化改造的住宅数量（栋）", "中类": "住房", "board": "民生基础需求", "类": "住房", "来源": "2025体检"}}, {"type": "Feature", "geometry": {"type": "Point", "coordinates": [111.2879322594658, 30.714807328004877]}, "properties": {"指标": "需要进行适老化改造的住宅数量（栋）", "中类": "住房", "board": "民生基础需求", "类": "住房", "来源": "2025体检"}}, {"type": "Feature", "geometry": {"type": "Point", "coordinates": [111.28875975070144, 30.69153733924071]}, "properties": {"指标": "需要进行适老化改造的住宅数量（栋）", "中类": "住房", "board": "民生基础需求", "类": "住房", "来源": "2025体检"}}, {"type": "Feature", "geometry": {"type": "Point", "coordinates": [111.30695285503691, 30.705053101503147]}, "properties": {"指标": "需要进行适老化改造的住宅数量（栋）", "中类": "住房", "board": "民生基础需求", "类": "住房", "来源": "2025体检"}}, {"type": "Feature", "geometry": {"type": "Point", "coordinates": [111.31411088632365, 30.67408141329901]}, "properties": {"指标": "需要进行适老化改造的住宅数量（栋）", "中类": "住房", "board": "民生基础需求", "类": "住房", "来源": "2025体检"}}, {"type": "Feature", "geometry": {"type": "Point", "coordinates": [111.31081337485608, 30.704411258219768]}, "properties": {"指标": "需要进行适老化改造的住宅数量（栋）", "中类": "住房", "board": "民生基础需求", "类": "住房", "来源": "2025体检"}}, {"type": "Feature", "geometry": {"type": "Point", "coordinates": [111.29370226157982, 30.70210275470339]}, "properties": {"指标": "需要进行适老化改造的住宅数量（栋）", "中类": "住房", "board": "民生基础需求", "类": "住房", "来源": "2025体检"}}, {"type": "Feature", "geometry": {"type": "Point", "coordinates": [111.2889099338066, 30.69113198671983]}, "properties": {"指标": "需要进行适老化改造的住宅数量（栋）", "中类": "住房", "board": "民生基础需求", "类": "住房", "来源": "2025体检"}}, {"type": "Feature", "geometry": {"type": "Point", "coordinates": [111.29730490158252, 30.73093970528051]}, "properties": {"指标": "需要进行适老化改造的住宅数量（栋）", "中类": "住房", "board": "民生基础需求", "类": "住房", "来源": "2025体检"}}, {"type": "Feature", "geometry": {"type": "Point", "coordinates": [111.30699210001384, 30.704205640641035]}, "properties": {"指标": "需要进行适老化改造的住宅数量（栋）", "中类": "住房", "board": "民生基础需求", "类": "住房", "来源": "2025体检"}}, {"type": "Feature", "geometry": {"type": "Point", "coordinates": [111.30597861527781, 30.682482582481605]}, "properties": {"指标": "需要进行适老化改造的住宅数量（栋）", "中类": "住房", "board": "民生基础需求", "类": "住房", "来源": "2025体检"}}, {"type": "Feature", "geometry": {"type": "Point", "coordinates": [111.30699394550643, 30.70372675942765]}, "properties": {"指标": "需要进行适老化改造的住宅数量（栋）", "中类": "住房", "board": "民生基础需求", "类": "住房", "来源": "2025体检"}}, {"type": "Feature", "geometry": {"type": "Point", "coordinates": [111.30642642946215, 30.706118446622302]}, "properties": {"指标": "需要进行适老化改造的住宅数量（栋）", "中类": "住房", "board": "民生基础需求", "类": "住房", "来源": "2025体检"}}, {"type": "Feature", "geometry": {"type": "Point", "coordinates": [111.28885798330516, 30.691076773133926]}, "properties": {"指标": "需要进行适老化改造的住宅数量（栋）", "中类": "住房", "board": "民生基础需求", "类": "住房", "来源": "2025体检"}}, {"type": "Feature", "geometry": {"type": "Point", "coordinates": [111.2883366486305, 30.715334212978327]}, "properties": {"指标": "需要进行适老化改造的住宅数量（栋）", "中类": "住房", "board": "民生基础需求", "类": "住房", "来源": "2025体检"}}, {"type": "Feature", "geometry": {"type": "Point", "coordinates": [111.29506477970155, 30.699285532854073]}, "properties": {"指标": "需要进行适老化改造的住宅数量（栋）", "中类": "住房", "board": "民生基础需求", "类": "住房", "来源": "2025体检"}}, {"type": "Feature", "geometry": {"type": "Point", "coordinates": [111.30600475500785, 30.68236842728088]}, "properties": {"指标": "需要进行适老化改造的住宅数量（栋）", "中类": "住房", "board": "民生基础需求", "类": "住房", "来源": "2025体检"}}, {"type": "Feature", "geometry": {"type": "Point", "coordinates": [111.3056091382433, 30.683061071992885]}, "properties": {"指标": "需要进行适老化改造的住宅数量（栋）", "中类": "住房", "board": "民生基础需求", "类": "住房", "来源": "2025体检"}}, {"type": "Feature", "geometry": {"type": "Point", "coordinates": [111.29747019705049, 30.730790024291387]}, "properties": {"指标": "需要进行适老化改造的住宅数量（栋）", "中类": "住房", "board": "民生基础需求", "类": "住房", "来源": "2025体检"}}, {"type": "Feature", "geometry": {"type": "Point", "coordinates": [111.30648421323312, 30.703969395475784]}, "properties": {"指标": "需要进行适老化改造的住宅数量（栋）", "中类": "住房", "board": "民生基础需求", "类": "住房", "来源": "2025体检"}}, {"type": "Feature", "geometry": {"type": "Point", "coordinates": [111.30641482664207, 30.706716075852288]}, "properties": {"指标": "需要进行适老化改造的住宅数量（栋）", "中类": "住房", "board": "民生基础需求", "类": "住房", "来源": "2025体检"}}, {"type": "Feature", "geometry": {"type": "Point", "coordinates": [111.30649674585197, 30.70470314749851]}, "properties": {"指标": "需要进行适老化改造的住宅数量（栋）", "中类": "住房", "board": "民生基础需求", "类": "住房", "来源": "2025体检"}}, {"type": "Feature", "geometry": {"type": "Point", "coordinates": [111.296357, 30.696726]}, "properties": {"指标": "停车泊位缺口数（个）", "中类": "停车设施", "board": "民生基础需求", "类": "停车设施", "来源": "2025体检"}}, {"type": "Feature", "geometry": {"type": "Point", "coordinates": [111.288358, 30.708491]}, "properties": {"指标": "停车泊位缺口数（个）", "中类": "停车设施", "board": "民生基础需求", "类": "停车设施", "来源": "2025体检"}}, {"type": "Feature", "geometry": {"type": "Point", "coordinates": [111.293021, 30.725234]}, "properties": {"指标": "停车泊位缺口数（个）", "中类": "停车设施", "board": "民生基础需求", "类": "停车设施", "来源": "2025体检"}}, {"type": "Feature", "geometry": {"type": "Point", "coordinates": [111.309816, 30.706365]}, "properties": {"指标": "停车泊位缺口数（个）", "中类": "停车设施", "board": "民生基础需求", "类": "停车设施", "来源": "2025体检"}}, {"type": "Feature", "geometry": {"type": "Point", "coordinates": [111.29217, 30.733531]}, "properties": {"指标": "停车泊位缺口数（个）", "中类": "停车设施", "board": "民生基础需求", "类": "停车设施", "来源": "2025体检"}}, {"type": "Feature", "geometry": {"type": "Point", "coordinates": [111.297034, 30.708713]}, "properties": {"指标": "停车泊位缺口数（个）", "中类": "停车设施", "board": "民生基础需求", "类": "停车设施", "来源": "2025体检"}}, {"type": "Feature", "geometry": {"type": "Point", "coordinates": [111.294518, 30.690903]}, "properties": {"指标": "停车泊位缺口数（个）", "中类": "停车设施", "board": "民生基础需求", "类": "停车设施", "来源": "2025体检"}}, {"type": "Feature", "geometry": {"type": "Point", "coordinates": [111.278259, 30.715184]}, "properties": {"指标": "停车泊位缺口数（个）", "中类": "停车设施", "board": "民生基础需求", "类": "停车设施", "来源": "2025体检"}}, {"type": "Feature", "geometry": {"type": "Point", "coordinates": [111.355258, 30.644507]}, "properties": {"指标": "停车泊位缺口数（个）", "中类": "停车设施", "board": "民生基础需求", "类": "停车设施", "来源": "2025体检"}}, {"type": "Feature", "geometry": {"type": "Point", "coordinates": [111.290318, 30.712872]}, "properties": {"指标": "停车泊位缺口数（个）", "中类": "停车设施", "board": "民生基础需求", "类": "停车设施", "来源": "2025体检"}}, {"type": "Feature", "geometry": {"type": "Point", "coordinates": [111.303175, 30.685193]}, "properties": {"指标": "停车泊位缺口数（个）", "中类": "停车设施", "board": "民生基础需求", "类": "停车设施", "来源": "2025体检"}}, {"type": "Feature", "geometry": {"type": "Point", "coordinates": [111.303773, 30.689757]}, "properties": {"指标": "停车泊位缺口数（个）", "中类": "停车设施", "board": "民生基础需求", "类": "停车设施", "来源": "2025体检"}}, {"type": "Feature", "geometry": {"type": "Point", "coordinates": [111.29451, 30.698231]}, "properties": {"指标": "停车泊位缺口数（个）", "中类": "停车设施", "board": "民生基础需求", "类": "停车设施", "来源": "2025体检"}}, {"type": "Feature", "geometry": {"type": "Point", "coordinates": [111.303056, 30.719281]}, "properties": {"指标": "停车泊位缺口数（个）", "中类": "停车设施", "board": "民生基础需求", "类": "停车设施", "来源": "2025体检"}}, {"type": "Feature", "geometry": {"type": "Point", "coordinates": [111.297422, 30.705311]}, "properties": {"指标": "停车泊位缺口数（个）", "中类": "停车设施", "board": "民生基础需求", "类": "停车设施", "来源": "2025体检"}}, {"type": "Feature", "geometry": {"type": "Point", "coordinates": [111.275057, 30.714095]}, "properties": {"指标": "停车泊位缺口数（个）", "中类": "停车设施", "board": "民生基础需求", "类": "停车设施", "来源": "2025体检"}}, {"type": "Feature", "geometry": {"type": "Point", "coordinates": [111.279288, 30.707016]}, "properties": {"指标": "停车泊位缺口数（个）", "中类": "停车设施", "board": "民生基础需求", "类": "停车设施", "来源": "2025体检"}}, {"type": "Feature", "geometry": {"type": "Point", "coordinates": [111.325671, 30.713098]}, "properties": {"指标": "停车泊位缺口数（个）", "中类": "停车设施", "board": "民生基础需求", "类": "停车设施", "来源": "2025体检"}}, {"type": "Feature", "geometry": {"type": "Point", "coordinates": [111.34016, 30.646974]}, "properties": {"指标": "停车泊位缺口数（个）", "中类": "停车设施", "board": "民生基础需求", "类": "停车设施", "来源": "2025体检"}}, {"type": "Feature", "geometry": {"type": "Point", "coordinates": [111.288262, 30.695898]}, "properties": {"指标": "停车泊位缺口数（个）", "中类": "停车设施", "board": "民生基础需求", "类": "停车设施", "来源": "2025体检"}}, {"type": "Feature", "geometry": {"type": "Point", "coordinates": [111.289771, 30.722479]}, "properties": {"指标": "停车泊位缺口数（个）", "中类": "停车设施", "board": "民生基础需求", "类": "停车设施", "来源": "2025体检"}}, {"type": "Feature", "geometry": {"type": "Point", "coordinates": [111.287297, 30.710647]}, "properties": {"指标": "停车泊位缺口数（个）", "中类": "停车设施", "board": "民生基础需求", "类": "停车设施", "来源": "2025体检"}}, {"type": "Feature", "geometry": {"type": "Point", "coordinates": [111.297135, 30.731504]}, "properties": {"指标": "停车泊位缺口数（个）", "中类": "停车设施", "board": "民生基础需求", "类": "停车设施", "来源": "2025体检"}}, {"type": "Feature", "geometry": {"type": "Point", "coordinates": [111.292515, 30.709968]}, "properties": {"指标": "停车泊位缺口数（个）", "中类": "停车设施", "board": "民生基础需求", "类": "停车设施", "来源": "2025体检"}}, {"type": "Feature", "geometry": {"type": "Point", "coordinates": [111.296584, 30.692886]}, "properties": {"指标": "停车泊位缺口数（个）", "中类": "停车设施", "board": "民生基础需求", "类": "停车设施", "来源": "2025体检"}}, {"type": "Feature", "geometry": {"type": "Point", "coordinates": [111.295307, 30.713781]}, "properties": {"指标": "停车泊位缺口数（个）", "中类": "停车设施", "board": "民生基础需求", "类": "停车设施", "来源": "2025体检"}}, {"type": "Feature", "geometry": {"type": "Point", "coordinates": [111.280028, 30.71498]}, "properties": {"指标": "停车泊位缺口数（个）", "中类": "停车设施", "board": "民生基础需求", "类": "停车设施", "来源": "2025体检"}}, {"type": "Feature", "geometry": {"type": "Point", "coordinates": [111.29222, 30.712349]}, "properties": {"指标": "停车泊位缺口数（个）", "中类": "停车设施", "board": "民生基础需求", "类": "停车设施", "来源": "2025体检"}}, {"type": "Feature", "geometry": {"type": "Point", "coordinates": [111.353922, 30.64478]}, "properties": {"指标": "停车泊位缺口数（个）", "中类": "停车设施", "board": "民生基础需求", "类": "停车设施", "来源": "2025体检"}}, {"type": "Feature", "geometry": {"type": "Point", "coordinates": [111.34048, 30.722079]}, "properties": {"指标": "停车泊位缺口数（个）", "中类": "停车设施", "board": "民生基础需求", "类": "停车设施", "来源": "2025体检"}}, {"type": "Feature", "geometry": {"type": "Point", "coordinates": [111.293244, 30.709305]}, "properties": {"指标": "停车泊位缺口数（个）", "中类": "停车设施", "board": "民生基础需求", "类": "停车设施", "来源": "2025体检"}}, {"type": "Feature", "geometry": {"type": "Point", "coordinates": [111.292285, 30.708549]}, "properties": {"指标": "停车泊位缺口数（个）", "中类": "停车设施", "board": "民生基础需求", "类": "停车设施", "来源": "2025体检"}}, {"type": "Feature", "geometry": {"type": "Point", "coordinates": [111.294437, 30.734705]}, "properties": {"指标": "停车泊位缺口数（个）", "中类": "停车设施", "board": "民生基础需求", "类": "停车设施", "来源": "2025体检"}}, {"type": "Feature", "geometry": {"type": "Point", "coordinates": [111.279302, 30.704197]}, "properties": {"指标": "停车泊位缺口数（个）", "中类": "停车设施", "board": "民生基础需求", "类": "停车设施", "来源": "2025体检"}}, {"type": "Feature", "geometry": {"type": "Point", "coordinates": [111.286851, 30.709671]}, "properties": {"指标": "停车泊位缺口数（个）", "中类": "停车设施", "board": "民生基础需求", "类": "停车设施", "来源": "2025体检"}}, {"type": "Feature", "geometry": {"type": "Point", "coordinates": [111.29217, 30.733531]}, "properties": {"指标": "停车泊位缺口数（个）", "中类": "停车设施", "board": "民生基础需求", "类": "停车设施", "来源": "2025体检"}}, {"type": "Feature", "geometry": {"type": "Point", "coordinates": [111.292413, 30.697069]}, "properties": {"指标": "停车泊位缺口数（个）", "中类": "停车设施", "board": "民生基础需求", "类": "停车设施", "来源": "2025体检"}}, {"type": "Feature", "geometry": {"type": "Point", "coordinates": [111.289672, 30.707959]}, "properties": {"指标": "停车泊位缺口数（个）", "中类": "停车设施", "board": "民生基础需求", "类": "停车设施", "来源": "2025体检"}}, {"type": "Feature", "geometry": {"type": "Point", "coordinates": [111.288004, 30.698995]}, "properties": {"指标": "停车泊位缺口数（个）", "中类": "停车设施", "board": "民生基础需求", "类": "停车设施", "来源": "2025体检"}}, {"type": "Feature", "geometry": {"type": "Point", "coordinates": [111.288455, 30.737538]}, "properties": {"指标": "停车泊位缺口数（个）", "中类": "停车设施", "board": "民生基础需求", "类": "停车设施", "来源": "2025体检"}}, {"type": "Feature", "geometry": {"type": "Point", "coordinates": [111.290457, 30.700587]}, "properties": {"指标": "停车泊位缺口数（个）", "中类": "停车设施", "board": "民生基础需求", "类": "停车设施", "来源": "2025体检"}}, {"type": "Feature", "geometry": {"type": "Point", "coordinates": [111.292985, 30.712984]}, "properties": {"指标": "停车泊位缺口数（个）", "中类": "停车设施", "board": "民生基础需求", "类": "停车设施", "来源": "2025体检"}}, {"type": "Feature", "geometry": {"type": "Point", "coordinates": [111.309804, 30.70856]}, "properties": {"指标": "停车泊位缺口数（个）", "中类": "停车设施", "board": "民生基础需求", "类": "停车设施", "来源": "2025体检"}}, {"type": "Feature", "geometry": {"type": "Point", "coordinates": [111.278105, 30.728902]}, "properties": {"指标": "停车泊位缺口数（个）", "中类": "停车设施", "board": "民生基础需求", "类": "停车设施", "来源": "2025体检"}}, {"type": "Feature", "geometry": {"type": "Point", "coordinates": [111.306026, 30.695871]}, "properties": {"指标": "停车泊位缺口数（个）", "中类": "停车设施", "board": "民生基础需求", "类": "停车设施", "来源": "2025体检"}}, {"type": "Feature", "geometry": {"type": "Point", "coordinates": [111.312347, 30.699467]}, "properties": {"指标": "停车泊位缺口数（个）", "中类": "停车设施", "board": "民生基础需求", "类": "停车设施", "来源": "2025体检"}}, {"type": "Feature", "geometry": {"type": "Point", "coordinates": [111.294591, 30.713609]}, "properties": {"指标": "停车泊位缺口数（个）", "中类": "停车设施", "board": "民生基础需求", "类": "停车设施", "来源": "2025体检"}}, {"type": "Feature", "geometry": {"type": "Point", "coordinates": [111.297961, 30.696291]}, "properties": {"指标": "停车泊位缺口数（个）", "中类": "停车设施", "board": "民生基础需求", "类": "停车设施", "来源": "2025体检"}}, {"type": "Feature", "geometry": {"type": "Point", "coordinates": [111.307187, 30.706028]}, "properties": {"指标": "停车泊位缺口数（个）", "中类": "停车设施", "board": "民生基础需求", "类": "停车设施", "来源": "2025体检"}}, {"type": "Feature", "geometry": {"type": "Point", "coordinates": [111.308865, 30.688489]}, "properties": {"指标": "停车泊位缺口数（个）", "中类": "停车设施", "board": "民生基础需求", "类": "停车设施", "来源": "2025体检"}}, {"type": "Feature", "geometry": {"type": "Point", "coordinates": [111.290855, 30.694923]}, "properties": {"指标": "停车泊位缺口数（个）", "中类": "停车设施", "board": "民生基础需求", "类": "停车设施", "来源": "2025体检"}}, {"type": "Feature", "geometry": {"type": "Point", "coordinates": [111.279444, 30.712777]}, "properties": {"指标": "停车泊位缺口数（个）", "中类": "停车设施", "board": "民生基础需求", "类": "停车设施", "来源": "2025体检"}}, {"type": "Feature", "geometry": {"type": "Point", "coordinates": [111.290953, 30.723558]}, "properties": {"指标": "停车泊位缺口数（个）", "中类": "停车设施", "board": "民生基础需求", "类": "停车设施", "来源": "2025体检"}}, {"type": "Feature", "geometry": {"type": "Point", "coordinates": [111.292134, 30.691672]}, "properties": {"指标": "停车泊位缺口数（个）", "中类": "停车设施", "board": "民生基础需求", "类": "停车设施", "来源": "2025体检"}}, {"type": "Feature", "geometry": {"type": "Point", "coordinates": [111.294009, 30.724647]}, "properties": {"指标": "停车泊位缺口数（个）", "中类": "停车设施", "board": "民生基础需求", "类": "停车设施", "来源": "2025体检"}}, {"type": "Feature", "geometry": {"type": "Point", "coordinates": [111.284594, 30.704764]}, "properties": {"指标": "停车泊位缺口数（个）", "中类": "停车设施", "board": "民生基础需求", "类": "停车设施", "来源": "2025体检"}}, {"type": "Feature", "geometry": {"type": "Point", "coordinates": [111.287577, 30.726115]}, "properties": {"指标": "停车泊位缺口数（个）", "中类": "停车设施", "board": "民生基础需求", "类": "停车设施", "来源": "2025体检"}}, {"type": "Feature", "geometry": {"type": "Point", "coordinates": [111.278401, 30.729845]}, "properties": {"指标": "停车泊位缺口数（个）", "中类": "停车设施", "board": "民生基础需求", "类": "停车设施", "来源": "2025体检"}}, {"type": "Feature", "geometry": {"type": "Point", "coordinates": [111.288257, 30.709844]}, "properties": {"指标": "停车泊位缺口数（个）", "中类": "停车设施", "board": "民生基础需求", "类": "停车设施", "来源": "2025体检"}}, {"type": "Feature", "geometry": {"type": "Point", "coordinates": [111.29151, 30.707344]}, "properties": {"指标": "停车泊位缺口数（个）", "中类": "停车设施", "board": "民生基础需求", "类": "停车设施", "来源": "2025体检"}}, {"type": "Feature", "geometry": {"type": "Point", "coordinates": [111.323412, 30.669757]}, "properties": {"指标": "停车泊位缺口数（个）", "中类": "停车设施", "board": "民生基础需求", "类": "停车设施", "来源": "2025体检"}}, {"type": "Feature", "geometry": {"type": "Point", "coordinates": [111.300736, 30.706532]}, "properties": {"指标": "停车泊位缺口数（个）", "中类": "停车设施", "board": "民生基础需求", "类": "停车设施", "来源": "2025体检"}}, {"type": "Feature", "geometry": {"type": "Point", "coordinates": [111.302914, 30.690356]}, "properties": {"指标": "停车泊位缺口数（个）", "中类": "停车设施", "board": "民生基础需求", "类": "停车设施", "来源": "2025体检"}}, {"type": "Feature", "geometry": {"type": "Point", "coordinates": [111.293664, 30.714153]}, "properties": {"指标": "停车泊位缺口数（个）", "中类": "停车设施", "board": "民生基础需求", "类": "停车设施", "来源": "2025体检"}}, {"type": "Feature", "geometry": {"type": "Point", "coordinates": [111.300234, 30.696097]}, "properties": {"指标": "停车泊位缺口数（个）", "中类": "停车设施", "board": "民生基础需求", "类": "停车设施", "来源": "2025体检"}}, {"type": "Feature", "geometry": {"type": "Point", "coordinates": [111.293173, 30.726343]}, "properties": {"指标": "停车泊位缺口数（个）", "中类": "停车设施", "board": "民生基础需求", "类": "停车设施", "来源": "2025体检"}}, {"type": "Feature", "geometry": {"type": "Point", "coordinates": [111.272369, 30.722415]}, "properties": {"指标": "停车泊位缺口数（个）", "中类": "停车设施", "board": "民生基础需求", "类": "停车设施", "来源": "2025体检"}}, {"type": "Feature", "geometry": {"type": "Point", "coordinates": [111.290335, 30.714678]}, "properties": {"指标": "停车泊位缺口数（个）", "中类": "停车设施", "board": "民生基础需求", "类": "停车设施", "来源": "2025体检"}}, {"type": "Feature", "geometry": {"type": "Point", "coordinates": [111.294203, 30.70894]}, "properties": {"指标": "停车泊位缺口数（个）", "中类": "停车设施", "board": "民生基础需求", "类": "停车设施", "来源": "2025体检"}}, {"type": "Feature", "geometry": {"type": "Point", "coordinates": [111.296145, 30.697403]}, "properties": {"指标": "停车泊位缺口数（个）", "中类": "停车设施", "board": "民生基础需求", "类": "停车设施", "来源": "2025体检"}}, {"type": "Feature", "geometry": {"type": "Point", "coordinates": [111.288081, 30.718235]}, "properties": {"指标": "停车泊位缺口数（个）", "中类": "停车设施", "board": "民生基础需求", "类": "停车设施", "来源": "2025体检"}}, {"type": "Feature", "geometry": {"type": "Point", "coordinates": [111.316395, 30.692181]}, "properties": {"指标": "停车泊位缺口数（个）", "中类": "停车设施", "board": "民生基础需求", "类": "停车设施", "来源": "2025体检"}}, {"type": "Feature", "geometry": {"type": "Point", "coordinates": [111.327371, 30.661534]}, "properties": {"指标": "停车泊位缺口数（个）", "中类": "停车设施", "board": "民生基础需求", "类": "停车设施", "来源": "2025体检"}}, {"type": "Feature", "geometry": {"type": "Point", "coordinates": [111.270888, 30.720106]}, "properties": {"指标": "停车泊位缺口数（个）", "中类": "停车设施", "board": "民生基础需求", "类": "停车设施", "来源": "2025体检"}}, {"type": "Feature", "geometry": {"type": "Point", "coordinates": [111.290318, 30.712872]}, "properties": {"指标": "停车泊位缺口数（个）", "中类": "停车设施", "board": "民生基础需求", "类": "停车设施", "来源": "2025体检"}}, {"type": "Feature", "geometry": {"type": "Point", "coordinates": [111.291553, 30.69013]}, "properties": {"指标": "停车泊位缺口数（个）", "中类": "停车设施", "board": "民生基础需求", "类": "停车设施", "来源": "2025体检"}}, {"type": "Feature", "geometry": {"type": "Point", "coordinates": [111.345888, 30.651303]}, "properties": {"指标": "停车泊位缺口数（个）", "中类": "停车设施", "board": "民生基础需求", "类": "停车设施", "来源": "2025体检"}}, {"type": "Feature", "geometry": {"type": "Point", "coordinates": [111.28583, 30.722554]}, "properties": {"指标": "停车泊位缺口数（个）", "中类": "停车设施", "board": "民生基础需求", "类": "停车设施", "来源": "2025体检"}}, {"type": "Feature", "geometry": {"type": "Point", "coordinates": [111.280231, 30.713963]}, "properties": {"指标": "停车泊位缺口数（个）", "中类": "停车设施", "board": "民生基础需求", "类": "停车设施", "来源": "2025体检"}}, {"type": "Feature", "geometry": {"type": "Point", "coordinates": [111.295331, 30.708059]}, "properties": {"指标": "停车泊位缺口数（个）", "中类": "停车设施", "board": "民生基础需求", "类": "停车设施", "来源": "2025体检"}}, {"type": "Feature", "geometry": {"type": "Point", "coordinates": [111.276475, 30.723355]}, "properties": {"指标": "停车泊位缺口数（个）", "中类": "停车设施", "board": "民生基础需求", "类": "停车设施", "来源": "2025体检"}}, {"type": "Feature", "geometry": {"type": "Point", "coordinates": [111.276543, 30.728945]}, "properties": {"指标": "停车泊位缺口数（个）", "中类": "停车设施", "board": "民生基础需求", "类": "停车设施", "来源": "2025体检"}}, {"type": "Feature", "geometry": {"type": "Point", "coordinates": [111.315848, 30.706132]}, "properties": {"指标": "停车泊位缺口数（个）", "中类": "停车设施", "board": "民生基础需求", "类": "停车设施", "来源": "2025体检"}}, {"type": "Feature", "geometry": {"type": "Point", "coordinates": [111.290378, 30.709765]}, "properties": {"指标": "停车泊位缺口数（个）", "中类": "停车设施", "board": "民生基础需求", "类": "停车设施", "来源": "2025体检"}}, {"type": "Feature", "geometry": {"type": "Point", "coordinates": [111.287992, 30.718202]}, "properties": {"指标": "停车泊位缺口数（个）", "中类": "停车设施", "board": "民生基础需求", "类": "停车设施", "来源": "2025体检"}}, {"type": "Feature", "geometry": {"type": "Point", "coordinates": [111.292654, 30.712194]}, "properties": {"指标": "停车泊位缺口数（个）", "中类": "停车设施", "board": "民生基础需求", "类": "停车设施", "来源": "2025体检"}}, {"type": "Feature", "geometry": {"type": "Point", "coordinates": [111.322824, 30.671353]}, "properties": {"指标": "停车泊位缺口数（个）", "中类": "停车设施", "board": "民生基础需求", "类": "停车设施", "来源": "2025体检"}}, {"type": "Feature", "geometry": {"type": "Point", "coordinates": [111.306013, 30.711371]}, "properties": {"指标": "停车泊位缺口数（个）", "中类": "停车设施", "board": "民生基础需求", "类": "停车设施", "来源": "2025体检"}}, {"type": "Feature", "geometry": {"type": "Point", "coordinates": [111.290432, 30.724727]}, "properties": {"指标": "停车泊位缺口数（个）", "中类": "停车设施", "board": "民生基础需求", "类": "停车设施", "来源": "2025体检"}}, {"type": "Feature", "geometry": {"type": "Point", "coordinates": [111.29217, 30.733531]}, "properties": {"指标": "停车泊位缺口数（个）", "中类": "停车设施", "board": "民生基础需求", "类": "停车设施", "来源": "2025体检"}}, {"type": "Feature", "geometry": {"type": "Point", "coordinates": [111.292148, 30.712641]}, "properties": {"指标": "停车泊位缺口数（个）", "中类": "停车设施", "board": "民生基础需求", "类": "停车设施", "来源": "2025体检"}}, {"type": "Feature", "geometry": {"type": "Point", "coordinates": [111.296596, 30.696805]}, "properties": {"指标": "停车泊位缺口数（个）", "中类": "停车设施", "board": "民生基础需求", "类": "停车设施", "来源": "2025体检"}}, {"type": "Feature", "geometry": {"type": "Point", "coordinates": [111.281201, 30.70561]}, "properties": {"指标": "停车泊位缺口数（个）", "中类": "停车设施", "board": "民生基础需求", "类": "停车设施", "来源": "2025体检"}}, {"type": "Feature", "geometry": {"type": "Point", "coordinates": [111.280687, 30.705573]}, "properties": {"指标": "停车泊位缺口数（个）", "中类": "停车设施", "board": "民生基础需求", "类": "停车设施", "来源": "2025体检"}}, {"type": "Feature", "geometry": {"type": "Point", "coordinates": [111.288943, 30.72094]}, "properties": {"指标": "停车泊位缺口数（个）", "中类": "停车设施", "board": "民生基础需求", "类": "停车设施", "来源": "2025体检"}}, {"type": "Feature", "geometry": {"type": "Point", "coordinates": [111.277839, 30.705758]}, "properties": {"指标": "停车泊位缺口数（个）", "中类": "停车设施", "board": "民生基础需求", "类": "停车设施", "来源": "2025体检"}}, {"type": "Feature", "geometry": {"type": "Point", "coordinates": [111.296516, 30.697615]}, "properties": {"指标": "停车泊位缺口数（个）", "中类": "停车设施", "board": "民生基础需求", "类": "停车设施", "来源": "2025体检"}}, {"type": "Feature", "geometry": {"type": "Point", "coordinates": [111.319826, 30.715112]}, "properties": {"指标": "停车泊位缺口数（个）", "中类": "停车设施", "board": "民生基础需求", "类": "停车设施", "来源": "2025体检"}}, {"type": "Feature", "geometry": {"type": "Point", "coordinates": [111.299348, 30.697686]}, "properties": {"指标": "停车泊位缺口数（个）", "中类": "停车设施", "board": "民生基础需求", "类": "停车设施", "来源": "2025体检"}}, {"type": "Feature", "geometry": {"type": "Point", "coordinates": [111.313919, 30.673953]}, "properties": {"指标": "停车泊位缺口数（个）", "中类": "停车设施", "board": "民生基础需求", "类": "停车设施", "来源": "2025体检"}}, {"type": "Feature", "geometry": {"type": "Point", "coordinates": [111.307849, 30.705801]}, "properties": {"指标": "停车泊位缺口数（个）", "中类": "停车设施", "board": "民生基础需求", "类": "停车设施", "来源": "2025体检"}}, {"type": "Feature", "geometry": {"type": "Point", "coordinates": [111.287427, 30.706934]}, "properties": {"指标": "停车泊位缺口数（个）", "中类": "停车设施", "board": "民生基础需求", "类": "停车设施", "来源": "2025体检"}}, {"type": "Feature", "geometry": {"type": "Point", "coordinates": [111.280703, 30.699948]}, "properties": {"指标": "停车泊位缺口数（个）", "中类": "停车设施", "board": "民生基础需求", "类": "停车设施", "来源": "2025体检"}}, {"type": "Feature", "geometry": {"type": "Point", "coordinates": [111.288879, 30.72527]}, "properties": {"指标": "停车泊位缺口数（个）", "中类": "停车设施", "board": "民生基础需求", "类": "停车设施", "来源": "2025体检"}}, {"type": "Feature", "geometry": {"type": "Point", "coordinates": [111.290949, 30.708519]}, "properties": {"指标": "停车泊位缺口数（个）", "中类": "停车设施", "board": "民生基础需求", "类": "停车设施", "来源": "2025体检"}}, {"type": "Feature", "geometry": {"type": "Point", "coordinates": [111.288262, 30.695898]}, "properties": {"指标": "停车泊位缺口数（个）", "中类": "停车设施", "board": "民生基础需求", "类": "停车设施", "来源": "2025体检"}}, {"type": "Feature", "geometry": {"type": "Point", "coordinates": [111.274769, 30.728262]}, "properties": {"指标": "停车泊位缺口数（个）", "中类": "停车设施", "board": "民生基础需求", "类": "停车设施", "来源": "2025体检"}}, {"type": "Feature", "geometry": {"type": "Point", "coordinates": [111.314064, 30.693117]}, "properties": {"指标": "停车泊位缺口数（个）", "中类": "停车设施", "board": "民生基础需求", "类": "停车设施", "来源": "2025体检"}}, {"type": "Feature", "geometry": {"type": "Point", "coordinates": [111.279379, 30.709007]}, "properties": {"指标": "停车泊位缺口数（个）", "中类": "停车设施", "board": "民生基础需求", "类": "停车设施", "来源": "2025体检"}}, {"type": "Feature", "geometry": {"type": "Point", "coordinates": [111.308873, 30.690367]}, "properties": {"指标": "停车泊位缺口数（个）", "中类": "停车设施", "board": "民生基础需求", "类": "停车设施", "来源": "2025体检"}}, {"type": "Feature", "geometry": {"type": "Point", "coordinates": [111.310886, 30.724414]}, "properties": {"指标": "停车泊位缺口数（个）", "中类": "停车设施", "board": "民生基础需求", "类": "停车设施", "来源": "2025体检"}}, {"type": "Feature", "geometry": {"type": "Point", "coordinates": [111.292612, 30.688706]}, "properties": {"指标": "停车泊位缺口数（个）", "中类": "停车设施", "board": "民生基础需求", "类": "停车设施", "来源": "2025体检"}}, {"type": "Feature", "geometry": {"type": "Point", "coordinates": [111.30918, 30.74205]}, "properties": {"指标": "停车泊位缺口数（个）", "中类": "停车设施", "board": "民生基础需求", "类": "停车设施", "来源": "2025体检"}}, {"type": "Feature", "geometry": {"type": "Point", "coordinates": [111.310886, 30.724414]}, "properties": {"指标": "停车泊位缺口数（个）", "中类": "停车设施", "board": "民生基础需求", "类": "停车设施", "来源": "2025体检"}}, {"type": "Feature", "geometry": {"type": "Point", "coordinates": [111.279024, 30.72859]}, "properties": {"指标": "停车泊位缺口数（个）", "中类": "停车设施", "board": "民生基础需求", "类": "停车设施", "来源": "2025体检"}}, {"type": "Feature", "geometry": {"type": "Point", "coordinates": [111.293672, 30.69412]}, "properties": {"指标": "停车泊位缺口数（个）", "中类": "停车设施", "board": "民生基础需求", "类": "停车设施", "来源": "2025体检"}}, {"type": "Feature", "geometry": {"type": "Point", "coordinates": [111.30174, 30.692597]}, "properties": {"指标": "停车泊位缺口数（个）", "中类": "停车设施", "board": "民生基础需求", "类": "停车设施", "来源": "2025体检"}}, {"type": "Feature", "geometry": {"type": "Point", "coordinates": [111.327574, 30.670243]}, "properties": {"指标": "停车泊位缺口数（个）", "中类": "停车设施", "board": "民生基础需求", "类": "停车设施", "来源": "2025体检"}}, {"type": "Feature", "geometry": {"type": "Point", "coordinates": [111.312825, 30.688433]}, "properties": {"指标": "停车泊位缺口数（个）", "中类": "停车设施", "board": "民生基础需求", "类": "停车设施", "来源": "2025体检"}}, {"type": "Feature", "geometry": {"type": "Point", "coordinates": [111.345046, 30.644634]}, "properties": {"指标": "停车泊位缺口数（个）", "中类": "停车设施", "board": "民生基础需求", "类": "停车设施", "来源": "2025体检"}}, {"type": "Feature", "geometry": {"type": "Point", "coordinates": [111.296558, 30.709928]}, "properties": {"指标": "停车泊位缺口数（个）", "中类": "停车设施", "board": "民生基础需求", "类": "停车设施", "来源": "2025体检"}}, {"type": "Feature", "geometry": {"type": "Point", "coordinates": [111.321441, 30.715656]}, "properties": {"指标": "停车泊位缺口数（个）", "中类": "停车设施", "board": "民生基础需求", "类": "停车设施", "来源": "2025体检"}}, {"type": "Feature", "geometry": {"type": "Point", "coordinates": [111.301614, 30.705943]}, "properties": {"指标": "停车泊位缺口数（个）", "中类": "停车设施", "board": "民生基础需求", "类": "停车设施", "来源": "2025体检"}}, {"type": "Feature", "geometry": {"type": "Point", "coordinates": [111.283478, 30.693816]}, "properties": {"指标": "停车泊位缺口数（个）", "中类": "停车设施", "board": "民生基础需求", "类": "停车设施", "来源": "2025体检"}}, {"type": "Feature", "geometry": {"type": "Point", "coordinates": [111.277229, 30.726965]}, "properties": {"指标": "停车泊位缺口数（个）", "中类": "停车设施", "board": "民生基础需求", "类": "停车设施", "来源": "2025体检"}}, {"type": "Feature", "geometry": {"type": "Point", "coordinates": [111.292686, 30.713849]}, "properties": {"指标": "停车泊位缺口数（个）", "中类": "停车设施", "board": "民生基础需求", "类": "停车设施", "来源": "2025体检"}}, {"type": "Feature", "geometry": {"type": "Point", "coordinates": [111.287379, 30.708493]}, "properties": {"指标": "停车泊位缺口数（个）", "中类": "停车设施", "board": "民生基础需求", "类": "停车设施", "来源": "2025体检"}}, {"type": "Feature", "geometry": {"type": "Point", "coordinates": [111.276502, 30.711097]}, "properties": {"指标": "停车泊位缺口数（个）", "中类": "停车设施", "board": "民生基础需求", "类": "停车设施", "来源": "2025体检"}}, {"type": "Feature", "geometry": {"type": "Point", "coordinates": [111.317135, 30.685492]}, "properties": {"指标": "停车泊位缺口数（个）", "中类": "停车设施", "board": "民生基础需求", "类": "停车设施", "来源": "2025体检"}}, {"type": "Feature", "geometry": {"type": "Point", "coordinates": [111.288262, 30.695898]}, "properties": {"指标": "停车泊位缺口数（个）", "中类": "停车设施", "board": "民生基础需求", "类": "停车设施", "来源": "2025体检"}}, {"type": "Feature", "geometry": {"type": "Point", "coordinates": [111.31196, 30.707365]}, "properties": {"指标": "停车泊位缺口数（个）", "中类": "停车设施", "board": "民生基础需求", "类": "停车设施", "来源": "2025体检"}}, {"type": "Feature", "geometry": {"type": "Point", "coordinates": [111.290951, 30.711785]}, "properties": {"指标": "停车泊位缺口数（个）", "中类": "停车设施", "board": "民生基础需求", "类": "停车设施", "来源": "2025体检"}}, {"type": "Feature", "geometry": {"type": "Point", "coordinates": [111.29844, 30.733975]}, "properties": {"指标": "停车泊位缺口数（个）", "中类": "停车设施", "board": "民生基础需求", "类": "停车设施", "来源": "2025体检"}}, {"type": "Feature", "geometry": {"type": "Point", "coordinates": [111.319967, 30.715572]}, "properties": {"指标": "停车泊位缺口数（个）", "中类": "停车设施", "board": "民生基础需求", "类": "停车设施", "来源": "2025体检"}}, {"type": "Feature", "geometry": {"type": "Point", "coordinates": [111.296151, 30.716585]}, "properties": {"指标": "停车泊位缺口数（个）", "中类": "停车设施", "board": "民生基础需求", "类": "停车设施", "来源": "2025体检"}}, {"type": "Feature", "geometry": {"type": "Point", "coordinates": [111.310836, 30.676345]}, "properties": {"指标": "停车泊位缺口数（个）", "中类": "停车设施", "board": "民生基础需求", "类": "停车设施", "来源": "2025体检"}}, {"type": "Feature", "geometry": {"type": "Point", "coordinates": [111.29105, 30.72251]}, "properties": {"指标": "停车泊位缺口数（个）", "中类": "停车设施", "board": "民生基础需求", "类": "停车设施", "来源": "2025体检"}}, {"type": "Feature", "geometry": {"type": "Point", "coordinates": [111.310286, 30.702701]}, "properties": {"指标": "停车泊位缺口数（个）", "中类": "停车设施", "board": "民生基础需求", "类": "停车设施", "来源": "2025体检"}}, {"type": "Feature", "geometry": {"type": "Point", "coordinates": [111.30796, 30.702215]}, "properties": {"指标": "停车泊位缺口数（个）", "中类": "停车设施", "board": "民生基础需求", "类": "停车设施", "来源": "2025体检"}}, {"type": "Feature", "geometry": {"type": "Point", "coordinates": [111.28037, 30.710975]}, "properties": {"指标": "停车泊位缺口数（个）", "中类": "停车设施", "board": "民生基础需求", "类": "停车设施", "来源": "2025体检"}}, {"type": "Feature", "geometry": {"type": "Point", "coordinates": [111.308888, 30.690555]}, "properties": {"指标": "新能源汽车充电桩缺口数（个）", "中类": "停车设施", "board": "民生基础需求", "类": "停车设施", "来源": "2025体检"}}, {"type": "Feature", "geometry": {"type": "Point", "coordinates": [111.294437, 30.734705]}, "properties": {"指标": "新能源汽车充电桩缺口数（个）", "中类": "停车设施", "board": "民生基础需求", "类": "停车设施", "来源": "2025体检"}}, {"type": "Feature", "geometry": {"type": "Point", "coordinates": [111.293917, 30.701331]}, "properties": {"指标": "新能源汽车充电桩缺口数（个）", "中类": "停车设施", "board": "民生基础需求", "类": "停车设施", "来源": "2025体检"}}, {"type": "Feature", "geometry": {"type": "Point", "coordinates": [111.294753, 30.730022]}, "properties": {"指标": "新能源汽车充电桩缺口数（个）", "中类": "停车设施", "board": "民生基础需求", "类": "停车设施", "来源": "2025体检"}}, {"type": "Feature", "geometry": {"type": "Point", "coordinates": [111.283477, 30.693653]}, "properties": {"指标": "新能源汽车充电桩缺口数（个）", "中类": "停车设施", "board": "民生基础需求", "类": "停车设施", "来源": "2025体检"}}, {"type": "Feature", "geometry": {"type": "Point", "coordinates": [111.278132, 30.729108]}, "properties": {"指标": "新能源汽车充电桩缺口数（个）", "中类": "停车设施", "board": "民生基础需求", "类": "停车设施", "来源": "2025体检"}}, {"type": "Feature", "geometry": {"type": "Point", "coordinates": [111.279187, 30.727977]}, "properties": {"指标": "新能源汽车充电桩缺口数（个）", "中类": "停车设施", "board": "民生基础需求", "类": "停车设施", "来源": "2025体检"}}, {"type": "Feature", "geometry": {"type": "Point", "coordinates": [111.292884, 30.712959]}, "properties": {"指标": "新能源汽车充电桩缺口数（个）", "中类": "停车设施", "board": "民生基础需求", "类": "停车设施", "来源": "2025体检"}}, {"type": "Feature", "geometry": {"type": "Point", "coordinates": [111.29101, 30.711799]}, "properties": {"指标": "新能源汽车充电桩缺口数（个）", "中类": "停车设施", "board": "民生基础需求", "类": "停车设施", "来源": "2025体检"}}, {"type": "Feature", "geometry": {"type": "Point", "coordinates": [111.292502, 30.709975]}, "properties": {"指标": "新能源汽车充电桩缺口数（个）", "中类": "停车设施", "board": "民生基础需求", "类": "停车设施", "来源": "2025体检"}}, {"type": "Feature", "geometry": {"type": "Point", "coordinates": [111.33662, 30.725962]}, "properties": {"指标": "新能源汽车充电桩缺口数（个）", "中类": "停车设施", "board": "民生基础需求", "类": "停车设施", "来源": "2025体检"}}, {"type": "Feature", "geometry": {"type": "Point", "coordinates": [111.290343, 30.70958]}, "properties": {"指标": "新能源汽车充电桩缺口数（个）", "中类": "停车设施", "board": "民生基础需求", "类": "停车设施", "来源": "2025体检"}}, {"type": "Feature", "geometry": {"type": "Point", "coordinates": [111.278153, 30.714991]}, "properties": {"指标": "新能源汽车充电桩缺口数（个）", "中类": "停车设施", "board": "民生基础需求", "类": "停车设施", "来源": "2025体检"}}, {"type": "Feature", "geometry": {"type": "Point", "coordinates": [111.292151, 30.712766]}, "properties": {"指标": "新能源汽车充电桩缺口数（个）", "中类": "停车设施", "board": "民生基础需求", "类": "停车设施", "来源": "2025体检"}}, {"type": "Feature", "geometry": {"type": "Point", "coordinates": [111.288516, 30.70921]}, "properties": {"指标": "新能源汽车充电桩缺口数（个）", "中类": "停车设施", "board": "民生基础需求", "类": "停车设施", "来源": "2025体检"}}, {"type": "Feature", "geometry": {"type": "Point", "coordinates": [111.280679, 30.705578]}, "properties": {"指标": "新能源汽车充电桩缺口数（个）", "中类": "停车设施", "board": "民生基础需求", "类": "停车设施", "来源": "2025体检"}}, {"type": "Feature", "geometry": {"type": "Point", "coordinates": [111.311588, 30.676116]}, "properties": {"指标": "新能源汽车充电桩缺口数（个）", "中类": "停车设施", "board": "民生基础需求", "类": "停车设施", "来源": "2025体检"}}, {"type": "Feature", "geometry": {"type": "Point", "coordinates": [111.303152, 30.73445]}, "properties": {"指标": "新能源汽车充电桩缺口数（个）", "中类": "停车设施", "board": "民生基础需求", "类": "停车设施", "来源": "2025体检"}}, {"type": "Feature", "geometry": {"type": "Point", "coordinates": [111.2905, 30.701589]}, "properties": {"指标": "新能源汽车充电桩缺口数（个）", "中类": "停车设施", "board": "民生基础需求", "类": "停车设施", "来源": "2025体检"}}, {"type": "Feature", "geometry": {"type": "Point", "coordinates": [111.2765, 30.723363]}, "properties": {"指标": "新能源汽车充电桩缺口数（个）", "中类": "停车设施", "board": "民生基础需求", "类": "停车设施", "来源": "2025体检"}}, {"type": "Feature", "geometry": {"type": "Point", "coordinates": [111.288262, 30.695898]}, "properties": {"指标": "新能源汽车充电桩缺口数（个）", "中类": "停车设施", "board": "民生基础需求", "类": "停车设施", "来源": "2025体检"}}, {"type": "Feature", "geometry": {"type": "Point", "coordinates": [111.290199, 30.724853]}, "properties": {"指标": "新能源汽车充电桩缺口数（个）", "中类": "停车设施", "board": "民生基础需求", "类": "停车设施", "来源": "2025体检"}}, {"type": "Feature", "geometry": {"type": "Point", "coordinates": [111.288262, 30.695898]}, "properties": {"指标": "新能源汽车充电桩缺口数（个）", "中类": "停车设施", "board": "民生基础需求", "类": "停车设施", "来源": "2025体检"}}, {"type": "Feature", "geometry": {"type": "Point", "coordinates": [111.29217, 30.733531]}, "properties": {"指标": "新能源汽车充电桩缺口数（个）", "中类": "停车设施", "board": "民生基础需求", "类": "停车设施", "来源": "2025体检"}}, {"type": "Feature", "geometry": {"type": "Point", "coordinates": [111.284594, 30.704764]}, "properties": {"指标": "新能源汽车充电桩缺口数（个）", "中类": "停车设施", "board": "民生基础需求", "类": "停车设施", "来源": "2025体检"}}, {"type": "Feature", "geometry": {"type": "Point", "coordinates": [111.347777, 30.644913]}, "properties": {"指标": "新能源汽车充电桩缺口数（个）", "中类": "停车设施", "board": "民生基础需求", "类": "停车设施", "来源": "2025体检"}}, {"type": "Feature", "geometry": {"type": "Point", "coordinates": [111.293623, 30.714146]}, "properties": {"指标": "新能源汽车充电桩缺口数（个）", "中类": "停车设施", "board": "民生基础需求", "类": "停车设施", "来源": "2025体检"}}, {"type": "Feature", "geometry": {"type": "Point", "coordinates": [111.276926, 30.727162]}, "properties": {"指标": "新能源汽车充电桩缺口数（个）", "中类": "停车设施", "board": "民生基础需求", "类": "停车设施", "来源": "2025体检"}}, {"type": "Feature", "geometry": {"type": "Point", "coordinates": [111.279007, 30.728554]}, "properties": {"指标": "新能源汽车充电桩缺口数（个）", "中类": "停车设施", "board": "民生基础需求", "类": "停车设施", "来源": "2025体检"}}, {"type": "Feature", "geometry": {"type": "Point", "coordinates": [111.306851, 30.688558]}, "properties": {"指标": "新能源汽车充电桩缺口数（个）", "中类": "停车设施", "board": "民生基础需求", "类": "停车设施", "来源": "2025体检"}}, {"type": "Feature", "geometry": {"type": "Point", "coordinates": [111.288262, 30.695898]}, "properties": {"指标": "新能源汽车充电桩缺口数（个）", "中类": "停车设施", "board": "民生基础需求", "类": "停车设施", "来源": "2025体检"}}, {"type": "Feature", "geometry": {"type": "Point", "coordinates": [111.293088, 30.691474]}, "properties": {"指标": "新能源汽车充电桩缺口数（个）", "中类": "停车设施", "board": "民生基础需求", "类": "停车设施", "来源": "2025体检"}}, {"type": "Feature", "geometry": {"type": "Point", "coordinates": [111.340199, 30.647718]}, "properties": {"指标": "新能源汽车充电桩缺口数（个）", "中类": "停车设施", "board": "民生基础需求", "类": "停车设施", "来源": "2025体检"}}, {"type": "Feature", "geometry": {"type": "Point", "coordinates": [111.296899, 30.731722]}, "properties": {"指标": "新能源汽车充电桩缺口数（个）", "中类": "停车设施", "board": "民生基础需求", "类": "停车设施", "来源": "2025体检"}}, {"type": "Feature", "geometry": {"type": "Point", "coordinates": [111.287288, 30.710708]}, "properties": {"指标": "新能源汽车充电桩缺口数（个）", "中类": "停车设施", "board": "民生基础需求", "类": "停车设施", "来源": "2025体检"}}, {"type": "Feature", "geometry": {"type": "Point", "coordinates": [111.289589, 30.707966]}, "properties": {"指标": "新能源汽车充电桩缺口数（个）", "中类": "停车设施", "board": "民生基础需求", "类": "停车设施", "来源": "2025体检"}}, {"type": "Feature", "geometry": {"type": "Point", "coordinates": [111.272503, 30.722438]}, "properties": {"指标": "新能源汽车充电桩缺口数（个）", "中类": "停车设施", "board": "民生基础需求", "类": "停车设施", "来源": "2025体检"}}, {"type": "Feature", "geometry": {"type": "Point", "coordinates": [111.277839, 30.705758]}, "properties": {"指标": "新能源汽车充电桩缺口数（个）", "中类": "停车设施", "board": "民生基础需求", "类": "停车设施", "来源": "2025体检"}}, {"type": "Feature", "geometry": {"type": "Point", "coordinates": [111.290335, 30.714678]}, "properties": {"指标": "新能源汽车充电桩缺口数（个）", "中类": "停车设施", "board": "民生基础需求", "类": "停车设施", "来源": "2025体检"}}, {"type": "Feature", "geometry": {"type": "Point", "coordinates": [111.290977, 30.722535]}, "properties": {"指标": "新能源汽车充电桩缺口数（个）", "中类": "停车设施", "board": "民生基础需求", "类": "停车设施", "来源": "2025体检"}}, {"type": "Feature", "geometry": {"type": "Point", "coordinates": [111.292968, 30.697911]}, "properties": {"指标": "新能源汽车充电桩缺口数（个）", "中类": "停车设施", "board": "民生基础需求", "类": "停车设施", "来源": "2025体检"}}, {"type": "Feature", "geometry": {"type": "Point", "coordinates": [111.281091, 30.705602]}, "properties": {"指标": "新能源汽车充电桩缺口数（个）", "中类": "停车设施", "board": "民生基础需求", "类": "停车设施", "来源": "2025体检"}}, {"type": "Feature", "geometry": {"type": "Point", "coordinates": [111.287883, 30.699131]}, "properties": {"指标": "新能源汽车充电桩缺口数（个）", "中类": "停车设施", "board": "民生基础需求", "类": "停车设施", "来源": "2025体检"}}, {"type": "Feature", "geometry": {"type": "Point", "coordinates": [111.310886, 30.724413]}, "properties": {"指标": "新能源汽车充电桩缺口数（个）", "中类": "停车设施", "board": "民生基础需求", "类": "停车设施", "来源": "2025体检"}}, {"type": "Feature", "geometry": {"type": "Point", "coordinates": [111.29544, 30.713868]}, "properties": {"指标": "新能源汽车充电桩缺口数（个）", "中类": "停车设施", "board": "民生基础需求", "类": "停车设施", "来源": "2025体检"}}, {"type": "Feature", "geometry": {"type": "Point", "coordinates": [111.278762, 30.729616]}, "properties": {"指标": "新能源汽车充电桩缺口数（个）", "中类": "停车设施", "board": "民生基础需求", "类": "停车设施", "来源": "2025体检"}}, {"type": "Feature", "geometry": {"type": "Point", "coordinates": [111.296096, 30.716586]}, "properties": {"指标": "新能源汽车充电桩缺口数（个）", "中类": "停车设施", "board": "民生基础需求", "类": "停车设施", "来源": "2025体检"}}, {"type": "Feature", "geometry": {"type": "Point", "coordinates": [111.290898, 30.727272]}, "properties": {"指标": "新能源汽车充电桩缺口数（个）", "中类": "停车设施", "board": "民生基础需求", "类": "停车设施", "来源": "2025体检"}}, {"type": "Feature", "geometry": {"type": "Point", "coordinates": [111.292714, 30.712244]}, "properties": {"指标": "新能源汽车充电桩缺口数（个）", "中类": "停车设施", "board": "民生基础需求", "类": "停车设施", "来源": "2025体检"}}, {"type": "Feature", "geometry": {"type": "Point", "coordinates": [111.275304, 30.730845]}, "properties": {"指标": "新能源汽车充电桩缺口数（个）", "中类": "停车设施", "board": "民生基础需求", "类": "停车设施", "来源": "2025体检"}}, {"type": "Feature", "geometry": {"type": "Point", "coordinates": [111.272039, 30.722225]}, "properties": {"指标": "新能源汽车充电桩缺口数（个）", "中类": "停车设施", "board": "民生基础需求", "类": "停车设施", "来源": "2025体检"}}, {"type": "Feature", "geometry": {"type": "Point", "coordinates": [111.310886, 30.724414]}, "properties": {"指标": "新能源汽车充电桩缺口数（个）", "中类": "停车设施", "board": "民生基础需求", "类": "停车设施", "来源": "2025体检"}}, {"type": "Feature", "geometry": {"type": "Point", "coordinates": [111.287518, 30.706955]}, "properties": {"指标": "新能源汽车充电桩缺口数（个）", "中类": "停车设施", "board": "民生基础需求", "类": "停车设施", "来源": "2025体检"}}, {"type": "Feature", "geometry": {"type": "Point", "coordinates": [111.276497, 30.711097]}, "properties": {"指标": "新能源汽车充电桩缺口数（个）", "中类": "停车设施", "board": "民生基础需求", "类": "停车设施", "来源": "2025体检"}}, {"type": "Feature", "geometry": {"type": "Point", "coordinates": [111.29067, 30.710664]}, "properties": {"指标": "新能源汽车充电桩缺口数（个）", "中类": "停车设施", "board": "民生基础需求", "类": "停车设施", "来源": "2025体检"}}, {"type": "Feature", "geometry": {"type": "Point", "coordinates": [111.354255, 30.644871]}, "properties": {"指标": "新能源汽车充电桩缺口数（个）", "中类": "停车设施", "board": "民生基础需求", "类": "停车设施", "来源": "2025体检"}}, {"type": "Feature", "geometry": {"type": "Point", "coordinates": [111.31245, 30.688749]}, "properties": {"指标": "新能源汽车充电桩缺口数（个）", "中类": "停车设施", "board": "民生基础需求", "类": "停车设施", "来源": "2025体检"}}, {"type": "Feature", "geometry": {"type": "Point", "coordinates": [111.294544, 30.713506]}, "properties": {"指标": "新能源汽车充电桩缺口数（个）", "中类": "停车设施", "board": "民生基础需求", "类": "停车设施", "来源": "2025体检"}}, {"type": "Feature", "geometry": {"type": "Point", "coordinates": [111.287417, 30.707959]}, "properties": {"指标": "新能源汽车充电桩缺口数（个）", "中类": "停车设施", "board": "民生基础需求", "类": "停车设施", "来源": "2025体检"}}, {"type": "Feature", "geometry": {"type": "Point", "coordinates": [111.288951, 30.720854]}, "properties": {"指标": "新能源汽车充电桩缺口数（个）", "中类": "停车设施", "board": "民生基础需求", "类": "停车设施", "来源": "2025体检"}}, {"type": "Feature", "geometry": {"type": "Point", "coordinates": [111.276073, 30.722603]}, "properties": {"指标": "新能源汽车充电桩缺口数（个）", "中类": "停车设施", "board": "民生基础需求", "类": "停车设施", "来源": "2025体检"}}, {"type": "Feature", "geometry": {"type": "Point", "coordinates": [111.279666, 30.703542]}, "properties": {"指标": "新能源汽车充电桩缺口数（个）", "中类": "停车设施", "board": "民生基础需求", "类": "停车设施", "来源": "2025体检"}}, {"type": "Feature", "geometry": {"type": "Point", "coordinates": [111.290913, 30.723559]}, "properties": {"指标": "新能源汽车充电桩缺口数（个）", "中类": "停车设施", "board": "民生基础需求", "类": "停车设施", "来源": "2025体检"}}, {"type": "Feature", "geometry": {"type": "Point", "coordinates": [111.339492, 30.721821]}, "properties": {"指标": "新能源汽车充电桩缺口数（个）", "中类": "停车设施", "board": "民生基础需求", "类": "停车设施", "来源": "2025体检"}}, {"type": "Feature", "geometry": {"type": "Point", "coordinates": [111.327974, 30.732613]}, "properties": {"指标": "新能源汽车充电桩缺口数（个）", "中类": "停车设施", "board": "民生基础需求", "类": "停车设施", "来源": "2025体检"}}, {"type": "Feature", "geometry": {"type": "Point", "coordinates": [111.323518, 30.669744]}, "properties": {"指标": "新能源汽车充电桩缺口数（个）", "中类": "停车设施", "board": "民生基础需求", "类": "停车设施", "来源": "2025体检"}}, {"type": "Feature", "geometry": {"type": "Point", "coordinates": [111.296189, 30.734809]}, "properties": {"指标": "新能源汽车充电桩缺口数（个）", "中类": "停车设施", "board": "民生基础需求", "类": "停车设施", "来源": "2025体检"}}, {"type": "Feature", "geometry": {"type": "Point", "coordinates": [111.286798, 30.709734]}, "properties": {"指标": "新能源汽车充电桩缺口数（个）", "中类": "停车设施", "board": "民生基础需求", "类": "停车设施", "来源": "2025体检"}}, {"type": "Feature", "geometry": {"type": "Point", "coordinates": [111.284628, 30.717624]}, "properties": {"指标": "新能源汽车充电桩缺口数（个）", "中类": "停车设施", "board": "民生基础需求", "类": "停车设施", "来源": "2025体检"}}, {"type": "Feature", "geometry": {"type": "Point", "coordinates": [111.288718, 30.709185]}, "properties": {"指标": "新能源汽车充电桩缺口数（个）", "中类": "停车设施", "board": "民生基础需求", "类": "停车设施", "来源": "2025体检"}}, {"type": "Feature", "geometry": {"type": "Point", "coordinates": [111.291883, 30.691661]}, "properties": {"指标": "新能源汽车充电桩缺口数（个）", "中类": "停车设施", "board": "民生基础需求", "类": "停车设施", "来源": "2025体检"}}, {"type": "Feature", "geometry": {"type": "Point", "coordinates": [111.275777, 30.714343]}, "properties": {"指标": "新能源汽车充电桩缺口数（个）", "中类": "停车设施", "board": "民生基础需求", "类": "停车设施", "来源": "2025体检"}}, {"type": "Feature", "geometry": {"type": "Point", "coordinates": [111.288479, 30.737576]}, "properties": {"指标": "新能源汽车充电桩缺口数（个）", "中类": "停车设施", "board": "民生基础需求", "类": "停车设施", "来源": "2025体检"}}, {"type": "Feature", "geometry": {"type": "Point", "coordinates": [111.286828, 30.717006]}, "properties": {"指标": "新能源汽车充电桩缺口数（个）", "中类": "停车设施", "board": "民生基础需求", "类": "停车设施", "来源": "2025体检"}}, {"type": "Feature", "geometry": {"type": "Point", "coordinates": [111.301773, 30.69291]}, "properties": {"指标": "新能源汽车充电桩缺口数（个）", "中类": "停车设施", "board": "民生基础需求", "类": "停车设施", "来源": "2025体检"}}, {"type": "Feature", "geometry": {"type": "Point", "coordinates": [111.31419, 30.693092]}, "properties": {"指标": "新能源汽车充电桩缺口数（个）", "中类": "停车设施", "board": "民生基础需求", "类": "停车设施", "来源": "2025体检"}}, {"type": "Feature", "geometry": {"type": "Point", "coordinates": [111.293198, 30.708559]}, "properties": {"指标": "新能源汽车充电桩缺口数（个）", "中类": "停车设施", "board": "民生基础需求", "类": "停车设施", "来源": "2025体检"}}, {"type": "Feature", "geometry": {"type": "Point", "coordinates": [111.288699, 30.724856]}, "properties": {"指标": "新能源汽车充电桩缺口数（个）", "中类": "停车设施", "board": "民生基础需求", "类": "停车设施", "来源": "2025体检"}}, {"type": "Feature", "geometry": {"type": "Point", "coordinates": [111.288262, 30.695898]}, "properties": {"指标": "新能源汽车充电桩缺口数（个）", "中类": "停车设施", "board": "民生基础需求", "类": "停车设施", "来源": "2025体检"}}, {"type": "Feature", "geometry": {"type": "Point", "coordinates": [111.280268, 30.710926]}, "properties": {"指标": "新能源汽车充电桩缺口数（个）", "中类": "停车设施", "board": "民生基础需求", "类": "停车设施", "来源": "2025体检"}}, {"type": "Feature", "geometry": {"type": "Point", "coordinates": [111.306915, 30.704515]}, "properties": {"指标": "新能源汽车充电桩缺口数（个）", "中类": "停车设施", "board": "民生基础需求", "类": "停车设施", "来源": "2025体检"}}, {"type": "Feature", "geometry": {"type": "Point", "coordinates": [111.286972, 30.717926]}, "properties": {"指标": "新能源汽车充电桩缺口数（个）", "中类": "停车设施", "board": "民生基础需求", "类": "停车设施", "来源": "2025体检"}}, {"type": "Feature", "geometry": {"type": "Point", "coordinates": [111.323901, 30.664886]}, "properties": {"指标": "新能源汽车充电桩缺口数（个）", "中类": "停车设施", "board": "民生基础需求", "类": "停车设施", "来源": "2025体检"}}, {"type": "Feature", "geometry": {"type": "Point", "coordinates": [111.294522, 30.690946]}, "properties": {"指标": "新能源汽车充电桩缺口数（个）", "中类": "停车设施", "board": "民生基础需求", "类": "停车设施", "来源": "2025体检"}}, {"type": "Feature", "geometry": {"type": "Point", "coordinates": [111.287914, 30.694485]}, "properties": {"指标": "未配建电动自行车充电设施的小区数量（个）", "中类": "停车设施", "board": "民生基础需求", "类": "停车设施", "来源": "2025体检"}}, {"type": "Feature", "geometry": {"type": "Point", "coordinates": [111.300467, 30.707559]}, "properties": {"指标": "未配建电动自行车充电设施的小区数量（个）", "中类": "停车设施", "board": "民生基础需求", "类": "停车设施", "来源": "2025体检"}}, {"type": "Feature", "geometry": {"type": "Point", "coordinates": [111.296189, 30.734817]}, "properties": {"指标": "未配建电动自行车充电设施的小区数量（个）", "中类": "停车设施", "board": "民生基础需求", "类": "停车设施", "来源": "2025体检"}}, {"type": "Feature", "geometry": {"type": "Point", "coordinates": [111.293864, 30.713448]}, "properties": {"指标": "未配建电动自行车充电设施的小区数量（个）", "中类": "停车设施", "board": "民生基础需求", "类": "停车设施", "来源": "2025体检"}}, {"type": "Feature", "geometry": {"type": "Point", "coordinates": [111.32835, 30.732881]}, "properties": {"指标": "未配建电动自行车充电设施的小区数量（个）", "中类": "停车设施", "board": "民生基础需求", "类": "停车设施", "来源": "2025体检"}}, {"type": "Feature", "geometry": {"type": "Point", "coordinates": [111.283485, 30.693742]}, "properties": {"指标": "未配建电动自行车充电设施的小区数量（个）", "中类": "停车设施", "board": "民生基础需求", "类": "停车设施", "来源": "2025体检"}}, {"type": "Feature", "geometry": {"type": "Point", "coordinates": [111.293416, 30.700185]}, "properties": {"指标": "未配建电动自行车充电设施的小区数量（个）", "中类": "停车设施", "board": "民生基础需求", "类": "停车设施", "来源": "2025体检"}}, {"type": "Feature", "geometry": {"type": "Point", "coordinates": [111.293156, 30.70113]}, "properties": {"指标": "未配建电动自行车充电设施的小区数量（个）", "中类": "停车设施", "board": "民生基础需求", "类": "停车设施", "来源": "2025体检"}}, {"type": "Feature", "geometry": {"type": "Point", "coordinates": [111.289427, 30.702796]}, "properties": {"指标": "未配建电动自行车充电设施的小区数量（个）", "中类": "停车设施", "board": "民生基础需求", "类": "停车设施", "来源": "2025体检"}}, {"type": "Feature", "geometry": {"type": "Point", "coordinates": [111.290042, 30.718507]}, "properties": {"指标": "未配建电动自行车充电设施的小区数量（个）", "中类": "停车设施", "board": "民生基础需求", "类": "停车设施", "来源": "2025体检"}}, {"type": "Feature", "geometry": {"type": "Point", "coordinates": [111.311016, 30.676167]}, "properties": {"指标": "未配建电动自行车充电设施的小区数量（个）", "中类": "停车设施", "board": "民生基础需求", "类": "停车设施", "来源": "2025体检"}}, {"type": "Feature", "geometry": {"type": "Point", "coordinates": [111.310886, 30.724414]}, "properties": {"指标": "未配建电动自行车充电设施的小区数量（个）", "中类": "停车设施", "board": "民生基础需求", "类": "停车设施", "来源": "2025体检"}}, {"type": "Feature", "geometry": {"type": "Point", "coordinates": [111.299311, 30.708826]}, "properties": {"指标": "未配建电动自行车充电设施的小区数量（个）", "中类": "停车设施", "board": "民生基础需求", "类": "停车设施", "来源": "2025体检"}}, {"type": "Feature", "geometry": {"type": "Point", "coordinates": [111.321921, 30.740377]}, "properties": {"指标": "未配建电动自行车充电设施的小区数量（个）", "中类": "停车设施", "board": "民生基础需求", "类": "停车设施", "来源": "2025体检"}}, {"type": "Feature", "geometry": {"type": "Point", "coordinates": [111.323141, 30.73751]}, "properties": {"指标": "未配建电动自行车充电设施的小区数量（个）", "中类": "停车设施", "board": "民生基础需求", "类": "停车设施", "来源": "2025体检"}}, {"type": "Feature", "geometry": {"type": "Point", "coordinates": [111.278868, 30.704115]}, "properties": {"指标": "未配建电动自行车充电设施的小区数量（个）", "中类": "停车设施", "board": "民生基础需求", "类": "停车设施", "来源": "2025体检"}}, {"type": "Feature", "geometry": {"type": "Point", "coordinates": [111.294148, 30.708957]}, "properties": {"指标": "未配建电动自行车充电设施的小区数量（个）", "中类": "停车设施", "board": "民生基础需求", "类": "停车设施", "来源": "2025体检"}}, {"type": "Feature", "geometry": {"type": "Point", "coordinates": [111.28776, 30.720442]}, "properties": {"指标": "未配建电动自行车充电设施的小区数量（个）", "中类": "停车设施", "board": "民生基础需求", "类": "停车设施", "来源": "2025体检"}}, {"type": "Feature", "geometry": {"type": "Point", "coordinates": [111.312467, 30.699448]}, "properties": {"指标": "未配建电动自行车充电设施的小区数量（个）", "中类": "停车设施", "board": "民生基础需求", "类": "停车设施", "来源": "2025体检"}}, {"type": "Feature", "geometry": {"type": "Point", "coordinates": [111.2872, 30.728171]}, "properties": {"指标": "未配建电动自行车充电设施的小区数量（个）", "中类": "停车设施", "board": "民生基础需求", "类": "停车设施", "来源": "2025体检"}}, {"type": "Feature", "geometry": {"type": "Point", "coordinates": [111.293765, 30.70749]}, "properties": {"指标": "未配建电动自行车充电设施的小区数量（个）", "中类": "停车设施", "board": "民生基础需求", "类": "停车设施", "来源": "2025体检"}}, {"type": "Feature", "geometry": {"type": "Point", "coordinates": [111.294137, 30.701566]}, "properties": {"指标": "未配建电动自行车充电设施的小区数量（个）", "中类": "停车设施", "board": "民生基础需求", "类": "停车设施", "来源": "2025体检"}}, {"type": "Feature", "geometry": {"type": "Point", "coordinates": [111.288262, 30.695898]}, "properties": {"指标": "未配建电动自行车充电设施的小区数量（个）", "中类": "停车设施", "board": "民生基础需求", "类": "停车设施", "来源": "2025体检"}}, {"type": "Feature", "geometry": {"type": "Point", "coordinates": [111.289015, 30.692013]}, "properties": {"指标": "未配建电动自行车充电设施的小区数量（个）", "中类": "停车设施", "board": "民生基础需求", "类": "停车设施", "来源": "2025体检"}}, {"type": "Feature", "geometry": {"type": "Point", "coordinates": [111.29153, 30.707335]}, "properties": {"指标": "未配建电动自行车充电设施的小区数量（个）", "中类": "停车设施", "board": "民生基础需求", "类": "停车设施", "来源": "2025体检"}}, {"type": "Feature", "geometry": {"type": "Point", "coordinates": [111.310886, 30.724414]}, "properties": {"指标": "未配建电动自行车充电设施的小区数量（个）", "中类": "停车设施", "board": "民生基础需求", "类": "停车设施", "来源": "2025体检"}}, {"type": "Feature", "geometry": {"type": "Point", "coordinates": [111.294769, 30.730056]}, "properties": {"指标": "未配建电动自行车充电设施的小区数量（个）", "中类": "停车设施", "board": "民生基础需求", "类": "停车设施", "来源": "2025体检"}}, {"type": "Feature", "geometry": {"type": "Point", "coordinates": [111.294604, 30.713531]}, "properties": {"指标": "未配建电动自行车充电设施的小区数量（个）", "中类": "停车设施", "board": "民生基础需求", "类": "停车设施", "来源": "2025体检"}}, {"type": "Feature", "geometry": {"type": "Point", "coordinates": [111.291775, 30.700898]}, "properties": {"指标": "未配建电动自行车充电设施的小区数量（个）", "中类": "停车设施", "board": "民生基础需求", "类": "停车设施", "来源": "2025体检"}}, {"type": "Feature", "geometry": {"type": "Point", "coordinates": [111.28022, 30.713999]}, "properties": {"指标": "未配建电动自行车充电设施的小区数量（个）", "中类": "停车设施", "board": "民生基础需求", "类": "停车设施", "来源": "2025体检"}}, {"type": "Feature", "geometry": {"type": "Point", "coordinates": [111.322509, 30.734689]}, "properties": {"指标": "未配建电动自行车充电设施的小区数量（个）", "中类": "停车设施", "board": "民生基础需求", "类": "停车设施", "来源": "2025体检"}}, {"type": "Feature", "geometry": {"type": "Point", "coordinates": [111.313935, 30.673894]}, "properties": {"指标": "未配建电动自行车充电设施的小区数量（个）", "中类": "停车设施", "board": "民生基础需求", "类": "停车设施", "来源": "2025体检"}}, {"type": "Feature", "geometry": {"type": "Point", "coordinates": [111.29078, 30.700411]}, "properties": {"指标": "未配建电动自行车充电设施的小区数量（个）", "中类": "停车设施", "board": "民生基础需求", "类": "停车设施", "来源": "2025体检"}}, {"type": "Feature", "geometry": {"type": "Point", "coordinates": [111.295477, 30.728019]}, "properties": {"指标": "未配建电动自行车充电设施的小区数量（个）", "中类": "停车设施", "board": "民生基础需求", "类": "停车设施", "来源": "2025体检"}}, {"type": "Feature", "geometry": {"type": "Point", "coordinates": [111.292741, 30.713823]}, "properties": {"指标": "未配建电动自行车充电设施的小区数量（个）", "中类": "停车设施", "board": "民生基础需求", "类": "停车设施", "来源": "2025体检"}}, {"type": "Feature", "geometry": {"type": "Point", "coordinates": [111.300512, 30.706456]}, "properties": {"指标": "未配建电动自行车充电设施的小区数量（个）", "中类": "停车设施", "board": "民生基础需求", "类": "停车设施", "来源": "2025体检"}}, {"type": "Feature", "geometry": {"type": "Point", "coordinates": [111.296302, 30.716455]}, "properties": {"指标": "未配建电动自行车充电设施的小区数量（个）", "中类": "停车设施", "board": "民生基础需求", "类": "停车设施", "来源": "2025体检"}}, {"type": "Feature", "geometry": {"type": "Point", "coordinates": [111.292277, 30.696398]}, "properties": {"指标": "未配建电动自行车充电设施的小区数量（个）", "中类": "停车设施", "board": "民生基础需求", "类": "停车设施", "来源": "2025体检"}}, {"type": "Feature", "geometry": {"type": "Point", "coordinates": [111.29234, 30.707766]}, "properties": {"指标": "未配建电动自行车充电设施的小区数量（个）", "中类": "停车设施", "board": "民生基础需求", "类": "停车设施", "来源": "2025体检"}}, {"type": "Feature", "geometry": {"type": "Point", "coordinates": [111.284594, 30.704764]}, "properties": {"指标": "未配建电动自行车充电设施的小区数量（个）", "中类": "停车设施", "board": "民生基础需求", "类": "停车设施", "来源": "2025体检"}}, {"type": "Feature", "geometry": {"type": "Point", "coordinates": [111.293129, 30.726286]}, "properties": {"指标": "未配建电动自行车充电设施的小区数量（个）", "中类": "停车设施", "board": "民生基础需求", "类": "停车设施", "来源": "2025体检"}}, {"type": "Feature", "geometry": {"type": "Point", "coordinates": [111.342599, 30.645881]}, "properties": {"指标": "未配建电动自行车充电设施的小区数量（个）", "中类": "停车设施", "board": "民生基础需求", "类": "停车设施", "来源": "2025体检"}}, {"type": "Feature", "geometry": {"type": "Point", "coordinates": [111.289175, 30.703745]}, "properties": {"指标": "未配建电动自行车充电设施的小区数量（个）", "中类": "停车设施", "board": "民生基础需求", "类": "停车设施", "来源": "2025体检"}}, {"type": "Feature", "geometry": {"type": "Point", "coordinates": [111.28993, 30.703392]}, "properties": {"指标": "未配建电动自行车充电设施的小区数量（个）", "中类": "停车设施", "board": "民生基础需求", "类": "停车设施", "来源": "2025体检"}}, {"type": "Feature", "geometry": {"type": "Point", "coordinates": [111.29217, 30.733531]}, "properties": {"指标": "未配建电动自行车充电设施的小区数量（个）", "中类": "停车设施", "board": "民生基础需求", "类": "停车设施", "来源": "2025体检"}}, {"type": "Feature", "geometry": {"type": "Point", "coordinates": [111.308943, 30.690471]}, "properties": {"指标": "未配建电动自行车充电设施的小区数量（个）", "中类": "停车设施", "board": "民生基础需求", "类": "停车设施", "来源": "2025体检"}}, {"type": "Feature", "geometry": {"type": "Point", "coordinates": [111.305839, 30.696197]}, "properties": {"指标": "未配建电动自行车充电设施的小区数量（个）", "中类": "停车设施", "board": "民生基础需求", "类": "停车设施", "来源": "2025体检"}}, {"type": "Feature", "geometry": {"type": "Point", "coordinates": [111.314123, 30.693127]}, "properties": {"指标": "未配建电动自行车充电设施的小区数量（个）", "中类": "停车设施", "board": "民生基础需求", "类": "停车设施", "来源": "2025体检"}}, {"type": "Feature", "geometry": {"type": "Point", "coordinates": [111.294326, 30.731214]}, "properties": {"指标": "未配建电动自行车充电设施的小区数量（个）", "中类": "停车设施", "board": "民生基础需求", "类": "停车设施", "来源": "2025体检"}}, {"type": "Feature", "geometry": {"type": "Point", "coordinates": [111.292186, 30.712324]}, "properties": {"指标": "未配建电动自行车充电设施的小区数量（个）", "中类": "停车设施", "board": "民生基础需求", "类": "停车设施", "来源": "2025体检"}}, {"type": "Feature", "geometry": {"type": "Point", "coordinates": [111.288826, 30.692108]}, "properties": {"指标": "不达标的步行道长度（千米）", "中类": "交通设施", "board": "民生基础需求", "类": "交通设施", "来源": "2025体检"}}, {"type": "Feature", "geometry": {"type": "Point", "coordinates": [111.293781, 30.725716]}, "properties": {"指标": "不达标的步行道长度（千米）", "中类": "交通设施", "board": "民生基础需求", "类": "交通设施", "来源": "2025体检"}}, {"type": "Feature", "geometry": {"type": "Point", "coordinates": [111.296196, 30.734839]}, "properties": {"指标": "不达标的步行道长度（千米）", "中类": "交通设施", "board": "民生基础需求", "类": "交通设施", "来源": "2025体检"}}, {"type": "Feature", "geometry": {"type": "Point", "coordinates": [111.292172, 30.727385]}, "properties": {"指标": "不达标的步行道长度（千米）", "中类": "交通设施", "board": "民生基础需求", "类": "交通设施", "来源": "2025体检"}}, {"type": "Feature", "geometry": {"type": "Point", "coordinates": [111.27621, 30.729025]}, "properties": {"指标": "不达标的步行道长度（千米）", "中类": "交通设施", "board": "民生基础需求", "类": "交通设施", "来源": "2025体检"}}, {"type": "Feature", "geometry": {"type": "Point", "coordinates": [111.307838, 30.702262]}, "properties": {"指标": "不达标的步行道长度（千米）", "中类": "交通设施", "board": "民生基础需求", "类": "交通设施", "来源": "2025体检"}}, {"type": "Feature", "geometry": {"type": "Point", "coordinates": [111.297536, 30.705377]}, "properties": {"指标": "不达标的步行道长度（千米）", "中类": "交通设施", "board": "民生基础需求", "类": "交通设施", "来源": "2025体检"}}, {"type": "Feature", "geometry": {"type": "Point", "coordinates": [111.290042, 30.718507]}, "properties": {"指标": "不达标的步行道长度（千米）", "中类": "交通设施", "board": "民生基础需求", "类": "交通设施", "来源": "2025体检"}}, {"type": "Feature", "geometry": {"type": "Point", "coordinates": [111.287817, 30.692548]}, "properties": {"指标": "不达标的步行道长度（千米）", "中类": "交通设施", "board": "民生基础需求", "类": "交通设施", "来源": "2025体检"}}, {"type": "Feature", "geometry": {"type": "Point", "coordinates": [111.287253, 30.707905]}, "properties": {"指标": "不达标的步行道长度（千米）", "中类": "交通设施", "board": "民生基础需求", "类": "交通设施", "来源": "2025体检"}}, {"type": "Feature", "geometry": {"type": "Point", "coordinates": [111.278072, 30.729168]}, "properties": {"指标": "不达标的步行道长度（千米）", "中类": "交通设施", "board": "民生基础需求", "类": "交通设施", "来源": "2025体检"}}, {"type": "Feature", "geometry": {"type": "Point", "coordinates": [111.300258, 30.706491]}, "properties": {"指标": "不达标的步行道长度（千米）", "中类": "交通设施", "board": "民生基础需求", "类": "交通设施", "来源": "2025体检"}}, {"type": "Feature", "geometry": {"type": "Point", "coordinates": [111.289093, 30.738541]}, "properties": {"指标": "不达标的步行道长度（千米）", "中类": "交通设施", "board": "民生基础需求", "类": "交通设施", "来源": "2025体检"}}, {"type": "Feature", "geometry": {"type": "Point", "coordinates": [111.276497, 30.711097]}, "properties": {"指标": "不达标的步行道长度（千米）", "中类": "交通设施", "board": "民生基础需求", "类": "交通设施", "来源": "2025体检"}}, {"type": "Feature", "geometry": {"type": "Point", "coordinates": [111.29416, 30.728932]}, "properties": {"指标": "不达标的步行道长度（千米）", "中类": "交通设施", "board": "民生基础需求", "类": "交通设施", "来源": "2025体检"}}, {"type": "Feature", "geometry": {"type": "Point", "coordinates": [111.308457, 30.704208]}, "properties": {"指标": "不达标的步行道长度（千米）", "中类": "交通设施", "board": "民生基础需求", "类": "交通设施", "来源": "2025体检"}}, {"type": "Feature", "geometry": {"type": "Point", "coordinates": [111.354307, 30.651865]}, "properties": {"指标": "不达标的步行道长度（千米）", "中类": "交通设施", "board": "民生基础需求", "类": "交通设施", "来源": "2025体检"}}, {"type": "Feature", "geometry": {"type": "Point", "coordinates": [111.29549, 30.727942]}, "properties": {"指标": "不达标的步行道长度（千米）", "中类": "交通设施", "board": "民生基础需求", "类": "交通设施", "来源": "2025体检"}}, {"type": "Feature", "geometry": {"type": "Point", "coordinates": [111.292344, 30.723835]}, "properties": {"指标": "不达标的步行道长度（千米）", "中类": "交通设施", "board": "民生基础需求", "类": "交通设施", "来源": "2025体检"}}, {"type": "Feature", "geometry": {"type": "Point", "coordinates": [111.354609, 30.650614]}, "properties": {"指标": "不达标的步行道长度（千米）", "中类": "交通设施", "board": "民生基础需求", "类": "交通设施", "来源": "2025体检"}}, {"type": "Feature", "geometry": {"type": "Point", "coordinates": [111.279346, 30.728679]}, "properties": {"指标": "不达标的步行道长度（千米）", "中类": "交通设施", "board": "民生基础需求", "类": "交通设施", "来源": "2025体检"}}, {"type": "Feature", "geometry": {"type": "Point", "coordinates": [111.293109, 30.699708]}, "properties": {"指标": "不达标的步行道长度（千米）", "中类": "交通设施", "board": "民生基础需求", "类": "交通设施", "来源": "2025体检"}}, {"type": "Feature", "geometry": {"type": "Point", "coordinates": [111.288664, 30.691223]}, "properties": {"指标": "不达标的步行道长度（千米）", "中类": "交通设施", "board": "民生基础需求", "类": "交通设施", "来源": "2025体检"}}, {"type": "Feature", "geometry": {"type": "Point", "coordinates": [111.290929, 30.69517]}, "properties": {"指标": "不达标的步行道长度（千米）", "中类": "交通设施", "board": "民生基础需求", "类": "交通设施", "来源": "2025体检"}}, {"type": "Feature", "geometry": {"type": "Point", "coordinates": [111.298945, 30.69068]}, "properties": {"指标": "未实施物业管理的小区数量（个）", "中类": "物业街面", "board": "民生基础需求", "类": "物业街面", "来源": "2025体检"}}, {"type": "Feature", "geometry": {"type": "Point", "coordinates": [111.281359, 30.708714]}, "properties": {"指标": "未实施物业管理的小区数量（个）", "中类": "物业街面", "board": "民生基础需求", "类": "物业街面", "来源": "2025体检"}}, {"type": "Feature", "geometry": {"type": "Point", "coordinates": [111.312949, 30.674338]}, "properties": {"指标": "未实施物业管理的小区数量（个）", "中类": "物业街面", "board": "民生基础需求", "类": "物业街面", "来源": "2025体检"}}, {"type": "Feature", "geometry": {"type": "Point", "coordinates": [111.306701, 30.708186]}, "properties": {"指标": "未实施物业管理的小区数量（个）", "中类": "物业街面", "board": "民生基础需求", "类": "物业街面", "来源": "2025体检"}}, {"type": "Feature", "geometry": {"type": "Point", "coordinates": [111.307141, 30.685214]}, "properties": {"指标": "未实施物业管理的小区数量（个）", "中类": "物业街面", "board": "民生基础需求", "类": "物业街面", "来源": "2025体检"}}, {"type": "Feature", "geometry": {"type": "Point", "coordinates": [111.27262, 30.705257]}, "properties": {"指标": "未实施物业管理的小区数量（个）", "中类": "物业街面", "board": "民生基础需求", "类": "物业街面", "来源": "2025体检"}}, {"type": "Feature", "geometry": {"type": "Point", "coordinates": [111.284353, 30.699211]}, "properties": {"指标": "未实施物业管理的小区数量（个）", "中类": "物业街面", "board": "民生基础需求", "类": "物业街面", "来源": "2025体检"}}, {"type": "Feature", "geometry": {"type": "Point", "coordinates": [111.289463, 30.701452]}, "properties": {"指标": "未实施物业管理的小区数量（个）", "中类": "物业街面", "board": "民生基础需求", "类": "物业街面", "来源": "2025体检"}}, {"type": "Feature", "geometry": {"type": "Point", "coordinates": [111.282321, 30.704545]}, "properties": {"指标": "未实施物业管理的小区数量（个）", "中类": "物业街面", "board": "民生基础需求", "类": "物业街面", "来源": "2025体检"}}, {"type": "Feature", "geometry": {"type": "Point", "coordinates": [111.287186, 30.728168]}, "properties": {"指标": "未实施物业管理的小区数量（个）", "中类": "物业街面", "board": "民生基础需求", "类": "物业街面", "来源": "2025体检"}}, {"type": "Feature", "geometry": {"type": "Point", "coordinates": [111.277112, 30.724871]}, "properties": {"指标": "未实施物业管理的小区数量（个）", "中类": "物业街面", "board": "民生基础需求", "类": "物业街面", "来源": "2025体检"}}, {"type": "Feature", "geometry": {"type": "Point", "coordinates": [111.312508, 30.699471]}, "properties": {"指标": "未实施物业管理的小区数量（个）", "中类": "物业街面", "board": "民生基础需求", "类": "物业街面", "来源": "2025体检"}}, {"type": "Feature", "geometry": {"type": "Point", "coordinates": [111.285156, 30.693481]}, "properties": {"指标": "未实施物业管理的小区数量（个）", "中类": "物业街面", "board": "民生基础需求", "类": "物业街面", "来源": "2025体检"}}, {"type": "Feature", "geometry": {"type": "Point", "coordinates": [111.355176, 30.639865]}, "properties": {"指标": "未实施物业管理的小区数量（个）", "中类": "物业街面", "board": "民生基础需求", "类": "物业街面", "来源": "2025体检"}}, {"type": "Feature", "geometry": {"type": "Point", "coordinates": [111.320122, 30.672422]}, "properties": {"指标": "未实施物业管理的小区数量（个）", "中类": "物业街面", "board": "民生基础需求", "类": "物业街面", "来源": "2025体检"}}, {"type": "Feature", "geometry": {"type": "Point", "coordinates": [111.287594, 30.698176]}, "properties": {"指标": "未实施物业管理的小区数量（个）", "中类": "物业街面", "board": "民生基础需求", "类": "物业街面", "来源": "2025体检"}}, {"type": "Feature", "geometry": {"type": "Point", "coordinates": [111.280783, 30.715328]}, "properties": {"指标": "未实施物业管理的小区数量（个）", "中类": "物业街面", "board": "民生基础需求", "类": "物业街面", "来源": "2025体检"}}, {"type": "Feature", "geometry": {"type": "Point", "coordinates": [111.291595, 30.710982]}, "properties": {"指标": "未实施物业管理的小区数量（个）", "中类": "物业街面", "board": "民生基础需求", "类": "物业街面", "来源": "2025体检"}}, {"type": "Feature", "geometry": {"type": "Point", "coordinates": [111.317059, 30.673124]}, "properties": {"指标": "未实施物业管理的小区数量（个）", "中类": "物业街面", "board": "民生基础需求", "类": "物业街面", "来源": "2025体检"}}, {"type": "Feature", "geometry": {"type": "Point", "coordinates": [111.308076, 30.679545]}, "properties": {"指标": "未实施物业管理的小区数量（个）", "中类": "物业街面", "board": "民生基础需求", "类": "物业街面", "来源": "2025体检"}}, {"type": "Feature", "geometry": {"type": "Point", "coordinates": [111.302607, 30.740405]}, "properties": {"指标": "未实施物业管理的小区数量（个）", "中类": "物业街面", "board": "民生基础需求", "类": "物业街面", "来源": "2025体检"}}, {"type": "Feature", "geometry": {"type": "Point", "coordinates": [111.29594, 30.68974]}, "properties": {"指标": "未实施物业管理的小区数量（个）", "中类": "物业街面", "board": "民生基础需求", "类": "物业街面", "来源": "2025体检"}}, {"type": "Feature", "geometry": {"type": "Point", "coordinates": [111.279659, 30.714723]}, "properties": {"指标": "未实施物业管理的小区数量（个）", "中类": "物业街面", "board": "民生基础需求", "类": "物业街面", "来源": "2025体检"}}, {"type": "Feature", "geometry": {"type": "Point", "coordinates": [111.288898, 30.695789]}, "properties": {"指标": "未实施物业管理的小区数量（个）", "中类": "物业街面", "board": "民生基础需求", "类": "物业街面", "来源": "2025体检"}}, {"type": "Feature", "geometry": {"type": "Point", "coordinates": [111.290486, 30.69005]}, "properties": {"指标": "未实施物业管理的小区数量（个）", "中类": "物业街面", "board": "民生基础需求", "类": "物业街面", "来源": "2025体检"}}, {"type": "Feature", "geometry": {"type": "Point", "coordinates": [111.292266, 30.712783]}, "properties": {"指标": "未实施物业管理的小区数量（个）", "中类": "物业街面", "board": "民生基础需求", "类": "物业街面", "来源": "2025体检"}}, {"type": "Feature", "geometry": {"type": "Point", "coordinates": [111.31975, 30.672519]}, "properties": {"指标": "未实施物业管理的小区数量（个）", "中类": "物业街面", "board": "民生基础需求", "类": "物业街面", "来源": "2025体检"}}, {"type": "Feature", "geometry": {"type": "Point", "coordinates": [111.298566, 30.704228]}, "properties": {"指标": "未实施物业管理的小区数量（个）", "中类": "物业街面", "board": "民生基础需求", "类": "物业街面", "来源": "2025体检"}}, {"type": "Feature", "geometry": {"type": "Point", "coordinates": [111.308605, 30.705478]}, "properties": {"指标": "未实施物业管理的小区数量（个）", "中类": "物业街面", "board": "民生基础需求", "类": "物业街面", "来源": "2025体检"}}, {"type": "Feature", "geometry": {"type": "Point", "coordinates": [111.273309, 30.724408]}, "properties": {"指标": "未实施物业管理的小区数量（个）", "中类": "物业街面", "board": "民生基础需求", "类": "物业街面", "来源": "2025体检"}}, {"type": "Feature", "geometry": {"type": "Point", "coordinates": [111.287571, 30.694718]}, "properties": {"指标": "未实施物业管理的小区数量（个）", "中类": "物业街面", "board": "民生基础需求", "类": "物业街面", "来源": "2025体检"}}, {"type": "Feature", "geometry": {"type": "Point", "coordinates": [111.317201, 30.671065]}, "properties": {"指标": "未实施物业管理的小区数量（个）", "中类": "物业街面", "board": "民生基础需求", "类": "物业街面", "来源": "2025体检"}}, {"type": "Feature", "geometry": {"type": "Point", "coordinates": [111.32002, 30.673094]}, "properties": {"指标": "未实施物业管理的小区数量（个）", "中类": "物业街面", "board": "民生基础需求", "类": "物业街面", "来源": "2025体检"}}, {"type": "Feature", "geometry": {"type": "Point", "coordinates": [111.276584, 30.723336]}, "properties": {"指标": "未实施物业管理的小区数量（个）", "中类": "物业街面", "board": "民生基础需求", "类": "物业街面", "来源": "2025体检"}}, {"type": "Feature", "geometry": {"type": "Point", "coordinates": [111.292734, 30.713839]}, "properties": {"指标": "未实施物业管理的小区数量（个）", "中类": "物业街面", "board": "民生基础需求", "类": "物业街面", "来源": "2025体检"}}, {"type": "Feature", "geometry": {"type": "Point", "coordinates": [111.291231, 30.707852]}, "properties": {"指标": "未实施物业管理的小区数量（个）", "中类": "物业街面", "board": "民生基础需求", "类": "物业街面", "来源": "2025体检"}}, {"type": "Feature", "geometry": {"type": "Point", "coordinates": [111.298721, 30.689865]}, "properties": {"指标": "未实施物业管理的小区数量（个）", "中类": "物业街面", "board": "民生基础需求", "类": "物业街面", "来源": "2025体检"}}, {"type": "Feature", "geometry": {"type": "Point", "coordinates": [111.302927, 30.733693]}, "properties": {"指标": "未实施物业管理的小区数量（个）", "中类": "物业街面", "board": "民生基础需求", "类": "物业街面", "来源": "2025体检"}}, {"type": "Feature", "geometry": {"type": "Point", "coordinates": [111.279414, 30.715377]}, "properties": {"指标": "未实施物业管理的小区数量（个）", "中类": "物业街面", "board": "民生基础需求", "类": "物业街面", "来源": "2025体检"}}, {"type": "Feature", "geometry": {"type": "Point", "coordinates": [111.296096, 30.734775]}, "properties": {"指标": "未实施物业管理的小区数量（个）", "中类": "物业街面", "board": "民生基础需求", "类": "物业街面", "来源": "2025体检"}}, {"type": "Feature", "geometry": {"type": "Point", "coordinates": [111.312971, 30.678114]}, "properties": {"指标": "未实施物业管理的小区数量（个）", "中类": "物业街面", "board": "民生基础需求", "类": "物业街面", "来源": "2025体检"}}, {"type": "Feature", "geometry": {"type": "Point", "coordinates": [111.282989, 30.698698]}, "properties": {"指标": "未实施物业管理的小区数量（个）", "中类": "物业街面", "board": "民生基础需求", "类": "物业街面", "来源": "2025体检"}}, {"type": "Feature", "geometry": {"type": "Point", "coordinates": [111.282303, 30.708984]}, "properties": {"指标": "未实施物业管理的小区数量（个）", "中类": "物业街面", "board": "民生基础需求", "类": "物业街面", "来源": "2025体检"}}, {"type": "Feature", "geometry": {"type": "Point", "coordinates": [111.292242, 30.722622]}, "properties": {"指标": "未实施物业管理的小区数量（个）", "中类": "物业街面", "board": "民生基础需求", "类": "物业街面", "来源": "2025体检"}}, {"type": "Feature", "geometry": {"type": "Point", "coordinates": [111.290134, 30.691561]}, "properties": {"指标": "未实施物业管理的小区数量（个）", "中类": "物业街面", "board": "民生基础需求", "类": "物业街面", "来源": "2025体检"}}, {"type": "Feature", "geometry": {"type": "Point", "coordinates": [111.303355, 30.687049]}, "properties": {"指标": "未实施物业管理的小区数量（个）", "中类": "物业街面", "board": "民生基础需求", "类": "物业街面", "来源": "2025体检"}}, {"type": "Feature", "geometry": {"type": "Point", "coordinates": [111.278483, 30.703366]}, "properties": {"指标": "未实施物业管理的小区数量（个）", "中类": "物业街面", "board": "民生基础需求", "类": "物业街面", "来源": "2025体检"}}, {"type": "Feature", "geometry": {"type": "Point", "coordinates": [111.274117, 30.722356]}, "properties": {"指标": "未实施物业管理的小区数量（个）", "中类": "物业街面", "board": "民生基础需求", "类": "物业街面", "来源": "2025体检"}}, {"type": "Feature", "geometry": {"type": "Point", "coordinates": [111.287598, 30.698188]}, "properties": {"指标": "未实施物业管理的小区数量（个）", "中类": "物业街面", "board": "民生基础需求", "类": "物业街面", "来源": "2025体检"}}, {"type": "Feature", "geometry": {"type": "Point", "coordinates": [111.271698, 30.719264]}, "properties": {"指标": "未实施物业管理的小区数量（个）", "中类": "物业街面", "board": "民生基础需求", "类": "物业街面", "来源": "2025体检"}}, {"type": "Feature", "geometry": {"type": "Point", "coordinates": [111.288221, 30.714883]}, "properties": {"指标": "未实施物业管理的小区数量（个）", "中类": "物业街面", "board": "民生基础需求", "类": "物业街面", "来源": "2025体检"}}, {"type": "Feature", "geometry": {"type": "Point", "coordinates": [111.30467, 30.686274]}, "properties": {"指标": "未实施物业管理的小区数量（个）", "中类": "物业街面", "board": "民生基础需求", "类": "物业街面", "来源": "2025体检"}}, {"type": "Feature", "geometry": {"type": "Point", "coordinates": [111.281748, 30.695281]}, "properties": {"指标": "未实施物业管理的小区数量（个）", "中类": "物业街面", "board": "民生基础需求", "类": "物业街面", "来源": "2025体检"}}, {"type": "Feature", "geometry": {"type": "Point", "coordinates": [111.30419, 30.681712]}, "properties": {"指标": "未实施物业管理的小区数量（个）", "中类": "物业街面", "board": "民生基础需求", "类": "物业街面", "来源": "2025体检"}}, {"type": "Feature", "geometry": {"type": "Point", "coordinates": [111.297691, 30.696967]}, "properties": {"指标": "未实施物业管理的小区数量（个）", "中类": "物业街面", "board": "民生基础需求", "类": "物业街面", "来源": "2025体检"}}, {"type": "Feature", "geometry": {"type": "Point", "coordinates": [111.312864, 30.694393]}, "properties": {"指标": "未实施物业管理的小区数量（个）", "中类": "物业街面", "board": "民生基础需求", "类": "物业街面", "来源": "2025体检"}}, {"type": "Feature", "geometry": {"type": "Point", "coordinates": [111.296784, 30.697053]}, "properties": {"指标": "未实施物业管理的小区数量（个）", "中类": "物业街面", "board": "民生基础需求", "类": "物业街面", "来源": "2025体检"}}, {"type": "Feature", "geometry": {"type": "Point", "coordinates": [111.296946, 30.696504]}, "properties": {"指标": "未实施物业管理的小区数量（个）", "中类": "物业街面", "board": "民生基础需求", "类": "物业街面", "来源": "2025体检"}}, {"type": "Feature", "geometry": {"type": "Point", "coordinates": [111.284124, 30.708277]}, "properties": {"指标": "未实施物业管理的小区数量（个）", "中类": "物业街面", "board": "民生基础需求", "类": "物业街面", "来源": "2025体检"}}, {"type": "Feature", "geometry": {"type": "Point", "coordinates": [111.28484, 30.704326]}, "properties": {"指标": "未实施物业管理的小区数量（个）", "中类": "物业街面", "board": "民生基础需求", "类": "物业街面", "来源": "2025体检"}}, {"type": "Feature", "geometry": {"type": "Point", "coordinates": [111.281154, 30.709947]}, "properties": {"指标": "未实施物业管理的小区数量（个）", "中类": "物业街面", "board": "民生基础需求", "类": "物业街面", "来源": "2025体检"}}, {"type": "Feature", "geometry": {"type": "Point", "coordinates": [111.283452, 30.712209]}, "properties": {"指标": "未实施物业管理的小区数量（个）", "中类": "物业街面", "board": "民生基础需求", "类": "物业街面", "来源": "2025体检"}}, {"type": "Feature", "geometry": {"type": "Point", "coordinates": [111.283572, 30.699433]}, "properties": {"指标": "未实施物业管理的小区数量（个）", "中类": "物业街面", "board": "民生基础需求", "类": "物业街面", "来源": "2025体检"}}, {"type": "Feature", "geometry": {"type": "Point", "coordinates": [111.339543, 30.650635]}, "properties": {"指标": "未实施物业管理的小区数量（个）", "中类": "物业街面", "board": "民生基础需求", "类": "物业街面", "来源": "2025体检"}}, {"type": "Feature", "geometry": {"type": "Point", "coordinates": [111.31986, 30.67074]}, "properties": {"指标": "未实施物业管理的小区数量（个）", "中类": "物业街面", "board": "民生基础需求", "类": "物业街面", "来源": "2025体检"}}, {"type": "Feature", "geometry": {"type": "Point", "coordinates": [111.322035, 30.671791]}, "properties": {"指标": "未实施物业管理的小区数量（个）", "中类": "物业街面", "board": "民生基础需求", "类": "物业街面", "来源": "2025体检"}}, {"type": "Feature", "geometry": {"type": "Point", "coordinates": [111.300047, 30.689233]}, "properties": {"指标": "未实施物业管理的小区数量（个）", "中类": "物业街面", "board": "民生基础需求", "类": "物业街面", "来源": "2025体检"}}, {"type": "Feature", "geometry": {"type": "Point", "coordinates": [111.291525, 30.698204]}, "properties": {"指标": "未实施物业管理的小区数量（个）", "中类": "物业街面", "board": "民生基础需求", "类": "物业街面", "来源": "2025体检"}}, {"type": "Feature", "geometry": {"type": "Point", "coordinates": [111.316159, 30.67332]}, "properties": {"指标": "未实施物业管理的小区数量（个）", "中类": "物业街面", "board": "民生基础需求", "类": "物业街面", "来源": "2025体检"}}, {"type": "Feature", "geometry": {"type": "Point", "coordinates": [111.298422, 30.696727]}, "properties": {"指标": "未实施物业管理的小区数量（个）", "中类": "物业街面", "board": "民生基础需求", "类": "物业街面", "来源": "2025体检"}}, {"type": "Feature", "geometry": {"type": "Point", "coordinates": [111.295424, 30.714293]}, "properties": {"指标": "未实施物业管理的小区数量（个）", "中类": "物业街面", "board": "民生基础需求", "类": "物业街面", "来源": "2025体检"}}, {"type": "Feature", "geometry": {"type": "Point", "coordinates": [111.272946, 30.710275]}, "properties": {"指标": "未实施物业管理的小区数量（个）", "中类": "物业街面", "board": "民生基础需求", "类": "物业街面", "来源": "2025体检"}}, {"type": "Feature", "geometry": {"type": "Point", "coordinates": [111.301446, 30.733456]}, "properties": {"指标": "未实施物业管理的小区数量（个）", "中类": "物业街面", "board": "民生基础需求", "类": "物业街面", "来源": "2025体检"}}, {"type": "Feature", "geometry": {"type": "Point", "coordinates": [111.278872, 30.702231]}, "properties": {"指标": "未实施物业管理的小区数量（个）", "中类": "物业街面", "board": "民生基础需求", "类": "物业街面", "来源": "2025体检"}}, {"type": "Feature", "geometry": {"type": "Point", "coordinates": [111.296529, 30.696178]}, "properties": {"指标": "未实施物业管理的小区数量（个）", "中类": "物业街面", "board": "民生基础需求", "类": "物业街面", "来源": "2025体检"}}, {"type": "Feature", "geometry": {"type": "Point", "coordinates": [111.288765, 30.725097]}, "properties": {"指标": "未实施物业管理的小区数量（个）", "中类": "物业街面", "board": "民生基础需求", "类": "物业街面", "来源": "2025体检"}}, {"type": "Feature", "geometry": {"type": "Point", "coordinates": [111.315647, 30.670921]}, "properties": {"指标": "未实施物业管理的小区数量（个）", "中类": "物业街面", "board": "民生基础需求", "类": "物业街面", "来源": "2025体检"}}, {"type": "Feature", "geometry": {"type": "Point", "coordinates": [111.355809, 30.654448]}, "properties": {"指标": "未实施物业管理的小区数量（个）", "中类": "物业街面", "board": "民生基础需求", "类": "物业街面", "来源": "2025体检"}}, {"type": "Feature", "geometry": {"type": "Point", "coordinates": [111.305566, 30.712323]}, "properties": {"指标": "未实施物业管理的小区数量（个）", "中类": "物业街面", "board": "民生基础需求", "类": "物业街面", "来源": "2025体检"}}, {"type": "Feature", "geometry": {"type": "Point", "coordinates": [111.30432, 30.682133]}, "properties": {"指标": "未实施物业管理的小区数量（个）", "中类": "物业街面", "board": "民生基础需求", "类": "物业街面", "来源": "2025体检"}}, {"type": "Feature", "geometry": {"type": "Point", "coordinates": [111.314137, 30.688453]}, "properties": {"指标": "未实施物业管理的小区数量（个）", "中类": "物业街面", "board": "民生基础需求", "类": "物业街面", "来源": "2025体检"}}, {"type": "Feature", "geometry": {"type": "Point", "coordinates": [111.353679, 30.644669]}, "properties": {"指标": "未实施物业管理的小区数量（个）", "中类": "物业街面", "board": "民生基础需求", "类": "物业街面", "来源": "2025体检"}}, {"type": "Feature", "geometry": {"type": "Point", "coordinates": [111.277058, 30.712159]}, "properties": {"指标": "未实施物业管理的小区数量（个）", "中类": "物业街面", "board": "民生基础需求", "类": "物业街面", "来源": "2025体检"}}, {"type": "Feature", "geometry": {"type": "Point", "coordinates": [111.315459, 30.671239]}, "properties": {"指标": "未实施物业管理的小区数量（个）", "中类": "物业街面", "board": "民生基础需求", "类": "物业街面", "来源": "2025体检"}}, {"type": "Feature", "geometry": {"type": "Point", "coordinates": [111.30502, 30.682574]}, "properties": {"指标": "未实施物业管理的小区数量（个）", "中类": "物业街面", "board": "民生基础需求", "类": "物业街面", "来源": "2025体检"}}, {"type": "Feature", "geometry": {"type": "Point", "coordinates": [111.35427, 30.639771]}, "properties": {"指标": "未实施物业管理的小区数量（个）", "中类": "物业街面", "board": "民生基础需求", "类": "物业街面", "来源": "2025体检"}}, {"type": "Feature", "geometry": {"type": "Point", "coordinates": [111.284331, 30.707132]}, "properties": {"指标": "未实施物业管理的小区数量（个）", "中类": "物业街面", "board": "民生基础需求", "类": "物业街面", "来源": "2025体检"}}, {"type": "Feature", "geometry": {"type": "Point", "coordinates": [111.284099, 30.695264]}, "properties": {"指标": "未实施物业管理的小区数量（个）", "中类": "物业街面", "board": "民生基础需求", "类": "物业街面", "来源": "2025体检"}}, {"type": "Feature", "geometry": {"type": "Point", "coordinates": [111.315713, 30.672949]}, "properties": {"指标": "未实施物业管理的小区数量（个）", "中类": "物业街面", "board": "民生基础需求", "类": "物业街面", "来源": "2025体检"}}, {"type": "Feature", "geometry": {"type": "Point", "coordinates": [111.276379, 30.725875]}, "properties": {"指标": "未实施物业管理的小区数量（个）", "中类": "物业街面", "board": "民生基础需求", "类": "物业街面", "来源": "2025体检"}}, {"type": "Feature", "geometry": {"type": "Point", "coordinates": [111.282913, 30.725311]}, "properties": {"指标": "未实施物业管理的小区数量（个）", "中类": "物业街面", "board": "民生基础需求", "类": "物业街面", "来源": "2025体检"}}, {"type": "Feature", "geometry": {"type": "Point", "coordinates": [111.31756, 30.673726]}, "properties": {"指标": "未实施物业管理的小区数量（个）", "中类": "物业街面", "board": "民生基础需求", "类": "物业街面", "来源": "2025体检"}}, {"type": "Feature", "geometry": {"type": "Point", "coordinates": [111.290612, 30.701044]}, "properties": {"指标": "未实施物业管理的小区数量（个）", "中类": "物业街面", "board": "民生基础需求", "类": "物业街面", "来源": "2025体检"}}, {"type": "Feature", "geometry": {"type": "Point", "coordinates": [111.345797, 30.647318]}, "properties": {"指标": "未实施物业管理的小区数量（个）", "中类": "物业街面", "board": "民生基础需求", "类": "物业街面", "来源": "2025体检"}}, {"type": "Feature", "geometry": {"type": "Point", "coordinates": [111.28229, 30.697104]}, "properties": {"指标": "未实施物业管理的小区数量（个）", "中类": "物业街面", "board": "民生基础需求", "类": "物业街面", "来源": "2025体检"}}, {"type": "Feature", "geometry": {"type": "Point", "coordinates": [111.309488, 30.683536]}, "properties": {"指标": "未实施物业管理的小区数量（个）", "中类": "物业街面", "board": "民生基础需求", "类": "物业街面", "来源": "2025体检"}}, {"type": "Feature", "geometry": {"type": "Point", "coordinates": [111.314769, 30.673932]}, "properties": {"指标": "未实施物业管理的小区数量（个）", "中类": "物业街面", "board": "民生基础需求", "类": "物业街面", "来源": "2025体检"}}, {"type": "Feature", "geometry": {"type": "Point", "coordinates": [111.277096, 30.707095]}, "properties": {"指标": "未实施物业管理的小区数量（个）", "中类": "物业街面", "board": "民生基础需求", "类": "物业街面", "来源": "2025体检"}}, {"type": "Feature", "geometry": {"type": "Point", "coordinates": [111.316043, 30.671186]}, "properties": {"指标": "未实施物业管理的小区数量（个）", "中类": "物业街面", "board": "民生基础需求", "类": "物业街面", "来源": "2025体检"}}, {"type": "Feature", "geometry": {"type": "Point", "coordinates": [111.29213, 30.712351]}, "properties": {"指标": "未实施物业管理的小区数量（个）", "中类": "物业街面", "board": "民生基础需求", "类": "物业街面", "来源": "2025体检"}}, {"type": "Feature", "geometry": {"type": "Point", "coordinates": [111.292195, 30.690487]}, "properties": {"指标": "未实施物业管理的小区数量（个）", "中类": "物业街面", "board": "民生基础需求", "类": "物业街面", "来源": "2025体检"}}, {"type": "Feature", "geometry": {"type": "Point", "coordinates": [111.29069, 30.722675]}, "properties": {"指标": "未实施物业管理的小区数量（个）", "中类": "物业街面", "board": "民生基础需求", "类": "物业街面", "来源": "2025体检"}}, {"type": "Feature", "geometry": {"type": "Point", "coordinates": [111.285155, 30.711626]}, "properties": {"指标": "未实施物业管理的小区数量（个）", "中类": "物业街面", "board": "民生基础需求", "类": "物业街面", "来源": "2025体检"}}, {"type": "Feature", "geometry": {"type": "Point", "coordinates": [111.359168, 30.65633]}, "properties": {"指标": "未实施物业管理的小区数量（个）", "中类": "物业街面", "board": "民生基础需求", "类": "物业街面", "来源": "2025体检"}}, {"type": "Feature", "geometry": {"type": "Point", "coordinates": [111.33139, 30.662468]}, "properties": {"指标": "未实施物业管理的小区数量（个）", "中类": "物业街面", "board": "民生基础需求", "类": "物业街面", "来源": "2025体检"}}, {"type": "Feature", "geometry": {"type": "Point", "coordinates": [111.30381, 30.694869]}, "properties": {"指标": "未实施物业管理的小区数量（个）", "中类": "物业街面", "board": "民生基础需求", "类": "物业街面", "来源": "2025体检"}}, {"type": "Feature", "geometry": {"type": "Point", "coordinates": [111.353639, 30.644312]}, "properties": {"指标": "未实施物业管理的小区数量（个）", "中类": "物业街面", "board": "民生基础需求", "类": "物业街面", "来源": "2025体检"}}, {"type": "Feature", "geometry": {"type": "Point", "coordinates": [111.290674, 30.719695]}, "properties": {"指标": "未实施物业管理的小区数量（个）", "中类": "物业街面", "board": "民生基础需求", "类": "物业街面", "来源": "2025体检"}}, {"type": "Feature", "geometry": {"type": "Point", "coordinates": [111.273754, 30.702322]}, "properties": {"指标": "未实施物业管理的小区数量（个）", "中类": "物业街面", "board": "民生基础需求", "类": "物业街面", "来源": "2025体检"}}, {"type": "Feature", "geometry": {"type": "Point", "coordinates": [111.294159, 30.697158]}, "properties": {"指标": "未实施物业管理的小区数量（个）", "中类": "物业街面", "board": "民生基础需求", "类": "物业街面", "来源": "2025体检"}}, {"type": "Feature", "geometry": {"type": "Point", "coordinates": [111.303767, 30.685974]}, "properties": {"指标": "未实施物业管理的小区数量（个）", "中类": "物业街面", "board": "民生基础需求", "类": "物业街面", "来源": "2025体检"}}, {"type": "Feature", "geometry": {"type": "Point", "coordinates": [111.282229, 30.72505]}, "properties": {"指标": "未实施物业管理的小区数量（个）", "中类": "物业街面", "board": "民生基础需求", "类": "物业街面", "来源": "2025体检"}}, {"type": "Feature", "geometry": {"type": "Point", "coordinates": [111.341125, 30.649275]}, "properties": {"指标": "未实施物业管理的小区数量（个）", "中类": "物业街面", "board": "民生基础需求", "类": "物业街面", "来源": "2025体检"}}, {"type": "Feature", "geometry": {"type": "Point", "coordinates": [111.354598, 30.650793]}, "properties": {"指标": "未实施物业管理的小区数量（个）", "中类": "物业街面", "board": "民生基础需求", "类": "物业街面", "来源": "2025体检"}}, {"type": "Feature", "geometry": {"type": "Point", "coordinates": [111.302728, 30.690744]}, "properties": {"指标": "未实施物业管理的小区数量（个）", "中类": "物业街面", "board": "民生基础需求", "类": "物业街面", "来源": "2025体检"}}, {"type": "Feature", "geometry": {"type": "Point", "coordinates": [111.280753, 30.709732]}, "properties": {"指标": "未实施物业管理的小区数量（个）", "中类": "物业街面", "board": "民生基础需求", "类": "物业街面", "来源": "2025体检"}}, {"type": "Feature", "geometry": {"type": "Point", "coordinates": [111.284063, 30.695295]}, "properties": {"指标": "未实施物业管理的小区数量（个）", "中类": "物业街面", "board": "民生基础需求", "类": "物业街面", "来源": "2025体检"}}, {"type": "Feature", "geometry": {"type": "Point", "coordinates": [111.377248, 30.610296]}, "properties": {"指标": "未实施物业管理的小区数量（个）", "中类": "物业街面", "board": "民生基础需求", "类": "物业街面", "来源": "2025体检"}}, {"type": "Feature", "geometry": {"type": "Point", "coordinates": [111.300126, 30.733202]}, "properties": {"指标": "未实施物业管理的小区数量（个）", "中类": "物业街面", "board": "民生基础需求", "类": "物业街面", "来源": "2025体检"}}, {"type": "Feature", "geometry": {"type": "Point", "coordinates": [111.274012, 30.718641]}, "properties": {"指标": "未实施物业管理的小区数量（个）", "中类": "物业街面", "board": "民生基础需求", "类": "物业街面", "来源": "2025体检"}}, {"type": "Feature", "geometry": {"type": "Point", "coordinates": [111.309544, 30.684596]}, "properties": {"指标": "未实施物业管理的小区数量（个）", "中类": "物业街面", "board": "民生基础需求", "类": "物业街面", "来源": "2025体检"}}, {"type": "Feature", "geometry": {"type": "Point", "coordinates": [111.29062, 30.699002]}, "properties": {"指标": "未实施物业管理的小区数量（个）", "中类": "物业街面", "board": "民生基础需求", "类": "物业街面", "来源": "2025体检"}}, {"type": "Feature", "geometry": {"type": "Point", "coordinates": [111.308072, 30.679551]}, "properties": {"指标": "未实施物业管理的小区数量（个）", "中类": "物业街面", "board": "民生基础需求", "类": "物业街面", "来源": "2025体检"}}, {"type": "Feature", "geometry": {"type": "Point", "coordinates": [111.296348, 30.690059]}, "properties": {"指标": "未实施物业管理的小区数量（个）", "中类": "物业街面", "board": "民生基础需求", "类": "物业街面", "来源": "2025体检"}}, {"type": "Feature", "geometry": {"type": "Point", "coordinates": [111.306013, 30.711371]}, "properties": {"指标": "未实施物业管理的小区数量（个）", "中类": "物业街面", "board": "民生基础需求", "类": "物业街面", "来源": "2025体检"}}, {"type": "Feature", "geometry": {"type": "Point", "coordinates": [111.292509, 30.696996]}, "properties": {"指标": "未实施物业管理的小区数量（个）", "中类": "物业街面", "board": "民生基础需求", "类": "物业街面", "来源": "2025体检"}}, {"type": "Feature", "geometry": {"type": "Point", "coordinates": [111.288422, 30.700162]}, "properties": {"指标": "未实施物业管理的小区数量（个）", "中类": "物业街面", "board": "民生基础需求", "类": "物业街面", "来源": "2025体检"}}, {"type": "Feature", "geometry": {"type": "Point", "coordinates": [111.276401, 30.709262]}, "properties": {"指标": "未实施物业管理的小区数量（个）", "中类": "物业街面", "board": "民生基础需求", "类": "物业街面", "来源": "2025体检"}}, {"type": "Feature", "geometry": {"type": "Point", "coordinates": [111.283532, 30.712244]}, "properties": {"指标": "未实施物业管理的小区数量（个）", "中类": "物业街面", "board": "民生基础需求", "类": "物业街面", "来源": "2025体检"}}, {"type": "Feature", "geometry": {"type": "Point", "coordinates": [111.273093, 30.705591]}, "properties": {"指标": "未实施物业管理的小区数量（个）", "中类": "物业街面", "board": "民生基础需求", "类": "物业街面", "来源": "2025体检"}}, {"type": "Feature", "geometry": {"type": "Point", "coordinates": [111.289949, 30.701482]}, "properties": {"指标": "未实施物业管理的小区数量（个）", "中类": "物业街面", "board": "民生基础需求", "类": "物业街面", "来源": "2025体检"}}, {"type": "Feature", "geometry": {"type": "Point", "coordinates": [111.312754, 30.676168]}, "properties": {"指标": "未实施物业管理的小区数量（个）", "中类": "物业街面", "board": "民生基础需求", "类": "物业街面", "来源": "2025体检"}}, {"type": "Feature", "geometry": {"type": "Point", "coordinates": [111.305324, 30.686943]}, "properties": {"指标": "未实施物业管理的小区数量（个）", "中类": "物业街面", "board": "民生基础需求", "类": "物业街面", "来源": "2025体检"}}, {"type": "Feature", "geometry": {"type": "Point", "coordinates": [111.296695, 30.689667]}, "properties": {"指标": "未实施物业管理的小区数量（个）", "中类": "物业街面", "board": "民生基础需求", "类": "物业街面", "来源": "2025体检"}}, {"type": "Feature", "geometry": {"type": "Point", "coordinates": [111.312103, 30.675879]}, "properties": {"指标": "未实施物业管理的小区数量（个）", "中类": "物业街面", "board": "民生基础需求", "类": "物业街面", "来源": "2025体检"}}, {"type": "Feature", "geometry": {"type": "Point", "coordinates": [111.300381, 30.707478]}, "properties": {"指标": "未实施物业管理的小区数量（个）", "中类": "物业街面", "board": "民生基础需求", "类": "物业街面", "来源": "2025体检"}}, {"type": "Feature", "geometry": {"type": "Point", "coordinates": [111.314329, 30.733261]}, "properties": {"指标": "未实施物业管理的小区数量（个）", "中类": "物业街面", "board": "民生基础需求", "类": "物业街面", "来源": "2025体检"}}, {"type": "Feature", "geometry": {"type": "Point", "coordinates": [111.289313, 30.708085]}, "properties": {"指标": "未实施物业管理的小区数量（个）", "中类": "物业街面", "board": "民生基础需求", "类": "物业街面", "来源": "2025体检"}}, {"type": "Feature", "geometry": {"type": "Point", "coordinates": [111.311999, 30.697721]}, "properties": {"指标": "未实施物业管理的小区数量（个）", "中类": "物业街面", "board": "民生基础需求", "类": "物业街面", "来源": "2025体检"}}, {"type": "Feature", "geometry": {"type": "Point", "coordinates": [111.276848, 30.709496]}, "properties": {"指标": "未实施物业管理的小区数量（个）", "中类": "物业街面", "board": "民生基础需求", "类": "物业街面", "来源": "2025体检"}}, {"type": "Feature", "geometry": {"type": "Point", "coordinates": [111.303629, 30.683537]}, "properties": {"指标": "未实施物业管理的小区数量（个）", "中类": "物业街面", "board": "民生基础需求", "类": "物业街面", "来源": "2025体检"}}, {"type": "Feature", "geometry": {"type": "Point", "coordinates": [111.289098, 30.691799]}, "properties": {"指标": "未实施物业管理的小区数量（个）", "中类": "物业街面", "board": "民生基础需求", "类": "物业街面", "来源": "2025体检"}}, {"type": "Feature", "geometry": {"type": "Point", "coordinates": [111.325626, 30.66935]}, "properties": {"指标": "未实施物业管理的小区数量（个）", "中类": "物业街面", "board": "民生基础需求", "类": "物业街面", "来源": "2025体检"}}, {"type": "Feature", "geometry": {"type": "Point", "coordinates": [111.347777, 30.644913]}, "properties": {"指标": "未实施物业管理的小区数量（个）", "中类": "物业街面", "board": "民生基础需求", "类": "物业街面", "来源": "2025体检"}}, {"type": "Feature", "geometry": {"type": "Point", "coordinates": [111.28599, 30.696476]}, "properties": {"指标": "未实施物业管理的小区数量（个）", "中类": "物业街面", "board": "民生基础需求", "类": "物业街面", "来源": "2025体检"}}, {"type": "Feature", "geometry": {"type": "Point", "coordinates": [111.304757, 30.682276]}, "properties": {"指标": "未实施物业管理的小区数量（个）", "中类": "物业街面", "board": "民生基础需求", "类": "物业街面", "来源": "2025体检"}}, {"type": "Feature", "geometry": {"type": "Point", "coordinates": [111.276806, 30.709511]}, "properties": {"指标": "未实施物业管理的小区数量（个）", "中类": "物业街面", "board": "民生基础需求", "类": "物业街面", "来源": "2025体检"}}, {"type": "Feature", "geometry": {"type": "Point", "coordinates": [111.347906, 30.645193]}, "properties": {"指标": "未实施物业管理的小区数量（个）", "中类": "物业街面", "board": "民生基础需求", "类": "物业街面", "来源": "2025体检"}}, {"type": "Feature", "geometry": {"type": "Point", "coordinates": [111.296501, 30.697635]}, "properties": {"指标": "未实施物业管理的小区数量（个）", "中类": "物业街面", "board": "民生基础需求", "类": "物业街面", "来源": "2025体检"}}, {"type": "Feature", "geometry": {"type": "Point", "coordinates": [111.293022, 30.712521]}, "properties": {"指标": "未实施物业管理的小区数量（个）", "中类": "物业街面", "board": "民生基础需求", "类": "物业街面", "来源": "2025体检"}}, {"type": "Feature", "geometry": {"type": "Point", "coordinates": [111.318059, 30.690341]}, "properties": {"指标": "未实施物业管理的小区数量（个）", "中类": "物业街面", "board": "民生基础需求", "类": "物业街面", "来源": "2025体检"}}, {"type": "Feature", "geometry": {"type": "Point", "coordinates": [111.298871, 30.687901]}, "properties": {"指标": "未实施物业管理的小区数量（个）", "中类": "物业街面", "board": "民生基础需求", "类": "物业街面", "来源": "2025体检"}}, {"type": "Feature", "geometry": {"type": "Point", "coordinates": [111.272569, 30.704909]}, "properties": {"指标": "未实施物业管理的小区数量（个）", "中类": "物业街面", "board": "民生基础需求", "类": "物业街面", "来源": "2025体检"}}, {"type": "Feature", "geometry": {"type": "Point", "coordinates": [111.307879, 30.685016]}, "properties": {"指标": "未实施物业管理的小区数量（个）", "中类": "物业街面", "board": "民生基础需求", "类": "物业街面", "来源": "2025体检"}}, {"type": "Feature", "geometry": {"type": "Point", "coordinates": [111.305423, 30.708291]}, "properties": {"指标": "未实施物业管理的小区数量（个）", "中类": "物业街面", "board": "民生基础需求", "类": "物业街面", "来源": "2025体检"}}, {"type": "Feature", "geometry": {"type": "Point", "coordinates": [111.289784, 30.692105]}, "properties": {"指标": "未实施物业管理的小区数量（个）", "中类": "物业街面", "board": "民生基础需求", "类": "物业街面", "来源": "2025体检"}}, {"type": "Feature", "geometry": {"type": "Point", "coordinates": [111.283568, 30.693123]}, "properties": {"指标": "未实施物业管理的小区数量（个）", "中类": "物业街面", "board": "民生基础需求", "类": "物业街面", "来源": "2025体检"}}, {"type": "Feature", "geometry": {"type": "Point", "coordinates": [111.293264, 30.738997]}, "properties": {"指标": "未实施物业管理的小区数量（个）", "中类": "物业街面", "board": "民生基础需求", "类": "物业街面", "来源": "2025体检"}}, {"type": "Feature", "geometry": {"type": "Point", "coordinates": [111.315299, 30.673247]}, "properties": {"指标": "未实施物业管理的小区数量（个）", "中类": "物业街面", "board": "民生基础需求", "类": "物业街面", "来源": "2025体检"}}, {"type": "Feature", "geometry": {"type": "Point", "coordinates": [111.287431, 30.697142]}, "properties": {"指标": "未实施物业管理的小区数量（个）", "中类": "物业街面", "board": "民生基础需求", "类": "物业街面", "来源": "2025体检"}}, {"type": "Feature", "geometry": {"type": "Point", "coordinates": [111.314792, 30.687935]}, "properties": {"指标": "未实施物业管理的小区数量（个）", "中类": "物业街面", "board": "民生基础需求", "类": "物业街面", "来源": "2025体检"}}, {"type": "Feature", "geometry": {"type": "Point", "coordinates": [111.311637, 30.677234]}, "properties": {"指标": "未实施物业管理的小区数量（个）", "中类": "物业街面", "board": "民生基础需求", "类": "物业街面", "来源": "2025体检"}}, {"type": "Feature", "geometry": {"type": "Point", "coordinates": [111.354805, 30.651087]}, "properties": {"指标": "未实施物业管理的小区数量（个）", "中类": "物业街面", "board": "民生基础需求", "类": "物业街面", "来源": "2025体检"}}, {"type": "Feature", "geometry": {"type": "Point", "coordinates": [111.30486, 30.686898]}, "properties": {"指标": "未实施物业管理的小区数量（个）", "中类": "物业街面", "board": "民生基础需求", "类": "物业街面", "来源": "2025体检"}}, {"type": "Feature", "geometry": {"type": "Point", "coordinates": [111.291887, 30.696953]}, "properties": {"指标": "未实施物业管理的小区数量（个）", "中类": "物业街面", "board": "民生基础需求", "类": "物业街面", "来源": "2025体检"}}, {"type": "Feature", "geometry": {"type": "Point", "coordinates": [111.276073, 30.710674]}, "properties": {"指标": "未实施物业管理的小区数量（个）", "中类": "物业街面", "board": "民生基础需求", "类": "物业街面", "来源": "2025体检"}}, {"type": "Feature", "geometry": {"type": "Point", "coordinates": [111.292084, 30.696446]}, "properties": {"指标": "未实施物业管理的小区数量（个）", "中类": "物业街面", "board": "民生基础需求", "类": "物业街面", "来源": "2025体检"}}, {"type": "Feature", "geometry": {"type": "Point", "coordinates": [111.31667, 30.674074]}, "properties": {"指标": "未实施物业管理的小区数量（个）", "中类": "物业街面", "board": "民生基础需求", "类": "物业街面", "来源": "2025体检"}}, {"type": "Feature", "geometry": {"type": "Point", "coordinates": [111.307618, 30.708519]}, "properties": {"指标": "未实施物业管理的小区数量（个）", "中类": "物业街面", "board": "民生基础需求", "类": "物业街面", "来源": "2025体检"}}, {"type": "Feature", "geometry": {"type": "Point", "coordinates": [111.317289, 30.670997]}, "properties": {"指标": "未实施物业管理的小区数量（个）", "中类": "物业街面", "board": "民生基础需求", "类": "物业街面", "来源": "2025体检"}}, {"type": "Feature", "geometry": {"type": "Point", "coordinates": [111.298807, 30.690406]}, "properties": {"指标": "未实施物业管理的小区数量（个）", "中类": "物业街面", "board": "民生基础需求", "类": "物业街面", "来源": "2025体检"}}, {"type": "Feature", "geometry": {"type": "Point", "coordinates": [111.273651, 30.709315]}, "properties": {"指标": "未实施物业管理的小区数量（个）", "中类": "物业街面", "board": "民生基础需求", "类": "物业街面", "来源": "2025体检"}}, {"type": "Feature", "geometry": {"type": "Point", "coordinates": [111.281085, 30.707256]}, "properties": {"指标": "未实施物业管理的小区数量（个）", "中类": "物业街面", "board": "民生基础需求", "类": "物业街面", "来源": "2025体检"}}, {"type": "Feature", "geometry": {"type": "Point", "coordinates": [111.320244, 30.671168]}, "properties": {"指标": "未实施物业管理的小区数量（个）", "中类": "物业街面", "board": "民生基础需求", "类": "物业街面", "来源": "2025体检"}}, {"type": "Feature", "geometry": {"type": "Point", "coordinates": [111.305787, 30.682305]}, "properties": {"指标": "未实施物业管理的小区数量（个）", "中类": "物业街面", "board": "民生基础需求", "类": "物业街面", "来源": "2025体检"}}, {"type": "Feature", "geometry": {"type": "Point", "coordinates": [111.288915, 30.691081]}, "properties": {"指标": "未实施物业管理的小区数量（个）", "中类": "物业街面", "board": "民生基础需求", "类": "物业街面", "来源": "2025体检"}}, {"type": "Feature", "geometry": {"type": "Point", "coordinates": [111.31209, 30.699291]}, "properties": {"指标": "未实施物业管理的小区数量（个）", "中类": "物业街面", "board": "民生基础需求", "类": "物业街面", "来源": "2025体检"}}, {"type": "Feature", "geometry": {"type": "Point", "coordinates": [111.293601, 30.689466]}, "properties": {"指标": "未实施物业管理的小区数量（个）", "中类": "物业街面", "board": "民生基础需求", "类": "物业街面", "来源": "2025体检"}}, {"type": "Feature", "geometry": {"type": "Point", "coordinates": [111.28151, 30.707776]}, "properties": {"指标": "未实施物业管理的小区数量（个）", "中类": "物业街面", "board": "民生基础需求", "类": "物业街面", "来源": "2025体检"}}, {"type": "Feature", "geometry": {"type": "Point", "coordinates": [111.312766, 30.678915]}, "properties": {"指标": "未实施物业管理的小区数量（个）", "中类": "物业街面", "board": "民生基础需求", "类": "物业街面", "来源": "2025体检"}}, {"type": "Feature", "geometry": {"type": "Point", "coordinates": [111.28277, 30.694234]}, "properties": {"指标": "未实施物业管理的小区数量（个）", "中类": "物业街面", "board": "民生基础需求", "类": "物业街面", "来源": "2025体检"}}, {"type": "Feature", "geometry": {"type": "Point", "coordinates": [111.289497, 30.703834]}, "properties": {"指标": "未实施物业管理的小区数量（个）", "中类": "物业街面", "board": "民生基础需求", "类": "物业街面", "来源": "2025体检"}}, {"type": "Feature", "geometry": {"type": "Point", "coordinates": [111.297029, 30.689738]}, "properties": {"指标": "未实施物业管理的小区数量（个）", "中类": "物业街面", "board": "民生基础需求", "类": "物业街面", "来源": "2025体检"}}, {"type": "Feature", "geometry": {"type": "Point", "coordinates": [111.277313, 30.707489]}, "properties": {"指标": "未实施物业管理的小区数量（个）", "中类": "物业街面", "board": "民生基础需求", "类": "物业街面", "来源": "2025体检"}}, {"type": "Feature", "geometry": {"type": "Point", "coordinates": [111.314606, 30.673322]}, "properties": {"指标": "未实施物业管理的小区数量（个）", "中类": "物业街面", "board": "民生基础需求", "类": "物业街面", "来源": "2025体检"}}, {"type": "Feature", "geometry": {"type": "Point", "coordinates": [111.291954, 30.693569]}, "properties": {"指标": "未实施物业管理的小区数量（个）", "中类": "物业街面", "board": "民生基础需求", "类": "物业街面", "来源": "2025体检"}}, {"type": "Feature", "geometry": {"type": "Point", "coordinates": [111.311489, 30.678437]}, "properties": {"指标": "未实施物业管理的小区数量（个）", "中类": "物业街面", "board": "民生基础需求", "类": "物业街面", "来源": "2025体检"}}, {"type": "Feature", "geometry": {"type": "Point", "coordinates": [111.285877, 30.697979]}, "properties": {"指标": "未实施物业管理的小区数量（个）", "中类": "物业街面", "board": "民生基础需求", "类": "物业街面", "来源": "2025体检"}}, {"type": "Feature", "geometry": {"type": "Point", "coordinates": [111.319775, 30.672583]}, "properties": {"指标": "未实施物业管理的小区数量（个）", "中类": "物业街面", "board": "民生基础需求", "类": "物业街面", "来源": "2025体检"}}, {"type": "Feature", "geometry": {"type": "Point", "coordinates": [111.270818, 30.719629]}, "properties": {"指标": "未实施物业管理的小区数量（个）", "中类": "物业街面", "board": "民生基础需求", "类": "物业街面", "来源": "2025体检"}}, {"type": "Feature", "geometry": {"type": "Point", "coordinates": [111.287027, 30.695476]}, "properties": {"指标": "未实施物业管理的小区数量（个）", "中类": "物业街面", "board": "民生基础需求", "类": "物业街面", "来源": "2025体检"}}, {"type": "Feature", "geometry": {"type": "Point", "coordinates": [111.331304, 30.666189]}, "properties": {"指标": "未实施物业管理的小区数量（个）", "中类": "物业街面", "board": "民生基础需求", "类": "物业街面", "来源": "2025体检"}}, {"type": "Feature", "geometry": {"type": "Point", "coordinates": [111.310717, 30.678259]}, "properties": {"指标": "未实施物业管理的小区数量（个）", "中类": "物业街面", "board": "民生基础需求", "类": "物业街面", "来源": "2025体检"}}, {"type": "Feature", "geometry": {"type": "Point", "coordinates": [111.282511, 30.70829]}, "properties": {"指标": "未实施物业管理的小区数量（个）", "中类": "物业街面", "board": "民生基础需求", "类": "物业街面", "来源": "2025体检"}}, {"type": "Feature", "geometry": {"type": "Point", "coordinates": [111.291259, 30.70191]}, "properties": {"指标": "未实施物业管理的小区数量（个）", "中类": "物业街面", "board": "民生基础需求", "类": "物业街面", "来源": "2025体检"}}, {"type": "Feature", "geometry": {"type": "Point", "coordinates": [111.319115, 30.672178]}, "properties": {"指标": "未实施物业管理的小区数量（个）", "中类": "物业街面", "board": "民生基础需求", "类": "物业街面", "来源": "2025体检"}}, {"type": "Feature", "geometry": {"type": "Point", "coordinates": [111.28924, 30.699531]}, "properties": {"指标": "未实施物业管理的小区数量（个）", "中类": "物业街面", "board": "民生基础需求", "类": "物业街面", "来源": "2025体检"}}, {"type": "Feature", "geometry": {"type": "Point", "coordinates": [111.292694, 30.692434]}, "properties": {"指标": "未实施物业管理的小区数量（个）", "中类": "物业街面", "board": "民生基础需求", "类": "物业街面", "来源": "2025体检"}}, {"type": "Feature", "geometry": {"type": "Point", "coordinates": [111.347777, 30.644913]}, "properties": {"指标": "未实施物业管理的小区数量（个）", "中类": "物业街面", "board": "民生基础需求", "类": "物业街面", "来源": "2025体检"}}, {"type": "Feature", "geometry": {"type": "Point", "coordinates": [111.322011, 30.671162]}, "properties": {"指标": "未实施物业管理的小区数量（个）", "中类": "物业街面", "board": "民生基础需求", "类": "物业街面", "来源": "2025体检"}}, {"type": "Feature", "geometry": {"type": "Point", "coordinates": [111.291031, 30.711851]}, "properties": {"指标": "未实施物业管理的小区数量（个）", "中类": "物业街面", "board": "民生基础需求", "类": "物业街面", "来源": "2025体检"}}, {"type": "Feature", "geometry": {"type": "Point", "coordinates": [111.282234, 30.703205]}, "properties": {"指标": "未实施物业管理的小区数量（个）", "中类": "物业街面", "board": "民生基础需求", "类": "物业街面", "来源": "2025体检"}}, {"type": "Feature", "geometry": {"type": "Point", "coordinates": [111.288951, 30.701174]}, "properties": {"指标": "未实施物业管理的小区数量（个）", "中类": "物业街面", "board": "民生基础需求", "类": "物业街面", "来源": "2025体检"}}, {"type": "Feature", "geometry": {"type": "Point", "coordinates": [111.312394, 30.678465]}, "properties": {"指标": "未实施物业管理的小区数量（个）", "中类": "物业街面", "board": "民生基础需求", "类": "物业街面", "来源": "2025体检"}}, {"type": "Feature", "geometry": {"type": "Point", "coordinates": [111.281973, 30.714372]}, "properties": {"指标": "未实施物业管理的小区数量（个）", "中类": "物业街面", "board": "民生基础需求", "类": "物业街面", "来源": "2025体检"}}, {"type": "Feature", "geometry": {"type": "Point", "coordinates": [111.296816, 30.708774]}, "properties": {"指标": "未实施物业管理的小区数量（个）", "中类": "物业街面", "board": "民生基础需求", "类": "物业街面", "来源": "2025体检"}}, {"type": "Feature", "geometry": {"type": "Point", "coordinates": [111.33755, 30.660483]}, "properties": {"指标": "未实施物业管理的小区数量（个）", "中类": "物业街面", "board": "民生基础需求", "类": "物业街面", "来源": "2025体检"}}, {"type": "Feature", "geometry": {"type": "Point", "coordinates": [111.305537, 30.710298]}, "properties": {"指标": "未实施物业管理的小区数量（个）", "中类": "物业街面", "board": "民生基础需求", "类": "物业街面", "来源": "2025体检"}}, {"type": "Feature", "geometry": {"type": "Point", "coordinates": [111.319919, 30.672313]}, "properties": {"指标": "未实施物业管理的小区数量（个）", "中类": "物业街面", "board": "民生基础需求", "类": "物业街面", "来源": "2025体检"}}, {"type": "Feature", "geometry": {"type": "Point", "coordinates": [111.318532, 30.672696]}, "properties": {"指标": "未实施物业管理的小区数量（个）", "中类": "物业街面", "board": "民生基础需求", "类": "物业街面", "来源": "2025体检"}}, {"type": "Feature", "geometry": {"type": "Point", "coordinates": [111.289787, 30.700211]}, "properties": {"指标": "未实施物业管理的小区数量（个）", "中类": "物业街面", "board": "民生基础需求", "类": "物业街面", "来源": "2025体检"}}, {"type": "Feature", "geometry": {"type": "Point", "coordinates": [111.293508, 30.707977]}, "properties": {"指标": "未实施物业管理的小区数量（个）", "中类": "物业街面", "board": "民生基础需求", "类": "物业街面", "来源": "2025体检"}}, {"type": "Feature", "geometry": {"type": "Point", "coordinates": [111.308969, 30.684997]}, "properties": {"指标": "未实施物业管理的小区数量（个）", "中类": "物业街面", "board": "民生基础需求", "类": "物业街面", "来源": "2025体检"}}, {"type": "Feature", "geometry": {"type": "Point", "coordinates": [111.316545, 30.695499]}, "properties": {"指标": "未实施物业管理的小区数量（个）", "中类": "物业街面", "board": "民生基础需求", "类": "物业街面", "来源": "2025体检"}}, {"type": "Feature", "geometry": {"type": "Point", "coordinates": [111.293306, 30.702472]}, "properties": {"指标": "未实施物业管理的小区数量（个）", "中类": "物业街面", "board": "民生基础需求", "类": "物业街面", "来源": "2025体检"}}, {"type": "Feature", "geometry": {"type": "Point", "coordinates": [111.294016, 30.713982]}, "properties": {"指标": "未实施物业管理的小区数量（个）", "中类": "物业街面", "board": "民生基础需求", "类": "物业街面", "来源": "2025体检"}}, {"type": "Feature", "geometry": {"type": "Point", "coordinates": [111.30614, 30.708135]}, "properties": {"指标": "未实施物业管理的小区数量（个）", "中类": "物业街面", "board": "民生基础需求", "类": "物业街面", "来源": "2025体检"}}, {"type": "Feature", "geometry": {"type": "Point", "coordinates": [111.291738, 30.69632]}, "properties": {"指标": "未实施物业管理的小区数量（个）", "中类": "物业街面", "board": "民生基础需求", "类": "物业街面", "来源": "2025体检"}}, {"type": "Feature", "geometry": {"type": "Point", "coordinates": [111.293863, 30.696378]}, "properties": {"指标": "未实施物业管理的小区数量（个）", "中类": "物业街面", "board": "民生基础需求", "类": "物业街面", "来源": "2025体检"}}, {"type": "Feature", "geometry": {"type": "Point", "coordinates": [111.283199, 30.692946]}, "properties": {"指标": "未实施物业管理的小区数量（个）", "中类": "物业街面", "board": "民生基础需求", "类": "物业街面", "来源": "2025体检"}}, {"type": "Feature", "geometry": {"type": "Point", "coordinates": [111.29367, 30.714159]}, "properties": {"指标": "未实施物业管理的小区数量（个）", "中类": "物业街面", "board": "民生基础需求", "类": "物业街面", "来源": "2025体检"}}, {"type": "Feature", "geometry": {"type": "Point", "coordinates": [111.302975, 30.730729]}, "properties": {"指标": "未实施物业管理的小区数量（个）", "中类": "物业街面", "board": "民生基础需求", "类": "物业街面", "来源": "2025体检"}}, {"type": "Feature", "geometry": {"type": "Point", "coordinates": [111.300078, 30.696893]}, "properties": {"指标": "未实施物业管理的小区数量（个）", "中类": "物业街面", "board": "民生基础需求", "类": "物业街面", "来源": "2025体检"}}, {"type": "Feature", "geometry": {"type": "Point", "coordinates": [111.282893, 30.710894]}, "properties": {"指标": "未实施物业管理的小区数量（个）", "中类": "物业街面", "board": "民生基础需求", "类": "物业街面", "来源": "2025体检"}}, {"type": "Feature", "geometry": {"type": "Point", "coordinates": [111.287256, 30.701907]}, "properties": {"指标": "未实施物业管理的小区数量（个）", "中类": "物业街面", "board": "民生基础需求", "类": "物业街面", "来源": "2025体检"}}, {"type": "Feature", "geometry": {"type": "Point", "coordinates": [111.304506, 30.734651]}, "properties": {"指标": "未实施物业管理的小区数量（个）", "中类": "物业街面", "board": "民生基础需求", "类": "物业街面", "来源": "2025体检"}}, {"type": "Feature", "geometry": {"type": "Point", "coordinates": [111.314657, 30.700126]}, "properties": {"指标": "未实施物业管理的小区数量（个）", "中类": "物业街面", "board": "民生基础需求", "类": "物业街面", "来源": "2025体检"}}, {"type": "Feature", "geometry": {"type": "Point", "coordinates": [111.311296, 30.676989]}, "properties": {"指标": "未实施物业管理的小区数量（个）", "中类": "物业街面", "board": "民生基础需求", "类": "物业街面", "来源": "2025体检"}}, {"type": "Feature", "geometry": {"type": "Point", "coordinates": [111.27247, 30.703244]}, "properties": {"指标": "未实施物业管理的小区数量（个）", "中类": "物业街面", "board": "民生基础需求", "类": "物业街面", "来源": "2025体检"}}, {"type": "Feature", "geometry": {"type": "Point", "coordinates": [111.289512, 30.727902]}, "properties": {"指标": "未实施物业管理的小区数量（个）", "中类": "物业街面", "board": "民生基础需求", "类": "物业街面", "来源": "2025体检"}}, {"type": "Feature", "geometry": {"type": "Point", "coordinates": [111.279509, 30.713739]}, "properties": {"指标": "未实施物业管理的小区数量（个）", "中类": "物业街面", "board": "民生基础需求", "类": "物业街面", "来源": "2025体检"}}, {"type": "Feature", "geometry": {"type": "Point", "coordinates": [111.28288, 30.710583]}, "properties": {"指标": "未实施物业管理的小区数量（个）", "中类": "物业街面", "board": "民生基础需求", "类": "物业街面", "来源": "2025体检"}}, {"type": "Feature", "geometry": {"type": "Point", "coordinates": [111.288929, 30.700408]}, "properties": {"指标": "未实施物业管理的小区数量（个）", "中类": "物业街面", "board": "民生基础需求", "类": "物业街面", "来源": "2025体检"}}, {"type": "Feature", "geometry": {"type": "Point", "coordinates": [111.281052, 30.701852]}, "properties": {"指标": "未实施物业管理的小区数量（个）", "中类": "物业街面", "board": "民生基础需求", "类": "物业街面", "来源": "2025体检"}}, {"type": "Feature", "geometry": {"type": "Point", "coordinates": [111.318088, 30.672549]}, "properties": {"指标": "未实施物业管理的小区数量（个）", "中类": "物业街面", "board": "民生基础需求", "类": "物业街面", "来源": "2025体检"}}, {"type": "Feature", "geometry": {"type": "Point", "coordinates": [111.316043, 30.671186]}, "properties": {"指标": "未实施物业管理的小区数量（个）", "中类": "物业街面", "board": "民生基础需求", "类": "物业街面", "来源": "2025体检"}}, {"type": "Feature", "geometry": {"type": "Point", "coordinates": [111.339458, 30.650035]}, "properties": {"指标": "未实施物业管理的小区数量（个）", "中类": "物业街面", "board": "民生基础需求", "类": "物业街面", "来源": "2025体检"}}, {"type": "Feature", "geometry": {"type": "Point", "coordinates": [111.317206, 30.697964]}, "properties": {"指标": "未实施物业管理的小区数量（个）", "中类": "物业街面", "board": "民生基础需求", "类": "物业街面", "来源": "2025体检"}}, {"type": "Feature", "geometry": {"type": "Point", "coordinates": [111.287989, 30.731781]}, "properties": {"指标": "未实施物业管理的小区数量（个）", "中类": "物业街面", "board": "民生基础需求", "类": "物业街面", "来源": "2025体检"}}, {"type": "Feature", "geometry": {"type": "Point", "coordinates": [111.338388, 30.651071]}, "properties": {"指标": "未实施物业管理的小区数量（个）", "中类": "物业街面", "board": "民生基础需求", "类": "物业街面", "来源": "2025体检"}}, {"type": "Feature", "geometry": {"type": "Point", "coordinates": [111.288317, 30.702584]}, "properties": {"指标": "未实施物业管理的小区数量（个）", "中类": "物业街面", "board": "民生基础需求", "类": "物业街面", "来源": "2025体检"}}, {"type": "Feature", "geometry": {"type": "Point", "coordinates": [111.284187, 30.69642]}, "properties": {"指标": "未实施物业管理的小区数量（个）", "中类": "物业街面", "board": "民生基础需求", "类": "物业街面", "来源": "2025体检"}}, {"type": "Feature", "geometry": {"type": "Point", "coordinates": [111.29559, 30.690168]}, "properties": {"指标": "未实施物业管理的小区数量（个）", "中类": "物业街面", "board": "民生基础需求", "类": "物业街面", "来源": "2025体检"}}, {"type": "Feature", "geometry": {"type": "Point", "coordinates": [111.290028, 30.69244]}, "properties": {"指标": "未实施物业管理的小区数量（个）", "中类": "物业街面", "board": "民生基础需求", "类": "物业街面", "来源": "2025体检"}}, {"type": "Feature", "geometry": {"type": "Point", "coordinates": [111.287431, 30.707043]}, "properties": {"指标": "未实施物业管理的小区数量（个）", "中类": "物业街面", "board": "民生基础需求", "类": "物业街面", "来源": "2025体检"}}, {"type": "Feature", "geometry": {"type": "Point", "coordinates": [111.287326, 30.707987]}, "properties": {"指标": "未实施物业管理的小区数量（个）", "中类": "物业街面", "board": "民生基础需求", "类": "物业街面", "来源": "2025体检"}}, {"type": "Feature", "geometry": {"type": "Point", "coordinates": [111.296262, 30.716548]}, "properties": {"指标": "未实施物业管理的小区数量（个）", "中类": "物业街面", "board": "民生基础需求", "类": "物业街面", "来源": "2025体检"}}, {"type": "Feature", "geometry": {"type": "Point", "coordinates": [111.299166, 30.688963]}, "properties": {"指标": "未实施物业管理的小区数量（个）", "中类": "物业街面", "board": "民生基础需求", "类": "物业街面", "来源": "2025体检"}}, {"type": "Feature", "geometry": {"type": "Point", "coordinates": [111.298628, 30.690633]}, "properties": {"指标": "未实施物业管理的小区数量（个）", "中类": "物业街面", "board": "民生基础需求", "类": "物业街面", "来源": "2025体检"}}, {"type": "Feature", "geometry": {"type": "Point", "coordinates": [111.272934, 30.720403]}, "properties": {"指标": "未实施物业管理的小区数量（个）", "中类": "物业街面", "board": "民生基础需求", "类": "物业街面", "来源": "2025体检"}}, {"type": "Feature", "geometry": {"type": "Point", "coordinates": [111.31455, 30.693646]}, "properties": {"指标": "未实施物业管理的小区数量（个）", "中类": "物业街面", "board": "民生基础需求", "类": "物业街面", "来源": "2025体检"}}, {"type": "Feature", "geometry": {"type": "Point", "coordinates": [111.285008, 30.697187]}, "properties": {"指标": "未实施物业管理的小区数量（个）", "中类": "物业街面", "board": "民生基础需求", "类": "物业街面", "来源": "2025体检"}}, {"type": "Feature", "geometry": {"type": "Point", "coordinates": [111.300909, 30.702012]}, "properties": {"指标": "未实施物业管理的小区数量（个）", "中类": "物业街面", "board": "民生基础需求", "类": "物业街面", "来源": "2025体检"}}, {"type": "Feature", "geometry": {"type": "Point", "coordinates": [111.317222, 30.673294]}, "properties": {"指标": "未实施物业管理的小区数量（个）", "中类": "物业街面", "board": "民生基础需求", "类": "物业街面", "来源": "2025体检"}}, {"type": "Feature", "geometry": {"type": "Point", "coordinates": [111.287508, 30.696976]}, "properties": {"指标": "未实施物业管理的小区数量（个）", "中类": "物业街面", "board": "民生基础需求", "类": "物业街面", "来源": "2025体检"}}, {"type": "Feature", "geometry": {"type": "Point", "coordinates": [111.307678, 30.683859]}, "properties": {"指标": "未实施物业管理的小区数量（个）", "中类": "物业街面", "board": "民生基础需求", "类": "物业街面", "来源": "2025体检"}}, {"type": "Feature", "geometry": {"type": "Point", "coordinates": [111.293849, 30.71341]}, "properties": {"指标": "未实施物业管理的小区数量（个）", "中类": "物业街面", "board": "民生基础需求", "类": "物业街面", "来源": "2025体检"}}, {"type": "Feature", "geometry": {"type": "Point", "coordinates": [111.279876, 30.703966]}, "properties": {"指标": "未实施物业管理的小区数量（个）", "中类": "物业街面", "board": "民生基础需求", "类": "物业街面", "来源": "2025体检"}}, {"type": "Feature", "geometry": {"type": "Point", "coordinates": [111.292022, 30.700536]}, "properties": {"指标": "未实施物业管理的小区数量（个）", "中类": "物业街面", "board": "民生基础需求", "类": "物业街面", "来源": "2025体检"}}, {"type": "Feature", "geometry": {"type": "Point", "coordinates": [111.307289, 30.683491]}, "properties": {"指标": "未实施物业管理的小区数量（个）", "中类": "物业街面", "board": "民生基础需求", "类": "物业街面", "来源": "2025体检"}}, {"type": "Feature", "geometry": {"type": "Point", "coordinates": [111.287969, 30.717247]}, "properties": {"指标": "未实施物业管理的小区数量（个）", "中类": "物业街面", "board": "民生基础需求", "类": "物业街面", "来源": "2025体检"}}, {"type": "Feature", "geometry": {"type": "Point", "coordinates": [111.306019, 30.68741]}, "properties": {"指标": "未实施物业管理的小区数量（个）", "中类": "物业街面", "board": "民生基础需求", "类": "物业街面", "来源": "2025体检"}}, {"type": "Feature", "geometry": {"type": "Point", "coordinates": [111.294375, 30.688764]}, "properties": {"指标": "未实施物业管理的小区数量（个）", "中类": "物业街面", "board": "民生基础需求", "类": "物业街面", "来源": "2025体检"}}, {"type": "Feature", "geometry": {"type": "Point", "coordinates": [111.320392, 30.670827]}, "properties": {"指标": "未实施物业管理的小区数量（个）", "中类": "物业街面", "board": "民生基础需求", "类": "物业街面", "来源": "2025体检"}}, {"type": "Feature", "geometry": {"type": "Point", "coordinates": [111.288926, 30.695817]}, "properties": {"指标": "未实施物业管理的小区数量（个）", "中类": "物业街面", "board": "民生基础需求", "类": "物业街面", "来源": "2025体检"}}, {"type": "Feature", "geometry": {"type": "Point", "coordinates": [111.27946, 30.704176]}, "properties": {"指标": "未实施物业管理的小区数量（个）", "中类": "物业街面", "board": "民生基础需求", "类": "物业街面", "来源": "2025体检"}}, {"type": "Feature", "geometry": {"type": "Point", "coordinates": [111.281234, 30.709424]}, "properties": {"指标": "未实施物业管理的小区数量（个）", "中类": "物业街面", "board": "民生基础需求", "类": "物业街面", "来源": "2025体检"}}, {"type": "Feature", "geometry": {"type": "Point", "coordinates": [111.328923, 30.682785]}, "properties": {"指标": "未实施物业管理的小区数量（个）", "中类": "物业街面", "board": "民生基础需求", "类": "物业街面", "来源": "2025体检"}}, {"type": "Feature", "geometry": {"type": "Point", "coordinates": [111.294902, 30.690711]}, "properties": {"指标": "未实施物业管理的小区数量（个）", "中类": "物业街面", "board": "民生基础需求", "类": "物业街面", "来源": "2025体检"}}, {"type": "Feature", "geometry": {"type": "Point", "coordinates": [111.312036, 30.712425]}, "properties": {"指标": "未实施物业管理的小区数量（个）", "中类": "物业街面", "board": "民生基础需求", "类": "物业街面", "来源": "2025体检"}}, {"type": "Feature", "geometry": {"type": "Point", "coordinates": [111.278264, 30.72864]}, "properties": {"指标": "未实施物业管理的小区数量（个）", "中类": "物业街面", "board": "民生基础需求", "类": "物业街面", "来源": "2025体检"}}, {"type": "Feature", "geometry": {"type": "Point", "coordinates": [111.323147, 30.668845]}, "properties": {"指标": "未实施物业管理的小区数量（个）", "中类": "物业街面", "board": "民生基础需求", "类": "物业街面", "来源": "2025体检"}}, {"type": "Feature", "geometry": {"type": "Point", "coordinates": [111.312346, 30.675676]}, "properties": {"指标": "未实施物业管理的小区数量（个）", "中类": "物业街面", "board": "民生基础需求", "类": "物业街面", "来源": "2025体检"}}, {"type": "Feature", "geometry": {"type": "Point", "coordinates": [111.37162469543117, 30.638832964577894]}, "properties": {"指标": "存在乱停乱放车辆问题的道路数量（条）", "中类": "物业街面", "board": "民生基础需求", "类": "物业街面", "来源": "2025体检"}}, {"type": "Feature", "geometry": {"type": "Point", "coordinates": [111.37879082639937, 30.654247914745504]}, "properties": {"指标": "存在乱停乱放车辆问题的道路数量（条）", "中类": "物业街面", "board": "民生基础需求", "类": "物业街面", "来源": "2025体检"}}, {"type": "Feature", "geometry": {"type": "Point", "coordinates": [111.32499183389167, 30.681222005492778]}, "properties": {"指标": "存在乱停乱放车辆问题的道路数量（条）", "中类": "物业街面", "board": "民生基础需求", "类": "物业街面", "来源": "2025体检"}}, {"type": "Feature", "geometry": {"type": "Point", "coordinates": [111.28125306429722, 30.696759557553605]}, "properties": {"指标": "存在乱停乱放车辆问题的道路数量（条）", "中类": "物业街面", "board": "民生基础需求", "类": "物业街面", "来源": "2025体检"}}, {"type": "Feature", "geometry": {"type": "Point", "coordinates": [111.32224229313177, 30.739987454774102]}, "properties": {"指标": "存在乱停乱放车辆问题的道路数量（条）", "中类": "物业街面", "board": "民生基础需求", "类": "物业街面", "来源": "2025体检"}}, {"type": "Feature", "properties": {"指标": "需要进行适老化改造的住宅数量（栋）", "中类": "住房", "board": "民生基础需求", "来源": "2026补充", "原图层": "需要进行适老化改造住宅", "街办_源": "点军街办", "社区_源": "红光社区", "小区_源": "红光小区", "楼栋_源": "红光小区居民楼四号楼", "社区": "红光社区"}, "geometry": {"type": "Point", "coordinates": [111.28286329000008, 30.67739042100004]}}, {"type": "Feature", "properties": {"指标": "需要进行适老化改造的住宅数量（栋）", "中类": "住房", "board": "民生基础需求", "来源": "2026补充", "原图层": "需要进行适老化改造住宅", "街办_源": "点军街办", "社区_源": "红光社区", "小区_源": "红光小区", "楼栋_源": "红光小区2栋", "社区": "红光社区"}, "geometry": {"type": "Point", "coordinates": [111.28320312600005, 30.676813765000077]}}, {"type": "Feature", "properties": {"指标": "需要进行适老化改造的住宅数量（栋）", "中类": "住房", "board": "民生基础需求", "来源": "2026补充", "原图层": "需要进行适老化改造住宅", "街办_源": "点军街办", "社区_源": "红光社区", "小区_源": "红光小区", "楼栋_源": "红光小区一号居民楼", "社区": "红光社区"}, "geometry": {"type": "Point", "coordinates": [111.28357663900005, 30.676771634000033]}}, {"type": "Feature", "properties": {"指标": "需要进行适老化改造的住宅数量（栋）", "中类": "住房", "board": "民生基础需求", "来源": "2026补充", "原图层": "需要进行适老化改造住宅", "街办_源": "点军街办", "社区_源": "红光社区", "小区_源": "红光小区", "楼栋_源": "红光小区7栋", "社区": "红光社区"}, "geometry": {"type": "Point", "coordinates": [111.28362868600004, 30.677435185000036]}}, {"type": "Feature", "properties": {"指标": "需要进行适老化改造的住宅数量（栋）", "中类": "住房", "board": "民生基础需求", "来源": "2026补充", "原图层": "需要进行适老化改造住宅", "街办_源": "点军街办", "社区_源": "红光社区", "小区_源": "红光小区", "楼栋_源": "红光小区居民楼六号楼", "社区": "红光社区"}, "geometry": {"type": "Point", "coordinates": [111.28223872600006, 30.677598438000075]}}, {"type": "Feature", "properties": {"指标": "需要进行适老化改造的住宅数量（栋）", "中类": "住房", "board": "民生基础需求", "来源": "2026补充", "原图层": "需要进行适老化改造住宅", "街办_源": "点军街办", "社区_源": "红光社区", "小区_源": "红光小区", "楼栋_源": "红光小区居民楼三号楼", "社区": "红光社区"}, "geometry": {"type": "Point", "coordinates": [111.28305004600008, 30.67711657600006]}}, {"type": "Feature", "properties": {"指标": "需要进行适老化改造的住宅数量（栋）", "中类": "住房", "board": "民生基础需求", "来源": "2026补充", "原图层": "需要进行适老化改造住宅", "街办_源": "点军街办", "社区_源": "红光社区", "小区_源": "红光小区", "楼栋_源": "红光小区5栋", "社区": "红光社区"}, "geometry": {"type": "Point", "coordinates": [111.28251733100007, 30.67742465200007]}}, {"type": "Feature", "properties": {"指标": "需要进行适老化改造的住宅数量（栋）", "中类": "住房", "board": "民生基础需求", "来源": "2026补充", "原图层": "需要进行适老化改造住宅", "街办_源": "点军街办", "社区_源": "五龙社区", "小区_源": "杨家湾小区", "楼栋_源": "杨家湾小区5栋", "社区": "五龙社区"}, "geometry": {"type": "Point", "coordinates": [111.26794132400005, 30.67538859000007]}}, {"type": "Feature", "properties": {"指标": "需要进行适老化改造的住宅数量（栋）", "中类": "住房", "board": "民生基础需求", "来源": "2026补充", "原图层": "需要进行适老化改造住宅", "街办_源": "点军街办", "社区_源": "五龙社区", "小区_源": "杨家湾小区", "楼栋_源": "杨家湾小区7栋", "社区": "五龙社区"}, "geometry": {"type": "Point", "coordinates": [111.26785981500007, 30.675952755000026]}}, {"type": "Feature", "properties": {"指标": "需要进行适老化改造的住宅数量（栋）", "中类": "住房", "board": "民生基础需求", "来源": "2026补充", "原图层": "需要进行适老化改造住宅", "街办_源": "点军街办", "社区_源": "五龙社区", "小区_源": "杨家湾小区", "楼栋_源": "杨家湾小区6栋", "社区": "五龙社区"}, "geometry": {"type": "Point", "coordinates": [111.26753766100006, 30.675448679000056]}}, {"type": "Feature", "properties": {"指标": "需要进行适老化改造的住宅数量（栋）", "中类": "住房", "board": "民生基础需求", "来源": "2026补充", "原图层": "需要进行适老化改造住宅", "街办_源": "点军街办", "社区_源": "五龙社区", "小区_源": "杨家湾小区", "楼栋_源": "杨家湾小区2号楼", "社区": "五龙社区"}, "geometry": {"type": "Point", "coordinates": [111.26749496600007, 30.674370414000066]}}, {"type": "Feature", "properties": {"指标": "需要进行适老化改造的住宅数量（栋）", "中类": "住房", "board": "民生基础需求", "来源": "2026补充", "原图层": "需要进行适老化改造住宅", "街办_源": "点军街办", "社区_源": "五龙社区", "小区_源": "杨家湾小区", "楼栋_源": "杨家湾小区4栋", "社区": "五龙社区"}, "geometry": {"type": "Point", "coordinates": [111.26769291600004, 30.67494793800006]}}, {"type": "Feature", "properties": {"指标": "需要进行适老化改造的住宅数量（栋）", "中类": "住房", "board": "民生基础需求", "来源": "2026补充", "原图层": "需要进行适老化改造住宅", "街办_源": "点军街办", "社区_源": "五龙社区", "小区_源": "杨家湾小区", "楼栋_源": "杨家湾小区3栋", "社区": "五龙社区"}, "geometry": {"type": "Point", "coordinates": [111.26758035600005, 30.67466752200005]}}, {"type": "Feature", "properties": {"指标": "需要进行适老化改造的住宅数量（栋）", "中类": "住房", "board": "民生基础需求", "来源": "2026补充", "原图层": "需要进行适老化改造住宅", "街办_源": "点军街办", "社区_源": "五龙社区", "小区_源": "西边冲小区", "楼栋_源": "西边冲小区9栋", "社区": "五龙社区"}, "geometry": {"type": "Point", "coordinates": [111.27343893200003, 30.67773576700006]}}, {"type": "Feature", "properties": {"指标": "需要进行适老化改造的住宅数量（栋）", "中类": "住房", "board": "民生基础需求", "来源": "2026补充", "原图层": "需要进行适老化改造住宅", "街办_源": "虎牙街办", "社区_源": "虎牙社区", "小区_源": "猇亭大道18号院", "楼栋_源": "锦绣江东经济适用房5号楼", "社区": "虎牙社区"}, "geometry": {"type": "Point", "coordinates": [111.39856534000006, 30.568377592000047]}}, {"type": "Feature", "properties": {"指标": "需要进行适老化改造的住宅数量（栋）", "中类": "住房", "board": "民生基础需求", "来源": "2026补充", "原图层": "需要进行适老化改造住宅", "街办_源": "虎牙街办", "社区_源": "虎牙社区", "小区_源": "猇亭大道18号院", "楼栋_源": "锦绣江东经济适用房6号楼", "社区": "虎牙社区"}, "geometry": {"type": "Point", "coordinates": [111.39890271300004, 30.568472142000076]}}, {"type": "Feature", "properties": {"指标": "需要进行适老化改造的住宅数量（栋）", "中类": "住房", "board": "民生基础需求", "来源": "2026补充", "原图层": "需要进行适老化改造住宅", "街办_源": "小溪塔街办", "社区_源": "朝阳社区", "小区_源": "广厦路西侧杂居小区", "楼栋_源": "1", "社区": "朝阳社区"}, "geometry": {"type": "Point", "coordinates": [111.32671064700008, 30.778453685000045]}}, {"type": "Feature", "properties": {"指标": "需要进行适老化改造的住宅数量（栋）", "中类": "住房", "board": "民生基础需求", "来源": "2026补充", "原图层": "需要进行适老化改造住宅", "街办_源": "小溪塔街办", "社区_源": "峡江社区", "小区_源": "湖锦花园小区", "楼栋_源": "108栋", "社区": "峡江社区"}, "geometry": {"type": "Point", "coordinates": [111.30123301300006, 30.770085618000053]}}, {"type": "Feature", "properties": {"指标": "需要进行适老化改造的住宅数量（栋）", "中类": "住房", "board": "民生基础需求", "来源": "2026补充", "原图层": "需要进行适老化改造住宅", "街办_源": "小溪塔街办", "社区_源": "峡江社区", "小区_源": "碧水蓝天小区", "楼栋_源": "峡洲路11号碧水蓝天1栋", "社区": "峡江社区"}, "geometry": {"type": "Point", "coordinates": [111.30233400500003, 30.77154266200006]}}, {"type": "Feature", "properties": {"指标": "需要进行适老化改造的住宅数量（栋）", "中类": "住房", "board": "民生基础需求", "来源": "2026补充", "原图层": "需要进行适老化改造住宅", "街办_源": "小溪塔街办", "社区_源": "峡江社区", "小区_源": "紫荆花园小区", "楼栋_源": "峡洲路9号紫荆花园1号楼", "社区": "峡江社区"}, "geometry": {"type": "Point", "coordinates": [111.30246052600006, 30.77062101300004]}}, {"type": "Feature", "properties": {"指标": "需要进行适老化改造的住宅数量（栋）", "中类": "住房", "board": "民生基础需求", "来源": "2026补充", "原图层": "需要进行适老化改造住宅", "街办_源": "小溪塔街办", "社区_源": "峡江社区", "小区_源": "幸福家园小区", "楼栋_源": "峡洲路7-3住宅", "社区": "峡江社区"}, "geometry": {"type": "Point", "coordinates": [111.30267901900004, 30.769821060000027]}}, {"type": "Feature", "properties": {"指标": "需要进行适老化改造的住宅数量（栋）", "中类": "住房", "board": "民生基础需求", "来源": "2026补充", "原图层": "需要进行适老化改造住宅", "街办_源": "小溪塔街办", "社区_源": "峡江社区", "小区_源": "幸福家园小区", "楼栋_源": "峡洲路7-1住宅", "社区": "峡江社区"}, "geometry": {"type": "Point", "coordinates": [111.30241652900008, 30.769916480000063]}}, {"type": "Feature", "properties": {"指标": "需要进行适老化改造的住宅数量（栋）", "中类": "住房", "board": "民生基础需求", "来源": "2026补充", "原图层": "需要进行适老化改造住宅", "街办_源": "小溪塔街办", "社区_源": "峡江社区", "小区_源": "幸福家园小区", "楼栋_源": "峡洲路7-2住宅", "社区": "峡江社区"}, "geometry": {"type": "Point", "coordinates": [111.30260229100008, 30.770201005000047]}}, {"type": "Feature", "properties": {"指标": "需要进行适老化改造的住宅数量（栋）", "中类": "住房", "board": "民生基础需求", "来源": "2026补充", "原图层": "需要进行适老化改造住宅", "街办_源": "小溪塔街办", "社区_源": "峡江社区", "小区_源": "香山凤凰城小区", "楼栋_源": "香山凤凰城1栋", "社区": "峡江社区"}, "geometry": {"type": "Point", "coordinates": [111.30191915700004, 30.767946344000052]}}, {"type": "Feature", "properties": {"指标": "需要进行适老化改造的住宅数量（栋）", "中类": "住房", "board": "民生基础需求", "来源": "2026补充", "原图层": "需要进行适老化改造住宅", "街办_源": "小溪塔街办", "社区_源": "东湖社区", "小区_源": "客运宿舍小区", "楼栋_源": "客运站宿舍"}, "geometry": {"type": "Point", "coordinates": [111.32052073000006, 30.769676504000074]}}, {"type": "Feature", "properties": {"指标": "需要进行适老化改造的住宅数量（栋）", "中类": "住房", "board": "民生基础需求", "来源": "2026补充", "原图层": "需要进行适老化改造住宅", "街办_源": "小溪塔街办", "社区_源": "营盘社区", "小区_源": "民政小区", "楼栋_源": "2", "社区": "营盘社区"}, "geometry": {"type": "Point", "coordinates": [111.32826922100008, 30.775917803000027]}}, {"type": "Feature", "properties": {"指标": "需要进行适老化改造的住宅数量（栋）", "中类": "住房", "board": "民生基础需求", "来源": "2026补充", "原图层": "需要进行适老化改造住宅", "街办_源": "小溪塔街办", "社区_源": "营盘社区", "小区_源": "申昌小区", "楼栋_源": "1", "社区": "营盘社区"}, "geometry": {"type": "Point", "coordinates": [111.32800478500008, 30.775251258000026]}}, {"type": "Feature", "properties": {"指标": "未达标配建养老服务设施的小区数量（个）", "中类": "公服设施", "board": "民生基础需求", "来源": "2026补充", "原图层": "未达标配建养老服务设施的社区数量", "社区": "五龙社区"}, "geometry": {"type": "Point", "coordinates": [111.26927797300004, 30.677887224000074]}}, {"type": "Feature", "properties": {"指标": "未达标配建养老服务设施的小区数量（个）", "中类": "公服设施", "board": "民生基础需求", "来源": "2026补充", "原图层": "未达标配建养老服务设施的社区数量", "社区": "下马槽社区"}, "geometry": {"type": "Point", "coordinates": [111.45223473400006, 30.495463593000068]}}, {"type": "Feature", "properties": {"指标": "未达标配建养老服务设施的小区数量（个）", "中类": "公服设施", "board": "民生基础需求", "来源": "2026补充", "原图层": "未达标配建养老服务设施的社区数量", "社区": "云池社区"}, "geometry": {"type": "Point", "coordinates": [111.45662845300006, 30.487571970000033]}}, {"type": "Feature", "properties": {"指标": "未达标配建养老服务设施的小区数量（个）", "中类": "公服设施", "board": "民生基础需求", "来源": "2026补充", "原图层": "未达标配建养老服务设施的社区数量", "社区": "云池社区"}, "geometry": {"type": "Point", "coordinates": [111.45285688900009, 30.48100978800005]}}, {"type": "Feature", "properties": {"指标": "未达标配建养老服务设施的小区数量（个）", "中类": "公服设施", "board": "民生基础需求", "来源": "2026补充", "原图层": "未达标配建养老服务设施的社区数量", "社区": "云池社区"}, "geometry": {"type": "Point", "coordinates": [111.45451647300007, 30.476589928000067]}}, {"type": "Feature", "properties": {"指标": "未达标配建养老服务设施的小区数量（个）", "中类": "公服设施", "board": "民生基础需求", "来源": "2026补充", "原图层": "未达标配建养老服务设施的社区数量", "社区": "云池社区"}, "geometry": {"type": "Point", "coordinates": [111.46252688500005, 30.48963553200008]}}, {"type": "Feature", "properties": {"指标": "未达标配建养老服务设施的小区数量（个）", "中类": "公服设施", "board": "民生基础需求", "来源": "2026补充", "原图层": "未达标配建养老服务设施的社区数量", "社区": "云池社区"}, "geometry": {"type": "Point", "coordinates": [111.46045338700009, 30.48593414000004]}}, {"type": "Feature", "properties": {"指标": "未达标配建养老服务设施的小区数量（个）", "中类": "公服设施", "board": "民生基础需求", "来源": "2026补充", "原图层": "未达标配建养老服务设施的社区数量", "社区": "云池社区"}, "geometry": {"type": "Point", "coordinates": [111.45275090800004, 30.48062062300005]}}, {"type": "Feature", "properties": {"指标": "未达标配建养老服务设施的小区数量（个）", "中类": "公服设施", "board": "民生基础需求", "来源": "2026补充", "原图层": "未达标配建养老服务设施的社区数量", "社区": "云池社区"}, "geometry": {"type": "Point", "coordinates": [111.45561408300006, 30.482549522000056]}}, {"type": "Feature", "properties": {"指标": "未达标配建养老服务设施的小区数量（个）", "中类": "公服设施", "board": "民生基础需求", "来源": "2026补充", "原图层": "未达标配建养老服务设施的社区数量", "社区": "云池社区"}, "geometry": {"type": "Point", "coordinates": [111.45275920400007, 30.484454764000077]}}, {"type": "Feature", "properties": {"指标": "未达标配建婴幼儿照护服务设施的小区数量（个）", "中类": "公服设施", "board": "民生基础需求", "来源": "2026补充", "原图层": "未达标配建婴幼儿照护服务设施的社区数量", "社区": "下马槽社区"}, "geometry": {"type": "Point", "coordinates": [111.45261818300008, 30.495606417000033]}}, {"type": "Feature", "properties": {"指标": "未达标配建婴幼儿照护服务设施的小区数量（个）", "中类": "公服设施", "board": "民生基础需求", "来源": "2026补充", "原图层": "未达标配建婴幼儿照护服务设施的社区数量", "社区": "云池社区"}, "geometry": {"type": "Point", "coordinates": [111.45565683900008, 30.48242055700007]}}, {"type": "Feature", "properties": {"指标": "未达标配建婴幼儿照护服务设施的小区数量（个）", "中类": "公服设施", "board": "民生基础需求", "来源": "2026补充", "原图层": "未达标配建婴幼儿照护服务设施的社区数量", "社区": "云池社区"}, "geometry": {"type": "Point", "coordinates": [111.45598832900004, 30.48479843100006]}}, {"type": "Feature", "properties": {"指标": "未达标配建婴幼儿照护服务设施的小区数量（个）", "中类": "公服设施", "board": "民生基础需求", "来源": "2026补充", "原图层": "未达标配建婴幼儿照护服务设施的社区数量", "社区": "云池社区"}, "geometry": {"type": "Point", "coordinates": [111.45650268100007, 30.48758745300006]}}, {"type": "Feature", "properties": {"指标": "未达标配建婴幼儿照护服务设施的小区数量（个）", "中类": "公服设施", "board": "民生基础需求", "来源": "2026补充", "原图层": "未达标配建婴幼儿照护服务设施的社区数量", "社区": "云池社区"}, "geometry": {"type": "Point", "coordinates": [111.46261988100008, 30.489589740000042]}}, {"type": "Feature", "properties": {"指标": "未达标配建婴幼儿照护服务设施的小区数量（个）", "中类": "公服设施", "board": "民生基础需求", "来源": "2026补充", "原图层": "未达标配建婴幼儿照护服务设施的社区数量", "社区": "云池社区"}, "geometry": {"type": "Point", "coordinates": [111.45452692400005, 30.476499862000026]}}, {"type": "Feature", "properties": {"指标": "未达标配建婴幼儿照护服务设施的小区数量（个）", "中类": "公服设施", "board": "民生基础需求", "来源": "2026补充", "原图层": "未达标配建婴幼儿照护服务设施的社区数量", "社区": "云池社区"}, "geometry": {"type": "Point", "coordinates": [111.46030167900005, 30.48594382400006]}}, {"type": "Feature", "properties": {"指标": "未达标配建婴幼儿照护服务设施的小区数量（个）", "中类": "公服设施", "board": "民生基础需求", "来源": "2026补充", "原图层": "未达标配建婴幼儿照护服务设施的社区数量", "社区": "云池社区"}, "geometry": {"type": "Point", "coordinates": [111.45271019200004, 30.484152065000046]}}, {"type": "Feature", "properties": {"指标": "未达标配建婴幼儿照护服务设施的小区数量（个）", "中类": "公服设施", "board": "民生基础需求", "来源": "2026补充", "原图层": "未达标配建婴幼儿照护服务设施的社区数量", "社区": "云池社区"}, "geometry": {"type": "Point", "coordinates": [111.45290296800005, 30.48099390400006]}}, {"type": "Feature", "properties": {"指标": "未达标配建公共活动场地的小区数量（个）", "中类": "公服设施", "board": "民生基础需求", "来源": "2026补充", "原图层": "未达标配建公共活动场地的社区数量", "社区": "蔡家畈社区"}, "geometry": {"type": "Point", "coordinates": [111.42897072800008, 30.537732645000062]}}, {"type": "Feature", "properties": {"指标": "未达标配建公共活动场地的小区数量（个）", "中类": "公服设施", "board": "民生基础需求", "来源": "2026补充", "原图层": "未达标配建公共活动场地的社区数量", "社区": "蔡家畈社区"}, "geometry": {"type": "Point", "coordinates": [111.42918586800005, 30.539573681000036]}}, {"type": "Feature", "properties": {"指标": "未达标配建公共活动场地的小区数量（个）", "中类": "公服设施", "board": "民生基础需求", "来源": "2026补充", "原图层": "未达标配建公共活动场地的社区数量"}, "geometry": {"type": "Point", "coordinates": [111.32138040800004, 30.770382676000054]}}, {"type": "Feature", "properties": {"指标": "未达标配建公共活动场地的小区数量（个）", "中类": "公服设施", "board": "民生基础需求", "来源": "2026补充", "原图层": "未达标配建公共活动场地的社区数量", "社区": "古老背社区"}, "geometry": {"type": "Point", "coordinates": [111.41255554800006, 30.529236136000065]}}, {"type": "Feature", "properties": {"指标": "未达标配建公共活动场地的小区数量（个）", "中类": "公服设施", "board": "民生基础需求", "来源": "2026补充", "原图层": "未达标配建公共活动场地的社区数量", "社区": "红光社区"}, "geometry": {"type": "Point", "coordinates": [111.28224767500006, 30.67759122500007]}}, {"type": "Feature", "properties": {"指标": "未达标配建公共活动场地的小区数量（个）", "中类": "公服设施", "board": "民生基础需求", "来源": "2026补充", "原图层": "未达标配建公共活动场地的社区数量", "社区": "红光社区"}, "geometry": {"type": "Point", "coordinates": [111.28360653100009, 30.677417220000052]}}, {"type": "Feature", "properties": {"指标": "未达标配建公共活动场地的小区数量（个）", "中类": "公服设施", "board": "民生基础需求", "来源": "2026补充", "原图层": "未达标配建公共活动场地的社区数量", "社区": "虎牙社区"}, "geometry": {"type": "Point", "coordinates": [111.39833034800006, 30.567691255000057]}}, {"type": "Feature", "properties": {"指标": "未达标配建公共活动场地的小区数量（个）", "中类": "公服设施", "board": "民生基础需求", "来源": "2026补充", "原图层": "未达标配建公共活动场地的社区数量", "社区": "梅子溪社区"}, "geometry": {"type": "Point", "coordinates": [111.26813890100004, 30.67317196500005]}}, {"type": "Feature", "properties": {"指标": "未达标配建公共活动场地的小区数量（个）", "中类": "公服设施", "board": "民生基础需求", "来源": "2026补充", "原图层": "未达标配建公共活动场地的社区数量", "社区": "梅子溪社区"}, "geometry": {"type": "Point", "coordinates": [111.27165318400006, 30.673030506000032]}}, {"type": "Feature", "properties": {"指标": "未达标配建公共活动场地的小区数量（个）", "中类": "公服设施", "board": "民生基础需求", "来源": "2026补充", "原图层": "未达标配建公共活动场地的社区数量", "社区": "磨盘社区"}, "geometry": {"type": "Point", "coordinates": [111.41392952900009, 30.589726281000026]}}, {"type": "Feature", "properties": {"指标": "未达标配建公共活动场地的小区数量（个）", "中类": "公服设施", "board": "民生基础需求", "来源": "2026补充", "原图层": "未达标配建公共活动场地的社区数量", "社区": "平云社区"}, "geometry": {"type": "Point", "coordinates": [111.33562424300004, 30.78001211800006]}}, {"type": "Feature", "properties": {"指标": "未达标配建公共活动场地的小区数量（个）", "中类": "公服设施", "board": "民生基础需求", "来源": "2026补充", "原图层": "未达标配建公共活动场地的社区数量", "社区": "润城社区"}, "geometry": {"type": "Point", "coordinates": [111.34039945800004, 30.75768515900006]}}, {"type": "Feature", "properties": {"指标": "未达标配建公共活动场地的小区数量（个）", "中类": "公服设施", "board": "民生基础需求", "来源": "2026补充", "原图层": "未达标配建公共活动场地的社区数量", "社区": "润城社区"}, "geometry": {"type": "Point", "coordinates": [111.34191802400005, 30.759740204000025]}}, {"type": "Feature", "properties": {"指标": "未达标配建公共活动场地的小区数量（个）", "中类": "公服设施", "board": "民生基础需求", "来源": "2026补充", "原图层": "未达标配建公共活动场地的社区数量", "社区": "谭家河社区"}, "geometry": {"type": "Point", "coordinates": [111.28861970100007, 30.654317182000057]}}, {"type": "Feature", "properties": {"指标": "未达标配建公共活动场地的小区数量（个）", "中类": "公服设施", "board": "民生基础需求", "来源": "2026补充", "原图层": "未达标配建公共活动场地的社区数量", "社区": "五龙社区"}, "geometry": {"type": "Point", "coordinates": [111.26988157800008, 30.677544966000028]}}, {"type": "Feature", "properties": {"指标": "未达标配建公共活动场地的小区数量（个）", "中类": "公服设施", "board": "民生基础需求", "来源": "2026补充", "原图层": "未达标配建公共活动场地的社区数量", "社区": "五龙社区"}, "geometry": {"type": "Point", "coordinates": [111.27519986300007, 30.680037121000055]}}, {"type": "Feature", "properties": {"指标": "未达标配建公共活动场地的小区数量（个）", "中类": "公服设施", "board": "民生基础需求", "来源": "2026补充", "原图层": "未达标配建公共活动场地的社区数量", "社区": "五龙社区"}, "geometry": {"type": "Point", "coordinates": [111.25621896300004, 30.67650063600007]}}, {"type": "Feature", "properties": {"指标": "未达标配建公共活动场地的小区数量（个）", "中类": "公服设施", "board": "民生基础需求", "来源": "2026补充", "原图层": "未达标配建公共活动场地的社区数量", "社区": "五龙社区"}, "geometry": {"type": "Point", "coordinates": [111.26270014600004, 30.675740517000065]}}, {"type": "Feature", "properties": {"指标": "未达标配建公共活动场地的小区数量（个）", "中类": "公服设施", "board": "民生基础需求", "来源": "2026补充", "原图层": "未达标配建公共活动场地的社区数量", "社区": "五龙社区"}, "geometry": {"type": "Point", "coordinates": [111.26772287300008, 30.675210406000076]}}, {"type": "Feature", "properties": {"指标": "未达标配建公共活动场地的小区数量（个）", "中类": "公服设施", "board": "民生基础需求", "来源": "2026补充", "原图层": "未达标配建公共活动场地的社区数量", "社区": "峡江社区"}, "geometry": {"type": "Point", "coordinates": [111.29967655200005, 30.77277308500004]}}, {"type": "Feature", "properties": {"指标": "未达标配建公共活动场地的小区数量（个）", "中类": "公服设施", "board": "民生基础需求", "来源": "2026补充", "原图层": "未达标配建公共活动场地的社区数量", "社区": "峡江社区"}, "geometry": {"type": "Point", "coordinates": [111.30183542700007, 30.770895130000042]}}, {"type": "Feature", "properties": {"指标": "未达标配建公共活动场地的小区数量（个）", "中类": "公服设施", "board": "民生基础需求", "来源": "2026补充", "原图层": "未达标配建公共活动场地的社区数量", "社区": "峡江社区"}, "geometry": {"type": "Point", "coordinates": [111.30200161300007, 30.771882769000058]}}, {"type": "Feature", "properties": {"指标": "未达标配建公共活动场地的小区数量（个）", "中类": "公服设施", "board": "民生基础需求", "来源": "2026补充", "原图层": "未达标配建公共活动场地的社区数量", "社区": "峡江社区"}, "geometry": {"type": "Point", "coordinates": [111.30245301100007, 30.770646890000023]}}, {"type": "Feature", "properties": {"指标": "未达标配建公共活动场地的小区数量（个）", "中类": "公服设施", "board": "民生基础需求", "来源": "2026补充", "原图层": "未达标配建公共活动场地的社区数量", "社区": "峡江社区"}, "geometry": {"type": "Point", "coordinates": [111.29599786600005, 30.77474851000005]}}, {"type": "Feature", "properties": {"指标": "未达标配建公共活动场地的小区数量（个）", "中类": "公服设施", "board": "民生基础需求", "来源": "2026补充", "原图层": "未达标配建公共活动场地的社区数量", "社区": "峡江社区"}, "geometry": {"type": "Point", "coordinates": [111.30208364000003, 30.771466305000047]}}, {"type": "Feature", "properties": {"指标": "未达标配建公共活动场地的小区数量（个）", "中类": "公服设施", "board": "民生基础需求", "来源": "2026补充", "原图层": "未达标配建公共活动场地的社区数量", "社区": "峡江社区"}, "geometry": {"type": "Point", "coordinates": [111.30233966300005, 30.771568820000027]}}, {"type": "Feature", "properties": {"指标": "未达标配建公共活动场地的小区数量（个）", "中类": "公服设施", "board": "民生基础需求", "来源": "2026补充", "原图层": "未达标配建公共活动场地的社区数量", "社区": "峡江社区"}, "geometry": {"type": "Point", "coordinates": [111.29741810300004, 30.769844523000074]}}, {"type": "Feature", "properties": {"指标": "未达标配建公共活动场地的小区数量（个）", "中类": "公服设施", "board": "民生基础需求", "来源": "2026补充", "原图层": "未达标配建公共活动场地的社区数量", "社区": "峡江社区"}, "geometry": {"type": "Point", "coordinates": [111.30125591500007, 30.77140864100005]}}, {"type": "Feature", "properties": {"指标": "未达标配建公共活动场地的小区数量（个）", "中类": "公服设施", "board": "民生基础需求", "来源": "2026补充", "原图层": "未达标配建公共活动场地的社区数量", "社区": "峡江社区"}, "geometry": {"type": "Point", "coordinates": [111.30115875600006, 30.76846663200007]}}, {"type": "Feature", "properties": {"指标": "未达标配建公共活动场地的小区数量（个）", "中类": "公服设施", "board": "民生基础需求", "来源": "2026补充", "原图层": "未达标配建公共活动场地的社区数量", "社区": "营盘社区"}, "geometry": {"type": "Point", "coordinates": [111.33193225400004, 30.77564134200003]}}, {"type": "Feature", "properties": {"指标": "未达标配建公共活动场地的小区数量（个）", "中类": "公服设施", "board": "民生基础需求", "来源": "2026补充", "原图层": "未达标配建公共活动场地的社区数量", "社区": "长江市场社区"}, "geometry": {"type": "Point", "coordinates": [111.29657351300006, 30.766177300000038]}}, {"type": "Feature", "properties": {"指标": "未达标配建公共活动场地的小区数量（个）", "中类": "公服设施", "board": "民生基础需求", "来源": "2026补充", "原图层": "未达标配建公共活动场地的社区数量", "社区": "长江市场社区"}, "geometry": {"type": "Point", "coordinates": [111.29876424800005, 30.76586713000006]}}, {"type": "Feature", "properties": {"指标": "未达标配建公共活动场地的小区数量（个）", "中类": "公服设施", "board": "民生基础需求", "来源": "2026补充", "原图层": "未达标配建公共活动场地的社区数量", "社区": "至喜社区"}, "geometry": {"type": "Point", "coordinates": [111.25947701800004, 30.738448023000046]}}, {"type": "Feature", "properties": {"指标": "未达标配建公共活动场地的小区数量（个）", "中类": "公服设施", "board": "民生基础需求", "来源": "2026补充", "原图层": "未达标配建公共活动场地的社区数量", "社区": "至喜社区"}, "geometry": {"type": "Point", "coordinates": [111.25848389800007, 30.740594878000024]}}, {"type": "Feature", "properties": {"指标": "未达标配建公共活动场地的小区数量（个）", "中类": "公服设施", "board": "民生基础需求", "来源": "2026补充", "原图层": "未达标配建公共活动场地的社区数量", "社区": "至喜社区"}, "geometry": {"type": "Point", "coordinates": [111.25546876000004, 30.737616569000068]}}, {"type": "Feature", "properties": {"指标": "停车泊位缺口数（个）", "中类": "停车设施", "board": "民生基础需求", "来源": "2026补充", "原图层": "停车泊位存在较大缺口的小区数", "社区": "朝阳社区"}, "geometry": {"type": "Point", "coordinates": [111.32920454200007, 30.78148258400006]}}, {"type": "Feature", "properties": {"指标": "停车泊位缺口数（个）", "中类": "停车设施", "board": "民生基础需求", "来源": "2026补充", "原图层": "停车泊位存在较大缺口的小区数", "社区": "朝阳社区"}, "geometry": {"type": "Point", "coordinates": [111.33051154400005, 30.779103081000073]}}, {"type": "Feature", "properties": {"指标": "停车泊位缺口数（个）", "中类": "停车设施", "board": "民生基础需求", "来源": "2026补充", "原图层": "停车泊位存在较大缺口的小区数", "社区": "朝阳社区"}, "geometry": {"type": "Point", "coordinates": [111.32985405500006, 30.779343063000056]}}, {"type": "Feature", "properties": {"指标": "停车泊位缺口数（个）", "中类": "停车设施", "board": "民生基础需求", "来源": "2026补充", "原图层": "停车泊位存在较大缺口的小区数", "社区": "东城社区"}, "geometry": {"type": "Point", "coordinates": [111.32360007500006, 30.768363875000034]}}, {"type": "Feature", "properties": {"指标": "停车泊位缺口数（个）", "中类": "停车设施", "board": "民生基础需求", "来源": "2026补充", "原图层": "停车泊位存在较大缺口的小区数", "社区": "东城社区"}, "geometry": {"type": "Point", "coordinates": [111.31760974200006, 30.767660070000034]}}, {"type": "Feature", "properties": {"指标": "停车泊位缺口数（个）", "中类": "停车设施", "board": "民生基础需求", "来源": "2026补充", "原图层": "停车泊位存在较大缺口的小区数"}, "geometry": {"type": "Point", "coordinates": [111.32204350800004, 30.770201677000045]}}, {"type": "Feature", "properties": {"指标": "停车泊位缺口数（个）", "中类": "停车设施", "board": "民生基础需求", "来源": "2026补充", "原图层": "停车泊位存在较大缺口的小区数", "社区": "港虹社区"}, "geometry": {"type": "Point", "coordinates": [111.30338821000004, 30.768635475000053]}}, {"type": "Feature", "properties": {"指标": "停车泊位缺口数（个）", "中类": "停车设施", "board": "民生基础需求", "来源": "2026补充", "原图层": "停车泊位存在较大缺口的小区数", "社区": "港虹社区"}, "geometry": {"type": "Point", "coordinates": [111.30463421000007, 30.767405156000052]}}, {"type": "Feature", "properties": {"指标": "停车泊位缺口数（个）", "中类": "停车设施", "board": "民生基础需求", "来源": "2026补充", "原图层": "停车泊位存在较大缺口的小区数", "社区": "红光社区"}, "geometry": {"type": "Point", "coordinates": [111.28292232000007, 30.677222723000057]}}, {"type": "Feature", "properties": {"指标": "停车泊位缺口数（个）", "中类": "停车设施", "board": "民生基础需求", "来源": "2026补充", "原图层": "停车泊位存在较大缺口的小区数", "社区": "红光社区"}, "geometry": {"type": "Point", "coordinates": [111.28305919800005, 30.67711808100006]}}, {"type": "Feature", "properties": {"指标": "停车泊位缺口数（个）", "中类": "停车设施", "board": "民生基础需求", "来源": "2026补充", "原图层": "停车泊位存在较大缺口的小区数", "社区": "红光社区"}, "geometry": {"type": "Point", "coordinates": [111.28225010000006, 30.67759681700005]}}, {"type": "Feature", "properties": {"指标": "停车泊位缺口数（个）", "中类": "停车设施", "board": "民生基础需求", "来源": "2026补充", "原图层": "停车泊位存在较大缺口的小区数", "社区": "红光社区"}, "geometry": {"type": "Point", "coordinates": [111.28362191600007, 30.677392766000025]}}, {"type": "Feature", "properties": {"指标": "停车泊位缺口数（个）", "中类": "停车设施", "board": "民生基础需求", "来源": "2026补充", "原图层": "停车泊位存在较大缺口的小区数", "社区": "虎牙社区"}, "geometry": {"type": "Point", "coordinates": [111.39832781000007, 30.567580761000045]}}, {"type": "Feature", "properties": {"指标": "停车泊位缺口数（个）", "中类": "停车设施", "board": "民生基础需求", "来源": "2026补充", "原图层": "停车泊位存在较大缺口的小区数", "社区": "鸡山社区"}, "geometry": {"type": "Point", "coordinates": [111.44523833600005, 30.552872501000024]}}, {"type": "Feature", "properties": {"指标": "停车泊位缺口数（个）", "中类": "停车设施", "board": "民生基础需求", "来源": "2026补充", "原图层": "停车泊位存在较大缺口的小区数", "社区": "锦江社区"}, "geometry": {"type": "Point", "coordinates": [111.34020201500005, 30.74770435000005]}}, {"type": "Feature", "properties": {"指标": "停车泊位缺口数（个）", "中类": "停车设施", "board": "民生基础需求", "来源": "2026补充", "原图层": "停车泊位存在较大缺口的小区数", "社区": "六泉湖社区"}, "geometry": {"type": "Point", "coordinates": [111.45094162100008, 30.557809280000072]}}, {"type": "Feature", "properties": {"指标": "停车泊位缺口数（个）", "中类": "停车设施", "board": "民生基础需求", "来源": "2026补充", "原图层": "停车泊位存在较大缺口的小区数", "社区": "绿洲社区"}, "geometry": {"type": "Point", "coordinates": [111.33845134800004, 30.76754650500004]}}, {"type": "Feature", "properties": {"指标": "停车泊位缺口数（个）", "中类": "停车设施", "board": "民生基础需求", "来源": "2026补充", "原图层": "停车泊位存在较大缺口的小区数", "社区": "梅子溪社区"}, "geometry": {"type": "Point", "coordinates": [111.26580047800007, 30.66593467900003]}}, {"type": "Feature", "properties": {"指标": "停车泊位缺口数（个）", "中类": "停车设施", "board": "民生基础需求", "来源": "2026补充", "原图层": "停车泊位存在较大缺口的小区数", "社区": "磨盘社区"}, "geometry": {"type": "Point", "coordinates": [111.41243819200008, 30.588635225000075]}}, {"type": "Feature", "properties": {"指标": "停车泊位缺口数（个）", "中类": "停车设施", "board": "民生基础需求", "来源": "2026补充", "原图层": "停车泊位存在较大缺口的小区数", "社区": "平云社区"}, "geometry": {"type": "Point", "coordinates": [111.32497444400008, 30.785901384000056]}}, {"type": "Feature", "properties": {"指标": "停车泊位缺口数（个）", "中类": "停车设施", "board": "民生基础需求", "来源": "2026补充", "原图层": "停车泊位存在较大缺口的小区数", "社区": "平云社区"}, "geometry": {"type": "Point", "coordinates": [111.32912948700005, 30.785507625000037]}}, {"type": "Feature", "properties": {"指标": "停车泊位缺口数（个）", "中类": "停车设施", "board": "民生基础需求", "来源": "2026补充", "原图层": "停车泊位存在较大缺口的小区数", "社区": "平云社区"}, "geometry": {"type": "Point", "coordinates": [111.33570860600008, 30.779978353000047]}}, {"type": "Feature", "properties": {"指标": "停车泊位缺口数（个）", "中类": "停车设施", "board": "民生基础需求", "来源": "2026补充", "原图层": "停车泊位存在较大缺口的小区数", "社区": "平云社区"}, "geometry": {"type": "Point", "coordinates": [111.32568113500008, 30.786212292000073]}}, {"type": "Feature", "properties": {"指标": "停车泊位缺口数（个）", "中类": "停车设施", "board": "民生基础需求", "来源": "2026补充", "原图层": "停车泊位存在较大缺口的小区数", "社区": "平云社区"}, "geometry": {"type": "Point", "coordinates": [111.33831080300007, 30.78112099200007]}}, {"type": "Feature", "properties": {"指标": "停车泊位缺口数（个）", "中类": "停车设施", "board": "民生基础需求", "来源": "2026补充", "原图层": "停车泊位存在较大缺口的小区数", "社区": "润城社区"}, "geometry": {"type": "Point", "coordinates": [111.33994602600006, 30.753312608000044]}}, {"type": "Feature", "properties": {"指标": "停车泊位缺口数（个）", "中类": "停车设施", "board": "民生基础需求", "来源": "2026补充", "原图层": "停车泊位存在较大缺口的小区数", "社区": "双桥社区"}, "geometry": {"type": "Point", "coordinates": [111.42143337400006, 30.534464600000035]}}, {"type": "Feature", "properties": {"指标": "停车泊位缺口数（个）", "中类": "停车设施", "board": "民生基础需求", "来源": "2026补充", "原图层": "停车泊位存在较大缺口的小区数", "社区": "谭家榜社区"}, "geometry": {"type": "Point", "coordinates": [111.34484097000006, 30.793668523000065]}}, {"type": "Feature", "properties": {"指标": "停车泊位缺口数（个）", "中类": "停车设施", "board": "民生基础需求", "来源": "2026补充", "原图层": "停车泊位存在较大缺口的小区数", "社区": "五龙社区"}, "geometry": {"type": "Point", "coordinates": [111.27277025000006, 30.677256723000028]}}, {"type": "Feature", "properties": {"指标": "停车泊位缺口数（个）", "中类": "停车设施", "board": "民生基础需求", "来源": "2026补充", "原图层": "停车泊位存在较大缺口的小区数", "社区": "五龙社区"}, "geometry": {"type": "Point", "coordinates": [111.26920591100009, 30.677953639000066]}}, {"type": "Feature", "properties": {"指标": "停车泊位缺口数（个）", "中类": "停车设施", "board": "民生基础需求", "来源": "2026补充", "原图层": "停车泊位存在较大缺口的小区数", "社区": "五龙社区"}, "geometry": {"type": "Point", "coordinates": [111.26288521300006, 30.67571126400003]}}, {"type": "Feature", "properties": {"指标": "停车泊位缺口数（个）", "中类": "停车设施", "board": "民生基础需求", "来源": "2026补充", "原图层": "停车泊位存在较大缺口的小区数", "社区": "五龙社区"}, "geometry": {"type": "Point", "coordinates": [111.25619515300008, 30.67628902100006]}}, {"type": "Feature", "properties": {"指标": "停车泊位缺口数（个）", "中类": "停车设施", "board": "民生基础需求", "来源": "2026补充", "原图层": "停车泊位存在较大缺口的小区数", "社区": "五龙社区"}, "geometry": {"type": "Point", "coordinates": [111.27547073300008, 30.679875065000033]}}, {"type": "Feature", "properties": {"指标": "停车泊位缺口数（个）", "中类": "停车设施", "board": "民生基础需求", "来源": "2026补充", "原图层": "停车泊位存在较大缺口的小区数", "社区": "峡江社区"}, "geometry": {"type": "Point", "coordinates": [111.30181687300006, 30.770890575000067]}}, {"type": "Feature", "properties": {"指标": "停车泊位缺口数（个）", "中类": "停车设施", "board": "民生基础需求", "来源": "2026补充", "原图层": "停车泊位存在较大缺口的小区数", "社区": "峡江社区"}, "geometry": {"type": "Point", "coordinates": [111.29970994500007, 30.772199252000064]}}, {"type": "Feature", "properties": {"指标": "停车泊位缺口数（个）", "中类": "停车设施", "board": "民生基础需求", "来源": "2026补充", "原图层": "停车泊位存在较大缺口的小区数", "社区": "峡江社区"}, "geometry": {"type": "Point", "coordinates": [111.29901408500007, 30.768431514000042]}}, {"type": "Feature", "properties": {"指标": "停车泊位缺口数（个）", "中类": "停车设施", "board": "民生基础需求", "来源": "2026补充", "原图层": "停车泊位存在较大缺口的小区数", "社区": "峡江社区"}, "geometry": {"type": "Point", "coordinates": [111.30246361300004, 30.77064461300006]}}, {"type": "Feature", "properties": {"指标": "停车泊位缺口数（个）", "中类": "停车设施", "board": "民生基础需求", "来源": "2026补充", "原图层": "停车泊位存在较大缺口的小区数", "社区": "峡江社区"}, "geometry": {"type": "Point", "coordinates": [111.30253410000006, 30.76990731500007]}}, {"type": "Feature", "properties": {"指标": "停车泊位缺口数（个）", "中类": "停车设施", "board": "民生基础需求", "来源": "2026补充", "原图层": "停车泊位存在较大缺口的小区数", "社区": "峡江社区"}, "geometry": {"type": "Point", "coordinates": [111.30239734900005, 30.771079602000043]}}, {"type": "Feature", "properties": {"指标": "停车泊位缺口数（个）", "中类": "停车设施", "board": "民生基础需求", "来源": "2026补充", "原图层": "停车泊位存在较大缺口的小区数", "社区": "峡江社区"}, "geometry": {"type": "Point", "coordinates": [111.29739206500005, 30.769922826000027]}}, {"type": "Feature", "properties": {"指标": "停车泊位缺口数（个）", "中类": "停车设施", "board": "民生基础需求", "来源": "2026补充", "原图层": "停车泊位存在较大缺口的小区数", "社区": "峡江社区"}, "geometry": {"type": "Point", "coordinates": [111.30184750200004, 30.77159444800003]}}, {"type": "Feature", "properties": {"指标": "停车泊位缺口数（个）", "中类": "停车设施", "board": "民生基础需求", "来源": "2026补充", "原图层": "停车泊位存在较大缺口的小区数", "社区": "峡江社区"}, "geometry": {"type": "Point", "coordinates": [111.30118372100009, 30.768380827000044]}}, {"type": "Feature", "properties": {"指标": "停车泊位缺口数（个）", "中类": "停车设施", "board": "民生基础需求", "来源": "2026补充", "原图层": "停车泊位存在较大缺口的小区数", "社区": "峡江社区"}, "geometry": {"type": "Point", "coordinates": [111.30235954800008, 30.771541055000057]}}, {"type": "Feature", "properties": {"指标": "停车泊位缺口数（个）", "中类": "停车设施", "board": "民生基础需求", "来源": "2026补充", "原图层": "停车泊位存在较大缺口的小区数", "社区": "下马槽社区"}, "geometry": {"type": "Point", "coordinates": [111.45100618800006, 30.49538511700007]}}, {"type": "Feature", "properties": {"指标": "停车泊位缺口数（个）", "中类": "停车设施", "board": "民生基础需求", "来源": "2026补充", "原图层": "停车泊位存在较大缺口的小区数", "社区": "营盘社区"}, "geometry": {"type": "Point", "coordinates": [111.32531869000007, 30.773261971000068]}}, {"type": "Feature", "properties": {"指标": "停车泊位缺口数（个）", "中类": "停车设施", "board": "民生基础需求", "来源": "2026补充", "原图层": "停车泊位存在较大缺口的小区数", "社区": "永兴社区"}, "geometry": {"type": "Point", "coordinates": [111.32582545000008, 30.784610056000076]}}, {"type": "Feature", "properties": {"指标": "停车泊位缺口数（个）", "中类": "停车设施", "board": "民生基础需求", "来源": "2026补充", "原图层": "停车泊位存在较大缺口的小区数", "社区": "永兴社区"}, "geometry": {"type": "Point", "coordinates": [111.32478250500009, 30.785336938000057]}}, {"type": "Feature", "properties": {"指标": "停车泊位缺口数（个）", "中类": "停车设施", "board": "民生基础需求", "来源": "2026补充", "原图层": "停车泊位存在较大缺口的小区数", "社区": "永兴社区"}, "geometry": {"type": "Point", "coordinates": [111.32716979400004, 30.785056202000078]}}, {"type": "Feature", "properties": {"指标": "停车泊位缺口数（个）", "中类": "停车设施", "board": "民生基础需求", "来源": "2026补充", "原图层": "停车泊位存在较大缺口的小区数", "社区": "永兴社区"}, "geometry": {"type": "Point", "coordinates": [111.32573431700007, 30.78522481600004]}}, {"type": "Feature", "properties": {"指标": "停车泊位缺口数（个）", "中类": "停车设施", "board": "民生基础需求", "来源": "2026补充", "原图层": "停车泊位存在较大缺口的小区数", "社区": "长江市场社区"}, "geometry": {"type": "Point", "coordinates": [111.29567617700008, 30.770227567000063]}}, {"type": "Feature", "properties": {"指标": "停车泊位缺口数（个）", "中类": "停车设施", "board": "民生基础需求", "来源": "2026补充", "原图层": "停车泊位存在较大缺口的小区数", "社区": "长江市场社区"}, "geometry": {"type": "Point", "coordinates": [111.29463029600004, 30.76722630300003]}}, {"type": "Feature", "properties": {"指标": "停车泊位缺口数（个）", "中类": "停车设施", "board": "民生基础需求", "来源": "2026补充", "原图层": "停车泊位存在较大缺口的小区数", "社区": "长江市场社区"}, "geometry": {"type": "Point", "coordinates": [111.29495588200007, 30.766782541000055]}}, {"type": "Feature", "properties": {"指标": "停车泊位缺口数（个）", "中类": "停车设施", "board": "民生基础需求", "来源": "2026补充", "原图层": "停车泊位存在较大缺口的小区数", "社区": "长江新村社区"}, "geometry": {"type": "Point", "coordinates": [111.42943164700006, 30.545062462000033]}}, {"type": "Feature", "properties": {"指标": "停车泊位缺口数（个）", "中类": "停车设施", "board": "民生基础需求", "来源": "2026补充", "原图层": "停车泊位存在较大缺口的小区数", "社区": "朱市街社区"}, "geometry": {"type": "Point", "coordinates": [111.26054265400006, 30.69863893200005]}}, {"type": "Feature", "properties": {"指标": "新能源汽车充电桩缺口数（个）", "中类": "停车设施", "board": "民生基础需求", "来源": "2026补充", "原图层": "新能源汽车充电桩缺口数", "社区": "古老背社区"}, "geometry": {"type": "Point", "coordinates": [111.41246417400004, 30.52922039400005]}}, {"type": "Feature", "properties": {"指标": "新能源汽车充电桩缺口数（个）", "中类": "停车设施", "board": "民生基础需求", "来源": "2026补充", "原图层": "新能源汽车充电桩缺口数", "社区": "黄金卡社区"}, "geometry": {"type": "Point", "coordinates": [111.33676693300004, 30.779303088000063]}}, {"type": "Feature", "properties": {"指标": "新能源汽车充电桩缺口数（个）", "中类": "停车设施", "board": "民生基础需求", "来源": "2026补充", "原图层": "新能源汽车充电桩缺口数", "社区": "鸡山社区"}, "geometry": {"type": "Point", "coordinates": [111.44535891100008, 30.55277929500005]}}, {"type": "Feature", "properties": {"指标": "新能源汽车充电桩缺口数（个）", "中类": "停车设施", "board": "民生基础需求", "来源": "2026补充", "原图层": "新能源汽车充电桩缺口数", "社区": "锦云社区"}, "geometry": {"type": "Point", "coordinates": [111.35854438600006, 30.763846796000053]}}, {"type": "Feature", "properties": {"指标": "新能源汽车充电桩缺口数（个）", "中类": "停车设施", "board": "民生基础需求", "来源": "2026补充", "原图层": "新能源汽车充电桩缺口数", "社区": "绿洲社区"}, "geometry": {"type": "Point", "coordinates": [111.33864300700009, 30.76793552500004]}}, {"type": "Feature", "properties": {"指标": "新能源汽车充电桩缺口数（个）", "中类": "停车设施", "board": "民生基础需求", "来源": "2026补充", "原图层": "新能源汽车充电桩缺口数", "社区": "梅子溪社区"}, "geometry": {"type": "Point", "coordinates": [111.27107842500004, 30.673210268000048]}}, {"type": "Feature", "properties": {"指标": "新能源汽车充电桩缺口数（个）", "中类": "停车设施", "board": "民生基础需求", "来源": "2026补充", "原图层": "新能源汽车充电桩缺口数", "社区": "平云社区"}, "geometry": {"type": "Point", "coordinates": [111.32497926300005, 30.785897910000074]}}, {"type": "Feature", "properties": {"指标": "新能源汽车充电桩缺口数（个）", "中类": "停车设施", "board": "民生基础需求", "来源": "2026补充", "原图层": "新能源汽车充电桩缺口数", "社区": "平云社区"}, "geometry": {"type": "Point", "coordinates": [111.32883527000007, 30.788815380000074]}}, {"type": "Feature", "properties": {"指标": "新能源汽车充电桩缺口数（个）", "中类": "停车设施", "board": "民生基础需求", "来源": "2026补充", "原图层": "新能源汽车充电桩缺口数", "社区": "平云社区"}, "geometry": {"type": "Point", "coordinates": [111.33019583200007, 30.78474118300005]}}, {"type": "Feature", "properties": {"指标": "新能源汽车充电桩缺口数（个）", "中类": "停车设施", "board": "民生基础需求", "来源": "2026补充", "原图层": "新能源汽车充电桩缺口数", "社区": "平云社区"}, "geometry": {"type": "Point", "coordinates": [111.32900172400008, 30.78551207000004]}}, {"type": "Feature", "properties": {"指标": "新能源汽车充电桩缺口数（个）", "中类": "停车设施", "board": "民生基础需求", "来源": "2026补充", "原图层": "新能源汽车充电桩缺口数", "社区": "七里新村社区"}, "geometry": {"type": "Point", "coordinates": [111.43570868400008, 30.545720981000045]}}, {"type": "Feature", "properties": {"指标": "新能源汽车充电桩缺口数（个）", "中类": "停车设施", "board": "民生基础需求", "来源": "2026补充", "原图层": "新能源汽车充电桩缺口数", "社区": "润城社区"}, "geometry": {"type": "Point", "coordinates": [111.33945748800005, 30.759913416000074]}}, {"type": "Feature", "properties": {"指标": "新能源汽车充电桩缺口数（个）", "中类": "停车设施", "board": "民生基础需求", "来源": "2026补充", "原图层": "新能源汽车充电桩缺口数", "社区": "润城社区"}, "geometry": {"type": "Point", "coordinates": [111.34325950300007, 30.760815310000055]}}, {"type": "Feature", "properties": {"指标": "新能源汽车充电桩缺口数（个）", "中类": "停车设施", "board": "民生基础需求", "来源": "2026补充", "原图层": "新能源汽车充电桩缺口数", "社区": "润城社区"}, "geometry": {"type": "Point", "coordinates": [111.34165389900005, 30.75884427300008]}}, {"type": "Feature", "properties": {"指标": "新能源汽车充电桩缺口数（个）", "中类": "停车设施", "board": "民生基础需求", "来源": "2026补充", "原图层": "新能源汽车充电桩缺口数", "社区": "润城社区"}, "geometry": {"type": "Point", "coordinates": [111.34239067000004, 30.76076752800003]}}, {"type": "Feature", "properties": {"指标": "新能源汽车充电桩缺口数（个）", "中类": "停车设施", "board": "民生基础需求", "来源": "2026补充", "原图层": "新能源汽车充电桩缺口数", "社区": "谭家榜社区"}, "geometry": {"type": "Point", "coordinates": [111.34587585900005, 30.79396242100006]}}, {"type": "Feature", "properties": {"指标": "新能源汽车充电桩缺口数（个）", "中类": "停车设施", "board": "民生基础需求", "来源": "2026补充", "原图层": "新能源汽车充电桩缺口数", "社区": "望江社区"}, "geometry": {"type": "Point", "coordinates": [111.29292474400006, 30.765709565000066]}}, {"type": "Feature", "properties": {"指标": "新能源汽车充电桩缺口数（个）", "中类": "停车设施", "board": "民生基础需求", "来源": "2026补充", "原图层": "新能源汽车充电桩缺口数", "社区": "五龙社区"}, "geometry": {"type": "Point", "coordinates": [111.26766888400005, 30.674823453000045]}}, {"type": "Feature", "properties": {"指标": "新能源汽车充电桩缺口数（个）", "中类": "停车设施", "board": "民生基础需求", "来源": "2026补充", "原图层": "新能源汽车充电桩缺口数", "社区": "峡江社区"}, "geometry": {"type": "Point", "coordinates": [111.30211903800006, 30.770831362000024]}}, {"type": "Feature", "properties": {"指标": "新能源汽车充电桩缺口数（个）", "中类": "停车设施", "board": "民生基础需求", "来源": "2026补充", "原图层": "新能源汽车充电桩缺口数", "社区": "峡江社区"}, "geometry": {"type": "Point", "coordinates": [111.30185247400004, 30.77156668400005]}}, {"type": "Feature", "properties": {"指标": "新能源汽车充电桩缺口数（个）", "中类": "停车设施", "board": "民生基础需求", "来源": "2026补充", "原图层": "新能源汽车充电桩缺口数", "社区": "峡江社区"}, "geometry": {"type": "Point", "coordinates": [111.30118372100009, 30.76833256200007]}}, {"type": "Feature", "properties": {"指标": "新能源汽车充电桩缺口数（个）", "中类": "停车设施", "board": "民生基础需求", "来源": "2026补充", "原图层": "新能源汽车充电桩缺口数", "社区": "峡江社区"}, "geometry": {"type": "Point", "coordinates": [111.29962089600008, 30.772782649000078]}}, {"type": "Feature", "properties": {"指标": "新能源汽车充电桩缺口数（个）", "中类": "停车设施", "board": "民生基础需求", "来源": "2026补充", "原图层": "新能源汽车充电桩缺口数", "社区": "峡江社区"}, "geometry": {"type": "Point", "coordinates": [111.30253609800008, 30.769914179000068]}}, {"type": "Feature", "properties": {"指标": "新能源汽车充电桩缺口数（个）", "中类": "停车设施", "board": "民生基础需求", "来源": "2026补充", "原图层": "新能源汽车充电桩缺口数", "社区": "永兴社区"}, "geometry": {"type": "Point", "coordinates": [111.32583381700005, 30.78461724400006]}}, {"type": "Feature", "properties": {"指标": "新能源汽车充电桩缺口数（个）", "中类": "停车设施", "board": "民生基础需求", "来源": "2026补充", "原图层": "新能源汽车充电桩缺口数", "社区": "永兴社区"}, "geometry": {"type": "Point", "coordinates": [111.32573431700007, 30.78520463500007]}}, {"type": "Feature", "properties": {"指标": "未配建电动自行车充电设施的小区数量（个）", "中类": "停车设施", "board": "民生基础需求", "来源": "2026补充", "原图层": "未配建电动自行车充电设施的小区数", "社区": "东城社区"}, "geometry": {"type": "Point", "coordinates": [111.32270906500008, 30.768713697000067]}}, {"type": "Feature", "properties": {"指标": "未配建电动自行车充电设施的小区数量（个）", "中类": "停车设施", "board": "民生基础需求", "来源": "2026补充", "原图层": "未配建电动自行车充电设施的小区数"}, "geometry": {"type": "Point", "coordinates": [111.32195229700005, 30.77003902100006]}}, {"type": "Feature", "properties": {"指标": "未配建电动自行车充电设施的小区数量（个）", "中类": "停车设施", "board": "民生基础需求", "来源": "2026补充", "原图层": "未配建电动自行车充电设施的小区数", "社区": "黄金卡社区"}, "geometry": {"type": "Point", "coordinates": [111.33975612800003, 30.778377050000074]}}, {"type": "Feature", "properties": {"指标": "未配建电动自行车充电设施的小区数量（个）", "中类": "停车设施", "board": "民生基础需求", "来源": "2026补充", "原图层": "未配建电动自行车充电设施的小区数", "社区": "鸡山社区"}, "geometry": {"type": "Point", "coordinates": [111.44522884200006, 30.55276529400004]}}, {"type": "Feature", "properties": {"指标": "未配建电动自行车充电设施的小区数量（个）", "中类": "停车设施", "board": "民生基础需求", "来源": "2026补充", "原图层": "未配建电动自行车充电设施的小区数"}, "geometry": {"type": "Point", "coordinates": [111.27117191800005, 30.663812693000068]}}, {"type": "Feature", "properties": {"指标": "未配建电动自行车充电设施的小区数量（个）", "中类": "停车设施", "board": "民生基础需求", "来源": "2026补充", "原图层": "未配建电动自行车充电设施的小区数", "社区": "磨盘社区"}, "geometry": {"type": "Point", "coordinates": [111.41262837900007, 30.58866220500005]}}, {"type": "Feature", "properties": {"指标": "未配建电动自行车充电设施的小区数量（个）", "中类": "停车设施", "board": "民生基础需求", "来源": "2026补充", "原图层": "未配建电动自行车充电设施的小区数", "社区": "平云社区"}, "geometry": {"type": "Point", "coordinates": [111.33181522400008, 30.787591647000056]}}, {"type": "Feature", "properties": {"指标": "未配建电动自行车充电设施的小区数量（个）", "中类": "停车设施", "board": "民生基础需求", "来源": "2026补充", "原图层": "未配建电动自行车充电设施的小区数", "社区": "平云社区"}, "geometry": {"type": "Point", "coordinates": [111.32908993400008, 30.785476886000026]}}, {"type": "Feature", "properties": {"指标": "未配建电动自行车充电设施的小区数量（个）", "中类": "停车设施", "board": "民生基础需求", "来源": "2026补充", "原图层": "未配建电动自行车充电设施的小区数", "社区": "平云社区"}, "geometry": {"type": "Point", "coordinates": [111.33553298600009, 30.780025753000075]}}, {"type": "Feature", "properties": {"指标": "未配建电动自行车充电设施的小区数量（个）", "中类": "停车设施", "board": "民生基础需求", "来源": "2026补充", "原图层": "未配建电动自行车充电设施的小区数", "社区": "润城社区"}, "geometry": {"type": "Point", "coordinates": [111.33770600300005, 30.752023892000068]}}, {"type": "Feature", "properties": {"指标": "未配建电动自行车充电设施的小区数量（个）", "中类": "停车设施", "board": "民生基础需求", "来源": "2026补充", "原图层": "未配建电动自行车充电设施的小区数", "社区": "双桥社区"}, "geometry": {"type": "Point", "coordinates": [111.42169033000005, 30.534543745000065]}}, {"type": "Feature", "properties": {"指标": "未配建电动自行车充电设施的小区数量（个）", "中类": "停车设施", "board": "民生基础需求", "来源": "2026补充", "原图层": "未配建电动自行车充电设施的小区数", "社区": "五龙社区"}, "geometry": {"type": "Point", "coordinates": [111.27516453300007, 30.680118149000066]}}, {"type": "Feature", "properties": {"指标": "未配建电动自行车充电设施的小区数量（个）", "中类": "停车设施", "board": "民生基础需求", "来源": "2026补充", "原图层": "未配建电动自行车充电设施的小区数", "社区": "五龙社区"}, "geometry": {"type": "Point", "coordinates": [111.26956885400006, 30.677769098000056]}}, {"type": "Feature", "properties": {"指标": "未配建电动自行车充电设施的小区数量（个）", "中类": "停车设施", "board": "民生基础需求", "来源": "2026补充", "原图层": "未配建电动自行车充电设施的小区数", "社区": "峡江社区"}, "geometry": {"type": "Point", "coordinates": [111.30179778900003, 30.771609398000066]}}, {"type": "Feature", "properties": {"指标": "未配建电动自行车充电设施的小区数量（个）", "中类": "停车设施", "board": "民生基础需求", "来源": "2026补充", "原图层": "未配建电动自行车充电设施的小区数", "社区": "峡江社区"}, "geometry": {"type": "Point", "coordinates": [111.30238939700007, 30.77110920800004]}}, {"type": "Feature", "properties": {"指标": "未配建电动自行车充电设施的小区数量（个）", "中类": "停车设施", "board": "民生基础需求", "来源": "2026补充", "原图层": "未配建电动自行车充电设施的小区数", "社区": "峡江社区"}, "geometry": {"type": "Point", "coordinates": [111.30245301100007, 30.770619561000046]}}, {"type": "Feature", "properties": {"指标": "未配建电动自行车充电设施的小区数量（个）", "中类": "停车设施", "board": "民生基础需求", "来源": "2026补充", "原图层": "未配建电动自行车充电设施的小区数", "社区": "永兴社区"}, "geometry": {"type": "Point", "coordinates": [111.32704115200005, 30.785062019000065]}}, {"type": "Feature", "properties": {"指标": "不达标的步行道长度（千米）", "中类": "交通设施", "board": "民生基础需求", "来源": "2026补充", "原图层": "不达标的步行道长度", "社区": "东城社区"}, "geometry": {"type": "Point", "coordinates": [111.31776317000003, 30.767662820000055]}}, {"type": "Feature", "properties": {"指标": "不达标的步行道长度（千米）", "中类": "交通设施", "board": "民生基础需求", "来源": "2026补充", "原图层": "不达标的步行道长度", "社区": "古老背社区"}, "geometry": {"type": "Point", "coordinates": [111.41253727300005, 30.529239284000028]}}, {"type": "Feature", "properties": {"指标": "不达标的步行道长度（千米）", "中类": "交通设施", "board": "民生基础需求", "来源": "2026补充", "原图层": "不达标的步行道长度", "社区": "虎牙社区"}, "geometry": {"type": "Point", "coordinates": [111.39825536100005, 30.567503428000066]}}, {"type": "Feature", "properties": {"指标": "不达标的步行道长度（千米）", "中类": "交通设施", "board": "民生基础需求", "来源": "2026补充", "原图层": "不达标的步行道长度", "社区": "鸡山社区"}, "geometry": {"type": "Point", "coordinates": [111.44527761800003, 30.55277929500005]}}, {"type": "Feature", "properties": {"指标": "不达标的步行道长度（千米）", "中类": "交通设施", "board": "民生基础需求", "来源": "2026补充", "原图层": "不达标的步行道长度", "社区": "磨盘社区"}, "geometry": {"type": "Point", "coordinates": [111.41383194300005, 30.58866220500005]}}, {"type": "Feature", "properties": {"指标": "不达标的步行道长度（千米）", "中类": "交通设施", "board": "民生基础需求", "来源": "2026补充", "原图层": "不达标的步行道长度", "社区": "五龙社区"}, "geometry": {"type": "Point", "coordinates": [111.27477589400007, 30.68031059100008]}}, {"type": "Feature", "properties": {"指标": "不达标的步行道长度（千米）", "中类": "交通设施", "board": "民生基础需求", "来源": "2026补充", "原图层": "不达标的步行道长度", "社区": "五龙社区"}, "geometry": {"type": "Point", "coordinates": [111.26927697800005, 30.67788564700004]}}, {"type": "Feature", "properties": {"指标": "不达标的步行道长度（千米）", "中类": "交通设施", "board": "民生基础需求", "来源": "2026补充", "原图层": "不达标的步行道长度", "社区": "五龙社区"}, "geometry": {"type": "Point", "coordinates": [111.26292856200007, 30.675691404000077]}}, {"type": "Feature", "properties": {"指标": "不达标的步行道长度（千米）", "中类": "交通设施", "board": "民生基础需求", "来源": "2026补充", "原图层": "不达标的步行道长度", "社区": "至喜社区"}, "geometry": {"type": "Point", "coordinates": [111.25951951600007, 30.738484550000067]}}, {"type": "Feature", "properties": {"指标": "不达标的步行道长度（千米）", "中类": "交通设施", "board": "民生基础需求", "来源": "2026补充", "原图层": "不达标的步行道长度", "社区": "至喜社区"}, "geometry": {"type": "Point", "coordinates": [111.25546876000004, 30.737585787000057]}}, {"type": "Feature", "properties": {"指标": "不达标的步行道长度（千米）", "中类": "交通设施", "board": "民生基础需求", "来源": "2026补充", "原图层": "不达标的步行道长度", "社区": "至喜社区"}, "geometry": {"type": "Point", "coordinates": [111.25859173800006, 30.740492921000055]}}, {"type": "Feature", "properties": {"指标": "未实施物业管理的小区数量（个）", "中类": "物业街面", "board": "民生基础需求", "来源": "2026补充", "原图层": "未实施物业管理的小区数量", "社区": "朝阳社区"}, "geometry": {"type": "Point", "coordinates": [111.32989849100005, 30.778705006000052]}}, {"type": "Feature", "properties": {"指标": "未实施物业管理的小区数量（个）", "中类": "物业街面", "board": "民生基础需求", "来源": "2026补充", "原图层": "未实施物业管理的小区数量", "社区": "下马槽社区"}, "geometry": {"type": "Point", "coordinates": [111.45218327700007, 30.49612711700007]}}]}