{"type": "FeatureCollection", "features": [{"type": "Feature", "geometry": {"type": "Point", "coordinates": [111.326, 30.77]}, "properties": {"办件编号": "20241231000719", "事件": "求助", "类9": "管网安全", "方面": "安全韧性", "geocode_status": "region", "board": "安全韧性底线", "project_type": "市政管网", "社区": null, "村": null}}, {"type": "Feature", "geometry": {"type": "Point", "coordinates": [111.333, 30.655]}, "properties": {"办件编号": "20241230001271", "事件": "求助", "类9": "管网安全", "方面": "安全韧性", "geocode_status": "region", "board": "安全韧性底线", "project_type": "市政管网", "社区": null, "村": null}}, {"type": "Feature", "geometry": {"type": "Point", "coordinates": [111.326, 30.77]}, "properties": {"办件编号": "20241230001228", "事件": "投诉", "类9": "管网安全", "方面": "安全韧性", "geocode_status": "region", "board": "安全韧性底线", "project_type": "市政管网", "社区": null, "村": null}}, {"type": "Feature", "geometry": {"type": "Point", "coordinates": [111.333, 30.655]}, "properties": {"办件编号": "20241230000523", "事件": "求助", "类9": "管网安全", "方面": "安全韧性", "geocode_status": "region", "board": "安全韧性底线", "project_type": "市政管网", "社区": null, "村": null}}, {"type": "Feature", "geometry": {"type": "Point", "coordinates": [111.326, 30.77]}, "properties": {"办件编号": "20241230000499", "事件": "投诉", "类9": "消防安全", "方面": "安全韧性", "geocode_status": "region", "board": "安全韧性底线", "project_type": "安全消防", "社区": null, "村": null}}, {"type": "Feature", "geometry": {"type": "Point", "coordinates": [111.333, 30.655]}, "properties": {"办件编号": "20241227000560", "事件": "求助", "类9": "管网安全", "方面": "安全韧性", "geocode_status": "region", "board": "安全韧性底线", "project_type": "市政管网", "社区": null, "村": null}}, {"type": "Feature", "geometry": {"type": "Point", "coordinates": [111.333, 30.655]}, "properties": {"办件编号": "20241227000059", "事件": "求助", "类9": "出行安全", "方面": "安全韧性", "geocode_status": "region", "board": "安全韧性底线", "project_type": "交通设施", "社区": null, "村": null}}, {"type": "Feature", "geometry": {"type": "Point", "coordinates": [111.268, 30.67]}, "properties": {"办件编号": "20241226000049", "事件": "投诉", "类9": "管网安全", "方面": "安全韧性", "geocode_status": "region", "board": "安全韧性底线", "project_type": "市政管网", "社区": null, "村": null}}, {"type": "Feature", "geometry": {"type": "Point", "coordinates": [111.287, 30.7]}, "properties": {"办件编号": "20241225000453", "事件": "求助", "类9": "出行安全", "方面": "安全韧性", "geocode_status": "region", "board": "安全韧性底线", "project_type": "交通设施", "社区": null, "村": null}}, {"type": "Feature", "geometry": {"type": "Point", "coordinates": [111.287, 30.7]}, "properties": {"办件编号": "20241224000924", "事件": "求助", "类9": "管网安全", "方面": "安全韧性", "geocode_status": "region", "board": "安全韧性底线", "project_type": "市政管网", "社区": null, "村": null}}, {"type": "Feature", "geometry": {"type": "Point", "coordinates": [111.287, 30.7]}, "properties": {"办件编号": "20241224000696", "事件": "求助", "类9": "出行安全", "方面": "安全韧性", "geocode_status": "region", "board": "安全韧性底线", "project_type": "交通设施", "社区": null, "村": null}}, {"type": "Feature", "geometry": {"type": "Point", "coordinates": [111.333, 30.655]}, "properties": {"办件编号": "20241224000646", "事件": "求助", "类9": "管网安全", "方面": "安全韧性", "geocode_status": "region", "board": "安全韧性底线", "project_type": "市政管网", "社区": null, "村": null}}, {"type": "Feature", "geometry": {"type": "Point", "coordinates": [111.333, 30.655]}, "properties": {"办件编号": "20241224000216", "事件": "求助", "类9": "管网安全", "方面": "安全韧性", "geocode_status": "region", "board": "安全韧性底线", "project_type": "市政管网", "社区": null, "村": null}}, {"type": "Feature", "geometry": {"type": "Point", "coordinates": [111.287, 30.7]}, "properties": {"办件编号": "20241223000802", "事件": "求助", "类9": "管网安全", "方面": "安全韧性", "geocode_status": "region", "board": "安全韧性底线", "project_type": "市政管网", "社区": null, "村": null}}, {"type": "Feature", "geometry": {"type": "Point", "coordinates": [111.408, 30.578]}, "properties": {"办件编号": "20241223000577", "事件": "求助", "类9": "管网安全", "方面": "安全韧性", "geocode_status": "region", "board": "安全韧性底线", "project_type": "市政管网", "社区": null, "村": null}}, {"type": "Feature", "geometry": {"type": "Point", "coordinates": [111.408, 30.578]}, "properties": {"办件编号": "20241223000569", "事件": "求助", "类9": "管网安全", "方面": "安全韧性", "geocode_status": "region", "board": "安全韧性底线", "project_type": "市政管网", "社区": null, "村": null}}, {"type": "Feature", "geometry": {"type": "Point", "coordinates": [111.408, 30.578]}, "properties": {"办件编号": "20241223000568", "事件": "求助", "类9": "管网安全", "方面": "安全韧性", "geocode_status": "region", "board": "安全韧性底线", "project_type": "市政管网", "社区": null, "村": null}}, {"type": "Feature", "geometry": {"type": "Point", "coordinates": [111.333, 30.655]}, "properties": {"办件编号": "20241223000502", "事件": "求助", "类9": "管网安全", "方面": "安全韧性", "geocode_status": "region", "board": "安全韧性底线", "project_type": "市政管网", "社区": null, "村": null}}, {"type": "Feature", "geometry": {"type": "Point", "coordinates": [111.333, 30.655]}, "properties": {"办件编号": "20241223000495", "事件": "求助", "类9": "管网安全", "方面": "安全韧性", "geocode_status": "region", "board": "安全韧性底线", "project_type": "市政管网", "社区": null, "村": null}}, {"type": "Feature", "geometry": {"type": "Point", "coordinates": [111.456, 30.386]}, "properties": {"办件编号": "20241221000546", "事件": "求助", "类9": "出行安全", "方面": "安全韧性", "geocode_status": "region", "board": "安全韧性底线", "project_type": "交通设施", "社区": null, "村": null}}, {"type": "Feature", "geometry": {"type": "Point", "coordinates": [111.287, 30.7]}, "properties": {"办件编号": "20241220001446", "事件": "投诉", "类9": "出行安全", "方面": "安全韧性", "geocode_status": "region", "board": "安全韧性底线", "project_type": "交通设施", "社区": null, "村": null}}, {"type": "Feature", "geometry": {"type": "Point", "coordinates": [111.456, 30.386]}, "properties": {"办件编号": "20241220000447", "事件": "建议", "类9": "出行安全", "方面": "安全韧性", "geocode_status": "region", "board": "安全韧性底线", "project_type": "交通设施", "社区": null, "村": null}}, {"type": "Feature", "geometry": {"type": "Point", "coordinates": [111.333, 30.655]}, "properties": {"办件编号": "20241218001330", "事件": "投诉", "类9": "管网安全", "方面": "安全韧性", "geocode_status": "region", "board": "安全韧性底线", "project_type": "市政管网", "社区": null, "村": null}}, {"type": "Feature", "geometry": {"type": "Point", "coordinates": [111.287, 30.7]}, "properties": {"办件编号": "20241217000954", "事件": "投诉", "类9": "出行安全", "方面": "安全韧性", "geocode_status": "region", "board": "安全韧性底线", "project_type": "交通设施", "社区": null, "村": null}}, {"type": "Feature", "geometry": {"type": "Point", "coordinates": [111.326, 30.77]}, "properties": {"办件编号": "20241216001760", "事件": "投诉", "类9": "管网安全", "方面": "安全韧性", "geocode_status": "region", "board": "安全韧性底线", "project_type": "市政管网", "社区": null, "村": null}}, {"type": "Feature", "geometry": {"type": "Point", "coordinates": [111.333, 30.655]}, "properties": {"办件编号": "20241216000318", "事件": "求助", "类9": "管网安全", "方面": "安全韧性", "geocode_status": "region", "board": "安全韧性底线", "project_type": "市政管网", "社区": null, "村": null}}, {"type": "Feature", "geometry": {"type": "Point", "coordinates": [111.333, 30.655]}, "properties": {"办件编号": "20241214000666", "事件": "求助", "类9": "管网安全", "方面": "安全韧性", "geocode_status": "region", "board": "安全韧性底线", "project_type": "市政管网", "社区": null, "村": null}}, {"type": "Feature", "geometry": {"type": "Point", "coordinates": [111.333, 30.655]}, "properties": {"办件编号": "20241214000048", "事件": "投诉", "类9": "出行安全", "方面": "安全韧性", "geocode_status": "region", "board": "安全韧性底线", "project_type": "交通设施", "社区": null, "村": null}}, {"type": "Feature", "geometry": {"type": "Point", "coordinates": [111.456, 30.386]}, "properties": {"办件编号": "20241213001011", "事件": "投诉", "类9": "出行安全", "方面": "安全韧性", "geocode_status": "region", "board": "安全韧性底线", "project_type": "交通设施", "社区": null, "村": null}}, {"type": "Feature", "geometry": {"type": "Point", "coordinates": [111.287, 30.7]}, "properties": {"办件编号": "20241213000849", "事件": "建议", "类9": "出行安全", "方面": "安全韧性", "geocode_status": "region", "board": "安全韧性底线", "project_type": "交通设施", "社区": null, "村": null}}, {"type": "Feature", "geometry": {"type": "Point", "coordinates": [111.287, 30.7]}, "properties": {"办件编号": "20241213000554", "事件": "求助", "类9": "管网安全", "方面": "安全韧性", "geocode_status": "region", "board": "安全韧性底线", "project_type": "市政管网", "社区": null, "村": null}}, {"type": "Feature", "geometry": {"type": "Point", "coordinates": [111.287, 30.7]}, "properties": {"办件编号": "20241213000444", "事件": "求助", "类9": "管网安全", "方面": "安全韧性", "geocode_status": "region", "board": "安全韧性底线", "project_type": "市政管网", "社区": null, "村": null}}, {"type": "Feature", "geometry": {"type": "Point", "coordinates": [111.333, 30.655]}, "properties": {"办件编号": "20241213000258", "事件": "求助", "类9": "出行安全", "方面": "安全韧性", "geocode_status": "region", "board": "安全韧性底线", "project_type": "交通设施", "社区": null, "村": null}}, {"type": "Feature", "geometry": {"type": "Point", "coordinates": [111.287, 30.7]}, "properties": {"办件编号": "20241213000206", "事件": "求助", "类9": "管网安全", "方面": "安全韧性", "geocode_status": "region", "board": "安全韧性底线", "project_type": "市政管网", "社区": null, "村": null}}, {"type": "Feature", "geometry": {"type": "Point", "coordinates": [111.456, 30.386]}, "properties": {"办件编号": "20241212000862", "事件": "求助", "类9": "管网安全", "方面": "安全韧性", "geocode_status": "region", "board": "安全韧性底线", "project_type": "市政管网", "社区": null, "村": null}}, {"type": "Feature", "geometry": {"type": "Point", "coordinates": [111.333, 30.655]}, "properties": {"办件编号": "20241212000456", "事件": "求助", "类9": "管网安全", "方面": "安全韧性", "geocode_status": "region", "board": "安全韧性底线", "project_type": "市政管网", "社区": null, "村": null}}, {"type": "Feature", "geometry": {"type": "Point", "coordinates": [111.268, 30.67]}, "properties": {"办件编号": "20241212000225", "事件": "求助", "类9": "管网安全", "方面": "安全韧性", "geocode_status": "region", "board": "安全韧性底线", "project_type": "市政管网", "社区": null, "村": null}}, {"type": "Feature", "geometry": {"type": "Point", "coordinates": [111.79, 30.821]}, "properties": {"办件编号": "20241211001604", "事件": "投诉", "类9": "管网安全", "方面": "安全韧性", "geocode_status": "region", "board": "安全韧性底线", "project_type": "市政管网", "社区": null, "村": null}}, {"type": "Feature", "geometry": {"type": "Point", "coordinates": [111.759, 30.426]}, "properties": {"办件编号": "20241211000148", "事件": "投诉", "类9": "管网安全", "方面": "安全韧性", "geocode_status": "region", "board": "安全韧性底线", "project_type": "市政管网", "社区": null, "村": null}}, {"type": "Feature", "geometry": {"type": "Point", "coordinates": [111.333, 30.655]}, "properties": {"办件编号": "20241211000103", "事件": "求助", "类9": "管网安全", "方面": "安全韧性", "geocode_status": "region", "board": "安全韧性底线", "project_type": "市政管网", "社区": null, "村": null}}, {"type": "Feature", "geometry": {"type": "Point", "coordinates": [111.326, 30.77]}, "properties": {"办件编号": "20241209001763", "事件": "投诉", "类9": "管网安全", "方面": "安全韧性", "geocode_status": "region", "board": "安全韧性底线", "project_type": "市政管网", "社区": null, "村": null}}, {"type": "Feature", "geometry": {"type": "Point", "coordinates": [111.268, 30.67]}, "properties": {"办件编号": "20241209001486", "事件": "求助", "类9": "管网安全", "方面": "安全韧性", "geocode_status": "region", "board": "安全韧性底线", "project_type": "市政管网", "社区": null, "村": null}}, {"type": "Feature", "geometry": {"type": "Point", "coordinates": [111.333, 30.655]}, "properties": {"办件编号": "20241208000183", "事件": "求助", "类9": "出行安全", "方面": "安全韧性", "geocode_status": "region", "board": "安全韧性底线", "project_type": "交通设施", "社区": null, "村": null}}, {"type": "Feature", "geometry": {"type": "Point", "coordinates": [111.333, 30.655]}, "properties": {"办件编号": "20241206001240", "事件": "求助", "类9": "管网安全", "方面": "安全韧性", "geocode_status": "region", "board": "安全韧性底线", "project_type": "市政管网", "社区": null, "村": null}}, {"type": "Feature", "geometry": {"type": "Point", "coordinates": [111.79, 30.821]}, "properties": {"办件编号": "20241206000479", "事件": "投诉", "类9": "出行安全", "方面": "安全韧性", "geocode_status": "region", "board": "安全韧性底线", "project_type": "交通设施", "社区": null, "村": null}}, {"type": "Feature", "geometry": {"type": "Point", "coordinates": [111.287, 30.7]}, "properties": {"办件编号": "20241206000115", "事件": "求助", "类9": "管网安全", "方面": "安全韧性", "geocode_status": "region", "board": "安全韧性底线", "project_type": "市政管网", "社区": null, "村": null}}, {"type": "Feature", "geometry": {"type": "Point", "coordinates": [111.333, 30.655]}, "properties": {"办件编号": "20241206000102", "事件": "求助", "类9": "出行安全", "方面": "安全韧性", "geocode_status": "region", "board": "安全韧性底线", "project_type": "交通设施", "社区": null, "村": null}}, {"type": "Feature", "geometry": {"type": "Point", "coordinates": [111.456, 30.386]}, "properties": {"办件编号": "20241205001293", "事件": "求助", "类9": "管网安全", "方面": "安全韧性", "geocode_status": "region", "board": "安全韧性底线", "project_type": "市政管网", "社区": null, "村": null}}, {"type": "Feature", "geometry": {"type": "Point", "coordinates": [111.326, 30.77]}, "properties": {"办件编号": "20241205001347", "事件": "投诉", "类9": "出行安全", "方面": "安全韧性", "geocode_status": "region", "board": "安全韧性底线", "project_type": "交通设施", "社区": null, "村": null}}, {"type": "Feature", "geometry": {"type": "Point", "coordinates": [111.287, 30.7]}, "properties": {"办件编号": "20241205000530", "事件": "求助", "类9": "出行安全", "方面": "安全韧性", "geocode_status": "region", "board": "安全韧性底线", "project_type": "交通设施", "社区": null, "村": null}}, {"type": "Feature", "geometry": {"type": "Point", "coordinates": [111.287, 30.7]}, "properties": {"办件编号": "20241205000528", "事件": "求助", "类9": "管网安全", "方面": "安全韧性", "geocode_status": "region", "board": "安全韧性底线", "project_type": "市政管网", "社区": null, "村": null}}, {"type": "Feature", "geometry": {"type": "Point", "coordinates": [111.333, 30.655]}, "properties": {"办件编号": "20241205000473", "事件": "求助", "类9": "管网安全", "方面": "安全韧性", "geocode_status": "region", "board": "安全韧性底线", "project_type": "市政管网", "社区": null, "村": null}}, {"type": "Feature", "geometry": {"type": "Point", "coordinates": [111.333, 30.655]}, "properties": {"办件编号": "20241205000325", "事件": "求助", "类9": "管网安全", "方面": "安全韧性", "geocode_status": "region", "board": "安全韧性底线", "project_type": "市政管网", "社区": null, "村": null}}, {"type": "Feature", "geometry": {"type": "Point", "coordinates": [111.333, 30.655]}, "properties": {"办件编号": "20241205000139", "事件": "求助", "类9": "出行安全", "方面": "安全韧性", "geocode_status": "region", "board": "安全韧性底线", "project_type": "交通设施", "社区": null, "村": null}}, {"type": "Feature", "geometry": {"type": "Point", "coordinates": [111.287, 30.7]}, "properties": {"办件编号": "20241205000163", "事件": "建议", "类9": "出行安全", "方面": "安全韧性", "geocode_status": "region", "board": "安全韧性底线", "project_type": "交通设施", "社区": null, "村": null}}, {"type": "Feature", "geometry": {"type": "Point", "coordinates": [111.333, 30.655]}, "properties": {"办件编号": "20241204001277", "事件": "求助", "类9": "管网安全", "方面": "安全韧性", "geocode_status": "region", "board": "安全韧性底线", "project_type": "市政管网", "社区": null, "村": null}}, {"type": "Feature", "geometry": {"type": "Point", "coordinates": [111.408, 30.578]}, "properties": {"办件编号": "20241204000971", "事件": "求助", "类9": "管网安全", "方面": "安全韧性", "geocode_status": "region", "board": "安全韧性底线", "project_type": "市政管网", "社区": null, "村": null}}, {"type": "Feature", "geometry": {"type": "Point", "coordinates": [111.268, 30.67]}, "properties": {"办件编号": "20241204000858", "事件": "求助", "类9": "出行安全", "方面": "安全韧性", "geocode_status": "region", "board": "安全韧性底线", "project_type": "交通设施", "社区": null, "村": null}}, {"type": "Feature", "geometry": {"type": "Point", "coordinates": [111.305, 30.69]}, "properties": {"办件编号": "20241204000137", "事件": "求助", "类9": "管网安全", "方面": "安全韧性", "geocode_status": "region", "board": "安全韧性底线", "project_type": "市政管网", "社区": null, "村": null}}, {"type": "Feature", "geometry": {"type": "Point", "coordinates": [111.287, 30.7]}, "properties": {"办件编号": "20241203001340", "事件": "求助", "类9": "管网安全", "方面": "安全韧性", "geocode_status": "region", "board": "安全韧性底线", "project_type": "市政管网", "社区": null, "村": null}}, {"type": "Feature", "geometry": {"type": "Point", "coordinates": [111.333, 30.655]}, "properties": {"办件编号": "20241203000972", "事件": "投诉", "类9": "出行安全", "方面": "安全韧性", "geocode_status": "region", "board": "安全韧性底线", "project_type": "交通设施", "社区": null, "村": null}}, {"type": "Feature", "geometry": {"type": "Point", "coordinates": [111.333, 30.655]}, "properties": {"办件编号": "20241203000157", "事件": "求助", "类9": "管网安全", "方面": "安全韧性", "geocode_status": "region", "board": "安全韧性底线", "project_type": "市政管网", "社区": null, "村": null}}, {"type": "Feature", "geometry": {"type": "Point", "coordinates": [111.333, 30.655]}, "properties": {"办件编号": "20241203000154", "事件": "求助", "类9": "管网安全", "方面": "安全韧性", "geocode_status": "region", "board": "安全韧性底线", "project_type": "市政管网", "社区": null, "村": null}}, {"type": "Feature", "geometry": {"type": "Point", "coordinates": [111.333, 30.655]}, "properties": {"办件编号": "20241202001626", "事件": "投诉", "类9": "消防安全", "方面": "安全韧性", "geocode_status": "region", "board": "安全韧性底线", "project_type": "安全消防", "社区": null, "村": null}}, {"type": "Feature", "geometry": {"type": "Point", "coordinates": [111.326, 30.77]}, "properties": {"办件编号": "20241201000637", "事件": "投诉", "类9": "管网安全", "方面": "安全韧性", "geocode_status": "region", "board": "安全韧性底线", "project_type": "市政管网", "社区": null, "村": null}}, {"type": "Feature", "geometry": {"type": "Point", "coordinates": [111.333, 30.655]}, "properties": {"办件编号": "20241129001092", "事件": "求助", "类9": "管网安全", "方面": "安全韧性", "geocode_status": "region", "board": "安全韧性底线", "project_type": "市政管网", "社区": null, "村": null}}, {"type": "Feature", "geometry": {"type": "Point", "coordinates": [111.333, 30.655]}, "properties": {"办件编号": "20241129001079", "事件": "求助", "类9": "管网安全", "方面": "安全韧性", "geocode_status": "region", "board": "安全韧性底线", "project_type": "市政管网", "社区": null, "村": null}}, {"type": "Feature", "geometry": {"type": "Point", "coordinates": [111.333, 30.655]}, "properties": {"办件编号": "20241129001036", "事件": "投诉", "类9": "管网安全", "方面": "安全韧性", "geocode_status": "region", "board": "安全韧性底线", "project_type": "市政管网", "社区": null, "村": null}}, {"type": "Feature", "geometry": {"type": "Point", "coordinates": [111.268, 30.67]}, "properties": {"办件编号": "20241128000217", "事件": "投诉", "类9": "管网安全", "方面": "安全韧性", "geocode_status": "region", "board": "安全韧性底线", "project_type": "市政管网", "社区": null, "村": null}}, {"type": "Feature", "geometry": {"type": "Point", "coordinates": [111.326, 30.77]}, "properties": {"办件编号": "20241127000871", "事件": "投诉", "类9": "出行安全", "方面": "安全韧性", "geocode_status": "region", "board": "安全韧性底线", "project_type": "交通设施", "社区": null, "村": null}}, {"type": "Feature", "geometry": {"type": "Point", "coordinates": [111.333, 30.655]}, "properties": {"办件编号": "20241127000108", "事件": "求助", "类9": "出行安全", "方面": "安全韧性", "geocode_status": "region", "board": "安全韧性底线", "project_type": "交通设施", "社区": null, "村": null}}, {"type": "Feature", "geometry": {"type": "Point", "coordinates": [111.333, 30.655]}, "properties": {"办件编号": "20241126000289", "事件": "求助", "类9": "管网安全", "方面": "安全韧性", "geocode_status": "region", "board": "安全韧性底线", "project_type": "市政管网", "社区": null, "村": null}}, {"type": "Feature", "geometry": {"type": "Point", "coordinates": [110.977, 30.825]}, "properties": {"办件编号": "20241125001251", "事件": "投诉", "类9": "管网安全", "方面": "安全韧性", "geocode_status": "region", "board": "安全韧性底线", "project_type": "市政管网", "社区": null, "村": null}}, {"type": "Feature", "geometry": {"type": "Point", "coordinates": [111.333, 30.655]}, "properties": {"办件编号": "20241125001040", "事件": "求助", "类9": "出行安全", "方面": "安全韧性", "geocode_status": "region", "board": "安全韧性底线", "project_type": "交通设施", "社区": null, "村": null}}, {"type": "Feature", "geometry": {"type": "Point", "coordinates": [111.305, 30.69]}, "properties": {"办件编号": "20241125000493", "事件": "投诉", "类9": "出行安全", "方面": "安全韧性", "geocode_status": "region", "board": "安全韧性底线", "project_type": "交通设施", "社区": null, "村": null}}, {"type": "Feature", "geometry": {"type": "Point", "coordinates": [111.333, 30.655]}, "properties": {"办件编号": "20241125000219", "事件": "求助", "类9": "管网安全", "方面": "安全韧性", "geocode_status": "region", "board": "安全韧性底线", "project_type": "市政管网", "社区": null, "村": null}}, {"type": "Feature", "geometry": {"type": "Point", "coordinates": [111.287, 30.7]}, "properties": {"办件编号": "20241124000637", "事件": "投诉", "类9": "管网安全", "方面": "安全韧性", "geocode_status": "region", "board": "安全韧性底线", "project_type": "市政管网", "社区": null, "村": null}}, {"type": "Feature", "geometry": {"type": "Point", "coordinates": [111.287, 30.7]}, "properties": {"办件编号": "20241123000241", "事件": "投诉", "类9": "管网安全", "方面": "安全韧性", "geocode_status": "region", "board": "安全韧性底线", "project_type": "市政管网", "社区": null, "村": null}}, {"type": "Feature", "geometry": {"type": "Point", "coordinates": [111.333, 30.655]}, "properties": {"办件编号": "20241122000857", "事件": "求助", "类9": "管网安全", "方面": "安全韧性", "geocode_status": "region", "board": "安全韧性底线", "project_type": "市政管网", "社区": null, "村": null}}, {"type": "Feature", "geometry": {"type": "Point", "coordinates": [111.333, 30.655]}, "properties": {"办件编号": "20241122000516", "事件": "求助", "类9": "消防安全", "方面": "安全韧性", "geocode_status": "region", "board": "安全韧性底线", "project_type": "安全消防", "社区": null, "村": null}}, {"type": "Feature", "geometry": {"type": "Point", "coordinates": [111.287, 30.7]}, "properties": {"办件编号": "20241122000310", "事件": "求助", "类9": "管网安全", "方面": "安全韧性", "geocode_status": "region", "board": "安全韧性底线", "project_type": "市政管网", "社区": null, "村": null}}, {"type": "Feature", "geometry": {"type": "Point", "coordinates": [111.326, 30.77]}, "properties": {"办件编号": "20241121000662", "事件": "投诉", "类9": "管网安全", "方面": "安全韧性", "geocode_status": "region", "board": "安全韧性底线", "project_type": "市政管网", "社区": null, "村": null}}, {"type": "Feature", "geometry": {"type": "Point", "coordinates": [111.305, 30.69]}, "properties": {"办件编号": "20241120001290", "事件": "投诉", "类9": "出行安全", "方面": "安全韧性", "geocode_status": "region", "board": "安全韧性底线", "project_type": "交通设施", "社区": null, "村": null}}, {"type": "Feature", "geometry": {"type": "Point", "coordinates": [111.408, 30.578]}, "properties": {"办件编号": "20241120000691", "事件": "投诉", "类9": "消防安全", "方面": "安全韧性", "geocode_status": "region", "board": "安全韧性底线", "project_type": "安全消防", "社区": null, "村": null}}, {"type": "Feature", "geometry": {"type": "Point", "coordinates": [111.333, 30.655]}, "properties": {"办件编号": "20241120000446", "事件": "求助", "类9": "出行安全", "方面": "安全韧性", "geocode_status": "region", "board": "安全韧性底线", "project_type": "交通设施", "社区": null, "村": null}}, {"type": "Feature", "geometry": {"type": "Point", "coordinates": [111.333, 30.655]}, "properties": {"办件编号": "20241120000107", "事件": "求助", "类9": "管网安全", "方面": "安全韧性", "geocode_status": "region", "board": "安全韧性底线", "project_type": "市政管网", "社区": null, "村": null}}, {"type": "Feature", "geometry": {"type": "Point", "coordinates": [111.333, 30.655]}, "properties": {"办件编号": "20241120000106", "事件": "求助", "类9": "管网安全", "方面": "安全韧性", "geocode_status": "region", "board": "安全韧性底线", "project_type": "市政管网", "社区": null, "村": null}}, {"type": "Feature", "geometry": {"type": "Point", "coordinates": [111.408, 30.578]}, "properties": {"办件编号": "20241119001328", "事件": "投诉", "类9": "消防安全", "方面": "安全韧性", "geocode_status": "region", "board": "安全韧性底线", "project_type": "安全消防", "社区": null, "村": null}}, {"type": "Feature", "geometry": {"type": "Point", "coordinates": [111.287, 30.7]}, "properties": {"办件编号": "20241119001007", "事件": "投诉", "类9": "出行安全", "方面": "安全韧性", "geocode_status": "region", "board": "安全韧性底线", "project_type": "交通设施", "社区": null, "村": null}}, {"type": "Feature", "geometry": {"type": "Point", "coordinates": [111.333, 30.655]}, "properties": {"办件编号": "20241119000696", "事件": "求助", "类9": "出行安全", "方面": "安全韧性", "geocode_status": "region", "board": "安全韧性底线", "project_type": "交通设施", "社区": null, "村": null}}, {"type": "Feature", "geometry": {"type": "Point", "coordinates": [111.333, 30.655]}, "properties": {"办件编号": "20241119000273", "事件": "求助", "类9": "出行安全", "方面": "安全韧性", "geocode_status": "region", "board": "安全韧性底线", "project_type": "交通设施", "社区": null, "村": null}}, {"type": "Feature", "geometry": {"type": "Point", "coordinates": [111.287, 30.7]}, "properties": {"办件编号": "20241118000519", "事件": "投诉", "类9": "管网安全", "方面": "安全韧性", "geocode_status": "region", "board": "安全韧性底线", "project_type": "市政管网", "社区": null, "村": null}}, {"type": "Feature", "geometry": {"type": "Point", "coordinates": [111.287, 30.7]}, "properties": {"办件编号": "20241117000286", "事件": "投诉", "类9": "出行安全", "方面": "安全韧性", "geocode_status": "region", "board": "安全韧性底线", "project_type": "交通设施", "社区": null, "村": null}}, {"type": "Feature", "geometry": {"type": "Point", "coordinates": [111.326, 30.77]}, "properties": {"办件编号": "20241116000116", "事件": "投诉", "类9": "管网安全", "方面": "安全韧性", "geocode_status": "region", "board": "安全韧性底线", "project_type": "市政管网", "社区": null, "村": null}}, {"type": "Feature", "geometry": {"type": "Point", "coordinates": [111.333, 30.655]}, "properties": {"办件编号": "20241115000246", "事件": "求助", "类9": "出行安全", "方面": "安全韧性", "geocode_status": "region", "board": "安全韧性底线", "project_type": "交通设施", "社区": null, "村": null}}, {"type": "Feature", "geometry": {"type": "Point", "coordinates": [111.326, 30.77]}, "properties": {"办件编号": "20241114001257", "事件": "投诉", "类9": "出行安全", "方面": "安全韧性", "geocode_status": "region", "board": "安全韧性底线", "project_type": "交通设施", "社区": null, "村": null}}, {"type": "Feature", "geometry": {"type": "Point", "coordinates": [111.408, 30.578]}, "properties": {"办件编号": "20241114000808", "事件": "投诉", "类9": "管网安全", "方面": "安全韧性", "geocode_status": "region", "board": "安全韧性底线", "project_type": "市政管网", "社区": null, "村": null}}, {"type": "Feature", "geometry": {"type": "Point", "coordinates": [111.287, 30.7]}, "properties": {"办件编号": "20241114000520", "事件": "求助", "类9": "出行安全", "方面": "安全韧性", "geocode_status": "region", "board": "安全韧性底线", "project_type": "交通设施", "社区": null, "村": null}}, {"type": "Feature", "geometry": {"type": "Point", "coordinates": [111.287, 30.7]}, "properties": {"办件编号": "20241114000117", "事件": "求助", "类9": "管网安全", "方面": "安全韧性", "geocode_status": "region", "board": "安全韧性底线", "project_type": "市政管网", "社区": null, "村": null}}, {"type": "Feature", "geometry": {"type": "Point", "coordinates": [111.287, 30.7]}, "properties": {"办件编号": "20241114000074", "事件": "求助", "类9": "出行安全", "方面": "安全韧性", "geocode_status": "region", "board": "安全韧性底线", "project_type": "交通设施", "社区": null, "村": null}}, {"type": "Feature", "geometry": {"type": "Point", "coordinates": [111.305, 30.69]}, "properties": {"办件编号": "20241113000453", "事件": "投诉", "类9": "管网安全", "方面": "安全韧性", "geocode_status": "region", "board": "安全韧性底线", "project_type": "市政管网", "社区": null, "村": null}}, {"type": "Feature", "geometry": {"type": "Point", "coordinates": [111.333, 30.655]}, "properties": {"办件编号": "20241113000128", "事件": "求助", "类9": "出行安全", "方面": "安全韧性", "geocode_status": "region", "board": "安全韧性底线", "project_type": "交通设施", "社区": null, "村": null}}, {"type": "Feature", "geometry": {"type": "Point", "coordinates": [111.333, 30.655]}, "properties": {"办件编号": "20241113000125", "事件": "求助", "类9": "出行安全", "方面": "安全韧性", "geocode_status": "region", "board": "安全韧性底线", "project_type": "交通设施", "社区": null, "村": null}}, {"type": "Feature", "geometry": {"type": "Point", "coordinates": [111.268, 30.67]}, "properties": {"办件编号": "20241113000056", "事件": "投诉", "类9": "出行安全", "方面": "安全韧性", "geocode_status": "region", "board": "安全韧性底线", "project_type": "交通设施", "社区": null, "村": null}}, {"type": "Feature", "geometry": {"type": "Point", "coordinates": [111.79, 30.821]}, "properties": {"办件编号": "20241112000063", "事件": "投诉", "类9": "出行安全", "方面": "安全韧性", "geocode_status": "region", "board": "安全韧性底线", "project_type": "交通设施", "社区": null, "村": null}}, {"type": "Feature", "geometry": {"type": "Point", "coordinates": [111.287, 30.7]}, "properties": {"办件编号": "20241111000131", "事件": "求助", "类9": "出行安全", "方面": "安全韧性", "geocode_status": "region", "board": "安全韧性底线", "project_type": "交通设施", "社区": null, "村": null}}, {"type": "Feature", "geometry": {"type": "Point", "coordinates": [111.333, 30.655]}, "properties": {"办件编号": "20241111000127", "事件": "求助", "类9": "管网安全", "方面": "安全韧性", "geocode_status": "region", "board": "安全韧性底线", "project_type": "市政管网", "社区": null, "村": null}}, {"type": "Feature", "geometry": {"type": "Point", "coordinates": [111.408, 30.578]}, "properties": {"办件编号": "20241110000261", "事件": "求助", "类9": "管网安全", "方面": "安全韧性", "geocode_status": "region", "board": "安全韧性底线", "project_type": "市政管网", "社区": null, "村": null}}, {"type": "Feature", "geometry": {"type": "Point", "coordinates": [111.268, 30.67]}, "properties": {"办件编号": "20241109000683", "事件": "求助", "类9": "出行安全", "方面": "安全韧性", "geocode_status": "region", "board": "安全韧性底线", "project_type": "交通设施", "社区": null, "村": null}}, {"type": "Feature", "geometry": {"type": "Point", "coordinates": [111.333, 30.655]}, "properties": {"办件编号": "20241109000526", "事件": "投诉", "类9": "消防安全", "方面": "安全韧性", "geocode_status": "region", "board": "安全韧性底线", "project_type": "安全消防", "社区": null, "村": null}}, {"type": "Feature", "geometry": {"type": "Point", "coordinates": [111.287, 30.7]}, "properties": {"办件编号": "20241109000228", "事件": "投诉", "类9": "管网安全", "方面": "安全韧性", "geocode_status": "region", "board": "安全韧性底线", "project_type": "市政管网", "社区": null, "村": null}}, {"type": "Feature", "geometry": {"type": "Point", "coordinates": [111.333, 30.655]}, "properties": {"办件编号": "20241108000139", "事件": "求助", "类9": "管网安全", "方面": "安全韧性", "geocode_status": "region", "board": "安全韧性底线", "project_type": "市政管网", "社区": null, "村": null}}, {"type": "Feature", "geometry": {"type": "Point", "coordinates": [111.305, 30.69]}, "properties": {"办件编号": "20241108000074", "事件": "投诉", "类9": "管网安全", "方面": "安全韧性", "geocode_status": "region", "board": "安全韧性底线", "project_type": "市政管网", "社区": null, "村": null}}, {"type": "Feature", "geometry": {"type": "Point", "coordinates": [111.287, 30.7]}, "properties": {"办件编号": "20241107001425", "事件": "求助", "类9": "出行安全", "方面": "安全韧性", "geocode_status": "region", "board": "安全韧性底线", "project_type": "交通设施", "社区": null, "村": null}}, {"type": "Feature", "geometry": {"type": "Point", "coordinates": [110.977, 30.825]}, "properties": {"办件编号": "20241107001020", "事件": "投诉", "类9": "管网安全", "方面": "安全韧性", "geocode_status": "region", "board": "安全韧性底线", "project_type": "市政管网", "社区": null, "村": null}}, {"type": "Feature", "geometry": {"type": "Point", "coordinates": [111.287, 30.7]}, "properties": {"办件编号": "20241107000863", "事件": "求助", "类9": "管网安全", "方面": "安全韧性", "geocode_status": "region", "board": "安全韧性底线", "project_type": "市政管网", "社区": null, "村": null}}, {"type": "Feature", "geometry": {"type": "Point", "coordinates": [111.79, 30.821]}, "properties": {"办件编号": "20241106001438", "事件": "投诉", "类9": "管网安全", "方面": "安全韧性", "geocode_status": "region", "board": "安全韧性底线", "project_type": "市政管网", "社区": null, "村": null}}, {"type": "Feature", "geometry": {"type": "Point", "coordinates": [111.305, 30.69]}, "properties": {"办件编号": "20241106001304", "事件": "投诉", "类9": "管网安全", "方面": "安全韧性", "geocode_status": "region", "board": "安全韧性底线", "project_type": "市政管网", "社区": null, "村": null}}, {"type": "Feature", "geometry": {"type": "Point", "coordinates": [111.287, 30.7]}, "properties": {"办件编号": "20241106000250", "事件": "求助", "类9": "出行安全", "方面": "安全韧性", "geocode_status": "region", "board": "安全韧性底线", "project_type": "交通设施", "社区": null, "村": null}}, {"type": "Feature", "geometry": {"type": "Point", "coordinates": [111.333, 30.655]}, "properties": {"办件编号": "20241105001242", "事件": "求助", "类9": "出行安全", "方面": "安全韧性", "geocode_status": "region", "board": "安全韧性底线", "project_type": "交通设施", "社区": null, "村": null}}, {"type": "Feature", "geometry": {"type": "Point", "coordinates": [111.287, 30.7]}, "properties": {"办件编号": "20241105001116", "事件": "求助", "类9": "管网安全", "方面": "安全韧性", "geocode_status": "region", "board": "安全韧性底线", "project_type": "市政管网", "社区": null, "村": null}}, {"type": "Feature", "geometry": {"type": "Point", "coordinates": [111.333, 30.655]}, "properties": {"办件编号": "20241105000484", "事件": "求助", "类9": "出行安全", "方面": "安全韧性", "geocode_status": "region", "board": "安全韧性底线", "project_type": "交通设施", "社区": null, "村": null}}, {"type": "Feature", "geometry": {"type": "Point", "coordinates": [111.333, 30.655]}, "properties": {"办件编号": "20241105000286", "事件": "求助", "类9": "出行安全", "方面": "安全韧性", "geocode_status": "region", "board": "安全韧性底线", "project_type": "交通设施", "社区": null, "村": null}}, {"type": "Feature", "geometry": {"type": "Point", "coordinates": [111.268, 30.67]}, "properties": {"办件编号": "20241104001513", "事件": "求助", "类9": "管网安全", "方面": "安全韧性", "geocode_status": "region", "board": "安全韧性底线", "project_type": "市政管网", "社区": null, "村": null}}, {"type": "Feature", "geometry": {"type": "Point", "coordinates": [111.326, 30.77]}, "properties": {"办件编号": "20241103000380", "事件": "投诉", "类9": "出行安全", "方面": "安全韧性", "geocode_status": "region", "board": "安全韧性底线", "project_type": "交通设施", "社区": null, "村": null}}, {"type": "Feature", "geometry": {"type": "Point", "coordinates": [111.305, 30.69]}, "properties": {"办件编号": "20241101000763", "事件": "求助", "类9": "出行安全", "方面": "安全韧性", "geocode_status": "region", "board": "安全韧性底线", "project_type": "交通设施", "社区": null, "村": null}}, {"type": "Feature", "geometry": {"type": "Point", "coordinates": [111.333, 30.655]}, "properties": {"办件编号": "20241101000123", "事件": "求助", "类9": "管网安全", "方面": "安全韧性", "geocode_status": "region", "board": "安全韧性底线", "project_type": "市政管网", "社区": null, "村": null}}, {"type": "Feature", "geometry": {"type": "Point", "coordinates": [111.287, 30.7]}, "properties": {"办件编号": "20241031001150", "事件": "求助", "类9": "管网安全", "方面": "安全韧性", "geocode_status": "region", "board": "安全韧性底线", "project_type": "市政管网", "社区": null, "村": null}}, {"type": "Feature", "geometry": {"type": "Point", "coordinates": [111.408, 30.578]}, "properties": {"办件编号": "20241031000454", "事件": "求助", "类9": "管网安全", "方面": "安全韧性", "geocode_status": "region", "board": "安全韧性底线", "project_type": "市政管网", "社区": null, "村": null}}, {"type": "Feature", "geometry": {"type": "Point", "coordinates": [111.333, 30.655]}, "properties": {"办件编号": "20241031000288", "事件": "求助", "类9": "管网安全", "方面": "安全韧性", "geocode_status": "region", "board": "安全韧性底线", "project_type": "市政管网", "社区": null, "村": null}}, {"type": "Feature", "geometry": {"type": "Point", "coordinates": [111.305, 30.69]}, "properties": {"办件编号": "20241030001203", "事件": "投诉", "类9": "管网安全", "方面": "安全韧性", "geocode_status": "region", "board": "安全韧性底线", "project_type": "市政管网", "社区": null, "村": null}}, {"type": "Feature", "geometry": {"type": "Point", "coordinates": [111.305, 30.69]}, "properties": {"办件编号": "20241030000894", "事件": "投诉", "类9": "消防安全", "方面": "安全韧性", "geocode_status": "region", "board": "安全韧性底线", "project_type": "安全消防", "社区": null, "村": null}}, {"type": "Feature", "geometry": {"type": "Point", "coordinates": [111.287, 30.7]}, "properties": {"办件编号": "20241030000598", "事件": "求助", "类9": "管网安全", "方面": "安全韧性", "geocode_status": "region", "board": "安全韧性底线", "project_type": "市政管网", "社区": null, "村": null}}, {"type": "Feature", "geometry": {"type": "Point", "coordinates": [111.287, 30.7]}, "properties": {"办件编号": "20241030000105", "事件": "求助", "类9": "管网安全", "方面": "安全韧性", "geocode_status": "region", "board": "安全韧性底线", "project_type": "市政管网", "社区": null, "村": null}}, {"type": "Feature", "geometry": {"type": "Point", "coordinates": [111.305, 30.69]}, "properties": {"办件编号": "20241029001245", "事件": "投诉", "类9": "出行安全", "方面": "安全韧性", "geocode_status": "region", "board": "安全韧性底线", "project_type": "交通设施", "社区": null, "村": null}}, {"type": "Feature", "geometry": {"type": "Point", "coordinates": [111.333, 30.655]}, "properties": {"办件编号": "20241029000269", "事件": "求助", "类9": "管网安全", "方面": "安全韧性", "geocode_status": "region", "board": "安全韧性底线", "project_type": "市政管网", "社区": null, "村": null}}, {"type": "Feature", "geometry": {"type": "Point", "coordinates": [111.333, 30.655]}, "properties": {"办件编号": "20241029000258", "事件": "求助", "类9": "管网安全", "方面": "安全韧性", "geocode_status": "region", "board": "安全韧性底线", "project_type": "市政管网", "社区": null, "村": null}}, {"type": "Feature", "geometry": {"type": "Point", "coordinates": [111.333, 30.655]}, "properties": {"办件编号": "20241029000111", "事件": "求助", "类9": "出行安全", "方面": "安全韧性", "geocode_status": "region", "board": "安全韧性底线", "project_type": "交通设施", "社区": null, "村": null}}, {"type": "Feature", "geometry": {"type": "Point", "coordinates": [111.333, 30.655]}, "properties": {"办件编号": "20241028001037", "事件": "求助", "类9": "管网安全", "方面": "安全韧性", "geocode_status": "region", "board": "安全韧性底线", "project_type": "市政管网", "社区": null, "村": null}}, {"type": "Feature", "geometry": {"type": "Point", "coordinates": [111.333, 30.655]}, "properties": {"办件编号": "20241028000873", "事件": "求助", "类9": "出行安全", "方面": "安全韧性", "geocode_status": "region", "board": "安全韧性底线", "project_type": "交通设施", "社区": null, "村": null}}, {"type": "Feature", "geometry": {"type": "Point", "coordinates": [111.79, 30.821]}, "properties": {"办件编号": "20241027000651", "事件": "投诉", "类9": "管网安全", "方面": "安全韧性", "geocode_status": "region", "board": "安全韧性底线", "project_type": "市政管网", "社区": null, "村": null}}, {"type": "Feature", "geometry": {"type": "Point", "coordinates": [111.287, 30.7]}, "properties": {"办件编号": "20241025001310", "事件": "投诉", "类9": "管网安全", "方面": "安全韧性", "geocode_status": "region", "board": "安全韧性底线", "project_type": "市政管网", "社区": null, "村": null}}, {"type": "Feature", "geometry": {"type": "Point", "coordinates": [111.333, 30.655]}, "properties": {"办件编号": "20241025001089", "事件": "求助", "类9": "出行安全", "方面": "安全韧性", "geocode_status": "region", "board": "安全韧性底线", "project_type": "交通设施", "社区": null, "村": null}}, {"type": "Feature", "geometry": {"type": "Point", "coordinates": [111.326, 30.77]}, "properties": {"办件编号": "20241025000978", "事件": "求助", "类9": "出行安全", "方面": "安全韧性", "geocode_status": "region", "board": "安全韧性底线", "project_type": "交通设施", "社区": null, "村": null}}, {"type": "Feature", "geometry": {"type": "Point", "coordinates": [111.333, 30.655]}, "properties": {"办件编号": "20241025000748", "事件": "求助", "类9": "出行安全", "方面": "安全韧性", "geocode_status": "region", "board": "安全韧性底线", "project_type": "交通设施", "社区": null, "村": null}}, {"type": "Feature", "geometry": {"type": "Point", "coordinates": [111.408, 30.578]}, "properties": {"办件编号": "20241024000861", "事件": "投诉", "类9": "消防安全", "方面": "安全韧性", "geocode_status": "region", "board": "安全韧性底线", "project_type": "安全消防", "社区": null, "村": null}}, {"type": "Feature", "geometry": {"type": "Point", "coordinates": [111.333, 30.655]}, "properties": {"办件编号": "20241024000427", "事件": "求助", "类9": "出行安全", "方面": "安全韧性", "geocode_status": "region", "board": "安全韧性底线", "project_type": "交通设施", "社区": null, "村": null}}, {"type": "Feature", "geometry": {"type": "Point", "coordinates": [111.287, 30.7]}, "properties": {"办件编号": "20241024000132", "事件": "求助", "类9": "管网安全", "方面": "安全韧性", "geocode_status": "region", "board": "安全韧性底线", "project_type": "市政管网", "社区": null, "村": null}}, {"type": "Feature", "geometry": {"type": "Point", "coordinates": [111.79, 30.821]}, "properties": {"办件编号": "20241024000095", "事件": "投诉", "类9": "出行安全", "方面": "安全韧性", "geocode_status": "region", "board": "安全韧性底线", "project_type": "交通设施", "社区": null, "村": null}}, {"type": "Feature", "geometry": {"type": "Point", "coordinates": [111.287, 30.7]}, "properties": {"办件编号": "20241023001396", "事件": "投诉", "类9": "消防安全", "方面": "安全韧性", "geocode_status": "region", "board": "安全韧性底线", "project_type": "安全消防", "社区": null, "村": null}}, {"type": "Feature", "geometry": {"type": "Point", "coordinates": [111.333, 30.655]}, "properties": {"办件编号": "20241023001083", "事件": "求助", "类9": "出行安全", "方面": "安全韧性", "geocode_status": "region", "board": "安全韧性底线", "project_type": "交通设施", "社区": null, "村": null}}, {"type": "Feature", "geometry": {"type": "Point", "coordinates": [111.333, 30.655]}, "properties": {"办件编号": "20241023001080", "事件": "求助", "类9": "出行安全", "方面": "安全韧性", "geocode_status": "region", "board": "安全韧性底线", "project_type": "交通设施", "社区": null, "村": null}}, {"type": "Feature", "geometry": {"type": "Point", "coordinates": [111.333, 30.655]}, "properties": {"办件编号": "20241023000869", "事件": "求助", "类9": "管网安全", "方面": "安全韧性", "geocode_status": "region", "board": "安全韧性底线", "project_type": "市政管网", "社区": null, "村": null}}, {"type": "Feature", "geometry": {"type": "Point", "coordinates": [111.333, 30.655]}, "properties": {"办件编号": "20241022000485", "事件": "求助", "类9": "出行安全", "方面": "安全韧性", "geocode_status": "region", "board": "安全韧性底线", "project_type": "交通设施", "社区": null, "村": null}}, {"type": "Feature", "geometry": {"type": "Point", "coordinates": [111.287, 30.7]}, "properties": {"办件编号": "20241022000239", "事件": "投诉", "类9": "管网安全", "方面": "安全韧性", "geocode_status": "region", "board": "安全韧性底线", "project_type": "市政管网", "社区": null, "村": null}}, {"type": "Feature", "geometry": {"type": "Point", "coordinates": [111.333, 30.655]}, "properties": {"办件编号": "20241021000913", "事件": "求助", "类9": "管网安全", "方面": "安全韧性", "geocode_status": "region", "board": "安全韧性底线", "project_type": "市政管网", "社区": null, "村": null}}, {"type": "Feature", "geometry": {"type": "Point", "coordinates": [111.333, 30.655]}, "properties": {"办件编号": "20241021000388", "事件": "求助", "类9": "管网安全", "方面": "安全韧性", "geocode_status": "region", "board": "安全韧性底线", "project_type": "市政管网", "社区": null, "村": null}}, {"type": "Feature", "geometry": {"type": "Point", "coordinates": [111.333, 30.655]}, "properties": {"办件编号": "20241021000287", "事件": "求助", "类9": "管网安全", "方面": "安全韧性", "geocode_status": "region", "board": "安全韧性底线", "project_type": "市政管网", "社区": null, "村": null}}, {"type": "Feature", "geometry": {"type": "Point", "coordinates": [111.333, 30.655]}, "properties": {"办件编号": "20241021000283", "事件": "求助", "类9": "环境安全", "方面": "安全韧性", "geocode_status": "region", "board": "安全韧性底线", "project_type": "环境治理", "社区": null, "村": null}}, {"type": "Feature", "geometry": {"type": "Point", "coordinates": [111.333, 30.655]}, "properties": {"办件编号": "20241021000268", "事件": "求助", "类9": "管网安全", "方面": "安全韧性", "geocode_status": "region", "board": "安全韧性底线", "project_type": "市政管网", "社区": null, "村": null}}, {"type": "Feature", "geometry": {"type": "Point", "coordinates": [111.759, 30.426]}, "properties": {"办件编号": "20241020000234", "事件": "投诉", "类9": "管网安全", "方面": "安全韧性", "geocode_status": "region", "board": "安全韧性底线", "project_type": "市政管网", "社区": null, "村": null}}, {"type": "Feature", "geometry": {"type": "Point", "coordinates": [111.333, 30.655]}, "properties": {"办件编号": "20241018001310", "事件": "建议", "类9": "出行安全", "方面": "安全韧性", "geocode_status": "region", "board": "安全韧性底线", "project_type": "交通设施", "社区": null, "村": null}}, {"type": "Feature", "geometry": {"type": "Point", "coordinates": [111.326, 30.77]}, "properties": {"办件编号": "20241018000617", "事件": "求助", "类9": "消防安全", "方面": "安全韧性", "geocode_status": "region", "board": "安全韧性底线", "project_type": "安全消防", "社区": null, "村": null}}, {"type": "Feature", "geometry": {"type": "Point", "coordinates": [111.79, 30.821]}, "properties": {"办件编号": "20241017001124", "事件": "投诉", "类9": "管网安全", "方面": "安全韧性", "geocode_status": "region", "board": "安全韧性底线", "project_type": "市政管网", "社区": null, "村": null}}, {"type": "Feature", "geometry": {"type": "Point", "coordinates": [111.333, 30.655]}, "properties": {"办件编号": "20241017000349", "事件": "求助", "类9": "管网安全", "方面": "安全韧性", "geocode_status": "region", "board": "安全韧性底线", "project_type": "市政管网", "社区": null, "村": null}}, {"type": "Feature", "geometry": {"type": "Point", "coordinates": [111.287, 30.7]}, "properties": {"办件编号": "20241016001131", "事件": "求助", "类9": "出行安全", "方面": "安全韧性", "geocode_status": "region", "board": "安全韧性底线", "project_type": "交通设施", "社区": null, "村": null}}, {"type": "Feature", "geometry": {"type": "Point", "coordinates": [111.268, 30.67]}, "properties": {"办件编号": "20241016001119", "事件": "投诉", "类9": "管网安全", "方面": "安全韧性", "geocode_status": "region", "board": "安全韧性底线", "project_type": "市政管网", "社区": null, "村": null}}, {"type": "Feature", "geometry": {"type": "Point", "coordinates": [111.333, 30.655]}, "properties": {"办件编号": "20241016000957", "事件": "求助", "类9": "出行安全", "方面": "安全韧性", "geocode_status": "region", "board": "安全韧性底线", "project_type": "交通设施", "社区": null, "村": null}}, {"type": "Feature", "geometry": {"type": "Point", "coordinates": [111.305, 30.69]}, "properties": {"办件编号": "20241016001165", "事件": "其他", "类9": "管网安全", "方面": "安全韧性", "geocode_status": "region", "board": "安全韧性底线", "project_type": "市政管网", "社区": null, "村": null}}, {"type": "Feature", "geometry": {"type": "Point", "coordinates": [111.305, 30.69]}, "properties": {"办件编号": "20241016000263", "事件": "求助", "类9": "出行安全", "方面": "安全韧性", "geocode_status": "region", "board": "安全韧性底线", "project_type": "交通设施", "社区": null, "村": null}}, {"type": "Feature", "geometry": {"type": "Point", "coordinates": [111.333, 30.655]}, "properties": {"办件编号": "20241016000120", "事件": "投诉", "类9": "出行安全", "方面": "安全韧性", "geocode_status": "region", "board": "安全韧性底线", "project_type": "交通设施", "社区": null, "村": null}}, {"type": "Feature", "geometry": {"type": "Point", "coordinates": [111.79, 30.821]}, "properties": {"办件编号": "20241015001117", "事件": "求助", "类9": "管网安全", "方面": "安全韧性", "geocode_status": "region", "board": "安全韧性底线", "project_type": "市政管网", "社区": null, "村": null}}, {"type": "Feature", "geometry": {"type": "Point", "coordinates": [111.287, 30.7]}, "properties": {"办件编号": "20241015001116", "事件": "求助", "类9": "出行安全", "方面": "安全韧性", "geocode_status": "region", "board": "安全韧性底线", "project_type": "交通设施", "社区": null, "村": null}}, {"type": "Feature", "geometry": {"type": "Point", "coordinates": [111.287, 30.7]}, "properties": {"办件编号": "20241015000960", "事件": "求助", "类9": "出行安全", "方面": "安全韧性", "geocode_status": "region", "board": "安全韧性底线", "project_type": "交通设施", "社区": null, "村": null}}, {"type": "Feature", "geometry": {"type": "Point", "coordinates": [111.333, 30.655]}, "properties": {"办件编号": "20241014001340", "事件": "求助", "类9": "出行安全", "方面": "安全韧性", "geocode_status": "region", "board": "安全韧性底线", "project_type": "交通设施", "社区": null, "村": null}}, {"type": "Feature", "geometry": {"type": "Point", "coordinates": [111.333, 30.655]}, "properties": {"办件编号": "20241014001232", "事件": "求助", "类9": "出行安全", "方面": "安全韧性", "geocode_status": "region", "board": "安全韧性底线", "project_type": "交通设施", "社区": null, "村": null}}, {"type": "Feature", "geometry": {"type": "Point", "coordinates": [111.287, 30.7]}, "properties": {"办件编号": "20241014000365", "事件": "求助", "类9": "出行安全", "方面": "安全韧性", "geocode_status": "region", "board": "安全韧性底线", "project_type": "交通设施", "社区": null, "村": null}}, {"type": "Feature", "geometry": {"type": "Point", "coordinates": [111.287, 30.7]}, "properties": {"办件编号": "20241014000362", "事件": "求助", "类9": "管网安全", "方面": "安全韧性", "geocode_status": "region", "board": "安全韧性底线", "project_type": "市政管网", "社区": null, "村": null}}, {"type": "Feature", "geometry": {"type": "Point", "coordinates": [111.333, 30.655]}, "properties": {"办件编号": "20241014000360", "事件": "求助", "类9": "管网安全", "方面": "安全韧性", "geocode_status": "region", "board": "安全韧性底线", "project_type": "市政管网", "社区": null, "村": null}}, {"type": "Feature", "geometry": {"type": "Point", "coordinates": [111.333, 30.655]}, "properties": {"办件编号": "20241014000052", "事件": "投诉", "类9": "管网安全", "方面": "安全韧性", "geocode_status": "region", "board": "安全韧性底线", "project_type": "市政管网", "社区": null, "村": null}}, {"type": "Feature", "geometry": {"type": "Point", "coordinates": [111.305, 30.69]}, "properties": {"办件编号": "20241012000745", "事件": "求助", "类9": "管网安全", "方面": "安全韧性", "geocode_status": "region", "board": "安全韧性底线", "project_type": "市政管网", "社区": null, "村": null}}, {"type": "Feature", "geometry": {"type": "Point", "coordinates": [111.333, 30.655]}, "properties": {"办件编号": "20241012000273", "事件": "求助", "类9": "管网安全", "方面": "安全韧性", "geocode_status": "region", "board": "安全韧性底线", "project_type": "市政管网", "社区": null, "村": null}}, {"type": "Feature", "geometry": {"type": "Point", "coordinates": [111.333, 30.655]}, "properties": {"办件编号": "20241010001351", "事件": "投诉", "类9": "环境安全", "方面": "安全韧性", "geocode_status": "region", "board": "安全韧性底线", "project_type": "环境治理", "社区": null, "村": null}}, {"type": "Feature", "geometry": {"type": "Point", "coordinates": [111.305, 30.69]}, "properties": {"办件编号": "20241010000501", "事件": "求助", "类9": "管网安全", "方面": "安全韧性", "geocode_status": "region", "board": "安全韧性底线", "project_type": "市政管网", "社区": null, "村": null}}, {"type": "Feature", "geometry": {"type": "Point", "coordinates": [111.287, 30.7]}, "properties": {"办件编号": "20241009001427", "事件": "求助", "类9": "出行安全", "方面": "安全韧性", "geocode_status": "region", "board": "安全韧性底线", "project_type": "交通设施", "社区": null, "村": null}}, {"type": "Feature", "geometry": {"type": "Point", "coordinates": [111.268, 30.67]}, "properties": {"办件编号": "20241009001149", "事件": "投诉", "类9": "出行安全", "方面": "安全韧性", "geocode_status": "region", "board": "安全韧性底线", "project_type": "交通设施", "社区": null, "村": null}}, {"type": "Feature", "geometry": {"type": "Point", "coordinates": [111.326, 30.77]}, "properties": {"办件编号": "20241009000765", "事件": "投诉", "类9": "出行安全", "方面": "安全韧性", "geocode_status": "region", "board": "安全韧性底线", "project_type": "交通设施", "社区": null, "村": null}}, {"type": "Feature", "geometry": {"type": "Point", "coordinates": [111.268, 30.67]}, "properties": {"办件编号": "20241009000412", "事件": "求助", "类9": "管网安全", "方面": "安全韧性", "geocode_status": "region", "board": "安全韧性底线", "project_type": "市政管网", "社区": null, "村": null}}, {"type": "Feature", "geometry": {"type": "Point", "coordinates": [111.287, 30.7]}, "properties": {"办件编号": "20241008001361", "事件": "求助", "类9": "管网安全", "方面": "安全韧性", "geocode_status": "region", "board": "安全韧性底线", "project_type": "市政管网", "社区": null, "村": null}}, {"type": "Feature", "geometry": {"type": "Point", "coordinates": [111.333, 30.655]}, "properties": {"办件编号": "20241008000488", "事件": "求助", "类9": "管网安全", "方面": "安全韧性", "geocode_status": "region", "board": "安全韧性底线", "project_type": "市政管网", "社区": null, "村": null}}, {"type": "Feature", "geometry": {"type": "Point", "coordinates": [110.977, 30.825]}, "properties": {"办件编号": "20241008000250", "事件": "投诉", "类9": "出行安全", "方面": "安全韧性", "geocode_status": "region", "board": "安全韧性底线", "project_type": "交通设施", "社区": null, "村": null}}, {"type": "Feature", "geometry": {"type": "Point", "coordinates": [111.333, 30.655]}, "properties": {"办件编号": "20241008000207", "事件": "求助", "类9": "管网安全", "方面": "安全韧性", "geocode_status": "region", "board": "安全韧性底线", "project_type": "市政管网", "社区": null, "村": null}}, {"type": "Feature", "geometry": {"type": "Point", "coordinates": [111.326, 30.77]}, "properties": {"办件编号": "20241008000166", "事件": "投诉", "类9": "消防安全", "方面": "安全韧性", "geocode_status": "region", "board": "安全韧性底线", "project_type": "安全消防", "社区": null, "村": null}}, {"type": "Feature", "geometry": {"type": "Point", "coordinates": [111.305, 30.69]}, "properties": {"办件编号": "20241004000004", "事件": "投诉", "类9": "消防安全", "方面": "安全韧性", "geocode_status": "region", "board": "安全韧性底线", "project_type": "安全消防", "社区": null, "村": null}}, {"type": "Feature", "geometry": {"type": "Point", "coordinates": [111.79, 30.821]}, "properties": {"办件编号": "20241001000772", "事件": "求助", "类9": "管网安全", "方面": "安全韧性", "geocode_status": "region", "board": "安全韧性底线", "project_type": "市政管网", "社区": null, "村": null}}, {"type": "Feature", "geometry": {"type": "Point", "coordinates": [111.287, 30.7]}, "properties": {"办件编号": "20241001000747", "事件": "求助", "类9": "管网安全", "方面": "安全韧性", "geocode_status": "region", "board": "安全韧性底线", "project_type": "市政管网", "社区": null, "村": null}}, {"type": "Feature", "geometry": {"type": "Point", "coordinates": [111.333, 30.655]}, "properties": {"办件编号": "20240929001024", "事件": "求助", "类9": "管网安全", "方面": "安全韧性", "geocode_status": "region", "board": "安全韧性底线", "project_type": "市政管网", "社区": null, "村": null}}, {"type": "Feature", "geometry": {"type": "Point", "coordinates": [111.333, 30.655]}, "properties": {"办件编号": "20240929000898", "事件": "投诉", "类9": "消防安全", "方面": "安全韧性", "geocode_status": "region", "board": "安全韧性底线", "project_type": "安全消防", "社区": null, "村": null}}, {"type": "Feature", "geometry": {"type": "Point", "coordinates": [111.305, 30.69]}, "properties": {"办件编号": "20240928000819", "事件": "投诉", "类9": "管网安全", "方面": "安全韧性", "geocode_status": "region", "board": "安全韧性底线", "project_type": "市政管网", "社区": null, "村": null}}, {"type": "Feature", "geometry": {"type": "Point", "coordinates": [111.287, 30.7]}, "properties": {"办件编号": "20240927001394", "事件": "求助", "类9": "管网安全", "方面": "安全韧性", "geocode_status": "region", "board": "安全韧性底线", "project_type": "市政管网", "社区": null, "村": null}}, {"type": "Feature", "geometry": {"type": "Point", "coordinates": [111.305, 30.69]}, "properties": {"办件编号": "20240927000759", "事件": "求助", "类9": "出行安全", "方面": "安全韧性", "geocode_status": "region", "board": "安全韧性底线", "project_type": "交通设施", "社区": null, "村": null}}, {"type": "Feature", "geometry": {"type": "Point", "coordinates": [111.333, 30.655]}, "properties": {"办件编号": "20240927000489", "事件": "求助", "类9": "管网安全", "方面": "安全韧性", "geocode_status": "region", "board": "安全韧性底线", "project_type": "市政管网", "社区": null, "村": null}}, {"type": "Feature", "geometry": {"type": "Point", "coordinates": [111.408, 30.578]}, "properties": {"办件编号": "20240927000331", "事件": "求助", "类9": "管网安全", "方面": "安全韧性", "geocode_status": "region", "board": "安全韧性底线", "project_type": "市政管网", "社区": null, "村": null}}, {"type": "Feature", "geometry": {"type": "Point", "coordinates": [111.287, 30.7]}, "properties": {"办件编号": "20240927000176", "事件": "求助", "类9": "管网安全", "方面": "安全韧性", "geocode_status": "region", "board": "安全韧性底线", "project_type": "市政管网", "社区": null, "村": null}}, {"type": "Feature", "geometry": {"type": "Point", "coordinates": [111.333, 30.655]}, "properties": {"办件编号": "20240926000388", "事件": "求助", "类9": "管网安全", "方面": "安全韧性", "geocode_status": "region", "board": "安全韧性底线", "project_type": "市政管网", "社区": null, "村": null}}, {"type": "Feature", "geometry": {"type": "Point", "coordinates": [111.79, 30.821]}, "properties": {"办件编号": "20240926000235", "事件": "建议", "类9": "管网安全", "方面": "安全韧性", "geocode_status": "region", "board": "安全韧性底线", "project_type": "市政管网", "社区": null, "村": null}}, {"type": "Feature", "geometry": {"type": "Point", "coordinates": [111.333, 30.655]}, "properties": {"办件编号": "20240926000067", "事件": "投诉", "类9": "管网安全", "方面": "安全韧性", "geocode_status": "region", "board": "安全韧性底线", "project_type": "市政管网", "社区": null, "村": null}}, {"type": "Feature", "geometry": {"type": "Point", "coordinates": [111.326, 30.77]}, "properties": {"办件编号": "20240925001730", "事件": "投诉", "类9": "出行安全", "方面": "安全韧性", "geocode_status": "region", "board": "安全韧性底线", "project_type": "交通设施", "社区": null, "村": null}}, {"type": "Feature", "geometry": {"type": "Point", "coordinates": [111.287, 30.7]}, "properties": {"办件编号": "20240925000328", "事件": "求助", "类9": "管网安全", "方面": "安全韧性", "geocode_status": "region", "board": "安全韧性底线", "project_type": "市政管网", "社区": null, "村": null}}, {"type": "Feature", "geometry": {"type": "Point", "coordinates": [111.287, 30.7]}, "properties": {"办件编号": "20240925000321", "事件": "求助", "类9": "管网安全", "方面": "安全韧性", "geocode_status": "region", "board": "安全韧性底线", "project_type": "市政管网", "社区": null, "村": null}}, {"type": "Feature", "geometry": {"type": "Point", "coordinates": [111.287, 30.7]}, "properties": {"办件编号": "20240925000148", "事件": "求助", "类9": "管网安全", "方面": "安全韧性", "geocode_status": "region", "board": "安全韧性底线", "project_type": "市政管网", "社区": null, "村": null}}, {"type": "Feature", "geometry": {"type": "Point", "coordinates": [111.287, 30.7]}, "properties": {"办件编号": "20240924001224", "事件": "求助", "类9": "管网安全", "方面": "安全韧性", "geocode_status": "region", "board": "安全韧性底线", "project_type": "市政管网", "社区": null, "村": null}}, {"type": "Feature", "geometry": {"type": "Point", "coordinates": [111.287, 30.7]}, "properties": {"办件编号": "20240924001090", "事件": "求助", "类9": "出行安全", "方面": "安全韧性", "geocode_status": "region", "board": "安全韧性底线", "project_type": "交通设施", "社区": null, "村": null}}, {"type": "Feature", "geometry": {"type": "Point", "coordinates": [111.287, 30.7]}, "properties": {"办件编号": "20240924000509", "事件": "求助", "类9": "管网安全", "方面": "安全韧性", "geocode_status": "region", "board": "安全韧性底线", "project_type": "市政管网", "社区": null, "村": null}}, {"type": "Feature", "geometry": {"type": "Point", "coordinates": [111.287, 30.7]}, "properties": {"办件编号": "20240924000518", "事件": "投诉", "类9": "出行安全", "方面": "安全韧性", "geocode_status": "region", "board": "安全韧性底线", "project_type": "交通设施", "社区": null, "村": null}}, {"type": "Feature", "geometry": {"type": "Point", "coordinates": [110.977, 30.825]}, "properties": {"办件编号": "20240924000436", "事件": "投诉", "类9": "管网安全", "方面": "安全韧性", "geocode_status": "region", "board": "安全韧性底线", "project_type": "市政管网", "社区": null, "村": null}}, {"type": "Feature", "geometry": {"type": "Point", "coordinates": [111.326, 30.77]}, "properties": {"办件编号": "20240922004366", "事件": "投诉", "类9": "消防安全", "方面": "安全韧性", "geocode_status": "region", "board": "安全韧性底线", "project_type": "安全消防", "社区": null, "村": null}}, {"type": "Feature", "geometry": {"type": "Point", "coordinates": [111.305, 30.69]}, "properties": {"办件编号": "20240921006413", "事件": "投诉", "类9": "消防安全", "方面": "安全韧性", "geocode_status": "region", "board": "安全韧性底线", "project_type": "安全消防", "社区": null, "村": null}}, {"type": "Feature", "geometry": {"type": "Point", "coordinates": [111.333, 30.655]}, "properties": {"办件编号": "20240920001767", "事件": "建议", "类9": "出行安全", "方面": "安全韧性", "geocode_status": "region", "board": "安全韧性底线", "project_type": "交通设施", "社区": null, "村": null}}, {"type": "Feature", "geometry": {"type": "Point", "coordinates": [111.326, 30.77]}, "properties": {"办件编号": "20240920001764", "事件": "投诉", "类9": "出行安全", "方面": "安全韧性", "geocode_status": "region", "board": "安全韧性底线", "project_type": "交通设施", "社区": null, "村": null}}, {"type": "Feature", "geometry": {"type": "Point", "coordinates": [111.79, 30.821]}, "properties": {"办件编号": "20240919000911", "事件": "投诉", "类9": "管网安全", "方面": "安全韧性", "geocode_status": "region", "board": "安全韧性底线", "project_type": "市政管网", "社区": null, "村": null}}, {"type": "Feature", "geometry": {"type": "Point", "coordinates": [111.333, 30.655]}, "properties": {"办件编号": "20240919000384", "事件": "求助", "类9": "管网安全", "方面": "安全韧性", "geocode_status": "region", "board": "安全韧性底线", "project_type": "市政管网", "社区": null, "村": null}}, {"type": "Feature", "geometry": {"type": "Point", "coordinates": [111.287, 30.7]}, "properties": {"办件编号": "20240919000316", "事件": "求助", "类9": "管网安全", "方面": "安全韧性", "geocode_status": "region", "board": "安全韧性底线", "project_type": "市政管网", "社区": null, "村": null}}, {"type": "Feature", "geometry": {"type": "Point", "coordinates": [111.333, 30.655]}, "properties": {"办件编号": "20240918001241", "事件": "投诉", "类9": "出行安全", "方面": "安全韧性", "geocode_status": "region", "board": "安全韧性底线", "project_type": "交通设施", "社区": null, "村": null}}, {"type": "Feature", "geometry": {"type": "Point", "coordinates": [111.268, 30.67]}, "properties": {"办件编号": "20240918001239", "事件": "投诉", "类9": "管网安全", "方面": "安全韧性", "geocode_status": "region", "board": "安全韧性底线", "project_type": "市政管网", "社区": null, "村": null}}, {"type": "Feature", "geometry": {"type": "Point", "coordinates": [111.287, 30.7]}, "properties": {"办件编号": "20240918000916", "事件": "求助", "类9": "管网安全", "方面": "安全韧性", "geocode_status": "region", "board": "安全韧性底线", "project_type": "市政管网", "社区": null, "村": null}}, {"type": "Feature", "geometry": {"type": "Point", "coordinates": [111.268, 30.67]}, "properties": {"办件编号": "20240918000695", "事件": "投诉", "类9": "出行安全", "方面": "安全韧性", "geocode_status": "region", "board": "安全韧性底线", "project_type": "交通设施", "社区": null, "村": null}}, {"type": "Feature", "geometry": {"type": "Point", "coordinates": [111.287, 30.7]}, "properties": {"办件编号": "20240918000034", "事件": "投诉", "类9": "出行安全", "方面": "安全韧性", "geocode_status": "region", "board": "安全韧性底线", "project_type": "交通设施", "社区": null, "村": null}}, {"type": "Feature", "geometry": {"type": "Point", "coordinates": [111.326, 30.77]}, "properties": {"办件编号": "20240917000571", "事件": "求助", "类9": "管网安全", "方面": "安全韧性", "geocode_status": "region", "board": "安全韧性底线", "project_type": "市政管网", "社区": null, "村": null}}, {"type": "Feature", "geometry": {"type": "Point", "coordinates": [111.287, 30.7]}, "properties": {"办件编号": "20240917000104", "事件": "求助", "类9": "管网安全", "方面": "安全韧性", "geocode_status": "region", "board": "安全韧性底线", "project_type": "市政管网", "社区": null, "村": null}}, {"type": "Feature", "geometry": {"type": "Point", "coordinates": [111.408, 30.578]}, "properties": {"办件编号": "20240915000174", "事件": "投诉", "类9": "管网安全", "方面": "安全韧性", "geocode_status": "region", "board": "安全韧性底线", "project_type": "市政管网", "社区": null, "村": null}}, {"type": "Feature", "geometry": {"type": "Point", "coordinates": [111.333, 30.655]}, "properties": {"办件编号": "20240914000247", "事件": "求助", "类9": "管网安全", "方面": "安全韧性", "geocode_status": "region", "board": "安全韧性底线", "project_type": "市政管网", "社区": null, "村": null}}, {"type": "Feature", "geometry": {"type": "Point", "coordinates": [111.333, 30.655]}, "properties": {"办件编号": "20240914000075", "事件": "求助", "类9": "管网安全", "方面": "安全韧性", "geocode_status": "region", "board": "安全韧性底线", "project_type": "市政管网", "社区": null, "村": null}}, {"type": "Feature", "geometry": {"type": "Point", "coordinates": [111.305, 30.69]}, "properties": {"办件编号": "20240913001340", "事件": "建议", "类9": "出行安全", "方面": "安全韧性", "geocode_status": "region", "board": "安全韧性底线", "project_type": "交通设施", "社区": null, "村": null}}, {"type": "Feature", "geometry": {"type": "Point", "coordinates": [111.305, 30.69]}, "properties": {"办件编号": "20240913001163", "事件": "求助", "类9": "出行安全", "方面": "安全韧性", "geocode_status": "region", "board": "安全韧性底线", "project_type": "交通设施", "社区": null, "村": null}}, {"type": "Feature", "geometry": {"type": "Point", "coordinates": [111.79, 30.821]}, "properties": {"办件编号": "20240913000989", "事件": "求助", "类9": "管网安全", "方面": "安全韧性", "geocode_status": "region", "board": "安全韧性底线", "project_type": "市政管网", "社区": null, "村": null}}, {"type": "Feature", "geometry": {"type": "Point", "coordinates": [111.333, 30.655]}, "properties": {"办件编号": "20240913000875", "事件": "投诉", "类9": "出行安全", "方面": "安全韧性", "geocode_status": "region", "board": "安全韧性底线", "project_type": "交通设施", "社区": null, "村": null}}, {"type": "Feature", "geometry": {"type": "Point", "coordinates": [111.287, 30.7]}, "properties": {"办件编号": "20240912000921", "事件": "投诉", "类9": "出行安全", "方面": "安全韧性", "geocode_status": "region", "board": "安全韧性底线", "project_type": "交通设施", "社区": null, "村": null}}, {"type": "Feature", "geometry": {"type": "Point", "coordinates": [111.333, 30.655]}, "properties": {"办件编号": "20240912000789", "事件": "求助", "类9": "出行安全", "方面": "安全韧性", "geocode_status": "region", "board": "安全韧性底线", "project_type": "交通设施", "社区": null, "村": null}}, {"type": "Feature", "geometry": {"type": "Point", "coordinates": [111.333, 30.655]}, "properties": {"办件编号": "20240912000469", "事件": "求助", "类9": "出行安全", "方面": "安全韧性", "geocode_status": "region", "board": "安全韧性底线", "project_type": "交通设施", "社区": null, "村": null}}, {"type": "Feature", "geometry": {"type": "Point", "coordinates": [111.287, 30.7]}, "properties": {"办件编号": "20240912000232", "事件": "求助", "类9": "管网安全", "方面": "安全韧性", "geocode_status": "region", "board": "安全韧性底线", "project_type": "市政管网", "社区": null, "村": null}}, {"type": "Feature", "geometry": {"type": "Point", "coordinates": [111.287, 30.7]}, "properties": {"办件编号": "20240912000079", "事件": "求助", "类9": "出行安全", "方面": "安全韧性", "geocode_status": "region", "board": "安全韧性底线", "project_type": "交通设施", "社区": null, "村": null}}, {"type": "Feature", "geometry": {"type": "Point", "coordinates": [111.305, 30.69]}, "properties": {"办件编号": "20240911000497", "事件": "求助", "类9": "管网安全", "方面": "安全韧性", "geocode_status": "region", "board": "安全韧性底线", "project_type": "市政管网", "社区": null, "村": null}}, {"type": "Feature", "geometry": {"type": "Point", "coordinates": [111.326, 30.77]}, "properties": {"办件编号": "20240910000828", "事件": "建议", "类9": "出行安全", "方面": "安全韧性", "geocode_status": "region", "board": "安全韧性底线", "project_type": "交通设施", "社区": null, "村": null}}, {"type": "Feature", "geometry": {"type": "Point", "coordinates": [111.305, 30.69]}, "properties": {"办件编号": "20240909000861", "事件": "求助", "类9": "出行安全", "方面": "安全韧性", "geocode_status": "region", "board": "安全韧性底线", "project_type": "交通设施", "社区": null, "村": null}}, {"type": "Feature", "geometry": {"type": "Point", "coordinates": [111.333, 30.655]}, "properties": {"办件编号": "20240909000548", "事件": "求助", "类9": "管网安全", "方面": "安全韧性", "geocode_status": "region", "board": "安全韧性底线", "project_type": "市政管网", "社区": null, "村": null}}, {"type": "Feature", "geometry": {"type": "Point", "coordinates": [111.333, 30.655]}, "properties": {"办件编号": "20240909000451", "事件": "求助", "类9": "管网安全", "方面": "安全韧性", "geocode_status": "region", "board": "安全韧性底线", "project_type": "市政管网", "社区": null, "村": null}}, {"type": "Feature", "geometry": {"type": "Point", "coordinates": [111.305, 30.69]}, "properties": {"办件编号": "20240906001246", "事件": "求助", "类9": "出行安全", "方面": "安全韧性", "geocode_status": "region", "board": "安全韧性底线", "project_type": "交通设施", "社区": null, "村": null}}, {"type": "Feature", "geometry": {"type": "Point", "coordinates": [111.287, 30.7]}, "properties": {"办件编号": "20240906001149", "事件": "求助", "类9": "管网安全", "方面": "安全韧性", "geocode_status": "region", "board": "安全韧性底线", "project_type": "市政管网", "社区": null, "村": null}}, {"type": "Feature", "geometry": {"type": "Point", "coordinates": [111.287, 30.7]}, "properties": {"办件编号": "20240906000281", "事件": "求助", "类9": "管网安全", "方面": "安全韧性", "geocode_status": "region", "board": "安全韧性底线", "project_type": "市政管网", "社区": null, "村": null}}, {"type": "Feature", "geometry": {"type": "Point", "coordinates": [111.287, 30.7]}, "properties": {"办件编号": "20240905001414", "事件": "建议", "类9": "出行安全", "方面": "安全韧性", "geocode_status": "region", "board": "安全韧性底线", "project_type": "交通设施", "社区": null, "村": null}}, {"type": "Feature", "geometry": {"type": "Point", "coordinates": [111.287, 30.7]}, "properties": {"办件编号": "20240905000823", "事件": "投诉", "类9": "消防安全", "方面": "安全韧性", "geocode_status": "region", "board": "安全韧性底线", "project_type": "安全消防", "社区": null, "村": null}}, {"type": "Feature", "geometry": {"type": "Point", "coordinates": [111.268, 30.67]}, "properties": {"办件编号": "20240905000674", "事件": "求助", "类9": "管网安全", "方面": "安全韧性", "geocode_status": "region", "board": "安全韧性底线", "project_type": "市政管网", "社区": null, "村": null}}, {"type": "Feature", "geometry": {"type": "Point", "coordinates": [111.268, 30.67]}, "properties": {"办件编号": "20240905000270", "事件": "求助", "类9": "管网安全", "方面": "安全韧性", "geocode_status": "region", "board": "安全韧性底线", "project_type": "市政管网", "社区": null, "村": null}}, {"type": "Feature", "geometry": {"type": "Point", "coordinates": [111.408, 30.578]}, "properties": {"办件编号": "20240905000200", "事件": "求助", "类9": "管网安全", "方面": "安全韧性", "geocode_status": "region", "board": "安全韧性底线", "project_type": "市政管网", "社区": null, "村": null}}, {"type": "Feature", "geometry": {"type": "Point", "coordinates": [111.198, 30.472]}, "properties": {"办件编号": "20240905000175", "事件": "投诉", "类9": "出行安全", "方面": "安全韧性", "geocode_status": "region", "board": "安全韧性底线", "project_type": "交通设施", "社区": null, "村": null}}, {"type": "Feature", "geometry": {"type": "Point", "coordinates": [111.333, 30.655]}, "properties": {"办件编号": "20240905000133", "事件": "求助", "类9": "管网安全", "方面": "安全韧性", "geocode_status": "region", "board": "安全韧性底线", "project_type": "市政管网", "社区": null, "村": null}}, {"type": "Feature", "geometry": {"type": "Point", "coordinates": [111.326, 30.77]}, "properties": {"办件编号": "20240905000081", "事件": "投诉", "类9": "出行安全", "方面": "安全韧性", "geocode_status": "region", "board": "安全韧性底线", "project_type": "交通设施", "社区": null, "村": null}}, {"type": "Feature", "geometry": {"type": "Point", "coordinates": [111.79, 30.821]}, "properties": {"办件编号": "20240904001259", "事件": "求助", "类9": "出行安全", "方面": "安全韧性", "geocode_status": "region", "board": "安全韧性底线", "project_type": "交通设施", "社区": null, "村": null}}, {"type": "Feature", "geometry": {"type": "Point", "coordinates": [111.333, 30.655]}, "properties": {"办件编号": "20240904001150", "事件": "投诉", "类9": "管网安全", "方面": "安全韧性", "geocode_status": "region", "board": "安全韧性底线", "project_type": "市政管网", "社区": null, "村": null}}, {"type": "Feature", "geometry": {"type": "Point", "coordinates": [111.287, 30.7]}, "properties": {"办件编号": "20240904001039", "事件": "求助", "类9": "管网安全", "方面": "安全韧性", "geocode_status": "region", "board": "安全韧性底线", "project_type": "市政管网", "社区": null, "村": null}}, {"type": "Feature", "geometry": {"type": "Point", "coordinates": [111.333, 30.655]}, "properties": {"办件编号": "20240903000515", "事件": "求助", "类9": "管网安全", "方面": "安全韧性", "geocode_status": "region", "board": "安全韧性底线", "project_type": "市政管网", "社区": null, "村": null}}, {"type": "Feature", "geometry": {"type": "Point", "coordinates": [111.287, 30.7]}, "properties": {"办件编号": "20240903000095", "事件": "求助", "类9": "管网安全", "方面": "安全韧性", "geocode_status": "region", "board": "安全韧性底线", "project_type": "市政管网", "社区": null, "村": null}}, {"type": "Feature", "geometry": {"type": "Point", "coordinates": [111.268, 30.67]}, "properties": {"办件编号": "20240903000034", "事件": "求助", "类9": "管网安全", "方面": "安全韧性", "geocode_status": "region", "board": "安全韧性底线", "project_type": "市政管网", "社区": null, "村": null}}, {"type": "Feature", "geometry": {"type": "Point", "coordinates": [111.326, 30.77]}, "properties": {"办件编号": "20240903000483", "事件": "投诉", "类9": "出行安全", "方面": "安全韧性", "geocode_status": "region", "board": "安全韧性底线", "project_type": "交通设施", "社区": null, "村": null}}, {"type": "Feature", "geometry": {"type": "Point", "coordinates": [111.79, 30.821]}, "properties": {"办件编号": "20240902001301", "事件": "求助", "类9": "管网安全", "方面": "安全韧性", "geocode_status": "region", "board": "安全韧性底线", "project_type": "市政管网", "社区": null, "村": null}}, {"type": "Feature", "geometry": {"type": "Point", "coordinates": [111.287, 30.7]}, "properties": {"办件编号": "20240902001273", "事件": "求助", "类9": "管网安全", "方面": "安全韧性", "geocode_status": "region", "board": "安全韧性底线", "project_type": "市政管网", "社区": null, "村": null}}, {"type": "Feature", "geometry": {"type": "Point", "coordinates": [111.326, 30.77]}, "properties": {"办件编号": "20240902000707", "事件": "投诉", "类9": "出行安全", "方面": "安全韧性", "geocode_status": "region", "board": "安全韧性底线", "project_type": "交通设施", "社区": null, "村": null}}, {"type": "Feature", "geometry": {"type": "Point", "coordinates": [111.333, 30.655]}, "properties": {"办件编号": "20240902000164", "事件": "求助", "类9": "出行安全", "方面": "安全韧性", "geocode_status": "region", "board": "安全韧性底线", "project_type": "交通设施", "社区": null, "村": null}}, {"type": "Feature", "geometry": {"type": "Point", "coordinates": [111.333, 30.655]}, "properties": {"办件编号": "20240902000155", "事件": "求助", "类9": "管网安全", "方面": "安全韧性", "geocode_status": "region", "board": "安全韧性底线", "project_type": "市政管网", "社区": null, "村": null}}, {"type": "Feature", "geometry": {"type": "Point", "coordinates": [111.268, 30.67]}, "properties": {"办件编号": "20240902000126", "事件": "求助", "类9": "管网安全", "方面": "安全韧性", "geocode_status": "region", "board": "安全韧性底线", "project_type": "市政管网", "社区": null, "村": null}}, {"type": "Feature", "geometry": {"type": "Point", "coordinates": [111.198, 30.472]}, "properties": {"办件编号": "20240901000310", "事件": "求助", "类9": "出行安全", "方面": "安全韧性", "geocode_status": "region", "board": "安全韧性底线", "project_type": "交通设施", "社区": null, "村": null}}, {"type": "Feature", "geometry": {"type": "Point", "coordinates": [111.268, 30.67]}, "properties": {"办件编号": "20240830001300", "事件": "投诉", "类9": "管网安全", "方面": "安全韧性", "geocode_status": "region", "board": "安全韧性底线", "project_type": "市政管网", "社区": null, "村": null}}, {"type": "Feature", "geometry": {"type": "Point", "coordinates": [110.674, 30.2]}, "properties": {"办件编号": "20240830001082", "事件": "投诉", "类9": "环境安全", "方面": "安全韧性", "geocode_status": "region", "board": "安全韧性底线", "project_type": "环境治理", "社区": null, "村": null}}, {"type": "Feature", "geometry": {"type": "Point", "coordinates": [111.333, 30.655]}, "properties": {"办件编号": "20240830000928", "事件": "求助", "类9": "管网安全", "方面": "安全韧性", "geocode_status": "region", "board": "安全韧性底线", "project_type": "市政管网", "社区": null, "村": null}}, {"type": "Feature", "geometry": {"type": "Point", "coordinates": [111.333, 30.655]}, "properties": {"办件编号": "20240830000283", "事件": "求助", "类9": "管网安全", "方面": "安全韧性", "geocode_status": "region", "board": "安全韧性底线", "project_type": "市政管网", "社区": null, "村": null}}, {"type": "Feature", "geometry": {"type": "Point", "coordinates": [111.333, 30.655]}, "properties": {"办件编号": "20240830000087", "事件": "求助", "类9": "管网安全", "方面": "安全韧性", "geocode_status": "region", "board": "安全韧性底线", "project_type": "市政管网", "社区": null, "村": null}}, {"type": "Feature", "geometry": {"type": "Point", "coordinates": [111.333, 30.655]}, "properties": {"办件编号": "20240829001283", "事件": "求助", "类9": "管网安全", "方面": "安全韧性", "geocode_status": "region", "board": "安全韧性底线", "project_type": "市政管网", "社区": null, "村": null}}, {"type": "Feature", "geometry": {"type": "Point", "coordinates": [111.333, 30.655]}, "properties": {"办件编号": "20240829001009", "事件": "求助", "类9": "管网安全", "方面": "安全韧性", "geocode_status": "region", "board": "安全韧性底线", "project_type": "市政管网", "社区": null, "村": null}}, {"type": "Feature", "geometry": {"type": "Point", "coordinates": [111.79, 30.821]}, "properties": {"办件编号": "20240829001008", "事件": "求助", "类9": "出行安全", "方面": "安全韧性", "geocode_status": "region", "board": "安全韧性底线", "project_type": "交通设施", "社区": null, "村": null}}, {"type": "Feature", "geometry": {"type": "Point", "coordinates": [111.287, 30.7]}, "properties": {"办件编号": "20240829000091", "事件": "求助", "类9": "管网安全", "方面": "安全韧性", "geocode_status": "region", "board": "安全韧性底线", "project_type": "市政管网", "社区": null, "村": null}}, {"type": "Feature", "geometry": {"type": "Point", "coordinates": [111.326, 30.77]}, "properties": {"办件编号": "20240828001379", "事件": "建议", "类9": "出行安全", "方面": "安全韧性", "geocode_status": "region", "board": "安全韧性底线", "project_type": "交通设施", "社区": null, "村": null}}, {"type": "Feature", "geometry": {"type": "Point", "coordinates": [111.287, 30.7]}, "properties": {"办件编号": "20240828000434", "事件": "投诉", "类9": "管网安全", "方面": "安全韧性", "geocode_status": "region", "board": "安全韧性底线", "project_type": "市政管网", "社区": null, "村": null}}, {"type": "Feature", "geometry": {"type": "Point", "coordinates": [111.287, 30.7]}, "properties": {"办件编号": "20240828000507", "事件": "投诉", "类9": "管网安全", "方面": "安全韧性", "geocode_status": "region", "board": "安全韧性底线", "project_type": "市政管网", "社区": null, "村": null}}, {"type": "Feature", "geometry": {"type": "Point", "coordinates": [111.79, 30.821]}, "properties": {"办件编号": "20240827000966", "事件": "投诉", "类9": "管网安全", "方面": "安全韧性", "geocode_status": "region", "board": "安全韧性底线", "project_type": "市政管网", "社区": null, "村": null}}, {"type": "Feature", "geometry": {"type": "Point", "coordinates": [111.333, 30.655]}, "properties": {"办件编号": "20240827000104", "事件": "求助", "类9": "出行安全", "方面": "安全韧性", "geocode_status": "region", "board": "安全韧性底线", "project_type": "交通设施", "社区": null, "村": null}}, {"type": "Feature", "geometry": {"type": "Point", "coordinates": [111.305, 30.69]}, "properties": {"办件编号": "20240823000494", "事件": "求助", "类9": "管网安全", "方面": "安全韧性", "geocode_status": "region", "board": "安全韧性底线", "project_type": "市政管网", "社区": null, "村": null}}, {"type": "Feature", "geometry": {"type": "Point", "coordinates": [111.408, 30.578]}, "properties": {"办件编号": "20240823000247", "事件": "投诉", "类9": "管网安全", "方面": "安全韧性", "geocode_status": "region", "board": "安全韧性底线", "project_type": "市政管网", "社区": null, "村": null}}, {"type": "Feature", "geometry": {"type": "Point", "coordinates": [111.268, 30.67]}, "properties": {"办件编号": "20240822000932", "事件": "投诉", "类9": "消防安全", "方面": "安全韧性", "geocode_status": "region", "board": "安全韧性底线", "project_type": "安全消防", "社区": null, "村": null}}, {"type": "Feature", "geometry": {"type": "Point", "coordinates": [111.408, 30.578]}, "properties": {"办件编号": "20240822000582", "事件": "投诉", "类9": "出行安全", "方面": "安全韧性", "geocode_status": "region", "board": "安全韧性底线", "project_type": "交通设施", "社区": null, "村": null}}, {"type": "Feature", "geometry": {"type": "Point", "coordinates": [111.287, 30.7]}, "properties": {"办件编号": "20240822000294", "事件": "求助", "类9": "管网安全", "方面": "安全韧性", "geocode_status": "region", "board": "安全韧性底线", "project_type": "市政管网", "社区": null, "村": null}}, {"type": "Feature", "geometry": {"type": "Point", "coordinates": [111.198, 30.472]}, "properties": {"办件编号": "20240821000653", "事件": "建议", "类9": "出行安全", "方面": "安全韧性", "geocode_status": "region", "board": "安全韧性底线", "project_type": "交通设施", "社区": null, "村": null}}, {"type": "Feature", "geometry": {"type": "Point", "coordinates": [111.287, 30.7]}, "properties": {"办件编号": "20240821000299", "事件": "求助", "类9": "管网安全", "方面": "安全韧性", "geocode_status": "region", "board": "安全韧性底线", "project_type": "市政管网", "社区": null, "村": null}}, {"type": "Feature", "geometry": {"type": "Point", "coordinates": [111.287, 30.7]}, "properties": {"办件编号": "20240820000843", "事件": "求助", "类9": "管网安全", "方面": "安全韧性", "geocode_status": "region", "board": "安全韧性底线", "project_type": "市政管网", "社区": null, "村": null}}, {"type": "Feature", "geometry": {"type": "Point", "coordinates": [111.287, 30.7]}, "properties": {"办件编号": "20240820000633", "事件": "求助", "类9": "出行安全", "方面": "安全韧性", "geocode_status": "region", "board": "安全韧性底线", "project_type": "交通设施", "社区": null, "村": null}}, {"type": "Feature", "geometry": {"type": "Point", "coordinates": [111.333, 30.655]}, "properties": {"办件编号": "20240820000333", "事件": "投诉", "类9": "消防安全", "方面": "安全韧性", "geocode_status": "region", "board": "安全韧性底线", "project_type": "安全消防", "社区": null, "村": null}}, {"type": "Feature", "geometry": {"type": "Point", "coordinates": [111.408, 30.578]}, "properties": {"办件编号": "20240819000824", "事件": "投诉", "类9": "消防安全", "方面": "安全韧性", "geocode_status": "region", "board": "安全韧性底线", "project_type": "安全消防", "社区": null, "村": null}}, {"type": "Feature", "geometry": {"type": "Point", "coordinates": [111.333, 30.655]}, "properties": {"办件编号": "20240819000315", "事件": "投诉", "类9": "出行安全", "方面": "安全韧性", "geocode_status": "region", "board": "安全韧性底线", "project_type": "交通设施", "社区": null, "村": null}}, {"type": "Feature", "geometry": {"type": "Point", "coordinates": [111.333, 30.655]}, "properties": {"办件编号": "20240819000289", "事件": "求助", "类9": "管网安全", "方面": "安全韧性", "geocode_status": "region", "board": "安全韧性底线", "project_type": "市政管网", "社区": null, "村": null}}, {"type": "Feature", "geometry": {"type": "Point", "coordinates": [111.333, 30.655]}, "properties": {"办件编号": "20240819000279", "事件": "求助", "类9": "管网安全", "方面": "安全韧性", "geocode_status": "region", "board": "安全韧性底线", "project_type": "市政管网", "社区": null, "村": null}}, {"type": "Feature", "geometry": {"type": "Point", "coordinates": [111.287, 30.7]}, "properties": {"办件编号": "20240818000058", "事件": "求助", "类9": "管网安全", "方面": "安全韧性", "geocode_status": "region", "board": "安全韧性底线", "project_type": "市政管网", "社区": null, "村": null}}, {"type": "Feature", "geometry": {"type": "Point", "coordinates": [111.333, 30.655]}, "properties": {"办件编号": "20240817000737", "事件": "求助", "类9": "出行安全", "方面": "安全韧性", "geocode_status": "region", "board": "安全韧性底线", "project_type": "交通设施", "社区": null, "村": null}}, {"type": "Feature", "geometry": {"type": "Point", "coordinates": [111.287, 30.7]}, "properties": {"办件编号": "20240817000557", "事件": "建议", "类9": "出行安全", "方面": "安全韧性", "geocode_status": "region", "board": "安全韧性底线", "project_type": "交通设施", "社区": null, "村": null}}, {"type": "Feature", "geometry": {"type": "Point", "coordinates": [111.333, 30.655]}, "properties": {"办件编号": "20240816001187", "事件": "求助", "类9": "管网安全", "方面": "安全韧性", "geocode_status": "region", "board": "安全韧性底线", "project_type": "市政管网", "社区": null, "村": null}}, {"type": "Feature", "geometry": {"type": "Point", "coordinates": [111.79, 30.821]}, "properties": {"办件编号": "20240815001269", "事件": "投诉", "类9": "消防安全", "方面": "安全韧性", "geocode_status": "region", "board": "安全韧性底线", "project_type": "安全消防", "社区": null, "村": null}}, {"type": "Feature", "geometry": {"type": "Point", "coordinates": [111.408, 30.578]}, "properties": {"办件编号": "20240815000717", "事件": "投诉", "类9": "管网安全", "方面": "安全韧性", "geocode_status": "region", "board": "安全韧性底线", "project_type": "市政管网", "社区": null, "村": null}}, {"type": "Feature", "geometry": {"type": "Point", "coordinates": [111.287, 30.7]}, "properties": {"办件编号": "20240815000477", "事件": "求助", "类9": "环境安全", "方面": "安全韧性", "geocode_status": "region", "board": "安全韧性底线", "project_type": "环境治理", "社区": null, "村": null}}, {"type": "Feature", "geometry": {"type": "Point", "coordinates": [111.287, 30.7]}, "properties": {"办件编号": "20240815000285", "事件": "求助", "类9": "出行安全", "方面": "安全韧性", "geocode_status": "region", "board": "安全韧性底线", "project_type": "交通设施", "社区": null, "村": null}}, {"type": "Feature", "geometry": {"type": "Point", "coordinates": [111.333, 30.655]}, "properties": {"办件编号": "20240814001380", "事件": "投诉", "类9": "消防安全", "方面": "安全韧性", "geocode_status": "region", "board": "安全韧性底线", "project_type": "安全消防", "社区": null, "村": null}}, {"type": "Feature", "geometry": {"type": "Point", "coordinates": [110.674, 30.2]}, "properties": {"办件编号": "20240814001009", "事件": "投诉", "类9": "环境安全", "方面": "安全韧性", "geocode_status": "region", "board": "安全韧性底线", "project_type": "环境治理", "社区": null, "村": null}}, {"type": "Feature", "geometry": {"type": "Point", "coordinates": [111.287, 30.7]}, "properties": {"办件编号": "20240814000863", "事件": "求助", "类9": "管网安全", "方面": "安全韧性", "geocode_status": "region", "board": "安全韧性底线", "project_type": "市政管网", "社区": null, "村": null}}, {"type": "Feature", "geometry": {"type": "Point", "coordinates": [111.326, 30.77]}, "properties": {"办件编号": "20240813001004", "事件": "投诉", "类9": "管网安全", "方面": "安全韧性", "geocode_status": "region", "board": "安全韧性底线", "project_type": "市政管网", "社区": null, "村": null}}, {"type": "Feature", "geometry": {"type": "Point", "coordinates": [111.79, 30.821]}, "properties": {"办件编号": "20240813000484", "事件": "投诉", "类9": "出行安全", "方面": "安全韧性", "geocode_status": "region", "board": "安全韧性底线", "project_type": "交通设施", "社区": null, "村": null}}, {"type": "Feature", "geometry": {"type": "Point", "coordinates": [111.326, 30.77]}, "properties": {"办件编号": "20240812001480", "事件": "投诉", "类9": "消防安全", "方面": "安全韧性", "geocode_status": "region", "board": "安全韧性底线", "project_type": "安全消防", "社区": null, "村": null}}, {"type": "Feature", "geometry": {"type": "Point", "coordinates": [111.333, 30.655]}, "properties": {"办件编号": "20240812001436", "事件": "投诉", "类9": "消防安全", "方面": "安全韧性", "geocode_status": "region", "board": "安全韧性底线", "project_type": "安全消防", "社区": null, "村": null}}, {"type": "Feature", "geometry": {"type": "Point", "coordinates": [111.287, 30.7]}, "properties": {"办件编号": "20240812001280", "事件": "求助", "类9": "出行安全", "方面": "安全韧性", "geocode_status": "region", "board": "安全韧性底线", "project_type": "交通设施", "社区": null, "村": null}}, {"type": "Feature", "geometry": {"type": "Point", "coordinates": [111.333, 30.655]}, "properties": {"办件编号": "20240812001214", "事件": "求助", "类9": "出行安全", "方面": "安全韧性", "geocode_status": "region", "board": "安全韧性底线", "project_type": "交通设施", "社区": null, "村": null}}, {"type": "Feature", "geometry": {"type": "Point", "coordinates": [111.287, 30.7]}, "properties": {"办件编号": "20240812001125", "事件": "求助", "类9": "出行安全", "方面": "安全韧性", "geocode_status": "region", "board": "安全韧性底线", "project_type": "交通设施", "社区": null, "村": null}}, {"type": "Feature", "geometry": {"type": "Point", "coordinates": [111.305, 30.69]}, "properties": {"办件编号": "20240812001075", "事件": "投诉", "类9": "出行安全", "方面": "安全韧性", "geocode_status": "region", "board": "安全韧性底线", "project_type": "交通设施", "社区": null, "村": null}}, {"type": "Feature", "geometry": {"type": "Point", "coordinates": [111.305, 30.69]}, "properties": {"办件编号": "20240811000453", "事件": "建议", "类9": "出行安全", "方面": "安全韧性", "geocode_status": "region", "board": "安全韧性底线", "project_type": "交通设施", "社区": null, "村": null}}, {"type": "Feature", "geometry": {"type": "Point", "coordinates": [111.305, 30.69]}, "properties": {"办件编号": "20240811000241", "事件": "投诉", "类9": "管网安全", "方面": "安全韧性", "geocode_status": "region", "board": "安全韧性底线", "project_type": "市政管网", "社区": null, "村": null}}, {"type": "Feature", "geometry": {"type": "Point", "coordinates": [111.305, 30.69]}, "properties": {"办件编号": "20240811000163", "事件": "投诉", "类9": "出行安全", "方面": "安全韧性", "geocode_status": "region", "board": "安全韧性底线", "project_type": "交通设施", "社区": null, "村": null}}, {"type": "Feature", "geometry": {"type": "Point", "coordinates": [111.305, 30.69]}, "properties": {"办件编号": "20240810000771", "事件": "投诉", "类9": "出行安全", "方面": "安全韧性", "geocode_status": "region", "board": "安全韧性底线", "project_type": "交通设施", "社区": null, "村": null}}, {"type": "Feature", "geometry": {"type": "Point", "coordinates": [110.977, 30.825]}, "properties": {"办件编号": "20240809000993", "事件": "投诉", "类9": "管网安全", "方面": "安全韧性", "geocode_status": "region", "board": "安全韧性底线", "project_type": "市政管网", "社区": null, "村": null}}, {"type": "Feature", "geometry": {"type": "Point", "coordinates": [111.333, 30.655]}, "properties": {"办件编号": "20240809000470", "事件": "求助", "类9": "管网安全", "方面": "安全韧性", "geocode_status": "region", "board": "安全韧性底线", "project_type": "市政管网", "社区": null, "村": null}}, {"type": "Feature", "geometry": {"type": "Point", "coordinates": [111.198, 30.472]}, "properties": {"办件编号": "20240808000949", "事件": "求助", "类9": "管网安全", "方面": "安全韧性", "geocode_status": "region", "board": "安全韧性底线", "project_type": "市政管网", "社区": null, "村": null}}, {"type": "Feature", "geometry": {"type": "Point", "coordinates": [111.305, 30.69]}, "properties": {"办件编号": "20240808000267", "事件": "求助", "类9": "出行安全", "方面": "安全韧性", "geocode_status": "region", "board": "安全韧性底线", "project_type": "交通设施", "社区": null, "村": null}}, {"type": "Feature", "geometry": {"type": "Point", "coordinates": [111.333, 30.655]}, "properties": {"办件编号": "20240808000177", "事件": "求助", "类9": "管网安全", "方面": "安全韧性", "geocode_status": "region", "board": "安全韧性底线", "project_type": "市政管网", "社区": null, "村": null}}, {"type": "Feature", "geometry": {"type": "Point", "coordinates": [111.287, 30.7]}, "properties": {"办件编号": "20240808000067", "事件": "投诉", "类9": "出行安全", "方面": "安全韧性", "geocode_status": "region", "board": "安全韧性底线", "project_type": "交通设施", "社区": null, "村": null}}, {"type": "Feature", "geometry": {"type": "Point", "coordinates": [111.268, 30.67]}, "properties": {"办件编号": "20240806001257", "事件": "投诉", "类9": "管网安全", "方面": "安全韧性", "geocode_status": "region", "board": "安全韧性底线", "project_type": "市政管网", "社区": null, "村": null}}, {"type": "Feature", "geometry": {"type": "Point", "coordinates": [111.79, 30.821]}, "properties": {"办件编号": "20240806000888", "事件": "求助", "类9": "出行安全", "方面": "安全韧性", "geocode_status": "region", "board": "安全韧性底线", "project_type": "交通设施", "社区": null, "村": null}}, {"type": "Feature", "geometry": {"type": "Point", "coordinates": [111.287, 30.7]}, "properties": {"办件编号": "20240806000110", "事件": "投诉", "类9": "出行安全", "方面": "安全韧性", "geocode_status": "region", "board": "安全韧性底线", "project_type": "交通设施", "社区": null, "村": null}}, {"type": "Feature", "geometry": {"type": "Point", "coordinates": [111.326, 30.77]}, "properties": {"办件编号": "20240805001392", "事件": "投诉", "类9": "消防安全", "方面": "安全韧性", "geocode_status": "region", "board": "安全韧性底线", "project_type": "安全消防", "社区": null, "村": null}}, {"type": "Feature", "geometry": {"type": "Point", "coordinates": [111.305, 30.69]}, "properties": {"办件编号": "20240805000803", "事件": "建议", "类9": "出行安全", "方面": "安全韧性", "geocode_status": "region", "board": "安全韧性底线", "project_type": "交通设施", "社区": null, "村": null}}, {"type": "Feature", "geometry": {"type": "Point", "coordinates": [111.333, 30.655]}, "properties": {"办件编号": "20240805000329", "事件": "求助", "类9": "出行安全", "方面": "安全韧性", "geocode_status": "region", "board": "安全韧性底线", "project_type": "交通设施", "社区": null, "村": null}}, {"type": "Feature", "geometry": {"type": "Point", "coordinates": [111.326, 30.77]}, "properties": {"办件编号": "20240803000675", "事件": "投诉", "类9": "管网安全", "方面": "安全韧性", "geocode_status": "region", "board": "安全韧性底线", "project_type": "市政管网", "社区": null, "村": null}}, {"type": "Feature", "geometry": {"type": "Point", "coordinates": [111.287, 30.7]}, "properties": {"办件编号": "20240801000845", "事件": "求助", "类9": "出行安全", "方面": "安全韧性", "geocode_status": "region", "board": "安全韧性底线", "project_type": "交通设施", "社区": null, "村": null}}, {"type": "Feature", "geometry": {"type": "Point", "coordinates": [111.287, 30.7]}, "properties": {"办件编号": "20240801000240", "事件": "求助", "类9": "管网安全", "方面": "安全韧性", "geocode_status": "region", "board": "安全韧性底线", "project_type": "市政管网", "社区": null, "村": null}}, {"type": "Feature", "geometry": {"type": "Point", "coordinates": [111.759, 30.426]}, "properties": {"办件编号": "20240731001272", "事件": "投诉", "类9": "出行安全", "方面": "安全韧性", "geocode_status": "region", "board": "安全韧性底线", "project_type": "交通设施", "社区": null, "村": null}}, {"type": "Feature", "geometry": {"type": "Point", "coordinates": [111.79, 30.821]}, "properties": {"办件编号": "20240730001029", "事件": "投诉", "类9": "管网安全", "方面": "安全韧性", "geocode_status": "region", "board": "安全韧性底线", "project_type": "市政管网", "社区": null, "村": null}}, {"type": "Feature", "geometry": {"type": "Point", "coordinates": [111.326, 30.77]}, "properties": {"办件编号": "20240730000961", "事件": "投诉", "类9": "出行安全", "方面": "安全韧性", "geocode_status": "region", "board": "安全韧性底线", "project_type": "交通设施", "社区": null, "村": null}}, {"type": "Feature", "geometry": {"type": "Point", "coordinates": [111.305, 30.69]}, "properties": {"办件编号": "20240730000946", "事件": "求助", "类9": "出行安全", "方面": "安全韧性", "geocode_status": "region", "board": "安全韧性底线", "project_type": "交通设施", "社区": null, "村": null}}, {"type": "Feature", "geometry": {"type": "Point", "coordinates": [111.333, 30.655]}, "properties": {"办件编号": "20240730000801", "事件": "建议", "类9": "管网安全", "方面": "安全韧性", "geocode_status": "region", "board": "安全韧性底线", "project_type": "市政管网", "社区": null, "村": null}}, {"type": "Feature", "geometry": {"type": "Point", "coordinates": [111.287, 30.7]}, "properties": {"办件编号": "20240729001485", "事件": "投诉", "类9": "出行安全", "方面": "安全韧性", "geocode_status": "region", "board": "安全韧性底线", "project_type": "交通设施", "社区": null, "村": null}}, {"type": "Feature", "geometry": {"type": "Point", "coordinates": [111.79, 30.821]}, "properties": {"办件编号": "20240729001449", "事件": "求助", "类9": "管网安全", "方面": "安全韧性", "geocode_status": "region", "board": "安全韧性底线", "project_type": "市政管网", "社区": null, "村": null}}, {"type": "Feature", "geometry": {"type": "Point", "coordinates": [111.287, 30.7]}, "properties": {"办件编号": "20240729000536", "事件": "求助", "类9": "管网安全", "方面": "安全韧性", "geocode_status": "region", "board": "安全韧性底线", "project_type": "市政管网", "社区": null, "村": null}}, {"type": "Feature", "geometry": {"type": "Point", "coordinates": [111.79, 30.821]}, "properties": {"办件编号": "20240727000634", "事件": "求助", "类9": "出行安全", "方面": "安全韧性", "geocode_status": "region", "board": "安全韧性底线", "project_type": "交通设施", "社区": null, "村": null}}, {"type": "Feature", "geometry": {"type": "Point", "coordinates": [111.287, 30.7]}, "properties": {"办件编号": "20240726001071", "事件": "求助", "类9": "管网安全", "方面": "安全韧性", "geocode_status": "region", "board": "安全韧性底线", "project_type": "市政管网", "社区": null, "村": null}}, {"type": "Feature", "geometry": {"type": "Point", "coordinates": [111.333, 30.655]}, "properties": {"办件编号": "20240726000903", "事件": "求助", "类9": "管网安全", "方面": "安全韧性", "geocode_status": "region", "board": "安全韧性底线", "project_type": "市政管网", "社区": null, "村": null}}, {"type": "Feature", "geometry": {"type": "Point", "coordinates": [111.326, 30.77]}, "properties": {"办件编号": "20240725001513", "事件": "求助", "类9": "出行安全", "方面": "安全韧性", "geocode_status": "region", "board": "安全韧性底线", "project_type": "交通设施", "社区": null, "村": null}}, {"type": "Feature", "geometry": {"type": "Point", "coordinates": [111.326, 30.77]}, "properties": {"办件编号": "20240725001014", "事件": "投诉", "类9": "出行安全", "方面": "安全韧性", "geocode_status": "region", "board": "安全韧性底线", "project_type": "交通设施", "社区": null, "村": null}}, {"type": "Feature", "geometry": {"type": "Point", "coordinates": [111.287, 30.7]}, "properties": {"办件编号": "20240725000384", "事件": "求助", "类9": "管网安全", "方面": "安全韧性", "geocode_status": "region", "board": "安全韧性底线", "project_type": "市政管网", "社区": null, "村": null}}, {"type": "Feature", "geometry": {"type": "Point", "coordinates": [111.287, 30.7]}, "properties": {"办件编号": "20240725000160", "事件": "求助", "类9": "出行安全", "方面": "安全韧性", "geocode_status": "region", "board": "安全韧性底线", "project_type": "交通设施", "社区": null, "村": null}}, {"type": "Feature", "geometry": {"type": "Point", "coordinates": [111.287, 30.7]}, "properties": {"办件编号": "20240724000585", "事件": "求助", "类9": "管网安全", "方面": "安全韧性", "geocode_status": "region", "board": "安全韧性底线", "project_type": "市政管网", "社区": null, "村": null}}, {"type": "Feature", "geometry": {"type": "Point", "coordinates": [111.287, 30.7]}, "properties": {"办件编号": "20240724000505", "事件": "求助", "类9": "管网安全", "方面": "安全韧性", "geocode_status": "region", "board": "安全韧性底线", "project_type": "市政管网", "社区": null, "村": null}}, {"type": "Feature", "geometry": {"type": "Point", "coordinates": [111.333, 30.655]}, "properties": {"办件编号": "20240724000335", "事件": "求助", "类9": "管网安全", "方面": "安全韧性", "geocode_status": "region", "board": "安全韧性底线", "project_type": "市政管网", "社区": null, "村": null}}, {"type": "Feature", "geometry": {"type": "Point", "coordinates": [111.268, 30.67]}, "properties": {"办件编号": "20240723000072", "事件": "投诉", "类9": "管网安全", "方面": "安全韧性", "geocode_status": "region", "board": "安全韧性底线", "project_type": "市政管网", "社区": null, "村": null}}, {"type": "Feature", "geometry": {"type": "Point", "coordinates": [110.977, 30.825]}, "properties": {"办件编号": "20240722000679", "事件": "投诉", "类9": "出行安全", "方面": "安全韧性", "geocode_status": "region", "board": "安全韧性底线", "project_type": "交通设施", "社区": null, "村": null}}, {"type": "Feature", "geometry": {"type": "Point", "coordinates": [111.456, 30.386]}, "properties": {"办件编号": "20240719001156", "事件": "建议", "类9": "出行安全", "方面": "安全韧性", "geocode_status": "region", "board": "安全韧性底线", "project_type": "交通设施", "社区": null, "村": null}}, {"type": "Feature", "geometry": {"type": "Point", "coordinates": [111.333, 30.655]}, "properties": {"办件编号": "20240719000090", "事件": "求助", "类9": "出行安全", "方面": "安全韧性", "geocode_status": "region", "board": "安全韧性底线", "project_type": "交通设施", "社区": null, "村": null}}, {"type": "Feature", "geometry": {"type": "Point", "coordinates": [111.333, 30.655]}, "properties": {"办件编号": "20240718000386", "事件": "求助", "类9": "管网安全", "方面": "安全韧性", "geocode_status": "region", "board": "安全韧性底线", "project_type": "市政管网", "社区": null, "村": null}}, {"type": "Feature", "geometry": {"type": "Point", "coordinates": [111.287, 30.7]}, "properties": {"办件编号": "20240717000456", "事件": "求助", "类9": "管网安全", "方面": "安全韧性", "geocode_status": "region", "board": "安全韧性底线", "project_type": "市政管网", "社区": null, "村": null}}, {"type": "Feature", "geometry": {"type": "Point", "coordinates": [111.333, 30.655]}, "properties": {"办件编号": "20240716000144", "事件": "求助", "类9": "出行安全", "方面": "安全韧性", "geocode_status": "region", "board": "安全韧性底线", "project_type": "交通设施", "社区": null, "村": null}}, {"type": "Feature", "geometry": {"type": "Point", "coordinates": [111.305, 30.69]}, "properties": {"办件编号": "20240716000115", "事件": "投诉", "类9": "出行安全", "方面": "安全韧性", "geocode_status": "region", "board": "安全韧性底线", "project_type": "交通设施", "社区": null, "村": null}}, {"type": "Feature", "geometry": {"type": "Point", "coordinates": [111.326, 30.77]}, "properties": {"办件编号": "20240715001580", "事件": "投诉", "类9": "出行安全", "方面": "安全韧性", "geocode_status": "region", "board": "安全韧性底线", "project_type": "交通设施", "社区": null, "村": null}}, {"type": "Feature", "geometry": {"type": "Point", "coordinates": [111.326, 30.77]}, "properties": {"办件编号": "20240715001577", "事件": "投诉", "类9": "出行安全", "方面": "安全韧性", "geocode_status": "region", "board": "安全韧性底线", "project_type": "交通设施", "社区": null, "村": null}}, {"type": "Feature", "geometry": {"type": "Point", "coordinates": [111.333, 30.655]}, "properties": {"办件编号": "20240715001347", "事件": "求助", "类9": "出行安全", "方面": "安全韧性", "geocode_status": "region", "board": "安全韧性底线", "project_type": "交通设施", "社区": null, "村": null}}, {"type": "Feature", "geometry": {"type": "Point", "coordinates": [111.305, 30.69]}, "properties": {"办件编号": "20240715001172", "事件": "求助", "类9": "出行安全", "方面": "安全韧性", "geocode_status": "region", "board": "安全韧性底线", "project_type": "交通设施", "社区": null, "村": null}}, {"type": "Feature", "geometry": {"type": "Point", "coordinates": [111.333, 30.655]}, "properties": {"办件编号": "20240715000999", "事件": "求助", "类9": "出行安全", "方面": "安全韧性", "geocode_status": "region", "board": "安全韧性底线", "project_type": "交通设施", "社区": null, "村": null}}, {"type": "Feature", "geometry": {"type": "Point", "coordinates": [111.268, 30.67]}, "properties": {"办件编号": "20240715000938", "事件": "投诉", "类9": "消防安全", "方面": "安全韧性", "geocode_status": "region", "board": "安全韧性底线", "project_type": "安全消防", "社区": null, "村": null}}, {"type": "Feature", "geometry": {"type": "Point", "coordinates": [111.333, 30.655]}, "properties": {"办件编号": "20240715000726", "事件": "求助", "类9": "出行安全", "方面": "安全韧性", "geocode_status": "region", "board": "安全韧性底线", "project_type": "交通设施", "社区": null, "村": null}}, {"type": "Feature", "geometry": {"type": "Point", "coordinates": [111.333, 30.655]}, "properties": {"办件编号": "20240714000121", "事件": "求助", "类9": "出行安全", "方面": "安全韧性", "geocode_status": "region", "board": "安全韧性底线", "project_type": "交通设施", "社区": null, "村": null}}, {"type": "Feature", "geometry": {"type": "Point", "coordinates": [111.287, 30.7]}, "properties": {"办件编号": "20240714000008", "事件": "投诉", "类9": "消防安全", "方面": "安全韧性", "geocode_status": "region", "board": "安全韧性底线", "project_type": "安全消防", "社区": null, "村": null}}, {"type": "Feature", "geometry": {"type": "Point", "coordinates": [111.333, 30.655]}, "properties": {"办件编号": "20240713000195", "事件": "求助", "类9": "管网安全", "方面": "安全韧性", "geocode_status": "region", "board": "安全韧性底线", "project_type": "市政管网", "社区": null, "村": null}}, {"type": "Feature", "geometry": {"type": "Point", "coordinates": [111.326, 30.77]}, "properties": {"办件编号": "20240713000041", "事件": "求助", "类9": "环境安全", "方面": "安全韧性", "geocode_status": "region", "board": "安全韧性底线", "project_type": "环境治理", "社区": null, "村": null}}, {"type": "Feature", "geometry": {"type": "Point", "coordinates": [111.326, 30.77]}, "properties": {"办件编号": "20240712001435", "事件": "投诉", "类9": "消防安全", "方面": "安全韧性", "geocode_status": "region", "board": "安全韧性底线", "project_type": "安全消防", "社区": null, "村": null}}, {"type": "Feature", "geometry": {"type": "Point", "coordinates": [111.79, 30.821]}, "properties": {"办件编号": "20240712000352", "事件": "求助", "类9": "管网安全", "方面": "安全韧性", "geocode_status": "region", "board": "安全韧性底线", "project_type": "市政管网", "社区": null, "村": null}}, {"type": "Feature", "geometry": {"type": "Point", "coordinates": [111.408, 30.578]}, "properties": {"办件编号": "20240711000344", "事件": "投诉", "类9": "管网安全", "方面": "安全韧性", "geocode_status": "region", "board": "安全韧性底线", "project_type": "市政管网", "社区": null, "村": null}}, {"type": "Feature", "geometry": {"type": "Point", "coordinates": [111.287, 30.7]}, "properties": {"办件编号": "20240710000637", "事件": "求助", "类9": "出行安全", "方面": "安全韧性", "geocode_status": "region", "board": "安全韧性底线", "project_type": "交通设施", "社区": null, "村": null}}, {"type": "Feature", "geometry": {"type": "Point", "coordinates": [111.333, 30.655]}, "properties": {"办件编号": "20240709001142", "事件": "求助", "类9": "出行安全", "方面": "安全韧性", "geocode_status": "region", "board": "安全韧性底线", "project_type": "交通设施", "社区": null, "村": null}}, {"type": "Feature", "geometry": {"type": "Point", "coordinates": [111.287, 30.7]}, "properties": {"办件编号": "20240709001088", "事件": "求助", "类9": "管网安全", "方面": "安全韧性", "geocode_status": "region", "board": "安全韧性底线", "project_type": "市政管网", "社区": null, "村": null}}, {"type": "Feature", "geometry": {"type": "Point", "coordinates": [111.287, 30.7]}, "properties": {"办件编号": "20240709000907", "事件": "求助", "类9": "管网安全", "方面": "安全韧性", "geocode_status": "region", "board": "安全韧性底线", "project_type": "市政管网", "社区": null, "村": null}}, {"type": "Feature", "geometry": {"type": "Point", "coordinates": [111.333, 30.655]}, "properties": {"办件编号": "20240709000867", "事件": "求助", "类9": "出行安全", "方面": "安全韧性", "geocode_status": "region", "board": "安全韧性底线", "project_type": "交通设施", "社区": null, "村": null}}, {"type": "Feature", "geometry": {"type": "Point", "coordinates": [111.268, 30.67]}, "properties": {"办件编号": "20240708001329", "事件": "投诉", "类9": "管网安全", "方面": "安全韧性", "geocode_status": "region", "board": "安全韧性底线", "project_type": "市政管网", "社区": null, "村": null}}, {"type": "Feature", "geometry": {"type": "Point", "coordinates": [111.408, 30.578]}, "properties": {"办件编号": "20240708000620", "事件": "求助", "类9": "管网安全", "方面": "安全韧性", "geocode_status": "region", "board": "安全韧性底线", "project_type": "市政管网", "社区": null, "村": null}}, {"type": "Feature", "geometry": {"type": "Point", "coordinates": [111.326, 30.77]}, "properties": {"办件编号": "20240707000178", "事件": "投诉", "类9": "出行安全", "方面": "安全韧性", "geocode_status": "region", "board": "安全韧性底线", "project_type": "交通设施", "社区": null, "村": null}}, {"type": "Feature", "geometry": {"type": "Point", "coordinates": [111.456, 30.386]}, "properties": {"办件编号": "20240706000072", "事件": "建议", "类9": "出行安全", "方面": "安全韧性", "geocode_status": "region", "board": "安全韧性底线", "project_type": "交通设施", "社区": null, "村": null}}, {"type": "Feature", "geometry": {"type": "Point", "coordinates": [111.333, 30.655]}, "properties": {"办件编号": "20240705001128", "事件": "求助", "类9": "管网安全", "方面": "安全韧性", "geocode_status": "region", "board": "安全韧性底线", "project_type": "市政管网", "社区": null, "村": null}}, {"type": "Feature", "geometry": {"type": "Point", "coordinates": [111.79, 30.821]}, "properties": {"办件编号": "20240704001434", "事件": "投诉", "类9": "管网安全", "方面": "安全韧性", "geocode_status": "region", "board": "安全韧性底线", "project_type": "市政管网", "社区": null, "村": null}}, {"type": "Feature", "geometry": {"type": "Point", "coordinates": [111.333, 30.655]}, "properties": {"办件编号": "20240704000747", "事件": "求助", "类9": "管网安全", "方面": "安全韧性", "geocode_status": "region", "board": "安全韧性底线", "project_type": "市政管网", "社区": null, "村": null}}, {"type": "Feature", "geometry": {"type": "Point", "coordinates": [111.287, 30.7]}, "properties": {"办件编号": "20240704000743", "事件": "求助", "类9": "出行安全", "方面": "安全韧性", "geocode_status": "region", "board": "安全韧性底线", "project_type": "交通设施", "社区": null, "村": null}}, {"type": "Feature", "geometry": {"type": "Point", "coordinates": [111.333, 30.655]}, "properties": {"办件编号": "20240704000162", "事件": "求助", "类9": "出行安全", "方面": "安全韧性", "geocode_status": "region", "board": "安全韧性底线", "project_type": "交通设施", "社区": null, "村": null}}, {"type": "Feature", "geometry": {"type": "Point", "coordinates": [111.333, 30.655]}, "properties": {"办件编号": "20240703001575", "事件": "投诉", "类9": "消防安全", "方面": "安全韧性", "geocode_status": "region", "board": "安全韧性底线", "project_type": "安全消防", "社区": null, "村": null}}, {"type": "Feature", "geometry": {"type": "Point", "coordinates": [111.287, 30.7]}, "properties": {"办件编号": "20240703000959", "事件": "求助", "类9": "管网安全", "方面": "安全韧性", "geocode_status": "region", "board": "安全韧性底线", "project_type": "市政管网", "社区": null, "村": null}}, {"type": "Feature", "geometry": {"type": "Point", "coordinates": [111.333, 30.655]}, "properties": {"办件编号": "20240703000305", "事件": "求助", "类9": "管网安全", "方面": "安全韧性", "geocode_status": "region", "board": "安全韧性底线", "project_type": "市政管网", "社区": null, "村": null}}, {"type": "Feature", "geometry": {"type": "Point", "coordinates": [111.333, 30.655]}, "properties": {"办件编号": "20240702001039", "事件": "求助", "类9": "管网安全", "方面": "安全韧性", "geocode_status": "region", "board": "安全韧性底线", "project_type": "市政管网", "社区": null, "村": null}}, {"type": "Feature", "geometry": {"type": "Point", "coordinates": [111.287, 30.7]}, "properties": {"办件编号": "20240702000643", "事件": "求助", "类9": "管网安全", "方面": "安全韧性", "geocode_status": "region", "board": "安全韧性底线", "project_type": "市政管网", "社区": null, "村": null}}, {"type": "Feature", "geometry": {"type": "Point", "coordinates": [111.287, 30.7]}, "properties": {"办件编号": "20240702000614", "事件": "求助", "类9": "管网安全", "方面": "安全韧性", "geocode_status": "region", "board": "安全韧性底线", "project_type": "市政管网", "社区": null, "村": null}}, {"type": "Feature", "geometry": {"type": "Point", "coordinates": [111.287, 30.7]}, "properties": {"办件编号": "20240701001314", "事件": "求助", "类9": "管网安全", "方面": "安全韧性", "geocode_status": "region", "board": "安全韧性底线", "project_type": "市政管网", "社区": null, "村": null}}, {"type": "Feature", "geometry": {"type": "Point", "coordinates": [111.305, 30.69]}, "properties": {"办件编号": "20240701001001", "事件": "投诉", "类9": "管网安全", "方面": "安全韧性", "geocode_status": "region", "board": "安全韧性底线", "project_type": "市政管网", "社区": null, "村": null}}, {"type": "Feature", "geometry": {"type": "Point", "coordinates": [111.287, 30.7]}, "properties": {"办件编号": "20240701000405", "事件": "求助", "类9": "管网安全", "方面": "安全韧性", "geocode_status": "region", "board": "安全韧性底线", "project_type": "市政管网", "社区": null, "村": null}}, {"type": "Feature", "geometry": {"type": "Point", "coordinates": [111.333, 30.655]}, "properties": {"办件编号": "20240630000632", "事件": "投诉", "类9": "消防安全", "方面": "安全韧性", "geocode_status": "region", "board": "安全韧性底线", "project_type": "安全消防", "社区": null, "村": null}}, {"type": "Feature", "geometry": {"type": "Point", "coordinates": [111.287, 30.7]}, "properties": {"办件编号": "20240629000022", "事件": "求助", "类9": "出行安全", "方面": "安全韧性", "geocode_status": "region", "board": "安全韧性底线", "project_type": "交通设施", "社区": null, "村": null}}, {"type": "Feature", "geometry": {"type": "Point", "coordinates": [111.333, 30.655]}, "properties": {"办件编号": "20240628000801", "事件": "求助", "类9": "管网安全", "方面": "安全韧性", "geocode_status": "region", "board": "安全韧性底线", "project_type": "市政管网", "社区": null, "村": null}}, {"type": "Feature", "geometry": {"type": "Point", "coordinates": [111.287, 30.7]}, "properties": {"办件编号": "20240628000364", "事件": "求助", "类9": "管网安全", "方面": "安全韧性", "geocode_status": "region", "board": "安全韧性底线", "project_type": "市政管网", "社区": null, "村": null}}, {"type": "Feature", "geometry": {"type": "Point", "coordinates": [111.333, 30.655]}, "properties": {"办件编号": "20240628000176", "事件": "求助", "类9": "管网安全", "方面": "安全韧性", "geocode_status": "region", "board": "安全韧性底线", "project_type": "市政管网", "社区": null, "村": null}}, {"type": "Feature", "geometry": {"type": "Point", "coordinates": [111.287, 30.7]}, "properties": {"办件编号": "20240628000140", "事件": "求助", "类9": "出行安全", "方面": "安全韧性", "geocode_status": "region", "board": "安全韧性底线", "project_type": "交通设施", "社区": null, "村": null}}, {"type": "Feature", "geometry": {"type": "Point", "coordinates": [111.287, 30.7]}, "properties": {"办件编号": "20240628000095", "事件": "投诉", "类9": "管网安全", "方面": "安全韧性", "geocode_status": "region", "board": "安全韧性底线", "project_type": "市政管网", "社区": null, "村": null}}, {"type": "Feature", "geometry": {"type": "Point", "coordinates": [111.287, 30.7]}, "properties": {"办件编号": "20240627000510", "事件": "求助", "类9": "管网安全", "方面": "安全韧性", "geocode_status": "region", "board": "安全韧性底线", "project_type": "市政管网", "社区": null, "村": null}}, {"type": "Feature", "geometry": {"type": "Point", "coordinates": [111.333, 30.655]}, "properties": {"办件编号": "20240627000231", "事件": "求助", "类9": "管网安全", "方面": "安全韧性", "geocode_status": "region", "board": "安全韧性底线", "project_type": "市政管网", "社区": null, "村": null}}, {"type": "Feature", "geometry": {"type": "Point", "coordinates": [111.333, 30.655]}, "properties": {"办件编号": "20240626001128", "事件": "求助", "类9": "出行安全", "方面": "安全韧性", "geocode_status": "region", "board": "安全韧性底线", "project_type": "交通设施", "社区": null, "村": null}}, {"type": "Feature", "geometry": {"type": "Point", "coordinates": [111.333, 30.655]}, "properties": {"办件编号": "20240626001062", "事件": "投诉", "类9": "管网安全", "方面": "安全韧性", "geocode_status": "region", "board": "安全韧性底线", "project_type": "市政管网", "社区": null, "村": null}}, {"type": "Feature", "geometry": {"type": "Point", "coordinates": [111.268, 30.67]}, "properties": {"办件编号": "20240626000964", "事件": "求助", "类9": "管网安全", "方面": "安全韧性", "geocode_status": "region", "board": "安全韧性底线", "project_type": "市政管网", "社区": null, "村": null}}, {"type": "Feature", "geometry": {"type": "Point", "coordinates": [111.305, 30.69]}, "properties": {"办件编号": "20240626000624", "事件": "投诉", "类9": "出行安全", "方面": "安全韧性", "geocode_status": "region", "board": "安全韧性底线", "project_type": "交通设施", "社区": null, "村": null}}, {"type": "Feature", "geometry": {"type": "Point", "coordinates": [111.287, 30.7]}, "properties": {"办件编号": "20240625001475", "事件": "投诉", "类9": "管网安全", "方面": "安全韧性", "geocode_status": "region", "board": "安全韧性底线", "project_type": "市政管网", "社区": null, "村": null}}, {"type": "Feature", "geometry": {"type": "Point", "coordinates": [111.79, 30.821]}, "properties": {"办件编号": "20240625000869", "事件": "投诉", "类9": "管网安全", "方面": "安全韧性", "geocode_status": "region", "board": "安全韧性底线", "project_type": "市政管网", "社区": null, "村": null}}, {"type": "Feature", "geometry": {"type": "Point", "coordinates": [111.268, 30.67]}, "properties": {"办件编号": "20240625000337", "事件": "求助", "类9": "出行安全", "方面": "安全韧性", "geocode_status": "region", "board": "安全韧性底线", "project_type": "交通设施", "社区": null, "村": null}}, {"type": "Feature", "geometry": {"type": "Point", "coordinates": [111.408, 30.578]}, "properties": {"办件编号": "20240624003130", "事件": "求助", "类9": "管网安全", "方面": "安全韧性", "geocode_status": "region", "board": "安全韧性底线", "project_type": "市政管网", "社区": null, "村": null}}, {"type": "Feature", "geometry": {"type": "Point", "coordinates": [111.287, 30.7]}, "properties": {"办件编号": "20240624003136", "事件": "求助", "类9": "消防安全", "方面": "安全韧性", "geocode_status": "region", "board": "安全韧性底线", "project_type": "安全消防", "社区": null, "村": null}}, {"type": "Feature", "geometry": {"type": "Point", "coordinates": [111.333, 30.655]}, "properties": {"办件编号": "20240624001813", "事件": "求助", "类9": "管网安全", "方面": "安全韧性", "geocode_status": "region", "board": "安全韧性底线", "project_type": "市政管网", "社区": null, "村": null}}, {"type": "Feature", "geometry": {"type": "Point", "coordinates": [111.305, 30.69]}, "properties": {"办件编号": "20240624001622", "事件": "求助", "类9": "出行安全", "方面": "安全韧性", "geocode_status": "region", "board": "安全韧性底线", "project_type": "交通设施", "社区": null, "村": null}}, {"type": "Feature", "geometry": {"type": "Point", "coordinates": [111.333, 30.655]}, "properties": {"办件编号": "20240624001466", "事件": "求助", "类9": "管网安全", "方面": "安全韧性", "geocode_status": "region", "board": "安全韧性底线", "project_type": "市政管网", "社区": null, "村": null}}, {"type": "Feature", "geometry": {"type": "Point", "coordinates": [111.268, 30.67]}, "properties": {"办件编号": "20240624001146", "事件": "求助", "类9": "管网安全", "方面": "安全韧性", "geocode_status": "region", "board": "安全韧性底线", "project_type": "市政管网", "社区": null, "村": null}}, {"type": "Feature", "geometry": {"type": "Point", "coordinates": [111.333, 30.655]}, "properties": {"办件编号": "20240624000977", "事件": "求助", "类9": "管网安全", "方面": "安全韧性", "geocode_status": "region", "board": "安全韧性底线", "project_type": "市政管网", "社区": null, "村": null}}, {"type": "Feature", "geometry": {"type": "Point", "coordinates": [111.287, 30.7]}, "properties": {"办件编号": "20240624000179", "事件": "投诉", "类9": "出行安全", "方面": "安全韧性", "geocode_status": "region", "board": "安全韧性底线", "project_type": "交通设施", "社区": null, "村": null}}, {"type": "Feature", "geometry": {"type": "Point", "coordinates": [111.333, 30.655]}, "properties": {"办件编号": "20240624000249", "事件": "投诉", "类9": "出行安全", "方面": "安全韧性", "geocode_status": "region", "board": "安全韧性底线", "project_type": "交通设施", "社区": null, "村": null}}, {"type": "Feature", "geometry": {"type": "Point", "coordinates": [111.287, 30.7]}, "properties": {"办件编号": "20240622000164", "事件": "投诉", "类9": "管网安全", "方面": "安全韧性", "geocode_status": "region", "board": "安全韧性底线", "project_type": "市政管网", "社区": null, "村": null}}, {"type": "Feature", "geometry": {"type": "Point", "coordinates": [111.198, 30.472]}, "properties": {"办件编号": "20240624000121", "事件": "投诉", "类9": "消防安全", "方面": "安全韧性", "geocode_status": "region", "board": "安全韧性底线", "project_type": "安全消防", "社区": null, "村": null}}, {"type": "Feature", "geometry": {"type": "Point", "coordinates": [111.287, 30.7]}, "properties": {"办件编号": "20240621001164", "事件": "求助", "类9": "出行安全", "方面": "安全韧性", "geocode_status": "region", "board": "安全韧性底线", "project_type": "交通设施", "社区": null, "村": null}}, {"type": "Feature", "geometry": {"type": "Point", "coordinates": [111.333, 30.655]}, "properties": {"办件编号": "20240621000597", "事件": "求助", "类9": "出行安全", "方面": "安全韧性", "geocode_status": "region", "board": "安全韧性底线", "project_type": "交通设施", "社区": null, "村": null}}, {"type": "Feature", "geometry": {"type": "Point", "coordinates": [111.287, 30.7]}, "properties": {"办件编号": "20240621000363", "事件": "求助", "类9": "出行安全", "方面": "安全韧性", "geocode_status": "region", "board": "安全韧性底线", "project_type": "交通设施", "社区": null, "村": null}}, {"type": "Feature", "geometry": {"type": "Point", "coordinates": [111.79, 30.821]}, "properties": {"办件编号": "20240621000186", "事件": "求助", "类9": "出行安全", "方面": "安全韧性", "geocode_status": "region", "board": "安全韧性底线", "project_type": "交通设施", "社区": null, "村": null}}, {"type": "Feature", "geometry": {"type": "Point", "coordinates": [111.333, 30.655]}, "properties": {"办件编号": "20240620001639", "事件": "投诉", "类9": "出行安全", "方面": "安全韧性", "geocode_status": "region", "board": "安全韧性底线", "project_type": "交通设施", "社区": null, "村": null}}, {"type": "Feature", "geometry": {"type": "Point", "coordinates": [111.333, 30.655]}, "properties": {"办件编号": "20240620000592", "事件": "求助", "类9": "管网安全", "方面": "安全韧性", "geocode_status": "region", "board": "安全韧性底线", "project_type": "市政管网", "社区": null, "村": null}}, {"type": "Feature", "geometry": {"type": "Point", "coordinates": [111.79, 30.821]}, "properties": {"办件编号": "20240620000586", "事件": "求助", "类9": "管网安全", "方面": "安全韧性", "geocode_status": "region", "board": "安全韧性底线", "project_type": "市政管网", "社区": null, "村": null}}, {"type": "Feature", "geometry": {"type": "Point", "coordinates": [111.79, 30.821]}, "properties": {"办件编号": "20240620000313", "事件": "求助", "类9": "管网安全", "方面": "安全韧性", "geocode_status": "region", "board": "安全韧性底线", "project_type": "市政管网", "社区": null, "村": null}}, {"type": "Feature", "geometry": {"type": "Point", "coordinates": [111.333, 30.655]}, "properties": {"办件编号": "20240620000169", "事件": "求助", "类9": "出行安全", "方面": "安全韧性", "geocode_status": "region", "board": "安全韧性底线", "project_type": "交通设施", "社区": null, "村": null}}, {"type": "Feature", "geometry": {"type": "Point", "coordinates": [111.333, 30.655]}, "properties": {"办件编号": "20240620000145", "事件": "求助", "类9": "管网安全", "方面": "安全韧性", "geocode_status": "region", "board": "安全韧性底线", "project_type": "市政管网", "社区": null, "村": null}}, {"type": "Feature", "geometry": {"type": "Point", "coordinates": [111.326, 30.77]}, "properties": {"办件编号": "20240619001197", "事件": "求助", "类9": "出行安全", "方面": "安全韧性", "geocode_status": "region", "board": "安全韧性底线", "project_type": "交通设施", "社区": null, "村": null}}, {"type": "Feature", "geometry": {"type": "Point", "coordinates": [111.326, 30.77]}, "properties": {"办件编号": "20240619001061", "事件": "投诉", "类9": "管网安全", "方面": "安全韧性", "geocode_status": "region", "board": "安全韧性底线", "project_type": "市政管网", "社区": null, "村": null}}, {"type": "Feature", "geometry": {"type": "Point", "coordinates": [111.305, 30.69]}, "properties": {"办件编号": "20240618000530", "事件": "求助", "类9": "管网安全", "方面": "安全韧性", "geocode_status": "region", "board": "安全韧性底线", "project_type": "市政管网", "社区": null, "村": null}}, {"type": "Feature", "geometry": {"type": "Point", "coordinates": [111.333, 30.655]}, "properties": {"办件编号": "20240617000601", "事件": "求助", "类9": "管网安全", "方面": "安全韧性", "geocode_status": "region", "board": "安全韧性底线", "project_type": "市政管网", "社区": null, "村": null}}, {"type": "Feature", "geometry": {"type": "Point", "coordinates": [111.268, 30.67]}, "properties": {"办件编号": "20240617000208", "事件": "求助", "类9": "管网安全", "方面": "安全韧性", "geocode_status": "region", "board": "安全韧性底线", "project_type": "市政管网", "社区": null, "村": null}}, {"type": "Feature", "geometry": {"type": "Point", "coordinates": [111.333, 30.655]}, "properties": {"办件编号": "20240617000180", "事件": "求助", "类9": "管网安全", "方面": "安全韧性", "geocode_status": "region", "board": "安全韧性底线", "project_type": "市政管网", "社区": null, "村": null}}, {"type": "Feature", "geometry": {"type": "Point", "coordinates": [111.287, 30.7]}, "properties": {"办件编号": "20240616000413", "事件": "求助", "类9": "管网安全", "方面": "安全韧性", "geocode_status": "region", "board": "安全韧性底线", "project_type": "市政管网", "社区": null, "村": null}}, {"type": "Feature", "geometry": {"type": "Point", "coordinates": [111.333, 30.655]}, "properties": {"办件编号": "20240614000166", "事件": "投诉", "类9": "消防安全", "方面": "安全韧性", "geocode_status": "region", "board": "安全韧性底线", "project_type": "安全消防", "社区": null, "村": null}}, {"type": "Feature", "geometry": {"type": "Point", "coordinates": [111.333, 30.655]}, "properties": {"办件编号": "20240613000280", "事件": "求助", "类9": "出行安全", "方面": "安全韧性", "geocode_status": "region", "board": "安全韧性底线", "project_type": "交通设施", "社区": null, "村": null}}, {"type": "Feature", "geometry": {"type": "Point", "coordinates": [111.305, 30.69]}, "properties": {"办件编号": "20240612001617", "事件": "投诉", "类9": "出行安全", "方面": "安全韧性", "geocode_status": "region", "board": "安全韧性底线", "project_type": "交通设施", "社区": null, "村": null}}, {"type": "Feature", "geometry": {"type": "Point", "coordinates": [111.333, 30.655]}, "properties": {"办件编号": "20240611000623", "事件": "求助", "类9": "管网安全", "方面": "安全韧性", "geocode_status": "region", "board": "安全韧性底线", "project_type": "市政管网", "社区": null, "村": null}}, {"type": "Feature", "geometry": {"type": "Point", "coordinates": [111.268, 30.67]}, "properties": {"办件编号": "20240611000510", "事件": "求助", "类9": "管网安全", "方面": "安全韧性", "geocode_status": "region", "board": "安全韧性底线", "project_type": "市政管网", "社区": null, "村": null}}, {"type": "Feature", "geometry": {"type": "Point", "coordinates": [111.79, 30.821]}, "properties": {"办件编号": "20240611000395", "事件": "投诉", "类9": "管网安全", "方面": "安全韧性", "geocode_status": "region", "board": "安全韧性底线", "project_type": "市政管网", "社区": null, "村": null}}, {"type": "Feature", "geometry": {"type": "Point", "coordinates": [111.333, 30.655]}, "properties": {"办件编号": "20240608000606", "事件": "投诉", "类9": "消防安全", "方面": "安全韧性", "geocode_status": "region", "board": "安全韧性底线", "project_type": "安全消防", "社区": null, "村": null}}, {"type": "Feature", "geometry": {"type": "Point", "coordinates": [111.268, 30.67]}, "properties": {"办件编号": "20240608000417", "事件": "求助", "类9": "管网安全", "方面": "安全韧性", "geocode_status": "region", "board": "安全韧性底线", "project_type": "市政管网", "社区": null, "村": null}}, {"type": "Feature", "geometry": {"type": "Point", "coordinates": [111.287, 30.7]}, "properties": {"办件编号": "20240608000364", "事件": "投诉", "类9": "管网安全", "方面": "安全韧性", "geocode_status": "region", "board": "安全韧性底线", "project_type": "市政管网", "社区": null, "村": null}}, {"type": "Feature", "geometry": {"type": "Point", "coordinates": [111.268, 30.67]}, "properties": {"办件编号": "20240607001437", "事件": "求助", "类9": "管网安全", "方面": "安全韧性", "geocode_status": "region", "board": "安全韧性底线", "project_type": "市政管网", "社区": null, "村": null}}, {"type": "Feature", "geometry": {"type": "Point", "coordinates": [111.326, 30.77]}, "properties": {"办件编号": "20240607000513", "事件": "投诉", "类9": "管网安全", "方面": "安全韧性", "geocode_status": "region", "board": "安全韧性底线", "project_type": "市政管网", "社区": null, "村": null}}, {"type": "Feature", "geometry": {"type": "Point", "coordinates": [111.79, 30.821]}, "properties": {"办件编号": "20240607000129", "事件": "求助", "类9": "管网安全", "方面": "安全韧性", "geocode_status": "region", "board": "安全韧性底线", "project_type": "市政管网", "社区": null, "村": null}}, {"type": "Feature", "geometry": {"type": "Point", "coordinates": [111.287, 30.7]}, "properties": {"办件编号": "20240606001283", "事件": "投诉", "类9": "管网安全", "方面": "安全韧性", "geocode_status": "region", "board": "安全韧性底线", "project_type": "市政管网", "社区": null, "村": null}}, {"type": "Feature", "geometry": {"type": "Point", "coordinates": [111.287, 30.7]}, "properties": {"办件编号": "20240605000299", "事件": "投诉", "类9": "管网安全", "方面": "安全韧性", "geocode_status": "region", "board": "安全韧性底线", "project_type": "市政管网", "社区": null, "村": null}}, {"type": "Feature", "geometry": {"type": "Point", "coordinates": [111.287, 30.7]}, "properties": {"办件编号": "20240604001289", "事件": "求助", "类9": "出行安全", "方面": "安全韧性", "geocode_status": "region", "board": "安全韧性底线", "project_type": "交通设施", "社区": null, "村": null}}, {"type": "Feature", "geometry": {"type": "Point", "coordinates": [111.326, 30.77]}, "properties": {"办件编号": "20240604001243", "事件": "投诉", "类9": "管网安全", "方面": "安全韧性", "geocode_status": "region", "board": "安全韧性底线", "project_type": "市政管网", "社区": null, "村": null}}, {"type": "Feature", "geometry": {"type": "Point", "coordinates": [111.79, 30.821]}, "properties": {"办件编号": "20240604000916", "事件": "投诉", "类9": "管网安全", "方面": "安全韧性", "geocode_status": "region", "board": "安全韧性底线", "project_type": "市政管网", "社区": null, "村": null}}, {"type": "Feature", "geometry": {"type": "Point", "coordinates": [111.287, 30.7]}, "properties": {"办件编号": "20240604000459", "事件": "求助", "类9": "管网安全", "方面": "安全韧性", "geocode_status": "region", "board": "安全韧性底线", "project_type": "市政管网", "社区": null, "村": null}}, {"type": "Feature", "geometry": {"type": "Point", "coordinates": [111.333, 30.655]}, "properties": {"办件编号": "20240603001115", "事件": "求助", "类9": "出行安全", "方面": "安全韧性", "geocode_status": "region", "board": "安全韧性底线", "project_type": "交通设施", "社区": null, "村": null}}, {"type": "Feature", "geometry": {"type": "Point", "coordinates": [111.333, 30.655]}, "properties": {"办件编号": "20240603001092", "事件": "求助", "类9": "管网安全", "方面": "安全韧性", "geocode_status": "region", "board": "安全韧性底线", "project_type": "市政管网", "社区": null, "村": null}}, {"type": "Feature", "geometry": {"type": "Point", "coordinates": [111.456, 30.386]}, "properties": {"办件编号": "20240603000994", "事件": "建议", "类9": "出行安全", "方面": "安全韧性", "geocode_status": "region", "board": "安全韧性底线", "project_type": "交通设施", "社区": null, "村": null}}, {"type": "Feature", "geometry": {"type": "Point", "coordinates": [111.333, 30.655]}, "properties": {"办件编号": "20240603000178", "事件": "求助", "类9": "管网安全", "方面": "安全韧性", "geocode_status": "region", "board": "安全韧性底线", "project_type": "市政管网", "社区": null, "村": null}}, {"type": "Feature", "geometry": {"type": "Point", "coordinates": [111.333, 30.655]}, "properties": {"办件编号": "20240603000176", "事件": "求助", "类9": "管网安全", "方面": "安全韧性", "geocode_status": "region", "board": "安全韧性底线", "project_type": "市政管网", "社区": null, "村": null}}, {"type": "Feature", "geometry": {"type": "Point", "coordinates": [111.64, 31.06]}, "properties": {"办件编号": "20240531001223", "事件": "投诉", "类9": "管网安全", "方面": "安全韧性", "geocode_status": "region", "board": "安全韧性底线", "project_type": "市政管网", "社区": null, "村": null}}, {"type": "Feature", "geometry": {"type": "Point", "coordinates": [111.268, 30.67]}, "properties": {"办件编号": "20240531001117", "事件": "投诉", "类9": "管网安全", "方面": "安全韧性", "geocode_status": "region", "board": "安全韧性底线", "project_type": "市政管网", "社区": null, "村": null}}, {"type": "Feature", "geometry": {"type": "Point", "coordinates": [111.287, 30.7]}, "properties": {"办件编号": "20240531000950", "事件": "投诉", "类9": "管网安全", "方面": "安全韧性", "geocode_status": "region", "board": "安全韧性底线", "project_type": "市政管网", "社区": null, "村": null}}, {"type": "Feature", "geometry": {"type": "Point", "coordinates": [111.333, 30.655]}, "properties": {"办件编号": "20240531000505", "事件": "求助", "类9": "出行安全", "方面": "安全韧性", "geocode_status": "region", "board": "安全韧性底线", "project_type": "交通设施", "社区": null, "村": null}}, {"type": "Feature", "geometry": {"type": "Point", "coordinates": [111.333, 30.655]}, "properties": {"办件编号": "20240531000176", "事件": "求助", "类9": "出行安全", "方面": "安全韧性", "geocode_status": "region", "board": "安全韧性底线", "project_type": "交通设施", "社区": null, "村": null}}, {"type": "Feature", "geometry": {"type": "Point", "coordinates": [111.333, 30.655]}, "properties": {"办件编号": "20240531000173", "事件": "求助", "类9": "出行安全", "方面": "安全韧性", "geocode_status": "region", "board": "安全韧性底线", "project_type": "交通设施", "社区": null, "村": null}}, {"type": "Feature", "geometry": {"type": "Point", "coordinates": [111.287, 30.7]}, "properties": {"办件编号": "20240530001102", "事件": "求助", "类9": "管网安全", "方面": "安全韧性", "geocode_status": "region", "board": "安全韧性底线", "project_type": "市政管网", "社区": null, "村": null}}, {"type": "Feature", "geometry": {"type": "Point", "coordinates": [111.79, 30.821]}, "properties": {"办件编号": "20240530000845", "事件": "求助", "类9": "管网安全", "方面": "安全韧性", "geocode_status": "region", "board": "安全韧性底线", "project_type": "市政管网", "社区": null, "村": null}}, {"type": "Feature", "geometry": {"type": "Point", "coordinates": [111.333, 30.655]}, "properties": {"办件编号": "20240529000799", "事件": "求助", "类9": "出行安全", "方面": "安全韧性", "geocode_status": "region", "board": "安全韧性底线", "project_type": "交通设施", "社区": null, "村": null}}, {"type": "Feature", "geometry": {"type": "Point", "coordinates": [111.287, 30.7]}, "properties": {"办件编号": "20240529000753", "事件": "求助", "类9": "管网安全", "方面": "安全韧性", "geocode_status": "region", "board": "安全韧性底线", "project_type": "市政管网", "社区": null, "村": null}}, {"type": "Feature", "geometry": {"type": "Point", "coordinates": [111.287, 30.7]}, "properties": {"办件编号": "20240529000616", "事件": "求助", "类9": "管网安全", "方面": "安全韧性", "geocode_status": "region", "board": "安全韧性底线", "project_type": "市政管网", "社区": null, "村": null}}, {"type": "Feature", "geometry": {"type": "Point", "coordinates": [111.333, 30.655]}, "properties": {"办件编号": "20240529000458", "事件": "求助", "类9": "管网安全", "方面": "安全韧性", "geocode_status": "region", "board": "安全韧性底线", "project_type": "市政管网", "社区": null, "村": null}}, {"type": "Feature", "geometry": {"type": "Point", "coordinates": [111.268, 30.67]}, "properties": {"办件编号": "20240528001417", "事件": "投诉", "类9": "管网安全", "方面": "安全韧性", "geocode_status": "region", "board": "安全韧性底线", "project_type": "市政管网", "社区": null, "村": null}}, {"type": "Feature", "geometry": {"type": "Point", "coordinates": [111.287, 30.7]}, "properties": {"办件编号": "20240528000755", "事件": "其他", "类9": "出行安全", "方面": "安全韧性", "geocode_status": "region", "board": "安全韧性底线", "project_type": "交通设施", "社区": null, "村": null}}, {"type": "Feature", "geometry": {"type": "Point", "coordinates": [111.305, 30.69]}, "properties": {"办件编号": "20240528000266", "事件": "求助", "类9": "管网安全", "方面": "安全韧性", "geocode_status": "region", "board": "安全韧性底线", "project_type": "市政管网", "社区": null, "村": null}}, {"type": "Feature", "geometry": {"type": "Point", "coordinates": [111.79, 30.821]}, "properties": {"办件编号": "20240527001171", "事件": "投诉", "类9": "管网安全", "方面": "安全韧性", "geocode_status": "region", "board": "安全韧性底线", "project_type": "市政管网", "社区": null, "村": null}}, {"type": "Feature", "geometry": {"type": "Point", "coordinates": [110.977, 30.825]}, "properties": {"办件编号": "20240526000617", "事件": "求助", "类9": "出行安全", "方面": "安全韧性", "geocode_status": "region", "board": "安全韧性底线", "project_type": "交通设施", "社区": null, "村": null}}, {"type": "Feature", "geometry": {"type": "Point", "coordinates": [111.287, 30.7]}, "properties": {"办件编号": "20240526000605", "事件": "投诉", "类9": "出行安全", "方面": "安全韧性", "geocode_status": "region", "board": "安全韧性底线", "project_type": "交通设施", "社区": null, "村": null}}, {"type": "Feature", "geometry": {"type": "Point", "coordinates": [111.333, 30.655]}, "properties": {"办件编号": "20240526000252", "事件": "投诉", "类9": "消防安全", "方面": "安全韧性", "geocode_status": "region", "board": "安全韧性底线", "project_type": "安全消防", "社区": null, "村": null}}, {"type": "Feature", "geometry": {"type": "Point", "coordinates": [111.326, 30.77]}, "properties": {"办件编号": "20240526000185", "事件": "投诉", "类9": "消防安全", "方面": "安全韧性", "geocode_status": "region", "board": "安全韧性底线", "project_type": "安全消防", "社区": null, "村": null}}, {"type": "Feature", "geometry": {"type": "Point", "coordinates": [111.287, 30.7]}, "properties": {"办件编号": "20240525000781", "事件": "求助", "类9": "管网安全", "方面": "安全韧性", "geocode_status": "region", "board": "安全韧性底线", "project_type": "市政管网", "社区": null, "村": null}}, {"type": "Feature", "geometry": {"type": "Point", "coordinates": [111.287, 30.7]}, "properties": {"办件编号": "20240524001248", "事件": "投诉", "类9": "消防安全", "方面": "安全韧性", "geocode_status": "region", "board": "安全韧性底线", "project_type": "安全消防", "社区": null, "村": null}}, {"type": "Feature", "geometry": {"type": "Point", "coordinates": [111.333, 30.655]}, "properties": {"办件编号": "20240524001179", "事件": "投诉", "类9": "消防安全", "方面": "安全韧性", "geocode_status": "region", "board": "安全韧性底线", "project_type": "安全消防", "社区": null, "村": null}}, {"type": "Feature", "geometry": {"type": "Point", "coordinates": [111.333, 30.655]}, "properties": {"办件编号": "20240524000763", "事件": "投诉", "类9": "消防安全", "方面": "安全韧性", "geocode_status": "region", "board": "安全韧性底线", "project_type": "安全消防", "社区": null, "村": null}}, {"type": "Feature", "geometry": {"type": "Point", "coordinates": [111.268, 30.67]}, "properties": {"办件编号": "20240523001174", "事件": "求助", "类9": "管网安全", "方面": "安全韧性", "geocode_status": "region", "board": "安全韧性底线", "project_type": "市政管网", "社区": null, "村": null}}, {"type": "Feature", "geometry": {"type": "Point", "coordinates": [111.326, 30.77]}, "properties": {"办件编号": "20240523000599", "事件": "投诉", "类9": "出行安全", "方面": "安全韧性", "geocode_status": "region", "board": "安全韧性底线", "project_type": "交通设施", "社区": null, "村": null}}, {"type": "Feature", "geometry": {"type": "Point", "coordinates": [111.408, 30.578]}, "properties": {"办件编号": "20240523000151", "事件": "求助", "类9": "管网安全", "方面": "安全韧性", "geocode_status": "region", "board": "安全韧性底线", "project_type": "市政管网", "社区": null, "村": null}}, {"type": "Feature", "geometry": {"type": "Point", "coordinates": [111.408, 30.578]}, "properties": {"办件编号": "20240523000059", "事件": "投诉", "类9": "出行安全", "方面": "安全韧性", "geocode_status": "region", "board": "安全韧性底线", "project_type": "交通设施", "社区": null, "村": null}}, {"type": "Feature", "geometry": {"type": "Point", "coordinates": [111.333, 30.655]}, "properties": {"办件编号": "20240522001015", "事件": "求助", "类9": "管网安全", "方面": "安全韧性", "geocode_status": "region", "board": "安全韧性底线", "project_type": "市政管网", "社区": null, "村": null}}, {"type": "Feature", "geometry": {"type": "Point", "coordinates": [111.287, 30.7]}, "properties": {"办件编号": "20240522000947", "事件": "求助", "类9": "管网安全", "方面": "安全韧性", "geocode_status": "region", "board": "安全韧性底线", "project_type": "市政管网", "社区": null, "村": null}}, {"type": "Feature", "geometry": {"type": "Point", "coordinates": [111.79, 30.821]}, "properties": {"办件编号": "20240522000263", "事件": "投诉", "类9": "管网安全", "方面": "安全韧性", "geocode_status": "region", "board": "安全韧性底线", "project_type": "市政管网", "社区": null, "村": null}}, {"type": "Feature", "geometry": {"type": "Point", "coordinates": [111.759, 30.426]}, "properties": {"办件编号": "20240521001471", "事件": "投诉", "类9": "管网安全", "方面": "安全韧性", "geocode_status": "region", "board": "安全韧性底线", "project_type": "市政管网", "社区": null, "村": null}}, {"type": "Feature", "geometry": {"type": "Point", "coordinates": [111.287, 30.7]}, "properties": {"办件编号": "20240521001296", "事件": "求助", "类9": "出行安全", "方面": "安全韧性", "geocode_status": "region", "board": "安全韧性底线", "project_type": "交通设施", "社区": null, "村": null}}, {"type": "Feature", "geometry": {"type": "Point", "coordinates": [111.287, 30.7]}, "properties": {"办件编号": "20240521000652", "事件": "求助", "类9": "管网安全", "方面": "安全韧性", "geocode_status": "region", "board": "安全韧性底线", "project_type": "市政管网", "社区": null, "村": null}}, {"type": "Feature", "geometry": {"type": "Point", "coordinates": [111.268, 30.67]}, "properties": {"办件编号": "20240521000286", "事件": "建议", "类9": "管网安全", "方面": "安全韧性", "geocode_status": "region", "board": "安全韧性底线", "project_type": "市政管网", "社区": null, "村": null}}, {"type": "Feature", "geometry": {"type": "Point", "coordinates": [111.287, 30.7]}, "properties": {"办件编号": "20240521000258", "事件": "求助", "类9": "出行安全", "方面": "安全韧性", "geocode_status": "region", "board": "安全韧性底线", "project_type": "交通设施", "社区": null, "村": null}}, {"type": "Feature", "geometry": {"type": "Point", "coordinates": [111.287, 30.7]}, "properties": {"办件编号": "20240521000183", "事件": "求助", "类9": "管网安全", "方面": "安全韧性", "geocode_status": "region", "board": "安全韧性底线", "project_type": "市政管网", "社区": null, "村": null}}, {"type": "Feature", "geometry": {"type": "Point", "coordinates": [111.333, 30.655]}, "properties": {"办件编号": "20240520001374", "事件": "投诉", "类9": "出行安全", "方面": "安全韧性", "geocode_status": "region", "board": "安全韧性底线", "project_type": "交通设施", "社区": null, "村": null}}, {"type": "Feature", "geometry": {"type": "Point", "coordinates": [111.287, 30.7]}, "properties": {"办件编号": "20240520001154", "事件": "求助", "类9": "出行安全", "方面": "安全韧性", "geocode_status": "region", "board": "安全韧性底线", "project_type": "交通设施", "社区": null, "村": null}}, {"type": "Feature", "geometry": {"type": "Point", "coordinates": [111.287, 30.7]}, "properties": {"办件编号": "20240520001008", "事件": "求助", "类9": "管网安全", "方面": "安全韧性", "geocode_status": "region", "board": "安全韧性底线", "project_type": "市政管网", "社区": null, "村": null}}, {"type": "Feature", "geometry": {"type": "Point", "coordinates": [111.333, 30.655]}, "properties": {"办件编号": "20240520000136", "事件": "投诉", "类9": "出行安全", "方面": "安全韧性", "geocode_status": "region", "board": "安全韧性底线", "project_type": "交通设施", "社区": null, "村": null}}, {"type": "Feature", "geometry": {"type": "Point", "coordinates": [111.287, 30.7]}, "properties": {"办件编号": "20240519000481", "事件": "投诉", "类9": "管网安全", "方面": "安全韧性", "geocode_status": "region", "board": "安全韧性底线", "project_type": "市政管网", "社区": null, "村": null}}, {"type": "Feature", "geometry": {"type": "Point", "coordinates": [111.287, 30.7]}, "properties": {"办件编号": "20240519000066", "事件": "投诉", "类9": "管网安全", "方面": "安全韧性", "geocode_status": "region", "board": "安全韧性底线", "project_type": "市政管网", "社区": null, "村": null}}, {"type": "Feature", "geometry": {"type": "Point", "coordinates": [111.268, 30.67]}, "properties": {"办件编号": "20240518000764", "事件": "投诉", "类9": "出行安全", "方面": "安全韧性", "geocode_status": "region", "board": "安全韧性底线", "project_type": "交通设施", "社区": null, "村": null}}, {"type": "Feature", "geometry": {"type": "Point", "coordinates": [111.268, 30.67]}, "properties": {"办件编号": "20240518000758", "事件": "投诉", "类9": "出行安全", "方面": "安全韧性", "geocode_status": "region", "board": "安全韧性底线", "project_type": "交通设施", "社区": null, "村": null}}, {"type": "Feature", "geometry": {"type": "Point", "coordinates": [111.305, 30.69]}, "properties": {"办件编号": "20240517001228", "事件": "投诉", "类9": "出行安全", "方面": "安全韧性", "geocode_status": "region", "board": "安全韧性底线", "project_type": "交通设施", "社区": null, "村": null}}, {"type": "Feature", "geometry": {"type": "Point", "coordinates": [111.333, 30.655]}, "properties": {"办件编号": "20240517000322", "事件": "求助", "类9": "管网安全", "方面": "安全韧性", "geocode_status": "region", "board": "安全韧性底线", "project_type": "市政管网", "社区": null, "村": null}}, {"type": "Feature", "geometry": {"type": "Point", "coordinates": [111.333, 30.655]}, "properties": {"办件编号": "20240517000265", "事件": "求助", "类9": "出行安全", "方面": "安全韧性", "geocode_status": "region", "board": "安全韧性底线", "project_type": "交通设施", "社区": null, "村": null}}, {"type": "Feature", "geometry": {"type": "Point", "coordinates": [111.287, 30.7]}, "properties": {"办件编号": "20240517000154", "事件": "求助", "类9": "管网安全", "方面": "安全韧性", "geocode_status": "region", "board": "安全韧性底线", "project_type": "市政管网", "社区": null, "村": null}}, {"type": "Feature", "geometry": {"type": "Point", "coordinates": [111.287, 30.7]}, "properties": {"办件编号": "20240516000874", "事件": "投诉", "类9": "管网安全", "方面": "安全韧性", "geocode_status": "region", "board": "安全韧性底线", "project_type": "市政管网", "社区": null, "村": null}}, {"type": "Feature", "geometry": {"type": "Point", "coordinates": [111.287, 30.7]}, "properties": {"办件编号": "20240516000505", "事件": "投诉", "类9": "管网安全", "方面": "安全韧性", "geocode_status": "region", "board": "安全韧性底线", "project_type": "市政管网", "社区": null, "村": null}}, {"type": "Feature", "geometry": {"type": "Point", "coordinates": [111.287, 30.7]}, "properties": {"办件编号": "20240515001042", "事件": "求助", "类9": "管网安全", "方面": "安全韧性", "geocode_status": "region", "board": "安全韧性底线", "project_type": "市政管网", "社区": null, "村": null}}, {"type": "Feature", "geometry": {"type": "Point", "coordinates": [111.333, 30.655]}, "properties": {"办件编号": "20240515000667", "事件": "投诉", "类9": "消防安全", "方面": "安全韧性", "geocode_status": "region", "board": "安全韧性底线", "project_type": "安全消防", "社区": null, "村": null}}, {"type": "Feature", "geometry": {"type": "Point", "coordinates": [111.287, 30.7]}, "properties": {"办件编号": "20240515000434", "事件": "投诉", "类9": "管网安全", "方面": "安全韧性", "geocode_status": "region", "board": "安全韧性底线", "project_type": "市政管网", "社区": null, "村": null}}, {"type": "Feature", "geometry": {"type": "Point", "coordinates": [111.287, 30.7]}, "properties": {"办件编号": "20240514001311", "事件": "求助", "类9": "管网安全", "方面": "安全韧性", "geocode_status": "region", "board": "安全韧性底线", "project_type": "市政管网", "社区": null, "村": null}}, {"type": "Feature", "geometry": {"type": "Point", "coordinates": [111.79, 30.821]}, "properties": {"办件编号": "20240514001222", "事件": "求助", "类9": "管网安全", "方面": "安全韧性", "geocode_status": "region", "board": "安全韧性底线", "project_type": "市政管网", "社区": null, "村": null}}, {"type": "Feature", "geometry": {"type": "Point", "coordinates": [111.333, 30.655]}, "properties": {"办件编号": "20240514000908", "事件": "求助", "类9": "出行安全", "方面": "安全韧性", "geocode_status": "region", "board": "安全韧性底线", "project_type": "交通设施", "社区": null, "村": null}}, {"type": "Feature", "geometry": {"type": "Point", "coordinates": [111.333, 30.655]}, "properties": {"办件编号": "20240514000580", "事件": "求助", "类9": "出行安全", "方面": "安全韧性", "geocode_status": "region", "board": "安全韧性底线", "project_type": "交通设施", "社区": null, "村": null}}, {"type": "Feature", "geometry": {"type": "Point", "coordinates": [111.333, 30.655]}, "properties": {"办件编号": "20240514000479", "事件": "求助", "类9": "出行安全", "方面": "安全韧性", "geocode_status": "region", "board": "安全韧性底线", "project_type": "交通设施", "社区": null, "村": null}}, {"type": "Feature", "geometry": {"type": "Point", "coordinates": [111.287, 30.7]}, "properties": {"办件编号": "20240514000102", "事件": "建议", "类9": "出行安全", "方面": "安全韧性", "geocode_status": "region", "board": "安全韧性底线", "project_type": "交通设施", "社区": null, "村": null}}, {"type": "Feature", "geometry": {"type": "Point", "coordinates": [111.79, 30.821]}, "properties": {"办件编号": "20240512000604", "事件": "投诉", "类9": "管网安全", "方面": "安全韧性", "geocode_status": "region", "board": "安全韧性底线", "project_type": "市政管网", "社区": null, "村": null}}, {"type": "Feature", "geometry": {"type": "Point", "coordinates": [111.305, 30.69]}, "properties": {"办件编号": "20240511001223", "事件": "投诉", "类9": "管网安全", "方面": "安全韧性", "geocode_status": "region", "board": "安全韧性底线", "project_type": "市政管网", "社区": null, "村": null}}, {"type": "Feature", "geometry": {"type": "Point", "coordinates": [111.268, 30.67]}, "properties": {"办件编号": "20240511001018", "事件": "求助", "类9": "管网安全", "方面": "安全韧性", "geocode_status": "region", "board": "安全韧性底线", "project_type": "市政管网", "社区": null, "村": null}}, {"type": "Feature", "geometry": {"type": "Point", "coordinates": [111.287, 30.7]}, "properties": {"办件编号": "20240511001026", "事件": "建议", "类9": "出行安全", "方面": "安全韧性", "geocode_status": "region", "board": "安全韧性底线", "project_type": "交通设施", "社区": null, "村": null}}, {"type": "Feature", "geometry": {"type": "Point", "coordinates": [111.333, 30.655]}, "properties": {"办件编号": "20240511000866", "事件": "求助", "类9": "出行安全", "方面": "安全韧性", "geocode_status": "region", "board": "安全韧性底线", "project_type": "交通设施", "社区": null, "村": null}}, {"type": "Feature", "geometry": {"type": "Point", "coordinates": [111.333, 30.655]}, "properties": {"办件编号": "20240511000703", "事件": "求助", "类9": "出行安全", "方面": "安全韧性", "geocode_status": "region", "board": "安全韧性底线", "project_type": "交通设施", "社区": null, "村": null}}, {"type": "Feature", "geometry": {"type": "Point", "coordinates": [111.268, 30.67]}, "properties": {"办件编号": "20240510000324", "事件": "投诉", "类9": "管网安全", "方面": "安全韧性", "geocode_status": "region", "board": "安全韧性底线", "project_type": "市政管网", "社区": null, "村": null}}, {"type": "Feature", "geometry": {"type": "Point", "coordinates": [111.287, 30.7]}, "properties": {"办件编号": "20240510000143", "事件": "求助", "类9": "出行安全", "方面": "安全韧性", "geocode_status": "region", "board": "安全韧性底线", "project_type": "交通设施", "社区": null, "村": null}}, {"type": "Feature", "geometry": {"type": "Point", "coordinates": [111.326, 30.77]}, "properties": {"办件编号": "20240509001149", "事件": "求助", "类9": "环境安全", "方面": "安全韧性", "geocode_status": "region", "board": "安全韧性底线", "project_type": "环境治理", "社区": null, "村": null}}, {"type": "Feature", "geometry": {"type": "Point", "coordinates": [111.287, 30.7]}, "properties": {"办件编号": "20240509001008", "事件": "求助", "类9": "管网安全", "方面": "安全韧性", "geocode_status": "region", "board": "安全韧性底线", "project_type": "市政管网", "社区": null, "村": null}}, {"type": "Feature", "geometry": {"type": "Point", "coordinates": [111.305, 30.69]}, "properties": {"办件编号": "20240509000997", "事件": "求助", "类9": "管网安全", "方面": "安全韧性", "geocode_status": "region", "board": "安全韧性底线", "project_type": "市政管网", "社区": null, "村": null}}, {"type": "Feature", "geometry": {"type": "Point", "coordinates": [111.287, 30.7]}, "properties": {"办件编号": "20240509000377", "事件": "求助", "类9": "管网安全", "方面": "安全韧性", "geocode_status": "region", "board": "安全韧性底线", "project_type": "市政管网", "社区": null, "村": null}}, {"type": "Feature", "geometry": {"type": "Point", "coordinates": [111.333, 30.655]}, "properties": {"办件编号": "20240509000296", "事件": "求助", "类9": "管网安全", "方面": "安全韧性", "geocode_status": "region", "board": "安全韧性底线", "project_type": "市政管网", "社区": null, "村": null}}, {"type": "Feature", "geometry": {"type": "Point", "coordinates": [111.333, 30.655]}, "properties": {"办件编号": "20240509000295", "事件": "求助", "类9": "管网安全", "方面": "安全韧性", "geocode_status": "region", "board": "安全韧性底线", "project_type": "市政管网", "社区": null, "村": null}}, {"type": "Feature", "geometry": {"type": "Point", "coordinates": [111.333, 30.655]}, "properties": {"办件编号": "20240509000264", "事件": "求助", "类9": "出行安全", "方面": "安全韧性", "geocode_status": "region", "board": "安全韧性底线", "project_type": "交通设施", "社区": null, "村": null}}, {"type": "Feature", "geometry": {"type": "Point", "coordinates": [111.287, 30.7]}, "properties": {"办件编号": "20240509000230", "事件": "求助", "类9": "管网安全", "方面": "安全韧性", "geocode_status": "region", "board": "安全韧性底线", "project_type": "市政管网", "社区": null, "村": null}}, {"type": "Feature", "geometry": {"type": "Point", "coordinates": [111.333, 30.655]}, "properties": {"办件编号": "20240509000211", "事件": "求助", "类9": "管网安全", "方面": "安全韧性", "geocode_status": "region", "board": "安全韧性底线", "project_type": "市政管网", "社区": null, "村": null}}, {"type": "Feature", "geometry": {"type": "Point", "coordinates": [111.333, 30.655]}, "properties": {"办件编号": "20240509000197", "事件": "求助", "类9": "管网安全", "方面": "安全韧性", "geocode_status": "region", "board": "安全韧性底线", "project_type": "市政管网", "社区": null, "村": null}}, {"type": "Feature", "geometry": {"type": "Point", "coordinates": [111.287, 30.7]}, "properties": {"办件编号": "20240509000116", "事件": "求助", "类9": "管网安全", "方面": "安全韧性", "geocode_status": "region", "board": "安全韧性底线", "project_type": "市政管网", "社区": null, "村": null}}, {"type": "Feature", "geometry": {"type": "Point", "coordinates": [111.333, 30.655]}, "properties": {"办件编号": "20240509000098", "事件": "求助", "类9": "管网安全", "方面": "安全韧性", "geocode_status": "region", "board": "安全韧性底线", "project_type": "市政管网", "社区": null, "村": null}}, {"type": "Feature", "geometry": {"type": "Point", "coordinates": [111.333, 30.655]}, "properties": {"办件编号": "20240509000095", "事件": "求助", "类9": "出行安全", "方面": "安全韧性", "geocode_status": "region", "board": "安全韧性底线", "project_type": "交通设施", "社区": null, "村": null}}, {"type": "Feature", "geometry": {"type": "Point", "coordinates": [111.333, 30.655]}, "properties": {"办件编号": "20240508001511", "事件": "投诉", "类9": "出行安全", "方面": "安全韧性", "geocode_status": "region", "board": "安全韧性底线", "project_type": "交通设施", "社区": null, "村": null}}, {"type": "Feature", "geometry": {"type": "Point", "coordinates": [111.287, 30.7]}, "properties": {"办件编号": "20240508001248", "事件": "求助", "类9": "管网安全", "方面": "安全韧性", "geocode_status": "region", "board": "安全韧性底线", "project_type": "市政管网", "社区": null, "村": null}}, {"type": "Feature", "geometry": {"type": "Point", "coordinates": [111.333, 30.655]}, "properties": {"办件编号": "20240508000463", "事件": "求助", "类9": "环境安全", "方面": "安全韧性", "geocode_status": "region", "board": "安全韧性底线", "project_type": "环境治理", "社区": null, "村": null}}, {"type": "Feature", "geometry": {"type": "Point", "coordinates": [111.333, 30.655]}, "properties": {"办件编号": "20240508000454", "事件": "求助", "类9": "环境安全", "方面": "安全韧性", "geocode_status": "region", "board": "安全韧性底线", "project_type": "环境治理", "社区": null, "村": null}}, {"type": "Feature", "geometry": {"type": "Point", "coordinates": [111.287, 30.7]}, "properties": {"办件编号": "20240508000326", "事件": "求助", "类9": "管网安全", "方面": "安全韧性", "geocode_status": "region", "board": "安全韧性底线", "project_type": "市政管网", "社区": null, "村": null}}, {"type": "Feature", "geometry": {"type": "Point", "coordinates": [111.333, 30.655]}, "properties": {"办件编号": "20240508000186", "事件": "求助", "类9": "管网安全", "方面": "安全韧性", "geocode_status": "region", "board": "安全韧性底线", "project_type": "市政管网", "社区": null, "村": null}}, {"type": "Feature", "geometry": {"type": "Point", "coordinates": [111.287, 30.7]}, "properties": {"办件编号": "20240507001320", "事件": "求助", "类9": "管网安全", "方面": "安全韧性", "geocode_status": "region", "board": "安全韧性底线", "project_type": "市政管网", "社区": null, "村": null}}, {"type": "Feature", "geometry": {"type": "Point", "coordinates": [111.333, 30.655]}, "properties": {"办件编号": "20240507000315", "事件": "求助", "类9": "管网安全", "方面": "安全韧性", "geocode_status": "region", "board": "安全韧性底线", "project_type": "市政管网", "社区": null, "村": null}}, {"type": "Feature", "geometry": {"type": "Point", "coordinates": [111.333, 30.655]}, "properties": {"办件编号": "20240506001196", "事件": "求助", "类9": "管网安全", "方面": "安全韧性", "geocode_status": "region", "board": "安全韧性底线", "project_type": "市政管网", "社区": null, "村": null}}, {"type": "Feature", "geometry": {"type": "Point", "coordinates": [111.333, 30.655]}, "properties": {"办件编号": "20240506000987", "事件": "求助", "类9": "出行安全", "方面": "安全韧性", "geocode_status": "region", "board": "安全韧性底线", "project_type": "交通设施", "社区": null, "村": null}}, {"type": "Feature", "geometry": {"type": "Point", "coordinates": [111.333, 30.655]}, "properties": {"办件编号": "20240506000586", "事件": "求助", "类9": "出行安全", "方面": "安全韧性", "geocode_status": "region", "board": "安全韧性底线", "project_type": "交通设施", "社区": null, "村": null}}, {"type": "Feature", "geometry": {"type": "Point", "coordinates": [111.408, 30.578]}, "properties": {"办件编号": "20240506000147", "事件": "求助", "类9": "管网安全", "方面": "安全韧性", "geocode_status": "region", "board": "安全韧性底线", "project_type": "市政管网", "社区": null, "村": null}}, {"type": "Feature", "geometry": {"type": "Point", "coordinates": [111.333, 30.655]}, "properties": {"办件编号": "20240506000111", "事件": "求助", "类9": "管网安全", "方面": "安全韧性", "geocode_status": "region", "board": "安全韧性底线", "project_type": "市政管网", "社区": null, "村": null}}, {"type": "Feature", "geometry": {"type": "Point", "coordinates": [111.326, 30.77]}, "properties": {"办件编号": "20240504000314", "事件": "求助", "类9": "环境安全", "方面": "安全韧性", "geocode_status": "region", "board": "安全韧性底线", "project_type": "环境治理", "社区": null, "村": null}}, {"type": "Feature", "geometry": {"type": "Point", "coordinates": [111.333, 30.655]}, "properties": {"办件编号": "20240502000137", "事件": "求助", "类9": "管网安全", "方面": "安全韧性", "geocode_status": "region", "board": "安全韧性底线", "project_type": "市政管网", "社区": null, "村": null}}, {"type": "Feature", "geometry": {"type": "Point", "coordinates": [111.287, 30.7]}, "properties": {"办件编号": "20240430001170", "事件": "投诉", "类9": "管网安全", "方面": "安全韧性", "geocode_status": "region", "board": "安全韧性底线", "project_type": "市政管网", "社区": null, "村": null}}, {"type": "Feature", "geometry": {"type": "Point", "coordinates": [111.287, 30.7]}, "properties": {"办件编号": "20240430000650", "事件": "求助", "类9": "管网安全", "方面": "安全韧性", "geocode_status": "region", "board": "安全韧性底线", "project_type": "市政管网", "社区": null, "村": null}}, {"type": "Feature", "geometry": {"type": "Point", "coordinates": [111.408, 30.578]}, "properties": {"办件编号": "20240430000430", "事件": "求助", "类9": "管网安全", "方面": "安全韧性", "geocode_status": "region", "board": "安全韧性底线", "project_type": "市政管网", "社区": null, "村": null}}, {"type": "Feature", "geometry": {"type": "Point", "coordinates": [111.287, 30.7]}, "properties": {"办件编号": "20240430000363", "事件": "求助", "类9": "管网安全", "方面": "安全韧性", "geocode_status": "region", "board": "安全韧性底线", "project_type": "市政管网", "社区": null, "村": null}}, {"type": "Feature", "geometry": {"type": "Point", "coordinates": [110.752, 31.348]}, "properties": {"办件编号": "20240429001305", "事件": "投诉", "类9": "管网安全", "方面": "安全韧性", "geocode_status": "region", "board": "安全韧性底线", "project_type": "市政管网", "社区": null, "村": null}}, {"type": "Feature", "geometry": {"type": "Point", "coordinates": [111.287, 30.7]}, "properties": {"办件编号": "20240429001216", "事件": "投诉", "类9": "出行安全", "方面": "安全韧性", "geocode_status": "region", "board": "安全韧性底线", "project_type": "交通设施", "社区": null, "村": null}}, {"type": "Feature", "geometry": {"type": "Point", "coordinates": [111.268, 30.67]}, "properties": {"办件编号": "20240429000658", "事件": "投诉", "类9": "出行安全", "方面": "安全韧性", "geocode_status": "region", "board": "安全韧性底线", "project_type": "交通设施", "社区": null, "村": null}}, {"type": "Feature", "geometry": {"type": "Point", "coordinates": [111.305, 30.69]}, "properties": {"办件编号": "20240429000058", "事件": "投诉", "类9": "消防安全", "方面": "安全韧性", "geocode_status": "region", "board": "安全韧性底线", "project_type": "安全消防", "社区": null, "村": null}}, {"type": "Feature", "geometry": {"type": "Point", "coordinates": [111.333, 30.655]}, "properties": {"办件编号": "20240428001321", "事件": "投诉", "类9": "管网安全", "方面": "安全韧性", "geocode_status": "region", "board": "安全韧性底线", "project_type": "市政管网", "社区": null, "村": null}}, {"type": "Feature", "geometry": {"type": "Point", "coordinates": [111.305, 30.69]}, "properties": {"办件编号": "20240428001292", "事件": "投诉", "类9": "管网安全", "方面": "安全韧性", "geocode_status": "region", "board": "安全韧性底线", "project_type": "市政管网", "社区": null, "村": null}}, {"type": "Feature", "geometry": {"type": "Point", "coordinates": [111.333, 30.655]}, "properties": {"办件编号": "20240428000895", "事件": "求助", "类9": "出行安全", "方面": "安全韧性", "geocode_status": "region", "board": "安全韧性底线", "project_type": "交通设施", "社区": null, "村": null}}, {"type": "Feature", "geometry": {"type": "Point", "coordinates": [111.326, 30.77]}, "properties": {"办件编号": "20240427000750", "事件": "投诉", "类9": "出行安全", "方面": "安全韧性", "geocode_status": "region", "board": "安全韧性底线", "project_type": "交通设施", "社区": null, "村": null}}, {"type": "Feature", "geometry": {"type": "Point", "coordinates": [111.79, 30.821]}, "properties": {"办件编号": "20240427000716", "事件": "投诉", "类9": "管网安全", "方面": "安全韧性", "geocode_status": "region", "board": "安全韧性底线", "project_type": "市政管网", "社区": null, "村": null}}, {"type": "Feature", "geometry": {"type": "Point", "coordinates": [111.268, 30.67]}, "properties": {"办件编号": "20240427000273", "事件": "投诉", "类9": "管网安全", "方面": "安全韧性", "geocode_status": "region", "board": "安全韧性底线", "project_type": "市政管网", "社区": null, "村": null}}, {"type": "Feature", "geometry": {"type": "Point", "coordinates": [111.333, 30.655]}, "properties": {"办件编号": "20240426001136", "事件": "投诉", "类9": "出行安全", "方面": "安全韧性", "geocode_status": "region", "board": "安全韧性底线", "project_type": "交通设施", "社区": null, "村": null}}, {"type": "Feature", "geometry": {"type": "Point", "coordinates": [111.287, 30.7]}, "properties": {"办件编号": "20240426000423", "事件": "求助", "类9": "出行安全", "方面": "安全韧性", "geocode_status": "region", "board": "安全韧性底线", "project_type": "交通设施", "社区": null, "村": null}}, {"type": "Feature", "geometry": {"type": "Point", "coordinates": [111.333, 30.655]}, "properties": {"办件编号": "20240426000262", "事件": "求助", "类9": "管网安全", "方面": "安全韧性", "geocode_status": "region", "board": "安全韧性底线", "project_type": "市政管网", "社区": null, "村": null}}, {"type": "Feature", "geometry": {"type": "Point", "coordinates": [111.287, 30.7]}, "properties": {"办件编号": "20240425001241", "事件": "求助", "类9": "管网安全", "方面": "安全韧性", "geocode_status": "region", "board": "安全韧性底线", "project_type": "市政管网", "社区": null, "村": null}}, {"type": "Feature", "geometry": {"type": "Point", "coordinates": [111.287, 30.7]}, "properties": {"办件编号": "20240425001119", "事件": "求助", "类9": "出行安全", "方面": "安全韧性", "geocode_status": "region", "board": "安全韧性底线", "project_type": "交通设施", "社区": null, "村": null}}, {"type": "Feature", "geometry": {"type": "Point", "coordinates": [111.287, 30.7]}, "properties": {"办件编号": "20240425001051", "事件": "求助", "类9": "管网安全", "方面": "安全韧性", "geocode_status": "region", "board": "安全韧性底线", "project_type": "市政管网", "社区": null, "村": null}}, {"type": "Feature", "geometry": {"type": "Point", "coordinates": [111.333, 30.655]}, "properties": {"办件编号": "20240425000757", "事件": "求助", "类9": "出行安全", "方面": "安全韧性", "geocode_status": "region", "board": "安全韧性底线", "project_type": "交通设施", "社区": null, "村": null}}, {"type": "Feature", "geometry": {"type": "Point", "coordinates": [111.305, 30.69]}, "properties": {"办件编号": "20240425000625", "事件": "投诉", "类9": "管网安全", "方面": "安全韧性", "geocode_status": "region", "board": "安全韧性底线", "project_type": "市政管网", "社区": null, "村": null}}, {"type": "Feature", "geometry": {"type": "Point", "coordinates": [111.408, 30.578]}, "properties": {"办件编号": "20240425000487", "事件": "求助", "类9": "管网安全", "方面": "安全韧性", "geocode_status": "region", "board": "安全韧性底线", "project_type": "市政管网", "社区": null, "村": null}}, {"type": "Feature", "geometry": {"type": "Point", "coordinates": [111.333, 30.655]}, "properties": {"办件编号": "20240425000248", "事件": "求助", "类9": "管网安全", "方面": "安全韧性", "geocode_status": "region", "board": "安全韧性底线", "project_type": "市政管网", "社区": null, "村": null}}, {"type": "Feature", "geometry": {"type": "Point", "coordinates": [111.333, 30.655]}, "properties": {"办件编号": "20240425000152", "事件": "求助", "类9": "出行安全", "方面": "安全韧性", "geocode_status": "region", "board": "安全韧性底线", "project_type": "交通设施", "社区": null, "村": null}}, {"type": "Feature", "geometry": {"type": "Point", "coordinates": [111.333, 30.655]}, "properties": {"办件编号": "20240424001077", "事件": "求助", "类9": "出行安全", "方面": "安全韧性", "geocode_status": "region", "board": "安全韧性底线", "project_type": "交通设施", "社区": null, "村": null}}, {"type": "Feature", "geometry": {"type": "Point", "coordinates": [111.408, 30.578]}, "properties": {"办件编号": "20240424000933", "事件": "求助", "类9": "出行安全", "方面": "安全韧性", "geocode_status": "region", "board": "安全韧性底线", "project_type": "交通设施", "社区": null, "村": null}}, {"type": "Feature", "geometry": {"type": "Point", "coordinates": [111.408, 30.578]}, "properties": {"办件编号": "20240424000410", "事件": "求助", "类9": "出行安全", "方面": "安全韧性", "geocode_status": "region", "board": "安全韧性底线", "project_type": "交通设施", "社区": null, "村": null}}, {"type": "Feature", "geometry": {"type": "Point", "coordinates": [111.333, 30.655]}, "properties": {"办件编号": "20240424000317", "事件": "求助", "类9": "管网安全", "方面": "安全韧性", "geocode_status": "region", "board": "安全韧性底线", "project_type": "市政管网", "社区": null, "村": null}}, {"type": "Feature", "geometry": {"type": "Point", "coordinates": [111.333, 30.655]}, "properties": {"办件编号": "20240423001446", "事件": "求助", "类9": "管网安全", "方面": "安全韧性", "geocode_status": "region", "board": "安全韧性底线", "project_type": "市政管网", "社区": null, "村": null}}, {"type": "Feature", "geometry": {"type": "Point", "coordinates": [111.326, 30.77]}, "properties": {"办件编号": "20240423001091", "事件": "投诉", "类9": "管网安全", "方面": "安全韧性", "geocode_status": "region", "board": "安全韧性底线", "project_type": "市政管网", "社区": null, "村": null}}, {"type": "Feature", "geometry": {"type": "Point", "coordinates": [111.333, 30.655]}, "properties": {"办件编号": "20240423001009", "事件": "求助", "类9": "出行安全", "方面": "安全韧性", "geocode_status": "region", "board": "安全韧性底线", "project_type": "交通设施", "社区": null, "村": null}}, {"type": "Feature", "geometry": {"type": "Point", "coordinates": [111.287, 30.7]}, "properties": {"办件编号": "20240423000982", "事件": "求助", "类9": "出行安全", "方面": "安全韧性", "geocode_status": "region", "board": "安全韧性底线", "project_type": "交通设施", "社区": null, "村": null}}, {"type": "Feature", "geometry": {"type": "Point", "coordinates": [111.268, 30.67]}, "properties": {"办件编号": "20240423000866", "事件": "求助", "类9": "环境安全", "方面": "安全韧性", "geocode_status": "region", "board": "安全韧性底线", "project_type": "环境治理", "社区": null, "村": null}}, {"type": "Feature", "geometry": {"type": "Point", "coordinates": [111.333, 30.655]}, "properties": {"办件编号": "20240423000489", "事件": "求助", "类9": "管网安全", "方面": "安全韧性", "geocode_status": "region", "board": "安全韧性底线", "project_type": "市政管网", "社区": null, "村": null}}, {"type": "Feature", "geometry": {"type": "Point", "coordinates": [111.287, 30.7]}, "properties": {"办件编号": "20240423000400", "事件": "求助", "类9": "管网安全", "方面": "安全韧性", "geocode_status": "region", "board": "安全韧性底线", "project_type": "市政管网", "社区": null, "村": null}}, {"type": "Feature", "geometry": {"type": "Point", "coordinates": [111.333, 30.655]}, "properties": {"办件编号": "20240423000103", "事件": "求助", "类9": "出行安全", "方面": "安全韧性", "geocode_status": "region", "board": "安全韧性底线", "project_type": "交通设施", "社区": null, "村": null}}, {"type": "Feature", "geometry": {"type": "Point", "coordinates": [111.287, 30.7]}, "properties": {"办件编号": "20240422000529", "事件": "求助", "类9": "环境安全", "方面": "安全韧性", "geocode_status": "region", "board": "安全韧性底线", "project_type": "环境治理", "社区": null, "村": null}}, {"type": "Feature", "geometry": {"type": "Point", "coordinates": [111.333, 30.655]}, "properties": {"办件编号": "20240422000300", "事件": "求助", "类9": "管网安全", "方面": "安全韧性", "geocode_status": "region", "board": "安全韧性底线", "project_type": "市政管网", "社区": null, "村": null}}, {"type": "Feature", "geometry": {"type": "Point", "coordinates": [111.333, 30.655]}, "properties": {"办件编号": "20240421000262", "事件": "求助", "类9": "管网安全", "方面": "安全韧性", "geocode_status": "region", "board": "安全韧性底线", "project_type": "市政管网", "社区": null, "村": null}}, {"type": "Feature", "geometry": {"type": "Point", "coordinates": [111.456, 30.386]}, "properties": {"办件编号": "20240420000855", "事件": "投诉", "类9": "管网安全", "方面": "安全韧性", "geocode_status": "region", "board": "安全韧性底线", "project_type": "市政管网", "社区": null, "村": null}}, {"type": "Feature", "geometry": {"type": "Point", "coordinates": [111.287, 30.7]}, "properties": {"办件编号": "20240419001078", "事件": "求助", "类9": "管网安全", "方面": "安全韧性", "geocode_status": "region", "board": "安全韧性底线", "project_type": "市政管网", "社区": null, "村": null}}, {"type": "Feature", "geometry": {"type": "Point", "coordinates": [111.326, 30.77]}, "properties": {"办件编号": "20240419000946", "事件": "投诉", "类9": "出行安全", "方面": "安全韧性", "geocode_status": "region", "board": "安全韧性底线", "project_type": "交通设施", "社区": null, "村": null}}, {"type": "Feature", "geometry": {"type": "Point", "coordinates": [111.333, 30.655]}, "properties": {"办件编号": "20240419000707", "事件": "求助", "类9": "管网安全", "方面": "安全韧性", "geocode_status": "region", "board": "安全韧性底线", "project_type": "市政管网", "社区": null, "村": null}}, {"type": "Feature", "geometry": {"type": "Point", "coordinates": [111.287, 30.7]}, "properties": {"办件编号": "20240417001151", "事件": "投诉", "类9": "管网安全", "方面": "安全韧性", "geocode_status": "region", "board": "安全韧性底线", "project_type": "市政管网", "社区": null, "村": null}}, {"type": "Feature", "geometry": {"type": "Point", "coordinates": [111.287, 30.7]}, "properties": {"办件编号": "20240417001099", "事件": "求助", "类9": "出行安全", "方面": "安全韧性", "geocode_status": "region", "board": "安全韧性底线", "project_type": "交通设施", "社区": null, "村": null}}, {"type": "Feature", "geometry": {"type": "Point", "coordinates": [111.268, 30.67]}, "properties": {"办件编号": "20240417001013", "事件": "建议", "类9": "管网安全", "方面": "安全韧性", "geocode_status": "region", "board": "安全韧性底线", "project_type": "市政管网", "社区": null, "村": null}}, {"type": "Feature", "geometry": {"type": "Point", "coordinates": [111.333, 30.655]}, "properties": {"办件编号": "20240417000682", "事件": "求助", "类9": "管网安全", "方面": "安全韧性", "geocode_status": "region", "board": "安全韧性底线", "project_type": "市政管网", "社区": null, "村": null}}, {"type": "Feature", "geometry": {"type": "Point", "coordinates": [111.287, 30.7]}, "properties": {"办件编号": "20240417000141", "事件": "投诉", "类9": "管网安全", "方面": "安全韧性", "geocode_status": "region", "board": "安全韧性底线", "project_type": "市政管网", "社区": null, "村": null}}, {"type": "Feature", "geometry": {"type": "Point", "coordinates": [111.79, 30.821]}, "properties": {"办件编号": "20240417000003", "事件": "求助", "类9": "管网安全", "方面": "安全韧性", "geocode_status": "region", "board": "安全韧性底线", "project_type": "市政管网", "社区": null, "村": null}}, {"type": "Feature", "geometry": {"type": "Point", "coordinates": [111.287, 30.7]}, "properties": {"办件编号": "20240416000817", "事件": "求助", "类9": "管网安全", "方面": "安全韧性", "geocode_status": "region", "board": "安全韧性底线", "project_type": "市政管网", "社区": null, "村": null}}, {"type": "Feature", "geometry": {"type": "Point", "coordinates": [111.287, 30.7]}, "properties": {"办件编号": "20240416000167", "事件": "求助", "类9": "管网安全", "方面": "安全韧性", "geocode_status": "region", "board": "安全韧性底线", "project_type": "市政管网", "社区": null, "村": null}}, {"type": "Feature", "geometry": {"type": "Point", "coordinates": [111.287, 30.7]}, "properties": {"办件编号": "20240415001215", "事件": "求助", "类9": "管网安全", "方面": "安全韧性", "geocode_status": "region", "board": "安全韧性底线", "project_type": "市政管网", "社区": null, "村": null}}, {"type": "Feature", "geometry": {"type": "Point", "coordinates": [111.333, 30.655]}, "properties": {"办件编号": "20240415001214", "事件": "求助", "类9": "管网安全", "方面": "安全韧性", "geocode_status": "region", "board": "安全韧性底线", "project_type": "市政管网", "社区": null, "村": null}}, {"type": "Feature", "geometry": {"type": "Point", "coordinates": [111.287, 30.7]}, "properties": {"办件编号": "20240415001107", "事件": "求助", "类9": "出行安全", "方面": "安全韧性", "geocode_status": "region", "board": "安全韧性底线", "project_type": "交通设施", "社区": null, "村": null}}, {"type": "Feature", "geometry": {"type": "Point", "coordinates": [111.305, 30.69]}, "properties": {"办件编号": "20240415000879", "事件": "投诉", "类9": "管网安全", "方面": "安全韧性", "geocode_status": "region", "board": "安全韧性底线", "project_type": "市政管网", "社区": null, "村": null}}, {"type": "Feature", "geometry": {"type": "Point", "coordinates": [111.287, 30.7]}, "properties": {"办件编号": "20240415000669", "事件": "求助", "类9": "管网安全", "方面": "安全韧性", "geocode_status": "region", "board": "安全韧性底线", "project_type": "市政管网", "社区": null, "村": null}}, {"type": "Feature", "geometry": {"type": "Point", "coordinates": [111.287, 30.7]}, "properties": {"办件编号": "20240415000230", "事件": "求助", "类9": "出行安全", "方面": "安全韧性", "geocode_status": "region", "board": "安全韧性底线", "project_type": "交通设施", "社区": null, "村": null}}, {"type": "Feature", "geometry": {"type": "Point", "coordinates": [111.333, 30.655]}, "properties": {"办件编号": "20240415000129", "事件": "求助", "类9": "管网安全", "方面": "安全韧性", "geocode_status": "region", "board": "安全韧性底线", "project_type": "市政管网", "社区": null, "村": null}}, {"type": "Feature", "geometry": {"type": "Point", "coordinates": [111.287, 30.7]}, "properties": {"办件编号": "20240414000277", "事件": "求助", "类9": "管网安全", "方面": "安全韧性", "geocode_status": "region", "board": "安全韧性底线", "project_type": "市政管网", "社区": null, "村": null}}, {"type": "Feature", "geometry": {"type": "Point", "coordinates": [111.79, 30.821]}, "properties": {"办件编号": "20240413000123", "事件": "求助", "类9": "管网安全", "方面": "安全韧性", "geocode_status": "region", "board": "安全韧性底线", "project_type": "市政管网", "社区": null, "村": null}}, {"type": "Feature", "geometry": {"type": "Point", "coordinates": [111.305, 30.69]}, "properties": {"办件编号": "20240412001203", "事件": "投诉", "类9": "管网安全", "方面": "安全韧性", "geocode_status": "region", "board": "安全韧性底线", "project_type": "市政管网", "社区": null, "村": null}}, {"type": "Feature", "geometry": {"type": "Point", "coordinates": [111.333, 30.655]}, "properties": {"办件编号": "20240412000139", "事件": "建议", "类9": "出行安全", "方面": "安全韧性", "geocode_status": "region", "board": "安全韧性底线", "project_type": "交通设施", "社区": null, "村": null}}, {"type": "Feature", "geometry": {"type": "Point", "coordinates": [111.287, 30.7]}, "properties": {"办件编号": "20240411001100", "事件": "求助", "类9": "管网安全", "方面": "安全韧性", "geocode_status": "region", "board": "安全韧性底线", "project_type": "市政管网", "社区": null, "村": null}}, {"type": "Feature", "geometry": {"type": "Point", "coordinates": [111.333, 30.655]}, "properties": {"办件编号": "20240411000966", "事件": "投诉", "类9": "消防安全", "方面": "安全韧性", "geocode_status": "region", "board": "安全韧性底线", "project_type": "安全消防", "社区": null, "村": null}}, {"type": "Feature", "geometry": {"type": "Point", "coordinates": [111.268, 30.67]}, "properties": {"办件编号": "20240411000323", "事件": "求助", "类9": "管网安全", "方面": "安全韧性", "geocode_status": "region", "board": "安全韧性底线", "project_type": "市政管网", "社区": null, "村": null}}, {"type": "Feature", "geometry": {"type": "Point", "coordinates": [111.268, 30.67]}, "properties": {"办件编号": "20240410001176", "事件": "求助", "类9": "管网安全", "方面": "安全韧性", "geocode_status": "region", "board": "安全韧性底线", "project_type": "市政管网", "社区": null, "村": null}}, {"type": "Feature", "geometry": {"type": "Point", "coordinates": [111.408, 30.578]}, "properties": {"办件编号": "20240410000855", "事件": "投诉", "类9": "出行安全", "方面": "安全韧性", "geocode_status": "region", "board": "安全韧性底线", "project_type": "交通设施", "社区": null, "村": null}}, {"type": "Feature", "geometry": {"type": "Point", "coordinates": [111.333, 30.655]}, "properties": {"办件编号": "20240410000801", "事件": "求助", "类9": "管网安全", "方面": "安全韧性", "geocode_status": "region", "board": "安全韧性底线", "project_type": "市政管网", "社区": null, "村": null}}, {"type": "Feature", "geometry": {"type": "Point", "coordinates": [111.333, 30.655]}, "properties": {"办件编号": "20240410000426", "事件": "求助", "类9": "管网安全", "方面": "安全韧性", "geocode_status": "region", "board": "安全韧性底线", "project_type": "市政管网", "社区": null, "村": null}}, {"type": "Feature", "geometry": {"type": "Point", "coordinates": [111.287, 30.7]}, "properties": {"办件编号": "20240409000729", "事件": "求助", "类9": "管网安全", "方面": "安全韧性", "geocode_status": "region", "board": "安全韧性底线", "project_type": "市政管网", "社区": null, "村": null}}, {"type": "Feature", "geometry": {"type": "Point", "coordinates": [111.287, 30.7]}, "properties": {"办件编号": "20240409000400", "事件": "求助", "类9": "管网安全", "方面": "安全韧性", "geocode_status": "region", "board": "安全韧性底线", "project_type": "市政管网", "社区": null, "村": null}}, {"type": "Feature", "geometry": {"type": "Point", "coordinates": [111.333, 30.655]}, "properties": {"办件编号": "20240409000270", "事件": "求助", "类9": "管网安全", "方面": "安全韧性", "geocode_status": "region", "board": "安全韧性底线", "project_type": "市政管网", "社区": null, "村": null}}, {"type": "Feature", "geometry": {"type": "Point", "coordinates": [110.674, 30.2]}, "properties": {"办件编号": "20240408001354", "事件": "投诉", "类9": "管网安全", "方面": "安全韧性", "geocode_status": "region", "board": "安全韧性底线", "project_type": "市政管网", "社区": null, "村": null}}, {"type": "Feature", "geometry": {"type": "Point", "coordinates": [111.333, 30.655]}, "properties": {"办件编号": "20240408000877", "事件": "求助", "类9": "管网安全", "方面": "安全韧性", "geocode_status": "region", "board": "安全韧性底线", "project_type": "市政管网", "社区": null, "村": null}}, {"type": "Feature", "geometry": {"type": "Point", "coordinates": [111.333, 30.655]}, "properties": {"办件编号": "20240408000396", "事件": "求助", "类9": "消防安全", "方面": "安全韧性", "geocode_status": "region", "board": "安全韧性底线", "project_type": "安全消防", "社区": null, "村": null}}, {"type": "Feature", "geometry": {"type": "Point", "coordinates": [111.287, 30.7]}, "properties": {"办件编号": "20240408000133", "事件": "求助", "类9": "出行安全", "方面": "安全韧性", "geocode_status": "region", "board": "安全韧性底线", "project_type": "交通设施", "社区": null, "村": null}}, {"type": "Feature", "geometry": {"type": "Point", "coordinates": [111.333, 30.655]}, "properties": {"办件编号": "20240407001126", "事件": "求助", "类9": "出行安全", "方面": "安全韧性", "geocode_status": "region", "board": "安全韧性底线", "project_type": "交通设施", "社区": null, "村": null}}, {"type": "Feature", "geometry": {"type": "Point", "coordinates": [111.333, 30.655]}, "properties": {"办件编号": "20240407001122", "事件": "求助", "类9": "出行安全", "方面": "安全韧性", "geocode_status": "region", "board": "安全韧性底线", "project_type": "交通设施", "社区": null, "村": null}}, {"type": "Feature", "geometry": {"type": "Point", "coordinates": [111.287, 30.7]}, "properties": {"办件编号": "20240407000437", "事件": "投诉", "类9": "管网安全", "方面": "安全韧性", "geocode_status": "region", "board": "安全韧性底线", "project_type": "市政管网", "社区": null, "村": null}}, {"type": "Feature", "geometry": {"type": "Point", "coordinates": [111.287, 30.7]}, "properties": {"办件编号": "20240407000134", "事件": "求助", "类9": "管网安全", "方面": "安全韧性", "geocode_status": "region", "board": "安全韧性底线", "project_type": "市政管网", "社区": null, "村": null}}, {"type": "Feature", "geometry": {"type": "Point", "coordinates": [111.79, 30.821]}, "properties": {"办件编号": "20240404000541", "事件": "求助", "类9": "管网安全", "方面": "安全韧性", "geocode_status": "region", "board": "安全韧性底线", "project_type": "市政管网", "社区": null, "村": null}}, {"type": "Feature", "geometry": {"type": "Point", "coordinates": [111.326, 30.77]}, "properties": {"办件编号": "20240404000207", "事件": "求助", "类9": "管网安全", "方面": "安全韧性", "geocode_status": "region", "board": "安全韧性底线", "project_type": "市政管网", "社区": null, "村": null}}, {"type": "Feature", "geometry": {"type": "Point", "coordinates": [111.268, 30.67]}, "properties": {"办件编号": "20240403001223", "事件": "投诉", "类9": "管网安全", "方面": "安全韧性", "geocode_status": "region", "board": "安全韧性底线", "project_type": "市政管网", "社区": null, "村": null}}, {"type": "Feature", "geometry": {"type": "Point", "coordinates": [111.333, 30.655]}, "properties": {"办件编号": "20240403000815", "事件": "求助", "类9": "管网安全", "方面": "安全韧性", "geocode_status": "region", "board": "安全韧性底线", "project_type": "市政管网", "社区": null, "村": null}}, {"type": "Feature", "geometry": {"type": "Point", "coordinates": [111.333, 30.655]}, "properties": {"办件编号": "20240403000754", "事件": "求助", "类9": "管网安全", "方面": "安全韧性", "geocode_status": "region", "board": "安全韧性底线", "project_type": "市政管网", "社区": null, "村": null}}, {"type": "Feature", "geometry": {"type": "Point", "coordinates": [110.674, 30.2]}, "properties": {"办件编号": "20240403000579", "事件": "投诉", "类9": "环境安全", "方面": "安全韧性", "geocode_status": "region", "board": "安全韧性底线", "project_type": "环境治理", "社区": null, "村": null}}, {"type": "Feature", "geometry": {"type": "Point", "coordinates": [111.79, 30.821]}, "properties": {"办件编号": "20240402001128", "事件": "求助", "类9": "管网安全", "方面": "安全韧性", "geocode_status": "region", "board": "安全韧性底线", "project_type": "市政管网", "社区": null, "村": null}}, {"type": "Feature", "geometry": {"type": "Point", "coordinates": [111.326, 30.77]}, "properties": {"办件编号": "20240402001082", "事件": "投诉", "类9": "管网安全", "方面": "安全韧性", "geocode_status": "region", "board": "安全韧性底线", "project_type": "市政管网", "社区": null, "村": null}}, {"type": "Feature", "geometry": {"type": "Point", "coordinates": [111.305, 30.69]}, "properties": {"办件编号": "20240402000343", "事件": "求助", "类9": "消防安全", "方面": "安全韧性", "geocode_status": "region", "board": "安全韧性底线", "project_type": "安全消防", "社区": null, "村": null}}, {"type": "Feature", "geometry": {"type": "Point", "coordinates": [111.287, 30.7]}, "properties": {"办件编号": "20240401001014", "事件": "求助", "类9": "管网安全", "方面": "安全韧性", "geocode_status": "region", "board": "安全韧性底线", "project_type": "市政管网", "社区": null, "村": null}}, {"type": "Feature", "geometry": {"type": "Point", "coordinates": [111.268, 30.67]}, "properties": {"办件编号": "20240331000400", "事件": "投诉", "类9": "环境安全", "方面": "安全韧性", "geocode_status": "region", "board": "安全韧性底线", "project_type": "环境治理", "社区": null, "村": null}}, {"type": "Feature", "geometry": {"type": "Point", "coordinates": [111.268, 30.67]}, "properties": {"办件编号": "20240330000387", "事件": "求助", "类9": "管网安全", "方面": "安全韧性", "geocode_status": "region", "board": "安全韧性底线", "project_type": "市政管网", "社区": null, "村": null}}, {"type": "Feature", "geometry": {"type": "Point", "coordinates": [111.333, 30.655]}, "properties": {"办件编号": "20240329000626", "事件": "投诉", "类9": "管网安全", "方面": "安全韧性", "geocode_status": "region", "board": "安全韧性底线", "project_type": "市政管网", "社区": null, "村": null}}, {"type": "Feature", "geometry": {"type": "Point", "coordinates": [111.287, 30.7]}, "properties": {"办件编号": "20240329000587", "事件": "求助", "类9": "管网安全", "方面": "安全韧性", "geocode_status": "region", "board": "安全韧性底线", "project_type": "市政管网", "社区": null, "村": null}}, {"type": "Feature", "geometry": {"type": "Point", "coordinates": [111.287, 30.7]}, "properties": {"办件编号": "20240329000426", "事件": "求助", "类9": "消防安全", "方面": "安全韧性", "geocode_status": "region", "board": "安全韧性底线", "project_type": "安全消防", "社区": null, "村": null}}, {"type": "Feature", "geometry": {"type": "Point", "coordinates": [111.333, 30.655]}, "properties": {"办件编号": "20240329000335", "事件": "投诉", "类9": "管网安全", "方面": "安全韧性", "geocode_status": "region", "board": "安全韧性底线", "project_type": "市政管网", "社区": null, "村": null}}, {"type": "Feature", "geometry": {"type": "Point", "coordinates": [111.333, 30.655]}, "properties": {"办件编号": "20240328000941", "事件": "求助", "类9": "管网安全", "方面": "安全韧性", "geocode_status": "region", "board": "安全韧性底线", "project_type": "市政管网", "社区": null, "村": null}}, {"type": "Feature", "geometry": {"type": "Point", "coordinates": [111.333, 30.655]}, "properties": {"办件编号": "20240328000499", "事件": "求助", "类9": "管网安全", "方面": "安全韧性", "geocode_status": "region", "board": "安全韧性底线", "project_type": "市政管网", "社区": null, "村": null}}, {"type": "Feature", "geometry": {"type": "Point", "coordinates": [111.333, 30.655]}, "properties": {"办件编号": "20240328000497", "事件": "求助", "类9": "管网安全", "方面": "安全韧性", "geocode_status": "region", "board": "安全韧性底线", "project_type": "市政管网", "社区": null, "村": null}}, {"type": "Feature", "geometry": {"type": "Point", "coordinates": [111.287, 30.7]}, "properties": {"办件编号": "20240328000431", "事件": "投诉", "类9": "出行安全", "方面": "安全韧性", "geocode_status": "region", "board": "安全韧性底线", "project_type": "交通设施", "社区": null, "村": null}}, {"type": "Feature", "geometry": {"type": "Point", "coordinates": [111.333, 30.655]}, "properties": {"办件编号": "20240328000125", "事件": "投诉", "类9": "出行安全", "方面": "安全韧性", "geocode_status": "region", "board": "安全韧性底线", "project_type": "交通设施", "社区": null, "村": null}}, {"type": "Feature", "geometry": {"type": "Point", "coordinates": [111.333, 30.655]}, "properties": {"办件编号": "20240328000082", "事件": "求助", "类9": "出行安全", "方面": "安全韧性", "geocode_status": "region", "board": "安全韧性底线", "project_type": "交通设施", "社区": null, "村": null}}, {"type": "Feature", "geometry": {"type": "Point", "coordinates": [111.287, 30.7]}, "properties": {"办件编号": "20240328000061", "事件": "求助", "类9": "管网安全", "方面": "安全韧性", "geocode_status": "region", "board": "安全韧性底线", "project_type": "市政管网", "社区": null, "村": null}}, {"type": "Feature", "geometry": {"type": "Point", "coordinates": [111.333, 30.655]}, "properties": {"办件编号": "20240327000960", "事件": "求助", "类9": "出行安全", "方面": "安全韧性", "geocode_status": "region", "board": "安全韧性底线", "project_type": "交通设施", "社区": null, "村": null}}, {"type": "Feature", "geometry": {"type": "Point", "coordinates": [111.268, 30.67]}, "properties": {"办件编号": "20240327000896", "事件": "求助", "类9": "管网安全", "方面": "安全韧性", "geocode_status": "region", "board": "安全韧性底线", "project_type": "市政管网", "社区": null, "村": null}}, {"type": "Feature", "geometry": {"type": "Point", "coordinates": [111.287, 30.7]}, "properties": {"办件编号": "20240327000866", "事件": "求助", "类9": "管网安全", "方面": "安全韧性", "geocode_status": "region", "board": "安全韧性底线", "project_type": "市政管网", "社区": null, "村": null}}, {"type": "Feature", "geometry": {"type": "Point", "coordinates": [111.333, 30.655]}, "properties": {"办件编号": "20240327000863", "事件": "求助", "类9": "管网安全", "方面": "安全韧性", "geocode_status": "region", "board": "安全韧性底线", "project_type": "市政管网", "社区": null, "村": null}}, {"type": "Feature", "geometry": {"type": "Point", "coordinates": [111.333, 30.655]}, "properties": {"办件编号": "20240327000858", "事件": "求助", "类9": "管网安全", "方面": "安全韧性", "geocode_status": "region", "board": "安全韧性底线", "project_type": "市政管网", "社区": null, "村": null}}, {"type": "Feature", "geometry": {"type": "Point", "coordinates": [111.759, 30.426]}, "properties": {"办件编号": "20240327000865", "事件": "投诉", "类9": "出行安全", "方面": "安全韧性", "geocode_status": "region", "board": "安全韧性底线", "project_type": "交通设施", "社区": null, "村": null}}, {"type": "Feature", "geometry": {"type": "Point", "coordinates": [111.333, 30.655]}, "properties": {"办件编号": "20240327000809", "事件": "投诉", "类9": "出行安全", "方面": "安全韧性", "geocode_status": "region", "board": "安全韧性底线", "project_type": "交通设施", "社区": null, "村": null}}, {"type": "Feature", "geometry": {"type": "Point", "coordinates": [111.333, 30.655]}, "properties": {"办件编号": "20240327000417", "事件": "求助", "类9": "管网安全", "方面": "安全韧性", "geocode_status": "region", "board": "安全韧性底线", "project_type": "市政管网", "社区": null, "村": null}}, {"type": "Feature", "geometry": {"type": "Point", "coordinates": [111.333, 30.655]}, "properties": {"办件编号": "20240327000384", "事件": "求助", "类9": "管网安全", "方面": "安全韧性", "geocode_status": "region", "board": "安全韧性底线", "project_type": "市政管网", "社区": null, "村": null}}, {"type": "Feature", "geometry": {"type": "Point", "coordinates": [111.333, 30.655]}, "properties": {"办件编号": "20240327000365", "事件": "求助", "类9": "管网安全", "方面": "安全韧性", "geocode_status": "region", "board": "安全韧性底线", "project_type": "市政管网", "社区": null, "村": null}}, {"type": "Feature", "geometry": {"type": "Point", "coordinates": [111.333, 30.655]}, "properties": {"办件编号": "20240327000205", "事件": "求助", "类9": "管网安全", "方面": "安全韧性", "geocode_status": "region", "board": "安全韧性底线", "project_type": "市政管网", "社区": null, "村": null}}, {"type": "Feature", "geometry": {"type": "Point", "coordinates": [111.333, 30.655]}, "properties": {"办件编号": "20240327000187", "事件": "求助", "类9": "管网安全", "方面": "安全韧性", "geocode_status": "region", "board": "安全韧性底线", "project_type": "市政管网", "社区": null, "村": null}}, {"type": "Feature", "geometry": {"type": "Point", "coordinates": [111.79, 30.821]}, "properties": {"办件编号": "20240326001091", "事件": "投诉", "类9": "消防安全", "方面": "安全韧性", "geocode_status": "region", "board": "安全韧性底线", "project_type": "安全消防", "社区": null, "村": null}}, {"type": "Feature", "geometry": {"type": "Point", "coordinates": [111.333, 30.655]}, "properties": {"办件编号": "20240326000401", "事件": "求助", "类9": "管网安全", "方面": "安全韧性", "geocode_status": "region", "board": "安全韧性底线", "project_type": "市政管网", "社区": null, "村": null}}, {"type": "Feature", "geometry": {"type": "Point", "coordinates": [111.333, 30.655]}, "properties": {"办件编号": "20240326000327", "事件": "投诉", "类9": "出行安全", "方面": "安全韧性", "geocode_status": "region", "board": "安全韧性底线", "project_type": "交通设施", "社区": null, "村": null}}, {"type": "Feature", "geometry": {"type": "Point", "coordinates": [111.326, 30.77]}, "properties": {"办件编号": "20240326000281", "事件": "投诉", "类9": "消防安全", "方面": "安全韧性", "geocode_status": "region", "board": "安全韧性底线", "project_type": "安全消防", "社区": null, "村": null}}, {"type": "Feature", "geometry": {"type": "Point", "coordinates": [111.333, 30.655]}, "properties": {"办件编号": "20240326000236", "事件": "求助", "类9": "管网安全", "方面": "安全韧性", "geocode_status": "region", "board": "安全韧性底线", "project_type": "市政管网", "社区": null, "村": null}}, {"type": "Feature", "geometry": {"type": "Point", "coordinates": [111.287, 30.7]}, "properties": {"办件编号": "20240326000216", "事件": "求助", "类9": "管网安全", "方面": "安全韧性", "geocode_status": "region", "board": "安全韧性底线", "project_type": "市政管网", "社区": null, "村": null}}, {"type": "Feature", "geometry": {"type": "Point", "coordinates": [111.268, 30.67]}, "properties": {"办件编号": "20240326000189", "事件": "求助", "类9": "出行安全", "方面": "安全韧性", "geocode_status": "region", "board": "安全韧性底线", "project_type": "交通设施", "社区": null, "村": null}}, {"type": "Feature", "geometry": {"type": "Point", "coordinates": [111.333, 30.655]}, "properties": {"办件编号": "20240326000038", "事件": "投诉", "类9": "出行安全", "方面": "安全韧性", "geocode_status": "region", "board": "安全韧性底线", "project_type": "交通设施", "社区": null, "村": null}}, {"type": "Feature", "geometry": {"type": "Point", "coordinates": [111.333, 30.655]}, "properties": {"办件编号": "20240325001352", "事件": "投诉", "类9": "消防安全", "方面": "安全韧性", "geocode_status": "region", "board": "安全韧性底线", "project_type": "安全消防", "社区": null, "村": null}}, {"type": "Feature", "geometry": {"type": "Point", "coordinates": [111.287, 30.7]}, "properties": {"办件编号": "20240325001033", "事件": "求助", "类9": "出行安全", "方面": "安全韧性", "geocode_status": "region", "board": "安全韧性底线", "project_type": "交通设施", "社区": null, "村": null}}, {"type": "Feature", "geometry": {"type": "Point", "coordinates": [111.333, 30.655]}, "properties": {"办件编号": "20240325000627", "事件": "求助", "类9": "管网安全", "方面": "安全韧性", "geocode_status": "region", "board": "安全韧性底线", "project_type": "市政管网", "社区": null, "村": null}}, {"type": "Feature", "geometry": {"type": "Point", "coordinates": [111.268, 30.67]}, "properties": {"办件编号": "20240325000568", "事件": "求助", "类9": "管网安全", "方面": "安全韧性", "geocode_status": "region", "board": "安全韧性底线", "project_type": "市政管网", "社区": null, "村": null}}, {"type": "Feature", "geometry": {"type": "Point", "coordinates": [111.333, 30.655]}, "properties": {"办件编号": "20240325000108", "事件": "求助", "类9": "管网安全", "方面": "安全韧性", "geocode_status": "region", "board": "安全韧性底线", "project_type": "市政管网", "社区": null, "村": null}}, {"type": "Feature", "geometry": {"type": "Point", "coordinates": [111.287, 30.7]}, "properties": {"办件编号": "20240322001320", "事件": "求助", "类9": "管网安全", "方面": "安全韧性", "geocode_status": "region", "board": "安全韧性底线", "project_type": "市政管网", "社区": null, "村": null}}, {"type": "Feature", "geometry": {"type": "Point", "coordinates": [111.333, 30.655]}, "properties": {"办件编号": "20240322001227", "事件": "求助", "类9": "管网安全", "方面": "安全韧性", "geocode_status": "region", "board": "安全韧性底线", "project_type": "市政管网", "社区": null, "村": null}}, {"type": "Feature", "geometry": {"type": "Point", "coordinates": [111.333, 30.655]}, "properties": {"办件编号": "20240322000766", "事件": "求助", "类9": "出行安全", "方面": "安全韧性", "geocode_status": "region", "board": "安全韧性底线", "project_type": "交通设施", "社区": null, "村": null}}, {"type": "Feature", "geometry": {"type": "Point", "coordinates": [111.333, 30.655]}, "properties": {"办件编号": "20240321001279", "事件": "投诉", "类9": "管网安全", "方面": "安全韧性", "geocode_status": "region", "board": "安全韧性底线", "project_type": "市政管网", "社区": null, "村": null}}, {"type": "Feature", "geometry": {"type": "Point", "coordinates": [111.305, 30.69]}, "properties": {"办件编号": "20240321000581", "事件": "投诉", "类9": "出行安全", "方面": "安全韧性", "geocode_status": "region", "board": "安全韧性底线", "project_type": "交通设施", "社区": null, "村": null}}, {"type": "Feature", "geometry": {"type": "Point", "coordinates": [111.287, 30.7]}, "properties": {"办件编号": "20240321000400", "事件": "求助", "类9": "管网安全", "方面": "安全韧性", "geocode_status": "region", "board": "安全韧性底线", "project_type": "市政管网", "社区": null, "村": null}}, {"type": "Feature", "geometry": {"type": "Point", "coordinates": [111.287, 30.7]}, "properties": {"办件编号": "20240321000248", "事件": "求助", "类9": "管网安全", "方面": "安全韧性", "geocode_status": "region", "board": "安全韧性底线", "project_type": "市政管网", "社区": null, "村": null}}, {"type": "Feature", "geometry": {"type": "Point", "coordinates": [111.333, 30.655]}, "properties": {"办件编号": "20240321000181", "事件": "求助", "类9": "管网安全", "方面": "安全韧性", "geocode_status": "region", "board": "安全韧性底线", "project_type": "市政管网", "社区": null, "村": null}}, {"type": "Feature", "geometry": {"type": "Point", "coordinates": [111.305, 30.69]}, "properties": {"办件编号": "20240321000083", "事件": "投诉", "类9": "出行安全", "方面": "安全韧性", "geocode_status": "region", "board": "安全韧性底线", "project_type": "交通设施", "社区": null, "村": null}}, {"type": "Feature", "geometry": {"type": "Point", "coordinates": [111.333, 30.655]}, "properties": {"办件编号": "20240319000858", "事件": "求助", "类9": "管网安全", "方面": "安全韧性", "geocode_status": "region", "board": "安全韧性底线", "project_type": "市政管网", "社区": null, "村": null}}, {"type": "Feature", "geometry": {"type": "Point", "coordinates": [111.305, 30.69]}, "properties": {"办件编号": "20240319000411", "事件": "求助", "类9": "出行安全", "方面": "安全韧性", "geocode_status": "region", "board": "安全韧性底线", "project_type": "交通设施", "社区": null, "村": null}}, {"type": "Feature", "geometry": {"type": "Point", "coordinates": [111.333, 30.655]}, "properties": {"办件编号": "20240319000396", "事件": "求助", "类9": "出行安全", "方面": "安全韧性", "geocode_status": "region", "board": "安全韧性底线", "project_type": "交通设施", "社区": null, "村": null}}, {"type": "Feature", "geometry": {"type": "Point", "coordinates": [111.287, 30.7]}, "properties": {"办件编号": "20240319000032", "事件": "建议", "类9": "出行安全", "方面": "安全韧性", "geocode_status": "region", "board": "安全韧性底线", "project_type": "交通设施", "社区": null, "村": null}}, {"type": "Feature", "geometry": {"type": "Point", "coordinates": [111.333, 30.655]}, "properties": {"办件编号": "20240318001116", "事件": "求助", "类9": "管网安全", "方面": "安全韧性", "geocode_status": "region", "board": "安全韧性底线", "project_type": "市政管网", "社区": null, "村": null}}, {"type": "Feature", "geometry": {"type": "Point", "coordinates": [111.333, 30.655]}, "properties": {"办件编号": "20240318001106", "事件": "求助", "类9": "管网安全", "方面": "安全韧性", "geocode_status": "region", "board": "安全韧性底线", "project_type": "市政管网", "社区": null, "村": null}}, {"type": "Feature", "geometry": {"type": "Point", "coordinates": [111.287, 30.7]}, "properties": {"办件编号": "20240318000364", "事件": "求助", "类9": "管网安全", "方面": "安全韧性", "geocode_status": "region", "board": "安全韧性底线", "project_type": "市政管网", "社区": null, "村": null}}, {"type": "Feature", "geometry": {"type": "Point", "coordinates": [111.287, 30.7]}, "properties": {"办件编号": "20240316000535", "事件": "投诉", "类9": "出行安全", "方面": "安全韧性", "geocode_status": "region", "board": "安全韧性底线", "project_type": "交通设施", "社区": null, "村": null}}, {"type": "Feature", "geometry": {"type": "Point", "coordinates": [111.333, 30.655]}, "properties": {"办件编号": "20240315000455", "事件": "求助", "类9": "出行安全", "方面": "安全韧性", "geocode_status": "region", "board": "安全韧性底线", "project_type": "交通设施", "社区": null, "村": null}}, {"type": "Feature", "geometry": {"type": "Point", "coordinates": [111.287, 30.7]}, "properties": {"办件编号": "20240315000291", "事件": "求助", "类9": "出行安全", "方面": "安全韧性", "geocode_status": "region", "board": "安全韧性底线", "project_type": "交通设施", "社区": null, "村": null}}, {"type": "Feature", "geometry": {"type": "Point", "coordinates": [111.326, 30.77]}, "properties": {"办件编号": "20240314001280", "事件": "投诉", "类9": "消防安全", "方面": "安全韧性", "geocode_status": "region", "board": "安全韧性底线", "project_type": "安全消防", "社区": null, "村": null}}, {"type": "Feature", "geometry": {"type": "Point", "coordinates": [110.752, 31.348]}, "properties": {"办件编号": "20240314001068", "事件": "求助", "类9": "管网安全", "方面": "安全韧性", "geocode_status": "region", "board": "安全韧性底线", "project_type": "市政管网", "社区": null, "村": null}}, {"type": "Feature", "geometry": {"type": "Point", "coordinates": [111.287, 30.7]}, "properties": {"办件编号": "20240314000514", "事件": "求助", "类9": "消防安全", "方面": "安全韧性", "geocode_status": "region", "board": "安全韧性底线", "project_type": "安全消防", "社区": null, "村": null}}, {"type": "Feature", "geometry": {"type": "Point", "coordinates": [111.333, 30.655]}, "properties": {"办件编号": "20240314000426", "事件": "求助", "类9": "管网安全", "方面": "安全韧性", "geocode_status": "region", "board": "安全韧性底线", "project_type": "市政管网", "社区": null, "村": null}}, {"type": "Feature", "geometry": {"type": "Point", "coordinates": [111.79, 30.821]}, "properties": {"办件编号": "20240314000402", "事件": "求助", "类9": "管网安全", "方面": "安全韧性", "geocode_status": "region", "board": "安全韧性底线", "project_type": "市政管网", "社区": null, "村": null}}, {"type": "Feature", "geometry": {"type": "Point", "coordinates": [111.287, 30.7]}, "properties": {"办件编号": "20240314000258", "事件": "求助", "类9": "管网安全", "方面": "安全韧性", "geocode_status": "region", "board": "安全韧性底线", "project_type": "市政管网", "社区": null, "村": null}}, {"type": "Feature", "geometry": {"type": "Point", "coordinates": [111.287, 30.7]}, "properties": {"办件编号": "20240314000168", "事件": "求助", "类9": "管网安全", "方面": "安全韧性", "geocode_status": "region", "board": "安全韧性底线", "project_type": "市政管网", "社区": null, "村": null}}, {"type": "Feature", "geometry": {"type": "Point", "coordinates": [110.977, 30.825]}, "properties": {"办件编号": "20240313001204", "事件": "建议", "类9": "出行安全", "方面": "安全韧性", "geocode_status": "region", "board": "安全韧性底线", "project_type": "交通设施", "社区": null, "村": null}}, {"type": "Feature", "geometry": {"type": "Point", "coordinates": [110.977, 30.825]}, "properties": {"办件编号": "20240313000658", "事件": "求助", "类9": "出行安全", "方面": "安全韧性", "geocode_status": "region", "board": "安全韧性底线", "project_type": "交通设施", "社区": null, "村": null}}, {"type": "Feature", "geometry": {"type": "Point", "coordinates": [111.287, 30.7]}, "properties": {"办件编号": "20240312001413", "事件": "投诉", "类9": "管网安全", "方面": "安全韧性", "geocode_status": "region", "board": "安全韧性底线", "project_type": "市政管网", "社区": null, "村": null}}, {"type": "Feature", "geometry": {"type": "Point", "coordinates": [111.287, 30.7]}, "properties": {"办件编号": "20240312001393", "事件": "求助", "类9": "管网安全", "方面": "安全韧性", "geocode_status": "region", "board": "安全韧性底线", "project_type": "市政管网", "社区": null, "村": null}}, {"type": "Feature", "geometry": {"type": "Point", "coordinates": [111.333, 30.655]}, "properties": {"办件编号": "20240312001164", "事件": "求助", "类9": "管网安全", "方面": "安全韧性", "geocode_status": "region", "board": "安全韧性底线", "project_type": "市政管网", "社区": null, "村": null}}, {"type": "Feature", "geometry": {"type": "Point", "coordinates": [111.287, 30.7]}, "properties": {"办件编号": "20240312000786", "事件": "求助", "类9": "管网安全", "方面": "安全韧性", "geocode_status": "region", "board": "安全韧性底线", "project_type": "市政管网", "社区": null, "村": null}}, {"type": "Feature", "geometry": {"type": "Point", "coordinates": [111.287, 30.7]}, "properties": {"办件编号": "20240312000635", "事件": "求助", "类9": "管网安全", "方面": "安全韧性", "geocode_status": "region", "board": "安全韧性底线", "project_type": "市政管网", "社区": null, "村": null}}, {"type": "Feature", "geometry": {"type": "Point", "coordinates": [111.333, 30.655]}, "properties": {"办件编号": "20240311001207", "事件": "求助", "类9": "管网安全", "方面": "安全韧性", "geocode_status": "region", "board": "安全韧性底线", "project_type": "市政管网", "社区": null, "村": null}}, {"type": "Feature", "geometry": {"type": "Point", "coordinates": [111.287, 30.7]}, "properties": {"办件编号": "20240311001035", "事件": "求助", "类9": "出行安全", "方面": "安全韧性", "geocode_status": "region", "board": "安全韧性底线", "project_type": "交通设施", "社区": null, "村": null}}, {"type": "Feature", "geometry": {"type": "Point", "coordinates": [111.333, 30.655]}, "properties": {"办件编号": "20240311000808", "事件": "求助", "类9": "出行安全", "方面": "安全韧性", "geocode_status": "region", "board": "安全韧性底线", "project_type": "交通设施", "社区": null, "村": null}}, {"type": "Feature", "geometry": {"type": "Point", "coordinates": [111.333, 30.655]}, "properties": {"办件编号": "20240311000800", "事件": "求助", "类9": "管网安全", "方面": "安全韧性", "geocode_status": "region", "board": "安全韧性底线", "project_type": "市政管网", "社区": null, "村": null}}, {"type": "Feature", "geometry": {"type": "Point", "coordinates": [111.333, 30.655]}, "properties": {"办件编号": "20240311000385", "事件": "求助", "类9": "管网安全", "方面": "安全韧性", "geocode_status": "region", "board": "安全韧性底线", "project_type": "市政管网", "社区": null, "村": null}}, {"type": "Feature", "geometry": {"type": "Point", "coordinates": [111.287, 30.7]}, "properties": {"办件编号": "20240311000326", "事件": "求助", "类9": "管网安全", "方面": "安全韧性", "geocode_status": "region", "board": "安全韧性底线", "project_type": "市政管网", "社区": null, "村": null}}, {"type": "Feature", "geometry": {"type": "Point", "coordinates": [111.333, 30.655]}, "properties": {"办件编号": "20240311000100", "事件": "求助", "类9": "管网安全", "方面": "安全韧性", "geocode_status": "region", "board": "安全韧性底线", "project_type": "市政管网", "社区": null, "村": null}}, {"type": "Feature", "geometry": {"type": "Point", "coordinates": [111.287, 30.7]}, "properties": {"办件编号": "20240308000913", "事件": "求助", "类9": "管网安全", "方面": "安全韧性", "geocode_status": "region", "board": "安全韧性底线", "project_type": "市政管网", "社区": null, "村": null}}, {"type": "Feature", "geometry": {"type": "Point", "coordinates": [111.333, 30.655]}, "properties": {"办件编号": "20240308000218", "事件": "求助", "类9": "管网安全", "方面": "安全韧性", "geocode_status": "region", "board": "安全韧性底线", "project_type": "市政管网", "社区": null, "村": null}}, {"type": "Feature", "geometry": {"type": "Point", "coordinates": [111.287, 30.7]}, "properties": {"办件编号": "20240307001106", "事件": "求助", "类9": "出行安全", "方面": "安全韧性", "geocode_status": "region", "board": "安全韧性底线", "project_type": "交通设施", "社区": null, "村": null}}, {"type": "Feature", "geometry": {"type": "Point", "coordinates": [111.287, 30.7]}, "properties": {"办件编号": "20240307001096", "事件": "求助", "类9": "管网安全", "方面": "安全韧性", "geocode_status": "region", "board": "安全韧性底线", "project_type": "市政管网", "社区": null, "村": null}}, {"type": "Feature", "geometry": {"type": "Point", "coordinates": [111.79, 30.821]}, "properties": {"办件编号": "20240307000982", "事件": "投诉", "类9": "出行安全", "方面": "安全韧性", "geocode_status": "region", "board": "安全韧性底线", "project_type": "交通设施", "社区": null, "村": null}}, {"type": "Feature", "geometry": {"type": "Point", "coordinates": [111.287, 30.7]}, "properties": {"办件编号": "20240307000853", "事件": "求助", "类9": "出行安全", "方面": "安全韧性", "geocode_status": "region", "board": "安全韧性底线", "project_type": "交通设施", "社区": null, "村": null}}, {"type": "Feature", "geometry": {"type": "Point", "coordinates": [111.287, 30.7]}, "properties": {"办件编号": "20240307000460", "事件": "求助", "类9": "出行安全", "方面": "安全韧性", "geocode_status": "region", "board": "安全韧性底线", "project_type": "交通设施", "社区": null, "村": null}}, {"type": "Feature", "geometry": {"type": "Point", "coordinates": [111.287, 30.7]}, "properties": {"办件编号": "20240307000163", "事件": "求助", "类9": "管网安全", "方面": "安全韧性", "geocode_status": "region", "board": "安全韧性底线", "project_type": "市政管网", "社区": null, "村": null}}, {"type": "Feature", "geometry": {"type": "Point", "coordinates": [111.287, 30.7]}, "properties": {"办件编号": "20240307000153", "事件": "求助", "类9": "管网安全", "方面": "安全韧性", "geocode_status": "region", "board": "安全韧性底线", "project_type": "市政管网", "社区": null, "村": null}}, {"type": "Feature", "geometry": {"type": "Point", "coordinates": [111.287, 30.7]}, "properties": {"办件编号": "20240306001165", "事件": "求助", "类9": "管网安全", "方面": "安全韧性", "geocode_status": "region", "board": "安全韧性底线", "project_type": "市政管网", "社区": null, "村": null}}, {"type": "Feature", "geometry": {"type": "Point", "coordinates": [111.287, 30.7]}, "properties": {"办件编号": "20240306001111", "事件": "求助", "类9": "管网安全", "方面": "安全韧性", "geocode_status": "region", "board": "安全韧性底线", "project_type": "市政管网", "社区": null, "村": null}}, {"type": "Feature", "geometry": {"type": "Point", "coordinates": [111.333, 30.655]}, "properties": {"办件编号": "20240306000802", "事件": "求助", "类9": "管网安全", "方面": "安全韧性", "geocode_status": "region", "board": "安全韧性底线", "project_type": "市政管网", "社区": null, "村": null}}, {"type": "Feature", "geometry": {"type": "Point", "coordinates": [111.287, 30.7]}, "properties": {"办件编号": "20240306000703", "事件": "求助", "类9": "管网安全", "方面": "安全韧性", "geocode_status": "region", "board": "安全韧性底线", "project_type": "市政管网", "社区": null, "村": null}}, {"type": "Feature", "geometry": {"type": "Point", "coordinates": [111.305, 30.69]}, "properties": {"办件编号": "20240306000524", "事件": "投诉", "类9": "管网安全", "方面": "安全韧性", "geocode_status": "region", "board": "安全韧性底线", "project_type": "市政管网", "社区": null, "村": null}}, {"type": "Feature", "geometry": {"type": "Point", "coordinates": [111.305, 30.69]}, "properties": {"办件编号": "20240306000107", "事件": "求助", "类9": "管网安全", "方面": "安全韧性", "geocode_status": "region", "board": "安全韧性底线", "project_type": "市政管网", "社区": null, "村": null}}, {"type": "Feature", "geometry": {"type": "Point", "coordinates": [111.333, 30.655]}, "properties": {"办件编号": "20240305001359", "事件": "投诉", "类9": "消防安全", "方面": "安全韧性", "geocode_status": "region", "board": "安全韧性底线", "project_type": "安全消防", "社区": null, "村": null}}, {"type": "Feature", "geometry": {"type": "Point", "coordinates": [111.287, 30.7]}, "properties": {"办件编号": "20240305001074", "事件": "求助", "类9": "管网安全", "方面": "安全韧性", "geocode_status": "region", "board": "安全韧性底线", "project_type": "市政管网", "社区": null, "村": null}}, {"type": "Feature", "geometry": {"type": "Point", "coordinates": [111.79, 30.821]}, "properties": {"办件编号": "20240305000882", "事件": "求助", "类9": "出行安全", "方面": "安全韧性", "geocode_status": "region", "board": "安全韧性底线", "project_type": "交通设施", "社区": null, "村": null}}, {"type": "Feature", "geometry": {"type": "Point", "coordinates": [111.287, 30.7]}, "properties": {"办件编号": "20240305000880", "事件": "求助", "类9": "管网安全", "方面": "安全韧性", "geocode_status": "region", "board": "安全韧性底线", "project_type": "市政管网", "社区": null, "村": null}}, {"type": "Feature", "geometry": {"type": "Point", "coordinates": [111.287, 30.7]}, "properties": {"办件编号": "20240305000751", "事件": "求助", "类9": "管网安全", "方面": "安全韧性", "geocode_status": "region", "board": "安全韧性底线", "project_type": "市政管网", "社区": null, "村": null}}, {"type": "Feature", "geometry": {"type": "Point", "coordinates": [111.287, 30.7]}, "properties": {"办件编号": "20240305000611", "事件": "投诉", "类9": "管网安全", "方面": "安全韧性", "geocode_status": "region", "board": "安全韧性底线", "project_type": "市政管网", "社区": null, "村": null}}, {"type": "Feature", "geometry": {"type": "Point", "coordinates": [111.287, 30.7]}, "properties": {"办件编号": "20240305000519", "事件": "求助", "类9": "出行安全", "方面": "安全韧性", "geocode_status": "region", "board": "安全韧性底线", "project_type": "交通设施", "社区": null, "村": null}}, {"type": "Feature", "geometry": {"type": "Point", "coordinates": [111.287, 30.7]}, "properties": {"办件编号": "20240305000445", "事件": "求助", "类9": "管网安全", "方面": "安全韧性", "geocode_status": "region", "board": "安全韧性底线", "project_type": "市政管网", "社区": null, "村": null}}, {"type": "Feature", "geometry": {"type": "Point", "coordinates": [111.287, 30.7]}, "properties": {"办件编号": "20240305000269", "事件": "求助", "类9": "管网安全", "方面": "安全韧性", "geocode_status": "region", "board": "安全韧性底线", "project_type": "市政管网", "社区": null, "村": null}}, {"type": "Feature", "geometry": {"type": "Point", "coordinates": [111.326, 30.77]}, "properties": {"办件编号": "20240304000980", "事件": "投诉", "类9": "消防安全", "方面": "安全韧性", "geocode_status": "region", "board": "安全韧性底线", "project_type": "安全消防", "社区": null, "村": null}}, {"type": "Feature", "geometry": {"type": "Point", "coordinates": [111.326, 30.77]}, "properties": {"办件编号": "20240304000659", "事件": "投诉", "类9": "出行安全", "方面": "安全韧性", "geocode_status": "region", "board": "安全韧性底线", "project_type": "交通设施", "社区": null, "村": null}}, {"type": "Feature", "geometry": {"type": "Point", "coordinates": [111.287, 30.7]}, "properties": {"办件编号": "20240304000579", "事件": "求助", "类9": "管网安全", "方面": "安全韧性", "geocode_status": "region", "board": "安全韧性底线", "project_type": "市政管网", "社区": null, "村": null}}, {"type": "Feature", "geometry": {"type": "Point", "coordinates": [111.333, 30.655]}, "properties": {"办件编号": "20240304000265", "事件": "求助", "类9": "管网安全", "方面": "安全韧性", "geocode_status": "region", "board": "安全韧性底线", "project_type": "市政管网", "社区": null, "村": null}}, {"type": "Feature", "geometry": {"type": "Point", "coordinates": [111.326, 30.77]}, "properties": {"办件编号": "20240303000287", "事件": "投诉", "类9": "消防安全", "方面": "安全韧性", "geocode_status": "region", "board": "安全韧性底线", "project_type": "安全消防", "社区": null, "村": null}}, {"type": "Feature", "geometry": {"type": "Point", "coordinates": [111.287, 30.7]}, "properties": {"办件编号": "20240303000115", "事件": "投诉", "类9": "管网安全", "方面": "安全韧性", "geocode_status": "region", "board": "安全韧性底线", "project_type": "市政管网", "社区": null, "村": null}}, {"type": "Feature", "geometry": {"type": "Point", "coordinates": [111.287, 30.7]}, "properties": {"办件编号": "20240301001275", "事件": "投诉", "类9": "管网安全", "方面": "安全韧性", "geocode_status": "region", "board": "安全韧性底线", "project_type": "市政管网", "社区": null, "村": null}}, {"type": "Feature", "geometry": {"type": "Point", "coordinates": [111.333, 30.655]}, "properties": {"办件编号": "20240301000574", "事件": "求助", "类9": "管网安全", "方面": "安全韧性", "geocode_status": "region", "board": "安全韧性底线", "project_type": "市政管网", "社区": null, "村": null}}, {"type": "Feature", "geometry": {"type": "Point", "coordinates": [111.333, 30.655]}, "properties": {"办件编号": "20240301000565", "事件": "求助", "类9": "管网安全", "方面": "安全韧性", "geocode_status": "region", "board": "安全韧性底线", "project_type": "市政管网", "社区": null, "村": null}}, {"type": "Feature", "geometry": {"type": "Point", "coordinates": [111.333, 30.655]}, "properties": {"办件编号": "20240301000488", "事件": "求助", "类9": "管网安全", "方面": "安全韧性", "geocode_status": "region", "board": "安全韧性底线", "project_type": "市政管网", "社区": null, "村": null}}, {"type": "Feature", "geometry": {"type": "Point", "coordinates": [111.287, 30.7]}, "properties": {"办件编号": "20240301000405", "事件": "求助", "类9": "管网安全", "方面": "安全韧性", "geocode_status": "region", "board": "安全韧性底线", "project_type": "市政管网", "社区": null, "村": null}}, {"type": "Feature", "geometry": {"type": "Point", "coordinates": [111.333, 30.655]}, "properties": {"办件编号": "20240301000132", "事件": "求助", "类9": "出行安全", "方面": "安全韧性", "geocode_status": "region", "board": "安全韧性底线", "project_type": "交通设施", "社区": null, "村": null}}, {"type": "Feature", "geometry": {"type": "Point", "coordinates": [111.287, 30.7]}, "properties": {"办件编号": "20240229000962", "事件": "求助", "类9": "管网安全", "方面": "安全韧性", "geocode_status": "region", "board": "安全韧性底线", "project_type": "市政管网", "社区": null, "村": null}}, {"type": "Feature", "geometry": {"type": "Point", "coordinates": [111.287, 30.7]}, "properties": {"办件编号": "20240228000952", "事件": "求助", "类9": "管网安全", "方面": "安全韧性", "geocode_status": "region", "board": "安全韧性底线", "project_type": "市政管网", "社区": null, "村": null}}, {"type": "Feature", "geometry": {"type": "Point", "coordinates": [111.326, 30.77]}, "properties": {"办件编号": "20240228000527", "事件": "投诉", "类9": "消防安全", "方面": "安全韧性", "geocode_status": "region", "board": "安全韧性底线", "project_type": "安全消防", "社区": null, "村": null}}, {"type": "Feature", "geometry": {"type": "Point", "coordinates": [111.326, 30.77]}, "properties": {"办件编号": "20240228000295", "事件": "投诉", "类9": "消防安全", "方面": "安全韧性", "geocode_status": "region", "board": "安全韧性底线", "project_type": "安全消防", "社区": null, "村": null}}, {"type": "Feature", "geometry": {"type": "Point", "coordinates": [111.326, 30.77]}, "properties": {"办件编号": "20240227000660", "事件": "投诉", "类9": "消防安全", "方面": "安全韧性", "geocode_status": "region", "board": "安全韧性底线", "project_type": "安全消防", "社区": null, "村": null}}, {"type": "Feature", "geometry": {"type": "Point", "coordinates": [111.287, 30.7]}, "properties": {"办件编号": "20240227000577", "事件": "投诉", "类9": "出行安全", "方面": "安全韧性", "geocode_status": "region", "board": "安全韧性底线", "project_type": "交通设施", "社区": null, "村": null}}, {"type": "Feature", "geometry": {"type": "Point", "coordinates": [111.287, 30.7]}, "properties": {"办件编号": "20240227000424", "事件": "求助", "类9": "出行安全", "方面": "安全韧性", "geocode_status": "region", "board": "安全韧性底线", "project_type": "交通设施", "社区": null, "村": null}}, {"type": "Feature", "geometry": {"type": "Point", "coordinates": [111.287, 30.7]}, "properties": {"办件编号": "20240227000268", "事件": "求助", "类9": "管网安全", "方面": "安全韧性", "geocode_status": "region", "board": "安全韧性底线", "project_type": "市政管网", "社区": null, "村": null}}, {"type": "Feature", "geometry": {"type": "Point", "coordinates": [111.287, 30.7]}, "properties": {"办件编号": "20240227000086", "事件": "投诉", "类9": "管网安全", "方面": "安全韧性", "geocode_status": "region", "board": "安全韧性底线", "project_type": "市政管网", "社区": null, "村": null}}, {"type": "Feature", "geometry": {"type": "Point", "coordinates": [111.287, 30.7]}, "properties": {"办件编号": "20240226001221", "事件": "求助", "类9": "管网安全", "方面": "安全韧性", "geocode_status": "region", "board": "安全韧性底线", "project_type": "市政管网", "社区": null, "村": null}}, {"type": "Feature", "geometry": {"type": "Point", "coordinates": [111.333, 30.655]}, "properties": {"办件编号": "20240226001150", "事件": "求助", "类9": "管网安全", "方面": "安全韧性", "geocode_status": "region", "board": "安全韧性底线", "project_type": "市政管网", "社区": null, "村": null}}, {"type": "Feature", "geometry": {"type": "Point", "coordinates": [111.333, 30.655]}, "properties": {"办件编号": "20240226001144", "事件": "求助", "类9": "管网安全", "方面": "安全韧性", "geocode_status": "region", "board": "安全韧性底线", "project_type": "市政管网", "社区": null, "村": null}}, {"type": "Feature", "geometry": {"type": "Point", "coordinates": [111.305, 30.69]}, "properties": {"办件编号": "20240226000609", "事件": "投诉", "类9": "管网安全", "方面": "安全韧性", "geocode_status": "region", "board": "安全韧性底线", "project_type": "市政管网", "社区": null, "村": null}}, {"type": "Feature", "geometry": {"type": "Point", "coordinates": [111.287, 30.7]}, "properties": {"办件编号": "20240226000565", "事件": "求助", "类9": "管网安全", "方面": "安全韧性", "geocode_status": "region", "board": "安全韧性底线", "project_type": "市政管网", "社区": null, "村": null}}, {"type": "Feature", "geometry": {"type": "Point", "coordinates": [111.326, 30.77]}, "properties": {"办件编号": "20240226000501", "事件": "投诉", "类9": "消防安全", "方面": "安全韧性", "geocode_status": "region", "board": "安全韧性底线", "project_type": "安全消防", "社区": null, "村": null}}, {"type": "Feature", "geometry": {"type": "Point", "coordinates": [111.326, 30.77]}, "properties": {"办件编号": "20240226000433", "事件": "求助", "类9": "出行安全", "方面": "安全韧性", "geocode_status": "region", "board": "安全韧性底线", "project_type": "交通设施", "社区": null, "村": null}}, {"type": "Feature", "geometry": {"type": "Point", "coordinates": [111.287, 30.7]}, "properties": {"办件编号": "20240226000375", "事件": "求助", "类9": "管网安全", "方面": "安全韧性", "geocode_status": "region", "board": "安全韧性底线", "project_type": "市政管网", "社区": null, "村": null}}, {"type": "Feature", "geometry": {"type": "Point", "coordinates": [111.287, 30.7]}, "properties": {"办件编号": "20240226000357", "事件": "求助", "类9": "管网安全", "方面": "安全韧性", "geocode_status": "region", "board": "安全韧性底线", "project_type": "市政管网", "社区": null, "村": null}}, {"type": "Feature", "geometry": {"type": "Point", "coordinates": [111.287, 30.7]}, "properties": {"办件编号": "20240226000319", "事件": "求助", "类9": "管网安全", "方面": "安全韧性", "geocode_status": "region", "board": "安全韧性底线", "project_type": "市政管网", "社区": null, "村": null}}, {"type": "Feature", "geometry": {"type": "Point", "coordinates": [111.333, 30.655]}, "properties": {"办件编号": "20240226000213", "事件": "求助", "类9": "出行安全", "方面": "安全韧性", "geocode_status": "region", "board": "安全韧性底线", "project_type": "交通设施", "社区": null, "村": null}}, {"type": "Feature", "geometry": {"type": "Point", "coordinates": [111.333, 30.655]}, "properties": {"办件编号": "20240226000133", "事件": "求助", "类9": "管网安全", "方面": "安全韧性", "geocode_status": "region", "board": "安全韧性底线", "project_type": "市政管网", "社区": null, "村": null}}, {"type": "Feature", "geometry": {"type": "Point", "coordinates": [111.287, 30.7]}, "properties": {"办件编号": "20240225000254", "事件": "求助", "类9": "管网安全", "方面": "安全韧性", "geocode_status": "region", "board": "安全韧性底线", "project_type": "市政管网", "社区": null, "村": null}}, {"type": "Feature", "geometry": {"type": "Point", "coordinates": [111.326, 30.77]}, "properties": {"办件编号": "20240225000294", "事件": "投诉", "类9": "消防安全", "方面": "安全韧性", "geocode_status": "region", "board": "安全韧性底线", "project_type": "安全消防", "社区": null, "村": null}}, {"type": "Feature", "geometry": {"type": "Point", "coordinates": [111.287, 30.7]}, "properties": {"办件编号": "20240225000131", "事件": "求助", "类9": "管网安全", "方面": "安全韧性", "geocode_status": "region", "board": "安全韧性底线", "project_type": "市政管网", "社区": null, "村": null}}, {"type": "Feature", "geometry": {"type": "Point", "coordinates": [111.268, 30.67]}, "properties": {"办件编号": "20240224000168", "事件": "求助", "类9": "消防安全", "方面": "安全韧性", "geocode_status": "region", "board": "安全韧性底线", "project_type": "安全消防", "社区": null, "村": null}}, {"type": "Feature", "geometry": {"type": "Point", "coordinates": [111.305, 30.69]}, "properties": {"办件编号": "20240224000040", "事件": "投诉", "类9": "消防安全", "方面": "安全韧性", "geocode_status": "region", "board": "安全韧性底线", "project_type": "安全消防", "社区": null, "村": null}}, {"type": "Feature", "geometry": {"type": "Point", "coordinates": [111.333, 30.655]}, "properties": {"办件编号": "20240223000798", "事件": "求助", "类9": "出行安全", "方面": "安全韧性", "geocode_status": "region", "board": "安全韧性底线", "project_type": "交通设施", "社区": null, "村": null}}, {"type": "Feature", "geometry": {"type": "Point", "coordinates": [111.333, 30.655]}, "properties": {"办件编号": "20240223000274", "事件": "求助", "类9": "管网安全", "方面": "安全韧性", "geocode_status": "region", "board": "安全韧性底线", "project_type": "市政管网", "社区": null, "村": null}}, {"type": "Feature", "geometry": {"type": "Point", "coordinates": [111.268, 30.67]}, "properties": {"办件编号": "20240223000125", "事件": "投诉", "类9": "管网安全", "方面": "安全韧性", "geocode_status": "region", "board": "安全韧性底线", "project_type": "市政管网", "社区": null, "村": null}}, {"type": "Feature", "geometry": {"type": "Point", "coordinates": [111.287, 30.7]}, "properties": {"办件编号": "20240223000096", "事件": "求助", "类9": "出行安全", "方面": "安全韧性", "geocode_status": "region", "board": "安全韧性底线", "project_type": "交通设施", "社区": null, "村": null}}, {"type": "Feature", "geometry": {"type": "Point", "coordinates": [111.333, 30.655]}, "properties": {"办件编号": "20240222000442", "事件": "求助", "类9": "出行安全", "方面": "安全韧性", "geocode_status": "region", "board": "安全韧性底线", "project_type": "交通设施", "社区": null, "村": null}}, {"type": "Feature", "geometry": {"type": "Point", "coordinates": [111.305, 30.69]}, "properties": {"办件编号": "20240222000217", "事件": "求助", "类9": "管网安全", "方面": "安全韧性", "geocode_status": "region", "board": "安全韧性底线", "project_type": "市政管网", "社区": null, "村": null}}, {"type": "Feature", "geometry": {"type": "Point", "coordinates": [111.333, 30.655]}, "properties": {"办件编号": "20240222000163", "事件": "求助", "类9": "管网安全", "方面": "安全韧性", "geocode_status": "region", "board": "安全韧性底线", "project_type": "市政管网", "社区": null, "村": null}}, {"type": "Feature", "geometry": {"type": "Point", "coordinates": [110.674, 30.2]}, "properties": {"办件编号": "20240221000800", "事件": "投诉", "类9": "环境安全", "方面": "安全韧性", "geocode_status": "region", "board": "安全韧性底线", "project_type": "环境治理", "社区": null, "村": null}}, {"type": "Feature", "geometry": {"type": "Point", "coordinates": [111.333, 30.655]}, "properties": {"办件编号": "20240221000598", "事件": "求助", "类9": "出行安全", "方面": "安全韧性", "geocode_status": "region", "board": "安全韧性底线", "project_type": "交通设施", "社区": null, "村": null}}, {"type": "Feature", "geometry": {"type": "Point", "coordinates": [111.287, 30.7]}, "properties": {"办件编号": "20240221000256", "事件": "求助", "类9": "管网安全", "方面": "安全韧性", "geocode_status": "region", "board": "安全韧性底线", "project_type": "市政管网", "社区": null, "村": null}}, {"type": "Feature", "geometry": {"type": "Point", "coordinates": [111.333, 30.655]}, "properties": {"办件编号": "20240221000217", "事件": "求助", "类9": "管网安全", "方面": "安全韧性", "geocode_status": "region", "board": "安全韧性底线", "project_type": "市政管网", "社区": null, "村": null}}, {"type": "Feature", "geometry": {"type": "Point", "coordinates": [111.287, 30.7]}, "properties": {"办件编号": "20240221000093", "事件": "求助", "类9": "出行安全", "方面": "安全韧性", "geocode_status": "region", "board": "安全韧性底线", "project_type": "交通设施", "社区": null, "村": null}}, {"type": "Feature", "geometry": {"type": "Point", "coordinates": [111.287, 30.7]}, "properties": {"办件编号": "20240220001043", "事件": "求助", "类9": "管网安全", "方面": "安全韧性", "geocode_status": "region", "board": "安全韧性底线", "project_type": "市政管网", "社区": null, "村": null}}, {"type": "Feature", "geometry": {"type": "Point", "coordinates": [111.287, 30.7]}, "properties": {"办件编号": "20240220000998", "事件": "求助", "类9": "出行安全", "方面": "安全韧性", "geocode_status": "region", "board": "安全韧性底线", "project_type": "交通设施", "社区": null, "村": null}}, {"type": "Feature", "geometry": {"type": "Point", "coordinates": [111.333, 30.655]}, "properties": {"办件编号": "20240220000837", "事件": "求助", "类9": "出行安全", "方面": "安全韧性", "geocode_status": "region", "board": "安全韧性底线", "project_type": "交通设施", "社区": null, "村": null}}, {"type": "Feature", "geometry": {"type": "Point", "coordinates": [111.79, 30.821]}, "properties": {"办件编号": "20240220000804", "事件": "求助", "类9": "出行安全", "方面": "安全韧性", "geocode_status": "region", "board": "安全韧性底线", "project_type": "交通设施", "社区": null, "村": null}}, {"type": "Feature", "geometry": {"type": "Point", "coordinates": [111.268, 30.67]}, "properties": {"办件编号": "20240220000777", "事件": "求助", "类9": "管网安全", "方面": "安全韧性", "geocode_status": "region", "board": "安全韧性底线", "project_type": "市政管网", "社区": null, "村": null}}, {"type": "Feature", "geometry": {"type": "Point", "coordinates": [111.287, 30.7]}, "properties": {"办件编号": "20240220000709", "事件": "求助", "类9": "管网安全", "方面": "安全韧性", "geocode_status": "region", "board": "安全韧性底线", "project_type": "市政管网", "社区": null, "村": null}}, {"type": "Feature", "geometry": {"type": "Point", "coordinates": [111.287, 30.7]}, "properties": {"办件编号": "20240220000529", "事件": "求助", "类9": "管网安全", "方面": "安全韧性", "geocode_status": "region", "board": "安全韧性底线", "project_type": "市政管网", "社区": null, "村": null}}, {"type": "Feature", "geometry": {"type": "Point", "coordinates": [111.333, 30.655]}, "properties": {"办件编号": "20240220000178", "事件": "求助", "类9": "消防安全", "方面": "安全韧性", "geocode_status": "region", "board": "安全韧性底线", "project_type": "安全消防", "社区": null, "村": null}}, {"type": "Feature", "geometry": {"type": "Point", "coordinates": [111.79, 30.821]}, "properties": {"办件编号": "20240219000786", "事件": "求助", "类9": "管网安全", "方面": "安全韧性", "geocode_status": "region", "board": "安全韧性底线", "project_type": "市政管网", "社区": null, "村": null}}, {"type": "Feature", "geometry": {"type": "Point", "coordinates": [111.305, 30.69]}, "properties": {"办件编号": "20240219000234", "事件": "求助", "类9": "出行安全", "方面": "安全韧性", "geocode_status": "region", "board": "安全韧性底线", "project_type": "交通设施", "社区": null, "村": null}}, {"type": "Feature", "geometry": {"type": "Point", "coordinates": [111.305, 30.69]}, "properties": {"办件编号": "20240219000233", "事件": "求助", "类9": "管网安全", "方面": "安全韧性", "geocode_status": "region", "board": "安全韧性底线", "project_type": "市政管网", "社区": null, "村": null}}, {"type": "Feature", "geometry": {"type": "Point", "coordinates": [111.287, 30.7]}, "properties": {"办件编号": "20240219000144", "事件": "求助", "类9": "出行安全", "方面": "安全韧性", "geocode_status": "region", "board": "安全韧性底线", "project_type": "交通设施", "社区": null, "村": null}}, {"type": "Feature", "geometry": {"type": "Point", "coordinates": [111.287, 30.7]}, "properties": {"办件编号": "20240219000072", "事件": "求助", "类9": "出行安全", "方面": "安全韧性", "geocode_status": "region", "board": "安全韧性底线", "project_type": "交通设施", "社区": null, "村": null}}, {"type": "Feature", "geometry": {"type": "Point", "coordinates": [111.305, 30.69]}, "properties": {"办件编号": "20240218000694", "事件": "求助", "类9": "管网安全", "方面": "安全韧性", "geocode_status": "region", "board": "安全韧性底线", "project_type": "市政管网", "社区": null, "村": null}}, {"type": "Feature", "geometry": {"type": "Point", "coordinates": [111.79, 30.821]}, "properties": {"办件编号": "20240218000157", "事件": "求助", "类9": "出行安全", "方面": "安全韧性", "geocode_status": "region", "board": "安全韧性底线", "project_type": "交通设施", "社区": null, "村": null}}, {"type": "Feature", "geometry": {"type": "Point", "coordinates": [111.287, 30.7]}, "properties": {"办件编号": "20240218000146", "事件": "求助", "类9": "出行安全", "方面": "安全韧性", "geocode_status": "region", "board": "安全韧性底线", "project_type": "交通设施", "社区": null, "村": null}}, {"type": "Feature", "geometry": {"type": "Point", "coordinates": [111.326, 30.77]}, "properties": {"办件编号": "20240216000088", "事件": "求助", "类9": "管网安全", "方面": "安全韧性", "geocode_status": "region", "board": "安全韧性底线", "project_type": "市政管网", "社区": null, "村": null}}, {"type": "Feature", "geometry": {"type": "Point", "coordinates": [111.79, 30.821]}, "properties": {"办件编号": "20240214000109", "事件": "投诉", "类9": "管网安全", "方面": "安全韧性", "geocode_status": "region", "board": "安全韧性底线", "project_type": "市政管网", "社区": null, "村": null}}, {"type": "Feature", "geometry": {"type": "Point", "coordinates": [111.759, 30.426]}, "properties": {"办件编号": "20240211000015", "事件": "投诉", "类9": "管网安全", "方面": "安全韧性", "geocode_status": "region", "board": "安全韧性底线", "project_type": "市政管网", "社区": null, "村": null}}, {"type": "Feature", "geometry": {"type": "Point", "coordinates": [111.79, 30.821]}, "properties": {"办件编号": "20240208001350", "事件": "求助", "类9": "出行安全", "方面": "安全韧性", "geocode_status": "region", "board": "安全韧性底线", "project_type": "交通设施", "社区": null, "村": null}}, {"type": "Feature", "geometry": {"type": "Point", "coordinates": [111.287, 30.7]}, "properties": {"办件编号": "20240208000998", "事件": "求助", "类9": "管网安全", "方面": "安全韧性", "geocode_status": "region", "board": "安全韧性底线", "project_type": "市政管网", "社区": null, "村": null}}, {"type": "Feature", "geometry": {"type": "Point", "coordinates": [111.287, 30.7]}, "properties": {"办件编号": "20240208000920", "事件": "求助", "类9": "管网安全", "方面": "安全韧性", "geocode_status": "region", "board": "安全韧性底线", "project_type": "市政管网", "社区": null, "村": null}}, {"type": "Feature", "geometry": {"type": "Point", "coordinates": [111.287, 30.7]}, "properties": {"办件编号": "20240207001533", "事件": "投诉", "类9": "消防安全", "方面": "安全韧性", "geocode_status": "region", "board": "安全韧性底线", "project_type": "安全消防", "社区": null, "村": null}}, {"type": "Feature", "geometry": {"type": "Point", "coordinates": [111.333, 30.655]}, "properties": {"办件编号": "20240207001153", "事件": "求助", "类9": "管网安全", "方面": "安全韧性", "geocode_status": "region", "board": "安全韧性底线", "project_type": "市政管网", "社区": null, "村": null}}, {"type": "Feature", "geometry": {"type": "Point", "coordinates": [111.287, 30.7]}, "properties": {"办件编号": "20240206001115", "事件": "求助", "类9": "管网安全", "方面": "安全韧性", "geocode_status": "region", "board": "安全韧性底线", "project_type": "市政管网", "社区": null, "村": null}}, {"type": "Feature", "geometry": {"type": "Point", "coordinates": [111.333, 30.655]}, "properties": {"办件编号": "20240206000133", "事件": "求助", "类9": "出行安全", "方面": "安全韧性", "geocode_status": "region", "board": "安全韧性底线", "project_type": "交通设施", "社区": null, "村": null}}, {"type": "Feature", "geometry": {"type": "Point", "coordinates": [111.287, 30.7]}, "properties": {"办件编号": "20240205001324", "事件": "求助", "类9": "管网安全", "方面": "安全韧性", "geocode_status": "region", "board": "安全韧性底线", "project_type": "市政管网", "社区": null, "村": null}}, {"type": "Feature", "geometry": {"type": "Point", "coordinates": [111.333, 30.655]}, "properties": {"办件编号": "20240205001096", "事件": "求助", "类9": "管网安全", "方面": "安全韧性", "geocode_status": "region", "board": "安全韧性底线", "project_type": "市政管网", "社区": null, "村": null}}, {"type": "Feature", "geometry": {"type": "Point", "coordinates": [111.333, 30.655]}, "properties": {"办件编号": "20240205001095", "事件": "求助", "类9": "管网安全", "方面": "安全韧性", "geocode_status": "region", "board": "安全韧性底线", "project_type": "市政管网", "社区": null, "村": null}}, {"type": "Feature", "geometry": {"type": "Point", "coordinates": [111.268, 30.67]}, "properties": {"办件编号": "20240205000984", "事件": "求助", "类9": "管网安全", "方面": "安全韧性", "geocode_status": "region", "board": "安全韧性底线", "project_type": "市政管网", "社区": null, "村": null}}, {"type": "Feature", "geometry": {"type": "Point", "coordinates": [111.305, 30.69]}, "properties": {"办件编号": "20240205000398", "事件": "求助", "类9": "管网安全", "方面": "安全韧性", "geocode_status": "region", "board": "安全韧性底线", "project_type": "市政管网", "社区": null, "村": null}}, {"type": "Feature", "geometry": {"type": "Point", "coordinates": [111.333, 30.655]}, "properties": {"办件编号": "20240205000046", "事件": "投诉", "类9": "管网安全", "方面": "安全韧性", "geocode_status": "region", "board": "安全韧性底线", "project_type": "市政管网", "社区": null, "村": null}}, {"type": "Feature", "geometry": {"type": "Point", "coordinates": [111.305, 30.69]}, "properties": {"办件编号": "20240204001414", "事件": "投诉", "类9": "管网安全", "方面": "安全韧性", "geocode_status": "region", "board": "安全韧性底线", "project_type": "市政管网", "社区": null, "村": null}}, {"type": "Feature", "geometry": {"type": "Point", "coordinates": [111.287, 30.7]}, "properties": {"办件编号": "20240204000927", "事件": "求助", "类9": "管网安全", "方面": "安全韧性", "geocode_status": "region", "board": "安全韧性底线", "project_type": "市政管网", "社区": null, "村": null}}, {"type": "Feature", "geometry": {"type": "Point", "coordinates": [111.287, 30.7]}, "properties": {"办件编号": "20240204000224", "事件": "求助", "类9": "管网安全", "方面": "安全韧性", "geocode_status": "region", "board": "安全韧性底线", "project_type": "市政管网", "社区": null, "村": null}}, {"type": "Feature", "geometry": {"type": "Point", "coordinates": [111.268, 30.67]}, "properties": {"办件编号": "20240203000654", "事件": "求助", "类9": "管网安全", "方面": "安全韧性", "geocode_status": "region", "board": "安全韧性底线", "project_type": "市政管网", "社区": null, "村": null}}, {"type": "Feature", "geometry": {"type": "Point", "coordinates": [111.287, 30.7]}, "properties": {"办件编号": "20240202001263", "事件": "求助", "类9": "管网安全", "方面": "安全韧性", "geocode_status": "region", "board": "安全韧性底线", "project_type": "市政管网", "社区": null, "村": null}}, {"type": "Feature", "geometry": {"type": "Point", "coordinates": [111.287, 30.7]}, "properties": {"办件编号": "20240202000978", "事件": "求助", "类9": "出行安全", "方面": "安全韧性", "geocode_status": "region", "board": "安全韧性底线", "project_type": "交通设施", "社区": null, "村": null}}, {"type": "Feature", "geometry": {"type": "Point", "coordinates": [111.333, 30.655]}, "properties": {"办件编号": "20240202000810", "事件": "求助", "类9": "出行安全", "方面": "安全韧性", "geocode_status": "region", "board": "安全韧性底线", "project_type": "交通设施", "社区": null, "村": null}}, {"type": "Feature", "geometry": {"type": "Point", "coordinates": [111.79, 30.821]}, "properties": {"办件编号": "20240202000747", "事件": "求助", "类9": "管网安全", "方面": "安全韧性", "geocode_status": "region", "board": "安全韧性底线", "project_type": "市政管网", "社区": null, "村": null}}, {"type": "Feature", "geometry": {"type": "Point", "coordinates": [111.287, 30.7]}, "properties": {"办件编号": "20240201000826", "事件": "求助", "类9": "管网安全", "方面": "安全韧性", "geocode_status": "region", "board": "安全韧性底线", "project_type": "市政管网", "社区": null, "村": null}}, {"type": "Feature", "geometry": {"type": "Point", "coordinates": [111.287, 30.7]}, "properties": {"办件编号": "20240201000287", "事件": "求助", "类9": "出行安全", "方面": "安全韧性", "geocode_status": "region", "board": "安全韧性底线", "project_type": "交通设施", "社区": null, "村": null}}, {"type": "Feature", "geometry": {"type": "Point", "coordinates": [111.326, 30.77]}, "properties": {"办件编号": "20240131000996", "事件": "投诉", "类9": "消防安全", "方面": "安全韧性", "geocode_status": "region", "board": "安全韧性底线", "project_type": "安全消防", "社区": null, "村": null}}, {"type": "Feature", "geometry": {"type": "Point", "coordinates": [111.287, 30.7]}, "properties": {"办件编号": "20240131000131", "事件": "求助", "类9": "管网安全", "方面": "安全韧性", "geocode_status": "region", "board": "安全韧性底线", "project_type": "市政管网", "社区": null, "村": null}}, {"type": "Feature", "geometry": {"type": "Point", "coordinates": [110.674, 30.2]}, "properties": {"办件编号": "20240130001379", "事件": "求助", "类9": "出行安全", "方面": "安全韧性", "geocode_status": "region", "board": "安全韧性底线", "project_type": "交通设施", "社区": null, "村": null}}, {"type": "Feature", "geometry": {"type": "Point", "coordinates": [111.333, 30.655]}, "properties": {"办件编号": "20240130001361", "事件": "求助", "类9": "管网安全", "方面": "安全韧性", "geocode_status": "region", "board": "安全韧性底线", "project_type": "市政管网", "社区": null, "村": null}}, {"type": "Feature", "geometry": {"type": "Point", "coordinates": [111.333, 30.655]}, "properties": {"办件编号": "20240130001358", "事件": "求助", "类9": "管网安全", "方面": "安全韧性", "geocode_status": "region", "board": "安全韧性底线", "project_type": "市政管网", "社区": null, "村": null}}, {"type": "Feature", "geometry": {"type": "Point", "coordinates": [110.674, 30.2]}, "properties": {"办件编号": "20240130000147", "事件": "求助", "类9": "出行安全", "方面": "安全韧性", "geocode_status": "region", "board": "安全韧性底线", "project_type": "交通设施", "社区": null, "村": null}}, {"type": "Feature", "geometry": {"type": "Point", "coordinates": [111.79, 30.821]}, "properties": {"办件编号": "20240129001164", "事件": "投诉", "类9": "管网安全", "方面": "安全韧性", "geocode_status": "region", "board": "安全韧性底线", "project_type": "市政管网", "社区": null, "村": null}}, {"type": "Feature", "geometry": {"type": "Point", "coordinates": [111.287, 30.7]}, "properties": {"办件编号": "20240129000887", "事件": "求助", "类9": "管网安全", "方面": "安全韧性", "geocode_status": "region", "board": "安全韧性底线", "project_type": "市政管网", "社区": null, "村": null}}, {"type": "Feature", "geometry": {"type": "Point", "coordinates": [111.287, 30.7]}, "properties": {"办件编号": "20240129000378", "事件": "求助", "类9": "管网安全", "方面": "安全韧性", "geocode_status": "region", "board": "安全韧性底线", "project_type": "市政管网", "社区": null, "村": null}}, {"type": "Feature", "geometry": {"type": "Point", "coordinates": [111.287, 30.7]}, "properties": {"办件编号": "20240129000369", "事件": "求助", "类9": "管网安全", "方面": "安全韧性", "geocode_status": "region", "board": "安全韧性底线", "project_type": "市政管网", "社区": null, "村": null}}, {"type": "Feature", "geometry": {"type": "Point", "coordinates": [111.326, 30.77]}, "properties": {"办件编号": "20240129000068", "事件": "投诉", "类9": "出行安全", "方面": "安全韧性", "geocode_status": "region", "board": "安全韧性底线", "project_type": "交通设施", "社区": null, "村": null}}, {"type": "Feature", "geometry": {"type": "Point", "coordinates": [111.333, 30.655]}, "properties": {"办件编号": "20240127000206", "事件": "求助", "类9": "管网安全", "方面": "安全韧性", "geocode_status": "region", "board": "安全韧性底线", "project_type": "市政管网", "社区": null, "村": null}}, {"type": "Feature", "geometry": {"type": "Point", "coordinates": [111.287, 30.7]}, "properties": {"办件编号": "20240126001107", "事件": "求助", "类9": "管网安全", "方面": "安全韧性", "geocode_status": "region", "board": "安全韧性底线", "project_type": "市政管网", "社区": null, "村": null}}, {"type": "Feature", "geometry": {"type": "Point", "coordinates": [111.333, 30.655]}, "properties": {"办件编号": "20240125001248", "事件": "投诉", "类9": "消防安全", "方面": "安全韧性", "geocode_status": "region", "board": "安全韧性底线", "project_type": "安全消防", "社区": null, "村": null}}, {"type": "Feature", "geometry": {"type": "Point", "coordinates": [111.287, 30.7]}, "properties": {"办件编号": "20240125000980", "事件": "求助", "类9": "管网安全", "方面": "安全韧性", "geocode_status": "region", "board": "安全韧性底线", "project_type": "市政管网", "社区": null, "村": null}}, {"type": "Feature", "geometry": {"type": "Point", "coordinates": [111.333, 30.655]}, "properties": {"办件编号": "20240125000979", "事件": "求助", "类9": "管网安全", "方面": "安全韧性", "geocode_status": "region", "board": "安全韧性底线", "project_type": "市政管网", "社区": null, "村": null}}, {"type": "Feature", "geometry": {"type": "Point", "coordinates": [111.287, 30.7]}, "properties": {"办件编号": "20240125000766", "事件": "求助", "类9": "出行安全", "方面": "安全韧性", "geocode_status": "region", "board": "安全韧性底线", "project_type": "交通设施", "社区": null, "村": null}}, {"type": "Feature", "geometry": {"type": "Point", "coordinates": [111.287, 30.7]}, "properties": {"办件编号": "20240125000452", "事件": "求助", "类9": "出行安全", "方面": "安全韧性", "geocode_status": "region", "board": "安全韧性底线", "project_type": "交通设施", "社区": null, "村": null}}, {"type": "Feature", "geometry": {"type": "Point", "coordinates": [111.287, 30.7]}, "properties": {"办件编号": "20240125000187", "事件": "求助", "类9": "出行安全", "方面": "安全韧性", "geocode_status": "region", "board": "安全韧性底线", "project_type": "交通设施", "社区": null, "村": null}}, {"type": "Feature", "geometry": {"type": "Point", "coordinates": [111.287, 30.7]}, "properties": {"办件编号": "20240125000147", "事件": "求助", "类9": "出行安全", "方面": "安全韧性", "geocode_status": "region", "board": "安全韧性底线", "project_type": "交通设施", "社区": null, "村": null}}, {"type": "Feature", "geometry": {"type": "Point", "coordinates": [111.408, 30.578]}, "properties": {"办件编号": "20240124000352", "事件": "投诉", "类9": "管网安全", "方面": "安全韧性", "geocode_status": "region", "board": "安全韧性底线", "project_type": "市政管网", "社区": null, "村": null}}, {"type": "Feature", "geometry": {"type": "Point", "coordinates": [111.333, 30.655]}, "properties": {"办件编号": "20240124000225", "事件": "求助", "类9": "管网安全", "方面": "安全韧性", "geocode_status": "region", "board": "安全韧性底线", "project_type": "市政管网", "社区": null, "村": null}}, {"type": "Feature", "geometry": {"type": "Point", "coordinates": [111.287, 30.7]}, "properties": {"办件编号": "20240124000149", "事件": "求助", "类9": "出行安全", "方面": "安全韧性", "geocode_status": "region", "board": "安全韧性底线", "project_type": "交通设施", "社区": null, "村": null}}, {"type": "Feature", "geometry": {"type": "Point", "coordinates": [111.287, 30.7]}, "properties": {"办件编号": "20240124000138", "事件": "求助", "类9": "出行安全", "方面": "安全韧性", "geocode_status": "region", "board": "安全韧性底线", "project_type": "交通设施", "社区": null, "村": null}}, {"type": "Feature", "geometry": {"type": "Point", "coordinates": [111.79, 30.821]}, "properties": {"办件编号": "20240124000022", "事件": "求助", "类9": "管网安全", "方面": "安全韧性", "geocode_status": "region", "board": "安全韧性底线", "project_type": "市政管网", "社区": null, "村": null}}, {"type": "Feature", "geometry": {"type": "Point", "coordinates": [111.287, 30.7]}, "properties": {"办件编号": "20240123000102", "事件": "求助", "类9": "出行安全", "方面": "安全韧性", "geocode_status": "region", "board": "安全韧性底线", "project_type": "交通设施", "社区": null, "村": null}}, {"type": "Feature", "geometry": {"type": "Point", "coordinates": [111.408, 30.578]}, "properties": {"办件编号": "20240123000053", "事件": "求助", "类9": "管网安全", "方面": "安全韧性", "geocode_status": "region", "board": "安全韧性底线", "project_type": "市政管网", "社区": null, "村": null}}, {"type": "Feature", "geometry": {"type": "Point", "coordinates": [111.333, 30.655]}, "properties": {"办件编号": "20240122001178", "事件": "求助", "类9": "出行安全", "方面": "安全韧性", "geocode_status": "region", "board": "安全韧性底线", "project_type": "交通设施", "社区": null, "村": null}}, {"type": "Feature", "geometry": {"type": "Point", "coordinates": [111.287, 30.7]}, "properties": {"办件编号": "20240122001045", "事件": "求助", "类9": "管网安全", "方面": "安全韧性", "geocode_status": "region", "board": "安全韧性底线", "project_type": "市政管网", "社区": null, "村": null}}, {"type": "Feature", "geometry": {"type": "Point", "coordinates": [111.287, 30.7]}, "properties": {"办件编号": "20240122000862", "事件": "求助", "类9": "出行安全", "方面": "安全韧性", "geocode_status": "region", "board": "安全韧性底线", "project_type": "交通设施", "社区": null, "村": null}}, {"type": "Feature", "geometry": {"type": "Point", "coordinates": [111.287, 30.7]}, "properties": {"办件编号": "20240122000597", "事件": "求助", "类9": "出行安全", "方面": "安全韧性", "geocode_status": "region", "board": "安全韧性底线", "project_type": "交通设施", "社区": null, "村": null}}, {"type": "Feature", "geometry": {"type": "Point", "coordinates": [111.333, 30.655]}, "properties": {"办件编号": "20240122000148", "事件": "求助", "类9": "管网安全", "方面": "安全韧性", "geocode_status": "region", "board": "安全韧性底线", "project_type": "市政管网", "社区": null, "村": null}}, {"type": "Feature", "geometry": {"type": "Point", "coordinates": [111.333, 30.655]}, "properties": {"办件编号": "20240122000089", "事件": "投诉", "类9": "消防安全", "方面": "安全韧性", "geocode_status": "region", "board": "安全韧性底线", "project_type": "安全消防", "社区": null, "村": null}}, {"type": "Feature", "geometry": {"type": "Point", "coordinates": [111.408, 30.578]}, "properties": {"办件编号": "20240122000066", "事件": "求助", "类9": "管网安全", "方面": "安全韧性", "geocode_status": "region", "board": "安全韧性底线", "project_type": "市政管网", "社区": null, "村": null}}, {"type": "Feature", "geometry": {"type": "Point", "coordinates": [111.268, 30.67]}, "properties": {"办件编号": "20240121000484", "事件": "投诉", "类9": "管网安全", "方面": "安全韧性", "geocode_status": "region", "board": "安全韧性底线", "project_type": "市政管网", "社区": null, "村": null}}, {"type": "Feature", "geometry": {"type": "Point", "coordinates": [111.287, 30.7]}, "properties": {"办件编号": "20240119001109", "事件": "求助", "类9": "出行安全", "方面": "安全韧性", "geocode_status": "region", "board": "安全韧性底线", "project_type": "交通设施", "社区": null, "村": null}}, {"type": "Feature", "geometry": {"type": "Point", "coordinates": [111.287, 30.7]}, "properties": {"办件编号": "20240119000745", "事件": "求助", "类9": "出行安全", "方面": "安全韧性", "geocode_status": "region", "board": "安全韧性底线", "project_type": "交通设施", "社区": null, "村": null}}, {"type": "Feature", "geometry": {"type": "Point", "coordinates": [111.287, 30.7]}, "properties": {"办件编号": "20240119000106", "事件": "求助", "类9": "管网安全", "方面": "安全韧性", "geocode_status": "region", "board": "安全韧性底线", "project_type": "市政管网", "社区": null, "村": null}}, {"type": "Feature", "geometry": {"type": "Point", "coordinates": [111.287, 30.7]}, "properties": {"办件编号": "20240118001118", "事件": "求助", "类9": "管网安全", "方面": "安全韧性", "geocode_status": "region", "board": "安全韧性底线", "project_type": "市政管网", "社区": null, "村": null}}, {"type": "Feature", "geometry": {"type": "Point", "coordinates": [111.287, 30.7]}, "properties": {"办件编号": "20240118001084", "事件": "求助", "类9": "管网安全", "方面": "安全韧性", "geocode_status": "region", "board": "安全韧性底线", "project_type": "市政管网", "社区": null, "村": null}}, {"type": "Feature", "geometry": {"type": "Point", "coordinates": [111.333, 30.655]}, "properties": {"办件编号": "20240118000961", "事件": "求助", "类9": "管网安全", "方面": "安全韧性", "geocode_status": "region", "board": "安全韧性底线", "project_type": "市政管网", "社区": null, "村": null}}, {"type": "Feature", "geometry": {"type": "Point", "coordinates": [111.287, 30.7]}, "properties": {"办件编号": "20240118000918", "事件": "建议", "类9": "管网安全", "方面": "安全韧性", "geocode_status": "region", "board": "安全韧性底线", "project_type": "市政管网", "社区": null, "村": null}}, {"type": "Feature", "geometry": {"type": "Point", "coordinates": [111.287, 30.7]}, "properties": {"办件编号": "20240118000769", "事件": "求助", "类9": "管网安全", "方面": "安全韧性", "geocode_status": "region", "board": "安全韧性底线", "project_type": "市政管网", "社区": null, "村": null}}, {"type": "Feature", "geometry": {"type": "Point", "coordinates": [111.287, 30.7]}, "properties": {"办件编号": "20240118000282", "事件": "求助", "类9": "管网安全", "方面": "安全韧性", "geocode_status": "region", "board": "安全韧性底线", "project_type": "市政管网", "社区": null, "村": null}}, {"type": "Feature", "geometry": {"type": "Point", "coordinates": [111.333, 30.655]}, "properties": {"办件编号": "20240118000227", "事件": "求助", "类9": "出行安全", "方面": "安全韧性", "geocode_status": "region", "board": "安全韧性底线", "project_type": "交通设施", "社区": null, "村": null}}, {"type": "Feature", "geometry": {"type": "Point", "coordinates": [111.408, 30.578]}, "properties": {"办件编号": "20240118000151", "事件": "求助", "类9": "管网安全", "方面": "安全韧性", "geocode_status": "region", "board": "安全韧性底线", "project_type": "市政管网", "社区": null, "村": null}}, {"type": "Feature", "geometry": {"type": "Point", "coordinates": [111.333, 30.655]}, "properties": {"办件编号": "20240117001015", "事件": "求助", "类9": "管网安全", "方面": "安全韧性", "geocode_status": "region", "board": "安全韧性底线", "project_type": "市政管网", "社区": null, "村": null}}, {"type": "Feature", "geometry": {"type": "Point", "coordinates": [111.305, 30.69]}, "properties": {"办件编号": "20240117000995", "事件": "投诉", "类9": "管网安全", "方面": "安全韧性", "geocode_status": "region", "board": "安全韧性底线", "project_type": "市政管网", "社区": null, "村": null}}, {"type": "Feature", "geometry": {"type": "Point", "coordinates": [111.287, 30.7]}, "properties": {"办件编号": "20240117000386", "事件": "求助", "类9": "出行安全", "方面": "安全韧性", "geocode_status": "region", "board": "安全韧性底线", "project_type": "交通设施", "社区": null, "村": null}}, {"type": "Feature", "geometry": {"type": "Point", "coordinates": [111.79, 30.821]}, "properties": {"办件编号": "20240117000390", "事件": "建议", "类9": "出行安全", "方面": "安全韧性", "geocode_status": "region", "board": "安全韧性底线", "project_type": "交通设施", "社区": null, "村": null}}, {"type": "Feature", "geometry": {"type": "Point", "coordinates": [111.305, 30.69]}, "properties": {"办件编号": "20240117000092", "事件": "投诉", "类9": "出行安全", "方面": "安全韧性", "geocode_status": "region", "board": "安全韧性底线", "project_type": "交通设施", "社区": null, "村": null}}, {"type": "Feature", "geometry": {"type": "Point", "coordinates": [111.408, 30.578]}, "properties": {"办件编号": "20240115000799", "事件": "建议", "类9": "出行安全", "方面": "安全韧性", "geocode_status": "region", "board": "安全韧性底线", "project_type": "交通设施", "社区": null, "村": null}}, {"type": "Feature", "geometry": {"type": "Point", "coordinates": [111.333, 30.655]}, "properties": {"办件编号": "20240115000551", "事件": "求助", "类9": "管网安全", "方面": "安全韧性", "geocode_status": "region", "board": "安全韧性底线", "project_type": "市政管网", "社区": null, "村": null}}, {"type": "Feature", "geometry": {"type": "Point", "coordinates": [111.287, 30.7]}, "properties": {"办件编号": "20240115000472", "事件": "求助", "类9": "管网安全", "方面": "安全韧性", "geocode_status": "region", "board": "安全韧性底线", "project_type": "市政管网", "社区": null, "村": null}}, {"type": "Feature", "geometry": {"type": "Point", "coordinates": [111.287, 30.7]}, "properties": {"办件编号": "20240115000421", "事件": "求助", "类9": "出行安全", "方面": "安全韧性", "geocode_status": "region", "board": "安全韧性底线", "project_type": "交通设施", "社区": null, "村": null}}, {"type": "Feature", "geometry": {"type": "Point", "coordinates": [111.287, 30.7]}, "properties": {"办件编号": "20240115000252", "事件": "求助", "类9": "管网安全", "方面": "安全韧性", "geocode_status": "region", "board": "安全韧性底线", "project_type": "市政管网", "社区": null, "村": null}}, {"type": "Feature", "geometry": {"type": "Point", "coordinates": [111.305, 30.69]}, "properties": {"办件编号": "20240115000209", "事件": "求助", "类9": "管网安全", "方面": "安全韧性", "geocode_status": "region", "board": "安全韧性底线", "project_type": "市政管网", "社区": null, "村": null}}, {"type": "Feature", "geometry": {"type": "Point", "coordinates": [111.408, 30.578]}, "properties": {"办件编号": "20240115000260", "事件": "建议", "类9": "出行安全", "方面": "安全韧性", "geocode_status": "region", "board": "安全韧性底线", "project_type": "交通设施", "社区": null, "村": null}}, {"type": "Feature", "geometry": {"type": "Point", "coordinates": [111.326, 30.77]}, "properties": {"办件编号": "20240114000250", "事件": "投诉", "类9": "消防安全", "方面": "安全韧性", "geocode_status": "region", "board": "安全韧性底线", "project_type": "安全消防", "社区": null, "村": null}}, {"type": "Feature", "geometry": {"type": "Point", "coordinates": [111.333, 30.655]}, "properties": {"办件编号": "20240113000471", "事件": "投诉", "类9": "消防安全", "方面": "安全韧性", "geocode_status": "region", "board": "安全韧性底线", "project_type": "安全消防", "社区": null, "村": null}}, {"type": "Feature", "geometry": {"type": "Point", "coordinates": [111.287, 30.7]}, "properties": {"办件编号": "20240112001258", "事件": "建议", "类9": "出行安全", "方面": "安全韧性", "geocode_status": "region", "board": "安全韧性底线", "project_type": "交通设施", "社区": null, "村": null}}, {"type": "Feature", "geometry": {"type": "Point", "coordinates": [111.287, 30.7]}, "properties": {"办件编号": "20240112000779", "事件": "求助", "类9": "管网安全", "方面": "安全韧性", "geocode_status": "region", "board": "安全韧性底线", "project_type": "市政管网", "社区": null, "村": null}}, {"type": "Feature", "geometry": {"type": "Point", "coordinates": [111.287, 30.7]}, "properties": {"办件编号": "20240112000190", "事件": "求助", "类9": "管网安全", "方面": "安全韧性", "geocode_status": "region", "board": "安全韧性底线", "project_type": "市政管网", "社区": null, "村": null}}, {"type": "Feature", "geometry": {"type": "Point", "coordinates": [111.333, 30.655]}, "properties": {"办件编号": "20240111001050", "事件": "求助", "类9": "管网安全", "方面": "安全韧性", "geocode_status": "region", "board": "安全韧性底线", "project_type": "市政管网", "社区": null, "村": null}}, {"type": "Feature", "geometry": {"type": "Point", "coordinates": [111.287, 30.7]}, "properties": {"办件编号": "20240111000330", "事件": "求助", "类9": "管网安全", "方面": "安全韧性", "geocode_status": "region", "board": "安全韧性底线", "project_type": "市政管网", "社区": null, "村": null}}, {"type": "Feature", "geometry": {"type": "Point", "coordinates": [111.287, 30.7]}, "properties": {"办件编号": "20240110000324", "事件": "求助", "类9": "管网安全", "方面": "安全韧性", "geocode_status": "region", "board": "安全韧性底线", "project_type": "市政管网", "社区": null, "村": null}}, {"type": "Feature", "geometry": {"type": "Point", "coordinates": [111.287, 30.7]}, "properties": {"办件编号": "20240110000297", "事件": "求助", "类9": "管网安全", "方面": "安全韧性", "geocode_status": "region", "board": "安全韧性底线", "project_type": "市政管网", "社区": null, "村": null}}, {"type": "Feature", "geometry": {"type": "Point", "coordinates": [111.287, 30.7]}, "properties": {"办件编号": "20240110000211", "事件": "求助", "类9": "管网安全", "方面": "安全韧性", "geocode_status": "region", "board": "安全韧性底线", "project_type": "市政管网", "社区": null, "村": null}}, {"type": "Feature", "geometry": {"type": "Point", "coordinates": [111.287, 30.7]}, "properties": {"办件编号": "20240109001203", "事件": "求助", "类9": "管网安全", "方面": "安全韧性", "geocode_status": "region", "board": "安全韧性底线", "project_type": "市政管网", "社区": null, "村": null}}, {"type": "Feature", "geometry": {"type": "Point", "coordinates": [111.287, 30.7]}, "properties": {"办件编号": "20240109000979", "事件": "求助", "类9": "管网安全", "方面": "安全韧性", "geocode_status": "region", "board": "安全韧性底线", "project_type": "市政管网", "社区": null, "村": null}}, {"type": "Feature", "geometry": {"type": "Point", "coordinates": [111.333, 30.655]}, "properties": {"办件编号": "20240109000025", "事件": "求助", "类9": "出行安全", "方面": "安全韧性", "geocode_status": "region", "board": "安全韧性底线", "project_type": "交通设施", "社区": null, "村": null}}, {"type": "Feature", "geometry": {"type": "Point", "coordinates": [111.333, 30.655]}, "properties": {"办件编号": "20240108001173", "事件": "求助", "类9": "管网安全", "方面": "安全韧性", "geocode_status": "region", "board": "安全韧性底线", "project_type": "市政管网", "社区": null, "村": null}}, {"type": "Feature", "geometry": {"type": "Point", "coordinates": [111.287, 30.7]}, "properties": {"办件编号": "20240108001023", "事件": "求助", "类9": "管网安全", "方面": "安全韧性", "geocode_status": "region", "board": "安全韧性底线", "project_type": "市政管网", "社区": null, "村": null}}, {"type": "Feature", "geometry": {"type": "Point", "coordinates": [111.287, 30.7]}, "properties": {"办件编号": "20240108000066", "事件": "求助", "类9": "管网安全", "方面": "安全韧性", "geocode_status": "region", "board": "安全韧性底线", "project_type": "市政管网", "社区": null, "村": null}}, {"type": "Feature", "geometry": {"type": "Point", "coordinates": [111.305, 30.69]}, "properties": {"办件编号": "20240106000487", "事件": "投诉", "类9": "管网安全", "方面": "安全韧性", "geocode_status": "region", "board": "安全韧性底线", "project_type": "市政管网", "社区": null, "村": null}}, {"type": "Feature", "geometry": {"type": "Point", "coordinates": [111.79, 30.821]}, "properties": {"办件编号": "20240105001215", "事件": "投诉", "类9": "出行安全", "方面": "安全韧性", "geocode_status": "region", "board": "安全韧性底线", "project_type": "交通设施", "社区": null, "村": null}}, {"type": "Feature", "geometry": {"type": "Point", "coordinates": [111.305, 30.69]}, "properties": {"办件编号": "20240105001077", "事件": "投诉", "类9": "出行安全", "方面": "安全韧性", "geocode_status": "region", "board": "安全韧性底线", "project_type": "交通设施", "社区": null, "村": null}}, {"type": "Feature", "geometry": {"type": "Point", "coordinates": [111.287, 30.7]}, "properties": {"办件编号": "20240104001163", "事件": "求助", "类9": "出行安全", "方面": "安全韧性", "geocode_status": "region", "board": "安全韧性底线", "project_type": "交通设施", "社区": null, "村": null}}, {"type": "Feature", "geometry": {"type": "Point", "coordinates": [111.333, 30.655]}, "properties": {"办件编号": "20240104001003", "事件": "求助", "类9": "出行安全", "方面": "安全韧性", "geocode_status": "region", "board": "安全韧性底线", "project_type": "交通设施", "社区": null, "村": null}}, {"type": "Feature", "geometry": {"type": "Point", "coordinates": [111.305, 30.69]}, "properties": {"办件编号": "20240104000984", "事件": "求助", "类9": "管网安全", "方面": "安全韧性", "geocode_status": "region", "board": "安全韧性底线", "project_type": "市政管网", "社区": null, "村": null}}, {"type": "Feature", "geometry": {"type": "Point", "coordinates": [111.287, 30.7]}, "properties": {"办件编号": "20240104000797", "事件": "求助", "类9": "管网安全", "方面": "安全韧性", "geocode_status": "region", "board": "安全韧性底线", "project_type": "市政管网", "社区": null, "村": null}}, {"type": "Feature", "geometry": {"type": "Point", "coordinates": [111.305, 30.69]}, "properties": {"办件编号": "20240104000490", "事件": "投诉", "类9": "管网安全", "方面": "安全韧性", "geocode_status": "region", "board": "安全韧性底线", "project_type": "市政管网", "社区": null, "村": null}}, {"type": "Feature", "geometry": {"type": "Point", "coordinates": [111.408, 30.578]}, "properties": {"办件编号": "20240103001048", "事件": "建议", "类9": "出行安全", "方面": "安全韧性", "geocode_status": "region", "board": "安全韧性底线", "project_type": "交通设施", "社区": null, "村": null}}, {"type": "Feature", "geometry": {"type": "Point", "coordinates": [111.287, 30.7]}, "properties": {"办件编号": "20240103000567", "事件": "求助", "类9": "管网安全", "方面": "安全韧性", "geocode_status": "region", "board": "安全韧性底线", "project_type": "市政管网", "社区": null, "村": null}}, {"type": "Feature", "geometry": {"type": "Point", "coordinates": [111.333, 30.655]}, "properties": {"办件编号": "20240103000521", "事件": "求助", "类9": "管网安全", "方面": "安全韧性", "geocode_status": "region", "board": "安全韧性底线", "project_type": "市政管网", "社区": null, "村": null}}, {"type": "Feature", "geometry": {"type": "Point", "coordinates": [111.333, 30.655]}, "properties": {"办件编号": "20240103000516", "事件": "求助", "类9": "管网安全", "方面": "安全韧性", "geocode_status": "region", "board": "安全韧性底线", "project_type": "市政管网", "社区": null, "村": null}}, {"type": "Feature", "geometry": {"type": "Point", "coordinates": [111.333, 30.655]}, "properties": {"办件编号": "20240103000515", "事件": "求助", "类9": "管网安全", "方面": "安全韧性", "geocode_status": "region", "board": "安全韧性底线", "project_type": "市政管网", "社区": null, "村": null}}, {"type": "Feature", "geometry": {"type": "Point", "coordinates": [111.287, 30.7]}, "properties": {"办件编号": "20240103000378", "事件": "求助", "类9": "管网安全", "方面": "安全韧性", "geocode_status": "region", "board": "安全韧性底线", "project_type": "市政管网", "社区": null, "村": null}}, {"type": "Feature", "geometry": {"type": "Point", "coordinates": [111.408, 30.578]}, "properties": {"办件编号": "20240103000238", "事件": "求助", "类9": "管网安全", "方面": "安全韧性", "geocode_status": "region", "board": "安全韧性底线", "project_type": "市政管网", "社区": null, "村": null}}, {"type": "Feature", "geometry": {"type": "Point", "coordinates": [111.305, 30.69]}, "properties": {"办件编号": "20240103000064", "事件": "投诉", "类9": "出行安全", "方面": "安全韧性", "geocode_status": "region", "board": "安全韧性底线", "project_type": "交通设施", "社区": null, "村": null}}, {"type": "Feature", "geometry": {"type": "Point", "coordinates": [111.79, 30.821]}, "properties": {"办件编号": "20240102000968", "事件": "投诉", "类9": "出行安全", "方面": "安全韧性", "geocode_status": "region", "board": "安全韧性底线", "project_type": "交通设施", "社区": null, "村": null}}, {"type": "Feature", "geometry": {"type": "Point", "coordinates": [111.287, 30.7]}, "properties": {"办件编号": "20240102000645", "事件": "建议", "类9": "出行安全", "方面": "安全韧性", "geocode_status": "region", "board": "安全韧性底线", "project_type": "交通设施", "社区": null, "村": null}}, {"type": "Feature", "geometry": {"type": "Point", "coordinates": [111.333, 30.655]}, "properties": {"办件编号": "20240102000510", "事件": "求助", "类9": "管网安全", "方面": "安全韧性", "geocode_status": "region", "board": "安全韧性底线", "project_type": "市政管网", "社区": null, "村": null}}, {"type": "Feature", "geometry": {"type": "Point", "coordinates": [111.268, 30.67]}, "properties": {"办件编号": "20240101000484", "事件": "投诉", "类9": "出行安全", "方面": "安全韧性", "geocode_status": "region", "board": "安全韧性底线", "project_type": "交通设施", "社区": null, "村": null}}, {"type": "Feature", "geometry": {"type": "Point", "coordinates": [111.287, 30.7]}, "properties": {"办件编号": "20240101000348", "事件": "求助", "类9": "管网安全", "方面": "安全韧性", "geocode_status": "region", "board": "安全韧性底线", "project_type": "市政管网", "社区": null, "村": null}}]}