id_e,scope,source,text,keywords,domain,element,score,polarity,polarity_hint,emotion_intensity,l1_confidence,l2_confidence,emotion_type,category,timestamp,time_label,urban_value,target_type,target_detail,area_tag,zone,has_location,relevance,aspect_primary,aspect_polarity,aspects_json,semantic_target,policy_seed,project_seed,matrix_multi,attribution_confidence,blind_spot,lon,lat
ermawu_T1_00000,ermawu,sim_ermawu_l3l4,保留原貌真有味道，修新如旧做得好,修旧如旧,urban_renewal,文化,0.449,Neutral,neu,0.702,0.888,0.844,盼,历史街区,2025-02-01,2025-02 春节·二马路一期开街爆满,0.703,aspect,修旧如旧,ermawu,ermawu,1,1,修旧如旧,neu,"[""修旧如旧""]",修旧如旧,防止大拆大建通知;关于持续推进城市更新行动的意见,历史街区/历史文化街区保护更新,"[[""urban_renewal"", ""文化"", ""主""], [""urban_operation"", ""文化"", ""次""]]",0.802,0,111.287258,30.694974
ermawu_T1_00001,ermawu,sim_ermawu_l3l4,盼着开街呢，老街改造进度有点慢,文旅活力,urban_operation,事件,0.422,Neutral,neu,0.574,0.809,0.73,盼,历史街区,2025-02-03,2025-02 春节·二马路一期开街爆满,0.548,aspect,文旅活力,ermawu,ermawu,1,1,文旅活力,neu,"[""文旅活力""]",文旅活力,"城市更新""十五五""规划(文脉保护;文旅)",文旅品牌;节假日活动组织,"[[""urban_operation"", ""事件"", ""主""], [""urban_operation"", ""文化"", ""次""]]",0.948,1,111.278064,30.701066
ermawu_T1_00002,ermawu,sim_ermawu_l3l4,烟火气这东西见仁见智,烟火气保留,urban_renewal,文化,0.511,Neutral,neu,0.639,0.752,0.732,急,历史街区,2025-02-08,2025-02 春节·二马路一期开街爆满,0.422,aspect,烟火气保留,ermawu,ermawu,1,1,烟火气保留,neu,"[""烟火气保留""]",烟火气保留,防止大拆大建通知(留改拆·留底线),历史街区保护更新;社区营造,"[[""urban_renewal"", ""文化"", ""主""], [""urban_renewal"", ""环境"", ""次""]]",0.92,0,111.281914,30.697302
ermawu_T1_00003,ermawu,sim_ermawu_l3l4,施工快收尾了，忍忍,施工扰民,urban_governance,环境,0.482,Neutral,neu,0.505,0.88,0.728,盼,历史街区,2025-02-06,2025-02 春节·二马路一期开街爆满,0.727,aspect,施工扰民,ermawu,ermawu,1,1,施工扰民,neu,"[""施工扰民""]",施工扰民,城市体检评估管理办法(施工期扰民),老旧小区改造;施工组织优化,"[[""urban_governance"", ""环境"", ""主""], [""urban_renewal"", ""设施"", ""次""]]",0.87,0,111.279991,30.694969
ermawu_T1_00004,ermawu,sim_ermawu_l3l4,回迁政策还在等落实,回迁安置,urban_renewal,服务,0.494,Neutral,neu,0.702,0.782,0.795,盼,历史街区,2025-02-07,2025-02 春节·二马路一期开街爆满,0.642,aspect,回迁安置,ermawu,ermawu,1,1,回迁安置,neu,"[""回迁安置""]",回迁安置,防止大拆大建通知(不大规模搬迁原住民),回迁安置;原住民保留,"[[""urban_renewal"", ""服务"", ""主""], [""urban_governance"", ""服务"", ""次""]]",0.773,0,111.288455,30.693534
ermawu_T1_00005,ermawu,sim_ermawu_l3l4,施工绕行太麻烦,施工扰民,urban_governance,环境,0.111,Very Negative,neg,0.647,0.748,0.826,哀,历史街区,2025-02-09,2025-02 春节·二马路一期开街爆满,0.543,aspect,施工扰民,ermawu,ermawu,1,1,施工扰民,neg,"[""施工扰民""]",施工扰民,城市体检评估管理办法(施工期扰民),老旧小区改造;施工组织优化,"[[""urban_governance"", ""环境"", ""主""], [""urban_renewal"", ""设施"", ""次""]]",0.854,0,111.285077,30.695869
ermawu_T1_00006,ermawu,sim_ermawu_l3l4,盼着开街呢，老街改造进度有点慢,文旅活力,urban_operation,事件,0.571,Neutral,neu,0.713,0.922,0.865,急,历史街区,2025-02-04,2025-02 春节·二马路一期开街爆满,0.85,aspect,文旅活力,ermawu,ermawu,1,1,文旅活力,neu,"[""文旅活力""]",文旅活力,"城市更新""十五五""规划(文脉保护;文旅)",文旅品牌;节假日活动组织,"[[""urban_operation"", ""事件"", ""主""], [""urban_operation"", ""文化"", ""次""]]",0.759,1,111.277969,30.692663
ermawu_T1_00007,ermawu,sim_ermawu_l3l4,业态单一，逛一次就够,业态丰富度,urban_operation,服务,0.094,Very Negative,neg,0.577,0.721,0.807,哀,历史街区,2025-02-05,2025-02 春节·二马路一期开街爆满,0.581,aspect,业态丰富度,ermawu,ermawu,1,1,业态丰富度,neg,"[""业态丰富度""]",业态丰富度,关于持续推进城市更新行动的意见(业态引导),业态多元化引导;业态调整,"[[""urban_operation"", ""服务"", ""主""], [""urban_renewal"", ""服务"", ""次""]]",0.9,0,111.280485,30.697813
ermawu_T1_00008,ermawu,sim_ermawu_l3l4,回迁政策还在等落实,回迁安置,urban_renewal,服务,0.449,Neutral,neu,0.795,0.885,0.754,盼,历史街区,2025-02-02,2025-02 春节·二马路一期开街爆满,0.839,aspect,回迁安置,ermawu,ermawu,1,1,回迁安置,neu,"[""回迁安置""]",回迁安置,防止大拆大建通知(不大规模搬迁原住民),回迁安置;原住民保留,"[[""urban_renewal"", ""服务"", ""主""], [""urban_governance"", ""服务"", ""次""]]",0.798,0,111.2788,30.698897
ermawu_T1_00009,ermawu,sim_ermawu_l3l4,开街后保洁跟上了,垃圾秩序,urban_governance,环境,0.869,Very Positive,pos,0.443,0.802,0.741,乐,历史街区,2025-02-04,2025-02 春节·二马路一期开街爆满,0.595,aspect,垃圾秩序,ermawu,ermawu,1,1,垃圾秩序,pos,"[""垃圾秩序""]",垃圾秩序,城市更新行动意见(市容治理),市容环境治理;垃圾分类,"[[""urban_governance"", ""环境"", ""主""], [""urban_governance"", ""服务"", ""次""]]",0.924,0,111.281086,30.693326
ermawu_T1_00010,ermawu,sim_ermawu_l3l4,施工绕行太麻烦,施工扰民,urban_governance,环境,0.332,Negative,neg,0.669,0.772,0.729,愁,历史街区,2025-02-04,2025-02 春节·二马路一期开街爆满,0.466,aspect,施工扰民,ermawu,ermawu,1,1,施工扰民,neg,"[""施工扰民""]",施工扰民,城市体检评估管理办法(施工期扰民),老旧小区改造;施工组织优化,"[[""urban_governance"", ""环境"", ""主""], [""urban_renewal"", ""设施"", ""次""]]",0.839,0,111.28648,30.695422
ermawu_T1_00011,ermawu,sim_ermawu_l3l4,施工绕行太麻烦,施工扰民,urban_governance,环境,0.171,Very Negative,neg,0.767,0.741,0.839,怒,历史街区,2025-02-07,2025-02 春节·二马路一期开街爆满,0.728,aspect,施工扰民,ermawu,ermawu,1,1,施工扰民,neg,"[""施工扰民""]",施工扰民,城市体检评估管理办法(施工期扰民),老旧小区改造;施工组织优化,"[[""urban_governance"", ""环境"", ""主""], [""urban_renewal"", ""设施"", ""次""]]",0.706,0,111.283178,30.692057
ermawu_T1_00012,ermawu,sim_ermawu_l3l4,业态单一，逛一次就够,业态丰富度,urban_operation,服务,0.109,Very Negative,neg,0.771,0.788,0.707,哀,历史街区,2025-02-01,2025-02 春节·二马路一期开街爆满,0.724,aspect,业态丰富度,ermawu,ermawu,1,1,业态丰富度,neg,"[""业态丰富度""]",业态丰富度,关于持续推进城市更新行动的意见(业态引导),业态多元化引导;业态调整,"[[""urban_operation"", ""服务"", ""主""], [""urban_renewal"", ""服务"", ""次""]]",0.769,0,111.277107,30.698995
ermawu_T1_00013,ermawu,sim_ermawu_l3l4,回迁政策还在等落实,回迁安置,urban_renewal,服务,0.486,Neutral,neu,0.684,0.734,0.885,急,历史街区,2025-02-01,2025-02 春节·二马路一期开街爆满,0.747,aspect,回迁安置,ermawu,ermawu,1,1,回迁安置,neu,"[""回迁安置""]",回迁安置,防止大拆大建通知(不大规模搬迁原住民),回迁安置;原住民保留,"[[""urban_renewal"", ""服务"", ""主""], [""urban_governance"", ""服务"", ""次""]]",0.919,0,111.28032,30.698456
ermawu_T1_00014,ermawu,sim_ermawu_l3l4,施工期灰尘大,施工扰民,urban_governance,环境,0.231,Very Negative,neg,0.649,0.922,0.852,愁,历史街区,2025-02-02,2025-02 春节·二马路一期开街爆满,0.56,aspect,施工扰民,ermawu,ermawu,1,1,施工扰民,neg,"[""施工扰民""]",施工扰民,城市体检评估管理办法(施工期扰民),老旧小区改造;施工组织优化,"[[""urban_governance"", ""环境"", ""主""], [""urban_renewal"", ""设施"", ""次""]]",0.756,0,111.27766,30.699242
ermawu_T1_00015,ermawu,sim_ermawu_l3l4,烟火气这东西见仁见智,烟火气保留,urban_renewal,文化,0.473,Neutral,neu,0.728,0.934,0.706,盼,历史街区,2025-02-09,2025-02 春节·二马路一期开街爆满,0.599,aspect,烟火气保留,ermawu,ermawu,1,1,烟火气保留,neu,"[""烟火气保留""]",烟火气保留,防止大拆大建通知(留改拆·留底线),历史街区保护更新;社区营造,"[[""urban_renewal"", ""文化"", ""主""], [""urban_renewal"", ""环境"", ""次""]]",0.835,0,111.276824,30.698127
ermawu_T1_00016,ermawu,sim_ermawu_l3l4,改造还在施工，吵得受不了,施工扰民,urban_governance,环境,0.307,Negative,neg,0.857,0.791,0.9,愁,历史街区,2025-02-02,2025-02 春节·二马路一期开街爆满,0.757,aspect,施工扰民,ermawu,ermawu,1,1,施工扰民,neg,"[""施工扰民""]",施工扰民,城市体检评估管理办法(施工期扰民),老旧小区改造;施工组织优化,"[[""urban_governance"", ""环境"", ""主""], [""urban_renewal"", ""设施"", ""次""]]",0.817,0,111.284501,30.692187
ermawu_T1_00017,ermawu,sim_ermawu_l3l4,施工绕行太麻烦,施工扰民,urban_governance,环境,0.192,Very Negative,neg,0.832,0.903,0.795,愁,历史街区,2025-02-08,2025-02 春节·二马路一期开街爆满,0.521,aspect,施工扰民,ermawu,ermawu,1,1,施工扰民,neg,"[""施工扰民""]",施工扰民,城市体检评估管理办法(施工期扰民),老旧小区改造;施工组织优化,"[[""urban_governance"", ""环境"", ""主""], [""urban_renewal"", ""设施"", ""次""]]",0.717,0,111.274257,30.696552
ermawu_T1_00018,ermawu,sim_ermawu_l3l4,开街后保洁跟上了,垃圾秩序,urban_governance,环境,0.506,Neutral,neu,0.61,0.851,0.836,急,历史街区,2025-02-09,2025-02 春节·二马路一期开街爆满,0.859,aspect,垃圾秩序,ermawu,ermawu,1,1,垃圾秩序,neu,"[""垃圾秩序""]",垃圾秩序,城市更新行动意见(市容治理),市容环境治理;垃圾分类,"[[""urban_governance"", ""环境"", ""主""], [""urban_governance"", ""服务"", ""次""]]",0.826,0,111.285607,30.696411
ermawu_T1_00019,ermawu,sim_ermawu_l3l4,期待焕新效果,文旅活力,urban_operation,事件,0.508,Neutral,neu,0.799,0.906,0.865,急,历史街区,2025-02-02,2025-02 春节·二马路一期开街爆满,0.699,aspect,文旅活力,ermawu,ermawu,1,1,文旅活力,neu,"[""文旅活力""]",文旅活力,"城市更新""十五五""规划(文脉保护;文旅)",文旅品牌;节假日活动组织,"[[""urban_operation"", ""事件"", ""主""], [""urban_operation"", ""文化"", ""次""]]",0.928,1,111.283712,30.692228
ermawu_T1_00020,ermawu,sim_ermawu_l3l4,业态还在调整中,业态丰富度,urban_operation,服务,0.425,Neutral,neu,0.42,0.811,0.707,盼,历史街区,2025-02-05,2025-02 春节·二马路一期开街爆满,0.667,aspect,业态丰富度,ermawu,ermawu,1,1,业态丰富度,neu,"[""业态丰富度""]",业态丰富度,关于持续推进城市更新行动的意见(业态引导),业态多元化引导;业态调整,"[[""urban_operation"", ""服务"", ""主""], [""urban_renewal"", ""服务"", ""次""]]",0.726,0,111.284744,30.690018
ermawu_T1_00021,ermawu,sim_ermawu_l3l4,施工期灰尘大,施工扰民,urban_governance,环境,0.187,Negative,neg,0.527,0.906,0.777,怒,历史街区,2025-02-07,2025-02 春节·二马路一期开街爆满,0.656,aspect,施工扰民,ermawu,ermawu,1,1,施工扰民,neg,"[""施工扰民""]",施工扰民,城市体检评估管理办法(施工期扰民),老旧小区改造;施工组织优化,"[[""urban_governance"", ""环境"", ""主""], [""urban_renewal"", ""设施"", ""次""]]",0.878,0,111.277285,30.694682
ermawu_T1_00022,ermawu,sim_ermawu_l3l4,施工绕行太麻烦,施工扰民,urban_governance,环境,0.08,Negative,neg,0.525,0.761,0.723,哀,历史街区,2025-02-05,2025-02 春节·二马路一期开街爆满,0.643,aspect,施工扰民,ermawu,ermawu,1,1,施工扰民,neg,"[""施工扰民""]",施工扰民,城市体检评估管理办法(施工期扰民),老旧小区改造;施工组织优化,"[[""urban_governance"", ""环境"", ""主""], [""urban_renewal"", ""设施"", ""次""]]",0.934,0,111.277938,30.697708
ermawu_T1_00023,ermawu,sim_ermawu_l3l4,开街后保洁跟上了,垃圾秩序,urban_governance,环境,0.461,Neutral,neu,0.507,0.872,0.727,急,历史街区,2025-02-10,2025-02 春节·二马路一期开街爆满,0.432,aspect,垃圾秩序,ermawu,ermawu,1,1,垃圾秩序,neu,"[""垃圾秩序""]",垃圾秩序,城市更新行动意见(市容治理),市容环境治理;垃圾分类,"[[""urban_governance"", ""环境"", ""主""], [""urban_governance"", ""服务"", ""次""]]",0.794,0,111.274279,30.698002
ermawu_T1_00024,ermawu,sim_ermawu_l3l4,回迁户型不满意,回迁安置,urban_renewal,服务,0.313,Negative,neg,0.775,0.898,0.909,愁,历史街区,2025-02-08,2025-02 春节·二马路一期开街爆满,0.534,aspect,回迁安置,ermawu,ermawu,1,1,回迁安置,neg,"[""回迁安置""]",回迁安置,防止大拆大建通知(不大规模搬迁原住民),回迁安置;原住民保留,"[[""urban_renewal"", ""服务"", ""主""], [""urban_governance"", ""服务"", ""次""]]",0.85,0,111.279512,30.698408
ermawu_T1_00025,ermawu,sim_ermawu_l3l4,期待焕新效果,文旅活力,urban_operation,事件,0.526,Neutral,neu,0.602,0.784,0.727,盼,历史街区,2025-02-09,2025-02 春节·二马路一期开街爆满,0.808,aspect,文旅活力,ermawu,ermawu,1,1,文旅活力,neu,"[""文旅活力""]",文旅活力,"城市更新""十五五""规划(文脉保护;文旅)",文旅品牌;节假日活动组织,"[[""urban_operation"", ""事件"", ""主""], [""urban_operation"", ""文化"", ""次""]]",0.815,1,111.288906,30.694804
ermawu_T1_00026,ermawu,sim_ermawu_l3l4,人太多挤得慌，根本走不动,文旅活力,urban_operation,事件,0.227,Very Negative,neg,0.826,0.833,0.788,怒,历史街区,2025-02-02,2025-02 春节·二马路一期开街爆满,0.851,aspect,文旅活力,ermawu,ermawu,1,1,文旅活力,neg,"[""文旅活力""]",文旅活力,"城市更新""十五五""规划(文脉保护;文旅)",文旅品牌;节假日活动组织,"[[""urban_operation"", ""事件"", ""主""], [""urban_operation"", ""文化"", ""次""]]",0.865,1,111.286892,30.694815
ermawu_T1_00027,ermawu,sim_ermawu_l3l4,施工期灰尘大,施工扰民,urban_governance,环境,0.144,Negative,neg,0.525,0.857,0.701,愁,历史街区,2025-02-01,2025-02 春节·二马路一期开街爆满,0.679,aspect,施工扰民,ermawu,ermawu,1,1,施工扰民,neg,"[""施工扰民""]",施工扰民,城市体检评估管理办法(施工期扰民),老旧小区改造;施工组织优化,"[[""urban_governance"", ""环境"", ""主""], [""urban_renewal"", ""设施"", ""次""]]",0.767,0,111.282853,30.69276
ermawu_T1_00028,ermawu,sim_ermawu_l3l4,盼着开街呢，老街改造进度有点慢,文旅活力,urban_operation,事件,0.536,Neutral,neu,0.611,0.812,0.71,盼,历史街区,2025-02-10,2025-02 春节·二马路一期开街爆满,0.749,aspect,文旅活力,ermawu,ermawu,1,1,文旅活力,neu,"[""文旅活力""]",文旅活力,"城市更新""十五五""规划(文脉保护;文旅)",文旅品牌;节假日活动组织,"[[""urban_operation"", ""事件"", ""主""], [""urban_operation"", ""文化"", ""次""]]",0.817,1,111.281746,30.699622
ermawu_T1_00029,ermawu,sim_ermawu_l3l4,既有文化味更有烟火气，难得,烟火气保留,urban_renewal,文化,0.905,Positive,pos,0.521,0.724,0.762,喜,历史街区,2025-02-02,2025-02 春节·二马路一期开街爆满,0.514,aspect,烟火气保留,ermawu,ermawu,1,1,烟火气保留,pos,"[""烟火气保留""]",烟火气保留,防止大拆大建通知(留改拆·留底线),历史街区保护更新;社区营造,"[[""urban_renewal"", ""文化"", ""主""], [""urban_renewal"", ""环境"", ""次""]]",0.824,0,111.285066,30.696081
ermawu_T1_00030,ermawu,sim_ermawu_l3l4,业态单一，逛一次就够,业态丰富度,urban_operation,服务,0.238,Negative,neg,0.505,0.881,0.871,哀,历史街区,2025-02-07,2025-02 春节·二马路一期开街爆满,0.436,aspect,业态丰富度,ermawu,ermawu,1,1,业态丰富度,neg,"[""业态丰富度""]",业态丰富度,关于持续推进城市更新行动的意见(业态引导),业态多元化引导;业态调整,"[[""urban_operation"", ""服务"", ""主""], [""urban_renewal"", ""服务"", ""次""]]",0.726,0,111.283125,30.692294
ermawu_T1_00031,ermawu,sim_ermawu_l3l4,二马路修旧如旧，百年老街焕发新生,修旧如旧,urban_renewal,文化,0.952,Very Positive,pos,0.306,0.929,0.762,乐,历史街区,2025-02-02,2025-02 春节·二马路一期开街爆满,0.803,aspect,修旧如旧,ermawu,ermawu,1,1,修旧如旧,pos,"[""修旧如旧""]",修旧如旧,防止大拆大建通知;关于持续推进城市更新行动的意见,历史街区/历史文化街区保护更新,"[[""urban_renewal"", ""文化"", ""主""], [""urban_operation"", ""文化"", ""次""]]",0.858,0,111.280987,30.697866
ermawu_T1_00032,ermawu,sim_ermawu_l3l4,开街后保洁跟上了,垃圾秩序,urban_governance,环境,0.452,Neutral,neu,0.463,0.848,0.865,盼,历史街区,2025-02-09,2025-02 春节·二马路一期开街爆满,0.504,aspect,垃圾秩序,ermawu,ermawu,1,1,垃圾秩序,neu,"[""垃圾秩序""]",垃圾秩序,城市更新行动意见(市容治理),市容环境治理;垃圾分类,"[[""urban_governance"", ""环境"", ""主""], [""urban_governance"", ""服务"", ""次""]]",0.877,0,111.278445,30.696627
ermawu_T1_00033,ermawu,sim_ermawu_l3l4,节假日保洁跟不上,垃圾秩序,urban_governance,环境,0.247,Negative,neg,0.923,0.722,0.877,愁,历史街区,2025-02-09,2025-02 春节·二马路一期开街爆满,0.666,aspect,垃圾秩序,ermawu,ermawu,1,1,垃圾秩序,neg,"[""垃圾秩序""]",垃圾秩序,城市更新行动意见(市容治理),市容环境治理;垃圾分类,"[[""urban_governance"", ""环境"", ""主""], [""urban_governance"", ""服务"", ""次""]]",0.942,0,111.278357,30.697913
ermawu_T1_00034,ermawu,sim_ermawu_l3l4,开街垃圾满地没人扫,垃圾秩序,urban_governance,环境,0.267,Very Negative,neg,0.51,0.724,0.825,怒,历史街区,2025-02-07,2025-02 春节·二马路一期开街爆满,0.598,aspect,垃圾秩序,ermawu,ermawu,1,1,垃圾秩序,neg,"[""垃圾秩序""]",垃圾秩序,城市更新行动意见(市容治理),市容环境治理;垃圾分类,"[[""urban_governance"", ""环境"", ""主""], [""urban_governance"", ""服务"", ""次""]]",0.831,0,111.283114,30.693629
ermawu_T1_00035,ermawu,sim_ermawu_l3l4,施工期灰尘大,施工扰民,urban_governance,环境,0.348,Negative,neg,0.938,0.938,0.784,愁,历史街区,2025-02-04,2025-02 春节·二马路一期开街爆满,0.875,aspect,施工扰民,ermawu,ermawu,1,1,施工扰民,neg,"[""施工扰民""]",施工扰民,城市体检评估管理办法(施工期扰民),老旧小区改造;施工组织优化,"[[""urban_governance"", ""环境"", ""主""], [""urban_renewal"", ""设施"", ""次""]]",0.846,0,111.282585,30.692651
ermawu_T1_00036,ermawu,sim_ermawu_l3l4,保留原貌真有味道，修新如旧做得好,修旧如旧,urban_renewal,文化,0.438,Neutral,neu,0.483,0.823,0.834,盼,历史街区,2025-02-10,2025-02 春节·二马路一期开街爆满,0.72,aspect,修旧如旧,ermawu,ermawu,1,1,修旧如旧,neu,"[""修旧如旧""]",修旧如旧,防止大拆大建通知;关于持续推进城市更新行动的意见,历史街区/历史文化街区保护更新,"[[""urban_renewal"", ""文化"", ""主""], [""urban_operation"", ""文化"", ""次""]]",0.836,0,111.282046,30.697575
ermawu_T1_00037,ermawu,sim_ermawu_l3l4,回迁户型不满意,回迁安置,urban_renewal,服务,0.11,Negative,neg,0.523,0.823,0.892,愁,历史街区,2025-02-02,2025-02 春节·二马路一期开街爆满,0.832,aspect,回迁安置,ermawu,ermawu,1,1,回迁安置,neg,"[""回迁安置""]",回迁安置,防止大拆大建通知(不大规模搬迁原住民),回迁安置;原住民保留,"[[""urban_renewal"", ""服务"", ""主""], [""urban_governance"", ""服务"", ""次""]]",0.839,0,111.278947,30.700577
ermawu_T1_00038,ermawu,sim_ermawu_l3l4,盼着开街呢，老街改造进度有点慢,文旅活力,urban_operation,事件,0.571,Neutral,neu,0.799,0.725,0.71,急,历史街区,2025-02-10,2025-02 春节·二马路一期开街爆满,0.581,aspect,文旅活力,ermawu,ermawu,1,1,文旅活力,neu,"[""文旅活力""]",文旅活力,"城市更新""十五五""规划(文脉保护;文旅)",文旅品牌;节假日活动组织,"[[""urban_operation"", ""事件"", ""主""], [""urban_operation"", ""文化"", ""次""]]",0.849,1,111.278763,30.700717
ermawu_T1_00039,ermawu,sim_ermawu_l3l4,老味道流失，可惜,烟火气保留,urban_renewal,文化,0.163,Very Negative,neg,0.811,0.811,0.727,愁,历史街区,2025-02-06,2025-02 春节·二马路一期开街爆满,0.809,aspect,烟火气保留,ermawu,ermawu,1,1,烟火气保留,neg,"[""烟火气保留""]",烟火气保留,防止大拆大建通知(留改拆·留底线),历史街区保护更新;社区营造,"[[""urban_renewal"", ""文化"", ""主""], [""urban_renewal"", ""环境"", ""次""]]",0.766,0,111.28209,30.692556
ermawu_T1_00040,ermawu,sim_ermawu_l3l4,开街后保洁跟上了,垃圾秩序,urban_governance,环境,0.565,Neutral,neu,0.712,0.801,0.719,急,历史街区,2025-02-06,2025-02 春节·二马路一期开街爆满,0.594,aspect,垃圾秩序,ermawu,ermawu,1,1,垃圾秩序,neu,"[""垃圾秩序""]",垃圾秩序,城市更新行动意见(市容治理),市容环境治理;垃圾分类,"[[""urban_governance"", ""环境"", ""主""], [""urban_governance"", ""服务"", ""次""]]",0.926,0,111.278611,30.700144
ermawu_T1_00041,ermawu,sim_ermawu_l3l4,施工绕行太麻烦,施工扰民,urban_governance,环境,0.221,Very Negative,neg,0.539,0.849,0.828,哀,历史街区,2025-02-05,2025-02 春节·二马路一期开街爆满,0.79,aspect,施工扰民,ermawu,ermawu,1,1,施工扰民,neg,"[""施工扰民""]",施工扰民,城市体检评估管理办法(施工期扰民),老旧小区改造;施工组织优化,"[[""urban_governance"", ""环境"", ""主""], [""urban_renewal"", ""设施"", ""次""]]",0.698,0,111.279874,30.695335
ermawu_T1_00042,ermawu,sim_ermawu_l3l4,施工快收尾了，忍忍,施工扰民,urban_governance,环境,0.454,Neutral,neu,0.785,0.781,0.812,盼,历史街区,2025-02-10,2025-02 春节·二马路一期开街爆满,0.718,aspect,施工扰民,ermawu,ermawu,1,1,施工扰民,neu,"[""施工扰民""]",施工扰民,城市体检评估管理办法(施工期扰民),老旧小区改造;施工组织优化,"[[""urban_governance"", ""环境"", ""主""], [""urban_renewal"", ""设施"", ""次""]]",0.755,0,111.276401,30.698532
ermawu_T1_00043,ermawu,sim_ermawu_l3l4,期待焕新效果,文旅活力,urban_operation,事件,0.412,Neutral,neu,0.665,0.816,0.774,急,历史街区,2025-02-05,2025-02 春节·二马路一期开街爆满,0.465,aspect,文旅活力,ermawu,ermawu,1,1,文旅活力,neu,"[""文旅活力""]",文旅活力,"城市更新""十五五""规划(文脉保护;文旅)",文旅品牌;节假日活动组织,"[[""urban_operation"", ""事件"", ""主""], [""urban_operation"", ""文化"", ""次""]]",0.69,1,111.282473,30.696081
ermawu_T1_00044,ermawu,sim_ermawu_l3l4,改造还在施工，吵得受不了,施工扰民,urban_governance,环境,0.357,Negative,neg,0.889,0.919,0.887,哀,历史街区,2025-02-07,2025-02 春节·二马路一期开街爆满,0.603,aspect,施工扰民,ermawu,ermawu,1,1,施工扰民,neg,"[""施工扰民""]",施工扰民,城市体检评估管理办法(施工期扰民),老旧小区改造;施工组织优化,"[[""urban_governance"", ""环境"", ""主""], [""urban_renewal"", ""设施"", ""次""]]",0.717,0,111.277838,30.699108
ermawu_T1_00045,ermawu,sim_ermawu_l3l4,停车太难，绕三圈找不到,停车难,urban_governance,设施,0.155,Very Negative,neg,0.615,0.882,0.712,哀,历史街区,2025-02-02,2025-02 春节·二马路一期开街爆满,0.561,aspect,停车难,ermawu,ermawu,1,1,停车难,neg,"[""停车难""]",停车难,完整社区(配套设施补齐);一刻钟生活圈,停车设施补齐;配套完善,"[[""urban_governance"", ""设施"", ""主""], [""urban_planning"", ""设施"", ""次""]]",0.947,0,111.284153,30.69287
ermawu_T1_00046,ermawu,sim_ermawu_l3l4,回迁安置拖很久,回迁安置,urban_renewal,服务,0.282,Very Negative,neg,0.565,0.905,0.849,愁,历史街区,2025-02-04,2025-02 春节·二马路一期开街爆满,0.835,aspect,回迁安置,ermawu,ermawu,1,1,回迁安置,neg,"[""回迁安置""]",回迁安置,防止大拆大建通知(不大规模搬迁原住民),回迁安置;原住民保留,"[[""urban_renewal"", ""服务"", ""主""], [""urban_governance"", ""服务"", ""次""]]",0.86,0,111.286372,30.695018
ermawu_T1_00047,ermawu,sim_ermawu_l3l4,人太多挤得慌，根本走不动,文旅活力,urban_operation,事件,0.16,Very Negative,neg,0.799,0.726,0.751,怒,历史街区,2025-02-02,2025-02 春节·二马路一期开街爆满,0.626,aspect,文旅活力,ermawu,ermawu,1,1,文旅活力,neg,"[""文旅活力""]",文旅活力,"城市更新""十五五""规划(文脉保护;文旅)",文旅品牌;节假日活动组织,"[[""urban_operation"", ""事件"", ""主""], [""urban_operation"", ""文化"", ""次""]]",0.709,1,111.283395,30.695136
ermawu_T1_00048,ermawu,sim_ermawu_l3l4,业态单一，逛一次就够,业态丰富度,urban_operation,服务,0.075,Negative,neg,0.876,0.726,0.76,愁,历史街区,2025-02-03,2025-02 春节·二马路一期开街爆满,0.82,aspect,业态丰富度,ermawu,ermawu,1,1,业态丰富度,neg,"[""业态丰富度""]",业态丰富度,关于持续推进城市更新行动的意见(业态引导),业态多元化引导;业态调整,"[[""urban_operation"", ""服务"", ""主""], [""urban_renewal"", ""服务"", ""次""]]",0.77,0,111.278819,30.700988
ermawu_T1_00049,ermawu,sim_ermawu_l3l4,业态单一，逛一次就够,业态丰富度,urban_operation,服务,0.306,Very Negative,neg,0.555,0.859,0.816,哀,历史街区,2025-02-01,2025-02 春节·二马路一期开街爆满,0.749,aspect,业态丰富度,ermawu,ermawu,1,1,业态丰富度,neg,"[""业态丰富度""]",业态丰富度,关于持续推进城市更新行动的意见(业态引导),业态多元化引导;业态调整,"[[""urban_operation"", ""服务"", ""主""], [""urban_renewal"", ""服务"", ""次""]]",0.732,0,111.279215,30.692674
ermawu_T1_00050,ermawu,sim_ermawu_l3l4,不变拆真改，原汁原味加分,修旧如旧,urban_renewal,文化,0.678,Very Positive,pos,0.309,0.849,0.839,乐,历史街区,2025-02-01,2025-02 春节·二马路一期开街爆满,0.879,aspect,修旧如旧,ermawu,ermawu,1,1,修旧如旧,pos,"[""修旧如旧""]",修旧如旧,防止大拆大建通知;关于持续推进城市更新行动的意见,历史街区/历史文化街区保护更新,"[[""urban_renewal"", ""文化"", ""主""], [""urban_operation"", ""文化"", ""次""]]",0.773,0,111.282086,30.692296
ermawu_T1_00051,ermawu,sim_ermawu_l3l4,业态单一，逛一次就够,业态丰富度,urban_operation,服务,0.177,Negative,neg,0.581,0.789,0.755,怒,历史街区,2025-02-07,2025-02 春节·二马路一期开街爆满,0.736,aspect,业态丰富度,ermawu,ermawu,1,1,业态丰富度,neg,"[""业态丰富度""]",业态丰富度,关于持续推进城市更新行动的意见(业态引导),业态多元化引导;业态调整,"[[""urban_operation"", ""服务"", ""主""], [""urban_renewal"", ""服务"", ""次""]]",0.909,0,111.27543,30.700728
ermawu_T1_00052,ermawu,sim_ermawu_l3l4,回迁户型不满意,回迁安置,urban_renewal,服务,0.082,Negative,neg,0.562,0.912,0.733,愁,历史街区,2025-02-03,2025-02 春节·二马路一期开街爆满,0.764,aspect,回迁安置,ermawu,ermawu,1,1,回迁安置,neg,"[""回迁安置""]",回迁安置,防止大拆大建通知(不大规模搬迁原住民),回迁安置;原住民保留,"[[""urban_renewal"", ""服务"", ""主""], [""urban_governance"", ""服务"", ""次""]]",0.858,0,111.278687,30.6978
ermawu_T1_00053,ermawu,sim_ermawu_l3l4,施工期灰尘大,施工扰民,urban_governance,环境,0.398,Very Negative,neg,0.566,0.795,0.741,怒,历史街区,2025-02-08,2025-02 春节·二马路一期开街爆满,0.498,aspect,施工扰民,ermawu,ermawu,1,1,施工扰民,neg,"[""施工扰民""]",施工扰民,城市体检评估管理办法(施工期扰民),老旧小区改造;施工组织优化,"[[""urban_governance"", ""环境"", ""主""], [""urban_renewal"", ""设施"", ""次""]]",0.924,0,111.283684,30.692828
ermawu_T1_00054,ermawu,sim_ermawu_l3l4,节假日保洁跟不上,垃圾秩序,urban_governance,环境,0.282,Very Negative,neg,0.763,0.81,0.755,哀,历史街区,2025-02-06,2025-02 春节·二马路一期开街爆满,0.737,aspect,垃圾秩序,ermawu,ermawu,1,1,垃圾秩序,neg,"[""垃圾秩序""]",垃圾秩序,城市更新行动意见(市容治理),市容环境治理;垃圾分类,"[[""urban_governance"", ""环境"", ""主""], [""urban_governance"", ""服务"", ""次""]]",0.725,0,111.279855,30.697287
ermawu_T1_00055,ermawu,sim_ermawu_l3l4,期待焕新效果,文旅活力,urban_operation,事件,0.481,Neutral,neu,0.592,0.812,0.907,盼,历史街区,2025-02-01,2025-02 春节·二马路一期开街爆满,0.762,aspect,文旅活力,ermawu,ermawu,1,1,文旅活力,neu,"[""文旅活力""]",文旅活力,"城市更新""十五五""规划(文脉保护;文旅)",文旅品牌;节假日活动组织,"[[""urban_operation"", ""事件"", ""主""], [""urban_operation"", ""文化"", ""次""]]",0.835,1,111.28333,30.692179
ermawu_T1_00056,ermawu,sim_ermawu_l3l4,改造还在施工，吵得受不了,施工扰民,urban_governance,环境,0.112,Very Negative,neg,0.67,0.847,0.796,怒,历史街区,2025-02-05,2025-02 春节·二马路一期开街爆满,0.407,aspect,施工扰民,ermawu,ermawu,1,1,施工扰民,neg,"[""施工扰民""]",施工扰民,城市体检评估管理办法(施工期扰民),老旧小区改造;施工组织优化,"[[""urban_governance"", ""环境"", ""主""], [""urban_renewal"", ""设施"", ""次""]]",0.755,0,111.28468,30.696522
ermawu_T1_00057,ermawu,sim_ermawu_l3l4,二马路修旧如旧，百年老街焕发新生,修旧如旧,urban_renewal,文化,0.414,Neutral,neu,0.31,0.898,0.853,急,历史街区,2025-02-09,2025-02 春节·二马路一期开街爆满,0.671,aspect,修旧如旧,ermawu,ermawu,1,1,修旧如旧,neu,"[""修旧如旧""]",修旧如旧,防止大拆大建通知;关于持续推进城市更新行动的意见,历史街区/历史文化街区保护更新,"[[""urban_renewal"", ""文化"", ""主""], [""urban_operation"", ""文化"", ""次""]]",0.772,0,111.287595,30.694884
ermawu_T1_00058,ermawu,sim_ermawu_l3l4,五一10万人，体验拉胯,文旅活力,urban_operation,事件,0.367,Negative,neg,0.53,0.911,0.761,怒,历史街区,2025-02-08,2025-02 春节·二马路一期开街爆满,0.431,aspect,文旅活力,ermawu,ermawu,1,1,文旅活力,neg,"[""文旅活力""]",文旅活力,"城市更新""十五五""规划(文脉保护;文旅)",文旅品牌;节假日活动组织,"[[""urban_operation"", ""事件"", ""主""], [""urban_operation"", ""文化"", ""次""]]",0.723,1,111.283542,30.695406
ermawu_T1_00059,ermawu,sim_ermawu_l3l4,施工绕行太麻烦,施工扰民,urban_governance,环境,0.357,Very Negative,neg,0.64,0.874,0.838,怒,历史街区,2025-02-02,2025-02 春节·二马路一期开街爆满,0.43,aspect,施工扰民,ermawu,ermawu,1,1,施工扰民,neg,"[""施工扰民""]",施工扰民,城市体检评估管理办法(施工期扰民),老旧小区改造;施工组织优化,"[[""urban_governance"", ""环境"", ""主""], [""urban_renewal"", ""设施"", ""次""]]",0.69,0,111.276631,30.69652
ermawu_T1_00060,ermawu,sim_ermawu_l3l4,人多秩序乱，占道,垃圾秩序,urban_governance,环境,0.048,Negative,neg,0.918,0.764,0.801,怒,历史街区,2025-02-08,2025-02 春节·二马路一期开街爆满,0.772,aspect,垃圾秩序,ermawu,ermawu,1,1,垃圾秩序,neg,"[""垃圾秩序""]",垃圾秩序,城市更新行动意见(市容治理),市容环境治理;垃圾分类,"[[""urban_governance"", ""环境"", ""主""], [""urban_governance"", ""服务"", ""次""]]",0.798,0,111.280613,30.701205
ermawu_T1_00061,ermawu,sim_ermawu_l3l4,人太多挤得慌，根本走不动,文旅活力,urban_operation,事件,0.174,Negative,neg,0.758,0.852,0.842,怒,历史街区,2025-02-09,2025-02 春节·二马路一期开街爆满,0.47,aspect,文旅活力,ermawu,ermawu,1,1,文旅活力,neg,"[""文旅活力""]",文旅活力,"城市更新""十五五""规划(文脉保护;文旅)",文旅品牌;节假日活动组织,"[[""urban_operation"", ""事件"", ""主""], [""urban_operation"", ""文化"", ""次""]]",0.748,1,111.280499,30.695925
ermawu_T1_00062,ermawu,sim_ermawu_l3l4,回迁安置拖很久,回迁安置,urban_renewal,服务,0.214,Negative,neg,0.854,0.76,0.814,哀,历史街区,2025-02-09,2025-02 春节·二马路一期开街爆满,0.743,aspect,回迁安置,ermawu,ermawu,1,1,回迁安置,neg,"[""回迁安置""]",回迁安置,防止大拆大建通知(不大规模搬迁原住民),回迁安置;原住民保留,"[[""urban_renewal"", ""服务"", ""主""], [""urban_governance"", ""服务"", ""次""]]",0.81,0,111.277036,30.69958
ermawu_T1_00063,ermawu,sim_ermawu_l3l4,回迁户型不满意,回迁安置,urban_renewal,服务,0.166,Negative,neg,0.873,0.746,0.825,愁,历史街区,2025-02-09,2025-02 春节·二马路一期开街爆满,0.651,aspect,回迁安置,ermawu,ermawu,1,1,回迁安置,neg,"[""回迁安置""]",回迁安置,防止大拆大建通知(不大规模搬迁原住民),回迁安置;原住民保留,"[[""urban_renewal"", ""服务"", ""主""], [""urban_governance"", ""服务"", ""次""]]",0.803,0,111.27659,30.695654
ermawu_T1_00064,ermawu,sim_ermawu_l3l4,节假日停车地狱,停车难,urban_governance,设施,0.239,Negative,neg,0.654,0.846,0.736,哀,历史街区,2025-02-10,2025-02 春节·二马路一期开街爆满,0.405,aspect,停车难,ermawu,ermawu,1,1,停车难,neg,"[""停车难""]",停车难,完整社区(配套设施补齐);一刻钟生活圈,停车设施补齐;配套完善,"[[""urban_governance"", ""设施"", ""主""], [""urban_planning"", ""设施"", ""次""]]",0.907,0,111.279011,30.696222
ermawu_T1_00065,ermawu,sim_ermawu_l3l4,节假日保洁跟不上,垃圾秩序,urban_governance,环境,0.381,Very Negative,neg,0.508,0.735,0.913,哀,历史街区,2025-02-01,2025-02 春节·二马路一期开街爆满,0.506,aspect,垃圾秩序,ermawu,ermawu,1,1,垃圾秩序,neg,"[""垃圾秩序""]",垃圾秩序,城市更新行动意见(市容治理),市容环境治理;垃圾分类,"[[""urban_governance"", ""环境"", ""主""], [""urban_governance"", ""服务"", ""次""]]",0.929,0,111.281014,30.697319
ermawu_T1_00066,ermawu,sim_ermawu_l3l4,人多秩序乱，占道,垃圾秩序,urban_governance,环境,0.157,Negative,neg,0.909,0.829,0.749,哀,历史街区,2025-02-10,2025-02 春节·二马路一期开街爆满,0.861,aspect,垃圾秩序,ermawu,ermawu,1,1,垃圾秩序,neg,"[""垃圾秩序""]",垃圾秩序,城市更新行动意见(市容治理),市容环境治理;垃圾分类,"[[""urban_governance"", ""环境"", ""主""], [""urban_governance"", ""服务"", ""次""]]",0.757,0,111.28375,30.695401
ermawu_T1_00067,ermawu,sim_ermawu_l3l4,施工快收尾了，忍忍,施工扰民,urban_governance,环境,0.401,Neutral,neu,0.651,0.855,0.754,盼,历史街区,2025-02-06,2025-02 春节·二马路一期开街爆满,0.623,aspect,施工扰民,ermawu,ermawu,1,1,施工扰民,neu,"[""施工扰民""]",施工扰民,城市体检评估管理办法(施工期扰民),老旧小区改造;施工组织优化,"[[""urban_governance"", ""环境"", ""主""], [""urban_renewal"", ""设施"", ""次""]]",0.731,0,111.279411,30.698165
ermawu_T1_00068,ermawu,sim_ermawu_l3l4,施工期灰尘大,施工扰民,urban_governance,环境,0.336,Very Negative,neg,0.632,0.809,0.725,怒,历史街区,2025-02-04,2025-02 春节·二马路一期开街爆满,0.755,aspect,施工扰民,ermawu,ermawu,1,1,施工扰民,neg,"[""施工扰民""]",施工扰民,城市体检评估管理办法(施工期扰民),老旧小区改造;施工组织优化,"[[""urban_governance"", ""环境"", ""主""], [""urban_renewal"", ""设施"", ""次""]]",0.936,0,111.283643,30.698393
ermawu_T1_00069,ermawu,sim_ermawu_l3l4,施工期灰尘大,施工扰民,urban_governance,环境,0.265,Negative,neg,0.843,0.857,0.81,哀,历史街区,2025-02-08,2025-02 春节·二马路一期开街爆满,0.654,aspect,施工扰民,ermawu,ermawu,1,1,施工扰民,neg,"[""施工扰民""]",施工扰民,城市体检评估管理办法(施工期扰民),老旧小区改造;施工组织优化,"[[""urban_governance"", ""环境"", ""主""], [""urban_renewal"", ""设施"", ""次""]]",0.889,0,111.280243,30.694605
ermawu_T1_00070,ermawu,sim_ermawu_l3l4,改造还在施工，吵得受不了,施工扰民,urban_governance,环境,0.323,Very Negative,neg,0.877,0.866,0.915,怒,历史街区,2025-02-04,2025-02 春节·二马路一期开街爆满,0.75,aspect,施工扰民,ermawu,ermawu,1,1,施工扰民,neg,"[""施工扰民""]",施工扰民,城市体检评估管理办法(施工期扰民),老旧小区改造;施工组织优化,"[[""urban_governance"", ""环境"", ""主""], [""urban_renewal"", ""设施"", ""次""]]",0.836,0,111.276243,30.69748
ermawu_T1_00071,ermawu,sim_ermawu_l3l4,回迁政策还在等落实,回迁安置,urban_renewal,服务,0.583,Neutral,neu,0.781,0.808,0.72,盼,历史街区,2025-02-07,2025-02 春节·二马路一期开街爆满,0.546,aspect,回迁安置,ermawu,ermawu,1,1,回迁安置,neu,"[""回迁安置""]",回迁安置,防止大拆大建通知(不大规模搬迁原住民),回迁安置;原住民保留,"[[""urban_renewal"", ""服务"", ""主""], [""urban_governance"", ""服务"", ""次""]]",0.791,0,111.280102,30.700955
ermawu_T1_00072,ermawu,sim_ermawu_l3l4,回迁政策还在等落实,回迁安置,urban_renewal,服务,0.475,Neutral,neu,0.548,0.729,0.814,盼,历史街区,2025-02-02,2025-02 春节·二马路一期开街爆满,0.534,aspect,回迁安置,ermawu,ermawu,1,1,回迁安置,neu,"[""回迁安置""]",回迁安置,防止大拆大建通知(不大规模搬迁原住民),回迁安置;原住民保留,"[[""urban_renewal"", ""服务"", ""主""], [""urban_governance"", ""服务"", ""次""]]",0.698,0,111.280174,30.695127
ermawu_T1_00073,ermawu,sim_ermawu_l3l4,五一10万人，体验拉胯,文旅活力,urban_operation,事件,0.062,Very Negative,neg,0.714,0.785,0.707,怒,历史街区,2025-02-10,2025-02 春节·二马路一期开街爆满,0.468,aspect,文旅活力,ermawu,ermawu,1,1,文旅活力,neg,"[""文旅活力""]",文旅活力,"城市更新""十五五""规划(文脉保护;文旅)",文旅品牌;节假日活动组织,"[[""urban_operation"", ""事件"", ""主""], [""urban_operation"", ""文化"", ""次""]]",0.94,1,111.282562,30.695095
ermawu_T1_00074,ermawu,sim_ermawu_l3l4,回迁户型不满意,回迁安置,urban_renewal,服务,0.363,Very Negative,neg,0.674,0.78,0.811,哀,历史街区,2025-02-08,2025-02 春节·二马路一期开街爆满,0.654,aspect,回迁安置,ermawu,ermawu,1,1,回迁安置,neg,"[""回迁安置""]",回迁安置,防止大拆大建通知(不大规模搬迁原住民),回迁安置;原住民保留,"[[""urban_renewal"", ""服务"", ""主""], [""urban_governance"", ""服务"", ""次""]]",0.746,0,111.286518,30.693947
ermawu_T1_00075,ermawu,sim_ermawu_l3l4,盼着开街呢，老街改造进度有点慢,文旅活力,urban_operation,事件,0.554,Neutral,neu,0.76,0.803,0.723,盼,历史街区,2025-02-06,2025-02 春节·二马路一期开街爆满,0.758,aspect,文旅活力,ermawu,ermawu,1,1,文旅活力,neu,"[""文旅活力""]",文旅活力,"城市更新""十五五""规划(文脉保护;文旅)",文旅品牌;节假日活动组织,"[[""urban_operation"", ""事件"", ""主""], [""urban_operation"", ""文化"", ""次""]]",0.848,1,111.284428,30.694099
ermawu_T1_00076,ermawu,sim_ermawu_l3l4,改造还在施工，吵得受不了,施工扰民,urban_governance,环境,0.159,Negative,neg,0.945,0.728,0.863,怒,历史街区,2025-02-07,2025-02 春节·二马路一期开街爆满,0.721,aspect,施工扰民,ermawu,ermawu,1,1,施工扰民,neg,"[""施工扰民""]",施工扰民,城市体检评估管理办法(施工期扰民),老旧小区改造;施工组织优化,"[[""urban_governance"", ""环境"", ""主""], [""urban_renewal"", ""设施"", ""次""]]",0.732,0,111.278603,30.693735
ermawu_T1_00077,ermawu,sim_ermawu_l3l4,既有文化味更有烟火气，难得,烟火气保留,urban_renewal,文化,0.669,Positive,pos,0.536,0.946,0.905,乐,历史街区,2025-02-04,2025-02 春节·二马路一期开街爆满,0.558,aspect,烟火气保留,ermawu,ermawu,1,1,烟火气保留,pos,"[""烟火气保留""]",烟火气保留,防止大拆大建通知(留改拆·留底线),历史街区保护更新;社区营造,"[[""urban_renewal"", ""文化"", ""主""], [""urban_renewal"", ""环境"", ""次""]]",0.757,0,111.277043,30.699031
ermawu_T1_00078,ermawu,sim_ermawu_l3l4,施工快收尾了，忍忍,施工扰民,urban_governance,环境,0.545,Neutral,neu,0.419,0.885,0.782,急,历史街区,2025-02-04,2025-02 春节·二马路一期开街爆满,0.668,aspect,施工扰民,ermawu,ermawu,1,1,施工扰民,neu,"[""施工扰民""]",施工扰民,城市体检评估管理办法(施工期扰民),老旧小区改造;施工组织优化,"[[""urban_governance"", ""环境"", ""主""], [""urban_renewal"", ""设施"", ""次""]]",0.828,0,111.2804,30.701132
ermawu_T1_00079,ermawu,sim_ermawu_l3l4,保留原貌真有味道，修新如旧做得好,修旧如旧,urban_renewal,文化,0.892,Very Positive,pos,0.675,0.766,0.914,乐,历史街区,2025-02-01,2025-02 春节·二马路一期开街爆满,0.637,aspect,修旧如旧,ermawu,ermawu,1,1,修旧如旧,pos,"[""修旧如旧""]",修旧如旧,防止大拆大建通知;关于持续推进城市更新行动的意见,历史街区/历史文化街区保护更新,"[[""urban_renewal"", ""文化"", ""主""], [""urban_operation"", ""文化"", ""次""]]",0.931,0,111.275266,30.699065
ermawu_T1_00080,ermawu,sim_ermawu_l3l4,业态都同质化了，走哪都一样,业态丰富度,urban_operation,服务,0.3,Negative,neg,0.823,0.804,0.721,愁,历史街区,2025-02-05,2025-02 春节·二马路一期开街爆满,0.503,aspect,业态丰富度,ermawu,ermawu,1,1,业态丰富度,neg,"[""业态丰富度""]",业态丰富度,关于持续推进城市更新行动的意见(业态引导),业态多元化引导;业态调整,"[[""urban_operation"", ""服务"", ""主""], [""urban_renewal"", ""服务"", ""次""]]",0.766,0,111.280301,30.694067
ermawu_T1_00081,ermawu,sim_ermawu_l3l4,盼着开街呢，老街改造进度有点慢,文旅活力,urban_operation,事件,0.547,Neutral,neu,0.584,0.926,0.912,急,历史街区,2025-02-03,2025-02 春节·二马路一期开街爆满,0.793,aspect,文旅活力,ermawu,ermawu,1,1,文旅活力,neu,"[""文旅活力""]",文旅活力,"城市更新""十五五""规划(文脉保护;文旅)",文旅品牌;节假日活动组织,"[[""urban_operation"", ""事件"", ""主""], [""urban_operation"", ""文化"", ""次""]]",0.713,1,111.276176,30.697077
ermawu_T1_00082,ermawu,sim_ermawu_l3l4,节假日保洁跟不上,垃圾秩序,urban_governance,环境,0.351,Very Negative,neg,0.753,0.942,0.899,愁,历史街区,2025-02-06,2025-02 春节·二马路一期开街爆满,0.586,aspect,垃圾秩序,ermawu,ermawu,1,1,垃圾秩序,neg,"[""垃圾秩序""]",垃圾秩序,城市更新行动意见(市容治理),市容环境治理;垃圾分类,"[[""urban_governance"", ""环境"", ""主""], [""urban_governance"", ""服务"", ""次""]]",0.766,0,111.286535,30.697964
ermawu_T1_00083,ermawu,sim_ermawu_l3l4,人太多挤得慌，根本走不动,文旅活力,urban_operation,事件,0.383,Very Negative,neg,0.528,0.824,0.877,愁,历史街区,2025-02-05,2025-02 春节·二马路一期开街爆满,0.877,aspect,文旅活力,ermawu,ermawu,1,1,文旅活力,neg,"[""文旅活力""]",文旅活力,"城市更新""十五五""规划(文脉保护;文旅)",文旅品牌;节假日活动组织,"[[""urban_operation"", ""事件"", ""主""], [""urban_operation"", ""文化"", ""次""]]",0.711,1,111.283649,30.691892
ermawu_T1_00084,ermawu,sim_ermawu_l3l4,烟火气没了，商业化太重,烟火气保留,urban_renewal,文化,0.239,Negative,neg,0.597,0.905,0.86,怒,历史街区,2025-02-10,2025-02 春节·二马路一期开街爆满,0.669,aspect,烟火气保留,ermawu,ermawu,1,1,烟火气保留,neg,"[""烟火气保留""]",烟火气保留,防止大拆大建通知(留改拆·留底线),历史街区保护更新;社区营造,"[[""urban_renewal"", ""文化"", ""主""], [""urban_renewal"", ""环境"", ""次""]]",0.794,0,111.281066,30.697344
ermawu_T1_00085,ermawu,sim_ermawu_l3l4,节假日保洁跟不上,垃圾秩序,urban_governance,环境,0.347,Negative,neg,0.612,0.92,0.774,怒,历史街区,2025-02-06,2025-02 春节·二马路一期开街爆满,0.732,aspect,垃圾秩序,ermawu,ermawu,1,1,垃圾秩序,neg,"[""垃圾秩序""]",垃圾秩序,城市更新行动意见(市容治理),市容环境治理;垃圾分类,"[[""urban_governance"", ""环境"", ""主""], [""urban_governance"", ""服务"", ""次""]]",0.681,0,111.285118,30.689937
ermawu_T1_00086,ermawu,sim_ermawu_l3l4,节假日保洁跟不上,垃圾秩序,urban_governance,环境,0.061,Negative,neg,0.773,0.826,0.91,哀,历史街区,2025-02-09,2025-02 春节·二马路一期开街爆满,0.59,aspect,垃圾秩序,ermawu,ermawu,1,1,垃圾秩序,neg,"[""垃圾秩序""]",垃圾秩序,城市更新行动意见(市容治理),市容环境治理;垃圾分类,"[[""urban_governance"", ""环境"", ""主""], [""urban_governance"", ""服务"", ""次""]]",0.841,0,111.277205,30.699133
ermawu_T1_00087,ermawu,sim_ermawu_l3l4,改造还在施工，吵得受不了,施工扰民,urban_governance,环境,0.188,Very Negative,neg,0.914,0.791,0.795,怒,历史街区,2025-02-05,2025-02 春节·二马路一期开街爆满,0.697,aspect,施工扰民,ermawu,ermawu,1,1,施工扰民,neg,"[""施工扰民""]",施工扰民,城市体检评估管理办法(施工期扰民),老旧小区改造;施工组织优化,"[[""urban_governance"", ""环境"", ""主""], [""urban_renewal"", ""设施"", ""次""]]",0.9,0,111.275413,30.699378
ermawu_T1_00088,ermawu,sim_ermawu_l3l4,回迁户型不满意,回迁安置,urban_renewal,服务,0.129,Negative,neg,0.69,0.845,0.88,愁,历史街区,2025-02-07,2025-02 春节·二马路一期开街爆满,0.787,aspect,回迁安置,ermawu,ermawu,1,1,回迁安置,neg,"[""回迁安置""]",回迁安置,防止大拆大建通知(不大规模搬迁原住民),回迁安置;原住民保留,"[[""urban_renewal"", ""服务"", ""主""], [""urban_governance"", ""服务"", ""次""]]",0.862,0,111.279765,30.698108
ermawu_T1_00089,ermawu,sim_ermawu_l3l4,施工快收尾了，忍忍,施工扰民,urban_governance,环境,0.407,Neutral,neu,0.422,0.935,0.852,盼,历史街区,2025-02-07,2025-02 春节·二马路一期开街爆满,0.599,aspect,施工扰民,ermawu,ermawu,1,1,施工扰民,neu,"[""施工扰民""]",施工扰民,城市体检评估管理办法(施工期扰民),老旧小区改造;施工组织优化,"[[""urban_governance"", ""环境"", ""主""], [""urban_renewal"", ""设施"", ""次""]]",0.831,0,111.281836,30.693261
ermawu_T1_00090,ermawu,sim_ermawu_l3l4,改造还在施工，吵得受不了,施工扰民,urban_governance,环境,0.311,Very Negative,neg,0.919,0.794,0.847,哀,历史街区,2025-02-05,2025-02 春节·二马路一期开街爆满,0.874,aspect,施工扰民,ermawu,ermawu,1,1,施工扰民,neg,"[""施工扰民""]",施工扰民,城市体检评估管理办法(施工期扰民),老旧小区改造;施工组织优化,"[[""urban_governance"", ""环境"", ""主""], [""urban_renewal"", ""设施"", ""次""]]",0.885,0,111.280204,30.694266
ermawu_T1_00091,ermawu,sim_ermawu_l3l4,老味道流失，可惜,烟火气保留,urban_renewal,文化,0.207,Negative,neg,0.88,0.822,0.718,愁,历史街区,2025-02-05,2025-02 春节·二马路一期开街爆满,0.74,aspect,烟火气保留,ermawu,ermawu,1,1,烟火气保留,neg,"[""烟火气保留""]",烟火气保留,防止大拆大建通知(留改拆·留底线),历史街区保护更新;社区营造,"[[""urban_renewal"", ""文化"", ""主""], [""urban_renewal"", ""环境"", ""次""]]",0.831,0,111.275765,30.694421
ermawu_T1_00092,ermawu,sim_ermawu_l3l4,盼着开街呢，老街改造进度有点慢,文旅活力,urban_operation,事件,0.517,Neutral,neu,0.545,0.944,0.889,急,历史街区,2025-02-06,2025-02 春节·二马路一期开街爆满,0.853,aspect,文旅活力,ermawu,ermawu,1,1,文旅活力,neu,"[""文旅活力""]",文旅活力,"城市更新""十五五""规划(文脉保护;文旅)",文旅品牌;节假日活动组织,"[[""urban_operation"", ""事件"", ""主""], [""urban_operation"", ""文化"", ""次""]]",0.73,1,111.286929,30.696239
ermawu_T1_00093,ermawu,sim_ermawu_l3l4,业态还在调整中,业态丰富度,urban_operation,服务,0.544,Neutral,neu,0.512,0.846,0.806,急,历史街区,2025-02-07,2025-02 春节·二马路一期开街爆满,0.89,aspect,业态丰富度,ermawu,ermawu,1,1,业态丰富度,neu,"[""业态丰富度""]",业态丰富度,关于持续推进城市更新行动的意见(业态引导),业态多元化引导;业态调整,"[[""urban_operation"", ""服务"", ""主""], [""urban_renewal"", ""服务"", ""次""]]",0.859,0,111.274442,30.698109
ermawu_T1_00094,ermawu,sim_ermawu_l3l4,回迁政策还在等落实,回迁安置,urban_renewal,服务,0.545,Neutral,neu,0.328,0.798,0.899,盼,历史街区,2025-02-10,2025-02 春节·二马路一期开街爆满,0.699,aspect,回迁安置,ermawu,ermawu,1,1,回迁安置,neu,"[""回迁安置""]",回迁安置,防止大拆大建通知(不大规模搬迁原住民),回迁安置;原住民保留,"[[""urban_renewal"", ""服务"", ""主""], [""urban_governance"", ""服务"", ""次""]]",0.948,0,111.277107,30.698478
ermawu_T1_00095,ermawu,sim_ermawu_l3l4,盼着开街呢，老街改造进度有点慢,文旅活力,urban_operation,事件,0.469,Neutral,neu,0.741,0.807,0.788,急,历史街区,2025-02-05,2025-02 春节·二马路一期开街爆满,0.875,aspect,文旅活力,ermawu,ermawu,1,1,文旅活力,neu,"[""文旅活力""]",文旅活力,"城市更新""十五五""规划(文脉保护;文旅)",文旅品牌;节假日活动组织,"[[""urban_operation"", ""事件"", ""主""], [""urban_operation"", ""文化"", ""次""]]",0.715,1,111.278927,30.696531
ermawu_T1_00096,ermawu,sim_ermawu_l3l4,业态还在调整中,业态丰富度,urban_operation,服务,0.459,Neutral,neu,0.499,0.832,0.836,盼,历史街区,2025-02-03,2025-02 春节·二马路一期开街爆满,0.846,aspect,业态丰富度,ermawu,ermawu,1,1,业态丰富度,neu,"[""业态丰富度""]",业态丰富度,关于持续推进城市更新行动的意见(业态引导),业态多元化引导;业态调整,"[[""urban_operation"", ""服务"", ""主""], [""urban_renewal"", ""服务"", ""次""]]",0.714,0,111.279747,30.698524
ermawu_T1_00097,ermawu,sim_ermawu_l3l4,二马路修旧如旧，百年老街焕发新生,修旧如旧,urban_renewal,文化,0.882,Very Positive,pos,0.709,0.776,0.769,喜,历史街区,2025-02-10,2025-02 春节·二马路一期开街爆满,0.612,aspect,修旧如旧,ermawu,ermawu,1,1,修旧如旧,pos,"[""修旧如旧""]",修旧如旧,防止大拆大建通知;关于持续推进城市更新行动的意见,历史街区/历史文化街区保护更新,"[[""urban_renewal"", ""文化"", ""主""], [""urban_operation"", ""文化"", ""次""]]",0.933,0,111.274397,30.69587
ermawu_T1_00098,ermawu,sim_ermawu_l3l4,连锁店太多，没特色,业态丰富度,urban_operation,服务,0.353,Negative,neg,0.597,0.76,0.848,哀,历史街区,2025-02-10,2025-02 春节·二马路一期开街爆满,0.687,aspect,业态丰富度,ermawu,ermawu,1,1,业态丰富度,neg,"[""业态丰富度""]",业态丰富度,关于持续推进城市更新行动的意见(业态引导),业态多元化引导;业态调整,"[[""urban_operation"", ""服务"", ""主""], [""urban_renewal"", ""服务"", ""次""]]",0.87,0,111.281143,30.69168
ermawu_T1_00099,ermawu,sim_ermawu_l3l4,施工快收尾了，忍忍,施工扰民,urban_governance,环境,0.533,Neutral,neu,0.394,0.755,0.731,急,历史街区,2025-02-06,2025-02 春节·二马路一期开街爆满,0.798,aspect,施工扰民,ermawu,ermawu,1,1,施工扰民,neu,"[""施工扰民""]",施工扰民,城市体检评估管理办法(施工期扰民),老旧小区改造;施工组织优化,"[[""urban_governance"", ""环境"", ""主""], [""urban_renewal"", ""设施"", ""次""]]",0.822,0,111.275071,30.698121
ermawu_T1_00100,ermawu,sim_ermawu_l3l4,施工期灰尘大,施工扰民,urban_governance,环境,0.241,Very Negative,neg,0.911,0.946,0.736,愁,历史街区,2025-02-06,2025-02 春节·二马路一期开街爆满,0.616,aspect,施工扰民,ermawu,ermawu,1,1,施工扰民,neg,"[""施工扰民""]",施工扰民,城市体检评估管理办法(施工期扰民),老旧小区改造;施工组织优化,"[[""urban_governance"", ""环境"", ""主""], [""urban_renewal"", ""设施"", ""次""]]",0.806,0,111.280316,30.700399
ermawu_T1_00101,ermawu,sim_ermawu_l3l4,停车太难，绕三圈找不到,停车难,urban_governance,设施,0.368,Very Negative,neg,0.831,0.785,0.734,哀,历史街区,2025-02-01,2025-02 春节·二马路一期开街爆满,0.67,aspect,停车难,ermawu,ermawu,1,1,停车难,neg,"[""停车难""]",停车难,完整社区(配套设施补齐);一刻钟生活圈,停车设施补齐;配套完善,"[[""urban_governance"", ""设施"", ""主""], [""urban_planning"", ""设施"", ""次""]]",0.886,0,111.288467,30.693975
ermawu_T1_00102,ermawu,sim_ermawu_l3l4,文旅复苏，老街活了,文旅活力,urban_operation,事件,0.82,Positive,pos,0.674,0.815,0.89,乐,历史街区,2025-02-06,2025-02 春节·二马路一期开街爆满,0.619,aspect,文旅活力,ermawu,ermawu,1,1,文旅活力,pos,"[""文旅活力""]",文旅活力,"城市更新""十五五""规划(文脉保护;文旅)",文旅品牌;节假日活动组织,"[[""urban_operation"", ""事件"", ""主""], [""urban_operation"", ""文化"", ""次""]]",0.904,1,111.280589,30.693391
ermawu_T1_00103,ermawu,sim_ermawu_l3l4,施工绕行太麻烦,施工扰民,urban_governance,环境,0.195,Very Negative,neg,0.613,0.828,0.842,哀,历史街区,2025-02-02,2025-02 春节·二马路一期开街爆满,0.897,aspect,施工扰民,ermawu,ermawu,1,1,施工扰民,neg,"[""施工扰民""]",施工扰民,城市体检评估管理办法(施工期扰民),老旧小区改造;施工组织优化,"[[""urban_governance"", ""环境"", ""主""], [""urban_renewal"", ""设施"", ""次""]]",0.733,0,111.27922,30.69265
ermawu_T1_00104,ermawu,sim_ermawu_l3l4,施工期灰尘大,施工扰民,urban_governance,环境,0.16,Negative,neg,0.614,0.883,0.822,哀,历史街区,2025-02-08,2025-02 春节·二马路一期开街爆满,0.614,aspect,施工扰民,ermawu,ermawu,1,1,施工扰民,neg,"[""施工扰民""]",施工扰民,城市体检评估管理办法(施工期扰民),老旧小区改造;施工组织优化,"[[""urban_governance"", ""环境"", ""主""], [""urban_renewal"", ""设施"", ""次""]]",0.785,0,111.281069,30.692131
ermawu_T1_00105,ermawu,sim_ermawu_l3l4,老建筑修得讲究，最小干预看出功夫,修旧如旧,urban_renewal,文化,0.419,Neutral,neu,0.679,0.896,0.898,盼,历史街区,2025-02-10,2025-02 春节·二马路一期开街爆满,0.529,aspect,修旧如旧,ermawu,ermawu,1,1,修旧如旧,neu,"[""修旧如旧""]",修旧如旧,防止大拆大建通知;关于持续推进城市更新行动的意见,历史街区/历史文化街区保护更新,"[[""urban_renewal"", ""文化"", ""主""], [""urban_operation"", ""文化"", ""次""]]",0.684,0,111.282764,30.692102
ermawu_T1_00106,ermawu,sim_ermawu_l3l4,施工期灰尘大,施工扰民,urban_governance,环境,0.142,Negative,neg,0.644,0.949,0.879,愁,历史街区,2025-02-09,2025-02 春节·二马路一期开街爆满,0.567,aspect,施工扰民,ermawu,ermawu,1,1,施工扰民,neg,"[""施工扰民""]",施工扰民,城市体检评估管理办法(施工期扰民),老旧小区改造;施工组织优化,"[[""urban_governance"", ""环境"", ""主""], [""urban_renewal"", ""设施"", ""次""]]",0.873,0,111.278041,30.695025
ermawu_T1_00107,ermawu,sim_ermawu_l3l4,施工快收尾了，忍忍,施工扰民,urban_governance,环境,0.418,Neutral,neu,0.75,0.886,0.878,急,历史街区,2025-02-06,2025-02 春节·二马路一期开街爆满,0.582,aspect,施工扰民,ermawu,ermawu,1,1,施工扰民,neu,"[""施工扰民""]",施工扰民,城市体检评估管理办法(施工期扰民),老旧小区改造;施工组织优化,"[[""urban_governance"", ""环境"", ""主""], [""urban_renewal"", ""设施"", ""次""]]",0.84,0,111.278951,30.697344
ermawu_T1_00108,ermawu,sim_ermawu_l3l4,回迁户型不满意,回迁安置,urban_renewal,服务,0.099,Negative,neg,0.554,0.806,0.8,怒,历史街区,2025-02-09,2025-02 春节·二马路一期开街爆满,0.446,aspect,回迁安置,ermawu,ermawu,1,1,回迁安置,neg,"[""回迁安置""]",回迁安置,防止大拆大建通知(不大规模搬迁原住民),回迁安置;原住民保留,"[[""urban_renewal"", ""服务"", ""主""], [""urban_governance"", ""服务"", ""次""]]",0.75,0,111.278212,30.697122
ermawu_T1_00109,ermawu,sim_ermawu_l3l4,老味道流失，可惜,烟火气保留,urban_renewal,文化,0.346,Negative,neg,0.849,0.742,0.723,怒,历史街区,2025-02-09,2025-02 春节·二马路一期开街爆满,0.583,aspect,烟火气保留,ermawu,ermawu,1,1,烟火气保留,neg,"[""烟火气保留""]",烟火气保留,防止大拆大建通知(留改拆·留底线),历史街区保护更新;社区营造,"[[""urban_renewal"", ""文化"", ""主""], [""urban_renewal"", ""环境"", ""次""]]",0.883,0,111.284506,30.693029
ermawu_T1_00110,ermawu,sim_ermawu_l3l4,烟火气没了，商业化太重,烟火气保留,urban_renewal,文化,0.258,Negative,neg,0.549,0.772,0.868,怒,历史街区,2025-02-05,2025-02 春节·二马路一期开街爆满,0.856,aspect,烟火气保留,ermawu,ermawu,1,1,烟火气保留,neg,"[""烟火气保留""]",烟火气保留,防止大拆大建通知(留改拆·留底线),历史街区保护更新;社区营造,"[[""urban_renewal"", ""文化"", ""主""], [""urban_renewal"", ""环境"", ""次""]]",0.894,0,111.27737,30.693613
ermawu_T1_00111,ermawu,sim_ermawu_l3l4,开街垃圾满地没人扫,垃圾秩序,urban_governance,环境,0.271,Very Negative,neg,0.598,0.834,0.728,愁,历史街区,2025-02-07,2025-02 春节·二马路一期开街爆满,0.428,aspect,垃圾秩序,ermawu,ermawu,1,1,垃圾秩序,neg,"[""垃圾秩序""]",垃圾秩序,城市更新行动意见(市容治理),市容环境治理;垃圾分类,"[[""urban_governance"", ""环境"", ""主""], [""urban_governance"", ""服务"", ""次""]]",0.693,0,111.284114,30.692306
ermawu_T1_00112,ermawu,sim_ermawu_l3l4,五一10万人，体验拉胯,文旅活力,urban_operation,事件,0.256,Very Negative,neg,0.643,0.773,0.832,哀,历史街区,2025-02-07,2025-02 春节·二马路一期开街爆满,0.595,aspect,文旅活力,ermawu,ermawu,1,1,文旅活力,neg,"[""文旅活力""]",文旅活力,"城市更新""十五五""规划(文脉保护;文旅)",文旅品牌;节假日活动组织,"[[""urban_operation"", ""事件"", ""主""], [""urban_operation"", ""文化"", ""次""]]",0.704,1,111.27779,30.699242
ermawu_T1_00113,ermawu,sim_ermawu_l3l4,烟火气这东西见仁见智,烟火气保留,urban_renewal,文化,0.453,Neutral,neu,0.765,0.813,0.898,急,历史街区,2025-02-02,2025-02 春节·二马路一期开街爆满,0.821,aspect,烟火气保留,ermawu,ermawu,1,1,烟火气保留,neu,"[""烟火气保留""]",烟火气保留,防止大拆大建通知(留改拆·留底线),历史街区保护更新;社区营造,"[[""urban_renewal"", ""文化"", ""主""], [""urban_renewal"", ""环境"", ""次""]]",0.704,0,111.281184,30.697023
ermawu_T1_00114,ermawu,sim_ermawu_l3l4,期待焕新效果,文旅活力,urban_operation,事件,0.456,Neutral,neu,0.463,0.934,0.898,盼,历史街区,2025-02-05,2025-02 春节·二马路一期开街爆满,0.524,aspect,文旅活力,ermawu,ermawu,1,1,文旅活力,neu,"[""文旅活力""]",文旅活力,"城市更新""十五五""规划(文脉保护;文旅)",文旅品牌;节假日活动组织,"[[""urban_operation"", ""事件"", ""主""], [""urban_operation"", ""文化"", ""次""]]",0.686,1,111.278354,30.694784
ermawu_T1_00115,ermawu,sim_ermawu_l3l4,不变拆真改，原汁原味加分,修旧如旧,urban_renewal,文化,0.876,Positive,pos,0.424,0.764,0.773,乐,历史街区,2025-02-03,2025-02 春节·二马路一期开街爆满,0.625,aspect,修旧如旧,ermawu,ermawu,1,1,修旧如旧,pos,"[""修旧如旧""]",修旧如旧,防止大拆大建通知;关于持续推进城市更新行动的意见,历史街区/历史文化街区保护更新,"[[""urban_renewal"", ""文化"", ""主""], [""urban_operation"", ""文化"", ""次""]]",0.826,0,111.282722,30.697758
ermawu_T1_00116,ermawu,sim_ermawu_l3l4,期待焕新效果,文旅活力,urban_operation,事件,0.442,Neutral,neu,0.517,0.782,0.852,急,历史街区,2025-02-01,2025-02 春节·二马路一期开街爆满,0.612,aspect,文旅活力,ermawu,ermawu,1,1,文旅活力,neu,"[""文旅活力""]",文旅活力,"城市更新""十五五""规划(文脉保护;文旅)",文旅品牌;节假日活动组织,"[[""urban_operation"", ""事件"", ""主""], [""urban_operation"", ""文化"", ""次""]]",0.797,1,111.284998,30.695436
ermawu_T1_00117,ermawu,sim_ermawu_l3l4,停车勉强能找,停车难,urban_governance,设施,0.41,Neutral,neu,0.418,0.875,0.762,急,历史街区,2025-02-10,2025-02 春节·二马路一期开街爆满,0.443,aspect,停车难,ermawu,ermawu,1,1,停车难,neu,"[""停车难""]",停车难,完整社区(配套设施补齐);一刻钟生活圈,停车设施补齐;配套完善,"[[""urban_governance"", ""设施"", ""主""], [""urban_planning"", ""设施"", ""次""]]",0.796,0,111.284202,30.695613
ermawu_T1_00118,ermawu,sim_ermawu_l3l4,改造还在施工，吵得受不了,施工扰民,urban_governance,环境,0.076,Very Negative,neg,0.566,0.774,0.912,哀,历史街区,2025-02-03,2025-02 春节·二马路一期开街爆满,0.619,aspect,施工扰民,ermawu,ermawu,1,1,施工扰民,neg,"[""施工扰民""]",施工扰民,城市体检评估管理办法(施工期扰民),老旧小区改造;施工组织优化,"[[""urban_governance"", ""环境"", ""主""], [""urban_renewal"", ""设施"", ""次""]]",0.891,0,111.284655,30.693659
ermawu_T1_00119,ermawu,sim_ermawu_l3l4,烟火气这东西见仁见智,烟火气保留,urban_renewal,文化,0.401,Neutral,neu,0.551,0.839,0.891,急,历史街区,2025-02-07,2025-02 春节·二马路一期开街爆满,0.605,aspect,烟火气保留,ermawu,ermawu,1,1,烟火气保留,neu,"[""烟火气保留""]",烟火气保留,防止大拆大建通知(留改拆·留底线),历史街区保护更新;社区营造,"[[""urban_renewal"", ""文化"", ""主""], [""urban_renewal"", ""环境"", ""次""]]",0.783,0,111.279255,30.69534
ermawu_T1_00120,ermawu,sim_ermawu_l3l4,期待焕新效果,文旅活力,urban_operation,事件,0.522,Neutral,neu,0.474,0.781,0.856,急,历史街区,2025-02-06,2025-02 春节·二马路一期开街爆满,0.806,aspect,文旅活力,ermawu,ermawu,1,1,文旅活力,neu,"[""文旅活力""]",文旅活力,"城市更新""十五五""规划(文脉保护;文旅)",文旅品牌;节假日活动组织,"[[""urban_operation"", ""事件"", ""主""], [""urban_operation"", ""文化"", ""次""]]",0.931,1,111.279645,30.698296
ermawu_T1_00121,ermawu,sim_ermawu_l3l4,改造还在施工，吵得受不了,施工扰民,urban_governance,环境,0.206,Negative,neg,0.63,0.866,0.717,哀,历史街区,2025-02-07,2025-02 春节·二马路一期开街爆满,0.784,aspect,施工扰民,ermawu,ermawu,1,1,施工扰民,neg,"[""施工扰民""]",施工扰民,城市体检评估管理办法(施工期扰民),老旧小区改造;施工组织优化,"[[""urban_governance"", ""环境"", ""主""], [""urban_renewal"", ""设施"", ""次""]]",0.857,0,111.286223,30.695605
ermawu_T1_00122,ermawu,sim_ermawu_l3l4,回迁安置拖很久,回迁安置,urban_renewal,服务,0.325,Very Negative,neg,0.825,0.936,0.838,愁,历史街区,2025-02-08,2025-02 春节·二马路一期开街爆满,0.57,aspect,回迁安置,ermawu,ermawu,1,1,回迁安置,neg,"[""回迁安置""]",回迁安置,防止大拆大建通知(不大规模搬迁原住民),回迁安置;原住民保留,"[[""urban_renewal"", ""服务"", ""主""], [""urban_governance"", ""服务"", ""次""]]",0.729,0,111.282674,30.698504
ermawu_T1_00123,ermawu,sim_ermawu_l3l4,施工绕行太麻烦,施工扰民,urban_governance,环境,0.355,Negative,neg,0.509,0.831,0.775,怒,历史街区,2025-02-01,2025-02 春节·二马路一期开街爆满,0.599,aspect,施工扰民,ermawu,ermawu,1,1,施工扰民,neg,"[""施工扰民""]",施工扰民,城市体检评估管理办法(施工期扰民),老旧小区改造;施工组织优化,"[[""urban_governance"", ""环境"", ""主""], [""urban_renewal"", ""设施"", ""次""]]",0.728,0,111.276328,30.697633
ermawu_T1_00124,ermawu,sim_ermawu_l3l4,节假日停车地狱,停车难,urban_governance,设施,0.199,Very Negative,neg,0.935,0.737,0.892,哀,历史街区,2025-02-03,2025-02 春节·二马路一期开街爆满,0.593,aspect,停车难,ermawu,ermawu,1,1,停车难,neg,"[""停车难""]",停车难,完整社区(配套设施补齐);一刻钟生活圈,停车设施补齐;配套完善,"[[""urban_governance"", ""设施"", ""主""], [""urban_planning"", ""设施"", ""次""]]",0.864,0,111.283056,30.696402
ermawu_T1_00125,ermawu,sim_ermawu_l3l4,开街垃圾满地没人扫,垃圾秩序,urban_governance,环境,0.079,Very Negative,neg,0.832,0.89,0.755,愁,历史街区,2025-02-06,2025-02 春节·二马路一期开街爆满,0.664,aspect,垃圾秩序,ermawu,ermawu,1,1,垃圾秩序,neg,"[""垃圾秩序""]",垃圾秩序,城市更新行动意见(市容治理),市容环境治理;垃圾分类,"[[""urban_governance"", ""环境"", ""主""], [""urban_governance"", ""服务"", ""次""]]",0.944,0,111.285234,30.694001
ermawu_T1_00126,ermawu,sim_ermawu_l3l4,盼着开街呢，老街改造进度有点慢,文旅活力,urban_operation,事件,0.554,Neutral,neu,0.669,0.843,0.739,急,历史街区,2025-02-08,2025-02 春节·二马路一期开街爆满,0.723,aspect,文旅活力,ermawu,ermawu,1,1,文旅活力,neu,"[""文旅活力""]",文旅活力,"城市更新""十五五""规划(文脉保护;文旅)",文旅品牌;节假日活动组织,"[[""urban_operation"", ""事件"", ""主""], [""urban_operation"", ""文化"", ""次""]]",0.917,1,111.27589,30.697687
ermawu_T1_00127,ermawu,sim_ermawu_l3l4,配套停车跟不上热度,停车难,urban_governance,设施,0.089,Very Negative,neg,0.781,0.735,0.868,愁,历史街区,2025-02-10,2025-02 春节·二马路一期开街爆满,0.708,aspect,停车难,ermawu,ermawu,1,1,停车难,neg,"[""停车难""]",停车难,完整社区(配套设施补齐);一刻钟生活圈,停车设施补齐;配套完善,"[[""urban_governance"", ""设施"", ""主""], [""urban_planning"", ""设施"", ""次""]]",0.782,0,111.288393,30.695924
ermawu_T1_00128,ermawu,sim_ermawu_l3l4,烟火气这东西见仁见智,烟火气保留,urban_renewal,文化,0.404,Neutral,neu,0.705,0.81,0.757,急,历史街区,2025-02-10,2025-02 春节·二马路一期开街爆满,0.671,aspect,烟火气保留,ermawu,ermawu,1,1,烟火气保留,neu,"[""烟火气保留""]",烟火气保留,防止大拆大建通知(留改拆·留底线),历史街区保护更新;社区营造,"[[""urban_renewal"", ""文化"", ""主""], [""urban_renewal"", ""环境"", ""次""]]",0.798,0,111.284406,30.693062
ermawu_T1_00129,ermawu,sim_ermawu_l3l4,施工期灰尘大,施工扰民,urban_governance,环境,0.172,Very Negative,neg,0.728,0.907,0.73,怒,历史街区,2025-02-06,2025-02 春节·二马路一期开街爆满,0.897,aspect,施工扰民,ermawu,ermawu,1,1,施工扰民,neg,"[""施工扰民""]",施工扰民,城市体检评估管理办法(施工期扰民),老旧小区改造;施工组织优化,"[[""urban_governance"", ""环境"", ""主""], [""urban_renewal"", ""设施"", ""次""]]",0.881,0,111.281439,30.700075
ermawu_T1_00130,ermawu,sim_ermawu_l3l4,施工期灰尘大,施工扰民,urban_governance,环境,0.329,Very Negative,neg,0.798,0.825,0.845,愁,历史街区,2025-02-07,2025-02 春节·二马路一期开街爆满,0.533,aspect,施工扰民,ermawu,ermawu,1,1,施工扰民,neg,"[""施工扰民""]",施工扰民,城市体检评估管理办法(施工期扰民),老旧小区改造;施工组织优化,"[[""urban_governance"", ""环境"", ""主""], [""urban_renewal"", ""设施"", ""次""]]",0.942,0,111.284128,30.695817
ermawu_T1_00131,ermawu,sim_ermawu_l3l4,节假日停车地狱,停车难,urban_governance,设施,0.169,Negative,neg,0.631,0.856,0.855,怒,历史街区,2025-02-06,2025-02 春节·二马路一期开街爆满,0.773,aspect,停车难,ermawu,ermawu,1,1,停车难,neg,"[""停车难""]",停车难,完整社区(配套设施补齐);一刻钟生活圈,停车设施补齐;配套完善,"[[""urban_governance"", ""设施"", ""主""], [""urban_planning"", ""设施"", ""次""]]",0.699,0,111.2768,30.697098
ermawu_T1_00132,ermawu,sim_ermawu_l3l4,连锁店太多，没特色,业态丰富度,urban_operation,服务,0.071,Very Negative,neg,0.796,0.95,0.839,愁,历史街区,2025-02-05,2025-02 春节·二马路一期开街爆满,0.516,aspect,业态丰富度,ermawu,ermawu,1,1,业态丰富度,neg,"[""业态丰富度""]",业态丰富度,关于持续推进城市更新行动的意见(业态引导),业态多元化引导;业态调整,"[[""urban_operation"", ""服务"", ""主""], [""urban_renewal"", ""服务"", ""次""]]",0.862,0,111.274471,30.699959
ermawu_T1_00133,ermawu,sim_ermawu_l3l4,业态单一，逛一次就够,业态丰富度,urban_operation,服务,0.078,Very Negative,neg,0.603,0.768,0.893,哀,历史街区,2025-02-05,2025-02 春节·二马路一期开街爆满,0.401,aspect,业态丰富度,ermawu,ermawu,1,1,业态丰富度,neg,"[""业态丰富度""]",业态丰富度,关于持续推进城市更新行动的意见(业态引导),业态多元化引导;业态调整,"[[""urban_operation"", ""服务"", ""主""], [""urban_renewal"", ""服务"", ""次""]]",0.804,0,111.285602,30.695443
ermawu_T1_00134,ermawu,sim_ermawu_l3l4,盼着开街呢，老街改造进度有点慢,文旅活力,urban_operation,事件,0.437,Neutral,neu,0.624,0.783,0.919,急,历史街区,2025-02-08,2025-02 春节·二马路一期开街爆满,0.41,aspect,文旅活力,ermawu,ermawu,1,1,文旅活力,neu,"[""文旅活力""]",文旅活力,"城市更新""十五五""规划(文脉保护;文旅)",文旅品牌;节假日活动组织,"[[""urban_operation"", ""事件"", ""主""], [""urban_operation"", ""文化"", ""次""]]",0.916,1,111.284662,30.695762
ermawu_T1_00135,ermawu,sim_ermawu_l3l4,期待焕新效果,文旅活力,urban_operation,事件,0.487,Neutral,neu,0.566,0.905,0.895,盼,历史街区,2025-02-08,2025-02 春节·二马路一期开街爆满,0.866,aspect,文旅活力,ermawu,ermawu,1,1,文旅活力,neu,"[""文旅活力""]",文旅活力,"城市更新""十五五""规划(文脉保护;文旅)",文旅品牌;节假日活动组织,"[[""urban_operation"", ""事件"", ""主""], [""urban_operation"", ""文化"", ""次""]]",0.814,1,111.284087,30.693851
ermawu_T1_00136,ermawu,sim_ermawu_l3l4,开街垃圾满地没人扫,垃圾秩序,urban_governance,环境,0.356,Very Negative,neg,0.861,0.878,0.891,怒,历史街区,2025-02-08,2025-02 春节·二马路一期开街爆满,0.764,aspect,垃圾秩序,ermawu,ermawu,1,1,垃圾秩序,neg,"[""垃圾秩序""]",垃圾秩序,城市更新行动意见(市容治理),市容环境治理;垃圾分类,"[[""urban_governance"", ""环境"", ""主""], [""urban_governance"", ""服务"", ""次""]]",0.886,0,111.283502,30.694664
ermawu_T1_00137,ermawu,sim_ermawu_l3l4,期待焕新效果,文旅活力,urban_operation,事件,0.445,Neutral,neu,0.66,0.742,0.898,急,历史街区,2025-02-07,2025-02 春节·二马路一期开街爆满,0.855,aspect,文旅活力,ermawu,ermawu,1,1,文旅活力,neu,"[""文旅活力""]",文旅活力,"城市更新""十五五""规划(文脉保护;文旅)",文旅品牌;节假日活动组织,"[[""urban_operation"", ""事件"", ""主""], [""urban_operation"", ""文化"", ""次""]]",0.739,1,111.284395,30.690094
ermawu_T1_00138,ermawu,sim_ermawu_l3l4,盼着开街呢，老街改造进度有点慢,文旅活力,urban_operation,事件,0.559,Neutral,neu,0.669,0.751,0.844,急,历史街区,2025-02-07,2025-02 春节·二马路一期开街爆满,0.855,aspect,文旅活力,ermawu,ermawu,1,1,文旅活力,neu,"[""文旅活力""]",文旅活力,"城市更新""十五五""规划(文脉保护;文旅)",文旅品牌;节假日活动组织,"[[""urban_operation"", ""事件"", ""主""], [""urban_operation"", ""文化"", ""次""]]",0.731,1,111.283321,30.694966
ermawu_T1_00139,ermawu,sim_ermawu_l3l4,节假日保洁跟不上,垃圾秩序,urban_governance,环境,0.391,Negative,neg,0.762,0.842,0.714,怒,历史街区,2025-02-03,2025-02 春节·二马路一期开街爆满,0.636,aspect,垃圾秩序,ermawu,ermawu,1,1,垃圾秩序,neg,"[""垃圾秩序""]",垃圾秩序,城市更新行动意见(市容治理),市容环境治理;垃圾分类,"[[""urban_governance"", ""环境"", ""主""], [""urban_governance"", ""服务"", ""次""]]",0.689,0,111.279231,30.692135
ermawu_T1_00140,ermawu,sim_ermawu_l3l4,连锁店太多，没特色,业态丰富度,urban_operation,服务,0.397,Negative,neg,0.567,0.766,0.74,怒,历史街区,2025-02-08,2025-02 春节·二马路一期开街爆满,0.774,aspect,业态丰富度,ermawu,ermawu,1,1,业态丰富度,neg,"[""业态丰富度""]",业态丰富度,关于持续推进城市更新行动的意见(业态引导),业态多元化引导;业态调整,"[[""urban_operation"", ""服务"", ""主""], [""urban_renewal"", ""服务"", ""次""]]",0.944,0,111.279367,30.695076
ermawu_T1_00141,ermawu,sim_ermawu_l3l4,回迁政策还在等落实,回迁安置,urban_renewal,服务,0.403,Neutral,neu,0.792,0.787,0.857,急,历史街区,2025-02-04,2025-02 春节·二马路一期开街爆满,0.719,aspect,回迁安置,ermawu,ermawu,1,1,回迁安置,neu,"[""回迁安置""]",回迁安置,防止大拆大建通知(不大规模搬迁原住民),回迁安置;原住民保留,"[[""urban_renewal"", ""服务"", ""主""], [""urban_governance"", ""服务"", ""次""]]",0.682,0,111.274297,30.697563
ermawu_T1_00142,ermawu,sim_ermawu_l3l4,期待焕新效果,文旅活力,urban_operation,事件,0.578,Neutral,neu,0.548,0.842,0.702,急,历史街区,2025-02-01,2025-02 春节·二马路一期开街爆满,0.476,aspect,文旅活力,ermawu,ermawu,1,1,文旅活力,neu,"[""文旅活力""]",文旅活力,"城市更新""十五五""规划(文脉保护;文旅)",文旅品牌;节假日活动组织,"[[""urban_operation"", ""事件"", ""主""], [""urban_operation"", ""文化"", ""次""]]",0.866,1,111.285763,30.694779
ermawu_T1_00143,ermawu,sim_ermawu_l3l4,回迁安置拖很久,回迁安置,urban_renewal,服务,0.182,Negative,neg,0.607,0.841,0.915,怒,历史街区,2025-02-01,2025-02 春节·二马路一期开街爆满,0.861,aspect,回迁安置,ermawu,ermawu,1,1,回迁安置,neg,"[""回迁安置""]",回迁安置,防止大拆大建通知(不大规模搬迁原住民),回迁安置;原住民保留,"[[""urban_renewal"", ""服务"", ""主""], [""urban_governance"", ""服务"", ""次""]]",0.799,0,111.279967,30.692686
ermawu_T1_00144,ermawu,sim_ermawu_l3l4,老味道流失，可惜,烟火气保留,urban_renewal,文化,0.087,Very Negative,neg,0.87,0.724,0.892,愁,历史街区,2025-02-01,2025-02 春节·二马路一期开街爆满,0.853,aspect,烟火气保留,ermawu,ermawu,1,1,烟火气保留,neg,"[""烟火气保留""]",烟火气保留,防止大拆大建通知(留改拆·留底线),历史街区保护更新;社区营造,"[[""urban_renewal"", ""文化"", ""主""], [""urban_renewal"", ""环境"", ""次""]]",0.812,0,111.276478,30.696454
ermawu_T1_00145,ermawu,sim_ermawu_l3l4,五一日均1.5万人，百年老街出圈了,文旅活力,urban_operation,事件,0.672,Very Positive,pos,0.494,0.876,0.808,喜,历史街区,2025-02-10,2025-02 春节·二马路一期开街爆满,0.481,aspect,文旅活力,ermawu,ermawu,1,1,文旅活力,pos,"[""文旅活力""]",文旅活力,"城市更新""十五五""规划(文脉保护;文旅)",文旅品牌;节假日活动组织,"[[""urban_operation"", ""事件"", ""主""], [""urban_operation"", ""文化"", ""次""]]",0.787,1,111.27741,30.695581
ermawu_T1_00146,ermawu,sim_ermawu_l3l4,回迁安置拖很久,回迁安置,urban_renewal,服务,0.296,Very Negative,neg,0.857,0.778,0.893,哀,历史街区,2025-02-01,2025-02 春节·二马路一期开街爆满,0.666,aspect,回迁安置,ermawu,ermawu,1,1,回迁安置,neg,"[""回迁安置""]",回迁安置,防止大拆大建通知(不大规模搬迁原住民),回迁安置;原住民保留,"[[""urban_renewal"", ""服务"", ""主""], [""urban_governance"", ""服务"", ""次""]]",0.68,0,111.281231,30.693591
ermawu_T1_00147,ermawu,sim_ermawu_l3l4,原住民迁走，没了生活气,烟火气保留,urban_renewal,文化,0.264,Negative,neg,0.534,0.774,0.781,怒,历史街区,2025-02-07,2025-02 春节·二马路一期开街爆满,0.554,aspect,烟火气保留,ermawu,ermawu,1,1,烟火气保留,neg,"[""烟火气保留""]",烟火气保留,防止大拆大建通知(留改拆·留底线),历史街区保护更新;社区营造,"[[""urban_renewal"", ""文化"", ""主""], [""urban_renewal"", ""环境"", ""次""]]",0.716,0,111.283734,30.692545
ermawu_T1_00148,ermawu,sim_ermawu_l3l4,回迁户型不满意,回迁安置,urban_renewal,服务,0.329,Negative,neg,0.689,0.912,0.759,哀,历史街区,2025-02-05,2025-02 春节·二马路一期开街爆满,0.718,aspect,回迁安置,ermawu,ermawu,1,1,回迁安置,neg,"[""回迁安置""]",回迁安置,防止大拆大建通知(不大规模搬迁原住民),回迁安置;原住民保留,"[[""urban_renewal"", ""服务"", ""主""], [""urban_governance"", ""服务"", ""次""]]",0.934,0,111.274501,30.696195
ermawu_T1_00149,ermawu,sim_ermawu_l3l4,业态都同质化了，走哪都一样,业态丰富度,urban_operation,服务,0.106,Very Negative,neg,0.742,0.842,0.831,哀,历史街区,2025-02-01,2025-02 春节·二马路一期开街爆满,0.742,aspect,业态丰富度,ermawu,ermawu,1,1,业态丰富度,neg,"[""业态丰富度""]",业态丰富度,关于持续推进城市更新行动的意见(业态引导),业态多元化引导;业态调整,"[[""urban_operation"", ""服务"", ""主""], [""urban_renewal"", ""服务"", ""次""]]",0.748,0,111.2817,30.693267
ermawu_T1_00150,ermawu,sim_ermawu_l3l4,文创老店+特色美食，业态丰富,业态丰富度,urban_operation,服务,0.804,Positive,pos,0.363,0.782,0.882,乐,历史街区,2025-02-08,2025-02 春节·二马路一期开街爆满,0.61,aspect,业态丰富度,ermawu,ermawu,1,1,业态丰富度,pos,"[""业态丰富度""]",业态丰富度,关于持续推进城市更新行动的意见(业态引导),业态多元化引导;业态调整,"[[""urban_operation"", ""服务"", ""主""], [""urban_renewal"", ""服务"", ""次""]]",0.931,0,111.280413,30.695243
ermawu_T1_00151,ermawu,sim_ermawu_l3l4,施工绕行太麻烦,施工扰民,urban_governance,环境,0.34,Very Negative,neg,0.658,0.933,0.773,怒,历史街区,2025-02-09,2025-02 春节·二马路一期开街爆满,0.617,aspect,施工扰民,ermawu,ermawu,1,1,施工扰民,neg,"[""施工扰民""]",施工扰民,城市体检评估管理办法(施工期扰民),老旧小区改造;施工组织优化,"[[""urban_governance"", ""环境"", ""主""], [""urban_renewal"", ""设施"", ""次""]]",0.733,0,111.28009,30.696612
ermawu_T1_00152,ermawu,sim_ermawu_l3l4,烟火气这东西见仁见智,烟火气保留,urban_renewal,文化,0.523,Neutral,neu,0.611,0.772,0.713,急,历史街区,2025-02-03,2025-02 春节·二马路一期开街爆满,0.697,aspect,烟火气保留,ermawu,ermawu,1,1,烟火气保留,neu,"[""烟火气保留""]",烟火气保留,防止大拆大建通知(留改拆·留底线),历史街区保护更新;社区营造,"[[""urban_renewal"", ""文化"", ""主""], [""urban_renewal"", ""环境"", ""次""]]",0.828,0,111.285703,30.693285
ermawu_T1_00153,ermawu,sim_ermawu_l3l4,开街垃圾满地没人扫,垃圾秩序,urban_governance,环境,0.265,Very Negative,neg,0.521,0.87,0.72,愁,历史街区,2025-02-04,2025-02 春节·二马路一期开街爆满,0.722,aspect,垃圾秩序,ermawu,ermawu,1,1,垃圾秩序,neg,"[""垃圾秩序""]",垃圾秩序,城市更新行动意见(市容治理),市容环境治理;垃圾分类,"[[""urban_governance"", ""环境"", ""主""], [""urban_governance"", ""服务"", ""次""]]",0.877,0,111.285502,30.693469
ermawu_T1_00154,ermawu,sim_ermawu_l3l4,盼着开街呢，老街改造进度有点慢,文旅活力,urban_operation,事件,0.503,Neutral,neu,0.409,0.769,0.845,盼,历史街区,2025-02-07,2025-02 春节·二马路一期开街爆满,0.492,aspect,文旅活力,ermawu,ermawu,1,1,文旅活力,neu,"[""文旅活力""]",文旅活力,"城市更新""十五五""规划(文脉保护;文旅)",文旅品牌;节假日活动组织,"[[""urban_operation"", ""事件"", ""主""], [""urban_operation"", ""文化"", ""次""]]",0.898,1,111.277426,30.698325
ermawu_T1_00155,ermawu,sim_ermawu_l3l4,开街垃圾满地没人扫,垃圾秩序,urban_governance,环境,0.101,Negative,neg,0.826,0.847,0.772,愁,历史街区,2025-02-05,2025-02 春节·二马路一期开街爆满,0.885,aspect,垃圾秩序,ermawu,ermawu,1,1,垃圾秩序,neg,"[""垃圾秩序""]",垃圾秩序,城市更新行动意见(市容治理),市容环境治理;垃圾分类,"[[""urban_governance"", ""环境"", ""主""], [""urban_governance"", ""服务"", ""次""]]",0.743,0,111.285795,30.696848
ermawu_T1_00156,ermawu,sim_ermawu_l3l4,开街垃圾满地没人扫,垃圾秩序,urban_governance,环境,0.237,Negative,neg,0.504,0.751,0.726,怒,历史街区,2025-02-02,2025-02 春节·二马路一期开街爆满,0.709,aspect,垃圾秩序,ermawu,ermawu,1,1,垃圾秩序,neg,"[""垃圾秩序""]",垃圾秩序,城市更新行动意见(市容治理),市容环境治理;垃圾分类,"[[""urban_governance"", ""环境"", ""主""], [""urban_governance"", ""服务"", ""次""]]",0.879,0,111.272977,30.699763
ermawu_T1_00157,ermawu,sim_ermawu_l3l4,施工绕行太麻烦,施工扰民,urban_governance,环境,0.365,Negative,neg,0.661,0.768,0.804,怒,历史街区,2025-02-03,2025-02 春节·二马路一期开街爆满,0.656,aspect,施工扰民,ermawu,ermawu,1,1,施工扰民,neg,"[""施工扰民""]",施工扰民,城市体检评估管理办法(施工期扰民),老旧小区改造;施工组织优化,"[[""urban_governance"", ""环境"", ""主""], [""urban_renewal"", ""设施"", ""次""]]",0.718,0,111.275933,30.701872
ermawu_T1_00158,ermawu,sim_ermawu_l3l4,施工快收尾了，忍忍,施工扰民,urban_governance,环境,0.473,Neutral,neu,0.568,0.8,0.913,急,历史街区,2025-02-01,2025-02 春节·二马路一期开街爆满,0.805,aspect,施工扰民,ermawu,ermawu,1,1,施工扰民,neu,"[""施工扰民""]",施工扰民,城市体检评估管理办法(施工期扰民),老旧小区改造;施工组织优化,"[[""urban_governance"", ""环境"", ""主""], [""urban_renewal"", ""设施"", ""次""]]",0.81,0,111.283348,30.693611
ermawu_T1_00159,ermawu,sim_ermawu_l3l4,停车勉强能找,停车难,urban_governance,设施,0.413,Neutral,neu,0.522,0.791,0.713,急,历史街区,2025-02-04,2025-02 春节·二马路一期开街爆满,0.558,aspect,停车难,ermawu,ermawu,1,1,停车难,neu,"[""停车难""]",停车难,完整社区(配套设施补齐);一刻钟生活圈,停车设施补齐;配套完善,"[[""urban_governance"", ""设施"", ""主""], [""urban_planning"", ""设施"", ""次""]]",0.692,0,111.280165,30.692965
ermawu_T1_00160,ermawu,sim_ermawu_l3l4,业态都同质化了，走哪都一样,业态丰富度,urban_operation,服务,0.214,Negative,neg,0.667,0.741,0.85,愁,历史街区,2025-02-06,2025-02 春节·二马路一期开街爆满,0.565,aspect,业态丰富度,ermawu,ermawu,1,1,业态丰富度,neg,"[""业态丰富度""]",业态丰富度,关于持续推进城市更新行动的意见(业态引导),业态多元化引导;业态调整,"[[""urban_operation"", ""服务"", ""主""], [""urban_renewal"", ""服务"", ""次""]]",0.732,0,111.284989,30.694137
ermawu_T1_00161,ermawu,sim_ermawu_l3l4,烟火气没了，商业化太重,烟火气保留,urban_renewal,文化,0.157,Negative,neg,0.506,0.759,0.759,愁,历史街区,2025-02-04,2025-02 春节·二马路一期开街爆满,0.703,aspect,烟火气保留,ermawu,ermawu,1,1,烟火气保留,neg,"[""烟火气保留""]",烟火气保留,防止大拆大建通知(留改拆·留底线),历史街区保护更新;社区营造,"[[""urban_renewal"", ""文化"", ""主""], [""urban_renewal"", ""环境"", ""次""]]",0.736,0,111.284906,30.694514
ermawu_T1_00162,ermawu,sim_ermawu_l3l4,期待焕新效果,文旅活力,urban_operation,事件,0.485,Neutral,neu,0.71,0.918,0.769,盼,历史街区,2025-02-08,2025-02 春节·二马路一期开街爆满,0.613,aspect,文旅活力,ermawu,ermawu,1,1,文旅活力,neu,"[""文旅活力""]",文旅活力,"城市更新""十五五""规划(文脉保护;文旅)",文旅品牌;节假日活动组织,"[[""urban_operation"", ""事件"", ""主""], [""urban_operation"", ""文化"", ""次""]]",0.696,1,111.286526,30.694399
ermawu_T1_00163,ermawu,sim_ermawu_l3l4,期待焕新效果,文旅活力,urban_operation,事件,0.491,Neutral,neu,0.673,0.729,0.849,急,历史街区,2025-02-05,2025-02 春节·二马路一期开街爆满,0.489,aspect,文旅活力,ermawu,ermawu,1,1,文旅活力,neu,"[""文旅活力""]",文旅活力,"城市更新""十五五""规划(文脉保护;文旅)",文旅品牌;节假日活动组织,"[[""urban_operation"", ""事件"", ""主""], [""urban_operation"", ""文化"", ""次""]]",0.687,1,111.281245,30.692662
ermawu_T1_00164,ermawu,sim_ermawu_l3l4,施工期灰尘大,施工扰民,urban_governance,环境,0.071,Negative,neg,0.759,0.867,0.849,愁,历史街区,2025-02-01,2025-02 春节·二马路一期开街爆满,0.885,aspect,施工扰民,ermawu,ermawu,1,1,施工扰民,neg,"[""施工扰民""]",施工扰民,城市体检评估管理办法(施工期扰民),老旧小区改造;施工组织优化,"[[""urban_governance"", ""环境"", ""主""], [""urban_renewal"", ""设施"", ""次""]]",0.757,0,111.280186,30.69844
ermawu_T1_00165,ermawu,sim_ermawu_l3l4,期待焕新效果,文旅活力,urban_operation,事件,0.582,Neutral,neu,0.347,0.75,0.705,盼,历史街区,2025-02-06,2025-02 春节·二马路一期开街爆满,0.797,aspect,文旅活力,ermawu,ermawu,1,1,文旅活力,neu,"[""文旅活力""]",文旅活力,"城市更新""十五五""规划(文脉保护;文旅)",文旅品牌;节假日活动组织,"[[""urban_operation"", ""事件"", ""主""], [""urban_operation"", ""文化"", ""次""]]",0.683,1,111.285952,30.694943
ermawu_T1_00166,ermawu,sim_ermawu_l3l4,施工绕行太麻烦,施工扰民,urban_governance,环境,0.144,Very Negative,neg,0.825,0.784,0.74,哀,历史街区,2025-02-01,2025-02 春节·二马路一期开街爆满,0.849,aspect,施工扰民,ermawu,ermawu,1,1,施工扰民,neg,"[""施工扰民""]",施工扰民,城市体检评估管理办法(施工期扰民),老旧小区改造;施工组织优化,"[[""urban_governance"", ""环境"", ""主""], [""urban_renewal"", ""设施"", ""次""]]",0.715,0,111.275583,30.697326
ermawu_T1_00167,ermawu,sim_ermawu_l3l4,节假日保洁跟不上,垃圾秩序,urban_governance,环境,0.345,Very Negative,neg,0.87,0.831,0.842,怒,历史街区,2025-02-01,2025-02 春节·二马路一期开街爆满,0.87,aspect,垃圾秩序,ermawu,ermawu,1,1,垃圾秩序,neg,"[""垃圾秩序""]",垃圾秩序,城市更新行动意见(市容治理),市容环境治理;垃圾分类,"[[""urban_governance"", ""环境"", ""主""], [""urban_governance"", ""服务"", ""次""]]",0.707,0,111.276349,30.695471
ermawu_T1_00168,ermawu,sim_ermawu_l3l4,盼着开街呢，老街改造进度有点慢,文旅活力,urban_operation,事件,0.46,Neutral,neu,0.672,0.727,0.919,急,历史街区,2025-02-10,2025-02 春节·二马路一期开街爆满,0.514,aspect,文旅活力,ermawu,ermawu,1,1,文旅活力,neu,"[""文旅活力""]",文旅活力,"城市更新""十五五""规划(文脉保护;文旅)",文旅品牌;节假日活动组织,"[[""urban_operation"", ""事件"", ""主""], [""urban_operation"", ""文化"", ""次""]]",0.689,1,111.277939,30.694189
ermawu_T1_00169,ermawu,sim_ermawu_l3l4,开街后保洁跟上了,垃圾秩序,urban_governance,环境,0.905,Very Positive,pos,0.457,0.778,0.756,喜,历史街区,2025-02-05,2025-02 春节·二马路一期开街爆满,0.606,aspect,垃圾秩序,ermawu,ermawu,1,1,垃圾秩序,pos,"[""垃圾秩序""]",垃圾秩序,城市更新行动意见(市容治理),市容环境治理;垃圾分类,"[[""urban_governance"", ""环境"", ""主""], [""urban_governance"", ""服务"", ""次""]]",0.764,0,111.281415,30.693662
ermawu_T1_00170,ermawu,sim_ermawu_l3l4,施工绕行太麻烦,施工扰民,urban_governance,环境,0.217,Very Negative,neg,0.87,0.937,0.731,愁,历史街区,2025-02-09,2025-02 春节·二马路一期开街爆满,0.472,aspect,施工扰民,ermawu,ermawu,1,1,施工扰民,neg,"[""施工扰民""]",施工扰民,城市体检评估管理办法(施工期扰民),老旧小区改造;施工组织优化,"[[""urban_governance"", ""环境"", ""主""], [""urban_renewal"", ""设施"", ""次""]]",0.776,0,111.28196,30.694488
ermawu_T1_00171,ermawu,sim_ermawu_l3l4,回迁户型不满意,回迁安置,urban_renewal,服务,0.172,Very Negative,neg,0.625,0.852,0.871,哀,历史街区,2025-02-06,2025-02 春节·二马路一期开街爆满,0.807,aspect,回迁安置,ermawu,ermawu,1,1,回迁安置,neg,"[""回迁安置""]",回迁安置,防止大拆大建通知(不大规模搬迁原住民),回迁安置;原住民保留,"[[""urban_renewal"", ""服务"", ""主""], [""urban_governance"", ""服务"", ""次""]]",0.736,0,111.276309,30.697434
ermawu_T1_00172,ermawu,sim_ermawu_l3l4,回迁安置拖很久,回迁安置,urban_renewal,服务,0.392,Negative,neg,0.617,0.818,0.829,哀,历史街区,2025-02-10,2025-02 春节·二马路一期开街爆满,0.804,aspect,回迁安置,ermawu,ermawu,1,1,回迁安置,neg,"[""回迁安置""]",回迁安置,防止大拆大建通知(不大规模搬迁原住民),回迁安置;原住民保留,"[[""urban_renewal"", ""服务"", ""主""], [""urban_governance"", ""服务"", ""次""]]",0.806,0,111.284649,30.695256
ermawu_T1_00173,ermawu,sim_ermawu_l3l4,开街后保洁跟上了,垃圾秩序,urban_governance,环境,0.554,Neutral,neu,0.588,0.854,0.87,盼,历史街区,2025-02-01,2025-02 春节·二马路一期开街爆满,0.6,aspect,垃圾秩序,ermawu,ermawu,1,1,垃圾秩序,neu,"[""垃圾秩序""]",垃圾秩序,城市更新行动意见(市容治理),市容环境治理;垃圾分类,"[[""urban_governance"", ""环境"", ""主""], [""urban_governance"", ""服务"", ""次""]]",0.91,0,111.277836,30.700013
ermawu_T1_00174,ermawu,sim_ermawu_l3l4,施工期灰尘大,施工扰民,urban_governance,环境,0.226,Negative,neg,0.934,0.858,0.903,哀,历史街区,2025-02-06,2025-02 春节·二马路一期开街爆满,0.42,aspect,施工扰民,ermawu,ermawu,1,1,施工扰民,neg,"[""施工扰民""]",施工扰民,城市体检评估管理办法(施工期扰民),老旧小区改造;施工组织优化,"[[""urban_governance"", ""环境"", ""主""], [""urban_renewal"", ""设施"", ""次""]]",0.831,0,111.282923,30.695597
ermawu_T1_00175,ermawu,sim_ermawu_l3l4,改造还在施工，吵得受不了,施工扰民,urban_governance,环境,0.27,Very Negative,neg,0.672,0.727,0.866,哀,历史街区,2025-02-09,2025-02 春节·二马路一期开街爆满,0.721,aspect,施工扰民,ermawu,ermawu,1,1,施工扰民,neg,"[""施工扰民""]",施工扰民,城市体检评估管理办法(施工期扰民),老旧小区改造;施工组织优化,"[[""urban_governance"", ""环境"", ""主""], [""urban_renewal"", ""设施"", ""次""]]",0.919,0,111.2822,30.698925
ermawu_T1_00176,ermawu,sim_ermawu_l3l4,期待焕新效果,文旅活力,urban_operation,事件,0.522,Neutral,neu,0.408,0.892,0.729,急,历史街区,2025-02-08,2025-02 春节·二马路一期开街爆满,0.708,aspect,文旅活力,ermawu,ermawu,1,1,文旅活力,neu,"[""文旅活力""]",文旅活力,"城市更新""十五五""规划(文脉保护;文旅)",文旅品牌;节假日活动组织,"[[""urban_operation"", ""事件"", ""主""], [""urban_operation"", ""文化"", ""次""]]",0.933,1,111.276739,30.698803
ermawu_T1_00177,ermawu,sim_ermawu_l3l4,烟火气这东西见仁见智,烟火气保留,urban_renewal,文化,0.475,Neutral,neu,0.473,0.754,0.736,盼,历史街区,2025-02-01,2025-02 春节·二马路一期开街爆满,0.535,aspect,烟火气保留,ermawu,ermawu,1,1,烟火气保留,neu,"[""烟火气保留""]",烟火气保留,防止大拆大建通知(留改拆·留底线),历史街区保护更新;社区营造,"[[""urban_renewal"", ""文化"", ""主""], [""urban_renewal"", ""环境"", ""次""]]",0.71,0,111.283375,30.692075
ermawu_T1_00178,ermawu,sim_ermawu_l3l4,烟火气这东西见仁见智,烟火气保留,urban_renewal,文化,0.501,Neutral,neu,0.3,0.938,0.857,盼,历史街区,2025-02-03,2025-02 春节·二马路一期开街爆满,0.566,aspect,烟火气保留,ermawu,ermawu,1,1,烟火气保留,neu,"[""烟火气保留""]",烟火气保留,防止大拆大建通知(留改拆·留底线),历史街区保护更新;社区营造,"[[""urban_renewal"", ""文化"", ""主""], [""urban_renewal"", ""环境"", ""次""]]",0.949,0,111.284746,30.693223
ermawu_T1_00179,ermawu,sim_ermawu_l3l4,既有文化味更有烟火气，难得,烟火气保留,urban_renewal,文化,0.802,Very Positive,pos,0.786,0.83,0.773,乐,历史街区,2025-02-06,2025-02 春节·二马路一期开街爆满,0.41,aspect,烟火气保留,ermawu,ermawu,1,1,烟火气保留,pos,"[""烟火气保留""]",烟火气保留,防止大拆大建通知(留改拆·留底线),历史街区保护更新;社区营造,"[[""urban_renewal"", ""文化"", ""主""], [""urban_renewal"", ""环境"", ""次""]]",0.94,0,111.28609,30.695789
ermawu_T1_00180,ermawu,sim_ermawu_l3l4,施工绕行太麻烦,施工扰民,urban_governance,环境,0.243,Very Negative,neg,0.761,0.899,0.79,怒,历史街区,2025-02-07,2025-02 春节·二马路一期开街爆满,0.738,aspect,施工扰民,ermawu,ermawu,1,1,施工扰民,neg,"[""施工扰民""]",施工扰民,城市体检评估管理办法(施工期扰民),老旧小区改造;施工组织优化,"[[""urban_governance"", ""环境"", ""主""], [""urban_renewal"", ""设施"", ""次""]]",0.765,0,111.281232,30.694015
ermawu_T1_00181,ermawu,sim_ermawu_l3l4,业态有调性，不低端,业态丰富度,urban_operation,服务,0.786,Very Positive,pos,0.311,0.747,0.909,乐,历史街区,2025-02-02,2025-02 春节·二马路一期开街爆满,0.69,aspect,业态丰富度,ermawu,ermawu,1,1,业态丰富度,pos,"[""业态丰富度""]",业态丰富度,关于持续推进城市更新行动的意见(业态引导),业态多元化引导;业态调整,"[[""urban_operation"", ""服务"", ""主""], [""urban_renewal"", ""服务"", ""次""]]",0.892,0,111.275275,30.700566
ermawu_T1_00182,ermawu,sim_ermawu_l3l4,节假日保洁跟不上,垃圾秩序,urban_governance,环境,0.111,Very Negative,neg,0.506,0.864,0.792,愁,历史街区,2025-02-04,2025-02 春节·二马路一期开街爆满,0.678,aspect,垃圾秩序,ermawu,ermawu,1,1,垃圾秩序,neg,"[""垃圾秩序""]",垃圾秩序,城市更新行动意见(市容治理),市容环境治理;垃圾分类,"[[""urban_governance"", ""环境"", ""主""], [""urban_governance"", ""服务"", ""次""]]",0.873,0,111.283644,30.694356
ermawu_T1_00183,ermawu,sim_ermawu_l3l4,停车太难，绕三圈找不到,停车难,urban_governance,设施,0.089,Negative,neg,0.8,0.901,0.825,怒,历史街区,2025-02-06,2025-02 春节·二马路一期开街爆满,0.875,aspect,停车难,ermawu,ermawu,1,1,停车难,neg,"[""停车难""]",停车难,完整社区(配套设施补齐);一刻钟生活圈,停车设施补齐;配套完善,"[[""urban_governance"", ""设施"", ""主""], [""urban_planning"", ""设施"", ""次""]]",0.89,0,111.28755,30.696012
ermawu_T1_00184,ermawu,sim_ermawu_l3l4,人太多挤得慌，根本走不动,文旅活力,urban_operation,事件,0.053,Very Negative,neg,0.92,0.778,0.814,怒,历史街区,2025-02-08,2025-02 春节·二马路一期开街爆满,0.442,aspect,文旅活力,ermawu,ermawu,1,1,文旅活力,neg,"[""文旅活力""]",文旅活力,"城市更新""十五五""规划(文脉保护;文旅)",文旅品牌;节假日活动组织,"[[""urban_operation"", ""事件"", ""主""], [""urban_operation"", ""文化"", ""次""]]",0.933,1,111.274179,30.697849
ermawu_T1_00185,ermawu,sim_ermawu_l3l4,施工期灰尘大,施工扰民,urban_governance,环境,0.376,Very Negative,neg,0.821,0.872,0.806,愁,历史街区,2025-02-02,2025-02 春节·二马路一期开街爆满,0.464,aspect,施工扰民,ermawu,ermawu,1,1,施工扰民,neg,"[""施工扰民""]",施工扰民,城市体检评估管理办法(施工期扰民),老旧小区改造;施工组织优化,"[[""urban_governance"", ""环境"", ""主""], [""urban_renewal"", ""设施"", ""次""]]",0.878,0,111.286365,30.693996
ermawu_T1_00186,ermawu,sim_ermawu_l3l4,开街垃圾满地没人扫,垃圾秩序,urban_governance,环境,0.088,Negative,neg,0.507,0.776,0.716,愁,历史街区,2025-02-09,2025-02 春节·二马路一期开街爆满,0.606,aspect,垃圾秩序,ermawu,ermawu,1,1,垃圾秩序,neg,"[""垃圾秩序""]",垃圾秩序,城市更新行动意见(市容治理),市容环境治理;垃圾分类,"[[""urban_governance"", ""环境"", ""主""], [""urban_governance"", ""服务"", ""次""]]",0.795,0,111.276679,30.699485
ermawu_T1_00187,ermawu,sim_ermawu_l3l4,原住民迁走，没了生活气,烟火气保留,urban_renewal,文化,0.143,Negative,neg,0.935,0.73,0.902,愁,历史街区,2025-02-02,2025-02 春节·二马路一期开街爆满,0.78,aspect,烟火气保留,ermawu,ermawu,1,1,烟火气保留,neg,"[""烟火气保留""]",烟火气保留,防止大拆大建通知(留改拆·留底线),历史街区保护更新;社区营造,"[[""urban_renewal"", ""文化"", ""主""], [""urban_renewal"", ""环境"", ""次""]]",0.938,0,111.282969,30.692618
ermawu_T1_00188,ermawu,sim_ermawu_l3l4,节假日保洁跟不上,垃圾秩序,urban_governance,环境,0.1,Very Negative,neg,0.506,0.9,0.721,怒,历史街区,2025-02-02,2025-02 春节·二马路一期开街爆满,0.457,aspect,垃圾秩序,ermawu,ermawu,1,1,垃圾秩序,neg,"[""垃圾秩序""]",垃圾秩序,城市更新行动意见(市容治理),市容环境治理;垃圾分类,"[[""urban_governance"", ""环境"", ""主""], [""urban_governance"", ""服务"", ""次""]]",0.826,0,111.282835,30.693278
ermawu_T1_00189,ermawu,sim_ermawu_l3l4,烟火气没了，商业化太重,烟火气保留,urban_renewal,文化,0.097,Negative,neg,0.847,0.927,0.748,哀,历史街区,2025-02-01,2025-02 春节·二马路一期开街爆满,0.623,aspect,烟火气保留,ermawu,ermawu,1,1,烟火气保留,neg,"[""烟火气保留""]",烟火气保留,防止大拆大建通知(留改拆·留底线),历史街区保护更新;社区营造,"[[""urban_renewal"", ""文化"", ""主""], [""urban_renewal"", ""环境"", ""次""]]",0.724,0,111.278594,30.693529
ermawu_T1_00190,ermawu,sim_ermawu_l3l4,五一10万人，体验拉胯,文旅活力,urban_operation,事件,0.229,Very Negative,neg,0.522,0.806,0.895,怒,历史街区,2025-02-07,2025-02 春节·二马路一期开街爆满,0.708,aspect,文旅活力,ermawu,ermawu,1,1,文旅活力,neg,"[""文旅活力""]",文旅活力,"城市更新""十五五""规划(文脉保护;文旅)",文旅品牌;节假日活动组织,"[[""urban_operation"", ""事件"", ""主""], [""urban_operation"", ""文化"", ""次""]]",0.808,1,111.279419,30.692699
ermawu_T1_00191,ermawu,sim_ermawu_l3l4,盼着开街呢，老街改造进度有点慢,文旅活力,urban_operation,事件,0.456,Neutral,neu,0.409,0.803,0.863,急,历史街区,2025-02-07,2025-02 春节·二马路一期开街爆满,0.523,aspect,文旅活力,ermawu,ermawu,1,1,文旅活力,neu,"[""文旅活力""]",文旅活力,"城市更新""十五五""规划(文脉保护;文旅)",文旅品牌;节假日活动组织,"[[""urban_operation"", ""事件"", ""主""], [""urban_operation"", ""文化"", ""次""]]",0.744,1,111.27491,30.697447
ermawu_T1_00192,ermawu,sim_ermawu_l3l4,既有文化味更有烟火气，难得,烟火气保留,urban_renewal,文化,0.881,Very Positive,pos,0.447,0.727,0.732,乐,历史街区,2025-02-04,2025-02 春节·二马路一期开街爆满,0.706,aspect,烟火气保留,ermawu,ermawu,1,1,烟火气保留,pos,"[""烟火气保留""]",烟火气保留,防止大拆大建通知(留改拆·留底线),历史街区保护更新;社区营造,"[[""urban_renewal"", ""文化"", ""主""], [""urban_renewal"", ""环境"", ""次""]]",0.926,0,111.277369,30.695913
ermawu_T1_00193,ermawu,sim_ermawu_l3l4,施工快收尾了，忍忍,施工扰民,urban_governance,环境,0.478,Neutral,neu,0.302,0.74,0.903,盼,历史街区,2025-02-02,2025-02 春节·二马路一期开街爆满,0.868,aspect,施工扰民,ermawu,ermawu,1,1,施工扰民,neu,"[""施工扰民""]",施工扰民,城市体检评估管理办法(施工期扰民),老旧小区改造;施工组织优化,"[[""urban_governance"", ""环境"", ""主""], [""urban_renewal"", ""设施"", ""次""]]",0.921,0,111.288889,30.694695
ermawu_T1_00194,ermawu,sim_ermawu_l3l4,期待焕新效果,文旅活力,urban_operation,事件,0.574,Neutral,neu,0.309,0.735,0.831,盼,历史街区,2025-02-01,2025-02 春节·二马路一期开街爆满,0.652,aspect,文旅活力,ermawu,ermawu,1,1,文旅活力,neu,"[""文旅活力""]",文旅活力,"城市更新""十五五""规划(文脉保护;文旅)",文旅品牌;节假日活动组织,"[[""urban_operation"", ""事件"", ""主""], [""urban_operation"", ""文化"", ""次""]]",0.888,1,111.279363,30.692209
ermawu_T1_00195,ermawu,sim_ermawu_l3l4,业态都同质化了，走哪都一样,业态丰富度,urban_operation,服务,0.311,Very Negative,neg,0.655,0.779,0.822,怒,历史街区,2025-02-04,2025-02 春节·二马路一期开街爆满,0.693,aspect,业态丰富度,ermawu,ermawu,1,1,业态丰富度,neg,"[""业态丰富度""]",业态丰富度,关于持续推进城市更新行动的意见(业态引导),业态多元化引导;业态调整,"[[""urban_operation"", ""服务"", ""主""], [""urban_renewal"", ""服务"", ""次""]]",0.85,0,111.276534,30.700465
ermawu_T1_00196,ermawu,sim_ermawu_l3l4,施工绕行太麻烦,施工扰民,urban_governance,环境,0.119,Very Negative,neg,0.706,0.798,0.879,哀,历史街区,2025-02-07,2025-02 春节·二马路一期开街爆满,0.712,aspect,施工扰民,ermawu,ermawu,1,1,施工扰民,neg,"[""施工扰民""]",施工扰民,城市体检评估管理办法(施工期扰民),老旧小区改造;施工组织优化,"[[""urban_governance"", ""环境"", ""主""], [""urban_renewal"", ""设施"", ""次""]]",0.832,0,111.282593,30.696913
ermawu_T1_00197,ermawu,sim_ermawu_l3l4,期待焕新效果,文旅活力,urban_operation,事件,0.551,Neutral,neu,0.366,0.814,0.863,盼,历史街区,2025-02-06,2025-02 春节·二马路一期开街爆满,0.489,aspect,文旅活力,ermawu,ermawu,1,1,文旅活力,neu,"[""文旅活力""]",文旅活力,"城市更新""十五五""规划(文脉保护;文旅)",文旅品牌;节假日活动组织,"[[""urban_operation"", ""事件"", ""主""], [""urban_operation"", ""文化"", ""次""]]",0.681,1,111.276978,30.696897
ermawu_T1_00198,ermawu,sim_ermawu_l3l4,节假日保洁跟不上,垃圾秩序,urban_governance,环境,0.321,Very Negative,neg,0.68,0.786,0.819,哀,历史街区,2025-02-01,2025-02 春节·二马路一期开街爆满,0.715,aspect,垃圾秩序,ermawu,ermawu,1,1,垃圾秩序,neg,"[""垃圾秩序""]",垃圾秩序,城市更新行动意见(市容治理),市容环境治理;垃圾分类,"[[""urban_governance"", ""环境"", ""主""], [""urban_governance"", ""服务"", ""次""]]",0.835,0,111.278081,30.693142
ermawu_T1_00199,ermawu,sim_ermawu_l3l4,人多秩序乱，占道,垃圾秩序,urban_governance,环境,0.337,Very Negative,neg,0.916,0.736,0.915,怒,历史街区,2025-02-07,2025-02 春节·二马路一期开街爆满,0.541,aspect,垃圾秩序,ermawu,ermawu,1,1,垃圾秩序,neg,"[""垃圾秩序""]",垃圾秩序,城市更新行动意见(市容治理),市容环境治理;垃圾分类,"[[""urban_governance"", ""环境"", ""主""], [""urban_governance"", ""服务"", ""次""]]",0.738,0,111.276663,30.702117
ermawu_T1_00200,ermawu,sim_ermawu_l3l4,老味道流失，可惜,烟火气保留,urban_renewal,文化,0.298,Very Negative,neg,0.836,0.889,0.89,愁,历史街区,2025-02-01,2025-02 春节·二马路一期开街爆满,0.896,aspect,烟火气保留,ermawu,ermawu,1,1,烟火气保留,neg,"[""烟火气保留""]",烟火气保留,防止大拆大建通知(留改拆·留底线),历史街区保护更新;社区营造,"[[""urban_renewal"", ""文化"", ""主""], [""urban_renewal"", ""环境"", ""次""]]",0.917,0,111.276696,30.69798
ermawu_T1_00201,ermawu,sim_ermawu_l3l4,节假日保洁跟不上,垃圾秩序,urban_governance,环境,0.306,Negative,neg,0.878,0.884,0.782,怒,历史街区,2025-02-03,2025-02 春节·二马路一期开街爆满,0.785,aspect,垃圾秩序,ermawu,ermawu,1,1,垃圾秩序,neg,"[""垃圾秩序""]",垃圾秩序,城市更新行动意见(市容治理),市容环境治理;垃圾分类,"[[""urban_governance"", ""环境"", ""主""], [""urban_governance"", ""服务"", ""次""]]",0.791,0,111.283914,30.694292
ermawu_T1_00202,ermawu,sim_ermawu_l3l4,改造还在施工，吵得受不了,施工扰民,urban_governance,环境,0.256,Negative,neg,0.867,0.835,0.767,怒,历史街区,2025-02-06,2025-02 春节·二马路一期开街爆满,0.539,aspect,施工扰民,ermawu,ermawu,1,1,施工扰民,neg,"[""施工扰民""]",施工扰民,城市体检评估管理办法(施工期扰民),老旧小区改造;施工组织优化,"[[""urban_governance"", ""环境"", ""主""], [""urban_renewal"", ""设施"", ""次""]]",0.719,0,111.280029,30.701611
ermawu_T1_00203,ermawu,sim_ermawu_l3l4,盼着开街呢，老街改造进度有点慢,文旅活力,urban_operation,事件,0.423,Neutral,neu,0.677,0.83,0.84,急,历史街区,2025-02-10,2025-02 春节·二马路一期开街爆满,0.513,aspect,文旅活力,ermawu,ermawu,1,1,文旅活力,neu,"[""文旅活力""]",文旅活力,"城市更新""十五五""规划(文脉保护;文旅)",文旅品牌;节假日活动组织,"[[""urban_operation"", ""事件"", ""主""], [""urban_operation"", ""文化"", ""次""]]",0.833,1,111.275095,30.697582
ermawu_T1_00204,ermawu,sim_ermawu_l3l4,开街垃圾满地没人扫,垃圾秩序,urban_governance,环境,0.049,Very Negative,neg,0.84,0.832,0.749,怒,历史街区,2025-02-03,2025-02 春节·二马路一期开街爆满,0.748,aspect,垃圾秩序,ermawu,ermawu,1,1,垃圾秩序,neg,"[""垃圾秩序""]",垃圾秩序,城市更新行动意见(市容治理),市容环境治理;垃圾分类,"[[""urban_governance"", ""环境"", ""主""], [""urban_governance"", ""服务"", ""次""]]",0.86,0,111.277664,30.701594
ermawu_T1_00205,ermawu,sim_ermawu_l3l4,开街后保洁跟上了,垃圾秩序,urban_governance,环境,0.425,Neutral,neu,0.654,0.749,0.906,盼,历史街区,2025-02-08,2025-02 春节·二马路一期开街爆满,0.522,aspect,垃圾秩序,ermawu,ermawu,1,1,垃圾秩序,neu,"[""垃圾秩序""]",垃圾秩序,城市更新行动意见(市容治理),市容环境治理;垃圾分类,"[[""urban_governance"", ""环境"", ""主""], [""urban_governance"", ""服务"", ""次""]]",0.731,0,111.280841,30.694828
ermawu_T1_00206,ermawu,sim_ermawu_l3l4,施工快收尾了，忍忍,施工扰民,urban_governance,环境,0.546,Neutral,neu,0.488,0.77,0.858,盼,历史街区,2025-02-02,2025-02 春节·二马路一期开街爆满,0.664,aspect,施工扰民,ermawu,ermawu,1,1,施工扰民,neu,"[""施工扰民""]",施工扰民,城市体检评估管理办法(施工期扰民),老旧小区改造;施工组织优化,"[[""urban_governance"", ""环境"", ""主""], [""urban_renewal"", ""设施"", ""次""]]",0.937,0,111.285219,30.690136
ermawu_T1_00207,ermawu,sim_ermawu_l3l4,期待焕新效果,文旅活力,urban_operation,事件,0.444,Neutral,neu,0.431,0.872,0.786,急,历史街区,2025-02-04,2025-02 春节·二马路一期开街爆满,0.762,aspect,文旅活力,ermawu,ermawu,1,1,文旅活力,neu,"[""文旅活力""]",文旅活力,"城市更新""十五五""规划(文脉保护;文旅)",文旅品牌;节假日活动组织,"[[""urban_operation"", ""事件"", ""主""], [""urban_operation"", ""文化"", ""次""]]",0.73,1,111.277996,30.69959
ermawu_T1_00208,ermawu,sim_ermawu_l3l4,施工快收尾了，忍忍,施工扰民,urban_governance,环境,0.556,Neutral,neu,0.367,0.949,0.71,盼,历史街区,2025-02-03,2025-02 春节·二马路一期开街爆满,0.718,aspect,施工扰民,ermawu,ermawu,1,1,施工扰民,neu,"[""施工扰民""]",施工扰民,城市体检评估管理办法(施工期扰民),老旧小区改造;施工组织优化,"[[""urban_governance"", ""环境"", ""主""], [""urban_renewal"", ""设施"", ""次""]]",0.756,0,111.27952,30.691591
ermawu_T1_00209,ermawu,sim_ermawu_l3l4,盼着开街呢，老街改造进度有点慢,文旅活力,urban_operation,事件,0.444,Neutral,neu,0.687,0.9,0.715,盼,历史街区,2025-02-03,2025-02 春节·二马路一期开街爆满,0.465,aspect,文旅活力,ermawu,ermawu,1,1,文旅活力,neu,"[""文旅活力""]",文旅活力,"城市更新""十五五""规划(文脉保护;文旅)",文旅品牌;节假日活动组织,"[[""urban_operation"", ""事件"", ""主""], [""urban_operation"", ""文化"", ""次""]]",0.868,1,111.285604,30.698814
ermawu_T1_00210,ermawu,sim_ermawu_l3l4,烟火气这东西见仁见智,烟火气保留,urban_renewal,文化,0.484,Neutral,neu,0.608,0.751,0.889,盼,历史街区,2025-02-09,2025-02 春节·二马路一期开街爆满,0.429,aspect,烟火气保留,ermawu,ermawu,1,1,烟火气保留,neu,"[""烟火气保留""]",烟火气保留,防止大拆大建通知(留改拆·留底线),历史街区保护更新;社区营造,"[[""urban_renewal"", ""文化"", ""主""], [""urban_renewal"", ""环境"", ""次""]]",0.713,0,111.283432,30.692643
ermawu_T1_00211,ermawu,sim_ermawu_l3l4,施工绕行太麻烦,施工扰民,urban_governance,环境,0.092,Negative,neg,0.946,0.843,0.733,哀,历史街区,2025-02-04,2025-02 春节·二马路一期开街爆满,0.485,aspect,施工扰民,ermawu,ermawu,1,1,施工扰民,neg,"[""施工扰民""]",施工扰民,城市体检评估管理办法(施工期扰民),老旧小区改造;施工组织优化,"[[""urban_governance"", ""环境"", ""主""], [""urban_renewal"", ""设施"", ""次""]]",0.95,0,111.284501,30.690039
ermawu_T1_00212,ermawu,sim_ermawu_l3l4,人太多挤得慌，根本走不动,文旅活力,urban_operation,事件,0.331,Negative,neg,0.714,0.934,0.772,哀,历史街区,2025-02-05,2025-02 春节·二马路一期开街爆满,0.598,aspect,文旅活力,ermawu,ermawu,1,1,文旅活力,neg,"[""文旅活力""]",文旅活力,"城市更新""十五五""规划(文脉保护;文旅)",文旅品牌;节假日活动组织,"[[""urban_operation"", ""事件"", ""主""], [""urban_operation"", ""文化"", ""次""]]",0.762,1,111.280146,30.694674
ermawu_T1_00213,ermawu,sim_ermawu_l3l4,期待焕新效果,文旅活力,urban_operation,事件,0.509,Neutral,neu,0.583,0.806,0.905,急,历史街区,2025-02-05,2025-02 春节·二马路一期开街爆满,0.821,aspect,文旅活力,ermawu,ermawu,1,1,文旅活力,neu,"[""文旅活力""]",文旅活力,"城市更新""十五五""规划(文脉保护;文旅)",文旅品牌;节假日活动组织,"[[""urban_operation"", ""事件"", ""主""], [""urban_operation"", ""文化"", ""次""]]",0.848,1,111.280618,30.693409
ermawu_T1_00214,ermawu,sim_ermawu_l3l4,回迁政策还在等落实,回迁安置,urban_renewal,服务,0.408,Neutral,neu,0.395,0.725,0.897,盼,历史街区,2025-02-07,2025-02 春节·二马路一期开街爆满,0.675,aspect,回迁安置,ermawu,ermawu,1,1,回迁安置,neu,"[""回迁安置""]",回迁安置,防止大拆大建通知(不大规模搬迁原住民),回迁安置;原住民保留,"[[""urban_renewal"", ""服务"", ""主""], [""urban_governance"", ""服务"", ""次""]]",0.919,0,111.283905,30.696111
ermawu_T1_00215,ermawu,sim_ermawu_l3l4,改造还在施工，吵得受不了,施工扰民,urban_governance,环境,0.219,Negative,neg,0.657,0.903,0.787,怒,历史街区,2025-02-08,2025-02 春节·二马路一期开街爆满,0.539,aspect,施工扰民,ermawu,ermawu,1,1,施工扰民,neg,"[""施工扰民""]",施工扰民,城市体检评估管理办法(施工期扰民),老旧小区改造;施工组织优化,"[[""urban_governance"", ""环境"", ""主""], [""urban_renewal"", ""设施"", ""次""]]",0.714,0,111.277478,30.698093
ermawu_T1_00216,ermawu,sim_ermawu_l3l4,老建筑修得讲究，最小干预看出功夫,修旧如旧,urban_renewal,文化,0.448,Neutral,neu,0.753,0.8,0.865,急,历史街区,2025-02-08,2025-02 春节·二马路一期开街爆满,0.642,aspect,修旧如旧,ermawu,ermawu,1,1,修旧如旧,neu,"[""修旧如旧""]",修旧如旧,防止大拆大建通知;关于持续推进城市更新行动的意见,历史街区/历史文化街区保护更新,"[[""urban_renewal"", ""文化"", ""主""], [""urban_operation"", ""文化"", ""次""]]",0.867,0,111.277524,30.697565
ermawu_T1_00217,ermawu,sim_ermawu_l3l4,改造还在施工，吵得受不了,施工扰民,urban_governance,环境,0.347,Very Negative,neg,0.547,0.883,0.82,哀,历史街区,2025-02-01,2025-02 春节·二马路一期开街爆满,0.791,aspect,施工扰民,ermawu,ermawu,1,1,施工扰民,neg,"[""施工扰民""]",施工扰民,城市体检评估管理办法(施工期扰民),老旧小区改造;施工组织优化,"[[""urban_governance"", ""环境"", ""主""], [""urban_renewal"", ""设施"", ""次""]]",0.852,0,111.279531,30.697045
ermawu_T1_00218,ermawu,sim_ermawu_l3l4,回迁安置拖很久,回迁安置,urban_renewal,服务,0.386,Negative,neg,0.661,0.786,0.75,怒,历史街区,2025-02-02,2025-02 春节·二马路一期开街爆满,0.616,aspect,回迁安置,ermawu,ermawu,1,1,回迁安置,neg,"[""回迁安置""]",回迁安置,防止大拆大建通知(不大规模搬迁原住民),回迁安置;原住民保留,"[[""urban_renewal"", ""服务"", ""主""], [""urban_governance"", ""服务"", ""次""]]",0.935,0,111.27826,30.694811
ermawu_T1_00219,ermawu,sim_ermawu_l3l4,期待焕新效果,文旅活力,urban_operation,事件,0.544,Neutral,neu,0.342,0.868,0.722,盼,历史街区,2025-02-03,2025-02 春节·二马路一期开街爆满,0.513,aspect,文旅活力,ermawu,ermawu,1,1,文旅活力,neu,"[""文旅活力""]",文旅活力,"城市更新""十五五""规划(文脉保护;文旅)",文旅品牌;节假日活动组织,"[[""urban_operation"", ""事件"", ""主""], [""urban_operation"", ""文化"", ""次""]]",0.734,1,111.280687,30.694783
ermawu_T1_00220,ermawu,sim_ermawu_l3l4,回迁安置拖很久,回迁安置,urban_renewal,服务,0.305,Very Negative,neg,0.803,0.74,0.866,哀,历史街区,2025-02-07,2025-02 春节·二马路一期开街爆满,0.639,aspect,回迁安置,ermawu,ermawu,1,1,回迁安置,neg,"[""回迁安置""]",回迁安置,防止大拆大建通知(不大规模搬迁原住民),回迁安置;原住民保留,"[[""urban_renewal"", ""服务"", ""主""], [""urban_governance"", ""服务"", ""次""]]",0.848,0,111.278606,30.699116
ermawu_T1_00221,ermawu,sim_ermawu_l3l4,节假日停车地狱,停车难,urban_governance,设施,0.368,Very Negative,neg,0.665,0.855,0.917,愁,历史街区,2025-02-08,2025-02 春节·二马路一期开街爆满,0.686,aspect,停车难,ermawu,ermawu,1,1,停车难,neg,"[""停车难""]",停车难,完整社区(配套设施补齐);一刻钟生活圈,停车设施补齐;配套完善,"[[""urban_governance"", ""设施"", ""主""], [""urban_planning"", ""设施"", ""次""]]",0.894,0,111.272207,30.69857
ermawu_T1_00222,ermawu,sim_ermawu_l3l4,五一10万人，体验拉胯,文旅活力,urban_operation,事件,0.197,Very Negative,neg,0.915,0.849,0.765,怒,历史街区,2025-02-08,2025-02 春节·二马路一期开街爆满,0.614,aspect,文旅活力,ermawu,ermawu,1,1,文旅活力,neg,"[""文旅活力""]",文旅活力,"城市更新""十五五""规划(文脉保护;文旅)",文旅品牌;节假日活动组织,"[[""urban_operation"", ""事件"", ""主""], [""urban_operation"", ""文化"", ""次""]]",0.742,1,111.278797,30.69642
ermawu_T1_00223,ermawu,sim_ermawu_l3l4,期待焕新效果,文旅活力,urban_operation,事件,0.425,Neutral,neu,0.512,0.863,0.92,盼,历史街区,2025-02-01,2025-02 春节·二马路一期开街爆满,0.889,aspect,文旅活力,ermawu,ermawu,1,1,文旅活力,neu,"[""文旅活力""]",文旅活力,"城市更新""十五五""规划(文脉保护;文旅)",文旅品牌;节假日活动组织,"[[""urban_operation"", ""事件"", ""主""], [""urban_operation"", ""文化"", ""次""]]",0.861,1,111.276942,30.701616
ermawu_T1_00224,ermawu,sim_ermawu_l3l4,人太多挤得慌，根本走不动,文旅活力,urban_operation,事件,0.236,Very Negative,neg,0.705,0.849,0.859,怒,历史街区,2025-02-01,2025-02 春节·二马路一期开街爆满,0.553,aspect,文旅活力,ermawu,ermawu,1,1,文旅活力,neg,"[""文旅活力""]",文旅活力,"城市更新""十五五""规划(文脉保护;文旅)",文旅品牌;节假日活动组织,"[[""urban_operation"", ""事件"", ""主""], [""urban_operation"", ""文化"", ""次""]]",0.816,1,111.286996,30.696228
ermawu_T1_00225,ermawu,sim_ermawu_l3l4,回迁安置拖很久,回迁安置,urban_renewal,服务,0.177,Very Negative,neg,0.937,0.909,0.794,哀,历史街区,2025-02-08,2025-02 春节·二马路一期开街爆满,0.743,aspect,回迁安置,ermawu,ermawu,1,1,回迁安置,neg,"[""回迁安置""]",回迁安置,防止大拆大建通知(不大规模搬迁原住民),回迁安置;原住民保留,"[[""urban_renewal"", ""服务"", ""主""], [""urban_governance"", ""服务"", ""次""]]",0.914,0,111.280656,30.696383
ermawu_T1_00226,ermawu,sim_ermawu_l3l4,节假日保洁跟不上,垃圾秩序,urban_governance,环境,0.228,Very Negative,neg,0.744,0.737,0.899,哀,历史街区,2025-02-07,2025-02 春节·二马路一期开街爆满,0.667,aspect,垃圾秩序,ermawu,ermawu,1,1,垃圾秩序,neg,"[""垃圾秩序""]",垃圾秩序,城市更新行动意见(市容治理),市容环境治理;垃圾分类,"[[""urban_governance"", ""环境"", ""主""], [""urban_governance"", ""服务"", ""次""]]",0.775,0,111.283311,30.689922
ermawu_T1_00227,ermawu,sim_ermawu_l3l4,盼着开街呢，老街改造进度有点慢,文旅活力,urban_operation,事件,0.406,Neutral,neu,0.35,0.875,0.739,盼,历史街区,2025-02-08,2025-02 春节·二马路一期开街爆满,0.898,aspect,文旅活力,ermawu,ermawu,1,1,文旅活力,neu,"[""文旅活力""]",文旅活力,"城市更新""十五五""规划(文脉保护;文旅)",文旅品牌;节假日活动组织,"[[""urban_operation"", ""事件"", ""主""], [""urban_operation"", ""文化"", ""次""]]",0.752,1,111.280489,30.700626
ermawu_T1_00228,ermawu,sim_ermawu_l3l4,连锁店太多，没特色,业态丰富度,urban_operation,服务,0.267,Negative,neg,0.79,0.771,0.872,怒,历史街区,2025-02-08,2025-02 春节·二马路一期开街爆满,0.715,aspect,业态丰富度,ermawu,ermawu,1,1,业态丰富度,neg,"[""业态丰富度""]",业态丰富度,关于持续推进城市更新行动的意见(业态引导),业态多元化引导;业态调整,"[[""urban_operation"", ""服务"", ""主""], [""urban_renewal"", ""服务"", ""次""]]",0.915,0,111.280328,30.693742
ermawu_T1_00229,ermawu,sim_ermawu_l3l4,不变拆真改，原汁原味加分,修旧如旧,urban_renewal,文化,0.43,Neutral,neu,0.391,0.892,0.82,盼,历史街区,2025-02-05,2025-02 春节·二马路一期开街爆满,0.772,aspect,修旧如旧,ermawu,ermawu,1,1,修旧如旧,neu,"[""修旧如旧""]",修旧如旧,防止大拆大建通知;关于持续推进城市更新行动的意见,历史街区/历史文化街区保护更新,"[[""urban_renewal"", ""文化"", ""主""], [""urban_operation"", ""文化"", ""次""]]",0.853,0,111.282951,30.694236
ermawu_T1_00230,ermawu,sim_ermawu_l3l4,节假日保洁跟不上,垃圾秩序,urban_governance,环境,0.173,Negative,neg,0.748,0.919,0.732,怒,历史街区,2025-02-01,2025-02 春节·二马路一期开街爆满,0.594,aspect,垃圾秩序,ermawu,ermawu,1,1,垃圾秩序,neg,"[""垃圾秩序""]",垃圾秩序,城市更新行动意见(市容治理),市容环境治理;垃圾分类,"[[""urban_governance"", ""环境"", ""主""], [""urban_governance"", ""服务"", ""次""]]",0.733,0,111.283307,30.696923
ermawu_T1_00231,ermawu,sim_ermawu_l3l4,文创老店+特色美食，业态丰富,业态丰富度,urban_operation,服务,0.817,Very Positive,pos,0.71,0.824,0.869,乐,历史街区,2025-02-05,2025-02 春节·二马路一期开街爆满,0.404,aspect,业态丰富度,ermawu,ermawu,1,1,业态丰富度,pos,"[""业态丰富度""]",业态丰富度,关于持续推进城市更新行动的意见(业态引导),业态多元化引导;业态调整,"[[""urban_operation"", ""服务"", ""主""], [""urban_renewal"", ""服务"", ""次""]]",0.944,0,111.280424,30.695599
ermawu_T1_00232,ermawu,sim_ermawu_l3l4,施工绕行太麻烦,施工扰民,urban_governance,环境,0.387,Negative,neg,0.765,0.817,0.877,怒,历史街区,2025-02-09,2025-02 春节·二马路一期开街爆满,0.766,aspect,施工扰民,ermawu,ermawu,1,1,施工扰民,neg,"[""施工扰民""]",施工扰民,城市体检评估管理办法(施工期扰民),老旧小区改造;施工组织优化,"[[""urban_governance"", ""环境"", ""主""], [""urban_renewal"", ""设施"", ""次""]]",0.945,0,111.280506,30.696908
ermawu_T1_00233,ermawu,sim_ermawu_l3l4,老建筑修得讲究，最小干预看出功夫,修旧如旧,urban_renewal,文化,0.733,Positive,pos,0.681,0.761,0.914,乐,历史街区,2025-02-07,2025-02 春节·二马路一期开街爆满,0.828,aspect,修旧如旧,ermawu,ermawu,1,1,修旧如旧,pos,"[""修旧如旧""]",修旧如旧,防止大拆大建通知;关于持续推进城市更新行动的意见,历史街区/历史文化街区保护更新,"[[""urban_renewal"", ""文化"", ""主""], [""urban_operation"", ""文化"", ""次""]]",0.774,0,111.277964,30.696133
ermawu_T1_00234,ermawu,sim_ermawu_l3l4,节假日保洁跟不上,垃圾秩序,urban_governance,环境,0.392,Very Negative,neg,0.6,0.738,0.717,怒,历史街区,2025-02-01,2025-02 春节·二马路一期开街爆满,0.788,aspect,垃圾秩序,ermawu,ermawu,1,1,垃圾秩序,neg,"[""垃圾秩序""]",垃圾秩序,城市更新行动意见(市容治理),市容环境治理;垃圾分类,"[[""urban_governance"", ""环境"", ""主""], [""urban_governance"", ""服务"", ""次""]]",0.914,0,111.280519,30.698791
ermawu_T1_00235,ermawu,sim_ermawu_l3l4,停车太难，绕三圈找不到,停车难,urban_governance,设施,0.279,Negative,neg,0.52,0.802,0.812,哀,历史街区,2025-02-01,2025-02 春节·二马路一期开街爆满,0.502,aspect,停车难,ermawu,ermawu,1,1,停车难,neg,"[""停车难""]",停车难,完整社区(配套设施补齐);一刻钟生活圈,停车设施补齐;配套完善,"[[""urban_governance"", ""设施"", ""主""], [""urban_planning"", ""设施"", ""次""]]",0.833,0,111.286636,30.6946
ermawu_T1_00236,ermawu,sim_ermawu_l3l4,配套停车跟不上热度,停车难,urban_governance,设施,0.388,Negative,neg,0.829,0.822,0.762,哀,历史街区,2025-02-08,2025-02 春节·二马路一期开街爆满,0.656,aspect,停车难,ermawu,ermawu,1,1,停车难,neg,"[""停车难""]",停车难,完整社区(配套设施补齐);一刻钟生活圈,停车设施补齐;配套完善,"[[""urban_governance"", ""设施"", ""主""], [""urban_planning"", ""设施"", ""次""]]",0.77,0,111.277628,30.69835
ermawu_T1_00237,ermawu,sim_ermawu_l3l4,盼着开街呢，老街改造进度有点慢,文旅活力,urban_operation,事件,0.502,Neutral,neu,0.72,0.84,0.849,急,历史街区,2025-02-07,2025-02 春节·二马路一期开街爆满,0.834,aspect,文旅活力,ermawu,ermawu,1,1,文旅活力,neu,"[""文旅活力""]",文旅活力,"城市更新""十五五""规划(文脉保护;文旅)",文旅品牌;节假日活动组织,"[[""urban_operation"", ""事件"", ""主""], [""urban_operation"", ""文化"", ""次""]]",0.766,1,111.27991,30.697151
ermawu_T1_00238,ermawu,sim_ermawu_l3l4,施工绕行太麻烦,施工扰民,urban_governance,环境,0.213,Very Negative,neg,0.59,0.722,0.835,愁,历史街区,2025-02-01,2025-02 春节·二马路一期开街爆满,0.513,aspect,施工扰民,ermawu,ermawu,1,1,施工扰民,neg,"[""施工扰民""]",施工扰民,城市体检评估管理办法(施工期扰民),老旧小区改造;施工组织优化,"[[""urban_governance"", ""环境"", ""主""], [""urban_renewal"", ""设施"", ""次""]]",0.825,0,111.283847,30.697224
ermawu_T1_00239,ermawu,sim_ermawu_l3l4,人多秩序乱，占道,垃圾秩序,urban_governance,环境,0.132,Very Negative,neg,0.537,0.919,0.737,哀,历史街区,2025-02-03,2025-02 春节·二马路一期开街爆满,0.662,aspect,垃圾秩序,ermawu,ermawu,1,1,垃圾秩序,neg,"[""垃圾秩序""]",垃圾秩序,城市更新行动意见(市容治理),市容环境治理;垃圾分类,"[[""urban_governance"", ""环境"", ""主""], [""urban_governance"", ""服务"", ""次""]]",0.913,0,111.276723,30.696442
ermawu_T1_00240,ermawu,sim_ermawu_l3l4,烟火气没了，商业化太重,烟火气保留,urban_renewal,文化,0.041,Negative,neg,0.735,0.722,0.734,愁,历史街区,2025-02-07,2025-02 春节·二马路一期开街爆满,0.691,aspect,烟火气保留,ermawu,ermawu,1,1,烟火气保留,neg,"[""烟火气保留""]",烟火气保留,防止大拆大建通知(留改拆·留底线),历史街区保护更新;社区营造,"[[""urban_renewal"", ""文化"", ""主""], [""urban_renewal"", ""环境"", ""次""]]",0.707,0,111.28313,30.694638
ermawu_T1_00241,ermawu,sim_ermawu_l3l4,开街垃圾满地没人扫,垃圾秩序,urban_governance,环境,0.271,Negative,neg,0.85,0.732,0.871,怒,历史街区,2025-02-01,2025-02 春节·二马路一期开街爆满,0.787,aspect,垃圾秩序,ermawu,ermawu,1,1,垃圾秩序,neg,"[""垃圾秩序""]",垃圾秩序,城市更新行动意见(市容治理),市容环境治理;垃圾分类,"[[""urban_governance"", ""环境"", ""主""], [""urban_governance"", ""服务"", ""次""]]",0.935,0,111.284488,30.695431
ermawu_T1_00242,ermawu,sim_ermawu_l3l4,盼着开街呢，老街改造进度有点慢,文旅活力,urban_operation,事件,0.536,Neutral,neu,0.508,0.918,0.871,盼,历史街区,2025-02-02,2025-02 春节·二马路一期开街爆满,0.463,aspect,文旅活力,ermawu,ermawu,1,1,文旅活力,neu,"[""文旅活力""]",文旅活力,"城市更新""十五五""规划(文脉保护;文旅)",文旅品牌;节假日活动组织,"[[""urban_operation"", ""事件"", ""主""], [""urban_operation"", ""文化"", ""次""]]",0.809,1,111.283622,30.695915
ermawu_T1_00243,ermawu,sim_ermawu_l3l4,施工期灰尘大,施工扰民,urban_governance,环境,0.285,Very Negative,neg,0.612,0.814,0.705,怒,历史街区,2025-02-03,2025-02 春节·二马路一期开街爆满,0.461,aspect,施工扰民,ermawu,ermawu,1,1,施工扰民,neg,"[""施工扰民""]",施工扰民,城市体检评估管理办法(施工期扰民),老旧小区改造;施工组织优化,"[[""urban_governance"", ""环境"", ""主""], [""urban_renewal"", ""设施"", ""次""]]",0.914,0,111.275534,30.697238
ermawu_T1_00244,ermawu,sim_ermawu_l3l4,开街后保洁跟上了,垃圾秩序,urban_governance,环境,0.52,Neutral,neu,0.352,0.73,0.816,盼,历史街区,2025-02-05,2025-02 春节·二马路一期开街爆满,0.585,aspect,垃圾秩序,ermawu,ermawu,1,1,垃圾秩序,neu,"[""垃圾秩序""]",垃圾秩序,城市更新行动意见(市容治理),市容环境治理;垃圾分类,"[[""urban_governance"", ""环境"", ""主""], [""urban_governance"", ""服务"", ""次""]]",0.718,0,111.284205,30.692166
ermawu_T1_00245,ermawu,sim_ermawu_l3l4,盼着开街呢，老街改造进度有点慢,文旅活力,urban_operation,事件,0.4,Neutral,neu,0.728,0.732,0.869,盼,历史街区,2025-02-09,2025-02 春节·二马路一期开街爆满,0.416,aspect,文旅活力,ermawu,ermawu,1,1,文旅活力,neu,"[""文旅活力""]",文旅活力,"城市更新""十五五""规划(文脉保护;文旅)",文旅品牌;节假日活动组织,"[[""urban_operation"", ""事件"", ""主""], [""urban_operation"", ""文化"", ""次""]]",0.705,1,111.288325,30.693078
ermawu_T1_00246,ermawu,sim_ermawu_l3l4,节假日保洁跟不上,垃圾秩序,urban_governance,环境,0.068,Very Negative,neg,0.841,0.834,0.816,愁,历史街区,2025-02-06,2025-02 春节·二马路一期开街爆满,0.458,aspect,垃圾秩序,ermawu,ermawu,1,1,垃圾秩序,neg,"[""垃圾秩序""]",垃圾秩序,城市更新行动意见(市容治理),市容环境治理;垃圾分类,"[[""urban_governance"", ""环境"", ""主""], [""urban_governance"", ""服务"", ""次""]]",0.819,0,111.279335,30.697323
ermawu_T1_00247,ermawu,sim_ermawu_l3l4,连锁店太多，没特色,业态丰富度,urban_operation,服务,0.21,Negative,neg,0.698,0.74,0.727,怒,历史街区,2025-02-07,2025-02 春节·二马路一期开街爆满,0.726,aspect,业态丰富度,ermawu,ermawu,1,1,业态丰富度,neg,"[""业态丰富度""]",业态丰富度,关于持续推进城市更新行动的意见(业态引导),业态多元化引导;业态调整,"[[""urban_operation"", ""服务"", ""主""], [""urban_renewal"", ""服务"", ""次""]]",0.812,0,111.286216,30.695054
ermawu_T1_00248,ermawu,sim_ermawu_l3l4,烟火气没了，商业化太重,烟火气保留,urban_renewal,文化,0.283,Very Negative,neg,0.844,0.804,0.854,愁,历史街区,2025-02-10,2025-02 春节·二马路一期开街爆满,0.51,aspect,烟火气保留,ermawu,ermawu,1,1,烟火气保留,neg,"[""烟火气保留""]",烟火气保留,防止大拆大建通知(留改拆·留底线),历史街区保护更新;社区营造,"[[""urban_renewal"", ""文化"", ""主""], [""urban_renewal"", ""环境"", ""次""]]",0.913,0,111.279693,30.702276
ermawu_T1_00249,ermawu,sim_ermawu_l3l4,回迁户型不满意,回迁安置,urban_renewal,服务,0.312,Negative,neg,0.75,0.921,0.759,怒,历史街区,2025-02-04,2025-02 春节·二马路一期开街爆满,0.826,aspect,回迁安置,ermawu,ermawu,1,1,回迁安置,neg,"[""回迁安置""]",回迁安置,防止大拆大建通知(不大规模搬迁原住民),回迁安置;原住民保留,"[[""urban_renewal"", ""服务"", ""主""], [""urban_governance"", ""服务"", ""次""]]",0.864,0,111.282966,30.695044
ermawu_T1_00250,ermawu,sim_ermawu_l3l4,停车勉强能找,停车难,urban_governance,设施,0.547,Neutral,neu,0.398,0.768,0.862,盼,历史街区,2025-02-08,2025-02 春节·二马路一期开街爆满,0.459,aspect,停车难,ermawu,ermawu,1,1,停车难,neu,"[""停车难""]",停车难,完整社区(配套设施补齐);一刻钟生活圈,停车设施补齐;配套完善,"[[""urban_governance"", ""设施"", ""主""], [""urban_planning"", ""设施"", ""次""]]",0.779,0,111.286823,30.696602
ermawu_T1_00251,ermawu,sim_ermawu_l3l4,回迁户型不满意,回迁安置,urban_renewal,服务,0.147,Negative,neg,0.577,0.736,0.914,怒,历史街区,2025-02-04,2025-02 春节·二马路一期开街爆满,0.703,aspect,回迁安置,ermawu,ermawu,1,1,回迁安置,neg,"[""回迁安置""]",回迁安置,防止大拆大建通知(不大规模搬迁原住民),回迁安置;原住民保留,"[[""urban_renewal"", ""服务"", ""主""], [""urban_governance"", ""服务"", ""次""]]",0.885,0,111.278597,30.697062
ermawu_T1_00252,ermawu,sim_ermawu_l3l4,盼着开街呢，老街改造进度有点慢,文旅活力,urban_operation,事件,0.519,Neutral,neu,0.698,0.789,0.739,盼,历史街区,2025-02-06,2025-02 春节·二马路一期开街爆满,0.744,aspect,文旅活力,ermawu,ermawu,1,1,文旅活力,neu,"[""文旅活力""]",文旅活力,"城市更新""十五五""规划(文脉保护;文旅)",文旅品牌;节假日活动组织,"[[""urban_operation"", ""事件"", ""主""], [""urban_operation"", ""文化"", ""次""]]",0.849,1,111.287954,30.696303
ermawu_T1_00253,ermawu,sim_ermawu_l3l4,期待焕新效果,文旅活力,urban_operation,事件,0.458,Neutral,neu,0.439,0.927,0.917,急,历史街区,2025-02-08,2025-02 春节·二马路一期开街爆满,0.545,aspect,文旅活力,ermawu,ermawu,1,1,文旅活力,neu,"[""文旅活力""]",文旅活力,"城市更新""十五五""规划(文脉保护;文旅)",文旅品牌;节假日活动组织,"[[""urban_operation"", ""事件"", ""主""], [""urban_operation"", ""文化"", ""次""]]",0.945,1,111.28013,30.695005
ermawu_T1_00254,ermawu,sim_ermawu_l3l4,节假日停车地狱,停车难,urban_governance,设施,0.162,Very Negative,neg,0.748,0.816,0.859,愁,历史街区,2025-02-04,2025-02 春节·二马路一期开街爆满,0.569,aspect,停车难,ermawu,ermawu,1,1,停车难,neg,"[""停车难""]",停车难,完整社区(配套设施补齐);一刻钟生活圈,停车设施补齐;配套完善,"[[""urban_governance"", ""设施"", ""主""], [""urban_planning"", ""设施"", ""次""]]",0.735,0,111.278452,30.69585
ermawu_T1_00255,ermawu,sim_ermawu_l3l4,开街后保洁跟上了,垃圾秩序,urban_governance,环境,0.428,Neutral,neu,0.671,0.824,0.868,急,历史街区,2025-02-10,2025-02 春节·二马路一期开街爆满,0.837,aspect,垃圾秩序,ermawu,ermawu,1,1,垃圾秩序,neu,"[""垃圾秩序""]",垃圾秩序,城市更新行动意见(市容治理),市容环境治理;垃圾分类,"[[""urban_governance"", ""环境"", ""主""], [""urban_governance"", ""服务"", ""次""]]",0.725,0,111.274078,30.697262
ermawu_T1_00256,ermawu,sim_ermawu_l3l4,回迁安置拖很久,回迁安置,urban_renewal,服务,0.169,Negative,neg,0.723,0.804,0.712,愁,历史街区,2025-02-04,2025-02 春节·二马路一期开街爆满,0.665,aspect,回迁安置,ermawu,ermawu,1,1,回迁安置,neg,"[""回迁安置""]",回迁安置,防止大拆大建通知(不大规模搬迁原住民),回迁安置;原住民保留,"[[""urban_renewal"", ""服务"", ""主""], [""urban_governance"", ""服务"", ""次""]]",0.773,0,111.275993,30.696547
ermawu_T1_00257,ermawu,sim_ermawu_l3l4,停车太难，绕三圈找不到,停车难,urban_governance,设施,0.047,Negative,neg,0.575,0.797,0.741,哀,历史街区,2025-02-03,2025-02 春节·二马路一期开街爆满,0.848,aspect,停车难,ermawu,ermawu,1,1,停车难,neg,"[""停车难""]",停车难,完整社区(配套设施补齐);一刻钟生活圈,停车设施补齐;配套完善,"[[""urban_governance"", ""设施"", ""主""], [""urban_planning"", ""设施"", ""次""]]",0.859,0,111.282142,30.698377
ermawu_T1_00258,ermawu,sim_ermawu_l3l4,烟火气这东西见仁见智,烟火气保留,urban_renewal,文化,0.473,Neutral,neu,0.627,0.823,0.874,盼,历史街区,2025-02-02,2025-02 春节·二马路一期开街爆满,0.768,aspect,烟火气保留,ermawu,ermawu,1,1,烟火气保留,neu,"[""烟火气保留""]",烟火气保留,防止大拆大建通知(留改拆·留底线),历史街区保护更新;社区营造,"[[""urban_renewal"", ""文化"", ""主""], [""urban_renewal"", ""环境"", ""次""]]",0.7,0,111.282105,30.699587
ermawu_T1_00259,ermawu,sim_ermawu_l3l4,老建筑修得讲究，最小干预看出功夫,修旧如旧,urban_renewal,文化,0.451,Neutral,neu,0.305,0.756,0.741,盼,历史街区,2025-02-10,2025-02 春节·二马路一期开街爆满,0.898,aspect,修旧如旧,ermawu,ermawu,1,1,修旧如旧,neu,"[""修旧如旧""]",修旧如旧,防止大拆大建通知;关于持续推进城市更新行动的意见,历史街区/历史文化街区保护更新,"[[""urban_renewal"", ""文化"", ""主""], [""urban_operation"", ""文化"", ""次""]]",0.883,0,111.286387,30.6961
ermawu_T1_00260,ermawu,sim_ermawu_l3l4,施工绕行太麻烦,施工扰民,urban_governance,环境,0.295,Negative,neg,0.735,0.807,0.901,哀,历史街区,2025-02-07,2025-02 春节·二马路一期开街爆满,0.723,aspect,施工扰民,ermawu,ermawu,1,1,施工扰民,neg,"[""施工扰民""]",施工扰民,城市体检评估管理办法(施工期扰民),老旧小区改造;施工组织优化,"[[""urban_governance"", ""环境"", ""主""], [""urban_renewal"", ""设施"", ""次""]]",0.715,0,111.282623,30.690707
ermawu_T1_00261,ermawu,sim_ermawu_l3l4,施工期灰尘大,施工扰民,urban_governance,环境,0.368,Negative,neg,0.721,0.809,0.854,怒,历史街区,2025-02-03,2025-02 春节·二马路一期开街爆满,0.548,aspect,施工扰民,ermawu,ermawu,1,1,施工扰民,neg,"[""施工扰民""]",施工扰民,城市体检评估管理办法(施工期扰民),老旧小区改造;施工组织优化,"[[""urban_governance"", ""环境"", ""主""], [""urban_renewal"", ""设施"", ""次""]]",0.868,0,111.288896,30.694386
ermawu_T1_00262,ermawu,sim_ermawu_l3l4,老建筑修得讲究，最小干预看出功夫,修旧如旧,urban_renewal,文化,0.453,Neutral,neu,0.433,0.85,0.867,急,历史街区,2025-02-09,2025-02 春节·二马路一期开街爆满,0.813,aspect,修旧如旧,ermawu,ermawu,1,1,修旧如旧,neu,"[""修旧如旧""]",修旧如旧,防止大拆大建通知;关于持续推进城市更新行动的意见,历史街区/历史文化街区保护更新,"[[""urban_renewal"", ""文化"", ""主""], [""urban_operation"", ""文化"", ""次""]]",0.769,0,111.276272,30.700864
ermawu_T1_00263,ermawu,sim_ermawu_l3l4,期待焕新效果,文旅活力,urban_operation,事件,0.575,Neutral,neu,0.362,0.827,0.853,盼,历史街区,2025-02-09,2025-02 春节·二马路一期开街爆满,0.516,aspect,文旅活力,ermawu,ermawu,1,1,文旅活力,neu,"[""文旅活力""]",文旅活力,"城市更新""十五五""规划(文脉保护;文旅)",文旅品牌;节假日活动组织,"[[""urban_operation"", ""事件"", ""主""], [""urban_operation"", ""文化"", ""次""]]",0.864,1,111.27802,30.696384
ermawu_T1_00264,ermawu,sim_ermawu_l3l4,回迁户型不满意,回迁安置,urban_renewal,服务,0.064,Very Negative,neg,0.68,0.883,0.793,哀,历史街区,2025-02-09,2025-02 春节·二马路一期开街爆满,0.754,aspect,回迁安置,ermawu,ermawu,1,1,回迁安置,neg,"[""回迁安置""]",回迁安置,防止大拆大建通知(不大规模搬迁原住民),回迁安置;原住民保留,"[[""urban_renewal"", ""服务"", ""主""], [""urban_governance"", ""服务"", ""次""]]",0.753,0,111.276083,30.699243
ermawu_T1_00265,ermawu,sim_ermawu_l3l4,人多秩序乱，占道,垃圾秩序,urban_governance,环境,0.224,Negative,neg,0.774,0.896,0.798,愁,历史街区,2025-02-03,2025-02 春节·二马路一期开街爆满,0.49,aspect,垃圾秩序,ermawu,ermawu,1,1,垃圾秩序,neg,"[""垃圾秩序""]",垃圾秩序,城市更新行动意见(市容治理),市容环境治理;垃圾分类,"[[""urban_governance"", ""环境"", ""主""], [""urban_governance"", ""服务"", ""次""]]",0.911,0,111.284835,30.69278
ermawu_T1_00266,ermawu,sim_ermawu_l3l4,施工期灰尘大,施工扰民,urban_governance,环境,0.304,Negative,neg,0.574,0.827,0.908,愁,历史街区,2025-02-01,2025-02 春节·二马路一期开街爆满,0.633,aspect,施工扰民,ermawu,ermawu,1,1,施工扰民,neg,"[""施工扰民""]",施工扰民,城市体检评估管理办法(施工期扰民),老旧小区改造;施工组织优化,"[[""urban_governance"", ""环境"", ""主""], [""urban_renewal"", ""设施"", ""次""]]",0.763,0,111.285665,30.695394
ermawu_T1_00267,ermawu,sim_ermawu_l3l4,老建筑修得讲究，最小干预看出功夫,修旧如旧,urban_renewal,文化,0.462,Neutral,neu,0.46,0.922,0.886,盼,历史街区,2025-02-02,2025-02 春节·二马路一期开街爆满,0.453,aspect,修旧如旧,ermawu,ermawu,1,1,修旧如旧,neu,"[""修旧如旧""]",修旧如旧,防止大拆大建通知;关于持续推进城市更新行动的意见,历史街区/历史文化街区保护更新,"[[""urban_renewal"", ""文化"", ""主""], [""urban_operation"", ""文化"", ""次""]]",0.71,0,111.275964,30.701577
ermawu_T1_00268,ermawu,sim_ermawu_l3l4,施工绕行太麻烦,施工扰民,urban_governance,环境,0.39,Negative,neg,0.767,0.868,0.821,愁,历史街区,2025-02-04,2025-02 春节·二马路一期开街爆满,0.794,aspect,施工扰民,ermawu,ermawu,1,1,施工扰民,neg,"[""施工扰民""]",施工扰民,城市体检评估管理办法(施工期扰民),老旧小区改造;施工组织优化,"[[""urban_governance"", ""环境"", ""主""], [""urban_renewal"", ""设施"", ""次""]]",0.762,0,111.28408,30.695787
ermawu_T1_00269,ermawu,sim_ermawu_l3l4,施工快收尾了，忍忍,施工扰民,urban_governance,环境,0.497,Neutral,neu,0.308,0.925,0.737,盼,历史街区,2025-02-09,2025-02 春节·二马路一期开街爆满,0.445,aspect,施工扰民,ermawu,ermawu,1,1,施工扰民,neu,"[""施工扰民""]",施工扰民,城市体检评估管理办法(施工期扰民),老旧小区改造;施工组织优化,"[[""urban_governance"", ""环境"", ""主""], [""urban_renewal"", ""设施"", ""次""]]",0.758,0,111.2769,30.699038
ermawu_T1_00270,ermawu,sim_ermawu_l3l4,期待焕新效果,文旅活力,urban_operation,事件,0.43,Neutral,neu,0.743,0.839,0.896,盼,历史街区,2025-02-08,2025-02 春节·二马路一期开街爆满,0.664,aspect,文旅活力,ermawu,ermawu,1,1,文旅活力,neu,"[""文旅活力""]",文旅活力,"城市更新""十五五""规划(文脉保护;文旅)",文旅品牌;节假日活动组织,"[[""urban_operation"", ""事件"", ""主""], [""urban_operation"", ""文化"", ""次""]]",0.695,1,111.279677,30.692533
ermawu_T1_00271,ermawu,sim_ermawu_l3l4,人多秩序乱，占道,垃圾秩序,urban_governance,环境,0.184,Negative,neg,0.597,0.744,0.872,怒,历史街区,2025-02-02,2025-02 春节·二马路一期开街爆满,0.707,aspect,垃圾秩序,ermawu,ermawu,1,1,垃圾秩序,neg,"[""垃圾秩序""]",垃圾秩序,城市更新行动意见(市容治理),市容环境治理;垃圾分类,"[[""urban_governance"", ""环境"", ""主""], [""urban_governance"", ""服务"", ""次""]]",0.742,0,111.279467,30.700733
ermawu_T1_00272,ermawu,sim_ermawu_l3l4,期待焕新效果,文旅活力,urban_operation,事件,0.587,Neutral,neu,0.477,0.737,0.731,盼,历史街区,2025-02-04,2025-02 春节·二马路一期开街爆满,0.848,aspect,文旅活力,ermawu,ermawu,1,1,文旅活力,neu,"[""文旅活力""]",文旅活力,"城市更新""十五五""规划(文脉保护;文旅)",文旅品牌;节假日活动组织,"[[""urban_operation"", ""事件"", ""主""], [""urban_operation"", ""文化"", ""次""]]",0.77,1,111.276167,30.69832
ermawu_T1_00273,ermawu,sim_ermawu_l3l4,二马路修旧如旧，百年老街焕发新生,修旧如旧,urban_renewal,文化,0.422,Neutral,neu,0.36,0.847,0.87,盼,历史街区,2025-02-07,2025-02 春节·二马路一期开街爆满,0.515,aspect,修旧如旧,ermawu,ermawu,1,1,修旧如旧,neu,"[""修旧如旧""]",修旧如旧,防止大拆大建通知;关于持续推进城市更新行动的意见,历史街区/历史文化街区保护更新,"[[""urban_renewal"", ""文化"", ""主""], [""urban_operation"", ""文化"", ""次""]]",0.828,0,111.283287,30.691927
ermawu_T1_00274,ermawu,sim_ermawu_l3l4,开街后保洁跟上了,垃圾秩序,urban_governance,环境,0.545,Neutral,neu,0.76,0.858,0.907,急,历史街区,2025-02-08,2025-02 春节·二马路一期开街爆满,0.754,aspect,垃圾秩序,ermawu,ermawu,1,1,垃圾秩序,neu,"[""垃圾秩序""]",垃圾秩序,城市更新行动意见(市容治理),市容环境治理;垃圾分类,"[[""urban_governance"", ""环境"", ""主""], [""urban_governance"", ""服务"", ""次""]]",0.89,0,111.276779,30.697992
ermawu_T1_00275,ermawu,sim_ermawu_l3l4,施工绕行太麻烦,施工扰民,urban_governance,环境,0.34,Negative,neg,0.743,0.739,0.775,愁,历史街区,2025-02-01,2025-02 春节·二马路一期开街爆满,0.779,aspect,施工扰民,ermawu,ermawu,1,1,施工扰民,neg,"[""施工扰民""]",施工扰民,城市体检评估管理办法(施工期扰民),老旧小区改造;施工组织优化,"[[""urban_governance"", ""环境"", ""主""], [""urban_renewal"", ""设施"", ""次""]]",0.82,0,111.277186,30.697476
ermawu_T1_00276,ermawu,sim_ermawu_l3l4,施工快收尾了，忍忍,施工扰民,urban_governance,环境,0.419,Neutral,neu,0.792,0.927,0.858,盼,历史街区,2025-02-07,2025-02 春节·二马路一期开街爆满,0.73,aspect,施工扰民,ermawu,ermawu,1,1,施工扰民,neu,"[""施工扰民""]",施工扰民,城市体检评估管理办法(施工期扰民),老旧小区改造;施工组织优化,"[[""urban_governance"", ""环境"", ""主""], [""urban_renewal"", ""设施"", ""次""]]",0.909,0,111.278786,30.699921
ermawu_T1_00277,ermawu,sim_ermawu_l3l4,施工期灰尘大,施工扰民,urban_governance,环境,0.346,Very Negative,neg,0.904,0.734,0.783,怒,历史街区,2025-02-08,2025-02 春节·二马路一期开街爆满,0.411,aspect,施工扰民,ermawu,ermawu,1,1,施工扰民,neg,"[""施工扰民""]",施工扰民,城市体检评估管理办法(施工期扰民),老旧小区改造;施工组织优化,"[[""urban_governance"", ""环境"", ""主""], [""urban_renewal"", ""设施"", ""次""]]",0.869,0,111.280688,30.69627
ermawu_T1_00278,ermawu,sim_ermawu_l3l4,施工快收尾了，忍忍,施工扰民,urban_governance,环境,0.532,Neutral,neu,0.694,0.775,0.859,盼,历史街区,2025-02-09,2025-02 春节·二马路一期开街爆满,0.595,aspect,施工扰民,ermawu,ermawu,1,1,施工扰民,neu,"[""施工扰民""]",施工扰民,城市体检评估管理办法(施工期扰民),老旧小区改造;施工组织优化,"[[""urban_governance"", ""环境"", ""主""], [""urban_renewal"", ""设施"", ""次""]]",0.797,0,111.287773,30.694616
ermawu_T1_00279,ermawu,sim_ermawu_l3l4,期待焕新效果,文旅活力,urban_operation,事件,0.56,Neutral,neu,0.745,0.786,0.9,盼,历史街区,2025-02-01,2025-02 春节·二马路一期开街爆满,0.793,aspect,文旅活力,ermawu,ermawu,1,1,文旅活力,neu,"[""文旅活力""]",文旅活力,"城市更新""十五五""规划(文脉保护;文旅)",文旅品牌;节假日活动组织,"[[""urban_operation"", ""事件"", ""主""], [""urban_operation"", ""文化"", ""次""]]",0.753,1,111.279187,30.698591
ermawu_T1_00280,ermawu,sim_ermawu_l3l4,不变拆真改，原汁原味加分,修旧如旧,urban_renewal,文化,0.574,Neutral,neu,0.426,0.944,0.772,盼,历史街区,2025-02-02,2025-02 春节·二马路一期开街爆满,0.564,aspect,修旧如旧,ermawu,ermawu,1,1,修旧如旧,neu,"[""修旧如旧""]",修旧如旧,防止大拆大建通知;关于持续推进城市更新行动的意见,历史街区/历史文化街区保护更新,"[[""urban_renewal"", ""文化"", ""主""], [""urban_operation"", ""文化"", ""次""]]",0.688,0,111.275997,30.698957
ermawu_T1_00281,ermawu,sim_ermawu_l3l4,施工快收尾了，忍忍,施工扰民,urban_governance,环境,0.489,Neutral,neu,0.382,0.859,0.817,急,历史街区,2025-02-03,2025-02 春节·二马路一期开街爆满,0.689,aspect,施工扰民,ermawu,ermawu,1,1,施工扰民,neu,"[""施工扰民""]",施工扰民,城市体检评估管理办法(施工期扰民),老旧小区改造;施工组织优化,"[[""urban_governance"", ""环境"", ""主""], [""urban_renewal"", ""设施"", ""次""]]",0.844,0,111.284772,30.690855
ermawu_T1_00282,ermawu,sim_ermawu_l3l4,改造还在施工，吵得受不了,施工扰民,urban_governance,环境,0.342,Very Negative,neg,0.896,0.811,0.721,哀,历史街区,2025-02-10,2025-02 春节·二马路一期开街爆满,0.708,aspect,施工扰民,ermawu,ermawu,1,1,施工扰民,neg,"[""施工扰民""]",施工扰民,城市体检评估管理办法(施工期扰民),老旧小区改造;施工组织优化,"[[""urban_governance"", ""环境"", ""主""], [""urban_renewal"", ""设施"", ""次""]]",0.745,0,111.275606,30.696228
ermawu_T1_00283,ermawu,sim_ermawu_l3l4,期待焕新效果,文旅活力,urban_operation,事件,0.55,Neutral,neu,0.333,0.836,0.912,盼,历史街区,2025-02-08,2025-02 春节·二马路一期开街爆满,0.511,aspect,文旅活力,ermawu,ermawu,1,1,文旅活力,neu,"[""文旅活力""]",文旅活力,"城市更新""十五五""规划(文脉保护;文旅)",文旅品牌;节假日活动组织,"[[""urban_operation"", ""事件"", ""主""], [""urban_operation"", ""文化"", ""次""]]",0.693,1,111.280471,30.695252
ermawu_T1_00284,ermawu,sim_ermawu_l3l4,连锁店太多，没特色,业态丰富度,urban_operation,服务,0.306,Very Negative,neg,0.843,0.754,0.719,怒,历史街区,2025-02-03,2025-02 春节·二马路一期开街爆满,0.458,aspect,业态丰富度,ermawu,ermawu,1,1,业态丰富度,neg,"[""业态丰富度""]",业态丰富度,关于持续推进城市更新行动的意见(业态引导),业态多元化引导;业态调整,"[[""urban_operation"", ""服务"", ""主""], [""urban_renewal"", ""服务"", ""次""]]",0.685,0,111.27915,30.696958
ermawu_T1_00285,ermawu,sim_ermawu_l3l4,节假日保洁跟不上,垃圾秩序,urban_governance,环境,0.308,Negative,neg,0.929,0.918,0.762,哀,历史街区,2025-02-03,2025-02 春节·二马路一期开街爆满,0.61,aspect,垃圾秩序,ermawu,ermawu,1,1,垃圾秩序,neg,"[""垃圾秩序""]",垃圾秩序,城市更新行动意见(市容治理),市容环境治理;垃圾分类,"[[""urban_governance"", ""环境"", ""主""], [""urban_governance"", ""服务"", ""次""]]",0.886,0,111.280869,30.699215
ermawu_T1_00286,ermawu,sim_ermawu_l3l4,盼着开街呢，老街改造进度有点慢,文旅活力,urban_operation,事件,0.471,Neutral,neu,0.32,0.873,0.872,急,历史街区,2025-02-03,2025-02 春节·二马路一期开街爆满,0.596,aspect,文旅活力,ermawu,ermawu,1,1,文旅活力,neu,"[""文旅活力""]",文旅活力,"城市更新""十五五""规划(文脉保护;文旅)",文旅品牌;节假日活动组织,"[[""urban_operation"", ""事件"", ""主""], [""urban_operation"", ""文化"", ""次""]]",0.885,1,111.279552,30.697067
ermawu_T1_00287,ermawu,sim_ermawu_l3l4,施工绕行太麻烦,施工扰民,urban_governance,环境,0.324,Negative,neg,0.785,0.924,0.92,愁,历史街区,2025-02-10,2025-02 春节·二马路一期开街爆满,0.738,aspect,施工扰民,ermawu,ermawu,1,1,施工扰民,neg,"[""施工扰民""]",施工扰民,城市体检评估管理办法(施工期扰民),老旧小区改造;施工组织优化,"[[""urban_governance"", ""环境"", ""主""], [""urban_renewal"", ""设施"", ""次""]]",0.933,0,111.285617,30.693584
ermawu_T1_00288,ermawu,sim_ermawu_l3l4,五一10万人，体验拉胯,文旅活力,urban_operation,事件,0.336,Negative,neg,0.7,0.859,0.761,愁,历史街区,2025-02-05,2025-02 春节·二马路一期开街爆满,0.883,aspect,文旅活力,ermawu,ermawu,1,1,文旅活力,neg,"[""文旅活力""]",文旅活力,"城市更新""十五五""规划(文脉保护;文旅)",文旅品牌;节假日活动组织,"[[""urban_operation"", ""事件"", ""主""], [""urban_operation"", ""文化"", ""次""]]",0.684,1,111.282968,30.693218
ermawu_T1_00289,ermawu,sim_ermawu_l3l4,原住民留着，街区还活着,烟火气保留,urban_renewal,文化,0.921,Very Positive,pos,0.306,0.918,0.809,喜,历史街区,2025-02-03,2025-02 春节·二马路一期开街爆满,0.705,aspect,烟火气保留,ermawu,ermawu,1,1,烟火气保留,pos,"[""烟火气保留""]",烟火气保留,防止大拆大建通知(留改拆·留底线),历史街区保护更新;社区营造,"[[""urban_renewal"", ""文化"", ""主""], [""urban_renewal"", ""环境"", ""次""]]",0.775,0,111.288576,30.693888
ermawu_T1_00290,ermawu,sim_ermawu_l3l4,五一10万人，体验拉胯,文旅活力,urban_operation,事件,0.072,Very Negative,neg,0.504,0.916,0.734,哀,历史街区,2025-02-03,2025-02 春节·二马路一期开街爆满,0.837,aspect,文旅活力,ermawu,ermawu,1,1,文旅活力,neg,"[""文旅活力""]",文旅活力,"城市更新""十五五""规划(文脉保护;文旅)",文旅品牌;节假日活动组织,"[[""urban_operation"", ""事件"", ""主""], [""urban_operation"", ""文化"", ""次""]]",0.913,1,111.276659,30.696788
ermawu_T1_00291,ermawu,sim_ermawu_l3l4,施工绕行太麻烦,施工扰民,urban_governance,环境,0.189,Negative,neg,0.739,0.946,0.864,愁,历史街区,2025-02-01,2025-02 春节·二马路一期开街爆满,0.635,aspect,施工扰民,ermawu,ermawu,1,1,施工扰民,neg,"[""施工扰民""]",施工扰民,城市体检评估管理办法(施工期扰民),老旧小区改造;施工组织优化,"[[""urban_governance"", ""环境"", ""主""], [""urban_renewal"", ""设施"", ""次""]]",0.848,0,111.277478,30.696034
ermawu_T1_00292,ermawu,sim_ermawu_l3l4,五一10万人，体验拉胯,文旅活力,urban_operation,事件,0.354,Negative,neg,0.558,0.768,0.803,怒,历史街区,2025-02-06,2025-02 春节·二马路一期开街爆满,0.633,aspect,文旅活力,ermawu,ermawu,1,1,文旅活力,neg,"[""文旅活力""]",文旅活力,"城市更新""十五五""规划(文脉保护;文旅)",文旅品牌;节假日活动组织,"[[""urban_operation"", ""事件"", ""主""], [""urban_operation"", ""文化"", ""次""]]",0.727,1,111.284521,30.693808
ermawu_T1_00293,ermawu,sim_ermawu_l3l4,开街后保洁跟上了,垃圾秩序,urban_governance,环境,0.753,Positive,pos,0.741,0.898,0.727,乐,历史街区,2025-02-03,2025-02 春节·二马路一期开街爆满,0.833,aspect,垃圾秩序,ermawu,ermawu,1,1,垃圾秩序,pos,"[""垃圾秩序""]",垃圾秩序,城市更新行动意见(市容治理),市容环境治理;垃圾分类,"[[""urban_governance"", ""环境"", ""主""], [""urban_governance"", ""服务"", ""次""]]",0.71,0,111.280059,30.69696
ermawu_T1_00294,ermawu,sim_ermawu_l3l4,烟火气没了，商业化太重,烟火气保留,urban_renewal,文化,0.116,Negative,neg,0.71,0.947,0.739,愁,历史街区,2025-02-06,2025-02 春节·二马路一期开街爆满,0.764,aspect,烟火气保留,ermawu,ermawu,1,1,烟火气保留,neg,"[""烟火气保留""]",烟火气保留,防止大拆大建通知(留改拆·留底线),历史街区保护更新;社区营造,"[[""urban_renewal"", ""文化"", ""主""], [""urban_renewal"", ""环境"", ""次""]]",0.798,0,111.279273,30.698807
ermawu_T1_00295,ermawu,sim_ermawu_l3l4,业态还在调整中,业态丰富度,urban_operation,服务,0.563,Neutral,neu,0.363,0.785,0.874,急,历史街区,2025-02-01,2025-02 春节·二马路一期开街爆满,0.515,aspect,业态丰富度,ermawu,ermawu,1,1,业态丰富度,neu,"[""业态丰富度""]",业态丰富度,关于持续推进城市更新行动的意见(业态引导),业态多元化引导;业态调整,"[[""urban_operation"", ""服务"", ""主""], [""urban_renewal"", ""服务"", ""次""]]",0.689,0,111.286919,30.6975
ermawu_T1_00296,ermawu,sim_ermawu_l3l4,改造还在施工，吵得受不了,施工扰民,urban_governance,环境,0.4,Negative,neg,0.913,0.894,0.729,哀,历史街区,2025-02-07,2025-02 春节·二马路一期开街爆满,0.719,aspect,施工扰民,ermawu,ermawu,1,1,施工扰民,neg,"[""施工扰民""]",施工扰民,城市体检评估管理办法(施工期扰民),老旧小区改造;施工组织优化,"[[""urban_governance"", ""环境"", ""主""], [""urban_renewal"", ""设施"", ""次""]]",0.728,0,111.277415,30.69854
ermawu_T1_00297,ermawu,sim_ermawu_l3l4,盼着开街呢，老街改造进度有点慢,文旅活力,urban_operation,事件,0.436,Neutral,neu,0.53,0.85,0.834,盼,历史街区,2025-02-05,2025-02 春节·二马路一期开街爆满,0.557,aspect,文旅活力,ermawu,ermawu,1,1,文旅活力,neu,"[""文旅活力""]",文旅活力,"城市更新""十五五""规划(文脉保护;文旅)",文旅品牌;节假日活动组织,"[[""urban_operation"", ""事件"", ""主""], [""urban_operation"", ""文化"", ""次""]]",0.916,1,111.285074,30.69644
ermawu_T1_00298,ermawu,sim_ermawu_l3l4,节假日保洁跟不上,垃圾秩序,urban_governance,环境,0.159,Very Negative,neg,0.637,0.772,0.918,哀,历史街区,2025-02-01,2025-02 春节·二马路一期开街爆满,0.427,aspect,垃圾秩序,ermawu,ermawu,1,1,垃圾秩序,neg,"[""垃圾秩序""]",垃圾秩序,城市更新行动意见(市容治理),市容环境治理;垃圾分类,"[[""urban_governance"", ""环境"", ""主""], [""urban_governance"", ""服务"", ""次""]]",0.685,0,111.275379,30.696981
ermawu_T1_00299,ermawu,sim_ermawu_l3l4,期待焕新效果,文旅活力,urban_operation,事件,0.421,Neutral,neu,0.53,0.766,0.8,急,历史街区,2025-02-07,2025-02 春节·二马路一期开街爆满,0.863,aspect,文旅活力,ermawu,ermawu,1,1,文旅活力,neu,"[""文旅活力""]",文旅活力,"城市更新""十五五""规划(文脉保护;文旅)",文旅品牌;节假日活动组织,"[[""urban_operation"", ""事件"", ""主""], [""urban_operation"", ""文化"", ""次""]]",0.688,1,111.275084,30.700673
ermawu_T1_00300,ermawu,sim_ermawu_l3l4,回迁安置拖很久,回迁安置,urban_renewal,服务,0.26,Negative,neg,0.923,0.761,0.701,愁,历史街区,2025-02-03,2025-02 春节·二马路一期开街爆满,0.673,aspect,回迁安置,ermawu,ermawu,1,1,回迁安置,neg,"[""回迁安置""]",回迁安置,防止大拆大建通知(不大规模搬迁原住民),回迁安置;原住民保留,"[[""urban_renewal"", ""服务"", ""主""], [""urban_governance"", ""服务"", ""次""]]",0.894,0,111.281359,30.696845
ermawu_T1_00301,ermawu,sim_ermawu_l3l4,施工期灰尘大,施工扰民,urban_governance,环境,0.29,Very Negative,neg,0.54,0.793,0.786,哀,历史街区,2025-02-09,2025-02 春节·二马路一期开街爆满,0.863,aspect,施工扰民,ermawu,ermawu,1,1,施工扰民,neg,"[""施工扰民""]",施工扰民,城市体检评估管理办法(施工期扰民),老旧小区改造;施工组织优化,"[[""urban_governance"", ""环境"", ""主""], [""urban_renewal"", ""设施"", ""次""]]",0.701,0,111.282819,30.691965
ermawu_T1_00302,ermawu,sim_ermawu_l3l4,停车太难，绕三圈找不到,停车难,urban_governance,设施,0.384,Negative,neg,0.571,0.741,0.87,哀,历史街区,2025-02-08,2025-02 春节·二马路一期开街爆满,0.601,aspect,停车难,ermawu,ermawu,1,1,停车难,neg,"[""停车难""]",停车难,完整社区(配套设施补齐);一刻钟生活圈,停车设施补齐;配套完善,"[[""urban_governance"", ""设施"", ""主""], [""urban_planning"", ""设施"", ""次""]]",0.746,0,111.281769,30.696177
ermawu_T1_00303,ermawu,sim_ermawu_l3l4,原住民迁走，没了生活气,烟火气保留,urban_renewal,文化,0.201,Negative,neg,0.907,0.91,0.796,怒,历史街区,2025-02-07,2025-02 春节·二马路一期开街爆满,0.441,aspect,烟火气保留,ermawu,ermawu,1,1,烟火气保留,neg,"[""烟火气保留""]",烟火气保留,防止大拆大建通知(留改拆·留底线),历史街区保护更新;社区营造,"[[""urban_renewal"", ""文化"", ""主""], [""urban_renewal"", ""环境"", ""次""]]",0.942,0,111.278706,30.696545
ermawu_T1_00304,ermawu,sim_ermawu_l3l4,人多秩序乱，占道,垃圾秩序,urban_governance,环境,0.204,Very Negative,neg,0.673,0.803,0.805,愁,历史街区,2025-02-03,2025-02 春节·二马路一期开街爆满,0.579,aspect,垃圾秩序,ermawu,ermawu,1,1,垃圾秩序,neg,"[""垃圾秩序""]",垃圾秩序,城市更新行动意见(市容治理),市容环境治理;垃圾分类,"[[""urban_governance"", ""环境"", ""主""], [""urban_governance"", ""服务"", ""次""]]",0.799,0,111.285079,30.692771
ermawu_T1_00305,ermawu,sim_ermawu_l3l4,盼着开街呢，老街改造进度有点慢,文旅活力,urban_operation,事件,0.566,Neutral,neu,0.597,0.836,0.787,急,历史街区,2025-02-01,2025-02 春节·二马路一期开街爆满,0.539,aspect,文旅活力,ermawu,ermawu,1,1,文旅活力,neu,"[""文旅活力""]",文旅活力,"城市更新""十五五""规划(文脉保护;文旅)",文旅品牌;节假日活动组织,"[[""urban_operation"", ""事件"", ""主""], [""urban_operation"", ""文化"", ""次""]]",0.708,1,111.273354,30.696511
ermawu_T1_00306,ermawu,sim_ermawu_l3l4,改造还在施工，吵得受不了,施工扰民,urban_governance,环境,0.388,Very Negative,neg,0.735,0.887,0.898,哀,历史街区,2025-02-04,2025-02 春节·二马路一期开街爆满,0.756,aspect,施工扰民,ermawu,ermawu,1,1,施工扰民,neg,"[""施工扰民""]",施工扰民,城市体检评估管理办法(施工期扰民),老旧小区改造;施工组织优化,"[[""urban_governance"", ""环境"", ""主""], [""urban_renewal"", ""设施"", ""次""]]",0.797,0,111.28304,30.696217
ermawu_T1_00307,ermawu,sim_ermawu_l3l4,烟火气这东西见仁见智,烟火气保留,urban_renewal,文化,0.469,Neutral,neu,0.674,0.805,0.747,盼,历史街区,2025-02-04,2025-02 春节·二马路一期开街爆满,0.77,aspect,烟火气保留,ermawu,ermawu,1,1,烟火气保留,neu,"[""烟火气保留""]",烟火气保留,防止大拆大建通知(留改拆·留底线),历史街区保护更新;社区营造,"[[""urban_renewal"", ""文化"", ""主""], [""urban_renewal"", ""环境"", ""次""]]",0.942,0,111.282283,30.696552
ermawu_T1_00308,ermawu,sim_ermawu_l3l4,开街后保洁跟上了,垃圾秩序,urban_governance,环境,0.591,Neutral,neu,0.543,0.84,0.802,盼,历史街区,2025-02-01,2025-02 春节·二马路一期开街爆满,0.55,aspect,垃圾秩序,ermawu,ermawu,1,1,垃圾秩序,neu,"[""垃圾秩序""]",垃圾秩序,城市更新行动意见(市容治理),市容环境治理;垃圾分类,"[[""urban_governance"", ""环境"", ""主""], [""urban_governance"", ""服务"", ""次""]]",0.84,0,111.276655,30.702029
ermawu_T1_00309,ermawu,sim_ermawu_l3l4,停车太难，绕三圈找不到,停车难,urban_governance,设施,0.077,Very Negative,neg,0.632,0.803,0.73,哀,历史街区,2025-02-05,2025-02 春节·二马路一期开街爆满,0.513,aspect,停车难,ermawu,ermawu,1,1,停车难,neg,"[""停车难""]",停车难,完整社区(配套设施补齐);一刻钟生活圈,停车设施补齐;配套完善,"[[""urban_governance"", ""设施"", ""主""], [""urban_planning"", ""设施"", ""次""]]",0.762,0,111.285569,30.693714
ermawu_T1_00310,ermawu,sim_ermawu_l3l4,施工快收尾了，忍忍,施工扰民,urban_governance,环境,0.481,Neutral,neu,0.577,0.911,0.704,盼,历史街区,2025-02-01,2025-02 春节·二马路一期开街爆满,0.634,aspect,施工扰民,ermawu,ermawu,1,1,施工扰民,neu,"[""施工扰民""]",施工扰民,城市体检评估管理办法(施工期扰民),老旧小区改造;施工组织优化,"[[""urban_governance"", ""环境"", ""主""], [""urban_renewal"", ""设施"", ""次""]]",0.793,0,111.284952,30.696072
ermawu_T1_00311,ermawu,sim_ermawu_l3l4,期待焕新效果,文旅活力,urban_operation,事件,0.411,Neutral,neu,0.522,0.862,0.716,盼,历史街区,2025-02-02,2025-02 春节·二马路一期开街爆满,0.405,aspect,文旅活力,ermawu,ermawu,1,1,文旅活力,neu,"[""文旅活力""]",文旅活力,"城市更新""十五五""规划(文脉保护;文旅)",文旅品牌;节假日活动组织,"[[""urban_operation"", ""事件"", ""主""], [""urban_operation"", ""文化"", ""次""]]",0.907,1,111.28001,30.701158
ermawu_T1_00312,ermawu,sim_ermawu_l3l4,五一10万人，体验拉胯,文旅活力,urban_operation,事件,0.145,Very Negative,neg,0.627,0.905,0.766,怒,历史街区,2025-02-01,2025-02 春节·二马路一期开街爆满,0.457,aspect,文旅活力,ermawu,ermawu,1,1,文旅活力,neg,"[""文旅活力""]",文旅活力,"城市更新""十五五""规划(文脉保护;文旅)",文旅品牌;节假日活动组织,"[[""urban_operation"", ""事件"", ""主""], [""urban_operation"", ""文化"", ""次""]]",0.791,1,111.277441,30.701941
ermawu_T1_00313,ermawu,sim_ermawu_l3l4,人多秩序乱，占道,垃圾秩序,urban_governance,环境,0.19,Very Negative,neg,0.88,0.73,0.799,怒,历史街区,2025-02-09,2025-02 春节·二马路一期开街爆满,0.623,aspect,垃圾秩序,ermawu,ermawu,1,1,垃圾秩序,neg,"[""垃圾秩序""]",垃圾秩序,城市更新行动意见(市容治理),市容环境治理;垃圾分类,"[[""urban_governance"", ""环境"", ""主""], [""urban_governance"", ""服务"", ""次""]]",0.828,0,111.283482,30.696863
ermawu_T1_00314,ermawu,sim_ermawu_l3l4,保留原貌真有味道，修新如旧做得好,修旧如旧,urban_renewal,文化,0.406,Neutral,neu,0.385,0.862,0.709,盼,历史街区,2025-02-10,2025-02 春节·二马路一期开街爆满,0.627,aspect,修旧如旧,ermawu,ermawu,1,1,修旧如旧,neu,"[""修旧如旧""]",修旧如旧,防止大拆大建通知;关于持续推进城市更新行动的意见,历史街区/历史文化街区保护更新,"[[""urban_renewal"", ""文化"", ""主""], [""urban_operation"", ""文化"", ""次""]]",0.748,0,111.284822,30.695682
ermawu_T1_00315,ermawu,sim_ermawu_l3l4,烟火气没了，商业化太重,烟火气保留,urban_renewal,文化,0.365,Very Negative,neg,0.665,0.828,0.904,怒,历史街区,2025-02-06,2025-02 春节·二马路一期开街爆满,0.827,aspect,烟火气保留,ermawu,ermawu,1,1,烟火气保留,neg,"[""烟火气保留""]",烟火气保留,防止大拆大建通知(留改拆·留底线),历史街区保护更新;社区营造,"[[""urban_renewal"", ""文化"", ""主""], [""urban_renewal"", ""环境"", ""次""]]",0.761,0,111.278952,30.699219
ermawu_T1_00316,ermawu,sim_ermawu_l3l4,施工快收尾了，忍忍,施工扰民,urban_governance,环境,0.428,Neutral,neu,0.495,0.803,0.764,急,历史街区,2025-02-07,2025-02 春节·二马路一期开街爆满,0.63,aspect,施工扰民,ermawu,ermawu,1,1,施工扰民,neu,"[""施工扰民""]",施工扰民,城市体检评估管理办法(施工期扰民),老旧小区改造;施工组织优化,"[[""urban_governance"", ""环境"", ""主""], [""urban_renewal"", ""设施"", ""次""]]",0.721,0,111.287143,30.692467
ermawu_T1_00317,ermawu,sim_ermawu_l3l4,节假日保洁跟不上,垃圾秩序,urban_governance,环境,0.084,Negative,neg,0.577,0.819,0.908,愁,历史街区,2025-02-07,2025-02 春节·二马路一期开街爆满,0.764,aspect,垃圾秩序,ermawu,ermawu,1,1,垃圾秩序,neg,"[""垃圾秩序""]",垃圾秩序,城市更新行动意见(市容治理),市容环境治理;垃圾分类,"[[""urban_governance"", ""环境"", ""主""], [""urban_governance"", ""服务"", ""次""]]",0.745,0,111.277815,30.699452
ermawu_T1_00318,ermawu,sim_ermawu_l3l4,改造还在施工，吵得受不了,施工扰民,urban_governance,环境,0.158,Negative,neg,0.784,0.843,0.791,愁,历史街区,2025-02-10,2025-02 春节·二马路一期开街爆满,0.53,aspect,施工扰民,ermawu,ermawu,1,1,施工扰民,neg,"[""施工扰民""]",施工扰民,城市体检评估管理办法(施工期扰民),老旧小区改造;施工组织优化,"[[""urban_governance"", ""环境"", ""主""], [""urban_renewal"", ""设施"", ""次""]]",0.69,0,111.283544,30.69807
ermawu_T1_00319,ermawu,sim_ermawu_l3l4,期待焕新效果,文旅活力,urban_operation,事件,0.591,Neutral,neu,0.518,0.916,0.859,盼,历史街区,2025-02-05,2025-02 春节·二马路一期开街爆满,0.653,aspect,文旅活力,ermawu,ermawu,1,1,文旅活力,neu,"[""文旅活力""]",文旅活力,"城市更新""十五五""规划(文脉保护;文旅)",文旅品牌;节假日活动组织,"[[""urban_operation"", ""事件"", ""主""], [""urban_operation"", ""文化"", ""次""]]",0.719,1,111.283354,30.693385
ermawu_T1_00320,ermawu,sim_ermawu_l3l4,老味道还在，没变味,烟火气保留,urban_renewal,文化,0.826,Positive,pos,0.669,0.833,0.706,喜,历史街区,2025-02-03,2025-02 春节·二马路一期开街爆满,0.605,aspect,烟火气保留,ermawu,ermawu,1,1,烟火气保留,pos,"[""烟火气保留""]",烟火气保留,防止大拆大建通知(留改拆·留底线),历史街区保护更新;社区营造,"[[""urban_renewal"", ""文化"", ""主""], [""urban_renewal"", ""环境"", ""次""]]",0.933,0,111.275382,30.698825
ermawu_T1_00321,ermawu,sim_ermawu_l3l4,停车勉强能找,停车难,urban_governance,设施,0.528,Neutral,neu,0.634,0.727,0.776,盼,历史街区,2025-02-02,2025-02 春节·二马路一期开街爆满,0.727,aspect,停车难,ermawu,ermawu,1,1,停车难,neu,"[""停车难""]",停车难,完整社区(配套设施补齐);一刻钟生活圈,停车设施补齐;配套完善,"[[""urban_governance"", ""设施"", ""主""], [""urban_planning"", ""设施"", ""次""]]",0.886,0,111.285821,30.692001
ermawu_T1_00322,ermawu,sim_ermawu_l3l4,改造还在施工，吵得受不了,施工扰民,urban_governance,环境,0.253,Negative,neg,0.708,0.864,0.868,哀,历史街区,2025-02-07,2025-02 春节·二马路一期开街爆满,0.812,aspect,施工扰民,ermawu,ermawu,1,1,施工扰民,neg,"[""施工扰民""]",施工扰民,城市体检评估管理办法(施工期扰民),老旧小区改造;施工组织优化,"[[""urban_governance"", ""环境"", ""主""], [""urban_renewal"", ""设施"", ""次""]]",0.872,0,111.274166,30.700226
ermawu_T1_00323,ermawu,sim_ermawu_l3l4,改造还在施工，吵得受不了,施工扰民,urban_governance,环境,0.339,Very Negative,neg,0.917,0.745,0.781,愁,历史街区,2025-02-10,2025-02 春节·二马路一期开街爆满,0.598,aspect,施工扰民,ermawu,ermawu,1,1,施工扰民,neg,"[""施工扰民""]",施工扰民,城市体检评估管理办法(施工期扰民),老旧小区改造;施工组织优化,"[[""urban_governance"", ""环境"", ""主""], [""urban_renewal"", ""设施"", ""次""]]",0.803,0,111.278378,30.697007
ermawu_T1_00324,ermawu,sim_ermawu_l3l4,盼着开街呢，老街改造进度有点慢,文旅活力,urban_operation,事件,0.402,Neutral,neu,0.733,0.866,0.917,盼,历史街区,2025-02-02,2025-02 春节·二马路一期开街爆满,0.631,aspect,文旅活力,ermawu,ermawu,1,1,文旅活力,neu,"[""文旅活力""]",文旅活力,"城市更新""十五五""规划(文脉保护;文旅)",文旅品牌;节假日活动组织,"[[""urban_operation"", ""事件"", ""主""], [""urban_operation"", ""文化"", ""次""]]",0.864,1,111.276604,30.696299
ermawu_T1_00325,ermawu,sim_ermawu_l3l4,开街后保洁跟上了,垃圾秩序,urban_governance,环境,0.423,Neutral,neu,0.652,0.789,0.877,急,历史街区,2025-02-01,2025-02 春节·二马路一期开街爆满,0.819,aspect,垃圾秩序,ermawu,ermawu,1,1,垃圾秩序,neu,"[""垃圾秩序""]",垃圾秩序,城市更新行动意见(市容治理),市容环境治理;垃圾分类,"[[""urban_governance"", ""环境"", ""主""], [""urban_governance"", ""服务"", ""次""]]",0.806,0,111.280974,30.69848
ermawu_T1_00326,ermawu,sim_ermawu_l3l4,盼着开街呢，老街改造进度有点慢,文旅活力,urban_operation,事件,0.509,Neutral,neu,0.528,0.787,0.815,盼,历史街区,2025-02-09,2025-02 春节·二马路一期开街爆满,0.452,aspect,文旅活力,ermawu,ermawu,1,1,文旅活力,neu,"[""文旅活力""]",文旅活力,"城市更新""十五五""规划(文脉保护;文旅)",文旅品牌;节假日活动组织,"[[""urban_operation"", ""事件"", ""主""], [""urban_operation"", ""文化"", ""次""]]",0.776,1,111.276491,30.697616
ermawu_T1_00327,ermawu,sim_ermawu_l3l4,回迁政策还在等落实,回迁安置,urban_renewal,服务,0.528,Neutral,neu,0.339,0.793,0.865,急,历史街区,2025-02-04,2025-02 春节·二马路一期开街爆满,0.657,aspect,回迁安置,ermawu,ermawu,1,1,回迁安置,neu,"[""回迁安置""]",回迁安置,防止大拆大建通知(不大规模搬迁原住民),回迁安置;原住民保留,"[[""urban_renewal"", ""服务"", ""主""], [""urban_governance"", ""服务"", ""次""]]",0.757,0,111.280561,30.693462
ermawu_T1_00328,ermawu,sim_ermawu_l3l4,业态还在调整中,业态丰富度,urban_operation,服务,0.508,Neutral,neu,0.733,0.905,0.802,盼,历史街区,2025-02-09,2025-02 春节·二马路一期开街爆满,0.557,aspect,业态丰富度,ermawu,ermawu,1,1,业态丰富度,neu,"[""业态丰富度""]",业态丰富度,关于持续推进城市更新行动的意见(业态引导),业态多元化引导;业态调整,"[[""urban_operation"", ""服务"", ""主""], [""urban_renewal"", ""服务"", ""次""]]",0.857,0,111.281019,30.69298
ermawu_T1_00329,ermawu,sim_ermawu_l3l4,烟火气没了，商业化太重,烟火气保留,urban_renewal,文化,0.369,Negative,neg,0.642,0.721,0.721,愁,历史街区,2025-02-08,2025-02 春节·二马路一期开街爆满,0.526,aspect,烟火气保留,ermawu,ermawu,1,1,烟火气保留,neg,"[""烟火气保留""]",烟火气保留,防止大拆大建通知(留改拆·留底线),历史街区保护更新;社区营造,"[[""urban_renewal"", ""文化"", ""主""], [""urban_renewal"", ""环境"", ""次""]]",0.769,0,111.282987,30.698931
ermawu_T1_00330,ermawu,sim_ermawu_l3l4,盼着开街呢，老街改造进度有点慢,文旅活力,urban_operation,事件,0.452,Neutral,neu,0.766,0.847,0.833,盼,历史街区,2025-02-07,2025-02 春节·二马路一期开街爆满,0.74,aspect,文旅活力,ermawu,ermawu,1,1,文旅活力,neu,"[""文旅活力""]",文旅活力,"城市更新""十五五""规划(文脉保护;文旅)",文旅品牌;节假日活动组织,"[[""urban_operation"", ""事件"", ""主""], [""urban_operation"", ""文化"", ""次""]]",0.701,1,111.284828,30.695594
ermawu_T1_00331,ermawu,sim_ermawu_l3l4,盼着开街呢，老街改造进度有点慢,文旅活力,urban_operation,事件,0.435,Neutral,neu,0.303,0.784,0.918,急,历史街区,2025-02-05,2025-02 春节·二马路一期开街爆满,0.431,aspect,文旅活力,ermawu,ermawu,1,1,文旅活力,neu,"[""文旅活力""]",文旅活力,"城市更新""十五五""规划(文脉保护;文旅)",文旅品牌;节假日活动组织,"[[""urban_operation"", ""事件"", ""主""], [""urban_operation"", ""文化"", ""次""]]",0.737,1,111.27948,30.69695
ermawu_T1_00332,ermawu,sim_ermawu_l3l4,节假日停车地狱,停车难,urban_governance,设施,0.082,Negative,neg,0.939,0.872,0.843,哀,历史街区,2025-02-06,2025-02 春节·二马路一期开街爆满,0.546,aspect,停车难,ermawu,ermawu,1,1,停车难,neg,"[""停车难""]",停车难,完整社区(配套设施补齐);一刻钟生活圈,停车设施补齐;配套完善,"[[""urban_governance"", ""设施"", ""主""], [""urban_planning"", ""设施"", ""次""]]",0.935,0,111.281517,30.695529
ermawu_T1_00333,ermawu,sim_ermawu_l3l4,回迁政策还在等落实,回迁安置,urban_renewal,服务,0.569,Neutral,neu,0.75,0.747,0.884,急,历史街区,2025-02-04,2025-02 春节·二马路一期开街爆满,0.829,aspect,回迁安置,ermawu,ermawu,1,1,回迁安置,neu,"[""回迁安置""]",回迁安置,防止大拆大建通知(不大规模搬迁原住民),回迁安置;原住民保留,"[[""urban_renewal"", ""服务"", ""主""], [""urban_governance"", ""服务"", ""次""]]",0.938,0,111.287,30.696492
ermawu_T1_00334,ermawu,sim_ermawu_l3l4,烟火气这东西见仁见智,烟火气保留,urban_renewal,文化,0.562,Neutral,neu,0.352,0.838,0.795,盼,历史街区,2025-02-09,2025-02 春节·二马路一期开街爆满,0.698,aspect,烟火气保留,ermawu,ermawu,1,1,烟火气保留,neu,"[""烟火气保留""]",烟火气保留,防止大拆大建通知(留改拆·留底线),历史街区保护更新;社区营造,"[[""urban_renewal"", ""文化"", ""主""], [""urban_renewal"", ""环境"", ""次""]]",0.937,0,111.280565,30.694735
ermawu_T1_00335,ermawu,sim_ermawu_l3l4,停车太难，绕三圈找不到,停车难,urban_governance,设施,0.263,Very Negative,neg,0.648,0.793,0.849,怒,历史街区,2025-02-08,2025-02 春节·二马路一期开街爆满,0.686,aspect,停车难,ermawu,ermawu,1,1,停车难,neg,"[""停车难""]",停车难,完整社区(配套设施补齐);一刻钟生活圈,停车设施补齐;配套完善,"[[""urban_governance"", ""设施"", ""主""], [""urban_planning"", ""设施"", ""次""]]",0.87,0,111.278618,30.695836
ermawu_T1_00336,ermawu,sim_ermawu_l3l4,施工绕行太麻烦,施工扰民,urban_governance,环境,0.192,Very Negative,neg,0.67,0.721,0.757,愁,历史街区,2025-02-03,2025-02 春节·二马路一期开街爆满,0.872,aspect,施工扰民,ermawu,ermawu,1,1,施工扰民,neg,"[""施工扰民""]",施工扰民,城市体检评估管理办法(施工期扰民),老旧小区改造;施工组织优化,"[[""urban_governance"", ""环境"", ""主""], [""urban_renewal"", ""设施"", ""次""]]",0.944,0,111.2799,30.698634
ermawu_T1_00337,ermawu,sim_ermawu_l3l4,盼着开街呢，老街改造进度有点慢,文旅活力,urban_operation,事件,0.495,Neutral,neu,0.63,0.751,0.79,急,历史街区,2025-02-09,2025-02 春节·二马路一期开街爆满,0.846,aspect,文旅活力,ermawu,ermawu,1,1,文旅活力,neu,"[""文旅活力""]",文旅活力,"城市更新""十五五""规划(文脉保护;文旅)",文旅品牌;节假日活动组织,"[[""urban_operation"", ""事件"", ""主""], [""urban_operation"", ""文化"", ""次""]]",0.682,1,111.283586,30.693561
ermawu_T1_00338,ermawu,sim_ermawu_l3l4,盼着开街呢，老街改造进度有点慢,文旅活力,urban_operation,事件,0.487,Neutral,neu,0.428,0.812,0.917,盼,历史街区,2025-02-08,2025-02 春节·二马路一期开街爆满,0.65,aspect,文旅活力,ermawu,ermawu,1,1,文旅活力,neu,"[""文旅活力""]",文旅活力,"城市更新""十五五""规划(文脉保护;文旅)",文旅品牌;节假日活动组织,"[[""urban_operation"", ""事件"", ""主""], [""urban_operation"", ""文化"", ""次""]]",0.746,1,111.282834,30.696237
ermawu_T1_00339,ermawu,sim_ermawu_l3l4,业态单一，逛一次就够,业态丰富度,urban_operation,服务,0.29,Very Negative,neg,0.94,0.942,0.77,怒,历史街区,2025-02-08,2025-02 春节·二马路一期开街爆满,0.75,aspect,业态丰富度,ermawu,ermawu,1,1,业态丰富度,neg,"[""业态丰富度""]",业态丰富度,关于持续推进城市更新行动的意见(业态引导),业态多元化引导;业态调整,"[[""urban_operation"", ""服务"", ""主""], [""urban_renewal"", ""服务"", ""次""]]",0.913,0,111.283915,30.691698
ermawu_T1_00340,ermawu,sim_ermawu_l3l4,烟火气这东西见仁见智,烟火气保留,urban_renewal,文化,0.548,Neutral,neu,0.437,0.921,0.839,急,历史街区,2025-02-10,2025-02 春节·二马路一期开街爆满,0.471,aspect,烟火气保留,ermawu,ermawu,1,1,烟火气保留,neu,"[""烟火气保留""]",烟火气保留,防止大拆大建通知(留改拆·留底线),历史街区保护更新;社区营造,"[[""urban_renewal"", ""文化"", ""主""], [""urban_renewal"", ""环境"", ""次""]]",0.814,0,111.28516,30.695107
ermawu_T1_00341,ermawu,sim_ermawu_l3l4,烟火气这东西见仁见智,烟火气保留,urban_renewal,文化,0.422,Neutral,neu,0.585,0.857,0.89,急,历史街区,2025-02-06,2025-02 春节·二马路一期开街爆满,0.765,aspect,烟火气保留,ermawu,ermawu,1,1,烟火气保留,neu,"[""烟火气保留""]",烟火气保留,防止大拆大建通知(留改拆·留底线),历史街区保护更新;社区营造,"[[""urban_renewal"", ""文化"", ""主""], [""urban_renewal"", ""环境"", ""次""]]",0.789,0,111.273394,30.697062
ermawu_T1_00342,ermawu,sim_ermawu_l3l4,二马路修旧如旧，百年老街焕发新生,修旧如旧,urban_renewal,文化,0.549,Neutral,neu,0.544,0.912,0.723,盼,历史街区,2025-02-03,2025-02 春节·二马路一期开街爆满,0.499,aspect,修旧如旧,ermawu,ermawu,1,1,修旧如旧,neu,"[""修旧如旧""]",修旧如旧,防止大拆大建通知;关于持续推进城市更新行动的意见,历史街区/历史文化街区保护更新,"[[""urban_renewal"", ""文化"", ""主""], [""urban_operation"", ""文化"", ""次""]]",0.718,0,111.274206,30.700814
ermawu_T1_00343,ermawu,sim_ermawu_l3l4,老味道流失，可惜,烟火气保留,urban_renewal,文化,0.231,Negative,neg,0.805,0.828,0.898,怒,历史街区,2025-02-06,2025-02 春节·二马路一期开街爆满,0.503,aspect,烟火气保留,ermawu,ermawu,1,1,烟火气保留,neg,"[""烟火气保留""]",烟火气保留,防止大拆大建通知(留改拆·留底线),历史街区保护更新;社区营造,"[[""urban_renewal"", ""文化"", ""主""], [""urban_renewal"", ""环境"", ""次""]]",0.772,0,111.28488,30.694566
ermawu_T1_00344,ermawu,sim_ermawu_l3l4,开街后保洁跟上了,垃圾秩序,urban_governance,环境,0.57,Neutral,neu,0.667,0.797,0.901,盼,历史街区,2025-02-01,2025-02 春节·二马路一期开街爆满,0.536,aspect,垃圾秩序,ermawu,ermawu,1,1,垃圾秩序,neu,"[""垃圾秩序""]",垃圾秩序,城市更新行动意见(市容治理),市容环境治理;垃圾分类,"[[""urban_governance"", ""环境"", ""主""], [""urban_governance"", ""服务"", ""次""]]",0.698,0,111.288019,30.69547
ermawu_T1_00345,ermawu,sim_ermawu_l3l4,施工绕行太麻烦,施工扰民,urban_governance,环境,0.157,Very Negative,neg,0.809,0.816,0.861,怒,历史街区,2025-02-09,2025-02 春节·二马路一期开街爆满,0.612,aspect,施工扰民,ermawu,ermawu,1,1,施工扰民,neg,"[""施工扰民""]",施工扰民,城市体检评估管理办法(施工期扰民),老旧小区改造;施工组织优化,"[[""urban_governance"", ""环境"", ""主""], [""urban_renewal"", ""设施"", ""次""]]",0.724,0,111.273069,30.698329
ermawu_T1_00346,ermawu,sim_ermawu_l3l4,人太多挤得慌，根本走不动,文旅活力,urban_operation,事件,0.315,Very Negative,neg,0.736,0.83,0.766,愁,历史街区,2025-02-02,2025-02 春节·二马路一期开街爆满,0.696,aspect,文旅活力,ermawu,ermawu,1,1,文旅活力,neg,"[""文旅活力""]",文旅活力,"城市更新""十五五""规划(文脉保护;文旅)",文旅品牌;节假日活动组织,"[[""urban_operation"", ""事件"", ""主""], [""urban_operation"", ""文化"", ""次""]]",0.858,1,111.277409,30.698107
ermawu_T1_00347,ermawu,sim_ermawu_l3l4,期待焕新效果,文旅活力,urban_operation,事件,0.458,Neutral,neu,0.327,0.725,0.744,盼,历史街区,2025-02-08,2025-02 春节·二马路一期开街爆满,0.62,aspect,文旅活力,ermawu,ermawu,1,1,文旅活力,neu,"[""文旅活力""]",文旅活力,"城市更新""十五五""规划(文脉保护;文旅)",文旅品牌;节假日活动组织,"[[""urban_operation"", ""事件"", ""主""], [""urban_operation"", ""文化"", ""次""]]",0.817,1,111.277301,30.694436
ermawu_T1_00348,ermawu,sim_ermawu_l3l4,回迁户型不满意,回迁安置,urban_renewal,服务,0.046,Negative,neg,0.808,0.765,0.858,愁,历史街区,2025-02-06,2025-02 春节·二马路一期开街爆满,0.609,aspect,回迁安置,ermawu,ermawu,1,1,回迁安置,neg,"[""回迁安置""]",回迁安置,防止大拆大建通知(不大规模搬迁原住民),回迁安置;原住民保留,"[[""urban_renewal"", ""服务"", ""主""], [""urban_governance"", ""服务"", ""次""]]",0.771,0,111.278655,30.694526
ermawu_T1_00349,ermawu,sim_ermawu_l3l4,改造还在施工，吵得受不了,施工扰民,urban_governance,环境,0.222,Very Negative,neg,0.876,0.856,0.745,怒,历史街区,2025-02-07,2025-02 春节·二马路一期开街爆满,0.837,aspect,施工扰民,ermawu,ermawu,1,1,施工扰民,neg,"[""施工扰民""]",施工扰民,城市体检评估管理办法(施工期扰民),老旧小区改造;施工组织优化,"[[""urban_governance"", ""环境"", ""主""], [""urban_renewal"", ""设施"", ""次""]]",0.857,0,111.281764,30.696409
ermawu_T1_00350,ermawu,sim_ermawu_l3l4,节假日停车地狱,停车难,urban_governance,设施,0.048,Very Negative,neg,0.881,0.806,0.849,哀,历史街区,2025-02-04,2025-02 春节·二马路一期开街爆满,0.58,aspect,停车难,ermawu,ermawu,1,1,停车难,neg,"[""停车难""]",停车难,完整社区(配套设施补齐);一刻钟生活圈,停车设施补齐;配套完善,"[[""urban_governance"", ""设施"", ""主""], [""urban_planning"", ""设施"", ""次""]]",0.918,0,111.277667,30.696853
ermawu_T1_00351,ermawu,sim_ermawu_l3l4,施工期灰尘大,施工扰民,urban_governance,环境,0.365,Very Negative,neg,0.834,0.768,0.895,愁,历史街区,2025-02-09,2025-02 春节·二马路一期开街爆满,0.669,aspect,施工扰民,ermawu,ermawu,1,1,施工扰民,neg,"[""施工扰民""]",施工扰民,城市体检评估管理办法(施工期扰民),老旧小区改造;施工组织优化,"[[""urban_governance"", ""环境"", ""主""], [""urban_renewal"", ""设施"", ""次""]]",0.776,0,111.284358,30.694282
ermawu_T1_00352,ermawu,sim_ermawu_l3l4,老味道流失，可惜,烟火气保留,urban_renewal,文化,0.047,Negative,neg,0.615,0.889,0.833,哀,历史街区,2025-02-08,2025-02 春节·二马路一期开街爆满,0.641,aspect,烟火气保留,ermawu,ermawu,1,1,烟火气保留,neg,"[""烟火气保留""]",烟火气保留,防止大拆大建通知(留改拆·留底线),历史街区保护更新;社区营造,"[[""urban_renewal"", ""文化"", ""主""], [""urban_renewal"", ""环境"", ""次""]]",0.903,0,111.287754,30.69672
ermawu_T1_00353,ermawu,sim_ermawu_l3l4,烟火气没了，商业化太重,烟火气保留,urban_renewal,文化,0.091,Negative,neg,0.883,0.784,0.763,哀,历史街区,2025-02-04,2025-02 春节·二马路一期开街爆满,0.9,aspect,烟火气保留,ermawu,ermawu,1,1,烟火气保留,neg,"[""烟火气保留""]",烟火气保留,防止大拆大建通知(留改拆·留底线),历史街区保护更新;社区营造,"[[""urban_renewal"", ""文化"", ""主""], [""urban_renewal"", ""环境"", ""次""]]",0.86,0,111.27433,30.700332
ermawu_T1_00354,ermawu,sim_ermawu_l3l4,施工绕行太麻烦,施工扰民,urban_governance,环境,0.184,Very Negative,neg,0.57,0.9,0.843,哀,历史街区,2025-02-05,2025-02 春节·二马路一期开街爆满,0.437,aspect,施工扰民,ermawu,ermawu,1,1,施工扰民,neg,"[""施工扰民""]",施工扰民,城市体检评估管理办法(施工期扰民),老旧小区改造;施工组织优化,"[[""urban_governance"", ""环境"", ""主""], [""urban_renewal"", ""设施"", ""次""]]",0.77,0,111.281006,30.698293
ermawu_T1_00355,ermawu,sim_ermawu_l3l4,人太多挤得慌，根本走不动,文旅活力,urban_operation,事件,0.083,Negative,neg,0.577,0.815,0.861,怒,历史街区,2025-02-09,2025-02 春节·二马路一期开街爆满,0.589,aspect,文旅活力,ermawu,ermawu,1,1,文旅活力,neg,"[""文旅活力""]",文旅活力,"城市更新""十五五""规划(文脉保护;文旅)",文旅品牌;节假日活动组织,"[[""urban_operation"", ""事件"", ""主""], [""urban_operation"", ""文化"", ""次""]]",0.79,1,111.282076,30.696187
ermawu_T1_00356,ermawu,sim_ermawu_l3l4,施工期灰尘大,施工扰民,urban_governance,环境,0.345,Negative,neg,0.608,0.889,0.791,怒,历史街区,2025-02-10,2025-02 春节·二马路一期开街爆满,0.497,aspect,施工扰民,ermawu,ermawu,1,1,施工扰民,neg,"[""施工扰民""]",施工扰民,城市体检评估管理办法(施工期扰民),老旧小区改造;施工组织优化,"[[""urban_governance"", ""环境"", ""主""], [""urban_renewal"", ""设施"", ""次""]]",0.881,0,111.278542,30.700654
ermawu_T1_00357,ermawu,sim_ermawu_l3l4,烟火气这东西见仁见智,烟火气保留,urban_renewal,文化,0.561,Neutral,neu,0.629,0.944,0.877,急,历史街区,2025-02-08,2025-02 春节·二马路一期开街爆满,0.586,aspect,烟火气保留,ermawu,ermawu,1,1,烟火气保留,neu,"[""烟火气保留""]",烟火气保留,防止大拆大建通知(留改拆·留底线),历史街区保护更新;社区营造,"[[""urban_renewal"", ""文化"", ""主""], [""urban_renewal"", ""环境"", ""次""]]",0.876,0,111.285751,30.694533
ermawu_T1_00358,ermawu,sim_ermawu_l3l4,改造还在施工，吵得受不了,施工扰民,urban_governance,环境,0.304,Very Negative,neg,0.929,0.813,0.869,怒,历史街区,2025-02-03,2025-02 春节·二马路一期开街爆满,0.562,aspect,施工扰民,ermawu,ermawu,1,1,施工扰民,neg,"[""施工扰民""]",施工扰民,城市体检评估管理办法(施工期扰民),老旧小区改造;施工组织优化,"[[""urban_governance"", ""环境"", ""主""], [""urban_renewal"", ""设施"", ""次""]]",0.728,0,111.283406,30.694857
ermawu_T1_00359,ermawu,sim_ermawu_l3l4,业态都同质化了，走哪都一样,业态丰富度,urban_operation,服务,0.303,Negative,neg,0.796,0.838,0.844,哀,历史街区,2025-02-01,2025-02 春节·二马路一期开街爆满,0.447,aspect,业态丰富度,ermawu,ermawu,1,1,业态丰富度,neg,"[""业态丰富度""]",业态丰富度,关于持续推进城市更新行动的意见(业态引导),业态多元化引导;业态调整,"[[""urban_operation"", ""服务"", ""主""], [""urban_renewal"", ""服务"", ""次""]]",0.921,0,111.284177,30.693214
ermawu_T1_00360,ermawu,sim_ermawu_l3l4,老味道流失，可惜,烟火气保留,urban_renewal,文化,0.188,Very Negative,neg,0.529,0.838,0.746,哀,历史街区,2025-02-06,2025-02 春节·二马路一期开街爆满,0.561,aspect,烟火气保留,ermawu,ermawu,1,1,烟火气保留,neg,"[""烟火气保留""]",烟火气保留,防止大拆大建通知(留改拆·留底线),历史街区保护更新;社区营造,"[[""urban_renewal"", ""文化"", ""主""], [""urban_renewal"", ""环境"", ""次""]]",0.723,0,111.284151,30.698114
ermawu_T1_00361,ermawu,sim_ermawu_l3l4,烟火气没了，商业化太重,烟火气保留,urban_renewal,文化,0.392,Very Negative,neg,0.769,0.851,0.716,愁,历史街区,2025-02-03,2025-02 春节·二马路一期开街爆满,0.403,aspect,烟火气保留,ermawu,ermawu,1,1,烟火气保留,neg,"[""烟火气保留""]",烟火气保留,防止大拆大建通知(留改拆·留底线),历史街区保护更新;社区营造,"[[""urban_renewal"", ""文化"", ""主""], [""urban_renewal"", ""环境"", ""次""]]",0.81,0,111.285754,30.694253
ermawu_T1_00362,ermawu,sim_ermawu_l3l4,盼着开街呢，老街改造进度有点慢,文旅活力,urban_operation,事件,0.547,Neutral,neu,0.633,0.823,0.719,盼,历史街区,2025-02-02,2025-02 春节·二马路一期开街爆满,0.759,aspect,文旅活力,ermawu,ermawu,1,1,文旅活力,neu,"[""文旅活力""]",文旅活力,"城市更新""十五五""规划(文脉保护;文旅)",文旅品牌;节假日活动组织,"[[""urban_operation"", ""事件"", ""主""], [""urban_operation"", ""文化"", ""次""]]",0.78,1,111.283821,30.695223
ermawu_T1_00363,ermawu,sim_ermawu_l3l4,期待焕新效果,文旅活力,urban_operation,事件,0.471,Neutral,neu,0.528,0.723,0.897,盼,历史街区,2025-02-09,2025-02 春节·二马路一期开街爆满,0.417,aspect,文旅活力,ermawu,ermawu,1,1,文旅活力,neu,"[""文旅活力""]",文旅活力,"城市更新""十五五""规划(文脉保护;文旅)",文旅品牌;节假日活动组织,"[[""urban_operation"", ""事件"", ""主""], [""urban_operation"", ""文化"", ""次""]]",0.92,1,111.282211,30.696972
ermawu_T1_00364,ermawu,sim_ermawu_l3l4,回迁安置拖很久,回迁安置,urban_renewal,服务,0.215,Negative,neg,0.581,0.879,0.732,怒,历史街区,2025-02-06,2025-02 春节·二马路一期开街爆满,0.444,aspect,回迁安置,ermawu,ermawu,1,1,回迁安置,neg,"[""回迁安置""]",回迁安置,防止大拆大建通知(不大规模搬迁原住民),回迁安置;原住民保留,"[[""urban_renewal"", ""服务"", ""主""], [""urban_governance"", ""服务"", ""次""]]",0.919,0,111.282608,30.696354
ermawu_T1_00365,ermawu,sim_ermawu_l3l4,原住民留着，街区还活着,烟火气保留,urban_renewal,文化,0.894,Very Positive,pos,0.708,0.741,0.895,乐,历史街区,2025-02-04,2025-02 春节·二马路一期开街爆满,0.797,aspect,烟火气保留,ermawu,ermawu,1,1,烟火气保留,pos,"[""烟火气保留""]",烟火气保留,防止大拆大建通知(留改拆·留底线),历史街区保护更新;社区营造,"[[""urban_renewal"", ""文化"", ""主""], [""urban_renewal"", ""环境"", ""次""]]",0.725,0,111.283473,30.691918
ermawu_T1_00366,ermawu,sim_ermawu_l3l4,回迁政策还在等落实,回迁安置,urban_renewal,服务,0.588,Neutral,neu,0.795,0.85,0.872,急,历史街区,2025-02-01,2025-02 春节·二马路一期开街爆满,0.793,aspect,回迁安置,ermawu,ermawu,1,1,回迁安置,neu,"[""回迁安置""]",回迁安置,防止大拆大建通知(不大规模搬迁原住民),回迁安置;原住民保留,"[[""urban_renewal"", ""服务"", ""主""], [""urban_governance"", ""服务"", ""次""]]",0.918,0,111.277966,30.698297
ermawu_T1_00367,ermawu,sim_ermawu_l3l4,盼着开街呢，老街改造进度有点慢,文旅活力,urban_operation,事件,0.572,Neutral,neu,0.624,0.91,0.814,急,历史街区,2025-02-06,2025-02 春节·二马路一期开街爆满,0.512,aspect,文旅活力,ermawu,ermawu,1,1,文旅活力,neu,"[""文旅活力""]",文旅活力,"城市更新""十五五""规划(文脉保护;文旅)",文旅品牌;节假日活动组织,"[[""urban_operation"", ""事件"", ""主""], [""urban_operation"", ""文化"", ""次""]]",0.696,1,111.286322,30.698391
ermawu_T1_00368,ermawu,sim_ermawu_l3l4,人太多挤得慌，根本走不动,文旅活力,urban_operation,事件,0.385,Very Negative,neg,0.695,0.888,0.707,怒,历史街区,2025-02-01,2025-02 春节·二马路一期开街爆满,0.857,aspect,文旅活力,ermawu,ermawu,1,1,文旅活力,neg,"[""文旅活力""]",文旅活力,"城市更新""十五五""规划(文脉保护;文旅)",文旅品牌;节假日活动组织,"[[""urban_operation"", ""事件"", ""主""], [""urban_operation"", ""文化"", ""次""]]",0.828,1,111.281006,30.694778
ermawu_T1_00369,ermawu,sim_ermawu_l3l4,回迁安置拖很久,回迁安置,urban_renewal,服务,0.116,Very Negative,neg,0.906,0.931,0.709,哀,历史街区,2025-02-05,2025-02 春节·二马路一期开街爆满,0.439,aspect,回迁安置,ermawu,ermawu,1,1,回迁安置,neg,"[""回迁安置""]",回迁安置,防止大拆大建通知(不大规模搬迁原住民),回迁安置;原住民保留,"[[""urban_renewal"", ""服务"", ""主""], [""urban_governance"", ""服务"", ""次""]]",0.723,0,111.275217,30.699235
ermawu_T1_00370,ermawu,sim_ermawu_l3l4,节假日保洁跟不上,垃圾秩序,urban_governance,环境,0.129,Very Negative,neg,0.552,0.878,0.769,哀,历史街区,2025-02-08,2025-02 春节·二马路一期开街爆满,0.851,aspect,垃圾秩序,ermawu,ermawu,1,1,垃圾秩序,neg,"[""垃圾秩序""]",垃圾秩序,城市更新行动意见(市容治理),市容环境治理;垃圾分类,"[[""urban_governance"", ""环境"", ""主""], [""urban_governance"", ""服务"", ""次""]]",0.843,0,111.285106,30.691137
ermawu_T1_00371,ermawu,sim_ermawu_l3l4,节假日保洁跟不上,垃圾秩序,urban_governance,环境,0.21,Negative,neg,0.566,0.744,0.9,愁,历史街区,2025-02-05,2025-02 春节·二马路一期开街爆满,0.627,aspect,垃圾秩序,ermawu,ermawu,1,1,垃圾秩序,neg,"[""垃圾秩序""]",垃圾秩序,城市更新行动意见(市容治理),市容环境治理;垃圾分类,"[[""urban_governance"", ""环境"", ""主""], [""urban_governance"", ""服务"", ""次""]]",0.84,0,111.281127,30.70021
ermawu_T1_00372,ermawu,sim_ermawu_l3l4,改造还在施工，吵得受不了,施工扰民,urban_governance,环境,0.157,Very Negative,neg,0.845,0.902,0.891,哀,历史街区,2025-02-05,2025-02 春节·二马路一期开街爆满,0.816,aspect,施工扰民,ermawu,ermawu,1,1,施工扰民,neg,"[""施工扰民""]",施工扰民,城市体检评估管理办法(施工期扰民),老旧小区改造;施工组织优化,"[[""urban_governance"", ""环境"", ""主""], [""urban_renewal"", ""设施"", ""次""]]",0.891,0,111.283961,30.696155
ermawu_T1_00373,ermawu,sim_ermawu_l3l4,回迁政策还在等落实,回迁安置,urban_renewal,服务,0.586,Neutral,neu,0.655,0.735,0.786,急,历史街区,2025-02-08,2025-02 春节·二马路一期开街爆满,0.817,aspect,回迁安置,ermawu,ermawu,1,1,回迁安置,neu,"[""回迁安置""]",回迁安置,防止大拆大建通知(不大规模搬迁原住民),回迁安置;原住民保留,"[[""urban_renewal"", ""服务"", ""主""], [""urban_governance"", ""服务"", ""次""]]",0.708,0,111.278261,30.698004
ermawu_T1_00374,ermawu,sim_ermawu_l3l4,二马路修旧如旧，百年老街焕发新生,修旧如旧,urban_renewal,文化,0.622,Very Positive,pos,0.396,0.767,0.902,喜,历史街区,2025-02-02,2025-02 春节·二马路一期开街爆满,0.413,aspect,修旧如旧,ermawu,ermawu,1,1,修旧如旧,pos,"[""修旧如旧""]",修旧如旧,防止大拆大建通知;关于持续推进城市更新行动的意见,历史街区/历史文化街区保护更新,"[[""urban_renewal"", ""文化"", ""主""], [""urban_operation"", ""文化"", ""次""]]",0.819,0,111.284828,30.694649
ermawu_T1_00375,ermawu,sim_ermawu_l3l4,原住民迁走，没了生活气,烟火气保留,urban_renewal,文化,0.205,Negative,neg,0.718,0.731,0.8,哀,历史街区,2025-02-07,2025-02 春节·二马路一期开街爆满,0.512,aspect,烟火气保留,ermawu,ermawu,1,1,烟火气保留,neg,"[""烟火气保留""]",烟火气保留,防止大拆大建通知(留改拆·留底线),历史街区保护更新;社区营造,"[[""urban_renewal"", ""文化"", ""主""], [""urban_renewal"", ""环境"", ""次""]]",0.711,0,111.279373,30.698271
ermawu_T1_00376,ermawu,sim_ermawu_l3l4,原住民迁走，没了生活气,烟火气保留,urban_renewal,文化,0.104,Negative,neg,0.531,0.945,0.878,哀,历史街区,2025-02-10,2025-02 春节·二马路一期开街爆满,0.796,aspect,烟火气保留,ermawu,ermawu,1,1,烟火气保留,neg,"[""烟火气保留""]",烟火气保留,防止大拆大建通知(留改拆·留底线),历史街区保护更新;社区营造,"[[""urban_renewal"", ""文化"", ""主""], [""urban_renewal"", ""环境"", ""次""]]",0.756,0,111.285792,30.695999
ermawu_T1_00377,ermawu,sim_ermawu_l3l4,老味道流失，可惜,烟火气保留,urban_renewal,文化,0.261,Negative,neg,0.645,0.823,0.89,哀,历史街区,2025-02-06,2025-02 春节·二马路一期开街爆满,0.703,aspect,烟火气保留,ermawu,ermawu,1,1,烟火气保留,neg,"[""烟火气保留""]",烟火气保留,防止大拆大建通知(留改拆·留底线),历史街区保护更新;社区营造,"[[""urban_renewal"", ""文化"", ""主""], [""urban_renewal"", ""环境"", ""次""]]",0.888,0,111.282871,30.698774
ermawu_T1_00378,ermawu,sim_ermawu_l3l4,施工绕行太麻烦,施工扰民,urban_governance,环境,0.226,Negative,neg,0.77,0.933,0.797,愁,历史街区,2025-02-04,2025-02 春节·二马路一期开街爆满,0.785,aspect,施工扰民,ermawu,ermawu,1,1,施工扰民,neg,"[""施工扰民""]",施工扰民,城市体检评估管理办法(施工期扰民),老旧小区改造;施工组织优化,"[[""urban_governance"", ""环境"", ""主""], [""urban_renewal"", ""设施"", ""次""]]",0.791,0,111.27436,30.698657
ermawu_T1_00379,ermawu,sim_ermawu_l3l4,开街垃圾满地没人扫,垃圾秩序,urban_governance,环境,0.257,Negative,neg,0.839,0.821,0.822,愁,历史街区,2025-02-10,2025-02 春节·二马路一期开街爆满,0.679,aspect,垃圾秩序,ermawu,ermawu,1,1,垃圾秩序,neg,"[""垃圾秩序""]",垃圾秩序,城市更新行动意见(市容治理),市容环境治理;垃圾分类,"[[""urban_governance"", ""环境"", ""主""], [""urban_governance"", ""服务"", ""次""]]",0.771,0,111.287666,30.694541
ermawu_T1_00380,ermawu,sim_ermawu_l3l4,盼着开街呢，老街改造进度有点慢,文旅活力,urban_operation,事件,0.548,Neutral,neu,0.724,0.861,0.758,盼,历史街区,2025-02-10,2025-02 春节·二马路一期开街爆满,0.684,aspect,文旅活力,ermawu,ermawu,1,1,文旅活力,neu,"[""文旅活力""]",文旅活力,"城市更新""十五五""规划(文脉保护;文旅)",文旅品牌;节假日活动组织,"[[""urban_operation"", ""事件"", ""主""], [""urban_operation"", ""文化"", ""次""]]",0.754,1,111.285979,30.694212
ermawu_T1_00381,ermawu,sim_ermawu_l3l4,停车太难，绕三圈找不到,停车难,urban_governance,设施,0.124,Very Negative,neg,0.611,0.84,0.811,怒,历史街区,2025-02-09,2025-02 春节·二马路一期开街爆满,0.516,aspect,停车难,ermawu,ermawu,1,1,停车难,neg,"[""停车难""]",停车难,完整社区(配套设施补齐);一刻钟生活圈,停车设施补齐;配套完善,"[[""urban_governance"", ""设施"", ""主""], [""urban_planning"", ""设施"", ""次""]]",0.861,0,111.28073,30.691975
ermawu_T1_00382,ermawu,sim_ermawu_l3l4,文创老店+特色美食，业态丰富,业态丰富度,urban_operation,服务,0.912,Very Positive,pos,0.373,0.752,0.777,乐,历史街区,2025-02-04,2025-02 春节·二马路一期开街爆满,0.562,aspect,业态丰富度,ermawu,ermawu,1,1,业态丰富度,pos,"[""业态丰富度""]",业态丰富度,关于持续推进城市更新行动的意见(业态引导),业态多元化引导;业态调整,"[[""urban_operation"", ""服务"", ""主""], [""urban_renewal"", ""服务"", ""次""]]",0.737,0,111.277334,30.696498
ermawu_T1_00383,ermawu,sim_ermawu_l3l4,人多秩序乱，占道,垃圾秩序,urban_governance,环境,0.366,Very Negative,neg,0.821,0.916,0.814,愁,历史街区,2025-02-07,2025-02 春节·二马路一期开街爆满,0.874,aspect,垃圾秩序,ermawu,ermawu,1,1,垃圾秩序,neg,"[""垃圾秩序""]",垃圾秩序,城市更新行动意见(市容治理),市容环境治理;垃圾分类,"[[""urban_governance"", ""环境"", ""主""], [""urban_governance"", ""服务"", ""次""]]",0.695,0,111.28625,30.696873
ermawu_T1_00384,ermawu,sim_ermawu_l3l4,保留原貌真有味道，修新如旧做得好,修旧如旧,urban_renewal,文化,0.586,Neutral,neu,0.437,0.94,0.739,盼,历史街区,2025-02-06,2025-02 春节·二马路一期开街爆满,0.566,aspect,修旧如旧,ermawu,ermawu,1,1,修旧如旧,neu,"[""修旧如旧""]",修旧如旧,防止大拆大建通知;关于持续推进城市更新行动的意见,历史街区/历史文化街区保护更新,"[[""urban_renewal"", ""文化"", ""主""], [""urban_operation"", ""文化"", ""次""]]",0.717,0,111.28336,30.690971
ermawu_T1_00385,ermawu,sim_ermawu_l3l4,回迁户型不满意,回迁安置,urban_renewal,服务,0.229,Negative,neg,0.704,0.811,0.848,怒,历史街区,2025-02-10,2025-02 春节·二马路一期开街爆满,0.534,aspect,回迁安置,ermawu,ermawu,1,1,回迁安置,neg,"[""回迁安置""]",回迁安置,防止大拆大建通知(不大规模搬迁原住民),回迁安置;原住民保留,"[[""urban_renewal"", ""服务"", ""主""], [""urban_governance"", ""服务"", ""次""]]",0.744,0,111.276303,30.701516
ermawu_T1_00386,ermawu,sim_ermawu_l3l4,人多秩序乱，占道,垃圾秩序,urban_governance,环境,0.095,Very Negative,neg,0.672,0.813,0.795,哀,历史街区,2025-02-06,2025-02 春节·二马路一期开街爆满,0.82,aspect,垃圾秩序,ermawu,ermawu,1,1,垃圾秩序,neg,"[""垃圾秩序""]",垃圾秩序,城市更新行动意见(市容治理),市容环境治理;垃圾分类,"[[""urban_governance"", ""环境"", ""主""], [""urban_governance"", ""服务"", ""次""]]",0.915,0,111.279046,30.693259
ermawu_T1_00387,ermawu,sim_ermawu_l3l4,节假日保洁跟不上,垃圾秩序,urban_governance,环境,0.384,Negative,neg,0.871,0.914,0.745,怒,历史街区,2025-02-05,2025-02 春节·二马路一期开街爆满,0.671,aspect,垃圾秩序,ermawu,ermawu,1,1,垃圾秩序,neg,"[""垃圾秩序""]",垃圾秩序,城市更新行动意见(市容治理),市容环境治理;垃圾分类,"[[""urban_governance"", ""环境"", ""主""], [""urban_governance"", ""服务"", ""次""]]",0.709,0,111.279945,30.694336
ermawu_T1_00388,ermawu,sim_ermawu_l3l4,五一10万人，体验拉胯,文旅活力,urban_operation,事件,0.106,Negative,neg,0.829,0.836,0.852,哀,历史街区,2025-02-05,2025-02 春节·二马路一期开街爆满,0.777,aspect,文旅活力,ermawu,ermawu,1,1,文旅活力,neg,"[""文旅活力""]",文旅活力,"城市更新""十五五""规划(文脉保护;文旅)",文旅品牌;节假日活动组织,"[[""urban_operation"", ""事件"", ""主""], [""urban_operation"", ""文化"", ""次""]]",0.757,1,111.282448,30.698943
ermawu_T1_00389,ermawu,sim_ermawu_l3l4,节假日保洁跟不上,垃圾秩序,urban_governance,环境,0.082,Very Negative,neg,0.851,0.751,0.758,怒,历史街区,2025-02-07,2025-02 春节·二马路一期开街爆满,0.569,aspect,垃圾秩序,ermawu,ermawu,1,1,垃圾秩序,neg,"[""垃圾秩序""]",垃圾秩序,城市更新行动意见(市容治理),市容环境治理;垃圾分类,"[[""urban_governance"", ""环境"", ""主""], [""urban_governance"", ""服务"", ""次""]]",0.936,0,111.27564,30.695321
ermawu_T1_00390,ermawu,sim_ermawu_l3l4,施工期灰尘大,施工扰民,urban_governance,环境,0.387,Negative,neg,0.642,0.807,0.742,怒,历史街区,2025-02-02,2025-02 春节·二马路一期开街爆满,0.513,aspect,施工扰民,ermawu,ermawu,1,1,施工扰民,neg,"[""施工扰民""]",施工扰民,城市体检评估管理办法(施工期扰民),老旧小区改造;施工组织优化,"[[""urban_governance"", ""环境"", ""主""], [""urban_renewal"", ""设施"", ""次""]]",0.719,0,111.282898,30.698269
ermawu_T1_00391,ermawu,sim_ermawu_l3l4,期待焕新效果,文旅活力,urban_operation,事件,0.53,Neutral,neu,0.76,0.844,0.857,盼,历史街区,2025-02-04,2025-02 春节·二马路一期开街爆满,0.642,aspect,文旅活力,ermawu,ermawu,1,1,文旅活力,neu,"[""文旅活力""]",文旅活力,"城市更新""十五五""规划(文脉保护;文旅)",文旅品牌;节假日活动组织,"[[""urban_operation"", ""事件"", ""主""], [""urban_operation"", ""文化"", ""次""]]",0.928,1,111.284801,30.692483
ermawu_T1_00392,ermawu,sim_ermawu_l3l4,开街后保洁跟上了,垃圾秩序,urban_governance,环境,0.537,Neutral,neu,0.796,0.928,0.858,盼,历史街区,2025-02-01,2025-02 春节·二马路一期开街爆满,0.81,aspect,垃圾秩序,ermawu,ermawu,1,1,垃圾秩序,neu,"[""垃圾秩序""]",垃圾秩序,城市更新行动意见(市容治理),市容环境治理;垃圾分类,"[[""urban_governance"", ""环境"", ""主""], [""urban_governance"", ""服务"", ""次""]]",0.727,0,111.284187,30.691987
ermawu_T1_00393,ermawu,sim_ermawu_l3l4,施工绕行太麻烦,施工扰民,urban_governance,环境,0.336,Very Negative,neg,0.689,0.893,0.817,怒,历史街区,2025-02-03,2025-02 春节·二马路一期开街爆满,0.409,aspect,施工扰民,ermawu,ermawu,1,1,施工扰民,neg,"[""施工扰民""]",施工扰民,城市体检评估管理办法(施工期扰民),老旧小区改造;施工组织优化,"[[""urban_governance"", ""环境"", ""主""], [""urban_renewal"", ""设施"", ""次""]]",0.869,0,111.27911,30.694782
ermawu_T1_00394,ermawu,sim_ermawu_l3l4,老味道还在，没变味,烟火气保留,urban_renewal,文化,0.911,Positive,pos,0.714,0.768,0.821,喜,历史街区,2025-02-10,2025-02 春节·二马路一期开街爆满,0.703,aspect,烟火气保留,ermawu,ermawu,1,1,烟火气保留,pos,"[""烟火气保留""]",烟火气保留,防止大拆大建通知(留改拆·留底线),历史街区保护更新;社区营造,"[[""urban_renewal"", ""文化"", ""主""], [""urban_renewal"", ""环境"", ""次""]]",0.786,0,111.275014,30.699185
ermawu_T1_00395,ermawu,sim_ermawu_l3l4,施工绕行太麻烦,施工扰民,urban_governance,环境,0.298,Very Negative,neg,0.528,0.819,0.763,愁,历史街区,2025-02-03,2025-02 春节·二马路一期开街爆满,0.62,aspect,施工扰民,ermawu,ermawu,1,1,施工扰民,neg,"[""施工扰民""]",施工扰民,城市体检评估管理办法(施工期扰民),老旧小区改造;施工组织优化,"[[""urban_governance"", ""环境"", ""主""], [""urban_renewal"", ""设施"", ""次""]]",0.948,0,111.287099,30.693181
ermawu_T1_00396,ermawu,sim_ermawu_l3l4,期待焕新效果,文旅活力,urban_operation,事件,0.51,Neutral,neu,0.429,0.885,0.92,急,历史街区,2025-02-02,2025-02 春节·二马路一期开街爆满,0.81,aspect,文旅活力,ermawu,ermawu,1,1,文旅活力,neu,"[""文旅活力""]",文旅活力,"城市更新""十五五""规划(文脉保护;文旅)",文旅品牌;节假日活动组织,"[[""urban_operation"", ""事件"", ""主""], [""urban_operation"", ""文化"", ""次""]]",0.756,1,111.275212,30.698592
ermawu_T1_00397,ermawu,sim_ermawu_l3l4,施工快收尾了，忍忍,施工扰民,urban_governance,环境,0.447,Neutral,neu,0.442,0.773,0.809,急,历史街区,2025-02-09,2025-02 春节·二马路一期开街爆满,0.431,aspect,施工扰民,ermawu,ermawu,1,1,施工扰民,neu,"[""施工扰民""]",施工扰民,城市体检评估管理办法(施工期扰民),老旧小区改造;施工组织优化,"[[""urban_governance"", ""环境"", ""主""], [""urban_renewal"", ""设施"", ""次""]]",0.733,0,111.282983,30.690537
ermawu_T1_00398,ermawu,sim_ermawu_l3l4,业态还在调整中,业态丰富度,urban_operation,服务,0.452,Neutral,neu,0.685,0.851,0.842,盼,历史街区,2025-02-04,2025-02 春节·二马路一期开街爆满,0.465,aspect,业态丰富度,ermawu,ermawu,1,1,业态丰富度,neu,"[""业态丰富度""]",业态丰富度,关于持续推进城市更新行动的意见(业态引导),业态多元化引导;业态调整,"[[""urban_operation"", ""服务"", ""主""], [""urban_renewal"", ""服务"", ""次""]]",0.893,0,111.280808,30.695538
ermawu_T1_00399,ermawu,sim_ermawu_l3l4,开街垃圾满地没人扫,垃圾秩序,urban_governance,环境,0.255,Negative,neg,0.593,0.762,0.848,愁,历史街区,2025-02-04,2025-02 春节·二马路一期开街爆满,0.783,aspect,垃圾秩序,ermawu,ermawu,1,1,垃圾秩序,neg,"[""垃圾秩序""]",垃圾秩序,城市更新行动意见(市容治理),市容环境治理;垃圾分类,"[[""urban_governance"", ""环境"", ""主""], [""urban_governance"", ""服务"", ""次""]]",0.906,0,111.276669,30.697057
ermawu_T1_00400,ermawu,sim_ermawu_l3l4,回迁户型不满意,回迁安置,urban_renewal,服务,0.281,Very Negative,neg,0.684,0.78,0.894,怒,历史街区,2025-02-01,2025-02 春节·二马路一期开街爆满,0.828,aspect,回迁安置,ermawu,ermawu,1,1,回迁安置,neg,"[""回迁安置""]",回迁安置,防止大拆大建通知(不大规模搬迁原住民),回迁安置;原住民保留,"[[""urban_renewal"", ""服务"", ""主""], [""urban_governance"", ""服务"", ""次""]]",0.736,0,111.278156,30.698555
ermawu_T1_00401,ermawu,sim_ermawu_l3l4,回迁政策还在等落实,回迁安置,urban_renewal,服务,0.492,Neutral,neu,0.61,0.909,0.876,急,历史街区,2025-02-05,2025-02 春节·二马路一期开街爆满,0.737,aspect,回迁安置,ermawu,ermawu,1,1,回迁安置,neu,"[""回迁安置""]",回迁安置,防止大拆大建通知(不大规模搬迁原住民),回迁安置;原住民保留,"[[""urban_renewal"", ""服务"", ""主""], [""urban_governance"", ""服务"", ""次""]]",0.79,0,111.282414,30.697849
ermawu_T1_00402,ermawu,sim_ermawu_l3l4,改造还在施工，吵得受不了,施工扰民,urban_governance,环境,0.053,Very Negative,neg,0.528,0.729,0.889,怒,历史街区,2025-02-01,2025-02 春节·二马路一期开街爆满,0.817,aspect,施工扰民,ermawu,ermawu,1,1,施工扰民,neg,"[""施工扰民""]",施工扰民,城市体检评估管理办法(施工期扰民),老旧小区改造;施工组织优化,"[[""urban_governance"", ""环境"", ""主""], [""urban_renewal"", ""设施"", ""次""]]",0.839,0,111.276865,30.697095
ermawu_T1_00403,ermawu,sim_ermawu_l3l4,既有文化味更有烟火气，难得,烟火气保留,urban_renewal,文化,0.731,Very Positive,pos,0.374,0.816,0.809,喜,历史街区,2025-02-09,2025-02 春节·二马路一期开街爆满,0.834,aspect,烟火气保留,ermawu,ermawu,1,1,烟火气保留,pos,"[""烟火气保留""]",烟火气保留,防止大拆大建通知(留改拆·留底线),历史街区保护更新;社区营造,"[[""urban_renewal"", ""文化"", ""主""], [""urban_renewal"", ""环境"", ""次""]]",0.709,0,111.283849,30.693784
ermawu_T1_00404,ermawu,sim_ermawu_l3l4,盼着开街呢，老街改造进度有点慢,文旅活力,urban_operation,事件,0.535,Neutral,neu,0.564,0.938,0.824,盼,历史街区,2025-02-06,2025-02 春节·二马路一期开街爆满,0.447,aspect,文旅活力,ermawu,ermawu,1,1,文旅活力,neu,"[""文旅活力""]",文旅活力,"城市更新""十五五""规划(文脉保护;文旅)",文旅品牌;节假日活动组织,"[[""urban_operation"", ""事件"", ""主""], [""urban_operation"", ""文化"", ""次""]]",0.761,1,111.282101,30.693852
ermawu_T1_00405,ermawu,sim_ermawu_l3l4,人太多挤得慌，根本走不动,文旅活力,urban_operation,事件,0.153,Negative,neg,0.59,0.75,0.709,哀,历史街区,2025-02-10,2025-02 春节·二马路一期开街爆满,0.463,aspect,文旅活力,ermawu,ermawu,1,1,文旅活力,neg,"[""文旅活力""]",文旅活力,"城市更新""十五五""规划(文脉保护;文旅)",文旅品牌;节假日活动组织,"[[""urban_operation"", ""事件"", ""主""], [""urban_operation"", ""文化"", ""次""]]",0.69,1,111.282903,30.699115
ermawu_T1_00406,ermawu,sim_ermawu_l3l4,期待焕新效果,文旅活力,urban_operation,事件,0.445,Neutral,neu,0.545,0.892,0.918,急,历史街区,2025-02-09,2025-02 春节·二马路一期开街爆满,0.81,aspect,文旅活力,ermawu,ermawu,1,1,文旅活力,neu,"[""文旅活力""]",文旅活力,"城市更新""十五五""规划(文脉保护;文旅)",文旅品牌;节假日活动组织,"[[""urban_operation"", ""事件"", ""主""], [""urban_operation"", ""文化"", ""次""]]",0.929,1,111.275736,30.701364
ermawu_T1_00407,ermawu,sim_ermawu_l3l4,回迁户型不满意,回迁安置,urban_renewal,服务,0.076,Very Negative,neg,0.676,0.777,0.87,愁,历史街区,2025-02-10,2025-02 春节·二马路一期开街爆满,0.837,aspect,回迁安置,ermawu,ermawu,1,1,回迁安置,neg,"[""回迁安置""]",回迁安置,防止大拆大建通知(不大规模搬迁原住民),回迁安置;原住民保留,"[[""urban_renewal"", ""服务"", ""主""], [""urban_governance"", ""服务"", ""次""]]",0.799,0,111.284078,30.695812
ermawu_T1_00408,ermawu,sim_ermawu_l3l4,停车勉强能找,停车难,urban_governance,设施,0.47,Neutral,neu,0.599,0.818,0.758,急,历史街区,2025-02-06,2025-02 春节·二马路一期开街爆满,0.851,aspect,停车难,ermawu,ermawu,1,1,停车难,neu,"[""停车难""]",停车难,完整社区(配套设施补齐);一刻钟生活圈,停车设施补齐;配套完善,"[[""urban_governance"", ""设施"", ""主""], [""urban_planning"", ""设施"", ""次""]]",0.704,0,111.281799,30.69536
ermawu_T1_00409,ermawu,sim_ermawu_l3l4,回迁政策还在等落实,回迁安置,urban_renewal,服务,0.593,Neutral,neu,0.463,0.855,0.884,盼,历史街区,2025-02-08,2025-02 春节·二马路一期开街爆满,0.461,aspect,回迁安置,ermawu,ermawu,1,1,回迁安置,neu,"[""回迁安置""]",回迁安置,防止大拆大建通知(不大规模搬迁原住民),回迁安置;原住民保留,"[[""urban_renewal"", ""服务"", ""主""], [""urban_governance"", ""服务"", ""次""]]",0.793,0,111.277006,30.698899
ermawu_T1_00410,ermawu,sim_ermawu_l3l4,施工绕行太麻烦,施工扰民,urban_governance,环境,0.275,Very Negative,neg,0.58,0.822,0.725,哀,历史街区,2025-02-02,2025-02 春节·二马路一期开街爆满,0.622,aspect,施工扰民,ermawu,ermawu,1,1,施工扰民,neg,"[""施工扰民""]",施工扰民,城市体检评估管理办法(施工期扰民),老旧小区改造;施工组织优化,"[[""urban_governance"", ""环境"", ""主""], [""urban_renewal"", ""设施"", ""次""]]",0.724,0,111.273389,30.698587
ermawu_T1_00411,ermawu,sim_ermawu_l3l4,烟火气这东西见仁见智,烟火气保留,urban_renewal,文化,0.48,Neutral,neu,0.787,0.862,0.859,盼,历史街区,2025-02-05,2025-02 春节·二马路一期开街爆满,0.698,aspect,烟火气保留,ermawu,ermawu,1,1,烟火气保留,neu,"[""烟火气保留""]",烟火气保留,防止大拆大建通知(留改拆·留底线),历史街区保护更新;社区营造,"[[""urban_renewal"", ""文化"", ""主""], [""urban_renewal"", ""环境"", ""次""]]",0.835,0,111.275176,30.699087
ermawu_T1_00412,ermawu,sim_ermawu_l3l4,施工期灰尘大,施工扰民,urban_governance,环境,0.162,Very Negative,neg,0.837,0.777,0.86,愁,历史街区,2025-02-03,2025-02 春节·二马路一期开街爆满,0.898,aspect,施工扰民,ermawu,ermawu,1,1,施工扰民,neg,"[""施工扰民""]",施工扰民,城市体检评估管理办法(施工期扰民),老旧小区改造;施工组织优化,"[[""urban_governance"", ""环境"", ""主""], [""urban_renewal"", ""设施"", ""次""]]",0.794,0,111.274849,30.698378
ermawu_T1_00413,ermawu,sim_ermawu_l3l4,回迁政策还在等落实,回迁安置,urban_renewal,服务,0.474,Neutral,neu,0.38,0.886,0.756,急,历史街区,2025-02-01,2025-02 春节·二马路一期开街爆满,0.509,aspect,回迁安置,ermawu,ermawu,1,1,回迁安置,neu,"[""回迁安置""]",回迁安置,防止大拆大建通知(不大规模搬迁原住民),回迁安置;原住民保留,"[[""urban_renewal"", ""服务"", ""主""], [""urban_governance"", ""服务"", ""次""]]",0.814,0,111.278662,30.694886
ermawu_T1_00414,ermawu,sim_ermawu_l3l4,施工期灰尘大,施工扰民,urban_governance,环境,0.29,Negative,neg,0.534,0.831,0.71,愁,历史街区,2025-02-07,2025-02 春节·二马路一期开街爆满,0.661,aspect,施工扰民,ermawu,ermawu,1,1,施工扰民,neg,"[""施工扰民""]",施工扰民,城市体检评估管理办法(施工期扰民),老旧小区改造;施工组织优化,"[[""urban_governance"", ""环境"", ""主""], [""urban_renewal"", ""设施"", ""次""]]",0.776,0,111.281625,30.693029
ermawu_T1_00415,ermawu,sim_ermawu_l3l4,二马路修旧如旧，百年老街焕发新生,修旧如旧,urban_renewal,文化,0.428,Neutral,neu,0.786,0.814,0.904,急,历史街区,2025-02-01,2025-02 春节·二马路一期开街爆满,0.701,aspect,修旧如旧,ermawu,ermawu,1,1,修旧如旧,neu,"[""修旧如旧""]",修旧如旧,防止大拆大建通知;关于持续推进城市更新行动的意见,历史街区/历史文化街区保护更新,"[[""urban_renewal"", ""文化"", ""主""], [""urban_operation"", ""文化"", ""次""]]",0.776,0,111.276749,30.696618
ermawu_T1_00416,ermawu,sim_ermawu_l3l4,施工期灰尘大,施工扰民,urban_governance,环境,0.053,Very Negative,neg,0.887,0.791,0.852,哀,历史街区,2025-02-08,2025-02 春节·二马路一期开街爆满,0.652,aspect,施工扰民,ermawu,ermawu,1,1,施工扰民,neg,"[""施工扰民""]",施工扰民,城市体检评估管理办法(施工期扰民),老旧小区改造;施工组织优化,"[[""urban_governance"", ""环境"", ""主""], [""urban_renewal"", ""设施"", ""次""]]",0.716,0,111.281704,30.694345
ermawu_T1_00417,ermawu,sim_ermawu_l3l4,业态还在调整中,业态丰富度,urban_operation,服务,0.524,Neutral,neu,0.764,0.925,0.805,盼,历史街区,2025-02-06,2025-02 春节·二马路一期开街爆满,0.705,aspect,业态丰富度,ermawu,ermawu,1,1,业态丰富度,neu,"[""业态丰富度""]",业态丰富度,关于持续推进城市更新行动的意见(业态引导),业态多元化引导;业态调整,"[[""urban_operation"", ""服务"", ""主""], [""urban_renewal"", ""服务"", ""次""]]",0.762,0,111.281612,30.690799
ermawu_T1_00418,ermawu,sim_ermawu_l3l4,施工期灰尘大,施工扰民,urban_governance,环境,0.041,Very Negative,neg,0.705,0.729,0.826,哀,历史街区,2025-02-08,2025-02 春节·二马路一期开街爆满,0.865,aspect,施工扰民,ermawu,ermawu,1,1,施工扰民,neg,"[""施工扰民""]",施工扰民,城市体检评估管理办法(施工期扰民),老旧小区改造;施工组织优化,"[[""urban_governance"", ""环境"", ""主""], [""urban_renewal"", ""设施"", ""次""]]",0.772,0,111.285899,30.694972
ermawu_T1_00419,ermawu,sim_ermawu_l3l4,施工期灰尘大,施工扰民,urban_governance,环境,0.181,Very Negative,neg,0.796,0.867,0.915,哀,历史街区,2025-02-09,2025-02 春节·二马路一期开街爆满,0.797,aspect,施工扰民,ermawu,ermawu,1,1,施工扰民,neg,"[""施工扰民""]",施工扰民,城市体检评估管理办法(施工期扰民),老旧小区改造;施工组织优化,"[[""urban_governance"", ""环境"", ""主""], [""urban_renewal"", ""设施"", ""次""]]",0.898,0,111.277643,30.696483
ermawu_T1_00420,ermawu,sim_ermawu_l3l4,人太多挤得慌，根本走不动,文旅活力,urban_operation,事件,0.368,Very Negative,neg,0.925,0.904,0.91,怒,历史街区,2025-02-07,2025-02 春节·二马路一期开街爆满,0.714,aspect,文旅活力,ermawu,ermawu,1,1,文旅活力,neg,"[""文旅活力""]",文旅活力,"城市更新""十五五""规划(文脉保护;文旅)",文旅品牌;节假日活动组织,"[[""urban_operation"", ""事件"", ""主""], [""urban_operation"", ""文化"", ""次""]]",0.909,1,111.284985,30.694911
ermawu_T1_00421,ermawu,sim_ermawu_l3l4,人太多挤得慌，根本走不动,文旅活力,urban_operation,事件,0.366,Negative,neg,0.89,0.865,0.711,怒,历史街区,2025-02-09,2025-02 春节·二马路一期开街爆满,0.895,aspect,文旅活力,ermawu,ermawu,1,1,文旅活力,neg,"[""文旅活力""]",文旅活力,"城市更新""十五五""规划(文脉保护;文旅)",文旅品牌;节假日活动组织,"[[""urban_operation"", ""事件"", ""主""], [""urban_operation"", ""文化"", ""次""]]",0.773,1,111.277919,30.699599
ermawu_T1_00422,ermawu,sim_ermawu_l3l4,节假日保洁跟不上,垃圾秩序,urban_governance,环境,0.227,Very Negative,neg,0.539,0.782,0.879,怒,历史街区,2025-02-10,2025-02 春节·二马路一期开街爆满,0.825,aspect,垃圾秩序,ermawu,ermawu,1,1,垃圾秩序,neg,"[""垃圾秩序""]",垃圾秩序,城市更新行动意见(市容治理),市容环境治理;垃圾分类,"[[""urban_governance"", ""环境"", ""主""], [""urban_governance"", ""服务"", ""次""]]",0.859,0,111.278988,30.693746
ermawu_T1_00423,ermawu,sim_ermawu_l3l4,开街垃圾满地没人扫,垃圾秩序,urban_governance,环境,0.052,Very Negative,neg,0.703,0.921,0.809,愁,历史街区,2025-02-03,2025-02 春节·二马路一期开街爆满,0.852,aspect,垃圾秩序,ermawu,ermawu,1,1,垃圾秩序,neg,"[""垃圾秩序""]",垃圾秩序,城市更新行动意见(市容治理),市容环境治理;垃圾分类,"[[""urban_governance"", ""环境"", ""主""], [""urban_governance"", ""服务"", ""次""]]",0.775,0,111.286583,30.69404
ermawu_T1_00424,ermawu,sim_ermawu_l3l4,施工绕行太麻烦,施工扰民,urban_governance,环境,0.278,Negative,neg,0.732,0.806,0.863,怒,历史街区,2025-02-02,2025-02 春节·二马路一期开街爆满,0.501,aspect,施工扰民,ermawu,ermawu,1,1,施工扰民,neg,"[""施工扰民""]",施工扰民,城市体检评估管理办法(施工期扰民),老旧小区改造;施工组织优化,"[[""urban_governance"", ""环境"", ""主""], [""urban_renewal"", ""设施"", ""次""]]",0.793,0,111.280396,30.692855
ermawu_T1_00425,ermawu,sim_ermawu_l3l4,施工快收尾了，忍忍,施工扰民,urban_governance,环境,0.552,Neutral,neu,0.675,0.722,0.788,急,历史街区,2025-02-05,2025-02 春节·二马路一期开街爆满,0.86,aspect,施工扰民,ermawu,ermawu,1,1,施工扰民,neu,"[""施工扰民""]",施工扰民,城市体检评估管理办法(施工期扰民),老旧小区改造;施工组织优化,"[[""urban_governance"", ""环境"", ""主""], [""urban_renewal"", ""设施"", ""次""]]",0.79,0,111.274377,30.69919
ermawu_T1_00426,ermawu,sim_ermawu_l3l4,业态还在调整中,业态丰富度,urban_operation,服务,0.594,Neutral,neu,0.34,0.773,0.804,急,历史街区,2025-02-03,2025-02 春节·二马路一期开街爆满,0.726,aspect,业态丰富度,ermawu,ermawu,1,1,业态丰富度,neu,"[""业态丰富度""]",业态丰富度,关于持续推进城市更新行动的意见(业态引导),业态多元化引导;业态调整,"[[""urban_operation"", ""服务"", ""主""], [""urban_renewal"", ""服务"", ""次""]]",0.946,0,111.280713,30.693382
ermawu_T1_00427,ermawu,sim_ermawu_l3l4,节假日保洁跟不上,垃圾秩序,urban_governance,环境,0.273,Negative,neg,0.663,0.827,0.814,怒,历史街区,2025-02-01,2025-02 春节·二马路一期开街爆满,0.551,aspect,垃圾秩序,ermawu,ermawu,1,1,垃圾秩序,neg,"[""垃圾秩序""]",垃圾秩序,城市更新行动意见(市容治理),市容环境治理;垃圾分类,"[[""urban_governance"", ""环境"", ""主""], [""urban_governance"", ""服务"", ""次""]]",0.905,0,111.288918,30.6949
ermawu_T1_00428,ermawu,sim_ermawu_l3l4,业态有调性，不低端,业态丰富度,urban_operation,服务,0.71,Positive,pos,0.429,0.938,0.814,喜,历史街区,2025-02-02,2025-02 春节·二马路一期开街爆满,0.735,aspect,业态丰富度,ermawu,ermawu,1,1,业态丰富度,pos,"[""业态丰富度""]",业态丰富度,关于持续推进城市更新行动的意见(业态引导),业态多元化引导;业态调整,"[[""urban_operation"", ""服务"", ""主""], [""urban_renewal"", ""服务"", ""次""]]",0.945,0,111.283139,30.69609
ermawu_T1_00429,ermawu,sim_ermawu_l3l4,保留原貌真有味道，修新如旧做得好,修旧如旧,urban_renewal,文化,0.891,Positive,pos,0.602,0.894,0.723,喜,历史街区,2025-02-03,2025-02 春节·二马路一期开街爆满,0.86,aspect,修旧如旧,ermawu,ermawu,1,1,修旧如旧,pos,"[""修旧如旧""]",修旧如旧,防止大拆大建通知;关于持续推进城市更新行动的意见,历史街区/历史文化街区保护更新,"[[""urban_renewal"", ""文化"", ""主""], [""urban_operation"", ""文化"", ""次""]]",0.925,0,111.284391,30.695385
ermawu_T1_00430,ermawu,sim_ermawu_l3l4,五一10万人，体验拉胯,文旅活力,urban_operation,事件,0.085,Very Negative,neg,0.863,0.889,0.76,愁,历史街区,2025-02-02,2025-02 春节·二马路一期开街爆满,0.524,aspect,文旅活力,ermawu,ermawu,1,1,文旅活力,neg,"[""文旅活力""]",文旅活力,"城市更新""十五五""规划(文脉保护;文旅)",文旅品牌;节假日活动组织,"[[""urban_operation"", ""事件"", ""主""], [""urban_operation"", ""文化"", ""次""]]",0.852,1,111.27965,30.698505
ermawu_T1_00431,ermawu,sim_ermawu_l3l4,停车勉强能找,停车难,urban_governance,设施,0.422,Neutral,neu,0.59,0.948,0.747,盼,历史街区,2025-02-03,2025-02 春节·二马路一期开街爆满,0.781,aspect,停车难,ermawu,ermawu,1,1,停车难,neu,"[""停车难""]",停车难,完整社区(配套设施补齐);一刻钟生活圈,停车设施补齐;配套完善,"[[""urban_governance"", ""设施"", ""主""], [""urban_planning"", ""设施"", ""次""]]",0.71,0,111.287963,30.69655
ermawu_T1_00432,ermawu,sim_ermawu_l3l4,施工绕行太麻烦,施工扰民,urban_governance,环境,0.365,Very Negative,neg,0.771,0.946,0.81,哀,历史街区,2025-02-03,2025-02 春节·二马路一期开街爆满,0.854,aspect,施工扰民,ermawu,ermawu,1,1,施工扰民,neg,"[""施工扰民""]",施工扰民,城市体检评估管理办法(施工期扰民),老旧小区改造;施工组织优化,"[[""urban_governance"", ""环境"", ""主""], [""urban_renewal"", ""设施"", ""次""]]",0.856,0,111.286494,30.694371
ermawu_T1_00433,ermawu,sim_ermawu_l3l4,业态还在调整中,业态丰富度,urban_operation,服务,0.572,Neutral,neu,0.733,0.785,0.866,盼,历史街区,2025-02-09,2025-02 春节·二马路一期开街爆满,0.612,aspect,业态丰富度,ermawu,ermawu,1,1,业态丰富度,neu,"[""业态丰富度""]",业态丰富度,关于持续推进城市更新行动的意见(业态引导),业态多元化引导;业态调整,"[[""urban_operation"", ""服务"", ""主""], [""urban_renewal"", ""服务"", ""次""]]",0.766,0,111.280061,30.691531
ermawu_T1_00434,ermawu,sim_ermawu_l3l4,盼着开街呢，老街改造进度有点慢,文旅活力,urban_operation,事件,0.548,Neutral,neu,0.508,0.904,0.727,盼,历史街区,2025-02-08,2025-02 春节·二马路一期开街爆满,0.884,aspect,文旅活力,ermawu,ermawu,1,1,文旅活力,neu,"[""文旅活力""]",文旅活力,"城市更新""十五五""规划(文脉保护;文旅)",文旅品牌;节假日活动组织,"[[""urban_operation"", ""事件"", ""主""], [""urban_operation"", ""文化"", ""次""]]",0.691,1,111.286286,30.695226
ermawu_T1_00435,ermawu,sim_ermawu_l3l4,原住民迁走，没了生活气,烟火气保留,urban_renewal,文化,0.055,Very Negative,neg,0.833,0.827,0.852,愁,历史街区,2025-02-09,2025-02 春节·二马路一期开街爆满,0.85,aspect,烟火气保留,ermawu,ermawu,1,1,烟火气保留,neg,"[""烟火气保留""]",烟火气保留,防止大拆大建通知(留改拆·留底线),历史街区保护更新;社区营造,"[[""urban_renewal"", ""文化"", ""主""], [""urban_renewal"", ""环境"", ""次""]]",0.703,0,111.280361,30.698108
ermawu_T1_00436,ermawu,sim_ermawu_l3l4,开街后保洁跟上了,垃圾秩序,urban_governance,环境,0.54,Neutral,neu,0.638,0.809,0.913,盼,历史街区,2025-02-06,2025-02 春节·二马路一期开街爆满,0.698,aspect,垃圾秩序,ermawu,ermawu,1,1,垃圾秩序,neu,"[""垃圾秩序""]",垃圾秩序,城市更新行动意见(市容治理),市容环境治理;垃圾分类,"[[""urban_governance"", ""环境"", ""主""], [""urban_governance"", ""服务"", ""次""]]",0.911,0,111.276351,30.702026
ermawu_T1_00437,ermawu,sim_ermawu_l3l4,盼着开街呢，老街改造进度有点慢,文旅活力,urban_operation,事件,0.471,Neutral,neu,0.498,0.817,0.83,急,历史街区,2025-02-05,2025-02 春节·二马路一期开街爆满,0.444,aspect,文旅活力,ermawu,ermawu,1,1,文旅活力,neu,"[""文旅活力""]",文旅活力,"城市更新""十五五""规划(文脉保护;文旅)",文旅品牌;节假日活动组织,"[[""urban_operation"", ""事件"", ""主""], [""urban_operation"", ""文化"", ""次""]]",0.885,1,111.284108,30.694845
ermawu_T1_00438,ermawu,sim_ermawu_l3l4,施工期灰尘大,施工扰民,urban_governance,环境,0.167,Negative,neg,0.526,0.826,0.826,哀,历史街区,2025-02-09,2025-02 春节·二马路一期开街爆满,0.885,aspect,施工扰民,ermawu,ermawu,1,1,施工扰民,neg,"[""施工扰民""]",施工扰民,城市体检评估管理办法(施工期扰民),老旧小区改造;施工组织优化,"[[""urban_governance"", ""环境"", ""主""], [""urban_renewal"", ""设施"", ""次""]]",0.879,0,111.277819,30.696607
ermawu_T1_00439,ermawu,sim_ermawu_l3l4,施工快收尾了，忍忍,施工扰民,urban_governance,环境,0.481,Neutral,neu,0.344,0.816,0.89,急,历史街区,2025-02-03,2025-02 春节·二马路一期开街爆满,0.739,aspect,施工扰民,ermawu,ermawu,1,1,施工扰民,neu,"[""施工扰民""]",施工扰民,城市体检评估管理办法(施工期扰民),老旧小区改造;施工组织优化,"[[""urban_governance"", ""环境"", ""主""], [""urban_renewal"", ""设施"", ""次""]]",0.701,0,111.280114,30.700092
ermawu_T1_00440,ermawu,sim_ermawu_l3l4,人多秩序乱，占道,垃圾秩序,urban_governance,环境,0.396,Negative,neg,0.83,0.774,0.792,愁,历史街区,2025-02-10,2025-02 春节·二马路一期开街爆满,0.707,aspect,垃圾秩序,ermawu,ermawu,1,1,垃圾秩序,neg,"[""垃圾秩序""]",垃圾秩序,城市更新行动意见(市容治理),市容环境治理;垃圾分类,"[[""urban_governance"", ""环境"", ""主""], [""urban_governance"", ""服务"", ""次""]]",0.689,0,111.274481,30.697821
ermawu_T1_00441,ermawu,sim_ermawu_l3l4,业态有调性，不低端,业态丰富度,urban_operation,服务,0.86,Very Positive,pos,0.683,0.831,0.883,喜,历史街区,2025-02-08,2025-02 春节·二马路一期开街爆满,0.89,aspect,业态丰富度,ermawu,ermawu,1,1,业态丰富度,pos,"[""业态丰富度""]",业态丰富度,关于持续推进城市更新行动的意见(业态引导),业态多元化引导;业态调整,"[[""urban_operation"", ""服务"", ""主""], [""urban_renewal"", ""服务"", ""次""]]",0.705,0,111.273231,30.698626
ermawu_T1_00442,ermawu,sim_ermawu_l3l4,回迁户型不满意,回迁安置,urban_renewal,服务,0.052,Negative,neg,0.582,0.808,0.782,愁,历史街区,2025-02-01,2025-02 春节·二马路一期开街爆满,0.572,aspect,回迁安置,ermawu,ermawu,1,1,回迁安置,neg,"[""回迁安置""]",回迁安置,防止大拆大建通知(不大规模搬迁原住民),回迁安置;原住民保留,"[[""urban_renewal"", ""服务"", ""主""], [""urban_governance"", ""服务"", ""次""]]",0.857,0,111.282163,30.692892
ermawu_T1_00443,ermawu,sim_ermawu_l3l4,烟火气没了，商业化太重,烟火气保留,urban_renewal,文化,0.181,Very Negative,neg,0.826,0.905,0.861,愁,历史街区,2025-02-02,2025-02 春节·二马路一期开街爆满,0.595,aspect,烟火气保留,ermawu,ermawu,1,1,烟火气保留,neg,"[""烟火气保留""]",烟火气保留,防止大拆大建通知(留改拆·留底线),历史街区保护更新;社区营造,"[[""urban_renewal"", ""文化"", ""主""], [""urban_renewal"", ""环境"", ""次""]]",0.933,0,111.281549,30.692659
ermawu_T1_00444,ermawu,sim_ermawu_l3l4,五一10万人，体验拉胯,文旅活力,urban_operation,事件,0.182,Very Negative,neg,0.602,0.818,0.899,愁,历史街区,2025-02-06,2025-02 春节·二马路一期开街爆满,0.414,aspect,文旅活力,ermawu,ermawu,1,1,文旅活力,neg,"[""文旅活力""]",文旅活力,"城市更新""十五五""规划(文脉保护;文旅)",文旅品牌;节假日活动组织,"[[""urban_operation"", ""事件"", ""主""], [""urban_operation"", ""文化"", ""次""]]",0.714,1,111.27673,30.696505
ermawu_T1_00445,ermawu,sim_ermawu_l3l4,业态都同质化了，走哪都一样,业态丰富度,urban_operation,服务,0.252,Negative,neg,0.944,0.848,0.732,怒,历史街区,2025-02-08,2025-02 春节·二马路一期开街爆满,0.65,aspect,业态丰富度,ermawu,ermawu,1,1,业态丰富度,neg,"[""业态丰富度""]",业态丰富度,关于持续推进城市更新行动的意见(业态引导),业态多元化引导;业态调整,"[[""urban_operation"", ""服务"", ""主""], [""urban_renewal"", ""服务"", ""次""]]",0.792,0,111.284952,30.692879
ermawu_T1_00446,ermawu,sim_ermawu_l3l4,期待焕新效果,文旅活力,urban_operation,事件,0.547,Neutral,neu,0.707,0.817,0.834,急,历史街区,2025-02-06,2025-02 春节·二马路一期开街爆满,0.764,aspect,文旅活力,ermawu,ermawu,1,1,文旅活力,neu,"[""文旅活力""]",文旅活力,"城市更新""十五五""规划(文脉保护;文旅)",文旅品牌;节假日活动组织,"[[""urban_operation"", ""事件"", ""主""], [""urban_operation"", ""文化"", ""次""]]",0.718,1,111.280046,30.698845
ermawu_T1_00447,ermawu,sim_ermawu_l3l4,盼着开街呢，老街改造进度有点慢,文旅活力,urban_operation,事件,0.54,Neutral,neu,0.615,0.922,0.706,盼,历史街区,2025-02-07,2025-02 春节·二马路一期开街爆满,0.451,aspect,文旅活力,ermawu,ermawu,1,1,文旅活力,neu,"[""文旅活力""]",文旅活力,"城市更新""十五五""规划(文脉保护;文旅)",文旅品牌;节假日活动组织,"[[""urban_operation"", ""事件"", ""主""], [""urban_operation"", ""文化"", ""次""]]",0.882,1,111.283969,30.697078
ermawu_T1_00448,ermawu,sim_ermawu_l3l4,期待焕新效果,文旅活力,urban_operation,事件,0.514,Neutral,neu,0.54,0.73,0.815,盼,历史街区,2025-02-05,2025-02 春节·二马路一期开街爆满,0.736,aspect,文旅活力,ermawu,ermawu,1,1,文旅活力,neu,"[""文旅活力""]",文旅活力,"城市更新""十五五""规划(文脉保护;文旅)",文旅品牌;节假日活动组织,"[[""urban_operation"", ""事件"", ""主""], [""urban_operation"", ""文化"", ""次""]]",0.707,1,111.277898,30.700716
ermawu_T1_00449,ermawu,sim_ermawu_l3l4,开街垃圾满地没人扫,垃圾秩序,urban_governance,环境,0.053,Very Negative,neg,0.759,0.792,0.723,愁,历史街区,2025-02-05,2025-02 春节·二马路一期开街爆满,0.517,aspect,垃圾秩序,ermawu,ermawu,1,1,垃圾秩序,neg,"[""垃圾秩序""]",垃圾秩序,城市更新行动意见(市容治理),市容环境治理;垃圾分类,"[[""urban_governance"", ""环境"", ""主""], [""urban_governance"", ""服务"", ""次""]]",0.838,0,111.280842,30.694585
ermawu_T1_00450,ermawu,sim_ermawu_l3l4,施工快收尾了，忍忍,施工扰民,urban_governance,环境,0.567,Neutral,neu,0.436,0.731,0.798,盼,历史街区,2025-02-07,2025-02 春节·二马路一期开街爆满,0.72,aspect,施工扰民,ermawu,ermawu,1,1,施工扰民,neu,"[""施工扰民""]",施工扰民,城市体检评估管理办法(施工期扰民),老旧小区改造;施工组织优化,"[[""urban_governance"", ""环境"", ""主""], [""urban_renewal"", ""设施"", ""次""]]",0.88,0,111.284286,30.691045
ermawu_T1_00451,ermawu,sim_ermawu_l3l4,盼着开街呢，老街改造进度有点慢,文旅活力,urban_operation,事件,0.567,Neutral,neu,0.75,0.759,0.853,盼,历史街区,2025-02-04,2025-02 春节·二马路一期开街爆满,0.638,aspect,文旅活力,ermawu,ermawu,1,1,文旅活力,neu,"[""文旅活力""]",文旅活力,"城市更新""十五五""规划(文脉保护;文旅)",文旅品牌;节假日活动组织,"[[""urban_operation"", ""事件"", ""主""], [""urban_operation"", ""文化"", ""次""]]",0.774,1,111.273029,30.698388
ermawu_T1_00452,ermawu,sim_ermawu_l3l4,业态还在调整中,业态丰富度,urban_operation,服务,0.557,Neutral,neu,0.725,0.91,0.787,盼,历史街区,2025-02-10,2025-02 春节·二马路一期开街爆满,0.605,aspect,业态丰富度,ermawu,ermawu,1,1,业态丰富度,neu,"[""业态丰富度""]",业态丰富度,关于持续推进城市更新行动的意见(业态引导),业态多元化引导;业态调整,"[[""urban_operation"", ""服务"", ""主""], [""urban_renewal"", ""服务"", ""次""]]",0.746,0,111.277254,30.697015
ermawu_T1_00453,ermawu,sim_ermawu_l3l4,原住民留着，街区还活着,烟火气保留,urban_renewal,文化,0.807,Very Positive,pos,0.702,0.852,0.889,喜,历史街区,2025-02-06,2025-02 春节·二马路一期开街爆满,0.772,aspect,烟火气保留,ermawu,ermawu,1,1,烟火气保留,pos,"[""烟火气保留""]",烟火气保留,防止大拆大建通知(留改拆·留底线),历史街区保护更新;社区营造,"[[""urban_renewal"", ""文化"", ""主""], [""urban_renewal"", ""环境"", ""次""]]",0.914,0,111.281136,30.700508
ermawu_T1_00454,ermawu,sim_ermawu_l3l4,人太多挤得慌，根本走不动,文旅活力,urban_operation,事件,0.2,Very Negative,neg,0.922,0.812,0.711,哀,历史街区,2025-02-09,2025-02 春节·二马路一期开街爆满,0.53,aspect,文旅活力,ermawu,ermawu,1,1,文旅活力,neg,"[""文旅活力""]",文旅活力,"城市更新""十五五""规划(文脉保护;文旅)",文旅品牌;节假日活动组织,"[[""urban_operation"", ""事件"", ""主""], [""urban_operation"", ""文化"", ""次""]]",0.777,1,111.284814,30.695608
ermawu_T1_00455,ermawu,sim_ermawu_l3l4,停车太难，绕三圈找不到,停车难,urban_governance,设施,0.31,Negative,neg,0.928,0.795,0.791,怒,历史街区,2025-02-01,2025-02 春节·二马路一期开街爆满,0.53,aspect,停车难,ermawu,ermawu,1,1,停车难,neg,"[""停车难""]",停车难,完整社区(配套设施补齐);一刻钟生活圈,停车设施补齐;配套完善,"[[""urban_governance"", ""设施"", ""主""], [""urban_planning"", ""设施"", ""次""]]",0.79,0,111.276401,30.697807
ermawu_T1_00456,ermawu,sim_ermawu_l3l4,老味道还在，没变味,烟火气保留,urban_renewal,文化,0.955,Very Positive,pos,0.631,0.931,0.74,乐,历史街区,2025-02-07,2025-02 春节·二马路一期开街爆满,0.659,aspect,烟火气保留,ermawu,ermawu,1,1,烟火气保留,pos,"[""烟火气保留""]",烟火气保留,防止大拆大建通知(留改拆·留底线),历史街区保护更新;社区营造,"[[""urban_renewal"", ""文化"", ""主""], [""urban_renewal"", ""环境"", ""次""]]",0.857,0,111.287537,30.693548
ermawu_T1_00457,ermawu,sim_ermawu_l3l4,盼着开街呢，老街改造进度有点慢,文旅活力,urban_operation,事件,0.406,Neutral,neu,0.574,0.763,0.896,急,历史街区,2025-02-01,2025-02 春节·二马路一期开街爆满,0.795,aspect,文旅活力,ermawu,ermawu,1,1,文旅活力,neu,"[""文旅活力""]",文旅活力,"城市更新""十五五""规划(文脉保护;文旅)",文旅品牌;节假日活动组织,"[[""urban_operation"", ""事件"", ""主""], [""urban_operation"", ""文化"", ""次""]]",0.705,1,111.274976,30.696557
ermawu_T1_00458,ermawu,sim_ermawu_l3l4,烟火气没了，商业化太重,烟火气保留,urban_renewal,文化,0.382,Very Negative,neg,0.943,0.91,0.836,愁,历史街区,2025-02-07,2025-02 春节·二马路一期开街爆满,0.569,aspect,烟火气保留,ermawu,ermawu,1,1,烟火气保留,neg,"[""烟火气保留""]",烟火气保留,防止大拆大建通知(留改拆·留底线),历史街区保护更新;社区营造,"[[""urban_renewal"", ""文化"", ""主""], [""urban_renewal"", ""环境"", ""次""]]",0.809,0,111.280775,30.698836
ermawu_T1_00459,ermawu,sim_ermawu_l3l4,烟火气没了，商业化太重,烟火气保留,urban_renewal,文化,0.361,Negative,neg,0.853,0.749,0.742,怒,历史街区,2025-02-07,2025-02 春节·二马路一期开街爆满,0.683,aspect,烟火气保留,ermawu,ermawu,1,1,烟火气保留,neg,"[""烟火气保留""]",烟火气保留,防止大拆大建通知(留改拆·留底线),历史街区保护更新;社区营造,"[[""urban_renewal"", ""文化"", ""主""], [""urban_renewal"", ""环境"", ""次""]]",0.901,0,111.282112,30.691093
ermawu_T1_00460,ermawu,sim_ermawu_l3l4,回迁安置拖很久,回迁安置,urban_renewal,服务,0.247,Very Negative,neg,0.528,0.771,0.712,愁,历史街区,2025-02-02,2025-02 春节·二马路一期开街爆满,0.442,aspect,回迁安置,ermawu,ermawu,1,1,回迁安置,neg,"[""回迁安置""]",回迁安置,防止大拆大建通知(不大规模搬迁原住民),回迁安置;原住民保留,"[[""urban_renewal"", ""服务"", ""主""], [""urban_governance"", ""服务"", ""次""]]",0.852,0,111.279695,30.695383
ermawu_T1_00461,ermawu,sim_ermawu_l3l4,五一10万人，体验拉胯,文旅活力,urban_operation,事件,0.088,Very Negative,neg,0.644,0.734,0.799,怒,历史街区,2025-02-08,2025-02 春节·二马路一期开街爆满,0.838,aspect,文旅活力,ermawu,ermawu,1,1,文旅活力,neg,"[""文旅活力""]",文旅活力,"城市更新""十五五""规划(文脉保护;文旅)",文旅品牌;节假日活动组织,"[[""urban_operation"", ""事件"", ""主""], [""urban_operation"", ""文化"", ""次""]]",0.762,1,111.277112,30.697143
ermawu_T1_00462,ermawu,sim_ermawu_l3l4,开街后保洁跟上了,垃圾秩序,urban_governance,环境,0.506,Neutral,neu,0.495,0.948,0.804,急,历史街区,2025-02-10,2025-02 春节·二马路一期开街爆满,0.435,aspect,垃圾秩序,ermawu,ermawu,1,1,垃圾秩序,neu,"[""垃圾秩序""]",垃圾秩序,城市更新行动意见(市容治理),市容环境治理;垃圾分类,"[[""urban_governance"", ""环境"", ""主""], [""urban_governance"", ""服务"", ""次""]]",0.917,0,111.284978,30.69701
ermawu_T1_00463,ermawu,sim_ermawu_l3l4,施工快收尾了，忍忍,施工扰民,urban_governance,环境,0.555,Neutral,neu,0.595,0.914,0.811,急,历史街区,2025-02-09,2025-02 春节·二马路一期开街爆满,0.641,aspect,施工扰民,ermawu,ermawu,1,1,施工扰民,neu,"[""施工扰民""]",施工扰民,城市体检评估管理办法(施工期扰民),老旧小区改造;施工组织优化,"[[""urban_governance"", ""环境"", ""主""], [""urban_renewal"", ""设施"", ""次""]]",0.726,0,111.274528,30.697404
ermawu_T1_00464,ermawu,sim_ermawu_l3l4,老味道还在，没变味,烟火气保留,urban_renewal,文化,0.651,Very Positive,pos,0.43,0.811,0.712,喜,历史街区,2025-02-02,2025-02 春节·二马路一期开街爆满,0.839,aspect,烟火气保留,ermawu,ermawu,1,1,烟火气保留,pos,"[""烟火气保留""]",烟火气保留,防止大拆大建通知(留改拆·留底线),历史街区保护更新;社区营造,"[[""urban_renewal"", ""文化"", ""主""], [""urban_renewal"", ""环境"", ""次""]]",0.846,0,111.276788,30.699817
ermawu_T1_00465,ermawu,sim_ermawu_l3l4,配套停车跟不上热度,停车难,urban_governance,设施,0.29,Very Negative,neg,0.885,0.911,0.822,怒,历史街区,2025-02-05,2025-02 春节·二马路一期开街爆满,0.498,aspect,停车难,ermawu,ermawu,1,1,停车难,neg,"[""停车难""]",停车难,完整社区(配套设施补齐);一刻钟生活圈,停车设施补齐;配套完善,"[[""urban_governance"", ""设施"", ""主""], [""urban_planning"", ""设施"", ""次""]]",0.801,0,111.275217,30.700455
ermawu_T1_00466,ermawu,sim_ermawu_l3l4,老味道流失，可惜,烟火气保留,urban_renewal,文化,0.283,Very Negative,neg,0.66,0.929,0.855,怒,历史街区,2025-02-09,2025-02 春节·二马路一期开街爆满,0.698,aspect,烟火气保留,ermawu,ermawu,1,1,烟火气保留,neg,"[""烟火气保留""]",烟火气保留,防止大拆大建通知(留改拆·留底线),历史街区保护更新;社区营造,"[[""urban_renewal"", ""文化"", ""主""], [""urban_renewal"", ""环境"", ""次""]]",0.882,0,111.280511,30.701119
ermawu_T1_00467,ermawu,sim_ermawu_l3l4,节假日保洁跟不上,垃圾秩序,urban_governance,环境,0.263,Very Negative,neg,0.711,0.853,0.873,哀,历史街区,2025-02-03,2025-02 春节·二马路一期开街爆满,0.756,aspect,垃圾秩序,ermawu,ermawu,1,1,垃圾秩序,neg,"[""垃圾秩序""]",垃圾秩序,城市更新行动意见(市容治理),市容环境治理;垃圾分类,"[[""urban_governance"", ""环境"", ""主""], [""urban_governance"", ""服务"", ""次""]]",0.859,0,111.278767,30.699816
ermawu_T1_00468,ermawu,sim_ermawu_l3l4,连锁店太多，没特色,业态丰富度,urban_operation,服务,0.111,Very Negative,neg,0.86,0.895,0.744,怒,历史街区,2025-02-07,2025-02 春节·二马路一期开街爆满,0.745,aspect,业态丰富度,ermawu,ermawu,1,1,业态丰富度,neg,"[""业态丰富度""]",业态丰富度,关于持续推进城市更新行动的意见(业态引导),业态多元化引导;业态调整,"[[""urban_operation"", ""服务"", ""主""], [""urban_renewal"", ""服务"", ""次""]]",0.88,0,111.28618,30.692623
ermawu_T1_00469,ermawu,sim_ermawu_l3l4,回迁满意，原样回来住着踏实,回迁安置,urban_renewal,服务,0.787,Very Positive,pos,0.597,0.947,0.809,乐,历史街区,2025-02-05,2025-02 春节·二马路一期开街爆满,0.564,aspect,回迁安置,ermawu,ermawu,1,1,回迁安置,pos,"[""回迁安置""]",回迁安置,防止大拆大建通知(不大规模搬迁原住民),回迁安置;原住民保留,"[[""urban_renewal"", ""服务"", ""主""], [""urban_governance"", ""服务"", ""次""]]",0.723,0,111.280345,30.695588
ermawu_T1_00470,ermawu,sim_ermawu_l3l4,回迁安置拖很久,回迁安置,urban_renewal,服务,0.264,Very Negative,neg,0.742,0.731,0.715,愁,历史街区,2025-02-01,2025-02 春节·二马路一期开街爆满,0.41,aspect,回迁安置,ermawu,ermawu,1,1,回迁安置,neg,"[""回迁安置""]",回迁安置,防止大拆大建通知(不大规模搬迁原住民),回迁安置;原住民保留,"[[""urban_renewal"", ""服务"", ""主""], [""urban_governance"", ""服务"", ""次""]]",0.819,0,111.275163,30.70131
ermawu_T1_00471,ermawu,sim_ermawu_l3l4,回迁安置拖很久,回迁安置,urban_renewal,服务,0.239,Very Negative,neg,0.795,0.839,0.83,愁,历史街区,2025-02-09,2025-02 春节·二马路一期开街爆满,0.547,aspect,回迁安置,ermawu,ermawu,1,1,回迁安置,neg,"[""回迁安置""]",回迁安置,防止大拆大建通知(不大规模搬迁原住民),回迁安置;原住民保留,"[[""urban_renewal"", ""服务"", ""主""], [""urban_governance"", ""服务"", ""次""]]",0.764,0,111.282618,30.698527
ermawu_T1_00472,ermawu,sim_ermawu_l3l4,开街垃圾满地没人扫,垃圾秩序,urban_governance,环境,0.148,Negative,neg,0.594,0.883,0.767,哀,历史街区,2025-02-06,2025-02 春节·二马路一期开街爆满,0.511,aspect,垃圾秩序,ermawu,ermawu,1,1,垃圾秩序,neg,"[""垃圾秩序""]",垃圾秩序,城市更新行动意见(市容治理),市容环境治理;垃圾分类,"[[""urban_governance"", ""环境"", ""主""], [""urban_governance"", ""服务"", ""次""]]",0.775,0,111.274679,30.696238
ermawu_T1_00473,ermawu,sim_ermawu_l3l4,开街垃圾满地没人扫,垃圾秩序,urban_governance,环境,0.347,Very Negative,neg,0.757,0.768,0.702,哀,历史街区,2025-02-06,2025-02 春节·二马路一期开街爆满,0.759,aspect,垃圾秩序,ermawu,ermawu,1,1,垃圾秩序,neg,"[""垃圾秩序""]",垃圾秩序,城市更新行动意见(市容治理),市容环境治理;垃圾分类,"[[""urban_governance"", ""环境"", ""主""], [""urban_governance"", ""服务"", ""次""]]",0.838,0,111.280718,30.695071
ermawu_T1_00474,ermawu,sim_ermawu_l3l4,开街垃圾满地没人扫,垃圾秩序,urban_governance,环境,0.371,Negative,neg,0.593,0.818,0.889,哀,历史街区,2025-02-10,2025-02 春节·二马路一期开街爆满,0.632,aspect,垃圾秩序,ermawu,ermawu,1,1,垃圾秩序,neg,"[""垃圾秩序""]",垃圾秩序,城市更新行动意见(市容治理),市容环境治理;垃圾分类,"[[""urban_governance"", ""环境"", ""主""], [""urban_governance"", ""服务"", ""次""]]",0.898,0,111.286054,30.695051
ermawu_T1_00475,ermawu,sim_ermawu_l3l4,节假日停车地狱,停车难,urban_governance,设施,0.135,Very Negative,neg,0.694,0.901,0.779,哀,历史街区,2025-02-08,2025-02 春节·二马路一期开街爆满,0.743,aspect,停车难,ermawu,ermawu,1,1,停车难,neg,"[""停车难""]",停车难,完整社区(配套设施补齐);一刻钟生活圈,停车设施补齐;配套完善,"[[""urban_governance"", ""设施"", ""主""], [""urban_planning"", ""设施"", ""次""]]",0.79,0,111.27559,30.698772
ermawu_T1_00476,ermawu,sim_ermawu_l3l4,回迁安置拖很久,回迁安置,urban_renewal,服务,0.262,Very Negative,neg,0.831,0.807,0.805,怒,历史街区,2025-02-05,2025-02 春节·二马路一期开街爆满,0.48,aspect,回迁安置,ermawu,ermawu,1,1,回迁安置,neg,"[""回迁安置""]",回迁安置,防止大拆大建通知(不大规模搬迁原住民),回迁安置;原住民保留,"[[""urban_renewal"", ""服务"", ""主""], [""urban_governance"", ""服务"", ""次""]]",0.735,0,111.282307,30.692459
ermawu_T1_00477,ermawu,sim_ermawu_l3l4,烟火气这东西见仁见智,烟火气保留,urban_renewal,文化,0.478,Neutral,neu,0.654,0.794,0.913,急,历史街区,2025-02-04,2025-02 春节·二马路一期开街爆满,0.729,aspect,烟火气保留,ermawu,ermawu,1,1,烟火气保留,neu,"[""烟火气保留""]",烟火气保留,防止大拆大建通知(留改拆·留底线),历史街区保护更新;社区营造,"[[""urban_renewal"", ""文化"", ""主""], [""urban_renewal"", ""环境"", ""次""]]",0.897,0,111.279855,30.696814
ermawu_T1_00478,ermawu,sim_ermawu_l3l4,配套停车跟不上热度,停车难,urban_governance,设施,0.26,Very Negative,neg,0.631,0.887,0.883,哀,历史街区,2025-02-03,2025-02 春节·二马路一期开街爆满,0.57,aspect,停车难,ermawu,ermawu,1,1,停车难,neg,"[""停车难""]",停车难,完整社区(配套设施补齐);一刻钟生活圈,停车设施补齐;配套完善,"[[""urban_governance"", ""设施"", ""主""], [""urban_planning"", ""设施"", ""次""]]",0.781,0,111.278555,30.698748
ermawu_T1_00479,ermawu,sim_ermawu_l3l4,开街垃圾满地没人扫,垃圾秩序,urban_governance,环境,0.17,Negative,neg,0.823,0.909,0.793,怒,历史街区,2025-02-10,2025-02 春节·二马路一期开街爆满,0.533,aspect,垃圾秩序,ermawu,ermawu,1,1,垃圾秩序,neg,"[""垃圾秩序""]",垃圾秩序,城市更新行动意见(市容治理),市容环境治理;垃圾分类,"[[""urban_governance"", ""环境"", ""主""], [""urban_governance"", ""服务"", ""次""]]",0.925,0,111.284317,30.690719
ermawu_T1_00480,ermawu,sim_ermawu_l3l4,烟火气没了，商业化太重,烟火气保留,urban_renewal,文化,0.07,Negative,neg,0.544,0.867,0.838,愁,历史街区,2025-02-08,2025-02 春节·二马路一期开街爆满,0.686,aspect,烟火气保留,ermawu,ermawu,1,1,烟火气保留,neg,"[""烟火气保留""]",烟火气保留,防止大拆大建通知(留改拆·留底线),历史街区保护更新;社区营造,"[[""urban_renewal"", ""文化"", ""主""], [""urban_renewal"", ""环境"", ""次""]]",0.866,0,111.285359,30.696534
ermawu_T1_00481,ermawu,sim_ermawu_l3l4,停车勉强能找,停车难,urban_governance,设施,0.591,Neutral,neu,0.554,0.767,0.748,盼,历史街区,2025-02-02,2025-02 春节·二马路一期开街爆满,0.459,aspect,停车难,ermawu,ermawu,1,1,停车难,neu,"[""停车难""]",停车难,完整社区(配套设施补齐);一刻钟生活圈,停车设施补齐;配套完善,"[[""urban_governance"", ""设施"", ""主""], [""urban_planning"", ""设施"", ""次""]]",0.943,0,111.27391,30.70102
ermawu_T1_00482,ermawu,sim_ermawu_l3l4,期待焕新效果,文旅活力,urban_operation,事件,0.512,Neutral,neu,0.462,0.857,0.788,急,历史街区,2025-02-04,2025-02 春节·二马路一期开街爆满,0.745,aspect,文旅活力,ermawu,ermawu,1,1,文旅活力,neu,"[""文旅活力""]",文旅活力,"城市更新""十五五""规划(文脉保护;文旅)",文旅品牌;节假日活动组织,"[[""urban_operation"", ""事件"", ""主""], [""urban_operation"", ""文化"", ""次""]]",0.907,1,111.27296,30.698678
ermawu_T1_00483,ermawu,sim_ermawu_l3l4,施工绕行太麻烦,施工扰民,urban_governance,环境,0.048,Negative,neg,0.634,0.753,0.824,哀,历史街区,2025-02-03,2025-02 春节·二马路一期开街爆满,0.632,aspect,施工扰民,ermawu,ermawu,1,1,施工扰民,neg,"[""施工扰民""]",施工扰民,城市体检评估管理办法(施工期扰民),老旧小区改造;施工组织优化,"[[""urban_governance"", ""环境"", ""主""], [""urban_renewal"", ""设施"", ""次""]]",0.92,0,111.283935,30.69522
ermawu_T1_00484,ermawu,sim_ermawu_l3l4,老味道流失，可惜,烟火气保留,urban_renewal,文化,0.247,Negative,neg,0.627,0.779,0.74,怒,历史街区,2025-02-02,2025-02 春节·二马路一期开街爆满,0.714,aspect,烟火气保留,ermawu,ermawu,1,1,烟火气保留,neg,"[""烟火气保留""]",烟火气保留,防止大拆大建通知(留改拆·留底线),历史街区保护更新;社区营造,"[[""urban_renewal"", ""文化"", ""主""], [""urban_renewal"", ""环境"", ""次""]]",0.816,0,111.276647,30.701724
ermawu_T1_00485,ermawu,sim_ermawu_l3l4,期待焕新效果,文旅活力,urban_operation,事件,0.443,Neutral,neu,0.539,0.895,0.827,盼,历史街区,2025-02-09,2025-02 春节·二马路一期开街爆满,0.809,aspect,文旅活力,ermawu,ermawu,1,1,文旅活力,neu,"[""文旅活力""]",文旅活力,"城市更新""十五五""规划(文脉保护;文旅)",文旅品牌;节假日活动组织,"[[""urban_operation"", ""事件"", ""主""], [""urban_operation"", ""文化"", ""次""]]",0.824,1,111.280066,30.69268
ermawu_T1_00486,ermawu,sim_ermawu_l3l4,施工快收尾了，忍忍,施工扰民,urban_governance,环境,0.4,Neutral,neu,0.48,0.732,0.703,盼,历史街区,2025-02-05,2025-02 春节·二马路一期开街爆满,0.791,aspect,施工扰民,ermawu,ermawu,1,1,施工扰民,neu,"[""施工扰民""]",施工扰民,城市体检评估管理办法(施工期扰民),老旧小区改造;施工组织优化,"[[""urban_governance"", ""环境"", ""主""], [""urban_renewal"", ""设施"", ""次""]]",0.946,0,111.282901,30.692992
ermawu_T1_00487,ermawu,sim_ermawu_l3l4,开街垃圾满地没人扫,垃圾秩序,urban_governance,环境,0.145,Negative,neg,0.576,0.893,0.718,怒,历史街区,2025-02-03,2025-02 春节·二马路一期开街爆满,0.807,aspect,垃圾秩序,ermawu,ermawu,1,1,垃圾秩序,neg,"[""垃圾秩序""]",垃圾秩序,城市更新行动意见(市容治理),市容环境治理;垃圾分类,"[[""urban_governance"", ""环境"", ""主""], [""urban_governance"", ""服务"", ""次""]]",0.745,0,111.276295,30.697601
ermawu_T1_00488,ermawu,sim_ermawu_l3l4,人太多挤得慌，根本走不动,文旅活力,urban_operation,事件,0.162,Negative,neg,0.535,0.94,0.783,怒,历史街区,2025-02-02,2025-02 春节·二马路一期开街爆满,0.453,aspect,文旅活力,ermawu,ermawu,1,1,文旅活力,neg,"[""文旅活力""]",文旅活力,"城市更新""十五五""规划(文脉保护;文旅)",文旅品牌;节假日活动组织,"[[""urban_operation"", ""事件"", ""主""], [""urban_operation"", ""文化"", ""次""]]",0.76,1,111.284292,30.694478
ermawu_T1_00489,ermawu,sim_ermawu_l3l4,配套停车跟不上热度,停车难,urban_governance,设施,0.244,Negative,neg,0.78,0.939,0.897,哀,历史街区,2025-02-03,2025-02 春节·二马路一期开街爆满,0.474,aspect,停车难,ermawu,ermawu,1,1,停车难,neg,"[""停车难""]",停车难,完整社区(配套设施补齐);一刻钟生活圈,停车设施补齐;配套完善,"[[""urban_governance"", ""设施"", ""主""], [""urban_planning"", ""设施"", ""次""]]",0.849,0,111.276802,30.70068
ermawu_T1_00490,ermawu,sim_ermawu_l3l4,开街后保洁跟上了,垃圾秩序,urban_governance,环境,0.886,Very Positive,pos,0.413,0.82,0.781,乐,历史街区,2025-02-07,2025-02 春节·二马路一期开街爆满,0.894,aspect,垃圾秩序,ermawu,ermawu,1,1,垃圾秩序,pos,"[""垃圾秩序""]",垃圾秩序,城市更新行动意见(市容治理),市容环境治理;垃圾分类,"[[""urban_governance"", ""环境"", ""主""], [""urban_governance"", ""服务"", ""次""]]",0.939,0,111.284051,30.693743
ermawu_T1_00491,ermawu,sim_ermawu_l3l4,人太多挤得慌，根本走不动,文旅活力,urban_operation,事件,0.39,Very Negative,neg,0.573,0.865,0.726,哀,历史街区,2025-02-03,2025-02 春节·二马路一期开街爆满,0.897,aspect,文旅活力,ermawu,ermawu,1,1,文旅活力,neg,"[""文旅活力""]",文旅活力,"城市更新""十五五""规划(文脉保护;文旅)",文旅品牌;节假日活动组织,"[[""urban_operation"", ""事件"", ""主""], [""urban_operation"", ""文化"", ""次""]]",0.692,1,111.282624,30.697897
ermawu_T1_00492,ermawu,sim_ermawu_l3l4,业态还在调整中,业态丰富度,urban_operation,服务,0.4,Neutral,neu,0.413,0.869,0.847,盼,历史街区,2025-02-08,2025-02 春节·二马路一期开街爆满,0.53,aspect,业态丰富度,ermawu,ermawu,1,1,业态丰富度,neu,"[""业态丰富度""]",业态丰富度,关于持续推进城市更新行动的意见(业态引导),业态多元化引导;业态调整,"[[""urban_operation"", ""服务"", ""主""], [""urban_renewal"", ""服务"", ""次""]]",0.899,0,111.277415,30.696253
ermawu_T1_00493,ermawu,sim_ermawu_l3l4,改造还在施工，吵得受不了,施工扰民,urban_governance,环境,0.184,Negative,neg,0.742,0.836,0.754,愁,历史街区,2025-02-07,2025-02 春节·二马路一期开街爆满,0.746,aspect,施工扰民,ermawu,ermawu,1,1,施工扰民,neg,"[""施工扰民""]",施工扰民,城市体检评估管理办法(施工期扰民),老旧小区改造;施工组织优化,"[[""urban_governance"", ""环境"", ""主""], [""urban_renewal"", ""设施"", ""次""]]",0.904,0,111.284764,30.693522
ermawu_T1_00494,ermawu,sim_ermawu_l3l4,开街后保洁跟上了,垃圾秩序,urban_governance,环境,0.432,Neutral,neu,0.452,0.808,0.764,盼,历史街区,2025-02-05,2025-02 春节·二马路一期开街爆满,0.88,aspect,垃圾秩序,ermawu,ermawu,1,1,垃圾秩序,neu,"[""垃圾秩序""]",垃圾秩序,城市更新行动意见(市容治理),市容环境治理;垃圾分类,"[[""urban_governance"", ""环境"", ""主""], [""urban_governance"", ""服务"", ""次""]]",0.894,0,111.287478,30.695334
ermawu_T1_00495,ermawu,sim_ermawu_l3l4,开街后保洁跟上了,垃圾秩序,urban_governance,环境,0.432,Neutral,neu,0.505,0.729,0.866,急,历史街区,2025-02-01,2025-02 春节·二马路一期开街爆满,0.616,aspect,垃圾秩序,ermawu,ermawu,1,1,垃圾秩序,neu,"[""垃圾秩序""]",垃圾秩序,城市更新行动意见(市容治理),市容环境治理;垃圾分类,"[[""urban_governance"", ""环境"", ""主""], [""urban_governance"", ""服务"", ""次""]]",0.878,0,111.274386,30.699985
ermawu_T1_00496,ermawu,sim_ermawu_l3l4,节假日停车地狱,停车难,urban_governance,设施,0.381,Negative,neg,0.839,0.827,0.712,哀,历史街区,2025-02-01,2025-02 春节·二马路一期开街爆满,0.402,aspect,停车难,ermawu,ermawu,1,1,停车难,neg,"[""停车难""]",停车难,完整社区(配套设施补齐);一刻钟生活圈,停车设施补齐;配套完善,"[[""urban_governance"", ""设施"", ""主""], [""urban_planning"", ""设施"", ""次""]]",0.746,0,111.288598,30.694353
ermawu_T1_00497,ermawu,sim_ermawu_l3l4,回迁安置拖很久,回迁安置,urban_renewal,服务,0.25,Very Negative,neg,0.884,0.926,0.809,哀,历史街区,2025-02-10,2025-02 春节·二马路一期开街爆满,0.836,aspect,回迁安置,ermawu,ermawu,1,1,回迁安置,neg,"[""回迁安置""]",回迁安置,防止大拆大建通知(不大规模搬迁原住民),回迁安置;原住民保留,"[[""urban_renewal"", ""服务"", ""主""], [""urban_governance"", ""服务"", ""次""]]",0.715,0,111.284177,30.696499
ermawu_T1_00498,ermawu,sim_ermawu_l3l4,盼着开街呢，老街改造进度有点慢,文旅活力,urban_operation,事件,0.514,Neutral,neu,0.599,0.844,0.827,急,历史街区,2025-02-08,2025-02 春节·二马路一期开街爆满,0.537,aspect,文旅活力,ermawu,ermawu,1,1,文旅活力,neu,"[""文旅活力""]",文旅活力,"城市更新""十五五""规划(文脉保护;文旅)",文旅品牌;节假日活动组织,"[[""urban_operation"", ""事件"", ""主""], [""urban_operation"", ""文化"", ""次""]]",0.709,1,111.282128,30.691588
ermawu_T1_00499,ermawu,sim_ermawu_l3l4,不变拆真改，原汁原味加分,修旧如旧,urban_renewal,文化,0.857,Positive,pos,0.681,0.814,0.842,喜,历史街区,2025-02-10,2025-02 春节·二马路一期开街爆满,0.441,aspect,修旧如旧,ermawu,ermawu,1,1,修旧如旧,pos,"[""修旧如旧""]",修旧如旧,防止大拆大建通知;关于持续推进城市更新行动的意见,历史街区/历史文化街区保护更新,"[[""urban_renewal"", ""文化"", ""主""], [""urban_operation"", ""文化"", ""次""]]",0.704,0,111.274463,30.699347
ermawu_T1_00500,ermawu,sim_ermawu_l3l4,节假日停车地狱,停车难,urban_governance,设施,0.391,Very Negative,neg,0.63,0.828,0.723,哀,历史街区,2025-02-07,2025-02 春节·二马路一期开街爆满,0.557,aspect,停车难,ermawu,ermawu,1,1,停车难,neg,"[""停车难""]",停车难,完整社区(配套设施补齐);一刻钟生活圈,停车设施补齐;配套完善,"[[""urban_governance"", ""设施"", ""主""], [""urban_planning"", ""设施"", ""次""]]",0.761,0,111.27582,30.699688
ermawu_T1_00501,ermawu,sim_ermawu_l3l4,施工绕行太麻烦,施工扰民,urban_governance,环境,0.056,Negative,neg,0.608,0.78,0.835,哀,历史街区,2025-02-01,2025-02 春节·二马路一期开街爆满,0.809,aspect,施工扰民,ermawu,ermawu,1,1,施工扰民,neg,"[""施工扰民""]",施工扰民,城市体检评估管理办法(施工期扰民),老旧小区改造;施工组织优化,"[[""urban_governance"", ""环境"", ""主""], [""urban_renewal"", ""设施"", ""次""]]",0.705,0,111.276743,30.696701
ermawu_T1_00502,ermawu,sim_ermawu_l3l4,业态还在调整中,业态丰富度,urban_operation,服务,0.51,Neutral,neu,0.609,0.905,0.848,急,历史街区,2025-02-02,2025-02 春节·二马路一期开街爆满,0.658,aspect,业态丰富度,ermawu,ermawu,1,1,业态丰富度,neu,"[""业态丰富度""]",业态丰富度,关于持续推进城市更新行动的意见(业态引导),业态多元化引导;业态调整,"[[""urban_operation"", ""服务"", ""主""], [""urban_renewal"", ""服务"", ""次""]]",0.77,0,111.280203,30.695247
ermawu_T1_00503,ermawu,sim_ermawu_l3l4,业态都同质化了，走哪都一样,业态丰富度,urban_operation,服务,0.268,Negative,neg,0.657,0.923,0.784,怒,历史街区,2025-02-07,2025-02 春节·二马路一期开街爆满,0.473,aspect,业态丰富度,ermawu,ermawu,1,1,业态丰富度,neg,"[""业态丰富度""]",业态丰富度,关于持续推进城市更新行动的意见(业态引导),业态多元化引导;业态调整,"[[""urban_operation"", ""服务"", ""主""], [""urban_renewal"", ""服务"", ""次""]]",0.706,0,111.277779,30.694162
ermawu_T1_00504,ermawu,sim_ermawu_l3l4,施工绕行太麻烦,施工扰民,urban_governance,环境,0.292,Negative,neg,0.774,0.95,0.707,怒,历史街区,2025-02-08,2025-02 春节·二马路一期开街爆满,0.721,aspect,施工扰民,ermawu,ermawu,1,1,施工扰民,neg,"[""施工扰民""]",施工扰民,城市体检评估管理办法(施工期扰民),老旧小区改造;施工组织优化,"[[""urban_governance"", ""环境"", ""主""], [""urban_renewal"", ""设施"", ""次""]]",0.717,0,111.288905,30.695161
ermawu_T1_00505,ermawu,sim_ermawu_l3l4,施工期灰尘大,施工扰民,urban_governance,环境,0.321,Very Negative,neg,0.84,0.805,0.886,怒,历史街区,2025-02-08,2025-02 春节·二马路一期开街爆满,0.495,aspect,施工扰民,ermawu,ermawu,1,1,施工扰民,neg,"[""施工扰民""]",施工扰民,城市体检评估管理办法(施工期扰民),老旧小区改造;施工组织优化,"[[""urban_governance"", ""环境"", ""主""], [""urban_renewal"", ""设施"", ""次""]]",0.757,0,111.280895,30.693524
ermawu_T1_00506,ermawu,sim_ermawu_l3l4,回迁户型不满意,回迁安置,urban_renewal,服务,0.25,Very Negative,neg,0.759,0.864,0.839,怒,历史街区,2025-02-02,2025-02 春节·二马路一期开街爆满,0.555,aspect,回迁安置,ermawu,ermawu,1,1,回迁安置,neg,"[""回迁安置""]",回迁安置,防止大拆大建通知(不大规模搬迁原住民),回迁安置;原住民保留,"[[""urban_renewal"", ""服务"", ""主""], [""urban_governance"", ""服务"", ""次""]]",0.742,0,111.280862,30.693875
ermawu_T1_00507,ermawu,sim_ermawu_l3l4,开街后保洁跟上了,垃圾秩序,urban_governance,环境,0.581,Neutral,neu,0.775,0.801,0.896,盼,历史街区,2025-02-01,2025-02 春节·二马路一期开街爆满,0.799,aspect,垃圾秩序,ermawu,ermawu,1,1,垃圾秩序,neu,"[""垃圾秩序""]",垃圾秩序,城市更新行动意见(市容治理),市容环境治理;垃圾分类,"[[""urban_governance"", ""环境"", ""主""], [""urban_governance"", ""服务"", ""次""]]",0.783,0,111.279719,30.694157
ermawu_T1_00508,ermawu,sim_ermawu_l3l4,改造还在施工，吵得受不了,施工扰民,urban_governance,环境,0.146,Very Negative,neg,0.522,0.881,0.803,哀,历史街区,2025-02-03,2025-02 春节·二马路一期开街爆满,0.748,aspect,施工扰民,ermawu,ermawu,1,1,施工扰民,neg,"[""施工扰民""]",施工扰民,城市体检评估管理办法(施工期扰民),老旧小区改造;施工组织优化,"[[""urban_governance"", ""环境"", ""主""], [""urban_renewal"", ""设施"", ""次""]]",0.831,0,111.283597,30.69621
ermawu_T1_00509,ermawu,sim_ermawu_l3l4,停车勉强能找,停车难,urban_governance,设施,0.519,Neutral,neu,0.757,0.774,0.808,急,历史街区,2025-02-05,2025-02 春节·二马路一期开街爆满,0.763,aspect,停车难,ermawu,ermawu,1,1,停车难,neu,"[""停车难""]",停车难,完整社区(配套设施补齐);一刻钟生活圈,停车设施补齐;配套完善,"[[""urban_governance"", ""设施"", ""主""], [""urban_planning"", ""设施"", ""次""]]",0.897,0,111.282419,30.698049
ermawu_T1_00510,ermawu,sim_ermawu_l3l4,施工期灰尘大,施工扰民,urban_governance,环境,0.289,Very Negative,neg,0.667,0.812,0.834,哀,历史街区,2025-02-07,2025-02 春节·二马路一期开街爆满,0.867,aspect,施工扰民,ermawu,ermawu,1,1,施工扰民,neg,"[""施工扰民""]",施工扰民,城市体检评估管理办法(施工期扰民),老旧小区改造;施工组织优化,"[[""urban_governance"", ""环境"", ""主""], [""urban_renewal"", ""设施"", ""次""]]",0.845,0,111.2783,30.701038
ermawu_T1_00511,ermawu,sim_ermawu_l3l4,业态还在调整中,业态丰富度,urban_operation,服务,0.529,Neutral,neu,0.644,0.872,0.881,盼,历史街区,2025-02-05,2025-02 春节·二马路一期开街爆满,0.626,aspect,业态丰富度,ermawu,ermawu,1,1,业态丰富度,neu,"[""业态丰富度""]",业态丰富度,关于持续推进城市更新行动的意见(业态引导),业态多元化引导;业态调整,"[[""urban_operation"", ""服务"", ""主""], [""urban_renewal"", ""服务"", ""次""]]",0.907,0,111.285327,30.691344
ermawu_T1_00512,ermawu,sim_ermawu_l3l4,回迁安置拖很久,回迁安置,urban_renewal,服务,0.278,Negative,neg,0.683,0.774,0.763,哀,历史街区,2025-02-06,2025-02 春节·二马路一期开街爆满,0.467,aspect,回迁安置,ermawu,ermawu,1,1,回迁安置,neg,"[""回迁安置""]",回迁安置,防止大拆大建通知(不大规模搬迁原住民),回迁安置;原住民保留,"[[""urban_renewal"", ""服务"", ""主""], [""urban_governance"", ""服务"", ""次""]]",0.904,0,111.275472,30.69791
ermawu_T1_00513,ermawu,sim_ermawu_l3l4,盼着开街呢，老街改造进度有点慢,文旅活力,urban_operation,事件,0.473,Neutral,neu,0.631,0.843,0.824,急,历史街区,2025-02-02,2025-02 春节·二马路一期开街爆满,0.803,aspect,文旅活力,ermawu,ermawu,1,1,文旅活力,neu,"[""文旅活力""]",文旅活力,"城市更新""十五五""规划(文脉保护;文旅)",文旅品牌;节假日活动组织,"[[""urban_operation"", ""事件"", ""主""], [""urban_operation"", ""文化"", ""次""]]",0.924,1,111.28087,30.694045
ermawu_T1_00514,ermawu,sim_ermawu_l3l4,既有文化味更有烟火气，难得,烟火气保留,urban_renewal,文化,0.87,Very Positive,pos,0.634,0.822,0.749,乐,历史街区,2025-02-01,2025-02 春节·二马路一期开街爆满,0.822,aspect,烟火气保留,ermawu,ermawu,1,1,烟火气保留,pos,"[""烟火气保留""]",烟火气保留,防止大拆大建通知(留改拆·留底线),历史街区保护更新;社区营造,"[[""urban_renewal"", ""文化"", ""主""], [""urban_renewal"", ""环境"", ""次""]]",0.858,0,111.285976,30.698377
ermawu_T1_00515,ermawu,sim_ermawu_l3l4,烟火气没了，商业化太重,烟火气保留,urban_renewal,文化,0.339,Very Negative,neg,0.814,0.782,0.806,哀,历史街区,2025-02-09,2025-02 春节·二马路一期开街爆满,0.464,aspect,烟火气保留,ermawu,ermawu,1,1,烟火气保留,neg,"[""烟火气保留""]",烟火气保留,防止大拆大建通知(留改拆·留底线),历史街区保护更新;社区营造,"[[""urban_renewal"", ""文化"", ""主""], [""urban_renewal"", ""环境"", ""次""]]",0.778,0,111.27529,30.699909
ermawu_T1_00516,ermawu,sim_ermawu_l3l4,回迁户型不满意,回迁安置,urban_renewal,服务,0.271,Very Negative,neg,0.5,0.728,0.856,哀,历史街区,2025-02-01,2025-02 春节·二马路一期开街爆满,0.525,aspect,回迁安置,ermawu,ermawu,1,1,回迁安置,neg,"[""回迁安置""]",回迁安置,防止大拆大建通知(不大规模搬迁原住民),回迁安置;原住民保留,"[[""urban_renewal"", ""服务"", ""主""], [""urban_governance"", ""服务"", ""次""]]",0.696,0,111.282395,30.699018
ermawu_T1_00517,ermawu,sim_ermawu_l3l4,施工期灰尘大,施工扰民,urban_governance,环境,0.359,Negative,neg,0.602,0.772,0.828,愁,历史街区,2025-02-10,2025-02 春节·二马路一期开街爆满,0.777,aspect,施工扰民,ermawu,ermawu,1,1,施工扰民,neg,"[""施工扰民""]",施工扰民,城市体检评估管理办法(施工期扰民),老旧小区改造;施工组织优化,"[[""urban_governance"", ""环境"", ""主""], [""urban_renewal"", ""设施"", ""次""]]",0.826,0,111.278463,30.698021
ermawu_T1_00518,ermawu,sim_ermawu_l3l4,开街后保洁跟上了,垃圾秩序,urban_governance,环境,0.542,Neutral,neu,0.774,0.836,0.873,盼,历史街区,2025-02-06,2025-02 春节·二马路一期开街爆满,0.442,aspect,垃圾秩序,ermawu,ermawu,1,1,垃圾秩序,neu,"[""垃圾秩序""]",垃圾秩序,城市更新行动意见(市容治理),市容环境治理;垃圾分类,"[[""urban_governance"", ""环境"", ""主""], [""urban_governance"", ""服务"", ""次""]]",0.741,0,111.279274,30.69673
ermawu_T1_00519,ermawu,sim_ermawu_l3l4,盼着开街呢，老街改造进度有点慢,文旅活力,urban_operation,事件,0.598,Neutral,neu,0.326,0.798,0.813,盼,历史街区,2025-02-09,2025-02 春节·二马路一期开街爆满,0.892,aspect,文旅活力,ermawu,ermawu,1,1,文旅活力,neu,"[""文旅活力""]",文旅活力,"城市更新""十五五""规划(文脉保护;文旅)",文旅品牌;节假日活动组织,"[[""urban_operation"", ""事件"", ""主""], [""urban_operation"", ""文化"", ""次""]]",0.851,1,111.276705,30.697532
ermawu_T1_00520,ermawu,sim_ermawu_l3l4,开街垃圾满地没人扫,垃圾秩序,urban_governance,环境,0.156,Very Negative,neg,0.732,0.795,0.724,怒,历史街区,2025-02-02,2025-02 春节·二马路一期开街爆满,0.772,aspect,垃圾秩序,ermawu,ermawu,1,1,垃圾秩序,neg,"[""垃圾秩序""]",垃圾秩序,城市更新行动意见(市容治理),市容环境治理;垃圾分类,"[[""urban_governance"", ""环境"", ""主""], [""urban_governance"", ""服务"", ""次""]]",0.825,0,111.284804,30.693123
ermawu_T1_00521,ermawu,sim_ermawu_l3l4,施工期灰尘大,施工扰民,urban_governance,环境,0.076,Very Negative,neg,0.598,0.861,0.75,怒,历史街区,2025-02-08,2025-02 春节·二马路一期开街爆满,0.773,aspect,施工扰民,ermawu,ermawu,1,1,施工扰民,neg,"[""施工扰民""]",施工扰民,城市体检评估管理办法(施工期扰民),老旧小区改造;施工组织优化,"[[""urban_governance"", ""环境"", ""主""], [""urban_renewal"", ""设施"", ""次""]]",0.766,0,111.286769,30.694007
ermawu_T1_00522,ermawu,sim_ermawu_l3l4,节假日停车地狱,停车难,urban_governance,设施,0.152,Negative,neg,0.786,0.812,0.732,哀,历史街区,2025-02-09,2025-02 春节·二马路一期开街爆满,0.891,aspect,停车难,ermawu,ermawu,1,1,停车难,neg,"[""停车难""]",停车难,完整社区(配套设施补齐);一刻钟生活圈,停车设施补齐;配套完善,"[[""urban_governance"", ""设施"", ""主""], [""urban_planning"", ""设施"", ""次""]]",0.76,0,111.278966,30.693405
ermawu_T1_00523,ermawu,sim_ermawu_l3l4,改造还在施工，吵得受不了,施工扰民,urban_governance,环境,0.08,Negative,neg,0.578,0.913,0.904,愁,历史街区,2025-02-02,2025-02 春节·二马路一期开街爆满,0.622,aspect,施工扰民,ermawu,ermawu,1,1,施工扰民,neg,"[""施工扰民""]",施工扰民,城市体检评估管理办法(施工期扰民),老旧小区改造;施工组织优化,"[[""urban_governance"", ""环境"", ""主""], [""urban_renewal"", ""设施"", ""次""]]",0.83,0,111.2781,30.697038
ermawu_T1_00524,ermawu,sim_ermawu_l3l4,盼着开街呢，老街改造进度有点慢,文旅活力,urban_operation,事件,0.475,Neutral,neu,0.461,0.873,0.714,急,历史街区,2025-02-09,2025-02 春节·二马路一期开街爆满,0.501,aspect,文旅活力,ermawu,ermawu,1,1,文旅活力,neu,"[""文旅活力""]",文旅活力,"城市更新""十五五""规划(文脉保护;文旅)",文旅品牌;节假日活动组织,"[[""urban_operation"", ""事件"", ""主""], [""urban_operation"", ""文化"", ""次""]]",0.911,1,111.274926,30.69921
ermawu_T1_00525,ermawu,sim_ermawu_l3l4,原住民迁走，没了生活气,烟火气保留,urban_renewal,文化,0.375,Negative,neg,0.609,0.815,0.792,愁,历史街区,2025-02-06,2025-02 春节·二马路一期开街爆满,0.545,aspect,烟火气保留,ermawu,ermawu,1,1,烟火气保留,neg,"[""烟火气保留""]",烟火气保留,防止大拆大建通知(留改拆·留底线),历史街区保护更新;社区营造,"[[""urban_renewal"", ""文化"", ""主""], [""urban_renewal"", ""环境"", ""次""]]",0.851,0,111.282954,30.695522
ermawu_T1_00526,ermawu,sim_ermawu_l3l4,盼着开街呢，老街改造进度有点慢,文旅活力,urban_operation,事件,0.581,Neutral,neu,0.413,0.859,0.793,盼,历史街区,2025-02-04,2025-02 春节·二马路一期开街爆满,0.545,aspect,文旅活力,ermawu,ermawu,1,1,文旅活力,neu,"[""文旅活力""]",文旅活力,"城市更新""十五五""规划(文脉保护;文旅)",文旅品牌;节假日活动组织,"[[""urban_operation"", ""事件"", ""主""], [""urban_operation"", ""文化"", ""次""]]",0.845,1,111.286707,30.694111
ermawu_T1_00527,ermawu,sim_ermawu_l3l4,老建筑修得讲究，最小干预看出功夫,修旧如旧,urban_renewal,文化,0.47,Neutral,neu,0.369,0.866,0.918,盼,历史街区,2025-02-03,2025-02 春节·二马路一期开街爆满,0.685,aspect,修旧如旧,ermawu,ermawu,1,1,修旧如旧,neu,"[""修旧如旧""]",修旧如旧,防止大拆大建通知;关于持续推进城市更新行动的意见,历史街区/历史文化街区保护更新,"[[""urban_renewal"", ""文化"", ""主""], [""urban_operation"", ""文化"", ""次""]]",0.709,0,111.280261,30.699025
ermawu_T1_00528,ermawu,sim_ermawu_l3l4,原住民迁走，没了生活气,烟火气保留,urban_renewal,文化,0.216,Negative,neg,0.515,0.829,0.716,哀,历史街区,2025-02-10,2025-02 春节·二马路一期开街爆满,0.595,aspect,烟火气保留,ermawu,ermawu,1,1,烟火气保留,neg,"[""烟火气保留""]",烟火气保留,防止大拆大建通知(留改拆·留底线),历史街区保护更新;社区营造,"[[""urban_renewal"", ""文化"", ""主""], [""urban_renewal"", ""环境"", ""次""]]",0.881,0,111.282243,30.695365
ermawu_T1_00529,ermawu,sim_ermawu_l3l4,烟火气没了，商业化太重,烟火气保留,urban_renewal,文化,0.219,Negative,neg,0.86,0.849,0.9,怒,历史街区,2025-02-06,2025-02 春节·二马路一期开街爆满,0.511,aspect,烟火气保留,ermawu,ermawu,1,1,烟火气保留,neg,"[""烟火气保留""]",烟火气保留,防止大拆大建通知(留改拆·留底线),历史街区保护更新;社区营造,"[[""urban_renewal"", ""文化"", ""主""], [""urban_renewal"", ""环境"", ""次""]]",0.708,0,111.275966,30.69917
ermawu_T1_00530,ermawu,sim_ermawu_l3l4,人多秩序乱，占道,垃圾秩序,urban_governance,环境,0.041,Negative,neg,0.723,0.935,0.728,愁,历史街区,2025-02-03,2025-02 春节·二马路一期开街爆满,0.429,aspect,垃圾秩序,ermawu,ermawu,1,1,垃圾秩序,neg,"[""垃圾秩序""]",垃圾秩序,城市更新行动意见(市容治理),市容环境治理;垃圾分类,"[[""urban_governance"", ""环境"", ""主""], [""urban_governance"", ""服务"", ""次""]]",0.905,0,111.277561,30.700971
ermawu_T1_00531,ermawu,sim_ermawu_l3l4,业态还在调整中,业态丰富度,urban_operation,服务,0.463,Neutral,neu,0.726,0.889,0.82,急,历史街区,2025-02-02,2025-02 春节·二马路一期开街爆满,0.446,aspect,业态丰富度,ermawu,ermawu,1,1,业态丰富度,neu,"[""业态丰富度""]",业态丰富度,关于持续推进城市更新行动的意见(业态引导),业态多元化引导;业态调整,"[[""urban_operation"", ""服务"", ""主""], [""urban_renewal"", ""服务"", ""次""]]",0.898,0,111.282222,30.694725
ermawu_T1_00532,ermawu,sim_ermawu_l3l4,节假日保洁跟不上,垃圾秩序,urban_governance,环境,0.087,Very Negative,neg,0.686,0.776,0.721,哀,历史街区,2025-02-08,2025-02 春节·二马路一期开街爆满,0.414,aspect,垃圾秩序,ermawu,ermawu,1,1,垃圾秩序,neg,"[""垃圾秩序""]",垃圾秩序,城市更新行动意见(市容治理),市容环境治理;垃圾分类,"[[""urban_governance"", ""环境"", ""主""], [""urban_governance"", ""服务"", ""次""]]",0.895,0,111.284287,30.692894
ermawu_T1_00533,ermawu,sim_ermawu_l3l4,五一10万人，体验拉胯,文旅活力,urban_operation,事件,0.141,Negative,neg,0.872,0.798,0.769,哀,历史街区,2025-02-02,2025-02 春节·二马路一期开街爆满,0.446,aspect,文旅活力,ermawu,ermawu,1,1,文旅活力,neg,"[""文旅活力""]",文旅活力,"城市更新""十五五""规划(文脉保护;文旅)",文旅品牌;节假日活动组织,"[[""urban_operation"", ""事件"", ""主""], [""urban_operation"", ""文化"", ""次""]]",0.701,1,111.283047,30.692873
ermawu_T1_00534,ermawu,sim_ermawu_l3l4,改造还在施工，吵得受不了,施工扰民,urban_governance,环境,0.335,Very Negative,neg,0.942,0.722,0.705,哀,历史街区,2025-02-04,2025-02 春节·二马路一期开街爆满,0.508,aspect,施工扰民,ermawu,ermawu,1,1,施工扰民,neg,"[""施工扰民""]",施工扰民,城市体检评估管理办法(施工期扰民),老旧小区改造;施工组织优化,"[[""urban_governance"", ""环境"", ""主""], [""urban_renewal"", ""设施"", ""次""]]",0.745,0,111.2772,30.6937
ermawu_T1_00535,ermawu,sim_ermawu_l3l4,烟火气没了，商业化太重,烟火气保留,urban_renewal,文化,0.392,Very Negative,neg,0.791,0.881,0.796,哀,历史街区,2025-02-04,2025-02 春节·二马路一期开街爆满,0.852,aspect,烟火气保留,ermawu,ermawu,1,1,烟火气保留,neg,"[""烟火气保留""]",烟火气保留,防止大拆大建通知(留改拆·留底线),历史街区保护更新;社区营造,"[[""urban_renewal"", ""文化"", ""主""], [""urban_renewal"", ""环境"", ""次""]]",0.876,0,111.271742,30.698515
ermawu_T1_00536,ermawu,sim_ermawu_l3l4,改造还在施工，吵得受不了,施工扰民,urban_governance,环境,0.174,Very Negative,neg,0.548,0.829,0.777,哀,历史街区,2025-02-08,2025-02 春节·二马路一期开街爆满,0.613,aspect,施工扰民,ermawu,ermawu,1,1,施工扰民,neg,"[""施工扰民""]",施工扰民,城市体检评估管理办法(施工期扰民),老旧小区改造;施工组织优化,"[[""urban_governance"", ""环境"", ""主""], [""urban_renewal"", ""设施"", ""次""]]",0.692,0,111.282543,30.696152
ermawu_T1_00537,ermawu,sim_ermawu_l3l4,盼着开街呢，老街改造进度有点慢,文旅活力,urban_operation,事件,0.529,Neutral,neu,0.617,0.792,0.881,盼,历史街区,2025-02-05,2025-02 春节·二马路一期开街爆满,0.89,aspect,文旅活力,ermawu,ermawu,1,1,文旅活力,neu,"[""文旅活力""]",文旅活力,"城市更新""十五五""规划(文脉保护;文旅)",文旅品牌;节假日活动组织,"[[""urban_operation"", ""事件"", ""主""], [""urban_operation"", ""文化"", ""次""]]",0.739,1,111.274683,30.697295
ermawu_T1_00538,ermawu,sim_ermawu_l3l4,回迁政策还在等落实,回迁安置,urban_renewal,服务,0.519,Neutral,neu,0.757,0.888,0.892,盼,历史街区,2025-02-07,2025-02 春节·二马路一期开街爆满,0.741,aspect,回迁安置,ermawu,ermawu,1,1,回迁安置,neu,"[""回迁安置""]",回迁安置,防止大拆大建通知(不大规模搬迁原住民),回迁安置;原住民保留,"[[""urban_renewal"", ""服务"", ""主""], [""urban_governance"", ""服务"", ""次""]]",0.845,0,111.283504,30.693219
ermawu_T1_00539,ermawu,sim_ermawu_l3l4,老味道流失，可惜,烟火气保留,urban_renewal,文化,0.314,Very Negative,neg,0.771,0.775,0.898,哀,历史街区,2025-02-02,2025-02 春节·二马路一期开街爆满,0.719,aspect,烟火气保留,ermawu,ermawu,1,1,烟火气保留,neg,"[""烟火气保留""]",烟火气保留,防止大拆大建通知(留改拆·留底线),历史街区保护更新;社区营造,"[[""urban_renewal"", ""文化"", ""主""], [""urban_renewal"", ""环境"", ""次""]]",0.805,0,111.282155,30.692865
ermawu_T1_00540,ermawu,sim_ermawu_l3l4,节假日保洁跟不上,垃圾秩序,urban_governance,环境,0.2,Very Negative,neg,0.799,0.809,0.833,哀,历史街区,2025-02-09,2025-02 春节·二马路一期开街爆满,0.658,aspect,垃圾秩序,ermawu,ermawu,1,1,垃圾秩序,neg,"[""垃圾秩序""]",垃圾秩序,城市更新行动意见(市容治理),市容环境治理;垃圾分类,"[[""urban_governance"", ""环境"", ""主""], [""urban_governance"", ""服务"", ""次""]]",0.766,0,111.277772,30.699107
ermawu_T1_00541,ermawu,sim_ermawu_l3l4,烟火气没了，商业化太重,烟火气保留,urban_renewal,文化,0.254,Very Negative,neg,0.888,0.776,0.914,哀,历史街区,2025-02-05,2025-02 春节·二马路一期开街爆满,0.749,aspect,烟火气保留,ermawu,ermawu,1,1,烟火气保留,neg,"[""烟火气保留""]",烟火气保留,防止大拆大建通知(留改拆·留底线),历史街区保护更新;社区营造,"[[""urban_renewal"", ""文化"", ""主""], [""urban_renewal"", ""环境"", ""次""]]",0.784,0,111.282731,30.692125
ermawu_T1_00542,ermawu,sim_ermawu_l3l4,施工绕行太麻烦,施工扰民,urban_governance,环境,0.342,Very Negative,neg,0.546,0.728,0.866,愁,历史街区,2025-02-02,2025-02 春节·二马路一期开街爆满,0.661,aspect,施工扰民,ermawu,ermawu,1,1,施工扰民,neg,"[""施工扰民""]",施工扰民,城市体检评估管理办法(施工期扰民),老旧小区改造;施工组织优化,"[[""urban_governance"", ""环境"", ""主""], [""urban_renewal"", ""设施"", ""次""]]",0.937,0,111.281127,30.698258
ermawu_T1_00543,ermawu,sim_ermawu_l3l4,业态还在调整中,业态丰富度,urban_operation,服务,0.428,Neutral,neu,0.449,0.911,0.729,急,历史街区,2025-02-07,2025-02 春节·二马路一期开街爆满,0.609,aspect,业态丰富度,ermawu,ermawu,1,1,业态丰富度,neu,"[""业态丰富度""]",业态丰富度,关于持续推进城市更新行动的意见(业态引导),业态多元化引导;业态调整,"[[""urban_operation"", ""服务"", ""主""], [""urban_renewal"", ""服务"", ""次""]]",0.916,0,111.285355,30.694703
ermawu_T1_00544,ermawu,sim_ermawu_l3l4,期待焕新效果,文旅活力,urban_operation,事件,0.481,Neutral,neu,0.627,0.76,0.804,盼,历史街区,2025-02-05,2025-02 春节·二马路一期开街爆满,0.846,aspect,文旅活力,ermawu,ermawu,1,1,文旅活力,neu,"[""文旅活力""]",文旅活力,"城市更新""十五五""规划(文脉保护;文旅)",文旅品牌;节假日活动组织,"[[""urban_operation"", ""事件"", ""主""], [""urban_operation"", ""文化"", ""次""]]",0.716,1,111.279397,30.694728
ermawu_T1_00545,ermawu,sim_ermawu_l3l4,期待焕新效果,文旅活力,urban_operation,事件,0.598,Neutral,neu,0.505,0.924,0.717,盼,历史街区,2025-02-04,2025-02 春节·二马路一期开街爆满,0.536,aspect,文旅活力,ermawu,ermawu,1,1,文旅活力,neu,"[""文旅活力""]",文旅活力,"城市更新""十五五""规划(文脉保护;文旅)",文旅品牌;节假日活动组织,"[[""urban_operation"", ""事件"", ""主""], [""urban_operation"", ""文化"", ""次""]]",0.938,1,111.276453,30.698831
ermawu_T1_00546,ermawu,sim_ermawu_l3l4,期待焕新效果,文旅活力,urban_operation,事件,0.426,Neutral,neu,0.613,0.925,0.707,急,历史街区,2025-02-03,2025-02 春节·二马路一期开街爆满,0.692,aspect,文旅活力,ermawu,ermawu,1,1,文旅活力,neu,"[""文旅活力""]",文旅活力,"城市更新""十五五""规划(文脉保护;文旅)",文旅品牌;节假日活动组织,"[[""urban_operation"", ""事件"", ""主""], [""urban_operation"", ""文化"", ""次""]]",0.696,1,111.283964,30.697086
ermawu_T1_00547,ermawu,sim_ermawu_l3l4,施工快收尾了，忍忍,施工扰民,urban_governance,环境,0.459,Neutral,neu,0.445,0.875,0.818,急,历史街区,2025-02-01,2025-02 春节·二马路一期开街爆满,0.735,aspect,施工扰民,ermawu,ermawu,1,1,施工扰民,neu,"[""施工扰民""]",施工扰民,城市体检评估管理办法(施工期扰民),老旧小区改造;施工组织优化,"[[""urban_governance"", ""环境"", ""主""], [""urban_renewal"", ""设施"", ""次""]]",0.899,0,111.2787,30.692729
ermawu_T1_00548,ermawu,sim_ermawu_l3l4,烟火气没了，商业化太重,烟火气保留,urban_renewal,文化,0.089,Very Negative,neg,0.731,0.742,0.898,怒,历史街区,2025-02-07,2025-02 春节·二马路一期开街爆满,0.843,aspect,烟火气保留,ermawu,ermawu,1,1,烟火气保留,neg,"[""烟火气保留""]",烟火气保留,防止大拆大建通知(留改拆·留底线),历史街区保护更新;社区营造,"[[""urban_renewal"", ""文化"", ""主""], [""urban_renewal"", ""环境"", ""次""]]",0.843,0,111.278887,30.700981
ermawu_T1_00549,ermawu,sim_ermawu_l3l4,施工期灰尘大,施工扰民,urban_governance,环境,0.25,Very Negative,neg,0.706,0.945,0.87,愁,历史街区,2025-02-08,2025-02 春节·二马路一期开街爆满,0.516,aspect,施工扰民,ermawu,ermawu,1,1,施工扰民,neg,"[""施工扰民""]",施工扰民,城市体检评估管理办法(施工期扰民),老旧小区改造;施工组织优化,"[[""urban_governance"", ""环境"", ""主""], [""urban_renewal"", ""设施"", ""次""]]",0.83,0,111.283538,30.691879
ermawu_T1_00550,ermawu,sim_ermawu_l3l4,盼着开街呢，老街改造进度有点慢,文旅活力,urban_operation,事件,0.546,Neutral,neu,0.525,0.866,0.914,急,历史街区,2025-02-10,2025-02 春节·二马路一期开街爆满,0.71,aspect,文旅活力,ermawu,ermawu,1,1,文旅活力,neu,"[""文旅活力""]",文旅活力,"城市更新""十五五""规划(文脉保护;文旅)",文旅品牌;节假日活动组织,"[[""urban_operation"", ""事件"", ""主""], [""urban_operation"", ""文化"", ""次""]]",0.811,1,111.280282,30.698503
ermawu_T1_00551,ermawu,sim_ermawu_l3l4,施工期灰尘大,施工扰民,urban_governance,环境,0.333,Negative,neg,0.627,0.935,0.752,怒,历史街区,2025-02-09,2025-02 春节·二马路一期开街爆满,0.892,aspect,施工扰民,ermawu,ermawu,1,1,施工扰民,neg,"[""施工扰民""]",施工扰民,城市体检评估管理办法(施工期扰民),老旧小区改造;施工组织优化,"[[""urban_governance"", ""环境"", ""主""], [""urban_renewal"", ""设施"", ""次""]]",0.932,0,111.273877,30.696092
ermawu_T1_00552,ermawu,sim_ermawu_l3l4,施工绕行太麻烦,施工扰民,urban_governance,环境,0.214,Negative,neg,0.827,0.949,0.719,怒,历史街区,2025-02-03,2025-02 春节·二马路一期开街爆满,0.553,aspect,施工扰民,ermawu,ermawu,1,1,施工扰民,neg,"[""施工扰民""]",施工扰民,城市体检评估管理办法(施工期扰民),老旧小区改造;施工组织优化,"[[""urban_governance"", ""环境"", ""主""], [""urban_renewal"", ""设施"", ""次""]]",0.767,0,111.284319,30.693889
ermawu_T1_00553,ermawu,sim_ermawu_l3l4,业态都同质化了，走哪都一样,业态丰富度,urban_operation,服务,0.149,Very Negative,neg,0.711,0.858,0.778,愁,历史街区,2025-02-05,2025-02 春节·二马路一期开街爆满,0.853,aspect,业态丰富度,ermawu,ermawu,1,1,业态丰富度,neg,"[""业态丰富度""]",业态丰富度,关于持续推进城市更新行动的意见(业态引导),业态多元化引导;业态调整,"[[""urban_operation"", ""服务"", ""主""], [""urban_renewal"", ""服务"", ""次""]]",0.75,0,111.276316,30.699511
ermawu_T1_00554,ermawu,sim_ermawu_l3l4,施工绕行太麻烦,施工扰民,urban_governance,环境,0.307,Negative,neg,0.514,0.902,0.816,怒,历史街区,2025-02-01,2025-02 春节·二马路一期开街爆满,0.706,aspect,施工扰民,ermawu,ermawu,1,1,施工扰民,neg,"[""施工扰民""]",施工扰民,城市体检评估管理办法(施工期扰民),老旧小区改造;施工组织优化,"[[""urban_governance"", ""环境"", ""主""], [""urban_renewal"", ""设施"", ""次""]]",0.812,0,111.281062,30.697986
ermawu_T1_00555,ermawu,sim_ermawu_l3l4,烟火气这东西见仁见智,烟火气保留,urban_renewal,文化,0.55,Neutral,neu,0.459,0.777,0.747,盼,历史街区,2025-02-08,2025-02 春节·二马路一期开街爆满,0.759,aspect,烟火气保留,ermawu,ermawu,1,1,烟火气保留,neu,"[""烟火气保留""]",烟火气保留,防止大拆大建通知(留改拆·留底线),历史街区保护更新;社区营造,"[[""urban_renewal"", ""文化"", ""主""], [""urban_renewal"", ""环境"", ""次""]]",0.796,0,111.286704,30.693941
ermawu_T1_00556,ermawu,sim_ermawu_l3l4,回迁政策还在等落实,回迁安置,urban_renewal,服务,0.597,Neutral,neu,0.774,0.826,0.875,盼,历史街区,2025-02-01,2025-02 春节·二马路一期开街爆满,0.775,aspect,回迁安置,ermawu,ermawu,1,1,回迁安置,neu,"[""回迁安置""]",回迁安置,防止大拆大建通知(不大规模搬迁原住民),回迁安置;原住民保留,"[[""urban_renewal"", ""服务"", ""主""], [""urban_governance"", ""服务"", ""次""]]",0.864,0,111.283638,30.697649
ermawu_T1_00557,ermawu,sim_ermawu_l3l4,期待焕新效果,文旅活力,urban_operation,事件,0.58,Neutral,neu,0.532,0.741,0.878,急,历史街区,2025-02-10,2025-02 春节·二马路一期开街爆满,0.455,aspect,文旅活力,ermawu,ermawu,1,1,文旅活力,neu,"[""文旅活力""]",文旅活力,"城市更新""十五五""规划(文脉保护;文旅)",文旅品牌;节假日活动组织,"[[""urban_operation"", ""事件"", ""主""], [""urban_operation"", ""文化"", ""次""]]",0.773,1,111.273665,30.69675
ermawu_T1_00558,ermawu,sim_ermawu_l3l4,施工快收尾了，忍忍,施工扰民,urban_governance,环境,0.554,Neutral,neu,0.478,0.867,0.766,急,历史街区,2025-02-09,2025-02 春节·二马路一期开街爆满,0.511,aspect,施工扰民,ermawu,ermawu,1,1,施工扰民,neu,"[""施工扰民""]",施工扰民,城市体检评估管理办法(施工期扰民),老旧小区改造;施工组织优化,"[[""urban_governance"", ""环境"", ""主""], [""urban_renewal"", ""设施"", ""次""]]",0.889,0,111.281499,30.693577
ermawu_T1_00559,ermawu,sim_ermawu_l3l4,期待焕新效果,文旅活力,urban_operation,事件,0.593,Neutral,neu,0.396,0.729,0.766,盼,历史街区,2025-02-07,2025-02 春节·二马路一期开街爆满,0.642,aspect,文旅活力,ermawu,ermawu,1,1,文旅活力,neu,"[""文旅活力""]",文旅活力,"城市更新""十五五""规划(文脉保护;文旅)",文旅品牌;节假日活动组织,"[[""urban_operation"", ""事件"", ""主""], [""urban_operation"", ""文化"", ""次""]]",0.686,1,111.278628,30.69812
ermawu_T1_00560,ermawu,sim_ermawu_l3l4,原住民迁走，没了生活气,烟火气保留,urban_renewal,文化,0.2,Negative,neg,0.603,0.911,0.777,愁,历史街区,2025-02-05,2025-02 春节·二马路一期开街爆满,0.699,aspect,烟火气保留,ermawu,ermawu,1,1,烟火气保留,neg,"[""烟火气保留""]",烟火气保留,防止大拆大建通知(留改拆·留底线),历史街区保护更新;社区营造,"[[""urban_renewal"", ""文化"", ""主""], [""urban_renewal"", ""环境"", ""次""]]",0.931,0,111.279026,30.692089
ermawu_T1_00561,ermawu,sim_ermawu_l3l4,五一日均1.5万人，百年老街出圈了,文旅活力,urban_operation,事件,0.706,Very Positive,pos,0.78,0.932,0.715,喜,历史街区,2025-02-10,2025-02 春节·二马路一期开街爆满,0.751,aspect,文旅活力,ermawu,ermawu,1,1,文旅活力,pos,"[""文旅活力""]",文旅活力,"城市更新""十五五""规划(文脉保护;文旅)",文旅品牌;节假日活动组织,"[[""urban_operation"", ""事件"", ""主""], [""urban_operation"", ""文化"", ""次""]]",0.833,1,111.277081,30.696086
ermawu_T1_00562,ermawu,sim_ermawu_l3l4,施工期灰尘大,施工扰民,urban_governance,环境,0.121,Very Negative,neg,0.891,0.801,0.731,愁,历史街区,2025-02-04,2025-02 春节·二马路一期开街爆满,0.787,aspect,施工扰民,ermawu,ermawu,1,1,施工扰民,neg,"[""施工扰民""]",施工扰民,城市体检评估管理办法(施工期扰民),老旧小区改造;施工组织优化,"[[""urban_governance"", ""环境"", ""主""], [""urban_renewal"", ""设施"", ""次""]]",0.727,0,111.274461,30.700311
ermawu_T1_00563,ermawu,sim_ermawu_l3l4,业态都同质化了，走哪都一样,业态丰富度,urban_operation,服务,0.263,Very Negative,neg,0.511,0.935,0.827,愁,历史街区,2025-02-06,2025-02 春节·二马路一期开街爆满,0.684,aspect,业态丰富度,ermawu,ermawu,1,1,业态丰富度,neg,"[""业态丰富度""]",业态丰富度,关于持续推进城市更新行动的意见(业态引导),业态多元化引导;业态调整,"[[""urban_operation"", ""服务"", ""主""], [""urban_renewal"", ""服务"", ""次""]]",0.753,0,111.275463,30.700154
ermawu_T1_00564,ermawu,sim_ermawu_l3l4,开街后保洁跟上了,垃圾秩序,urban_governance,环境,0.516,Neutral,neu,0.336,0.733,0.742,盼,历史街区,2025-02-01,2025-02 春节·二马路一期开街爆满,0.836,aspect,垃圾秩序,ermawu,ermawu,1,1,垃圾秩序,neu,"[""垃圾秩序""]",垃圾秩序,城市更新行动意见(市容治理),市容环境治理;垃圾分类,"[[""urban_governance"", ""环境"", ""主""], [""urban_governance"", ""服务"", ""次""]]",0.946,0,111.280221,30.693476
ermawu_T1_00565,ermawu,sim_ermawu_l3l4,业态还在调整中,业态丰富度,urban_operation,服务,0.413,Neutral,neu,0.368,0.734,0.725,急,历史街区,2025-02-04,2025-02 春节·二马路一期开街爆满,0.739,aspect,业态丰富度,ermawu,ermawu,1,1,业态丰富度,neu,"[""业态丰富度""]",业态丰富度,关于持续推进城市更新行动的意见(业态引导),业态多元化引导;业态调整,"[[""urban_operation"", ""服务"", ""主""], [""urban_renewal"", ""服务"", ""次""]]",0.831,0,111.277038,30.697644
ermawu_T1_00566,ermawu,sim_ermawu_l3l4,老味道流失，可惜,烟火气保留,urban_renewal,文化,0.296,Very Negative,neg,0.821,0.859,0.761,哀,历史街区,2025-02-04,2025-02 春节·二马路一期开街爆满,0.607,aspect,烟火气保留,ermawu,ermawu,1,1,烟火气保留,neg,"[""烟火气保留""]",烟火气保留,防止大拆大建通知(留改拆·留底线),历史街区保护更新;社区营造,"[[""urban_renewal"", ""文化"", ""主""], [""urban_renewal"", ""环境"", ""次""]]",0.874,0,111.284998,30.696479
ermawu_T1_00567,ermawu,sim_ermawu_l3l4,开街垃圾满地没人扫,垃圾秩序,urban_governance,环境,0.374,Negative,neg,0.874,0.755,0.83,哀,历史街区,2025-02-06,2025-02 春节·二马路一期开街爆满,0.701,aspect,垃圾秩序,ermawu,ermawu,1,1,垃圾秩序,neg,"[""垃圾秩序""]",垃圾秩序,城市更新行动意见(市容治理),市容环境治理;垃圾分类,"[[""urban_governance"", ""环境"", ""主""], [""urban_governance"", ""服务"", ""次""]]",0.849,0,111.282095,30.692663
ermawu_T1_00568,ermawu,sim_ermawu_l3l4,改造还在施工，吵得受不了,施工扰民,urban_governance,环境,0.135,Negative,neg,0.895,0.802,0.744,愁,历史街区,2025-02-05,2025-02 春节·二马路一期开街爆满,0.628,aspect,施工扰民,ermawu,ermawu,1,1,施工扰民,neg,"[""施工扰民""]",施工扰民,城市体检评估管理办法(施工期扰民),老旧小区改造;施工组织优化,"[[""urban_governance"", ""环境"", ""主""], [""urban_renewal"", ""设施"", ""次""]]",0.715,0,111.278811,30.696097
ermawu_T1_00569,ermawu,sim_ermawu_l3l4,回迁安置拖很久,回迁安置,urban_renewal,服务,0.04,Very Negative,neg,0.746,0.789,0.865,愁,历史街区,2025-02-03,2025-02 春节·二马路一期开街爆满,0.464,aspect,回迁安置,ermawu,ermawu,1,1,回迁安置,neg,"[""回迁安置""]",回迁安置,防止大拆大建通知(不大规模搬迁原住民),回迁安置;原住民保留,"[[""urban_renewal"", ""服务"", ""主""], [""urban_governance"", ""服务"", ""次""]]",0.899,0,111.283012,30.696118
ermawu_T1_00570,ermawu,sim_ermawu_l3l4,盼着开街呢，老街改造进度有点慢,文旅活力,urban_operation,事件,0.592,Neutral,neu,0.654,0.878,0.788,盼,历史街区,2025-02-05,2025-02 春节·二马路一期开街爆满,0.643,aspect,文旅活力,ermawu,ermawu,1,1,文旅活力,neu,"[""文旅活力""]",文旅活力,"城市更新""十五五""规划(文脉保护;文旅)",文旅品牌;节假日活动组织,"[[""urban_operation"", ""事件"", ""主""], [""urban_operation"", ""文化"", ""次""]]",0.754,1,111.281554,30.692588
ermawu_T1_00571,ermawu,sim_ermawu_l3l4,施工绕行太麻烦,施工扰民,urban_governance,环境,0.197,Negative,neg,0.925,0.773,0.763,愁,历史街区,2025-02-04,2025-02 春节·二马路一期开街爆满,0.416,aspect,施工扰民,ermawu,ermawu,1,1,施工扰民,neg,"[""施工扰民""]",施工扰民,城市体检评估管理办法(施工期扰民),老旧小区改造;施工组织优化,"[[""urban_governance"", ""环境"", ""主""], [""urban_renewal"", ""设施"", ""次""]]",0.933,0,111.284481,30.691925
ermawu_T1_00572,ermawu,sim_ermawu_l3l4,人多秩序乱，占道,垃圾秩序,urban_governance,环境,0.203,Very Negative,neg,0.795,0.757,0.789,怒,历史街区,2025-02-06,2025-02 春节·二马路一期开街爆满,0.83,aspect,垃圾秩序,ermawu,ermawu,1,1,垃圾秩序,neg,"[""垃圾秩序""]",垃圾秩序,城市更新行动意见(市容治理),市容环境治理;垃圾分类,"[[""urban_governance"", ""环境"", ""主""], [""urban_governance"", ""服务"", ""次""]]",0.807,0,111.277315,30.696171
ermawu_T1_00573,ermawu,sim_ermawu_l3l4,施工绕行太麻烦,施工扰民,urban_governance,环境,0.342,Negative,neg,0.578,0.744,0.808,愁,历史街区,2025-02-05,2025-02 春节·二马路一期开街爆满,0.568,aspect,施工扰民,ermawu,ermawu,1,1,施工扰民,neg,"[""施工扰民""]",施工扰民,城市体检评估管理办法(施工期扰民),老旧小区改造;施工组织优化,"[[""urban_governance"", ""环境"", ""主""], [""urban_renewal"", ""设施"", ""次""]]",0.701,0,111.285323,30.69353
ermawu_T1_00574,ermawu,sim_ermawu_l3l4,停车勉强能找,停车难,urban_governance,设施,0.538,Neutral,neu,0.511,0.841,0.867,急,历史街区,2025-02-02,2025-02 春节·二马路一期开街爆满,0.748,aspect,停车难,ermawu,ermawu,1,1,停车难,neu,"[""停车难""]",停车难,完整社区(配套设施补齐);一刻钟生活圈,停车设施补齐;配套完善,"[[""urban_governance"", ""设施"", ""主""], [""urban_planning"", ""设施"", ""次""]]",0.692,0,111.284542,30.692107
ermawu_T1_00575,ermawu,sim_ermawu_l3l4,回迁安置拖很久,回迁安置,urban_renewal,服务,0.088,Negative,neg,0.918,0.722,0.873,哀,历史街区,2025-02-03,2025-02 春节·二马路一期开街爆满,0.857,aspect,回迁安置,ermawu,ermawu,1,1,回迁安置,neg,"[""回迁安置""]",回迁安置,防止大拆大建通知(不大规模搬迁原住民),回迁安置;原住民保留,"[[""urban_renewal"", ""服务"", ""主""], [""urban_governance"", ""服务"", ""次""]]",0.757,0,111.274149,30.697355
ermawu_T1_00576,ermawu,sim_ermawu_l3l4,老味道还在，没变味,烟火气保留,urban_renewal,文化,0.813,Positive,pos,0.645,0.773,0.896,喜,历史街区,2025-02-01,2025-02 春节·二马路一期开街爆满,0.459,aspect,烟火气保留,ermawu,ermawu,1,1,烟火气保留,pos,"[""烟火气保留""]",烟火气保留,防止大拆大建通知(留改拆·留底线),历史街区保护更新;社区营造,"[[""urban_renewal"", ""文化"", ""主""], [""urban_renewal"", ""环境"", ""次""]]",0.803,0,111.282461,30.696611
ermawu_T1_00577,ermawu,sim_ermawu_l3l4,期待焕新效果,文旅活力,urban_operation,事件,0.414,Neutral,neu,0.413,0.8,0.862,急,历史街区,2025-02-01,2025-02 春节·二马路一期开街爆满,0.595,aspect,文旅活力,ermawu,ermawu,1,1,文旅活力,neu,"[""文旅活力""]",文旅活力,"城市更新""十五五""规划(文脉保护;文旅)",文旅品牌;节假日活动组织,"[[""urban_operation"", ""事件"", ""主""], [""urban_operation"", ""文化"", ""次""]]",0.708,1,111.275655,30.69972
ermawu_T1_00578,ermawu,sim_ermawu_l3l4,施工期灰尘大,施工扰民,urban_governance,环境,0.101,Negative,neg,0.866,0.744,0.718,哀,历史街区,2025-02-09,2025-02 春节·二马路一期开街爆满,0.529,aspect,施工扰民,ermawu,ermawu,1,1,施工扰民,neg,"[""施工扰民""]",施工扰民,城市体检评估管理办法(施工期扰民),老旧小区改造;施工组织优化,"[[""urban_governance"", ""环境"", ""主""], [""urban_renewal"", ""设施"", ""次""]]",0.823,0,111.285392,30.69395
ermawu_T1_00579,ermawu,sim_ermawu_l3l4,业态都同质化了，走哪都一样,业态丰富度,urban_operation,服务,0.237,Negative,neg,0.715,0.855,0.882,怒,历史街区,2025-02-07,2025-02 春节·二马路一期开街爆满,0.869,aspect,业态丰富度,ermawu,ermawu,1,1,业态丰富度,neg,"[""业态丰富度""]",业态丰富度,关于持续推进城市更新行动的意见(业态引导),业态多元化引导;业态调整,"[[""urban_operation"", ""服务"", ""主""], [""urban_renewal"", ""服务"", ""次""]]",0.737,0,111.276601,30.699886
ermawu_T1_00580,ermawu,sim_ermawu_l3l4,文旅复苏，老街活了,文旅活力,urban_operation,事件,0.783,Positive,pos,0.685,0.75,0.796,喜,历史街区,2025-02-09,2025-02 春节·二马路一期开街爆满,0.891,aspect,文旅活力,ermawu,ermawu,1,1,文旅活力,pos,"[""文旅活力""]",文旅活力,"城市更新""十五五""规划(文脉保护;文旅)",文旅品牌;节假日活动组织,"[[""urban_operation"", ""事件"", ""主""], [""urban_operation"", ""文化"", ""次""]]",0.897,1,111.282899,30.695928
ermawu_T1_00581,ermawu,sim_ermawu_l3l4,不变拆真改，原汁原味加分,修旧如旧,urban_renewal,文化,0.566,Neutral,neu,0.522,0.89,0.825,急,历史街区,2025-02-07,2025-02 春节·二马路一期开街爆满,0.611,aspect,修旧如旧,ermawu,ermawu,1,1,修旧如旧,neu,"[""修旧如旧""]",修旧如旧,防止大拆大建通知;关于持续推进城市更新行动的意见,历史街区/历史文化街区保护更新,"[[""urban_renewal"", ""文化"", ""主""], [""urban_operation"", ""文化"", ""次""]]",0.735,0,111.274386,30.698801
ermawu_T1_00582,ermawu,sim_ermawu_l3l4,业态单一，逛一次就够,业态丰富度,urban_operation,服务,0.109,Negative,neg,0.51,0.727,0.724,怒,历史街区,2025-02-10,2025-02 春节·二马路一期开街爆满,0.594,aspect,业态丰富度,ermawu,ermawu,1,1,业态丰富度,neg,"[""业态丰富度""]",业态丰富度,关于持续推进城市更新行动的意见(业态引导),业态多元化引导;业态调整,"[[""urban_operation"", ""服务"", ""主""], [""urban_renewal"", ""服务"", ""次""]]",0.79,0,111.273251,30.697646
ermawu_T1_00583,ermawu,sim_ermawu_l3l4,业态有调性，不低端,业态丰富度,urban_operation,服务,0.78,Very Positive,pos,0.791,0.855,0.746,喜,历史街区,2025-02-10,2025-02 春节·二马路一期开街爆满,0.654,aspect,业态丰富度,ermawu,ermawu,1,1,业态丰富度,pos,"[""业态丰富度""]",业态丰富度,关于持续推进城市更新行动的意见(业态引导),业态多元化引导;业态调整,"[[""urban_operation"", ""服务"", ""主""], [""urban_renewal"", ""服务"", ""次""]]",0.874,0,111.281645,30.696533
ermawu_T1_00584,ermawu,sim_ermawu_l3l4,停车太难，绕三圈找不到,停车难,urban_governance,设施,0.171,Negative,neg,0.726,0.922,0.884,愁,历史街区,2025-02-07,2025-02 春节·二马路一期开街爆满,0.716,aspect,停车难,ermawu,ermawu,1,1,停车难,neg,"[""停车难""]",停车难,完整社区(配套设施补齐);一刻钟生活圈,停车设施补齐;配套完善,"[[""urban_governance"", ""设施"", ""主""], [""urban_planning"", ""设施"", ""次""]]",0.887,0,111.281033,30.695755
ermawu_T1_00585,ermawu,sim_ermawu_l3l4,开街后保洁跟上了,垃圾秩序,urban_governance,环境,0.489,Neutral,neu,0.367,0.846,0.736,盼,历史街区,2025-02-03,2025-02 春节·二马路一期开街爆满,0.404,aspect,垃圾秩序,ermawu,ermawu,1,1,垃圾秩序,neu,"[""垃圾秩序""]",垃圾秩序,城市更新行动意见(市容治理),市容环境治理;垃圾分类,"[[""urban_governance"", ""环境"", ""主""], [""urban_governance"", ""服务"", ""次""]]",0.81,0,111.283097,30.689716
ermawu_T1_00586,ermawu,sim_ermawu_l3l4,节假日保洁跟不上,垃圾秩序,urban_governance,环境,0.108,Very Negative,neg,0.803,0.808,0.752,怒,历史街区,2025-02-05,2025-02 春节·二马路一期开街爆满,0.889,aspect,垃圾秩序,ermawu,ermawu,1,1,垃圾秩序,neg,"[""垃圾秩序""]",垃圾秩序,城市更新行动意见(市容治理),市容环境治理;垃圾分类,"[[""urban_governance"", ""环境"", ""主""], [""urban_governance"", ""服务"", ""次""]]",0.75,0,111.278792,30.699923
ermawu_T1_00587,ermawu,sim_ermawu_l3l4,保留原貌真有味道，修新如旧做得好,修旧如旧,urban_renewal,文化,0.459,Neutral,neu,0.603,0.847,0.735,急,历史街区,2025-02-05,2025-02 春节·二马路一期开街爆满,0.886,aspect,修旧如旧,ermawu,ermawu,1,1,修旧如旧,neu,"[""修旧如旧""]",修旧如旧,防止大拆大建通知;关于持续推进城市更新行动的意见,历史街区/历史文化街区保护更新,"[[""urban_renewal"", ""文化"", ""主""], [""urban_operation"", ""文化"", ""次""]]",0.753,0,111.281381,30.697458
ermawu_T1_00588,ermawu,sim_ermawu_l3l4,盼着开街呢，老街改造进度有点慢,文旅活力,urban_operation,事件,0.582,Neutral,neu,0.764,0.797,0.791,急,历史街区,2025-02-01,2025-02 春节·二马路一期开街爆满,0.871,aspect,文旅活力,ermawu,ermawu,1,1,文旅活力,neu,"[""文旅活力""]",文旅活力,"城市更新""十五五""规划(文脉保护;文旅)",文旅品牌;节假日活动组织,"[[""urban_operation"", ""事件"", ""主""], [""urban_operation"", ""文化"", ""次""]]",0.916,1,111.284542,30.691987
ermawu_T1_00589,ermawu,sim_ermawu_l3l4,施工绕行太麻烦,施工扰民,urban_governance,环境,0.195,Very Negative,neg,0.826,0.787,0.714,怒,历史街区,2025-02-06,2025-02 春节·二马路一期开街爆满,0.78,aspect,施工扰民,ermawu,ermawu,1,1,施工扰民,neg,"[""施工扰民""]",施工扰民,城市体检评估管理办法(施工期扰民),老旧小区改造;施工组织优化,"[[""urban_governance"", ""环境"", ""主""], [""urban_renewal"", ""设施"", ""次""]]",0.723,0,111.277568,30.700898
ermawu_T1_00590,ermawu,sim_ermawu_l3l4,施工绕行太麻烦,施工扰民,urban_governance,环境,0.385,Negative,neg,0.677,0.781,0.78,怒,历史街区,2025-02-01,2025-02 春节·二马路一期开街爆满,0.719,aspect,施工扰民,ermawu,ermawu,1,1,施工扰民,neg,"[""施工扰民""]",施工扰民,城市体检评估管理办法(施工期扰民),老旧小区改造;施工组织优化,"[[""urban_governance"", ""环境"", ""主""], [""urban_renewal"", ""设施"", ""次""]]",0.742,0,111.284976,30.691683
ermawu_T1_00591,ermawu,sim_ermawu_l3l4,原住民留着，街区还活着,烟火气保留,urban_renewal,文化,0.899,Very Positive,pos,0.76,0.895,0.701,喜,历史街区,2025-02-01,2025-02 春节·二马路一期开街爆满,0.572,aspect,烟火气保留,ermawu,ermawu,1,1,烟火气保留,pos,"[""烟火气保留""]",烟火气保留,防止大拆大建通知(留改拆·留底线),历史街区保护更新;社区营造,"[[""urban_renewal"", ""文化"", ""主""], [""urban_renewal"", ""环境"", ""次""]]",0.91,0,111.275799,30.697176
ermawu_T1_00592,ermawu,sim_ermawu_l3l4,施工期灰尘大,施工扰民,urban_governance,环境,0.347,Very Negative,neg,0.764,0.841,0.901,怒,历史街区,2025-02-02,2025-02 春节·二马路一期开街爆满,0.853,aspect,施工扰民,ermawu,ermawu,1,1,施工扰民,neg,"[""施工扰民""]",施工扰民,城市体检评估管理办法(施工期扰民),老旧小区改造;施工组织优化,"[[""urban_governance"", ""环境"", ""主""], [""urban_renewal"", ""设施"", ""次""]]",0.831,0,111.277228,30.696903
ermawu_T1_00593,ermawu,sim_ermawu_l3l4,盼着开街呢，老街改造进度有点慢,文旅活力,urban_operation,事件,0.493,Neutral,neu,0.394,0.914,0.713,急,历史街区,2025-02-02,2025-02 春节·二马路一期开街爆满,0.434,aspect,文旅活力,ermawu,ermawu,1,1,文旅活力,neu,"[""文旅活力""]",文旅活力,"城市更新""十五五""规划(文脉保护;文旅)",文旅品牌;节假日活动组织,"[[""urban_operation"", ""事件"", ""主""], [""urban_operation"", ""文化"", ""次""]]",0.792,1,111.285064,30.692577
ermawu_T1_00594,ermawu,sim_ermawu_l3l4,五一10万人，体验拉胯,文旅活力,urban_operation,事件,0.055,Negative,neg,0.577,0.764,0.799,愁,历史街区,2025-02-04,2025-02 春节·二马路一期开街爆满,0.501,aspect,文旅活力,ermawu,ermawu,1,1,文旅活力,neg,"[""文旅活力""]",文旅活力,"城市更新""十五五""规划(文脉保护;文旅)",文旅品牌;节假日活动组织,"[[""urban_operation"", ""事件"", ""主""], [""urban_operation"", ""文化"", ""次""]]",0.861,1,111.284427,30.693136
ermawu_T1_00595,ermawu,sim_ermawu_l3l4,业态还在调整中,业态丰富度,urban_operation,服务,0.535,Neutral,neu,0.34,0.836,0.827,盼,历史街区,2025-02-05,2025-02 春节·二马路一期开街爆满,0.457,aspect,业态丰富度,ermawu,ermawu,1,1,业态丰富度,neu,"[""业态丰富度""]",业态丰富度,关于持续推进城市更新行动的意见(业态引导),业态多元化引导;业态调整,"[[""urban_operation"", ""服务"", ""主""], [""urban_renewal"", ""服务"", ""次""]]",0.85,0,111.280095,30.698598
ermawu_T1_00596,ermawu,sim_ermawu_l3l4,改造还在施工，吵得受不了,施工扰民,urban_governance,环境,0.186,Very Negative,neg,0.568,0.835,0.899,哀,历史街区,2025-02-10,2025-02 春节·二马路一期开街爆满,0.798,aspect,施工扰民,ermawu,ermawu,1,1,施工扰民,neg,"[""施工扰民""]",施工扰民,城市体检评估管理办法(施工期扰民),老旧小区改造;施工组织优化,"[[""urban_governance"", ""环境"", ""主""], [""urban_renewal"", ""设施"", ""次""]]",0.878,0,111.284884,30.689806
ermawu_T1_00597,ermawu,sim_ermawu_l3l4,业态单一，逛一次就够,业态丰富度,urban_operation,服务,0.041,Very Negative,neg,0.852,0.76,0.863,哀,历史街区,2025-02-03,2025-02 春节·二马路一期开街爆满,0.872,aspect,业态丰富度,ermawu,ermawu,1,1,业态丰富度,neg,"[""业态丰富度""]",业态丰富度,关于持续推进城市更新行动的意见(业态引导),业态多元化引导;业态调整,"[[""urban_operation"", ""服务"", ""主""], [""urban_renewal"", ""服务"", ""次""]]",0.784,0,111.277947,30.701034
ermawu_T1_00598,ermawu,sim_ermawu_l3l4,盼着开街呢，老街改造进度有点慢,文旅活力,urban_operation,事件,0.408,Neutral,neu,0.533,0.923,0.733,急,历史街区,2025-02-06,2025-02 春节·二马路一期开街爆满,0.688,aspect,文旅活力,ermawu,ermawu,1,1,文旅活力,neu,"[""文旅活力""]",文旅活力,"城市更新""十五五""规划(文脉保护;文旅)",文旅品牌;节假日活动组织,"[[""urban_operation"", ""事件"", ""主""], [""urban_operation"", ""文化"", ""次""]]",0.791,1,111.288775,30.693346
ermawu_T1_00599,ermawu,sim_ermawu_l3l4,盼着开街呢，老街改造进度有点慢,文旅活力,urban_operation,事件,0.42,Neutral,neu,0.664,0.903,0.773,盼,历史街区,2025-02-07,2025-02 春节·二马路一期开街爆满,0.565,aspect,文旅活力,ermawu,ermawu,1,1,文旅活力,neu,"[""文旅活力""]",文旅活力,"城市更新""十五五""规划(文脉保护;文旅)",文旅品牌;节假日活动组织,"[[""urban_operation"", ""事件"", ""主""], [""urban_operation"", ""文化"", ""次""]]",0.919,1,111.282275,30.699798
ermawu_T1_00600,ermawu,sim_ermawu_l3l4,期待焕新效果,文旅活力,urban_operation,事件,0.451,Neutral,neu,0.386,0.901,0.904,急,历史街区,2025-02-08,2025-02 春节·二马路一期开街爆满,0.895,aspect,文旅活力,ermawu,ermawu,1,1,文旅活力,neu,"[""文旅活力""]",文旅活力,"城市更新""十五五""规划(文脉保护;文旅)",文旅品牌;节假日活动组织,"[[""urban_operation"", ""事件"", ""主""], [""urban_operation"", ""文化"", ""次""]]",0.923,1,111.28265,30.692458
ermawu_T1_00601,ermawu,sim_ermawu_l3l4,施工期灰尘大,施工扰民,urban_governance,环境,0.329,Very Negative,neg,0.674,0.838,0.912,哀,历史街区,2025-02-03,2025-02 春节·二马路一期开街爆满,0.55,aspect,施工扰民,ermawu,ermawu,1,1,施工扰民,neg,"[""施工扰民""]",施工扰民,城市体检评估管理办法(施工期扰民),老旧小区改造;施工组织优化,"[[""urban_governance"", ""环境"", ""主""], [""urban_renewal"", ""设施"", ""次""]]",0.842,0,111.278144,30.700628
ermawu_T1_00602,ermawu,sim_ermawu_l3l4,业态单一，逛一次就够,业态丰富度,urban_operation,服务,0.214,Negative,neg,0.898,0.875,0.7,怒,历史街区,2025-02-07,2025-02 春节·二马路一期开街爆满,0.62,aspect,业态丰富度,ermawu,ermawu,1,1,业态丰富度,neg,"[""业态丰富度""]",业态丰富度,关于持续推进城市更新行动的意见(业态引导),业态多元化引导;业态调整,"[[""urban_operation"", ""服务"", ""主""], [""urban_renewal"", ""服务"", ""次""]]",0.72,0,111.280006,30.696915
ermawu_T1_00603,ermawu,sim_ermawu_l3l4,施工绕行太麻烦,施工扰民,urban_governance,环境,0.217,Negative,neg,0.769,0.878,0.715,哀,历史街区,2025-02-09,2025-02 春节·二马路一期开街爆满,0.517,aspect,施工扰民,ermawu,ermawu,1,1,施工扰民,neg,"[""施工扰民""]",施工扰民,城市体检评估管理办法(施工期扰民),老旧小区改造;施工组织优化,"[[""urban_governance"", ""环境"", ""主""], [""urban_renewal"", ""设施"", ""次""]]",0.926,0,111.272618,30.698168
ermawu_T1_00604,ermawu,sim_ermawu_l3l4,二马路修旧如旧，百年老街焕发新生,修旧如旧,urban_renewal,文化,0.431,Neutral,neu,0.774,0.938,0.897,急,历史街区,2025-02-02,2025-02 春节·二马路一期开街爆满,0.552,aspect,修旧如旧,ermawu,ermawu,1,1,修旧如旧,neu,"[""修旧如旧""]",修旧如旧,防止大拆大建通知;关于持续推进城市更新行动的意见,历史街区/历史文化街区保护更新,"[[""urban_renewal"", ""文化"", ""主""], [""urban_operation"", ""文化"", ""次""]]",0.817,0,111.284374,30.696731
ermawu_T1_00605,ermawu,sim_ermawu_l3l4,回迁满意，原样回来住着踏实,回迁安置,urban_renewal,服务,0.884,Very Positive,pos,0.477,0.763,0.833,乐,历史街区,2025-02-06,2025-02 春节·二马路一期开街爆满,0.505,aspect,回迁安置,ermawu,ermawu,1,1,回迁安置,pos,"[""回迁安置""]",回迁安置,防止大拆大建通知(不大规模搬迁原住民),回迁安置;原住民保留,"[[""urban_renewal"", ""服务"", ""主""], [""urban_governance"", ""服务"", ""次""]]",0.922,0,111.284425,30.694962
ermawu_T1_00606,ermawu,sim_ermawu_l3l4,开街垃圾满地没人扫,垃圾秩序,urban_governance,环境,0.063,Negative,neg,0.794,0.926,0.786,愁,历史街区,2025-02-03,2025-02 春节·二马路一期开街爆满,0.767,aspect,垃圾秩序,ermawu,ermawu,1,1,垃圾秩序,neg,"[""垃圾秩序""]",垃圾秩序,城市更新行动意见(市容治理),市容环境治理;垃圾分类,"[[""urban_governance"", ""环境"", ""主""], [""urban_governance"", ""服务"", ""次""]]",0.804,0,111.275823,30.698179
ermawu_T1_00607,ermawu,sim_ermawu_l3l4,回迁户型不满意,回迁安置,urban_renewal,服务,0.331,Very Negative,neg,0.523,0.821,0.731,哀,历史街区,2025-02-08,2025-02 春节·二马路一期开街爆满,0.781,aspect,回迁安置,ermawu,ermawu,1,1,回迁安置,neg,"[""回迁安置""]",回迁安置,防止大拆大建通知(不大规模搬迁原住民),回迁安置;原住民保留,"[[""urban_renewal"", ""服务"", ""主""], [""urban_governance"", ""服务"", ""次""]]",0.893,0,111.285976,30.696423
ermawu_T1_00608,ermawu,sim_ermawu_l3l4,盼着开街呢，老街改造进度有点慢,文旅活力,urban_operation,事件,0.447,Neutral,neu,0.688,0.915,0.747,盼,历史街区,2025-02-01,2025-02 春节·二马路一期开街爆满,0.446,aspect,文旅活力,ermawu,ermawu,1,1,文旅活力,neu,"[""文旅活力""]",文旅活力,"城市更新""十五五""规划(文脉保护;文旅)",文旅品牌;节假日活动组织,"[[""urban_operation"", ""事件"", ""主""], [""urban_operation"", ""文化"", ""次""]]",0.707,1,111.283098,30.695347
ermawu_T1_00609,ermawu,sim_ermawu_l3l4,业态单一，逛一次就够,业态丰富度,urban_operation,服务,0.085,Negative,neg,0.634,0.872,0.831,愁,历史街区,2025-02-06,2025-02 春节·二马路一期开街爆满,0.693,aspect,业态丰富度,ermawu,ermawu,1,1,业态丰富度,neg,"[""业态丰富度""]",业态丰富度,关于持续推进城市更新行动的意见(业态引导),业态多元化引导;业态调整,"[[""urban_operation"", ""服务"", ""主""], [""urban_renewal"", ""服务"", ""次""]]",0.921,0,111.278633,30.699236
ermawu_T1_00610,ermawu,sim_ermawu_l3l4,烟火气这东西见仁见智,烟火气保留,urban_renewal,文化,0.499,Neutral,neu,0.534,0.948,0.897,盼,历史街区,2025-02-01,2025-02 春节·二马路一期开街爆满,0.675,aspect,烟火气保留,ermawu,ermawu,1,1,烟火气保留,neu,"[""烟火气保留""]",烟火气保留,防止大拆大建通知(留改拆·留底线),历史街区保护更新;社区营造,"[[""urban_renewal"", ""文化"", ""主""], [""urban_renewal"", ""环境"", ""次""]]",0.733,0,111.277034,30.699249
ermawu_T1_00611,ermawu,sim_ermawu_l3l4,节假日保洁跟不上,垃圾秩序,urban_governance,环境,0.271,Negative,neg,0.857,0.831,0.833,哀,历史街区,2025-02-09,2025-02 春节·二马路一期开街爆满,0.428,aspect,垃圾秩序,ermawu,ermawu,1,1,垃圾秩序,neg,"[""垃圾秩序""]",垃圾秩序,城市更新行动意见(市容治理),市容环境治理;垃圾分类,"[[""urban_governance"", ""环境"", ""主""], [""urban_governance"", ""服务"", ""次""]]",0.845,0,111.286083,30.691158
ermawu_T1_00612,ermawu,sim_ermawu_l3l4,开街垃圾满地没人扫,垃圾秩序,urban_governance,环境,0.123,Very Negative,neg,0.656,0.739,0.793,愁,历史街区,2025-02-03,2025-02 春节·二马路一期开街爆满,0.668,aspect,垃圾秩序,ermawu,ermawu,1,1,垃圾秩序,neg,"[""垃圾秩序""]",垃圾秩序,城市更新行动意见(市容治理),市容环境治理;垃圾分类,"[[""urban_governance"", ""环境"", ""主""], [""urban_governance"", ""服务"", ""次""]]",0.688,0,111.273909,30.696568
ermawu_T1_00613,ermawu,sim_ermawu_l3l4,烟火气没了，商业化太重,烟火气保留,urban_renewal,文化,0.336,Negative,neg,0.946,0.798,0.898,愁,历史街区,2025-02-01,2025-02 春节·二马路一期开街爆满,0.77,aspect,烟火气保留,ermawu,ermawu,1,1,烟火气保留,neg,"[""烟火气保留""]",烟火气保留,防止大拆大建通知(留改拆·留底线),历史街区保护更新;社区营造,"[[""urban_renewal"", ""文化"", ""主""], [""urban_renewal"", ""环境"", ""次""]]",0.82,0,111.273712,30.70003
ermawu_T1_00614,ermawu,sim_ermawu_l3l4,施工期灰尘大,施工扰民,urban_governance,环境,0.119,Negative,neg,0.564,0.883,0.741,怒,历史街区,2025-02-05,2025-02 春节·二马路一期开街爆满,0.421,aspect,施工扰民,ermawu,ermawu,1,1,施工扰民,neg,"[""施工扰民""]",施工扰民,城市体检评估管理办法(施工期扰民),老旧小区改造;施工组织优化,"[[""urban_governance"", ""环境"", ""主""], [""urban_renewal"", ""设施"", ""次""]]",0.889,0,111.277855,30.700923
ermawu_T1_00615,ermawu,sim_ermawu_l3l4,人太多挤得慌，根本走不动,文旅活力,urban_operation,事件,0.213,Negative,neg,0.793,0.728,0.822,怒,历史街区,2025-02-10,2025-02 春节·二马路一期开街爆满,0.607,aspect,文旅活力,ermawu,ermawu,1,1,文旅活力,neg,"[""文旅活力""]",文旅活力,"城市更新""十五五""规划(文脉保护;文旅)",文旅品牌;节假日活动组织,"[[""urban_operation"", ""事件"", ""主""], [""urban_operation"", ""文化"", ""次""]]",0.89,1,111.281221,30.69714
ermawu_T1_00616,ermawu,sim_ermawu_l3l4,期待焕新效果,文旅活力,urban_operation,事件,0.491,Neutral,neu,0.505,0.824,0.716,盼,历史街区,2025-02-05,2025-02 春节·二马路一期开街爆满,0.782,aspect,文旅活力,ermawu,ermawu,1,1,文旅活力,neu,"[""文旅活力""]",文旅活力,"城市更新""十五五""规划(文脉保护;文旅)",文旅品牌;节假日活动组织,"[[""urban_operation"", ""事件"", ""主""], [""urban_operation"", ""文化"", ""次""]]",0.883,1,111.281819,30.699999
ermawu_T1_00617,ermawu,sim_ermawu_l3l4,回迁政策还在等落实,回迁安置,urban_renewal,服务,0.482,Neutral,neu,0.667,0.876,0.851,盼,历史街区,2025-02-04,2025-02 春节·二马路一期开街爆满,0.762,aspect,回迁安置,ermawu,ermawu,1,1,回迁安置,neu,"[""回迁安置""]",回迁安置,防止大拆大建通知(不大规模搬迁原住民),回迁安置;原住民保留,"[[""urban_renewal"", ""服务"", ""主""], [""urban_governance"", ""服务"", ""次""]]",0.81,0,111.279233,30.694141
ermawu_T1_00618,ermawu,sim_ermawu_l3l4,业态单一，逛一次就够,业态丰富度,urban_operation,服务,0.177,Negative,neg,0.837,0.947,0.912,愁,历史街区,2025-02-05,2025-02 春节·二马路一期开街爆满,0.862,aspect,业态丰富度,ermawu,ermawu,1,1,业态丰富度,neg,"[""业态丰富度""]",业态丰富度,关于持续推进城市更新行动的意见(业态引导),业态多元化引导;业态调整,"[[""urban_operation"", ""服务"", ""主""], [""urban_renewal"", ""服务"", ""次""]]",0.728,0,111.276507,30.698038
ermawu_T1_00619,ermawu,sim_ermawu_l3l4,盼着开街呢，老街改造进度有点慢,文旅活力,urban_operation,事件,0.491,Neutral,neu,0.784,0.895,0.729,急,历史街区,2025-02-01,2025-02 春节·二马路一期开街爆满,0.426,aspect,文旅活力,ermawu,ermawu,1,1,文旅活力,neu,"[""文旅活力""]",文旅活力,"城市更新""十五五""规划(文脉保护;文旅)",文旅品牌;节假日活动组织,"[[""urban_operation"", ""事件"", ""主""], [""urban_operation"", ""文化"", ""次""]]",0.684,1,111.2818,30.693649
ermawu_T1_00620,ermawu,sim_ermawu_l3l4,人多秩序乱，占道,垃圾秩序,urban_governance,环境,0.398,Very Negative,neg,0.92,0.818,0.784,怒,历史街区,2025-02-04,2025-02 春节·二马路一期开街爆满,0.844,aspect,垃圾秩序,ermawu,ermawu,1,1,垃圾秩序,neg,"[""垃圾秩序""]",垃圾秩序,城市更新行动意见(市容治理),市容环境治理;垃圾分类,"[[""urban_governance"", ""环境"", ""主""], [""urban_governance"", ""服务"", ""次""]]",0.752,0,111.276944,30.697165
ermawu_T1_00621,ermawu,sim_ermawu_l3l4,回迁政策还在等落实,回迁安置,urban_renewal,服务,0.474,Neutral,neu,0.796,0.758,0.915,盼,历史街区,2025-02-10,2025-02 春节·二马路一期开街爆满,0.767,aspect,回迁安置,ermawu,ermawu,1,1,回迁安置,neu,"[""回迁安置""]",回迁安置,防止大拆大建通知(不大规模搬迁原住民),回迁安置;原住民保留,"[[""urban_renewal"", ""服务"", ""主""], [""urban_governance"", ""服务"", ""次""]]",0.896,0,111.288399,30.694924
ermawu_T1_00622,ermawu,sim_ermawu_l3l4,回迁安置拖很久,回迁安置,urban_renewal,服务,0.169,Very Negative,neg,0.849,0.793,0.731,哀,历史街区,2025-02-05,2025-02 春节·二马路一期开街爆满,0.8,aspect,回迁安置,ermawu,ermawu,1,1,回迁安置,neg,"[""回迁安置""]",回迁安置,防止大拆大建通知(不大规模搬迁原住民),回迁安置;原住民保留,"[[""urban_renewal"", ""服务"", ""主""], [""urban_governance"", ""服务"", ""次""]]",0.86,0,111.277277,30.698371
ermawu_T1_00623,ermawu,sim_ermawu_l3l4,烟火气没了，商业化太重,烟火气保留,urban_renewal,文化,0.294,Negative,neg,0.901,0.806,0.881,怒,历史街区,2025-02-09,2025-02 春节·二马路一期开街爆满,0.854,aspect,烟火气保留,ermawu,ermawu,1,1,烟火气保留,neg,"[""烟火气保留""]",烟火气保留,防止大拆大建通知(留改拆·留底线),历史街区保护更新;社区营造,"[[""urban_renewal"", ""文化"", ""主""], [""urban_renewal"", ""环境"", ""次""]]",0.745,0,111.280489,30.695425
ermawu_T1_00624,ermawu,sim_ermawu_l3l4,文旅复苏，老街活了,文旅活力,urban_operation,事件,0.737,Very Positive,pos,0.729,0.772,0.867,喜,历史街区,2025-02-09,2025-02 春节·二马路一期开街爆满,0.518,aspect,文旅活力,ermawu,ermawu,1,1,文旅活力,pos,"[""文旅活力""]",文旅活力,"城市更新""十五五""规划(文脉保护;文旅)",文旅品牌;节假日活动组织,"[[""urban_operation"", ""事件"", ""主""], [""urban_operation"", ""文化"", ""次""]]",0.908,1,111.28403,30.693255
ermawu_T1_00625,ermawu,sim_ermawu_l3l4,施工快收尾了，忍忍,施工扰民,urban_governance,环境,0.506,Neutral,neu,0.452,0.894,0.901,盼,历史街区,2025-02-04,2025-02 春节·二马路一期开街爆满,0.493,aspect,施工扰民,ermawu,ermawu,1,1,施工扰民,neu,"[""施工扰民""]",施工扰民,城市体检评估管理办法(施工期扰民),老旧小区改造;施工组织优化,"[[""urban_governance"", ""环境"", ""主""], [""urban_renewal"", ""设施"", ""次""]]",0.87,0,111.278435,30.699729
ermawu_T1_00626,ermawu,sim_ermawu_l3l4,人太多挤得慌，根本走不动,文旅活力,urban_operation,事件,0.343,Negative,neg,0.9,0.85,0.821,哀,历史街区,2025-02-06,2025-02 春节·二马路一期开街爆满,0.839,aspect,文旅活力,ermawu,ermawu,1,1,文旅活力,neg,"[""文旅活力""]",文旅活力,"城市更新""十五五""规划(文脉保护;文旅)",文旅品牌;节假日活动组织,"[[""urban_operation"", ""事件"", ""主""], [""urban_operation"", ""文化"", ""次""]]",0.715,1,111.275725,30.700045
ermawu_T1_00627,ermawu,sim_ermawu_l3l4,期待焕新效果,文旅活力,urban_operation,事件,0.442,Neutral,neu,0.786,0.806,0.783,急,历史街区,2025-02-08,2025-02 春节·二马路一期开街爆满,0.492,aspect,文旅活力,ermawu,ermawu,1,1,文旅活力,neu,"[""文旅活力""]",文旅活力,"城市更新""十五五""规划(文脉保护;文旅)",文旅品牌;节假日活动组织,"[[""urban_operation"", ""事件"", ""主""], [""urban_operation"", ""文化"", ""次""]]",0.767,1,111.284482,30.690065
ermawu_T1_00628,ermawu,sim_ermawu_l3l4,回迁户型不满意,回迁安置,urban_renewal,服务,0.06,Very Negative,neg,0.78,0.744,0.874,愁,历史街区,2025-02-09,2025-02 春节·二马路一期开街爆满,0.87,aspect,回迁安置,ermawu,ermawu,1,1,回迁安置,neg,"[""回迁安置""]",回迁安置,防止大拆大建通知(不大规模搬迁原住民),回迁安置;原住民保留,"[[""urban_renewal"", ""服务"", ""主""], [""urban_governance"", ""服务"", ""次""]]",0.778,0,111.283565,30.693545
ermawu_T1_00629,ermawu,sim_ermawu_l3l4,配套停车跟不上热度,停车难,urban_governance,设施,0.397,Negative,neg,0.813,0.76,0.874,哀,历史街区,2025-02-03,2025-02 春节·二马路一期开街爆满,0.81,aspect,停车难,ermawu,ermawu,1,1,停车难,neg,"[""停车难""]",停车难,完整社区(配套设施补齐);一刻钟生活圈,停车设施补齐;配套完善,"[[""urban_governance"", ""设施"", ""主""], [""urban_planning"", ""设施"", ""次""]]",0.897,0,111.278611,30.696051
ermawu_T1_00630,ermawu,sim_ermawu_l3l4,业态还在调整中,业态丰富度,urban_operation,服务,0.466,Neutral,neu,0.405,0.754,0.86,急,历史街区,2025-02-01,2025-02 春节·二马路一期开街爆满,0.688,aspect,业态丰富度,ermawu,ermawu,1,1,业态丰富度,neu,"[""业态丰富度""]",业态丰富度,关于持续推进城市更新行动的意见(业态引导),业态多元化引导;业态调整,"[[""urban_operation"", ""服务"", ""主""], [""urban_renewal"", ""服务"", ""次""]]",0.697,0,111.280408,30.691628
ermawu_T1_00631,ermawu,sim_ermawu_l3l4,期待焕新效果,文旅活力,urban_operation,事件,0.573,Neutral,neu,0.613,0.873,0.782,急,历史街区,2025-02-08,2025-02 春节·二马路一期开街爆满,0.634,aspect,文旅活力,ermawu,ermawu,1,1,文旅活力,neu,"[""文旅活力""]",文旅活力,"城市更新""十五五""规划(文脉保护;文旅)",文旅品牌;节假日活动组织,"[[""urban_operation"", ""事件"", ""主""], [""urban_operation"", ""文化"", ""次""]]",0.806,1,111.280577,30.695243
ermawu_T1_00632,ermawu,sim_ermawu_l3l4,烟火气这东西见仁见智,烟火气保留,urban_renewal,文化,0.554,Neutral,neu,0.736,0.749,0.807,盼,历史街区,2025-02-01,2025-02 春节·二马路一期开街爆满,0.453,aspect,烟火气保留,ermawu,ermawu,1,1,烟火气保留,neu,"[""烟火气保留""]",烟火气保留,防止大拆大建通知(留改拆·留底线),历史街区保护更新;社区营造,"[[""urban_renewal"", ""文化"", ""主""], [""urban_renewal"", ""环境"", ""次""]]",0.717,0,111.277637,30.696562
ermawu_T1_00633,ermawu,sim_ermawu_l3l4,回迁户型不满意,回迁安置,urban_renewal,服务,0.164,Very Negative,neg,0.516,0.837,0.777,怒,历史街区,2025-02-03,2025-02 春节·二马路一期开街爆满,0.866,aspect,回迁安置,ermawu,ermawu,1,1,回迁安置,neg,"[""回迁安置""]",回迁安置,防止大拆大建通知(不大规模搬迁原住民),回迁安置;原住民保留,"[[""urban_renewal"", ""服务"", ""主""], [""urban_governance"", ""服务"", ""次""]]",0.81,0,111.277247,30.697274
ermawu_T1_00634,ermawu,sim_ermawu_l3l4,业态还在调整中,业态丰富度,urban_operation,服务,0.424,Neutral,neu,0.351,0.855,0.738,急,历史街区,2025-02-03,2025-02 春节·二马路一期开街爆满,0.402,aspect,业态丰富度,ermawu,ermawu,1,1,业态丰富度,neu,"[""业态丰富度""]",业态丰富度,关于持续推进城市更新行动的意见(业态引导),业态多元化引导;业态调整,"[[""urban_operation"", ""服务"", ""主""], [""urban_renewal"", ""服务"", ""次""]]",0.903,0,111.286771,30.695937
ermawu_T1_00635,ermawu,sim_ermawu_l3l4,人多秩序乱，占道,垃圾秩序,urban_governance,环境,0.094,Very Negative,neg,0.709,0.846,0.728,哀,历史街区,2025-02-01,2025-02 春节·二马路一期开街爆满,0.682,aspect,垃圾秩序,ermawu,ermawu,1,1,垃圾秩序,neg,"[""垃圾秩序""]",垃圾秩序,城市更新行动意见(市容治理),市容环境治理;垃圾分类,"[[""urban_governance"", ""环境"", ""主""], [""urban_governance"", ""服务"", ""次""]]",0.838,0,111.276616,30.701925
ermawu_T1_00636,ermawu,sim_ermawu_l3l4,节假日停车地狱,停车难,urban_governance,设施,0.309,Very Negative,neg,0.747,0.834,0.902,哀,历史街区,2025-02-02,2025-02 春节·二马路一期开街爆满,0.528,aspect,停车难,ermawu,ermawu,1,1,停车难,neg,"[""停车难""]",停车难,完整社区(配套设施补齐);一刻钟生活圈,停车设施补齐;配套完善,"[[""urban_governance"", ""设施"", ""主""], [""urban_planning"", ""设施"", ""次""]]",0.69,0,111.275754,30.699649
ermawu_T1_00637,ermawu,sim_ermawu_l3l4,回迁户型不满意,回迁安置,urban_renewal,服务,0.311,Negative,neg,0.828,0.727,0.864,愁,历史街区,2025-02-02,2025-02 春节·二马路一期开街爆满,0.437,aspect,回迁安置,ermawu,ermawu,1,1,回迁安置,neg,"[""回迁安置""]",回迁安置,防止大拆大建通知(不大规模搬迁原住民),回迁安置;原住民保留,"[[""urban_renewal"", ""服务"", ""主""], [""urban_governance"", ""服务"", ""次""]]",0.767,0,111.285068,30.693072
ermawu_T1_00638,ermawu,sim_ermawu_l3l4,期待焕新效果,文旅活力,urban_operation,事件,0.596,Neutral,neu,0.429,0.818,0.811,盼,历史街区,2025-02-07,2025-02 春节·二马路一期开街爆满,0.656,aspect,文旅活力,ermawu,ermawu,1,1,文旅活力,neu,"[""文旅活力""]",文旅活力,"城市更新""十五五""规划(文脉保护;文旅)",文旅品牌;节假日活动组织,"[[""urban_operation"", ""事件"", ""主""], [""urban_operation"", ""文化"", ""次""]]",0.693,1,111.279402,30.698528
ermawu_T1_00639,ermawu,sim_ermawu_l3l4,施工快收尾了，忍忍,施工扰民,urban_governance,环境,0.569,Neutral,neu,0.743,0.832,0.794,盼,历史街区,2025-02-01,2025-02 春节·二马路一期开街爆满,0.705,aspect,施工扰民,ermawu,ermawu,1,1,施工扰民,neu,"[""施工扰民""]",施工扰民,城市体检评估管理办法(施工期扰民),老旧小区改造;施工组织优化,"[[""urban_governance"", ""环境"", ""主""], [""urban_renewal"", ""设施"", ""次""]]",0.895,0,111.287488,30.696562
ermawu_T1_00640,ermawu,sim_ermawu_l3l4,连锁店太多，没特色,业态丰富度,urban_operation,服务,0.359,Very Negative,neg,0.618,0.941,0.745,怒,历史街区,2025-02-05,2025-02 春节·二马路一期开街爆满,0.759,aspect,业态丰富度,ermawu,ermawu,1,1,业态丰富度,neg,"[""业态丰富度""]",业态丰富度,关于持续推进城市更新行动的意见(业态引导),业态多元化引导;业态调整,"[[""urban_operation"", ""服务"", ""主""], [""urban_renewal"", ""服务"", ""次""]]",0.895,0,111.279375,30.697857
ermawu_T1_00641,ermawu,sim_ermawu_l3l4,改造还在施工，吵得受不了,施工扰民,urban_governance,环境,0.293,Very Negative,neg,0.838,0.762,0.873,怒,历史街区,2025-02-02,2025-02 春节·二马路一期开街爆满,0.683,aspect,施工扰民,ermawu,ermawu,1,1,施工扰民,neg,"[""施工扰民""]",施工扰民,城市体检评估管理办法(施工期扰民),老旧小区改造;施工组织优化,"[[""urban_governance"", ""环境"", ""主""], [""urban_renewal"", ""设施"", ""次""]]",0.87,0,111.282224,30.693807
ermawu_T1_00642,ermawu,sim_ermawu_l3l4,施工绕行太麻烦,施工扰民,urban_governance,环境,0.363,Negative,neg,0.693,0.767,0.867,愁,历史街区,2025-02-10,2025-02 春节·二马路一期开街爆满,0.554,aspect,施工扰民,ermawu,ermawu,1,1,施工扰民,neg,"[""施工扰民""]",施工扰民,城市体检评估管理办法(施工期扰民),老旧小区改造;施工组织优化,"[[""urban_governance"", ""环境"", ""主""], [""urban_renewal"", ""设施"", ""次""]]",0.788,0,111.275798,30.69784
ermawu_T1_00643,ermawu,sim_ermawu_l3l4,人多秩序乱，占道,垃圾秩序,urban_governance,环境,0.176,Negative,neg,0.769,0.842,0.722,愁,历史街区,2025-02-09,2025-02 春节·二马路一期开街爆满,0.732,aspect,垃圾秩序,ermawu,ermawu,1,1,垃圾秩序,neg,"[""垃圾秩序""]",垃圾秩序,城市更新行动意见(市容治理),市容环境治理;垃圾分类,"[[""urban_governance"", ""环境"", ""主""], [""urban_governance"", ""服务"", ""次""]]",0.75,0,111.277924,30.698346
ermawu_T1_00644,ermawu,sim_ermawu_l3l4,老味道流失，可惜,烟火气保留,urban_renewal,文化,0.18,Negative,neg,0.779,0.821,0.754,愁,历史街区,2025-02-04,2025-02 春节·二马路一期开街爆满,0.424,aspect,烟火气保留,ermawu,ermawu,1,1,烟火气保留,neg,"[""烟火气保留""]",烟火气保留,防止大拆大建通知(留改拆·留底线),历史街区保护更新;社区营造,"[[""urban_renewal"", ""文化"", ""主""], [""urban_renewal"", ""环境"", ""次""]]",0.751,0,111.28023,30.695206
ermawu_T1_00645,ermawu,sim_ermawu_l3l4,节假日保洁跟不上,垃圾秩序,urban_governance,环境,0.159,Very Negative,neg,0.783,0.816,0.777,哀,历史街区,2025-02-07,2025-02 春节·二马路一期开街爆满,0.568,aspect,垃圾秩序,ermawu,ermawu,1,1,垃圾秩序,neg,"[""垃圾秩序""]",垃圾秩序,城市更新行动意见(市容治理),市容环境治理;垃圾分类,"[[""urban_governance"", ""环境"", ""主""], [""urban_governance"", ""服务"", ""次""]]",0.681,0,111.282127,30.697735
ermawu_T1_00646,ermawu,sim_ermawu_l3l4,业态还在调整中,业态丰富度,urban_operation,服务,0.481,Neutral,neu,0.5,0.839,0.753,盼,历史街区,2025-02-06,2025-02 春节·二马路一期开街爆满,0.576,aspect,业态丰富度,ermawu,ermawu,1,1,业态丰富度,neu,"[""业态丰富度""]",业态丰富度,关于持续推进城市更新行动的意见(业态引导),业态多元化引导;业态调整,"[[""urban_operation"", ""服务"", ""主""], [""urban_renewal"", ""服务"", ""次""]]",0.846,0,111.27795,30.699575
ermawu_T1_00647,ermawu,sim_ermawu_l3l4,配套停车跟不上热度,停车难,urban_governance,设施,0.29,Negative,neg,0.664,0.739,0.818,怒,历史街区,2025-02-06,2025-02 春节·二马路一期开街爆满,0.709,aspect,停车难,ermawu,ermawu,1,1,停车难,neg,"[""停车难""]",停车难,完整社区(配套设施补齐);一刻钟生活圈,停车设施补齐;配套完善,"[[""urban_governance"", ""设施"", ""主""], [""urban_planning"", ""设施"", ""次""]]",0.871,0,111.27442,30.698545
ermawu_T1_00648,ermawu,sim_ermawu_l3l4,文创老店+特色美食，业态丰富,业态丰富度,urban_operation,服务,0.68,Positive,pos,0.37,0.919,0.74,喜,历史街区,2025-02-01,2025-02 春节·二马路一期开街爆满,0.548,aspect,业态丰富度,ermawu,ermawu,1,1,业态丰富度,pos,"[""业态丰富度""]",业态丰富度,关于持续推进城市更新行动的意见(业态引导),业态多元化引导;业态调整,"[[""urban_operation"", ""服务"", ""主""], [""urban_renewal"", ""服务"", ""次""]]",0.742,0,111.27952,30.698219
ermawu_T1_00649,ermawu,sim_ermawu_l3l4,节假日保洁跟不上,垃圾秩序,urban_governance,环境,0.282,Very Negative,neg,0.704,0.773,0.711,哀,历史街区,2025-02-10,2025-02 春节·二马路一期开街爆满,0.415,aspect,垃圾秩序,ermawu,ermawu,1,1,垃圾秩序,neg,"[""垃圾秩序""]",垃圾秩序,城市更新行动意见(市容治理),市容环境治理;垃圾分类,"[[""urban_governance"", ""环境"", ""主""], [""urban_governance"", ""服务"", ""次""]]",0.874,0,111.277767,30.700962
ermawu_T1_00650,ermawu,sim_ermawu_l3l4,盼着开街呢，老街改造进度有点慢,文旅活力,urban_operation,事件,0.442,Neutral,neu,0.356,0.828,0.843,盼,历史街区,2025-02-08,2025-02 春节·二马路一期开街爆满,0.461,aspect,文旅活力,ermawu,ermawu,1,1,文旅活力,neu,"[""文旅活力""]",文旅活力,"城市更新""十五五""规划(文脉保护;文旅)",文旅品牌;节假日活动组织,"[[""urban_operation"", ""事件"", ""主""], [""urban_operation"", ""文化"", ""次""]]",0.869,1,111.277165,30.695831
ermawu_T1_00651,ermawu,sim_ermawu_l3l4,原住民迁走，没了生活气,烟火气保留,urban_renewal,文化,0.213,Very Negative,neg,0.523,0.806,0.888,哀,历史街区,2025-02-07,2025-02 春节·二马路一期开街爆满,0.485,aspect,烟火气保留,ermawu,ermawu,1,1,烟火气保留,neg,"[""烟火气保留""]",烟火气保留,防止大拆大建通知(留改拆·留底线),历史街区保护更新;社区营造,"[[""urban_renewal"", ""文化"", ""主""], [""urban_renewal"", ""环境"", ""次""]]",0.882,0,111.277654,30.70004
ermawu_T1_00652,ermawu,sim_ermawu_l3l4,盼着开街呢，老街改造进度有点慢,文旅活力,urban_operation,事件,0.545,Neutral,neu,0.303,0.787,0.756,急,历史街区,2025-02-04,2025-02 春节·二马路一期开街爆满,0.428,aspect,文旅活力,ermawu,ermawu,1,1,文旅活力,neu,"[""文旅活力""]",文旅活力,"城市更新""十五五""规划(文脉保护;文旅)",文旅品牌;节假日活动组织,"[[""urban_operation"", ""事件"", ""主""], [""urban_operation"", ""文化"", ""次""]]",0.88,1,111.280611,30.696976
ermawu_T1_00653,ermawu,sim_ermawu_l3l4,施工期灰尘大,施工扰民,urban_governance,环境,0.337,Very Negative,neg,0.782,0.864,0.772,怒,历史街区,2025-02-06,2025-02 春节·二马路一期开街爆满,0.472,aspect,施工扰民,ermawu,ermawu,1,1,施工扰民,neg,"[""施工扰民""]",施工扰民,城市体检评估管理办法(施工期扰民),老旧小区改造;施工组织优化,"[[""urban_governance"", ""环境"", ""主""], [""urban_renewal"", ""设施"", ""次""]]",0.84,0,111.285766,30.696142
ermawu_T1_00654,ermawu,sim_ermawu_l3l4,业态单一，逛一次就够,业态丰富度,urban_operation,服务,0.306,Negative,neg,0.579,0.761,0.816,愁,历史街区,2025-02-04,2025-02 春节·二马路一期开街爆满,0.859,aspect,业态丰富度,ermawu,ermawu,1,1,业态丰富度,neg,"[""业态丰富度""]",业态丰富度,关于持续推进城市更新行动的意见(业态引导),业态多元化引导;业态调整,"[[""urban_operation"", ""服务"", ""主""], [""urban_renewal"", ""服务"", ""次""]]",0.874,0,111.287387,30.692149
ermawu_T1_00655,ermawu,sim_ermawu_l3l4,回迁户型不满意,回迁安置,urban_renewal,服务,0.244,Negative,neg,0.63,0.907,0.915,愁,历史街区,2025-02-06,2025-02 春节·二马路一期开街爆满,0.638,aspect,回迁安置,ermawu,ermawu,1,1,回迁安置,neg,"[""回迁安置""]",回迁安置,防止大拆大建通知(不大规模搬迁原住民),回迁安置;原住民保留,"[[""urban_renewal"", ""服务"", ""主""], [""urban_governance"", ""服务"", ""次""]]",0.919,0,111.284025,30.695198
ermawu_T1_00656,ermawu,sim_ermawu_l3l4,不变拆真改，原汁原味加分,修旧如旧,urban_renewal,文化,0.507,Neutral,neu,0.487,0.841,0.773,盼,历史街区,2025-02-06,2025-02 春节·二马路一期开街爆满,0.562,aspect,修旧如旧,ermawu,ermawu,1,1,修旧如旧,neu,"[""修旧如旧""]",修旧如旧,防止大拆大建通知;关于持续推进城市更新行动的意见,历史街区/历史文化街区保护更新,"[[""urban_renewal"", ""文化"", ""主""], [""urban_operation"", ""文化"", ""次""]]",0.778,0,111.28206,30.696333
ermawu_T1_00657,ermawu,sim_ermawu_l3l4,回迁户型不满意,回迁安置,urban_renewal,服务,0.061,Negative,neg,0.905,0.91,0.862,怒,历史街区,2025-02-06,2025-02 春节·二马路一期开街爆满,0.564,aspect,回迁安置,ermawu,ermawu,1,1,回迁安置,neg,"[""回迁安置""]",回迁安置,防止大拆大建通知(不大规模搬迁原住民),回迁安置;原住民保留,"[[""urban_renewal"", ""服务"", ""主""], [""urban_governance"", ""服务"", ""次""]]",0.741,0,111.277474,30.69891
ermawu_T1_00658,ermawu,sim_ermawu_l3l4,烟火气这东西见仁见智,烟火气保留,urban_renewal,文化,0.462,Neutral,neu,0.72,0.864,0.842,盼,历史街区,2025-02-04,2025-02 春节·二马路一期开街爆满,0.69,aspect,烟火气保留,ermawu,ermawu,1,1,烟火气保留,neu,"[""烟火气保留""]",烟火气保留,防止大拆大建通知(留改拆·留底线),历史街区保护更新;社区营造,"[[""urban_renewal"", ""文化"", ""主""], [""urban_renewal"", ""环境"", ""次""]]",0.725,0,111.281791,30.692728
ermawu_T1_00659,ermawu,sim_ermawu_l3l4,期待焕新效果,文旅活力,urban_operation,事件,0.433,Neutral,neu,0.318,0.825,0.901,盼,历史街区,2025-02-04,2025-02 春节·二马路一期开街爆满,0.422,aspect,文旅活力,ermawu,ermawu,1,1,文旅活力,neu,"[""文旅活力""]",文旅活力,"城市更新""十五五""规划(文脉保护;文旅)",文旅品牌;节假日活动组织,"[[""urban_operation"", ""事件"", ""主""], [""urban_operation"", ""文化"", ""次""]]",0.694,1,111.274753,30.695717
ermawu_T1_00660,ermawu,sim_ermawu_l3l4,开街后保洁跟上了,垃圾秩序,urban_governance,环境,0.489,Neutral,neu,0.698,0.734,0.702,急,历史街区,2025-02-04,2025-02 春节·二马路一期开街爆满,0.656,aspect,垃圾秩序,ermawu,ermawu,1,1,垃圾秩序,neu,"[""垃圾秩序""]",垃圾秩序,城市更新行动意见(市容治理),市容环境治理;垃圾分类,"[[""urban_governance"", ""环境"", ""主""], [""urban_governance"", ""服务"", ""次""]]",0.747,0,111.284027,30.691619
ermawu_T1_00661,ermawu,sim_ermawu_l3l4,业态还在调整中,业态丰富度,urban_operation,服务,0.522,Neutral,neu,0.665,0.923,0.765,盼,历史街区,2025-02-08,2025-02 春节·二马路一期开街爆满,0.534,aspect,业态丰富度,ermawu,ermawu,1,1,业态丰富度,neu,"[""业态丰富度""]",业态丰富度,关于持续推进城市更新行动的意见(业态引导),业态多元化引导;业态调整,"[[""urban_operation"", ""服务"", ""主""], [""urban_renewal"", ""服务"", ""次""]]",0.691,0,111.28551,30.694956
ermawu_T1_00662,ermawu,sim_ermawu_l3l4,施工绕行太麻烦,施工扰民,urban_governance,环境,0.373,Very Negative,neg,0.596,0.905,0.742,哀,历史街区,2025-02-10,2025-02 春节·二马路一期开街爆满,0.435,aspect,施工扰民,ermawu,ermawu,1,1,施工扰民,neg,"[""施工扰民""]",施工扰民,城市体检评估管理办法(施工期扰民),老旧小区改造;施工组织优化,"[[""urban_governance"", ""环境"", ""主""], [""urban_renewal"", ""设施"", ""次""]]",0.771,0,111.281275,30.698276
ermawu_T1_00663,ermawu,sim_ermawu_l3l4,盼着开街呢，老街改造进度有点慢,文旅活力,urban_operation,事件,0.449,Neutral,neu,0.369,0.83,0.83,盼,历史街区,2025-02-06,2025-02 春节·二马路一期开街爆满,0.475,aspect,文旅活力,ermawu,ermawu,1,1,文旅活力,neu,"[""文旅活力""]",文旅活力,"城市更新""十五五""规划(文脉保护;文旅)",文旅品牌;节假日活动组织,"[[""urban_operation"", ""事件"", ""主""], [""urban_operation"", ""文化"", ""次""]]",0.898,1,111.277288,30.699335
ermawu_T1_00664,ermawu,sim_ermawu_l3l4,节假日停车地狱,停车难,urban_governance,设施,0.386,Negative,neg,0.909,0.739,0.704,哀,历史街区,2025-02-09,2025-02 春节·二马路一期开街爆满,0.899,aspect,停车难,ermawu,ermawu,1,1,停车难,neg,"[""停车难""]",停车难,完整社区(配套设施补齐);一刻钟生活圈,停车设施补齐;配套完善,"[[""urban_governance"", ""设施"", ""主""], [""urban_planning"", ""设施"", ""次""]]",0.768,0,111.285681,30.695641
ermawu_T1_00665,ermawu,sim_ermawu_l3l4,业态单一，逛一次就够,业态丰富度,urban_operation,服务,0.313,Negative,neg,0.719,0.87,0.867,怒,历史街区,2025-02-10,2025-02 春节·二马路一期开街爆满,0.673,aspect,业态丰富度,ermawu,ermawu,1,1,业态丰富度,neg,"[""业态丰富度""]",业态丰富度,关于持续推进城市更新行动的意见(业态引导),业态多元化引导;业态调整,"[[""urban_operation"", ""服务"", ""主""], [""urban_renewal"", ""服务"", ""次""]]",0.706,0,111.275141,30.695391
ermawu_T1_00666,ermawu,sim_ermawu_l3l4,施工绕行太麻烦,施工扰民,urban_governance,环境,0.314,Negative,neg,0.623,0.849,0.73,哀,历史街区,2025-02-10,2025-02 春节·二马路一期开街爆满,0.415,aspect,施工扰民,ermawu,ermawu,1,1,施工扰民,neg,"[""施工扰民""]",施工扰民,城市体检评估管理办法(施工期扰民),老旧小区改造;施工组织优化,"[[""urban_governance"", ""环境"", ""主""], [""urban_renewal"", ""设施"", ""次""]]",0.947,0,111.274165,30.698282
ermawu_T1_00667,ermawu,sim_ermawu_l3l4,业态单一，逛一次就够,业态丰富度,urban_operation,服务,0.088,Negative,neg,0.597,0.779,0.862,愁,历史街区,2025-02-07,2025-02 春节·二马路一期开街爆满,0.737,aspect,业态丰富度,ermawu,ermawu,1,1,业态丰富度,neg,"[""业态丰富度""]",业态丰富度,关于持续推进城市更新行动的意见(业态引导),业态多元化引导;业态调整,"[[""urban_operation"", ""服务"", ""主""], [""urban_renewal"", ""服务"", ""次""]]",0.726,0,111.279483,30.69631
ermawu_T1_00668,ermawu,sim_ermawu_l3l4,施工绕行太麻烦,施工扰民,urban_governance,环境,0.092,Very Negative,neg,0.695,0.735,0.747,愁,历史街区,2025-02-03,2025-02 春节·二马路一期开街爆满,0.765,aspect,施工扰民,ermawu,ermawu,1,1,施工扰民,neg,"[""施工扰民""]",施工扰民,城市体检评估管理办法(施工期扰民),老旧小区改造;施工组织优化,"[[""urban_governance"", ""环境"", ""主""], [""urban_renewal"", ""设施"", ""次""]]",0.832,0,111.280609,30.696258
ermawu_T1_00669,ermawu,sim_ermawu_l3l4,开街后保洁跟上了,垃圾秩序,urban_governance,环境,0.555,Neutral,neu,0.582,0.768,0.85,急,历史街区,2025-02-07,2025-02 春节·二马路一期开街爆满,0.435,aspect,垃圾秩序,ermawu,ermawu,1,1,垃圾秩序,neu,"[""垃圾秩序""]",垃圾秩序,城市更新行动意见(市容治理),市容环境治理;垃圾分类,"[[""urban_governance"", ""环境"", ""主""], [""urban_governance"", ""服务"", ""次""]]",0.813,0,111.278964,30.697539
ermawu_T1_00670,ermawu,sim_ermawu_l3l4,业态还在调整中,业态丰富度,urban_operation,服务,0.558,Neutral,neu,0.567,0.871,0.899,盼,历史街区,2025-02-03,2025-02 春节·二马路一期开街爆满,0.589,aspect,业态丰富度,ermawu,ermawu,1,1,业态丰富度,neu,"[""业态丰富度""]",业态丰富度,关于持续推进城市更新行动的意见(业态引导),业态多元化引导;业态调整,"[[""urban_operation"", ""服务"", ""主""], [""urban_renewal"", ""服务"", ""次""]]",0.863,0,111.278028,30.697669
ermawu_T1_00671,ermawu,sim_ermawu_l3l4,改造还在施工，吵得受不了,施工扰民,urban_governance,环境,0.042,Very Negative,neg,0.538,0.925,0.878,愁,历史街区,2025-02-03,2025-02 春节·二马路一期开街爆满,0.522,aspect,施工扰民,ermawu,ermawu,1,1,施工扰民,neg,"[""施工扰民""]",施工扰民,城市体检评估管理办法(施工期扰民),老旧小区改造;施工组织优化,"[[""urban_governance"", ""环境"", ""主""], [""urban_renewal"", ""设施"", ""次""]]",0.805,0,111.278567,30.694851
ermawu_T1_00672,ermawu,sim_ermawu_l3l4,改造还在施工，吵得受不了,施工扰民,urban_governance,环境,0.282,Negative,neg,0.728,0.858,0.736,怒,历史街区,2025-02-04,2025-02 春节·二马路一期开街爆满,0.548,aspect,施工扰民,ermawu,ermawu,1,1,施工扰民,neg,"[""施工扰民""]",施工扰民,城市体检评估管理办法(施工期扰民),老旧小区改造;施工组织优化,"[[""urban_governance"", ""环境"", ""主""], [""urban_renewal"", ""设施"", ""次""]]",0.835,0,111.279478,30.694372
ermawu_T1_00673,ermawu,sim_ermawu_l3l4,施工快收尾了，忍忍,施工扰民,urban_governance,环境,0.491,Neutral,neu,0.563,0.868,0.888,盼,历史街区,2025-02-01,2025-02 春节·二马路一期开街爆满,0.42,aspect,施工扰民,ermawu,ermawu,1,1,施工扰民,neu,"[""施工扰民""]",施工扰民,城市体检评估管理办法(施工期扰民),老旧小区改造;施工组织优化,"[[""urban_governance"", ""环境"", ""主""], [""urban_renewal"", ""设施"", ""次""]]",0.934,0,111.281617,30.696505
ermawu_T1_00674,ermawu,sim_ermawu_l3l4,施工期灰尘大,施工扰民,urban_governance,环境,0.396,Very Negative,neg,0.549,0.863,0.772,哀,历史街区,2025-02-07,2025-02 春节·二马路一期开街爆满,0.694,aspect,施工扰民,ermawu,ermawu,1,1,施工扰民,neg,"[""施工扰民""]",施工扰民,城市体检评估管理办法(施工期扰民),老旧小区改造;施工组织优化,"[[""urban_governance"", ""环境"", ""主""], [""urban_renewal"", ""设施"", ""次""]]",0.731,0,111.287116,30.697935
ermawu_T1_00675,ermawu,sim_ermawu_l3l4,改造还在施工，吵得受不了,施工扰民,urban_governance,环境,0.143,Negative,neg,0.681,0.866,0.903,愁,历史街区,2025-02-07,2025-02 春节·二马路一期开街爆满,0.701,aspect,施工扰民,ermawu,ermawu,1,1,施工扰民,neg,"[""施工扰民""]",施工扰民,城市体检评估管理办法(施工期扰民),老旧小区改造;施工组织优化,"[[""urban_governance"", ""环境"", ""主""], [""urban_renewal"", ""设施"", ""次""]]",0.72,0,111.275741,30.699227
ermawu_T1_00676,ermawu,sim_ermawu_l3l4,盼着开街呢，老街改造进度有点慢,文旅活力,urban_operation,事件,0.556,Neutral,neu,0.521,0.806,0.722,急,历史街区,2025-02-08,2025-02 春节·二马路一期开街爆满,0.662,aspect,文旅活力,ermawu,ermawu,1,1,文旅活力,neu,"[""文旅活力""]",文旅活力,"城市更新""十五五""规划(文脉保护;文旅)",文旅品牌;节假日活动组织,"[[""urban_operation"", ""事件"", ""主""], [""urban_operation"", ""文化"", ""次""]]",0.909,1,111.285166,30.697678
ermawu_T1_00677,ermawu,sim_ermawu_l3l4,施工快收尾了，忍忍,施工扰民,urban_governance,环境,0.504,Neutral,neu,0.308,0.841,0.787,急,历史街区,2025-02-07,2025-02 春节·二马路一期开街爆满,0.828,aspect,施工扰民,ermawu,ermawu,1,1,施工扰民,neu,"[""施工扰民""]",施工扰民,城市体检评估管理办法(施工期扰民),老旧小区改造;施工组织优化,"[[""urban_governance"", ""环境"", ""主""], [""urban_renewal"", ""设施"", ""次""]]",0.839,0,111.283953,30.694105
ermawu_T1_00678,ermawu,sim_ermawu_l3l4,节假日保洁跟不上,垃圾秩序,urban_governance,环境,0.378,Very Negative,neg,0.909,0.729,0.866,愁,历史街区,2025-02-01,2025-02 春节·二马路一期开街爆满,0.461,aspect,垃圾秩序,ermawu,ermawu,1,1,垃圾秩序,neg,"[""垃圾秩序""]",垃圾秩序,城市更新行动意见(市容治理),市容环境治理;垃圾分类,"[[""urban_governance"", ""环境"", ""主""], [""urban_governance"", ""服务"", ""次""]]",0.876,0,111.280681,30.700726
ermawu_T1_00679,ermawu,sim_ermawu_l3l4,施工绕行太麻烦,施工扰民,urban_governance,环境,0.133,Negative,neg,0.825,0.76,0.819,愁,历史街区,2025-02-04,2025-02 春节·二马路一期开街爆满,0.827,aspect,施工扰民,ermawu,ermawu,1,1,施工扰民,neg,"[""施工扰民""]",施工扰民,城市体检评估管理办法(施工期扰民),老旧小区改造;施工组织优化,"[[""urban_governance"", ""环境"", ""主""], [""urban_renewal"", ""设施"", ""次""]]",0.789,0,111.28179,30.693253
ermawu_T1_00680,ermawu,sim_ermawu_l3l4,改造还在施工，吵得受不了,施工扰民,urban_governance,环境,0.354,Negative,neg,0.764,0.859,0.834,哀,历史街区,2025-02-05,2025-02 春节·二马路一期开街爆满,0.668,aspect,施工扰民,ermawu,ermawu,1,1,施工扰民,neg,"[""施工扰民""]",施工扰民,城市体检评估管理办法(施工期扰民),老旧小区改造;施工组织优化,"[[""urban_governance"", ""环境"", ""主""], [""urban_renewal"", ""设施"", ""次""]]",0.844,0,111.273779,30.700508
ermawu_T1_00681,ermawu,sim_ermawu_l3l4,节假日保洁跟不上,垃圾秩序,urban_governance,环境,0.193,Very Negative,neg,0.536,0.727,0.842,怒,历史街区,2025-02-04,2025-02 春节·二马路一期开街爆满,0.407,aspect,垃圾秩序,ermawu,ermawu,1,1,垃圾秩序,neg,"[""垃圾秩序""]",垃圾秩序,城市更新行动意见(市容治理),市容环境治理;垃圾分类,"[[""urban_governance"", ""环境"", ""主""], [""urban_governance"", ""服务"", ""次""]]",0.745,0,111.277169,30.698324
ermawu_T1_00682,ermawu,sim_ermawu_l3l4,施工期灰尘大,施工扰民,urban_governance,环境,0.308,Very Negative,neg,0.622,0.827,0.733,愁,历史街区,2025-02-06,2025-02 春节·二马路一期开街爆满,0.471,aspect,施工扰民,ermawu,ermawu,1,1,施工扰民,neg,"[""施工扰民""]",施工扰民,城市体检评估管理办法(施工期扰民),老旧小区改造;施工组织优化,"[[""urban_governance"", ""环境"", ""主""], [""urban_renewal"", ""设施"", ""次""]]",0.719,0,111.28395,30.694143
ermawu_T1_00683,ermawu,sim_ermawu_l3l4,业态还在调整中,业态丰富度,urban_operation,服务,0.488,Neutral,neu,0.385,0.822,0.829,盼,历史街区,2025-02-02,2025-02 春节·二马路一期开街爆满,0.837,aspect,业态丰富度,ermawu,ermawu,1,1,业态丰富度,neu,"[""业态丰富度""]",业态丰富度,关于持续推进城市更新行动的意见(业态引导),业态多元化引导;业态调整,"[[""urban_operation"", ""服务"", ""主""], [""urban_renewal"", ""服务"", ""次""]]",0.808,0,111.28538,30.693046
ermawu_T1_00684,ermawu,sim_ermawu_l3l4,回迁户型不满意,回迁安置,urban_renewal,服务,0.191,Very Negative,neg,0.925,0.877,0.884,怒,历史街区,2025-02-02,2025-02 春节·二马路一期开街爆满,0.575,aspect,回迁安置,ermawu,ermawu,1,1,回迁安置,neg,"[""回迁安置""]",回迁安置,防止大拆大建通知(不大规模搬迁原住民),回迁安置;原住民保留,"[[""urban_renewal"", ""服务"", ""主""], [""urban_governance"", ""服务"", ""次""]]",0.719,0,111.280967,30.696155
ermawu_T1_00685,ermawu,sim_ermawu_l3l4,开街后保洁跟上了,垃圾秩序,urban_governance,环境,0.526,Neutral,neu,0.329,0.876,0.882,盼,历史街区,2025-02-10,2025-02 春节·二马路一期开街爆满,0.627,aspect,垃圾秩序,ermawu,ermawu,1,1,垃圾秩序,neu,"[""垃圾秩序""]",垃圾秩序,城市更新行动意见(市容治理),市容环境治理;垃圾分类,"[[""urban_governance"", ""环境"", ""主""], [""urban_governance"", ""服务"", ""次""]]",0.938,0,111.275897,30.699657
ermawu_T1_00686,ermawu,sim_ermawu_l3l4,人多秩序乱，占道,垃圾秩序,urban_governance,环境,0.172,Negative,neg,0.866,0.767,0.795,哀,历史街区,2025-02-03,2025-02 春节·二马路一期开街爆满,0.516,aspect,垃圾秩序,ermawu,ermawu,1,1,垃圾秩序,neg,"[""垃圾秩序""]",垃圾秩序,城市更新行动意见(市容治理),市容环境治理;垃圾分类,"[[""urban_governance"", ""环境"", ""主""], [""urban_governance"", ""服务"", ""次""]]",0.797,0,111.278348,30.694236
ermawu_T1_00687,ermawu,sim_ermawu_l3l4,期待焕新效果,文旅活力,urban_operation,事件,0.576,Neutral,neu,0.399,0.773,0.895,盼,历史街区,2025-02-07,2025-02 春节·二马路一期开街爆满,0.425,aspect,文旅活力,ermawu,ermawu,1,1,文旅活力,neu,"[""文旅活力""]",文旅活力,"城市更新""十五五""规划(文脉保护;文旅)",文旅品牌;节假日活动组织,"[[""urban_operation"", ""事件"", ""主""], [""urban_operation"", ""文化"", ""次""]]",0.777,1,111.27496,30.700229
ermawu_T1_00688,ermawu,sim_ermawu_l3l4,开街后人气回来了，热闹得像过年,文旅活力,urban_operation,事件,0.946,Very Positive,pos,0.682,0.744,0.901,喜,历史街区,2025-02-04,2025-02 春节·二马路一期开街爆满,0.469,aspect,文旅活力,ermawu,ermawu,1,1,文旅活力,pos,"[""文旅活力""]",文旅活力,"城市更新""十五五""规划(文脉保护;文旅)",文旅品牌;节假日活动组织,"[[""urban_operation"", ""事件"", ""主""], [""urban_operation"", ""文化"", ""次""]]",0.885,1,111.277002,30.699476
ermawu_T1_00689,ermawu,sim_ermawu_l3l4,烟火气没了，商业化太重,烟火气保留,urban_renewal,文化,0.284,Very Negative,neg,0.83,0.897,0.909,愁,历史街区,2025-02-07,2025-02 春节·二马路一期开街爆满,0.569,aspect,烟火气保留,ermawu,ermawu,1,1,烟火气保留,neg,"[""烟火气保留""]",烟火气保留,防止大拆大建通知(留改拆·留底线),历史街区保护更新;社区营造,"[[""urban_renewal"", ""文化"", ""主""], [""urban_renewal"", ""环境"", ""次""]]",0.798,0,111.274418,30.699669
ermawu_T1_00690,ermawu,sim_ermawu_l3l4,节假日保洁跟不上,垃圾秩序,urban_governance,环境,0.216,Negative,neg,0.53,0.886,0.736,怒,历史街区,2025-02-10,2025-02 春节·二马路一期开街爆满,0.472,aspect,垃圾秩序,ermawu,ermawu,1,1,垃圾秩序,neg,"[""垃圾秩序""]",垃圾秩序,城市更新行动意见(市容治理),市容环境治理;垃圾分类,"[[""urban_governance"", ""环境"", ""主""], [""urban_governance"", ""服务"", ""次""]]",0.732,0,111.281158,30.691827
ermawu_T1_00691,ermawu,sim_ermawu_l3l4,业态还在调整中,业态丰富度,urban_operation,服务,0.47,Neutral,neu,0.433,0.887,0.802,盼,历史街区,2025-02-08,2025-02 春节·二马路一期开街爆满,0.493,aspect,业态丰富度,ermawu,ermawu,1,1,业态丰富度,neu,"[""业态丰富度""]",业态丰富度,关于持续推进城市更新行动的意见(业态引导),业态多元化引导;业态调整,"[[""urban_operation"", ""服务"", ""主""], [""urban_renewal"", ""服务"", ""次""]]",0.896,0,111.279999,30.697025
ermawu_T1_00692,ermawu,sim_ermawu_l3l4,停车太难，绕三圈找不到,停车难,urban_governance,设施,0.11,Very Negative,neg,0.656,0.761,0.761,愁,历史街区,2025-02-01,2025-02 春节·二马路一期开街爆满,0.829,aspect,停车难,ermawu,ermawu,1,1,停车难,neg,"[""停车难""]",停车难,完整社区(配套设施补齐);一刻钟生活圈,停车设施补齐;配套完善,"[[""urban_governance"", ""设施"", ""主""], [""urban_planning"", ""设施"", ""次""]]",0.8,0,111.285408,30.692545
ermawu_T1_00693,ermawu,sim_ermawu_l3l4,施工快收尾了，忍忍,施工扰民,urban_governance,环境,0.431,Neutral,neu,0.583,0.881,0.754,盼,历史街区,2025-02-02,2025-02 春节·二马路一期开街爆满,0.447,aspect,施工扰民,ermawu,ermawu,1,1,施工扰民,neu,"[""施工扰民""]",施工扰民,城市体检评估管理办法(施工期扰民),老旧小区改造;施工组织优化,"[[""urban_governance"", ""环境"", ""主""], [""urban_renewal"", ""设施"", ""次""]]",0.812,0,111.276959,30.697673
ermawu_T1_00694,ermawu,sim_ermawu_l3l4,回迁政策还在等落实,回迁安置,urban_renewal,服务,0.41,Neutral,neu,0.764,0.765,0.917,急,历史街区,2025-02-09,2025-02 春节·二马路一期开街爆满,0.449,aspect,回迁安置,ermawu,ermawu,1,1,回迁安置,neu,"[""回迁安置""]",回迁安置,防止大拆大建通知(不大规模搬迁原住民),回迁安置;原住民保留,"[[""urban_renewal"", ""服务"", ""主""], [""urban_governance"", ""服务"", ""次""]]",0.876,0,111.279338,30.698893
ermawu_T1_00695,ermawu,sim_ermawu_l3l4,业态还在调整中,业态丰富度,urban_operation,服务,0.466,Neutral,neu,0.722,0.87,0.725,急,历史街区,2025-02-05,2025-02 春节·二马路一期开街爆满,0.493,aspect,业态丰富度,ermawu,ermawu,1,1,业态丰富度,neu,"[""业态丰富度""]",业态丰富度,关于持续推进城市更新行动的意见(业态引导),业态多元化引导;业态调整,"[[""urban_operation"", ""服务"", ""主""], [""urban_renewal"", ""服务"", ""次""]]",0.841,0,111.280354,30.695348
ermawu_T1_00696,ermawu,sim_ermawu_l3l4,业态还在调整中,业态丰富度,urban_operation,服务,0.559,Neutral,neu,0.682,0.846,0.907,急,历史街区,2025-02-03,2025-02 春节·二马路一期开街爆满,0.524,aspect,业态丰富度,ermawu,ermawu,1,1,业态丰富度,neu,"[""业态丰富度""]",业态丰富度,关于持续推进城市更新行动的意见(业态引导),业态多元化引导;业态调整,"[[""urban_operation"", ""服务"", ""主""], [""urban_renewal"", ""服务"", ""次""]]",0.774,0,111.285538,30.692796
ermawu_T1_00697,ermawu,sim_ermawu_l3l4,五一日均1.5万人，百年老街出圈了,文旅活力,urban_operation,事件,0.952,Very Positive,pos,0.348,0.847,0.705,乐,历史街区,2025-02-09,2025-02 春节·二马路一期开街爆满,0.417,aspect,文旅活力,ermawu,ermawu,1,1,文旅活力,pos,"[""文旅活力""]",文旅活力,"城市更新""十五五""规划(文脉保护;文旅)",文旅品牌;节假日活动组织,"[[""urban_operation"", ""事件"", ""主""], [""urban_operation"", ""文化"", ""次""]]",0.762,1,111.28562,30.697848
ermawu_T1_00698,ermawu,sim_ermawu_l3l4,节假日保洁跟不上,垃圾秩序,urban_governance,环境,0.377,Negative,neg,0.94,0.914,0.701,愁,历史街区,2025-02-07,2025-02 春节·二马路一期开街爆满,0.882,aspect,垃圾秩序,ermawu,ermawu,1,1,垃圾秩序,neg,"[""垃圾秩序""]",垃圾秩序,城市更新行动意见(市容治理),市容环境治理;垃圾分类,"[[""urban_governance"", ""环境"", ""主""], [""urban_governance"", ""服务"", ""次""]]",0.913,0,111.281399,30.692662
ermawu_T1_00699,ermawu,sim_ermawu_l3l4,烟火气没了，商业化太重,烟火气保留,urban_renewal,文化,0.169,Very Negative,neg,0.806,0.911,0.8,哀,历史街区,2025-02-08,2025-02 春节·二马路一期开街爆满,0.558,aspect,烟火气保留,ermawu,ermawu,1,1,烟火气保留,neg,"[""烟火气保留""]",烟火气保留,防止大拆大建通知(留改拆·留底线),历史街区保护更新;社区营造,"[[""urban_renewal"", ""文化"", ""主""], [""urban_renewal"", ""环境"", ""次""]]",0.748,0,111.272033,30.698774
