id_e,scope,source,text,keywords,domain,element,score,polarity,polarity_hint,emotion_intensity,l1_confidence,l2_confidence,emotion_type,category,timestamp,time_label,urban_value,target_type,target_detail,area_tag,zone,has_location,relevance,aspect_primary,aspect_polarity,aspects_json,semantic_target,policy_seed,project_seed,matrix_multi,attribution_confidence,blind_spot,lon,lat
ermawu_T2_00000,ermawu,sim_ermawu_l3l4,文旅复苏，老街活了,文旅活力,urban_operation,事件,0.686,Positive,pos,0.687,0.725,0.745,乐,历史街区,2025-07-13,2025-07 暑假·年轻人涌入打卡,0.696,aspect,文旅活力,ermawu,ermawu,1,1,文旅活力,pos,"[""文旅活力""]",文旅活力,"城市更新""十五五""规划(文脉保护;文旅)",文旅品牌;节假日活动组织,"[[""urban_operation"", ""事件"", ""主""], [""urban_operation"", ""文化"", ""次""]]",0.827,1,111.284237,30.695067
ermawu_T2_00001,ermawu,sim_ermawu_l3l4,施工快收尾了，忍忍,施工扰民,urban_governance,环境,0.526,Neutral,neu,0.408,0.755,0.828,急,历史街区,2025-07-23,2025-07 暑假·年轻人涌入打卡,0.828,aspect,施工扰民,ermawu,ermawu,1,1,施工扰民,neu,"[""施工扰民""]",施工扰民,城市体检评估管理办法(施工期扰民),老旧小区改造;施工组织优化,"[[""urban_governance"", ""环境"", ""主""], [""urban_renewal"", ""设施"", ""次""]]",0.874,0,111.286804,30.694355
ermawu_T2_00002,ermawu,sim_ermawu_l3l4,老味道还在，没变味,烟火气保留,urban_renewal,文化,0.857,Positive,pos,0.327,0.742,0.758,乐,历史街区,2025-07-13,2025-07 暑假·年轻人涌入打卡,0.5,aspect,烟火气保留,ermawu,ermawu,1,1,烟火气保留,pos,"[""烟火气保留""]",烟火气保留,防止大拆大建通知(留改拆·留底线),历史街区保护更新;社区营造,"[[""urban_renewal"", ""文化"", ""主""], [""urban_renewal"", ""环境"", ""次""]]",0.809,0,111.274597,30.695638
ermawu_T2_00003,ermawu,sim_ermawu_l3l4,老建筑修得讲究，最小干预看出功夫,修旧如旧,urban_renewal,文化,0.741,Positive,pos,0.628,0.879,0.737,喜,历史街区,2025-07-24,2025-07 暑假·年轻人涌入打卡,0.89,aspect,修旧如旧,ermawu,ermawu,1,1,修旧如旧,pos,"[""修旧如旧""]",修旧如旧,防止大拆大建通知;关于持续推进城市更新行动的意见,历史街区/历史文化街区保护更新,"[[""urban_renewal"", ""文化"", ""主""], [""urban_operation"", ""文化"", ""次""]]",0.717,0,111.286877,30.696948
ermawu_T2_00004,ermawu,sim_ermawu_l3l4,小众免费出片，本地人私藏,网红打卡,urban_operation,文化,0.713,Positive,pos,0.753,0.85,0.733,乐,历史街区,2025-07-26,2025-07 暑假·年轻人涌入打卡,0.493,aspect,网红打卡,ermawu,ermawu,1,1,网红打卡,pos,"[""网红打卡""]",网红打卡,"城市更新""十五五""规划(文脉保护传承)",文旅IP打造;文化消费场景,"[[""urban_operation"", ""文化"", ""主""], [""urban_operation"", ""事件"", ""次""]]",0.845,0,111.287526,30.69478
ermawu_T2_00005,ermawu,sim_ermawu_l3l4,二马路修旧如旧，百年老街焕发新生,修旧如旧,urban_renewal,文化,0.789,Very Positive,pos,0.31,0.773,0.827,喜,历史街区,2025-07-25,2025-07 暑假·年轻人涌入打卡,0.848,aspect,修旧如旧,ermawu,ermawu,1,1,修旧如旧,pos,"[""修旧如旧""]",修旧如旧,防止大拆大建通知;关于持续推进城市更新行动的意见,历史街区/历史文化街区保护更新,"[[""urban_renewal"", ""文化"", ""主""], [""urban_operation"", ""文化"", ""次""]]",0.82,0,111.274685,30.698447
ermawu_T2_00006,ermawu,sim_ermawu_l3l4,夜经济让老街活了,夜经济,urban_operation,事件,0.825,Very Positive,pos,0.746,0.866,0.783,乐,历史街区,2025-07-15,2025-07 暑假·年轻人涌入打卡,0.495,aspect,夜经济,ermawu,ermawu,1,1,夜经济,pos,"[""夜经济""]",夜经济,"城市更新""十五五""规划(生活圈扩围;夜经济)",一刻钟便民生活圈建设;夜经济品牌培育,"[[""urban_operation"", ""事件"", ""主""], [""urban_governance"", ""事件"", ""次""]]",0.818,1,111.284281,30.696991
ermawu_T2_00007,ermawu,sim_ermawu_l3l4,盼着开街呢，老街改造进度有点慢,文旅活力,urban_operation,事件,0.509,Neutral,neu,0.466,0.935,0.903,急,历史街区,2025-07-06,2025-07 暑假·年轻人涌入打卡,0.674,aspect,文旅活力,ermawu,ermawu,1,1,文旅活力,neu,"[""文旅活力""]",文旅活力,"城市更新""十五五""规划(文脉保护;文旅)",文旅品牌;节假日活动组织,"[[""urban_operation"", ""事件"", ""主""], [""urban_operation"", ""文化"", ""次""]]",0.889,1,111.285474,30.694777
ermawu_T2_00008,ermawu,sim_ermawu_l3l4,烟火气这东西见仁见智,烟火气保留,urban_renewal,文化,0.416,Neutral,neu,0.31,0.887,0.809,急,历史街区,2025-07-28,2025-07 暑假·年轻人涌入打卡,0.484,aspect,烟火气保留,ermawu,ermawu,1,1,烟火气保留,neu,"[""烟火气保留""]",烟火气保留,防止大拆大建通知(留改拆·留底线),历史街区保护更新;社区营造,"[[""urban_renewal"", ""文化"", ""主""], [""urban_renewal"", ""环境"", ""次""]]",0.852,0,111.286256,30.696163
ermawu_T2_00009,ermawu,sim_ermawu_l3l4,周边夜市烟火升腾，烧烤烤鱼小吃全有,夜经济,urban_operation,事件,0.831,Very Positive,pos,0.324,0.762,0.894,喜,历史街区,2025-07-25,2025-07 暑假·年轻人涌入打卡,0.656,aspect,夜经济,ermawu,ermawu,1,1,夜经济,pos,"[""夜经济""]",夜经济,"城市更新""十五五""规划(生活圈扩围;夜经济)",一刻钟便民生活圈建设;夜经济品牌培育,"[[""urban_operation"", ""事件"", ""主""], [""urban_governance"", ""事件"", ""次""]]",0.693,1,111.286442,30.691954
ermawu_T2_00010,ermawu,sim_ermawu_l3l4,周边夜市烟火升腾，烧烤烤鱼小吃全有,夜经济,urban_operation,事件,0.724,Positive,pos,0.31,0.738,0.79,乐,历史街区,2025-07-17,2025-07 暑假·年轻人涌入打卡,0.526,aspect,夜经济,ermawu,ermawu,1,1,夜经济,pos,"[""夜经济""]",夜经济,"城市更新""十五五""规划(生活圈扩围;夜经济)",一刻钟便民生活圈建设;夜经济品牌培育,"[[""urban_operation"", ""事件"", ""主""], [""urban_governance"", ""事件"", ""次""]]",0.836,1,111.277889,30.700705
ermawu_T2_00011,ermawu,sim_ermawu_l3l4,夜经济让老街活了,夜经济,urban_operation,事件,0.874,Very Positive,pos,0.713,0.751,0.796,喜,历史街区,2025-07-26,2025-07 暑假·年轻人涌入打卡,0.836,aspect,夜经济,ermawu,ermawu,1,1,夜经济,pos,"[""夜经济""]",夜经济,"城市更新""十五五""规划(生活圈扩围;夜经济)",一刻钟便民生活圈建设;夜经济品牌培育,"[[""urban_operation"", ""事件"", ""主""], [""urban_governance"", ""事件"", ""次""]]",0.945,1,111.276835,30.697349
ermawu_T2_00012,ermawu,sim_ermawu_l3l4,二马路修旧如旧，百年老街焕发新生,修旧如旧,urban_renewal,文化,0.882,Very Positive,pos,0.372,0.806,0.819,喜,历史街区,2025-07-14,2025-07 暑假·年轻人涌入打卡,0.776,aspect,修旧如旧,ermawu,ermawu,1,1,修旧如旧,pos,"[""修旧如旧""]",修旧如旧,防止大拆大建通知;关于持续推进城市更新行动的意见,历史街区/历史文化街区保护更新,"[[""urban_renewal"", ""文化"", ""主""], [""urban_operation"", ""文化"", ""次""]]",0.855,0,111.287836,30.695108
ermawu_T2_00013,ermawu,sim_ermawu_l3l4,周边夜市烟火升腾，烧烤烤鱼小吃全有,夜经济,urban_operation,事件,0.835,Positive,pos,0.36,0.785,0.75,乐,历史街区,2025-07-18,2025-07 暑假·年轻人涌入打卡,0.443,aspect,夜经济,ermawu,ermawu,1,1,夜经济,pos,"[""夜经济""]",夜经济,"城市更新""十五五""规划(生活圈扩围;夜经济)",一刻钟便民生活圈建设;夜经济品牌培育,"[[""urban_operation"", ""事件"", ""主""], [""urban_governance"", ""事件"", ""次""]]",0.863,1,111.275507,30.696459
ermawu_T2_00014,ermawu,sim_ermawu_l3l4,连锁店太多，没特色,业态丰富度,urban_operation,服务,0.256,Very Negative,neg,0.888,0.803,0.792,怒,历史街区,2025-07-29,2025-07 暑假·年轻人涌入打卡,0.73,aspect,业态丰富度,ermawu,ermawu,1,1,业态丰富度,neg,"[""业态丰富度""]",业态丰富度,关于持续推进城市更新行动的意见(业态引导),业态多元化引导;业态调整,"[[""urban_operation"", ""服务"", ""主""], [""urban_renewal"", ""服务"", ""次""]]",0.871,0,111.282881,30.693452
ermawu_T2_00015,ermawu,sim_ermawu_l3l4,五一日均1.5万人，百年老街出圈了,文旅活力,urban_operation,事件,0.886,Positive,pos,0.409,0.884,0.712,乐,历史街区,2025-07-25,2025-07 暑假·年轻人涌入打卡,0.574,aspect,文旅活力,ermawu,ermawu,1,1,文旅活力,pos,"[""文旅活力""]",文旅活力,"城市更新""十五五""规划(文脉保护;文旅)",文旅品牌;节假日活动组织,"[[""urban_operation"", ""事件"", ""主""], [""urban_operation"", ""文化"", ""次""]]",0.754,1,111.285031,30.694878
ermawu_T2_00016,ermawu,sim_ermawu_l3l4,二马路成了网红打卡地，年轻人多,网红打卡,urban_operation,文化,0.703,Very Positive,pos,0.309,0.767,0.818,乐,历史街区,2025-07-24,2025-07 暑假·年轻人涌入打卡,0.836,aspect,网红打卡,ermawu,ermawu,1,1,网红打卡,pos,"[""网红打卡""]",网红打卡,"城市更新""十五五""规划(文脉保护传承)",文旅IP打造;文化消费场景,"[[""urban_operation"", ""文化"", ""主""], [""urban_operation"", ""事件"", ""次""]]",0.789,0,111.283253,30.692358
ermawu_T2_00017,ermawu,sim_ermawu_l3l4,下沉广场水景配老街，拍照绝佳,网红打卡,urban_operation,文化,0.732,Very Positive,pos,0.385,0.794,0.874,喜,历史街区,2025-07-10,2025-07 暑假·年轻人涌入打卡,0.8,aspect,网红打卡,ermawu,ermawu,1,1,网红打卡,pos,"[""网红打卡""]",网红打卡,"城市更新""十五五""规划(文脉保护传承)",文旅IP打造;文化消费场景,"[[""urban_operation"", ""文化"", ""主""], [""urban_operation"", ""事件"", ""次""]]",0.91,0,111.287871,30.694196
ermawu_T2_00018,ermawu,sim_ermawu_l3l4,夜经济让老街活了,夜经济,urban_operation,事件,0.827,Very Positive,pos,0.392,0.838,0.741,乐,历史街区,2025-07-10,2025-07 暑假·年轻人涌入打卡,0.851,aspect,夜经济,ermawu,ermawu,1,1,夜经济,pos,"[""夜经济""]",夜经济,"城市更新""十五五""规划(生活圈扩围;夜经济)",一刻钟便民生活圈建设;夜经济品牌培育,"[[""urban_operation"", ""事件"", ""主""], [""urban_governance"", ""事件"", ""次""]]",0.78,1,111.280215,30.697268
ermawu_T2_00019,ermawu,sim_ermawu_l3l4,五一日均1.5万人，百年老街出圈了,文旅活力,urban_operation,事件,0.928,Positive,pos,0.364,0.824,0.776,喜,历史街区,2025-07-18,2025-07 暑假·年轻人涌入打卡,0.533,aspect,文旅活力,ermawu,ermawu,1,1,文旅活力,pos,"[""文旅活力""]",文旅活力,"城市更新""十五五""规划(文脉保护;文旅)",文旅品牌;节假日活动组织,"[[""urban_operation"", ""事件"", ""主""], [""urban_operation"", ""文化"", ""次""]]",0.737,1,111.276958,30.701067
ermawu_T2_00020,ermawu,sim_ermawu_l3l4,周边夜市烟火升腾，烧烤烤鱼小吃全有,夜经济,urban_operation,事件,0.928,Very Positive,pos,0.422,0.853,0.706,喜,历史街区,2025-07-09,2025-07 暑假·年轻人涌入打卡,0.599,aspect,夜经济,ermawu,ermawu,1,1,夜经济,pos,"[""夜经济""]",夜经济,"城市更新""十五五""规划(生活圈扩围;夜经济)",一刻钟便民生活圈建设;夜经济品牌培育,"[[""urban_operation"", ""事件"", ""主""], [""urban_governance"", ""事件"", ""次""]]",0.856,1,111.27887,30.69369
ermawu_T2_00021,ermawu,sim_ermawu_l3l4,周边夜市烟火升腾，烧烤烤鱼小吃全有,夜经济,urban_operation,事件,0.663,Positive,pos,0.753,0.741,0.761,乐,历史街区,2025-07-26,2025-07 暑假·年轻人涌入打卡,0.54,aspect,夜经济,ermawu,ermawu,1,1,夜经济,pos,"[""夜经济""]",夜经济,"城市更新""十五五""规划(生活圈扩围;夜经济)",一刻钟便民生活圈建设;夜经济品牌培育,"[[""urban_operation"", ""事件"", ""主""], [""urban_governance"", ""事件"", ""次""]]",0.79,1,111.284258,30.692773
ermawu_T2_00022,ermawu,sim_ermawu_l3l4,文创老店+特色美食，业态丰富,业态丰富度,urban_operation,服务,0.924,Positive,pos,0.449,0.806,0.857,喜,历史街区,2025-07-08,2025-07 暑假·年轻人涌入打卡,0.742,aspect,业态丰富度,ermawu,ermawu,1,1,业态丰富度,pos,"[""业态丰富度""]",业态丰富度,关于持续推进城市更新行动的意见(业态引导),业态多元化引导;业态调整,"[[""urban_operation"", ""服务"", ""主""], [""urban_renewal"", ""服务"", ""次""]]",0.789,0,111.276483,30.69798
ermawu_T2_00023,ermawu,sim_ermawu_l3l4,不变拆真改，原汁原味加分,修旧如旧,urban_renewal,文化,0.708,Very Positive,pos,0.758,0.874,0.79,乐,历史街区,2025-07-15,2025-07 暑假·年轻人涌入打卡,0.412,aspect,修旧如旧,ermawu,ermawu,1,1,修旧如旧,pos,"[""修旧如旧""]",修旧如旧,防止大拆大建通知;关于持续推进城市更新行动的意见,历史街区/历史文化街区保护更新,"[[""urban_renewal"", ""文化"", ""主""], [""urban_operation"", ""文化"", ""次""]]",0.704,0,111.2773,30.696962
ermawu_T2_00024,ermawu,sim_ermawu_l3l4,人多秩序乱，占道,垃圾秩序,urban_governance,环境,0.334,Negative,neg,0.749,0.844,0.908,愁,历史街区,2025-07-08,2025-07 暑假·年轻人涌入打卡,0.667,aspect,垃圾秩序,ermawu,ermawu,1,1,垃圾秩序,neg,"[""垃圾秩序""]",垃圾秩序,城市更新行动意见(市容治理),市容环境治理;垃圾分类,"[[""urban_governance"", ""环境"", ""主""], [""urban_governance"", ""服务"", ""次""]]",0.708,0,111.272563,30.697511
ermawu_T2_00025,ermawu,sim_ermawu_l3l4,人多秩序乱，占道,垃圾秩序,urban_governance,环境,0.238,Very Negative,neg,0.787,0.832,0.827,哀,历史街区,2025-07-14,2025-07 暑假·年轻人涌入打卡,0.752,aspect,垃圾秩序,ermawu,ermawu,1,1,垃圾秩序,neg,"[""垃圾秩序""]",垃圾秩序,城市更新行动意见(市容治理),市容环境治理;垃圾分类,"[[""urban_governance"", ""环境"", ""主""], [""urban_governance"", ""服务"", ""次""]]",0.742,0,111.281357,30.695212
ermawu_T2_00026,ermawu,sim_ermawu_l3l4,老建筑修得讲究，最小干预看出功夫,修旧如旧,urban_renewal,文化,0.735,Positive,pos,0.77,0.938,0.85,喜,历史街区,2025-07-19,2025-07 暑假·年轻人涌入打卡,0.504,aspect,修旧如旧,ermawu,ermawu,1,1,修旧如旧,pos,"[""修旧如旧""]",修旧如旧,防止大拆大建通知;关于持续推进城市更新行动的意见,历史街区/历史文化街区保护更新,"[[""urban_renewal"", ""文化"", ""主""], [""urban_operation"", ""文化"", ""次""]]",0.821,0,111.281031,30.69958
ermawu_T2_00027,ermawu,sim_ermawu_l3l4,下沉广场水景配老街，拍照绝佳,网红打卡,urban_operation,文化,0.772,Positive,pos,0.785,0.863,0.877,喜,历史街区,2025-07-08,2025-07 暑假·年轻人涌入打卡,0.493,aspect,网红打卡,ermawu,ermawu,1,1,网红打卡,pos,"[""网红打卡""]",网红打卡,"城市更新""十五五""规划(文脉保护传承)",文旅IP打造;文化消费场景,"[[""urban_operation"", ""文化"", ""主""], [""urban_operation"", ""事件"", ""次""]]",0.855,0,111.281398,30.693447
ermawu_T2_00028,ermawu,sim_ermawu_l3l4,周边夜市烟火升腾，烧烤烤鱼小吃全有,夜经济,urban_operation,事件,0.676,Very Positive,pos,0.672,0.873,0.726,喜,历史街区,2025-07-10,2025-07 暑假·年轻人涌入打卡,0.888,aspect,夜经济,ermawu,ermawu,1,1,夜经济,pos,"[""夜经济""]",夜经济,"城市更新""十五五""规划(生活圈扩围;夜经济)",一刻钟便民生活圈建设;夜经济品牌培育,"[[""urban_operation"", ""事件"", ""主""], [""urban_governance"", ""事件"", ""次""]]",0.742,1,111.277523,30.693262
ermawu_T2_00029,ermawu,sim_ermawu_l3l4,原住民留着，街区还活着,烟火气保留,urban_renewal,文化,0.956,Positive,pos,0.787,0.831,0.78,喜,历史街区,2025-07-23,2025-07 暑假·年轻人涌入打卡,0.803,aspect,烟火气保留,ermawu,ermawu,1,1,烟火气保留,pos,"[""烟火气保留""]",烟火气保留,防止大拆大建通知(留改拆·留底线),历史街区保护更新;社区营造,"[[""urban_renewal"", ""文化"", ""主""], [""urban_renewal"", ""环境"", ""次""]]",0.746,0,111.285204,30.691056
ermawu_T2_00030,ermawu,sim_ermawu_l3l4,不变拆真改，原汁原味加分,修旧如旧,urban_renewal,文化,0.514,Neutral,neu,0.526,0.783,0.786,急,历史街区,2025-07-15,2025-07 暑假·年轻人涌入打卡,0.68,aspect,修旧如旧,ermawu,ermawu,1,1,修旧如旧,neu,"[""修旧如旧""]",修旧如旧,防止大拆大建通知;关于持续推进城市更新行动的意见,历史街区/历史文化街区保护更新,"[[""urban_renewal"", ""文化"", ""主""], [""urban_operation"", ""文化"", ""次""]]",0.809,0,111.28282,30.695987
ermawu_T2_00031,ermawu,sim_ermawu_l3l4,小众免费出片，本地人私藏,网红打卡,urban_operation,文化,0.936,Positive,pos,0.346,0.888,0.805,乐,历史街区,2025-07-29,2025-07 暑假·年轻人涌入打卡,0.56,aspect,网红打卡,ermawu,ermawu,1,1,网红打卡,pos,"[""网红打卡""]",网红打卡,"城市更新""十五五""规划(文脉保护传承)",文旅IP打造;文化消费场景,"[[""urban_operation"", ""文化"", ""主""], [""urban_operation"", ""事件"", ""次""]]",0.762,0,111.281416,30.693302
ermawu_T2_00032,ermawu,sim_ermawu_l3l4,业态还在调整中,业态丰富度,urban_operation,服务,0.566,Neutral,neu,0.375,0.944,0.883,盼,历史街区,2025-07-29,2025-07 暑假·年轻人涌入打卡,0.583,aspect,业态丰富度,ermawu,ermawu,1,1,业态丰富度,neu,"[""业态丰富度""]",业态丰富度,关于持续推进城市更新行动的意见(业态引导),业态多元化引导;业态调整,"[[""urban_operation"", ""服务"", ""主""], [""urban_renewal"", ""服务"", ""次""]]",0.825,0,111.280999,30.697198
ermawu_T2_00033,ermawu,sim_ermawu_l3l4,开街后保洁跟上了,垃圾秩序,urban_governance,环境,0.486,Neutral,neu,0.355,0.858,0.745,盼,历史街区,2025-07-08,2025-07 暑假·年轻人涌入打卡,0.516,aspect,垃圾秩序,ermawu,ermawu,1,1,垃圾秩序,neu,"[""垃圾秩序""]",垃圾秩序,城市更新行动意见(市容治理),市容环境治理;垃圾分类,"[[""urban_governance"", ""环境"", ""主""], [""urban_governance"", ""服务"", ""次""]]",0.723,0,111.280529,30.695336
ermawu_T2_00034,ermawu,sim_ermawu_l3l4,二马路成了网红打卡地，年轻人多,网红打卡,urban_operation,文化,0.627,Very Positive,pos,0.483,0.924,0.882,乐,历史街区,2025-07-02,2025-07 暑假·年轻人涌入打卡,0.514,aspect,网红打卡,ermawu,ermawu,1,1,网红打卡,pos,"[""网红打卡""]",网红打卡,"城市更新""十五五""规划(文脉保护传承)",文旅IP打造;文化消费场景,"[[""urban_operation"", ""文化"", ""主""], [""urban_operation"", ""事件"", ""次""]]",0.785,0,111.283138,30.696134
ermawu_T2_00035,ermawu,sim_ermawu_l3l4,二马路成了网红打卡地，年轻人多,网红打卡,urban_operation,文化,0.769,Very Positive,pos,0.756,0.867,0.835,喜,历史街区,2025-07-21,2025-07 暑假·年轻人涌入打卡,0.447,aspect,网红打卡,ermawu,ermawu,1,1,网红打卡,pos,"[""网红打卡""]",网红打卡,"城市更新""十五五""规划(文脉保护传承)",文旅IP打造;文化消费场景,"[[""urban_operation"", ""文化"", ""主""], [""urban_operation"", ""事件"", ""次""]]",0.871,0,111.277672,30.700472
ermawu_T2_00036,ermawu,sim_ermawu_l3l4,连锁店太多，没特色,业态丰富度,urban_operation,服务,0.264,Negative,neg,0.703,0.891,0.764,愁,历史街区,2025-07-05,2025-07 暑假·年轻人涌入打卡,0.563,aspect,业态丰富度,ermawu,ermawu,1,1,业态丰富度,neg,"[""业态丰富度""]",业态丰富度,关于持续推进城市更新行动的意见(业态引导),业态多元化引导;业态调整,"[[""urban_operation"", ""服务"", ""主""], [""urban_renewal"", ""服务"", ""次""]]",0.915,0,111.281984,30.695725
ermawu_T2_00037,ermawu,sim_ermawu_l3l4,下沉广场水景配老街，拍照绝佳,网红打卡,urban_operation,文化,0.715,Positive,pos,0.412,0.88,0.744,乐,历史街区,2025-07-23,2025-07 暑假·年轻人涌入打卡,0.86,aspect,网红打卡,ermawu,ermawu,1,1,网红打卡,pos,"[""网红打卡""]",网红打卡,"城市更新""十五五""规划(文脉保护传承)",文旅IP打造;文化消费场景,"[[""urban_operation"", ""文化"", ""主""], [""urban_operation"", ""事件"", ""次""]]",0.745,0,111.276988,30.701256
ermawu_T2_00038,ermawu,sim_ermawu_l3l4,夜经济让老街活了,夜经济,urban_operation,事件,0.655,Positive,pos,0.716,0.895,0.75,喜,历史街区,2025-07-01,2025-07 暑假·年轻人涌入打卡,0.496,aspect,夜经济,ermawu,ermawu,1,1,夜经济,pos,"[""夜经济""]",夜经济,"城市更新""十五五""规划(生活圈扩围;夜经济)",一刻钟便民生活圈建设;夜经济品牌培育,"[[""urban_operation"", ""事件"", ""主""], [""urban_governance"", ""事件"", ""次""]]",0.896,1,111.275301,30.695607
ermawu_T2_00039,ermawu,sim_ermawu_l3l4,夜幕降临热闹起来，有活力,夜经济,urban_operation,事件,0.745,Very Positive,pos,0.772,0.823,0.85,喜,历史街区,2025-07-15,2025-07 暑假·年轻人涌入打卡,0.453,aspect,夜经济,ermawu,ermawu,1,1,夜经济,pos,"[""夜经济""]",夜经济,"城市更新""十五五""规划(生活圈扩围;夜经济)",一刻钟便民生活圈建设;夜经济品牌培育,"[[""urban_operation"", ""事件"", ""主""], [""urban_governance"", ""事件"", ""次""]]",0.706,1,111.281504,30.699174
ermawu_T2_00040,ermawu,sim_ermawu_l3l4,打卡墙前要排队,网红打卡,urban_operation,文化,0.504,Neutral,neu,0.548,0.785,0.857,盼,历史街区,2025-07-24,2025-07 暑假·年轻人涌入打卡,0.808,aspect,网红打卡,ermawu,ermawu,1,1,网红打卡,neu,"[""网红打卡""]",网红打卡,"城市更新""十五五""规划(文脉保护传承)",文旅IP打造;文化消费场景,"[[""urban_operation"", ""文化"", ""主""], [""urban_operation"", ""事件"", ""次""]]",0.812,0,111.273553,30.696611
ermawu_T2_00041,ermawu,sim_ermawu_l3l4,老味道流失，可惜,烟火气保留,urban_renewal,文化,0.068,Very Negative,neg,0.614,0.858,0.739,哀,历史街区,2025-07-09,2025-07 暑假·年轻人涌入打卡,0.517,aspect,烟火气保留,ermawu,ermawu,1,1,烟火气保留,neg,"[""烟火气保留""]",烟火气保留,防止大拆大建通知(留改拆·留底线),历史街区保护更新;社区营造,"[[""urban_renewal"", ""文化"", ""主""], [""urban_renewal"", ""环境"", ""次""]]",0.949,0,111.282095,30.693211
ermawu_T2_00042,ermawu,sim_ermawu_l3l4,施工绕行太麻烦,施工扰民,urban_governance,环境,0.248,Very Negative,neg,0.739,0.855,0.78,哀,历史街区,2025-07-29,2025-07 暑假·年轻人涌入打卡,0.441,aspect,施工扰民,ermawu,ermawu,1,1,施工扰民,neg,"[""施工扰民""]",施工扰民,城市体检评估管理办法(施工期扰民),老旧小区改造;施工组织优化,"[[""urban_governance"", ""环境"", ""主""], [""urban_renewal"", ""设施"", ""次""]]",0.945,0,111.277415,30.701622
ermawu_T2_00043,ermawu,sim_ermawu_l3l4,二马路成了网红打卡地，年轻人多,网红打卡,urban_operation,文化,0.741,Very Positive,pos,0.67,0.91,0.897,喜,历史街区,2025-07-27,2025-07 暑假·年轻人涌入打卡,0.778,aspect,网红打卡,ermawu,ermawu,1,1,网红打卡,pos,"[""网红打卡""]",网红打卡,"城市更新""十五五""规划(文脉保护传承)",文旅IP打造;文化消费场景,"[[""urban_operation"", ""文化"", ""主""], [""urban_operation"", ""事件"", ""次""]]",0.892,0,111.28461,30.692333
ermawu_T2_00044,ermawu,sim_ermawu_l3l4,人多秩序乱，占道,垃圾秩序,urban_governance,环境,0.254,Negative,neg,0.541,0.765,0.893,哀,历史街区,2025-07-04,2025-07 暑假·年轻人涌入打卡,0.433,aspect,垃圾秩序,ermawu,ermawu,1,1,垃圾秩序,neg,"[""垃圾秩序""]",垃圾秩序,城市更新行动意见(市容治理),市容环境治理;垃圾分类,"[[""urban_governance"", ""环境"", ""主""], [""urban_governance"", ""服务"", ""次""]]",0.782,0,111.274514,30.69556
ermawu_T2_00045,ermawu,sim_ermawu_l3l4,连锁店太多，没特色,业态丰富度,urban_operation,服务,0.358,Very Negative,neg,0.865,0.794,0.731,怒,历史街区,2025-07-31,2025-07 暑假·年轻人涌入打卡,0.513,aspect,业态丰富度,ermawu,ermawu,1,1,业态丰富度,neg,"[""业态丰富度""]",业态丰富度,关于持续推进城市更新行动的意见(业态引导),业态多元化引导;业态调整,"[[""urban_operation"", ""服务"", ""主""], [""urban_renewal"", ""服务"", ""次""]]",0.806,0,111.277798,30.694076
ermawu_T2_00046,ermawu,sim_ermawu_l3l4,"""宜昌""打卡墙出片，复古花墙绝了",网红打卡,urban_operation,文化,0.744,Very Positive,pos,0.415,0.842,0.809,喜,历史街区,2025-07-24,2025-07 暑假·年轻人涌入打卡,0.453,aspect,网红打卡,ermawu,ermawu,1,1,网红打卡,pos,"[""网红打卡""]",网红打卡,"城市更新""十五五""规划(文脉保护传承)",文旅IP打造;文化消费场景,"[[""urban_operation"", ""文化"", ""主""], [""urban_operation"", ""事件"", ""次""]]",0.683,0,111.279861,30.694125
ermawu_T2_00047,ermawu,sim_ermawu_l3l4,原住民迁走，没了生活气,烟火气保留,urban_renewal,文化,0.321,Very Negative,neg,0.687,0.734,0.783,哀,历史街区,2025-07-17,2025-07 暑假·年轻人涌入打卡,0.616,aspect,烟火气保留,ermawu,ermawu,1,1,烟火气保留,neg,"[""烟火气保留""]",烟火气保留,防止大拆大建通知(留改拆·留底线),历史街区保护更新;社区营造,"[[""urban_renewal"", ""文化"", ""主""], [""urban_renewal"", ""环境"", ""次""]]",0.87,0,111.282186,30.692249
ermawu_T2_00048,ermawu,sim_ermawu_l3l4,文旅复苏，老街活了,文旅活力,urban_operation,事件,0.899,Positive,pos,0.544,0.772,0.715,乐,历史街区,2025-07-04,2025-07 暑假·年轻人涌入打卡,0.645,aspect,文旅活力,ermawu,ermawu,1,1,文旅活力,pos,"[""文旅活力""]",文旅活力,"城市更新""十五五""规划(文脉保护;文旅)",文旅品牌;节假日活动组织,"[[""urban_operation"", ""事件"", ""主""], [""urban_operation"", ""文化"", ""次""]]",0.793,1,111.283336,30.695177
ermawu_T2_00049,ermawu,sim_ermawu_l3l4,下沉广场水景配老街，拍照绝佳,网红打卡,urban_operation,文化,0.855,Very Positive,pos,0.608,0.745,0.733,喜,历史街区,2025-07-19,2025-07 暑假·年轻人涌入打卡,0.524,aspect,网红打卡,ermawu,ermawu,1,1,网红打卡,pos,"[""网红打卡""]",网红打卡,"城市更新""十五五""规划(文脉保护传承)",文旅IP打造;文化消费场景,"[[""urban_operation"", ""文化"", ""主""], [""urban_operation"", ""事件"", ""次""]]",0.942,0,111.27292,30.697789
ermawu_T2_00050,ermawu,sim_ermawu_l3l4,文旅复苏，老街活了,文旅活力,urban_operation,事件,0.87,Positive,pos,0.471,0.94,0.909,乐,历史街区,2025-07-29,2025-07 暑假·年轻人涌入打卡,0.471,aspect,文旅活力,ermawu,ermawu,1,1,文旅活力,pos,"[""文旅活力""]",文旅活力,"城市更新""十五五""规划(文脉保护;文旅)",文旅品牌;节假日活动组织,"[[""urban_operation"", ""事件"", ""主""], [""urban_operation"", ""文化"", ""次""]]",0.782,1,111.279852,30.697488
ermawu_T2_00051,ermawu,sim_ermawu_l3l4,改造还在施工，吵得受不了,施工扰民,urban_governance,环境,0.298,Very Negative,neg,0.945,0.751,0.831,怒,历史街区,2025-07-31,2025-07 暑假·年轻人涌入打卡,0.413,aspect,施工扰民,ermawu,ermawu,1,1,施工扰民,neg,"[""施工扰民""]",施工扰民,城市体检评估管理办法(施工期扰民),老旧小区改造;施工组织优化,"[[""urban_governance"", ""环境"", ""主""], [""urban_renewal"", ""设施"", ""次""]]",0.683,0,111.285304,30.694106
ermawu_T2_00052,ermawu,sim_ermawu_l3l4,周边夜市烟火升腾，烧烤烤鱼小吃全有,夜经济,urban_operation,事件,0.858,Very Positive,pos,0.548,0.838,0.815,乐,历史街区,2025-07-10,2025-07 暑假·年轻人涌入打卡,0.529,aspect,夜经济,ermawu,ermawu,1,1,夜经济,pos,"[""夜经济""]",夜经济,"城市更新""十五五""规划(生活圈扩围;夜经济)",一刻钟便民生活圈建设;夜经济品牌培育,"[[""urban_operation"", ""事件"", ""主""], [""urban_governance"", ""事件"", ""次""]]",0.94,1,111.280758,30.695383
ermawu_T2_00053,ermawu,sim_ermawu_l3l4,开街后保洁跟上了,垃圾秩序,urban_governance,环境,0.529,Neutral,neu,0.387,0.741,0.889,急,历史街区,2025-07-19,2025-07 暑假·年轻人涌入打卡,0.76,aspect,垃圾秩序,ermawu,ermawu,1,1,垃圾秩序,neu,"[""垃圾秩序""]",垃圾秩序,城市更新行动意见(市容治理),市容环境治理;垃圾分类,"[[""urban_governance"", ""环境"", ""主""], [""urban_governance"", ""服务"", ""次""]]",0.721,0,111.277501,30.69691
ermawu_T2_00054,ermawu,sim_ermawu_l3l4,二马路修旧如旧，百年老街焕发新生,修旧如旧,urban_renewal,文化,0.407,Neutral,neu,0.601,0.733,0.882,急,历史街区,2025-07-20,2025-07 暑假·年轻人涌入打卡,0.554,aspect,修旧如旧,ermawu,ermawu,1,1,修旧如旧,neu,"[""修旧如旧""]",修旧如旧,防止大拆大建通知;关于持续推进城市更新行动的意见,历史街区/历史文化街区保护更新,"[[""urban_renewal"", ""文化"", ""主""], [""urban_operation"", ""文化"", ""次""]]",0.774,0,111.284794,30.69786
ermawu_T2_00055,ermawu,sim_ermawu_l3l4,下沉广场水景配老街，拍照绝佳,网红打卡,urban_operation,文化,0.883,Positive,pos,0.649,0.725,0.86,乐,历史街区,2025-07-13,2025-07 暑假·年轻人涌入打卡,0.768,aspect,网红打卡,ermawu,ermawu,1,1,网红打卡,pos,"[""网红打卡""]",网红打卡,"城市更新""十五五""规划(文脉保护传承)",文旅IP打造;文化消费场景,"[[""urban_operation"", ""文化"", ""主""], [""urban_operation"", ""事件"", ""次""]]",0.723,0,111.276368,30.700752
ermawu_T2_00056,ermawu,sim_ermawu_l3l4,打卡墙前要排队,网红打卡,urban_operation,文化,0.579,Neutral,neu,0.628,0.732,0.881,急,历史街区,2025-07-23,2025-07 暑假·年轻人涌入打卡,0.778,aspect,网红打卡,ermawu,ermawu,1,1,网红打卡,neu,"[""网红打卡""]",网红打卡,"城市更新""十五五""规划(文脉保护传承)",文旅IP打造;文化消费场景,"[[""urban_operation"", ""文化"", ""主""], [""urban_operation"", ""事件"", ""次""]]",0.867,0,111.277392,30.695427
ermawu_T2_00057,ermawu,sim_ermawu_l3l4,业态还在调整中,业态丰富度,urban_operation,服务,0.498,Neutral,neu,0.596,0.787,0.815,急,历史街区,2025-07-30,2025-07 暑假·年轻人涌入打卡,0.655,aspect,业态丰富度,ermawu,ermawu,1,1,业态丰富度,neu,"[""业态丰富度""]",业态丰富度,关于持续推进城市更新行动的意见(业态引导),业态多元化引导;业态调整,"[[""urban_operation"", ""服务"", ""主""], [""urban_renewal"", ""服务"", ""次""]]",0.816,0,111.279775,30.698875
ermawu_T2_00058,ermawu,sim_ermawu_l3l4,下沉广场水景配老街，拍照绝佳,网红打卡,urban_operation,文化,0.915,Positive,pos,0.621,0.919,0.842,喜,历史街区,2025-07-03,2025-07 暑假·年轻人涌入打卡,0.493,aspect,网红打卡,ermawu,ermawu,1,1,网红打卡,pos,"[""网红打卡""]",网红打卡,"城市更新""十五五""规划(文脉保护传承)",文旅IP打造;文化消费场景,"[[""urban_operation"", ""文化"", ""主""], [""urban_operation"", ""事件"", ""次""]]",0.938,0,111.281471,30.69505
ermawu_T2_00059,ermawu,sim_ermawu_l3l4,配套停车跟不上热度,停车难,urban_governance,设施,0.219,Negative,neg,0.573,0.836,0.792,愁,历史街区,2025-07-15,2025-07 暑假·年轻人涌入打卡,0.488,aspect,停车难,ermawu,ermawu,1,1,停车难,neg,"[""停车难""]",停车难,完整社区(配套设施补齐);一刻钟生活圈,停车设施补齐;配套完善,"[[""urban_governance"", ""设施"", ""主""], [""urban_planning"", ""设施"", ""次""]]",0.946,0,111.282927,30.694762
ermawu_T2_00060,ermawu,sim_ermawu_l3l4,配套停车跟不上热度,停车难,urban_governance,设施,0.281,Negative,neg,0.568,0.94,0.899,愁,历史街区,2025-07-27,2025-07 暑假·年轻人涌入打卡,0.668,aspect,停车难,ermawu,ermawu,1,1,停车难,neg,"[""停车难""]",停车难,完整社区(配套设施补齐);一刻钟生活圈,停车设施补齐;配套完善,"[[""urban_governance"", ""设施"", ""主""], [""urban_planning"", ""设施"", ""次""]]",0.899,0,111.285524,30.69416
ermawu_T2_00061,ermawu,sim_ermawu_l3l4,开街垃圾满地没人扫,垃圾秩序,urban_governance,环境,0.049,Very Negative,neg,0.812,0.778,0.809,愁,历史街区,2025-07-16,2025-07 暑假·年轻人涌入打卡,0.725,aspect,垃圾秩序,ermawu,ermawu,1,1,垃圾秩序,neg,"[""垃圾秩序""]",垃圾秩序,城市更新行动意见(市容治理),市容环境治理;垃圾分类,"[[""urban_governance"", ""环境"", ""主""], [""urban_governance"", ""服务"", ""次""]]",0.828,0,111.282027,30.695009
ermawu_T2_00062,ermawu,sim_ermawu_l3l4,夜幕降临热闹起来，有活力,夜经济,urban_operation,事件,0.652,Very Positive,pos,0.752,0.723,0.71,乐,历史街区,2025-07-11,2025-07 暑假·年轻人涌入打卡,0.79,aspect,夜经济,ermawu,ermawu,1,1,夜经济,pos,"[""夜经济""]",夜经济,"城市更新""十五五""规划(生活圈扩围;夜经济)",一刻钟便民生活圈建设;夜经济品牌培育,"[[""urban_operation"", ""事件"", ""主""], [""urban_governance"", ""事件"", ""次""]]",0.719,1,111.288545,30.693137
ermawu_T2_00063,ermawu,sim_ermawu_l3l4,老味道流失，可惜,烟火气保留,urban_renewal,文化,0.261,Negative,neg,0.588,0.784,0.798,哀,历史街区,2025-07-23,2025-07 暑假·年轻人涌入打卡,0.733,aspect,烟火气保留,ermawu,ermawu,1,1,烟火气保留,neg,"[""烟火气保留""]",烟火气保留,防止大拆大建通知(留改拆·留底线),历史街区保护更新;社区营造,"[[""urban_renewal"", ""文化"", ""主""], [""urban_renewal"", ""环境"", ""次""]]",0.843,0,111.283384,30.691213
ermawu_T2_00064,ermawu,sim_ermawu_l3l4,二马路成了网红打卡地，年轻人多,网红打卡,urban_operation,文化,0.733,Positive,pos,0.343,0.831,0.748,喜,历史街区,2025-07-22,2025-07 暑假·年轻人涌入打卡,0.809,aspect,网红打卡,ermawu,ermawu,1,1,网红打卡,pos,"[""网红打卡""]",网红打卡,"城市更新""十五五""规划(文脉保护传承)",文旅IP打造;文化消费场景,"[[""urban_operation"", ""文化"", ""主""], [""urban_operation"", ""事件"", ""次""]]",0.762,0,111.282466,30.694497
ermawu_T2_00065,ermawu,sim_ermawu_l3l4,业态单一，逛一次就够,业态丰富度,urban_operation,服务,0.239,Negative,neg,0.623,0.724,0.843,愁,历史街区,2025-07-27,2025-07 暑假·年轻人涌入打卡,0.537,aspect,业态丰富度,ermawu,ermawu,1,1,业态丰富度,neg,"[""业态丰富度""]",业态丰富度,关于持续推进城市更新行动的意见(业态引导),业态多元化引导;业态调整,"[[""urban_operation"", ""服务"", ""主""], [""urban_renewal"", ""服务"", ""次""]]",0.781,0,111.278324,30.692785
ermawu_T2_00066,ermawu,sim_ermawu_l3l4,老建筑修得讲究，最小干预看出功夫,修旧如旧,urban_renewal,文化,0.906,Very Positive,pos,0.511,0.753,0.849,乐,历史街区,2025-07-06,2025-07 暑假·年轻人涌入打卡,0.568,aspect,修旧如旧,ermawu,ermawu,1,1,修旧如旧,pos,"[""修旧如旧""]",修旧如旧,防止大拆大建通知;关于持续推进城市更新行动的意见,历史街区/历史文化街区保护更新,"[[""urban_renewal"", ""文化"", ""主""], [""urban_operation"", ""文化"", ""次""]]",0.866,0,111.2865,30.698444
ermawu_T2_00067,ermawu,sim_ermawu_l3l4,五一日均1.5万人，百年老街出圈了,文旅活力,urban_operation,事件,0.752,Positive,pos,0.768,0.828,0.711,喜,历史街区,2025-07-16,2025-07 暑假·年轻人涌入打卡,0.426,aspect,文旅活力,ermawu,ermawu,1,1,文旅活力,pos,"[""文旅活力""]",文旅活力,"城市更新""十五五""规划(文脉保护;文旅)",文旅品牌;节假日活动组织,"[[""urban_operation"", ""事件"", ""主""], [""urban_operation"", ""文化"", ""次""]]",0.803,1,111.279508,30.699637
ermawu_T2_00068,ermawu,sim_ermawu_l3l4,原住民留着，街区还活着,烟火气保留,urban_renewal,文化,0.921,Positive,pos,0.632,0.871,0.827,乐,历史街区,2025-07-14,2025-07 暑假·年轻人涌入打卡,0.863,aspect,烟火气保留,ermawu,ermawu,1,1,烟火气保留,pos,"[""烟火气保留""]",烟火气保留,防止大拆大建通知(留改拆·留底线),历史街区保护更新;社区营造,"[[""urban_renewal"", ""文化"", ""主""], [""urban_renewal"", ""环境"", ""次""]]",0.878,0,111.285172,30.691072
ermawu_T2_00069,ermawu,sim_ermawu_l3l4,老味道还在，没变味,烟火气保留,urban_renewal,文化,0.744,Positive,pos,0.582,0.731,0.769,乐,历史街区,2025-07-28,2025-07 暑假·年轻人涌入打卡,0.403,aspect,烟火气保留,ermawu,ermawu,1,1,烟火气保留,pos,"[""烟火气保留""]",烟火气保留,防止大拆大建通知(留改拆·留底线),历史街区保护更新;社区营造,"[[""urban_renewal"", ""文化"", ""主""], [""urban_renewal"", ""环境"", ""次""]]",0.751,0,111.280239,30.698497
ermawu_T2_00070,ermawu,sim_ermawu_l3l4,配套停车跟不上热度,停车难,urban_governance,设施,0.385,Very Negative,neg,0.892,0.822,0.837,哀,历史街区,2025-07-13,2025-07 暑假·年轻人涌入打卡,0.519,aspect,停车难,ermawu,ermawu,1,1,停车难,neg,"[""停车难""]",停车难,完整社区(配套设施补齐);一刻钟生活圈,停车设施补齐;配套完善,"[[""urban_governance"", ""设施"", ""主""], [""urban_planning"", ""设施"", ""次""]]",0.809,0,111.282124,30.693276
ermawu_T2_00071,ermawu,sim_ermawu_l3l4,业态还在调整中,业态丰富度,urban_operation,服务,0.515,Neutral,neu,0.305,0.854,0.714,急,历史街区,2025-07-12,2025-07 暑假·年轻人涌入打卡,0.811,aspect,业态丰富度,ermawu,ermawu,1,1,业态丰富度,neu,"[""业态丰富度""]",业态丰富度,关于持续推进城市更新行动的意见(业态引导),业态多元化引导;业态调整,"[[""urban_operation"", ""服务"", ""主""], [""urban_renewal"", ""服务"", ""次""]]",0.83,0,111.28439,30.694109
ermawu_T2_00072,ermawu,sim_ermawu_l3l4,业态有调性，不低端,业态丰富度,urban_operation,服务,0.765,Positive,pos,0.771,0.879,0.838,乐,历史街区,2025-07-12,2025-07 暑假·年轻人涌入打卡,0.623,aspect,业态丰富度,ermawu,ermawu,1,1,业态丰富度,pos,"[""业态丰富度""]",业态丰富度,关于持续推进城市更新行动的意见(业态引导),业态多元化引导;业态调整,"[[""urban_operation"", ""服务"", ""主""], [""urban_renewal"", ""服务"", ""次""]]",0.696,0,111.279304,30.697413
ermawu_T2_00073,ermawu,sim_ermawu_l3l4,小众免费出片，本地人私藏,网红打卡,urban_operation,文化,0.802,Very Positive,pos,0.526,0.792,0.757,乐,历史街区,2025-07-24,2025-07 暑假·年轻人涌入打卡,0.689,aspect,网红打卡,ermawu,ermawu,1,1,网红打卡,pos,"[""网红打卡""]",网红打卡,"城市更新""十五五""规划(文脉保护传承)",文旅IP打造;文化消费场景,"[[""urban_operation"", ""文化"", ""主""], [""urban_operation"", ""事件"", ""次""]]",0.751,0,111.28518,30.696339
ermawu_T2_00074,ermawu,sim_ermawu_l3l4,原住民迁走，没了生活气,烟火气保留,urban_renewal,文化,0.388,Negative,neg,0.552,0.819,0.818,愁,历史街区,2025-07-10,2025-07 暑假·年轻人涌入打卡,0.693,aspect,烟火气保留,ermawu,ermawu,1,1,烟火气保留,neg,"[""烟火气保留""]",烟火气保留,防止大拆大建通知(留改拆·留底线),历史街区保护更新;社区营造,"[[""urban_renewal"", ""文化"", ""主""], [""urban_renewal"", ""环境"", ""次""]]",0.701,0,111.281353,30.695214
ermawu_T2_00075,ermawu,sim_ermawu_l3l4,业态还在调整中,业态丰富度,urban_operation,服务,0.467,Neutral,neu,0.625,0.769,0.863,急,历史街区,2025-07-25,2025-07 暑假·年轻人涌入打卡,0.469,aspect,业态丰富度,ermawu,ermawu,1,1,业态丰富度,neu,"[""业态丰富度""]",业态丰富度,关于持续推进城市更新行动的意见(业态引导),业态多元化引导;业态调整,"[[""urban_operation"", ""服务"", ""主""], [""urban_renewal"", ""服务"", ""次""]]",0.931,0,111.281923,30.698188
ermawu_T2_00076,ermawu,sim_ermawu_l3l4,开街后保洁跟上了,垃圾秩序,urban_governance,环境,0.487,Neutral,neu,0.586,0.947,0.843,盼,历史街区,2025-07-11,2025-07 暑假·年轻人涌入打卡,0.766,aspect,垃圾秩序,ermawu,ermawu,1,1,垃圾秩序,neu,"[""垃圾秩序""]",垃圾秩序,城市更新行动意见(市容治理),市容环境治理;垃圾分类,"[[""urban_governance"", ""环境"", ""主""], [""urban_governance"", ""服务"", ""次""]]",0.84,0,111.28306,30.693013
ermawu_T2_00077,ermawu,sim_ermawu_l3l4,烟火气这东西见仁见智,烟火气保留,urban_renewal,文化,0.534,Neutral,neu,0.795,0.809,0.901,急,历史街区,2025-07-19,2025-07 暑假·年轻人涌入打卡,0.745,aspect,烟火气保留,ermawu,ermawu,1,1,烟火气保留,neu,"[""烟火气保留""]",烟火气保留,防止大拆大建通知(留改拆·留底线),历史街区保护更新;社区营造,"[[""urban_renewal"", ""文化"", ""主""], [""urban_renewal"", ""环境"", ""次""]]",0.741,0,111.283662,30.695007
ermawu_T2_00078,ermawu,sim_ermawu_l3l4,"""宜昌""打卡墙出片，复古花墙绝了",网红打卡,urban_operation,文化,0.728,Very Positive,pos,0.504,0.882,0.716,乐,历史街区,2025-07-20,2025-07 暑假·年轻人涌入打卡,0.487,aspect,网红打卡,ermawu,ermawu,1,1,网红打卡,pos,"[""网红打卡""]",网红打卡,"城市更新""十五五""规划(文脉保护传承)",文旅IP打造;文化消费场景,"[[""urban_operation"", ""文化"", ""主""], [""urban_operation"", ""事件"", ""次""]]",0.883,0,111.275916,30.699974
ermawu_T2_00079,ermawu,sim_ermawu_l3l4,五一日均1.5万人，百年老街出圈了,文旅活力,urban_operation,事件,0.718,Positive,pos,0.391,0.846,0.841,乐,历史街区,2025-07-01,2025-07 暑假·年轻人涌入打卡,0.541,aspect,文旅活力,ermawu,ermawu,1,1,文旅活力,pos,"[""文旅活力""]",文旅活力,"城市更新""十五五""规划(文脉保护;文旅)",文旅品牌;节假日活动组织,"[[""urban_operation"", ""事件"", ""主""], [""urban_operation"", ""文化"", ""次""]]",0.881,1,111.281255,30.69292
ermawu_T2_00080,ermawu,sim_ermawu_l3l4,既有文化味更有烟火气，难得,烟火气保留,urban_renewal,文化,0.844,Very Positive,pos,0.459,0.852,0.735,乐,历史街区,2025-07-20,2025-07 暑假·年轻人涌入打卡,0.535,aspect,烟火气保留,ermawu,ermawu,1,1,烟火气保留,pos,"[""烟火气保留""]",烟火气保留,防止大拆大建通知(留改拆·留底线),历史街区保护更新;社区营造,"[[""urban_renewal"", ""文化"", ""主""], [""urban_renewal"", ""环境"", ""次""]]",0.743,0,111.285173,30.693971
ermawu_T2_00081,ermawu,sim_ermawu_l3l4,停车太难，绕三圈找不到,停车难,urban_governance,设施,0.167,Very Negative,neg,0.683,0.914,0.845,哀,历史街区,2025-07-14,2025-07 暑假·年轻人涌入打卡,0.753,aspect,停车难,ermawu,ermawu,1,1,停车难,neg,"[""停车难""]",停车难,完整社区(配套设施补齐);一刻钟生活圈,停车设施补齐;配套完善,"[[""urban_governance"", ""设施"", ""主""], [""urban_planning"", ""设施"", ""次""]]",0.788,0,111.277049,30.69835
ermawu_T2_00082,ermawu,sim_ermawu_l3l4,原住民迁走，没了生活气,烟火气保留,urban_renewal,文化,0.355,Very Negative,neg,0.575,0.917,0.853,怒,历史街区,2025-07-25,2025-07 暑假·年轻人涌入打卡,0.876,aspect,烟火气保留,ermawu,ermawu,1,1,烟火气保留,neg,"[""烟火气保留""]",烟火气保留,防止大拆大建通知(留改拆·留底线),历史街区保护更新;社区营造,"[[""urban_renewal"", ""文化"", ""主""], [""urban_renewal"", ""环境"", ""次""]]",0.799,0,111.282767,30.697475
ermawu_T2_00083,ermawu,sim_ermawu_l3l4,烟火气没了，商业化太重,烟火气保留,urban_renewal,文化,0.142,Negative,neg,0.643,0.799,0.703,愁,历史街区,2025-07-05,2025-07 暑假·年轻人涌入打卡,0.86,aspect,烟火气保留,ermawu,ermawu,1,1,烟火气保留,neg,"[""烟火气保留""]",烟火气保留,防止大拆大建通知(留改拆·留底线),历史街区保护更新;社区营造,"[[""urban_renewal"", ""文化"", ""主""], [""urban_renewal"", ""环境"", ""次""]]",0.928,0,111.277217,30.699541
ermawu_T2_00084,ermawu,sim_ermawu_l3l4,业态单一，逛一次就够,业态丰富度,urban_operation,服务,0.122,Very Negative,neg,0.598,0.774,0.912,愁,历史街区,2025-07-09,2025-07 暑假·年轻人涌入打卡,0.882,aspect,业态丰富度,ermawu,ermawu,1,1,业态丰富度,neg,"[""业态丰富度""]",业态丰富度,关于持续推进城市更新行动的意见(业态引导),业态多元化引导;业态调整,"[[""urban_operation"", ""服务"", ""主""], [""urban_renewal"", ""服务"", ""次""]]",0.859,0,111.274079,30.696703
ermawu_T2_00085,ermawu,sim_ermawu_l3l4,节假日停车地狱,停车难,urban_governance,设施,0.132,Very Negative,neg,0.673,0.772,0.8,哀,历史街区,2025-07-15,2025-07 暑假·年轻人涌入打卡,0.845,aspect,停车难,ermawu,ermawu,1,1,停车难,neg,"[""停车难""]",停车难,完整社区(配套设施补齐);一刻钟生活圈,停车设施补齐;配套完善,"[[""urban_governance"", ""设施"", ""主""], [""urban_planning"", ""设施"", ""次""]]",0.762,0,111.282191,30.698587
ermawu_T2_00086,ermawu,sim_ermawu_l3l4,老建筑修得讲究，最小干预看出功夫,修旧如旧,urban_renewal,文化,0.88,Positive,pos,0.502,0.763,0.893,乐,历史街区,2025-07-21,2025-07 暑假·年轻人涌入打卡,0.648,aspect,修旧如旧,ermawu,ermawu,1,1,修旧如旧,pos,"[""修旧如旧""]",修旧如旧,防止大拆大建通知;关于持续推进城市更新行动的意见,历史街区/历史文化街区保护更新,"[[""urban_renewal"", ""文化"", ""主""], [""urban_operation"", ""文化"", ""次""]]",0.759,0,111.284093,30.69223
ermawu_T2_00087,ermawu,sim_ermawu_l3l4,开街垃圾满地没人扫,垃圾秩序,urban_governance,环境,0.051,Negative,neg,0.78,0.754,0.874,怒,历史街区,2025-07-17,2025-07 暑假·年轻人涌入打卡,0.583,aspect,垃圾秩序,ermawu,ermawu,1,1,垃圾秩序,neg,"[""垃圾秩序""]",垃圾秩序,城市更新行动意见(市容治理),市容环境治理;垃圾分类,"[[""urban_governance"", ""环境"", ""主""], [""urban_governance"", ""服务"", ""次""]]",0.917,0,111.276805,30.697824
ermawu_T2_00088,ermawu,sim_ermawu_l3l4,不变拆真改，原汁原味加分,修旧如旧,urban_renewal,文化,0.654,Very Positive,pos,0.706,0.816,0.761,乐,历史街区,2025-07-19,2025-07 暑假·年轻人涌入打卡,0.411,aspect,修旧如旧,ermawu,ermawu,1,1,修旧如旧,pos,"[""修旧如旧""]",修旧如旧,防止大拆大建通知;关于持续推进城市更新行动的意见,历史街区/历史文化街区保护更新,"[[""urban_renewal"", ""文化"", ""主""], [""urban_operation"", ""文化"", ""次""]]",0.864,0,111.278479,30.697248
ermawu_T2_00089,ermawu,sim_ermawu_l3l4,二马路成了网红打卡地，年轻人多,网红打卡,urban_operation,文化,0.82,Very Positive,pos,0.732,0.747,0.917,喜,历史街区,2025-07-13,2025-07 暑假·年轻人涌入打卡,0.744,aspect,网红打卡,ermawu,ermawu,1,1,网红打卡,pos,"[""网红打卡""]",网红打卡,"城市更新""十五五""规划(文脉保护传承)",文旅IP打造;文化消费场景,"[[""urban_operation"", ""文化"", ""主""], [""urban_operation"", ""事件"", ""次""]]",0.686,0,111.282778,30.696345
ermawu_T2_00090,ermawu,sim_ermawu_l3l4,人多秩序乱，占道,垃圾秩序,urban_governance,环境,0.243,Negative,neg,0.928,0.873,0.856,愁,历史街区,2025-07-20,2025-07 暑假·年轻人涌入打卡,0.736,aspect,垃圾秩序,ermawu,ermawu,1,1,垃圾秩序,neg,"[""垃圾秩序""]",垃圾秩序,城市更新行动意见(市容治理),市容环境治理;垃圾分类,"[[""urban_governance"", ""环境"", ""主""], [""urban_governance"", ""服务"", ""次""]]",0.89,0,111.275255,30.698093
ermawu_T2_00091,ermawu,sim_ermawu_l3l4,施工快收尾了，忍忍,施工扰民,urban_governance,环境,0.403,Neutral,neu,0.307,0.813,0.733,急,历史街区,2025-07-20,2025-07 暑假·年轻人涌入打卡,0.845,aspect,施工扰民,ermawu,ermawu,1,1,施工扰民,neu,"[""施工扰民""]",施工扰民,城市体检评估管理办法(施工期扰民),老旧小区改造;施工组织优化,"[[""urban_governance"", ""环境"", ""主""], [""urban_renewal"", ""设施"", ""次""]]",0.903,0,111.278362,30.700565
ermawu_T2_00092,ermawu,sim_ermawu_l3l4,夜经济让老街活了,夜经济,urban_operation,事件,0.849,Very Positive,pos,0.567,0.891,0.917,乐,历史街区,2025-07-14,2025-07 暑假·年轻人涌入打卡,0.59,aspect,夜经济,ermawu,ermawu,1,1,夜经济,pos,"[""夜经济""]",夜经济,"城市更新""十五五""规划(生活圈扩围;夜经济)",一刻钟便民生活圈建设;夜经济品牌培育,"[[""urban_operation"", ""事件"", ""主""], [""urban_governance"", ""事件"", ""次""]]",0.805,1,111.274178,30.701232
ermawu_T2_00093,ermawu,sim_ermawu_l3l4,烟火气这东西见仁见智,烟火气保留,urban_renewal,文化,0.461,Neutral,neu,0.313,0.785,0.734,急,历史街区,2025-07-09,2025-07 暑假·年轻人涌入打卡,0.442,aspect,烟火气保留,ermawu,ermawu,1,1,烟火气保留,neu,"[""烟火气保留""]",烟火气保留,防止大拆大建通知(留改拆·留底线),历史街区保护更新;社区营造,"[[""urban_renewal"", ""文化"", ""主""], [""urban_renewal"", ""环境"", ""次""]]",0.761,0,111.282276,30.692641
ermawu_T2_00094,ermawu,sim_ermawu_l3l4,不变拆真改，原汁原味加分,修旧如旧,urban_renewal,文化,0.706,Positive,pos,0.347,0.827,0.841,乐,历史街区,2025-07-15,2025-07 暑假·年轻人涌入打卡,0.537,aspect,修旧如旧,ermawu,ermawu,1,1,修旧如旧,pos,"[""修旧如旧""]",修旧如旧,防止大拆大建通知;关于持续推进城市更新行动的意见,历史街区/历史文化街区保护更新,"[[""urban_renewal"", ""文化"", ""主""], [""urban_operation"", ""文化"", ""次""]]",0.837,0,111.275606,30.697801
ermawu_T2_00095,ermawu,sim_ermawu_l3l4,业态都同质化了，走哪都一样,业态丰富度,urban_operation,服务,0.218,Negative,neg,0.735,0.852,0.817,愁,历史街区,2025-07-06,2025-07 暑假·年轻人涌入打卡,0.684,aspect,业态丰富度,ermawu,ermawu,1,1,业态丰富度,neg,"[""业态丰富度""]",业态丰富度,关于持续推进城市更新行动的意见(业态引导),业态多元化引导;业态调整,"[[""urban_operation"", ""服务"", ""主""], [""urban_renewal"", ""服务"", ""次""]]",0.762,0,111.282829,30.694634
ermawu_T2_00096,ermawu,sim_ermawu_l3l4,业态还在调整中,业态丰富度,urban_operation,服务,0.527,Neutral,neu,0.636,0.828,0.705,盼,历史街区,2025-07-29,2025-07 暑假·年轻人涌入打卡,0.646,aspect,业态丰富度,ermawu,ermawu,1,1,业态丰富度,neu,"[""业态丰富度""]",业态丰富度,关于持续推进城市更新行动的意见(业态引导),业态多元化引导;业态调整,"[[""urban_operation"", ""服务"", ""主""], [""urban_renewal"", ""服务"", ""次""]]",0.931,0,111.281538,30.69684
ermawu_T2_00097,ermawu,sim_ermawu_l3l4,夜经济让老街活了,夜经济,urban_operation,事件,0.857,Very Positive,pos,0.58,0.757,0.855,乐,历史街区,2025-07-11,2025-07 暑假·年轻人涌入打卡,0.59,aspect,夜经济,ermawu,ermawu,1,1,夜经济,pos,"[""夜经济""]",夜经济,"城市更新""十五五""规划(生活圈扩围;夜经济)",一刻钟便民生活圈建设;夜经济品牌培育,"[[""urban_operation"", ""事件"", ""主""], [""urban_governance"", ""事件"", ""次""]]",0.893,1,111.28352,30.69454
ermawu_T2_00098,ermawu,sim_ermawu_l3l4,五一日均1.5万人，百年老街出圈了,文旅活力,urban_operation,事件,0.645,Very Positive,pos,0.413,0.725,0.761,喜,历史街区,2025-07-04,2025-07 暑假·年轻人涌入打卡,0.505,aspect,文旅活力,ermawu,ermawu,1,1,文旅活力,pos,"[""文旅活力""]",文旅活力,"城市更新""十五五""规划(文脉保护;文旅)",文旅品牌;节假日活动组织,"[[""urban_operation"", ""事件"", ""主""], [""urban_operation"", ""文化"", ""次""]]",0.92,1,111.27705,30.701606
ermawu_T2_00099,ermawu,sim_ermawu_l3l4,二马路修旧如旧，百年老街焕发新生,修旧如旧,urban_renewal,文化,0.704,Very Positive,pos,0.447,0.721,0.865,喜,历史街区,2025-07-04,2025-07 暑假·年轻人涌入打卡,0.527,aspect,修旧如旧,ermawu,ermawu,1,1,修旧如旧,pos,"[""修旧如旧""]",修旧如旧,防止大拆大建通知;关于持续推进城市更新行动的意见,历史街区/历史文化街区保护更新,"[[""urban_renewal"", ""文化"", ""主""], [""urban_operation"", ""文化"", ""次""]]",0.7,0,111.286259,30.695126
ermawu_T2_00100,ermawu,sim_ermawu_l3l4,打卡墙前要排队,网红打卡,urban_operation,文化,0.486,Neutral,neu,0.446,0.728,0.878,急,历史街区,2025-07-15,2025-07 暑假·年轻人涌入打卡,0.753,aspect,网红打卡,ermawu,ermawu,1,1,网红打卡,neu,"[""网红打卡""]",网红打卡,"城市更新""十五五""规划(文脉保护传承)",文旅IP打造;文化消费场景,"[[""urban_operation"", ""文化"", ""主""], [""urban_operation"", ""事件"", ""次""]]",0.805,0,111.280361,30.700255
ermawu_T2_00101,ermawu,sim_ermawu_l3l4,五一日均1.5万人，百年老街出圈了,文旅活力,urban_operation,事件,0.684,Positive,pos,0.424,0.783,0.909,喜,历史街区,2025-07-07,2025-07 暑假·年轻人涌入打卡,0.714,aspect,文旅活力,ermawu,ermawu,1,1,文旅活力,pos,"[""文旅活力""]",文旅活力,"城市更新""十五五""规划(文脉保护;文旅)",文旅品牌;节假日活动组织,"[[""urban_operation"", ""事件"", ""主""], [""urban_operation"", ""文化"", ""次""]]",0.851,1,111.280399,30.694209
ermawu_T2_00102,ermawu,sim_ermawu_l3l4,业态还在调整中,业态丰富度,urban_operation,服务,0.407,Neutral,neu,0.763,0.915,0.848,急,历史街区,2025-07-19,2025-07 暑假·年轻人涌入打卡,0.879,aspect,业态丰富度,ermawu,ermawu,1,1,业态丰富度,neu,"[""业态丰富度""]",业态丰富度,关于持续推进城市更新行动的意见(业态引导),业态多元化引导;业态调整,"[[""urban_operation"", ""服务"", ""主""], [""urban_renewal"", ""服务"", ""次""]]",0.72,0,111.280957,30.69446
ermawu_T2_00103,ermawu,sim_ermawu_l3l4,节假日停车地狱,停车难,urban_governance,设施,0.112,Negative,neg,0.519,0.946,0.711,哀,历史街区,2025-07-24,2025-07 暑假·年轻人涌入打卡,0.417,aspect,停车难,ermawu,ermawu,1,1,停车难,neg,"[""停车难""]",停车难,完整社区(配套设施补齐);一刻钟生活圈,停车设施补齐;配套完善,"[[""urban_governance"", ""设施"", ""主""], [""urban_planning"", ""设施"", ""次""]]",0.714,0,111.286283,30.695181
ermawu_T2_00104,ermawu,sim_ermawu_l3l4,保留原貌真有味道，修新如旧做得好,修旧如旧,urban_renewal,文化,0.623,Positive,pos,0.658,0.727,0.838,乐,历史街区,2025-07-19,2025-07 暑假·年轻人涌入打卡,0.598,aspect,修旧如旧,ermawu,ermawu,1,1,修旧如旧,pos,"[""修旧如旧""]",修旧如旧,防止大拆大建通知;关于持续推进城市更新行动的意见,历史街区/历史文化街区保护更新,"[[""urban_renewal"", ""文化"", ""主""], [""urban_operation"", ""文化"", ""次""]]",0.923,0,111.284692,30.693717
ermawu_T2_00105,ermawu,sim_ermawu_l3l4,业态都同质化了，走哪都一样,业态丰富度,urban_operation,服务,0.099,Negative,neg,0.652,0.926,0.733,愁,历史街区,2025-07-19,2025-07 暑假·年轻人涌入打卡,0.654,aspect,业态丰富度,ermawu,ermawu,1,1,业态丰富度,neg,"[""业态丰富度""]",业态丰富度,关于持续推进城市更新行动的意见(业态引导),业态多元化引导;业态调整,"[[""urban_operation"", ""服务"", ""主""], [""urban_renewal"", ""服务"", ""次""]]",0.783,0,111.278258,30.696714
ermawu_T2_00106,ermawu,sim_ermawu_l3l4,五一日均1.5万人，百年老街出圈了,文旅活力,urban_operation,事件,0.947,Positive,pos,0.732,0.889,0.877,喜,历史街区,2025-07-18,2025-07 暑假·年轻人涌入打卡,0.753,aspect,文旅活力,ermawu,ermawu,1,1,文旅活力,pos,"[""文旅活力""]",文旅活力,"城市更新""十五五""规划(文脉保护;文旅)",文旅品牌;节假日活动组织,"[[""urban_operation"", ""事件"", ""主""], [""urban_operation"", ""文化"", ""次""]]",0.721,1,111.275794,30.697418
ermawu_T2_00107,ermawu,sim_ermawu_l3l4,夜经济还在培育,夜经济,urban_operation,事件,0.447,Neutral,neu,0.327,0.881,0.833,急,历史街区,2025-07-01,2025-07 暑假·年轻人涌入打卡,0.523,aspect,夜经济,ermawu,ermawu,1,1,夜经济,neu,"[""夜经济""]",夜经济,"城市更新""十五五""规划(生活圈扩围;夜经济)",一刻钟便民生活圈建设;夜经济品牌培育,"[[""urban_operation"", ""事件"", ""主""], [""urban_governance"", ""事件"", ""次""]]",0.809,1,111.27686,30.697836
ermawu_T2_00108,ermawu,sim_ermawu_l3l4,期待焕新效果,文旅活力,urban_operation,事件,0.519,Neutral,neu,0.545,0.804,0.789,急,历史街区,2025-07-09,2025-07 暑假·年轻人涌入打卡,0.866,aspect,文旅活力,ermawu,ermawu,1,1,文旅活力,neu,"[""文旅活力""]",文旅活力,"城市更新""十五五""规划(文脉保护;文旅)",文旅品牌;节假日活动组织,"[[""urban_operation"", ""事件"", ""主""], [""urban_operation"", ""文化"", ""次""]]",0.941,1,111.283748,30.696334
ermawu_T2_00109,ermawu,sim_ermawu_l3l4,不变拆真改，原汁原味加分,修旧如旧,urban_renewal,文化,0.828,Very Positive,pos,0.491,0.897,0.704,喜,历史街区,2025-07-17,2025-07 暑假·年轻人涌入打卡,0.79,aspect,修旧如旧,ermawu,ermawu,1,1,修旧如旧,pos,"[""修旧如旧""]",修旧如旧,防止大拆大建通知;关于持续推进城市更新行动的意见,历史街区/历史文化街区保护更新,"[[""urban_renewal"", ""文化"", ""主""], [""urban_operation"", ""文化"", ""次""]]",0.925,0,111.277019,30.699048
ermawu_T2_00110,ermawu,sim_ermawu_l3l4,原住民留着，街区还活着,烟火气保留,urban_renewal,文化,0.916,Positive,pos,0.432,0.904,0.906,乐,历史街区,2025-07-18,2025-07 暑假·年轻人涌入打卡,0.628,aspect,烟火气保留,ermawu,ermawu,1,1,烟火气保留,pos,"[""烟火气保留""]",烟火气保留,防止大拆大建通知(留改拆·留底线),历史街区保护更新;社区营造,"[[""urban_renewal"", ""文化"", ""主""], [""urban_renewal"", ""环境"", ""次""]]",0.814,0,111.284091,30.690418
ermawu_T2_00111,ermawu,sim_ermawu_l3l4,下沉广场水景配老街，拍照绝佳,网红打卡,urban_operation,文化,0.666,Very Positive,pos,0.488,0.95,0.812,乐,历史街区,2025-07-29,2025-07 暑假·年轻人涌入打卡,0.706,aspect,网红打卡,ermawu,ermawu,1,1,网红打卡,pos,"[""网红打卡""]",网红打卡,"城市更新""十五五""规划(文脉保护传承)",文旅IP打造;文化消费场景,"[[""urban_operation"", ""文化"", ""主""], [""urban_operation"", ""事件"", ""次""]]",0.849,0,111.279825,30.702319
ermawu_T2_00112,ermawu,sim_ermawu_l3l4,夜经济让老街活了,夜经济,urban_operation,事件,0.683,Positive,pos,0.576,0.811,0.742,乐,历史街区,2025-07-28,2025-07 暑假·年轻人涌入打卡,0.696,aspect,夜经济,ermawu,ermawu,1,1,夜经济,pos,"[""夜经济""]",夜经济,"城市更新""十五五""规划(生活圈扩围;夜经济)",一刻钟便民生活圈建设;夜经济品牌培育,"[[""urban_operation"", ""事件"", ""主""], [""urban_governance"", ""事件"", ""次""]]",0.903,1,111.284082,30.693075
ermawu_T2_00113,ermawu,sim_ermawu_l3l4,小众免费出片，本地人私藏,网红打卡,urban_operation,文化,0.636,Very Positive,pos,0.394,0.802,0.819,乐,历史街区,2025-07-29,2025-07 暑假·年轻人涌入打卡,0.711,aspect,网红打卡,ermawu,ermawu,1,1,网红打卡,pos,"[""网红打卡""]",网红打卡,"城市更新""十五五""规划(文脉保护传承)",文旅IP打造;文化消费场景,"[[""urban_operation"", ""文化"", ""主""], [""urban_operation"", ""事件"", ""次""]]",0.704,0,111.277942,30.693005
ermawu_T2_00114,ermawu,sim_ermawu_l3l4,老味道还在，没变味,烟火气保留,urban_renewal,文化,0.66,Very Positive,pos,0.404,0.86,0.861,乐,历史街区,2025-07-04,2025-07 暑假·年轻人涌入打卡,0.461,aspect,烟火气保留,ermawu,ermawu,1,1,烟火气保留,pos,"[""烟火气保留""]",烟火气保留,防止大拆大建通知(留改拆·留底线),历史街区保护更新;社区营造,"[[""urban_renewal"", ""文化"", ""主""], [""urban_renewal"", ""环境"", ""次""]]",0.805,0,111.287283,30.69665
ermawu_T2_00115,ermawu,sim_ermawu_l3l4,开街后人气回来了，热闹得像过年,文旅活力,urban_operation,事件,0.87,Positive,pos,0.454,0.735,0.871,喜,历史街区,2025-07-24,2025-07 暑假·年轻人涌入打卡,0.532,aspect,文旅活力,ermawu,ermawu,1,1,文旅活力,pos,"[""文旅活力""]",文旅活力,"城市更新""十五五""规划(文脉保护;文旅)",文旅品牌;节假日活动组织,"[[""urban_operation"", ""事件"", ""主""], [""urban_operation"", ""文化"", ""次""]]",0.774,1,111.285141,30.692812
ermawu_T2_00116,ermawu,sim_ermawu_l3l4,业态还在调整中,业态丰富度,urban_operation,服务,0.438,Neutral,neu,0.34,0.893,0.744,急,历史街区,2025-07-22,2025-07 暑假·年轻人涌入打卡,0.733,aspect,业态丰富度,ermawu,ermawu,1,1,业态丰富度,neu,"[""业态丰富度""]",业态丰富度,关于持续推进城市更新行动的意见(业态引导),业态多元化引导;业态调整,"[[""urban_operation"", ""服务"", ""主""], [""urban_renewal"", ""服务"", ""次""]]",0.691,0,111.285659,30.692656
ermawu_T2_00117,ermawu,sim_ermawu_l3l4,烟火气这东西见仁见智,烟火气保留,urban_renewal,文化,0.55,Neutral,neu,0.331,0.784,0.819,急,历史街区,2025-07-04,2025-07 暑假·年轻人涌入打卡,0.528,aspect,烟火气保留,ermawu,ermawu,1,1,烟火气保留,neu,"[""烟火气保留""]",烟火气保留,防止大拆大建通知(留改拆·留底线),历史街区保护更新;社区营造,"[[""urban_renewal"", ""文化"", ""主""], [""urban_renewal"", ""环境"", ""次""]]",0.796,0,111.278657,30.692791
ermawu_T2_00118,ermawu,sim_ermawu_l3l4,小众免费出片，本地人私藏,网红打卡,urban_operation,文化,0.74,Very Positive,pos,0.551,0.873,0.818,喜,历史街区,2025-07-25,2025-07 暑假·年轻人涌入打卡,0.415,aspect,网红打卡,ermawu,ermawu,1,1,网红打卡,pos,"[""网红打卡""]",网红打卡,"城市更新""十五五""规划(文脉保护传承)",文旅IP打造;文化消费场景,"[[""urban_operation"", ""文化"", ""主""], [""urban_operation"", ""事件"", ""次""]]",0.717,0,111.279789,30.695615
ermawu_T2_00119,ermawu,sim_ermawu_l3l4,老味道还在，没变味,烟火气保留,urban_renewal,文化,0.771,Very Positive,pos,0.359,0.725,0.896,乐,历史街区,2025-07-03,2025-07 暑假·年轻人涌入打卡,0.512,aspect,烟火气保留,ermawu,ermawu,1,1,烟火气保留,pos,"[""烟火气保留""]",烟火气保留,防止大拆大建通知(留改拆·留底线),历史街区保护更新;社区营造,"[[""urban_renewal"", ""文化"", ""主""], [""urban_renewal"", ""环境"", ""次""]]",0.775,0,111.28071,30.697462
ermawu_T2_00120,ermawu,sim_ermawu_l3l4,既有文化味更有烟火气，难得,烟火气保留,urban_renewal,文化,0.812,Very Positive,pos,0.413,0.832,0.788,乐,历史街区,2025-07-29,2025-07 暑假·年轻人涌入打卡,0.477,aspect,烟火气保留,ermawu,ermawu,1,1,烟火气保留,pos,"[""烟火气保留""]",烟火气保留,防止大拆大建通知(留改拆·留底线),历史街区保护更新;社区营造,"[[""urban_renewal"", ""文化"", ""主""], [""urban_renewal"", ""环境"", ""次""]]",0.885,0,111.284914,30.69582
ermawu_T2_00121,ermawu,sim_ermawu_l3l4,周边夜市烟火升腾，烧烤烤鱼小吃全有,夜经济,urban_operation,事件,0.623,Very Positive,pos,0.544,0.871,0.72,乐,历史街区,2025-07-04,2025-07 暑假·年轻人涌入打卡,0.55,aspect,夜经济,ermawu,ermawu,1,1,夜经济,pos,"[""夜经济""]",夜经济,"城市更新""十五五""规划(生活圈扩围;夜经济)",一刻钟便民生活圈建设;夜经济品牌培育,"[[""urban_operation"", ""事件"", ""主""], [""urban_governance"", ""事件"", ""次""]]",0.944,1,111.274971,30.697113
ermawu_T2_00122,ermawu,sim_ermawu_l3l4,下沉广场水景配老街，拍照绝佳,网红打卡,urban_operation,文化,0.925,Very Positive,pos,0.553,0.818,0.818,喜,历史街区,2025-07-08,2025-07 暑假·年轻人涌入打卡,0.667,aspect,网红打卡,ermawu,ermawu,1,1,网红打卡,pos,"[""网红打卡""]",网红打卡,"城市更新""十五五""规划(文脉保护传承)",文旅IP打造;文化消费场景,"[[""urban_operation"", ""文化"", ""主""], [""urban_operation"", ""事件"", ""次""]]",0.842,0,111.273251,30.699231
ermawu_T2_00123,ermawu,sim_ermawu_l3l4,烟火气这东西见仁见智,烟火气保留,urban_renewal,文化,0.544,Neutral,neu,0.5,0.782,0.863,急,历史街区,2025-07-08,2025-07 暑假·年轻人涌入打卡,0.813,aspect,烟火气保留,ermawu,ermawu,1,1,烟火气保留,neu,"[""烟火气保留""]",烟火气保留,防止大拆大建通知(留改拆·留底线),历史街区保护更新;社区营造,"[[""urban_renewal"", ""文化"", ""主""], [""urban_renewal"", ""环境"", ""次""]]",0.831,0,111.277294,30.700037
ermawu_T2_00124,ermawu,sim_ermawu_l3l4,老建筑修得讲究，最小干预看出功夫,修旧如旧,urban_renewal,文化,0.686,Positive,pos,0.572,0.861,0.882,喜,历史街区,2025-07-10,2025-07 暑假·年轻人涌入打卡,0.41,aspect,修旧如旧,ermawu,ermawu,1,1,修旧如旧,pos,"[""修旧如旧""]",修旧如旧,防止大拆大建通知;关于持续推进城市更新行动的意见,历史街区/历史文化街区保护更新,"[[""urban_renewal"", ""文化"", ""主""], [""urban_operation"", ""文化"", ""次""]]",0.902,0,111.275786,30.699566
ermawu_T2_00125,ermawu,sim_ermawu_l3l4,二马路成了网红打卡地，年轻人多,网红打卡,urban_operation,文化,0.666,Very Positive,pos,0.433,0.854,0.852,乐,历史街区,2025-07-29,2025-07 暑假·年轻人涌入打卡,0.428,aspect,网红打卡,ermawu,ermawu,1,1,网红打卡,pos,"[""网红打卡""]",网红打卡,"城市更新""十五五""规划(文脉保护传承)",文旅IP打造;文化消费场景,"[[""urban_operation"", ""文化"", ""主""], [""urban_operation"", ""事件"", ""次""]]",0.749,0,111.283867,30.691984
ermawu_T2_00126,ermawu,sim_ermawu_l3l4,不变拆真改，原汁原味加分,修旧如旧,urban_renewal,文化,0.903,Positive,pos,0.616,0.786,0.824,乐,历史街区,2025-07-20,2025-07 暑假·年轻人涌入打卡,0.839,aspect,修旧如旧,ermawu,ermawu,1,1,修旧如旧,pos,"[""修旧如旧""]",修旧如旧,防止大拆大建通知;关于持续推进城市更新行动的意见,历史街区/历史文化街区保护更新,"[[""urban_renewal"", ""文化"", ""主""], [""urban_operation"", ""文化"", ""次""]]",0.861,0,111.285143,30.69638
ermawu_T2_00127,ermawu,sim_ermawu_l3l4,文旅复苏，老街活了,文旅活力,urban_operation,事件,0.918,Positive,pos,0.764,0.722,0.757,乐,历史街区,2025-07-08,2025-07 暑假·年轻人涌入打卡,0.476,aspect,文旅活力,ermawu,ermawu,1,1,文旅活力,pos,"[""文旅活力""]",文旅活力,"城市更新""十五五""规划(文脉保护;文旅)",文旅品牌;节假日活动组织,"[[""urban_operation"", ""事件"", ""主""], [""urban_operation"", ""文化"", ""次""]]",0.813,1,111.286862,30.694745
ermawu_T2_00128,ermawu,sim_ermawu_l3l4,期待焕新效果,文旅活力,urban_operation,事件,0.493,Neutral,neu,0.344,0.912,0.787,盼,历史街区,2025-07-08,2025-07 暑假·年轻人涌入打卡,0.556,aspect,文旅活力,ermawu,ermawu,1,1,文旅活力,neu,"[""文旅活力""]",文旅活力,"城市更新""十五五""规划(文脉保护;文旅)",文旅品牌;节假日活动组织,"[[""urban_operation"", ""事件"", ""主""], [""urban_operation"", ""文化"", ""次""]]",0.761,1,111.285781,30.693753
ermawu_T2_00129,ermawu,sim_ermawu_l3l4,周边夜市烟火升腾，烧烤烤鱼小吃全有,夜经济,urban_operation,事件,0.731,Positive,pos,0.76,0.788,0.917,乐,历史街区,2025-07-21,2025-07 暑假·年轻人涌入打卡,0.79,aspect,夜经济,ermawu,ermawu,1,1,夜经济,pos,"[""夜经济""]",夜经济,"城市更新""十五五""规划(生活圈扩围;夜经济)",一刻钟便民生活圈建设;夜经济品牌培育,"[[""urban_operation"", ""事件"", ""主""], [""urban_governance"", ""事件"", ""次""]]",0.735,1,111.280629,30.695734
ermawu_T2_00130,ermawu,sim_ermawu_l3l4,老味道流失，可惜,烟火气保留,urban_renewal,文化,0.136,Very Negative,neg,0.572,0.898,0.704,怒,历史街区,2025-07-03,2025-07 暑假·年轻人涌入打卡,0.432,aspect,烟火气保留,ermawu,ermawu,1,1,烟火气保留,neg,"[""烟火气保留""]",烟火气保留,防止大拆大建通知(留改拆·留底线),历史街区保护更新;社区营造,"[[""urban_renewal"", ""文化"", ""主""], [""urban_renewal"", ""环境"", ""次""]]",0.935,0,111.276849,30.699282
ermawu_T2_00131,ermawu,sim_ermawu_l3l4,老味道流失，可惜,烟火气保留,urban_renewal,文化,0.08,Negative,neg,0.596,0.792,0.721,哀,历史街区,2025-07-09,2025-07 暑假·年轻人涌入打卡,0.765,aspect,烟火气保留,ermawu,ermawu,1,1,烟火气保留,neg,"[""烟火气保留""]",烟火气保留,防止大拆大建通知(留改拆·留底线),历史街区保护更新;社区营造,"[[""urban_renewal"", ""文化"", ""主""], [""urban_renewal"", ""环境"", ""次""]]",0.713,0,111.28177,30.695766
ermawu_T2_00132,ermawu,sim_ermawu_l3l4,文旅复苏，老街活了,文旅活力,urban_operation,事件,0.645,Positive,pos,0.666,0.742,0.883,喜,历史街区,2025-07-10,2025-07 暑假·年轻人涌入打卡,0.89,aspect,文旅活力,ermawu,ermawu,1,1,文旅活力,pos,"[""文旅活力""]",文旅活力,"城市更新""十五五""规划(文脉保护;文旅)",文旅品牌;节假日活动组织,"[[""urban_operation"", ""事件"", ""主""], [""urban_operation"", ""文化"", ""次""]]",0.863,1,111.280334,30.693142
ermawu_T2_00133,ermawu,sim_ermawu_l3l4,老建筑修得讲究，最小干预看出功夫,修旧如旧,urban_renewal,文化,0.879,Very Positive,pos,0.66,0.898,0.869,喜,历史街区,2025-07-25,2025-07 暑假·年轻人涌入打卡,0.46,aspect,修旧如旧,ermawu,ermawu,1,1,修旧如旧,pos,"[""修旧如旧""]",修旧如旧,防止大拆大建通知;关于持续推进城市更新行动的意见,历史街区/历史文化街区保护更新,"[[""urban_renewal"", ""文化"", ""主""], [""urban_operation"", ""文化"", ""次""]]",0.812,0,111.281902,30.693627
ermawu_T2_00134,ermawu,sim_ermawu_l3l4,节假日保洁跟不上,垃圾秩序,urban_governance,环境,0.343,Very Negative,neg,0.768,0.935,0.795,哀,历史街区,2025-07-15,2025-07 暑假·年轻人涌入打卡,0.751,aspect,垃圾秩序,ermawu,ermawu,1,1,垃圾秩序,neg,"[""垃圾秩序""]",垃圾秩序,城市更新行动意见(市容治理),市容环境治理;垃圾分类,"[[""urban_governance"", ""环境"", ""主""], [""urban_governance"", ""服务"", ""次""]]",0.712,0,111.287155,30.693919
ermawu_T2_00135,ermawu,sim_ermawu_l3l4,业态还在调整中,业态丰富度,urban_operation,服务,0.539,Neutral,neu,0.408,0.873,0.908,盼,历史街区,2025-07-06,2025-07 暑假·年轻人涌入打卡,0.629,aspect,业态丰富度,ermawu,ermawu,1,1,业态丰富度,neu,"[""业态丰富度""]",业态丰富度,关于持续推进城市更新行动的意见(业态引导),业态多元化引导;业态调整,"[[""urban_operation"", ""服务"", ""主""], [""urban_renewal"", ""服务"", ""次""]]",0.88,0,111.272968,30.698628
ermawu_T2_00136,ermawu,sim_ermawu_l3l4,不变拆真改，原汁原味加分,修旧如旧,urban_renewal,文化,0.539,Neutral,neu,0.321,0.83,0.739,盼,历史街区,2025-07-09,2025-07 暑假·年轻人涌入打卡,0.827,aspect,修旧如旧,ermawu,ermawu,1,1,修旧如旧,neu,"[""修旧如旧""]",修旧如旧,防止大拆大建通知;关于持续推进城市更新行动的意见,历史街区/历史文化街区保护更新,"[[""urban_renewal"", ""文化"", ""主""], [""urban_operation"", ""文化"", ""次""]]",0.789,0,111.280228,30.698044
ermawu_T2_00137,ermawu,sim_ermawu_l3l4,夜经济周边停车更难,夜经济,urban_operation,事件,0.269,Negative,neg,0.781,0.762,0.756,愁,历史街区,2025-07-27,2025-07 暑假·年轻人涌入打卡,0.46,aspect,夜经济,ermawu,ermawu,1,1,夜经济,neg,"[""夜经济""]",夜经济,"城市更新""十五五""规划(生活圈扩围;夜经济)",一刻钟便民生活圈建设;夜经济品牌培育,"[[""urban_operation"", ""事件"", ""主""], [""urban_governance"", ""事件"", ""次""]]",0.689,1,111.285172,30.690084
ermawu_T2_00138,ermawu,sim_ermawu_l3l4,文创老店+特色美食，业态丰富,业态丰富度,urban_operation,服务,0.87,Positive,pos,0.666,0.898,0.783,乐,历史街区,2025-07-27,2025-07 暑假·年轻人涌入打卡,0.703,aspect,业态丰富度,ermawu,ermawu,1,1,业态丰富度,pos,"[""业态丰富度""]",业态丰富度,关于持续推进城市更新行动的意见(业态引导),业态多元化引导;业态调整,"[[""urban_operation"", ""服务"", ""主""], [""urban_renewal"", ""服务"", ""次""]]",0.8,0,111.280245,30.700912
ermawu_T2_00139,ermawu,sim_ermawu_l3l4,下沉广场水景配老街，拍照绝佳,网红打卡,urban_operation,文化,0.708,Positive,pos,0.502,0.948,0.771,乐,历史街区,2025-07-15,2025-07 暑假·年轻人涌入打卡,0.642,aspect,网红打卡,ermawu,ermawu,1,1,网红打卡,pos,"[""网红打卡""]",网红打卡,"城市更新""十五五""规划(文脉保护传承)",文旅IP打造;文化消费场景,"[[""urban_operation"", ""文化"", ""主""], [""urban_operation"", ""事件"", ""次""]]",0.811,0,111.28596,30.692965
ermawu_T2_00140,ermawu,sim_ermawu_l3l4,二马路成了网红打卡地，年轻人多,网红打卡,urban_operation,文化,0.726,Very Positive,pos,0.622,0.817,0.907,乐,历史街区,2025-07-13,2025-07 暑假·年轻人涌入打卡,0.656,aspect,网红打卡,ermawu,ermawu,1,1,网红打卡,pos,"[""网红打卡""]",网红打卡,"城市更新""十五五""规划(文脉保护传承)",文旅IP打造;文化消费场景,"[[""urban_operation"", ""文化"", ""主""], [""urban_operation"", ""事件"", ""次""]]",0.767,0,111.276788,30.69378
ermawu_T2_00141,ermawu,sim_ermawu_l3l4,老建筑修得讲究，最小干预看出功夫,修旧如旧,urban_renewal,文化,0.822,Positive,pos,0.336,0.868,0.712,喜,历史街区,2025-07-18,2025-07 暑假·年轻人涌入打卡,0.674,aspect,修旧如旧,ermawu,ermawu,1,1,修旧如旧,pos,"[""修旧如旧""]",修旧如旧,防止大拆大建通知;关于持续推进城市更新行动的意见,历史街区/历史文化街区保护更新,"[[""urban_renewal"", ""文化"", ""主""], [""urban_operation"", ""文化"", ""次""]]",0.802,0,111.278215,30.696158
ermawu_T2_00142,ermawu,sim_ermawu_l3l4,夜经济周边停车更难,夜经济,urban_operation,事件,0.193,Very Negative,neg,0.827,0.841,0.781,哀,历史街区,2025-07-05,2025-07 暑假·年轻人涌入打卡,0.488,aspect,夜经济,ermawu,ermawu,1,1,夜经济,neg,"[""夜经济""]",夜经济,"城市更新""十五五""规划(生活圈扩围;夜经济)",一刻钟便民生活圈建设;夜经济品牌培育,"[[""urban_operation"", ""事件"", ""主""], [""urban_governance"", ""事件"", ""次""]]",0.731,1,111.280209,30.700764
ermawu_T2_00143,ermawu,sim_ermawu_l3l4,期待焕新效果,文旅活力,urban_operation,事件,0.596,Neutral,neu,0.322,0.83,0.818,急,历史街区,2025-07-25,2025-07 暑假·年轻人涌入打卡,0.804,aspect,文旅活力,ermawu,ermawu,1,1,文旅活力,neu,"[""文旅活力""]",文旅活力,"城市更新""十五五""规划(文脉保护;文旅)",文旅品牌;节假日活动组织,"[[""urban_operation"", ""事件"", ""主""], [""urban_operation"", ""文化"", ""次""]]",0.725,1,111.276147,30.698818
ermawu_T2_00144,ermawu,sim_ermawu_l3l4,改造还在施工，吵得受不了,施工扰民,urban_governance,环境,0.293,Very Negative,neg,0.601,0.722,0.876,愁,历史街区,2025-07-03,2025-07 暑假·年轻人涌入打卡,0.795,aspect,施工扰民,ermawu,ermawu,1,1,施工扰民,neg,"[""施工扰民""]",施工扰民,城市体检评估管理办法(施工期扰民),老旧小区改造;施工组织优化,"[[""urban_governance"", ""环境"", ""主""], [""urban_renewal"", ""设施"", ""次""]]",0.766,0,111.276174,30.695318
ermawu_T2_00145,ermawu,sim_ermawu_l3l4,老味道流失，可惜,烟火气保留,urban_renewal,文化,0.395,Negative,neg,0.821,0.95,0.87,怒,历史街区,2025-07-08,2025-07 暑假·年轻人涌入打卡,0.421,aspect,烟火气保留,ermawu,ermawu,1,1,烟火气保留,neg,"[""烟火气保留""]",烟火气保留,防止大拆大建通知(留改拆·留底线),历史街区保护更新;社区营造,"[[""urban_renewal"", ""文化"", ""主""], [""urban_renewal"", ""环境"", ""次""]]",0.918,0,111.277684,30.697656
ermawu_T2_00146,ermawu,sim_ermawu_l3l4,下沉广场水景配老街，拍照绝佳,网红打卡,urban_operation,文化,0.66,Very Positive,pos,0.392,0.75,0.851,乐,历史街区,2025-07-20,2025-07 暑假·年轻人涌入打卡,0.525,aspect,网红打卡,ermawu,ermawu,1,1,网红打卡,pos,"[""网红打卡""]",网红打卡,"城市更新""十五五""规划(文脉保护传承)",文旅IP打造;文化消费场景,"[[""urban_operation"", ""文化"", ""主""], [""urban_operation"", ""事件"", ""次""]]",0.831,0,111.274863,30.697643
ermawu_T2_00147,ermawu,sim_ermawu_l3l4,夜经济周边停车更难,夜经济,urban_operation,事件,0.34,Negative,neg,0.877,0.787,0.815,哀,历史街区,2025-07-21,2025-07 暑假·年轻人涌入打卡,0.406,aspect,夜经济,ermawu,ermawu,1,1,夜经济,neg,"[""夜经济""]",夜经济,"城市更新""十五五""规划(生活圈扩围;夜经济)",一刻钟便民生活圈建设;夜经济品牌培育,"[[""urban_operation"", ""事件"", ""主""], [""urban_governance"", ""事件"", ""次""]]",0.923,1,111.281375,30.695838
ermawu_T2_00148,ermawu,sim_ermawu_l3l4,下沉广场水景配老街，拍照绝佳,网红打卡,urban_operation,文化,0.668,Positive,pos,0.419,0.848,0.748,喜,历史街区,2025-07-16,2025-07 暑假·年轻人涌入打卡,0.458,aspect,网红打卡,ermawu,ermawu,1,1,网红打卡,pos,"[""网红打卡""]",网红打卡,"城市更新""十五五""规划(文脉保护传承)",文旅IP打造;文化消费场景,"[[""urban_operation"", ""文化"", ""主""], [""urban_operation"", ""事件"", ""次""]]",0.687,0,111.27809,30.700285
ermawu_T2_00149,ermawu,sim_ermawu_l3l4,下沉广场水景配老街，拍照绝佳,网红打卡,urban_operation,文化,0.752,Very Positive,pos,0.332,0.757,0.774,乐,历史街区,2025-07-17,2025-07 暑假·年轻人涌入打卡,0.736,aspect,网红打卡,ermawu,ermawu,1,1,网红打卡,pos,"[""网红打卡""]",网红打卡,"城市更新""十五五""规划(文脉保护传承)",文旅IP打造;文化消费场景,"[[""urban_operation"", ""文化"", ""主""], [""urban_operation"", ""事件"", ""次""]]",0.803,0,111.278209,30.696686
ermawu_T2_00150,ermawu,sim_ermawu_l3l4,二马路成了网红打卡地，年轻人多,网红打卡,urban_operation,文化,0.83,Very Positive,pos,0.536,0.817,0.838,乐,历史街区,2025-07-15,2025-07 暑假·年轻人涌入打卡,0.43,aspect,网红打卡,ermawu,ermawu,1,1,网红打卡,pos,"[""网红打卡""]",网红打卡,"城市更新""十五五""规划(文脉保护传承)",文旅IP打造;文化消费场景,"[[""urban_operation"", ""文化"", ""主""], [""urban_operation"", ""事件"", ""次""]]",0.947,0,111.276366,30.700148
ermawu_T2_00151,ermawu,sim_ermawu_l3l4,"""宜昌""打卡墙出片，复古花墙绝了",网红打卡,urban_operation,文化,0.789,Very Positive,pos,0.597,0.831,0.734,乐,历史街区,2025-07-31,2025-07 暑假·年轻人涌入打卡,0.529,aspect,网红打卡,ermawu,ermawu,1,1,网红打卡,pos,"[""网红打卡""]",网红打卡,"城市更新""十五五""规划(文脉保护传承)",文旅IP打造;文化消费场景,"[[""urban_operation"", ""文化"", ""主""], [""urban_operation"", ""事件"", ""次""]]",0.9,0,111.275707,30.697262
ermawu_T2_00152,ermawu,sim_ermawu_l3l4,老味道流失，可惜,烟火气保留,urban_renewal,文化,0.34,Negative,neg,0.538,0.841,0.767,哀,历史街区,2025-07-02,2025-07 暑假·年轻人涌入打卡,0.504,aspect,烟火气保留,ermawu,ermawu,1,1,烟火气保留,neg,"[""烟火气保留""]",烟火气保留,防止大拆大建通知(留改拆·留底线),历史街区保护更新;社区营造,"[[""urban_renewal"", ""文化"", ""主""], [""urban_renewal"", ""环境"", ""次""]]",0.854,0,111.277472,30.70199
ermawu_T2_00153,ermawu,sim_ermawu_l3l4,开街后人气回来了，热闹得像过年,文旅活力,urban_operation,事件,0.893,Positive,pos,0.31,0.898,0.78,乐,历史街区,2025-07-24,2025-07 暑假·年轻人涌入打卡,0.621,aspect,文旅活力,ermawu,ermawu,1,1,文旅活力,pos,"[""文旅活力""]",文旅活力,"城市更新""十五五""规划(文脉保护;文旅)",文旅品牌;节假日活动组织,"[[""urban_operation"", ""事件"", ""主""], [""urban_operation"", ""文化"", ""次""]]",0.701,1,111.285982,30.695351
ermawu_T2_00154,ermawu,sim_ermawu_l3l4,烟火气没了，商业化太重,烟火气保留,urban_renewal,文化,0.391,Negative,neg,0.694,0.725,0.847,愁,历史街区,2025-07-08,2025-07 暑假·年轻人涌入打卡,0.559,aspect,烟火气保留,ermawu,ermawu,1,1,烟火气保留,neg,"[""烟火气保留""]",烟火气保留,防止大拆大建通知(留改拆·留底线),历史街区保护更新;社区营造,"[[""urban_renewal"", ""文化"", ""主""], [""urban_renewal"", ""环境"", ""次""]]",0.937,0,111.285274,30.693676
ermawu_T2_00155,ermawu,sim_ermawu_l3l4,五一日均1.5万人，百年老街出圈了,文旅活力,urban_operation,事件,0.702,Very Positive,pos,0.303,0.842,0.715,乐,历史街区,2025-07-27,2025-07 暑假·年轻人涌入打卡,0.571,aspect,文旅活力,ermawu,ermawu,1,1,文旅活力,pos,"[""文旅活力""]",文旅活力,"城市更新""十五五""规划(文脉保护;文旅)",文旅品牌;节假日活动组织,"[[""urban_operation"", ""事件"", ""主""], [""urban_operation"", ""文化"", ""次""]]",0.751,1,111.280368,30.692608
ermawu_T2_00156,ermawu,sim_ermawu_l3l4,老味道流失，可惜,烟火气保留,urban_renewal,文化,0.099,Very Negative,neg,0.915,0.892,0.89,愁,历史街区,2025-07-27,2025-07 暑假·年轻人涌入打卡,0.525,aspect,烟火气保留,ermawu,ermawu,1,1,烟火气保留,neg,"[""烟火气保留""]",烟火气保留,防止大拆大建通知(留改拆·留底线),历史街区保护更新;社区营造,"[[""urban_renewal"", ""文化"", ""主""], [""urban_renewal"", ""环境"", ""次""]]",0.785,0,111.272369,30.698161
ermawu_T2_00157,ermawu,sim_ermawu_l3l4,业态单一，逛一次就够,业态丰富度,urban_operation,服务,0.139,Negative,neg,0.566,0.927,0.887,怒,历史街区,2025-07-15,2025-07 暑假·年轻人涌入打卡,0.613,aspect,业态丰富度,ermawu,ermawu,1,1,业态丰富度,neg,"[""业态丰富度""]",业态丰富度,关于持续推进城市更新行动的意见(业态引导),业态多元化引导;业态调整,"[[""urban_operation"", ""服务"", ""主""], [""urban_renewal"", ""服务"", ""次""]]",0.907,0,111.285226,30.695336
ermawu_T2_00158,ermawu,sim_ermawu_l3l4,"""宜昌""打卡墙出片，复古花墙绝了",网红打卡,urban_operation,文化,0.782,Positive,pos,0.469,0.863,0.891,喜,历史街区,2025-07-27,2025-07 暑假·年轻人涌入打卡,0.804,aspect,网红打卡,ermawu,ermawu,1,1,网红打卡,pos,"[""网红打卡""]",网红打卡,"城市更新""十五五""规划(文脉保护传承)",文旅IP打造;文化消费场景,"[[""urban_operation"", ""文化"", ""主""], [""urban_operation"", ""事件"", ""次""]]",0.693,0,111.276551,30.694141
ermawu_T2_00159,ermawu,sim_ermawu_l3l4,周边夜市烟火升腾，烧烤烤鱼小吃全有,夜经济,urban_operation,事件,0.902,Very Positive,pos,0.641,0.831,0.704,乐,历史街区,2025-07-31,2025-07 暑假·年轻人涌入打卡,0.491,aspect,夜经济,ermawu,ermawu,1,1,夜经济,pos,"[""夜经济""]",夜经济,"城市更新""十五五""规划(生活圈扩围;夜经济)",一刻钟便民生活圈建设;夜经济品牌培育,"[[""urban_operation"", ""事件"", ""主""], [""urban_governance"", ""事件"", ""次""]]",0.894,1,111.283031,30.696554
ermawu_T2_00160,ermawu,sim_ermawu_l3l4,二马路修旧如旧，百年老街焕发新生,修旧如旧,urban_renewal,文化,0.743,Positive,pos,0.48,0.853,0.788,喜,历史街区,2025-07-20,2025-07 暑假·年轻人涌入打卡,0.732,aspect,修旧如旧,ermawu,ermawu,1,1,修旧如旧,pos,"[""修旧如旧""]",修旧如旧,防止大拆大建通知;关于持续推进城市更新行动的意见,历史街区/历史文化街区保护更新,"[[""urban_renewal"", ""文化"", ""主""], [""urban_operation"", ""文化"", ""次""]]",0.946,0,111.279634,30.694179
ermawu_T2_00161,ermawu,sim_ermawu_l3l4,夜经济让老街活了,夜经济,urban_operation,事件,0.921,Positive,pos,0.517,0.927,0.901,乐,历史街区,2025-07-16,2025-07 暑假·年轻人涌入打卡,0.702,aspect,夜经济,ermawu,ermawu,1,1,夜经济,pos,"[""夜经济""]",夜经济,"城市更新""十五五""规划(生活圈扩围;夜经济)",一刻钟便民生活圈建设;夜经济品牌培育,"[[""urban_operation"", ""事件"", ""主""], [""urban_governance"", ""事件"", ""次""]]",0.818,1,111.276658,30.69522
ermawu_T2_00162,ermawu,sim_ermawu_l3l4,配套停车跟不上热度,停车难,urban_governance,设施,0.286,Negative,neg,0.637,0.899,0.866,愁,历史街区,2025-07-09,2025-07 暑假·年轻人涌入打卡,0.741,aspect,停车难,ermawu,ermawu,1,1,停车难,neg,"[""停车难""]",停车难,完整社区(配套设施补齐);一刻钟生活圈,停车设施补齐;配套完善,"[[""urban_governance"", ""设施"", ""主""], [""urban_planning"", ""设施"", ""次""]]",0.851,0,111.273212,30.69942
ermawu_T2_00163,ermawu,sim_ermawu_l3l4,连锁店太多，没特色,业态丰富度,urban_operation,服务,0.281,Very Negative,neg,0.75,0.818,0.726,哀,历史街区,2025-07-21,2025-07 暑假·年轻人涌入打卡,0.703,aspect,业态丰富度,ermawu,ermawu,1,1,业态丰富度,neg,"[""业态丰富度""]",业态丰富度,关于持续推进城市更新行动的意见(业态引导),业态多元化引导;业态调整,"[[""urban_operation"", ""服务"", ""主""], [""urban_renewal"", ""服务"", ""次""]]",0.758,0,111.286961,30.693736
ermawu_T2_00164,ermawu,sim_ermawu_l3l4,烟火气没了，商业化太重,烟火气保留,urban_renewal,文化,0.204,Negative,neg,0.839,0.733,0.838,哀,历史街区,2025-07-14,2025-07 暑假·年轻人涌入打卡,0.483,aspect,烟火气保留,ermawu,ermawu,1,1,烟火气保留,neg,"[""烟火气保留""]",烟火气保留,防止大拆大建通知(留改拆·留底线),历史街区保护更新;社区营造,"[[""urban_renewal"", ""文化"", ""主""], [""urban_renewal"", ""环境"", ""次""]]",0.741,0,111.273594,30.69688
ermawu_T2_00165,ermawu,sim_ermawu_l3l4,小众免费出片，本地人私藏,网红打卡,urban_operation,文化,0.835,Positive,pos,0.585,0.778,0.881,喜,历史街区,2025-07-25,2025-07 暑假·年轻人涌入打卡,0.623,aspect,网红打卡,ermawu,ermawu,1,1,网红打卡,pos,"[""网红打卡""]",网红打卡,"城市更新""十五五""规划(文脉保护传承)",文旅IP打造;文化消费场景,"[[""urban_operation"", ""文化"", ""主""], [""urban_operation"", ""事件"", ""次""]]",0.933,0,111.279286,30.696382
ermawu_T2_00166,ermawu,sim_ermawu_l3l4,保留原貌真有味道，修新如旧做得好,修旧如旧,urban_renewal,文化,0.726,Positive,pos,0.543,0.884,0.855,喜,历史街区,2025-07-14,2025-07 暑假·年轻人涌入打卡,0.437,aspect,修旧如旧,ermawu,ermawu,1,1,修旧如旧,pos,"[""修旧如旧""]",修旧如旧,防止大拆大建通知;关于持续推进城市更新行动的意见,历史街区/历史文化街区保护更新,"[[""urban_renewal"", ""文化"", ""主""], [""urban_operation"", ""文化"", ""次""]]",0.858,0,111.28582,30.693585
ermawu_T2_00167,ermawu,sim_ermawu_l3l4,烟火气没了，商业化太重,烟火气保留,urban_renewal,文化,0.077,Very Negative,neg,0.901,0.766,0.703,怒,历史街区,2025-07-19,2025-07 暑假·年轻人涌入打卡,0.856,aspect,烟火气保留,ermawu,ermawu,1,1,烟火气保留,neg,"[""烟火气保留""]",烟火气保留,防止大拆大建通知(留改拆·留底线),历史街区保护更新;社区营造,"[[""urban_renewal"", ""文化"", ""主""], [""urban_renewal"", ""环境"", ""次""]]",0.762,0,111.275617,30.698487
ermawu_T2_00168,ermawu,sim_ermawu_l3l4,既有文化味更有烟火气，难得,烟火气保留,urban_renewal,文化,0.815,Positive,pos,0.597,0.895,0.919,乐,历史街区,2025-07-19,2025-07 暑假·年轻人涌入打卡,0.573,aspect,烟火气保留,ermawu,ermawu,1,1,烟火气保留,pos,"[""烟火气保留""]",烟火气保留,防止大拆大建通知(留改拆·留底线),历史街区保护更新;社区营造,"[[""urban_renewal"", ""文化"", ""主""], [""urban_renewal"", ""环境"", ""次""]]",0.913,0,111.278587,30.698114
ermawu_T2_00169,ermawu,sim_ermawu_l3l4,烟火气没了，商业化太重,烟火气保留,urban_renewal,文化,0.184,Negative,neg,0.664,0.765,0.908,愁,历史街区,2025-07-09,2025-07 暑假·年轻人涌入打卡,0.775,aspect,烟火气保留,ermawu,ermawu,1,1,烟火气保留,neg,"[""烟火气保留""]",烟火气保留,防止大拆大建通知(留改拆·留底线),历史街区保护更新;社区营造,"[[""urban_renewal"", ""文化"", ""主""], [""urban_renewal"", ""环境"", ""次""]]",0.755,0,111.286645,30.693424
ermawu_T2_00170,ermawu,sim_ermawu_l3l4,原住民留着，街区还活着,烟火气保留,urban_renewal,文化,0.942,Very Positive,pos,0.675,0.885,0.832,喜,历史街区,2025-07-28,2025-07 暑假·年轻人涌入打卡,0.512,aspect,烟火气保留,ermawu,ermawu,1,1,烟火气保留,pos,"[""烟火气保留""]",烟火气保留,防止大拆大建通知(留改拆·留底线),历史街区保护更新;社区营造,"[[""urban_renewal"", ""文化"", ""主""], [""urban_renewal"", ""环境"", ""次""]]",0.805,0,111.27724,30.696846
ermawu_T2_00171,ermawu,sim_ermawu_l3l4,烟火气这东西见仁见智,烟火气保留,urban_renewal,文化,0.588,Neutral,neu,0.563,0.727,0.71,盼,历史街区,2025-07-09,2025-07 暑假·年轻人涌入打卡,0.593,aspect,烟火气保留,ermawu,ermawu,1,1,烟火气保留,neu,"[""烟火气保留""]",烟火气保留,防止大拆大建通知(留改拆·留底线),历史街区保护更新;社区营造,"[[""urban_renewal"", ""文化"", ""主""], [""urban_renewal"", ""环境"", ""次""]]",0.736,0,111.282144,30.693608
ermawu_T2_00172,ermawu,sim_ermawu_l3l4,盼着开街呢，老街改造进度有点慢,文旅活力,urban_operation,事件,0.416,Neutral,neu,0.589,0.862,0.839,急,历史街区,2025-07-21,2025-07 暑假·年轻人涌入打卡,0.892,aspect,文旅活力,ermawu,ermawu,1,1,文旅活力,neu,"[""文旅活力""]",文旅活力,"城市更新""十五五""规划(文脉保护;文旅)",文旅品牌;节假日活动组织,"[[""urban_operation"", ""事件"", ""主""], [""urban_operation"", ""文化"", ""次""]]",0.877,1,111.28476,30.69275
ermawu_T2_00173,ermawu,sim_ermawu_l3l4,"""宜昌""打卡墙出片，复古花墙绝了",网红打卡,urban_operation,文化,0.673,Positive,pos,0.796,0.846,0.769,喜,历史街区,2025-07-07,2025-07 暑假·年轻人涌入打卡,0.585,aspect,网红打卡,ermawu,ermawu,1,1,网红打卡,pos,"[""网红打卡""]",网红打卡,"城市更新""十五五""规划(文脉保护传承)",文旅IP打造;文化消费场景,"[[""urban_operation"", ""文化"", ""主""], [""urban_operation"", ""事件"", ""次""]]",0.772,0,111.282267,30.69721
ermawu_T2_00174,ermawu,sim_ermawu_l3l4,"""宜昌""打卡墙出片，复古花墙绝了",网红打卡,urban_operation,文化,0.749,Very Positive,pos,0.526,0.947,0.834,喜,历史街区,2025-07-03,2025-07 暑假·年轻人涌入打卡,0.855,aspect,网红打卡,ermawu,ermawu,1,1,网红打卡,pos,"[""网红打卡""]",网红打卡,"城市更新""十五五""规划(文脉保护传承)",文旅IP打造;文化消费场景,"[[""urban_operation"", ""文化"", ""主""], [""urban_operation"", ""事件"", ""次""]]",0.796,0,111.273213,30.699774
ermawu_T2_00175,ermawu,sim_ermawu_l3l4,五一日均1.5万人，百年老街出圈了,文旅活力,urban_operation,事件,0.859,Very Positive,pos,0.783,0.771,0.771,喜,历史街区,2025-07-30,2025-07 暑假·年轻人涌入打卡,0.475,aspect,文旅活力,ermawu,ermawu,1,1,文旅活力,pos,"[""文旅活力""]",文旅活力,"城市更新""十五五""规划(文脉保护;文旅)",文旅品牌;节假日活动组织,"[[""urban_operation"", ""事件"", ""主""], [""urban_operation"", ""文化"", ""次""]]",0.945,1,111.28537,30.693784
ermawu_T2_00176,ermawu,sim_ermawu_l3l4,小众免费出片，本地人私藏,网红打卡,urban_operation,文化,0.666,Very Positive,pos,0.405,0.889,0.727,乐,历史街区,2025-07-17,2025-07 暑假·年轻人涌入打卡,0.682,aspect,网红打卡,ermawu,ermawu,1,1,网红打卡,pos,"[""网红打卡""]",网红打卡,"城市更新""十五五""规划(文脉保护传承)",文旅IP打造;文化消费场景,"[[""urban_operation"", ""文化"", ""主""], [""urban_operation"", ""事件"", ""次""]]",0.809,0,111.28025,30.698948
ermawu_T2_00177,ermawu,sim_ermawu_l3l4,盼着开街呢，老街改造进度有点慢,文旅活力,urban_operation,事件,0.533,Neutral,neu,0.537,0.735,0.736,急,历史街区,2025-07-20,2025-07 暑假·年轻人涌入打卡,0.575,aspect,文旅活力,ermawu,ermawu,1,1,文旅活力,neu,"[""文旅活力""]",文旅活力,"城市更新""十五五""规划(文脉保护;文旅)",文旅品牌;节假日活动组织,"[[""urban_operation"", ""事件"", ""主""], [""urban_operation"", ""文化"", ""次""]]",0.852,1,111.273218,30.700726
ermawu_T2_00178,ermawu,sim_ermawu_l3l4,连锁店太多，没特色,业态丰富度,urban_operation,服务,0.202,Negative,neg,0.782,0.778,0.716,怒,历史街区,2025-07-22,2025-07 暑假·年轻人涌入打卡,0.899,aspect,业态丰富度,ermawu,ermawu,1,1,业态丰富度,neg,"[""业态丰富度""]",业态丰富度,关于持续推进城市更新行动的意见(业态引导),业态多元化引导;业态调整,"[[""urban_operation"", ""服务"", ""主""], [""urban_renewal"", ""服务"", ""次""]]",0.751,0,111.278337,30.699524
ermawu_T2_00179,ermawu,sim_ermawu_l3l4,夜幕降临热闹起来，有活力,夜经济,urban_operation,事件,0.704,Very Positive,pos,0.669,0.863,0.741,乐,历史街区,2025-07-25,2025-07 暑假·年轻人涌入打卡,0.612,aspect,夜经济,ermawu,ermawu,1,1,夜经济,pos,"[""夜经济""]",夜经济,"城市更新""十五五""规划(生活圈扩围;夜经济)",一刻钟便民生活圈建设;夜经济品牌培育,"[[""urban_operation"", ""事件"", ""主""], [""urban_governance"", ""事件"", ""次""]]",0.842,1,111.285522,30.694222
ermawu_T2_00180,ermawu,sim_ermawu_l3l4,小众免费出片，本地人私藏,网红打卡,urban_operation,文化,0.779,Very Positive,pos,0.403,0.87,0.857,乐,历史街区,2025-07-22,2025-07 暑假·年轻人涌入打卡,0.461,aspect,网红打卡,ermawu,ermawu,1,1,网红打卡,pos,"[""网红打卡""]",网红打卡,"城市更新""十五五""规划(文脉保护传承)",文旅IP打造;文化消费场景,"[[""urban_operation"", ""文化"", ""主""], [""urban_operation"", ""事件"", ""次""]]",0.833,0,111.284494,30.694735
ermawu_T2_00181,ermawu,sim_ermawu_l3l4,夜经济周边停车更难,夜经济,urban_operation,事件,0.185,Very Negative,neg,0.514,0.765,0.786,怒,历史街区,2025-07-25,2025-07 暑假·年轻人涌入打卡,0.752,aspect,夜经济,ermawu,ermawu,1,1,夜经济,neg,"[""夜经济""]",夜经济,"城市更新""十五五""规划(生活圈扩围;夜经济)",一刻钟便民生活圈建设;夜经济品牌培育,"[[""urban_operation"", ""事件"", ""主""], [""urban_governance"", ""事件"", ""次""]]",0.699,1,111.281531,30.694557
ermawu_T2_00182,ermawu,sim_ermawu_l3l4,老建筑修得讲究，最小干预看出功夫,修旧如旧,urban_renewal,文化,0.742,Very Positive,pos,0.769,0.723,0.883,喜,历史街区,2025-07-03,2025-07 暑假·年轻人涌入打卡,0.809,aspect,修旧如旧,ermawu,ermawu,1,1,修旧如旧,pos,"[""修旧如旧""]",修旧如旧,防止大拆大建通知;关于持续推进城市更新行动的意见,历史街区/历史文化街区保护更新,"[[""urban_renewal"", ""文化"", ""主""], [""urban_operation"", ""文化"", ""次""]]",0.92,0,111.278149,30.699583
ermawu_T2_00183,ermawu,sim_ermawu_l3l4,文创老店+特色美食，业态丰富,业态丰富度,urban_operation,服务,0.695,Positive,pos,0.666,0.826,0.88,喜,历史街区,2025-07-23,2025-07 暑假·年轻人涌入打卡,0.557,aspect,业态丰富度,ermawu,ermawu,1,1,业态丰富度,pos,"[""业态丰富度""]",业态丰富度,关于持续推进城市更新行动的意见(业态引导),业态多元化引导;业态调整,"[[""urban_operation"", ""服务"", ""主""], [""urban_renewal"", ""服务"", ""次""]]",0.924,0,111.278992,30.698189
ermawu_T2_00184,ermawu,sim_ermawu_l3l4,夜市噪音扰民，周边住户受不了,夜经济,urban_operation,事件,0.313,Negative,neg,0.622,0.839,0.794,愁,历史街区,2025-07-25,2025-07 暑假·年轻人涌入打卡,0.43,aspect,夜经济,ermawu,ermawu,1,1,夜经济,neg,"[""夜经济""]",夜经济,"城市更新""十五五""规划(生活圈扩围;夜经济)",一刻钟便民生活圈建设;夜经济品牌培育,"[[""urban_operation"", ""事件"", ""主""], [""urban_governance"", ""事件"", ""次""]]",0.749,1,111.280726,30.699679
ermawu_T2_00185,ermawu,sim_ermawu_l3l4,夜经济让老街活了,夜经济,urban_operation,事件,0.72,Positive,pos,0.628,0.94,0.705,喜,历史街区,2025-07-22,2025-07 暑假·年轻人涌入打卡,0.53,aspect,夜经济,ermawu,ermawu,1,1,夜经济,pos,"[""夜经济""]",夜经济,"城市更新""十五五""规划(生活圈扩围;夜经济)",一刻钟便民生活圈建设;夜经济品牌培育,"[[""urban_operation"", ""事件"", ""主""], [""urban_governance"", ""事件"", ""次""]]",0.907,1,111.279132,30.695185
ermawu_T2_00186,ermawu,sim_ermawu_l3l4,打卡墙前要排队,网红打卡,urban_operation,文化,0.568,Neutral,neu,0.773,0.863,0.795,盼,历史街区,2025-07-19,2025-07 暑假·年轻人涌入打卡,0.689,aspect,网红打卡,ermawu,ermawu,1,1,网红打卡,neu,"[""网红打卡""]",网红打卡,"城市更新""十五五""规划(文脉保护传承)",文旅IP打造;文化消费场景,"[[""urban_operation"", ""文化"", ""主""], [""urban_operation"", ""事件"", ""次""]]",0.925,0,111.282182,30.699065
ermawu_T2_00187,ermawu,sim_ermawu_l3l4,下沉广场水景配老街，拍照绝佳,网红打卡,urban_operation,文化,0.761,Very Positive,pos,0.729,0.944,0.85,乐,历史街区,2025-07-01,2025-07 暑假·年轻人涌入打卡,0.619,aspect,网红打卡,ermawu,ermawu,1,1,网红打卡,pos,"[""网红打卡""]",网红打卡,"城市更新""十五五""规划(文脉保护传承)",文旅IP打造;文化消费场景,"[[""urban_operation"", ""文化"", ""主""], [""urban_operation"", ""事件"", ""次""]]",0.939,0,111.272372,30.697951
ermawu_T2_00188,ermawu,sim_ermawu_l3l4,业态都同质化了，走哪都一样,业态丰富度,urban_operation,服务,0.068,Very Negative,neg,0.574,0.824,0.882,哀,历史街区,2025-07-04,2025-07 暑假·年轻人涌入打卡,0.431,aspect,业态丰富度,ermawu,ermawu,1,1,业态丰富度,neg,"[""业态丰富度""]",业态丰富度,关于持续推进城市更新行动的意见(业态引导),业态多元化引导;业态调整,"[[""urban_operation"", ""服务"", ""主""], [""urban_renewal"", ""服务"", ""次""]]",0.93,0,111.286186,30.694233
ermawu_T2_00189,ermawu,sim_ermawu_l3l4,五一日均1.5万人，百年老街出圈了,文旅活力,urban_operation,事件,0.954,Very Positive,pos,0.792,0.863,0.748,乐,历史街区,2025-07-30,2025-07 暑假·年轻人涌入打卡,0.652,aspect,文旅活力,ermawu,ermawu,1,1,文旅活力,pos,"[""文旅活力""]",文旅活力,"城市更新""十五五""规划(文脉保护;文旅)",文旅品牌;节假日活动组织,"[[""urban_operation"", ""事件"", ""主""], [""urban_operation"", ""文化"", ""次""]]",0.842,1,111.279025,30.694014
ermawu_T2_00190,ermawu,sim_ermawu_l3l4,业态还在调整中,业态丰富度,urban_operation,服务,0.431,Neutral,neu,0.486,0.793,0.903,盼,历史街区,2025-07-22,2025-07 暑假·年轻人涌入打卡,0.566,aspect,业态丰富度,ermawu,ermawu,1,1,业态丰富度,neu,"[""业态丰富度""]",业态丰富度,关于持续推进城市更新行动的意见(业态引导),业态多元化引导;业态调整,"[[""urban_operation"", ""服务"", ""主""], [""urban_renewal"", ""服务"", ""次""]]",0.941,0,111.282253,30.695545
ermawu_T2_00191,ermawu,sim_ermawu_l3l4,"""宜昌""打卡墙出片，复古花墙绝了",网红打卡,urban_operation,文化,0.761,Very Positive,pos,0.367,0.83,0.916,喜,历史街区,2025-07-15,2025-07 暑假·年轻人涌入打卡,0.55,aspect,网红打卡,ermawu,ermawu,1,1,网红打卡,pos,"[""网红打卡""]",网红打卡,"城市更新""十五五""规划(文脉保护传承)",文旅IP打造;文化消费场景,"[[""urban_operation"", ""文化"", ""主""], [""urban_operation"", ""事件"", ""次""]]",0.801,0,111.278425,30.7024
ermawu_T2_00192,ermawu,sim_ermawu_l3l4,二马路成了网红打卡地，年轻人多,网红打卡,urban_operation,文化,0.875,Positive,pos,0.591,0.85,0.718,乐,历史街区,2025-07-13,2025-07 暑假·年轻人涌入打卡,0.674,aspect,网红打卡,ermawu,ermawu,1,1,网红打卡,pos,"[""网红打卡""]",网红打卡,"城市更新""十五五""规划(文脉保护传承)",文旅IP打造;文化消费场景,"[[""urban_operation"", ""文化"", ""主""], [""urban_operation"", ""事件"", ""次""]]",0.847,0,111.278589,30.695512
ermawu_T2_00193,ermawu,sim_ermawu_l3l4,保留原貌真有味道，修新如旧做得好,修旧如旧,urban_renewal,文化,0.624,Positive,pos,0.456,0.831,0.844,乐,历史街区,2025-07-09,2025-07 暑假·年轻人涌入打卡,0.704,aspect,修旧如旧,ermawu,ermawu,1,1,修旧如旧,pos,"[""修旧如旧""]",修旧如旧,防止大拆大建通知;关于持续推进城市更新行动的意见,历史街区/历史文化街区保护更新,"[[""urban_renewal"", ""文化"", ""主""], [""urban_operation"", ""文化"", ""次""]]",0.881,0,111.27858,30.696485
ermawu_T2_00194,ermawu,sim_ermawu_l3l4,二马路修旧如旧，百年老街焕发新生,修旧如旧,urban_renewal,文化,0.928,Positive,pos,0.312,0.728,0.859,喜,历史街区,2025-07-03,2025-07 暑假·年轻人涌入打卡,0.851,aspect,修旧如旧,ermawu,ermawu,1,1,修旧如旧,pos,"[""修旧如旧""]",修旧如旧,防止大拆大建通知;关于持续推进城市更新行动的意见,历史街区/历史文化街区保护更新,"[[""urban_renewal"", ""文化"", ""主""], [""urban_operation"", ""文化"", ""次""]]",0.747,0,111.286438,30.69539
ermawu_T2_00195,ermawu,sim_ermawu_l3l4,配套停车跟不上热度,停车难,urban_governance,设施,0.052,Negative,neg,0.551,0.877,0.83,哀,历史街区,2025-07-02,2025-07 暑假·年轻人涌入打卡,0.516,aspect,停车难,ermawu,ermawu,1,1,停车难,neg,"[""停车难""]",停车难,完整社区(配套设施补齐);一刻钟生活圈,停车设施补齐;配套完善,"[[""urban_governance"", ""设施"", ""主""], [""urban_planning"", ""设施"", ""次""]]",0.914,0,111.283475,30.691269
ermawu_T2_00196,ermawu,sim_ermawu_l3l4,二马路成了网红打卡地，年轻人多,网红打卡,urban_operation,文化,0.671,Positive,pos,0.467,0.875,0.763,乐,历史街区,2025-07-22,2025-07 暑假·年轻人涌入打卡,0.727,aspect,网红打卡,ermawu,ermawu,1,1,网红打卡,pos,"[""网红打卡""]",网红打卡,"城市更新""十五五""规划(文脉保护传承)",文旅IP打造;文化消费场景,"[[""urban_operation"", ""文化"", ""主""], [""urban_operation"", ""事件"", ""次""]]",0.73,0,111.277399,30.699013
ermawu_T2_00197,ermawu,sim_ermawu_l3l4,开街后人气回来了，热闹得像过年,文旅活力,urban_operation,事件,0.817,Positive,pos,0.755,0.827,0.784,乐,历史街区,2025-07-18,2025-07 暑假·年轻人涌入打卡,0.686,aspect,文旅活力,ermawu,ermawu,1,1,文旅活力,pos,"[""文旅活力""]",文旅活力,"城市更新""十五五""规划(文脉保护;文旅)",文旅品牌;节假日活动组织,"[[""urban_operation"", ""事件"", ""主""], [""urban_operation"", ""文化"", ""次""]]",0.776,1,111.274736,30.698461
ermawu_T2_00198,ermawu,sim_ermawu_l3l4,下沉广场水景配老街，拍照绝佳,网红打卡,urban_operation,文化,0.726,Positive,pos,0.778,0.897,0.759,乐,历史街区,2025-07-23,2025-07 暑假·年轻人涌入打卡,0.871,aspect,网红打卡,ermawu,ermawu,1,1,网红打卡,pos,"[""网红打卡""]",网红打卡,"城市更新""十五五""规划(文脉保护传承)",文旅IP打造;文化消费场景,"[[""urban_operation"", ""文化"", ""主""], [""urban_operation"", ""事件"", ""次""]]",0.924,0,111.284953,30.695417
ermawu_T2_00199,ermawu,sim_ermawu_l3l4,二马路成了网红打卡地，年轻人多,网红打卡,urban_operation,文化,0.813,Very Positive,pos,0.337,0.749,0.708,喜,历史街区,2025-07-28,2025-07 暑假·年轻人涌入打卡,0.888,aspect,网红打卡,ermawu,ermawu,1,1,网红打卡,pos,"[""网红打卡""]",网红打卡,"城市更新""十五五""规划(文脉保护传承)",文旅IP打造;文化消费场景,"[[""urban_operation"", ""文化"", ""主""], [""urban_operation"", ""事件"", ""次""]]",0.68,0,111.280333,30.696656
ermawu_T2_00200,ermawu,sim_ermawu_l3l4,夜市噪音扰民，周边住户受不了,夜经济,urban_operation,事件,0.22,Negative,neg,0.683,0.917,0.906,怒,历史街区,2025-07-22,2025-07 暑假·年轻人涌入打卡,0.717,aspect,夜经济,ermawu,ermawu,1,1,夜经济,neg,"[""夜经济""]",夜经济,"城市更新""十五五""规划(生活圈扩围;夜经济)",一刻钟便民生活圈建设;夜经济品牌培育,"[[""urban_operation"", ""事件"", ""主""], [""urban_governance"", ""事件"", ""次""]]",0.817,1,111.283067,30.693
ermawu_T2_00201,ermawu,sim_ermawu_l3l4,既有文化味更有烟火气，难得,烟火气保留,urban_renewal,文化,0.735,Positive,pos,0.447,0.925,0.745,喜,历史街区,2025-07-27,2025-07 暑假·年轻人涌入打卡,0.848,aspect,烟火气保留,ermawu,ermawu,1,1,烟火气保留,pos,"[""烟火气保留""]",烟火气保留,防止大拆大建通知(留改拆·留底线),历史街区保护更新;社区营造,"[[""urban_renewal"", ""文化"", ""主""], [""urban_renewal"", ""环境"", ""次""]]",0.752,0,111.283607,30.689867
ermawu_T2_00202,ermawu,sim_ermawu_l3l4,二马路成了网红打卡地，年轻人多,网红打卡,urban_operation,文化,0.693,Positive,pos,0.419,0.831,0.88,喜,历史街区,2025-07-09,2025-07 暑假·年轻人涌入打卡,0.875,aspect,网红打卡,ermawu,ermawu,1,1,网红打卡,pos,"[""网红打卡""]",网红打卡,"城市更新""十五五""规划(文脉保护传承)",文旅IP打造;文化消费场景,"[[""urban_operation"", ""文化"", ""主""], [""urban_operation"", ""事件"", ""次""]]",0.758,0,111.284157,30.694907
ermawu_T2_00203,ermawu,sim_ermawu_l3l4,下沉广场水景配老街，拍照绝佳,网红打卡,urban_operation,文化,0.831,Very Positive,pos,0.693,0.831,0.825,乐,历史街区,2025-07-05,2025-07 暑假·年轻人涌入打卡,0.834,aspect,网红打卡,ermawu,ermawu,1,1,网红打卡,pos,"[""网红打卡""]",网红打卡,"城市更新""十五五""规划(文脉保护传承)",文旅IP打造;文化消费场景,"[[""urban_operation"", ""文化"", ""主""], [""urban_operation"", ""事件"", ""次""]]",0.949,0,111.27901,30.695327
ermawu_T2_00204,ermawu,sim_ermawu_l3l4,打卡墙前要排队,网红打卡,urban_operation,文化,0.405,Neutral,neu,0.659,0.776,0.71,盼,历史街区,2025-07-21,2025-07 暑假·年轻人涌入打卡,0.619,aspect,网红打卡,ermawu,ermawu,1,1,网红打卡,neu,"[""网红打卡""]",网红打卡,"城市更新""十五五""规划(文脉保护传承)",文旅IP打造;文化消费场景,"[[""urban_operation"", ""文化"", ""主""], [""urban_operation"", ""事件"", ""次""]]",0.733,0,111.281383,30.694892
ermawu_T2_00205,ermawu,sim_ermawu_l3l4,开街后保洁跟上了,垃圾秩序,urban_governance,环境,0.494,Neutral,neu,0.454,0.781,0.844,盼,历史街区,2025-07-26,2025-07 暑假·年轻人涌入打卡,0.687,aspect,垃圾秩序,ermawu,ermawu,1,1,垃圾秩序,neu,"[""垃圾秩序""]",垃圾秩序,城市更新行动意见(市容治理),市容环境治理;垃圾分类,"[[""urban_governance"", ""环境"", ""主""], [""urban_governance"", ""服务"", ""次""]]",0.82,0,111.282556,30.698199
ermawu_T2_00206,ermawu,sim_ermawu_l3l4,老建筑修得讲究，最小干预看出功夫,修旧如旧,urban_renewal,文化,0.859,Very Positive,pos,0.528,0.922,0.9,喜,历史街区,2025-07-29,2025-07 暑假·年轻人涌入打卡,0.517,aspect,修旧如旧,ermawu,ermawu,1,1,修旧如旧,pos,"[""修旧如旧""]",修旧如旧,防止大拆大建通知;关于持续推进城市更新行动的意见,历史街区/历史文化街区保护更新,"[[""urban_renewal"", ""文化"", ""主""], [""urban_operation"", ""文化"", ""次""]]",0.874,0,111.277688,30.697961
ermawu_T2_00207,ermawu,sim_ermawu_l3l4,既有文化味更有烟火气，难得,烟火气保留,urban_renewal,文化,0.768,Positive,pos,0.72,0.793,0.883,喜,历史街区,2025-07-31,2025-07 暑假·年轻人涌入打卡,0.721,aspect,烟火气保留,ermawu,ermawu,1,1,烟火气保留,pos,"[""烟火气保留""]",烟火气保留,防止大拆大建通知(留改拆·留底线),历史街区保护更新;社区营造,"[[""urban_renewal"", ""文化"", ""主""], [""urban_renewal"", ""环境"", ""次""]]",0.687,0,111.274405,30.699118
ermawu_T2_00208,ermawu,sim_ermawu_l3l4,下沉广场水景配老街，拍照绝佳,网红打卡,urban_operation,文化,0.914,Positive,pos,0.384,0.88,0.784,乐,历史街区,2025-07-09,2025-07 暑假·年轻人涌入打卡,0.543,aspect,网红打卡,ermawu,ermawu,1,1,网红打卡,pos,"[""网红打卡""]",网红打卡,"城市更新""十五五""规划(文脉保护传承)",文旅IP打造;文化消费场景,"[[""urban_operation"", ""文化"", ""主""], [""urban_operation"", ""事件"", ""次""]]",0.851,0,111.281541,30.699099
ermawu_T2_00209,ermawu,sim_ermawu_l3l4,周边夜市烟火升腾，烧烤烤鱼小吃全有,夜经济,urban_operation,事件,0.825,Very Positive,pos,0.736,0.943,0.733,喜,历史街区,2025-07-09,2025-07 暑假·年轻人涌入打卡,0.865,aspect,夜经济,ermawu,ermawu,1,1,夜经济,pos,"[""夜经济""]",夜经济,"城市更新""十五五""规划(生活圈扩围;夜经济)",一刻钟便民生活圈建设;夜经济品牌培育,"[[""urban_operation"", ""事件"", ""主""], [""urban_governance"", ""事件"", ""次""]]",0.713,1,111.282123,30.694079
ermawu_T2_00210,ermawu,sim_ermawu_l3l4,夜经济让老街活了,夜经济,urban_operation,事件,0.64,Very Positive,pos,0.477,0.812,0.773,喜,历史街区,2025-07-10,2025-07 暑假·年轻人涌入打卡,0.806,aspect,夜经济,ermawu,ermawu,1,1,夜经济,pos,"[""夜经济""]",夜经济,"城市更新""十五五""规划(生活圈扩围;夜经济)",一刻钟便民生活圈建设;夜经济品牌培育,"[[""urban_operation"", ""事件"", ""主""], [""urban_governance"", ""事件"", ""次""]]",0.79,1,111.287567,30.697276
ermawu_T2_00211,ermawu,sim_ermawu_l3l4,业态都同质化了，走哪都一样,业态丰富度,urban_operation,服务,0.314,Negative,neg,0.573,0.782,0.723,哀,历史街区,2025-07-20,2025-07 暑假·年轻人涌入打卡,0.66,aspect,业态丰富度,ermawu,ermawu,1,1,业态丰富度,neg,"[""业态丰富度""]",业态丰富度,关于持续推进城市更新行动的意见(业态引导),业态多元化引导;业态调整,"[[""urban_operation"", ""服务"", ""主""], [""urban_renewal"", ""服务"", ""次""]]",0.79,0,111.284524,30.696055
ermawu_T2_00212,ermawu,sim_ermawu_l3l4,"""宜昌""打卡墙出片，复古花墙绝了",网红打卡,urban_operation,文化,0.678,Positive,pos,0.647,0.825,0.707,乐,历史街区,2025-07-06,2025-07 暑假·年轻人涌入打卡,0.536,aspect,网红打卡,ermawu,ermawu,1,1,网红打卡,pos,"[""网红打卡""]",网红打卡,"城市更新""十五五""规划(文脉保护传承)",文旅IP打造;文化消费场景,"[[""urban_operation"", ""文化"", ""主""], [""urban_operation"", ""事件"", ""次""]]",0.871,0,111.286907,30.697618
ermawu_T2_00213,ermawu,sim_ermawu_l3l4,夜幕降临热闹起来，有活力,夜经济,urban_operation,事件,0.934,Positive,pos,0.723,0.721,0.89,喜,历史街区,2025-07-09,2025-07 暑假·年轻人涌入打卡,0.467,aspect,夜经济,ermawu,ermawu,1,1,夜经济,pos,"[""夜经济""]",夜经济,"城市更新""十五五""规划(生活圈扩围;夜经济)",一刻钟便民生活圈建设;夜经济品牌培育,"[[""urban_operation"", ""事件"", ""主""], [""urban_governance"", ""事件"", ""次""]]",0.792,1,111.282527,30.696822
ermawu_T2_00214,ermawu,sim_ermawu_l3l4,业态单一，逛一次就够,业态丰富度,urban_operation,服务,0.12,Very Negative,neg,0.829,0.754,0.825,怒,历史街区,2025-07-13,2025-07 暑假·年轻人涌入打卡,0.478,aspect,业态丰富度,ermawu,ermawu,1,1,业态丰富度,neg,"[""业态丰富度""]",业态丰富度,关于持续推进城市更新行动的意见(业态引导),业态多元化引导;业态调整,"[[""urban_operation"", ""服务"", ""主""], [""urban_renewal"", ""服务"", ""次""]]",0.922,0,111.272328,30.699525
ermawu_T2_00215,ermawu,sim_ermawu_l3l4,"""宜昌""打卡墙出片，复古花墙绝了",网红打卡,urban_operation,文化,0.662,Positive,pos,0.699,0.9,0.744,喜,历史街区,2025-07-21,2025-07 暑假·年轻人涌入打卡,0.632,aspect,网红打卡,ermawu,ermawu,1,1,网红打卡,pos,"[""网红打卡""]",网红打卡,"城市更新""十五五""规划(文脉保护传承)",文旅IP打造;文化消费场景,"[[""urban_operation"", ""文化"", ""主""], [""urban_operation"", ""事件"", ""次""]]",0.914,0,111.276991,30.695453
ermawu_T2_00216,ermawu,sim_ermawu_l3l4,夜经济让老街活了,夜经济,urban_operation,事件,0.848,Positive,pos,0.338,0.751,0.831,乐,历史街区,2025-07-17,2025-07 暑假·年轻人涌入打卡,0.736,aspect,夜经济,ermawu,ermawu,1,1,夜经济,pos,"[""夜经济""]",夜经济,"城市更新""十五五""规划(生活圈扩围;夜经济)",一刻钟便民生活圈建设;夜经济品牌培育,"[[""urban_operation"", ""事件"", ""主""], [""urban_governance"", ""事件"", ""次""]]",0.85,1,111.278414,30.697325
ermawu_T2_00217,ermawu,sim_ermawu_l3l4,夜市噪音扰民，周边住户受不了,夜经济,urban_operation,事件,0.378,Negative,neg,0.875,0.755,0.92,愁,历史街区,2025-07-30,2025-07 暑假·年轻人涌入打卡,0.502,aspect,夜经济,ermawu,ermawu,1,1,夜经济,neg,"[""夜经济""]",夜经济,"城市更新""十五五""规划(生活圈扩围;夜经济)",一刻钟便民生活圈建设;夜经济品牌培育,"[[""urban_operation"", ""事件"", ""主""], [""urban_governance"", ""事件"", ""次""]]",0.729,1,111.283769,30.696166
ermawu_T2_00218,ermawu,sim_ermawu_l3l4,业态都同质化了，走哪都一样,业态丰富度,urban_operation,服务,0.328,Very Negative,neg,0.561,0.76,0.788,愁,历史街区,2025-07-21,2025-07 暑假·年轻人涌入打卡,0.651,aspect,业态丰富度,ermawu,ermawu,1,1,业态丰富度,neg,"[""业态丰富度""]",业态丰富度,关于持续推进城市更新行动的意见(业态引导),业态多元化引导;业态调整,"[[""urban_operation"", ""服务"", ""主""], [""urban_renewal"", ""服务"", ""次""]]",0.79,0,111.27847,30.697167
ermawu_T2_00219,ermawu,sim_ermawu_l3l4,小众免费出片，本地人私藏,网红打卡,urban_operation,文化,0.945,Positive,pos,0.486,0.903,0.859,乐,历史街区,2025-07-26,2025-07 暑假·年轻人涌入打卡,0.53,aspect,网红打卡,ermawu,ermawu,1,1,网红打卡,pos,"[""网红打卡""]",网红打卡,"城市更新""十五五""规划(文脉保护传承)",文旅IP打造;文化消费场景,"[[""urban_operation"", ""文化"", ""主""], [""urban_operation"", ""事件"", ""次""]]",0.751,0,111.285098,30.692069
ermawu_T2_00220,ermawu,sim_ermawu_l3l4,二马路成了网红打卡地，年轻人多,网红打卡,urban_operation,文化,0.874,Very Positive,pos,0.564,0.78,0.866,喜,历史街区,2025-07-21,2025-07 暑假·年轻人涌入打卡,0.45,aspect,网红打卡,ermawu,ermawu,1,1,网红打卡,pos,"[""网红打卡""]",网红打卡,"城市更新""十五五""规划(文脉保护传承)",文旅IP打造;文化消费场景,"[[""urban_operation"", ""文化"", ""主""], [""urban_operation"", ""事件"", ""次""]]",0.757,0,111.281521,30.691677
ermawu_T2_00221,ermawu,sim_ermawu_l3l4,夜经济周边停车更难,夜经济,urban_operation,事件,0.194,Negative,neg,0.906,0.871,0.746,哀,历史街区,2025-07-21,2025-07 暑假·年轻人涌入打卡,0.583,aspect,夜经济,ermawu,ermawu,1,1,夜经济,neg,"[""夜经济""]",夜经济,"城市更新""十五五""规划(生活圈扩围;夜经济)",一刻钟便民生活圈建设;夜经济品牌培育,"[[""urban_operation"", ""事件"", ""主""], [""urban_governance"", ""事件"", ""次""]]",0.77,1,111.274871,30.700318
ermawu_T2_00222,ermawu,sim_ermawu_l3l4,夜幕降临热闹起来，有活力,夜经济,urban_operation,事件,0.765,Very Positive,pos,0.52,0.854,0.759,喜,历史街区,2025-07-21,2025-07 暑假·年轻人涌入打卡,0.669,aspect,夜经济,ermawu,ermawu,1,1,夜经济,pos,"[""夜经济""]",夜经济,"城市更新""十五五""规划(生活圈扩围;夜经济)",一刻钟便民生活圈建设;夜经济品牌培育,"[[""urban_operation"", ""事件"", ""主""], [""urban_governance"", ""事件"", ""次""]]",0.917,1,111.282742,30.692469
ermawu_T2_00223,ermawu,sim_ermawu_l3l4,夜幕降临热闹起来，有活力,夜经济,urban_operation,事件,0.717,Positive,pos,0.797,0.733,0.826,乐,历史街区,2025-07-06,2025-07 暑假·年轻人涌入打卡,0.425,aspect,夜经济,ermawu,ermawu,1,1,夜经济,pos,"[""夜经济""]",夜经济,"城市更新""十五五""规划(生活圈扩围;夜经济)",一刻钟便民生活圈建设;夜经济品牌培育,"[[""urban_operation"", ""事件"", ""主""], [""urban_governance"", ""事件"", ""次""]]",0.93,1,111.275238,30.698558
ermawu_T2_00224,ermawu,sim_ermawu_l3l4,周边夜市烟火升腾，烧烤烤鱼小吃全有,夜经济,urban_operation,事件,0.776,Positive,pos,0.441,0.933,0.84,喜,历史街区,2025-07-05,2025-07 暑假·年轻人涌入打卡,0.569,aspect,夜经济,ermawu,ermawu,1,1,夜经济,pos,"[""夜经济""]",夜经济,"城市更新""十五五""规划(生活圈扩围;夜经济)",一刻钟便民生活圈建设;夜经济品牌培育,"[[""urban_operation"", ""事件"", ""主""], [""urban_governance"", ""事件"", ""次""]]",0.932,1,111.273687,30.697342
ermawu_T2_00225,ermawu,sim_ermawu_l3l4,打卡墙前要排队,网红打卡,urban_operation,文化,0.587,Neutral,neu,0.383,0.875,0.751,盼,历史街区,2025-07-29,2025-07 暑假·年轻人涌入打卡,0.505,aspect,网红打卡,ermawu,ermawu,1,1,网红打卡,neu,"[""网红打卡""]",网红打卡,"城市更新""十五五""规划(文脉保护传承)",文旅IP打造;文化消费场景,"[[""urban_operation"", ""文化"", ""主""], [""urban_operation"", ""事件"", ""次""]]",0.693,0,111.281218,30.696732
ermawu_T2_00226,ermawu,sim_ermawu_l3l4,施工期灰尘大,施工扰民,urban_governance,环境,0.183,Negative,neg,0.513,0.836,0.783,怒,历史街区,2025-07-03,2025-07 暑假·年轻人涌入打卡,0.67,aspect,施工扰民,ermawu,ermawu,1,1,施工扰民,neg,"[""施工扰民""]",施工扰民,城市体检评估管理办法(施工期扰民),老旧小区改造;施工组织优化,"[[""urban_governance"", ""环境"", ""主""], [""urban_renewal"", ""设施"", ""次""]]",0.85,0,111.280681,30.695115
ermawu_T2_00227,ermawu,sim_ermawu_l3l4,周边夜市烟火升腾，烧烤烤鱼小吃全有,夜经济,urban_operation,事件,0.657,Very Positive,pos,0.527,0.811,0.751,喜,历史街区,2025-07-18,2025-07 暑假·年轻人涌入打卡,0.729,aspect,夜经济,ermawu,ermawu,1,1,夜经济,pos,"[""夜经济""]",夜经济,"城市更新""十五五""规划(生活圈扩围;夜经济)",一刻钟便民生活圈建设;夜经济品牌培育,"[[""urban_operation"", ""事件"", ""主""], [""urban_governance"", ""事件"", ""次""]]",0.788,1,111.280951,30.691636
ermawu_T2_00228,ermawu,sim_ermawu_l3l4,烟火气这东西见仁见智,烟火气保留,urban_renewal,文化,0.461,Neutral,neu,0.42,0.816,0.826,盼,历史街区,2025-07-04,2025-07 暑假·年轻人涌入打卡,0.657,aspect,烟火气保留,ermawu,ermawu,1,1,烟火气保留,neu,"[""烟火气保留""]",烟火气保留,防止大拆大建通知(留改拆·留底线),历史街区保护更新;社区营造,"[[""urban_renewal"", ""文化"", ""主""], [""urban_renewal"", ""环境"", ""次""]]",0.898,0,111.278559,30.701878
ermawu_T2_00229,ermawu,sim_ermawu_l3l4,节假日停车地狱,停车难,urban_governance,设施,0.062,Very Negative,neg,0.5,0.784,0.809,哀,历史街区,2025-07-26,2025-07 暑假·年轻人涌入打卡,0.733,aspect,停车难,ermawu,ermawu,1,1,停车难,neg,"[""停车难""]",停车难,完整社区(配套设施补齐);一刻钟生活圈,停车设施补齐;配套完善,"[[""urban_governance"", ""设施"", ""主""], [""urban_planning"", ""设施"", ""次""]]",0.924,0,111.279515,30.698398
ermawu_T2_00230,ermawu,sim_ermawu_l3l4,夜经济还在培育,夜经济,urban_operation,事件,0.561,Neutral,neu,0.51,0.835,0.894,盼,历史街区,2025-07-12,2025-07 暑假·年轻人涌入打卡,0.454,aspect,夜经济,ermawu,ermawu,1,1,夜经济,neu,"[""夜经济""]",夜经济,"城市更新""十五五""规划(生活圈扩围;夜经济)",一刻钟便民生活圈建设;夜经济品牌培育,"[[""urban_operation"", ""事件"", ""主""], [""urban_governance"", ""事件"", ""次""]]",0.722,1,111.283635,30.698522
ermawu_T2_00231,ermawu,sim_ermawu_l3l4,二马路成了网红打卡地，年轻人多,网红打卡,urban_operation,文化,0.793,Very Positive,pos,0.393,0.763,0.798,乐,历史街区,2025-07-28,2025-07 暑假·年轻人涌入打卡,0.549,aspect,网红打卡,ermawu,ermawu,1,1,网红打卡,pos,"[""网红打卡""]",网红打卡,"城市更新""十五五""规划(文脉保护传承)",文旅IP打造;文化消费场景,"[[""urban_operation"", ""文化"", ""主""], [""urban_operation"", ""事件"", ""次""]]",0.816,0,111.271993,30.697914
ermawu_T2_00232,ermawu,sim_ermawu_l3l4,业态都同质化了，走哪都一样,业态丰富度,urban_operation,服务,0.384,Very Negative,neg,0.795,0.911,0.737,哀,历史街区,2025-07-03,2025-07 暑假·年轻人涌入打卡,0.705,aspect,业态丰富度,ermawu,ermawu,1,1,业态丰富度,neg,"[""业态丰富度""]",业态丰富度,关于持续推进城市更新行动的意见(业态引导),业态多元化引导;业态调整,"[[""urban_operation"", ""服务"", ""主""], [""urban_renewal"", ""服务"", ""次""]]",0.725,0,111.28369,30.693985
ermawu_T2_00233,ermawu,sim_ermawu_l3l4,下沉广场水景配老街，拍照绝佳,网红打卡,urban_operation,文化,0.639,Positive,pos,0.766,0.756,0.884,乐,历史街区,2025-07-11,2025-07 暑假·年轻人涌入打卡,0.457,aspect,网红打卡,ermawu,ermawu,1,1,网红打卡,pos,"[""网红打卡""]",网红打卡,"城市更新""十五五""规划(文脉保护传承)",文旅IP打造;文化消费场景,"[[""urban_operation"", ""文化"", ""主""], [""urban_operation"", ""事件"", ""次""]]",0.942,0,111.284808,30.694769
ermawu_T2_00234,ermawu,sim_ermawu_l3l4,二马路成了网红打卡地，年轻人多,网红打卡,urban_operation,文化,0.749,Very Positive,pos,0.381,0.837,0.76,喜,历史街区,2025-07-29,2025-07 暑假·年轻人涌入打卡,0.484,aspect,网红打卡,ermawu,ermawu,1,1,网红打卡,pos,"[""网红打卡""]",网红打卡,"城市更新""十五五""规划(文脉保护传承)",文旅IP打造;文化消费场景,"[[""urban_operation"", ""文化"", ""主""], [""urban_operation"", ""事件"", ""次""]]",0.845,0,111.278294,30.702024
ermawu_T2_00235,ermawu,sim_ermawu_l3l4,业态还在调整中,业态丰富度,urban_operation,服务,0.563,Neutral,neu,0.308,0.881,0.831,盼,历史街区,2025-07-05,2025-07 暑假·年轻人涌入打卡,0.598,aspect,业态丰富度,ermawu,ermawu,1,1,业态丰富度,neu,"[""业态丰富度""]",业态丰富度,关于持续推进城市更新行动的意见(业态引导),业态多元化引导;业态调整,"[[""urban_operation"", ""服务"", ""主""], [""urban_renewal"", ""服务"", ""次""]]",0.883,0,111.281637,30.697992
ermawu_T2_00236,ermawu,sim_ermawu_l3l4,二马路成了网红打卡地，年轻人多,网红打卡,urban_operation,文化,0.653,Positive,pos,0.341,0.861,0.874,喜,历史街区,2025-07-21,2025-07 暑假·年轻人涌入打卡,0.623,aspect,网红打卡,ermawu,ermawu,1,1,网红打卡,pos,"[""网红打卡""]",网红打卡,"城市更新""十五五""规划(文脉保护传承)",文旅IP打造;文化消费场景,"[[""urban_operation"", ""文化"", ""主""], [""urban_operation"", ""事件"", ""次""]]",0.821,0,111.277553,30.696658
ermawu_T2_00237,ermawu,sim_ermawu_l3l4,开街后保洁跟上了,垃圾秩序,urban_governance,环境,0.577,Neutral,neu,0.318,0.933,0.871,盼,历史街区,2025-07-02,2025-07 暑假·年轻人涌入打卡,0.845,aspect,垃圾秩序,ermawu,ermawu,1,1,垃圾秩序,neu,"[""垃圾秩序""]",垃圾秩序,城市更新行动意见(市容治理),市容环境治理;垃圾分类,"[[""urban_governance"", ""环境"", ""主""], [""urban_governance"", ""服务"", ""次""]]",0.767,0,111.28626,30.697654
ermawu_T2_00238,ermawu,sim_ermawu_l3l4,五一10万人，体验拉胯,文旅活力,urban_operation,事件,0.207,Negative,neg,0.799,0.852,0.742,愁,历史街区,2025-07-21,2025-07 暑假·年轻人涌入打卡,0.581,aspect,文旅活力,ermawu,ermawu,1,1,文旅活力,neg,"[""文旅活力""]",文旅活力,"城市更新""十五五""规划(文脉保护;文旅)",文旅品牌;节假日活动组织,"[[""urban_operation"", ""事件"", ""主""], [""urban_operation"", ""文化"", ""次""]]",0.68,1,111.276241,30.698081
ermawu_T2_00239,ermawu,sim_ermawu_l3l4,人多秩序乱，占道,垃圾秩序,urban_governance,环境,0.355,Very Negative,neg,0.676,0.925,0.803,哀,历史街区,2025-07-26,2025-07 暑假·年轻人涌入打卡,0.558,aspect,垃圾秩序,ermawu,ermawu,1,1,垃圾秩序,neg,"[""垃圾秩序""]",垃圾秩序,城市更新行动意见(市容治理),市容环境治理;垃圾分类,"[[""urban_governance"", ""环境"", ""主""], [""urban_governance"", ""服务"", ""次""]]",0.879,0,111.277246,30.696676
ermawu_T2_00240,ermawu,sim_ermawu_l3l4,节假日停车地狱,停车难,urban_governance,设施,0.042,Very Negative,neg,0.763,0.93,0.85,哀,历史街区,2025-07-30,2025-07 暑假·年轻人涌入打卡,0.744,aspect,停车难,ermawu,ermawu,1,1,停车难,neg,"[""停车难""]",停车难,完整社区(配套设施补齐);一刻钟生活圈,停车设施补齐;配套完善,"[[""urban_governance"", ""设施"", ""主""], [""urban_planning"", ""设施"", ""次""]]",0.842,0,111.275163,30.698889
ermawu_T2_00241,ermawu,sim_ermawu_l3l4,盼着开街呢，老街改造进度有点慢,文旅活力,urban_operation,事件,0.408,Neutral,neu,0.742,0.827,0.917,急,历史街区,2025-07-08,2025-07 暑假·年轻人涌入打卡,0.629,aspect,文旅活力,ermawu,ermawu,1,1,文旅活力,neu,"[""文旅活力""]",文旅活力,"城市更新""十五五""规划(文脉保护;文旅)",文旅品牌;节假日活动组织,"[[""urban_operation"", ""事件"", ""主""], [""urban_operation"", ""文化"", ""次""]]",0.735,1,111.283172,30.693254
ermawu_T2_00242,ermawu,sim_ermawu_l3l4,老建筑修得讲究，最小干预看出功夫,修旧如旧,urban_renewal,文化,0.621,Positive,pos,0.487,0.869,0.701,喜,历史街区,2025-07-24,2025-07 暑假·年轻人涌入打卡,0.422,aspect,修旧如旧,ermawu,ermawu,1,1,修旧如旧,pos,"[""修旧如旧""]",修旧如旧,防止大拆大建通知;关于持续推进城市更新行动的意见,历史街区/历史文化街区保护更新,"[[""urban_renewal"", ""文化"", ""主""], [""urban_operation"", ""文化"", ""次""]]",0.702,0,111.276349,30.698564
ermawu_T2_00243,ermawu,sim_ermawu_l3l4,周边夜市烟火升腾，烧烤烤鱼小吃全有,夜经济,urban_operation,事件,0.873,Very Positive,pos,0.431,0.733,0.877,喜,历史街区,2025-07-16,2025-07 暑假·年轻人涌入打卡,0.814,aspect,夜经济,ermawu,ermawu,1,1,夜经济,pos,"[""夜经济""]",夜经济,"城市更新""十五五""规划(生活圈扩围;夜经济)",一刻钟便民生活圈建设;夜经济品牌培育,"[[""urban_operation"", ""事件"", ""主""], [""urban_governance"", ""事件"", ""次""]]",0.719,1,111.279151,30.697252
ermawu_T2_00244,ermawu,sim_ermawu_l3l4,业态都同质化了，走哪都一样,业态丰富度,urban_operation,服务,0.175,Negative,neg,0.736,0.94,0.848,哀,历史街区,2025-07-07,2025-07 暑假·年轻人涌入打卡,0.545,aspect,业态丰富度,ermawu,ermawu,1,1,业态丰富度,neg,"[""业态丰富度""]",业态丰富度,关于持续推进城市更新行动的意见(业态引导),业态多元化引导;业态调整,"[[""urban_operation"", ""服务"", ""主""], [""urban_renewal"", ""服务"", ""次""]]",0.805,0,111.273718,30.697257
ermawu_T2_00245,ermawu,sim_ermawu_l3l4,不变拆真改，原汁原味加分,修旧如旧,urban_renewal,文化,0.751,Very Positive,pos,0.777,0.87,0.853,乐,历史街区,2025-07-28,2025-07 暑假·年轻人涌入打卡,0.791,aspect,修旧如旧,ermawu,ermawu,1,1,修旧如旧,pos,"[""修旧如旧""]",修旧如旧,防止大拆大建通知;关于持续推进城市更新行动的意见,历史街区/历史文化街区保护更新,"[[""urban_renewal"", ""文化"", ""主""], [""urban_operation"", ""文化"", ""次""]]",0.746,0,111.282387,30.694981
ermawu_T2_00246,ermawu,sim_ermawu_l3l4,周边夜市烟火升腾，烧烤烤鱼小吃全有,夜经济,urban_operation,事件,0.687,Positive,pos,0.663,0.873,0.805,乐,历史街区,2025-07-25,2025-07 暑假·年轻人涌入打卡,0.595,aspect,夜经济,ermawu,ermawu,1,1,夜经济,pos,"[""夜经济""]",夜经济,"城市更新""十五五""规划(生活圈扩围;夜经济)",一刻钟便民生活圈建设;夜经济品牌培育,"[[""urban_operation"", ""事件"", ""主""], [""urban_governance"", ""事件"", ""次""]]",0.919,1,111.286031,30.694844
ermawu_T2_00247,ermawu,sim_ermawu_l3l4,老味道流失，可惜,烟火气保留,urban_renewal,文化,0.042,Very Negative,neg,0.797,0.789,0.719,哀,历史街区,2025-07-24,2025-07 暑假·年轻人涌入打卡,0.451,aspect,烟火气保留,ermawu,ermawu,1,1,烟火气保留,neg,"[""烟火气保留""]",烟火气保留,防止大拆大建通知(留改拆·留底线),历史街区保护更新;社区营造,"[[""urban_renewal"", ""文化"", ""主""], [""urban_renewal"", ""环境"", ""次""]]",0.949,0,111.278704,30.696213
ermawu_T2_00248,ermawu,sim_ermawu_l3l4,人多秩序乱，占道,垃圾秩序,urban_governance,环境,0.251,Negative,neg,0.527,0.83,0.847,哀,历史街区,2025-07-12,2025-07 暑假·年轻人涌入打卡,0.545,aspect,垃圾秩序,ermawu,ermawu,1,1,垃圾秩序,neg,"[""垃圾秩序""]",垃圾秩序,城市更新行动意见(市容治理),市容环境治理;垃圾分类,"[[""urban_governance"", ""环境"", ""主""], [""urban_governance"", ""服务"", ""次""]]",0.946,0,111.276821,30.697537
ermawu_T2_00249,ermawu,sim_ermawu_l3l4,小众免费出片，本地人私藏,网红打卡,urban_operation,文化,0.828,Very Positive,pos,0.443,0.942,0.771,乐,历史街区,2025-07-03,2025-07 暑假·年轻人涌入打卡,0.495,aspect,网红打卡,ermawu,ermawu,1,1,网红打卡,pos,"[""网红打卡""]",网红打卡,"城市更新""十五五""规划(文脉保护传承)",文旅IP打造;文化消费场景,"[[""urban_operation"", ""文化"", ""主""], [""urban_operation"", ""事件"", ""次""]]",0.692,0,111.279874,30.697344
ermawu_T2_00250,ermawu,sim_ermawu_l3l4,夜经济周边停车更难,夜经济,urban_operation,事件,0.146,Negative,neg,0.897,0.752,0.766,哀,历史街区,2025-07-24,2025-07 暑假·年轻人涌入打卡,0.414,aspect,夜经济,ermawu,ermawu,1,1,夜经济,neg,"[""夜经济""]",夜经济,"城市更新""十五五""规划(生活圈扩围;夜经济)",一刻钟便民生活圈建设;夜经济品牌培育,"[[""urban_operation"", ""事件"", ""主""], [""urban_governance"", ""事件"", ""次""]]",0.691,1,111.283774,30.696029
ermawu_T2_00251,ermawu,sim_ermawu_l3l4,业态还在调整中,业态丰富度,urban_operation,服务,0.547,Neutral,neu,0.699,0.729,0.891,急,历史街区,2025-07-24,2025-07 暑假·年轻人涌入打卡,0.765,aspect,业态丰富度,ermawu,ermawu,1,1,业态丰富度,neu,"[""业态丰富度""]",业态丰富度,关于持续推进城市更新行动的意见(业态引导),业态多元化引导;业态调整,"[[""urban_operation"", ""服务"", ""主""], [""urban_renewal"", ""服务"", ""次""]]",0.879,0,111.275903,30.698502
ermawu_T2_00252,ermawu,sim_ermawu_l3l4,夜经济还在培育,夜经济,urban_operation,事件,0.434,Neutral,neu,0.667,0.78,0.783,盼,历史街区,2025-07-30,2025-07 暑假·年轻人涌入打卡,0.532,aspect,夜经济,ermawu,ermawu,1,1,夜经济,neu,"[""夜经济""]",夜经济,"城市更新""十五五""规划(生活圈扩围;夜经济)",一刻钟便民生活圈建设;夜经济品牌培育,"[[""urban_operation"", ""事件"", ""主""], [""urban_governance"", ""事件"", ""次""]]",0.779,1,111.281155,30.698845
ermawu_T2_00253,ermawu,sim_ermawu_l3l4,既有文化味更有烟火气，难得,烟火气保留,urban_renewal,文化,0.916,Very Positive,pos,0.558,0.783,0.852,喜,历史街区,2025-07-21,2025-07 暑假·年轻人涌入打卡,0.626,aspect,烟火气保留,ermawu,ermawu,1,1,烟火气保留,pos,"[""烟火气保留""]",烟火气保留,防止大拆大建通知(留改拆·留底线),历史街区保护更新;社区营造,"[[""urban_renewal"", ""文化"", ""主""], [""urban_renewal"", ""环境"", ""次""]]",0.852,0,111.278406,30.697633
ermawu_T2_00254,ermawu,sim_ermawu_l3l4,小众免费出片，本地人私藏,网红打卡,urban_operation,文化,0.888,Positive,pos,0.751,0.869,0.899,乐,历史街区,2025-07-08,2025-07 暑假·年轻人涌入打卡,0.75,aspect,网红打卡,ermawu,ermawu,1,1,网红打卡,pos,"[""网红打卡""]",网红打卡,"城市更新""十五五""规划(文脉保护传承)",文旅IP打造;文化消费场景,"[[""urban_operation"", ""文化"", ""主""], [""urban_operation"", ""事件"", ""次""]]",0.868,0,111.278145,30.696337
ermawu_T2_00255,ermawu,sim_ermawu_l3l4,下沉广场水景配老街，拍照绝佳,网红打卡,urban_operation,文化,0.925,Very Positive,pos,0.616,0.916,0.833,乐,历史街区,2025-07-23,2025-07 暑假·年轻人涌入打卡,0.658,aspect,网红打卡,ermawu,ermawu,1,1,网红打卡,pos,"[""网红打卡""]",网红打卡,"城市更新""十五五""规划(文脉保护传承)",文旅IP打造;文化消费场景,"[[""urban_operation"", ""文化"", ""主""], [""urban_operation"", ""事件"", ""次""]]",0.831,0,111.287297,30.697022
ermawu_T2_00256,ermawu,sim_ermawu_l3l4,期待焕新效果,文旅活力,urban_operation,事件,0.57,Neutral,neu,0.793,0.924,0.742,急,历史街区,2025-07-14,2025-07 暑假·年轻人涌入打卡,0.894,aspect,文旅活力,ermawu,ermawu,1,1,文旅活力,neu,"[""文旅活力""]",文旅活力,"城市更新""十五五""规划(文脉保护;文旅)",文旅品牌;节假日活动组织,"[[""urban_operation"", ""事件"", ""主""], [""urban_operation"", ""文化"", ""次""]]",0.916,1,111.281841,30.693473
ermawu_T2_00257,ermawu,sim_ermawu_l3l4,夜幕降临热闹起来，有活力,夜经济,urban_operation,事件,0.95,Positive,pos,0.665,0.924,0.763,乐,历史街区,2025-07-26,2025-07 暑假·年轻人涌入打卡,0.739,aspect,夜经济,ermawu,ermawu,1,1,夜经济,pos,"[""夜经济""]",夜经济,"城市更新""十五五""规划(生活圈扩围;夜经济)",一刻钟便民生活圈建设;夜经济品牌培育,"[[""urban_operation"", ""事件"", ""主""], [""urban_governance"", ""事件"", ""次""]]",0.929,1,111.27836,30.695495
ermawu_T2_00258,ermawu,sim_ermawu_l3l4,周边夜市烟火升腾，烧烤烤鱼小吃全有,夜经济,urban_operation,事件,0.657,Positive,pos,0.571,0.743,0.854,喜,历史街区,2025-07-15,2025-07 暑假·年轻人涌入打卡,0.71,aspect,夜经济,ermawu,ermawu,1,1,夜经济,pos,"[""夜经济""]",夜经济,"城市更新""十五五""规划(生活圈扩围;夜经济)",一刻钟便民生活圈建设;夜经济品牌培育,"[[""urban_operation"", ""事件"", ""主""], [""urban_governance"", ""事件"", ""次""]]",0.93,1,111.280743,30.6946
ermawu_T2_00259,ermawu,sim_ermawu_l3l4,保留原貌真有味道，修新如旧做得好,修旧如旧,urban_renewal,文化,0.65,Positive,pos,0.524,0.772,0.759,乐,历史街区,2025-07-27,2025-07 暑假·年轻人涌入打卡,0.854,aspect,修旧如旧,ermawu,ermawu,1,1,修旧如旧,pos,"[""修旧如旧""]",修旧如旧,防止大拆大建通知;关于持续推进城市更新行动的意见,历史街区/历史文化街区保护更新,"[[""urban_renewal"", ""文化"", ""主""], [""urban_operation"", ""文化"", ""次""]]",0.787,0,111.277155,30.699464
ermawu_T2_00260,ermawu,sim_ermawu_l3l4,盼着开街呢，老街改造进度有点慢,文旅活力,urban_operation,事件,0.438,Neutral,neu,0.32,0.769,0.832,急,历史街区,2025-07-12,2025-07 暑假·年轻人涌入打卡,0.598,aspect,文旅活力,ermawu,ermawu,1,1,文旅活力,neu,"[""文旅活力""]",文旅活力,"城市更新""十五五""规划(文脉保护;文旅)",文旅品牌;节假日活动组织,"[[""urban_operation"", ""事件"", ""主""], [""urban_operation"", ""文化"", ""次""]]",0.834,1,111.275204,30.695506
ermawu_T2_00261,ermawu,sim_ermawu_l3l4,业态还在调整中,业态丰富度,urban_operation,服务,0.474,Neutral,neu,0.591,0.742,0.81,盼,历史街区,2025-07-17,2025-07 暑假·年轻人涌入打卡,0.534,aspect,业态丰富度,ermawu,ermawu,1,1,业态丰富度,neu,"[""业态丰富度""]",业态丰富度,关于持续推进城市更新行动的意见(业态引导),业态多元化引导;业态调整,"[[""urban_operation"", ""服务"", ""主""], [""urban_renewal"", ""服务"", ""次""]]",0.878,0,111.282713,30.693786
ermawu_T2_00262,ermawu,sim_ermawu_l3l4,下沉广场水景配老街，拍照绝佳,网红打卡,urban_operation,文化,0.726,Very Positive,pos,0.703,0.722,0.707,喜,历史街区,2025-07-20,2025-07 暑假·年轻人涌入打卡,0.599,aspect,网红打卡,ermawu,ermawu,1,1,网红打卡,pos,"[""网红打卡""]",网红打卡,"城市更新""十五五""规划(文脉保护传承)",文旅IP打造;文化消费场景,"[[""urban_operation"", ""文化"", ""主""], [""urban_operation"", ""事件"", ""次""]]",0.86,0,111.28042,30.700852
ermawu_T2_00263,ermawu,sim_ermawu_l3l4,连锁店太多，没特色,业态丰富度,urban_operation,服务,0.13,Negative,neg,0.909,0.924,0.871,愁,历史街区,2025-07-24,2025-07 暑假·年轻人涌入打卡,0.69,aspect,业态丰富度,ermawu,ermawu,1,1,业态丰富度,neg,"[""业态丰富度""]",业态丰富度,关于持续推进城市更新行动的意见(业态引导),业态多元化引导;业态调整,"[[""urban_operation"", ""服务"", ""主""], [""urban_renewal"", ""服务"", ""次""]]",0.721,0,111.277365,30.697474
ermawu_T2_00264,ermawu,sim_ermawu_l3l4,保留原貌真有味道，修新如旧做得好,修旧如旧,urban_renewal,文化,0.822,Very Positive,pos,0.509,0.723,0.738,乐,历史街区,2025-07-03,2025-07 暑假·年轻人涌入打卡,0.527,aspect,修旧如旧,ermawu,ermawu,1,1,修旧如旧,pos,"[""修旧如旧""]",修旧如旧,防止大拆大建通知;关于持续推进城市更新行动的意见,历史街区/历史文化街区保护更新,"[[""urban_renewal"", ""文化"", ""主""], [""urban_operation"", ""文化"", ""次""]]",0.86,0,111.28043,30.691953
ermawu_T2_00265,ermawu,sim_ermawu_l3l4,业态都同质化了，走哪都一样,业态丰富度,urban_operation,服务,0.267,Very Negative,neg,0.922,0.847,0.835,怒,历史街区,2025-07-19,2025-07 暑假·年轻人涌入打卡,0.596,aspect,业态丰富度,ermawu,ermawu,1,1,业态丰富度,neg,"[""业态丰富度""]",业态丰富度,关于持续推进城市更新行动的意见(业态引导),业态多元化引导;业态调整,"[[""urban_operation"", ""服务"", ""主""], [""urban_renewal"", ""服务"", ""次""]]",0.776,0,111.278263,30.694646
ermawu_T2_00266,ermawu,sim_ermawu_l3l4,人多秩序乱，占道,垃圾秩序,urban_governance,环境,0.368,Very Negative,neg,0.85,0.927,0.846,怒,历史街区,2025-07-15,2025-07 暑假·年轻人涌入打卡,0.832,aspect,垃圾秩序,ermawu,ermawu,1,1,垃圾秩序,neg,"[""垃圾秩序""]",垃圾秩序,城市更新行动意见(市容治理),市容环境治理;垃圾分类,"[[""urban_governance"", ""环境"", ""主""], [""urban_governance"", ""服务"", ""次""]]",0.777,0,111.276674,30.694806
ermawu_T2_00267,ermawu,sim_ermawu_l3l4,夜经济让老街活了,夜经济,urban_operation,事件,0.762,Positive,pos,0.535,0.789,0.827,乐,历史街区,2025-07-05,2025-07 暑假·年轻人涌入打卡,0.559,aspect,夜经济,ermawu,ermawu,1,1,夜经济,pos,"[""夜经济""]",夜经济,"城市更新""十五五""规划(生活圈扩围;夜经济)",一刻钟便民生活圈建设;夜经济品牌培育,"[[""urban_operation"", ""事件"", ""主""], [""urban_governance"", ""事件"", ""次""]]",0.896,1,111.284976,30.690292
ermawu_T2_00268,ermawu,sim_ermawu_l3l4,不变拆真改，原汁原味加分,修旧如旧,urban_renewal,文化,0.676,Very Positive,pos,0.507,0.748,0.801,喜,历史街区,2025-07-30,2025-07 暑假·年轻人涌入打卡,0.716,aspect,修旧如旧,ermawu,ermawu,1,1,修旧如旧,pos,"[""修旧如旧""]",修旧如旧,防止大拆大建通知;关于持续推进城市更新行动的意见,历史街区/历史文化街区保护更新,"[[""urban_renewal"", ""文化"", ""主""], [""urban_operation"", ""文化"", ""次""]]",0.698,0,111.278176,30.697707
ermawu_T2_00269,ermawu,sim_ermawu_l3l4,业态还在调整中,业态丰富度,urban_operation,服务,0.471,Neutral,neu,0.615,0.783,0.759,急,历史街区,2025-07-20,2025-07 暑假·年轻人涌入打卡,0.554,aspect,业态丰富度,ermawu,ermawu,1,1,业态丰富度,neu,"[""业态丰富度""]",业态丰富度,关于持续推进城市更新行动的意见(业态引导),业态多元化引导;业态调整,"[[""urban_operation"", ""服务"", ""主""], [""urban_renewal"", ""服务"", ""次""]]",0.77,0,111.274696,30.699399
ermawu_T2_00270,ermawu,sim_ermawu_l3l4,夜经济周边停车更难,夜经济,urban_operation,事件,0.266,Negative,neg,0.562,0.833,0.837,愁,历史街区,2025-07-06,2025-07 暑假·年轻人涌入打卡,0.448,aspect,夜经济,ermawu,ermawu,1,1,夜经济,neg,"[""夜经济""]",夜经济,"城市更新""十五五""规划(生活圈扩围;夜经济)",一刻钟便民生活圈建设;夜经济品牌培育,"[[""urban_operation"", ""事件"", ""主""], [""urban_governance"", ""事件"", ""次""]]",0.802,1,111.283779,30.691722
ermawu_T2_00271,ermawu,sim_ermawu_l3l4,保留原貌真有味道，修新如旧做得好,修旧如旧,urban_renewal,文化,0.82,Very Positive,pos,0.4,0.835,0.856,乐,历史街区,2025-07-21,2025-07 暑假·年轻人涌入打卡,0.723,aspect,修旧如旧,ermawu,ermawu,1,1,修旧如旧,pos,"[""修旧如旧""]",修旧如旧,防止大拆大建通知;关于持续推进城市更新行动的意见,历史街区/历史文化街区保护更新,"[[""urban_renewal"", ""文化"", ""主""], [""urban_operation"", ""文化"", ""次""]]",0.831,0,111.279696,30.699726
ermawu_T2_00272,ermawu,sim_ermawu_l3l4,不变拆真改，原汁原味加分,修旧如旧,urban_renewal,文化,0.9,Very Positive,pos,0.617,0.851,0.826,喜,历史街区,2025-07-31,2025-07 暑假·年轻人涌入打卡,0.441,aspect,修旧如旧,ermawu,ermawu,1,1,修旧如旧,pos,"[""修旧如旧""]",修旧如旧,防止大拆大建通知;关于持续推进城市更新行动的意见,历史街区/历史文化街区保护更新,"[[""urban_renewal"", ""文化"", ""主""], [""urban_operation"", ""文化"", ""次""]]",0.756,0,111.278046,30.694259
ermawu_T2_00273,ermawu,sim_ermawu_l3l4,节假日保洁跟不上,垃圾秩序,urban_governance,环境,0.333,Very Negative,neg,0.766,0.758,0.795,怒,历史街区,2025-07-29,2025-07 暑假·年轻人涌入打卡,0.779,aspect,垃圾秩序,ermawu,ermawu,1,1,垃圾秩序,neg,"[""垃圾秩序""]",垃圾秩序,城市更新行动意见(市容治理),市容环境治理;垃圾分类,"[[""urban_governance"", ""环境"", ""主""], [""urban_governance"", ""服务"", ""次""]]",0.856,0,111.282754,30.694253
ermawu_T2_00274,ermawu,sim_ermawu_l3l4,连锁店太多，没特色,业态丰富度,urban_operation,服务,0.246,Negative,neg,0.722,0.794,0.832,哀,历史街区,2025-07-27,2025-07 暑假·年轻人涌入打卡,0.572,aspect,业态丰富度,ermawu,ermawu,1,1,业态丰富度,neg,"[""业态丰富度""]",业态丰富度,关于持续推进城市更新行动的意见(业态引导),业态多元化引导;业态调整,"[[""urban_operation"", ""服务"", ""主""], [""urban_renewal"", ""服务"", ""次""]]",0.89,0,111.284794,30.694774
ermawu_T2_00275,ermawu,sim_ermawu_l3l4,小众免费出片，本地人私藏,网红打卡,urban_operation,文化,0.791,Very Positive,pos,0.401,0.916,0.824,乐,历史街区,2025-07-23,2025-07 暑假·年轻人涌入打卡,0.547,aspect,网红打卡,ermawu,ermawu,1,1,网红打卡,pos,"[""网红打卡""]",网红打卡,"城市更新""十五五""规划(文脉保护传承)",文旅IP打造;文化消费场景,"[[""urban_operation"", ""文化"", ""主""], [""urban_operation"", ""事件"", ""次""]]",0.854,0,111.287694,30.694745
ermawu_T2_00276,ermawu,sim_ermawu_l3l4,烟火气没了，商业化太重,烟火气保留,urban_renewal,文化,0.128,Very Negative,neg,0.531,0.725,0.872,哀,历史街区,2025-07-06,2025-07 暑假·年轻人涌入打卡,0.669,aspect,烟火气保留,ermawu,ermawu,1,1,烟火气保留,neg,"[""烟火气保留""]",烟火气保留,防止大拆大建通知(留改拆·留底线),历史街区保护更新;社区营造,"[[""urban_renewal"", ""文化"", ""主""], [""urban_renewal"", ""环境"", ""次""]]",0.827,0,111.276799,30.696155
ermawu_T2_00277,ermawu,sim_ermawu_l3l4,业态单一，逛一次就够,业态丰富度,urban_operation,服务,0.154,Very Negative,neg,0.8,0.897,0.728,愁,历史街区,2025-07-05,2025-07 暑假·年轻人涌入打卡,0.612,aspect,业态丰富度,ermawu,ermawu,1,1,业态丰富度,neg,"[""业态丰富度""]",业态丰富度,关于持续推进城市更新行动的意见(业态引导),业态多元化引导;业态调整,"[[""urban_operation"", ""服务"", ""主""], [""urban_renewal"", ""服务"", ""次""]]",0.755,0,111.278339,30.692538
ermawu_T2_00278,ermawu,sim_ermawu_l3l4,人多秩序乱，占道,垃圾秩序,urban_governance,环境,0.127,Very Negative,neg,0.689,0.845,0.787,哀,历史街区,2025-07-05,2025-07 暑假·年轻人涌入打卡,0.499,aspect,垃圾秩序,ermawu,ermawu,1,1,垃圾秩序,neg,"[""垃圾秩序""]",垃圾秩序,城市更新行动意见(市容治理),市容环境治理;垃圾分类,"[[""urban_governance"", ""环境"", ""主""], [""urban_governance"", ""服务"", ""次""]]",0.806,0,111.279918,30.694757
ermawu_T2_00279,ermawu,sim_ermawu_l3l4,老建筑修得讲究，最小干预看出功夫,修旧如旧,urban_renewal,文化,0.622,Positive,pos,0.513,0.834,0.77,喜,历史街区,2025-07-18,2025-07 暑假·年轻人涌入打卡,0.772,aspect,修旧如旧,ermawu,ermawu,1,1,修旧如旧,pos,"[""修旧如旧""]",修旧如旧,防止大拆大建通知;关于持续推进城市更新行动的意见,历史街区/历史文化街区保护更新,"[[""urban_renewal"", ""文化"", ""主""], [""urban_operation"", ""文化"", ""次""]]",0.843,0,111.287811,30.692703
ermawu_T2_00280,ermawu,sim_ermawu_l3l4,打卡墙前要排队,网红打卡,urban_operation,文化,0.51,Neutral,neu,0.593,0.722,0.868,急,历史街区,2025-07-17,2025-07 暑假·年轻人涌入打卡,0.489,aspect,网红打卡,ermawu,ermawu,1,1,网红打卡,neu,"[""网红打卡""]",网红打卡,"城市更新""十五五""规划(文脉保护传承)",文旅IP打造;文化消费场景,"[[""urban_operation"", ""文化"", ""主""], [""urban_operation"", ""事件"", ""次""]]",0.881,0,111.278018,30.697322
ermawu_T2_00281,ermawu,sim_ermawu_l3l4,配套停车跟不上热度,停车难,urban_governance,设施,0.206,Very Negative,neg,0.862,0.847,0.71,怒,历史街区,2025-07-24,2025-07 暑假·年轻人涌入打卡,0.613,aspect,停车难,ermawu,ermawu,1,1,停车难,neg,"[""停车难""]",停车难,完整社区(配套设施补齐);一刻钟生活圈,停车设施补齐;配套完善,"[[""urban_governance"", ""设施"", ""主""], [""urban_planning"", ""设施"", ""次""]]",0.741,0,111.276116,30.699672
ermawu_T2_00282,ermawu,sim_ermawu_l3l4,二马路成了网红打卡地，年轻人多,网红打卡,urban_operation,文化,0.957,Very Positive,pos,0.549,0.782,0.724,喜,历史街区,2025-07-30,2025-07 暑假·年轻人涌入打卡,0.519,aspect,网红打卡,ermawu,ermawu,1,1,网红打卡,pos,"[""网红打卡""]",网红打卡,"城市更新""十五五""规划(文脉保护传承)",文旅IP打造;文化消费场景,"[[""urban_operation"", ""文化"", ""主""], [""urban_operation"", ""事件"", ""次""]]",0.922,0,111.276538,30.694938
ermawu_T2_00283,ermawu,sim_ermawu_l3l4,夜经济让老街活了,夜经济,urban_operation,事件,0.684,Positive,pos,0.343,0.768,0.811,乐,历史街区,2025-07-09,2025-07 暑假·年轻人涌入打卡,0.474,aspect,夜经济,ermawu,ermawu,1,1,夜经济,pos,"[""夜经济""]",夜经济,"城市更新""十五五""规划(生活圈扩围;夜经济)",一刻钟便民生活圈建设;夜经济品牌培育,"[[""urban_operation"", ""事件"", ""主""], [""urban_governance"", ""事件"", ""次""]]",0.862,1,111.278467,30.697991
ermawu_T2_00284,ermawu,sim_ermawu_l3l4,施工快收尾了，忍忍,施工扰民,urban_governance,环境,0.497,Neutral,neu,0.636,0.895,0.812,急,历史街区,2025-07-05,2025-07 暑假·年轻人涌入打卡,0.428,aspect,施工扰民,ermawu,ermawu,1,1,施工扰民,neu,"[""施工扰民""]",施工扰民,城市体检评估管理办法(施工期扰民),老旧小区改造;施工组织优化,"[[""urban_governance"", ""环境"", ""主""], [""urban_renewal"", ""设施"", ""次""]]",0.936,0,111.283107,30.694743
ermawu_T2_00285,ermawu,sim_ermawu_l3l4,文旅复苏，老街活了,文旅活力,urban_operation,事件,0.83,Positive,pos,0.568,0.922,0.744,乐,历史街区,2025-07-24,2025-07 暑假·年轻人涌入打卡,0.801,aspect,文旅活力,ermawu,ermawu,1,1,文旅活力,pos,"[""文旅活力""]",文旅活力,"城市更新""十五五""规划(文脉保护;文旅)",文旅品牌;节假日活动组织,"[[""urban_operation"", ""事件"", ""主""], [""urban_operation"", ""文化"", ""次""]]",0.926,1,111.280028,30.698324
ermawu_T2_00286,ermawu,sim_ermawu_l3l4,夜经济周边停车更难,夜经济,urban_operation,事件,0.349,Negative,neg,0.862,0.92,0.873,怒,历史街区,2025-07-11,2025-07 暑假·年轻人涌入打卡,0.643,aspect,夜经济,ermawu,ermawu,1,1,夜经济,neg,"[""夜经济""]",夜经济,"城市更新""十五五""规划(生活圈扩围;夜经济)",一刻钟便民生活圈建设;夜经济品牌培育,"[[""urban_operation"", ""事件"", ""主""], [""urban_governance"", ""事件"", ""次""]]",0.864,1,111.276665,30.698931
ermawu_T2_00287,ermawu,sim_ermawu_l3l4,烟火气这东西见仁见智,烟火气保留,urban_renewal,文化,0.522,Neutral,neu,0.385,0.845,0.915,急,历史街区,2025-07-24,2025-07 暑假·年轻人涌入打卡,0.453,aspect,烟火气保留,ermawu,ermawu,1,1,烟火气保留,neu,"[""烟火气保留""]",烟火气保留,防止大拆大建通知(留改拆·留底线),历史街区保护更新;社区营造,"[[""urban_renewal"", ""文化"", ""主""], [""urban_renewal"", ""环境"", ""次""]]",0.804,0,111.279661,30.701705
ermawu_T2_00288,ermawu,sim_ermawu_l3l4,文创老店+特色美食，业态丰富,业态丰富度,urban_operation,服务,0.856,Positive,pos,0.579,0.878,0.905,喜,历史街区,2025-07-28,2025-07 暑假·年轻人涌入打卡,0.874,aspect,业态丰富度,ermawu,ermawu,1,1,业态丰富度,pos,"[""业态丰富度""]",业态丰富度,关于持续推进城市更新行动的意见(业态引导),业态多元化引导;业态调整,"[[""urban_operation"", ""服务"", ""主""], [""urban_renewal"", ""服务"", ""次""]]",0.728,0,111.281657,30.699858
ermawu_T2_00289,ermawu,sim_ermawu_l3l4,老味道流失，可惜,烟火气保留,urban_renewal,文化,0.39,Very Negative,neg,0.808,0.732,0.855,愁,历史街区,2025-07-07,2025-07 暑假·年轻人涌入打卡,0.56,aspect,烟火气保留,ermawu,ermawu,1,1,烟火气保留,neg,"[""烟火气保留""]",烟火气保留,防止大拆大建通知(留改拆·留底线),历史街区保护更新;社区营造,"[[""urban_renewal"", ""文化"", ""主""], [""urban_renewal"", ""环境"", ""次""]]",0.882,0,111.283509,30.693108
ermawu_T2_00290,ermawu,sim_ermawu_l3l4,业态还在调整中,业态丰富度,urban_operation,服务,0.476,Neutral,neu,0.317,0.899,0.853,盼,历史街区,2025-07-23,2025-07 暑假·年轻人涌入打卡,0.634,aspect,业态丰富度,ermawu,ermawu,1,1,业态丰富度,neu,"[""业态丰富度""]",业态丰富度,关于持续推进城市更新行动的意见(业态引导),业态多元化引导;业态调整,"[[""urban_operation"", ""服务"", ""主""], [""urban_renewal"", ""服务"", ""次""]]",0.825,0,111.278182,30.701357
ermawu_T2_00291,ermawu,sim_ermawu_l3l4,人多秩序乱，占道,垃圾秩序,urban_governance,环境,0.09,Negative,neg,0.769,0.754,0.709,哀,历史街区,2025-07-24,2025-07 暑假·年轻人涌入打卡,0.691,aspect,垃圾秩序,ermawu,ermawu,1,1,垃圾秩序,neg,"[""垃圾秩序""]",垃圾秩序,城市更新行动意见(市容治理),市容环境治理;垃圾分类,"[[""urban_governance"", ""环境"", ""主""], [""urban_governance"", ""服务"", ""次""]]",0.943,0,111.278963,30.696861
ermawu_T2_00292,ermawu,sim_ermawu_l3l4,文创老店+特色美食，业态丰富,业态丰富度,urban_operation,服务,0.82,Positive,pos,0.698,0.911,0.721,乐,历史街区,2025-07-31,2025-07 暑假·年轻人涌入打卡,0.486,aspect,业态丰富度,ermawu,ermawu,1,1,业态丰富度,pos,"[""业态丰富度""]",业态丰富度,关于持续推进城市更新行动的意见(业态引导),业态多元化引导;业态调整,"[[""urban_operation"", ""服务"", ""主""], [""urban_renewal"", ""服务"", ""次""]]",0.782,0,111.280036,30.695202
ermawu_T2_00293,ermawu,sim_ermawu_l3l4,节假日保洁跟不上,垃圾秩序,urban_governance,环境,0.105,Negative,neg,0.929,0.782,0.702,怒,历史街区,2025-07-31,2025-07 暑假·年轻人涌入打卡,0.864,aspect,垃圾秩序,ermawu,ermawu,1,1,垃圾秩序,neg,"[""垃圾秩序""]",垃圾秩序,城市更新行动意见(市容治理),市容环境治理;垃圾分类,"[[""urban_governance"", ""环境"", ""主""], [""urban_governance"", ""服务"", ""次""]]",0.75,0,111.281237,30.697577
ermawu_T2_00294,ermawu,sim_ermawu_l3l4,烟火气这东西见仁见智,烟火气保留,urban_renewal,文化,0.536,Neutral,neu,0.486,0.815,0.744,急,历史街区,2025-07-23,2025-07 暑假·年轻人涌入打卡,0.422,aspect,烟火气保留,ermawu,ermawu,1,1,烟火气保留,neu,"[""烟火气保留""]",烟火气保留,防止大拆大建通知(留改拆·留底线),历史街区保护更新;社区营造,"[[""urban_renewal"", ""文化"", ""主""], [""urban_renewal"", ""环境"", ""次""]]",0.912,0,111.28077,30.697652
ermawu_T2_00295,ermawu,sim_ermawu_l3l4,连锁店太多，没特色,业态丰富度,urban_operation,服务,0.193,Negative,neg,0.896,0.728,0.787,愁,历史街区,2025-07-09,2025-07 暑假·年轻人涌入打卡,0.817,aspect,业态丰富度,ermawu,ermawu,1,1,业态丰富度,neg,"[""业态丰富度""]",业态丰富度,关于持续推进城市更新行动的意见(业态引导),业态多元化引导;业态调整,"[[""urban_operation"", ""服务"", ""主""], [""urban_renewal"", ""服务"", ""次""]]",0.757,0,111.278485,30.693128
ermawu_T2_00296,ermawu,sim_ermawu_l3l4,保留原貌真有味道，修新如旧做得好,修旧如旧,urban_renewal,文化,0.906,Very Positive,pos,0.543,0.911,0.802,喜,历史街区,2025-07-24,2025-07 暑假·年轻人涌入打卡,0.864,aspect,修旧如旧,ermawu,ermawu,1,1,修旧如旧,pos,"[""修旧如旧""]",修旧如旧,防止大拆大建通知;关于持续推进城市更新行动的意见,历史街区/历史文化街区保护更新,"[[""urban_renewal"", ""文化"", ""主""], [""urban_operation"", ""文化"", ""次""]]",0.859,0,111.288735,30.694198
ermawu_T2_00297,ermawu,sim_ermawu_l3l4,烟火气这东西见仁见智,烟火气保留,urban_renewal,文化,0.551,Neutral,neu,0.726,0.8,0.718,盼,历史街区,2025-07-11,2025-07 暑假·年轻人涌入打卡,0.856,aspect,烟火气保留,ermawu,ermawu,1,1,烟火气保留,neu,"[""烟火气保留""]",烟火气保留,防止大拆大建通知(留改拆·留底线),历史街区保护更新;社区营造,"[[""urban_renewal"", ""文化"", ""主""], [""urban_renewal"", ""环境"", ""次""]]",0.795,0,111.280607,30.700692
ermawu_T2_00298,ermawu,sim_ermawu_l3l4,夜幕降临热闹起来，有活力,夜经济,urban_operation,事件,0.81,Positive,pos,0.558,0.944,0.832,乐,历史街区,2025-07-12,2025-07 暑假·年轻人涌入打卡,0.796,aspect,夜经济,ermawu,ermawu,1,1,夜经济,pos,"[""夜经济""]",夜经济,"城市更新""十五五""规划(生活圈扩围;夜经济)",一刻钟便民生活圈建设;夜经济品牌培育,"[[""urban_operation"", ""事件"", ""主""], [""urban_governance"", ""事件"", ""次""]]",0.734,1,111.286158,30.697629
ermawu_T2_00299,ermawu,sim_ermawu_l3l4,小众免费出片，本地人私藏,网红打卡,urban_operation,文化,0.707,Very Positive,pos,0.547,0.948,0.739,乐,历史街区,2025-07-02,2025-07 暑假·年轻人涌入打卡,0.453,aspect,网红打卡,ermawu,ermawu,1,1,网红打卡,pos,"[""网红打卡""]",网红打卡,"城市更新""十五五""规划(文脉保护传承)",文旅IP打造;文化消费场景,"[[""urban_operation"", ""文化"", ""主""], [""urban_operation"", ""事件"", ""次""]]",0.825,0,111.286173,30.697285
ermawu_T2_00300,ermawu,sim_ermawu_l3l4,期待焕新效果,文旅活力,urban_operation,事件,0.591,Neutral,neu,0.483,0.822,0.768,盼,历史街区,2025-07-14,2025-07 暑假·年轻人涌入打卡,0.781,aspect,文旅活力,ermawu,ermawu,1,1,文旅活力,neu,"[""文旅活力""]",文旅活力,"城市更新""十五五""规划(文脉保护;文旅)",文旅品牌;节假日活动组织,"[[""urban_operation"", ""事件"", ""主""], [""urban_operation"", ""文化"", ""次""]]",0.864,1,111.286958,30.694926
ermawu_T2_00301,ermawu,sim_ermawu_l3l4,业态单一，逛一次就够,业态丰富度,urban_operation,服务,0.277,Negative,neg,0.795,0.761,0.889,怒,历史街区,2025-07-11,2025-07 暑假·年轻人涌入打卡,0.405,aspect,业态丰富度,ermawu,ermawu,1,1,业态丰富度,neg,"[""业态丰富度""]",业态丰富度,关于持续推进城市更新行动的意见(业态引导),业态多元化引导;业态调整,"[[""urban_operation"", ""服务"", ""主""], [""urban_renewal"", ""服务"", ""次""]]",0.938,0,111.27863,30.69954
ermawu_T2_00302,ermawu,sim_ermawu_l3l4,人太多挤得慌，根本走不动,文旅活力,urban_operation,事件,0.155,Negative,neg,0.862,0.754,0.753,怒,历史街区,2025-07-31,2025-07 暑假·年轻人涌入打卡,0.66,aspect,文旅活力,ermawu,ermawu,1,1,文旅活力,neg,"[""文旅活力""]",文旅活力,"城市更新""十五五""规划(文脉保护;文旅)",文旅品牌;节假日活动组织,"[[""urban_operation"", ""事件"", ""主""], [""urban_operation"", ""文化"", ""次""]]",0.725,1,111.28203,30.690438
ermawu_T2_00303,ermawu,sim_ermawu_l3l4,"""宜昌""打卡墙出片，复古花墙绝了",网红打卡,urban_operation,文化,0.937,Positive,pos,0.486,0.862,0.759,喜,历史街区,2025-07-07,2025-07 暑假·年轻人涌入打卡,0.604,aspect,网红打卡,ermawu,ermawu,1,1,网红打卡,pos,"[""网红打卡""]",网红打卡,"城市更新""十五五""规划(文脉保护传承)",文旅IP打造;文化消费场景,"[[""urban_operation"", ""文化"", ""主""], [""urban_operation"", ""事件"", ""次""]]",0.912,0,111.274535,30.696073
ermawu_T2_00304,ermawu,sim_ermawu_l3l4,夜经济周边停车更难,夜经济,urban_operation,事件,0.173,Very Negative,neg,0.904,0.821,0.715,哀,历史街区,2025-07-09,2025-07 暑假·年轻人涌入打卡,0.54,aspect,夜经济,ermawu,ermawu,1,1,夜经济,neg,"[""夜经济""]",夜经济,"城市更新""十五五""规划(生活圈扩围;夜经济)",一刻钟便民生活圈建设;夜经济品牌培育,"[[""urban_operation"", ""事件"", ""主""], [""urban_governance"", ""事件"", ""次""]]",0.693,1,111.280147,30.692669
ermawu_T2_00305,ermawu,sim_ermawu_l3l4,连锁店太多，没特色,业态丰富度,urban_operation,服务,0.085,Negative,neg,0.64,0.897,0.744,哀,历史街区,2025-07-31,2025-07 暑假·年轻人涌入打卡,0.733,aspect,业态丰富度,ermawu,ermawu,1,1,业态丰富度,neg,"[""业态丰富度""]",业态丰富度,关于持续推进城市更新行动的意见(业态引导),业态多元化引导;业态调整,"[[""urban_operation"", ""服务"", ""主""], [""urban_renewal"", ""服务"", ""次""]]",0.736,0,111.278069,30.698688
ermawu_T2_00306,ermawu,sim_ermawu_l3l4,不变拆真改，原汁原味加分,修旧如旧,urban_renewal,文化,0.949,Positive,pos,0.365,0.861,0.792,喜,历史街区,2025-07-12,2025-07 暑假·年轻人涌入打卡,0.58,aspect,修旧如旧,ermawu,ermawu,1,1,修旧如旧,pos,"[""修旧如旧""]",修旧如旧,防止大拆大建通知;关于持续推进城市更新行动的意见,历史街区/历史文化街区保护更新,"[[""urban_renewal"", ""文化"", ""主""], [""urban_operation"", ""文化"", ""次""]]",0.912,0,111.284529,30.695924
ermawu_T2_00307,ermawu,sim_ermawu_l3l4,连锁店太多，没特色,业态丰富度,urban_operation,服务,0.154,Very Negative,neg,0.791,0.858,0.737,怒,历史街区,2025-07-23,2025-07 暑假·年轻人涌入打卡,0.605,aspect,业态丰富度,ermawu,ermawu,1,1,业态丰富度,neg,"[""业态丰富度""]",业态丰富度,关于持续推进城市更新行动的意见(业态引导),业态多元化引导;业态调整,"[[""urban_operation"", ""服务"", ""主""], [""urban_renewal"", ""服务"", ""次""]]",0.916,0,111.279927,30.694133
ermawu_T2_00308,ermawu,sim_ermawu_l3l4,夜经济让老街活了,夜经济,urban_operation,事件,0.748,Very Positive,pos,0.573,0.818,0.852,乐,历史街区,2025-07-24,2025-07 暑假·年轻人涌入打卡,0.792,aspect,夜经济,ermawu,ermawu,1,1,夜经济,pos,"[""夜经济""]",夜经济,"城市更新""十五五""规划(生活圈扩围;夜经济)",一刻钟便民生活圈建设;夜经济品牌培育,"[[""urban_operation"", ""事件"", ""主""], [""urban_governance"", ""事件"", ""次""]]",0.884,1,111.285032,30.696452
ermawu_T2_00309,ermawu,sim_ermawu_l3l4,开街后保洁跟上了,垃圾秩序,urban_governance,环境,0.41,Neutral,neu,0.782,0.767,0.739,急,历史街区,2025-07-16,2025-07 暑假·年轻人涌入打卡,0.748,aspect,垃圾秩序,ermawu,ermawu,1,1,垃圾秩序,neu,"[""垃圾秩序""]",垃圾秩序,城市更新行动意见(市容治理),市容环境治理;垃圾分类,"[[""urban_governance"", ""环境"", ""主""], [""urban_governance"", ""服务"", ""次""]]",0.798,0,111.280155,30.691755
ermawu_T2_00310,ermawu,sim_ermawu_l3l4,夜幕降临热闹起来，有活力,夜经济,urban_operation,事件,0.912,Very Positive,pos,0.571,0.817,0.795,乐,历史街区,2025-07-18,2025-07 暑假·年轻人涌入打卡,0.613,aspect,夜经济,ermawu,ermawu,1,1,夜经济,pos,"[""夜经济""]",夜经济,"城市更新""十五五""规划(生活圈扩围;夜经济)",一刻钟便民生活圈建设;夜经济品牌培育,"[[""urban_operation"", ""事件"", ""主""], [""urban_governance"", ""事件"", ""次""]]",0.743,1,111.27956,30.693751
ermawu_T2_00311,ermawu,sim_ermawu_l3l4,文旅复苏，老街活了,文旅活力,urban_operation,事件,0.868,Very Positive,pos,0.52,0.915,0.727,乐,历史街区,2025-07-19,2025-07 暑假·年轻人涌入打卡,0.802,aspect,文旅活力,ermawu,ermawu,1,1,文旅活力,pos,"[""文旅活力""]",文旅活力,"城市更新""十五五""规划(文脉保护;文旅)",文旅品牌;节假日活动组织,"[[""urban_operation"", ""事件"", ""主""], [""urban_operation"", ""文化"", ""次""]]",0.905,1,111.286601,30.694642
ermawu_T2_00312,ermawu,sim_ermawu_l3l4,人多秩序乱，占道,垃圾秩序,urban_governance,环境,0.386,Very Negative,neg,0.52,0.923,0.874,愁,历史街区,2025-07-11,2025-07 暑假·年轻人涌入打卡,0.469,aspect,垃圾秩序,ermawu,ermawu,1,1,垃圾秩序,neg,"[""垃圾秩序""]",垃圾秩序,城市更新行动意见(市容治理),市容环境治理;垃圾分类,"[[""urban_governance"", ""环境"", ""主""], [""urban_governance"", ""服务"", ""次""]]",0.768,0,111.280994,30.696266
ermawu_T2_00313,ermawu,sim_ermawu_l3l4,老味道还在，没变味,烟火气保留,urban_renewal,文化,0.848,Positive,pos,0.664,0.869,0.873,乐,历史街区,2025-07-08,2025-07 暑假·年轻人涌入打卡,0.798,aspect,烟火气保留,ermawu,ermawu,1,1,烟火气保留,pos,"[""烟火气保留""]",烟火气保留,防止大拆大建通知(留改拆·留底线),历史街区保护更新;社区营造,"[[""urban_renewal"", ""文化"", ""主""], [""urban_renewal"", ""环境"", ""次""]]",0.704,0,111.279361,30.693891
ermawu_T2_00314,ermawu,sim_ermawu_l3l4,老味道流失，可惜,烟火气保留,urban_renewal,文化,0.071,Very Negative,neg,0.513,0.77,0.734,怒,历史街区,2025-07-13,2025-07 暑假·年轻人涌入打卡,0.716,aspect,烟火气保留,ermawu,ermawu,1,1,烟火气保留,neg,"[""烟火气保留""]",烟火气保留,防止大拆大建通知(留改拆·留底线),历史街区保护更新;社区营造,"[[""urban_renewal"", ""文化"", ""主""], [""urban_renewal"", ""环境"", ""次""]]",0.75,0,111.281299,30.697546
ermawu_T2_00315,ermawu,sim_ermawu_l3l4,夜市噪音扰民，周边住户受不了,夜经济,urban_operation,事件,0.059,Very Negative,neg,0.628,0.847,0.833,愁,历史街区,2025-07-18,2025-07 暑假·年轻人涌入打卡,0.717,aspect,夜经济,ermawu,ermawu,1,1,夜经济,neg,"[""夜经济""]",夜经济,"城市更新""十五五""规划(生活圈扩围;夜经济)",一刻钟便民生活圈建设;夜经济品牌培育,"[[""urban_operation"", ""事件"", ""主""], [""urban_governance"", ""事件"", ""次""]]",0.868,1,111.282737,30.699047
ermawu_T2_00316,ermawu,sim_ermawu_l3l4,夜市噪音扰民，周边住户受不了,夜经济,urban_operation,事件,0.254,Negative,neg,0.743,0.851,0.875,怒,历史街区,2025-07-15,2025-07 暑假·年轻人涌入打卡,0.558,aspect,夜经济,ermawu,ermawu,1,1,夜经济,neg,"[""夜经济""]",夜经济,"城市更新""十五五""规划(生活圈扩围;夜经济)",一刻钟便民生活圈建设;夜经济品牌培育,"[[""urban_operation"", ""事件"", ""主""], [""urban_governance"", ""事件"", ""次""]]",0.741,1,111.276324,30.695154
ermawu_T2_00317,ermawu,sim_ermawu_l3l4,开街垃圾满地没人扫,垃圾秩序,urban_governance,环境,0.397,Very Negative,neg,0.609,0.932,0.785,怒,历史街区,2025-07-17,2025-07 暑假·年轻人涌入打卡,0.78,aspect,垃圾秩序,ermawu,ermawu,1,1,垃圾秩序,neg,"[""垃圾秩序""]",垃圾秩序,城市更新行动意见(市容治理),市容环境治理;垃圾分类,"[[""urban_governance"", ""环境"", ""主""], [""urban_governance"", ""服务"", ""次""]]",0.715,0,111.276903,30.70217
ermawu_T2_00318,ermawu,sim_ermawu_l3l4,小众免费出片，本地人私藏,网红打卡,urban_operation,文化,0.751,Positive,pos,0.609,0.783,0.781,乐,历史街区,2025-07-03,2025-07 暑假·年轻人涌入打卡,0.633,aspect,网红打卡,ermawu,ermawu,1,1,网红打卡,pos,"[""网红打卡""]",网红打卡,"城市更新""十五五""规划(文脉保护传承)",文旅IP打造;文化消费场景,"[[""urban_operation"", ""文化"", ""主""], [""urban_operation"", ""事件"", ""次""]]",0.84,0,111.277511,30.699062
ermawu_T2_00319,ermawu,sim_ermawu_l3l4,烟火气没了，商业化太重,烟火气保留,urban_renewal,文化,0.131,Very Negative,neg,0.907,0.783,0.759,怒,历史街区,2025-07-14,2025-07 暑假·年轻人涌入打卡,0.822,aspect,烟火气保留,ermawu,ermawu,1,1,烟火气保留,neg,"[""烟火气保留""]",烟火气保留,防止大拆大建通知(留改拆·留底线),历史街区保护更新;社区营造,"[[""urban_renewal"", ""文化"", ""主""], [""urban_renewal"", ""环境"", ""次""]]",0.803,0,111.276209,30.70097
ermawu_T2_00320,ermawu,sim_ermawu_l3l4,业态都同质化了，走哪都一样,业态丰富度,urban_operation,服务,0.258,Very Negative,neg,0.782,0.802,0.881,愁,历史街区,2025-07-16,2025-07 暑假·年轻人涌入打卡,0.807,aspect,业态丰富度,ermawu,ermawu,1,1,业态丰富度,neg,"[""业态丰富度""]",业态丰富度,关于持续推进城市更新行动的意见(业态引导),业态多元化引导;业态调整,"[[""urban_operation"", ""服务"", ""主""], [""urban_renewal"", ""服务"", ""次""]]",0.696,0,111.278228,30.693771
ermawu_T2_00321,ermawu,sim_ermawu_l3l4,业态还在调整中,业态丰富度,urban_operation,服务,0.454,Neutral,neu,0.611,0.872,0.781,急,历史街区,2025-07-09,2025-07 暑假·年轻人涌入打卡,0.778,aspect,业态丰富度,ermawu,ermawu,1,1,业态丰富度,neu,"[""业态丰富度""]",业态丰富度,关于持续推进城市更新行动的意见(业态引导),业态多元化引导;业态调整,"[[""urban_operation"", ""服务"", ""主""], [""urban_renewal"", ""服务"", ""次""]]",0.809,0,111.274268,30.699122
ermawu_T2_00322,ermawu,sim_ermawu_l3l4,小众免费出片，本地人私藏,网红打卡,urban_operation,文化,0.94,Positive,pos,0.608,0.757,0.837,乐,历史街区,2025-07-12,2025-07 暑假·年轻人涌入打卡,0.619,aspect,网红打卡,ermawu,ermawu,1,1,网红打卡,pos,"[""网红打卡""]",网红打卡,"城市更新""十五五""规划(文脉保护传承)",文旅IP打造;文化消费场景,"[[""urban_operation"", ""文化"", ""主""], [""urban_operation"", ""事件"", ""次""]]",0.801,0,111.2804,30.697034
ermawu_T2_00323,ermawu,sim_ermawu_l3l4,期待焕新效果,文旅活力,urban_operation,事件,0.545,Neutral,neu,0.788,0.806,0.874,急,历史街区,2025-07-20,2025-07 暑假·年轻人涌入打卡,0.8,aspect,文旅活力,ermawu,ermawu,1,1,文旅活力,neu,"[""文旅活力""]",文旅活力,"城市更新""十五五""规划(文脉保护;文旅)",文旅品牌;节假日活动组织,"[[""urban_operation"", ""事件"", ""主""], [""urban_operation"", ""文化"", ""次""]]",0.937,1,111.288286,30.696035
ermawu_T2_00324,ermawu,sim_ermawu_l3l4,烟火气这东西见仁见智,烟火气保留,urban_renewal,文化,0.548,Neutral,neu,0.304,0.894,0.858,急,历史街区,2025-07-31,2025-07 暑假·年轻人涌入打卡,0.459,aspect,烟火气保留,ermawu,ermawu,1,1,烟火气保留,neu,"[""烟火气保留""]",烟火气保留,防止大拆大建通知(留改拆·留底线),历史街区保护更新;社区营造,"[[""urban_renewal"", ""文化"", ""主""], [""urban_renewal"", ""环境"", ""次""]]",0.885,0,111.280301,30.69626
ermawu_T2_00325,ermawu,sim_ermawu_l3l4,不变拆真改，原汁原味加分,修旧如旧,urban_renewal,文化,0.832,Positive,pos,0.35,0.866,0.704,喜,历史街区,2025-07-21,2025-07 暑假·年轻人涌入打卡,0.706,aspect,修旧如旧,ermawu,ermawu,1,1,修旧如旧,pos,"[""修旧如旧""]",修旧如旧,防止大拆大建通知;关于持续推进城市更新行动的意见,历史街区/历史文化街区保护更新,"[[""urban_renewal"", ""文化"", ""主""], [""urban_operation"", ""文化"", ""次""]]",0.811,0,111.282452,30.693626
ermawu_T2_00326,ermawu,sim_ermawu_l3l4,"""宜昌""打卡墙出片，复古花墙绝了",网红打卡,urban_operation,文化,0.697,Positive,pos,0.392,0.797,0.782,乐,历史街区,2025-07-22,2025-07 暑假·年轻人涌入打卡,0.69,aspect,网红打卡,ermawu,ermawu,1,1,网红打卡,pos,"[""网红打卡""]",网红打卡,"城市更新""十五五""规划(文脉保护传承)",文旅IP打造;文化消费场景,"[[""urban_operation"", ""文化"", ""主""], [""urban_operation"", ""事件"", ""次""]]",0.867,0,111.280745,30.693563
ermawu_T2_00327,ermawu,sim_ermawu_l3l4,施工期灰尘大,施工扰民,urban_governance,环境,0.048,Negative,neg,0.924,0.735,0.71,愁,历史街区,2025-07-17,2025-07 暑假·年轻人涌入打卡,0.726,aspect,施工扰民,ermawu,ermawu,1,1,施工扰民,neg,"[""施工扰民""]",施工扰民,城市体检评估管理办法(施工期扰民),老旧小区改造;施工组织优化,"[[""urban_governance"", ""环境"", ""主""], [""urban_renewal"", ""设施"", ""次""]]",0.92,0,111.28362,30.69629
ermawu_T2_00328,ermawu,sim_ermawu_l3l4,人多秩序乱，占道,垃圾秩序,urban_governance,环境,0.181,Negative,neg,0.904,0.939,0.704,哀,历史街区,2025-07-13,2025-07 暑假·年轻人涌入打卡,0.564,aspect,垃圾秩序,ermawu,ermawu,1,1,垃圾秩序,neg,"[""垃圾秩序""]",垃圾秩序,城市更新行动意见(市容治理),市容环境治理;垃圾分类,"[[""urban_governance"", ""环境"", ""主""], [""urban_governance"", ""服务"", ""次""]]",0.802,0,111.284138,30.693108
ermawu_T2_00329,ermawu,sim_ermawu_l3l4,小众免费出片，本地人私藏,网红打卡,urban_operation,文化,0.819,Positive,pos,0.761,0.896,0.816,乐,历史街区,2025-07-09,2025-07 暑假·年轻人涌入打卡,0.884,aspect,网红打卡,ermawu,ermawu,1,1,网红打卡,pos,"[""网红打卡""]",网红打卡,"城市更新""十五五""规划(文脉保护传承)",文旅IP打造;文化消费场景,"[[""urban_operation"", ""文化"", ""主""], [""urban_operation"", ""事件"", ""次""]]",0.741,0,111.281624,30.700157
ermawu_T2_00330,ermawu,sim_ermawu_l3l4,施工期灰尘大,施工扰民,urban_governance,环境,0.316,Very Negative,neg,0.946,0.774,0.857,愁,历史街区,2025-07-03,2025-07 暑假·年轻人涌入打卡,0.602,aspect,施工扰民,ermawu,ermawu,1,1,施工扰民,neg,"[""施工扰民""]",施工扰民,城市体检评估管理办法(施工期扰民),老旧小区改造;施工组织优化,"[[""urban_governance"", ""环境"", ""主""], [""urban_renewal"", ""设施"", ""次""]]",0.906,0,111.276176,30.701668
ermawu_T2_00331,ermawu,sim_ermawu_l3l4,盼着开街呢，老街改造进度有点慢,文旅活力,urban_operation,事件,0.505,Neutral,neu,0.523,0.907,0.807,急,历史街区,2025-07-24,2025-07 暑假·年轻人涌入打卡,0.651,aspect,文旅活力,ermawu,ermawu,1,1,文旅活力,neu,"[""文旅活力""]",文旅活力,"城市更新""十五五""规划(文脉保护;文旅)",文旅品牌;节假日活动组织,"[[""urban_operation"", ""事件"", ""主""], [""urban_operation"", ""文化"", ""次""]]",0.92,1,111.282436,30.695471
ermawu_T2_00332,ermawu,sim_ermawu_l3l4,业态有调性，不低端,业态丰富度,urban_operation,服务,0.801,Positive,pos,0.719,0.89,0.754,喜,历史街区,2025-07-19,2025-07 暑假·年轻人涌入打卡,0.721,aspect,业态丰富度,ermawu,ermawu,1,1,业态丰富度,pos,"[""业态丰富度""]",业态丰富度,关于持续推进城市更新行动的意见(业态引导),业态多元化引导;业态调整,"[[""urban_operation"", ""服务"", ""主""], [""urban_renewal"", ""服务"", ""次""]]",0.737,0,111.276842,30.700933
ermawu_T2_00333,ermawu,sim_ermawu_l3l4,开街后人气回来了，热闹得像过年,文旅活力,urban_operation,事件,0.785,Positive,pos,0.558,0.774,0.884,乐,历史街区,2025-07-27,2025-07 暑假·年轻人涌入打卡,0.498,aspect,文旅活力,ermawu,ermawu,1,1,文旅活力,pos,"[""文旅活力""]",文旅活力,"城市更新""十五五""规划(文脉保护;文旅)",文旅品牌;节假日活动组织,"[[""urban_operation"", ""事件"", ""主""], [""urban_operation"", ""文化"", ""次""]]",0.901,1,111.288014,30.694726
ermawu_T2_00334,ermawu,sim_ermawu_l3l4,连锁店太多，没特色,业态丰富度,urban_operation,服务,0.147,Very Negative,neg,0.535,0.871,0.895,怒,历史街区,2025-07-05,2025-07 暑假·年轻人涌入打卡,0.403,aspect,业态丰富度,ermawu,ermawu,1,1,业态丰富度,neg,"[""业态丰富度""]",业态丰富度,关于持续推进城市更新行动的意见(业态引导),业态多元化引导;业态调整,"[[""urban_operation"", ""服务"", ""主""], [""urban_renewal"", ""服务"", ""次""]]",0.868,0,111.279307,30.697924
ermawu_T2_00335,ermawu,sim_ermawu_l3l4,期待焕新效果,文旅活力,urban_operation,事件,0.572,Neutral,neu,0.694,0.737,0.725,盼,历史街区,2025-07-21,2025-07 暑假·年轻人涌入打卡,0.431,aspect,文旅活力,ermawu,ermawu,1,1,文旅活力,neu,"[""文旅活力""]",文旅活力,"城市更新""十五五""规划(文脉保护;文旅)",文旅品牌;节假日活动组织,"[[""urban_operation"", ""事件"", ""主""], [""urban_operation"", ""文化"", ""次""]]",0.687,1,111.282068,30.690971
ermawu_T2_00336,ermawu,sim_ermawu_l3l4,夜经济让老街活了,夜经济,urban_operation,事件,0.818,Positive,pos,0.644,0.898,0.838,喜,历史街区,2025-07-05,2025-07 暑假·年轻人涌入打卡,0.766,aspect,夜经济,ermawu,ermawu,1,1,夜经济,pos,"[""夜经济""]",夜经济,"城市更新""十五五""规划(生活圈扩围;夜经济)",一刻钟便民生活圈建设;夜经济品牌培育,"[[""urban_operation"", ""事件"", ""主""], [""urban_governance"", ""事件"", ""次""]]",0.827,1,111.276431,30.699343
ermawu_T2_00337,ermawu,sim_ermawu_l3l4,夜幕降临热闹起来，有活力,夜经济,urban_operation,事件,0.923,Very Positive,pos,0.3,0.859,0.874,喜,历史街区,2025-07-23,2025-07 暑假·年轻人涌入打卡,0.696,aspect,夜经济,ermawu,ermawu,1,1,夜经济,pos,"[""夜经济""]",夜经济,"城市更新""十五五""规划(生活圈扩围;夜经济)",一刻钟便民生活圈建设;夜经济品牌培育,"[[""urban_operation"", ""事件"", ""主""], [""urban_governance"", ""事件"", ""次""]]",0.681,1,111.286688,30.693686
ermawu_T2_00338,ermawu,sim_ermawu_l3l4,老味道还在，没变味,烟火气保留,urban_renewal,文化,0.708,Very Positive,pos,0.609,0.937,0.867,乐,历史街区,2025-07-03,2025-07 暑假·年轻人涌入打卡,0.835,aspect,烟火气保留,ermawu,ermawu,1,1,烟火气保留,pos,"[""烟火气保留""]",烟火气保留,防止大拆大建通知(留改拆·留底线),历史街区保护更新;社区营造,"[[""urban_renewal"", ""文化"", ""主""], [""urban_renewal"", ""环境"", ""次""]]",0.797,0,111.276179,30.700474
ermawu_T2_00339,ermawu,sim_ermawu_l3l4,老建筑修得讲究，最小干预看出功夫,修旧如旧,urban_renewal,文化,0.78,Very Positive,pos,0.317,0.736,0.905,乐,历史街区,2025-07-31,2025-07 暑假·年轻人涌入打卡,0.826,aspect,修旧如旧,ermawu,ermawu,1,1,修旧如旧,pos,"[""修旧如旧""]",修旧如旧,防止大拆大建通知;关于持续推进城市更新行动的意见,历史街区/历史文化街区保护更新,"[[""urban_renewal"", ""文化"", ""主""], [""urban_operation"", ""文化"", ""次""]]",0.919,0,111.276573,30.69867
ermawu_T2_00340,ermawu,sim_ermawu_l3l4,二马路成了网红打卡地，年轻人多,网红打卡,urban_operation,文化,0.661,Very Positive,pos,0.404,0.917,0.826,喜,历史街区,2025-07-13,2025-07 暑假·年轻人涌入打卡,0.465,aspect,网红打卡,ermawu,ermawu,1,1,网红打卡,pos,"[""网红打卡""]",网红打卡,"城市更新""十五五""规划(文脉保护传承)",文旅IP打造;文化消费场景,"[[""urban_operation"", ""文化"", ""主""], [""urban_operation"", ""事件"", ""次""]]",0.864,0,111.281541,30.692808
ermawu_T2_00341,ermawu,sim_ermawu_l3l4,业态单一，逛一次就够,业态丰富度,urban_operation,服务,0.317,Very Negative,neg,0.509,0.852,0.771,愁,历史街区,2025-07-18,2025-07 暑假·年轻人涌入打卡,0.767,aspect,业态丰富度,ermawu,ermawu,1,1,业态丰富度,neg,"[""业态丰富度""]",业态丰富度,关于持续推进城市更新行动的意见(业态引导),业态多元化引导;业态调整,"[[""urban_operation"", ""服务"", ""主""], [""urban_renewal"", ""服务"", ""次""]]",0.934,0,111.277763,30.700095
ermawu_T2_00342,ermawu,sim_ermawu_l3l4,文创老店+特色美食，业态丰富,业态丰富度,urban_operation,服务,0.75,Positive,pos,0.64,0.747,0.821,喜,历史街区,2025-07-25,2025-07 暑假·年轻人涌入打卡,0.438,aspect,业态丰富度,ermawu,ermawu,1,1,业态丰富度,pos,"[""业态丰富度""]",业态丰富度,关于持续推进城市更新行动的意见(业态引导),业态多元化引导;业态调整,"[[""urban_operation"", ""服务"", ""主""], [""urban_renewal"", ""服务"", ""次""]]",0.941,0,111.28565,30.692506
ermawu_T2_00343,ermawu,sim_ermawu_l3l4,夜经济还在培育,夜经济,urban_operation,事件,0.568,Neutral,neu,0.598,0.758,0.824,急,历史街区,2025-07-27,2025-07 暑假·年轻人涌入打卡,0.701,aspect,夜经济,ermawu,ermawu,1,1,夜经济,neu,"[""夜经济""]",夜经济,"城市更新""十五五""规划(生活圈扩围;夜经济)",一刻钟便民生活圈建设;夜经济品牌培育,"[[""urban_operation"", ""事件"", ""主""], [""urban_governance"", ""事件"", ""次""]]",0.763,1,111.280739,30.695366
ermawu_T2_00344,ermawu,sim_ermawu_l3l4,五一日均1.5万人，百年老街出圈了,文旅活力,urban_operation,事件,0.818,Positive,pos,0.622,0.897,0.727,乐,历史街区,2025-07-29,2025-07 暑假·年轻人涌入打卡,0.836,aspect,文旅活力,ermawu,ermawu,1,1,文旅活力,pos,"[""文旅活力""]",文旅活力,"城市更新""十五五""规划(文脉保护;文旅)",文旅品牌;节假日活动组织,"[[""urban_operation"", ""事件"", ""主""], [""urban_operation"", ""文化"", ""次""]]",0.901,1,111.275661,30.699624
ermawu_T2_00345,ermawu,sim_ermawu_l3l4,夜幕降临热闹起来，有活力,夜经济,urban_operation,事件,0.801,Positive,pos,0.722,0.88,0.905,乐,历史街区,2025-07-13,2025-07 暑假·年轻人涌入打卡,0.889,aspect,夜经济,ermawu,ermawu,1,1,夜经济,pos,"[""夜经济""]",夜经济,"城市更新""十五五""规划(生活圈扩围;夜经济)",一刻钟便民生活圈建设;夜经济品牌培育,"[[""urban_operation"", ""事件"", ""主""], [""urban_governance"", ""事件"", ""次""]]",0.776,1,111.279873,30.693065
ermawu_T2_00346,ermawu,sim_ermawu_l3l4,连锁店太多，没特色,业态丰富度,urban_operation,服务,0.358,Very Negative,neg,0.795,0.785,0.896,愁,历史街区,2025-07-02,2025-07 暑假·年轻人涌入打卡,0.605,aspect,业态丰富度,ermawu,ermawu,1,1,业态丰富度,neg,"[""业态丰富度""]",业态丰富度,关于持续推进城市更新行动的意见(业态引导),业态多元化引导;业态调整,"[[""urban_operation"", ""服务"", ""主""], [""urban_renewal"", ""服务"", ""次""]]",0.78,0,111.284117,30.694893
ermawu_T2_00347,ermawu,sim_ermawu_l3l4,施工绕行太麻烦,施工扰民,urban_governance,环境,0.374,Negative,neg,0.756,0.797,0.878,哀,历史街区,2025-07-03,2025-07 暑假·年轻人涌入打卡,0.489,aspect,施工扰民,ermawu,ermawu,1,1,施工扰民,neg,"[""施工扰民""]",施工扰民,城市体检评估管理办法(施工期扰民),老旧小区改造;施工组织优化,"[[""urban_governance"", ""环境"", ""主""], [""urban_renewal"", ""设施"", ""次""]]",0.69,0,111.278869,30.697048
ermawu_T2_00348,ermawu,sim_ermawu_l3l4,二马路修旧如旧，百年老街焕发新生,修旧如旧,urban_renewal,文化,0.642,Very Positive,pos,0.711,0.858,0.766,乐,历史街区,2025-07-20,2025-07 暑假·年轻人涌入打卡,0.877,aspect,修旧如旧,ermawu,ermawu,1,1,修旧如旧,pos,"[""修旧如旧""]",修旧如旧,防止大拆大建通知;关于持续推进城市更新行动的意见,历史街区/历史文化街区保护更新,"[[""urban_renewal"", ""文化"", ""主""], [""urban_operation"", ""文化"", ""次""]]",0.816,0,111.287836,30.692587
ermawu_T2_00349,ermawu,sim_ermawu_l3l4,五一日均1.5万人，百年老街出圈了,文旅活力,urban_operation,事件,0.743,Positive,pos,0.651,0.859,0.843,乐,历史街区,2025-07-18,2025-07 暑假·年轻人涌入打卡,0.774,aspect,文旅活力,ermawu,ermawu,1,1,文旅活力,pos,"[""文旅活力""]",文旅活力,"城市更新""十五五""规划(文脉保护;文旅)",文旅品牌;节假日活动组织,"[[""urban_operation"", ""事件"", ""主""], [""urban_operation"", ""文化"", ""次""]]",0.744,1,111.282761,30.694826
ermawu_T2_00350,ermawu,sim_ermawu_l3l4,业态单一，逛一次就够,业态丰富度,urban_operation,服务,0.305,Negative,neg,0.803,0.817,0.707,哀,历史街区,2025-07-04,2025-07 暑假·年轻人涌入打卡,0.522,aspect,业态丰富度,ermawu,ermawu,1,1,业态丰富度,neg,"[""业态丰富度""]",业态丰富度,关于持续推进城市更新行动的意见(业态引导),业态多元化引导;业态调整,"[[""urban_operation"", ""服务"", ""主""], [""urban_renewal"", ""服务"", ""次""]]",0.725,0,111.277193,30.696669
ermawu_T2_00351,ermawu,sim_ermawu_l3l4,小众免费出片，本地人私藏,网红打卡,urban_operation,文化,0.797,Very Positive,pos,0.707,0.807,0.807,乐,历史街区,2025-07-06,2025-07 暑假·年轻人涌入打卡,0.859,aspect,网红打卡,ermawu,ermawu,1,1,网红打卡,pos,"[""网红打卡""]",网红打卡,"城市更新""十五五""规划(文脉保护传承)",文旅IP打造;文化消费场景,"[[""urban_operation"", ""文化"", ""主""], [""urban_operation"", ""事件"", ""次""]]",0.95,0,111.278567,30.69635
ermawu_T2_00352,ermawu,sim_ermawu_l3l4,打卡墙前要排队,网红打卡,urban_operation,文化,0.469,Neutral,neu,0.471,0.83,0.865,急,历史街区,2025-07-09,2025-07 暑假·年轻人涌入打卡,0.888,aspect,网红打卡,ermawu,ermawu,1,1,网红打卡,neu,"[""网红打卡""]",网红打卡,"城市更新""十五五""规划(文脉保护传承)",文旅IP打造;文化消费场景,"[[""urban_operation"", ""文化"", ""主""], [""urban_operation"", ""事件"", ""次""]]",0.694,0,111.278683,30.695559
ermawu_T2_00353,ermawu,sim_ermawu_l3l4,小众免费出片，本地人私藏,网红打卡,urban_operation,文化,0.933,Very Positive,pos,0.531,0.767,0.775,乐,历史街区,2025-07-25,2025-07 暑假·年轻人涌入打卡,0.844,aspect,网红打卡,ermawu,ermawu,1,1,网红打卡,pos,"[""网红打卡""]",网红打卡,"城市更新""十五五""规划(文脉保护传承)",文旅IP打造;文化消费场景,"[[""urban_operation"", ""文化"", ""主""], [""urban_operation"", ""事件"", ""次""]]",0.762,0,111.273662,30.697685
ermawu_T2_00354,ermawu,sim_ermawu_l3l4,开街后保洁跟上了,垃圾秩序,urban_governance,环境,0.405,Neutral,neu,0.427,0.768,0.727,急,历史街区,2025-07-08,2025-07 暑假·年轻人涌入打卡,0.582,aspect,垃圾秩序,ermawu,ermawu,1,1,垃圾秩序,neu,"[""垃圾秩序""]",垃圾秩序,城市更新行动意见(市容治理),市容环境治理;垃圾分类,"[[""urban_governance"", ""环境"", ""主""], [""urban_governance"", ""服务"", ""次""]]",0.907,0,111.273852,30.698664
ermawu_T2_00355,ermawu,sim_ermawu_l3l4,五一日均1.5万人，百年老街出圈了,文旅活力,urban_operation,事件,0.689,Positive,pos,0.39,0.848,0.804,喜,历史街区,2025-07-07,2025-07 暑假·年轻人涌入打卡,0.673,aspect,文旅活力,ermawu,ermawu,1,1,文旅活力,pos,"[""文旅活力""]",文旅活力,"城市更新""十五五""规划(文脉保护;文旅)",文旅品牌;节假日活动组织,"[[""urban_operation"", ""事件"", ""主""], [""urban_operation"", ""文化"", ""次""]]",0.845,1,111.280851,30.697594
ermawu_T2_00356,ermawu,sim_ermawu_l3l4,老味道流失，可惜,烟火气保留,urban_renewal,文化,0.256,Negative,neg,0.703,0.757,0.761,愁,历史街区,2025-07-19,2025-07 暑假·年轻人涌入打卡,0.535,aspect,烟火气保留,ermawu,ermawu,1,1,烟火气保留,neg,"[""烟火气保留""]",烟火气保留,防止大拆大建通知(留改拆·留底线),历史街区保护更新;社区营造,"[[""urban_renewal"", ""文化"", ""主""], [""urban_renewal"", ""环境"", ""次""]]",0.714,0,111.284327,30.692957
ermawu_T2_00357,ermawu,sim_ermawu_l3l4,老味道还在，没变味,烟火气保留,urban_renewal,文化,0.889,Positive,pos,0.616,0.767,0.754,喜,历史街区,2025-07-31,2025-07 暑假·年轻人涌入打卡,0.864,aspect,烟火气保留,ermawu,ermawu,1,1,烟火气保留,pos,"[""烟火气保留""]",烟火气保留,防止大拆大建通知(留改拆·留底线),历史街区保护更新;社区营造,"[[""urban_renewal"", ""文化"", ""主""], [""urban_renewal"", ""环境"", ""次""]]",0.681,0,111.288682,30.695571
ermawu_T2_00358,ermawu,sim_ermawu_l3l4,二马路修旧如旧，百年老街焕发新生,修旧如旧,urban_renewal,文化,0.516,Neutral,neu,0.435,0.811,0.904,急,历史街区,2025-07-02,2025-07 暑假·年轻人涌入打卡,0.702,aspect,修旧如旧,ermawu,ermawu,1,1,修旧如旧,neu,"[""修旧如旧""]",修旧如旧,防止大拆大建通知;关于持续推进城市更新行动的意见,历史街区/历史文化街区保护更新,"[[""urban_renewal"", ""文化"", ""主""], [""urban_operation"", ""文化"", ""次""]]",0.937,0,111.27833,30.696827
ermawu_T2_00359,ermawu,sim_ermawu_l3l4,烟火气没了，商业化太重,烟火气保留,urban_renewal,文化,0.37,Very Negative,neg,0.667,0.745,0.722,愁,历史街区,2025-07-20,2025-07 暑假·年轻人涌入打卡,0.777,aspect,烟火气保留,ermawu,ermawu,1,1,烟火气保留,neg,"[""烟火气保留""]",烟火气保留,防止大拆大建通知(留改拆·留底线),历史街区保护更新;社区营造,"[[""urban_renewal"", ""文化"", ""主""], [""urban_renewal"", ""环境"", ""次""]]",0.814,0,111.280185,30.697087
ermawu_T2_00360,ermawu,sim_ermawu_l3l4,小众免费出片，本地人私藏,网红打卡,urban_operation,文化,0.725,Positive,pos,0.597,0.854,0.761,乐,历史街区,2025-07-12,2025-07 暑假·年轻人涌入打卡,0.871,aspect,网红打卡,ermawu,ermawu,1,1,网红打卡,pos,"[""网红打卡""]",网红打卡,"城市更新""十五五""规划(文脉保护传承)",文旅IP打造;文化消费场景,"[[""urban_operation"", ""文化"", ""主""], [""urban_operation"", ""事件"", ""次""]]",0.919,0,111.283702,30.693868
ermawu_T2_00361,ermawu,sim_ermawu_l3l4,人太多挤得慌，根本走不动,文旅活力,urban_operation,事件,0.279,Very Negative,neg,0.54,0.866,0.79,怒,历史街区,2025-07-09,2025-07 暑假·年轻人涌入打卡,0.564,aspect,文旅活力,ermawu,ermawu,1,1,文旅活力,neg,"[""文旅活力""]",文旅活力,"城市更新""十五五""规划(文脉保护;文旅)",文旅品牌;节假日活动组织,"[[""urban_operation"", ""事件"", ""主""], [""urban_operation"", ""文化"", ""次""]]",0.805,1,111.282995,30.695205
ermawu_T2_00362,ermawu,sim_ermawu_l3l4,不变拆真改，原汁原味加分,修旧如旧,urban_renewal,文化,0.892,Very Positive,pos,0.587,0.87,0.891,乐,历史街区,2025-07-15,2025-07 暑假·年轻人涌入打卡,0.705,aspect,修旧如旧,ermawu,ermawu,1,1,修旧如旧,pos,"[""修旧如旧""]",修旧如旧,防止大拆大建通知;关于持续推进城市更新行动的意见,历史街区/历史文化街区保护更新,"[[""urban_renewal"", ""文化"", ""主""], [""urban_operation"", ""文化"", ""次""]]",0.836,0,111.286861,30.694344
ermawu_T2_00363,ermawu,sim_ermawu_l3l4,保留原貌真有味道，修新如旧做得好,修旧如旧,urban_renewal,文化,0.724,Positive,pos,0.528,0.906,0.708,喜,历史街区,2025-07-22,2025-07 暑假·年轻人涌入打卡,0.502,aspect,修旧如旧,ermawu,ermawu,1,1,修旧如旧,pos,"[""修旧如旧""]",修旧如旧,防止大拆大建通知;关于持续推进城市更新行动的意见,历史街区/历史文化街区保护更新,"[[""urban_renewal"", ""文化"", ""主""], [""urban_operation"", ""文化"", ""次""]]",0.905,0,111.284635,30.69827
ermawu_T2_00364,ermawu,sim_ermawu_l3l4,夜经济周边停车更难,夜经济,urban_operation,事件,0.171,Negative,neg,0.755,0.814,0.755,愁,历史街区,2025-07-25,2025-07 暑假·年轻人涌入打卡,0.407,aspect,夜经济,ermawu,ermawu,1,1,夜经济,neg,"[""夜经济""]",夜经济,"城市更新""十五五""规划(生活圈扩围;夜经济)",一刻钟便民生活圈建设;夜经济品牌培育,"[[""urban_operation"", ""事件"", ""主""], [""urban_governance"", ""事件"", ""次""]]",0.944,1,111.281566,30.700394
ermawu_T2_00365,ermawu,sim_ermawu_l3l4,原住民留着，街区还活着,烟火气保留,urban_renewal,文化,0.638,Positive,pos,0.515,0.949,0.823,喜,历史街区,2025-07-08,2025-07 暑假·年轻人涌入打卡,0.77,aspect,烟火气保留,ermawu,ermawu,1,1,烟火气保留,pos,"[""烟火气保留""]",烟火气保留,防止大拆大建通知(留改拆·留底线),历史街区保护更新;社区营造,"[[""urban_renewal"", ""文化"", ""主""], [""urban_renewal"", ""环境"", ""次""]]",0.705,0,111.285006,30.69683
ermawu_T2_00366,ermawu,sim_ermawu_l3l4,夜经济还在培育,夜经济,urban_operation,事件,0.531,Neutral,neu,0.402,0.852,0.802,盼,历史街区,2025-07-13,2025-07 暑假·年轻人涌入打卡,0.771,aspect,夜经济,ermawu,ermawu,1,1,夜经济,neu,"[""夜经济""]",夜经济,"城市更新""十五五""规划(生活圈扩围;夜经济)",一刻钟便民生活圈建设;夜经济品牌培育,"[[""urban_operation"", ""事件"", ""主""], [""urban_governance"", ""事件"", ""次""]]",0.893,1,111.285657,30.697187
ermawu_T2_00367,ermawu,sim_ermawu_l3l4,配套停车跟不上热度,停车难,urban_governance,设施,0.195,Negative,neg,0.755,0.883,0.826,愁,历史街区,2025-07-21,2025-07 暑假·年轻人涌入打卡,0.595,aspect,停车难,ermawu,ermawu,1,1,停车难,neg,"[""停车难""]",停车难,完整社区(配套设施补齐);一刻钟生活圈,停车设施补齐;配套完善,"[[""urban_governance"", ""设施"", ""主""], [""urban_planning"", ""设施"", ""次""]]",0.691,0,111.275402,30.701296
ermawu_T2_00368,ermawu,sim_ermawu_l3l4,停车太难，绕三圈找不到,停车难,urban_governance,设施,0.234,Negative,neg,0.587,0.742,0.856,愁,历史街区,2025-07-16,2025-07 暑假·年轻人涌入打卡,0.703,aspect,停车难,ermawu,ermawu,1,1,停车难,neg,"[""停车难""]",停车难,完整社区(配套设施补齐);一刻钟生活圈,停车设施补齐;配套完善,"[[""urban_governance"", ""设施"", ""主""], [""urban_planning"", ""设施"", ""次""]]",0.808,0,111.278853,30.697089
ermawu_T2_00369,ermawu,sim_ermawu_l3l4,人太多挤得慌，根本走不动,文旅活力,urban_operation,事件,0.071,Very Negative,neg,0.616,0.93,0.853,怒,历史街区,2025-07-15,2025-07 暑假·年轻人涌入打卡,0.815,aspect,文旅活力,ermawu,ermawu,1,1,文旅活力,neg,"[""文旅活力""]",文旅活力,"城市更新""十五五""规划(文脉保护;文旅)",文旅品牌;节假日活动组织,"[[""urban_operation"", ""事件"", ""主""], [""urban_operation"", ""文化"", ""次""]]",0.754,1,111.277725,30.700547
ermawu_T2_00370,ermawu,sim_ermawu_l3l4,文创老店+特色美食，业态丰富,业态丰富度,urban_operation,服务,0.63,Positive,pos,0.444,0.946,0.704,喜,历史街区,2025-07-16,2025-07 暑假·年轻人涌入打卡,0.521,aspect,业态丰富度,ermawu,ermawu,1,1,业态丰富度,pos,"[""业态丰富度""]",业态丰富度,关于持续推进城市更新行动的意见(业态引导),业态多元化引导;业态调整,"[[""urban_operation"", ""服务"", ""主""], [""urban_renewal"", ""服务"", ""次""]]",0.703,0,111.280166,30.695715
ermawu_T2_00371,ermawu,sim_ermawu_l3l4,烟火气没了，商业化太重,烟火气保留,urban_renewal,文化,0.25,Negative,neg,0.71,0.908,0.919,怒,历史街区,2025-07-20,2025-07 暑假·年轻人涌入打卡,0.73,aspect,烟火气保留,ermawu,ermawu,1,1,烟火气保留,neg,"[""烟火气保留""]",烟火气保留,防止大拆大建通知(留改拆·留底线),历史街区保护更新;社区营造,"[[""urban_renewal"", ""文化"", ""主""], [""urban_renewal"", ""环境"", ""次""]]",0.833,0,111.288826,30.693797
ermawu_T2_00372,ermawu,sim_ermawu_l3l4,夜经济周边停车更难,夜经济,urban_operation,事件,0.318,Very Negative,neg,0.898,0.882,0.853,怒,历史街区,2025-07-12,2025-07 暑假·年轻人涌入打卡,0.762,aspect,夜经济,ermawu,ermawu,1,1,夜经济,neg,"[""夜经济""]",夜经济,"城市更新""十五五""规划(生活圈扩围;夜经济)",一刻钟便民生活圈建设;夜经济品牌培育,"[[""urban_operation"", ""事件"", ""主""], [""urban_governance"", ""事件"", ""次""]]",0.818,1,111.280749,30.69173
ermawu_T2_00373,ermawu,sim_ermawu_l3l4,停车太难，绕三圈找不到,停车难,urban_governance,设施,0.244,Very Negative,neg,0.678,0.743,0.718,哀,历史街区,2025-07-05,2025-07 暑假·年轻人涌入打卡,0.476,aspect,停车难,ermawu,ermawu,1,1,停车难,neg,"[""停车难""]",停车难,完整社区(配套设施补齐);一刻钟生活圈,停车设施补齐;配套完善,"[[""urban_governance"", ""设施"", ""主""], [""urban_planning"", ""设施"", ""次""]]",0.693,0,111.279309,30.692408
ermawu_T2_00374,ermawu,sim_ermawu_l3l4,开街垃圾满地没人扫,垃圾秩序,urban_governance,环境,0.083,Negative,neg,0.51,0.777,0.846,愁,历史街区,2025-07-17,2025-07 暑假·年轻人涌入打卡,0.88,aspect,垃圾秩序,ermawu,ermawu,1,1,垃圾秩序,neg,"[""垃圾秩序""]",垃圾秩序,城市更新行动意见(市容治理),市容环境治理;垃圾分类,"[[""urban_governance"", ""环境"", ""主""], [""urban_governance"", ""服务"", ""次""]]",0.865,0,111.273755,30.698791
ermawu_T2_00375,ermawu,sim_ermawu_l3l4,不变拆真改，原汁原味加分,修旧如旧,urban_renewal,文化,0.566,Neutral,neu,0.422,0.789,0.873,盼,历史街区,2025-07-24,2025-07 暑假·年轻人涌入打卡,0.805,aspect,修旧如旧,ermawu,ermawu,1,1,修旧如旧,neu,"[""修旧如旧""]",修旧如旧,防止大拆大建通知;关于持续推进城市更新行动的意见,历史街区/历史文化街区保护更新,"[[""urban_renewal"", ""文化"", ""主""], [""urban_operation"", ""文化"", ""次""]]",0.928,0,111.278576,30.697576
ermawu_T2_00376,ermawu,sim_ermawu_l3l4,夜经济让老街活了,夜经济,urban_operation,事件,0.955,Very Positive,pos,0.693,0.765,0.845,喜,历史街区,2025-07-01,2025-07 暑假·年轻人涌入打卡,0.693,aspect,夜经济,ermawu,ermawu,1,1,夜经济,pos,"[""夜经济""]",夜经济,"城市更新""十五五""规划(生活圈扩围;夜经济)",一刻钟便民生活圈建设;夜经济品牌培育,"[[""urban_operation"", ""事件"", ""主""], [""urban_governance"", ""事件"", ""次""]]",0.932,1,111.287934,30.695446
ermawu_T2_00377,ermawu,sim_ermawu_l3l4,二马路成了网红打卡地，年轻人多,网红打卡,urban_operation,文化,0.761,Positive,pos,0.728,0.885,0.915,喜,历史街区,2025-07-01,2025-07 暑假·年轻人涌入打卡,0.424,aspect,网红打卡,ermawu,ermawu,1,1,网红打卡,pos,"[""网红打卡""]",网红打卡,"城市更新""十五五""规划(文脉保护传承)",文旅IP打造;文化消费场景,"[[""urban_operation"", ""文化"", ""主""], [""urban_operation"", ""事件"", ""次""]]",0.714,0,111.278552,30.698414
ermawu_T2_00378,ermawu,sim_ermawu_l3l4,老味道流失，可惜,烟火气保留,urban_renewal,文化,0.397,Very Negative,neg,0.73,0.794,0.803,愁,历史街区,2025-07-01,2025-07 暑假·年轻人涌入打卡,0.599,aspect,烟火气保留,ermawu,ermawu,1,1,烟火气保留,neg,"[""烟火气保留""]",烟火气保留,防止大拆大建通知(留改拆·留底线),历史街区保护更新;社区营造,"[[""urban_renewal"", ""文化"", ""主""], [""urban_renewal"", ""环境"", ""次""]]",0.929,0,111.274168,30.696922
ermawu_T2_00379,ermawu,sim_ermawu_l3l4,原住民迁走，没了生活气,烟火气保留,urban_renewal,文化,0.383,Very Negative,neg,0.627,0.852,0.844,愁,历史街区,2025-07-18,2025-07 暑假·年轻人涌入打卡,0.629,aspect,烟火气保留,ermawu,ermawu,1,1,烟火气保留,neg,"[""烟火气保留""]",烟火气保留,防止大拆大建通知(留改拆·留底线),历史街区保护更新;社区营造,"[[""urban_renewal"", ""文化"", ""主""], [""urban_renewal"", ""环境"", ""次""]]",0.94,0,111.281276,30.692992
ermawu_T2_00380,ermawu,sim_ermawu_l3l4,"""宜昌""打卡墙出片，复古花墙绝了",网红打卡,urban_operation,文化,0.779,Very Positive,pos,0.361,0.801,0.91,乐,历史街区,2025-07-12,2025-07 暑假·年轻人涌入打卡,0.43,aspect,网红打卡,ermawu,ermawu,1,1,网红打卡,pos,"[""网红打卡""]",网红打卡,"城市更新""十五五""规划(文脉保护传承)",文旅IP打造;文化消费场景,"[[""urban_operation"", ""文化"", ""主""], [""urban_operation"", ""事件"", ""次""]]",0.943,0,111.277084,30.701522
ermawu_T2_00381,ermawu,sim_ermawu_l3l4,老味道流失，可惜,烟火气保留,urban_renewal,文化,0.142,Negative,neg,0.535,0.792,0.743,怒,历史街区,2025-07-01,2025-07 暑假·年轻人涌入打卡,0.704,aspect,烟火气保留,ermawu,ermawu,1,1,烟火气保留,neg,"[""烟火气保留""]",烟火气保留,防止大拆大建通知(留改拆·留底线),历史街区保护更新;社区营造,"[[""urban_renewal"", ""文化"", ""主""], [""urban_renewal"", ""环境"", ""次""]]",0.782,0,111.283393,30.69623
ermawu_T2_00382,ermawu,sim_ermawu_l3l4,二马路修旧如旧，百年老街焕发新生,修旧如旧,urban_renewal,文化,0.712,Very Positive,pos,0.517,0.827,0.707,喜,历史街区,2025-07-08,2025-07 暑假·年轻人涌入打卡,0.871,aspect,修旧如旧,ermawu,ermawu,1,1,修旧如旧,pos,"[""修旧如旧""]",修旧如旧,防止大拆大建通知;关于持续推进城市更新行动的意见,历史街区/历史文化街区保护更新,"[[""urban_renewal"", ""文化"", ""主""], [""urban_operation"", ""文化"", ""次""]]",0.841,0,111.285603,30.696145
ermawu_T2_00383,ermawu,sim_ermawu_l3l4,原住民留着，街区还活着,烟火气保留,urban_renewal,文化,0.789,Very Positive,pos,0.737,0.721,0.913,喜,历史街区,2025-07-02,2025-07 暑假·年轻人涌入打卡,0.633,aspect,烟火气保留,ermawu,ermawu,1,1,烟火气保留,pos,"[""烟火气保留""]",烟火气保留,防止大拆大建通知(留改拆·留底线),历史街区保护更新;社区营造,"[[""urban_renewal"", ""文化"", ""主""], [""urban_renewal"", ""环境"", ""次""]]",0.812,0,111.279231,30.694907
ermawu_T2_00384,ermawu,sim_ermawu_l3l4,烟火气这东西见仁见智,烟火气保留,urban_renewal,文化,0.442,Neutral,neu,0.544,0.74,0.741,急,历史街区,2025-07-22,2025-07 暑假·年轻人涌入打卡,0.75,aspect,烟火气保留,ermawu,ermawu,1,1,烟火气保留,neu,"[""烟火气保留""]",烟火气保留,防止大拆大建通知(留改拆·留底线),历史街区保护更新;社区营造,"[[""urban_renewal"", ""文化"", ""主""], [""urban_renewal"", ""环境"", ""次""]]",0.693,0,111.279175,30.698216
ermawu_T2_00385,ermawu,sim_ermawu_l3l4,二马路成了网红打卡地，年轻人多,网红打卡,urban_operation,文化,0.734,Very Positive,pos,0.737,0.887,0.825,喜,历史街区,2025-07-17,2025-07 暑假·年轻人涌入打卡,0.789,aspect,网红打卡,ermawu,ermawu,1,1,网红打卡,pos,"[""网红打卡""]",网红打卡,"城市更新""十五五""规划(文脉保护传承)",文旅IP打造;文化消费场景,"[[""urban_operation"", ""文化"", ""主""], [""urban_operation"", ""事件"", ""次""]]",0.793,0,111.286213,30.6923
ermawu_T2_00386,ermawu,sim_ermawu_l3l4,二马路成了网红打卡地，年轻人多,网红打卡,urban_operation,文化,0.639,Very Positive,pos,0.301,0.932,0.895,乐,历史街区,2025-07-29,2025-07 暑假·年轻人涌入打卡,0.405,aspect,网红打卡,ermawu,ermawu,1,1,网红打卡,pos,"[""网红打卡""]",网红打卡,"城市更新""十五五""规划(文脉保护传承)",文旅IP打造;文化消费场景,"[[""urban_operation"", ""文化"", ""主""], [""urban_operation"", ""事件"", ""次""]]",0.828,0,111.276955,30.69775
ermawu_T2_00387,ermawu,sim_ermawu_l3l4,人多秩序乱，占道,垃圾秩序,urban_governance,环境,0.289,Negative,neg,0.823,0.922,0.784,哀,历史街区,2025-07-15,2025-07 暑假·年轻人涌入打卡,0.843,aspect,垃圾秩序,ermawu,ermawu,1,1,垃圾秩序,neg,"[""垃圾秩序""]",垃圾秩序,城市更新行动意见(市容治理),市容环境治理;垃圾分类,"[[""urban_governance"", ""环境"", ""主""], [""urban_governance"", ""服务"", ""次""]]",0.913,0,111.28148,30.691403
ermawu_T2_00388,ermawu,sim_ermawu_l3l4,不变拆真改，原汁原味加分,修旧如旧,urban_renewal,文化,0.786,Very Positive,pos,0.525,0.934,0.76,喜,历史街区,2025-07-25,2025-07 暑假·年轻人涌入打卡,0.515,aspect,修旧如旧,ermawu,ermawu,1,1,修旧如旧,pos,"[""修旧如旧""]",修旧如旧,防止大拆大建通知;关于持续推进城市更新行动的意见,历史街区/历史文化街区保护更新,"[[""urban_renewal"", ""文化"", ""主""], [""urban_operation"", ""文化"", ""次""]]",0.877,0,111.278909,30.702257
ermawu_T2_00389,ermawu,sim_ermawu_l3l4,文创老店+特色美食，业态丰富,业态丰富度,urban_operation,服务,0.934,Very Positive,pos,0.77,0.786,0.849,喜,历史街区,2025-07-08,2025-07 暑假·年轻人涌入打卡,0.8,aspect,业态丰富度,ermawu,ermawu,1,1,业态丰富度,pos,"[""业态丰富度""]",业态丰富度,关于持续推进城市更新行动的意见(业态引导),业态多元化引导;业态调整,"[[""urban_operation"", ""服务"", ""主""], [""urban_renewal"", ""服务"", ""次""]]",0.806,0,111.286265,30.694677
ermawu_T2_00390,ermawu,sim_ermawu_l3l4,原住民留着，街区还活着,烟火气保留,urban_renewal,文化,0.913,Positive,pos,0.51,0.799,0.873,乐,历史街区,2025-07-28,2025-07 暑假·年轻人涌入打卡,0.691,aspect,烟火气保留,ermawu,ermawu,1,1,烟火气保留,pos,"[""烟火气保留""]",烟火气保留,防止大拆大建通知(留改拆·留底线),历史街区保护更新;社区营造,"[[""urban_renewal"", ""文化"", ""主""], [""urban_renewal"", ""环境"", ""次""]]",0.796,0,111.279348,30.696867
ermawu_T2_00391,ermawu,sim_ermawu_l3l4,老味道还在，没变味,烟火气保留,urban_renewal,文化,0.93,Positive,pos,0.686,0.828,0.91,乐,历史街区,2025-07-20,2025-07 暑假·年轻人涌入打卡,0.749,aspect,烟火气保留,ermawu,ermawu,1,1,烟火气保留,pos,"[""烟火气保留""]",烟火气保留,防止大拆大建通知(留改拆·留底线),历史街区保护更新;社区营造,"[[""urban_renewal"", ""文化"", ""主""], [""urban_renewal"", ""环境"", ""次""]]",0.768,0,111.275516,30.698311
ermawu_T2_00392,ermawu,sim_ermawu_l3l4,业态还在调整中,业态丰富度,urban_operation,服务,0.432,Neutral,neu,0.529,0.846,0.788,急,历史街区,2025-07-22,2025-07 暑假·年轻人涌入打卡,0.624,aspect,业态丰富度,ermawu,ermawu,1,1,业态丰富度,neu,"[""业态丰富度""]",业态丰富度,关于持续推进城市更新行动的意见(业态引导),业态多元化引导;业态调整,"[[""urban_operation"", ""服务"", ""主""], [""urban_renewal"", ""服务"", ""次""]]",0.731,0,111.274893,30.698852
ermawu_T2_00393,ermawu,sim_ermawu_l3l4,小众免费出片，本地人私藏,网红打卡,urban_operation,文化,0.712,Positive,pos,0.438,0.757,0.726,喜,历史街区,2025-07-02,2025-07 暑假·年轻人涌入打卡,0.465,aspect,网红打卡,ermawu,ermawu,1,1,网红打卡,pos,"[""网红打卡""]",网红打卡,"城市更新""十五五""规划(文脉保护传承)",文旅IP打造;文化消费场景,"[[""urban_operation"", ""文化"", ""主""], [""urban_operation"", ""事件"", ""次""]]",0.802,0,111.277863,30.695658
ermawu_T2_00394,ermawu,sim_ermawu_l3l4,期待焕新效果,文旅活力,urban_operation,事件,0.588,Neutral,neu,0.699,0.859,0.774,盼,历史街区,2025-07-13,2025-07 暑假·年轻人涌入打卡,0.7,aspect,文旅活力,ermawu,ermawu,1,1,文旅活力,neu,"[""文旅活力""]",文旅活力,"城市更新""十五五""规划(文脉保护;文旅)",文旅品牌;节假日活动组织,"[[""urban_operation"", ""事件"", ""主""], [""urban_operation"", ""文化"", ""次""]]",0.918,1,111.278559,30.695244
ermawu_T2_00395,ermawu,sim_ermawu_l3l4,周边夜市烟火升腾，烧烤烤鱼小吃全有,夜经济,urban_operation,事件,0.8,Positive,pos,0.694,0.896,0.713,乐,历史街区,2025-07-31,2025-07 暑假·年轻人涌入打卡,0.547,aspect,夜经济,ermawu,ermawu,1,1,夜经济,pos,"[""夜经济""]",夜经济,"城市更新""十五五""规划(生活圈扩围;夜经济)",一刻钟便民生活圈建设;夜经济品牌培育,"[[""urban_operation"", ""事件"", ""主""], [""urban_governance"", ""事件"", ""次""]]",0.803,1,111.282092,30.692874
ermawu_T2_00396,ermawu,sim_ermawu_l3l4,业态有调性，不低端,业态丰富度,urban_operation,服务,0.774,Positive,pos,0.456,0.934,0.75,喜,历史街区,2025-07-06,2025-07 暑假·年轻人涌入打卡,0.521,aspect,业态丰富度,ermawu,ermawu,1,1,业态丰富度,pos,"[""业态丰富度""]",业态丰富度,关于持续推进城市更新行动的意见(业态引导),业态多元化引导;业态调整,"[[""urban_operation"", ""服务"", ""主""], [""urban_renewal"", ""服务"", ""次""]]",0.752,0,111.277963,30.697897
ermawu_T2_00397,ermawu,sim_ermawu_l3l4,打卡墙前要排队,网红打卡,urban_operation,文化,0.536,Neutral,neu,0.753,0.767,0.844,急,历史街区,2025-07-24,2025-07 暑假·年轻人涌入打卡,0.776,aspect,网红打卡,ermawu,ermawu,1,1,网红打卡,neu,"[""网红打卡""]",网红打卡,"城市更新""十五五""规划(文脉保护传承)",文旅IP打造;文化消费场景,"[[""urban_operation"", ""文化"", ""主""], [""urban_operation"", ""事件"", ""次""]]",0.818,0,111.278922,30.693361
ermawu_T2_00398,ermawu,sim_ermawu_l3l4,人多秩序乱，占道,垃圾秩序,urban_governance,环境,0.114,Negative,neg,0.769,0.831,0.796,愁,历史街区,2025-07-09,2025-07 暑假·年轻人涌入打卡,0.63,aspect,垃圾秩序,ermawu,ermawu,1,1,垃圾秩序,neg,"[""垃圾秩序""]",垃圾秩序,城市更新行动意见(市容治理),市容环境治理;垃圾分类,"[[""urban_governance"", ""环境"", ""主""], [""urban_governance"", ""服务"", ""次""]]",0.909,0,111.2748,30.698443
ermawu_T2_00399,ermawu,sim_ermawu_l3l4,开街垃圾满地没人扫,垃圾秩序,urban_governance,环境,0.139,Negative,neg,0.712,0.864,0.862,哀,历史街区,2025-07-30,2025-07 暑假·年轻人涌入打卡,0.721,aspect,垃圾秩序,ermawu,ermawu,1,1,垃圾秩序,neg,"[""垃圾秩序""]",垃圾秩序,城市更新行动意见(市容治理),市容环境治理;垃圾分类,"[[""urban_governance"", ""环境"", ""主""], [""urban_governance"", ""服务"", ""次""]]",0.916,0,111.281274,30.696134
ermawu_T2_00400,ermawu,sim_ermawu_l3l4,文创老店+特色美食，业态丰富,业态丰富度,urban_operation,服务,0.799,Positive,pos,0.541,0.914,0.797,乐,历史街区,2025-07-01,2025-07 暑假·年轻人涌入打卡,0.424,aspect,业态丰富度,ermawu,ermawu,1,1,业态丰富度,pos,"[""业态丰富度""]",业态丰富度,关于持续推进城市更新行动的意见(业态引导),业态多元化引导;业态调整,"[[""urban_operation"", ""服务"", ""主""], [""urban_renewal"", ""服务"", ""次""]]",0.943,0,111.276401,30.699898
ermawu_T2_00401,ermawu,sim_ermawu_l3l4,五一日均1.5万人，百年老街出圈了,文旅活力,urban_operation,事件,0.925,Very Positive,pos,0.348,0.896,0.838,乐,历史街区,2025-07-24,2025-07 暑假·年轻人涌入打卡,0.596,aspect,文旅活力,ermawu,ermawu,1,1,文旅活力,pos,"[""文旅活力""]",文旅活力,"城市更新""十五五""规划(文脉保护;文旅)",文旅品牌;节假日活动组织,"[[""urban_operation"", ""事件"", ""主""], [""urban_operation"", ""文化"", ""次""]]",0.813,1,111.281764,30.697099
ermawu_T2_00402,ermawu,sim_ermawu_l3l4,原住民留着，街区还活着,烟火气保留,urban_renewal,文化,0.668,Positive,pos,0.438,0.905,0.78,喜,历史街区,2025-07-16,2025-07 暑假·年轻人涌入打卡,0.438,aspect,烟火气保留,ermawu,ermawu,1,1,烟火气保留,pos,"[""烟火气保留""]",烟火气保留,防止大拆大建通知(留改拆·留底线),历史街区保护更新;社区营造,"[[""urban_renewal"", ""文化"", ""主""], [""urban_renewal"", ""环境"", ""次""]]",0.777,0,111.280846,30.691838
ermawu_T2_00403,ermawu,sim_ermawu_l3l4,"""宜昌""打卡墙出片，复古花墙绝了",网红打卡,urban_operation,文化,0.92,Very Positive,pos,0.388,0.769,0.913,喜,历史街区,2025-07-05,2025-07 暑假·年轻人涌入打卡,0.695,aspect,网红打卡,ermawu,ermawu,1,1,网红打卡,pos,"[""网红打卡""]",网红打卡,"城市更新""十五五""规划(文脉保护传承)",文旅IP打造;文化消费场景,"[[""urban_operation"", ""文化"", ""主""], [""urban_operation"", ""事件"", ""次""]]",0.745,0,111.278623,30.695806
ermawu_T2_00404,ermawu,sim_ermawu_l3l4,周边夜市烟火升腾，烧烤烤鱼小吃全有,夜经济,urban_operation,事件,0.872,Positive,pos,0.355,0.728,0.862,乐,历史街区,2025-07-27,2025-07 暑假·年轻人涌入打卡,0.837,aspect,夜经济,ermawu,ermawu,1,1,夜经济,pos,"[""夜经济""]",夜经济,"城市更新""十五五""规划(生活圈扩围;夜经济)",一刻钟便民生活圈建设;夜经济品牌培育,"[[""urban_operation"", ""事件"", ""主""], [""urban_governance"", ""事件"", ""次""]]",0.854,1,111.287548,30.693824
ermawu_T2_00405,ermawu,sim_ermawu_l3l4,不变拆真改，原汁原味加分,修旧如旧,urban_renewal,文化,0.726,Very Positive,pos,0.416,0.912,0.778,乐,历史街区,2025-07-27,2025-07 暑假·年轻人涌入打卡,0.869,aspect,修旧如旧,ermawu,ermawu,1,1,修旧如旧,pos,"[""修旧如旧""]",修旧如旧,防止大拆大建通知;关于持续推进城市更新行动的意见,历史街区/历史文化街区保护更新,"[[""urban_renewal"", ""文化"", ""主""], [""urban_operation"", ""文化"", ""次""]]",0.791,0,111.278824,30.694407
ermawu_T2_00406,ermawu,sim_ermawu_l3l4,周边夜市烟火升腾，烧烤烤鱼小吃全有,夜经济,urban_operation,事件,0.795,Positive,pos,0.455,0.855,0.862,喜,历史街区,2025-07-04,2025-07 暑假·年轻人涌入打卡,0.887,aspect,夜经济,ermawu,ermawu,1,1,夜经济,pos,"[""夜经济""]",夜经济,"城市更新""十五五""规划(生活圈扩围;夜经济)",一刻钟便民生活圈建设;夜经济品牌培育,"[[""urban_operation"", ""事件"", ""主""], [""urban_governance"", ""事件"", ""次""]]",0.704,1,111.280941,30.696756
ermawu_T2_00407,ermawu,sim_ermawu_l3l4,小众免费出片，本地人私藏,网红打卡,urban_operation,文化,0.852,Very Positive,pos,0.336,0.919,0.736,喜,历史街区,2025-07-07,2025-07 暑假·年轻人涌入打卡,0.687,aspect,网红打卡,ermawu,ermawu,1,1,网红打卡,pos,"[""网红打卡""]",网红打卡,"城市更新""十五五""规划(文脉保护传承)",文旅IP打造;文化消费场景,"[[""urban_operation"", ""文化"", ""主""], [""urban_operation"", ""事件"", ""次""]]",0.688,0,111.282192,30.693622
ermawu_T2_00408,ermawu,sim_ermawu_l3l4,连锁店太多，没特色,业态丰富度,urban_operation,服务,0.153,Very Negative,neg,0.77,0.81,0.749,怒,历史街区,2025-07-09,2025-07 暑假·年轻人涌入打卡,0.675,aspect,业态丰富度,ermawu,ermawu,1,1,业态丰富度,neg,"[""业态丰富度""]",业态丰富度,关于持续推进城市更新行动的意见(业态引导),业态多元化引导;业态调整,"[[""urban_operation"", ""服务"", ""主""], [""urban_renewal"", ""服务"", ""次""]]",0.747,0,111.27945,30.69641
ermawu_T2_00409,ermawu,sim_ermawu_l3l4,周边夜市烟火升腾，烧烤烤鱼小吃全有,夜经济,urban_operation,事件,0.949,Very Positive,pos,0.351,0.871,0.899,喜,历史街区,2025-07-10,2025-07 暑假·年轻人涌入打卡,0.623,aspect,夜经济,ermawu,ermawu,1,1,夜经济,pos,"[""夜经济""]",夜经济,"城市更新""十五五""规划(生活圈扩围;夜经济)",一刻钟便民生活圈建设;夜经济品牌培育,"[[""urban_operation"", ""事件"", ""主""], [""urban_governance"", ""事件"", ""次""]]",0.841,1,111.285232,30.694973
ermawu_T2_00410,ermawu,sim_ermawu_l3l4,开街后保洁跟上了,垃圾秩序,urban_governance,环境,0.58,Neutral,neu,0.774,0.793,0.787,盼,历史街区,2025-07-28,2025-07 暑假·年轻人涌入打卡,0.717,aspect,垃圾秩序,ermawu,ermawu,1,1,垃圾秩序,neu,"[""垃圾秩序""]",垃圾秩序,城市更新行动意见(市容治理),市容环境治理;垃圾分类,"[[""urban_governance"", ""环境"", ""主""], [""urban_governance"", ""服务"", ""次""]]",0.726,0,111.280268,30.698434
ermawu_T2_00411,ermawu,sim_ermawu_l3l4,不变拆真改，原汁原味加分,修旧如旧,urban_renewal,文化,0.897,Positive,pos,0.71,0.779,0.705,乐,历史街区,2025-07-11,2025-07 暑假·年轻人涌入打卡,0.451,aspect,修旧如旧,ermawu,ermawu,1,1,修旧如旧,pos,"[""修旧如旧""]",修旧如旧,防止大拆大建通知;关于持续推进城市更新行动的意见,历史街区/历史文化街区保护更新,"[[""urban_renewal"", ""文化"", ""主""], [""urban_operation"", ""文化"", ""次""]]",0.803,0,111.279888,30.69224
ermawu_T2_00412,ermawu,sim_ermawu_l3l4,夜市噪音扰民，周边住户受不了,夜经济,urban_operation,事件,0.27,Negative,neg,0.856,0.934,0.716,愁,历史街区,2025-07-18,2025-07 暑假·年轻人涌入打卡,0.435,aspect,夜经济,ermawu,ermawu,1,1,夜经济,neg,"[""夜经济""]",夜经济,"城市更新""十五五""规划(生活圈扩围;夜经济)",一刻钟便民生活圈建设;夜经济品牌培育,"[[""urban_operation"", ""事件"", ""主""], [""urban_governance"", ""事件"", ""次""]]",0.797,1,111.285485,30.694342
ermawu_T2_00413,ermawu,sim_ermawu_l3l4,原住民迁走，没了生活气,烟火气保留,urban_renewal,文化,0.311,Very Negative,neg,0.944,0.926,0.863,怒,历史街区,2025-07-16,2025-07 暑假·年轻人涌入打卡,0.419,aspect,烟火气保留,ermawu,ermawu,1,1,烟火气保留,neg,"[""烟火气保留""]",烟火气保留,防止大拆大建通知(留改拆·留底线),历史街区保护更新;社区营造,"[[""urban_renewal"", ""文化"", ""主""], [""urban_renewal"", ""环境"", ""次""]]",0.845,0,111.280104,30.699722
ermawu_T2_00414,ermawu,sim_ermawu_l3l4,二马路成了网红打卡地，年轻人多,网红打卡,urban_operation,文化,0.89,Very Positive,pos,0.485,0.797,0.892,喜,历史街区,2025-07-22,2025-07 暑假·年轻人涌入打卡,0.523,aspect,网红打卡,ermawu,ermawu,1,1,网红打卡,pos,"[""网红打卡""]",网红打卡,"城市更新""十五五""规划(文脉保护传承)",文旅IP打造;文化消费场景,"[[""urban_operation"", ""文化"", ""主""], [""urban_operation"", ""事件"", ""次""]]",0.694,0,111.279159,30.694287
ermawu_T2_00415,ermawu,sim_ermawu_l3l4,开街垃圾满地没人扫,垃圾秩序,urban_governance,环境,0.279,Very Negative,neg,0.901,0.758,0.753,哀,历史街区,2025-07-25,2025-07 暑假·年轻人涌入打卡,0.547,aspect,垃圾秩序,ermawu,ermawu,1,1,垃圾秩序,neg,"[""垃圾秩序""]",垃圾秩序,城市更新行动意见(市容治理),市容环境治理;垃圾分类,"[[""urban_governance"", ""环境"", ""主""], [""urban_governance"", ""服务"", ""次""]]",0.91,0,111.27961,30.695355
ermawu_T2_00416,ermawu,sim_ermawu_l3l4,业态单一，逛一次就够,业态丰富度,urban_operation,服务,0.363,Negative,neg,0.568,0.929,0.831,哀,历史街区,2025-07-19,2025-07 暑假·年轻人涌入打卡,0.462,aspect,业态丰富度,ermawu,ermawu,1,1,业态丰富度,neg,"[""业态丰富度""]",业态丰富度,关于持续推进城市更新行动的意见(业态引导),业态多元化引导;业态调整,"[[""urban_operation"", ""服务"", ""主""], [""urban_renewal"", ""服务"", ""次""]]",0.7,0,111.2772,30.700216
ermawu_T2_00417,ermawu,sim_ermawu_l3l4,原住民留着，街区还活着,烟火气保留,urban_renewal,文化,0.937,Positive,pos,0.343,0.915,0.824,喜,历史街区,2025-07-06,2025-07 暑假·年轻人涌入打卡,0.747,aspect,烟火气保留,ermawu,ermawu,1,1,烟火气保留,pos,"[""烟火气保留""]",烟火气保留,防止大拆大建通知(留改拆·留底线),历史街区保护更新;社区营造,"[[""urban_renewal"", ""文化"", ""主""], [""urban_renewal"", ""环境"", ""次""]]",0.875,0,111.284011,30.694324
ermawu_T2_00418,ermawu,sim_ermawu_l3l4,连锁店太多，没特色,业态丰富度,urban_operation,服务,0.19,Negative,neg,0.546,0.794,0.853,哀,历史街区,2025-07-25,2025-07 暑假·年轻人涌入打卡,0.795,aspect,业态丰富度,ermawu,ermawu,1,1,业态丰富度,neg,"[""业态丰富度""]",业态丰富度,关于持续推进城市更新行动的意见(业态引导),业态多元化引导;业态调整,"[[""urban_operation"", ""服务"", ""主""], [""urban_renewal"", ""服务"", ""次""]]",0.721,0,111.28558,30.693683
ermawu_T2_00419,ermawu,sim_ermawu_l3l4,夜市噪音扰民，周边住户受不了,夜经济,urban_operation,事件,0.239,Negative,neg,0.667,0.895,0.723,哀,历史街区,2025-07-14,2025-07 暑假·年轻人涌入打卡,0.403,aspect,夜经济,ermawu,ermawu,1,1,夜经济,neg,"[""夜经济""]",夜经济,"城市更新""十五五""规划(生活圈扩围;夜经济)",一刻钟便民生活圈建设;夜经济品牌培育,"[[""urban_operation"", ""事件"", ""主""], [""urban_governance"", ""事件"", ""次""]]",0.933,1,111.280414,30.69718
ermawu_T2_00420,ermawu,sim_ermawu_l3l4,夜经济还在培育,夜经济,urban_operation,事件,0.512,Neutral,neu,0.354,0.821,0.863,急,历史街区,2025-07-18,2025-07 暑假·年轻人涌入打卡,0.739,aspect,夜经济,ermawu,ermawu,1,1,夜经济,neu,"[""夜经济""]",夜经济,"城市更新""十五五""规划(生活圈扩围;夜经济)",一刻钟便民生活圈建设;夜经济品牌培育,"[[""urban_operation"", ""事件"", ""主""], [""urban_governance"", ""事件"", ""次""]]",0.919,1,111.283758,30.694548
ermawu_T2_00421,ermawu,sim_ermawu_l3l4,夜幕降临热闹起来，有活力,夜经济,urban_operation,事件,0.749,Very Positive,pos,0.481,0.883,0.704,喜,历史街区,2025-07-15,2025-07 暑假·年轻人涌入打卡,0.529,aspect,夜经济,ermawu,ermawu,1,1,夜经济,pos,"[""夜经济""]",夜经济,"城市更新""十五五""规划(生活圈扩围;夜经济)",一刻钟便民生活圈建设;夜经济品牌培育,"[[""urban_operation"", ""事件"", ""主""], [""urban_governance"", ""事件"", ""次""]]",0.94,1,111.288562,30.695181
ermawu_T2_00422,ermawu,sim_ermawu_l3l4,五一日均1.5万人，百年老街出圈了,文旅活力,urban_operation,事件,0.947,Very Positive,pos,0.715,0.914,0.768,喜,历史街区,2025-07-16,2025-07 暑假·年轻人涌入打卡,0.769,aspect,文旅活力,ermawu,ermawu,1,1,文旅活力,pos,"[""文旅活力""]",文旅活力,"城市更新""十五五""规划(文脉保护;文旅)",文旅品牌;节假日活动组织,"[[""urban_operation"", ""事件"", ""主""], [""urban_operation"", ""文化"", ""次""]]",0.778,1,111.280435,30.691183
ermawu_T2_00423,ermawu,sim_ermawu_l3l4,夜经济还在培育,夜经济,urban_operation,事件,0.589,Neutral,neu,0.702,0.899,0.837,急,历史街区,2025-07-21,2025-07 暑假·年轻人涌入打卡,0.74,aspect,夜经济,ermawu,ermawu,1,1,夜经济,neu,"[""夜经济""]",夜经济,"城市更新""十五五""规划(生活圈扩围;夜经济)",一刻钟便民生活圈建设;夜经济品牌培育,"[[""urban_operation"", ""事件"", ""主""], [""urban_governance"", ""事件"", ""次""]]",0.829,1,111.281811,30.691858
ermawu_T2_00424,ermawu,sim_ermawu_l3l4,原住民迁走，没了生活气,烟火气保留,urban_renewal,文化,0.267,Very Negative,neg,0.555,0.869,0.774,哀,历史街区,2025-07-11,2025-07 暑假·年轻人涌入打卡,0.807,aspect,烟火气保留,ermawu,ermawu,1,1,烟火气保留,neg,"[""烟火气保留""]",烟火气保留,防止大拆大建通知(留改拆·留底线),历史街区保护更新;社区营造,"[[""urban_renewal"", ""文化"", ""主""], [""urban_renewal"", ""环境"", ""次""]]",0.892,0,111.276541,30.696814
ermawu_T2_00425,ermawu,sim_ermawu_l3l4,夜经济让老街活了,夜经济,urban_operation,事件,0.82,Very Positive,pos,0.615,0.836,0.726,喜,历史街区,2025-07-13,2025-07 暑假·年轻人涌入打卡,0.896,aspect,夜经济,ermawu,ermawu,1,1,夜经济,pos,"[""夜经济""]",夜经济,"城市更新""十五五""规划(生活圈扩围;夜经济)",一刻钟便民生活圈建设;夜经济品牌培育,"[[""urban_operation"", ""事件"", ""主""], [""urban_governance"", ""事件"", ""次""]]",0.805,1,111.285319,30.698562
ermawu_T2_00426,ermawu,sim_ermawu_l3l4,开街后人气回来了，热闹得像过年,文旅活力,urban_operation,事件,0.947,Very Positive,pos,0.742,0.771,0.738,喜,历史街区,2025-07-14,2025-07 暑假·年轻人涌入打卡,0.613,aspect,文旅活力,ermawu,ermawu,1,1,文旅活力,pos,"[""文旅活力""]",文旅活力,"城市更新""十五五""规划(文脉保护;文旅)",文旅品牌;节假日活动组织,"[[""urban_operation"", ""事件"", ""主""], [""urban_operation"", ""文化"", ""次""]]",0.857,1,111.278894,30.694265
ermawu_T2_00427,ermawu,sim_ermawu_l3l4,下沉广场水景配老街，拍照绝佳,网红打卡,urban_operation,文化,0.864,Positive,pos,0.714,0.849,0.733,乐,历史街区,2025-07-20,2025-07 暑假·年轻人涌入打卡,0.664,aspect,网红打卡,ermawu,ermawu,1,1,网红打卡,pos,"[""网红打卡""]",网红打卡,"城市更新""十五五""规划(文脉保护传承)",文旅IP打造;文化消费场景,"[[""urban_operation"", ""文化"", ""主""], [""urban_operation"", ""事件"", ""次""]]",0.745,0,111.287053,30.693212
ermawu_T2_00428,ermawu,sim_ermawu_l3l4,连锁店太多，没特色,业态丰富度,urban_operation,服务,0.187,Negative,neg,0.787,0.95,0.784,哀,历史街区,2025-07-10,2025-07 暑假·年轻人涌入打卡,0.458,aspect,业态丰富度,ermawu,ermawu,1,1,业态丰富度,neg,"[""业态丰富度""]",业态丰富度,关于持续推进城市更新行动的意见(业态引导),业态多元化引导;业态调整,"[[""urban_operation"", ""服务"", ""主""], [""urban_renewal"", ""服务"", ""次""]]",0.891,0,111.275285,30.701389
ermawu_T2_00429,ermawu,sim_ermawu_l3l4,既有文化味更有烟火气，难得,烟火气保留,urban_renewal,文化,0.941,Positive,pos,0.785,0.919,0.891,喜,历史街区,2025-07-03,2025-07 暑假·年轻人涌入打卡,0.782,aspect,烟火气保留,ermawu,ermawu,1,1,烟火气保留,pos,"[""烟火气保留""]",烟火气保留,防止大拆大建通知(留改拆·留底线),历史街区保护更新;社区营造,"[[""urban_renewal"", ""文化"", ""主""], [""urban_renewal"", ""环境"", ""次""]]",0.862,0,111.282465,30.690154
ermawu_T2_00430,ermawu,sim_ermawu_l3l4,夜市噪音扰民，周边住户受不了,夜经济,urban_operation,事件,0.174,Negative,neg,0.8,0.938,0.781,愁,历史街区,2025-07-04,2025-07 暑假·年轻人涌入打卡,0.44,aspect,夜经济,ermawu,ermawu,1,1,夜经济,neg,"[""夜经济""]",夜经济,"城市更新""十五五""规划(生活圈扩围;夜经济)",一刻钟便民生活圈建设;夜经济品牌培育,"[[""urban_operation"", ""事件"", ""主""], [""urban_governance"", ""事件"", ""次""]]",0.824,1,111.278961,30.694348
ermawu_T2_00431,ermawu,sim_ermawu_l3l4,夜经济让老街活了,夜经济,urban_operation,事件,0.826,Positive,pos,0.49,0.949,0.742,乐,历史街区,2025-07-11,2025-07 暑假·年轻人涌入打卡,0.867,aspect,夜经济,ermawu,ermawu,1,1,夜经济,pos,"[""夜经济""]",夜经济,"城市更新""十五五""规划(生活圈扩围;夜经济)",一刻钟便民生活圈建设;夜经济品牌培育,"[[""urban_operation"", ""事件"", ""主""], [""urban_governance"", ""事件"", ""次""]]",0.801,1,111.277594,30.700032
ermawu_T2_00432,ermawu,sim_ermawu_l3l4,保留原貌真有味道，修新如旧做得好,修旧如旧,urban_renewal,文化,0.923,Very Positive,pos,0.584,0.865,0.857,喜,历史街区,2025-07-03,2025-07 暑假·年轻人涌入打卡,0.5,aspect,修旧如旧,ermawu,ermawu,1,1,修旧如旧,pos,"[""修旧如旧""]",修旧如旧,防止大拆大建通知;关于持续推进城市更新行动的意见,历史街区/历史文化街区保护更新,"[[""urban_renewal"", ""文化"", ""主""], [""urban_operation"", ""文化"", ""次""]]",0.882,0,111.276108,30.698753
ermawu_T2_00433,ermawu,sim_ermawu_l3l4,下沉广场水景配老街，拍照绝佳,网红打卡,urban_operation,文化,0.769,Very Positive,pos,0.36,0.828,0.71,喜,历史街区,2025-07-05,2025-07 暑假·年轻人涌入打卡,0.783,aspect,网红打卡,ermawu,ermawu,1,1,网红打卡,pos,"[""网红打卡""]",网红打卡,"城市更新""十五五""规划(文脉保护传承)",文旅IP打造;文化消费场景,"[[""urban_operation"", ""文化"", ""主""], [""urban_operation"", ""事件"", ""次""]]",0.92,0,111.278418,30.700446
ermawu_T2_00434,ermawu,sim_ermawu_l3l4,业态有调性，不低端,业态丰富度,urban_operation,服务,0.797,Positive,pos,0.491,0.863,0.726,乐,历史街区,2025-07-02,2025-07 暑假·年轻人涌入打卡,0.563,aspect,业态丰富度,ermawu,ermawu,1,1,业态丰富度,pos,"[""业态丰富度""]",业态丰富度,关于持续推进城市更新行动的意见(业态引导),业态多元化引导;业态调整,"[[""urban_operation"", ""服务"", ""主""], [""urban_renewal"", ""服务"", ""次""]]",0.751,0,111.277337,30.69521
ermawu_T2_00435,ermawu,sim_ermawu_l3l4,原住民迁走，没了生活气,烟火气保留,urban_renewal,文化,0.351,Very Negative,neg,0.689,0.749,0.735,怒,历史街区,2025-07-16,2025-07 暑假·年轻人涌入打卡,0.436,aspect,烟火气保留,ermawu,ermawu,1,1,烟火气保留,neg,"[""烟火气保留""]",烟火气保留,防止大拆大建通知(留改拆·留底线),历史街区保护更新;社区营造,"[[""urban_renewal"", ""文化"", ""主""], [""urban_renewal"", ""环境"", ""次""]]",0.795,0,111.276788,30.694555
ermawu_T2_00436,ermawu,sim_ermawu_l3l4,文旅复苏，老街活了,文旅活力,urban_operation,事件,0.867,Very Positive,pos,0.462,0.872,0.811,喜,历史街区,2025-07-10,2025-07 暑假·年轻人涌入打卡,0.511,aspect,文旅活力,ermawu,ermawu,1,1,文旅活力,pos,"[""文旅活力""]",文旅活力,"城市更新""十五五""规划(文脉保护;文旅)",文旅品牌;节假日活动组织,"[[""urban_operation"", ""事件"", ""主""], [""urban_operation"", ""文化"", ""次""]]",0.757,1,111.281531,30.69352
ermawu_T2_00437,ermawu,sim_ermawu_l3l4,节假日保洁跟不上,垃圾秩序,urban_governance,环境,0.225,Negative,neg,0.583,0.944,0.844,哀,历史街区,2025-07-31,2025-07 暑假·年轻人涌入打卡,0.699,aspect,垃圾秩序,ermawu,ermawu,1,1,垃圾秩序,neg,"[""垃圾秩序""]",垃圾秩序,城市更新行动意见(市容治理),市容环境治理;垃圾分类,"[[""urban_governance"", ""环境"", ""主""], [""urban_governance"", ""服务"", ""次""]]",0.72,0,111.275035,30.696756
ermawu_T2_00438,ermawu,sim_ermawu_l3l4,人多秩序乱，占道,垃圾秩序,urban_governance,环境,0.202,Negative,neg,0.846,0.721,0.76,怒,历史街区,2025-07-19,2025-07 暑假·年轻人涌入打卡,0.44,aspect,垃圾秩序,ermawu,ermawu,1,1,垃圾秩序,neg,"[""垃圾秩序""]",垃圾秩序,城市更新行动意见(市容治理),市容环境治理;垃圾分类,"[[""urban_governance"", ""环境"", ""主""], [""urban_governance"", ""服务"", ""次""]]",0.92,0,111.286087,30.693887
ermawu_T2_00439,ermawu,sim_ermawu_l3l4,夜经济还在培育,夜经济,urban_operation,事件,0.553,Neutral,neu,0.728,0.776,0.812,盼,历史街区,2025-07-15,2025-07 暑假·年轻人涌入打卡,0.637,aspect,夜经济,ermawu,ermawu,1,1,夜经济,neu,"[""夜经济""]",夜经济,"城市更新""十五五""规划(生活圈扩围;夜经济)",一刻钟便民生活圈建设;夜经济品牌培育,"[[""urban_operation"", ""事件"", ""主""], [""urban_governance"", ""事件"", ""次""]]",0.766,1,111.282011,30.698828
ermawu_T2_00440,ermawu,sim_ermawu_l3l4,文旅复苏，老街活了,文旅活力,urban_operation,事件,0.644,Positive,pos,0.306,0.778,0.8,喜,历史街区,2025-07-20,2025-07 暑假·年轻人涌入打卡,0.512,aspect,文旅活力,ermawu,ermawu,1,1,文旅活力,pos,"[""文旅活力""]",文旅活力,"城市更新""十五五""规划(文脉保护;文旅)",文旅品牌;节假日活动组织,"[[""urban_operation"", ""事件"", ""主""], [""urban_operation"", ""文化"", ""次""]]",0.713,1,111.276636,30.69411
ermawu_T2_00441,ermawu,sim_ermawu_l3l4,夜经济让老街活了,夜经济,urban_operation,事件,0.861,Very Positive,pos,0.414,0.856,0.824,喜,历史街区,2025-07-17,2025-07 暑假·年轻人涌入打卡,0.401,aspect,夜经济,ermawu,ermawu,1,1,夜经济,pos,"[""夜经济""]",夜经济,"城市更新""十五五""规划(生活圈扩围;夜经济)",一刻钟便民生活圈建设;夜经济品牌培育,"[[""urban_operation"", ""事件"", ""主""], [""urban_governance"", ""事件"", ""次""]]",0.682,1,111.285273,30.696246
ermawu_T2_00442,ermawu,sim_ermawu_l3l4,人多秩序乱，占道,垃圾秩序,urban_governance,环境,0.312,Negative,neg,0.778,0.753,0.867,哀,历史街区,2025-07-14,2025-07 暑假·年轻人涌入打卡,0.436,aspect,垃圾秩序,ermawu,ermawu,1,1,垃圾秩序,neg,"[""垃圾秩序""]",垃圾秩序,城市更新行动意见(市容治理),市容环境治理;垃圾分类,"[[""urban_governance"", ""环境"", ""主""], [""urban_governance"", ""服务"", ""次""]]",0.687,0,111.282552,30.699346
ermawu_T2_00443,ermawu,sim_ermawu_l3l4,烟火气没了，商业化太重,烟火气保留,urban_renewal,文化,0.21,Negative,neg,0.58,0.798,0.902,怒,历史街区,2025-07-18,2025-07 暑假·年轻人涌入打卡,0.445,aspect,烟火气保留,ermawu,ermawu,1,1,烟火气保留,neg,"[""烟火气保留""]",烟火气保留,防止大拆大建通知(留改拆·留底线),历史街区保护更新;社区营造,"[[""urban_renewal"", ""文化"", ""主""], [""urban_renewal"", ""环境"", ""次""]]",0.841,0,111.283869,30.695563
ermawu_T2_00444,ermawu,sim_ermawu_l3l4,文创老店+特色美食，业态丰富,业态丰富度,urban_operation,服务,0.844,Positive,pos,0.441,0.762,0.796,乐,历史街区,2025-07-11,2025-07 暑假·年轻人涌入打卡,0.456,aspect,业态丰富度,ermawu,ermawu,1,1,业态丰富度,pos,"[""业态丰富度""]",业态丰富度,关于持续推进城市更新行动的意见(业态引导),业态多元化引导;业态调整,"[[""urban_operation"", ""服务"", ""主""], [""urban_renewal"", ""服务"", ""次""]]",0.819,0,111.27366,30.698254
ermawu_T2_00445,ermawu,sim_ermawu_l3l4,老建筑修得讲究，最小干预看出功夫,修旧如旧,urban_renewal,文化,0.642,Very Positive,pos,0.674,0.793,0.842,乐,历史街区,2025-07-25,2025-07 暑假·年轻人涌入打卡,0.536,aspect,修旧如旧,ermawu,ermawu,1,1,修旧如旧,pos,"[""修旧如旧""]",修旧如旧,防止大拆大建通知;关于持续推进城市更新行动的意见,历史街区/历史文化街区保护更新,"[[""urban_renewal"", ""文化"", ""主""], [""urban_operation"", ""文化"", ""次""]]",0.763,0,111.285362,30.697836
ermawu_T2_00446,ermawu,sim_ermawu_l3l4,周边夜市烟火升腾，烧烤烤鱼小吃全有,夜经济,urban_operation,事件,0.636,Very Positive,pos,0.381,0.758,0.793,乐,历史街区,2025-07-31,2025-07 暑假·年轻人涌入打卡,0.786,aspect,夜经济,ermawu,ermawu,1,1,夜经济,pos,"[""夜经济""]",夜经济,"城市更新""十五五""规划(生活圈扩围;夜经济)",一刻钟便民生活圈建设;夜经济品牌培育,"[[""urban_operation"", ""事件"", ""主""], [""urban_governance"", ""事件"", ""次""]]",0.742,1,111.286882,30.698027
ermawu_T2_00447,ermawu,sim_ermawu_l3l4,烟火气没了，商业化太重,烟火气保留,urban_renewal,文化,0.222,Negative,neg,0.557,0.796,0.816,愁,历史街区,2025-07-05,2025-07 暑假·年轻人涌入打卡,0.713,aspect,烟火气保留,ermawu,ermawu,1,1,烟火气保留,neg,"[""烟火气保留""]",烟火气保留,防止大拆大建通知(留改拆·留底线),历史街区保护更新;社区营造,"[[""urban_renewal"", ""文化"", ""主""], [""urban_renewal"", ""环境"", ""次""]]",0.785,0,111.278888,30.69665
ermawu_T2_00448,ermawu,sim_ermawu_l3l4,业态单一，逛一次就够,业态丰富度,urban_operation,服务,0.271,Very Negative,neg,0.624,0.741,0.788,哀,历史街区,2025-07-28,2025-07 暑假·年轻人涌入打卡,0.517,aspect,业态丰富度,ermawu,ermawu,1,1,业态丰富度,neg,"[""业态丰富度""]",业态丰富度,关于持续推进城市更新行动的意见(业态引导),业态多元化引导;业态调整,"[[""urban_operation"", ""服务"", ""主""], [""urban_renewal"", ""服务"", ""次""]]",0.81,0,111.277834,30.695471
ermawu_T2_00449,ermawu,sim_ermawu_l3l4,既有文化味更有烟火气，难得,烟火气保留,urban_renewal,文化,0.868,Positive,pos,0.65,0.81,0.716,乐,历史街区,2025-07-18,2025-07 暑假·年轻人涌入打卡,0.878,aspect,烟火气保留,ermawu,ermawu,1,1,烟火气保留,pos,"[""烟火气保留""]",烟火气保留,防止大拆大建通知(留改拆·留底线),历史街区保护更新;社区营造,"[[""urban_renewal"", ""文化"", ""主""], [""urban_renewal"", ""环境"", ""次""]]",0.699,0,111.27692,30.696678
ermawu_T2_00450,ermawu,sim_ermawu_l3l4,业态都同质化了，走哪都一样,业态丰富度,urban_operation,服务,0.361,Negative,neg,0.906,0.831,0.764,愁,历史街区,2025-07-01,2025-07 暑假·年轻人涌入打卡,0.524,aspect,业态丰富度,ermawu,ermawu,1,1,业态丰富度,neg,"[""业态丰富度""]",业态丰富度,关于持续推进城市更新行动的意见(业态引导),业态多元化引导;业态调整,"[[""urban_operation"", ""服务"", ""主""], [""urban_renewal"", ""服务"", ""次""]]",0.757,0,111.277509,30.695815
ermawu_T2_00451,ermawu,sim_ermawu_l3l4,老建筑修得讲究，最小干预看出功夫,修旧如旧,urban_renewal,文化,0.718,Positive,pos,0.569,0.768,0.89,乐,历史街区,2025-07-11,2025-07 暑假·年轻人涌入打卡,0.484,aspect,修旧如旧,ermawu,ermawu,1,1,修旧如旧,pos,"[""修旧如旧""]",修旧如旧,防止大拆大建通知;关于持续推进城市更新行动的意见,历史街区/历史文化街区保护更新,"[[""urban_renewal"", ""文化"", ""主""], [""urban_operation"", ""文化"", ""次""]]",0.765,0,111.275719,30.699178
ermawu_T2_00452,ermawu,sim_ermawu_l3l4,夜经济还在培育,夜经济,urban_operation,事件,0.497,Neutral,neu,0.638,0.896,0.885,急,历史街区,2025-07-03,2025-07 暑假·年轻人涌入打卡,0.805,aspect,夜经济,ermawu,ermawu,1,1,夜经济,neu,"[""夜经济""]",夜经济,"城市更新""十五五""规划(生活圈扩围;夜经济)",一刻钟便民生活圈建设;夜经济品牌培育,"[[""urban_operation"", ""事件"", ""主""], [""urban_governance"", ""事件"", ""次""]]",0.886,1,111.27237,30.697756
ermawu_T2_00453,ermawu,sim_ermawu_l3l4,业态都同质化了，走哪都一样,业态丰富度,urban_operation,服务,0.389,Very Negative,neg,0.547,0.844,0.79,愁,历史街区,2025-07-07,2025-07 暑假·年轻人涌入打卡,0.475,aspect,业态丰富度,ermawu,ermawu,1,1,业态丰富度,neg,"[""业态丰富度""]",业态丰富度,关于持续推进城市更新行动的意见(业态引导),业态多元化引导;业态调整,"[[""urban_operation"", ""服务"", ""主""], [""urban_renewal"", ""服务"", ""次""]]",0.787,0,111.277716,30.698446
ermawu_T2_00454,ermawu,sim_ermawu_l3l4,夜幕降临热闹起来，有活力,夜经济,urban_operation,事件,0.816,Positive,pos,0.476,0.872,0.726,乐,历史街区,2025-07-04,2025-07 暑假·年轻人涌入打卡,0.785,aspect,夜经济,ermawu,ermawu,1,1,夜经济,pos,"[""夜经济""]",夜经济,"城市更新""十五五""规划(生活圈扩围;夜经济)",一刻钟便民生活圈建设;夜经济品牌培育,"[[""urban_operation"", ""事件"", ""主""], [""urban_governance"", ""事件"", ""次""]]",0.93,1,111.288668,30.695053
ermawu_T2_00455,ermawu,sim_ermawu_l3l4,期待焕新效果,文旅活力,urban_operation,事件,0.553,Neutral,neu,0.477,0.748,0.904,急,历史街区,2025-07-22,2025-07 暑假·年轻人涌入打卡,0.731,aspect,文旅活力,ermawu,ermawu,1,1,文旅活力,neu,"[""文旅活力""]",文旅活力,"城市更新""十五五""规划(文脉保护;文旅)",文旅品牌;节假日活动组织,"[[""urban_operation"", ""事件"", ""主""], [""urban_operation"", ""文化"", ""次""]]",0.793,1,111.275794,30.697391
ermawu_T2_00456,ermawu,sim_ermawu_l3l4,二马路成了网红打卡地，年轻人多,网红打卡,urban_operation,文化,0.949,Positive,pos,0.372,0.771,0.83,乐,历史街区,2025-07-06,2025-07 暑假·年轻人涌入打卡,0.891,aspect,网红打卡,ermawu,ermawu,1,1,网红打卡,pos,"[""网红打卡""]",网红打卡,"城市更新""十五五""规划(文脉保护传承)",文旅IP打造;文化消费场景,"[[""urban_operation"", ""文化"", ""主""], [""urban_operation"", ""事件"", ""次""]]",0.711,0,111.27573,30.697793
ermawu_T2_00457,ermawu,sim_ermawu_l3l4,文创老店+特色美食，业态丰富,业态丰富度,urban_operation,服务,0.718,Very Positive,pos,0.318,0.756,0.888,喜,历史街区,2025-07-09,2025-07 暑假·年轻人涌入打卡,0.61,aspect,业态丰富度,ermawu,ermawu,1,1,业态丰富度,pos,"[""业态丰富度""]",业态丰富度,关于持续推进城市更新行动的意见(业态引导),业态多元化引导;业态调整,"[[""urban_operation"", ""服务"", ""主""], [""urban_renewal"", ""服务"", ""次""]]",0.918,0,111.273678,30.701044
ermawu_T2_00458,ermawu,sim_ermawu_l3l4,小众免费出片，本地人私藏,网红打卡,urban_operation,文化,0.738,Very Positive,pos,0.746,0.859,0.887,乐,历史街区,2025-07-21,2025-07 暑假·年轻人涌入打卡,0.807,aspect,网红打卡,ermawu,ermawu,1,1,网红打卡,pos,"[""网红打卡""]",网红打卡,"城市更新""十五五""规划(文脉保护传承)",文旅IP打造;文化消费场景,"[[""urban_operation"", ""文化"", ""主""], [""urban_operation"", ""事件"", ""次""]]",0.751,0,111.284999,30.698571
ermawu_T2_00459,ermawu,sim_ermawu_l3l4,文旅复苏，老街活了,文旅活力,urban_operation,事件,0.894,Very Positive,pos,0.329,0.841,0.897,喜,历史街区,2025-07-01,2025-07 暑假·年轻人涌入打卡,0.682,aspect,文旅活力,ermawu,ermawu,1,1,文旅活力,pos,"[""文旅活力""]",文旅活力,"城市更新""十五五""规划(文脉保护;文旅)",文旅品牌;节假日活动组织,"[[""urban_operation"", ""事件"", ""主""], [""urban_operation"", ""文化"", ""次""]]",0.785,1,111.278435,30.695538
ermawu_T2_00460,ermawu,sim_ermawu_l3l4,老味道流失，可惜,烟火气保留,urban_renewal,文化,0.153,Very Negative,neg,0.753,0.893,0.805,愁,历史街区,2025-07-02,2025-07 暑假·年轻人涌入打卡,0.826,aspect,烟火气保留,ermawu,ermawu,1,1,烟火气保留,neg,"[""烟火气保留""]",烟火气保留,防止大拆大建通知(留改拆·留底线),历史街区保护更新;社区营造,"[[""urban_renewal"", ""文化"", ""主""], [""urban_renewal"", ""环境"", ""次""]]",0.745,0,111.274327,30.695855
ermawu_T2_00461,ermawu,sim_ermawu_l3l4,小众免费出片，本地人私藏,网红打卡,urban_operation,文化,0.712,Positive,pos,0.573,0.8,0.8,乐,历史街区,2025-07-03,2025-07 暑假·年轻人涌入打卡,0.598,aspect,网红打卡,ermawu,ermawu,1,1,网红打卡,pos,"[""网红打卡""]",网红打卡,"城市更新""十五五""规划(文脉保护传承)",文旅IP打造;文化消费场景,"[[""urban_operation"", ""文化"", ""主""], [""urban_operation"", ""事件"", ""次""]]",0.933,0,111.279819,30.696438
ermawu_T2_00462,ermawu,sim_ermawu_l3l4,打卡墙前要排队,网红打卡,urban_operation,文化,0.6,Neutral,neu,0.446,0.743,0.9,盼,历史街区,2025-07-30,2025-07 暑假·年轻人涌入打卡,0.809,aspect,网红打卡,ermawu,ermawu,1,1,网红打卡,neu,"[""网红打卡""]",网红打卡,"城市更新""十五五""规划(文脉保护传承)",文旅IP打造;文化消费场景,"[[""urban_operation"", ""文化"", ""主""], [""urban_operation"", ""事件"", ""次""]]",0.926,0,111.283647,30.696052
ermawu_T2_00463,ermawu,sim_ermawu_l3l4,二马路修旧如旧，百年老街焕发新生,修旧如旧,urban_renewal,文化,0.808,Positive,pos,0.654,0.823,0.903,乐,历史街区,2025-07-28,2025-07 暑假·年轻人涌入打卡,0.727,aspect,修旧如旧,ermawu,ermawu,1,1,修旧如旧,pos,"[""修旧如旧""]",修旧如旧,防止大拆大建通知;关于持续推进城市更新行动的意见,历史街区/历史文化街区保护更新,"[[""urban_renewal"", ""文化"", ""主""], [""urban_operation"", ""文化"", ""次""]]",0.85,0,111.287792,30.695087
ermawu_T2_00464,ermawu,sim_ermawu_l3l4,夜幕降临热闹起来，有活力,夜经济,urban_operation,事件,0.831,Very Positive,pos,0.759,0.807,0.743,乐,历史街区,2025-07-26,2025-07 暑假·年轻人涌入打卡,0.481,aspect,夜经济,ermawu,ermawu,1,1,夜经济,pos,"[""夜经济""]",夜经济,"城市更新""十五五""规划(生活圈扩围;夜经济)",一刻钟便民生活圈建设;夜经济品牌培育,"[[""urban_operation"", ""事件"", ""主""], [""urban_governance"", ""事件"", ""次""]]",0.867,1,111.286877,30.69206
ermawu_T2_00465,ermawu,sim_ermawu_l3l4,夜幕降临热闹起来，有活力,夜经济,urban_operation,事件,0.724,Very Positive,pos,0.714,0.801,0.816,喜,历史街区,2025-07-14,2025-07 暑假·年轻人涌入打卡,0.641,aspect,夜经济,ermawu,ermawu,1,1,夜经济,pos,"[""夜经济""]",夜经济,"城市更新""十五五""规划(生活圈扩围;夜经济)",一刻钟便民生活圈建设;夜经济品牌培育,"[[""urban_operation"", ""事件"", ""主""], [""urban_governance"", ""事件"", ""次""]]",0.923,1,111.277569,30.695681
ermawu_T2_00466,ermawu,sim_ermawu_l3l4,业态有调性，不低端,业态丰富度,urban_operation,服务,0.789,Very Positive,pos,0.774,0.73,0.886,喜,历史街区,2025-07-03,2025-07 暑假·年轻人涌入打卡,0.682,aspect,业态丰富度,ermawu,ermawu,1,1,业态丰富度,pos,"[""业态丰富度""]",业态丰富度,关于持续推进城市更新行动的意见(业态引导),业态多元化引导;业态调整,"[[""urban_operation"", ""服务"", ""主""], [""urban_renewal"", ""服务"", ""次""]]",0.822,0,111.281521,30.693577
ermawu_T2_00467,ermawu,sim_ermawu_l3l4,夜经济让老街活了,夜经济,urban_operation,事件,0.67,Very Positive,pos,0.647,0.886,0.744,乐,历史街区,2025-07-27,2025-07 暑假·年轻人涌入打卡,0.893,aspect,夜经济,ermawu,ermawu,1,1,夜经济,pos,"[""夜经济""]",夜经济,"城市更新""十五五""规划(生活圈扩围;夜经济)",一刻钟便民生活圈建设;夜经济品牌培育,"[[""urban_operation"", ""事件"", ""主""], [""urban_governance"", ""事件"", ""次""]]",0.842,1,111.283446,30.690871
ermawu_T2_00468,ermawu,sim_ermawu_l3l4,业态还在调整中,业态丰富度,urban_operation,服务,0.498,Neutral,neu,0.657,0.796,0.865,急,历史街区,2025-07-15,2025-07 暑假·年轻人涌入打卡,0.446,aspect,业态丰富度,ermawu,ermawu,1,1,业态丰富度,neu,"[""业态丰富度""]",业态丰富度,关于持续推进城市更新行动的意见(业态引导),业态多元化引导;业态调整,"[[""urban_operation"", ""服务"", ""主""], [""urban_renewal"", ""服务"", ""次""]]",0.879,0,111.280725,30.697884
ermawu_T2_00469,ermawu,sim_ermawu_l3l4,夜经济让老街活了,夜经济,urban_operation,事件,0.673,Very Positive,pos,0.737,0.722,0.767,乐,历史街区,2025-07-05,2025-07 暑假·年轻人涌入打卡,0.664,aspect,夜经济,ermawu,ermawu,1,1,夜经济,pos,"[""夜经济""]",夜经济,"城市更新""十五五""规划(生活圈扩围;夜经济)",一刻钟便民生活圈建设;夜经济品牌培育,"[[""urban_operation"", ""事件"", ""主""], [""urban_governance"", ""事件"", ""次""]]",0.892,1,111.286445,30.697126
ermawu_T2_00470,ermawu,sim_ermawu_l3l4,施工绕行太麻烦,施工扰民,urban_governance,环境,0.307,Very Negative,neg,0.568,0.815,0.811,怒,历史街区,2025-07-23,2025-07 暑假·年轻人涌入打卡,0.412,aspect,施工扰民,ermawu,ermawu,1,1,施工扰民,neg,"[""施工扰民""]",施工扰民,城市体检评估管理办法(施工期扰民),老旧小区改造;施工组织优化,"[[""urban_governance"", ""环境"", ""主""], [""urban_renewal"", ""设施"", ""次""]]",0.758,0,111.286366,30.695493
ermawu_T2_00471,ermawu,sim_ermawu_l3l4,业态还在调整中,业态丰富度,urban_operation,服务,0.447,Neutral,neu,0.678,0.744,0.722,盼,历史街区,2025-07-08,2025-07 暑假·年轻人涌入打卡,0.802,aspect,业态丰富度,ermawu,ermawu,1,1,业态丰富度,neu,"[""业态丰富度""]",业态丰富度,关于持续推进城市更新行动的意见(业态引导),业态多元化引导;业态调整,"[[""urban_operation"", ""服务"", ""主""], [""urban_renewal"", ""服务"", ""次""]]",0.769,0,111.28686,30.696127
ermawu_T2_00472,ermawu,sim_ermawu_l3l4,开街后保洁跟上了,垃圾秩序,urban_governance,环境,0.579,Neutral,neu,0.591,0.789,0.915,盼,历史街区,2025-07-08,2025-07 暑假·年轻人涌入打卡,0.828,aspect,垃圾秩序,ermawu,ermawu,1,1,垃圾秩序,neu,"[""垃圾秩序""]",垃圾秩序,城市更新行动意见(市容治理),市容环境治理;垃圾分类,"[[""urban_governance"", ""环境"", ""主""], [""urban_governance"", ""服务"", ""次""]]",0.688,0,111.280566,30.693809
ermawu_T2_00473,ermawu,sim_ermawu_l3l4,原住民留着，街区还活着,烟火气保留,urban_renewal,文化,0.764,Very Positive,pos,0.355,0.907,0.904,乐,历史街区,2025-07-11,2025-07 暑假·年轻人涌入打卡,0.581,aspect,烟火气保留,ermawu,ermawu,1,1,烟火气保留,pos,"[""烟火气保留""]",烟火气保留,防止大拆大建通知(留改拆·留底线),历史街区保护更新;社区营造,"[[""urban_renewal"", ""文化"", ""主""], [""urban_renewal"", ""环境"", ""次""]]",0.894,0,111.280648,30.696529
ermawu_T2_00474,ermawu,sim_ermawu_l3l4,原住民迁走，没了生活气,烟火气保留,urban_renewal,文化,0.069,Very Negative,neg,0.695,0.754,0.86,哀,历史街区,2025-07-04,2025-07 暑假·年轻人涌入打卡,0.798,aspect,烟火气保留,ermawu,ermawu,1,1,烟火气保留,neg,"[""烟火气保留""]",烟火气保留,防止大拆大建通知(留改拆·留底线),历史街区保护更新;社区营造,"[[""urban_renewal"", ""文化"", ""主""], [""urban_renewal"", ""环境"", ""次""]]",0.847,0,111.277214,30.697968
ermawu_T2_00475,ermawu,sim_ermawu_l3l4,小众免费出片，本地人私藏,网红打卡,urban_operation,文化,0.622,Positive,pos,0.454,0.946,0.795,喜,历史街区,2025-07-03,2025-07 暑假·年轻人涌入打卡,0.584,aspect,网红打卡,ermawu,ermawu,1,1,网红打卡,pos,"[""网红打卡""]",网红打卡,"城市更新""十五五""规划(文脉保护传承)",文旅IP打造;文化消费场景,"[[""urban_operation"", ""文化"", ""主""], [""urban_operation"", ""事件"", ""次""]]",0.689,0,111.283767,30.692859
ermawu_T2_00476,ermawu,sim_ermawu_l3l4,二马路成了网红打卡地，年轻人多,网红打卡,urban_operation,文化,0.887,Very Positive,pos,0.348,0.744,0.792,乐,历史街区,2025-07-08,2025-07 暑假·年轻人涌入打卡,0.715,aspect,网红打卡,ermawu,ermawu,1,1,网红打卡,pos,"[""网红打卡""]",网红打卡,"城市更新""十五五""规划(文脉保护传承)",文旅IP打造;文化消费场景,"[[""urban_operation"", ""文化"", ""主""], [""urban_operation"", ""事件"", ""次""]]",0.783,0,111.276023,30.701884
ermawu_T2_00477,ermawu,sim_ermawu_l3l4,夜经济让老街活了,夜经济,urban_operation,事件,0.714,Positive,pos,0.335,0.851,0.772,喜,历史街区,2025-07-22,2025-07 暑假·年轻人涌入打卡,0.469,aspect,夜经济,ermawu,ermawu,1,1,夜经济,pos,"[""夜经济""]",夜经济,"城市更新""十五五""规划(生活圈扩围;夜经济)",一刻钟便民生活圈建设;夜经济品牌培育,"[[""urban_operation"", ""事件"", ""主""], [""urban_governance"", ""事件"", ""次""]]",0.839,1,111.284406,30.690345
ermawu_T2_00478,ermawu,sim_ermawu_l3l4,文创老店+特色美食，业态丰富,业态丰富度,urban_operation,服务,0.935,Very Positive,pos,0.368,0.819,0.902,乐,历史街区,2025-07-21,2025-07 暑假·年轻人涌入打卡,0.502,aspect,业态丰富度,ermawu,ermawu,1,1,业态丰富度,pos,"[""业态丰富度""]",业态丰富度,关于持续推进城市更新行动的意见(业态引导),业态多元化引导;业态调整,"[[""urban_operation"", ""服务"", ""主""], [""urban_renewal"", ""服务"", ""次""]]",0.692,0,111.280204,30.696703
ermawu_T2_00479,ermawu,sim_ermawu_l3l4,保留原貌真有味道，修新如旧做得好,修旧如旧,urban_renewal,文化,0.668,Very Positive,pos,0.386,0.766,0.812,乐,历史街区,2025-07-20,2025-07 暑假·年轻人涌入打卡,0.646,aspect,修旧如旧,ermawu,ermawu,1,1,修旧如旧,pos,"[""修旧如旧""]",修旧如旧,防止大拆大建通知;关于持续推进城市更新行动的意见,历史街区/历史文化街区保护更新,"[[""urban_renewal"", ""文化"", ""主""], [""urban_operation"", ""文化"", ""次""]]",0.909,0,111.280453,30.694079
ermawu_T2_00480,ermawu,sim_ermawu_l3l4,烟火气这东西见仁见智,烟火气保留,urban_renewal,文化,0.471,Neutral,neu,0.781,0.914,0.761,急,历史街区,2025-07-20,2025-07 暑假·年轻人涌入打卡,0.665,aspect,烟火气保留,ermawu,ermawu,1,1,烟火气保留,neu,"[""烟火气保留""]",烟火气保留,防止大拆大建通知(留改拆·留底线),历史街区保护更新;社区营造,"[[""urban_renewal"", ""文化"", ""主""], [""urban_renewal"", ""环境"", ""次""]]",0.746,0,111.281242,30.693555
ermawu_T2_00481,ermawu,sim_ermawu_l3l4,保留原貌真有味道，修新如旧做得好,修旧如旧,urban_renewal,文化,0.881,Positive,pos,0.585,0.807,0.837,喜,历史街区,2025-07-31,2025-07 暑假·年轻人涌入打卡,0.631,aspect,修旧如旧,ermawu,ermawu,1,1,修旧如旧,pos,"[""修旧如旧""]",修旧如旧,防止大拆大建通知;关于持续推进城市更新行动的意见,历史街区/历史文化街区保护更新,"[[""urban_renewal"", ""文化"", ""主""], [""urban_operation"", ""文化"", ""次""]]",0.925,0,111.279315,30.697331
ermawu_T2_00482,ermawu,sim_ermawu_l3l4,二马路成了网红打卡地，年轻人多,网红打卡,urban_operation,文化,0.9,Very Positive,pos,0.702,0.753,0.86,乐,历史街区,2025-07-30,2025-07 暑假·年轻人涌入打卡,0.408,aspect,网红打卡,ermawu,ermawu,1,1,网红打卡,pos,"[""网红打卡""]",网红打卡,"城市更新""十五五""规划(文脉保护传承)",文旅IP打造;文化消费场景,"[[""urban_operation"", ""文化"", ""主""], [""urban_operation"", ""事件"", ""次""]]",0.713,0,111.283598,30.691906
ermawu_T2_00483,ermawu,sim_ermawu_l3l4,业态还在调整中,业态丰富度,urban_operation,服务,0.46,Neutral,neu,0.536,0.723,0.92,急,历史街区,2025-07-23,2025-07 暑假·年轻人涌入打卡,0.525,aspect,业态丰富度,ermawu,ermawu,1,1,业态丰富度,neu,"[""业态丰富度""]",业态丰富度,关于持续推进城市更新行动的意见(业态引导),业态多元化引导;业态调整,"[[""urban_operation"", ""服务"", ""主""], [""urban_renewal"", ""服务"", ""次""]]",0.847,0,111.278403,30.696797
ermawu_T2_00484,ermawu,sim_ermawu_l3l4,二马路成了网红打卡地，年轻人多,网红打卡,urban_operation,文化,0.833,Very Positive,pos,0.531,0.937,0.864,喜,历史街区,2025-07-30,2025-07 暑假·年轻人涌入打卡,0.617,aspect,网红打卡,ermawu,ermawu,1,1,网红打卡,pos,"[""网红打卡""]",网红打卡,"城市更新""十五五""规划(文脉保护传承)",文旅IP打造;文化消费场景,"[[""urban_operation"", ""文化"", ""主""], [""urban_operation"", ""事件"", ""次""]]",0.744,0,111.279941,30.69931
ermawu_T2_00485,ermawu,sim_ermawu_l3l4,"""宜昌""打卡墙出片，复古花墙绝了",网红打卡,urban_operation,文化,0.959,Positive,pos,0.573,0.797,0.905,喜,历史街区,2025-07-25,2025-07 暑假·年轻人涌入打卡,0.79,aspect,网红打卡,ermawu,ermawu,1,1,网红打卡,pos,"[""网红打卡""]",网红打卡,"城市更新""十五五""规划(文脉保护传承)",文旅IP打造;文化消费场景,"[[""urban_operation"", ""文化"", ""主""], [""urban_operation"", ""事件"", ""次""]]",0.692,0,111.285492,30.697344
ermawu_T2_00486,ermawu,sim_ermawu_l3l4,业态单一，逛一次就够,业态丰富度,urban_operation,服务,0.387,Very Negative,neg,0.95,0.807,0.908,哀,历史街区,2025-07-22,2025-07 暑假·年轻人涌入打卡,0.585,aspect,业态丰富度,ermawu,ermawu,1,1,业态丰富度,neg,"[""业态丰富度""]",业态丰富度,关于持续推进城市更新行动的意见(业态引导),业态多元化引导;业态调整,"[[""urban_operation"", ""服务"", ""主""], [""urban_renewal"", ""服务"", ""次""]]",0.92,0,111.277422,30.700544
ermawu_T2_00487,ermawu,sim_ermawu_l3l4,业态有调性，不低端,业态丰富度,urban_operation,服务,0.925,Very Positive,pos,0.509,0.745,0.734,乐,历史街区,2025-07-19,2025-07 暑假·年轻人涌入打卡,0.888,aspect,业态丰富度,ermawu,ermawu,1,1,业态丰富度,pos,"[""业态丰富度""]",业态丰富度,关于持续推进城市更新行动的意见(业态引导),业态多元化引导;业态调整,"[[""urban_operation"", ""服务"", ""主""], [""urban_renewal"", ""服务"", ""次""]]",0.723,0,111.283908,30.694854
ermawu_T2_00488,ermawu,sim_ermawu_l3l4,夜市噪音扰民，周边住户受不了,夜经济,urban_operation,事件,0.206,Negative,neg,0.523,0.737,0.857,愁,历史街区,2025-07-23,2025-07 暑假·年轻人涌入打卡,0.886,aspect,夜经济,ermawu,ermawu,1,1,夜经济,neg,"[""夜经济""]",夜经济,"城市更新""十五五""规划(生活圈扩围;夜经济)",一刻钟便民生活圈建设;夜经济品牌培育,"[[""urban_operation"", ""事件"", ""主""], [""urban_governance"", ""事件"", ""次""]]",0.881,1,111.273921,30.697739
ermawu_T2_00489,ermawu,sim_ermawu_l3l4,夜经济周边停车更难,夜经济,urban_operation,事件,0.289,Negative,neg,0.692,0.745,0.828,怒,历史街区,2025-07-18,2025-07 暑假·年轻人涌入打卡,0.805,aspect,夜经济,ermawu,ermawu,1,1,夜经济,neg,"[""夜经济""]",夜经济,"城市更新""十五五""规划(生活圈扩围;夜经济)",一刻钟便民生活圈建设;夜经济品牌培育,"[[""urban_operation"", ""事件"", ""主""], [""urban_governance"", ""事件"", ""次""]]",0.789,1,111.286023,30.694999
ermawu_T2_00490,ermawu,sim_ermawu_l3l4,保留原貌真有味道，修新如旧做得好,修旧如旧,urban_renewal,文化,0.813,Very Positive,pos,0.382,0.921,0.79,喜,历史街区,2025-07-17,2025-07 暑假·年轻人涌入打卡,0.733,aspect,修旧如旧,ermawu,ermawu,1,1,修旧如旧,pos,"[""修旧如旧""]",修旧如旧,防止大拆大建通知;关于持续推进城市更新行动的意见,历史街区/历史文化街区保护更新,"[[""urban_renewal"", ""文化"", ""主""], [""urban_operation"", ""文化"", ""次""]]",0.921,0,111.282988,30.693255
ermawu_T2_00491,ermawu,sim_ermawu_l3l4,节假日停车地狱,停车难,urban_governance,设施,0.28,Negative,neg,0.832,0.792,0.808,怒,历史街区,2025-07-05,2025-07 暑假·年轻人涌入打卡,0.435,aspect,停车难,ermawu,ermawu,1,1,停车难,neg,"[""停车难""]",停车难,完整社区(配套设施补齐);一刻钟生活圈,停车设施补齐;配套完善,"[[""urban_governance"", ""设施"", ""主""], [""urban_planning"", ""设施"", ""次""]]",0.797,0,111.277579,30.699548
ermawu_T2_00492,ermawu,sim_ermawu_l3l4,下沉广场水景配老街，拍照绝佳,网红打卡,urban_operation,文化,0.892,Very Positive,pos,0.333,0.892,0.701,喜,历史街区,2025-07-31,2025-07 暑假·年轻人涌入打卡,0.881,aspect,网红打卡,ermawu,ermawu,1,1,网红打卡,pos,"[""网红打卡""]",网红打卡,"城市更新""十五五""规划(文脉保护传承)",文旅IP打造;文化消费场景,"[[""urban_operation"", ""文化"", ""主""], [""urban_operation"", ""事件"", ""次""]]",0.798,0,111.281168,30.693676
ermawu_T2_00493,ermawu,sim_ermawu_l3l4,不变拆真改，原汁原味加分,修旧如旧,urban_renewal,文化,0.923,Very Positive,pos,0.454,0.921,0.839,乐,历史街区,2025-07-03,2025-07 暑假·年轻人涌入打卡,0.883,aspect,修旧如旧,ermawu,ermawu,1,1,修旧如旧,pos,"[""修旧如旧""]",修旧如旧,防止大拆大建通知;关于持续推进城市更新行动的意见,历史街区/历史文化街区保护更新,"[[""urban_renewal"", ""文化"", ""主""], [""urban_operation"", ""文化"", ""次""]]",0.878,0,111.277811,30.693125
ermawu_T2_00494,ermawu,sim_ermawu_l3l4,原住民留着，街区还活着,烟火气保留,urban_renewal,文化,0.634,Very Positive,pos,0.545,0.914,0.895,喜,历史街区,2025-07-25,2025-07 暑假·年轻人涌入打卡,0.899,aspect,烟火气保留,ermawu,ermawu,1,1,烟火气保留,pos,"[""烟火气保留""]",烟火气保留,防止大拆大建通知(留改拆·留底线),历史街区保护更新;社区营造,"[[""urban_renewal"", ""文化"", ""主""], [""urban_renewal"", ""环境"", ""次""]]",0.883,0,111.284946,30.694028
ermawu_T2_00495,ermawu,sim_ermawu_l3l4,夜经济让老街活了,夜经济,urban_operation,事件,0.791,Very Positive,pos,0.623,0.786,0.761,乐,历史街区,2025-07-04,2025-07 暑假·年轻人涌入打卡,0.497,aspect,夜经济,ermawu,ermawu,1,1,夜经济,pos,"[""夜经济""]",夜经济,"城市更新""十五五""规划(生活圈扩围;夜经济)",一刻钟便民生活圈建设;夜经济品牌培育,"[[""urban_operation"", ""事件"", ""主""], [""urban_governance"", ""事件"", ""次""]]",0.729,1,111.281144,30.694684
ermawu_T2_00496,ermawu,sim_ermawu_l3l4,夜幕降临热闹起来，有活力,夜经济,urban_operation,事件,0.694,Positive,pos,0.641,0.724,0.797,乐,历史街区,2025-07-27,2025-07 暑假·年轻人涌入打卡,0.712,aspect,夜经济,ermawu,ermawu,1,1,夜经济,pos,"[""夜经济""]",夜经济,"城市更新""十五五""规划(生活圈扩围;夜经济)",一刻钟便民生活圈建设;夜经济品牌培育,"[[""urban_operation"", ""事件"", ""主""], [""urban_governance"", ""事件"", ""次""]]",0.811,1,111.278748,30.694645
ermawu_T2_00497,ermawu,sim_ermawu_l3l4,打卡墙前要排队,网红打卡,urban_operation,文化,0.473,Neutral,neu,0.623,0.77,0.879,急,历史街区,2025-07-24,2025-07 暑假·年轻人涌入打卡,0.658,aspect,网红打卡,ermawu,ermawu,1,1,网红打卡,neu,"[""网红打卡""]",网红打卡,"城市更新""十五五""规划(文脉保护传承)",文旅IP打造;文化消费场景,"[[""urban_operation"", ""文化"", ""主""], [""urban_operation"", ""事件"", ""次""]]",0.762,0,111.283395,30.693238
ermawu_T2_00498,ermawu,sim_ermawu_l3l4,下沉广场水景配老街，拍照绝佳,网红打卡,urban_operation,文化,0.805,Positive,pos,0.692,0.895,0.807,乐,历史街区,2025-07-01,2025-07 暑假·年轻人涌入打卡,0.598,aspect,网红打卡,ermawu,ermawu,1,1,网红打卡,pos,"[""网红打卡""]",网红打卡,"城市更新""十五五""规划(文脉保护传承)",文旅IP打造;文化消费场景,"[[""urban_operation"", ""文化"", ""主""], [""urban_operation"", ""事件"", ""次""]]",0.817,0,111.284182,30.697548
ermawu_T2_00499,ermawu,sim_ermawu_l3l4,开街后人气回来了，热闹得像过年,文旅活力,urban_operation,事件,0.886,Very Positive,pos,0.678,0.945,0.831,喜,历史街区,2025-07-27,2025-07 暑假·年轻人涌入打卡,0.435,aspect,文旅活力,ermawu,ermawu,1,1,文旅活力,pos,"[""文旅活力""]",文旅活力,"城市更新""十五五""规划(文脉保护;文旅)",文旅品牌;节假日活动组织,"[[""urban_operation"", ""事件"", ""主""], [""urban_operation"", ""文化"", ""次""]]",0.886,1,111.279879,30.694109
ermawu_T2_00500,ermawu,sim_ermawu_l3l4,夜幕降临热闹起来，有活力,夜经济,urban_operation,事件,0.714,Very Positive,pos,0.526,0.879,0.854,乐,历史街区,2025-07-14,2025-07 暑假·年轻人涌入打卡,0.622,aspect,夜经济,ermawu,ermawu,1,1,夜经济,pos,"[""夜经济""]",夜经济,"城市更新""十五五""规划(生活圈扩围;夜经济)",一刻钟便民生活圈建设;夜经济品牌培育,"[[""urban_operation"", ""事件"", ""主""], [""urban_governance"", ""事件"", ""次""]]",0.7,1,111.289039,30.693744
ermawu_T2_00501,ermawu,sim_ermawu_l3l4,夜经济还在培育,夜经济,urban_operation,事件,0.434,Neutral,neu,0.788,0.932,0.901,急,历史街区,2025-07-29,2025-07 暑假·年轻人涌入打卡,0.621,aspect,夜经济,ermawu,ermawu,1,1,夜经济,neu,"[""夜经济""]",夜经济,"城市更新""十五五""规划(生活圈扩围;夜经济)",一刻钟便民生活圈建设;夜经济品牌培育,"[[""urban_operation"", ""事件"", ""主""], [""urban_governance"", ""事件"", ""次""]]",0.888,1,111.278017,30.695465
ermawu_T2_00502,ermawu,sim_ermawu_l3l4,下沉广场水景配老街，拍照绝佳,网红打卡,urban_operation,文化,0.83,Positive,pos,0.492,0.935,0.855,乐,历史街区,2025-07-25,2025-07 暑假·年轻人涌入打卡,0.471,aspect,网红打卡,ermawu,ermawu,1,1,网红打卡,pos,"[""网红打卡""]",网红打卡,"城市更新""十五五""规划(文脉保护传承)",文旅IP打造;文化消费场景,"[[""urban_operation"", ""文化"", ""主""], [""urban_operation"", ""事件"", ""次""]]",0.715,0,111.283048,30.695119
ermawu_T2_00503,ermawu,sim_ermawu_l3l4,周边夜市烟火升腾，烧烤烤鱼小吃全有,夜经济,urban_operation,事件,0.799,Very Positive,pos,0.304,0.811,0.747,乐,历史街区,2025-07-13,2025-07 暑假·年轻人涌入打卡,0.832,aspect,夜经济,ermawu,ermawu,1,1,夜经济,pos,"[""夜经济""]",夜经济,"城市更新""十五五""规划(生活圈扩围;夜经济)",一刻钟便民生活圈建设;夜经济品牌培育,"[[""urban_operation"", ""事件"", ""主""], [""urban_governance"", ""事件"", ""次""]]",0.868,1,111.277755,30.69724
ermawu_T2_00504,ermawu,sim_ermawu_l3l4,业态有调性，不低端,业态丰富度,urban_operation,服务,0.651,Very Positive,pos,0.345,0.944,0.857,乐,历史街区,2025-07-12,2025-07 暑假·年轻人涌入打卡,0.683,aspect,业态丰富度,ermawu,ermawu,1,1,业态丰富度,pos,"[""业态丰富度""]",业态丰富度,关于持续推进城市更新行动的意见(业态引导),业态多元化引导;业态调整,"[[""urban_operation"", ""服务"", ""主""], [""urban_renewal"", ""服务"", ""次""]]",0.867,0,111.278979,30.698334
ermawu_T2_00505,ermawu,sim_ermawu_l3l4,业态还在调整中,业态丰富度,urban_operation,服务,0.439,Neutral,neu,0.635,0.786,0.915,急,历史街区,2025-07-26,2025-07 暑假·年轻人涌入打卡,0.861,aspect,业态丰富度,ermawu,ermawu,1,1,业态丰富度,neu,"[""业态丰富度""]",业态丰富度,关于持续推进城市更新行动的意见(业态引导),业态多元化引导;业态调整,"[[""urban_operation"", ""服务"", ""主""], [""urban_renewal"", ""服务"", ""次""]]",0.776,0,111.284987,30.695347
ermawu_T2_00506,ermawu,sim_ermawu_l3l4,二马路修旧如旧，百年老街焕发新生,修旧如旧,urban_renewal,文化,0.85,Very Positive,pos,0.35,0.793,0.813,喜,历史街区,2025-07-24,2025-07 暑假·年轻人涌入打卡,0.695,aspect,修旧如旧,ermawu,ermawu,1,1,修旧如旧,pos,"[""修旧如旧""]",修旧如旧,防止大拆大建通知;关于持续推进城市更新行动的意见,历史街区/历史文化街区保护更新,"[[""urban_renewal"", ""文化"", ""主""], [""urban_operation"", ""文化"", ""次""]]",0.926,0,111.281313,30.696843
ermawu_T2_00507,ermawu,sim_ermawu_l3l4,不变拆真改，原汁原味加分,修旧如旧,urban_renewal,文化,0.664,Very Positive,pos,0.343,0.866,0.769,喜,历史街区,2025-07-10,2025-07 暑假·年轻人涌入打卡,0.671,aspect,修旧如旧,ermawu,ermawu,1,1,修旧如旧,pos,"[""修旧如旧""]",修旧如旧,防止大拆大建通知;关于持续推进城市更新行动的意见,历史街区/历史文化街区保护更新,"[[""urban_renewal"", ""文化"", ""主""], [""urban_operation"", ""文化"", ""次""]]",0.826,0,111.289039,30.69448
ermawu_T2_00508,ermawu,sim_ermawu_l3l4,老味道流失，可惜,烟火气保留,urban_renewal,文化,0.294,Very Negative,neg,0.571,0.92,0.706,哀,历史街区,2025-07-07,2025-07 暑假·年轻人涌入打卡,0.447,aspect,烟火气保留,ermawu,ermawu,1,1,烟火气保留,neg,"[""烟火气保留""]",烟火气保留,防止大拆大建通知(留改拆·留底线),历史街区保护更新;社区营造,"[[""urban_renewal"", ""文化"", ""主""], [""urban_renewal"", ""环境"", ""次""]]",0.739,0,111.280982,30.698512
ermawu_T2_00509,ermawu,sim_ermawu_l3l4,二马路成了网红打卡地，年轻人多,网红打卡,urban_operation,文化,0.652,Positive,pos,0.563,0.884,0.912,乐,历史街区,2025-07-20,2025-07 暑假·年轻人涌入打卡,0.633,aspect,网红打卡,ermawu,ermawu,1,1,网红打卡,pos,"[""网红打卡""]",网红打卡,"城市更新""十五五""规划(文脉保护传承)",文旅IP打造;文化消费场景,"[[""urban_operation"", ""文化"", ""主""], [""urban_operation"", ""事件"", ""次""]]",0.873,0,111.279978,30.698289
ermawu_T2_00510,ermawu,sim_ermawu_l3l4,夜市噪音扰民，周边住户受不了,夜经济,urban_operation,事件,0.314,Negative,neg,0.742,0.885,0.879,哀,历史街区,2025-07-27,2025-07 暑假·年轻人涌入打卡,0.78,aspect,夜经济,ermawu,ermawu,1,1,夜经济,neg,"[""夜经济""]",夜经济,"城市更新""十五五""规划(生活圈扩围;夜经济)",一刻钟便民生活圈建设;夜经济品牌培育,"[[""urban_operation"", ""事件"", ""主""], [""urban_governance"", ""事件"", ""次""]]",0.765,1,111.277331,30.699018
ermawu_T2_00511,ermawu,sim_ermawu_l3l4,夜经济还在培育,夜经济,urban_operation,事件,0.595,Neutral,neu,0.79,0.92,0.72,盼,历史街区,2025-07-15,2025-07 暑假·年轻人涌入打卡,0.624,aspect,夜经济,ermawu,ermawu,1,1,夜经济,neu,"[""夜经济""]",夜经济,"城市更新""十五五""规划(生活圈扩围;夜经济)",一刻钟便民生活圈建设;夜经济品牌培育,"[[""urban_operation"", ""事件"", ""主""], [""urban_governance"", ""事件"", ""次""]]",0.811,1,111.280848,30.699797
ermawu_T2_00512,ermawu,sim_ermawu_l3l4,二马路成了网红打卡地，年轻人多,网红打卡,urban_operation,文化,0.63,Very Positive,pos,0.448,0.787,0.825,喜,历史街区,2025-07-31,2025-07 暑假·年轻人涌入打卡,0.801,aspect,网红打卡,ermawu,ermawu,1,1,网红打卡,pos,"[""网红打卡""]",网红打卡,"城市更新""十五五""规划(文脉保护传承)",文旅IP打造;文化消费场景,"[[""urban_operation"", ""文化"", ""主""], [""urban_operation"", ""事件"", ""次""]]",0.708,0,111.287277,30.695971
ermawu_T2_00513,ermawu,sim_ermawu_l3l4,夜经济还在培育,夜经济,urban_operation,事件,0.41,Neutral,neu,0.578,0.764,0.735,盼,历史街区,2025-07-31,2025-07 暑假·年轻人涌入打卡,0.75,aspect,夜经济,ermawu,ermawu,1,1,夜经济,neu,"[""夜经济""]",夜经济,"城市更新""十五五""规划(生活圈扩围;夜经济)",一刻钟便民生活圈建设;夜经济品牌培育,"[[""urban_operation"", ""事件"", ""主""], [""urban_governance"", ""事件"", ""次""]]",0.871,1,111.285753,30.695692
ermawu_T2_00514,ermawu,sim_ermawu_l3l4,五一日均1.5万人，百年老街出圈了,文旅活力,urban_operation,事件,0.879,Very Positive,pos,0.448,0.883,0.802,喜,历史街区,2025-07-05,2025-07 暑假·年轻人涌入打卡,0.759,aspect,文旅活力,ermawu,ermawu,1,1,文旅活力,pos,"[""文旅活力""]",文旅活力,"城市更新""十五五""规划(文脉保护;文旅)",文旅品牌;节假日活动组织,"[[""urban_operation"", ""事件"", ""主""], [""urban_operation"", ""文化"", ""次""]]",0.815,1,111.280409,30.694378
ermawu_T2_00515,ermawu,sim_ermawu_l3l4,夜经济周边停车更难,夜经济,urban_operation,事件,0.295,Negative,neg,0.812,0.899,0.713,愁,历史街区,2025-07-01,2025-07 暑假·年轻人涌入打卡,0.552,aspect,夜经济,ermawu,ermawu,1,1,夜经济,neg,"[""夜经济""]",夜经济,"城市更新""十五五""规划(生活圈扩围;夜经济)",一刻钟便民生活圈建设;夜经济品牌培育,"[[""urban_operation"", ""事件"", ""主""], [""urban_governance"", ""事件"", ""次""]]",0.769,1,111.288139,30.694303
ermawu_T2_00516,ermawu,sim_ermawu_l3l4,烟火气这东西见仁见智,烟火气保留,urban_renewal,文化,0.424,Neutral,neu,0.307,0.905,0.719,急,历史街区,2025-07-20,2025-07 暑假·年轻人涌入打卡,0.487,aspect,烟火气保留,ermawu,ermawu,1,1,烟火气保留,neu,"[""烟火气保留""]",烟火气保留,防止大拆大建通知(留改拆·留底线),历史街区保护更新;社区营造,"[[""urban_renewal"", ""文化"", ""主""], [""urban_renewal"", ""环境"", ""次""]]",0.769,0,111.280347,30.693318
ermawu_T2_00517,ermawu,sim_ermawu_l3l4,二马路修旧如旧，百年老街焕发新生,修旧如旧,urban_renewal,文化,0.456,Neutral,neu,0.526,0.746,0.776,盼,历史街区,2025-07-21,2025-07 暑假·年轻人涌入打卡,0.676,aspect,修旧如旧,ermawu,ermawu,1,1,修旧如旧,neu,"[""修旧如旧""]",修旧如旧,防止大拆大建通知;关于持续推进城市更新行动的意见,历史街区/历史文化街区保护更新,"[[""urban_renewal"", ""文化"", ""主""], [""urban_operation"", ""文化"", ""次""]]",0.725,0,111.285444,30.692918
ermawu_T2_00518,ermawu,sim_ermawu_l3l4,开街后保洁跟上了,垃圾秩序,urban_governance,环境,0.953,Positive,pos,0.601,0.898,0.72,乐,历史街区,2025-07-13,2025-07 暑假·年轻人涌入打卡,0.563,aspect,垃圾秩序,ermawu,ermawu,1,1,垃圾秩序,pos,"[""垃圾秩序""]",垃圾秩序,城市更新行动意见(市容治理),市容环境治理;垃圾分类,"[[""urban_governance"", ""环境"", ""主""], [""urban_governance"", ""服务"", ""次""]]",0.876,0,111.282284,30.697737
ermawu_T2_00519,ermawu,sim_ermawu_l3l4,业态有调性，不低端,业态丰富度,urban_operation,服务,0.698,Very Positive,pos,0.784,0.931,0.788,喜,历史街区,2025-07-25,2025-07 暑假·年轻人涌入打卡,0.727,aspect,业态丰富度,ermawu,ermawu,1,1,业态丰富度,pos,"[""业态丰富度""]",业态丰富度,关于持续推进城市更新行动的意见(业态引导),业态多元化引导;业态调整,"[[""urban_operation"", ""服务"", ""主""], [""urban_renewal"", ""服务"", ""次""]]",0.902,0,111.283259,30.691092
ermawu_T2_00520,ermawu,sim_ermawu_l3l4,下沉广场水景配老街，拍照绝佳,网红打卡,urban_operation,文化,0.623,Positive,pos,0.682,0.911,0.765,喜,历史街区,2025-07-18,2025-07 暑假·年轻人涌入打卡,0.499,aspect,网红打卡,ermawu,ermawu,1,1,网红打卡,pos,"[""网红打卡""]",网红打卡,"城市更新""十五五""规划(文脉保护传承)",文旅IP打造;文化消费场景,"[[""urban_operation"", ""文化"", ""主""], [""urban_operation"", ""事件"", ""次""]]",0.78,0,111.286911,30.693977
ermawu_T2_00521,ermawu,sim_ermawu_l3l4,烟火气这东西见仁见智,烟火气保留,urban_renewal,文化,0.492,Neutral,neu,0.313,0.921,0.846,盼,历史街区,2025-07-03,2025-07 暑假·年轻人涌入打卡,0.743,aspect,烟火气保留,ermawu,ermawu,1,1,烟火气保留,neu,"[""烟火气保留""]",烟火气保留,防止大拆大建通知(留改拆·留底线),历史街区保护更新;社区营造,"[[""urban_renewal"", ""文化"", ""主""], [""urban_renewal"", ""环境"", ""次""]]",0.863,0,111.284618,30.697709
ermawu_T2_00522,ermawu,sim_ermawu_l3l4,烟火气这东西见仁见智,烟火气保留,urban_renewal,文化,0.504,Neutral,neu,0.559,0.883,0.849,急,历史街区,2025-07-25,2025-07 暑假·年轻人涌入打卡,0.708,aspect,烟火气保留,ermawu,ermawu,1,1,烟火气保留,neu,"[""烟火气保留""]",烟火气保留,防止大拆大建通知(留改拆·留底线),历史街区保护更新;社区营造,"[[""urban_renewal"", ""文化"", ""主""], [""urban_renewal"", ""环境"", ""次""]]",0.73,0,111.275524,30.696324
ermawu_T2_00523,ermawu,sim_ermawu_l3l4,夜经济还在培育,夜经济,urban_operation,事件,0.476,Neutral,neu,0.517,0.865,0.774,急,历史街区,2025-07-21,2025-07 暑假·年轻人涌入打卡,0.763,aspect,夜经济,ermawu,ermawu,1,1,夜经济,neu,"[""夜经济""]",夜经济,"城市更新""十五五""规划(生活圈扩围;夜经济)",一刻钟便民生活圈建设;夜经济品牌培育,"[[""urban_operation"", ""事件"", ""主""], [""urban_governance"", ""事件"", ""次""]]",0.846,1,111.27439,30.700995
ermawu_T2_00524,ermawu,sim_ermawu_l3l4,文旅复苏，老街活了,文旅活力,urban_operation,事件,0.873,Positive,pos,0.659,0.781,0.895,乐,历史街区,2025-07-23,2025-07 暑假·年轻人涌入打卡,0.697,aspect,文旅活力,ermawu,ermawu,1,1,文旅活力,pos,"[""文旅活力""]",文旅活力,"城市更新""十五五""规划(文脉保护;文旅)",文旅品牌;节假日活动组织,"[[""urban_operation"", ""事件"", ""主""], [""urban_operation"", ""文化"", ""次""]]",0.712,1,111.283084,30.692984
ermawu_T2_00525,ermawu,sim_ermawu_l3l4,原住民迁走，没了生活气,烟火气保留,urban_renewal,文化,0.106,Very Negative,neg,0.538,0.815,0.758,愁,历史街区,2025-07-17,2025-07 暑假·年轻人涌入打卡,0.451,aspect,烟火气保留,ermawu,ermawu,1,1,烟火气保留,neg,"[""烟火气保留""]",烟火气保留,防止大拆大建通知(留改拆·留底线),历史街区保护更新;社区营造,"[[""urban_renewal"", ""文化"", ""主""], [""urban_renewal"", ""环境"", ""次""]]",0.847,0,111.283431,30.695438
ermawu_T2_00526,ermawu,sim_ermawu_l3l4,期待焕新效果,文旅活力,urban_operation,事件,0.441,Neutral,neu,0.515,0.738,0.765,急,历史街区,2025-07-24,2025-07 暑假·年轻人涌入打卡,0.668,aspect,文旅活力,ermawu,ermawu,1,1,文旅活力,neu,"[""文旅活力""]",文旅活力,"城市更新""十五五""规划(文脉保护;文旅)",文旅品牌;节假日活动组织,"[[""urban_operation"", ""事件"", ""主""], [""urban_operation"", ""文化"", ""次""]]",0.774,1,111.287507,30.692303
ermawu_T2_00527,ermawu,sim_ermawu_l3l4,夜市噪音扰民，周边住户受不了,夜经济,urban_operation,事件,0.136,Very Negative,neg,0.761,0.935,0.731,哀,历史街区,2025-07-30,2025-07 暑假·年轻人涌入打卡,0.885,aspect,夜经济,ermawu,ermawu,1,1,夜经济,neg,"[""夜经济""]",夜经济,"城市更新""十五五""规划(生活圈扩围;夜经济)",一刻钟便民生活圈建设;夜经济品牌培育,"[[""urban_operation"", ""事件"", ""主""], [""urban_governance"", ""事件"", ""次""]]",0.718,1,111.280794,30.696998
ermawu_T2_00528,ermawu,sim_ermawu_l3l4,停车太难，绕三圈找不到,停车难,urban_governance,设施,0.103,Negative,neg,0.913,0.766,0.809,怒,历史街区,2025-07-27,2025-07 暑假·年轻人涌入打卡,0.421,aspect,停车难,ermawu,ermawu,1,1,停车难,neg,"[""停车难""]",停车难,完整社区(配套设施补齐);一刻钟生活圈,停车设施补齐;配套完善,"[[""urban_governance"", ""设施"", ""主""], [""urban_planning"", ""设施"", ""次""]]",0.851,0,111.281873,30.695772
ermawu_T2_00529,ermawu,sim_ermawu_l3l4,二马路成了网红打卡地，年轻人多,网红打卡,urban_operation,文化,0.937,Positive,pos,0.315,0.785,0.793,喜,历史街区,2025-07-05,2025-07 暑假·年轻人涌入打卡,0.553,aspect,网红打卡,ermawu,ermawu,1,1,网红打卡,pos,"[""网红打卡""]",网红打卡,"城市更新""十五五""规划(文脉保护传承)",文旅IP打造;文化消费场景,"[[""urban_operation"", ""文化"", ""主""], [""urban_operation"", ""事件"", ""次""]]",0.744,0,111.278339,30.698814
ermawu_T2_00530,ermawu,sim_ermawu_l3l4,小众免费出片，本地人私藏,网红打卡,urban_operation,文化,0.857,Very Positive,pos,0.656,0.776,0.898,喜,历史街区,2025-07-21,2025-07 暑假·年轻人涌入打卡,0.441,aspect,网红打卡,ermawu,ermawu,1,1,网红打卡,pos,"[""网红打卡""]",网红打卡,"城市更新""十五五""规划(文脉保护传承)",文旅IP打造;文化消费场景,"[[""urban_operation"", ""文化"", ""主""], [""urban_operation"", ""事件"", ""次""]]",0.739,0,111.282157,30.695675
ermawu_T2_00531,ermawu,sim_ermawu_l3l4,不变拆真改，原汁原味加分,修旧如旧,urban_renewal,文化,0.73,Very Positive,pos,0.703,0.913,0.859,乐,历史街区,2025-07-19,2025-07 暑假·年轻人涌入打卡,0.696,aspect,修旧如旧,ermawu,ermawu,1,1,修旧如旧,pos,"[""修旧如旧""]",修旧如旧,防止大拆大建通知;关于持续推进城市更新行动的意见,历史街区/历史文化街区保护更新,"[[""urban_renewal"", ""文化"", ""主""], [""urban_operation"", ""文化"", ""次""]]",0.692,0,111.285393,30.692223
ermawu_T2_00532,ermawu,sim_ermawu_l3l4,"""宜昌""打卡墙出片，复古花墙绝了",网红打卡,urban_operation,文化,0.877,Very Positive,pos,0.386,0.779,0.867,乐,历史街区,2025-07-02,2025-07 暑假·年轻人涌入打卡,0.882,aspect,网红打卡,ermawu,ermawu,1,1,网红打卡,pos,"[""网红打卡""]",网红打卡,"城市更新""十五五""规划(文脉保护传承)",文旅IP打造;文化消费场景,"[[""urban_operation"", ""文化"", ""主""], [""urban_operation"", ""事件"", ""次""]]",0.807,0,111.277238,30.700226
ermawu_T2_00533,ermawu,sim_ermawu_l3l4,下沉广场水景配老街，拍照绝佳,网红打卡,urban_operation,文化,0.688,Positive,pos,0.501,0.767,0.875,喜,历史街区,2025-07-07,2025-07 暑假·年轻人涌入打卡,0.651,aspect,网红打卡,ermawu,ermawu,1,1,网红打卡,pos,"[""网红打卡""]",网红打卡,"城市更新""十五五""规划(文脉保护传承)",文旅IP打造;文化消费场景,"[[""urban_operation"", ""文化"", ""主""], [""urban_operation"", ""事件"", ""次""]]",0.712,0,111.279645,30.699413
ermawu_T2_00534,ermawu,sim_ermawu_l3l4,二马路修旧如旧，百年老街焕发新生,修旧如旧,urban_renewal,文化,0.635,Positive,pos,0.624,0.818,0.899,喜,历史街区,2025-07-28,2025-07 暑假·年轻人涌入打卡,0.484,aspect,修旧如旧,ermawu,ermawu,1,1,修旧如旧,pos,"[""修旧如旧""]",修旧如旧,防止大拆大建通知;关于持续推进城市更新行动的意见,历史街区/历史文化街区保护更新,"[[""urban_renewal"", ""文化"", ""主""], [""urban_operation"", ""文化"", ""次""]]",0.788,0,111.279597,30.698946
ermawu_T2_00535,ermawu,sim_ermawu_l3l4,夜经济还在培育,夜经济,urban_operation,事件,0.536,Neutral,neu,0.782,0.884,0.894,急,历史街区,2025-07-05,2025-07 暑假·年轻人涌入打卡,0.568,aspect,夜经济,ermawu,ermawu,1,1,夜经济,neu,"[""夜经济""]",夜经济,"城市更新""十五五""规划(生活圈扩围;夜经济)",一刻钟便民生活圈建设;夜经济品牌培育,"[[""urban_operation"", ""事件"", ""主""], [""urban_governance"", ""事件"", ""次""]]",0.897,1,111.284576,30.692548
ermawu_T2_00536,ermawu,sim_ermawu_l3l4,盼着开街呢，老街改造进度有点慢,文旅活力,urban_operation,事件,0.436,Neutral,neu,0.555,0.774,0.839,盼,历史街区,2025-07-17,2025-07 暑假·年轻人涌入打卡,0.481,aspect,文旅活力,ermawu,ermawu,1,1,文旅活力,neu,"[""文旅活力""]",文旅活力,"城市更新""十五五""规划(文脉保护;文旅)",文旅品牌;节假日活动组织,"[[""urban_operation"", ""事件"", ""主""], [""urban_operation"", ""文化"", ""次""]]",0.744,1,111.281326,30.693788
ermawu_T2_00537,ermawu,sim_ermawu_l3l4,五一日均1.5万人，百年老街出圈了,文旅活力,urban_operation,事件,0.819,Positive,pos,0.48,0.735,0.885,乐,历史街区,2025-07-24,2025-07 暑假·年轻人涌入打卡,0.465,aspect,文旅活力,ermawu,ermawu,1,1,文旅活力,pos,"[""文旅活力""]",文旅活力,"城市更新""十五五""规划(文脉保护;文旅)",文旅品牌;节假日活动组织,"[[""urban_operation"", ""事件"", ""主""], [""urban_operation"", ""文化"", ""次""]]",0.784,1,111.279936,30.694159
ermawu_T2_00538,ermawu,sim_ermawu_l3l4,业态单一，逛一次就够,业态丰富度,urban_operation,服务,0.355,Negative,neg,0.877,0.771,0.782,愁,历史街区,2025-07-23,2025-07 暑假·年轻人涌入打卡,0.771,aspect,业态丰富度,ermawu,ermawu,1,1,业态丰富度,neg,"[""业态丰富度""]",业态丰富度,关于持续推进城市更新行动的意见(业态引导),业态多元化引导;业态调整,"[[""urban_operation"", ""服务"", ""主""], [""urban_renewal"", ""服务"", ""次""]]",0.878,0,111.280557,30.698118
ermawu_T2_00539,ermawu,sim_ermawu_l3l4,烟火气这东西见仁见智,烟火气保留,urban_renewal,文化,0.551,Neutral,neu,0.617,0.833,0.75,急,历史街区,2025-07-27,2025-07 暑假·年轻人涌入打卡,0.826,aspect,烟火气保留,ermawu,ermawu,1,1,烟火气保留,neu,"[""烟火气保留""]",烟火气保留,防止大拆大建通知(留改拆·留底线),历史街区保护更新;社区营造,"[[""urban_renewal"", ""文化"", ""主""], [""urban_renewal"", ""环境"", ""次""]]",0.948,0,111.282296,30.691836
ermawu_T2_00540,ermawu,sim_ermawu_l3l4,周边夜市烟火升腾，烧烤烤鱼小吃全有,夜经济,urban_operation,事件,0.666,Positive,pos,0.391,0.733,0.81,乐,历史街区,2025-07-12,2025-07 暑假·年轻人涌入打卡,0.699,aspect,夜经济,ermawu,ermawu,1,1,夜经济,pos,"[""夜经济""]",夜经济,"城市更新""十五五""规划(生活圈扩围;夜经济)",一刻钟便民生活圈建设;夜经济品牌培育,"[[""urban_operation"", ""事件"", ""主""], [""urban_governance"", ""事件"", ""次""]]",0.762,1,111.275068,30.697442
ermawu_T2_00541,ermawu,sim_ermawu_l3l4,下沉广场水景配老街，拍照绝佳,网红打卡,urban_operation,文化,0.815,Positive,pos,0.4,0.841,0.713,喜,历史街区,2025-07-05,2025-07 暑假·年轻人涌入打卡,0.45,aspect,网红打卡,ermawu,ermawu,1,1,网红打卡,pos,"[""网红打卡""]",网红打卡,"城市更新""十五五""规划(文脉保护传承)",文旅IP打造;文化消费场景,"[[""urban_operation"", ""文化"", ""主""], [""urban_operation"", ""事件"", ""次""]]",0.688,0,111.27571,30.698524
ermawu_T2_00542,ermawu,sim_ermawu_l3l4,既有文化味更有烟火气，难得,烟火气保留,urban_renewal,文化,0.883,Very Positive,pos,0.336,0.879,0.831,乐,历史街区,2025-07-05,2025-07 暑假·年轻人涌入打卡,0.649,aspect,烟火气保留,ermawu,ermawu,1,1,烟火气保留,pos,"[""烟火气保留""]",烟火气保留,防止大拆大建通知(留改拆·留底线),历史街区保护更新;社区营造,"[[""urban_renewal"", ""文化"", ""主""], [""urban_renewal"", ""环境"", ""次""]]",0.912,0,111.284746,30.698188
ermawu_T2_00543,ermawu,sim_ermawu_l3l4,夜幕降临热闹起来，有活力,夜经济,urban_operation,事件,0.704,Very Positive,pos,0.79,0.824,0.803,乐,历史街区,2025-07-28,2025-07 暑假·年轻人涌入打卡,0.502,aspect,夜经济,ermawu,ermawu,1,1,夜经济,pos,"[""夜经济""]",夜经济,"城市更新""十五五""规划(生活圈扩围;夜经济)",一刻钟便民生活圈建设;夜经济品牌培育,"[[""urban_operation"", ""事件"", ""主""], [""urban_governance"", ""事件"", ""次""]]",0.801,1,111.285078,30.693149
ermawu_T2_00544,ermawu,sim_ermawu_l3l4,业态有调性，不低端,业态丰富度,urban_operation,服务,0.804,Positive,pos,0.696,0.868,0.817,乐,历史街区,2025-07-23,2025-07 暑假·年轻人涌入打卡,0.813,aspect,业态丰富度,ermawu,ermawu,1,1,业态丰富度,pos,"[""业态丰富度""]",业态丰富度,关于持续推进城市更新行动的意见(业态引导),业态多元化引导;业态调整,"[[""urban_operation"", ""服务"", ""主""], [""urban_renewal"", ""服务"", ""次""]]",0.749,0,111.285546,30.693778
ermawu_T2_00545,ermawu,sim_ermawu_l3l4,老建筑修得讲究，最小干预看出功夫,修旧如旧,urban_renewal,文化,0.81,Positive,pos,0.494,0.851,0.769,喜,历史街区,2025-07-26,2025-07 暑假·年轻人涌入打卡,0.452,aspect,修旧如旧,ermawu,ermawu,1,1,修旧如旧,pos,"[""修旧如旧""]",修旧如旧,防止大拆大建通知;关于持续推进城市更新行动的意见,历史街区/历史文化街区保护更新,"[[""urban_renewal"", ""文化"", ""主""], [""urban_operation"", ""文化"", ""次""]]",0.766,0,111.276708,30.69711
ermawu_T2_00546,ermawu,sim_ermawu_l3l4,保留原貌真有味道，修新如旧做得好,修旧如旧,urban_renewal,文化,0.889,Positive,pos,0.555,0.749,0.745,乐,历史街区,2025-07-17,2025-07 暑假·年轻人涌入打卡,0.695,aspect,修旧如旧,ermawu,ermawu,1,1,修旧如旧,pos,"[""修旧如旧""]",修旧如旧,防止大拆大建通知;关于持续推进城市更新行动的意见,历史街区/历史文化街区保护更新,"[[""urban_renewal"", ""文化"", ""主""], [""urban_operation"", ""文化"", ""次""]]",0.861,0,111.277594,30.696661
ermawu_T2_00547,ermawu,sim_ermawu_l3l4,停车太难，绕三圈找不到,停车难,urban_governance,设施,0.135,Very Negative,neg,0.684,0.832,0.833,哀,历史街区,2025-07-23,2025-07 暑假·年轻人涌入打卡,0.687,aspect,停车难,ermawu,ermawu,1,1,停车难,neg,"[""停车难""]",停车难,完整社区(配套设施补齐);一刻钟生活圈,停车设施补齐;配套完善,"[[""urban_governance"", ""设施"", ""主""], [""urban_planning"", ""设施"", ""次""]]",0.88,0,111.282832,30.692898
ermawu_T2_00548,ermawu,sim_ermawu_l3l4,老建筑修得讲究，最小干预看出功夫,修旧如旧,urban_renewal,文化,0.677,Very Positive,pos,0.647,0.862,0.868,乐,历史街区,2025-07-30,2025-07 暑假·年轻人涌入打卡,0.603,aspect,修旧如旧,ermawu,ermawu,1,1,修旧如旧,pos,"[""修旧如旧""]",修旧如旧,防止大拆大建通知;关于持续推进城市更新行动的意见,历史街区/历史文化街区保护更新,"[[""urban_renewal"", ""文化"", ""主""], [""urban_operation"", ""文化"", ""次""]]",0.811,0,111.280818,30.695057
ermawu_T2_00549,ermawu,sim_ermawu_l3l4,烟火气没了，商业化太重,烟火气保留,urban_renewal,文化,0.231,Very Negative,neg,0.635,0.871,0.835,愁,历史街区,2025-07-27,2025-07 暑假·年轻人涌入打卡,0.652,aspect,烟火气保留,ermawu,ermawu,1,1,烟火气保留,neg,"[""烟火气保留""]",烟火气保留,防止大拆大建通知(留改拆·留底线),历史街区保护更新;社区营造,"[[""urban_renewal"", ""文化"", ""主""], [""urban_renewal"", ""环境"", ""次""]]",0.849,0,111.282108,30.696943
ermawu_T2_00550,ermawu,sim_ermawu_l3l4,文旅复苏，老街活了,文旅活力,urban_operation,事件,0.713,Very Positive,pos,0.699,0.729,0.858,乐,历史街区,2025-07-16,2025-07 暑假·年轻人涌入打卡,0.887,aspect,文旅活力,ermawu,ermawu,1,1,文旅活力,pos,"[""文旅活力""]",文旅活力,"城市更新""十五五""规划(文脉保护;文旅)",文旅品牌;节假日活动组织,"[[""urban_operation"", ""事件"", ""主""], [""urban_operation"", ""文化"", ""次""]]",0.87,1,111.286437,30.692055
ermawu_T2_00551,ermawu,sim_ermawu_l3l4,原住民留着，街区还活着,烟火气保留,urban_renewal,文化,0.636,Very Positive,pos,0.691,0.84,0.76,乐,历史街区,2025-07-29,2025-07 暑假·年轻人涌入打卡,0.801,aspect,烟火气保留,ermawu,ermawu,1,1,烟火气保留,pos,"[""烟火气保留""]",烟火气保留,防止大拆大建通知(留改拆·留底线),历史街区保护更新;社区营造,"[[""urban_renewal"", ""文化"", ""主""], [""urban_renewal"", ""环境"", ""次""]]",0.789,0,111.283352,30.698362
ermawu_T2_00552,ermawu,sim_ermawu_l3l4,保留原貌真有味道，修新如旧做得好,修旧如旧,urban_renewal,文化,0.924,Positive,pos,0.355,0.919,0.744,乐,历史街区,2025-07-28,2025-07 暑假·年轻人涌入打卡,0.761,aspect,修旧如旧,ermawu,ermawu,1,1,修旧如旧,pos,"[""修旧如旧""]",修旧如旧,防止大拆大建通知;关于持续推进城市更新行动的意见,历史街区/历史文化街区保护更新,"[[""urban_renewal"", ""文化"", ""主""], [""urban_operation"", ""文化"", ""次""]]",0.94,0,111.278508,30.701681
ermawu_T2_00553,ermawu,sim_ermawu_l3l4,二马路成了网红打卡地，年轻人多,网红打卡,urban_operation,文化,0.887,Very Positive,pos,0.413,0.769,0.756,乐,历史街区,2025-07-10,2025-07 暑假·年轻人涌入打卡,0.844,aspect,网红打卡,ermawu,ermawu,1,1,网红打卡,pos,"[""网红打卡""]",网红打卡,"城市更新""十五五""规划(文脉保护传承)",文旅IP打造;文化消费场景,"[[""urban_operation"", ""文化"", ""主""], [""urban_operation"", ""事件"", ""次""]]",0.699,0,111.277962,30.69956
ermawu_T2_00554,ermawu,sim_ermawu_l3l4,小众免费出片，本地人私藏,网红打卡,urban_operation,文化,0.7,Very Positive,pos,0.586,0.85,0.894,喜,历史街区,2025-07-07,2025-07 暑假·年轻人涌入打卡,0.454,aspect,网红打卡,ermawu,ermawu,1,1,网红打卡,pos,"[""网红打卡""]",网红打卡,"城市更新""十五五""规划(文脉保护传承)",文旅IP打造;文化消费场景,"[[""urban_operation"", ""文化"", ""主""], [""urban_operation"", ""事件"", ""次""]]",0.879,0,111.286242,30.691974
ermawu_T2_00555,ermawu,sim_ermawu_l3l4,保留原貌真有味道，修新如旧做得好,修旧如旧,urban_renewal,文化,0.418,Neutral,neu,0.598,0.848,0.736,急,历史街区,2025-07-25,2025-07 暑假·年轻人涌入打卡,0.553,aspect,修旧如旧,ermawu,ermawu,1,1,修旧如旧,neu,"[""修旧如旧""]",修旧如旧,防止大拆大建通知;关于持续推进城市更新行动的意见,历史街区/历史文化街区保护更新,"[[""urban_renewal"", ""文化"", ""主""], [""urban_operation"", ""文化"", ""次""]]",0.685,0,111.278601,30.696611
ermawu_T2_00556,ermawu,sim_ermawu_l3l4,节假日保洁跟不上,垃圾秩序,urban_governance,环境,0.069,Very Negative,neg,0.508,0.908,0.853,怒,历史街区,2025-07-14,2025-07 暑假·年轻人涌入打卡,0.739,aspect,垃圾秩序,ermawu,ermawu,1,1,垃圾秩序,neg,"[""垃圾秩序""]",垃圾秩序,城市更新行动意见(市容治理),市容环境治理;垃圾分类,"[[""urban_governance"", ""环境"", ""主""], [""urban_governance"", ""服务"", ""次""]]",0.826,0,111.281763,30.696165
ermawu_T2_00557,ermawu,sim_ermawu_l3l4,文创老店+特色美食，业态丰富,业态丰富度,urban_operation,服务,0.832,Positive,pos,0.49,0.938,0.765,喜,历史街区,2025-07-12,2025-07 暑假·年轻人涌入打卡,0.757,aspect,业态丰富度,ermawu,ermawu,1,1,业态丰富度,pos,"[""业态丰富度""]",业态丰富度,关于持续推进城市更新行动的意见(业态引导),业态多元化引导;业态调整,"[[""urban_operation"", ""服务"", ""主""], [""urban_renewal"", ""服务"", ""次""]]",0.713,0,111.280356,30.698764
ermawu_T2_00558,ermawu,sim_ermawu_l3l4,不变拆真改，原汁原味加分,修旧如旧,urban_renewal,文化,0.928,Very Positive,pos,0.537,0.933,0.74,喜,历史街区,2025-07-02,2025-07 暑假·年轻人涌入打卡,0.75,aspect,修旧如旧,ermawu,ermawu,1,1,修旧如旧,pos,"[""修旧如旧""]",修旧如旧,防止大拆大建通知;关于持续推进城市更新行动的意见,历史街区/历史文化街区保护更新,"[[""urban_renewal"", ""文化"", ""主""], [""urban_operation"", ""文化"", ""次""]]",0.937,0,111.283692,30.69335
ermawu_T2_00559,ermawu,sim_ermawu_l3l4,人太多挤得慌，根本走不动,文旅活力,urban_operation,事件,0.222,Negative,neg,0.673,0.877,0.856,怒,历史街区,2025-07-12,2025-07 暑假·年轻人涌入打卡,0.488,aspect,文旅活力,ermawu,ermawu,1,1,文旅活力,neg,"[""文旅活力""]",文旅活力,"城市更新""十五五""规划(文脉保护;文旅)",文旅品牌;节假日活动组织,"[[""urban_operation"", ""事件"", ""主""], [""urban_operation"", ""文化"", ""次""]]",0.936,1,111.286978,30.692637
ermawu_T2_00560,ermawu,sim_ermawu_l3l4,夜经济周边停车更难,夜经济,urban_operation,事件,0.058,Very Negative,neg,0.563,0.859,0.914,哀,历史街区,2025-07-22,2025-07 暑假·年轻人涌入打卡,0.547,aspect,夜经济,ermawu,ermawu,1,1,夜经济,neg,"[""夜经济""]",夜经济,"城市更新""十五五""规划(生活圈扩围;夜经济)",一刻钟便民生活圈建设;夜经济品牌培育,"[[""urban_operation"", ""事件"", ""主""], [""urban_governance"", ""事件"", ""次""]]",0.817,1,111.277627,30.696655
ermawu_T2_00561,ermawu,sim_ermawu_l3l4,烟火气这东西见仁见智,烟火气保留,urban_renewal,文化,0.529,Neutral,neu,0.712,0.881,0.91,急,历史街区,2025-07-09,2025-07 暑假·年轻人涌入打卡,0.461,aspect,烟火气保留,ermawu,ermawu,1,1,烟火气保留,neu,"[""烟火气保留""]",烟火气保留,防止大拆大建通知(留改拆·留底线),历史街区保护更新;社区营造,"[[""urban_renewal"", ""文化"", ""主""], [""urban_renewal"", ""环境"", ""次""]]",0.687,0,111.285546,30.691065
ermawu_T2_00562,ermawu,sim_ermawu_l3l4,夜经济让老街活了,夜经济,urban_operation,事件,0.773,Positive,pos,0.446,0.901,0.75,喜,历史街区,2025-07-22,2025-07 暑假·年轻人涌入打卡,0.721,aspect,夜经济,ermawu,ermawu,1,1,夜经济,pos,"[""夜经济""]",夜经济,"城市更新""十五五""规划(生活圈扩围;夜经济)",一刻钟便民生活圈建设;夜经济品牌培育,"[[""urban_operation"", ""事件"", ""主""], [""urban_governance"", ""事件"", ""次""]]",0.747,1,111.282197,30.69521
ermawu_T2_00563,ermawu,sim_ermawu_l3l4,二马路修旧如旧，百年老街焕发新生,修旧如旧,urban_renewal,文化,0.853,Very Positive,pos,0.746,0.864,0.713,乐,历史街区,2025-07-10,2025-07 暑假·年轻人涌入打卡,0.823,aspect,修旧如旧,ermawu,ermawu,1,1,修旧如旧,pos,"[""修旧如旧""]",修旧如旧,防止大拆大建通知;关于持续推进城市更新行动的意见,历史街区/历史文化街区保护更新,"[[""urban_renewal"", ""文化"", ""主""], [""urban_operation"", ""文化"", ""次""]]",0.825,0,111.288408,30.695793
ermawu_T2_00564,ermawu,sim_ermawu_l3l4,原住民留着，街区还活着,烟火气保留,urban_renewal,文化,0.645,Positive,pos,0.418,0.773,0.877,喜,历史街区,2025-07-18,2025-07 暑假·年轻人涌入打卡,0.595,aspect,烟火气保留,ermawu,ermawu,1,1,烟火气保留,pos,"[""烟火气保留""]",烟火气保留,防止大拆大建通知(留改拆·留底线),历史街区保护更新;社区营造,"[[""urban_renewal"", ""文化"", ""主""], [""urban_renewal"", ""环境"", ""次""]]",0.78,0,111.284024,30.696175
ermawu_T2_00565,ermawu,sim_ermawu_l3l4,原住民迁走，没了生活气,烟火气保留,urban_renewal,文化,0.235,Very Negative,neg,0.521,0.861,0.762,哀,历史街区,2025-07-15,2025-07 暑假·年轻人涌入打卡,0.679,aspect,烟火气保留,ermawu,ermawu,1,1,烟火气保留,neg,"[""烟火气保留""]",烟火气保留,防止大拆大建通知(留改拆·留底线),历史街区保护更新;社区营造,"[[""urban_renewal"", ""文化"", ""主""], [""urban_renewal"", ""环境"", ""次""]]",0.847,0,111.279972,30.693406
ermawu_T2_00566,ermawu,sim_ermawu_l3l4,开街后保洁跟上了,垃圾秩序,urban_governance,环境,0.939,Very Positive,pos,0.659,0.917,0.852,乐,历史街区,2025-07-26,2025-07 暑假·年轻人涌入打卡,0.481,aspect,垃圾秩序,ermawu,ermawu,1,1,垃圾秩序,pos,"[""垃圾秩序""]",垃圾秩序,城市更新行动意见(市容治理),市容环境治理;垃圾分类,"[[""urban_governance"", ""环境"", ""主""], [""urban_governance"", ""服务"", ""次""]]",0.763,0,111.275293,30.69775
ermawu_T2_00567,ermawu,sim_ermawu_l3l4,保留原貌真有味道，修新如旧做得好,修旧如旧,urban_renewal,文化,0.708,Positive,pos,0.665,0.864,0.792,乐,历史街区,2025-07-07,2025-07 暑假·年轻人涌入打卡,0.719,aspect,修旧如旧,ermawu,ermawu,1,1,修旧如旧,pos,"[""修旧如旧""]",修旧如旧,防止大拆大建通知;关于持续推进城市更新行动的意见,历史街区/历史文化街区保护更新,"[[""urban_renewal"", ""文化"", ""主""], [""urban_operation"", ""文化"", ""次""]]",0.88,0,111.275304,30.69926
ermawu_T2_00568,ermawu,sim_ermawu_l3l4,老建筑修得讲究，最小干预看出功夫,修旧如旧,urban_renewal,文化,0.832,Very Positive,pos,0.666,0.772,0.803,乐,历史街区,2025-07-08,2025-07 暑假·年轻人涌入打卡,0.66,aspect,修旧如旧,ermawu,ermawu,1,1,修旧如旧,pos,"[""修旧如旧""]",修旧如旧,防止大拆大建通知;关于持续推进城市更新行动的意见,历史街区/历史文化街区保护更新,"[[""urban_renewal"", ""文化"", ""主""], [""urban_operation"", ""文化"", ""次""]]",0.911,0,111.284572,30.693573
ermawu_T2_00569,ermawu,sim_ermawu_l3l4,连锁店太多，没特色,业态丰富度,urban_operation,服务,0.103,Negative,neg,0.555,0.801,0.881,怒,历史街区,2025-07-14,2025-07 暑假·年轻人涌入打卡,0.825,aspect,业态丰富度,ermawu,ermawu,1,1,业态丰富度,neg,"[""业态丰富度""]",业态丰富度,关于持续推进城市更新行动的意见(业态引导),业态多元化引导;业态调整,"[[""urban_operation"", ""服务"", ""主""], [""urban_renewal"", ""服务"", ""次""]]",0.686,0,111.273339,30.697546
ermawu_T2_00570,ermawu,sim_ermawu_l3l4,二马路成了网红打卡地，年轻人多,网红打卡,urban_operation,文化,0.721,Very Positive,pos,0.41,0.914,0.786,喜,历史街区,2025-07-07,2025-07 暑假·年轻人涌入打卡,0.698,aspect,网红打卡,ermawu,ermawu,1,1,网红打卡,pos,"[""网红打卡""]",网红打卡,"城市更新""十五五""规划(文脉保护传承)",文旅IP打造;文化消费场景,"[[""urban_operation"", ""文化"", ""主""], [""urban_operation"", ""事件"", ""次""]]",0.807,0,111.276402,30.698396
ermawu_T2_00571,ermawu,sim_ermawu_l3l4,小众免费出片，本地人私藏,网红打卡,urban_operation,文化,0.85,Positive,pos,0.674,0.801,0.797,喜,历史街区,2025-07-30,2025-07 暑假·年轻人涌入打卡,0.8,aspect,网红打卡,ermawu,ermawu,1,1,网红打卡,pos,"[""网红打卡""]",网红打卡,"城市更新""十五五""规划(文脉保护传承)",文旅IP打造;文化消费场景,"[[""urban_operation"", ""文化"", ""主""], [""urban_operation"", ""事件"", ""次""]]",0.711,0,111.287465,30.695602
ermawu_T2_00572,ermawu,sim_ermawu_l3l4,周边夜市烟火升腾，烧烤烤鱼小吃全有,夜经济,urban_operation,事件,0.884,Very Positive,pos,0.793,0.797,0.716,乐,历史街区,2025-07-31,2025-07 暑假·年轻人涌入打卡,0.684,aspect,夜经济,ermawu,ermawu,1,1,夜经济,pos,"[""夜经济""]",夜经济,"城市更新""十五五""规划(生活圈扩围;夜经济)",一刻钟便民生活圈建设;夜经济品牌培育,"[[""urban_operation"", ""事件"", ""主""], [""urban_governance"", ""事件"", ""次""]]",0.907,1,111.284935,30.693277
ermawu_T2_00573,ermawu,sim_ermawu_l3l4,下沉广场水景配老街，拍照绝佳,网红打卡,urban_operation,文化,0.822,Very Positive,pos,0.34,0.819,0.866,喜,历史街区,2025-07-31,2025-07 暑假·年轻人涌入打卡,0.608,aspect,网红打卡,ermawu,ermawu,1,1,网红打卡,pos,"[""网红打卡""]",网红打卡,"城市更新""十五五""规划(文脉保护传承)",文旅IP打造;文化消费场景,"[[""urban_operation"", ""文化"", ""主""], [""urban_operation"", ""事件"", ""次""]]",0.791,0,111.286244,30.696533
ermawu_T2_00574,ermawu,sim_ermawu_l3l4,下沉广场水景配老街，拍照绝佳,网红打卡,urban_operation,文化,0.723,Positive,pos,0.687,0.93,0.861,乐,历史街区,2025-07-24,2025-07 暑假·年轻人涌入打卡,0.505,aspect,网红打卡,ermawu,ermawu,1,1,网红打卡,pos,"[""网红打卡""]",网红打卡,"城市更新""十五五""规划(文脉保护传承)",文旅IP打造;文化消费场景,"[[""urban_operation"", ""文化"", ""主""], [""urban_operation"", ""事件"", ""次""]]",0.854,0,111.284805,30.691587
ermawu_T2_00575,ermawu,sim_ermawu_l3l4,周边夜市烟火升腾，烧烤烤鱼小吃全有,夜经济,urban_operation,事件,0.859,Very Positive,pos,0.375,0.729,0.843,乐,历史街区,2025-07-31,2025-07 暑假·年轻人涌入打卡,0.535,aspect,夜经济,ermawu,ermawu,1,1,夜经济,pos,"[""夜经济""]",夜经济,"城市更新""十五五""规划(生活圈扩围;夜经济)",一刻钟便民生活圈建设;夜经济品牌培育,"[[""urban_operation"", ""事件"", ""主""], [""urban_governance"", ""事件"", ""次""]]",0.836,1,111.28448,30.695201
ermawu_T2_00576,ermawu,sim_ermawu_l3l4,下沉广场水景配老街，拍照绝佳,网红打卡,urban_operation,文化,0.834,Very Positive,pos,0.304,0.869,0.7,乐,历史街区,2025-07-18,2025-07 暑假·年轻人涌入打卡,0.577,aspect,网红打卡,ermawu,ermawu,1,1,网红打卡,pos,"[""网红打卡""]",网红打卡,"城市更新""十五五""规划(文脉保护传承)",文旅IP打造;文化消费场景,"[[""urban_operation"", ""文化"", ""主""], [""urban_operation"", ""事件"", ""次""]]",0.778,0,111.281055,30.699655
ermawu_T2_00577,ermawu,sim_ermawu_l3l4,五一日均1.5万人，百年老街出圈了,文旅活力,urban_operation,事件,0.797,Very Positive,pos,0.58,0.753,0.758,喜,历史街区,2025-07-27,2025-07 暑假·年轻人涌入打卡,0.565,aspect,文旅活力,ermawu,ermawu,1,1,文旅活力,pos,"[""文旅活力""]",文旅活力,"城市更新""十五五""规划(文脉保护;文旅)",文旅品牌;节假日活动组织,"[[""urban_operation"", ""事件"", ""主""], [""urban_operation"", ""文化"", ""次""]]",0.787,1,111.278334,30.693419
ermawu_T2_00578,ermawu,sim_ermawu_l3l4,既有文化味更有烟火气，难得,烟火气保留,urban_renewal,文化,0.873,Very Positive,pos,0.703,0.908,0.714,喜,历史街区,2025-07-23,2025-07 暑假·年轻人涌入打卡,0.569,aspect,烟火气保留,ermawu,ermawu,1,1,烟火气保留,pos,"[""烟火气保留""]",烟火气保留,防止大拆大建通知(留改拆·留底线),历史街区保护更新;社区营造,"[[""urban_renewal"", ""文化"", ""主""], [""urban_renewal"", ""环境"", ""次""]]",0.787,0,111.281379,30.70042
ermawu_T2_00579,ermawu,sim_ermawu_l3l4,人多秩序乱，占道,垃圾秩序,urban_governance,环境,0.364,Negative,neg,0.647,0.883,0.855,哀,历史街区,2025-07-24,2025-07 暑假·年轻人涌入打卡,0.639,aspect,垃圾秩序,ermawu,ermawu,1,1,垃圾秩序,neg,"[""垃圾秩序""]",垃圾秩序,城市更新行动意见(市容治理),市容环境治理;垃圾分类,"[[""urban_governance"", ""环境"", ""主""], [""urban_governance"", ""服务"", ""次""]]",0.709,0,111.276064,30.699785
ermawu_T2_00580,ermawu,sim_ermawu_l3l4,小众免费出片，本地人私藏,网红打卡,urban_operation,文化,0.682,Very Positive,pos,0.374,0.796,0.781,乐,历史街区,2025-07-08,2025-07 暑假·年轻人涌入打卡,0.717,aspect,网红打卡,ermawu,ermawu,1,1,网红打卡,pos,"[""网红打卡""]",网红打卡,"城市更新""十五五""规划(文脉保护传承)",文旅IP打造;文化消费场景,"[[""urban_operation"", ""文化"", ""主""], [""urban_operation"", ""事件"", ""次""]]",0.783,0,111.279244,30.696658
ermawu_T2_00581,ermawu,sim_ermawu_l3l4,二马路修旧如旧，百年老街焕发新生,修旧如旧,urban_renewal,文化,0.76,Very Positive,pos,0.51,0.798,0.905,喜,历史街区,2025-07-21,2025-07 暑假·年轻人涌入打卡,0.586,aspect,修旧如旧,ermawu,ermawu,1,1,修旧如旧,pos,"[""修旧如旧""]",修旧如旧,防止大拆大建通知;关于持续推进城市更新行动的意见,历史街区/历史文化街区保护更新,"[[""urban_renewal"", ""文化"", ""主""], [""urban_operation"", ""文化"", ""次""]]",0.747,0,111.276561,30.698988
ermawu_T2_00582,ermawu,sim_ermawu_l3l4,周边夜市烟火升腾，烧烤烤鱼小吃全有,夜经济,urban_operation,事件,0.892,Positive,pos,0.306,0.841,0.833,乐,历史街区,2025-07-05,2025-07 暑假·年轻人涌入打卡,0.588,aspect,夜经济,ermawu,ermawu,1,1,夜经济,pos,"[""夜经济""]",夜经济,"城市更新""十五五""规划(生活圈扩围;夜经济)",一刻钟便民生活圈建设;夜经济品牌培育,"[[""urban_operation"", ""事件"", ""主""], [""urban_governance"", ""事件"", ""次""]]",0.815,1,111.276124,30.696247
ermawu_T2_00583,ermawu,sim_ermawu_l3l4,二马路修旧如旧，百年老街焕发新生,修旧如旧,urban_renewal,文化,0.873,Positive,pos,0.62,0.807,0.865,乐,历史街区,2025-07-11,2025-07 暑假·年轻人涌入打卡,0.883,aspect,修旧如旧,ermawu,ermawu,1,1,修旧如旧,pos,"[""修旧如旧""]",修旧如旧,防止大拆大建通知;关于持续推进城市更新行动的意见,历史街区/历史文化街区保护更新,"[[""urban_renewal"", ""文化"", ""主""], [""urban_operation"", ""文化"", ""次""]]",0.852,0,111.274602,30.698506
ermawu_T2_00584,ermawu,sim_ermawu_l3l4,夜经济让老街活了,夜经济,urban_operation,事件,0.71,Very Positive,pos,0.45,0.727,0.889,乐,历史街区,2025-07-13,2025-07 暑假·年轻人涌入打卡,0.414,aspect,夜经济,ermawu,ermawu,1,1,夜经济,pos,"[""夜经济""]",夜经济,"城市更新""十五五""规划(生活圈扩围;夜经济)",一刻钟便民生活圈建设;夜经济品牌培育,"[[""urban_operation"", ""事件"", ""主""], [""urban_governance"", ""事件"", ""次""]]",0.826,1,111.282597,30.691883
ermawu_T2_00585,ermawu,sim_ermawu_l3l4,老味道还在，没变味,烟火气保留,urban_renewal,文化,0.767,Very Positive,pos,0.384,0.856,0.716,喜,历史街区,2025-07-15,2025-07 暑假·年轻人涌入打卡,0.891,aspect,烟火气保留,ermawu,ermawu,1,1,烟火气保留,pos,"[""烟火气保留""]",烟火气保留,防止大拆大建通知(留改拆·留底线),历史街区保护更新;社区营造,"[[""urban_renewal"", ""文化"", ""主""], [""urban_renewal"", ""环境"", ""次""]]",0.721,0,111.280494,30.693267
ermawu_T2_00586,ermawu,sim_ermawu_l3l4,保留原貌真有味道，修新如旧做得好,修旧如旧,urban_renewal,文化,0.807,Positive,pos,0.35,0.863,0.904,乐,历史街区,2025-07-29,2025-07 暑假·年轻人涌入打卡,0.79,aspect,修旧如旧,ermawu,ermawu,1,1,修旧如旧,pos,"[""修旧如旧""]",修旧如旧,防止大拆大建通知;关于持续推进城市更新行动的意见,历史街区/历史文化街区保护更新,"[[""urban_renewal"", ""文化"", ""主""], [""urban_operation"", ""文化"", ""次""]]",0.905,0,111.279314,30.694823
ermawu_T2_00587,ermawu,sim_ermawu_l3l4,老味道流失，可惜,烟火气保留,urban_renewal,文化,0.305,Negative,neg,0.818,0.843,0.798,哀,历史街区,2025-07-07,2025-07 暑假·年轻人涌入打卡,0.474,aspect,烟火气保留,ermawu,ermawu,1,1,烟火气保留,neg,"[""烟火气保留""]",烟火气保留,防止大拆大建通知(留改拆·留底线),历史街区保护更新;社区营造,"[[""urban_renewal"", ""文化"", ""主""], [""urban_renewal"", ""环境"", ""次""]]",0.769,0,111.282268,30.695719
ermawu_T2_00588,ermawu,sim_ermawu_l3l4,保留原貌真有味道，修新如旧做得好,修旧如旧,urban_renewal,文化,0.904,Positive,pos,0.568,0.946,0.721,乐,历史街区,2025-07-19,2025-07 暑假·年轻人涌入打卡,0.688,aspect,修旧如旧,ermawu,ermawu,1,1,修旧如旧,pos,"[""修旧如旧""]",修旧如旧,防止大拆大建通知;关于持续推进城市更新行动的意见,历史街区/历史文化街区保护更新,"[[""urban_renewal"", ""文化"", ""主""], [""urban_operation"", ""文化"", ""次""]]",0.795,0,111.278277,30.700493
ermawu_T2_00589,ermawu,sim_ermawu_l3l4,人多秩序乱，占道,垃圾秩序,urban_governance,环境,0.071,Very Negative,neg,0.899,0.931,0.814,哀,历史街区,2025-07-02,2025-07 暑假·年轻人涌入打卡,0.627,aspect,垃圾秩序,ermawu,ermawu,1,1,垃圾秩序,neg,"[""垃圾秩序""]",垃圾秩序,城市更新行动意见(市容治理),市容环境治理;垃圾分类,"[[""urban_governance"", ""环境"", ""主""], [""urban_governance"", ""服务"", ""次""]]",0.758,0,111.281806,30.696324
ermawu_T2_00590,ermawu,sim_ermawu_l3l4,夜经济周边停车更难,夜经济,urban_operation,事件,0.205,Negative,neg,0.65,0.839,0.846,哀,历史街区,2025-07-06,2025-07 暑假·年轻人涌入打卡,0.688,aspect,夜经济,ermawu,ermawu,1,1,夜经济,neg,"[""夜经济""]",夜经济,"城市更新""十五五""规划(生活圈扩围;夜经济)",一刻钟便民生活圈建设;夜经济品牌培育,"[[""urban_operation"", ""事件"", ""主""], [""urban_governance"", ""事件"", ""次""]]",0.927,1,111.285457,30.694097
ermawu_T2_00591,ermawu,sim_ermawu_l3l4,期待焕新效果,文旅活力,urban_operation,事件,0.552,Neutral,neu,0.675,0.77,0.759,急,历史街区,2025-07-12,2025-07 暑假·年轻人涌入打卡,0.795,aspect,文旅活力,ermawu,ermawu,1,1,文旅活力,neu,"[""文旅活力""]",文旅活力,"城市更新""十五五""规划(文脉保护;文旅)",文旅品牌;节假日活动组织,"[[""urban_operation"", ""事件"", ""主""], [""urban_operation"", ""文化"", ""次""]]",0.695,1,111.275452,30.696752
ermawu_T2_00592,ermawu,sim_ermawu_l3l4,开街后保洁跟上了,垃圾秩序,urban_governance,环境,0.42,Neutral,neu,0.375,0.738,0.841,急,历史街区,2025-07-15,2025-07 暑假·年轻人涌入打卡,0.494,aspect,垃圾秩序,ermawu,ermawu,1,1,垃圾秩序,neu,"[""垃圾秩序""]",垃圾秩序,城市更新行动意见(市容治理),市容环境治理;垃圾分类,"[[""urban_governance"", ""环境"", ""主""], [""urban_governance"", ""服务"", ""次""]]",0.905,0,111.283543,30.694807
ermawu_T2_00593,ermawu,sim_ermawu_l3l4,保留原貌真有味道，修新如旧做得好,修旧如旧,urban_renewal,文化,0.915,Very Positive,pos,0.314,0.905,0.867,乐,历史街区,2025-07-02,2025-07 暑假·年轻人涌入打卡,0.45,aspect,修旧如旧,ermawu,ermawu,1,1,修旧如旧,pos,"[""修旧如旧""]",修旧如旧,防止大拆大建通知;关于持续推进城市更新行动的意见,历史街区/历史文化街区保护更新,"[[""urban_renewal"", ""文化"", ""主""], [""urban_operation"", ""文化"", ""次""]]",0.805,0,111.278727,30.697923
ermawu_T2_00594,ermawu,sim_ermawu_l3l4,烟火气没了，商业化太重,烟火气保留,urban_renewal,文化,0.287,Very Negative,neg,0.629,0.735,0.74,愁,历史街区,2025-07-25,2025-07 暑假·年轻人涌入打卡,0.76,aspect,烟火气保留,ermawu,ermawu,1,1,烟火气保留,neg,"[""烟火气保留""]",烟火气保留,防止大拆大建通知(留改拆·留底线),历史街区保护更新;社区营造,"[[""urban_renewal"", ""文化"", ""主""], [""urban_renewal"", ""环境"", ""次""]]",0.791,0,111.279253,30.694402
ermawu_T2_00595,ermawu,sim_ermawu_l3l4,五一日均1.5万人，百年老街出圈了,文旅活力,urban_operation,事件,0.628,Positive,pos,0.381,0.752,0.71,乐,历史街区,2025-07-30,2025-07 暑假·年轻人涌入打卡,0.599,aspect,文旅活力,ermawu,ermawu,1,1,文旅活力,pos,"[""文旅活力""]",文旅活力,"城市更新""十五五""规划(文脉保护;文旅)",文旅品牌;节假日活动组织,"[[""urban_operation"", ""事件"", ""主""], [""urban_operation"", ""文化"", ""次""]]",0.819,1,111.278155,30.699514
ermawu_T2_00596,ermawu,sim_ermawu_l3l4,连锁店太多，没特色,业态丰富度,urban_operation,服务,0.378,Negative,neg,0.642,0.736,0.826,怒,历史街区,2025-07-09,2025-07 暑假·年轻人涌入打卡,0.776,aspect,业态丰富度,ermawu,ermawu,1,1,业态丰富度,neg,"[""业态丰富度""]",业态丰富度,关于持续推进城市更新行动的意见(业态引导),业态多元化引导;业态调整,"[[""urban_operation"", ""服务"", ""主""], [""urban_renewal"", ""服务"", ""次""]]",0.771,0,111.280705,30.695472
ermawu_T2_00597,ermawu,sim_ermawu_l3l4,周边夜市烟火升腾，烧烤烤鱼小吃全有,夜经济,urban_operation,事件,0.727,Positive,pos,0.368,0.842,0.705,乐,历史街区,2025-07-17,2025-07 暑假·年轻人涌入打卡,0.872,aspect,夜经济,ermawu,ermawu,1,1,夜经济,pos,"[""夜经济""]",夜经济,"城市更新""十五五""规划(生活圈扩围;夜经济)",一刻钟便民生活圈建设;夜经济品牌培育,"[[""urban_operation"", ""事件"", ""主""], [""urban_governance"", ""事件"", ""次""]]",0.768,1,111.272052,30.69817
ermawu_T2_00598,ermawu,sim_ermawu_l3l4,打卡墙前要排队,网红打卡,urban_operation,文化,0.563,Neutral,neu,0.612,0.758,0.827,盼,历史街区,2025-07-27,2025-07 暑假·年轻人涌入打卡,0.644,aspect,网红打卡,ermawu,ermawu,1,1,网红打卡,neu,"[""网红打卡""]",网红打卡,"城市更新""十五五""规划(文脉保护传承)",文旅IP打造;文化消费场景,"[[""urban_operation"", ""文化"", ""主""], [""urban_operation"", ""事件"", ""次""]]",0.694,0,111.279313,30.693265
ermawu_T2_00599,ermawu,sim_ermawu_l3l4,二马路修旧如旧，百年老街焕发新生,修旧如旧,urban_renewal,文化,0.783,Very Positive,pos,0.411,0.812,0.712,喜,历史街区,2025-07-26,2025-07 暑假·年轻人涌入打卡,0.768,aspect,修旧如旧,ermawu,ermawu,1,1,修旧如旧,pos,"[""修旧如旧""]",修旧如旧,防止大拆大建通知;关于持续推进城市更新行动的意见,历史街区/历史文化街区保护更新,"[[""urban_renewal"", ""文化"", ""主""], [""urban_operation"", ""文化"", ""次""]]",0.923,0,111.281973,30.696099
ermawu_T2_00600,ermawu,sim_ermawu_l3l4,保留原貌真有味道，修新如旧做得好,修旧如旧,urban_renewal,文化,0.557,Neutral,neu,0.702,0.789,0.826,急,历史街区,2025-07-18,2025-07 暑假·年轻人涌入打卡,0.84,aspect,修旧如旧,ermawu,ermawu,1,1,修旧如旧,neu,"[""修旧如旧""]",修旧如旧,防止大拆大建通知;关于持续推进城市更新行动的意见,历史街区/历史文化街区保护更新,"[[""urban_renewal"", ""文化"", ""主""], [""urban_operation"", ""文化"", ""次""]]",0.836,0,111.28728,30.693499
ermawu_T2_00601,ermawu,sim_ermawu_l3l4,连锁店太多，没特色,业态丰富度,urban_operation,服务,0.143,Very Negative,neg,0.603,0.743,0.905,愁,历史街区,2025-07-09,2025-07 暑假·年轻人涌入打卡,0.64,aspect,业态丰富度,ermawu,ermawu,1,1,业态丰富度,neg,"[""业态丰富度""]",业态丰富度,关于持续推进城市更新行动的意见(业态引导),业态多元化引导;业态调整,"[[""urban_operation"", ""服务"", ""主""], [""urban_renewal"", ""服务"", ""次""]]",0.78,0,111.281111,30.696063
ermawu_T2_00602,ermawu,sim_ermawu_l3l4,下沉广场水景配老街，拍照绝佳,网红打卡,urban_operation,文化,0.842,Very Positive,pos,0.394,0.763,0.797,喜,历史街区,2025-07-22,2025-07 暑假·年轻人涌入打卡,0.884,aspect,网红打卡,ermawu,ermawu,1,1,网红打卡,pos,"[""网红打卡""]",网红打卡,"城市更新""十五五""规划(文脉保护传承)",文旅IP打造;文化消费场景,"[[""urban_operation"", ""文化"", ""主""], [""urban_operation"", ""事件"", ""次""]]",0.85,0,111.283714,30.69558
ermawu_T2_00603,ermawu,sim_ermawu_l3l4,老建筑修得讲究，最小干预看出功夫,修旧如旧,urban_renewal,文化,0.596,Neutral,neu,0.77,0.875,0.909,急,历史街区,2025-07-28,2025-07 暑假·年轻人涌入打卡,0.711,aspect,修旧如旧,ermawu,ermawu,1,1,修旧如旧,neu,"[""修旧如旧""]",修旧如旧,防止大拆大建通知;关于持续推进城市更新行动的意见,历史街区/历史文化街区保护更新,"[[""urban_renewal"", ""文化"", ""主""], [""urban_operation"", ""文化"", ""次""]]",0.685,0,111.277548,30.699065
ermawu_T2_00604,ermawu,sim_ermawu_l3l4,"""宜昌""打卡墙出片，复古花墙绝了",网红打卡,urban_operation,文化,0.733,Very Positive,pos,0.563,0.893,0.804,乐,历史街区,2025-07-26,2025-07 暑假·年轻人涌入打卡,0.78,aspect,网红打卡,ermawu,ermawu,1,1,网红打卡,pos,"[""网红打卡""]",网红打卡,"城市更新""十五五""规划(文脉保护传承)",文旅IP打造;文化消费场景,"[[""urban_operation"", ""文化"", ""主""], [""urban_operation"", ""事件"", ""次""]]",0.773,0,111.277133,30.696542
ermawu_T2_00605,ermawu,sim_ermawu_l3l4,文创老店+特色美食，业态丰富,业态丰富度,urban_operation,服务,0.722,Very Positive,pos,0.592,0.816,0.808,喜,历史街区,2025-07-09,2025-07 暑假·年轻人涌入打卡,0.697,aspect,业态丰富度,ermawu,ermawu,1,1,业态丰富度,pos,"[""业态丰富度""]",业态丰富度,关于持续推进城市更新行动的意见(业态引导),业态多元化引导;业态调整,"[[""urban_operation"", ""服务"", ""主""], [""urban_renewal"", ""服务"", ""次""]]",0.834,0,111.285177,30.697382
ermawu_T2_00606,ermawu,sim_ermawu_l3l4,夜经济周边停车更难,夜经济,urban_operation,事件,0.126,Negative,neg,0.886,0.873,0.88,怒,历史街区,2025-07-28,2025-07 暑假·年轻人涌入打卡,0.546,aspect,夜经济,ermawu,ermawu,1,1,夜经济,neg,"[""夜经济""]",夜经济,"城市更新""十五五""规划(生活圈扩围;夜经济)",一刻钟便民生活圈建设;夜经济品牌培育,"[[""urban_operation"", ""事件"", ""主""], [""urban_governance"", ""事件"", ""次""]]",0.834,1,111.277998,30.698844
ermawu_T2_00607,ermawu,sim_ermawu_l3l4,不变拆真改，原汁原味加分,修旧如旧,urban_renewal,文化,0.853,Very Positive,pos,0.798,0.892,0.847,乐,历史街区,2025-07-24,2025-07 暑假·年轻人涌入打卡,0.407,aspect,修旧如旧,ermawu,ermawu,1,1,修旧如旧,pos,"[""修旧如旧""]",修旧如旧,防止大拆大建通知;关于持续推进城市更新行动的意见,历史街区/历史文化街区保护更新,"[[""urban_renewal"", ""文化"", ""主""], [""urban_operation"", ""文化"", ""次""]]",0.871,0,111.280261,30.693848
ermawu_T2_00608,ermawu,sim_ermawu_l3l4,下沉广场水景配老街，拍照绝佳,网红打卡,urban_operation,文化,0.888,Positive,pos,0.644,0.787,0.728,喜,历史街区,2025-07-02,2025-07 暑假·年轻人涌入打卡,0.583,aspect,网红打卡,ermawu,ermawu,1,1,网红打卡,pos,"[""网红打卡""]",网红打卡,"城市更新""十五五""规划(文脉保护传承)",文旅IP打造;文化消费场景,"[[""urban_operation"", ""文化"", ""主""], [""urban_operation"", ""事件"", ""次""]]",0.825,0,111.28583,30.696776
ermawu_T2_00609,ermawu,sim_ermawu_l3l4,周边夜市烟火升腾，烧烤烤鱼小吃全有,夜经济,urban_operation,事件,0.751,Positive,pos,0.63,0.737,0.727,乐,历史街区,2025-07-30,2025-07 暑假·年轻人涌入打卡,0.798,aspect,夜经济,ermawu,ermawu,1,1,夜经济,pos,"[""夜经济""]",夜经济,"城市更新""十五五""规划(生活圈扩围;夜经济)",一刻钟便民生活圈建设;夜经济品牌培育,"[[""urban_operation"", ""事件"", ""主""], [""urban_governance"", ""事件"", ""次""]]",0.761,1,111.287438,30.692702
ermawu_T2_00610,ermawu,sim_ermawu_l3l4,业态有调性，不低端,业态丰富度,urban_operation,服务,0.631,Positive,pos,0.42,0.831,0.727,乐,历史街区,2025-07-04,2025-07 暑假·年轻人涌入打卡,0.721,aspect,业态丰富度,ermawu,ermawu,1,1,业态丰富度,pos,"[""业态丰富度""]",业态丰富度,关于持续推进城市更新行动的意见(业态引导),业态多元化引导;业态调整,"[[""urban_operation"", ""服务"", ""主""], [""urban_renewal"", ""服务"", ""次""]]",0.745,0,111.284336,30.690676
ermawu_T2_00611,ermawu,sim_ermawu_l3l4,五一日均1.5万人，百年老街出圈了,文旅活力,urban_operation,事件,0.732,Positive,pos,0.506,0.808,0.908,喜,历史街区,2025-07-24,2025-07 暑假·年轻人涌入打卡,0.646,aspect,文旅活力,ermawu,ermawu,1,1,文旅活力,pos,"[""文旅活力""]",文旅活力,"城市更新""十五五""规划(文脉保护;文旅)",文旅品牌;节假日活动组织,"[[""urban_operation"", ""事件"", ""主""], [""urban_operation"", ""文化"", ""次""]]",0.869,1,111.278851,30.692868
ermawu_T2_00612,ermawu,sim_ermawu_l3l4,不变拆真改，原汁原味加分,修旧如旧,urban_renewal,文化,0.574,Neutral,neu,0.32,0.858,0.726,急,历史街区,2025-07-11,2025-07 暑假·年轻人涌入打卡,0.403,aspect,修旧如旧,ermawu,ermawu,1,1,修旧如旧,neu,"[""修旧如旧""]",修旧如旧,防止大拆大建通知;关于持续推进城市更新行动的意见,历史街区/历史文化街区保护更新,"[[""urban_renewal"", ""文化"", ""主""], [""urban_operation"", ""文化"", ""次""]]",0.716,0,111.283039,30.694309
ermawu_T2_00613,ermawu,sim_ermawu_l3l4,业态还在调整中,业态丰富度,urban_operation,服务,0.556,Neutral,neu,0.342,0.758,0.85,急,历史街区,2025-07-28,2025-07 暑假·年轻人涌入打卡,0.652,aspect,业态丰富度,ermawu,ermawu,1,1,业态丰富度,neu,"[""业态丰富度""]",业态丰富度,关于持续推进城市更新行动的意见(业态引导),业态多元化引导;业态调整,"[[""urban_operation"", ""服务"", ""主""], [""urban_renewal"", ""服务"", ""次""]]",0.895,0,111.284689,30.693475
ermawu_T2_00614,ermawu,sim_ermawu_l3l4,夜幕降临热闹起来，有活力,夜经济,urban_operation,事件,0.826,Positive,pos,0.483,0.912,0.802,乐,历史街区,2025-07-21,2025-07 暑假·年轻人涌入打卡,0.471,aspect,夜经济,ermawu,ermawu,1,1,夜经济,pos,"[""夜经济""]",夜经济,"城市更新""十五五""规划(生活圈扩围;夜经济)",一刻钟便民生活圈建设;夜经济品牌培育,"[[""urban_operation"", ""事件"", ""主""], [""urban_governance"", ""事件"", ""次""]]",0.761,1,111.284473,30.693054
ermawu_T2_00615,ermawu,sim_ermawu_l3l4,二马路成了网红打卡地，年轻人多,网红打卡,urban_operation,文化,0.824,Positive,pos,0.402,0.947,0.723,乐,历史街区,2025-07-19,2025-07 暑假·年轻人涌入打卡,0.489,aspect,网红打卡,ermawu,ermawu,1,1,网红打卡,pos,"[""网红打卡""]",网红打卡,"城市更新""十五五""规划(文脉保护传承)",文旅IP打造;文化消费场景,"[[""urban_operation"", ""文化"", ""主""], [""urban_operation"", ""事件"", ""次""]]",0.877,0,111.275193,30.698418
ermawu_T2_00616,ermawu,sim_ermawu_l3l4,老建筑修得讲究，最小干预看出功夫,修旧如旧,urban_renewal,文化,0.807,Very Positive,pos,0.443,0.842,0.857,喜,历史街区,2025-07-08,2025-07 暑假·年轻人涌入打卡,0.892,aspect,修旧如旧,ermawu,ermawu,1,1,修旧如旧,pos,"[""修旧如旧""]",修旧如旧,防止大拆大建通知;关于持续推进城市更新行动的意见,历史街区/历史文化街区保护更新,"[[""urban_renewal"", ""文化"", ""主""], [""urban_operation"", ""文化"", ""次""]]",0.92,0,111.285795,30.696624
ermawu_T2_00617,ermawu,sim_ermawu_l3l4,开街后保洁跟上了,垃圾秩序,urban_governance,环境,0.43,Neutral,neu,0.564,0.899,0.747,盼,历史街区,2025-07-02,2025-07 暑假·年轻人涌入打卡,0.53,aspect,垃圾秩序,ermawu,ermawu,1,1,垃圾秩序,neu,"[""垃圾秩序""]",垃圾秩序,城市更新行动意见(市容治理),市容环境治理;垃圾分类,"[[""urban_governance"", ""环境"", ""主""], [""urban_governance"", ""服务"", ""次""]]",0.781,0,111.280064,30.697008
ermawu_T2_00618,ermawu,sim_ermawu_l3l4,原住民迁走，没了生活气,烟火气保留,urban_renewal,文化,0.31,Very Negative,neg,0.894,0.9,0.809,怒,历史街区,2025-07-18,2025-07 暑假·年轻人涌入打卡,0.681,aspect,烟火气保留,ermawu,ermawu,1,1,烟火气保留,neg,"[""烟火气保留""]",烟火气保留,防止大拆大建通知(留改拆·留底线),历史街区保护更新;社区营造,"[[""urban_renewal"", ""文化"", ""主""], [""urban_renewal"", ""环境"", ""次""]]",0.69,0,111.28428,30.694789
ermawu_T2_00619,ermawu,sim_ermawu_l3l4,不变拆真改，原汁原味加分,修旧如旧,urban_renewal,文化,0.631,Positive,pos,0.571,0.878,0.72,喜,历史街区,2025-07-09,2025-07 暑假·年轻人涌入打卡,0.418,aspect,修旧如旧,ermawu,ermawu,1,1,修旧如旧,pos,"[""修旧如旧""]",修旧如旧,防止大拆大建通知;关于持续推进城市更新行动的意见,历史街区/历史文化街区保护更新,"[[""urban_renewal"", ""文化"", ""主""], [""urban_operation"", ""文化"", ""次""]]",0.686,0,111.277153,30.695075
ermawu_T2_00620,ermawu,sim_ermawu_l3l4,开街后保洁跟上了,垃圾秩序,urban_governance,环境,0.867,Very Positive,pos,0.685,0.802,0.908,乐,历史街区,2025-07-10,2025-07 暑假·年轻人涌入打卡,0.458,aspect,垃圾秩序,ermawu,ermawu,1,1,垃圾秩序,pos,"[""垃圾秩序""]",垃圾秩序,城市更新行动意见(市容治理),市容环境治理;垃圾分类,"[[""urban_governance"", ""环境"", ""主""], [""urban_governance"", ""服务"", ""次""]]",0.86,0,111.279902,30.695117
ermawu_T2_00621,ermawu,sim_ermawu_l3l4,施工快收尾了，忍忍,施工扰民,urban_governance,环境,0.538,Neutral,neu,0.379,0.897,0.729,盼,历史街区,2025-07-31,2025-07 暑假·年轻人涌入打卡,0.65,aspect,施工扰民,ermawu,ermawu,1,1,施工扰民,neu,"[""施工扰民""]",施工扰民,城市体检评估管理办法(施工期扰民),老旧小区改造;施工组织优化,"[[""urban_governance"", ""环境"", ""主""], [""urban_renewal"", ""设施"", ""次""]]",0.686,0,111.28448,30.697516
ermawu_T2_00622,ermawu,sim_ermawu_l3l4,原住民迁走，没了生活气,烟火气保留,urban_renewal,文化,0.074,Very Negative,neg,0.745,0.868,0.912,愁,历史街区,2025-07-12,2025-07 暑假·年轻人涌入打卡,0.78,aspect,烟火气保留,ermawu,ermawu,1,1,烟火气保留,neg,"[""烟火气保留""]",烟火气保留,防止大拆大建通知(留改拆·留底线),历史街区保护更新;社区营造,"[[""urban_renewal"", ""文化"", ""主""], [""urban_renewal"", ""环境"", ""次""]]",0.83,0,111.275473,30.697083
ermawu_T2_00623,ermawu,sim_ermawu_l3l4,"""宜昌""打卡墙出片，复古花墙绝了",网红打卡,urban_operation,文化,0.742,Very Positive,pos,0.384,0.789,0.712,乐,历史街区,2025-07-05,2025-07 暑假·年轻人涌入打卡,0.627,aspect,网红打卡,ermawu,ermawu,1,1,网红打卡,pos,"[""网红打卡""]",网红打卡,"城市更新""十五五""规划(文脉保护传承)",文旅IP打造;文化消费场景,"[[""urban_operation"", ""文化"", ""主""], [""urban_operation"", ""事件"", ""次""]]",0.685,0,111.283239,30.689865
ermawu_T2_00624,ermawu,sim_ermawu_l3l4,保留原貌真有味道，修新如旧做得好,修旧如旧,urban_renewal,文化,0.874,Very Positive,pos,0.608,0.87,0.781,乐,历史街区,2025-07-19,2025-07 暑假·年轻人涌入打卡,0.437,aspect,修旧如旧,ermawu,ermawu,1,1,修旧如旧,pos,"[""修旧如旧""]",修旧如旧,防止大拆大建通知;关于持续推进城市更新行动的意见,历史街区/历史文化街区保护更新,"[[""urban_renewal"", ""文化"", ""主""], [""urban_operation"", ""文化"", ""次""]]",0.929,0,111.282072,30.696453
ermawu_T2_00625,ermawu,sim_ermawu_l3l4,连锁店太多，没特色,业态丰富度,urban_operation,服务,0.255,Very Negative,neg,0.872,0.927,0.75,怒,历史街区,2025-07-16,2025-07 暑假·年轻人涌入打卡,0.875,aspect,业态丰富度,ermawu,ermawu,1,1,业态丰富度,neg,"[""业态丰富度""]",业态丰富度,关于持续推进城市更新行动的意见(业态引导),业态多元化引导;业态调整,"[[""urban_operation"", ""服务"", ""主""], [""urban_renewal"", ""服务"", ""次""]]",0.787,0,111.275308,30.698764
ermawu_T2_00626,ermawu,sim_ermawu_l3l4,周边夜市烟火升腾，烧烤烤鱼小吃全有,夜经济,urban_operation,事件,0.901,Very Positive,pos,0.669,0.858,0.91,乐,历史街区,2025-07-15,2025-07 暑假·年轻人涌入打卡,0.428,aspect,夜经济,ermawu,ermawu,1,1,夜经济,pos,"[""夜经济""]",夜经济,"城市更新""十五五""规划(生活圈扩围;夜经济)",一刻钟便民生活圈建设;夜经济品牌培育,"[[""urban_operation"", ""事件"", ""主""], [""urban_governance"", ""事件"", ""次""]]",0.924,1,111.283862,30.697979
ermawu_T2_00627,ermawu,sim_ermawu_l3l4,烟火气这东西见仁见智,烟火气保留,urban_renewal,文化,0.406,Neutral,neu,0.777,0.889,0.867,盼,历史街区,2025-07-12,2025-07 暑假·年轻人涌入打卡,0.599,aspect,烟火气保留,ermawu,ermawu,1,1,烟火气保留,neu,"[""烟火气保留""]",烟火气保留,防止大拆大建通知(留改拆·留底线),历史街区保护更新;社区营造,"[[""urban_renewal"", ""文化"", ""主""], [""urban_renewal"", ""环境"", ""次""]]",0.903,0,111.286485,30.696404
ermawu_T2_00628,ermawu,sim_ermawu_l3l4,下沉广场水景配老街，拍照绝佳,网红打卡,urban_operation,文化,0.804,Positive,pos,0.552,0.822,0.734,喜,历史街区,2025-07-24,2025-07 暑假·年轻人涌入打卡,0.628,aspect,网红打卡,ermawu,ermawu,1,1,网红打卡,pos,"[""网红打卡""]",网红打卡,"城市更新""十五五""规划(文脉保护传承)",文旅IP打造;文化消费场景,"[[""urban_operation"", ""文化"", ""主""], [""urban_operation"", ""事件"", ""次""]]",0.717,0,111.279534,30.698661
ermawu_T2_00629,ermawu,sim_ermawu_l3l4,业态单一，逛一次就够,业态丰富度,urban_operation,服务,0.143,Negative,neg,0.692,0.895,0.815,哀,历史街区,2025-07-20,2025-07 暑假·年轻人涌入打卡,0.689,aspect,业态丰富度,ermawu,ermawu,1,1,业态丰富度,neg,"[""业态丰富度""]",业态丰富度,关于持续推进城市更新行动的意见(业态引导),业态多元化引导;业态调整,"[[""urban_operation"", ""服务"", ""主""], [""urban_renewal"", ""服务"", ""次""]]",0.716,0,111.288099,30.692903
ermawu_T2_00630,ermawu,sim_ermawu_l3l4,业态都同质化了，走哪都一样,业态丰富度,urban_operation,服务,0.273,Very Negative,neg,0.915,0.94,0.708,愁,历史街区,2025-07-16,2025-07 暑假·年轻人涌入打卡,0.661,aspect,业态丰富度,ermawu,ermawu,1,1,业态丰富度,neg,"[""业态丰富度""]",业态丰富度,关于持续推进城市更新行动的意见(业态引导),业态多元化引导;业态调整,"[[""urban_operation"", ""服务"", ""主""], [""urban_renewal"", ""服务"", ""次""]]",0.771,0,111.274148,30.700296
ermawu_T2_00631,ermawu,sim_ermawu_l3l4,五一日均1.5万人，百年老街出圈了,文旅活力,urban_operation,事件,0.655,Very Positive,pos,0.566,0.908,0.773,喜,历史街区,2025-07-06,2025-07 暑假·年轻人涌入打卡,0.631,aspect,文旅活力,ermawu,ermawu,1,1,文旅活力,pos,"[""文旅活力""]",文旅活力,"城市更新""十五五""规划(文脉保护;文旅)",文旅品牌;节假日活动组织,"[[""urban_operation"", ""事件"", ""主""], [""urban_operation"", ""文化"", ""次""]]",0.807,1,111.279584,30.699231
ermawu_T2_00632,ermawu,sim_ermawu_l3l4,期待焕新效果,文旅活力,urban_operation,事件,0.597,Neutral,neu,0.301,0.725,0.788,急,历史街区,2025-07-26,2025-07 暑假·年轻人涌入打卡,0.69,aspect,文旅活力,ermawu,ermawu,1,1,文旅活力,neu,"[""文旅活力""]",文旅活力,"城市更新""十五五""规划(文脉保护;文旅)",文旅品牌;节假日活动组织,"[[""urban_operation"", ""事件"", ""主""], [""urban_operation"", ""文化"", ""次""]]",0.81,1,111.274348,30.698373
ermawu_T2_00633,ermawu,sim_ermawu_l3l4,原住民迁走，没了生活气,烟火气保留,urban_renewal,文化,0.301,Very Negative,neg,0.601,0.905,0.709,怒,历史街区,2025-07-17,2025-07 暑假·年轻人涌入打卡,0.537,aspect,烟火气保留,ermawu,ermawu,1,1,烟火气保留,neg,"[""烟火气保留""]",烟火气保留,防止大拆大建通知(留改拆·留底线),历史街区保护更新;社区营造,"[[""urban_renewal"", ""文化"", ""主""], [""urban_renewal"", ""环境"", ""次""]]",0.937,0,111.282771,30.695015
ermawu_T2_00634,ermawu,sim_ermawu_l3l4,停车太难，绕三圈找不到,停车难,urban_governance,设施,0.383,Negative,neg,0.925,0.862,0.852,愁,历史街区,2025-07-24,2025-07 暑假·年轻人涌入打卡,0.803,aspect,停车难,ermawu,ermawu,1,1,停车难,neg,"[""停车难""]",停车难,完整社区(配套设施补齐);一刻钟生活圈,停车设施补齐;配套完善,"[[""urban_governance"", ""设施"", ""主""], [""urban_planning"", ""设施"", ""次""]]",0.756,0,111.277378,30.699283
ermawu_T2_00635,ermawu,sim_ermawu_l3l4,不变拆真改，原汁原味加分,修旧如旧,urban_renewal,文化,0.755,Positive,pos,0.792,0.801,0.717,喜,历史街区,2025-07-16,2025-07 暑假·年轻人涌入打卡,0.428,aspect,修旧如旧,ermawu,ermawu,1,1,修旧如旧,pos,"[""修旧如旧""]",修旧如旧,防止大拆大建通知;关于持续推进城市更新行动的意见,历史街区/历史文化街区保护更新,"[[""urban_renewal"", ""文化"", ""主""], [""urban_operation"", ""文化"", ""次""]]",0.854,0,111.279783,30.697482
ermawu_T2_00636,ermawu,sim_ermawu_l3l4,下沉广场水景配老街，拍照绝佳,网红打卡,urban_operation,文化,0.756,Very Positive,pos,0.375,0.778,0.877,喜,历史街区,2025-07-06,2025-07 暑假·年轻人涌入打卡,0.442,aspect,网红打卡,ermawu,ermawu,1,1,网红打卡,pos,"[""网红打卡""]",网红打卡,"城市更新""十五五""规划(文脉保护传承)",文旅IP打造;文化消费场景,"[[""urban_operation"", ""文化"", ""主""], [""urban_operation"", ""事件"", ""次""]]",0.904,0,111.280535,30.694921
ermawu_T2_00637,ermawu,sim_ermawu_l3l4,开街后人气回来了，热闹得像过年,文旅活力,urban_operation,事件,0.769,Very Positive,pos,0.394,0.821,0.804,乐,历史街区,2025-07-22,2025-07 暑假·年轻人涌入打卡,0.706,aspect,文旅活力,ermawu,ermawu,1,1,文旅活力,pos,"[""文旅活力""]",文旅活力,"城市更新""十五五""规划(文脉保护;文旅)",文旅品牌;节假日活动组织,"[[""urban_operation"", ""事件"", ""主""], [""urban_operation"", ""文化"", ""次""]]",0.916,1,111.276451,30.693809
ermawu_T2_00638,ermawu,sim_ermawu_l3l4,夜经济周边停车更难,夜经济,urban_operation,事件,0.256,Very Negative,neg,0.618,0.931,0.725,怒,历史街区,2025-07-10,2025-07 暑假·年轻人涌入打卡,0.731,aspect,夜经济,ermawu,ermawu,1,1,夜经济,neg,"[""夜经济""]",夜经济,"城市更新""十五五""规划(生活圈扩围;夜经济)",一刻钟便民生活圈建设;夜经济品牌培育,"[[""urban_operation"", ""事件"", ""主""], [""urban_governance"", ""事件"", ""次""]]",0.812,1,111.279162,30.698248
ermawu_T2_00639,ermawu,sim_ermawu_l3l4,五一日均1.5万人，百年老街出圈了,文旅活力,urban_operation,事件,0.929,Positive,pos,0.317,0.728,0.908,乐,历史街区,2025-07-11,2025-07 暑假·年轻人涌入打卡,0.823,aspect,文旅活力,ermawu,ermawu,1,1,文旅活力,pos,"[""文旅活力""]",文旅活力,"城市更新""十五五""规划(文脉保护;文旅)",文旅品牌;节假日活动组织,"[[""urban_operation"", ""事件"", ""主""], [""urban_operation"", ""文化"", ""次""]]",0.744,1,111.28308,30.696988
ermawu_T2_00640,ermawu,sim_ermawu_l3l4,五一日均1.5万人，百年老街出圈了,文旅活力,urban_operation,事件,0.833,Positive,pos,0.378,0.773,0.865,乐,历史街区,2025-07-02,2025-07 暑假·年轻人涌入打卡,0.724,aspect,文旅活力,ermawu,ermawu,1,1,文旅活力,pos,"[""文旅活力""]",文旅活力,"城市更新""十五五""规划(文脉保护;文旅)",文旅品牌;节假日活动组织,"[[""urban_operation"", ""事件"", ""主""], [""urban_operation"", ""文化"", ""次""]]",0.876,1,111.277821,30.698136
ermawu_T2_00641,ermawu,sim_ermawu_l3l4,二马路修旧如旧，百年老街焕发新生,修旧如旧,urban_renewal,文化,0.437,Neutral,neu,0.536,0.935,0.905,急,历史街区,2025-07-30,2025-07 暑假·年轻人涌入打卡,0.788,aspect,修旧如旧,ermawu,ermawu,1,1,修旧如旧,neu,"[""修旧如旧""]",修旧如旧,防止大拆大建通知;关于持续推进城市更新行动的意见,历史街区/历史文化街区保护更新,"[[""urban_renewal"", ""文化"", ""主""], [""urban_operation"", ""文化"", ""次""]]",0.785,0,111.276393,30.700421
ermawu_T2_00642,ermawu,sim_ermawu_l3l4,既有文化味更有烟火气，难得,烟火气保留,urban_renewal,文化,0.722,Very Positive,pos,0.797,0.882,0.713,喜,历史街区,2025-07-04,2025-07 暑假·年轻人涌入打卡,0.765,aspect,烟火气保留,ermawu,ermawu,1,1,烟火气保留,pos,"[""烟火气保留""]",烟火气保留,防止大拆大建通知(留改拆·留底线),历史街区保护更新;社区营造,"[[""urban_renewal"", ""文化"", ""主""], [""urban_renewal"", ""环境"", ""次""]]",0.712,0,111.280702,30.694257
ermawu_T2_00643,ermawu,sim_ermawu_l3l4,连锁店太多，没特色,业态丰富度,urban_operation,服务,0.21,Very Negative,neg,0.517,0.87,0.82,哀,历史街区,2025-07-14,2025-07 暑假·年轻人涌入打卡,0.809,aspect,业态丰富度,ermawu,ermawu,1,1,业态丰富度,neg,"[""业态丰富度""]",业态丰富度,关于持续推进城市更新行动的意见(业态引导),业态多元化引导;业态调整,"[[""urban_operation"", ""服务"", ""主""], [""urban_renewal"", ""服务"", ""次""]]",0.901,0,111.277721,30.6967
ermawu_T2_00644,ermawu,sim_ermawu_l3l4,既有文化味更有烟火气，难得,烟火气保留,urban_renewal,文化,0.652,Very Positive,pos,0.724,0.854,0.87,喜,历史街区,2025-07-24,2025-07 暑假·年轻人涌入打卡,0.806,aspect,烟火气保留,ermawu,ermawu,1,1,烟火气保留,pos,"[""烟火气保留""]",烟火气保留,防止大拆大建通知(留改拆·留底线),历史街区保护更新;社区营造,"[[""urban_renewal"", ""文化"", ""主""], [""urban_renewal"", ""环境"", ""次""]]",0.771,0,111.27623,30.695988
ermawu_T2_00645,ermawu,sim_ermawu_l3l4,夜市噪音扰民，周边住户受不了,夜经济,urban_operation,事件,0.167,Negative,neg,0.575,0.861,0.804,哀,历史街区,2025-07-25,2025-07 暑假·年轻人涌入打卡,0.457,aspect,夜经济,ermawu,ermawu,1,1,夜经济,neg,"[""夜经济""]",夜经济,"城市更新""十五五""规划(生活圈扩围;夜经济)",一刻钟便民生活圈建设;夜经济品牌培育,"[[""urban_operation"", ""事件"", ""主""], [""urban_governance"", ""事件"", ""次""]]",0.723,1,111.283336,30.689673
ermawu_T2_00646,ermawu,sim_ermawu_l3l4,开街垃圾满地没人扫,垃圾秩序,urban_governance,环境,0.042,Negative,neg,0.524,0.885,0.912,哀,历史街区,2025-07-19,2025-07 暑假·年轻人涌入打卡,0.605,aspect,垃圾秩序,ermawu,ermawu,1,1,垃圾秩序,neg,"[""垃圾秩序""]",垃圾秩序,城市更新行动意见(市容治理),市容环境治理;垃圾分类,"[[""urban_governance"", ""环境"", ""主""], [""urban_governance"", ""服务"", ""次""]]",0.827,0,111.279947,30.696063
ermawu_T2_00647,ermawu,sim_ermawu_l3l4,原住民迁走，没了生活气,烟火气保留,urban_renewal,文化,0.137,Very Negative,neg,0.819,0.759,0.81,哀,历史街区,2025-07-17,2025-07 暑假·年轻人涌入打卡,0.525,aspect,烟火气保留,ermawu,ermawu,1,1,烟火气保留,neg,"[""烟火气保留""]",烟火气保留,防止大拆大建通知(留改拆·留底线),历史街区保护更新;社区营造,"[[""urban_renewal"", ""文化"", ""主""], [""urban_renewal"", ""环境"", ""次""]]",0.747,0,111.278501,30.69599
ermawu_T2_00648,ermawu,sim_ermawu_l3l4,既有文化味更有烟火气，难得,烟火气保留,urban_renewal,文化,0.915,Very Positive,pos,0.596,0.729,0.883,喜,历史街区,2025-07-11,2025-07 暑假·年轻人涌入打卡,0.777,aspect,烟火气保留,ermawu,ermawu,1,1,烟火气保留,pos,"[""烟火气保留""]",烟火气保留,防止大拆大建通知(留改拆·留底线),历史街区保护更新;社区营造,"[[""urban_renewal"", ""文化"", ""主""], [""urban_renewal"", ""环境"", ""次""]]",0.689,0,111.281502,30.692223
ermawu_T2_00649,ermawu,sim_ermawu_l3l4,节假日停车地狱,停车难,urban_governance,设施,0.34,Negative,neg,0.749,0.739,0.879,愁,历史街区,2025-07-29,2025-07 暑假·年轻人涌入打卡,0.71,aspect,停车难,ermawu,ermawu,1,1,停车难,neg,"[""停车难""]",停车难,完整社区(配套设施补齐);一刻钟生活圈,停车设施补齐;配套完善,"[[""urban_governance"", ""设施"", ""主""], [""urban_planning"", ""设施"", ""次""]]",0.757,0,111.288281,30.693391
ermawu_T2_00650,ermawu,sim_ermawu_l3l4,停车勉强能找,停车难,urban_governance,设施,0.472,Neutral,neu,0.568,0.895,0.852,急,历史街区,2025-07-02,2025-07 暑假·年轻人涌入打卡,0.746,aspect,停车难,ermawu,ermawu,1,1,停车难,neu,"[""停车难""]",停车难,完整社区(配套设施补齐);一刻钟生活圈,停车设施补齐;配套完善,"[[""urban_governance"", ""设施"", ""主""], [""urban_planning"", ""设施"", ""次""]]",0.808,0,111.277105,30.699919
ermawu_T2_00651,ermawu,sim_ermawu_l3l4,业态还在调整中,业态丰富度,urban_operation,服务,0.402,Neutral,neu,0.36,0.921,0.722,急,历史街区,2025-07-20,2025-07 暑假·年轻人涌入打卡,0.533,aspect,业态丰富度,ermawu,ermawu,1,1,业态丰富度,neu,"[""业态丰富度""]",业态丰富度,关于持续推进城市更新行动的意见(业态引导),业态多元化引导;业态调整,"[[""urban_operation"", ""服务"", ""主""], [""urban_renewal"", ""服务"", ""次""]]",0.839,0,111.279597,30.696976
ermawu_T2_00652,ermawu,sim_ermawu_l3l4,夜幕降临热闹起来，有活力,夜经济,urban_operation,事件,0.742,Positive,pos,0.522,0.89,0.911,乐,历史街区,2025-07-10,2025-07 暑假·年轻人涌入打卡,0.616,aspect,夜经济,ermawu,ermawu,1,1,夜经济,pos,"[""夜经济""]",夜经济,"城市更新""十五五""规划(生活圈扩围;夜经济)",一刻钟便民生活圈建设;夜经济品牌培育,"[[""urban_operation"", ""事件"", ""主""], [""urban_governance"", ""事件"", ""次""]]",0.805,1,111.288418,30.694635
ermawu_T2_00653,ermawu,sim_ermawu_l3l4,业态单一，逛一次就够,业态丰富度,urban_operation,服务,0.113,Negative,neg,0.723,0.944,0.799,怒,历史街区,2025-07-11,2025-07 暑假·年轻人涌入打卡,0.709,aspect,业态丰富度,ermawu,ermawu,1,1,业态丰富度,neg,"[""业态丰富度""]",业态丰富度,关于持续推进城市更新行动的意见(业态引导),业态多元化引导;业态调整,"[[""urban_operation"", ""服务"", ""主""], [""urban_renewal"", ""服务"", ""次""]]",0.921,0,111.280848,30.694391
ermawu_T2_00654,ermawu,sim_ermawu_l3l4,不变拆真改，原汁原味加分,修旧如旧,urban_renewal,文化,0.546,Neutral,neu,0.301,0.894,0.772,急,历史街区,2025-07-19,2025-07 暑假·年轻人涌入打卡,0.592,aspect,修旧如旧,ermawu,ermawu,1,1,修旧如旧,neu,"[""修旧如旧""]",修旧如旧,防止大拆大建通知;关于持续推进城市更新行动的意见,历史街区/历史文化街区保护更新,"[[""urban_renewal"", ""文化"", ""主""], [""urban_operation"", ""文化"", ""次""]]",0.827,0,111.281381,30.695386
ermawu_T2_00655,ermawu,sim_ermawu_l3l4,连锁店太多，没特色,业态丰富度,urban_operation,服务,0.282,Very Negative,neg,0.82,0.884,0.769,哀,历史街区,2025-07-19,2025-07 暑假·年轻人涌入打卡,0.613,aspect,业态丰富度,ermawu,ermawu,1,1,业态丰富度,neg,"[""业态丰富度""]",业态丰富度,关于持续推进城市更新行动的意见(业态引导),业态多元化引导;业态调整,"[[""urban_operation"", ""服务"", ""主""], [""urban_renewal"", ""服务"", ""次""]]",0.819,0,111.272046,30.699891
ermawu_T2_00656,ermawu,sim_ermawu_l3l4,周边夜市烟火升腾，烧烤烤鱼小吃全有,夜经济,urban_operation,事件,0.64,Very Positive,pos,0.746,0.867,0.725,喜,历史街区,2025-07-25,2025-07 暑假·年轻人涌入打卡,0.452,aspect,夜经济,ermawu,ermawu,1,1,夜经济,pos,"[""夜经济""]",夜经济,"城市更新""十五五""规划(生活圈扩围;夜经济)",一刻钟便民生活圈建设;夜经济品牌培育,"[[""urban_operation"", ""事件"", ""主""], [""urban_governance"", ""事件"", ""次""]]",0.946,1,111.276801,30.698621
ermawu_T2_00657,ermawu,sim_ermawu_l3l4,老建筑修得讲究，最小干预看出功夫,修旧如旧,urban_renewal,文化,0.717,Very Positive,pos,0.406,0.888,0.806,乐,历史街区,2025-07-09,2025-07 暑假·年轻人涌入打卡,0.488,aspect,修旧如旧,ermawu,ermawu,1,1,修旧如旧,pos,"[""修旧如旧""]",修旧如旧,防止大拆大建通知;关于持续推进城市更新行动的意见,历史街区/历史文化街区保护更新,"[[""urban_renewal"", ""文化"", ""主""], [""urban_operation"", ""文化"", ""次""]]",0.727,0,111.278605,30.698626
ermawu_T2_00658,ermawu,sim_ermawu_l3l4,夜经济周边停车更难,夜经济,urban_operation,事件,0.3,Very Negative,neg,0.75,0.735,0.91,怒,历史街区,2025-07-30,2025-07 暑假·年轻人涌入打卡,0.743,aspect,夜经济,ermawu,ermawu,1,1,夜经济,neg,"[""夜经济""]",夜经济,"城市更新""十五五""规划(生活圈扩围;夜经济)",一刻钟便民生活圈建设;夜经济品牌培育,"[[""urban_operation"", ""事件"", ""主""], [""urban_governance"", ""事件"", ""次""]]",0.764,1,111.285828,30.691207
ermawu_T2_00659,ermawu,sim_ermawu_l3l4,业态还在调整中,业态丰富度,urban_operation,服务,0.54,Neutral,neu,0.693,0.779,0.796,盼,历史街区,2025-07-08,2025-07 暑假·年轻人涌入打卡,0.881,aspect,业态丰富度,ermawu,ermawu,1,1,业态丰富度,neu,"[""业态丰富度""]",业态丰富度,关于持续推进城市更新行动的意见(业态引导),业态多元化引导;业态调整,"[[""urban_operation"", ""服务"", ""主""], [""urban_renewal"", ""服务"", ""次""]]",0.828,0,111.286172,30.694421
ermawu_T2_00660,ermawu,sim_ermawu_l3l4,下沉广场水景配老街，拍照绝佳,网红打卡,urban_operation,文化,0.794,Very Positive,pos,0.45,0.809,0.892,喜,历史街区,2025-07-13,2025-07 暑假·年轻人涌入打卡,0.82,aspect,网红打卡,ermawu,ermawu,1,1,网红打卡,pos,"[""网红打卡""]",网红打卡,"城市更新""十五五""规划(文脉保护传承)",文旅IP打造;文化消费场景,"[[""urban_operation"", ""文化"", ""主""], [""urban_operation"", ""事件"", ""次""]]",0.779,0,111.277888,30.696944
ermawu_T2_00661,ermawu,sim_ermawu_l3l4,老味道还在，没变味,烟火气保留,urban_renewal,文化,0.802,Positive,pos,0.668,0.783,0.906,乐,历史街区,2025-07-15,2025-07 暑假·年轻人涌入打卡,0.778,aspect,烟火气保留,ermawu,ermawu,1,1,烟火气保留,pos,"[""烟火气保留""]",烟火气保留,防止大拆大建通知(留改拆·留底线),历史街区保护更新;社区营造,"[[""urban_renewal"", ""文化"", ""主""], [""urban_renewal"", ""环境"", ""次""]]",0.806,0,111.282788,30.697976
ermawu_T2_00662,ermawu,sim_ermawu_l3l4,业态还在调整中,业态丰富度,urban_operation,服务,0.5,Neutral,neu,0.759,0.811,0.851,急,历史街区,2025-07-24,2025-07 暑假·年轻人涌入打卡,0.671,aspect,业态丰富度,ermawu,ermawu,1,1,业态丰富度,neu,"[""业态丰富度""]",业态丰富度,关于持续推进城市更新行动的意见(业态引导),业态多元化引导;业态调整,"[[""urban_operation"", ""服务"", ""主""], [""urban_renewal"", ""服务"", ""次""]]",0.883,0,111.284697,30.696829
ermawu_T2_00663,ermawu,sim_ermawu_l3l4,节假日保洁跟不上,垃圾秩序,urban_governance,环境,0.156,Very Negative,neg,0.804,0.849,0.758,哀,历史街区,2025-07-27,2025-07 暑假·年轻人涌入打卡,0.439,aspect,垃圾秩序,ermawu,ermawu,1,1,垃圾秩序,neg,"[""垃圾秩序""]",垃圾秩序,城市更新行动意见(市容治理),市容环境治理;垃圾分类,"[[""urban_governance"", ""环境"", ""主""], [""urban_governance"", ""服务"", ""次""]]",0.757,0,111.280546,30.697811
ermawu_T2_00664,ermawu,sim_ermawu_l3l4,夜经济周边停车更难,夜经济,urban_operation,事件,0.332,Very Negative,neg,0.858,0.826,0.77,哀,历史街区,2025-07-17,2025-07 暑假·年轻人涌入打卡,0.88,aspect,夜经济,ermawu,ermawu,1,1,夜经济,neg,"[""夜经济""]",夜经济,"城市更新""十五五""规划(生活圈扩围;夜经济)",一刻钟便民生活圈建设;夜经济品牌培育,"[[""urban_operation"", ""事件"", ""主""], [""urban_governance"", ""事件"", ""次""]]",0.686,1,111.282228,30.692244
ermawu_T2_00665,ermawu,sim_ermawu_l3l4,夜经济让老街活了,夜经济,urban_operation,事件,0.785,Positive,pos,0.488,0.843,0.759,喜,历史街区,2025-07-27,2025-07 暑假·年轻人涌入打卡,0.693,aspect,夜经济,ermawu,ermawu,1,1,夜经济,pos,"[""夜经济""]",夜经济,"城市更新""十五五""规划(生活圈扩围;夜经济)",一刻钟便民生活圈建设;夜经济品牌培育,"[[""urban_operation"", ""事件"", ""主""], [""urban_governance"", ""事件"", ""次""]]",0.876,1,111.282826,30.696644
ermawu_T2_00666,ermawu,sim_ermawu_l3l4,周边夜市烟火升腾，烧烤烤鱼小吃全有,夜经济,urban_operation,事件,0.704,Very Positive,pos,0.395,0.785,0.901,乐,历史街区,2025-07-22,2025-07 暑假·年轻人涌入打卡,0.714,aspect,夜经济,ermawu,ermawu,1,1,夜经济,pos,"[""夜经济""]",夜经济,"城市更新""十五五""规划(生活圈扩围;夜经济)",一刻钟便民生活圈建设;夜经济品牌培育,"[[""urban_operation"", ""事件"", ""主""], [""urban_governance"", ""事件"", ""次""]]",0.873,1,111.286182,30.693828
ermawu_T2_00667,ermawu,sim_ermawu_l3l4,连锁店太多，没特色,业态丰富度,urban_operation,服务,0.178,Very Negative,neg,0.533,0.863,0.78,愁,历史街区,2025-07-27,2025-07 暑假·年轻人涌入打卡,0.512,aspect,业态丰富度,ermawu,ermawu,1,1,业态丰富度,neg,"[""业态丰富度""]",业态丰富度,关于持续推进城市更新行动的意见(业态引导),业态多元化引导;业态调整,"[[""urban_operation"", ""服务"", ""主""], [""urban_renewal"", ""服务"", ""次""]]",0.715,0,111.281381,30.694935
ermawu_T2_00668,ermawu,sim_ermawu_l3l4,二马路修旧如旧，百年老街焕发新生,修旧如旧,urban_renewal,文化,0.752,Very Positive,pos,0.546,0.747,0.813,乐,历史街区,2025-07-01,2025-07 暑假·年轻人涌入打卡,0.522,aspect,修旧如旧,ermawu,ermawu,1,1,修旧如旧,pos,"[""修旧如旧""]",修旧如旧,防止大拆大建通知;关于持续推进城市更新行动的意见,历史街区/历史文化街区保护更新,"[[""urban_renewal"", ""文化"", ""主""], [""urban_operation"", ""文化"", ""次""]]",0.927,0,111.279152,30.693364
ermawu_T2_00669,ermawu,sim_ermawu_l3l4,二马路成了网红打卡地，年轻人多,网红打卡,urban_operation,文化,0.934,Very Positive,pos,0.597,0.771,0.875,喜,历史街区,2025-07-25,2025-07 暑假·年轻人涌入打卡,0.595,aspect,网红打卡,ermawu,ermawu,1,1,网红打卡,pos,"[""网红打卡""]",网红打卡,"城市更新""十五五""规划(文脉保护传承)",文旅IP打造;文化消费场景,"[[""urban_operation"", ""文化"", ""主""], [""urban_operation"", ""事件"", ""次""]]",0.806,0,111.27769,30.700586
ermawu_T2_00670,ermawu,sim_ermawu_l3l4,小众免费出片，本地人私藏,网红打卡,urban_operation,文化,0.798,Very Positive,pos,0.374,0.855,0.825,喜,历史街区,2025-07-05,2025-07 暑假·年轻人涌入打卡,0.508,aspect,网红打卡,ermawu,ermawu,1,1,网红打卡,pos,"[""网红打卡""]",网红打卡,"城市更新""十五五""规划(文脉保护传承)",文旅IP打造;文化消费场景,"[[""urban_operation"", ""文化"", ""主""], [""urban_operation"", ""事件"", ""次""]]",0.809,0,111.278113,30.701057
ermawu_T2_00671,ermawu,sim_ermawu_l3l4,"""宜昌""打卡墙出片，复古花墙绝了",网红打卡,urban_operation,文化,0.786,Positive,pos,0.611,0.91,0.809,喜,历史街区,2025-07-22,2025-07 暑假·年轻人涌入打卡,0.725,aspect,网红打卡,ermawu,ermawu,1,1,网红打卡,pos,"[""网红打卡""]",网红打卡,"城市更新""十五五""规划(文脉保护传承)",文旅IP打造;文化消费场景,"[[""urban_operation"", ""文化"", ""主""], [""urban_operation"", ""事件"", ""次""]]",0.761,0,111.283265,30.690093
ermawu_T2_00672,ermawu,sim_ermawu_l3l4,老建筑修得讲究，最小干预看出功夫,修旧如旧,urban_renewal,文化,0.736,Very Positive,pos,0.776,0.822,0.872,喜,历史街区,2025-07-11,2025-07 暑假·年轻人涌入打卡,0.603,aspect,修旧如旧,ermawu,ermawu,1,1,修旧如旧,pos,"[""修旧如旧""]",修旧如旧,防止大拆大建通知;关于持续推进城市更新行动的意见,历史街区/历史文化街区保护更新,"[[""urban_renewal"", ""文化"", ""主""], [""urban_operation"", ""文化"", ""次""]]",0.783,0,111.288142,30.693799
ermawu_T2_00673,ermawu,sim_ermawu_l3l4,小众免费出片，本地人私藏,网红打卡,urban_operation,文化,0.667,Very Positive,pos,0.415,0.729,0.832,喜,历史街区,2025-07-30,2025-07 暑假·年轻人涌入打卡,0.47,aspect,网红打卡,ermawu,ermawu,1,1,网红打卡,pos,"[""网红打卡""]",网红打卡,"城市更新""十五五""规划(文脉保护传承)",文旅IP打造;文化消费场景,"[[""urban_operation"", ""文化"", ""主""], [""urban_operation"", ""事件"", ""次""]]",0.779,0,111.279664,30.698748
ermawu_T2_00674,ermawu,sim_ermawu_l3l4,开街后保洁跟上了,垃圾秩序,urban_governance,环境,0.494,Neutral,neu,0.442,0.728,0.748,急,历史街区,2025-07-03,2025-07 暑假·年轻人涌入打卡,0.672,aspect,垃圾秩序,ermawu,ermawu,1,1,垃圾秩序,neu,"[""垃圾秩序""]",垃圾秩序,城市更新行动意见(市容治理),市容环境治理;垃圾分类,"[[""urban_governance"", ""环境"", ""主""], [""urban_governance"", ""服务"", ""次""]]",0.859,0,111.278999,30.69459
ermawu_T2_00675,ermawu,sim_ermawu_l3l4,烟火气没了，商业化太重,烟火气保留,urban_renewal,文化,0.288,Very Negative,neg,0.617,0.851,0.795,怒,历史街区,2025-07-05,2025-07 暑假·年轻人涌入打卡,0.764,aspect,烟火气保留,ermawu,ermawu,1,1,烟火气保留,neg,"[""烟火气保留""]",烟火气保留,防止大拆大建通知(留改拆·留底线),历史街区保护更新;社区营造,"[[""urban_renewal"", ""文化"", ""主""], [""urban_renewal"", ""环境"", ""次""]]",0.905,0,111.283706,30.694337
ermawu_T2_00676,ermawu,sim_ermawu_l3l4,人太多挤得慌，根本走不动,文旅活力,urban_operation,事件,0.058,Very Negative,neg,0.74,0.785,0.798,怒,历史街区,2025-07-25,2025-07 暑假·年轻人涌入打卡,0.854,aspect,文旅活力,ermawu,ermawu,1,1,文旅活力,neg,"[""文旅活力""]",文旅活力,"城市更新""十五五""规划(文脉保护;文旅)",文旅品牌;节假日活动组织,"[[""urban_operation"", ""事件"", ""主""], [""urban_operation"", ""文化"", ""次""]]",0.722,1,111.280934,30.699258
ermawu_T2_00677,ermawu,sim_ermawu_l3l4,业态单一，逛一次就够,业态丰富度,urban_operation,服务,0.091,Very Negative,neg,0.695,0.742,0.727,哀,历史街区,2025-07-22,2025-07 暑假·年轻人涌入打卡,0.649,aspect,业态丰富度,ermawu,ermawu,1,1,业态丰富度,neg,"[""业态丰富度""]",业态丰富度,关于持续推进城市更新行动的意见(业态引导),业态多元化引导;业态调整,"[[""urban_operation"", ""服务"", ""主""], [""urban_renewal"", ""服务"", ""次""]]",0.859,0,111.278969,30.694021
ermawu_T2_00678,ermawu,sim_ermawu_l3l4,业态有调性，不低端,业态丰富度,urban_operation,服务,0.93,Very Positive,pos,0.531,0.742,0.774,喜,历史街区,2025-07-09,2025-07 暑假·年轻人涌入打卡,0.782,aspect,业态丰富度,ermawu,ermawu,1,1,业态丰富度,pos,"[""业态丰富度""]",业态丰富度,关于持续推进城市更新行动的意见(业态引导),业态多元化引导;业态调整,"[[""urban_operation"", ""服务"", ""主""], [""urban_renewal"", ""服务"", ""次""]]",0.785,0,111.278369,30.697759
ermawu_T2_00679,ermawu,sim_ermawu_l3l4,业态还在调整中,业态丰富度,urban_operation,服务,0.403,Neutral,neu,0.553,0.832,0.86,急,历史街区,2025-07-19,2025-07 暑假·年轻人涌入打卡,0.423,aspect,业态丰富度,ermawu,ermawu,1,1,业态丰富度,neu,"[""业态丰富度""]",业态丰富度,关于持续推进城市更新行动的意见(业态引导),业态多元化引导;业态调整,"[[""urban_operation"", ""服务"", ""主""], [""urban_renewal"", ""服务"", ""次""]]",0.748,0,111.277392,30.696049
ermawu_T2_00680,ermawu,sim_ermawu_l3l4,夜经济周边停车更难,夜经济,urban_operation,事件,0.118,Negative,neg,0.716,0.833,0.875,愁,历史街区,2025-07-27,2025-07 暑假·年轻人涌入打卡,0.824,aspect,夜经济,ermawu,ermawu,1,1,夜经济,neg,"[""夜经济""]",夜经济,"城市更新""十五五""规划(生活圈扩围;夜经济)",一刻钟便民生活圈建设;夜经济品牌培育,"[[""urban_operation"", ""事件"", ""主""], [""urban_governance"", ""事件"", ""次""]]",0.778,1,111.283719,30.693873
ermawu_T2_00681,ermawu,sim_ermawu_l3l4,打卡墙前要排队,网红打卡,urban_operation,文化,0.588,Neutral,neu,0.402,0.794,0.862,急,历史街区,2025-07-15,2025-07 暑假·年轻人涌入打卡,0.804,aspect,网红打卡,ermawu,ermawu,1,1,网红打卡,neu,"[""网红打卡""]",网红打卡,"城市更新""十五五""规划(文脉保护传承)",文旅IP打造;文化消费场景,"[[""urban_operation"", ""文化"", ""主""], [""urban_operation"", ""事件"", ""次""]]",0.916,0,111.279534,30.692903
ermawu_T2_00682,ermawu,sim_ermawu_l3l4,夜幕降临热闹起来，有活力,夜经济,urban_operation,事件,0.77,Positive,pos,0.496,0.828,0.831,乐,历史街区,2025-07-17,2025-07 暑假·年轻人涌入打卡,0.404,aspect,夜经济,ermawu,ermawu,1,1,夜经济,pos,"[""夜经济""]",夜经济,"城市更新""十五五""规划(生活圈扩围;夜经济)",一刻钟便民生活圈建设;夜经济品牌培育,"[[""urban_operation"", ""事件"", ""主""], [""urban_governance"", ""事件"", ""次""]]",0.773,1,111.274096,30.698512
ermawu_T2_00683,ermawu,sim_ermawu_l3l4,原住民留着，街区还活着,烟火气保留,urban_renewal,文化,0.652,Very Positive,pos,0.359,0.831,0.894,喜,历史街区,2025-07-08,2025-07 暑假·年轻人涌入打卡,0.676,aspect,烟火气保留,ermawu,ermawu,1,1,烟火气保留,pos,"[""烟火气保留""]",烟火气保留,防止大拆大建通知(留改拆·留底线),历史街区保护更新;社区营造,"[[""urban_renewal"", ""文化"", ""主""], [""urban_renewal"", ""环境"", ""次""]]",0.771,0,111.273957,30.697026
ermawu_T2_00684,ermawu,sim_ermawu_l3l4,打卡墙前要排队,网红打卡,urban_operation,文化,0.438,Neutral,neu,0.543,0.764,0.723,急,历史街区,2025-07-15,2025-07 暑假·年轻人涌入打卡,0.845,aspect,网红打卡,ermawu,ermawu,1,1,网红打卡,neu,"[""网红打卡""]",网红打卡,"城市更新""十五五""规划(文脉保护传承)",文旅IP打造;文化消费场景,"[[""urban_operation"", ""文化"", ""主""], [""urban_operation"", ""事件"", ""次""]]",0.863,0,111.279165,30.693866
ermawu_T2_00685,ermawu,sim_ermawu_l3l4,二马路成了网红打卡地，年轻人多,网红打卡,urban_operation,文化,0.749,Very Positive,pos,0.716,0.892,0.841,喜,历史街区,2025-07-16,2025-07 暑假·年轻人涌入打卡,0.413,aspect,网红打卡,ermawu,ermawu,1,1,网红打卡,pos,"[""网红打卡""]",网红打卡,"城市更新""十五五""规划(文脉保护传承)",文旅IP打造;文化消费场景,"[[""urban_operation"", ""文化"", ""主""], [""urban_operation"", ""事件"", ""次""]]",0.764,0,111.286905,30.694672
ermawu_T2_00686,ermawu,sim_ermawu_l3l4,二马路修旧如旧，百年老街焕发新生,修旧如旧,urban_renewal,文化,0.763,Very Positive,pos,0.384,0.833,0.76,乐,历史街区,2025-07-22,2025-07 暑假·年轻人涌入打卡,0.601,aspect,修旧如旧,ermawu,ermawu,1,1,修旧如旧,pos,"[""修旧如旧""]",修旧如旧,防止大拆大建通知;关于持续推进城市更新行动的意见,历史街区/历史文化街区保护更新,"[[""urban_renewal"", ""文化"", ""主""], [""urban_operation"", ""文化"", ""次""]]",0.89,0,111.28008,30.698551
ermawu_T2_00687,ermawu,sim_ermawu_l3l4,小众免费出片，本地人私藏,网红打卡,urban_operation,文化,0.945,Very Positive,pos,0.588,0.941,0.724,乐,历史街区,2025-07-13,2025-07 暑假·年轻人涌入打卡,0.87,aspect,网红打卡,ermawu,ermawu,1,1,网红打卡,pos,"[""网红打卡""]",网红打卡,"城市更新""十五五""规划(文脉保护传承)",文旅IP打造;文化消费场景,"[[""urban_operation"", ""文化"", ""主""], [""urban_operation"", ""事件"", ""次""]]",0.856,0,111.285844,30.697492
ermawu_T2_00688,ermawu,sim_ermawu_l3l4,开街垃圾满地没人扫,垃圾秩序,urban_governance,环境,0.38,Very Negative,neg,0.57,0.734,0.701,怒,历史街区,2025-07-30,2025-07 暑假·年轻人涌入打卡,0.673,aspect,垃圾秩序,ermawu,ermawu,1,1,垃圾秩序,neg,"[""垃圾秩序""]",垃圾秩序,城市更新行动意见(市容治理),市容环境治理;垃圾分类,"[[""urban_governance"", ""环境"", ""主""], [""urban_governance"", ""服务"", ""次""]]",0.883,0,111.281853,30.70011
ermawu_T2_00689,ermawu,sim_ermawu_l3l4,烟火气没了，商业化太重,烟火气保留,urban_renewal,文化,0.046,Negative,neg,0.888,0.88,0.745,愁,历史街区,2025-07-09,2025-07 暑假·年轻人涌入打卡,0.82,aspect,烟火气保留,ermawu,ermawu,1,1,烟火气保留,neg,"[""烟火气保留""]",烟火气保留,防止大拆大建通知(留改拆·留底线),历史街区保护更新;社区营造,"[[""urban_renewal"", ""文化"", ""主""], [""urban_renewal"", ""环境"", ""次""]]",0.73,0,111.275364,30.698844
ermawu_T2_00690,ermawu,sim_ermawu_l3l4,周边夜市烟火升腾，烧烤烤鱼小吃全有,夜经济,urban_operation,事件,0.746,Positive,pos,0.679,0.898,0.832,喜,历史街区,2025-07-06,2025-07 暑假·年轻人涌入打卡,0.577,aspect,夜经济,ermawu,ermawu,1,1,夜经济,pos,"[""夜经济""]",夜经济,"城市更新""十五五""规划(生活圈扩围;夜经济)",一刻钟便民生活圈建设;夜经济品牌培育,"[[""urban_operation"", ""事件"", ""主""], [""urban_governance"", ""事件"", ""次""]]",0.748,1,111.286845,30.694923
ermawu_T2_00691,ermawu,sim_ermawu_l3l4,连锁店太多，没特色,业态丰富度,urban_operation,服务,0.073,Negative,neg,0.847,0.758,0.743,哀,历史街区,2025-07-01,2025-07 暑假·年轻人涌入打卡,0.492,aspect,业态丰富度,ermawu,ermawu,1,1,业态丰富度,neg,"[""业态丰富度""]",业态丰富度,关于持续推进城市更新行动的意见(业态引导),业态多元化引导;业态调整,"[[""urban_operation"", ""服务"", ""主""], [""urban_renewal"", ""服务"", ""次""]]",0.796,0,111.275682,30.697669
ermawu_T2_00692,ermawu,sim_ermawu_l3l4,业态都同质化了，走哪都一样,业态丰富度,urban_operation,服务,0.172,Very Negative,neg,0.617,0.751,0.776,哀,历史街区,2025-07-09,2025-07 暑假·年轻人涌入打卡,0.572,aspect,业态丰富度,ermawu,ermawu,1,1,业态丰富度,neg,"[""业态丰富度""]",业态丰富度,关于持续推进城市更新行动的意见(业态引导),业态多元化引导;业态调整,"[[""urban_operation"", ""服务"", ""主""], [""urban_renewal"", ""服务"", ""次""]]",0.838,0,111.280368,30.696063
ermawu_T2_00693,ermawu,sim_ermawu_l3l4,保留原貌真有味道，修新如旧做得好,修旧如旧,urban_renewal,文化,0.421,Neutral,neu,0.542,0.751,0.839,急,历史街区,2025-07-25,2025-07 暑假·年轻人涌入打卡,0.767,aspect,修旧如旧,ermawu,ermawu,1,1,修旧如旧,neu,"[""修旧如旧""]",修旧如旧,防止大拆大建通知;关于持续推进城市更新行动的意见,历史街区/历史文化街区保护更新,"[[""urban_renewal"", ""文化"", ""主""], [""urban_operation"", ""文化"", ""次""]]",0.767,0,111.274174,30.697119
ermawu_T2_00694,ermawu,sim_ermawu_l3l4,文创老店+特色美食，业态丰富,业态丰富度,urban_operation,服务,0.706,Very Positive,pos,0.486,0.897,0.724,乐,历史街区,2025-07-12,2025-07 暑假·年轻人涌入打卡,0.68,aspect,业态丰富度,ermawu,ermawu,1,1,业态丰富度,pos,"[""业态丰富度""]",业态丰富度,关于持续推进城市更新行动的意见(业态引导),业态多元化引导;业态调整,"[[""urban_operation"", ""服务"", ""主""], [""urban_renewal"", ""服务"", ""次""]]",0.708,0,111.276175,30.701974
ermawu_T2_00695,ermawu,sim_ermawu_l3l4,连锁店太多，没特色,业态丰富度,urban_operation,服务,0.169,Very Negative,neg,0.653,0.888,0.845,怒,历史街区,2025-07-14,2025-07 暑假·年轻人涌入打卡,0.684,aspect,业态丰富度,ermawu,ermawu,1,1,业态丰富度,neg,"[""业态丰富度""]",业态丰富度,关于持续推进城市更新行动的意见(业态引导),业态多元化引导;业态调整,"[[""urban_operation"", ""服务"", ""主""], [""urban_renewal"", ""服务"", ""次""]]",0.787,0,111.287799,30.692335
ermawu_T2_00696,ermawu,sim_ermawu_l3l4,二马路成了网红打卡地，年轻人多,网红打卡,urban_operation,文化,0.955,Very Positive,pos,0.543,0.919,0.868,喜,历史街区,2025-07-31,2025-07 暑假·年轻人涌入打卡,0.627,aspect,网红打卡,ermawu,ermawu,1,1,网红打卡,pos,"[""网红打卡""]",网红打卡,"城市更新""十五五""规划(文脉保护传承)",文旅IP打造;文化消费场景,"[[""urban_operation"", ""文化"", ""主""], [""urban_operation"", ""事件"", ""次""]]",0.808,0,111.28161,30.697724
ermawu_T2_00697,ermawu,sim_ermawu_l3l4,文创老店+特色美食，业态丰富,业态丰富度,urban_operation,服务,0.713,Positive,pos,0.682,0.829,0.864,喜,历史街区,2025-07-30,2025-07 暑假·年轻人涌入打卡,0.691,aspect,业态丰富度,ermawu,ermawu,1,1,业态丰富度,pos,"[""业态丰富度""]",业态丰富度,关于持续推进城市更新行动的意见(业态引导),业态多元化引导;业态调整,"[[""urban_operation"", ""服务"", ""主""], [""urban_renewal"", ""服务"", ""次""]]",0.807,0,111.279282,30.69613
ermawu_T2_00698,ermawu,sim_ermawu_l3l4,文创老店+特色美食，业态丰富,业态丰富度,urban_operation,服务,0.721,Positive,pos,0.788,0.721,0.866,乐,历史街区,2025-07-05,2025-07 暑假·年轻人涌入打卡,0.635,aspect,业态丰富度,ermawu,ermawu,1,1,业态丰富度,pos,"[""业态丰富度""]",业态丰富度,关于持续推进城市更新行动的意见(业态引导),业态多元化引导;业态调整,"[[""urban_operation"", ""服务"", ""主""], [""urban_renewal"", ""服务"", ""次""]]",0.774,0,111.280478,30.69374
ermawu_T2_00699,ermawu,sim_ermawu_l3l4,烟火气这东西见仁见智,烟火气保留,urban_renewal,文化,0.591,Neutral,neu,0.461,0.84,0.853,盼,历史街区,2025-07-27,2025-07 暑假·年轻人涌入打卡,0.754,aspect,烟火气保留,ermawu,ermawu,1,1,烟火气保留,neu,"[""烟火气保留""]",烟火气保留,防止大拆大建通知(留改拆·留底线),历史街区保护更新;社区营造,"[[""urban_renewal"", ""文化"", ""主""], [""urban_renewal"", ""环境"", ""次""]]",0.836,0,111.280216,30.695495
ermawu_T2_00700,ermawu,sim_ermawu_l3l4,既有文化味更有烟火气，难得,烟火气保留,urban_renewal,文化,0.835,Very Positive,pos,0.783,0.821,0.754,乐,历史街区,2025-07-12,2025-07 暑假·年轻人涌入打卡,0.492,aspect,烟火气保留,ermawu,ermawu,1,1,烟火气保留,pos,"[""烟火气保留""]",烟火气保留,防止大拆大建通知(留改拆·留底线),历史街区保护更新;社区营造,"[[""urban_renewal"", ""文化"", ""主""], [""urban_renewal"", ""环境"", ""次""]]",0.745,0,111.279268,30.702354
ermawu_T2_00701,ermawu,sim_ermawu_l3l4,原住民迁走，没了生活气,烟火气保留,urban_renewal,文化,0.383,Negative,neg,0.74,0.839,0.868,怒,历史街区,2025-07-08,2025-07 暑假·年轻人涌入打卡,0.612,aspect,烟火气保留,ermawu,ermawu,1,1,烟火气保留,neg,"[""烟火气保留""]",烟火气保留,防止大拆大建通知(留改拆·留底线),历史街区保护更新;社区营造,"[[""urban_renewal"", ""文化"", ""主""], [""urban_renewal"", ""环境"", ""次""]]",0.783,0,111.278262,30.699282
ermawu_T2_00702,ermawu,sim_ermawu_l3l4,盼着开街呢，老街改造进度有点慢,文旅活力,urban_operation,事件,0.441,Neutral,neu,0.615,0.747,0.797,急,历史街区,2025-07-06,2025-07 暑假·年轻人涌入打卡,0.595,aspect,文旅活力,ermawu,ermawu,1,1,文旅活力,neu,"[""文旅活力""]",文旅活力,"城市更新""十五五""规划(文脉保护;文旅)",文旅品牌;节假日活动组织,"[[""urban_operation"", ""事件"", ""主""], [""urban_operation"", ""文化"", ""次""]]",0.699,1,111.281444,30.694381
ermawu_T2_00703,ermawu,sim_ermawu_l3l4,二马路成了网红打卡地，年轻人多,网红打卡,urban_operation,文化,0.644,Very Positive,pos,0.4,0.814,0.754,乐,历史街区,2025-07-18,2025-07 暑假·年轻人涌入打卡,0.755,aspect,网红打卡,ermawu,ermawu,1,1,网红打卡,pos,"[""网红打卡""]",网红打卡,"城市更新""十五五""规划(文脉保护传承)",文旅IP打造;文化消费场景,"[[""urban_operation"", ""文化"", ""主""], [""urban_operation"", ""事件"", ""次""]]",0.721,0,111.282139,30.697103
ermawu_T2_00704,ermawu,sim_ermawu_l3l4,夜经济让老街活了,夜经济,urban_operation,事件,0.724,Positive,pos,0.327,0.779,0.756,喜,历史街区,2025-07-07,2025-07 暑假·年轻人涌入打卡,0.853,aspect,夜经济,ermawu,ermawu,1,1,夜经济,pos,"[""夜经济""]",夜经济,"城市更新""十五五""规划(生活圈扩围;夜经济)",一刻钟便民生活圈建设;夜经济品牌培育,"[[""urban_operation"", ""事件"", ""主""], [""urban_governance"", ""事件"", ""次""]]",0.755,1,111.276114,30.697519
ermawu_T2_00705,ermawu,sim_ermawu_l3l4,烟火气这东西见仁见智,烟火气保留,urban_renewal,文化,0.538,Neutral,neu,0.544,0.727,0.85,急,历史街区,2025-07-25,2025-07 暑假·年轻人涌入打卡,0.784,aspect,烟火气保留,ermawu,ermawu,1,1,烟火气保留,neu,"[""烟火气保留""]",烟火气保留,防止大拆大建通知(留改拆·留底线),历史街区保护更新;社区营造,"[[""urban_renewal"", ""文化"", ""主""], [""urban_renewal"", ""环境"", ""次""]]",0.937,0,111.284105,30.69302
ermawu_T2_00706,ermawu,sim_ermawu_l3l4,夜经济还在培育,夜经济,urban_operation,事件,0.545,Neutral,neu,0.794,0.875,0.817,急,历史街区,2025-07-25,2025-07 暑假·年轻人涌入打卡,0.663,aspect,夜经济,ermawu,ermawu,1,1,夜经济,neu,"[""夜经济""]",夜经济,"城市更新""十五五""规划(生活圈扩围;夜经济)",一刻钟便民生活圈建设;夜经济品牌培育,"[[""urban_operation"", ""事件"", ""主""], [""urban_governance"", ""事件"", ""次""]]",0.917,1,111.28447,30.691711
ermawu_T2_00707,ermawu,sim_ermawu_l3l4,"""宜昌""打卡墙出片，复古花墙绝了",网红打卡,urban_operation,文化,0.81,Positive,pos,0.75,0.774,0.761,乐,历史街区,2025-07-16,2025-07 暑假·年轻人涌入打卡,0.758,aspect,网红打卡,ermawu,ermawu,1,1,网红打卡,pos,"[""网红打卡""]",网红打卡,"城市更新""十五五""规划(文脉保护传承)",文旅IP打造;文化消费场景,"[[""urban_operation"", ""文化"", ""主""], [""urban_operation"", ""事件"", ""次""]]",0.93,0,111.277315,30.696566
ermawu_T2_00708,ermawu,sim_ermawu_l3l4,夜经济让老街活了,夜经济,urban_operation,事件,0.907,Very Positive,pos,0.436,0.797,0.711,喜,历史街区,2025-07-24,2025-07 暑假·年轻人涌入打卡,0.455,aspect,夜经济,ermawu,ermawu,1,1,夜经济,pos,"[""夜经济""]",夜经济,"城市更新""十五五""规划(生活圈扩围;夜经济)",一刻钟便民生活圈建设;夜经济品牌培育,"[[""urban_operation"", ""事件"", ""主""], [""urban_governance"", ""事件"", ""次""]]",0.722,1,111.276904,30.700023
ermawu_T2_00709,ermawu,sim_ermawu_l3l4,二马路成了网红打卡地，年轻人多,网红打卡,urban_operation,文化,0.912,Positive,pos,0.799,0.901,0.799,乐,历史街区,2025-07-04,2025-07 暑假·年轻人涌入打卡,0.767,aspect,网红打卡,ermawu,ermawu,1,1,网红打卡,pos,"[""网红打卡""]",网红打卡,"城市更新""十五五""规划(文脉保护传承)",文旅IP打造;文化消费场景,"[[""urban_operation"", ""文化"", ""主""], [""urban_operation"", ""事件"", ""次""]]",0.831,0,111.275443,30.697429
ermawu_T2_00710,ermawu,sim_ermawu_l3l4,连锁店太多，没特色,业态丰富度,urban_operation,服务,0.255,Negative,neg,0.669,0.752,0.889,哀,历史街区,2025-07-06,2025-07 暑假·年轻人涌入打卡,0.679,aspect,业态丰富度,ermawu,ermawu,1,1,业态丰富度,neg,"[""业态丰富度""]",业态丰富度,关于持续推进城市更新行动的意见(业态引导),业态多元化引导;业态调整,"[[""urban_operation"", ""服务"", ""主""], [""urban_renewal"", ""服务"", ""次""]]",0.865,0,111.275199,30.700996
ermawu_T2_00711,ermawu,sim_ermawu_l3l4,二马路成了网红打卡地，年轻人多,网红打卡,urban_operation,文化,0.761,Very Positive,pos,0.668,0.786,0.901,乐,历史街区,2025-07-09,2025-07 暑假·年轻人涌入打卡,0.559,aspect,网红打卡,ermawu,ermawu,1,1,网红打卡,pos,"[""网红打卡""]",网红打卡,"城市更新""十五五""规划(文脉保护传承)",文旅IP打造;文化消费场景,"[[""urban_operation"", ""文化"", ""主""], [""urban_operation"", ""事件"", ""次""]]",0.721,0,111.286411,30.692699
ermawu_T2_00712,ermawu,sim_ermawu_l3l4,开街后保洁跟上了,垃圾秩序,urban_governance,环境,0.595,Neutral,neu,0.538,0.805,0.721,盼,历史街区,2025-07-26,2025-07 暑假·年轻人涌入打卡,0.826,aspect,垃圾秩序,ermawu,ermawu,1,1,垃圾秩序,neu,"[""垃圾秩序""]",垃圾秩序,城市更新行动意见(市容治理),市容环境治理;垃圾分类,"[[""urban_governance"", ""环境"", ""主""], [""urban_governance"", ""服务"", ""次""]]",0.717,0,111.276463,30.694851
ermawu_T2_00713,ermawu,sim_ermawu_l3l4,文创老店+特色美食，业态丰富,业态丰富度,urban_operation,服务,0.741,Very Positive,pos,0.506,0.86,0.844,喜,历史街区,2025-07-28,2025-07 暑假·年轻人涌入打卡,0.605,aspect,业态丰富度,ermawu,ermawu,1,1,业态丰富度,pos,"[""业态丰富度""]",业态丰富度,关于持续推进城市更新行动的意见(业态引导),业态多元化引导;业态调整,"[[""urban_operation"", ""服务"", ""主""], [""urban_renewal"", ""服务"", ""次""]]",0.813,0,111.278887,30.694708
ermawu_T2_00714,ermawu,sim_ermawu_l3l4,五一日均1.5万人，百年老街出圈了,文旅活力,urban_operation,事件,0.907,Positive,pos,0.694,0.745,0.883,乐,历史街区,2025-07-22,2025-07 暑假·年轻人涌入打卡,0.593,aspect,文旅活力,ermawu,ermawu,1,1,文旅活力,pos,"[""文旅活力""]",文旅活力,"城市更新""十五五""规划(文脉保护;文旅)",文旅品牌;节假日活动组织,"[[""urban_operation"", ""事件"", ""主""], [""urban_operation"", ""文化"", ""次""]]",0.721,1,111.283199,30.6972
ermawu_T2_00715,ermawu,sim_ermawu_l3l4,五一日均1.5万人，百年老街出圈了,文旅活力,urban_operation,事件,0.757,Very Positive,pos,0.753,0.776,0.724,乐,历史街区,2025-07-06,2025-07 暑假·年轻人涌入打卡,0.42,aspect,文旅活力,ermawu,ermawu,1,1,文旅活力,pos,"[""文旅活力""]",文旅活力,"城市更新""十五五""规划(文脉保护;文旅)",文旅品牌;节假日活动组织,"[[""urban_operation"", ""事件"", ""主""], [""urban_operation"", ""文化"", ""次""]]",0.792,1,111.283492,30.694176
ermawu_T2_00716,ermawu,sim_ermawu_l3l4,业态单一，逛一次就够,业态丰富度,urban_operation,服务,0.118,Very Negative,neg,0.776,0.733,0.842,哀,历史街区,2025-07-18,2025-07 暑假·年轻人涌入打卡,0.417,aspect,业态丰富度,ermawu,ermawu,1,1,业态丰富度,neg,"[""业态丰富度""]",业态丰富度,关于持续推进城市更新行动的意见(业态引导),业态多元化引导;业态调整,"[[""urban_operation"", ""服务"", ""主""], [""urban_renewal"", ""服务"", ""次""]]",0.705,0,111.280174,30.695905
ermawu_T2_00717,ermawu,sim_ermawu_l3l4,节假日停车地狱,停车难,urban_governance,设施,0.359,Negative,neg,0.791,0.844,0.89,怒,历史街区,2025-07-10,2025-07 暑假·年轻人涌入打卡,0.772,aspect,停车难,ermawu,ermawu,1,1,停车难,neg,"[""停车难""]",停车难,完整社区(配套设施补齐);一刻钟生活圈,停车设施补齐;配套完善,"[[""urban_governance"", ""设施"", ""主""], [""urban_planning"", ""设施"", ""次""]]",0.703,0,111.27818,30.696638
ermawu_T2_00718,ermawu,sim_ermawu_l3l4,原住民迁走，没了生活气,烟火气保留,urban_renewal,文化,0.299,Very Negative,neg,0.596,0.785,0.845,怒,历史街区,2025-07-06,2025-07 暑假·年轻人涌入打卡,0.573,aspect,烟火气保留,ermawu,ermawu,1,1,烟火气保留,neg,"[""烟火气保留""]",烟火气保留,防止大拆大建通知(留改拆·留底线),历史街区保护更新;社区营造,"[[""urban_renewal"", ""文化"", ""主""], [""urban_renewal"", ""环境"", ""次""]]",0.879,0,111.276763,30.698553
ermawu_T2_00719,ermawu,sim_ermawu_l3l4,既有文化味更有烟火气，难得,烟火气保留,urban_renewal,文化,0.744,Positive,pos,0.514,0.792,0.85,乐,历史街区,2025-07-01,2025-07 暑假·年轻人涌入打卡,0.425,aspect,烟火气保留,ermawu,ermawu,1,1,烟火气保留,pos,"[""烟火气保留""]",烟火气保留,防止大拆大建通知(留改拆·留底线),历史街区保护更新;社区营造,"[[""urban_renewal"", ""文化"", ""主""], [""urban_renewal"", ""环境"", ""次""]]",0.949,0,111.284407,30.694378
ermawu_T2_00720,ermawu,sim_ermawu_l3l4,施工快收尾了，忍忍,施工扰民,urban_governance,环境,0.54,Neutral,neu,0.58,0.754,0.865,急,历史街区,2025-07-24,2025-07 暑假·年轻人涌入打卡,0.542,aspect,施工扰民,ermawu,ermawu,1,1,施工扰民,neu,"[""施工扰民""]",施工扰民,城市体检评估管理办法(施工期扰民),老旧小区改造;施工组织优化,"[[""urban_governance"", ""环境"", ""主""], [""urban_renewal"", ""设施"", ""次""]]",0.858,0,111.276486,30.697749
ermawu_T2_00721,ermawu,sim_ermawu_l3l4,周边夜市烟火升腾，烧烤烤鱼小吃全有,夜经济,urban_operation,事件,0.909,Very Positive,pos,0.737,0.77,0.727,乐,历史街区,2025-07-29,2025-07 暑假·年轻人涌入打卡,0.745,aspect,夜经济,ermawu,ermawu,1,1,夜经济,pos,"[""夜经济""]",夜经济,"城市更新""十五五""规划(生活圈扩围;夜经济)",一刻钟便民生活圈建设;夜经济品牌培育,"[[""urban_operation"", ""事件"", ""主""], [""urban_governance"", ""事件"", ""次""]]",0.704,1,111.281095,30.694568
ermawu_T2_00722,ermawu,sim_ermawu_l3l4,文旅复苏，老街活了,文旅活力,urban_operation,事件,0.906,Positive,pos,0.705,0.742,0.749,乐,历史街区,2025-07-03,2025-07 暑假·年轻人涌入打卡,0.552,aspect,文旅活力,ermawu,ermawu,1,1,文旅活力,pos,"[""文旅活力""]",文旅活力,"城市更新""十五五""规划(文脉保护;文旅)",文旅品牌;节假日活动组织,"[[""urban_operation"", ""事件"", ""主""], [""urban_operation"", ""文化"", ""次""]]",0.683,1,111.286008,30.692574
ermawu_T2_00723,ermawu,sim_ermawu_l3l4,夜经济还在培育,夜经济,urban_operation,事件,0.404,Neutral,neu,0.439,0.783,0.903,急,历史街区,2025-07-23,2025-07 暑假·年轻人涌入打卡,0.804,aspect,夜经济,ermawu,ermawu,1,1,夜经济,neu,"[""夜经济""]",夜经济,"城市更新""十五五""规划(生活圈扩围;夜经济)",一刻钟便民生活圈建设;夜经济品牌培育,"[[""urban_operation"", ""事件"", ""主""], [""urban_governance"", ""事件"", ""次""]]",0.863,1,111.276013,30.697795
ermawu_T2_00724,ermawu,sim_ermawu_l3l4,不变拆真改，原汁原味加分,修旧如旧,urban_renewal,文化,0.747,Very Positive,pos,0.347,0.834,0.911,喜,历史街区,2025-07-03,2025-07 暑假·年轻人涌入打卡,0.754,aspect,修旧如旧,ermawu,ermawu,1,1,修旧如旧,pos,"[""修旧如旧""]",修旧如旧,防止大拆大建通知;关于持续推进城市更新行动的意见,历史街区/历史文化街区保护更新,"[[""urban_renewal"", ""文化"", ""主""], [""urban_operation"", ""文化"", ""次""]]",0.84,0,111.285437,30.696124
ermawu_T2_00725,ermawu,sim_ermawu_l3l4,停车太难，绕三圈找不到,停车难,urban_governance,设施,0.314,Very Negative,neg,0.51,0.83,0.764,怒,历史街区,2025-07-10,2025-07 暑假·年轻人涌入打卡,0.474,aspect,停车难,ermawu,ermawu,1,1,停车难,neg,"[""停车难""]",停车难,完整社区(配套设施补齐);一刻钟生活圈,停车设施补齐;配套完善,"[[""urban_governance"", ""设施"", ""主""], [""urban_planning"", ""设施"", ""次""]]",0.735,0,111.280404,30.691436
ermawu_T2_00726,ermawu,sim_ermawu_l3l4,周边夜市烟火升腾，烧烤烤鱼小吃全有,夜经济,urban_operation,事件,0.947,Very Positive,pos,0.765,0.94,0.85,喜,历史街区,2025-07-31,2025-07 暑假·年轻人涌入打卡,0.578,aspect,夜经济,ermawu,ermawu,1,1,夜经济,pos,"[""夜经济""]",夜经济,"城市更新""十五五""规划(生活圈扩围;夜经济)",一刻钟便民生活圈建设;夜经济品牌培育,"[[""urban_operation"", ""事件"", ""主""], [""urban_governance"", ""事件"", ""次""]]",0.693,1,111.283258,30.694462
ermawu_T2_00727,ermawu,sim_ermawu_l3l4,小众免费出片，本地人私藏,网红打卡,urban_operation,文化,0.675,Very Positive,pos,0.399,0.811,0.91,喜,历史街区,2025-07-18,2025-07 暑假·年轻人涌入打卡,0.551,aspect,网红打卡,ermawu,ermawu,1,1,网红打卡,pos,"[""网红打卡""]",网红打卡,"城市更新""十五五""规划(文脉保护传承)",文旅IP打造;文化消费场景,"[[""urban_operation"", ""文化"", ""主""], [""urban_operation"", ""事件"", ""次""]]",0.902,0,111.279525,30.701778
ermawu_T2_00728,ermawu,sim_ermawu_l3l4,老味道流失，可惜,烟火气保留,urban_renewal,文化,0.343,Negative,neg,0.548,0.852,0.721,愁,历史街区,2025-07-06,2025-07 暑假·年轻人涌入打卡,0.497,aspect,烟火气保留,ermawu,ermawu,1,1,烟火气保留,neg,"[""烟火气保留""]",烟火气保留,防止大拆大建通知(留改拆·留底线),历史街区保护更新;社区营造,"[[""urban_renewal"", ""文化"", ""主""], [""urban_renewal"", ""环境"", ""次""]]",0.743,0,111.284295,30.691068
ermawu_T2_00729,ermawu,sim_ermawu_l3l4,夜市噪音扰民，周边住户受不了,夜经济,urban_operation,事件,0.137,Negative,neg,0.677,0.784,0.843,愁,历史街区,2025-07-31,2025-07 暑假·年轻人涌入打卡,0.718,aspect,夜经济,ermawu,ermawu,1,1,夜经济,neg,"[""夜经济""]",夜经济,"城市更新""十五五""规划(生活圈扩围;夜经济)",一刻钟便民生活圈建设;夜经济品牌培育,"[[""urban_operation"", ""事件"", ""主""], [""urban_governance"", ""事件"", ""次""]]",0.789,1,111.276458,30.697575
ermawu_T2_00730,ermawu,sim_ermawu_l3l4,二马路成了网红打卡地，年轻人多,网红打卡,urban_operation,文化,0.945,Very Positive,pos,0.601,0.847,0.82,乐,历史街区,2025-07-27,2025-07 暑假·年轻人涌入打卡,0.861,aspect,网红打卡,ermawu,ermawu,1,1,网红打卡,pos,"[""网红打卡""]",网红打卡,"城市更新""十五五""规划(文脉保护传承)",文旅IP打造;文化消费场景,"[[""urban_operation"", ""文化"", ""主""], [""urban_operation"", ""事件"", ""次""]]",0.703,0,111.284724,30.693689
ermawu_T2_00731,ermawu,sim_ermawu_l3l4,二马路成了网红打卡地，年轻人多,网红打卡,urban_operation,文化,0.9,Very Positive,pos,0.696,0.767,0.869,乐,历史街区,2025-07-13,2025-07 暑假·年轻人涌入打卡,0.635,aspect,网红打卡,ermawu,ermawu,1,1,网红打卡,pos,"[""网红打卡""]",网红打卡,"城市更新""十五五""规划(文脉保护传承)",文旅IP打造;文化消费场景,"[[""urban_operation"", ""文化"", ""主""], [""urban_operation"", ""事件"", ""次""]]",0.939,0,111.285009,30.69696
ermawu_T2_00732,ermawu,sim_ermawu_l3l4,二马路修旧如旧，百年老街焕发新生,修旧如旧,urban_renewal,文化,0.685,Very Positive,pos,0.532,0.904,0.831,乐,历史街区,2025-07-29,2025-07 暑假·年轻人涌入打卡,0.707,aspect,修旧如旧,ermawu,ermawu,1,1,修旧如旧,pos,"[""修旧如旧""]",修旧如旧,防止大拆大建通知;关于持续推进城市更新行动的意见,历史街区/历史文化街区保护更新,"[[""urban_renewal"", ""文化"", ""主""], [""urban_operation"", ""文化"", ""次""]]",0.771,0,111.285193,30.696451
ermawu_T2_00733,ermawu,sim_ermawu_l3l4,节假日保洁跟不上,垃圾秩序,urban_governance,环境,0.203,Very Negative,neg,0.611,0.769,0.864,哀,历史街区,2025-07-21,2025-07 暑假·年轻人涌入打卡,0.46,aspect,垃圾秩序,ermawu,ermawu,1,1,垃圾秩序,neg,"[""垃圾秩序""]",垃圾秩序,城市更新行动意见(市容治理),市容环境治理;垃圾分类,"[[""urban_governance"", ""环境"", ""主""], [""urban_governance"", ""服务"", ""次""]]",0.765,0,111.283744,30.698483
ermawu_T2_00734,ermawu,sim_ermawu_l3l4,"""宜昌""打卡墙出片，复古花墙绝了",网红打卡,urban_operation,文化,0.767,Very Positive,pos,0.625,0.812,0.873,乐,历史街区,2025-07-08,2025-07 暑假·年轻人涌入打卡,0.632,aspect,网红打卡,ermawu,ermawu,1,1,网红打卡,pos,"[""网红打卡""]",网红打卡,"城市更新""十五五""规划(文脉保护传承)",文旅IP打造;文化消费场景,"[[""urban_operation"", ""文化"", ""主""], [""urban_operation"", ""事件"", ""次""]]",0.732,0,111.279706,30.693868
ermawu_T2_00735,ermawu,sim_ermawu_l3l4,二马路成了网红打卡地，年轻人多,网红打卡,urban_operation,文化,0.668,Positive,pos,0.651,0.74,0.775,喜,历史街区,2025-07-09,2025-07 暑假·年轻人涌入打卡,0.473,aspect,网红打卡,ermawu,ermawu,1,1,网红打卡,pos,"[""网红打卡""]",网红打卡,"城市更新""十五五""规划(文脉保护传承)",文旅IP打造;文化消费场景,"[[""urban_operation"", ""文化"", ""主""], [""urban_operation"", ""事件"", ""次""]]",0.782,0,111.276161,30.699187
ermawu_T2_00736,ermawu,sim_ermawu_l3l4,"""宜昌""打卡墙出片，复古花墙绝了",网红打卡,urban_operation,文化,0.888,Positive,pos,0.422,0.756,0.745,乐,历史街区,2025-07-22,2025-07 暑假·年轻人涌入打卡,0.77,aspect,网红打卡,ermawu,ermawu,1,1,网红打卡,pos,"[""网红打卡""]",网红打卡,"城市更新""十五五""规划(文脉保护传承)",文旅IP打造;文化消费场景,"[[""urban_operation"", ""文化"", ""主""], [""urban_operation"", ""事件"", ""次""]]",0.689,0,111.276642,30.697553
ermawu_T2_00737,ermawu,sim_ermawu_l3l4,人多秩序乱，占道,垃圾秩序,urban_governance,环境,0.088,Negative,neg,0.551,0.89,0.846,怒,历史街区,2025-07-22,2025-07 暑假·年轻人涌入打卡,0.411,aspect,垃圾秩序,ermawu,ermawu,1,1,垃圾秩序,neg,"[""垃圾秩序""]",垃圾秩序,城市更新行动意见(市容治理),市容环境治理;垃圾分类,"[[""urban_governance"", ""环境"", ""主""], [""urban_governance"", ""服务"", ""次""]]",0.682,0,111.278172,30.700723
ermawu_T2_00738,ermawu,sim_ermawu_l3l4,老味道流失，可惜,烟火气保留,urban_renewal,文化,0.14,Very Negative,neg,0.566,0.943,0.847,哀,历史街区,2025-07-17,2025-07 暑假·年轻人涌入打卡,0.444,aspect,烟火气保留,ermawu,ermawu,1,1,烟火气保留,neg,"[""烟火气保留""]",烟火气保留,防止大拆大建通知(留改拆·留底线),历史街区保护更新;社区营造,"[[""urban_renewal"", ""文化"", ""主""], [""urban_renewal"", ""环境"", ""次""]]",0.942,0,111.280725,30.693634
ermawu_T2_00739,ermawu,sim_ermawu_l3l4,二马路成了网红打卡地，年轻人多,网红打卡,urban_operation,文化,0.835,Positive,pos,0.641,0.754,0.793,喜,历史街区,2025-07-16,2025-07 暑假·年轻人涌入打卡,0.483,aspect,网红打卡,ermawu,ermawu,1,1,网红打卡,pos,"[""网红打卡""]",网红打卡,"城市更新""十五五""规划(文脉保护传承)",文旅IP打造;文化消费场景,"[[""urban_operation"", ""文化"", ""主""], [""urban_operation"", ""事件"", ""次""]]",0.948,0,111.287961,30.695111
ermawu_T2_00740,ermawu,sim_ermawu_l3l4,业态还在调整中,业态丰富度,urban_operation,服务,0.401,Neutral,neu,0.679,0.833,0.877,急,历史街区,2025-07-24,2025-07 暑假·年轻人涌入打卡,0.404,aspect,业态丰富度,ermawu,ermawu,1,1,业态丰富度,neu,"[""业态丰富度""]",业态丰富度,关于持续推进城市更新行动的意见(业态引导),业态多元化引导;业态调整,"[[""urban_operation"", ""服务"", ""主""], [""urban_renewal"", ""服务"", ""次""]]",0.761,0,111.286879,30.69419
ermawu_T2_00741,ermawu,sim_ermawu_l3l4,保留原貌真有味道，修新如旧做得好,修旧如旧,urban_renewal,文化,0.688,Positive,pos,0.553,0.908,0.715,乐,历史街区,2025-07-17,2025-07 暑假·年轻人涌入打卡,0.639,aspect,修旧如旧,ermawu,ermawu,1,1,修旧如旧,pos,"[""修旧如旧""]",修旧如旧,防止大拆大建通知;关于持续推进城市更新行动的意见,历史街区/历史文化街区保护更新,"[[""urban_renewal"", ""文化"", ""主""], [""urban_operation"", ""文化"", ""次""]]",0.78,0,111.278777,30.696831
ermawu_T2_00742,ermawu,sim_ermawu_l3l4,五一10万人，体验拉胯,文旅活力,urban_operation,事件,0.362,Negative,neg,0.659,0.827,0.918,怒,历史街区,2025-07-13,2025-07 暑假·年轻人涌入打卡,0.482,aspect,文旅活力,ermawu,ermawu,1,1,文旅活力,neg,"[""文旅活力""]",文旅活力,"城市更新""十五五""规划(文脉保护;文旅)",文旅品牌;节假日活动组织,"[[""urban_operation"", ""事件"", ""主""], [""urban_operation"", ""文化"", ""次""]]",0.782,1,111.28491,30.692431
ermawu_T2_00743,ermawu,sim_ermawu_l3l4,业态有调性，不低端,业态丰富度,urban_operation,服务,0.78,Positive,pos,0.73,0.858,0.879,喜,历史街区,2025-07-06,2025-07 暑假·年轻人涌入打卡,0.425,aspect,业态丰富度,ermawu,ermawu,1,1,业态丰富度,pos,"[""业态丰富度""]",业态丰富度,关于持续推进城市更新行动的意见(业态引导),业态多元化引导;业态调整,"[[""urban_operation"", ""服务"", ""主""], [""urban_renewal"", ""服务"", ""次""]]",0.86,0,111.278301,30.700568
ermawu_T2_00744,ermawu,sim_ermawu_l3l4,周边夜市烟火升腾，烧烤烤鱼小吃全有,夜经济,urban_operation,事件,0.922,Very Positive,pos,0.414,0.861,0.866,乐,历史街区,2025-07-09,2025-07 暑假·年轻人涌入打卡,0.867,aspect,夜经济,ermawu,ermawu,1,1,夜经济,pos,"[""夜经济""]",夜经济,"城市更新""十五五""规划(生活圈扩围;夜经济)",一刻钟便民生活圈建设;夜经济品牌培育,"[[""urban_operation"", ""事件"", ""主""], [""urban_governance"", ""事件"", ""次""]]",0.786,1,111.275517,30.700065
ermawu_T2_00745,ermawu,sim_ermawu_l3l4,夜经济周边停车更难,夜经济,urban_operation,事件,0.291,Negative,neg,0.619,0.802,0.746,哀,历史街区,2025-07-29,2025-07 暑假·年轻人涌入打卡,0.613,aspect,夜经济,ermawu,ermawu,1,1,夜经济,neg,"[""夜经济""]",夜经济,"城市更新""十五五""规划(生活圈扩围;夜经济)",一刻钟便民生活圈建设;夜经济品牌培育,"[[""urban_operation"", ""事件"", ""主""], [""urban_governance"", ""事件"", ""次""]]",0.908,1,111.280262,30.695376
ermawu_T2_00746,ermawu,sim_ermawu_l3l4,周边夜市烟火升腾，烧烤烤鱼小吃全有,夜经济,urban_operation,事件,0.771,Positive,pos,0.686,0.877,0.856,乐,历史街区,2025-07-29,2025-07 暑假·年轻人涌入打卡,0.543,aspect,夜经济,ermawu,ermawu,1,1,夜经济,pos,"[""夜经济""]",夜经济,"城市更新""十五五""规划(生活圈扩围;夜经济)",一刻钟便民生活圈建设;夜经济品牌培育,"[[""urban_operation"", ""事件"", ""主""], [""urban_governance"", ""事件"", ""次""]]",0.88,1,111.27998,30.696557
ermawu_T2_00747,ermawu,sim_ermawu_l3l4,周边夜市烟火升腾，烧烤烤鱼小吃全有,夜经济,urban_operation,事件,0.845,Positive,pos,0.644,0.78,0.854,喜,历史街区,2025-07-20,2025-07 暑假·年轻人涌入打卡,0.695,aspect,夜经济,ermawu,ermawu,1,1,夜经济,pos,"[""夜经济""]",夜经济,"城市更新""十五五""规划(生活圈扩围;夜经济)",一刻钟便民生活圈建设;夜经济品牌培育,"[[""urban_operation"", ""事件"", ""主""], [""urban_governance"", ""事件"", ""次""]]",0.796,1,111.282621,30.697697
ermawu_T2_00748,ermawu,sim_ermawu_l3l4,下沉广场水景配老街，拍照绝佳,网红打卡,urban_operation,文化,0.777,Positive,pos,0.467,0.941,0.812,乐,历史街区,2025-07-28,2025-07 暑假·年轻人涌入打卡,0.452,aspect,网红打卡,ermawu,ermawu,1,1,网红打卡,pos,"[""网红打卡""]",网红打卡,"城市更新""十五五""规划(文脉保护传承)",文旅IP打造;文化消费场景,"[[""urban_operation"", ""文化"", ""主""], [""urban_operation"", ""事件"", ""次""]]",0.849,0,111.280648,30.697558
ermawu_T2_00749,ermawu,sim_ermawu_l3l4,打卡墙前要排队,网红打卡,urban_operation,文化,0.515,Neutral,neu,0.565,0.737,0.841,急,历史街区,2025-07-31,2025-07 暑假·年轻人涌入打卡,0.423,aspect,网红打卡,ermawu,ermawu,1,1,网红打卡,neu,"[""网红打卡""]",网红打卡,"城市更新""十五五""规划(文脉保护传承)",文旅IP打造;文化消费场景,"[[""urban_operation"", ""文化"", ""主""], [""urban_operation"", ""事件"", ""次""]]",0.833,0,111.280675,30.693011
ermawu_T2_00750,ermawu,sim_ermawu_l3l4,老味道流失，可惜,烟火气保留,urban_renewal,文化,0.183,Very Negative,neg,0.821,0.877,0.834,愁,历史街区,2025-07-16,2025-07 暑假·年轻人涌入打卡,0.859,aspect,烟火气保留,ermawu,ermawu,1,1,烟火气保留,neg,"[""烟火气保留""]",烟火气保留,防止大拆大建通知(留改拆·留底线),历史街区保护更新;社区营造,"[[""urban_renewal"", ""文化"", ""主""], [""urban_renewal"", ""环境"", ""次""]]",0.846,0,111.27842,30.696126
ermawu_T2_00751,ermawu,sim_ermawu_l3l4,五一日均1.5万人，百年老街出圈了,文旅活力,urban_operation,事件,0.745,Positive,pos,0.366,0.854,0.765,喜,历史街区,2025-07-03,2025-07 暑假·年轻人涌入打卡,0.772,aspect,文旅活力,ermawu,ermawu,1,1,文旅活力,pos,"[""文旅活力""]",文旅活力,"城市更新""十五五""规划(文脉保护;文旅)",文旅品牌;节假日活动组织,"[[""urban_operation"", ""事件"", ""主""], [""urban_operation"", ""文化"", ""次""]]",0.857,1,111.276506,30.694572
ermawu_T2_00752,ermawu,sim_ermawu_l3l4,"""宜昌""打卡墙出片，复古花墙绝了",网红打卡,urban_operation,文化,0.936,Positive,pos,0.542,0.782,0.783,喜,历史街区,2025-07-04,2025-07 暑假·年轻人涌入打卡,0.803,aspect,网红打卡,ermawu,ermawu,1,1,网红打卡,pos,"[""网红打卡""]",网红打卡,"城市更新""十五五""规划(文脉保护传承)",文旅IP打造;文化消费场景,"[[""urban_operation"", ""文化"", ""主""], [""urban_operation"", ""事件"", ""次""]]",0.93,0,111.283605,30.692299
ermawu_T2_00753,ermawu,sim_ermawu_l3l4,业态还在调整中,业态丰富度,urban_operation,服务,0.554,Neutral,neu,0.663,0.767,0.906,急,历史街区,2025-07-26,2025-07 暑假·年轻人涌入打卡,0.862,aspect,业态丰富度,ermawu,ermawu,1,1,业态丰富度,neu,"[""业态丰富度""]",业态丰富度,关于持续推进城市更新行动的意见(业态引导),业态多元化引导;业态调整,"[[""urban_operation"", ""服务"", ""主""], [""urban_renewal"", ""服务"", ""次""]]",0.863,0,111.282653,30.693543
ermawu_T2_00754,ermawu,sim_ermawu_l3l4,保留原貌真有味道，修新如旧做得好,修旧如旧,urban_renewal,文化,0.658,Positive,pos,0.485,0.799,0.799,喜,历史街区,2025-07-10,2025-07 暑假·年轻人涌入打卡,0.47,aspect,修旧如旧,ermawu,ermawu,1,1,修旧如旧,pos,"[""修旧如旧""]",修旧如旧,防止大拆大建通知;关于持续推进城市更新行动的意见,历史街区/历史文化街区保护更新,"[[""urban_renewal"", ""文化"", ""主""], [""urban_operation"", ""文化"", ""次""]]",0.695,0,111.272843,30.700384
ermawu_T2_00755,ermawu,sim_ermawu_l3l4,周边夜市烟火升腾，烧烤烤鱼小吃全有,夜经济,urban_operation,事件,0.953,Very Positive,pos,0.541,0.745,0.917,喜,历史街区,2025-07-16,2025-07 暑假·年轻人涌入打卡,0.668,aspect,夜经济,ermawu,ermawu,1,1,夜经济,pos,"[""夜经济""]",夜经济,"城市更新""十五五""规划(生活圈扩围;夜经济)",一刻钟便民生活圈建设;夜经济品牌培育,"[[""urban_operation"", ""事件"", ""主""], [""urban_governance"", ""事件"", ""次""]]",0.795,1,111.280446,30.693714
ermawu_T2_00756,ermawu,sim_ermawu_l3l4,连锁店太多，没特色,业态丰富度,urban_operation,服务,0.073,Very Negative,neg,0.821,0.785,0.702,哀,历史街区,2025-07-25,2025-07 暑假·年轻人涌入打卡,0.742,aspect,业态丰富度,ermawu,ermawu,1,1,业态丰富度,neg,"[""业态丰富度""]",业态丰富度,关于持续推进城市更新行动的意见(业态引导),业态多元化引导;业态调整,"[[""urban_operation"", ""服务"", ""主""], [""urban_renewal"", ""服务"", ""次""]]",0.931,0,111.287314,30.693216
ermawu_T2_00757,ermawu,sim_ermawu_l3l4,烟火气没了，商业化太重,烟火气保留,urban_renewal,文化,0.053,Very Negative,neg,0.704,0.931,0.734,怒,历史街区,2025-07-29,2025-07 暑假·年轻人涌入打卡,0.508,aspect,烟火气保留,ermawu,ermawu,1,1,烟火气保留,neg,"[""烟火气保留""]",烟火气保留,防止大拆大建通知(留改拆·留底线),历史街区保护更新;社区营造,"[[""urban_renewal"", ""文化"", ""主""], [""urban_renewal"", ""环境"", ""次""]]",0.767,0,111.28399,30.695365
ermawu_T2_00758,ermawu,sim_ermawu_l3l4,开街后人气回来了，热闹得像过年,文旅活力,urban_operation,事件,0.832,Very Positive,pos,0.69,0.858,0.812,喜,历史街区,2025-07-06,2025-07 暑假·年轻人涌入打卡,0.657,aspect,文旅活力,ermawu,ermawu,1,1,文旅活力,pos,"[""文旅活力""]",文旅活力,"城市更新""十五五""规划(文脉保护;文旅)",文旅品牌;节假日活动组织,"[[""urban_operation"", ""事件"", ""主""], [""urban_operation"", ""文化"", ""次""]]",0.698,1,111.279596,30.697192
ermawu_T2_00759,ermawu,sim_ermawu_l3l4,二马路修旧如旧，百年老街焕发新生,修旧如旧,urban_renewal,文化,0.718,Positive,pos,0.642,0.779,0.895,乐,历史街区,2025-07-15,2025-07 暑假·年轻人涌入打卡,0.734,aspect,修旧如旧,ermawu,ermawu,1,1,修旧如旧,pos,"[""修旧如旧""]",修旧如旧,防止大拆大建通知;关于持续推进城市更新行动的意见,历史街区/历史文化街区保护更新,"[[""urban_renewal"", ""文化"", ""主""], [""urban_operation"", ""文化"", ""次""]]",0.723,0,111.276616,30.698029
ermawu_T2_00760,ermawu,sim_ermawu_l3l4,既有文化味更有烟火气，难得,烟火气保留,urban_renewal,文化,0.644,Very Positive,pos,0.57,0.926,0.912,乐,历史街区,2025-07-18,2025-07 暑假·年轻人涌入打卡,0.541,aspect,烟火气保留,ermawu,ermawu,1,1,烟火气保留,pos,"[""烟火气保留""]",烟火气保留,防止大拆大建通知(留改拆·留底线),历史街区保护更新;社区营造,"[[""urban_renewal"", ""文化"", ""主""], [""urban_renewal"", ""环境"", ""次""]]",0.735,0,111.275669,30.694839
ermawu_T2_00761,ermawu,sim_ermawu_l3l4,业态都同质化了，走哪都一样,业态丰富度,urban_operation,服务,0.278,Negative,neg,0.928,0.917,0.861,哀,历史街区,2025-07-12,2025-07 暑假·年轻人涌入打卡,0.884,aspect,业态丰富度,ermawu,ermawu,1,1,业态丰富度,neg,"[""业态丰富度""]",业态丰富度,关于持续推进城市更新行动的意见(业态引导),业态多元化引导;业态调整,"[[""urban_operation"", ""服务"", ""主""], [""urban_renewal"", ""服务"", ""次""]]",0.709,0,111.279062,30.694783
ermawu_T2_00762,ermawu,sim_ermawu_l3l4,下沉广场水景配老街，拍照绝佳,网红打卡,urban_operation,文化,0.786,Very Positive,pos,0.659,0.743,0.717,乐,历史街区,2025-07-03,2025-07 暑假·年轻人涌入打卡,0.469,aspect,网红打卡,ermawu,ermawu,1,1,网红打卡,pos,"[""网红打卡""]",网红打卡,"城市更新""十五五""规划(文脉保护传承)",文旅IP打造;文化消费场景,"[[""urban_operation"", ""文化"", ""主""], [""urban_operation"", ""事件"", ""次""]]",0.777,0,111.280013,30.699093
ermawu_T2_00763,ermawu,sim_ermawu_l3l4,不变拆真改，原汁原味加分,修旧如旧,urban_renewal,文化,0.819,Positive,pos,0.626,0.88,0.893,喜,历史街区,2025-07-14,2025-07 暑假·年轻人涌入打卡,0.591,aspect,修旧如旧,ermawu,ermawu,1,1,修旧如旧,pos,"[""修旧如旧""]",修旧如旧,防止大拆大建通知;关于持续推进城市更新行动的意见,历史街区/历史文化街区保护更新,"[[""urban_renewal"", ""文化"", ""主""], [""urban_operation"", ""文化"", ""次""]]",0.828,0,111.282215,30.692955
ermawu_T2_00764,ermawu,sim_ermawu_l3l4,夜经济让老街活了,夜经济,urban_operation,事件,0.893,Positive,pos,0.372,0.946,0.717,喜,历史街区,2025-07-12,2025-07 暑假·年轻人涌入打卡,0.624,aspect,夜经济,ermawu,ermawu,1,1,夜经济,pos,"[""夜经济""]",夜经济,"城市更新""十五五""规划(生活圈扩围;夜经济)",一刻钟便民生活圈建设;夜经济品牌培育,"[[""urban_operation"", ""事件"", ""主""], [""urban_governance"", ""事件"", ""次""]]",0.941,1,111.283946,30.696306
ermawu_T2_00765,ermawu,sim_ermawu_l3l4,老建筑修得讲究，最小干预看出功夫,修旧如旧,urban_renewal,文化,0.558,Neutral,neu,0.789,0.808,0.766,盼,历史街区,2025-07-24,2025-07 暑假·年轻人涌入打卡,0.661,aspect,修旧如旧,ermawu,ermawu,1,1,修旧如旧,neu,"[""修旧如旧""]",修旧如旧,防止大拆大建通知;关于持续推进城市更新行动的意见,历史街区/历史文化街区保护更新,"[[""urban_renewal"", ""文化"", ""主""], [""urban_operation"", ""文化"", ""次""]]",0.806,0,111.27562,30.694924
ermawu_T2_00766,ermawu,sim_ermawu_l3l4,改造还在施工，吵得受不了,施工扰民,urban_governance,环境,0.242,Negative,neg,0.695,0.906,0.865,愁,历史街区,2025-07-24,2025-07 暑假·年轻人涌入打卡,0.538,aspect,施工扰民,ermawu,ermawu,1,1,施工扰民,neg,"[""施工扰民""]",施工扰民,城市体检评估管理办法(施工期扰民),老旧小区改造;施工组织优化,"[[""urban_governance"", ""环境"", ""主""], [""urban_renewal"", ""设施"", ""次""]]",0.881,0,111.279775,30.699167
ermawu_T2_00767,ermawu,sim_ermawu_l3l4,打卡墙前要排队,网红打卡,urban_operation,文化,0.527,Neutral,neu,0.4,0.777,0.834,急,历史街区,2025-07-28,2025-07 暑假·年轻人涌入打卡,0.418,aspect,网红打卡,ermawu,ermawu,1,1,网红打卡,neu,"[""网红打卡""]",网红打卡,"城市更新""十五五""规划(文脉保护传承)",文旅IP打造;文化消费场景,"[[""urban_operation"", ""文化"", ""主""], [""urban_operation"", ""事件"", ""次""]]",0.92,0,111.275696,30.699535
ermawu_T2_00768,ermawu,sim_ermawu_l3l4,期待焕新效果,文旅活力,urban_operation,事件,0.433,Neutral,neu,0.702,0.724,0.881,盼,历史街区,2025-07-22,2025-07 暑假·年轻人涌入打卡,0.618,aspect,文旅活力,ermawu,ermawu,1,1,文旅活力,neu,"[""文旅活力""]",文旅活力,"城市更新""十五五""规划(文脉保护;文旅)",文旅品牌;节假日活动组织,"[[""urban_operation"", ""事件"", ""主""], [""urban_operation"", ""文化"", ""次""]]",0.843,1,111.279071,30.698352
ermawu_T2_00769,ermawu,sim_ermawu_l3l4,不变拆真改，原汁原味加分,修旧如旧,urban_renewal,文化,0.838,Positive,pos,0.688,0.83,0.757,乐,历史街区,2025-07-14,2025-07 暑假·年轻人涌入打卡,0.738,aspect,修旧如旧,ermawu,ermawu,1,1,修旧如旧,pos,"[""修旧如旧""]",修旧如旧,防止大拆大建通知;关于持续推进城市更新行动的意见,历史街区/历史文化街区保护更新,"[[""urban_renewal"", ""文化"", ""主""], [""urban_operation"", ""文化"", ""次""]]",0.855,0,111.28713,30.69555
ermawu_T2_00770,ermawu,sim_ermawu_l3l4,夜幕降临热闹起来，有活力,夜经济,urban_operation,事件,0.83,Very Positive,pos,0.694,0.909,0.74,喜,历史街区,2025-07-03,2025-07 暑假·年轻人涌入打卡,0.86,aspect,夜经济,ermawu,ermawu,1,1,夜经济,pos,"[""夜经济""]",夜经济,"城市更新""十五五""规划(生活圈扩围;夜经济)",一刻钟便民生活圈建设;夜经济品牌培育,"[[""urban_operation"", ""事件"", ""主""], [""urban_governance"", ""事件"", ""次""]]",0.913,1,111.284741,30.692659
ermawu_T2_00771,ermawu,sim_ermawu_l3l4,二马路成了网红打卡地，年轻人多,网红打卡,urban_operation,文化,0.908,Positive,pos,0.7,0.903,0.879,乐,历史街区,2025-07-25,2025-07 暑假·年轻人涌入打卡,0.549,aspect,网红打卡,ermawu,ermawu,1,1,网红打卡,pos,"[""网红打卡""]",网红打卡,"城市更新""十五五""规划(文脉保护传承)",文旅IP打造;文化消费场景,"[[""urban_operation"", ""文化"", ""主""], [""urban_operation"", ""事件"", ""次""]]",0.783,0,111.283102,30.695517
ermawu_T2_00772,ermawu,sim_ermawu_l3l4,夜经济周边停车更难,夜经济,urban_operation,事件,0.395,Negative,neg,0.674,0.924,0.788,愁,历史街区,2025-07-18,2025-07 暑假·年轻人涌入打卡,0.879,aspect,夜经济,ermawu,ermawu,1,1,夜经济,neg,"[""夜经济""]",夜经济,"城市更新""十五五""规划(生活圈扩围;夜经济)",一刻钟便民生活圈建设;夜经济品牌培育,"[[""urban_operation"", ""事件"", ""主""], [""urban_governance"", ""事件"", ""次""]]",0.695,1,111.280498,30.697714
ermawu_T2_00773,ermawu,sim_ermawu_l3l4,保留原貌真有味道，修新如旧做得好,修旧如旧,urban_renewal,文化,0.902,Very Positive,pos,0.713,0.791,0.83,喜,历史街区,2025-07-25,2025-07 暑假·年轻人涌入打卡,0.571,aspect,修旧如旧,ermawu,ermawu,1,1,修旧如旧,pos,"[""修旧如旧""]",修旧如旧,防止大拆大建通知;关于持续推进城市更新行动的意见,历史街区/历史文化街区保护更新,"[[""urban_renewal"", ""文化"", ""主""], [""urban_operation"", ""文化"", ""次""]]",0.729,0,111.28004,30.693984
ermawu_T2_00774,ermawu,sim_ermawu_l3l4,二马路成了网红打卡地，年轻人多,网红打卡,urban_operation,文化,0.778,Very Positive,pos,0.48,0.732,0.789,喜,历史街区,2025-07-22,2025-07 暑假·年轻人涌入打卡,0.409,aspect,网红打卡,ermawu,ermawu,1,1,网红打卡,pos,"[""网红打卡""]",网红打卡,"城市更新""十五五""规划(文脉保护传承)",文旅IP打造;文化消费场景,"[[""urban_operation"", ""文化"", ""主""], [""urban_operation"", ""事件"", ""次""]]",0.771,0,111.279082,30.692019
ermawu_T2_00775,ermawu,sim_ermawu_l3l4,打卡墙前要排队,网红打卡,urban_operation,文化,0.484,Neutral,neu,0.622,0.77,0.842,盼,历史街区,2025-07-09,2025-07 暑假·年轻人涌入打卡,0.714,aspect,网红打卡,ermawu,ermawu,1,1,网红打卡,neu,"[""网红打卡""]",网红打卡,"城市更新""十五五""规划(文脉保护传承)",文旅IP打造;文化消费场景,"[[""urban_operation"", ""文化"", ""主""], [""urban_operation"", ""事件"", ""次""]]",0.943,0,111.273691,30.700052
ermawu_T2_00776,ermawu,sim_ermawu_l3l4,原住民迁走，没了生活气,烟火气保留,urban_renewal,文化,0.327,Very Negative,neg,0.652,0.946,0.866,哀,历史街区,2025-07-25,2025-07 暑假·年轻人涌入打卡,0.684,aspect,烟火气保留,ermawu,ermawu,1,1,烟火气保留,neg,"[""烟火气保留""]",烟火气保留,防止大拆大建通知(留改拆·留底线),历史街区保护更新;社区营造,"[[""urban_renewal"", ""文化"", ""主""], [""urban_renewal"", ""环境"", ""次""]]",0.729,0,111.27365,30.696509
ermawu_T2_00777,ermawu,sim_ermawu_l3l4,业态还在调整中,业态丰富度,urban_operation,服务,0.495,Neutral,neu,0.754,0.909,0.887,急,历史街区,2025-07-20,2025-07 暑假·年轻人涌入打卡,0.851,aspect,业态丰富度,ermawu,ermawu,1,1,业态丰富度,neu,"[""业态丰富度""]",业态丰富度,关于持续推进城市更新行动的意见(业态引导),业态多元化引导;业态调整,"[[""urban_operation"", ""服务"", ""主""], [""urban_renewal"", ""服务"", ""次""]]",0.749,0,111.284177,30.69452
ermawu_T2_00778,ermawu,sim_ermawu_l3l4,业态都同质化了，走哪都一样,业态丰富度,urban_operation,服务,0.097,Negative,neg,0.694,0.916,0.793,怒,历史街区,2025-07-28,2025-07 暑假·年轻人涌入打卡,0.576,aspect,业态丰富度,ermawu,ermawu,1,1,业态丰富度,neg,"[""业态丰富度""]",业态丰富度,关于持续推进城市更新行动的意见(业态引导),业态多元化引导;业态调整,"[[""urban_operation"", ""服务"", ""主""], [""urban_renewal"", ""服务"", ""次""]]",0.702,0,111.280083,30.695522
ermawu_T2_00779,ermawu,sim_ermawu_l3l4,夜幕降临热闹起来，有活力,夜经济,urban_operation,事件,0.782,Positive,pos,0.743,0.733,0.777,喜,历史街区,2025-07-06,2025-07 暑假·年轻人涌入打卡,0.702,aspect,夜经济,ermawu,ermawu,1,1,夜经济,pos,"[""夜经济""]",夜经济,"城市更新""十五五""规划(生活圈扩围;夜经济)",一刻钟便民生活圈建设;夜经济品牌培育,"[[""urban_operation"", ""事件"", ""主""], [""urban_governance"", ""事件"", ""次""]]",0.737,1,111.279984,30.696063
ermawu_T2_00780,ermawu,sim_ermawu_l3l4,不变拆真改，原汁原味加分,修旧如旧,urban_renewal,文化,0.633,Positive,pos,0.588,0.736,0.869,乐,历史街区,2025-07-26,2025-07 暑假·年轻人涌入打卡,0.72,aspect,修旧如旧,ermawu,ermawu,1,1,修旧如旧,pos,"[""修旧如旧""]",修旧如旧,防止大拆大建通知;关于持续推进城市更新行动的意见,历史街区/历史文化街区保护更新,"[[""urban_renewal"", ""文化"", ""主""], [""urban_operation"", ""文化"", ""次""]]",0.774,0,111.274567,30.698691
ermawu_T2_00781,ermawu,sim_ermawu_l3l4,夜经济周边停车更难,夜经济,urban_operation,事件,0.219,Very Negative,neg,0.571,0.909,0.768,怒,历史街区,2025-07-04,2025-07 暑假·年轻人涌入打卡,0.485,aspect,夜经济,ermawu,ermawu,1,1,夜经济,neg,"[""夜经济""]",夜经济,"城市更新""十五五""规划(生活圈扩围;夜经济)",一刻钟便民生活圈建设;夜经济品牌培育,"[[""urban_operation"", ""事件"", ""主""], [""urban_governance"", ""事件"", ""次""]]",0.836,1,111.285002,30.690966
ermawu_T2_00782,ermawu,sim_ermawu_l3l4,业态都同质化了，走哪都一样,业态丰富度,urban_operation,服务,0.089,Negative,neg,0.568,0.894,0.899,哀,历史街区,2025-07-17,2025-07 暑假·年轻人涌入打卡,0.523,aspect,业态丰富度,ermawu,ermawu,1,1,业态丰富度,neg,"[""业态丰富度""]",业态丰富度,关于持续推进城市更新行动的意见(业态引导),业态多元化引导;业态调整,"[[""urban_operation"", ""服务"", ""主""], [""urban_renewal"", ""服务"", ""次""]]",0.774,0,111.283715,30.69538
ermawu_T2_00783,ermawu,sim_ermawu_l3l4,夜经济让老街活了,夜经济,urban_operation,事件,0.763,Very Positive,pos,0.626,0.916,0.915,喜,历史街区,2025-07-14,2025-07 暑假·年轻人涌入打卡,0.427,aspect,夜经济,ermawu,ermawu,1,1,夜经济,pos,"[""夜经济""]",夜经济,"城市更新""十五五""规划(生活圈扩围;夜经济)",一刻钟便民生活圈建设;夜经济品牌培育,"[[""urban_operation"", ""事件"", ""主""], [""urban_governance"", ""事件"", ""次""]]",0.738,1,111.275358,30.698593
ermawu_T2_00784,ermawu,sim_ermawu_l3l4,开街后保洁跟上了,垃圾秩序,urban_governance,环境,0.535,Neutral,neu,0.486,0.904,0.903,盼,历史街区,2025-07-06,2025-07 暑假·年轻人涌入打卡,0.661,aspect,垃圾秩序,ermawu,ermawu,1,1,垃圾秩序,neu,"[""垃圾秩序""]",垃圾秩序,城市更新行动意见(市容治理),市容环境治理;垃圾分类,"[[""urban_governance"", ""环境"", ""主""], [""urban_governance"", ""服务"", ""次""]]",0.876,0,111.276262,30.698063
ermawu_T2_00785,ermawu,sim_ermawu_l3l4,既有文化味更有烟火气，难得,烟火气保留,urban_renewal,文化,0.868,Positive,pos,0.769,0.803,0.909,喜,历史街区,2025-07-03,2025-07 暑假·年轻人涌入打卡,0.73,aspect,烟火气保留,ermawu,ermawu,1,1,烟火气保留,pos,"[""烟火气保留""]",烟火气保留,防止大拆大建通知(留改拆·留底线),历史街区保护更新;社区营造,"[[""urban_renewal"", ""文化"", ""主""], [""urban_renewal"", ""环境"", ""次""]]",0.858,0,111.280892,30.695218
ermawu_T2_00786,ermawu,sim_ermawu_l3l4,人太多挤得慌，根本走不动,文旅活力,urban_operation,事件,0.12,Very Negative,neg,0.896,0.899,0.773,怒,历史街区,2025-07-17,2025-07 暑假·年轻人涌入打卡,0.416,aspect,文旅活力,ermawu,ermawu,1,1,文旅活力,neg,"[""文旅活力""]",文旅活力,"城市更新""十五五""规划(文脉保护;文旅)",文旅品牌;节假日活动组织,"[[""urban_operation"", ""事件"", ""主""], [""urban_operation"", ""文化"", ""次""]]",0.851,1,111.281568,30.694134
ermawu_T2_00787,ermawu,sim_ermawu_l3l4,五一日均1.5万人，百年老街出圈了,文旅活力,urban_operation,事件,0.716,Positive,pos,0.526,0.948,0.833,喜,历史街区,2025-07-11,2025-07 暑假·年轻人涌入打卡,0.661,aspect,文旅活力,ermawu,ermawu,1,1,文旅活力,pos,"[""文旅活力""]",文旅活力,"城市更新""十五五""规划(文脉保护;文旅)",文旅品牌;节假日活动组织,"[[""urban_operation"", ""事件"", ""主""], [""urban_operation"", ""文化"", ""次""]]",0.751,1,111.280971,30.697735
ermawu_T2_00788,ermawu,sim_ermawu_l3l4,小众免费出片，本地人私藏,网红打卡,urban_operation,文化,0.724,Very Positive,pos,0.718,0.738,0.863,喜,历史街区,2025-07-17,2025-07 暑假·年轻人涌入打卡,0.655,aspect,网红打卡,ermawu,ermawu,1,1,网红打卡,pos,"[""网红打卡""]",网红打卡,"城市更新""十五五""规划(文脉保护传承)",文旅IP打造;文化消费场景,"[[""urban_operation"", ""文化"", ""主""], [""urban_operation"", ""事件"", ""次""]]",0.807,0,111.28539,30.691194
ermawu_T2_00789,ermawu,sim_ermawu_l3l4,老建筑修得讲究，最小干预看出功夫,修旧如旧,urban_renewal,文化,0.766,Very Positive,pos,0.674,0.902,0.801,乐,历史街区,2025-07-06,2025-07 暑假·年轻人涌入打卡,0.41,aspect,修旧如旧,ermawu,ermawu,1,1,修旧如旧,pos,"[""修旧如旧""]",修旧如旧,防止大拆大建通知;关于持续推进城市更新行动的意见,历史街区/历史文化街区保护更新,"[[""urban_renewal"", ""文化"", ""主""], [""urban_operation"", ""文化"", ""次""]]",0.823,0,111.287641,30.695472
ermawu_T2_00790,ermawu,sim_ermawu_l3l4,二马路修旧如旧，百年老街焕发新生,修旧如旧,urban_renewal,文化,0.764,Positive,pos,0.661,0.827,0.82,喜,历史街区,2025-07-17,2025-07 暑假·年轻人涌入打卡,0.429,aspect,修旧如旧,ermawu,ermawu,1,1,修旧如旧,pos,"[""修旧如旧""]",修旧如旧,防止大拆大建通知;关于持续推进城市更新行动的意见,历史街区/历史文化街区保护更新,"[[""urban_renewal"", ""文化"", ""主""], [""urban_operation"", ""文化"", ""次""]]",0.815,0,111.277747,30.699851
ermawu_T2_00791,ermawu,sim_ermawu_l3l4,下沉广场水景配老街，拍照绝佳,网红打卡,urban_operation,文化,0.743,Very Positive,pos,0.631,0.909,0.898,乐,历史街区,2025-07-05,2025-07 暑假·年轻人涌入打卡,0.676,aspect,网红打卡,ermawu,ermawu,1,1,网红打卡,pos,"[""网红打卡""]",网红打卡,"城市更新""十五五""规划(文脉保护传承)",文旅IP打造;文化消费场景,"[[""urban_operation"", ""文化"", ""主""], [""urban_operation"", ""事件"", ""次""]]",0.761,0,111.277829,30.698797
ermawu_T2_00792,ermawu,sim_ermawu_l3l4,夜经济让老街活了,夜经济,urban_operation,事件,0.698,Very Positive,pos,0.478,0.724,0.744,喜,历史街区,2025-07-13,2025-07 暑假·年轻人涌入打卡,0.746,aspect,夜经济,ermawu,ermawu,1,1,夜经济,pos,"[""夜经济""]",夜经济,"城市更新""十五五""规划(生活圈扩围;夜经济)",一刻钟便民生活圈建设;夜经济品牌培育,"[[""urban_operation"", ""事件"", ""主""], [""urban_governance"", ""事件"", ""次""]]",0.871,1,111.280446,30.696919
ermawu_T2_00793,ermawu,sim_ermawu_l3l4,周边夜市烟火升腾，烧烤烤鱼小吃全有,夜经济,urban_operation,事件,0.67,Positive,pos,0.714,0.887,0.848,喜,历史街区,2025-07-31,2025-07 暑假·年轻人涌入打卡,0.809,aspect,夜经济,ermawu,ermawu,1,1,夜经济,pos,"[""夜经济""]",夜经济,"城市更新""十五五""规划(生活圈扩围;夜经济)",一刻钟便民生活圈建设;夜经济品牌培育,"[[""urban_operation"", ""事件"", ""主""], [""urban_governance"", ""事件"", ""次""]]",0.682,1,111.278141,30.699622
ermawu_T2_00794,ermawu,sim_ermawu_l3l4,烟火气这东西见仁见智,烟火气保留,urban_renewal,文化,0.499,Neutral,neu,0.788,0.741,0.916,急,历史街区,2025-07-03,2025-07 暑假·年轻人涌入打卡,0.894,aspect,烟火气保留,ermawu,ermawu,1,1,烟火气保留,neu,"[""烟火气保留""]",烟火气保留,防止大拆大建通知(留改拆·留底线),历史街区保护更新;社区营造,"[[""urban_renewal"", ""文化"", ""主""], [""urban_renewal"", ""环境"", ""次""]]",0.776,0,111.28013,30.697252
ermawu_T2_00795,ermawu,sim_ermawu_l3l4,五一日均1.5万人，百年老街出圈了,文旅活力,urban_operation,事件,0.743,Very Positive,pos,0.585,0.886,0.755,乐,历史街区,2025-07-07,2025-07 暑假·年轻人涌入打卡,0.618,aspect,文旅活力,ermawu,ermawu,1,1,文旅活力,pos,"[""文旅活力""]",文旅活力,"城市更新""十五五""规划(文脉保护;文旅)",文旅品牌;节假日活动组织,"[[""urban_operation"", ""事件"", ""主""], [""urban_operation"", ""文化"", ""次""]]",0.708,1,111.281906,30.696185
ermawu_T2_00796,ermawu,sim_ermawu_l3l4,不变拆真改，原汁原味加分,修旧如旧,urban_renewal,文化,0.903,Positive,pos,0.758,0.745,0.905,喜,历史街区,2025-07-07,2025-07 暑假·年轻人涌入打卡,0.463,aspect,修旧如旧,ermawu,ermawu,1,1,修旧如旧,pos,"[""修旧如旧""]",修旧如旧,防止大拆大建通知;关于持续推进城市更新行动的意见,历史街区/历史文化街区保护更新,"[[""urban_renewal"", ""文化"", ""主""], [""urban_operation"", ""文化"", ""次""]]",0.899,0,111.280086,30.693101
ermawu_T2_00797,ermawu,sim_ermawu_l3l4,烟火气没了，商业化太重,烟火气保留,urban_renewal,文化,0.324,Very Negative,neg,0.848,0.943,0.79,哀,历史街区,2025-07-25,2025-07 暑假·年轻人涌入打卡,0.739,aspect,烟火气保留,ermawu,ermawu,1,1,烟火气保留,neg,"[""烟火气保留""]",烟火气保留,防止大拆大建通知(留改拆·留底线),历史街区保护更新;社区营造,"[[""urban_renewal"", ""文化"", ""主""], [""urban_renewal"", ""环境"", ""次""]]",0.747,0,111.286356,30.691883
ermawu_T2_00798,ermawu,sim_ermawu_l3l4,原住民留着，街区还活着,烟火气保留,urban_renewal,文化,0.634,Positive,pos,0.323,0.901,0.883,喜,历史街区,2025-07-11,2025-07 暑假·年轻人涌入打卡,0.58,aspect,烟火气保留,ermawu,ermawu,1,1,烟火气保留,pos,"[""烟火气保留""]",烟火气保留,防止大拆大建通知(留改拆·留底线),历史街区保护更新;社区营造,"[[""urban_renewal"", ""文化"", ""主""], [""urban_renewal"", ""环境"", ""次""]]",0.728,0,111.279428,30.702472
ermawu_T2_00799,ermawu,sim_ermawu_l3l4,老味道还在，没变味,烟火气保留,urban_renewal,文化,0.916,Very Positive,pos,0.381,0.821,0.769,喜,历史街区,2025-07-23,2025-07 暑假·年轻人涌入打卡,0.577,aspect,烟火气保留,ermawu,ermawu,1,1,烟火气保留,pos,"[""烟火气保留""]",烟火气保留,防止大拆大建通知(留改拆·留底线),历史街区保护更新;社区营造,"[[""urban_renewal"", ""文化"", ""主""], [""urban_renewal"", ""环境"", ""次""]]",0.823,0,111.286207,30.695393
