id_e,scope,source,text,keywords,domain,element,score,polarity,polarity_hint,emotion_intensity,l1_confidence,l2_confidence,emotion_type,category,timestamp,time_label,urban_value,target_type,target_detail,area_tag,zone,has_location,relevance,aspect_primary,aspect_polarity,aspects_json,semantic_target,policy_seed,project_seed,matrix_multi,attribution_confidence,blind_spot,lon,lat
ermawu_T3_00000,ermawu,sim_ermawu_l3l4,老建筑修得讲究，最小干预看出功夫,修旧如旧,urban_renewal,文化,0.933,Very Positive,pos,0.338,0.824,0.882,喜,历史街区,2026-05-02,2026-05 五一·大南门建成文旅爆满,0.7,aspect,修旧如旧,ermawu,ermawu,1,1,修旧如旧,pos,"[""修旧如旧""]",修旧如旧,防止大拆大建通知;关于持续推进城市更新行动的意见,历史街区/历史文化街区保护更新,"[[""urban_renewal"", ""文化"", ""主""], [""urban_operation"", ""文化"", ""次""]]",0.849,0,111.282456,30.696922
ermawu_T3_00001,ermawu,sim_ermawu_l3l4,打卡墙前要排队,网红打卡,urban_operation,文化,0.538,Neutral,neu,0.798,0.831,0.827,急,历史街区,2026-05-03,2026-05 五一·大南门建成文旅爆满,0.883,aspect,网红打卡,ermawu,ermawu,1,1,网红打卡,neu,"[""网红打卡""]",网红打卡,"城市更新""十五五""规划(文脉保护传承)",文旅IP打造;文化消费场景,"[[""urban_operation"", ""文化"", ""主""], [""urban_operation"", ""事件"", ""次""]]",0.753,0,111.28013,30.693682
ermawu_T3_00002,ermawu,sim_ermawu_l3l4,二马路成了网红打卡地，年轻人多,网红打卡,urban_operation,文化,0.717,Very Positive,pos,0.626,0.927,0.873,喜,历史街区,2026-05-01,2026-05 五一·大南门建成文旅爆满,0.684,aspect,网红打卡,ermawu,ermawu,1,1,网红打卡,pos,"[""网红打卡""]",网红打卡,"城市更新""十五五""规划(文脉保护传承)",文旅IP打造;文化消费场景,"[[""urban_operation"", ""文化"", ""主""], [""urban_operation"", ""事件"", ""次""]]",0.945,0,111.273177,30.697497
ermawu_T3_00003,ermawu,sim_ermawu_l3l4,开街后人气回来了，热闹得像过年,文旅活力,urban_operation,事件,0.896,Very Positive,pos,0.609,0.854,0.772,乐,历史街区,2026-05-05,2026-05 五一·大南门建成文旅爆满,0.671,aspect,文旅活力,ermawu,ermawu,1,1,文旅活力,pos,"[""文旅活力""]",文旅活力,"城市更新""十五五""规划(文脉保护;文旅)",文旅品牌;节假日活动组织,"[[""urban_operation"", ""事件"", ""主""], [""urban_operation"", ""文化"", ""次""]]",0.82,1,111.285659,30.690911
ermawu_T3_00004,ermawu,sim_ermawu_l3l4,回迁政策还在等落实,回迁安置,urban_renewal,服务,0.557,Neutral,neu,0.747,0.736,0.843,急,历史街区,2026-05-06,2026-05 五一·大南门建成文旅爆满,0.726,aspect,回迁安置,ermawu,ermawu,1,1,回迁安置,neu,"[""回迁安置""]",回迁安置,防止大拆大建通知(不大规模搬迁原住民),回迁安置;原住民保留,"[[""urban_renewal"", ""服务"", ""主""], [""urban_governance"", ""服务"", ""次""]]",0.949,0,111.27914,30.699131
ermawu_T3_00005,ermawu,sim_ermawu_l3l4,烟火气这东西见仁见智,烟火气保留,urban_renewal,文化,0.413,Neutral,neu,0.393,0.863,0.745,盼,历史街区,2026-05-01,2026-05 五一·大南门建成文旅爆满,0.858,aspect,烟火气保留,ermawu,ermawu,1,1,烟火气保留,neu,"[""烟火气保留""]",烟火气保留,防止大拆大建通知(留改拆·留底线),历史街区保护更新;社区营造,"[[""urban_renewal"", ""文化"", ""主""], [""urban_renewal"", ""环境"", ""次""]]",0.758,0,111.272226,30.699856
ermawu_T3_00006,ermawu,sim_ermawu_l3l4,开街后人气回来了，热闹得像过年,文旅活力,urban_operation,事件,0.873,Very Positive,pos,0.513,0.933,0.882,乐,历史街区,2026-05-03,2026-05 五一·大南门建成文旅爆满,0.495,aspect,文旅活力,ermawu,ermawu,1,1,文旅活力,pos,"[""文旅活力""]",文旅活力,"城市更新""十五五""规划(文脉保护;文旅)",文旅品牌;节假日活动组织,"[[""urban_operation"", ""事件"", ""主""], [""urban_operation"", ""文化"", ""次""]]",0.904,1,111.284055,30.69486
ermawu_T3_00007,ermawu,sim_ermawu_l3l4,业态都同质化了，走哪都一样,业态丰富度,urban_operation,服务,0.377,Very Negative,neg,0.765,0.945,0.902,愁,历史街区,2026-05-02,2026-05 五一·大南门建成文旅爆满,0.65,aspect,业态丰富度,ermawu,ermawu,1,1,业态丰富度,neg,"[""业态丰富度""]",业态丰富度,关于持续推进城市更新行动的意见(业态引导),业态多元化引导;业态调整,"[[""urban_operation"", ""服务"", ""主""], [""urban_renewal"", ""服务"", ""次""]]",0.815,0,111.274941,30.695411
ermawu_T3_00008,ermawu,sim_ermawu_l3l4,不大规模搬迁是对的，老街坊还在,回迁安置,urban_renewal,服务,0.944,Positive,pos,0.455,0.818,0.832,喜,历史街区,2026-05-05,2026-05 五一·大南门建成文旅爆满,0.735,aspect,回迁安置,ermawu,ermawu,1,1,回迁安置,pos,"[""回迁安置""]",回迁安置,防止大拆大建通知(不大规模搬迁原住民),回迁安置;原住民保留,"[[""urban_renewal"", ""服务"", ""主""], [""urban_governance"", ""服务"", ""次""]]",0.845,0,111.280384,30.694072
ermawu_T3_00009,ermawu,sim_ermawu_l3l4,回迁满意，原样回来住着踏实,回迁安置,urban_renewal,服务,0.955,Very Positive,pos,0.304,0.822,0.829,乐,历史街区,2026-05-05,2026-05 五一·大南门建成文旅爆满,0.654,aspect,回迁安置,ermawu,ermawu,1,1,回迁安置,pos,"[""回迁安置""]",回迁安置,防止大拆大建通知(不大规模搬迁原住民),回迁安置;原住民保留,"[[""urban_renewal"", ""服务"", ""主""], [""urban_governance"", ""服务"", ""次""]]",0.745,0,111.287217,30.694177
ermawu_T3_00010,ermawu,sim_ermawu_l3l4,开街后人气回来了，热闹得像过年,文旅活力,urban_operation,事件,0.693,Positive,pos,0.458,0.886,0.754,喜,历史街区,2026-05-02,2026-05 五一·大南门建成文旅爆满,0.654,aspect,文旅活力,ermawu,ermawu,1,1,文旅活力,pos,"[""文旅活力""]",文旅活力,"城市更新""十五五""规划(文脉保护;文旅)",文旅品牌;节假日活动组织,"[[""urban_operation"", ""事件"", ""主""], [""urban_operation"", ""文化"", ""次""]]",0.822,1,111.276007,30.696988
ermawu_T3_00011,ermawu,sim_ermawu_l3l4,人太多挤得慌，根本走不动,文旅活力,urban_operation,事件,0.258,Negative,neg,0.72,0.723,0.749,怒,历史街区,2026-05-07,2026-05 五一·大南门建成文旅爆满,0.759,aspect,文旅活力,ermawu,ermawu,1,1,文旅活力,neg,"[""文旅活力""]",文旅活力,"城市更新""十五五""规划(文脉保护;文旅)",文旅品牌;节假日活动组织,"[[""urban_operation"", ""事件"", ""主""], [""urban_operation"", ""文化"", ""次""]]",0.885,1,111.279261,30.698009
ermawu_T3_00012,ermawu,sim_ermawu_l3l4,回迁满意，原样回来住着踏实,回迁安置,urban_renewal,服务,0.655,Very Positive,pos,0.424,0.823,0.797,乐,历史街区,2026-05-06,2026-05 五一·大南门建成文旅爆满,0.631,aspect,回迁安置,ermawu,ermawu,1,1,回迁安置,pos,"[""回迁安置""]",回迁安置,防止大拆大建通知(不大规模搬迁原住民),回迁安置;原住民保留,"[[""urban_renewal"", ""服务"", ""主""], [""urban_governance"", ""服务"", ""次""]]",0.847,0,111.280067,30.693652
ermawu_T3_00013,ermawu,sim_ermawu_l3l4,"""宜昌""打卡墙出片，复古花墙绝了",网红打卡,urban_operation,文化,0.798,Very Positive,pos,0.324,0.794,0.822,乐,历史街区,2026-05-03,2026-05 五一·大南门建成文旅爆满,0.446,aspect,网红打卡,ermawu,ermawu,1,1,网红打卡,pos,"[""网红打卡""]",网红打卡,"城市更新""十五五""规划(文脉保护传承)",文旅IP打造;文化消费场景,"[[""urban_operation"", ""文化"", ""主""], [""urban_operation"", ""事件"", ""次""]]",0.822,0,111.281994,30.69966
ermawu_T3_00014,ermawu,sim_ermawu_l3l4,保留原貌真有味道，修新如旧做得好,修旧如旧,urban_renewal,文化,0.864,Positive,pos,0.382,0.878,0.906,乐,历史街区,2026-05-02,2026-05 五一·大南门建成文旅爆满,0.485,aspect,修旧如旧,ermawu,ermawu,1,1,修旧如旧,pos,"[""修旧如旧""]",修旧如旧,防止大拆大建通知;关于持续推进城市更新行动的意见,历史街区/历史文化街区保护更新,"[[""urban_renewal"", ""文化"", ""主""], [""urban_operation"", ""文化"", ""次""]]",0.743,0,111.281936,30.693538
ermawu_T3_00015,ermawu,sim_ermawu_l3l4,开街后保洁跟上了,垃圾秩序,urban_governance,环境,0.626,Very Positive,pos,0.462,0.864,0.705,喜,历史街区,2026-05-05,2026-05 五一·大南门建成文旅爆满,0.666,aspect,垃圾秩序,ermawu,ermawu,1,1,垃圾秩序,pos,"[""垃圾秩序""]",垃圾秩序,城市更新行动意见(市容治理),市容环境治理;垃圾分类,"[[""urban_governance"", ""环境"", ""主""], [""urban_governance"", ""服务"", ""次""]]",0.937,0,111.282354,30.69393
ermawu_T3_00016,ermawu,sim_ermawu_l3l4,原住民迁走，没了生活气,烟火气保留,urban_renewal,文化,0.116,Very Negative,neg,0.812,0.89,0.918,怒,历史街区,2026-05-05,2026-05 五一·大南门建成文旅爆满,0.881,aspect,烟火气保留,ermawu,ermawu,1,1,烟火气保留,neg,"[""烟火气保留""]",烟火气保留,防止大拆大建通知(留改拆·留底线),历史街区保护更新;社区营造,"[[""urban_renewal"", ""文化"", ""主""], [""urban_renewal"", ""环境"", ""次""]]",0.698,0,111.278678,30.697331
ermawu_T3_00017,ermawu,sim_ermawu_l3l4,回迁满意，原样回来住着踏实,回迁安置,urban_renewal,服务,0.815,Very Positive,pos,0.357,0.944,0.725,乐,历史街区,2026-05-01,2026-05 五一·大南门建成文旅爆满,0.71,aspect,回迁安置,ermawu,ermawu,1,1,回迁安置,pos,"[""回迁安置""]",回迁安置,防止大拆大建通知(不大规模搬迁原住民),回迁安置;原住民保留,"[[""urban_renewal"", ""服务"", ""主""], [""urban_governance"", ""服务"", ""次""]]",0.682,0,111.284949,30.693164
ermawu_T3_00018,ermawu,sim_ermawu_l3l4,开街后保洁跟上了,垃圾秩序,urban_governance,环境,0.735,Very Positive,pos,0.784,0.795,0.843,乐,历史街区,2026-05-07,2026-05 五一·大南门建成文旅爆满,0.492,aspect,垃圾秩序,ermawu,ermawu,1,1,垃圾秩序,pos,"[""垃圾秩序""]",垃圾秩序,城市更新行动意见(市容治理),市容环境治理;垃圾分类,"[[""urban_governance"", ""环境"", ""主""], [""urban_governance"", ""服务"", ""次""]]",0.894,0,111.284445,30.692909
ermawu_T3_00019,ermawu,sim_ermawu_l3l4,开街后保洁跟上了,垃圾秩序,urban_governance,环境,0.689,Very Positive,pos,0.797,0.881,0.91,乐,历史街区,2026-05-04,2026-05 五一·大南门建成文旅爆满,0.589,aspect,垃圾秩序,ermawu,ermawu,1,1,垃圾秩序,pos,"[""垃圾秩序""]",垃圾秩序,城市更新行动意见(市容治理),市容环境治理;垃圾分类,"[[""urban_governance"", ""环境"", ""主""], [""urban_governance"", ""服务"", ""次""]]",0.936,0,111.281879,30.698811
ermawu_T3_00020,ermawu,sim_ermawu_l3l4,既有文化味更有烟火气，难得,烟火气保留,urban_renewal,文化,0.771,Positive,pos,0.74,0.857,0.863,乐,历史街区,2026-05-07,2026-05 五一·大南门建成文旅爆满,0.759,aspect,烟火气保留,ermawu,ermawu,1,1,烟火气保留,pos,"[""烟火气保留""]",烟火气保留,防止大拆大建通知(留改拆·留底线),历史街区保护更新;社区营造,"[[""urban_renewal"", ""文化"", ""主""], [""urban_renewal"", ""环境"", ""次""]]",0.794,0,111.283371,30.694022
ermawu_T3_00021,ermawu,sim_ermawu_l3l4,二马路修旧如旧，百年老街焕发新生,修旧如旧,urban_renewal,文化,0.884,Very Positive,pos,0.729,0.926,0.888,喜,历史街区,2026-05-01,2026-05 五一·大南门建成文旅爆满,0.555,aspect,修旧如旧,ermawu,ermawu,1,1,修旧如旧,pos,"[""修旧如旧""]",修旧如旧,防止大拆大建通知;关于持续推进城市更新行动的意见,历史街区/历史文化街区保护更新,"[[""urban_renewal"", ""文化"", ""主""], [""urban_operation"", ""文化"", ""次""]]",0.938,0,111.277192,30.701063
ermawu_T3_00022,ermawu,sim_ermawu_l3l4,保留原貌真有味道，修新如旧做得好,修旧如旧,urban_renewal,文化,0.641,Positive,pos,0.783,0.731,0.787,喜,历史街区,2026-05-06,2026-05 五一·大南门建成文旅爆满,0.567,aspect,修旧如旧,ermawu,ermawu,1,1,修旧如旧,pos,"[""修旧如旧""]",修旧如旧,防止大拆大建通知;关于持续推进城市更新行动的意见,历史街区/历史文化街区保护更新,"[[""urban_renewal"", ""文化"", ""主""], [""urban_operation"", ""文化"", ""次""]]",0.861,0,111.274598,30.698375
ermawu_T3_00023,ermawu,sim_ermawu_l3l4,周边夜市烟火升腾，烧烤烤鱼小吃全有,夜经济,urban_operation,事件,0.623,Very Positive,pos,0.628,0.867,0.918,喜,历史街区,2026-05-04,2026-05 五一·大南门建成文旅爆满,0.768,aspect,夜经济,ermawu,ermawu,1,1,夜经济,pos,"[""夜经济""]",夜经济,"城市更新""十五五""规划(生活圈扩围;夜经济)",一刻钟便民生活圈建设;夜经济品牌培育,"[[""urban_operation"", ""事件"", ""主""], [""urban_governance"", ""事件"", ""次""]]",0.838,1,111.281585,30.697191
ermawu_T3_00024,ermawu,sim_ermawu_l3l4,夜经济让老街活了,夜经济,urban_operation,事件,0.774,Very Positive,pos,0.418,0.822,0.848,喜,历史街区,2026-05-07,2026-05 五一·大南门建成文旅爆满,0.434,aspect,夜经济,ermawu,ermawu,1,1,夜经济,pos,"[""夜经济""]",夜经济,"城市更新""十五五""规划(生活圈扩围;夜经济)",一刻钟便民生活圈建设;夜经济品牌培育,"[[""urban_operation"", ""事件"", ""主""], [""urban_governance"", ""事件"", ""次""]]",0.827,1,111.280393,30.698109
ermawu_T3_00025,ermawu,sim_ermawu_l3l4,开街垃圾满地没人扫,垃圾秩序,urban_governance,环境,0.395,Very Negative,neg,0.823,0.945,0.747,哀,历史街区,2026-05-02,2026-05 五一·大南门建成文旅爆满,0.473,aspect,垃圾秩序,ermawu,ermawu,1,1,垃圾秩序,neg,"[""垃圾秩序""]",垃圾秩序,城市更新行动意见(市容治理),市容环境治理;垃圾分类,"[[""urban_governance"", ""环境"", ""主""], [""urban_governance"", ""服务"", ""次""]]",0.945,0,111.277688,30.697201
ermawu_T3_00026,ermawu,sim_ermawu_l3l4,五一日均1.5万人，百年老街出圈了,文旅活力,urban_operation,事件,0.645,Very Positive,pos,0.413,0.753,0.91,乐,历史街区,2026-05-04,2026-05 五一·大南门建成文旅爆满,0.775,aspect,文旅活力,ermawu,ermawu,1,1,文旅活力,pos,"[""文旅活力""]",文旅活力,"城市更新""十五五""规划(文脉保护;文旅)",文旅品牌;节假日活动组织,"[[""urban_operation"", ""事件"", ""主""], [""urban_operation"", ""文化"", ""次""]]",0.827,1,111.280511,30.693621
ermawu_T3_00027,ermawu,sim_ermawu_l3l4,下沉广场水景配老街，拍照绝佳,网红打卡,urban_operation,文化,0.923,Very Positive,pos,0.394,0.93,0.793,喜,历史街区,2026-05-01,2026-05 五一·大南门建成文旅爆满,0.444,aspect,网红打卡,ermawu,ermawu,1,1,网红打卡,pos,"[""网红打卡""]",网红打卡,"城市更新""十五五""规划(文脉保护传承)",文旅IP打造;文化消费场景,"[[""urban_operation"", ""文化"", ""主""], [""urban_operation"", ""事件"", ""次""]]",0.853,0,111.279439,30.698466
ermawu_T3_00028,ermawu,sim_ermawu_l3l4,夜经济让老街活了,夜经济,urban_operation,事件,0.884,Very Positive,pos,0.784,0.909,0.721,乐,历史街区,2026-05-01,2026-05 五一·大南门建成文旅爆满,0.483,aspect,夜经济,ermawu,ermawu,1,1,夜经济,pos,"[""夜经济""]",夜经济,"城市更新""十五五""规划(生活圈扩围;夜经济)",一刻钟便民生活圈建设;夜经济品牌培育,"[[""urban_operation"", ""事件"", ""主""], [""urban_governance"", ""事件"", ""次""]]",0.893,1,111.286896,30.695047
ermawu_T3_00029,ermawu,sim_ermawu_l3l4,人太多挤得慌，根本走不动,文旅活力,urban_operation,事件,0.265,Very Negative,neg,0.838,0.851,0.884,怒,历史街区,2026-05-02,2026-05 五一·大南门建成文旅爆满,0.541,aspect,文旅活力,ermawu,ermawu,1,1,文旅活力,neg,"[""文旅活力""]",文旅活力,"城市更新""十五五""规划(文脉保护;文旅)",文旅品牌;节假日活动组织,"[[""urban_operation"", ""事件"", ""主""], [""urban_operation"", ""文化"", ""次""]]",0.895,1,111.28132,30.690971
ermawu_T3_00030,ermawu,sim_ermawu_l3l4,配套停车跟不上热度,停车难,urban_governance,设施,0.252,Very Negative,neg,0.881,0.836,0.904,愁,历史街区,2026-05-06,2026-05 五一·大南门建成文旅爆满,0.72,aspect,停车难,ermawu,ermawu,1,1,停车难,neg,"[""停车难""]",停车难,完整社区(配套设施补齐);一刻钟生活圈,停车设施补齐;配套完善,"[[""urban_governance"", ""设施"", ""主""], [""urban_planning"", ""设施"", ""次""]]",0.936,0,111.281411,30.699531
ermawu_T3_00031,ermawu,sim_ermawu_l3l4,业态有调性，不低端,业态丰富度,urban_operation,服务,0.624,Very Positive,pos,0.368,0.922,0.87,乐,历史街区,2026-05-06,2026-05 五一·大南门建成文旅爆满,0.512,aspect,业态丰富度,ermawu,ermawu,1,1,业态丰富度,pos,"[""业态丰富度""]",业态丰富度,关于持续推进城市更新行动的意见(业态引导),业态多元化引导;业态调整,"[[""urban_operation"", ""服务"", ""主""], [""urban_renewal"", ""服务"", ""次""]]",0.838,0,111.286672,30.695228
ermawu_T3_00032,ermawu,sim_ermawu_l3l4,下沉广场水景配老街，拍照绝佳,网红打卡,urban_operation,文化,0.787,Very Positive,pos,0.439,0.799,0.885,喜,历史街区,2026-05-03,2026-05 五一·大南门建成文旅爆满,0.648,aspect,网红打卡,ermawu,ermawu,1,1,网红打卡,pos,"[""网红打卡""]",网红打卡,"城市更新""十五五""规划(文脉保护传承)",文旅IP打造;文化消费场景,"[[""urban_operation"", ""文化"", ""主""], [""urban_operation"", ""事件"", ""次""]]",0.683,0,111.276868,30.698086
ermawu_T3_00033,ermawu,sim_ermawu_l3l4,烟火气没了，商业化太重,烟火气保留,urban_renewal,文化,0.079,Negative,neg,0.505,0.787,0.765,愁,历史街区,2026-05-06,2026-05 五一·大南门建成文旅爆满,0.795,aspect,烟火气保留,ermawu,ermawu,1,1,烟火气保留,neg,"[""烟火气保留""]",烟火气保留,防止大拆大建通知(留改拆·留底线),历史街区保护更新;社区营造,"[[""urban_renewal"", ""文化"", ""主""], [""urban_renewal"", ""环境"", ""次""]]",0.699,0,111.281206,30.698157
ermawu_T3_00034,ermawu,sim_ermawu_l3l4,不大规模搬迁是对的，老街坊还在,回迁安置,urban_renewal,服务,0.803,Very Positive,pos,0.637,0.739,0.888,乐,历史街区,2026-05-03,2026-05 五一·大南门建成文旅爆满,0.866,aspect,回迁安置,ermawu,ermawu,1,1,回迁安置,pos,"[""回迁安置""]",回迁安置,防止大拆大建通知(不大规模搬迁原住民),回迁安置;原住民保留,"[[""urban_renewal"", ""服务"", ""主""], [""urban_governance"", ""服务"", ""次""]]",0.941,0,111.287719,30.694747
ermawu_T3_00035,ermawu,sim_ermawu_l3l4,老建筑修得讲究，最小干预看出功夫,修旧如旧,urban_renewal,文化,0.644,Positive,pos,0.776,0.721,0.782,喜,历史街区,2026-05-06,2026-05 五一·大南门建成文旅爆满,0.522,aspect,修旧如旧,ermawu,ermawu,1,1,修旧如旧,pos,"[""修旧如旧""]",修旧如旧,防止大拆大建通知;关于持续推进城市更新行动的意见,历史街区/历史文化街区保护更新,"[[""urban_renewal"", ""文化"", ""主""], [""urban_operation"", ""文化"", ""次""]]",0.908,0,111.275753,30.700422
ermawu_T3_00036,ermawu,sim_ermawu_l3l4,打卡墙前要排队,网红打卡,urban_operation,文化,0.565,Neutral,neu,0.305,0.834,0.762,急,历史街区,2026-05-06,2026-05 五一·大南门建成文旅爆满,0.805,aspect,网红打卡,ermawu,ermawu,1,1,网红打卡,neu,"[""网红打卡""]",网红打卡,"城市更新""十五五""规划(文脉保护传承)",文旅IP打造;文化消费场景,"[[""urban_operation"", ""文化"", ""主""], [""urban_operation"", ""事件"", ""次""]]",0.73,0,111.283687,30.693274
ermawu_T3_00037,ermawu,sim_ermawu_l3l4,老建筑修得讲究，最小干预看出功夫,修旧如旧,urban_renewal,文化,0.864,Positive,pos,0.342,0.839,0.848,乐,历史街区,2026-05-01,2026-05 五一·大南门建成文旅爆满,0.701,aspect,修旧如旧,ermawu,ermawu,1,1,修旧如旧,pos,"[""修旧如旧""]",修旧如旧,防止大拆大建通知;关于持续推进城市更新行动的意见,历史街区/历史文化街区保护更新,"[[""urban_renewal"", ""文化"", ""主""], [""urban_operation"", ""文化"", ""次""]]",0.837,0,111.280098,30.692854
ermawu_T3_00038,ermawu,sim_ermawu_l3l4,老建筑修得讲究，最小干预看出功夫,修旧如旧,urban_renewal,文化,0.724,Very Positive,pos,0.642,0.897,0.812,喜,历史街区,2026-05-05,2026-05 五一·大南门建成文旅爆满,0.85,aspect,修旧如旧,ermawu,ermawu,1,1,修旧如旧,pos,"[""修旧如旧""]",修旧如旧,防止大拆大建通知;关于持续推进城市更新行动的意见,历史街区/历史文化街区保护更新,"[[""urban_renewal"", ""文化"", ""主""], [""urban_operation"", ""文化"", ""次""]]",0.922,0,111.28003,30.6933
ermawu_T3_00039,ermawu,sim_ermawu_l3l4,保留原貌真有味道，修新如旧做得好,修旧如旧,urban_renewal,文化,0.804,Very Positive,pos,0.714,0.731,0.834,乐,历史街区,2026-05-02,2026-05 五一·大南门建成文旅爆满,0.609,aspect,修旧如旧,ermawu,ermawu,1,1,修旧如旧,pos,"[""修旧如旧""]",修旧如旧,防止大拆大建通知;关于持续推进城市更新行动的意见,历史街区/历史文化街区保护更新,"[[""urban_renewal"", ""文化"", ""主""], [""urban_operation"", ""文化"", ""次""]]",0.937,0,111.277819,30.697544
ermawu_T3_00040,ermawu,sim_ermawu_l3l4,期待焕新效果,文旅活力,urban_operation,事件,0.418,Neutral,neu,0.681,0.728,0.899,盼,历史街区,2026-05-01,2026-05 五一·大南门建成文旅爆满,0.652,aspect,文旅活力,ermawu,ermawu,1,1,文旅活力,neu,"[""文旅活力""]",文旅活力,"城市更新""十五五""规划(文脉保护;文旅)",文旅品牌;节假日活动组织,"[[""urban_operation"", ""事件"", ""主""], [""urban_operation"", ""文化"", ""次""]]",0.761,1,111.275316,30.699202
ermawu_T3_00041,ermawu,sim_ermawu_l3l4,打卡墙前要排队,网红打卡,urban_operation,文化,0.51,Neutral,neu,0.351,0.92,0.847,急,历史街区,2026-05-07,2026-05 五一·大南门建成文旅爆满,0.713,aspect,网红打卡,ermawu,ermawu,1,1,网红打卡,neu,"[""网红打卡""]",网红打卡,"城市更新""十五五""规划(文脉保护传承)",文旅IP打造;文化消费场景,"[[""urban_operation"", ""文化"", ""主""], [""urban_operation"", ""事件"", ""次""]]",0.71,0,111.281808,30.696323
ermawu_T3_00042,ermawu,sim_ermawu_l3l4,开街后人气回来了，热闹得像过年,文旅活力,urban_operation,事件,0.9,Very Positive,pos,0.789,0.936,0.869,喜,历史街区,2026-05-05,2026-05 五一·大南门建成文旅爆满,0.617,aspect,文旅活力,ermawu,ermawu,1,1,文旅活力,pos,"[""文旅活力""]",文旅活力,"城市更新""十五五""规划(文脉保护;文旅)",文旅品牌;节假日活动组织,"[[""urban_operation"", ""事件"", ""主""], [""urban_operation"", ""文化"", ""次""]]",0.799,1,111.279004,30.697452
ermawu_T3_00043,ermawu,sim_ermawu_l3l4,施工快收尾了，忍忍,施工扰民,urban_governance,环境,0.597,Neutral,neu,0.45,0.797,0.807,急,历史街区,2026-05-02,2026-05 五一·大南门建成文旅爆满,0.481,aspect,施工扰民,ermawu,ermawu,1,1,施工扰民,neu,"[""施工扰民""]",施工扰民,城市体检评估管理办法(施工期扰民),老旧小区改造;施工组织优化,"[[""urban_governance"", ""环境"", ""主""], [""urban_renewal"", ""设施"", ""次""]]",0.691,0,111.284025,30.694056
ermawu_T3_00044,ermawu,sim_ermawu_l3l4,不变拆真改，原汁原味加分,修旧如旧,urban_renewal,文化,0.736,Very Positive,pos,0.625,0.821,0.702,乐,历史街区,2026-05-06,2026-05 五一·大南门建成文旅爆满,0.7,aspect,修旧如旧,ermawu,ermawu,1,1,修旧如旧,pos,"[""修旧如旧""]",修旧如旧,防止大拆大建通知;关于持续推进城市更新行动的意见,历史街区/历史文化街区保护更新,"[[""urban_renewal"", ""文化"", ""主""], [""urban_operation"", ""文化"", ""次""]]",0.746,0,111.280008,30.693
ermawu_T3_00045,ermawu,sim_ermawu_l3l4,二马路成了网红打卡地，年轻人多,网红打卡,urban_operation,文化,0.76,Positive,pos,0.531,0.888,0.908,喜,历史街区,2026-05-02,2026-05 五一·大南门建成文旅爆满,0.489,aspect,网红打卡,ermawu,ermawu,1,1,网红打卡,pos,"[""网红打卡""]",网红打卡,"城市更新""十五五""规划(文脉保护传承)",文旅IP打造;文化消费场景,"[[""urban_operation"", ""文化"", ""主""], [""urban_operation"", ""事件"", ""次""]]",0.911,0,111.282918,30.692673
ermawu_T3_00046,ermawu,sim_ermawu_l3l4,夜幕降临热闹起来，有活力,夜经济,urban_operation,事件,0.674,Very Positive,pos,0.563,0.776,0.732,乐,历史街区,2026-05-05,2026-05 五一·大南门建成文旅爆满,0.533,aspect,夜经济,ermawu,ermawu,1,1,夜经济,pos,"[""夜经济""]",夜经济,"城市更新""十五五""规划(生活圈扩围;夜经济)",一刻钟便民生活圈建设;夜经济品牌培育,"[[""urban_operation"", ""事件"", ""主""], [""urban_governance"", ""事件"", ""次""]]",0.749,1,111.273881,30.698048
ermawu_T3_00047,ermawu,sim_ermawu_l3l4,周边夜市烟火升腾，烧烤烤鱼小吃全有,夜经济,urban_operation,事件,0.87,Very Positive,pos,0.322,0.898,0.739,喜,历史街区,2026-05-05,2026-05 五一·大南门建成文旅爆满,0.804,aspect,夜经济,ermawu,ermawu,1,1,夜经济,pos,"[""夜经济""]",夜经济,"城市更新""十五五""规划(生活圈扩围;夜经济)",一刻钟便民生活圈建设;夜经济品牌培育,"[[""urban_operation"", ""事件"", ""主""], [""urban_governance"", ""事件"", ""次""]]",0.929,1,111.280774,30.695128
ermawu_T3_00048,ermawu,sim_ermawu_l3l4,业态有调性，不低端,业态丰富度,urban_operation,服务,0.633,Very Positive,pos,0.504,0.869,0.781,喜,历史街区,2026-05-03,2026-05 五一·大南门建成文旅爆满,0.814,aspect,业态丰富度,ermawu,ermawu,1,1,业态丰富度,pos,"[""业态丰富度""]",业态丰富度,关于持续推进城市更新行动的意见(业态引导),业态多元化引导;业态调整,"[[""urban_operation"", ""服务"", ""主""], [""urban_renewal"", ""服务"", ""次""]]",0.781,0,111.283182,30.69317
ermawu_T3_00049,ermawu,sim_ermawu_l3l4,回迁户型不满意,回迁安置,urban_renewal,服务,0.146,Very Negative,neg,0.699,0.866,0.805,愁,历史街区,2026-05-04,2026-05 五一·大南门建成文旅爆满,0.667,aspect,回迁安置,ermawu,ermawu,1,1,回迁安置,neg,"[""回迁安置""]",回迁安置,防止大拆大建通知(不大规模搬迁原住民),回迁安置;原住民保留,"[[""urban_renewal"", ""服务"", ""主""], [""urban_governance"", ""服务"", ""次""]]",0.709,0,111.281669,30.694962
ermawu_T3_00050,ermawu,sim_ermawu_l3l4,二马路修旧如旧，百年老街焕发新生,修旧如旧,urban_renewal,文化,0.899,Very Positive,pos,0.599,0.785,0.783,乐,历史街区,2026-05-04,2026-05 五一·大南门建成文旅爆满,0.821,aspect,修旧如旧,ermawu,ermawu,1,1,修旧如旧,pos,"[""修旧如旧""]",修旧如旧,防止大拆大建通知;关于持续推进城市更新行动的意见,历史街区/历史文化街区保护更新,"[[""urban_renewal"", ""文化"", ""主""], [""urban_operation"", ""文化"", ""次""]]",0.761,0,111.27976,30.693884
ermawu_T3_00051,ermawu,sim_ermawu_l3l4,节假日保洁跟不上,垃圾秩序,urban_governance,环境,0.148,Negative,neg,0.843,0.744,0.726,哀,历史街区,2026-05-02,2026-05 五一·大南门建成文旅爆满,0.887,aspect,垃圾秩序,ermawu,ermawu,1,1,垃圾秩序,neg,"[""垃圾秩序""]",垃圾秩序,城市更新行动意见(市容治理),市容环境治理;垃圾分类,"[[""urban_governance"", ""环境"", ""主""], [""urban_governance"", ""服务"", ""次""]]",0.903,0,111.278775,30.693117
ermawu_T3_00052,ermawu,sim_ermawu_l3l4,文旅复苏，老街活了,文旅活力,urban_operation,事件,0.935,Positive,pos,0.618,0.879,0.771,乐,历史街区,2026-05-01,2026-05 五一·大南门建成文旅爆满,0.452,aspect,文旅活力,ermawu,ermawu,1,1,文旅活力,pos,"[""文旅活力""]",文旅活力,"城市更新""十五五""规划(文脉保护;文旅)",文旅品牌;节假日活动组织,"[[""urban_operation"", ""事件"", ""主""], [""urban_operation"", ""文化"", ""次""]]",0.933,1,111.274756,30.69809
ermawu_T3_00053,ermawu,sim_ermawu_l3l4,开街后人气回来了，热闹得像过年,文旅活力,urban_operation,事件,0.785,Very Positive,pos,0.75,0.772,0.902,乐,历史街区,2026-05-02,2026-05 五一·大南门建成文旅爆满,0.629,aspect,文旅活力,ermawu,ermawu,1,1,文旅活力,pos,"[""文旅活力""]",文旅活力,"城市更新""十五五""规划(文脉保护;文旅)",文旅品牌;节假日活动组织,"[[""urban_operation"", ""事件"", ""主""], [""urban_operation"", ""文化"", ""次""]]",0.692,1,111.286833,30.697921
ermawu_T3_00054,ermawu,sim_ermawu_l3l4,业态有调性，不低端,业态丰富度,urban_operation,服务,0.936,Very Positive,pos,0.639,0.821,0.71,乐,历史街区,2026-05-05,2026-05 五一·大南门建成文旅爆满,0.684,aspect,业态丰富度,ermawu,ermawu,1,1,业态丰富度,pos,"[""业态丰富度""]",业态丰富度,关于持续推进城市更新行动的意见(业态引导),业态多元化引导;业态调整,"[[""urban_operation"", ""服务"", ""主""], [""urban_renewal"", ""服务"", ""次""]]",0.938,0,111.278418,30.692718
ermawu_T3_00055,ermawu,sim_ermawu_l3l4,二马路修旧如旧，百年老街焕发新生,修旧如旧,urban_renewal,文化,0.724,Very Positive,pos,0.663,0.905,0.828,喜,历史街区,2026-05-05,2026-05 五一·大南门建成文旅爆满,0.886,aspect,修旧如旧,ermawu,ermawu,1,1,修旧如旧,pos,"[""修旧如旧""]",修旧如旧,防止大拆大建通知;关于持续推进城市更新行动的意见,历史街区/历史文化街区保护更新,"[[""urban_renewal"", ""文化"", ""主""], [""urban_operation"", ""文化"", ""次""]]",0.795,0,111.284479,30.696773
ermawu_T3_00056,ermawu,sim_ermawu_l3l4,五一日均1.5万人，百年老街出圈了,文旅活力,urban_operation,事件,0.777,Positive,pos,0.637,0.864,0.722,喜,历史街区,2026-05-02,2026-05 五一·大南门建成文旅爆满,0.468,aspect,文旅活力,ermawu,ermawu,1,1,文旅活力,pos,"[""文旅活力""]",文旅活力,"城市更新""十五五""规划(文脉保护;文旅)",文旅品牌;节假日活动组织,"[[""urban_operation"", ""事件"", ""主""], [""urban_operation"", ""文化"", ""次""]]",0.742,1,111.282292,30.693128
ermawu_T3_00057,ermawu,sim_ermawu_l3l4,开街垃圾满地没人扫,垃圾秩序,urban_governance,环境,0.182,Very Negative,neg,0.628,0.757,0.863,哀,历史街区,2026-05-02,2026-05 五一·大南门建成文旅爆满,0.703,aspect,垃圾秩序,ermawu,ermawu,1,1,垃圾秩序,neg,"[""垃圾秩序""]",垃圾秩序,城市更新行动意见(市容治理),市容环境治理;垃圾分类,"[[""urban_governance"", ""环境"", ""主""], [""urban_governance"", ""服务"", ""次""]]",0.828,0,111.284825,30.695715
ermawu_T3_00058,ermawu,sim_ermawu_l3l4,文旅复苏，老街活了,文旅活力,urban_operation,事件,0.73,Positive,pos,0.306,0.939,0.846,乐,历史街区,2026-05-07,2026-05 五一·大南门建成文旅爆满,0.624,aspect,文旅活力,ermawu,ermawu,1,1,文旅活力,pos,"[""文旅活力""]",文旅活力,"城市更新""十五五""规划(文脉保护;文旅)",文旅品牌;节假日活动组织,"[[""urban_operation"", ""事件"", ""主""], [""urban_operation"", ""文化"", ""次""]]",0.829,1,111.275892,30.698457
ermawu_T3_00059,ermawu,sim_ermawu_l3l4,五一10万人，体验拉胯,文旅活力,urban_operation,事件,0.049,Negative,neg,0.59,0.873,0.813,哀,历史街区,2026-05-02,2026-05 五一·大南门建成文旅爆满,0.868,aspect,文旅活力,ermawu,ermawu,1,1,文旅活力,neg,"[""文旅活力""]",文旅活力,"城市更新""十五五""规划(文脉保护;文旅)",文旅品牌;节假日活动组织,"[[""urban_operation"", ""事件"", ""主""], [""urban_operation"", ""文化"", ""次""]]",0.781,1,111.278443,30.69804
ermawu_T3_00060,ermawu,sim_ermawu_l3l4,老建筑修得讲究，最小干预看出功夫,修旧如旧,urban_renewal,文化,0.686,Positive,pos,0.69,0.781,0.729,喜,历史街区,2026-05-01,2026-05 五一·大南门建成文旅爆满,0.68,aspect,修旧如旧,ermawu,ermawu,1,1,修旧如旧,pos,"[""修旧如旧""]",修旧如旧,防止大拆大建通知;关于持续推进城市更新行动的意见,历史街区/历史文化街区保护更新,"[[""urban_renewal"", ""文化"", ""主""], [""urban_operation"", ""文化"", ""次""]]",0.731,0,111.280095,30.697347
ermawu_T3_00061,ermawu,sim_ermawu_l3l4,原住民留着，街区还活着,烟火气保留,urban_renewal,文化,0.941,Positive,pos,0.418,0.756,0.912,喜,历史街区,2026-05-01,2026-05 五一·大南门建成文旅爆满,0.426,aspect,烟火气保留,ermawu,ermawu,1,1,烟火气保留,pos,"[""烟火气保留""]",烟火气保留,防止大拆大建通知(留改拆·留底线),历史街区保护更新;社区营造,"[[""urban_renewal"", ""文化"", ""主""], [""urban_renewal"", ""环境"", ""次""]]",0.821,0,111.286337,30.696201
ermawu_T3_00062,ermawu,sim_ermawu_l3l4,原住民留着，街区还活着,烟火气保留,urban_renewal,文化,0.932,Very Positive,pos,0.55,0.775,0.72,喜,历史街区,2026-05-04,2026-05 五一·大南门建成文旅爆满,0.523,aspect,烟火气保留,ermawu,ermawu,1,1,烟火气保留,pos,"[""烟火气保留""]",烟火气保留,防止大拆大建通知(留改拆·留底线),历史街区保护更新;社区营造,"[[""urban_renewal"", ""文化"", ""主""], [""urban_renewal"", ""环境"", ""次""]]",0.873,0,111.278049,30.701566
ermawu_T3_00063,ermawu,sim_ermawu_l3l4,二马路成了网红打卡地，年轻人多,网红打卡,urban_operation,文化,0.949,Positive,pos,0.522,0.751,0.754,喜,历史街区,2026-05-03,2026-05 五一·大南门建成文旅爆满,0.64,aspect,网红打卡,ermawu,ermawu,1,1,网红打卡,pos,"[""网红打卡""]",网红打卡,"城市更新""十五五""规划(文脉保护传承)",文旅IP打造;文化消费场景,"[[""urban_operation"", ""文化"", ""主""], [""urban_operation"", ""事件"", ""次""]]",0.698,0,111.27429,30.699873
ermawu_T3_00064,ermawu,sim_ermawu_l3l4,不变拆真改，原汁原味加分,修旧如旧,urban_renewal,文化,0.68,Very Positive,pos,0.39,0.826,0.851,乐,历史街区,2026-05-07,2026-05 五一·大南门建成文旅爆满,0.807,aspect,修旧如旧,ermawu,ermawu,1,1,修旧如旧,pos,"[""修旧如旧""]",修旧如旧,防止大拆大建通知;关于持续推进城市更新行动的意见,历史街区/历史文化街区保护更新,"[[""urban_renewal"", ""文化"", ""主""], [""urban_operation"", ""文化"", ""次""]]",0.792,0,111.281809,30.69371
ermawu_T3_00065,ermawu,sim_ermawu_l3l4,保留原貌真有味道，修新如旧做得好,修旧如旧,urban_renewal,文化,0.761,Positive,pos,0.47,0.785,0.905,乐,历史街区,2026-05-01,2026-05 五一·大南门建成文旅爆满,0.729,aspect,修旧如旧,ermawu,ermawu,1,1,修旧如旧,pos,"[""修旧如旧""]",修旧如旧,防止大拆大建通知;关于持续推进城市更新行动的意见,历史街区/历史文化街区保护更新,"[[""urban_renewal"", ""文化"", ""主""], [""urban_operation"", ""文化"", ""次""]]",0.82,0,111.28462,30.692737
ermawu_T3_00066,ermawu,sim_ermawu_l3l4,开街后人气回来了，热闹得像过年,文旅活力,urban_operation,事件,0.905,Very Positive,pos,0.468,0.813,0.765,喜,历史街区,2026-05-06,2026-05 五一·大南门建成文旅爆满,0.759,aspect,文旅活力,ermawu,ermawu,1,1,文旅活力,pos,"[""文旅活力""]",文旅活力,"城市更新""十五五""规划(文脉保护;文旅)",文旅品牌;节假日活动组织,"[[""urban_operation"", ""事件"", ""主""], [""urban_operation"", ""文化"", ""次""]]",0.851,1,111.275205,30.697465
ermawu_T3_00067,ermawu,sim_ermawu_l3l4,回迁政策还在等落实,回迁安置,urban_renewal,服务,0.573,Neutral,neu,0.344,0.728,0.759,盼,历史街区,2026-05-03,2026-05 五一·大南门建成文旅爆满,0.819,aspect,回迁安置,ermawu,ermawu,1,1,回迁安置,neu,"[""回迁安置""]",回迁安置,防止大拆大建通知(不大规模搬迁原住民),回迁安置;原住民保留,"[[""urban_renewal"", ""服务"", ""主""], [""urban_governance"", ""服务"", ""次""]]",0.775,0,111.287723,30.693337
ermawu_T3_00068,ermawu,sim_ermawu_l3l4,小众免费出片，本地人私藏,网红打卡,urban_operation,文化,0.762,Very Positive,pos,0.388,0.776,0.709,乐,历史街区,2026-05-05,2026-05 五一·大南门建成文旅爆满,0.415,aspect,网红打卡,ermawu,ermawu,1,1,网红打卡,pos,"[""网红打卡""]",网红打卡,"城市更新""十五五""规划(文脉保护传承)",文旅IP打造;文化消费场景,"[[""urban_operation"", ""文化"", ""主""], [""urban_operation"", ""事件"", ""次""]]",0.819,0,111.277353,30.695817
ermawu_T3_00069,ermawu,sim_ermawu_l3l4,不变拆真改，原汁原味加分,修旧如旧,urban_renewal,文化,0.726,Positive,pos,0.458,0.907,0.912,喜,历史街区,2026-05-01,2026-05 五一·大南门建成文旅爆满,0.855,aspect,修旧如旧,ermawu,ermawu,1,1,修旧如旧,pos,"[""修旧如旧""]",修旧如旧,防止大拆大建通知;关于持续推进城市更新行动的意见,历史街区/历史文化街区保护更新,"[[""urban_renewal"", ""文化"", ""主""], [""urban_operation"", ""文化"", ""次""]]",0.949,0,111.276243,30.700071
ermawu_T3_00070,ermawu,sim_ermawu_l3l4,不变拆真改，原汁原味加分,修旧如旧,urban_renewal,文化,0.752,Positive,pos,0.666,0.806,0.762,喜,历史街区,2026-05-04,2026-05 五一·大南门建成文旅爆满,0.751,aspect,修旧如旧,ermawu,ermawu,1,1,修旧如旧,pos,"[""修旧如旧""]",修旧如旧,防止大拆大建通知;关于持续推进城市更新行动的意见,历史街区/历史文化街区保护更新,"[[""urban_renewal"", ""文化"", ""主""], [""urban_operation"", ""文化"", ""次""]]",0.771,0,111.277889,30.695084
ermawu_T3_00071,ermawu,sim_ermawu_l3l4,夜幕降临热闹起来，有活力,夜经济,urban_operation,事件,0.897,Positive,pos,0.753,0.809,0.773,乐,历史街区,2026-05-07,2026-05 五一·大南门建成文旅爆满,0.676,aspect,夜经济,ermawu,ermawu,1,1,夜经济,pos,"[""夜经济""]",夜经济,"城市更新""十五五""规划(生活圈扩围;夜经济)",一刻钟便民生活圈建设;夜经济品牌培育,"[[""urban_operation"", ""事件"", ""主""], [""urban_governance"", ""事件"", ""次""]]",0.85,1,111.285341,30.690035
ermawu_T3_00072,ermawu,sim_ermawu_l3l4,不变拆真改，原汁原味加分,修旧如旧,urban_renewal,文化,0.722,Very Positive,pos,0.374,0.855,0.772,乐,历史街区,2026-05-06,2026-05 五一·大南门建成文旅爆满,0.709,aspect,修旧如旧,ermawu,ermawu,1,1,修旧如旧,pos,"[""修旧如旧""]",修旧如旧,防止大拆大建通知;关于持续推进城市更新行动的意见,历史街区/历史文化街区保护更新,"[[""urban_renewal"", ""文化"", ""主""], [""urban_operation"", ""文化"", ""次""]]",0.864,0,111.279813,30.700897
ermawu_T3_00073,ermawu,sim_ermawu_l3l4,文旅复苏，老街活了,文旅活力,urban_operation,事件,0.922,Positive,pos,0.405,0.937,0.908,喜,历史街区,2026-05-07,2026-05 五一·大南门建成文旅爆满,0.742,aspect,文旅活力,ermawu,ermawu,1,1,文旅活力,pos,"[""文旅活力""]",文旅活力,"城市更新""十五五""规划(文脉保护;文旅)",文旅品牌;节假日活动组织,"[[""urban_operation"", ""事件"", ""主""], [""urban_operation"", ""文化"", ""次""]]",0.753,1,111.28449,30.693012
ermawu_T3_00074,ermawu,sim_ermawu_l3l4,下沉广场水景配老街，拍照绝佳,网红打卡,urban_operation,文化,0.687,Very Positive,pos,0.542,0.914,0.818,乐,历史街区,2026-05-03,2026-05 五一·大南门建成文旅爆满,0.473,aspect,网红打卡,ermawu,ermawu,1,1,网红打卡,pos,"[""网红打卡""]",网红打卡,"城市更新""十五五""规划(文脉保护传承)",文旅IP打造;文化消费场景,"[[""urban_operation"", ""文化"", ""主""], [""urban_operation"", ""事件"", ""次""]]",0.882,0,111.280363,30.693067
ermawu_T3_00075,ermawu,sim_ermawu_l3l4,下沉广场水景配老街，拍照绝佳,网红打卡,urban_operation,文化,0.879,Positive,pos,0.395,0.818,0.849,乐,历史街区,2026-05-02,2026-05 五一·大南门建成文旅爆满,0.822,aspect,网红打卡,ermawu,ermawu,1,1,网红打卡,pos,"[""网红打卡""]",网红打卡,"城市更新""十五五""规划(文脉保护传承)",文旅IP打造;文化消费场景,"[[""urban_operation"", ""文化"", ""主""], [""urban_operation"", ""事件"", ""次""]]",0.684,0,111.276662,30.697024
ermawu_T3_00076,ermawu,sim_ermawu_l3l4,夜经济周边停车更难,夜经济,urban_operation,事件,0.141,Very Negative,neg,0.767,0.944,0.871,哀,历史街区,2026-05-07,2026-05 五一·大南门建成文旅爆满,0.684,aspect,夜经济,ermawu,ermawu,1,1,夜经济,neg,"[""夜经济""]",夜经济,"城市更新""十五五""规划(生活圈扩围;夜经济)",一刻钟便民生活圈建设;夜经济品牌培育,"[[""urban_operation"", ""事件"", ""主""], [""urban_governance"", ""事件"", ""次""]]",0.883,1,111.279759,30.696732
ermawu_T3_00077,ermawu,sim_ermawu_l3l4,保留原貌真有味道，修新如旧做得好,修旧如旧,urban_renewal,文化,0.794,Very Positive,pos,0.404,0.737,0.715,喜,历史街区,2026-05-04,2026-05 五一·大南门建成文旅爆满,0.705,aspect,修旧如旧,ermawu,ermawu,1,1,修旧如旧,pos,"[""修旧如旧""]",修旧如旧,防止大拆大建通知;关于持续推进城市更新行动的意见,历史街区/历史文化街区保护更新,"[[""urban_renewal"", ""文化"", ""主""], [""urban_operation"", ""文化"", ""次""]]",0.94,0,111.282701,30.699244
ermawu_T3_00078,ermawu,sim_ermawu_l3l4,业态都同质化了，走哪都一样,业态丰富度,urban_operation,服务,0.28,Negative,neg,0.54,0.836,0.873,愁,历史街区,2026-05-03,2026-05 五一·大南门建成文旅爆满,0.659,aspect,业态丰富度,ermawu,ermawu,1,1,业态丰富度,neg,"[""业态丰富度""]",业态丰富度,关于持续推进城市更新行动的意见(业态引导),业态多元化引导;业态调整,"[[""urban_operation"", ""服务"", ""主""], [""urban_renewal"", ""服务"", ""次""]]",0.931,0,111.285187,30.696089
ermawu_T3_00079,ermawu,sim_ermawu_l3l4,连锁店太多，没特色,业态丰富度,urban_operation,服务,0.211,Negative,neg,0.614,0.913,0.888,怒,历史街区,2026-05-05,2026-05 五一·大南门建成文旅爆满,0.811,aspect,业态丰富度,ermawu,ermawu,1,1,业态丰富度,neg,"[""业态丰富度""]",业态丰富度,关于持续推进城市更新行动的意见(业态引导),业态多元化引导;业态调整,"[[""urban_operation"", ""服务"", ""主""], [""urban_renewal"", ""服务"", ""次""]]",0.714,0,111.284226,30.694339
ermawu_T3_00080,ermawu,sim_ermawu_l3l4,回迁满意，原样回来住着踏实,回迁安置,urban_renewal,服务,0.656,Very Positive,pos,0.428,0.848,0.879,喜,历史街区,2026-05-05,2026-05 五一·大南门建成文旅爆满,0.627,aspect,回迁安置,ermawu,ermawu,1,1,回迁安置,pos,"[""回迁安置""]",回迁安置,防止大拆大建通知(不大规模搬迁原住民),回迁安置;原住民保留,"[[""urban_renewal"", ""服务"", ""主""], [""urban_governance"", ""服务"", ""次""]]",0.917,0,111.279082,30.696677
ermawu_T3_00081,ermawu,sim_ermawu_l3l4,老建筑修得讲究，最小干预看出功夫,修旧如旧,urban_renewal,文化,0.726,Very Positive,pos,0.423,0.838,0.916,乐,历史街区,2026-05-05,2026-05 五一·大南门建成文旅爆满,0.827,aspect,修旧如旧,ermawu,ermawu,1,1,修旧如旧,pos,"[""修旧如旧""]",修旧如旧,防止大拆大建通知;关于持续推进城市更新行动的意见,历史街区/历史文化街区保护更新,"[[""urban_renewal"", ""文化"", ""主""], [""urban_operation"", ""文化"", ""次""]]",0.892,0,111.274641,30.699999
ermawu_T3_00082,ermawu,sim_ermawu_l3l4,二马路成了网红打卡地，年轻人多,网红打卡,urban_operation,文化,0.725,Very Positive,pos,0.641,0.861,0.701,乐,历史街区,2026-05-04,2026-05 五一·大南门建成文旅爆满,0.583,aspect,网红打卡,ermawu,ermawu,1,1,网红打卡,pos,"[""网红打卡""]",网红打卡,"城市更新""十五五""规划(文脉保护传承)",文旅IP打造;文化消费场景,"[[""urban_operation"", ""文化"", ""主""], [""urban_operation"", ""事件"", ""次""]]",0.907,0,111.271827,30.698072
ermawu_T3_00083,ermawu,sim_ermawu_l3l4,开街后保洁跟上了,垃圾秩序,urban_governance,环境,0.584,Neutral,neu,0.491,0.809,0.8,急,历史街区,2026-05-05,2026-05 五一·大南门建成文旅爆满,0.736,aspect,垃圾秩序,ermawu,ermawu,1,1,垃圾秩序,neu,"[""垃圾秩序""]",垃圾秩序,城市更新行动意见(市容治理),市容环境治理;垃圾分类,"[[""urban_governance"", ""环境"", ""主""], [""urban_governance"", ""服务"", ""次""]]",0.874,0,111.280208,30.695036
ermawu_T3_00084,ermawu,sim_ermawu_l3l4,文旅复苏，老街活了,文旅活力,urban_operation,事件,0.895,Very Positive,pos,0.471,0.848,0.889,乐,历史街区,2026-05-05,2026-05 五一·大南门建成文旅爆满,0.586,aspect,文旅活力,ermawu,ermawu,1,1,文旅活力,pos,"[""文旅活力""]",文旅活力,"城市更新""十五五""规划(文脉保护;文旅)",文旅品牌;节假日活动组织,"[[""urban_operation"", ""事件"", ""主""], [""urban_operation"", ""文化"", ""次""]]",0.755,1,111.282499,30.690046
ermawu_T3_00085,ermawu,sim_ermawu_l3l4,二马路修旧如旧，百年老街焕发新生,修旧如旧,urban_renewal,文化,0.933,Positive,pos,0.593,0.773,0.848,喜,历史街区,2026-05-04,2026-05 五一·大南门建成文旅爆满,0.517,aspect,修旧如旧,ermawu,ermawu,1,1,修旧如旧,pos,"[""修旧如旧""]",修旧如旧,防止大拆大建通知;关于持续推进城市更新行动的意见,历史街区/历史文化街区保护更新,"[[""urban_renewal"", ""文化"", ""主""], [""urban_operation"", ""文化"", ""次""]]",0.819,0,111.279091,30.695766
ermawu_T3_00086,ermawu,sim_ermawu_l3l4,二马路修旧如旧，百年老街焕发新生,修旧如旧,urban_renewal,文化,0.834,Very Positive,pos,0.303,0.873,0.703,喜,历史街区,2026-05-05,2026-05 五一·大南门建成文旅爆满,0.476,aspect,修旧如旧,ermawu,ermawu,1,1,修旧如旧,pos,"[""修旧如旧""]",修旧如旧,防止大拆大建通知;关于持续推进城市更新行动的意见,历史街区/历史文化街区保护更新,"[[""urban_renewal"", ""文化"", ""主""], [""urban_operation"", ""文化"", ""次""]]",0.926,0,111.280662,30.699723
ermawu_T3_00087,ermawu,sim_ermawu_l3l4,二马路成了网红打卡地，年轻人多,网红打卡,urban_operation,文化,0.784,Very Positive,pos,0.345,0.856,0.866,喜,历史街区,2026-05-03,2026-05 五一·大南门建成文旅爆满,0.471,aspect,网红打卡,ermawu,ermawu,1,1,网红打卡,pos,"[""网红打卡""]",网红打卡,"城市更新""十五五""规划(文脉保护传承)",文旅IP打造;文化消费场景,"[[""urban_operation"", ""文化"", ""主""], [""urban_operation"", ""事件"", ""次""]]",0.851,0,111.281415,30.696989
ermawu_T3_00088,ermawu,sim_ermawu_l3l4,开街后人气回来了，热闹得像过年,文旅活力,urban_operation,事件,0.908,Very Positive,pos,0.539,0.945,0.78,喜,历史街区,2026-05-03,2026-05 五一·大南门建成文旅爆满,0.899,aspect,文旅活力,ermawu,ermawu,1,1,文旅活力,pos,"[""文旅活力""]",文旅活力,"城市更新""十五五""规划(文脉保护;文旅)",文旅品牌;节假日活动组织,"[[""urban_operation"", ""事件"", ""主""], [""urban_operation"", ""文化"", ""次""]]",0.837,1,111.274544,30.698595
ermawu_T3_00089,ermawu,sim_ermawu_l3l4,回迁政策还在等落实,回迁安置,urban_renewal,服务,0.442,Neutral,neu,0.548,0.894,0.791,急,历史街区,2026-05-02,2026-05 五一·大南门建成文旅爆满,0.881,aspect,回迁安置,ermawu,ermawu,1,1,回迁安置,neu,"[""回迁安置""]",回迁安置,防止大拆大建通知(不大规模搬迁原住民),回迁安置;原住民保留,"[[""urban_renewal"", ""服务"", ""主""], [""urban_governance"", ""服务"", ""次""]]",0.929,0,111.283249,30.696255
ermawu_T3_00090,ermawu,sim_ermawu_l3l4,回迁政策还在等落实,回迁安置,urban_renewal,服务,0.583,Neutral,neu,0.491,0.944,0.858,盼,历史街区,2026-05-04,2026-05 五一·大南门建成文旅爆满,0.809,aspect,回迁安置,ermawu,ermawu,1,1,回迁安置,neu,"[""回迁安置""]",回迁安置,防止大拆大建通知(不大规模搬迁原住民),回迁安置;原住民保留,"[[""urban_renewal"", ""服务"", ""主""], [""urban_governance"", ""服务"", ""次""]]",0.832,0,111.274654,30.698371
ermawu_T3_00091,ermawu,sim_ermawu_l3l4,不大规模搬迁是对的，老街坊还在,回迁安置,urban_renewal,服务,0.767,Positive,pos,0.311,0.789,0.783,喜,历史街区,2026-05-01,2026-05 五一·大南门建成文旅爆满,0.84,aspect,回迁安置,ermawu,ermawu,1,1,回迁安置,pos,"[""回迁安置""]",回迁安置,防止大拆大建通知(不大规模搬迁原住民),回迁安置;原住民保留,"[[""urban_renewal"", ""服务"", ""主""], [""urban_governance"", ""服务"", ""次""]]",0.849,0,111.283061,30.692447
ermawu_T3_00092,ermawu,sim_ermawu_l3l4,配套停车跟不上热度,停车难,urban_governance,设施,0.142,Negative,neg,0.521,0.874,0.866,哀,历史街区,2026-05-06,2026-05 五一·大南门建成文旅爆满,0.682,aspect,停车难,ermawu,ermawu,1,1,停车难,neg,"[""停车难""]",停车难,完整社区(配套设施补齐);一刻钟生活圈,停车设施补齐;配套完善,"[[""urban_governance"", ""设施"", ""主""], [""urban_planning"", ""设施"", ""次""]]",0.771,0,111.287127,30.696094
ermawu_T3_00093,ermawu,sim_ermawu_l3l4,老建筑修得讲究，最小干预看出功夫,修旧如旧,urban_renewal,文化,0.92,Very Positive,pos,0.326,0.809,0.797,乐,历史街区,2026-05-02,2026-05 五一·大南门建成文旅爆满,0.823,aspect,修旧如旧,ermawu,ermawu,1,1,修旧如旧,pos,"[""修旧如旧""]",修旧如旧,防止大拆大建通知;关于持续推进城市更新行动的意见,历史街区/历史文化街区保护更新,"[[""urban_renewal"", ""文化"", ""主""], [""urban_operation"", ""文化"", ""次""]]",0.779,0,111.281297,30.695637
ermawu_T3_00094,ermawu,sim_ermawu_l3l4,老建筑修得讲究，最小干预看出功夫,修旧如旧,urban_renewal,文化,0.901,Very Positive,pos,0.513,0.837,0.908,乐,历史街区,2026-05-07,2026-05 五一·大南门建成文旅爆满,0.661,aspect,修旧如旧,ermawu,ermawu,1,1,修旧如旧,pos,"[""修旧如旧""]",修旧如旧,防止大拆大建通知;关于持续推进城市更新行动的意见,历史街区/历史文化街区保护更新,"[[""urban_renewal"", ""文化"", ""主""], [""urban_operation"", ""文化"", ""次""]]",0.711,0,111.278427,30.696341
ermawu_T3_00095,ermawu,sim_ermawu_l3l4,不变拆真改，原汁原味加分,修旧如旧,urban_renewal,文化,0.73,Very Positive,pos,0.519,0.825,0.754,喜,历史街区,2026-05-04,2026-05 五一·大南门建成文旅爆满,0.637,aspect,修旧如旧,ermawu,ermawu,1,1,修旧如旧,pos,"[""修旧如旧""]",修旧如旧,防止大拆大建通知;关于持续推进城市更新行动的意见,历史街区/历史文化街区保护更新,"[[""urban_renewal"", ""文化"", ""主""], [""urban_operation"", ""文化"", ""次""]]",0.89,0,111.279231,30.698016
ermawu_T3_00096,ermawu,sim_ermawu_l3l4,五一日均1.5万人，百年老街出圈了,文旅活力,urban_operation,事件,0.677,Very Positive,pos,0.601,0.807,0.764,喜,历史街区,2026-05-01,2026-05 五一·大南门建成文旅爆满,0.738,aspect,文旅活力,ermawu,ermawu,1,1,文旅活力,pos,"[""文旅活力""]",文旅活力,"城市更新""十五五""规划(文脉保护;文旅)",文旅品牌;节假日活动组织,"[[""urban_operation"", ""事件"", ""主""], [""urban_operation"", ""文化"", ""次""]]",0.911,1,111.280796,30.696085
ermawu_T3_00097,ermawu,sim_ermawu_l3l4,二马路修旧如旧，百年老街焕发新生,修旧如旧,urban_renewal,文化,0.634,Positive,pos,0.779,0.893,0.733,喜,历史街区,2026-05-07,2026-05 五一·大南门建成文旅爆满,0.438,aspect,修旧如旧,ermawu,ermawu,1,1,修旧如旧,pos,"[""修旧如旧""]",修旧如旧,防止大拆大建通知;关于持续推进城市更新行动的意见,历史街区/历史文化街区保护更新,"[[""urban_renewal"", ""文化"", ""主""], [""urban_operation"", ""文化"", ""次""]]",0.793,0,111.278741,30.69504
ermawu_T3_00098,ermawu,sim_ermawu_l3l4,五一日均1.5万人，百年老街出圈了,文旅活力,urban_operation,事件,0.739,Very Positive,pos,0.734,0.824,0.876,喜,历史街区,2026-05-01,2026-05 五一·大南门建成文旅爆满,0.693,aspect,文旅活力,ermawu,ermawu,1,1,文旅活力,pos,"[""文旅活力""]",文旅活力,"城市更新""十五五""规划(文脉保护;文旅)",文旅品牌;节假日活动组织,"[[""urban_operation"", ""事件"", ""主""], [""urban_operation"", ""文化"", ""次""]]",0.945,1,111.286173,30.694451
ermawu_T3_00099,ermawu,sim_ermawu_l3l4,盼着开街呢，老街改造进度有点慢,文旅活力,urban_operation,事件,0.558,Neutral,neu,0.545,0.795,0.859,盼,历史街区,2026-05-02,2026-05 五一·大南门建成文旅爆满,0.491,aspect,文旅活力,ermawu,ermawu,1,1,文旅活力,neu,"[""文旅活力""]",文旅活力,"城市更新""十五五""规划(文脉保护;文旅)",文旅品牌;节假日活动组织,"[[""urban_operation"", ""事件"", ""主""], [""urban_operation"", ""文化"", ""次""]]",0.826,1,111.277972,30.695936
ermawu_T3_00100,ermawu,sim_ermawu_l3l4,下沉广场水景配老街，拍照绝佳,网红打卡,urban_operation,文化,0.808,Very Positive,pos,0.518,0.848,0.897,乐,历史街区,2026-05-05,2026-05 五一·大南门建成文旅爆满,0.53,aspect,网红打卡,ermawu,ermawu,1,1,网红打卡,pos,"[""网红打卡""]",网红打卡,"城市更新""十五五""规划(文脉保护传承)",文旅IP打造;文化消费场景,"[[""urban_operation"", ""文化"", ""主""], [""urban_operation"", ""事件"", ""次""]]",0.932,0,111.274461,30.698834
ermawu_T3_00101,ermawu,sim_ermawu_l3l4,下沉广场水景配老街，拍照绝佳,网红打卡,urban_operation,文化,0.81,Positive,pos,0.556,0.85,0.805,喜,历史街区,2026-05-05,2026-05 五一·大南门建成文旅爆满,0.72,aspect,网红打卡,ermawu,ermawu,1,1,网红打卡,pos,"[""网红打卡""]",网红打卡,"城市更新""十五五""规划(文脉保护传承)",文旅IP打造;文化消费场景,"[[""urban_operation"", ""文化"", ""主""], [""urban_operation"", ""事件"", ""次""]]",0.775,0,111.281709,30.69729
ermawu_T3_00102,ermawu,sim_ermawu_l3l4,业态单一，逛一次就够,业态丰富度,urban_operation,服务,0.238,Negative,neg,0.52,0.797,0.837,怒,历史街区,2026-05-03,2026-05 五一·大南门建成文旅爆满,0.464,aspect,业态丰富度,ermawu,ermawu,1,1,业态丰富度,neg,"[""业态丰富度""]",业态丰富度,关于持续推进城市更新行动的意见(业态引导),业态多元化引导;业态调整,"[[""urban_operation"", ""服务"", ""主""], [""urban_renewal"", ""服务"", ""次""]]",0.752,0,111.277275,30.697929
ermawu_T3_00103,ermawu,sim_ermawu_l3l4,回迁政策还在等落实,回迁安置,urban_renewal,服务,0.516,Neutral,neu,0.741,0.731,0.878,盼,历史街区,2026-05-01,2026-05 五一·大南门建成文旅爆满,0.834,aspect,回迁安置,ermawu,ermawu,1,1,回迁安置,neu,"[""回迁安置""]",回迁安置,防止大拆大建通知(不大规模搬迁原住民),回迁安置;原住民保留,"[[""urban_renewal"", ""服务"", ""主""], [""urban_governance"", ""服务"", ""次""]]",0.707,0,111.28306,30.690373
ermawu_T3_00104,ermawu,sim_ermawu_l3l4,五一日均1.5万人，百年老街出圈了,文旅活力,urban_operation,事件,0.908,Positive,pos,0.459,0.845,0.737,乐,历史街区,2026-05-01,2026-05 五一·大南门建成文旅爆满,0.825,aspect,文旅活力,ermawu,ermawu,1,1,文旅活力,pos,"[""文旅活力""]",文旅活力,"城市更新""十五五""规划(文脉保护;文旅)",文旅品牌;节假日活动组织,"[[""urban_operation"", ""事件"", ""主""], [""urban_operation"", ""文化"", ""次""]]",0.807,1,111.284749,30.696199
ermawu_T3_00105,ermawu,sim_ermawu_l3l4,停车太难，绕三圈找不到,停车难,urban_governance,设施,0.386,Very Negative,neg,0.55,0.808,0.754,愁,历史街区,2026-05-03,2026-05 五一·大南门建成文旅爆满,0.583,aspect,停车难,ermawu,ermawu,1,1,停车难,neg,"[""停车难""]",停车难,完整社区(配套设施补齐);一刻钟生活圈,停车设施补齐;配套完善,"[[""urban_governance"", ""设施"", ""主""], [""urban_planning"", ""设施"", ""次""]]",0.725,0,111.278622,30.694657
ermawu_T3_00106,ermawu,sim_ermawu_l3l4,停车勉强能找,停车难,urban_governance,设施,0.485,Neutral,neu,0.663,0.806,0.852,急,历史街区,2026-05-05,2026-05 五一·大南门建成文旅爆满,0.625,aspect,停车难,ermawu,ermawu,1,1,停车难,neu,"[""停车难""]",停车难,完整社区(配套设施补齐);一刻钟生活圈,停车设施补齐;配套完善,"[[""urban_governance"", ""设施"", ""主""], [""urban_planning"", ""设施"", ""次""]]",0.874,0,111.279998,30.701646
ermawu_T3_00107,ermawu,sim_ermawu_l3l4,回迁满意，原样回来住着踏实,回迁安置,urban_renewal,服务,0.827,Positive,pos,0.517,0.799,0.726,喜,历史街区,2026-05-02,2026-05 五一·大南门建成文旅爆满,0.605,aspect,回迁安置,ermawu,ermawu,1,1,回迁安置,pos,"[""回迁安置""]",回迁安置,防止大拆大建通知(不大规模搬迁原住民),回迁安置;原住民保留,"[[""urban_renewal"", ""服务"", ""主""], [""urban_governance"", ""服务"", ""次""]]",0.856,0,111.284859,30.693143
ermawu_T3_00108,ermawu,sim_ermawu_l3l4,业态有调性，不低端,业态丰富度,urban_operation,服务,0.636,Positive,pos,0.372,0.807,0.744,乐,历史街区,2026-05-03,2026-05 五一·大南门建成文旅爆满,0.665,aspect,业态丰富度,ermawu,ermawu,1,1,业态丰富度,pos,"[""业态丰富度""]",业态丰富度,关于持续推进城市更新行动的意见(业态引导),业态多元化引导;业态调整,"[[""urban_operation"", ""服务"", ""主""], [""urban_renewal"", ""服务"", ""次""]]",0.715,0,111.274633,30.700547
ermawu_T3_00109,ermawu,sim_ermawu_l3l4,烟火气这东西见仁见智,烟火气保留,urban_renewal,文化,0.591,Neutral,neu,0.345,0.758,0.81,急,历史街区,2026-05-01,2026-05 五一·大南门建成文旅爆满,0.752,aspect,烟火气保留,ermawu,ermawu,1,1,烟火气保留,neu,"[""烟火气保留""]",烟火气保留,防止大拆大建通知(留改拆·留底线),历史街区保护更新;社区营造,"[[""urban_renewal"", ""文化"", ""主""], [""urban_renewal"", ""环境"", ""次""]]",0.905,0,111.284079,30.696934
ermawu_T3_00110,ermawu,sim_ermawu_l3l4,回迁户型不满意,回迁安置,urban_renewal,服务,0.104,Negative,neg,0.659,0.806,0.722,怒,历史街区,2026-05-07,2026-05 五一·大南门建成文旅爆满,0.857,aspect,回迁安置,ermawu,ermawu,1,1,回迁安置,neg,"[""回迁安置""]",回迁安置,防止大拆大建通知(不大规模搬迁原住民),回迁安置;原住民保留,"[[""urban_renewal"", ""服务"", ""主""], [""urban_governance"", ""服务"", ""次""]]",0.899,0,111.282261,30.694137
ermawu_T3_00111,ermawu,sim_ermawu_l3l4,打卡墙前要排队,网红打卡,urban_operation,文化,0.5,Neutral,neu,0.643,0.906,0.792,急,历史街区,2026-05-01,2026-05 五一·大南门建成文旅爆满,0.842,aspect,网红打卡,ermawu,ermawu,1,1,网红打卡,neu,"[""网红打卡""]",网红打卡,"城市更新""十五五""规划(文脉保护传承)",文旅IP打造;文化消费场景,"[[""urban_operation"", ""文化"", ""主""], [""urban_operation"", ""事件"", ""次""]]",0.777,0,111.279315,30.696369
ermawu_T3_00112,ermawu,sim_ermawu_l3l4,业态还在调整中,业态丰富度,urban_operation,服务,0.41,Neutral,neu,0.55,0.855,0.892,盼,历史街区,2026-05-03,2026-05 五一·大南门建成文旅爆满,0.62,aspect,业态丰富度,ermawu,ermawu,1,1,业态丰富度,neu,"[""业态丰富度""]",业态丰富度,关于持续推进城市更新行动的意见(业态引导),业态多元化引导;业态调整,"[[""urban_operation"", ""服务"", ""主""], [""urban_renewal"", ""服务"", ""次""]]",0.709,0,111.28079,30.695784
ermawu_T3_00113,ermawu,sim_ermawu_l3l4,五一日均1.5万人，百年老街出圈了,文旅活力,urban_operation,事件,0.65,Very Positive,pos,0.622,0.875,0.761,喜,历史街区,2026-05-06,2026-05 五一·大南门建成文旅爆满,0.761,aspect,文旅活力,ermawu,ermawu,1,1,文旅活力,pos,"[""文旅活力""]",文旅活力,"城市更新""十五五""规划(文脉保护;文旅)",文旅品牌;节假日活动组织,"[[""urban_operation"", ""事件"", ""主""], [""urban_operation"", ""文化"", ""次""]]",0.873,1,111.284297,30.696399
ermawu_T3_00114,ermawu,sim_ermawu_l3l4,二马路修旧如旧，百年老街焕发新生,修旧如旧,urban_renewal,文化,0.799,Very Positive,pos,0.606,0.88,0.796,乐,历史街区,2026-05-01,2026-05 五一·大南门建成文旅爆满,0.61,aspect,修旧如旧,ermawu,ermawu,1,1,修旧如旧,pos,"[""修旧如旧""]",修旧如旧,防止大拆大建通知;关于持续推进城市更新行动的意见,历史街区/历史文化街区保护更新,"[[""urban_renewal"", ""文化"", ""主""], [""urban_operation"", ""文化"", ""次""]]",0.752,0,111.28113,30.695541
ermawu_T3_00115,ermawu,sim_ermawu_l3l4,既有文化味更有烟火气，难得,烟火气保留,urban_renewal,文化,0.695,Positive,pos,0.384,0.777,0.799,乐,历史街区,2026-05-02,2026-05 五一·大南门建成文旅爆满,0.592,aspect,烟火气保留,ermawu,ermawu,1,1,烟火气保留,pos,"[""烟火气保留""]",烟火气保留,防止大拆大建通知(留改拆·留底线),历史街区保护更新;社区营造,"[[""urban_renewal"", ""文化"", ""主""], [""urban_renewal"", ""环境"", ""次""]]",0.924,0,111.27676,30.696576
ermawu_T3_00116,ermawu,sim_ermawu_l3l4,回迁户型不满意,回迁安置,urban_renewal,服务,0.152,Negative,neg,0.594,0.942,0.883,哀,历史街区,2026-05-05,2026-05 五一·大南门建成文旅爆满,0.81,aspect,回迁安置,ermawu,ermawu,1,1,回迁安置,neg,"[""回迁安置""]",回迁安置,防止大拆大建通知(不大规模搬迁原住民),回迁安置;原住民保留,"[[""urban_renewal"", ""服务"", ""主""], [""urban_governance"", ""服务"", ""次""]]",0.901,0,111.285406,30.698029
ermawu_T3_00117,ermawu,sim_ermawu_l3l4,不大规模搬迁是对的，老街坊还在,回迁安置,urban_renewal,服务,0.868,Very Positive,pos,0.642,0.859,0.917,乐,历史街区,2026-05-01,2026-05 五一·大南门建成文旅爆满,0.504,aspect,回迁安置,ermawu,ermawu,1,1,回迁安置,pos,"[""回迁安置""]",回迁安置,防止大拆大建通知(不大规模搬迁原住民),回迁安置;原住民保留,"[[""urban_renewal"", ""服务"", ""主""], [""urban_governance"", ""服务"", ""次""]]",0.689,0,111.277693,30.699787
ermawu_T3_00118,ermawu,sim_ermawu_l3l4,节假日停车地狱,停车难,urban_governance,设施,0.212,Very Negative,neg,0.546,0.892,0.733,怒,历史街区,2026-05-01,2026-05 五一·大南门建成文旅爆满,0.763,aspect,停车难,ermawu,ermawu,1,1,停车难,neg,"[""停车难""]",停车难,完整社区(配套设施补齐);一刻钟生活圈,停车设施补齐;配套完善,"[[""urban_governance"", ""设施"", ""主""], [""urban_planning"", ""设施"", ""次""]]",0.73,0,111.283435,30.692426
ermawu_T3_00119,ermawu,sim_ermawu_l3l4,回迁满意，原样回来住着踏实,回迁安置,urban_renewal,服务,0.719,Positive,pos,0.789,0.809,0.839,乐,历史街区,2026-05-07,2026-05 五一·大南门建成文旅爆满,0.879,aspect,回迁安置,ermawu,ermawu,1,1,回迁安置,pos,"[""回迁安置""]",回迁安置,防止大拆大建通知(不大规模搬迁原住民),回迁安置;原住民保留,"[[""urban_renewal"", ""服务"", ""主""], [""urban_governance"", ""服务"", ""次""]]",0.781,0,111.274572,30.700816
ermawu_T3_00120,ermawu,sim_ermawu_l3l4,烟火气这东西见仁见智,烟火气保留,urban_renewal,文化,0.428,Neutral,neu,0.796,0.94,0.764,急,历史街区,2026-05-04,2026-05 五一·大南门建成文旅爆满,0.768,aspect,烟火气保留,ermawu,ermawu,1,1,烟火气保留,neu,"[""烟火气保留""]",烟火气保留,防止大拆大建通知(留改拆·留底线),历史街区保护更新;社区营造,"[[""urban_renewal"", ""文化"", ""主""], [""urban_renewal"", ""环境"", ""次""]]",0.691,0,111.276265,30.698626
ermawu_T3_00121,ermawu,sim_ermawu_l3l4,保留原貌真有味道，修新如旧做得好,修旧如旧,urban_renewal,文化,0.632,Positive,pos,0.656,0.821,0.905,喜,历史街区,2026-05-03,2026-05 五一·大南门建成文旅爆满,0.443,aspect,修旧如旧,ermawu,ermawu,1,1,修旧如旧,pos,"[""修旧如旧""]",修旧如旧,防止大拆大建通知;关于持续推进城市更新行动的意见,历史街区/历史文化街区保护更新,"[[""urban_renewal"", ""文化"", ""主""], [""urban_operation"", ""文化"", ""次""]]",0.95,0,111.279313,30.698182
ermawu_T3_00122,ermawu,sim_ermawu_l3l4,老建筑修得讲究，最小干预看出功夫,修旧如旧,urban_renewal,文化,0.717,Very Positive,pos,0.577,0.771,0.865,喜,历史街区,2026-05-01,2026-05 五一·大南门建成文旅爆满,0.593,aspect,修旧如旧,ermawu,ermawu,1,1,修旧如旧,pos,"[""修旧如旧""]",修旧如旧,防止大拆大建通知;关于持续推进城市更新行动的意见,历史街区/历史文化街区保护更新,"[[""urban_renewal"", ""文化"", ""主""], [""urban_operation"", ""文化"", ""次""]]",0.769,0,111.278727,30.70177
ermawu_T3_00123,ermawu,sim_ermawu_l3l4,下沉广场水景配老街，拍照绝佳,网红打卡,urban_operation,文化,0.802,Positive,pos,0.601,0.826,0.748,乐,历史街区,2026-05-05,2026-05 五一·大南门建成文旅爆满,0.608,aspect,网红打卡,ermawu,ermawu,1,1,网红打卡,pos,"[""网红打卡""]",网红打卡,"城市更新""十五五""规划(文脉保护传承)",文旅IP打造;文化消费场景,"[[""urban_operation"", ""文化"", ""主""], [""urban_operation"", ""事件"", ""次""]]",0.751,0,111.2812,30.695752
ermawu_T3_00124,ermawu,sim_ermawu_l3l4,盼着开街呢，老街改造进度有点慢,文旅活力,urban_operation,事件,0.593,Neutral,neu,0.319,0.81,0.898,盼,历史街区,2026-05-06,2026-05 五一·大南门建成文旅爆满,0.509,aspect,文旅活力,ermawu,ermawu,1,1,文旅活力,neu,"[""文旅活力""]",文旅活力,"城市更新""十五五""规划(文脉保护;文旅)",文旅品牌;节假日活动组织,"[[""urban_operation"", ""事件"", ""主""], [""urban_operation"", ""文化"", ""次""]]",0.734,1,111.275892,30.694781
ermawu_T3_00125,ermawu,sim_ermawu_l3l4,二马路修旧如旧，百年老街焕发新生,修旧如旧,urban_renewal,文化,0.678,Positive,pos,0.515,0.733,0.748,乐,历史街区,2026-05-03,2026-05 五一·大南门建成文旅爆满,0.879,aspect,修旧如旧,ermawu,ermawu,1,1,修旧如旧,pos,"[""修旧如旧""]",修旧如旧,防止大拆大建通知;关于持续推进城市更新行动的意见,历史街区/历史文化街区保护更新,"[[""urban_renewal"", ""文化"", ""主""], [""urban_operation"", ""文化"", ""次""]]",0.771,0,111.284262,30.69438
ermawu_T3_00126,ermawu,sim_ermawu_l3l4,开街后人气回来了，热闹得像过年,文旅活力,urban_operation,事件,0.705,Positive,pos,0.763,0.748,0.88,乐,历史街区,2026-05-05,2026-05 五一·大南门建成文旅爆满,0.415,aspect,文旅活力,ermawu,ermawu,1,1,文旅活力,pos,"[""文旅活力""]",文旅活力,"城市更新""十五五""规划(文脉保护;文旅)",文旅品牌;节假日活动组织,"[[""urban_operation"", ""事件"", ""主""], [""urban_operation"", ""文化"", ""次""]]",0.704,1,111.27538,30.696282
ermawu_T3_00127,ermawu,sim_ermawu_l3l4,开街后人气回来了，热闹得像过年,文旅活力,urban_operation,事件,0.812,Very Positive,pos,0.467,0.795,0.88,喜,历史街区,2026-05-01,2026-05 五一·大南门建成文旅爆满,0.731,aspect,文旅活力,ermawu,ermawu,1,1,文旅活力,pos,"[""文旅活力""]",文旅活力,"城市更新""十五五""规划(文脉保护;文旅)",文旅品牌;节假日活动组织,"[[""urban_operation"", ""事件"", ""主""], [""urban_operation"", ""文化"", ""次""]]",0.695,1,111.279197,30.70022
ermawu_T3_00128,ermawu,sim_ermawu_l3l4,业态单一，逛一次就够,业态丰富度,urban_operation,服务,0.042,Negative,neg,0.617,0.942,0.912,愁,历史街区,2026-05-07,2026-05 五一·大南门建成文旅爆满,0.805,aspect,业态丰富度,ermawu,ermawu,1,1,业态丰富度,neg,"[""业态丰富度""]",业态丰富度,关于持续推进城市更新行动的意见(业态引导),业态多元化引导;业态调整,"[[""urban_operation"", ""服务"", ""主""], [""urban_renewal"", ""服务"", ""次""]]",0.745,0,111.280255,30.696194
ermawu_T3_00129,ermawu,sim_ermawu_l3l4,业态有调性，不低端,业态丰富度,urban_operation,服务,0.91,Very Positive,pos,0.588,0.816,0.891,乐,历史街区,2026-05-05,2026-05 五一·大南门建成文旅爆满,0.808,aspect,业态丰富度,ermawu,ermawu,1,1,业态丰富度,pos,"[""业态丰富度""]",业态丰富度,关于持续推进城市更新行动的意见(业态引导),业态多元化引导;业态调整,"[[""urban_operation"", ""服务"", ""主""], [""urban_renewal"", ""服务"", ""次""]]",0.938,0,111.284556,30.691923
ermawu_T3_00130,ermawu,sim_ermawu_l3l4,夜市噪音扰民，周边住户受不了,夜经济,urban_operation,事件,0.088,Negative,neg,0.714,0.779,0.762,愁,历史街区,2026-05-01,2026-05 五一·大南门建成文旅爆满,0.448,aspect,夜经济,ermawu,ermawu,1,1,夜经济,neg,"[""夜经济""]",夜经济,"城市更新""十五五""规划(生活圈扩围;夜经济)",一刻钟便民生活圈建设;夜经济品牌培育,"[[""urban_operation"", ""事件"", ""主""], [""urban_governance"", ""事件"", ""次""]]",0.757,1,111.27832,30.700614
ermawu_T3_00131,ermawu,sim_ermawu_l3l4,开街后人气回来了，热闹得像过年,文旅活力,urban_operation,事件,0.803,Very Positive,pos,0.663,0.949,0.786,喜,历史街区,2026-05-04,2026-05 五一·大南门建成文旅爆满,0.743,aspect,文旅活力,ermawu,ermawu,1,1,文旅活力,pos,"[""文旅活力""]",文旅活力,"城市更新""十五五""规划(文脉保护;文旅)",文旅品牌;节假日活动组织,"[[""urban_operation"", ""事件"", ""主""], [""urban_operation"", ""文化"", ""次""]]",0.809,1,111.27454,30.698856
ermawu_T3_00132,ermawu,sim_ermawu_l3l4,小众免费出片，本地人私藏,网红打卡,urban_operation,文化,0.622,Positive,pos,0.678,0.843,0.716,乐,历史街区,2026-05-05,2026-05 五一·大南门建成文旅爆满,0.846,aspect,网红打卡,ermawu,ermawu,1,1,网红打卡,pos,"[""网红打卡""]",网红打卡,"城市更新""十五五""规划(文脉保护传承)",文旅IP打造;文化消费场景,"[[""urban_operation"", ""文化"", ""主""], [""urban_operation"", ""事件"", ""次""]]",0.705,0,111.283672,30.692922
ermawu_T3_00133,ermawu,sim_ermawu_l3l4,下沉广场水景配老街，拍照绝佳,网红打卡,urban_operation,文化,0.928,Very Positive,pos,0.608,0.941,0.833,喜,历史街区,2026-05-05,2026-05 五一·大南门建成文旅爆满,0.839,aspect,网红打卡,ermawu,ermawu,1,1,网红打卡,pos,"[""网红打卡""]",网红打卡,"城市更新""十五五""规划(文脉保护传承)",文旅IP打造;文化消费场景,"[[""urban_operation"", ""文化"", ""主""], [""urban_operation"", ""事件"", ""次""]]",0.797,0,111.280767,30.693224
ermawu_T3_00134,ermawu,sim_ermawu_l3l4,回迁政策还在等落实,回迁安置,urban_renewal,服务,0.45,Neutral,neu,0.376,0.746,0.722,急,历史街区,2026-05-05,2026-05 五一·大南门建成文旅爆满,0.646,aspect,回迁安置,ermawu,ermawu,1,1,回迁安置,neu,"[""回迁安置""]",回迁安置,防止大拆大建通知(不大规模搬迁原住民),回迁安置;原住民保留,"[[""urban_renewal"", ""服务"", ""主""], [""urban_governance"", ""服务"", ""次""]]",0.907,0,111.279667,30.696837
ermawu_T3_00135,ermawu,sim_ermawu_l3l4,保留原貌真有味道，修新如旧做得好,修旧如旧,urban_renewal,文化,0.644,Very Positive,pos,0.651,0.832,0.75,喜,历史街区,2026-05-03,2026-05 五一·大南门建成文旅爆满,0.594,aspect,修旧如旧,ermawu,ermawu,1,1,修旧如旧,pos,"[""修旧如旧""]",修旧如旧,防止大拆大建通知;关于持续推进城市更新行动的意见,历史街区/历史文化街区保护更新,"[[""urban_renewal"", ""文化"", ""主""], [""urban_operation"", ""文化"", ""次""]]",0.847,0,111.28889,30.695072
ermawu_T3_00136,ermawu,sim_ermawu_l3l4,文创老店+特色美食，业态丰富,业态丰富度,urban_operation,服务,0.837,Positive,pos,0.799,0.87,0.772,喜,历史街区,2026-05-06,2026-05 五一·大南门建成文旅爆满,0.759,aspect,业态丰富度,ermawu,ermawu,1,1,业态丰富度,pos,"[""业态丰富度""]",业态丰富度,关于持续推进城市更新行动的意见(业态引导),业态多元化引导;业态调整,"[[""urban_operation"", ""服务"", ""主""], [""urban_renewal"", ""服务"", ""次""]]",0.69,0,111.27845,30.699503
ermawu_T3_00137,ermawu,sim_ermawu_l3l4,夜经济让老街活了,夜经济,urban_operation,事件,0.774,Very Positive,pos,0.582,0.856,0.754,喜,历史街区,2026-05-03,2026-05 五一·大南门建成文旅爆满,0.687,aspect,夜经济,ermawu,ermawu,1,1,夜经济,pos,"[""夜经济""]",夜经济,"城市更新""十五五""规划(生活圈扩围;夜经济)",一刻钟便民生活圈建设;夜经济品牌培育,"[[""urban_operation"", ""事件"", ""主""], [""urban_governance"", ""事件"", ""次""]]",0.788,1,111.28501,30.697229
ermawu_T3_00138,ermawu,sim_ermawu_l3l4,不变拆真改，原汁原味加分,修旧如旧,urban_renewal,文化,0.896,Positive,pos,0.725,0.789,0.886,乐,历史街区,2026-05-06,2026-05 五一·大南门建成文旅爆满,0.435,aspect,修旧如旧,ermawu,ermawu,1,1,修旧如旧,pos,"[""修旧如旧""]",修旧如旧,防止大拆大建通知;关于持续推进城市更新行动的意见,历史街区/历史文化街区保护更新,"[[""urban_renewal"", ""文化"", ""主""], [""urban_operation"", ""文化"", ""次""]]",0.838,0,111.279591,30.695114
ermawu_T3_00139,ermawu,sim_ermawu_l3l4,"""宜昌""打卡墙出片，复古花墙绝了",网红打卡,urban_operation,文化,0.668,Very Positive,pos,0.775,0.767,0.711,乐,历史街区,2026-05-02,2026-05 五一·大南门建成文旅爆满,0.714,aspect,网红打卡,ermawu,ermawu,1,1,网红打卡,pos,"[""网红打卡""]",网红打卡,"城市更新""十五五""规划(文脉保护传承)",文旅IP打造;文化消费场景,"[[""urban_operation"", ""文化"", ""主""], [""urban_operation"", ""事件"", ""次""]]",0.931,0,111.282045,30.698234
ermawu_T3_00140,ermawu,sim_ermawu_l3l4,文旅复苏，老街活了,文旅活力,urban_operation,事件,0.694,Very Positive,pos,0.702,0.826,0.849,喜,历史街区,2026-05-04,2026-05 五一·大南门建成文旅爆满,0.565,aspect,文旅活力,ermawu,ermawu,1,1,文旅活力,pos,"[""文旅活力""]",文旅活力,"城市更新""十五五""规划(文脉保护;文旅)",文旅品牌;节假日活动组织,"[[""urban_operation"", ""事件"", ""主""], [""urban_operation"", ""文化"", ""次""]]",0.807,1,111.287089,30.69557
ermawu_T3_00141,ermawu,sim_ermawu_l3l4,节假日停车地狱,停车难,urban_governance,设施,0.316,Negative,neg,0.728,0.834,0.872,哀,历史街区,2026-05-06,2026-05 五一·大南门建成文旅爆满,0.877,aspect,停车难,ermawu,ermawu,1,1,停车难,neg,"[""停车难""]",停车难,完整社区(配套设施补齐);一刻钟生活圈,停车设施补齐;配套完善,"[[""urban_governance"", ""设施"", ""主""], [""urban_planning"", ""设施"", ""次""]]",0.759,0,111.288792,30.694263
ermawu_T3_00142,ermawu,sim_ermawu_l3l4,夜经济让老街活了,夜经济,urban_operation,事件,0.804,Very Positive,pos,0.357,0.724,0.791,喜,历史街区,2026-05-06,2026-05 五一·大南门建成文旅爆满,0.416,aspect,夜经济,ermawu,ermawu,1,1,夜经济,pos,"[""夜经济""]",夜经济,"城市更新""十五五""规划(生活圈扩围;夜经济)",一刻钟便民生活圈建设;夜经济品牌培育,"[[""urban_operation"", ""事件"", ""主""], [""urban_governance"", ""事件"", ""次""]]",0.761,1,111.274223,30.69962
ermawu_T3_00143,ermawu,sim_ermawu_l3l4,开街后保洁跟上了,垃圾秩序,urban_governance,环境,0.672,Positive,pos,0.622,0.804,0.91,喜,历史街区,2026-05-02,2026-05 五一·大南门建成文旅爆满,0.593,aspect,垃圾秩序,ermawu,ermawu,1,1,垃圾秩序,pos,"[""垃圾秩序""]",垃圾秩序,城市更新行动意见(市容治理),市容环境治理;垃圾分类,"[[""urban_governance"", ""环境"", ""主""], [""urban_governance"", ""服务"", ""次""]]",0.791,0,111.285461,30.692701
ermawu_T3_00144,ermawu,sim_ermawu_l3l4,下沉广场水景配老街，拍照绝佳,网红打卡,urban_operation,文化,0.795,Very Positive,pos,0.598,0.831,0.837,喜,历史街区,2026-05-05,2026-05 五一·大南门建成文旅爆满,0.757,aspect,网红打卡,ermawu,ermawu,1,1,网红打卡,pos,"[""网红打卡""]",网红打卡,"城市更新""十五五""规划(文脉保护传承)",文旅IP打造;文化消费场景,"[[""urban_operation"", ""文化"", ""主""], [""urban_operation"", ""事件"", ""次""]]",0.797,0,111.278836,30.694152
ermawu_T3_00145,ermawu,sim_ermawu_l3l4,二马路修旧如旧，百年老街焕发新生,修旧如旧,urban_renewal,文化,0.654,Positive,pos,0.616,0.824,0.852,喜,历史街区,2026-05-05,2026-05 五一·大南门建成文旅爆满,0.656,aspect,修旧如旧,ermawu,ermawu,1,1,修旧如旧,pos,"[""修旧如旧""]",修旧如旧,防止大拆大建通知;关于持续推进城市更新行动的意见,历史街区/历史文化街区保护更新,"[[""urban_renewal"", ""文化"", ""主""], [""urban_operation"", ""文化"", ""次""]]",0.786,0,111.274226,30.697109
ermawu_T3_00146,ermawu,sim_ermawu_l3l4,"""宜昌""打卡墙出片，复古花墙绝了",网红打卡,urban_operation,文化,0.74,Positive,pos,0.398,0.879,0.776,乐,历史街区,2026-05-07,2026-05 五一·大南门建成文旅爆满,0.544,aspect,网红打卡,ermawu,ermawu,1,1,网红打卡,pos,"[""网红打卡""]",网红打卡,"城市更新""十五五""规划(文脉保护传承)",文旅IP打造;文化消费场景,"[[""urban_operation"", ""文化"", ""主""], [""urban_operation"", ""事件"", ""次""]]",0.836,0,111.283229,30.69484
ermawu_T3_00147,ermawu,sim_ermawu_l3l4,文创老店+特色美食，业态丰富,业态丰富度,urban_operation,服务,0.767,Positive,pos,0.318,0.756,0.819,喜,历史街区,2026-05-01,2026-05 五一·大南门建成文旅爆满,0.85,aspect,业态丰富度,ermawu,ermawu,1,1,业态丰富度,pos,"[""业态丰富度""]",业态丰富度,关于持续推进城市更新行动的意见(业态引导),业态多元化引导;业态调整,"[[""urban_operation"", ""服务"", ""主""], [""urban_renewal"", ""服务"", ""次""]]",0.921,0,111.282322,30.694008
ermawu_T3_00148,ermawu,sim_ermawu_l3l4,二马路修旧如旧，百年老街焕发新生,修旧如旧,urban_renewal,文化,0.888,Positive,pos,0.334,0.84,0.829,乐,历史街区,2026-05-03,2026-05 五一·大南门建成文旅爆满,0.534,aspect,修旧如旧,ermawu,ermawu,1,1,修旧如旧,pos,"[""修旧如旧""]",修旧如旧,防止大拆大建通知;关于持续推进城市更新行动的意见,历史街区/历史文化街区保护更新,"[[""urban_renewal"", ""文化"", ""主""], [""urban_operation"", ""文化"", ""次""]]",0.809,0,111.283381,30.693646
ermawu_T3_00149,ermawu,sim_ermawu_l3l4,老味道还在，没变味,烟火气保留,urban_renewal,文化,0.861,Very Positive,pos,0.433,0.728,0.777,乐,历史街区,2026-05-06,2026-05 五一·大南门建成文旅爆满,0.44,aspect,烟火气保留,ermawu,ermawu,1,1,烟火气保留,pos,"[""烟火气保留""]",烟火气保留,防止大拆大建通知(留改拆·留底线),历史街区保护更新;社区营造,"[[""urban_renewal"", ""文化"", ""主""], [""urban_renewal"", ""环境"", ""次""]]",0.884,0,111.281264,30.696301
ermawu_T3_00150,ermawu,sim_ermawu_l3l4,原住民留着，街区还活着,烟火气保留,urban_renewal,文化,0.921,Very Positive,pos,0.397,0.72,0.805,乐,历史街区,2026-05-06,2026-05 五一·大南门建成文旅爆满,0.446,aspect,烟火气保留,ermawu,ermawu,1,1,烟火气保留,pos,"[""烟火气保留""]",烟火气保留,防止大拆大建通知(留改拆·留底线),历史街区保护更新;社区营造,"[[""urban_renewal"", ""文化"", ""主""], [""urban_renewal"", ""环境"", ""次""]]",0.807,0,111.28676,30.692026
ermawu_T3_00151,ermawu,sim_ermawu_l3l4,下沉广场水景配老街，拍照绝佳,网红打卡,urban_operation,文化,0.815,Positive,pos,0.733,0.803,0.876,乐,历史街区,2026-05-04,2026-05 五一·大南门建成文旅爆满,0.6,aspect,网红打卡,ermawu,ermawu,1,1,网红打卡,pos,"[""网红打卡""]",网红打卡,"城市更新""十五五""规划(文脉保护传承)",文旅IP打造;文化消费场景,"[[""urban_operation"", ""文化"", ""主""], [""urban_operation"", ""事件"", ""次""]]",0.819,0,111.282054,30.696218
ermawu_T3_00152,ermawu,sim_ermawu_l3l4,烟火气这东西见仁见智,烟火气保留,urban_renewal,文化,0.548,Neutral,neu,0.37,0.833,0.831,盼,历史街区,2026-05-07,2026-05 五一·大南门建成文旅爆满,0.551,aspect,烟火气保留,ermawu,ermawu,1,1,烟火气保留,neu,"[""烟火气保留""]",烟火气保留,防止大拆大建通知(留改拆·留底线),历史街区保护更新;社区营造,"[[""urban_renewal"", ""文化"", ""主""], [""urban_renewal"", ""环境"", ""次""]]",0.907,0,111.27858,30.696622
ermawu_T3_00153,ermawu,sim_ermawu_l3l4,文旅复苏，老街活了,文旅活力,urban_operation,事件,0.878,Positive,pos,0.78,0.878,0.73,喜,历史街区,2026-05-06,2026-05 五一·大南门建成文旅爆满,0.81,aspect,文旅活力,ermawu,ermawu,1,1,文旅活力,pos,"[""文旅活力""]",文旅活力,"城市更新""十五五""规划(文脉保护;文旅)",文旅品牌;节假日活动组织,"[[""urban_operation"", ""事件"", ""主""], [""urban_operation"", ""文化"", ""次""]]",0.935,1,111.27621,30.694187
ermawu_T3_00154,ermawu,sim_ermawu_l3l4,下沉广场水景配老街，拍照绝佳,网红打卡,urban_operation,文化,0.732,Very Positive,pos,0.561,0.745,0.851,乐,历史街区,2026-05-06,2026-05 五一·大南门建成文旅爆满,0.605,aspect,网红打卡,ermawu,ermawu,1,1,网红打卡,pos,"[""网红打卡""]",网红打卡,"城市更新""十五五""规划(文脉保护传承)",文旅IP打造;文化消费场景,"[[""urban_operation"", ""文化"", ""主""], [""urban_operation"", ""事件"", ""次""]]",0.946,0,111.283869,30.697434
ermawu_T3_00155,ermawu,sim_ermawu_l3l4,不大规模搬迁是对的，老街坊还在,回迁安置,urban_renewal,服务,0.683,Positive,pos,0.545,0.805,0.901,乐,历史街区,2026-05-01,2026-05 五一·大南门建成文旅爆满,0.402,aspect,回迁安置,ermawu,ermawu,1,1,回迁安置,pos,"[""回迁安置""]",回迁安置,防止大拆大建通知(不大规模搬迁原住民),回迁安置;原住民保留,"[[""urban_renewal"", ""服务"", ""主""], [""urban_governance"", ""服务"", ""次""]]",0.907,0,111.287909,30.695131
ermawu_T3_00156,ermawu,sim_ermawu_l3l4,二马路修旧如旧，百年老街焕发新生,修旧如旧,urban_renewal,文化,0.827,Very Positive,pos,0.593,0.778,0.917,喜,历史街区,2026-05-03,2026-05 五一·大南门建成文旅爆满,0.489,aspect,修旧如旧,ermawu,ermawu,1,1,修旧如旧,pos,"[""修旧如旧""]",修旧如旧,防止大拆大建通知;关于持续推进城市更新行动的意见,历史街区/历史文化街区保护更新,"[[""urban_renewal"", ""文化"", ""主""], [""urban_operation"", ""文化"", ""次""]]",0.809,0,111.278762,30.697423
ermawu_T3_00157,ermawu,sim_ermawu_l3l4,打卡墙前要排队,网红打卡,urban_operation,文化,0.436,Neutral,neu,0.508,0.92,0.918,盼,历史街区,2026-05-06,2026-05 五一·大南门建成文旅爆满,0.741,aspect,网红打卡,ermawu,ermawu,1,1,网红打卡,neu,"[""网红打卡""]",网红打卡,"城市更新""十五五""规划(文脉保护传承)",文旅IP打造;文化消费场景,"[[""urban_operation"", ""文化"", ""主""], [""urban_operation"", ""事件"", ""次""]]",0.807,0,111.281966,30.69069
ermawu_T3_00158,ermawu,sim_ermawu_l3l4,不变拆真改，原汁原味加分,修旧如旧,urban_renewal,文化,0.658,Very Positive,pos,0.451,0.733,0.747,乐,历史街区,2026-05-05,2026-05 五一·大南门建成文旅爆满,0.53,aspect,修旧如旧,ermawu,ermawu,1,1,修旧如旧,pos,"[""修旧如旧""]",修旧如旧,防止大拆大建通知;关于持续推进城市更新行动的意见,历史街区/历史文化街区保护更新,"[[""urban_renewal"", ""文化"", ""主""], [""urban_operation"", ""文化"", ""次""]]",0.814,0,111.28034,30.696937
ermawu_T3_00159,ermawu,sim_ermawu_l3l4,回迁户型不满意,回迁安置,urban_renewal,服务,0.353,Very Negative,neg,0.648,0.786,0.885,哀,历史街区,2026-05-04,2026-05 五一·大南门建成文旅爆满,0.735,aspect,回迁安置,ermawu,ermawu,1,1,回迁安置,neg,"[""回迁安置""]",回迁安置,防止大拆大建通知(不大规模搬迁原住民),回迁安置;原住民保留,"[[""urban_renewal"", ""服务"", ""主""], [""urban_governance"", ""服务"", ""次""]]",0.811,0,111.280927,30.693799
ermawu_T3_00160,ermawu,sim_ermawu_l3l4,停车太难，绕三圈找不到,停车难,urban_governance,设施,0.106,Very Negative,neg,0.818,0.847,0.791,哀,历史街区,2026-05-05,2026-05 五一·大南门建成文旅爆满,0.643,aspect,停车难,ermawu,ermawu,1,1,停车难,neg,"[""停车难""]",停车难,完整社区(配套设施补齐);一刻钟生活圈,停车设施补齐;配套完善,"[[""urban_governance"", ""设施"", ""主""], [""urban_planning"", ""设施"", ""次""]]",0.768,0,111.28024,30.695302
ermawu_T3_00161,ermawu,sim_ermawu_l3l4,老建筑修得讲究，最小干预看出功夫,修旧如旧,urban_renewal,文化,0.848,Positive,pos,0.517,0.764,0.799,乐,历史街区,2026-05-06,2026-05 五一·大南门建成文旅爆满,0.59,aspect,修旧如旧,ermawu,ermawu,1,1,修旧如旧,pos,"[""修旧如旧""]",修旧如旧,防止大拆大建通知;关于持续推进城市更新行动的意见,历史街区/历史文化街区保护更新,"[[""urban_renewal"", ""文化"", ""主""], [""urban_operation"", ""文化"", ""次""]]",0.741,0,111.279357,30.69936
ermawu_T3_00162,ermawu,sim_ermawu_l3l4,夜幕降临热闹起来，有活力,夜经济,urban_operation,事件,0.936,Positive,pos,0.311,0.803,0.841,喜,历史街区,2026-05-07,2026-05 五一·大南门建成文旅爆满,0.573,aspect,夜经济,ermawu,ermawu,1,1,夜经济,pos,"[""夜经济""]",夜经济,"城市更新""十五五""规划(生活圈扩围;夜经济)",一刻钟便民生活圈建设;夜经济品牌培育,"[[""urban_operation"", ""事件"", ""主""], [""urban_governance"", ""事件"", ""次""]]",0.842,1,111.277889,30.700662
ermawu_T3_00163,ermawu,sim_ermawu_l3l4,夜经济周边停车更难,夜经济,urban_operation,事件,0.262,Very Negative,neg,0.587,0.768,0.781,哀,历史街区,2026-05-03,2026-05 五一·大南门建成文旅爆满,0.479,aspect,夜经济,ermawu,ermawu,1,1,夜经济,neg,"[""夜经济""]",夜经济,"城市更新""十五五""规划(生活圈扩围;夜经济)",一刻钟便民生活圈建设;夜经济品牌培育,"[[""urban_operation"", ""事件"", ""主""], [""urban_governance"", ""事件"", ""次""]]",0.707,1,111.280976,30.697245
ermawu_T3_00164,ermawu,sim_ermawu_l3l4,既有文化味更有烟火气，难得,烟火气保留,urban_renewal,文化,0.745,Positive,pos,0.596,0.819,0.784,喜,历史街区,2026-05-04,2026-05 五一·大南门建成文旅爆满,0.786,aspect,烟火气保留,ermawu,ermawu,1,1,烟火气保留,pos,"[""烟火气保留""]",烟火气保留,防止大拆大建通知(留改拆·留底线),历史街区保护更新;社区营造,"[[""urban_renewal"", ""文化"", ""主""], [""urban_renewal"", ""环境"", ""次""]]",0.726,0,111.285275,30.697389
ermawu_T3_00165,ermawu,sim_ermawu_l3l4,开街后人气回来了，热闹得像过年,文旅活力,urban_operation,事件,0.89,Very Positive,pos,0.388,0.929,0.705,喜,历史街区,2026-05-02,2026-05 五一·大南门建成文旅爆满,0.789,aspect,文旅活力,ermawu,ermawu,1,1,文旅活力,pos,"[""文旅活力""]",文旅活力,"城市更新""十五五""规划(文脉保护;文旅)",文旅品牌;节假日活动组织,"[[""urban_operation"", ""事件"", ""主""], [""urban_operation"", ""文化"", ""次""]]",0.681,1,111.277473,30.696796
ermawu_T3_00166,ermawu,sim_ermawu_l3l4,节假日停车地狱,停车难,urban_governance,设施,0.131,Very Negative,neg,0.521,0.755,0.712,怒,历史街区,2026-05-06,2026-05 五一·大南门建成文旅爆满,0.419,aspect,停车难,ermawu,ermawu,1,1,停车难,neg,"[""停车难""]",停车难,完整社区(配套设施补齐);一刻钟生活圈,停车设施补齐;配套完善,"[[""urban_governance"", ""设施"", ""主""], [""urban_planning"", ""设施"", ""次""]]",0.723,0,111.283681,30.692082
ermawu_T3_00167,ermawu,sim_ermawu_l3l4,开街后保洁跟上了,垃圾秩序,urban_governance,环境,0.882,Very Positive,pos,0.309,0.901,0.809,喜,历史街区,2026-05-03,2026-05 五一·大南门建成文旅爆满,0.582,aspect,垃圾秩序,ermawu,ermawu,1,1,垃圾秩序,pos,"[""垃圾秩序""]",垃圾秩序,城市更新行动意见(市容治理),市容环境治理;垃圾分类,"[[""urban_governance"", ""环境"", ""主""], [""urban_governance"", ""服务"", ""次""]]",0.947,0,111.275226,30.701101
ermawu_T3_00168,ermawu,sim_ermawu_l3l4,保留原貌真有味道，修新如旧做得好,修旧如旧,urban_renewal,文化,0.913,Very Positive,pos,0.777,0.81,0.749,乐,历史街区,2026-05-04,2026-05 五一·大南门建成文旅爆满,0.635,aspect,修旧如旧,ermawu,ermawu,1,1,修旧如旧,pos,"[""修旧如旧""]",修旧如旧,防止大拆大建通知;关于持续推进城市更新行动的意见,历史街区/历史文化街区保护更新,"[[""urban_renewal"", ""文化"", ""主""], [""urban_operation"", ""文化"", ""次""]]",0.932,0,111.283249,30.695082
ermawu_T3_00169,ermawu,sim_ermawu_l3l4,小众免费出片，本地人私藏,网红打卡,urban_operation,文化,0.69,Positive,pos,0.327,0.804,0.767,喜,历史街区,2026-05-02,2026-05 五一·大南门建成文旅爆满,0.403,aspect,网红打卡,ermawu,ermawu,1,1,网红打卡,pos,"[""网红打卡""]",网红打卡,"城市更新""十五五""规划(文脉保护传承)",文旅IP打造;文化消费场景,"[[""urban_operation"", ""文化"", ""主""], [""urban_operation"", ""事件"", ""次""]]",0.688,0,111.273464,30.697979
ermawu_T3_00170,ermawu,sim_ermawu_l3l4,保留原貌真有味道，修新如旧做得好,修旧如旧,urban_renewal,文化,0.762,Very Positive,pos,0.609,0.906,0.706,乐,历史街区,2026-05-01,2026-05 五一·大南门建成文旅爆满,0.711,aspect,修旧如旧,ermawu,ermawu,1,1,修旧如旧,pos,"[""修旧如旧""]",修旧如旧,防止大拆大建通知;关于持续推进城市更新行动的意见,历史街区/历史文化街区保护更新,"[[""urban_renewal"", ""文化"", ""主""], [""urban_operation"", ""文化"", ""次""]]",0.819,0,111.28338,30.69579
ermawu_T3_00171,ermawu,sim_ermawu_l3l4,下沉广场水景配老街，拍照绝佳,网红打卡,urban_operation,文化,0.754,Positive,pos,0.68,0.937,0.734,喜,历史街区,2026-05-06,2026-05 五一·大南门建成文旅爆满,0.742,aspect,网红打卡,ermawu,ermawu,1,1,网红打卡,pos,"[""网红打卡""]",网红打卡,"城市更新""十五五""规划(文脉保护传承)",文旅IP打造;文化消费场景,"[[""urban_operation"", ""文化"", ""主""], [""urban_operation"", ""事件"", ""次""]]",0.753,0,111.284071,30.698024
ermawu_T3_00172,ermawu,sim_ermawu_l3l4,老建筑修得讲究，最小干预看出功夫,修旧如旧,urban_renewal,文化,0.947,Very Positive,pos,0.7,0.828,0.788,乐,历史街区,2026-05-07,2026-05 五一·大南门建成文旅爆满,0.721,aspect,修旧如旧,ermawu,ermawu,1,1,修旧如旧,pos,"[""修旧如旧""]",修旧如旧,防止大拆大建通知;关于持续推进城市更新行动的意见,历史街区/历史文化街区保护更新,"[[""urban_renewal"", ""文化"", ""主""], [""urban_operation"", ""文化"", ""次""]]",0.948,0,111.283028,30.696139
ermawu_T3_00173,ermawu,sim_ermawu_l3l4,节假日停车地狱,停车难,urban_governance,设施,0.181,Very Negative,neg,0.587,0.946,0.732,愁,历史街区,2026-05-05,2026-05 五一·大南门建成文旅爆满,0.492,aspect,停车难,ermawu,ermawu,1,1,停车难,neg,"[""停车难""]",停车难,完整社区(配套设施补齐);一刻钟生活圈,停车设施补齐;配套完善,"[[""urban_governance"", ""设施"", ""主""], [""urban_planning"", ""设施"", ""次""]]",0.868,0,111.28311,30.697644
ermawu_T3_00174,ermawu,sim_ermawu_l3l4,老建筑修得讲究，最小干预看出功夫,修旧如旧,urban_renewal,文化,0.947,Positive,pos,0.793,0.744,0.715,乐,历史街区,2026-05-07,2026-05 五一·大南门建成文旅爆满,0.813,aspect,修旧如旧,ermawu,ermawu,1,1,修旧如旧,pos,"[""修旧如旧""]",修旧如旧,防止大拆大建通知;关于持续推进城市更新行动的意见,历史街区/历史文化街区保护更新,"[[""urban_renewal"", ""文化"", ""主""], [""urban_operation"", ""文化"", ""次""]]",0.816,0,111.27435,30.697948
ermawu_T3_00175,ermawu,sim_ermawu_l3l4,"""宜昌""打卡墙出片，复古花墙绝了",网红打卡,urban_operation,文化,0.888,Very Positive,pos,0.495,0.933,0.862,乐,历史街区,2026-05-07,2026-05 五一·大南门建成文旅爆满,0.728,aspect,网红打卡,ermawu,ermawu,1,1,网红打卡,pos,"[""网红打卡""]",网红打卡,"城市更新""十五五""规划(文脉保护传承)",文旅IP打造;文化消费场景,"[[""urban_operation"", ""文化"", ""主""], [""urban_operation"", ""事件"", ""次""]]",0.91,0,111.284627,30.69611
ermawu_T3_00176,ermawu,sim_ermawu_l3l4,夜幕降临热闹起来，有活力,夜经济,urban_operation,事件,0.668,Very Positive,pos,0.536,0.765,0.766,喜,历史街区,2026-05-02,2026-05 五一·大南门建成文旅爆满,0.48,aspect,夜经济,ermawu,ermawu,1,1,夜经济,pos,"[""夜经济""]",夜经济,"城市更新""十五五""规划(生活圈扩围;夜经济)",一刻钟便民生活圈建设;夜经济品牌培育,"[[""urban_operation"", ""事件"", ""主""], [""urban_governance"", ""事件"", ""次""]]",0.936,1,111.279879,30.692565
ermawu_T3_00177,ermawu,sim_ermawu_l3l4,既有文化味更有烟火气，难得,烟火气保留,urban_renewal,文化,0.816,Very Positive,pos,0.685,0.785,0.762,喜,历史街区,2026-05-05,2026-05 五一·大南门建成文旅爆满,0.466,aspect,烟火气保留,ermawu,ermawu,1,1,烟火气保留,pos,"[""烟火气保留""]",烟火气保留,防止大拆大建通知(留改拆·留底线),历史街区保护更新;社区营造,"[[""urban_renewal"", ""文化"", ""主""], [""urban_renewal"", ""环境"", ""次""]]",0.922,0,111.284738,30.696454
ermawu_T3_00178,ermawu,sim_ermawu_l3l4,回迁满意，原样回来住着踏实,回迁安置,urban_renewal,服务,0.789,Very Positive,pos,0.649,0.78,0.787,乐,历史街区,2026-05-05,2026-05 五一·大南门建成文旅爆满,0.754,aspect,回迁安置,ermawu,ermawu,1,1,回迁安置,pos,"[""回迁安置""]",回迁安置,防止大拆大建通知(不大规模搬迁原住民),回迁安置;原住民保留,"[[""urban_renewal"", ""服务"", ""主""], [""urban_governance"", ""服务"", ""次""]]",0.809,0,111.284181,30.697182
ermawu_T3_00179,ermawu,sim_ermawu_l3l4,老建筑修得讲究，最小干预看出功夫,修旧如旧,urban_renewal,文化,0.405,Neutral,neu,0.331,0.78,0.844,急,历史街区,2026-05-05,2026-05 五一·大南门建成文旅爆满,0.746,aspect,修旧如旧,ermawu,ermawu,1,1,修旧如旧,neu,"[""修旧如旧""]",修旧如旧,防止大拆大建通知;关于持续推进城市更新行动的意见,历史街区/历史文化街区保护更新,"[[""urban_renewal"", ""文化"", ""主""], [""urban_operation"", ""文化"", ""次""]]",0.848,0,111.283458,30.698201
ermawu_T3_00180,ermawu,sim_ermawu_l3l4,文旅复苏，老街活了,文旅活力,urban_operation,事件,0.649,Positive,pos,0.748,0.762,0.718,乐,历史街区,2026-05-07,2026-05 五一·大南门建成文旅爆满,0.659,aspect,文旅活力,ermawu,ermawu,1,1,文旅活力,pos,"[""文旅活力""]",文旅活力,"城市更新""十五五""规划(文脉保护;文旅)",文旅品牌;节假日活动组织,"[[""urban_operation"", ""事件"", ""主""], [""urban_operation"", ""文化"", ""次""]]",0.84,1,111.28175,30.697001
ermawu_T3_00181,ermawu,sim_ermawu_l3l4,"""宜昌""打卡墙出片，复古花墙绝了",网红打卡,urban_operation,文化,0.753,Very Positive,pos,0.705,0.897,0.703,喜,历史街区,2026-05-03,2026-05 五一·大南门建成文旅爆满,0.474,aspect,网红打卡,ermawu,ermawu,1,1,网红打卡,pos,"[""网红打卡""]",网红打卡,"城市更新""十五五""规划(文脉保护传承)",文旅IP打造;文化消费场景,"[[""urban_operation"", ""文化"", ""主""], [""urban_operation"", ""事件"", ""次""]]",0.837,0,111.283494,30.696331
ermawu_T3_00182,ermawu,sim_ermawu_l3l4,开街后保洁跟上了,垃圾秩序,urban_governance,环境,0.451,Neutral,neu,0.48,0.722,0.751,盼,历史街区,2026-05-06,2026-05 五一·大南门建成文旅爆满,0.475,aspect,垃圾秩序,ermawu,ermawu,1,1,垃圾秩序,neu,"[""垃圾秩序""]",垃圾秩序,城市更新行动意见(市容治理),市容环境治理;垃圾分类,"[[""urban_governance"", ""环境"", ""主""], [""urban_governance"", ""服务"", ""次""]]",0.797,0,111.282066,30.697242
ermawu_T3_00183,ermawu,sim_ermawu_l3l4,开街后人气回来了，热闹得像过年,文旅活力,urban_operation,事件,0.692,Positive,pos,0.589,0.927,0.836,乐,历史街区,2026-05-07,2026-05 五一·大南门建成文旅爆满,0.422,aspect,文旅活力,ermawu,ermawu,1,1,文旅活力,pos,"[""文旅活力""]",文旅活力,"城市更新""十五五""规划(文脉保护;文旅)",文旅品牌;节假日活动组织,"[[""urban_operation"", ""事件"", ""主""], [""urban_operation"", ""文化"", ""次""]]",0.914,1,111.286879,30.697587
ermawu_T3_00184,ermawu,sim_ermawu_l3l4,下沉广场水景配老街，拍照绝佳,网红打卡,urban_operation,文化,0.681,Very Positive,pos,0.51,0.937,0.779,喜,历史街区,2026-05-03,2026-05 五一·大南门建成文旅爆满,0.876,aspect,网红打卡,ermawu,ermawu,1,1,网红打卡,pos,"[""网红打卡""]",网红打卡,"城市更新""十五五""规划(文脉保护传承)",文旅IP打造;文化消费场景,"[[""urban_operation"", ""文化"", ""主""], [""urban_operation"", ""事件"", ""次""]]",0.93,0,111.275841,30.694287
ermawu_T3_00185,ermawu,sim_ermawu_l3l4,连锁店太多，没特色,业态丰富度,urban_operation,服务,0.188,Negative,neg,0.524,0.851,0.786,哀,历史街区,2026-05-06,2026-05 五一·大南门建成文旅爆满,0.534,aspect,业态丰富度,ermawu,ermawu,1,1,业态丰富度,neg,"[""业态丰富度""]",业态丰富度,关于持续推进城市更新行动的意见(业态引导),业态多元化引导;业态调整,"[[""urban_operation"", ""服务"", ""主""], [""urban_renewal"", ""服务"", ""次""]]",0.846,0,111.284491,30.692429
ermawu_T3_00186,ermawu,sim_ermawu_l3l4,不变拆真改，原汁原味加分,修旧如旧,urban_renewal,文化,0.937,Positive,pos,0.405,0.921,0.827,乐,历史街区,2026-05-03,2026-05 五一·大南门建成文旅爆满,0.543,aspect,修旧如旧,ermawu,ermawu,1,1,修旧如旧,pos,"[""修旧如旧""]",修旧如旧,防止大拆大建通知;关于持续推进城市更新行动的意见,历史街区/历史文化街区保护更新,"[[""urban_renewal"", ""文化"", ""主""], [""urban_operation"", ""文化"", ""次""]]",0.813,0,111.28331,30.695714
ermawu_T3_00187,ermawu,sim_ermawu_l3l4,节假日停车地狱,停车难,urban_governance,设施,0.296,Negative,neg,0.771,0.946,0.838,愁,历史街区,2026-05-03,2026-05 五一·大南门建成文旅爆满,0.742,aspect,停车难,ermawu,ermawu,1,1,停车难,neg,"[""停车难""]",停车难,完整社区(配套设施补齐);一刻钟生活圈,停车设施补齐;配套完善,"[[""urban_governance"", ""设施"", ""主""], [""urban_planning"", ""设施"", ""次""]]",0.814,0,111.276254,30.698608
ermawu_T3_00188,ermawu,sim_ermawu_l3l4,连锁店太多，没特色,业态丰富度,urban_operation,服务,0.286,Negative,neg,0.536,0.798,0.833,哀,历史街区,2026-05-03,2026-05 五一·大南门建成文旅爆满,0.576,aspect,业态丰富度,ermawu,ermawu,1,1,业态丰富度,neg,"[""业态丰富度""]",业态丰富度,关于持续推进城市更新行动的意见(业态引导),业态多元化引导;业态调整,"[[""urban_operation"", ""服务"", ""主""], [""urban_renewal"", ""服务"", ""次""]]",0.716,0,111.287086,30.693669
ermawu_T3_00189,ermawu,sim_ermawu_l3l4,既有文化味更有烟火气，难得,烟火气保留,urban_renewal,文化,0.712,Very Positive,pos,0.347,0.882,0.837,乐,历史街区,2026-05-02,2026-05 五一·大南门建成文旅爆满,0.657,aspect,烟火气保留,ermawu,ermawu,1,1,烟火气保留,pos,"[""烟火气保留""]",烟火气保留,防止大拆大建通知(留改拆·留底线),历史街区保护更新;社区营造,"[[""urban_renewal"", ""文化"", ""主""], [""urban_renewal"", ""环境"", ""次""]]",0.855,0,111.280667,30.692455
ermawu_T3_00190,ermawu,sim_ermawu_l3l4,不变拆真改，原汁原味加分,修旧如旧,urban_renewal,文化,0.792,Very Positive,pos,0.741,0.872,0.871,乐,历史街区,2026-05-06,2026-05 五一·大南门建成文旅爆满,0.413,aspect,修旧如旧,ermawu,ermawu,1,1,修旧如旧,pos,"[""修旧如旧""]",修旧如旧,防止大拆大建通知;关于持续推进城市更新行动的意见,历史街区/历史文化街区保护更新,"[[""urban_renewal"", ""文化"", ""主""], [""urban_operation"", ""文化"", ""次""]]",0.76,0,111.276511,30.697929
ermawu_T3_00191,ermawu,sim_ermawu_l3l4,烟火气没了，商业化太重,烟火气保留,urban_renewal,文化,0.175,Negative,neg,0.504,0.789,0.846,哀,历史街区,2026-05-02,2026-05 五一·大南门建成文旅爆满,0.694,aspect,烟火气保留,ermawu,ermawu,1,1,烟火气保留,neg,"[""烟火气保留""]",烟火气保留,防止大拆大建通知(留改拆·留底线),历史街区保护更新;社区营造,"[[""urban_renewal"", ""文化"", ""主""], [""urban_renewal"", ""环境"", ""次""]]",0.708,0,111.279135,30.693202
ermawu_T3_00192,ermawu,sim_ermawu_l3l4,业态还在调整中,业态丰富度,urban_operation,服务,0.52,Neutral,neu,0.458,0.897,0.818,盼,历史街区,2026-05-02,2026-05 五一·大南门建成文旅爆满,0.797,aspect,业态丰富度,ermawu,ermawu,1,1,业态丰富度,neu,"[""业态丰富度""]",业态丰富度,关于持续推进城市更新行动的意见(业态引导),业态多元化引导;业态调整,"[[""urban_operation"", ""服务"", ""主""], [""urban_renewal"", ""服务"", ""次""]]",0.811,0,111.277906,30.699462
ermawu_T3_00193,ermawu,sim_ermawu_l3l4,回迁满意，原样回来住着踏实,回迁安置,urban_renewal,服务,0.683,Very Positive,pos,0.342,0.775,0.716,乐,历史街区,2026-05-04,2026-05 五一·大南门建成文旅爆满,0.568,aspect,回迁安置,ermawu,ermawu,1,1,回迁安置,pos,"[""回迁安置""]",回迁安置,防止大拆大建通知(不大规模搬迁原住民),回迁安置;原住民保留,"[[""urban_renewal"", ""服务"", ""主""], [""urban_governance"", ""服务"", ""次""]]",0.683,0,111.28153,30.696595
ermawu_T3_00194,ermawu,sim_ermawu_l3l4,夜幕降临热闹起来，有活力,夜经济,urban_operation,事件,0.823,Positive,pos,0.454,0.729,0.817,乐,历史街区,2026-05-05,2026-05 五一·大南门建成文旅爆满,0.441,aspect,夜经济,ermawu,ermawu,1,1,夜经济,pos,"[""夜经济""]",夜经济,"城市更新""十五五""规划(生活圈扩围;夜经济)",一刻钟便民生活圈建设;夜经济品牌培育,"[[""urban_operation"", ""事件"", ""主""], [""urban_governance"", ""事件"", ""次""]]",0.901,1,111.286769,30.694495
ermawu_T3_00195,ermawu,sim_ermawu_l3l4,老建筑修得讲究，最小干预看出功夫,修旧如旧,urban_renewal,文化,0.848,Very Positive,pos,0.659,0.833,0.834,喜,历史街区,2026-05-05,2026-05 五一·大南门建成文旅爆满,0.645,aspect,修旧如旧,ermawu,ermawu,1,1,修旧如旧,pos,"[""修旧如旧""]",修旧如旧,防止大拆大建通知;关于持续推进城市更新行动的意见,历史街区/历史文化街区保护更新,"[[""urban_renewal"", ""文化"", ""主""], [""urban_operation"", ""文化"", ""次""]]",0.708,0,111.273117,30.698661
ermawu_T3_00196,ermawu,sim_ermawu_l3l4,开街后人气回来了，热闹得像过年,文旅活力,urban_operation,事件,0.959,Positive,pos,0.446,0.726,0.82,喜,历史街区,2026-05-05,2026-05 五一·大南门建成文旅爆满,0.744,aspect,文旅活力,ermawu,ermawu,1,1,文旅活力,pos,"[""文旅活力""]",文旅活力,"城市更新""十五五""规划(文脉保护;文旅)",文旅品牌;节假日活动组织,"[[""urban_operation"", ""事件"", ""主""], [""urban_operation"", ""文化"", ""次""]]",0.942,1,111.279525,30.697301
ermawu_T3_00197,ermawu,sim_ermawu_l3l4,老味道还在，没变味,烟火气保留,urban_renewal,文化,0.801,Very Positive,pos,0.598,0.762,0.908,喜,历史街区,2026-05-03,2026-05 五一·大南门建成文旅爆满,0.646,aspect,烟火气保留,ermawu,ermawu,1,1,烟火气保留,pos,"[""烟火气保留""]",烟火气保留,防止大拆大建通知(留改拆·留底线),历史街区保护更新;社区营造,"[[""urban_renewal"", ""文化"", ""主""], [""urban_renewal"", ""环境"", ""次""]]",0.845,0,111.281539,30.697019
ermawu_T3_00198,ermawu,sim_ermawu_l3l4,小众免费出片，本地人私藏,网红打卡,urban_operation,文化,0.734,Positive,pos,0.324,0.905,0.749,乐,历史街区,2026-05-07,2026-05 五一·大南门建成文旅爆满,0.598,aspect,网红打卡,ermawu,ermawu,1,1,网红打卡,pos,"[""网红打卡""]",网红打卡,"城市更新""十五五""规划(文脉保护传承)",文旅IP打造;文化消费场景,"[[""urban_operation"", ""文化"", ""主""], [""urban_operation"", ""事件"", ""次""]]",0.725,0,111.281292,30.696917
ermawu_T3_00199,ermawu,sim_ermawu_l3l4,夜经济让老街活了,夜经济,urban_operation,事件,0.871,Very Positive,pos,0.765,0.776,0.91,乐,历史街区,2026-05-07,2026-05 五一·大南门建成文旅爆满,0.541,aspect,夜经济,ermawu,ermawu,1,1,夜经济,pos,"[""夜经济""]",夜经济,"城市更新""十五五""规划(生活圈扩围;夜经济)",一刻钟便民生活圈建设;夜经济品牌培育,"[[""urban_operation"", ""事件"", ""主""], [""urban_governance"", ""事件"", ""次""]]",0.769,1,111.281495,30.691032
ermawu_T3_00200,ermawu,sim_ermawu_l3l4,二马路成了网红打卡地，年轻人多,网红打卡,urban_operation,文化,0.765,Very Positive,pos,0.506,0.865,0.812,喜,历史街区,2026-05-01,2026-05 五一·大南门建成文旅爆满,0.769,aspect,网红打卡,ermawu,ermawu,1,1,网红打卡,pos,"[""网红打卡""]",网红打卡,"城市更新""十五五""规划(文脉保护传承)",文旅IP打造;文化消费场景,"[[""urban_operation"", ""文化"", ""主""], [""urban_operation"", ""事件"", ""次""]]",0.924,0,111.278786,30.694764
ermawu_T3_00201,ermawu,sim_ermawu_l3l4,回迁户型不满意,回迁安置,urban_renewal,服务,0.316,Negative,neg,0.543,0.724,0.872,愁,历史街区,2026-05-07,2026-05 五一·大南门建成文旅爆满,0.749,aspect,回迁安置,ermawu,ermawu,1,1,回迁安置,neg,"[""回迁安置""]",回迁安置,防止大拆大建通知(不大规模搬迁原住民),回迁安置;原住民保留,"[[""urban_renewal"", ""服务"", ""主""], [""urban_governance"", ""服务"", ""次""]]",0.744,0,111.275439,30.699113
ermawu_T3_00202,ermawu,sim_ermawu_l3l4,不变拆真改，原汁原味加分,修旧如旧,urban_renewal,文化,0.663,Very Positive,pos,0.626,0.926,0.908,乐,历史街区,2026-05-05,2026-05 五一·大南门建成文旅爆满,0.606,aspect,修旧如旧,ermawu,ermawu,1,1,修旧如旧,pos,"[""修旧如旧""]",修旧如旧,防止大拆大建通知;关于持续推进城市更新行动的意见,历史街区/历史文化街区保护更新,"[[""urban_renewal"", ""文化"", ""主""], [""urban_operation"", ""文化"", ""次""]]",0.701,0,111.279526,30.695714
ermawu_T3_00203,ermawu,sim_ermawu_l3l4,下沉广场水景配老街，拍照绝佳,网红打卡,urban_operation,文化,0.761,Positive,pos,0.681,0.886,0.734,乐,历史街区,2026-05-04,2026-05 五一·大南门建成文旅爆满,0.854,aspect,网红打卡,ermawu,ermawu,1,1,网红打卡,pos,"[""网红打卡""]",网红打卡,"城市更新""十五五""规划(文脉保护传承)",文旅IP打造;文化消费场景,"[[""urban_operation"", ""文化"", ""主""], [""urban_operation"", ""事件"", ""次""]]",0.701,0,111.285923,30.690995
ermawu_T3_00204,ermawu,sim_ermawu_l3l4,不变拆真改，原汁原味加分,修旧如旧,urban_renewal,文化,0.91,Positive,pos,0.404,0.724,0.789,喜,历史街区,2026-05-06,2026-05 五一·大南门建成文旅爆满,0.429,aspect,修旧如旧,ermawu,ermawu,1,1,修旧如旧,pos,"[""修旧如旧""]",修旧如旧,防止大拆大建通知;关于持续推进城市更新行动的意见,历史街区/历史文化街区保护更新,"[[""urban_renewal"", ""文化"", ""主""], [""urban_operation"", ""文化"", ""次""]]",0.87,0,111.281199,30.697841
ermawu_T3_00205,ermawu,sim_ermawu_l3l4,文旅复苏，老街活了,文旅活力,urban_operation,事件,0.632,Very Positive,pos,0.594,0.835,0.759,喜,历史街区,2026-05-04,2026-05 五一·大南门建成文旅爆满,0.484,aspect,文旅活力,ermawu,ermawu,1,1,文旅活力,pos,"[""文旅活力""]",文旅活力,"城市更新""十五五""规划(文脉保护;文旅)",文旅品牌;节假日活动组织,"[[""urban_operation"", ""事件"", ""主""], [""urban_operation"", ""文化"", ""次""]]",0.845,1,111.279149,30.697959
ermawu_T3_00206,ermawu,sim_ermawu_l3l4,文旅复苏，老街活了,文旅活力,urban_operation,事件,0.788,Positive,pos,0.358,0.889,0.851,喜,历史街区,2026-05-06,2026-05 五一·大南门建成文旅爆满,0.454,aspect,文旅活力,ermawu,ermawu,1,1,文旅活力,pos,"[""文旅活力""]",文旅活力,"城市更新""十五五""规划(文脉保护;文旅)",文旅品牌;节假日活动组织,"[[""urban_operation"", ""事件"", ""主""], [""urban_operation"", ""文化"", ""次""]]",0.707,1,111.278522,30.698732
ermawu_T3_00207,ermawu,sim_ermawu_l3l4,五一10万人，体验拉胯,文旅活力,urban_operation,事件,0.185,Negative,neg,0.688,0.868,0.728,愁,历史街区,2026-05-06,2026-05 五一·大南门建成文旅爆满,0.599,aspect,文旅活力,ermawu,ermawu,1,1,文旅活力,neg,"[""文旅活力""]",文旅活力,"城市更新""十五五""规划(文脉保护;文旅)",文旅品牌;节假日活动组织,"[[""urban_operation"", ""事件"", ""主""], [""urban_operation"", ""文化"", ""次""]]",0.825,1,111.280721,30.696292
ermawu_T3_00208,ermawu,sim_ermawu_l3l4,小众免费出片，本地人私藏,网红打卡,urban_operation,文化,0.622,Very Positive,pos,0.767,0.833,0.884,喜,历史街区,2026-05-07,2026-05 五一·大南门建成文旅爆满,0.752,aspect,网红打卡,ermawu,ermawu,1,1,网红打卡,pos,"[""网红打卡""]",网红打卡,"城市更新""十五五""规划(文脉保护传承)",文旅IP打造;文化消费场景,"[[""urban_operation"", ""文化"", ""主""], [""urban_operation"", ""事件"", ""次""]]",0.743,0,111.275797,30.698839
ermawu_T3_00209,ermawu,sim_ermawu_l3l4,二马路修旧如旧，百年老街焕发新生,修旧如旧,urban_renewal,文化,0.946,Positive,pos,0.56,0.934,0.757,喜,历史街区,2026-05-07,2026-05 五一·大南门建成文旅爆满,0.561,aspect,修旧如旧,ermawu,ermawu,1,1,修旧如旧,pos,"[""修旧如旧""]",修旧如旧,防止大拆大建通知;关于持续推进城市更新行动的意见,历史街区/历史文化街区保护更新,"[[""urban_renewal"", ""文化"", ""主""], [""urban_operation"", ""文化"", ""次""]]",0.838,0,111.274758,30.695278
ermawu_T3_00210,ermawu,sim_ermawu_l3l4,老建筑修得讲究，最小干预看出功夫,修旧如旧,urban_renewal,文化,0.641,Very Positive,pos,0.564,0.867,0.82,喜,历史街区,2026-05-07,2026-05 五一·大南门建成文旅爆满,0.62,aspect,修旧如旧,ermawu,ermawu,1,1,修旧如旧,pos,"[""修旧如旧""]",修旧如旧,防止大拆大建通知;关于持续推进城市更新行动的意见,历史街区/历史文化街区保护更新,"[[""urban_renewal"", ""文化"", ""主""], [""urban_operation"", ""文化"", ""次""]]",0.938,0,111.285555,30.695934
ermawu_T3_00211,ermawu,sim_ermawu_l3l4,开街后人气回来了，热闹得像过年,文旅活力,urban_operation,事件,0.868,Very Positive,pos,0.704,0.775,0.895,喜,历史街区,2026-05-07,2026-05 五一·大南门建成文旅爆满,0.792,aspect,文旅活力,ermawu,ermawu,1,1,文旅活力,pos,"[""文旅活力""]",文旅活力,"城市更新""十五五""规划(文脉保护;文旅)",文旅品牌;节假日活动组织,"[[""urban_operation"", ""事件"", ""主""], [""urban_operation"", ""文化"", ""次""]]",0.789,1,111.274366,30.697178
ermawu_T3_00212,ermawu,sim_ermawu_l3l4,不大规模搬迁是对的，老街坊还在,回迁安置,urban_renewal,服务,0.892,Positive,pos,0.338,0.79,0.873,乐,历史街区,2026-05-01,2026-05 五一·大南门建成文旅爆满,0.67,aspect,回迁安置,ermawu,ermawu,1,1,回迁安置,pos,"[""回迁安置""]",回迁安置,防止大拆大建通知(不大规模搬迁原住民),回迁安置;原住民保留,"[[""urban_renewal"", ""服务"", ""主""], [""urban_governance"", ""服务"", ""次""]]",0.933,0,111.277049,30.698243
ermawu_T3_00213,ermawu,sim_ermawu_l3l4,老建筑修得讲究，最小干预看出功夫,修旧如旧,urban_renewal,文化,0.844,Very Positive,pos,0.669,0.738,0.877,喜,历史街区,2026-05-01,2026-05 五一·大南门建成文旅爆满,0.511,aspect,修旧如旧,ermawu,ermawu,1,1,修旧如旧,pos,"[""修旧如旧""]",修旧如旧,防止大拆大建通知;关于持续推进城市更新行动的意见,历史街区/历史文化街区保护更新,"[[""urban_renewal"", ""文化"", ""主""], [""urban_operation"", ""文化"", ""次""]]",0.847,0,111.276548,30.698614
ermawu_T3_00214,ermawu,sim_ermawu_l3l4,回迁安置拖很久,回迁安置,urban_renewal,服务,0.136,Very Negative,neg,0.711,0.865,0.917,哀,历史街区,2026-05-07,2026-05 五一·大南门建成文旅爆满,0.644,aspect,回迁安置,ermawu,ermawu,1,1,回迁安置,neg,"[""回迁安置""]",回迁安置,防止大拆大建通知(不大规模搬迁原住民),回迁安置;原住民保留,"[[""urban_renewal"", ""服务"", ""主""], [""urban_governance"", ""服务"", ""次""]]",0.732,0,111.274832,30.701315
ermawu_T3_00215,ermawu,sim_ermawu_l3l4,配套停车跟不上热度,停车难,urban_governance,设施,0.375,Very Negative,neg,0.785,0.748,0.735,哀,历史街区,2026-05-06,2026-05 五一·大南门建成文旅爆满,0.581,aspect,停车难,ermawu,ermawu,1,1,停车难,neg,"[""停车难""]",停车难,完整社区(配套设施补齐);一刻钟生活圈,停车设施补齐;配套完善,"[[""urban_governance"", ""设施"", ""主""], [""urban_planning"", ""设施"", ""次""]]",0.75,0,111.285068,30.690502
ermawu_T3_00216,ermawu,sim_ermawu_l3l4,五一日均1.5万人，百年老街出圈了,文旅活力,urban_operation,事件,0.707,Positive,pos,0.402,0.82,0.895,乐,历史街区,2026-05-02,2026-05 五一·大南门建成文旅爆满,0.411,aspect,文旅活力,ermawu,ermawu,1,1,文旅活力,pos,"[""文旅活力""]",文旅活力,"城市更新""十五五""规划(文脉保护;文旅)",文旅品牌;节假日活动组织,"[[""urban_operation"", ""事件"", ""主""], [""urban_operation"", ""文化"", ""次""]]",0.725,1,111.284424,30.692635
ermawu_T3_00217,ermawu,sim_ermawu_l3l4,老建筑修得讲究，最小干预看出功夫,修旧如旧,urban_renewal,文化,0.932,Positive,pos,0.534,0.762,0.7,乐,历史街区,2026-05-06,2026-05 五一·大南门建成文旅爆满,0.45,aspect,修旧如旧,ermawu,ermawu,1,1,修旧如旧,pos,"[""修旧如旧""]",修旧如旧,防止大拆大建通知;关于持续推进城市更新行动的意见,历史街区/历史文化街区保护更新,"[[""urban_renewal"", ""文化"", ""主""], [""urban_operation"", ""文化"", ""次""]]",0.836,0,111.279142,30.699654
ermawu_T3_00218,ermawu,sim_ermawu_l3l4,业态单一，逛一次就够,业态丰富度,urban_operation,服务,0.09,Very Negative,neg,0.584,0.871,0.787,怒,历史街区,2026-05-02,2026-05 五一·大南门建成文旅爆满,0.699,aspect,业态丰富度,ermawu,ermawu,1,1,业态丰富度,neg,"[""业态丰富度""]",业态丰富度,关于持续推进城市更新行动的意见(业态引导),业态多元化引导;业态调整,"[[""urban_operation"", ""服务"", ""主""], [""urban_renewal"", ""服务"", ""次""]]",0.933,0,111.27224,30.699755
ermawu_T3_00219,ermawu,sim_ermawu_l3l4,老建筑修得讲究，最小干预看出功夫,修旧如旧,urban_renewal,文化,0.858,Positive,pos,0.359,0.723,0.72,喜,历史街区,2026-05-07,2026-05 五一·大南门建成文旅爆满,0.875,aspect,修旧如旧,ermawu,ermawu,1,1,修旧如旧,pos,"[""修旧如旧""]",修旧如旧,防止大拆大建通知;关于持续推进城市更新行动的意见,历史街区/历史文化街区保护更新,"[[""urban_renewal"", ""文化"", ""主""], [""urban_operation"", ""文化"", ""次""]]",0.895,0,111.28392,30.691429
ermawu_T3_00220,ermawu,sim_ermawu_l3l4,二马路成了网红打卡地，年轻人多,网红打卡,urban_operation,文化,0.656,Positive,pos,0.582,0.759,0.917,喜,历史街区,2026-05-04,2026-05 五一·大南门建成文旅爆满,0.683,aspect,网红打卡,ermawu,ermawu,1,1,网红打卡,pos,"[""网红打卡""]",网红打卡,"城市更新""十五五""规划(文脉保护传承)",文旅IP打造;文化消费场景,"[[""urban_operation"", ""文化"", ""主""], [""urban_operation"", ""事件"", ""次""]]",0.922,0,111.281564,30.697701
ermawu_T3_00221,ermawu,sim_ermawu_l3l4,小众免费出片，本地人私藏,网红打卡,urban_operation,文化,0.795,Positive,pos,0.694,0.732,0.714,喜,历史街区,2026-05-03,2026-05 五一·大南门建成文旅爆满,0.755,aspect,网红打卡,ermawu,ermawu,1,1,网红打卡,pos,"[""网红打卡""]",网红打卡,"城市更新""十五五""规划(文脉保护传承)",文旅IP打造;文化消费场景,"[[""urban_operation"", ""文化"", ""主""], [""urban_operation"", ""事件"", ""次""]]",0.764,0,111.28496,30.698541
ermawu_T3_00222,ermawu,sim_ermawu_l3l4,老建筑修得讲究，最小干预看出功夫,修旧如旧,urban_renewal,文化,0.634,Very Positive,pos,0.512,0.738,0.852,乐,历史街区,2026-05-06,2026-05 五一·大南门建成文旅爆满,0.558,aspect,修旧如旧,ermawu,ermawu,1,1,修旧如旧,pos,"[""修旧如旧""]",修旧如旧,防止大拆大建通知;关于持续推进城市更新行动的意见,历史街区/历史文化街区保护更新,"[[""urban_renewal"", ""文化"", ""主""], [""urban_operation"", ""文化"", ""次""]]",0.753,0,111.275601,30.699959
ermawu_T3_00223,ermawu,sim_ermawu_l3l4,文旅复苏，老街活了,文旅活力,urban_operation,事件,0.864,Positive,pos,0.666,0.733,0.843,乐,历史街区,2026-05-05,2026-05 五一·大南门建成文旅爆满,0.4,aspect,文旅活力,ermawu,ermawu,1,1,文旅活力,pos,"[""文旅活力""]",文旅活力,"城市更新""十五五""规划(文脉保护;文旅)",文旅品牌;节假日活动组织,"[[""urban_operation"", ""事件"", ""主""], [""urban_operation"", ""文化"", ""次""]]",0.891,1,111.281285,30.691342
ermawu_T3_00224,ermawu,sim_ermawu_l3l4,人太多挤得慌，根本走不动,文旅活力,urban_operation,事件,0.186,Very Negative,neg,0.634,0.906,0.905,哀,历史街区,2026-05-02,2026-05 五一·大南门建成文旅爆满,0.508,aspect,文旅活力,ermawu,ermawu,1,1,文旅活力,neg,"[""文旅活力""]",文旅活力,"城市更新""十五五""规划(文脉保护;文旅)",文旅品牌;节假日活动组织,"[[""urban_operation"", ""事件"", ""主""], [""urban_operation"", ""文化"", ""次""]]",0.725,1,111.280706,30.695731
ermawu_T3_00225,ermawu,sim_ermawu_l3l4,夜幕降临热闹起来，有活力,夜经济,urban_operation,事件,0.96,Positive,pos,0.379,0.846,0.777,喜,历史街区,2026-05-03,2026-05 五一·大南门建成文旅爆满,0.698,aspect,夜经济,ermawu,ermawu,1,1,夜经济,pos,"[""夜经济""]",夜经济,"城市更新""十五五""规划(生活圈扩围;夜经济)",一刻钟便民生活圈建设;夜经济品牌培育,"[[""urban_operation"", ""事件"", ""主""], [""urban_governance"", ""事件"", ""次""]]",0.897,1,111.276316,30.697844
ermawu_T3_00226,ermawu,sim_ermawu_l3l4,停车太难，绕三圈找不到,停车难,urban_governance,设施,0.331,Negative,neg,0.756,0.781,0.748,愁,历史街区,2026-05-03,2026-05 五一·大南门建成文旅爆满,0.604,aspect,停车难,ermawu,ermawu,1,1,停车难,neg,"[""停车难""]",停车难,完整社区(配套设施补齐);一刻钟生活圈,停车设施补齐;配套完善,"[[""urban_governance"", ""设施"", ""主""], [""urban_planning"", ""设施"", ""次""]]",0.848,0,111.28249,30.69253
ermawu_T3_00227,ermawu,sim_ermawu_l3l4,二马路修旧如旧，百年老街焕发新生,修旧如旧,urban_renewal,文化,0.528,Neutral,neu,0.775,0.932,0.916,急,历史街区,2026-05-03,2026-05 五一·大南门建成文旅爆满,0.822,aspect,修旧如旧,ermawu,ermawu,1,1,修旧如旧,neu,"[""修旧如旧""]",修旧如旧,防止大拆大建通知;关于持续推进城市更新行动的意见,历史街区/历史文化街区保护更新,"[[""urban_renewal"", ""文化"", ""主""], [""urban_operation"", ""文化"", ""次""]]",0.906,0,111.277192,30.70027
ermawu_T3_00228,ermawu,sim_ermawu_l3l4,"""宜昌""打卡墙出片，复古花墙绝了",网红打卡,urban_operation,文化,0.824,Positive,pos,0.661,0.845,0.916,喜,历史街区,2026-05-02,2026-05 五一·大南门建成文旅爆满,0.563,aspect,网红打卡,ermawu,ermawu,1,1,网红打卡,pos,"[""网红打卡""]",网红打卡,"城市更新""十五五""规划(文脉保护传承)",文旅IP打造;文化消费场景,"[[""urban_operation"", ""文化"", ""主""], [""urban_operation"", ""事件"", ""次""]]",0.681,0,111.283672,30.693071
ermawu_T3_00229,ermawu,sim_ermawu_l3l4,下沉广场水景配老街，拍照绝佳,网红打卡,urban_operation,文化,0.847,Positive,pos,0.45,0.733,0.714,喜,历史街区,2026-05-04,2026-05 五一·大南门建成文旅爆满,0.63,aspect,网红打卡,ermawu,ermawu,1,1,网红打卡,pos,"[""网红打卡""]",网红打卡,"城市更新""十五五""规划(文脉保护传承)",文旅IP打造;文化消费场景,"[[""urban_operation"", ""文化"", ""主""], [""urban_operation"", ""事件"", ""次""]]",0.848,0,111.281795,30.696281
ermawu_T3_00230,ermawu,sim_ermawu_l3l4,文旅复苏，老街活了,文旅活力,urban_operation,事件,0.676,Very Positive,pos,0.489,0.787,0.851,乐,历史街区,2026-05-02,2026-05 五一·大南门建成文旅爆满,0.732,aspect,文旅活力,ermawu,ermawu,1,1,文旅活力,pos,"[""文旅活力""]",文旅活力,"城市更新""十五五""规划(文脉保护;文旅)",文旅品牌;节假日活动组织,"[[""urban_operation"", ""事件"", ""主""], [""urban_operation"", ""文化"", ""次""]]",0.909,1,111.28185,30.698266
ermawu_T3_00231,ermawu,sim_ermawu_l3l4,二马路成了网红打卡地，年轻人多,网红打卡,urban_operation,文化,0.852,Very Positive,pos,0.61,0.735,0.83,喜,历史街区,2026-05-03,2026-05 五一·大南门建成文旅爆满,0.794,aspect,网红打卡,ermawu,ermawu,1,1,网红打卡,pos,"[""网红打卡""]",网红打卡,"城市更新""十五五""规划(文脉保护传承)",文旅IP打造;文化消费场景,"[[""urban_operation"", ""文化"", ""主""], [""urban_operation"", ""事件"", ""次""]]",0.888,0,111.278391,30.698617
ermawu_T3_00232,ermawu,sim_ermawu_l3l4,停车太难，绕三圈找不到,停车难,urban_governance,设施,0.071,Very Negative,neg,0.782,0.867,0.801,愁,历史街区,2026-05-05,2026-05 五一·大南门建成文旅爆满,0.878,aspect,停车难,ermawu,ermawu,1,1,停车难,neg,"[""停车难""]",停车难,完整社区(配套设施补齐);一刻钟生活圈,停车设施补齐;配套完善,"[[""urban_governance"", ""设施"", ""主""], [""urban_planning"", ""设施"", ""次""]]",0.869,0,111.282248,30.694799
ermawu_T3_00233,ermawu,sim_ermawu_l3l4,二马路修旧如旧，百年老街焕发新生,修旧如旧,urban_renewal,文化,0.693,Very Positive,pos,0.619,0.767,0.803,乐,历史街区,2026-05-04,2026-05 五一·大南门建成文旅爆满,0.485,aspect,修旧如旧,ermawu,ermawu,1,1,修旧如旧,pos,"[""修旧如旧""]",修旧如旧,防止大拆大建通知;关于持续推进城市更新行动的意见,历史街区/历史文化街区保护更新,"[[""urban_renewal"", ""文化"", ""主""], [""urban_operation"", ""文化"", ""次""]]",0.868,0,111.285695,30.693905
ermawu_T3_00234,ermawu,sim_ermawu_l3l4,原住民迁走，没了生活气,烟火气保留,urban_renewal,文化,0.309,Negative,neg,0.869,0.783,0.818,哀,历史街区,2026-05-01,2026-05 五一·大南门建成文旅爆满,0.427,aspect,烟火气保留,ermawu,ermawu,1,1,烟火气保留,neg,"[""烟火气保留""]",烟火气保留,防止大拆大建通知(留改拆·留底线),历史街区保护更新;社区营造,"[[""urban_renewal"", ""文化"", ""主""], [""urban_renewal"", ""环境"", ""次""]]",0.779,0,111.283572,30.695881
ermawu_T3_00235,ermawu,sim_ermawu_l3l4,业态有调性，不低端,业态丰富度,urban_operation,服务,0.746,Very Positive,pos,0.441,0.794,0.907,乐,历史街区,2026-05-02,2026-05 五一·大南门建成文旅爆满,0.526,aspect,业态丰富度,ermawu,ermawu,1,1,业态丰富度,pos,"[""业态丰富度""]",业态丰富度,关于持续推进城市更新行动的意见(业态引导),业态多元化引导;业态调整,"[[""urban_operation"", ""服务"", ""主""], [""urban_renewal"", ""服务"", ""次""]]",0.891,0,111.280515,30.698989
ermawu_T3_00236,ermawu,sim_ermawu_l3l4,保留原貌真有味道，修新如旧做得好,修旧如旧,urban_renewal,文化,0.723,Positive,pos,0.617,0.949,0.82,喜,历史街区,2026-05-02,2026-05 五一·大南门建成文旅爆满,0.758,aspect,修旧如旧,ermawu,ermawu,1,1,修旧如旧,pos,"[""修旧如旧""]",修旧如旧,防止大拆大建通知;关于持续推进城市更新行动的意见,历史街区/历史文化街区保护更新,"[[""urban_renewal"", ""文化"", ""主""], [""urban_operation"", ""文化"", ""次""]]",0.699,0,111.274433,30.697882
ermawu_T3_00237,ermawu,sim_ermawu_l3l4,二马路修旧如旧，百年老街焕发新生,修旧如旧,urban_renewal,文化,0.658,Positive,pos,0.799,0.733,0.701,乐,历史街区,2026-05-04,2026-05 五一·大南门建成文旅爆满,0.792,aspect,修旧如旧,ermawu,ermawu,1,1,修旧如旧,pos,"[""修旧如旧""]",修旧如旧,防止大拆大建通知;关于持续推进城市更新行动的意见,历史街区/历史文化街区保护更新,"[[""urban_renewal"", ""文化"", ""主""], [""urban_operation"", ""文化"", ""次""]]",0.86,0,111.281942,30.69305
ermawu_T3_00238,ermawu,sim_ermawu_l3l4,夜经济让老街活了,夜经济,urban_operation,事件,0.827,Positive,pos,0.582,0.818,0.872,喜,历史街区,2026-05-07,2026-05 五一·大南门建成文旅爆满,0.47,aspect,夜经济,ermawu,ermawu,1,1,夜经济,pos,"[""夜经济""]",夜经济,"城市更新""十五五""规划(生活圈扩围;夜经济)",一刻钟便民生活圈建设;夜经济品牌培育,"[[""urban_operation"", ""事件"", ""主""], [""urban_governance"", ""事件"", ""次""]]",0.811,1,111.287901,30.694217
ermawu_T3_00239,ermawu,sim_ermawu_l3l4,不大规模搬迁是对的，老街坊还在,回迁安置,urban_renewal,服务,0.818,Positive,pos,0.502,0.9,0.807,乐,历史街区,2026-05-07,2026-05 五一·大南门建成文旅爆满,0.54,aspect,回迁安置,ermawu,ermawu,1,1,回迁安置,pos,"[""回迁安置""]",回迁安置,防止大拆大建通知(不大规模搬迁原住民),回迁安置;原住民保留,"[[""urban_renewal"", ""服务"", ""主""], [""urban_governance"", ""服务"", ""次""]]",0.827,0,111.277268,30.697581
ermawu_T3_00240,ermawu,sim_ermawu_l3l4,二马路修旧如旧，百年老街焕发新生,修旧如旧,urban_renewal,文化,0.435,Neutral,neu,0.781,0.845,0.872,急,历史街区,2026-05-04,2026-05 五一·大南门建成文旅爆满,0.81,aspect,修旧如旧,ermawu,ermawu,1,1,修旧如旧,neu,"[""修旧如旧""]",修旧如旧,防止大拆大建通知;关于持续推进城市更新行动的意见,历史街区/历史文化街区保护更新,"[[""urban_renewal"", ""文化"", ""主""], [""urban_operation"", ""文化"", ""次""]]",0.762,0,111.272615,30.698737
ermawu_T3_00241,ermawu,sim_ermawu_l3l4,烟火气这东西见仁见智,烟火气保留,urban_renewal,文化,0.449,Neutral,neu,0.699,0.945,0.727,盼,历史街区,2026-05-03,2026-05 五一·大南门建成文旅爆满,0.604,aspect,烟火气保留,ermawu,ermawu,1,1,烟火气保留,neu,"[""烟火气保留""]",烟火气保留,防止大拆大建通知(留改拆·留底线),历史街区保护更新;社区营造,"[[""urban_renewal"", ""文化"", ""主""], [""urban_renewal"", ""环境"", ""次""]]",0.841,0,111.275418,30.699775
ermawu_T3_00242,ermawu,sim_ermawu_l3l4,不变拆真改，原汁原味加分,修旧如旧,urban_renewal,文化,0.704,Positive,pos,0.369,0.791,0.814,乐,历史街区,2026-05-02,2026-05 五一·大南门建成文旅爆满,0.768,aspect,修旧如旧,ermawu,ermawu,1,1,修旧如旧,pos,"[""修旧如旧""]",修旧如旧,防止大拆大建通知;关于持续推进城市更新行动的意见,历史街区/历史文化街区保护更新,"[[""urban_renewal"", ""文化"", ""主""], [""urban_operation"", ""文化"", ""次""]]",0.864,0,111.276454,30.699983
ermawu_T3_00243,ermawu,sim_ermawu_l3l4,开街垃圾满地没人扫,垃圾秩序,urban_governance,环境,0.213,Negative,neg,0.947,0.776,0.789,愁,历史街区,2026-05-07,2026-05 五一·大南门建成文旅爆满,0.481,aspect,垃圾秩序,ermawu,ermawu,1,1,垃圾秩序,neg,"[""垃圾秩序""]",垃圾秩序,城市更新行动意见(市容治理),市容环境治理;垃圾分类,"[[""urban_governance"", ""环境"", ""主""], [""urban_governance"", ""服务"", ""次""]]",0.74,0,111.284542,30.689948
ermawu_T3_00244,ermawu,sim_ermawu_l3l4,人多秩序乱，占道,垃圾秩序,urban_governance,环境,0.306,Very Negative,neg,0.928,0.909,0.742,怒,历史街区,2026-05-03,2026-05 五一·大南门建成文旅爆满,0.729,aspect,垃圾秩序,ermawu,ermawu,1,1,垃圾秩序,neg,"[""垃圾秩序""]",垃圾秩序,城市更新行动意见(市容治理),市容环境治理;垃圾分类,"[[""urban_governance"", ""环境"", ""主""], [""urban_governance"", ""服务"", ""次""]]",0.86,0,111.284665,30.693918
ermawu_T3_00245,ermawu,sim_ermawu_l3l4,夜市噪音扰民，周边住户受不了,夜经济,urban_operation,事件,0.396,Very Negative,neg,0.543,0.75,0.782,愁,历史街区,2026-05-02,2026-05 五一·大南门建成文旅爆满,0.668,aspect,夜经济,ermawu,ermawu,1,1,夜经济,neg,"[""夜经济""]",夜经济,"城市更新""十五五""规划(生活圈扩围;夜经济)",一刻钟便民生活圈建设;夜经济品牌培育,"[[""urban_operation"", ""事件"", ""主""], [""urban_governance"", ""事件"", ""次""]]",0.732,1,111.28466,30.694648
ermawu_T3_00246,ermawu,sim_ermawu_l3l4,原住民迁走，没了生活气,烟火气保留,urban_renewal,文化,0.157,Negative,neg,0.577,0.777,0.853,愁,历史街区,2026-05-01,2026-05 五一·大南门建成文旅爆满,0.836,aspect,烟火气保留,ermawu,ermawu,1,1,烟火气保留,neg,"[""烟火气保留""]",烟火气保留,防止大拆大建通知(留改拆·留底线),历史街区保护更新;社区营造,"[[""urban_renewal"", ""文化"", ""主""], [""urban_renewal"", ""环境"", ""次""]]",0.712,0,111.279222,30.696146
ermawu_T3_00247,ermawu,sim_ermawu_l3l4,配套停车跟不上热度,停车难,urban_governance,设施,0.323,Negative,neg,0.501,0.947,0.884,怒,历史街区,2026-05-01,2026-05 五一·大南门建成文旅爆满,0.53,aspect,停车难,ermawu,ermawu,1,1,停车难,neg,"[""停车难""]",停车难,完整社区(配套设施补齐);一刻钟生活圈,停车设施补齐;配套完善,"[[""urban_governance"", ""设施"", ""主""], [""urban_planning"", ""设施"", ""次""]]",0.762,0,111.274507,30.697605
ermawu_T3_00248,ermawu,sim_ermawu_l3l4,周边夜市烟火升腾，烧烤烤鱼小吃全有,夜经济,urban_operation,事件,0.73,Positive,pos,0.772,0.859,0.858,乐,历史街区,2026-05-05,2026-05 五一·大南门建成文旅爆满,0.558,aspect,夜经济,ermawu,ermawu,1,1,夜经济,pos,"[""夜经济""]",夜经济,"城市更新""十五五""规划(生活圈扩围;夜经济)",一刻钟便民生活圈建设;夜经济品牌培育,"[[""urban_operation"", ""事件"", ""主""], [""urban_governance"", ""事件"", ""次""]]",0.795,1,111.286792,30.696881
ermawu_T3_00249,ermawu,sim_ermawu_l3l4,保留原貌真有味道，修新如旧做得好,修旧如旧,urban_renewal,文化,0.67,Positive,pos,0.551,0.731,0.726,乐,历史街区,2026-05-03,2026-05 五一·大南门建成文旅爆满,0.435,aspect,修旧如旧,ermawu,ermawu,1,1,修旧如旧,pos,"[""修旧如旧""]",修旧如旧,防止大拆大建通知;关于持续推进城市更新行动的意见,历史街区/历史文化街区保护更新,"[[""urban_renewal"", ""文化"", ""主""], [""urban_operation"", ""文化"", ""次""]]",0.688,0,111.276108,30.696874
ermawu_T3_00250,ermawu,sim_ermawu_l3l4,回迁满意，原样回来住着踏实,回迁安置,urban_renewal,服务,0.771,Very Positive,pos,0.322,0.797,0.763,喜,历史街区,2026-05-02,2026-05 五一·大南门建成文旅爆满,0.583,aspect,回迁安置,ermawu,ermawu,1,1,回迁安置,pos,"[""回迁安置""]",回迁安置,防止大拆大建通知(不大规模搬迁原住民),回迁安置;原住民保留,"[[""urban_renewal"", ""服务"", ""主""], [""urban_governance"", ""服务"", ""次""]]",0.84,0,111.28133,30.692277
ermawu_T3_00251,ermawu,sim_ermawu_l3l4,原住民留着，街区还活着,烟火气保留,urban_renewal,文化,0.949,Very Positive,pos,0.364,0.812,0.872,乐,历史街区,2026-05-07,2026-05 五一·大南门建成文旅爆满,0.66,aspect,烟火气保留,ermawu,ermawu,1,1,烟火气保留,pos,"[""烟火气保留""]",烟火气保留,防止大拆大建通知(留改拆·留底线),历史街区保护更新;社区营造,"[[""urban_renewal"", ""文化"", ""主""], [""urban_renewal"", ""环境"", ""次""]]",0.864,0,111.27997,30.701431
ermawu_T3_00252,ermawu,sim_ermawu_l3l4,人太多挤得慌，根本走不动,文旅活力,urban_operation,事件,0.284,Negative,neg,0.515,0.799,0.919,哀,历史街区,2026-05-06,2026-05 五一·大南门建成文旅爆满,0.48,aspect,文旅活力,ermawu,ermawu,1,1,文旅活力,neg,"[""文旅活力""]",文旅活力,"城市更新""十五五""规划(文脉保护;文旅)",文旅品牌;节假日活动组织,"[[""urban_operation"", ""事件"", ""主""], [""urban_operation"", ""文化"", ""次""]]",0.814,1,111.280967,30.697202
ermawu_T3_00253,ermawu,sim_ermawu_l3l4,二马路修旧如旧，百年老街焕发新生,修旧如旧,urban_renewal,文化,0.702,Very Positive,pos,0.679,0.899,0.794,喜,历史街区,2026-05-05,2026-05 五一·大南门建成文旅爆满,0.751,aspect,修旧如旧,ermawu,ermawu,1,1,修旧如旧,pos,"[""修旧如旧""]",修旧如旧,防止大拆大建通知;关于持续推进城市更新行动的意见,历史街区/历史文化街区保护更新,"[[""urban_renewal"", ""文化"", ""主""], [""urban_operation"", ""文化"", ""次""]]",0.865,0,111.284434,30.695723
ermawu_T3_00254,ermawu,sim_ermawu_l3l4,回迁安置拖很久,回迁安置,urban_renewal,服务,0.377,Very Negative,neg,0.818,0.849,0.801,哀,历史街区,2026-05-03,2026-05 五一·大南门建成文旅爆满,0.68,aspect,回迁安置,ermawu,ermawu,1,1,回迁安置,neg,"[""回迁安置""]",回迁安置,防止大拆大建通知(不大规模搬迁原住民),回迁安置;原住民保留,"[[""urban_renewal"", ""服务"", ""主""], [""urban_governance"", ""服务"", ""次""]]",0.861,0,111.274875,30.701488
ermawu_T3_00255,ermawu,sim_ermawu_l3l4,保留原貌真有味道，修新如旧做得好,修旧如旧,urban_renewal,文化,0.849,Positive,pos,0.397,0.92,0.78,乐,历史街区,2026-05-01,2026-05 五一·大南门建成文旅爆满,0.466,aspect,修旧如旧,ermawu,ermawu,1,1,修旧如旧,pos,"[""修旧如旧""]",修旧如旧,防止大拆大建通知;关于持续推进城市更新行动的意见,历史街区/历史文化街区保护更新,"[[""urban_renewal"", ""文化"", ""主""], [""urban_operation"", ""文化"", ""次""]]",0.711,0,111.279181,30.696842
ermawu_T3_00256,ermawu,sim_ermawu_l3l4,回迁安置拖很久,回迁安置,urban_renewal,服务,0.131,Negative,neg,0.526,0.764,0.867,怒,历史街区,2026-05-07,2026-05 五一·大南门建成文旅爆满,0.844,aspect,回迁安置,ermawu,ermawu,1,1,回迁安置,neg,"[""回迁安置""]",回迁安置,防止大拆大建通知(不大规模搬迁原住民),回迁安置;原住民保留,"[[""urban_renewal"", ""服务"", ""主""], [""urban_governance"", ""服务"", ""次""]]",0.871,0,111.281022,30.695093
ermawu_T3_00257,ermawu,sim_ermawu_l3l4,保留原貌真有味道，修新如旧做得好,修旧如旧,urban_renewal,文化,0.889,Very Positive,pos,0.632,0.744,0.7,喜,历史街区,2026-05-02,2026-05 五一·大南门建成文旅爆满,0.76,aspect,修旧如旧,ermawu,ermawu,1,1,修旧如旧,pos,"[""修旧如旧""]",修旧如旧,防止大拆大建通知;关于持续推进城市更新行动的意见,历史街区/历史文化街区保护更新,"[[""urban_renewal"", ""文化"", ""主""], [""urban_operation"", ""文化"", ""次""]]",0.82,0,111.27227,30.697747
ermawu_T3_00258,ermawu,sim_ermawu_l3l4,烟火气这东西见仁见智,烟火气保留,urban_renewal,文化,0.566,Neutral,neu,0.626,0.835,0.831,盼,历史街区,2026-05-02,2026-05 五一·大南门建成文旅爆满,0.827,aspect,烟火气保留,ermawu,ermawu,1,1,烟火气保留,neu,"[""烟火气保留""]",烟火气保留,防止大拆大建通知(留改拆·留底线),历史街区保护更新;社区营造,"[[""urban_renewal"", ""文化"", ""主""], [""urban_renewal"", ""环境"", ""次""]]",0.854,0,111.277596,30.693704
ermawu_T3_00259,ermawu,sim_ermawu_l3l4,二马路成了网红打卡地，年轻人多,网红打卡,urban_operation,文化,0.759,Positive,pos,0.425,0.948,0.715,喜,历史街区,2026-05-05,2026-05 五一·大南门建成文旅爆满,0.471,aspect,网红打卡,ermawu,ermawu,1,1,网红打卡,pos,"[""网红打卡""]",网红打卡,"城市更新""十五五""规划(文脉保护传承)",文旅IP打造;文化消费场景,"[[""urban_operation"", ""文化"", ""主""], [""urban_operation"", ""事件"", ""次""]]",0.77,0,111.283485,30.698124
ermawu_T3_00260,ermawu,sim_ermawu_l3l4,回迁满意，原样回来住着踏实,回迁安置,urban_renewal,服务,0.887,Positive,pos,0.6,0.739,0.783,喜,历史街区,2026-05-02,2026-05 五一·大南门建成文旅爆满,0.779,aspect,回迁安置,ermawu,ermawu,1,1,回迁安置,pos,"[""回迁安置""]",回迁安置,防止大拆大建通知(不大规模搬迁原住民),回迁安置;原住民保留,"[[""urban_renewal"", ""服务"", ""主""], [""urban_governance"", ""服务"", ""次""]]",0.721,0,111.280826,30.700731
ermawu_T3_00261,ermawu,sim_ermawu_l3l4,五一日均1.5万人，百年老街出圈了,文旅活力,urban_operation,事件,0.678,Very Positive,pos,0.627,0.88,0.887,喜,历史街区,2026-05-07,2026-05 五一·大南门建成文旅爆满,0.811,aspect,文旅活力,ermawu,ermawu,1,1,文旅活力,pos,"[""文旅活力""]",文旅活力,"城市更新""十五五""规划(文脉保护;文旅)",文旅品牌;节假日活动组织,"[[""urban_operation"", ""事件"", ""主""], [""urban_operation"", ""文化"", ""次""]]",0.73,1,111.275827,30.698699
ermawu_T3_00262,ermawu,sim_ermawu_l3l4,老建筑修得讲究，最小干预看出功夫,修旧如旧,urban_renewal,文化,0.844,Positive,pos,0.76,0.886,0.733,喜,历史街区,2026-05-01,2026-05 五一·大南门建成文旅爆满,0.588,aspect,修旧如旧,ermawu,ermawu,1,1,修旧如旧,pos,"[""修旧如旧""]",修旧如旧,防止大拆大建通知;关于持续推进城市更新行动的意见,历史街区/历史文化街区保护更新,"[[""urban_renewal"", ""文化"", ""主""], [""urban_operation"", ""文化"", ""次""]]",0.861,0,111.27941,30.693495
ermawu_T3_00263,ermawu,sim_ermawu_l3l4,老味道还在，没变味,烟火气保留,urban_renewal,文化,0.688,Positive,pos,0.703,0.938,0.805,乐,历史街区,2026-05-07,2026-05 五一·大南门建成文旅爆满,0.729,aspect,烟火气保留,ermawu,ermawu,1,1,烟火气保留,pos,"[""烟火气保留""]",烟火气保留,防止大拆大建通知(留改拆·留底线),历史街区保护更新;社区营造,"[[""urban_renewal"", ""文化"", ""主""], [""urban_renewal"", ""环境"", ""次""]]",0.711,0,111.285724,30.693107
ermawu_T3_00264,ermawu,sim_ermawu_l3l4,夜经济还在培育,夜经济,urban_operation,事件,0.586,Neutral,neu,0.454,0.749,0.864,盼,历史街区,2026-05-02,2026-05 五一·大南门建成文旅爆满,0.469,aspect,夜经济,ermawu,ermawu,1,1,夜经济,neu,"[""夜经济""]",夜经济,"城市更新""十五五""规划(生活圈扩围;夜经济)",一刻钟便民生活圈建设;夜经济品牌培育,"[[""urban_operation"", ""事件"", ""主""], [""urban_governance"", ""事件"", ""次""]]",0.805,1,111.279406,30.69797
ermawu_T3_00265,ermawu,sim_ermawu_l3l4,不变拆真改，原汁原味加分,修旧如旧,urban_renewal,文化,0.645,Very Positive,pos,0.348,0.787,0.822,喜,历史街区,2026-05-01,2026-05 五一·大南门建成文旅爆满,0.45,aspect,修旧如旧,ermawu,ermawu,1,1,修旧如旧,pos,"[""修旧如旧""]",修旧如旧,防止大拆大建通知;关于持续推进城市更新行动的意见,历史街区/历史文化街区保护更新,"[[""urban_renewal"", ""文化"", ""主""], [""urban_operation"", ""文化"", ""次""]]",0.906,0,111.286441,30.694839
ermawu_T3_00266,ermawu,sim_ermawu_l3l4,夜市噪音扰民，周边住户受不了,夜经济,urban_operation,事件,0.191,Negative,neg,0.614,0.914,0.826,哀,历史街区,2026-05-03,2026-05 五一·大南门建成文旅爆满,0.734,aspect,夜经济,ermawu,ermawu,1,1,夜经济,neg,"[""夜经济""]",夜经济,"城市更新""十五五""规划(生活圈扩围;夜经济)",一刻钟便民生活圈建设;夜经济品牌培育,"[[""urban_operation"", ""事件"", ""主""], [""urban_governance"", ""事件"", ""次""]]",0.767,1,111.278101,30.695916
ermawu_T3_00267,ermawu,sim_ermawu_l3l4,期待焕新效果,文旅活力,urban_operation,事件,0.444,Neutral,neu,0.648,0.849,0.847,急,历史街区,2026-05-06,2026-05 五一·大南门建成文旅爆满,0.799,aspect,文旅活力,ermawu,ermawu,1,1,文旅活力,neu,"[""文旅活力""]",文旅活力,"城市更新""十五五""规划(文脉保护;文旅)",文旅品牌;节假日活动组织,"[[""urban_operation"", ""事件"", ""主""], [""urban_operation"", ""文化"", ""次""]]",0.827,1,111.285216,30.695599
ermawu_T3_00268,ermawu,sim_ermawu_l3l4,回迁户型不满意,回迁安置,urban_renewal,服务,0.378,Very Negative,neg,0.538,0.733,0.753,哀,历史街区,2026-05-04,2026-05 五一·大南门建成文旅爆满,0.474,aspect,回迁安置,ermawu,ermawu,1,1,回迁安置,neg,"[""回迁安置""]",回迁安置,防止大拆大建通知(不大规模搬迁原住民),回迁安置;原住民保留,"[[""urban_renewal"", ""服务"", ""主""], [""urban_governance"", ""服务"", ""次""]]",0.714,0,111.274279,30.698287
ermawu_T3_00269,ermawu,sim_ermawu_l3l4,老味道流失，可惜,烟火气保留,urban_renewal,文化,0.333,Very Negative,neg,0.622,0.871,0.706,怒,历史街区,2026-05-03,2026-05 五一·大南门建成文旅爆满,0.499,aspect,烟火气保留,ermawu,ermawu,1,1,烟火气保留,neg,"[""烟火气保留""]",烟火气保留,防止大拆大建通知(留改拆·留底线),历史街区保护更新;社区营造,"[[""urban_renewal"", ""文化"", ""主""], [""urban_renewal"", ""环境"", ""次""]]",0.85,0,111.278429,30.696715
ermawu_T3_00270,ermawu,sim_ermawu_l3l4,原住民留着，街区还活着,烟火气保留,urban_renewal,文化,0.781,Very Positive,pos,0.756,0.928,0.895,乐,历史街区,2026-05-05,2026-05 五一·大南门建成文旅爆满,0.628,aspect,烟火气保留,ermawu,ermawu,1,1,烟火气保留,pos,"[""烟火气保留""]",烟火气保留,防止大拆大建通知(留改拆·留底线),历史街区保护更新;社区营造,"[[""urban_renewal"", ""文化"", ""主""], [""urban_renewal"", ""环境"", ""次""]]",0.741,0,111.279866,30.702259
ermawu_T3_00271,ermawu,sim_ermawu_l3l4,五一日均1.5万人，百年老街出圈了,文旅活力,urban_operation,事件,0.776,Very Positive,pos,0.695,0.906,0.7,喜,历史街区,2026-05-05,2026-05 五一·大南门建成文旅爆满,0.841,aspect,文旅活力,ermawu,ermawu,1,1,文旅活力,pos,"[""文旅活力""]",文旅活力,"城市更新""十五五""规划(文脉保护;文旅)",文旅品牌;节假日活动组织,"[[""urban_operation"", ""事件"", ""主""], [""urban_operation"", ""文化"", ""次""]]",0.809,1,111.282032,30.695488
ermawu_T3_00272,ermawu,sim_ermawu_l3l4,五一10万人，体验拉胯,文旅活力,urban_operation,事件,0.075,Negative,neg,0.682,0.844,0.753,愁,历史街区,2026-05-07,2026-05 五一·大南门建成文旅爆满,0.876,aspect,文旅活力,ermawu,ermawu,1,1,文旅活力,neg,"[""文旅活力""]",文旅活力,"城市更新""十五五""规划(文脉保护;文旅)",文旅品牌;节假日活动组织,"[[""urban_operation"", ""事件"", ""主""], [""urban_operation"", ""文化"", ""次""]]",0.814,1,111.277543,30.700044
ermawu_T3_00273,ermawu,sim_ermawu_l3l4,"""宜昌""打卡墙出片，复古花墙绝了",网红打卡,urban_operation,文化,0.871,Very Positive,pos,0.536,0.817,0.886,喜,历史街区,2026-05-07,2026-05 五一·大南门建成文旅爆满,0.64,aspect,网红打卡,ermawu,ermawu,1,1,网红打卡,pos,"[""网红打卡""]",网红打卡,"城市更新""十五五""规划(文脉保护传承)",文旅IP打造;文化消费场景,"[[""urban_operation"", ""文化"", ""主""], [""urban_operation"", ""事件"", ""次""]]",0.737,0,111.286947,30.694466
ermawu_T3_00274,ermawu,sim_ermawu_l3l4,开街垃圾满地没人扫,垃圾秩序,urban_governance,环境,0.1,Negative,neg,0.643,0.765,0.799,哀,历史街区,2026-05-05,2026-05 五一·大南门建成文旅爆满,0.423,aspect,垃圾秩序,ermawu,ermawu,1,1,垃圾秩序,neg,"[""垃圾秩序""]",垃圾秩序,城市更新行动意见(市容治理),市容环境治理;垃圾分类,"[[""urban_governance"", ""环境"", ""主""], [""urban_governance"", ""服务"", ""次""]]",0.807,0,111.279759,30.696866
ermawu_T3_00275,ermawu,sim_ermawu_l3l4,"""宜昌""打卡墙出片，复古花墙绝了",网红打卡,urban_operation,文化,0.684,Very Positive,pos,0.313,0.871,0.905,乐,历史街区,2026-05-02,2026-05 五一·大南门建成文旅爆满,0.499,aspect,网红打卡,ermawu,ermawu,1,1,网红打卡,pos,"[""网红打卡""]",网红打卡,"城市更新""十五五""规划(文脉保护传承)",文旅IP打造;文化消费场景,"[[""urban_operation"", ""文化"", ""主""], [""urban_operation"", ""事件"", ""次""]]",0.686,0,111.275856,30.699441
ermawu_T3_00276,ermawu,sim_ermawu_l3l4,文旅复苏，老街活了,文旅活力,urban_operation,事件,0.941,Positive,pos,0.474,0.866,0.804,喜,历史街区,2026-05-07,2026-05 五一·大南门建成文旅爆满,0.488,aspect,文旅活力,ermawu,ermawu,1,1,文旅活力,pos,"[""文旅活力""]",文旅活力,"城市更新""十五五""规划(文脉保护;文旅)",文旅品牌;节假日活动组织,"[[""urban_operation"", ""事件"", ""主""], [""urban_operation"", ""文化"", ""次""]]",0.9,1,111.281697,30.697677
ermawu_T3_00277,ermawu,sim_ermawu_l3l4,小众免费出片，本地人私藏,网红打卡,urban_operation,文化,0.833,Very Positive,pos,0.354,0.768,0.804,乐,历史街区,2026-05-03,2026-05 五一·大南门建成文旅爆满,0.445,aspect,网红打卡,ermawu,ermawu,1,1,网红打卡,pos,"[""网红打卡""]",网红打卡,"城市更新""十五五""规划(文脉保护传承)",文旅IP打造;文化消费场景,"[[""urban_operation"", ""文化"", ""主""], [""urban_operation"", ""事件"", ""次""]]",0.917,0,111.280854,30.694597
ermawu_T3_00278,ermawu,sim_ermawu_l3l4,老建筑修得讲究，最小干预看出功夫,修旧如旧,urban_renewal,文化,0.711,Very Positive,pos,0.75,0.936,0.794,乐,历史街区,2026-05-04,2026-05 五一·大南门建成文旅爆满,0.674,aspect,修旧如旧,ermawu,ermawu,1,1,修旧如旧,pos,"[""修旧如旧""]",修旧如旧,防止大拆大建通知;关于持续推进城市更新行动的意见,历史街区/历史文化街区保护更新,"[[""urban_renewal"", ""文化"", ""主""], [""urban_operation"", ""文化"", ""次""]]",0.764,0,111.279478,30.695546
ermawu_T3_00279,ermawu,sim_ermawu_l3l4,回迁政策还在等落实,回迁安置,urban_renewal,服务,0.425,Neutral,neu,0.438,0.846,0.891,盼,历史街区,2026-05-01,2026-05 五一·大南门建成文旅爆满,0.477,aspect,回迁安置,ermawu,ermawu,1,1,回迁安置,neu,"[""回迁安置""]",回迁安置,防止大拆大建通知(不大规模搬迁原住民),回迁安置;原住民保留,"[[""urban_renewal"", ""服务"", ""主""], [""urban_governance"", ""服务"", ""次""]]",0.708,0,111.286315,30.692747
ermawu_T3_00280,ermawu,sim_ermawu_l3l4,二马路成了网红打卡地，年轻人多,网红打卡,urban_operation,文化,0.88,Positive,pos,0.613,0.738,0.733,乐,历史街区,2026-05-01,2026-05 五一·大南门建成文旅爆满,0.857,aspect,网红打卡,ermawu,ermawu,1,1,网红打卡,pos,"[""网红打卡""]",网红打卡,"城市更新""十五五""规划(文脉保护传承)",文旅IP打造;文化消费场景,"[[""urban_operation"", ""文化"", ""主""], [""urban_operation"", ""事件"", ""次""]]",0.91,0,111.283545,30.694033
ermawu_T3_00281,ermawu,sim_ermawu_l3l4,节假日保洁跟不上,垃圾秩序,urban_governance,环境,0.194,Very Negative,neg,0.76,0.876,0.769,哀,历史街区,2026-05-06,2026-05 五一·大南门建成文旅爆满,0.519,aspect,垃圾秩序,ermawu,ermawu,1,1,垃圾秩序,neg,"[""垃圾秩序""]",垃圾秩序,城市更新行动意见(市容治理),市容环境治理;垃圾分类,"[[""urban_governance"", ""环境"", ""主""], [""urban_governance"", ""服务"", ""次""]]",0.717,0,111.277171,30.697413
ermawu_T3_00282,ermawu,sim_ermawu_l3l4,老建筑修得讲究，最小干预看出功夫,修旧如旧,urban_renewal,文化,0.631,Very Positive,pos,0.798,0.771,0.808,喜,历史街区,2026-05-04,2026-05 五一·大南门建成文旅爆满,0.788,aspect,修旧如旧,ermawu,ermawu,1,1,修旧如旧,pos,"[""修旧如旧""]",修旧如旧,防止大拆大建通知;关于持续推进城市更新行动的意见,历史街区/历史文化街区保护更新,"[[""urban_renewal"", ""文化"", ""主""], [""urban_operation"", ""文化"", ""次""]]",0.837,0,111.281624,30.699127
ermawu_T3_00283,ermawu,sim_ermawu_l3l4,人太多挤得慌，根本走不动,文旅活力,urban_operation,事件,0.127,Negative,neg,0.884,0.813,0.887,怒,历史街区,2026-05-03,2026-05 五一·大南门建成文旅爆满,0.662,aspect,文旅活力,ermawu,ermawu,1,1,文旅活力,neg,"[""文旅活力""]",文旅活力,"城市更新""十五五""规划(文脉保护;文旅)",文旅品牌;节假日活动组织,"[[""urban_operation"", ""事件"", ""主""], [""urban_operation"", ""文化"", ""次""]]",0.944,1,111.274215,30.699433
ermawu_T3_00284,ermawu,sim_ermawu_l3l4,保留原貌真有味道，修新如旧做得好,修旧如旧,urban_renewal,文化,0.949,Positive,pos,0.697,0.815,0.712,喜,历史街区,2026-05-03,2026-05 五一·大南门建成文旅爆满,0.431,aspect,修旧如旧,ermawu,ermawu,1,1,修旧如旧,pos,"[""修旧如旧""]",修旧如旧,防止大拆大建通知;关于持续推进城市更新行动的意见,历史街区/历史文化街区保护更新,"[[""urban_renewal"", ""文化"", ""主""], [""urban_operation"", ""文化"", ""次""]]",0.867,0,111.278052,30.698774
ermawu_T3_00285,ermawu,sim_ermawu_l3l4,不大规模搬迁是对的，老街坊还在,回迁安置,urban_renewal,服务,0.824,Very Positive,pos,0.699,0.868,0.74,喜,历史街区,2026-05-06,2026-05 五一·大南门建成文旅爆满,0.687,aspect,回迁安置,ermawu,ermawu,1,1,回迁安置,pos,"[""回迁安置""]",回迁安置,防止大拆大建通知(不大规模搬迁原住民),回迁安置;原住民保留,"[[""urban_renewal"", ""服务"", ""主""], [""urban_governance"", ""服务"", ""次""]]",0.9,0,111.28212,30.695598
ermawu_T3_00286,ermawu,sim_ermawu_l3l4,二马路修旧如旧，百年老街焕发新生,修旧如旧,urban_renewal,文化,0.679,Positive,pos,0.385,0.907,0.892,喜,历史街区,2026-05-02,2026-05 五一·大南门建成文旅爆满,0.844,aspect,修旧如旧,ermawu,ermawu,1,1,修旧如旧,pos,"[""修旧如旧""]",修旧如旧,防止大拆大建通知;关于持续推进城市更新行动的意见,历史街区/历史文化街区保护更新,"[[""urban_renewal"", ""文化"", ""主""], [""urban_operation"", ""文化"", ""次""]]",0.895,0,111.284823,30.696922
ermawu_T3_00287,ermawu,sim_ermawu_l3l4,回迁户型不满意,回迁安置,urban_renewal,服务,0.334,Very Negative,neg,0.822,0.813,0.799,怒,历史街区,2026-05-06,2026-05 五一·大南门建成文旅爆满,0.671,aspect,回迁安置,ermawu,ermawu,1,1,回迁安置,neg,"[""回迁安置""]",回迁安置,防止大拆大建通知(不大规模搬迁原住民),回迁安置;原住民保留,"[[""urban_renewal"", ""服务"", ""主""], [""urban_governance"", ""服务"", ""次""]]",0.84,0,111.282534,30.695995
ermawu_T3_00288,ermawu,sim_ermawu_l3l4,五一日均1.5万人，百年老街出圈了,文旅活力,urban_operation,事件,0.821,Very Positive,pos,0.489,0.758,0.871,喜,历史街区,2026-05-02,2026-05 五一·大南门建成文旅爆满,0.798,aspect,文旅活力,ermawu,ermawu,1,1,文旅活力,pos,"[""文旅活力""]",文旅活力,"城市更新""十五五""规划(文脉保护;文旅)",文旅品牌;节假日活动组织,"[[""urban_operation"", ""事件"", ""主""], [""urban_operation"", ""文化"", ""次""]]",0.846,1,111.284739,30.692653
ermawu_T3_00289,ermawu,sim_ermawu_l3l4,打卡墙前要排队,网红打卡,urban_operation,文化,0.553,Neutral,neu,0.696,0.902,0.741,盼,历史街区,2026-05-03,2026-05 五一·大南门建成文旅爆满,0.606,aspect,网红打卡,ermawu,ermawu,1,1,网红打卡,neu,"[""网红打卡""]",网红打卡,"城市更新""十五五""规划(文脉保护传承)",文旅IP打造;文化消费场景,"[[""urban_operation"", ""文化"", ""主""], [""urban_operation"", ""事件"", ""次""]]",0.942,0,111.278133,30.699015
ermawu_T3_00290,ermawu,sim_ermawu_l3l4,改造还在施工，吵得受不了,施工扰民,urban_governance,环境,0.287,Very Negative,neg,0.792,0.836,0.898,怒,历史街区,2026-05-05,2026-05 五一·大南门建成文旅爆满,0.771,aspect,施工扰民,ermawu,ermawu,1,1,施工扰民,neg,"[""施工扰民""]",施工扰民,城市体检评估管理办法(施工期扰民),老旧小区改造;施工组织优化,"[[""urban_governance"", ""环境"", ""主""], [""urban_renewal"", ""设施"", ""次""]]",0.868,0,111.286338,30.695747
ermawu_T3_00291,ermawu,sim_ermawu_l3l4,开街后保洁跟上了,垃圾秩序,urban_governance,环境,0.458,Neutral,neu,0.463,0.849,0.841,盼,历史街区,2026-05-04,2026-05 五一·大南门建成文旅爆满,0.597,aspect,垃圾秩序,ermawu,ermawu,1,1,垃圾秩序,neu,"[""垃圾秩序""]",垃圾秩序,城市更新行动意见(市容治理),市容环境治理;垃圾分类,"[[""urban_governance"", ""环境"", ""主""], [""urban_governance"", ""服务"", ""次""]]",0.848,0,111.284358,30.694859
ermawu_T3_00292,ermawu,sim_ermawu_l3l4,不大规模搬迁是对的，老街坊还在,回迁安置,urban_renewal,服务,0.915,Very Positive,pos,0.728,0.918,0.736,乐,历史街区,2026-05-05,2026-05 五一·大南门建成文旅爆满,0.438,aspect,回迁安置,ermawu,ermawu,1,1,回迁安置,pos,"[""回迁安置""]",回迁安置,防止大拆大建通知(不大规模搬迁原住民),回迁安置;原住民保留,"[[""urban_renewal"", ""服务"", ""主""], [""urban_governance"", ""服务"", ""次""]]",0.926,0,111.281711,30.696363
ermawu_T3_00293,ermawu,sim_ermawu_l3l4,文旅复苏，老街活了,文旅活力,urban_operation,事件,0.81,Very Positive,pos,0.303,0.911,0.919,喜,历史街区,2026-05-02,2026-05 五一·大南门建成文旅爆满,0.662,aspect,文旅活力,ermawu,ermawu,1,1,文旅活力,pos,"[""文旅活力""]",文旅活力,"城市更新""十五五""规划(文脉保护;文旅)",文旅品牌;节假日活动组织,"[[""urban_operation"", ""事件"", ""主""], [""urban_operation"", ""文化"", ""次""]]",0.743,1,111.281058,30.697488
ermawu_T3_00294,ermawu,sim_ermawu_l3l4,五一日均1.5万人，百年老街出圈了,文旅活力,urban_operation,事件,0.835,Very Positive,pos,0.658,0.869,0.908,喜,历史街区,2026-05-05,2026-05 五一·大南门建成文旅爆满,0.834,aspect,文旅活力,ermawu,ermawu,1,1,文旅活力,pos,"[""文旅活力""]",文旅活力,"城市更新""十五五""规划(文脉保护;文旅)",文旅品牌;节假日活动组织,"[[""urban_operation"", ""事件"", ""主""], [""urban_operation"", ""文化"", ""次""]]",0.738,1,111.279766,30.700621
ermawu_T3_00295,ermawu,sim_ermawu_l3l4,二马路修旧如旧，百年老街焕发新生,修旧如旧,urban_renewal,文化,0.953,Positive,pos,0.561,0.808,0.864,乐,历史街区,2026-05-01,2026-05 五一·大南门建成文旅爆满,0.655,aspect,修旧如旧,ermawu,ermawu,1,1,修旧如旧,pos,"[""修旧如旧""]",修旧如旧,防止大拆大建通知;关于持续推进城市更新行动的意见,历史街区/历史文化街区保护更新,"[[""urban_renewal"", ""文化"", ""主""], [""urban_operation"", ""文化"", ""次""]]",0.877,0,111.284742,30.694061
ermawu_T3_00296,ermawu,sim_ermawu_l3l4,文创老店+特色美食，业态丰富,业态丰富度,urban_operation,服务,0.852,Positive,pos,0.33,0.907,0.906,喜,历史街区,2026-05-03,2026-05 五一·大南门建成文旅爆满,0.703,aspect,业态丰富度,ermawu,ermawu,1,1,业态丰富度,pos,"[""业态丰富度""]",业态丰富度,关于持续推进城市更新行动的意见(业态引导),业态多元化引导;业态调整,"[[""urban_operation"", ""服务"", ""主""], [""urban_renewal"", ""服务"", ""次""]]",0.811,0,111.280159,30.69637
ermawu_T3_00297,ermawu,sim_ermawu_l3l4,人多秩序乱，占道,垃圾秩序,urban_governance,环境,0.236,Very Negative,neg,0.517,0.93,0.721,哀,历史街区,2026-05-04,2026-05 五一·大南门建成文旅爆满,0.654,aspect,垃圾秩序,ermawu,ermawu,1,1,垃圾秩序,neg,"[""垃圾秩序""]",垃圾秩序,城市更新行动意见(市容治理),市容环境治理;垃圾分类,"[[""urban_governance"", ""环境"", ""主""], [""urban_governance"", ""服务"", ""次""]]",0.776,0,111.27812,30.698712
ermawu_T3_00298,ermawu,sim_ermawu_l3l4,回迁满意，原样回来住着踏实,回迁安置,urban_renewal,服务,0.778,Positive,pos,0.557,0.925,0.722,乐,历史街区,2026-05-05,2026-05 五一·大南门建成文旅爆满,0.801,aspect,回迁安置,ermawu,ermawu,1,1,回迁安置,pos,"[""回迁安置""]",回迁安置,防止大拆大建通知(不大规模搬迁原住民),回迁安置;原住民保留,"[[""urban_renewal"", ""服务"", ""主""], [""urban_governance"", ""服务"", ""次""]]",0.698,0,111.285901,30.697092
ermawu_T3_00299,ermawu,sim_ermawu_l3l4,烟火气这东西见仁见智,烟火气保留,urban_renewal,文化,0.457,Neutral,neu,0.407,0.877,0.733,急,历史街区,2026-05-06,2026-05 五一·大南门建成文旅爆满,0.638,aspect,烟火气保留,ermawu,ermawu,1,1,烟火气保留,neu,"[""烟火气保留""]",烟火气保留,防止大拆大建通知(留改拆·留底线),历史街区保护更新;社区营造,"[[""urban_renewal"", ""文化"", ""主""], [""urban_renewal"", ""环境"", ""次""]]",0.77,0,111.280539,30.697585
ermawu_T3_00300,ermawu,sim_ermawu_l3l4,业态单一，逛一次就够,业态丰富度,urban_operation,服务,0.355,Negative,neg,0.518,0.841,0.771,怒,历史街区,2026-05-05,2026-05 五一·大南门建成文旅爆满,0.547,aspect,业态丰富度,ermawu,ermawu,1,1,业态丰富度,neg,"[""业态丰富度""]",业态丰富度,关于持续推进城市更新行动的意见(业态引导),业态多元化引导;业态调整,"[[""urban_operation"", ""服务"", ""主""], [""urban_renewal"", ""服务"", ""次""]]",0.818,0,111.278461,30.695715
ermawu_T3_00301,ermawu,sim_ermawu_l3l4,文旅复苏，老街活了,文旅活力,urban_operation,事件,0.957,Positive,pos,0.383,0.79,0.742,乐,历史街区,2026-05-03,2026-05 五一·大南门建成文旅爆满,0.53,aspect,文旅活力,ermawu,ermawu,1,1,文旅活力,pos,"[""文旅活力""]",文旅活力,"城市更新""十五五""规划(文脉保护;文旅)",文旅品牌;节假日活动组织,"[[""urban_operation"", ""事件"", ""主""], [""urban_operation"", ""文化"", ""次""]]",0.729,1,111.286948,30.69487
ermawu_T3_00302,ermawu,sim_ermawu_l3l4,五一日均1.5万人，百年老街出圈了,文旅活力,urban_operation,事件,0.943,Positive,pos,0.303,0.836,0.855,喜,历史街区,2026-05-05,2026-05 五一·大南门建成文旅爆满,0.89,aspect,文旅活力,ermawu,ermawu,1,1,文旅活力,pos,"[""文旅活力""]",文旅活力,"城市更新""十五五""规划(文脉保护;文旅)",文旅品牌;节假日活动组织,"[[""urban_operation"", ""事件"", ""主""], [""urban_operation"", ""文化"", ""次""]]",0.934,1,111.27715,30.697829
ermawu_T3_00303,ermawu,sim_ermawu_l3l4,老味道还在，没变味,烟火气保留,urban_renewal,文化,0.92,Positive,pos,0.423,0.788,0.834,喜,历史街区,2026-05-02,2026-05 五一·大南门建成文旅爆满,0.554,aspect,烟火气保留,ermawu,ermawu,1,1,烟火气保留,pos,"[""烟火气保留""]",烟火气保留,防止大拆大建通知(留改拆·留底线),历史街区保护更新;社区营造,"[[""urban_renewal"", ""文化"", ""主""], [""urban_renewal"", ""环境"", ""次""]]",0.775,0,111.277614,30.699644
ermawu_T3_00304,ermawu,sim_ermawu_l3l4,原住民迁走，没了生活气,烟火气保留,urban_renewal,文化,0.391,Very Negative,neg,0.58,0.816,0.88,哀,历史街区,2026-05-01,2026-05 五一·大南门建成文旅爆满,0.724,aspect,烟火气保留,ermawu,ermawu,1,1,烟火气保留,neg,"[""烟火气保留""]",烟火气保留,防止大拆大建通知(留改拆·留底线),历史街区保护更新;社区营造,"[[""urban_renewal"", ""文化"", ""主""], [""urban_renewal"", ""环境"", ""次""]]",0.834,0,111.283592,30.694069
ermawu_T3_00305,ermawu,sim_ermawu_l3l4,开街后人气回来了，热闹得像过年,文旅活力,urban_operation,事件,0.634,Very Positive,pos,0.497,0.807,0.852,乐,历史街区,2026-05-01,2026-05 五一·大南门建成文旅爆满,0.511,aspect,文旅活力,ermawu,ermawu,1,1,文旅活力,pos,"[""文旅活力""]",文旅活力,"城市更新""十五五""规划(文脉保护;文旅)",文旅品牌;节假日活动组织,"[[""urban_operation"", ""事件"", ""主""], [""urban_operation"", ""文化"", ""次""]]",0.829,1,111.274522,30.696039
ermawu_T3_00306,ermawu,sim_ermawu_l3l4,不变拆真改，原汁原味加分,修旧如旧,urban_renewal,文化,0.687,Positive,pos,0.539,0.867,0.733,喜,历史街区,2026-05-03,2026-05 五一·大南门建成文旅爆满,0.9,aspect,修旧如旧,ermawu,ermawu,1,1,修旧如旧,pos,"[""修旧如旧""]",修旧如旧,防止大拆大建通知;关于持续推进城市更新行动的意见,历史街区/历史文化街区保护更新,"[[""urban_renewal"", ""文化"", ""主""], [""urban_operation"", ""文化"", ""次""]]",0.754,0,111.284979,30.691705
ermawu_T3_00307,ermawu,sim_ermawu_l3l4,既有文化味更有烟火气，难得,烟火气保留,urban_renewal,文化,0.83,Positive,pos,0.791,0.736,0.903,乐,历史街区,2026-05-01,2026-05 五一·大南门建成文旅爆满,0.83,aspect,烟火气保留,ermawu,ermawu,1,1,烟火气保留,pos,"[""烟火气保留""]",烟火气保留,防止大拆大建通知(留改拆·留底线),历史街区保护更新;社区营造,"[[""urban_renewal"", ""文化"", ""主""], [""urban_renewal"", ""环境"", ""次""]]",0.804,0,111.27805,30.695022
ermawu_T3_00308,ermawu,sim_ermawu_l3l4,开街后人气回来了，热闹得像过年,文旅活力,urban_operation,事件,0.898,Very Positive,pos,0.333,0.729,0.734,乐,历史街区,2026-05-03,2026-05 五一·大南门建成文旅爆满,0.815,aspect,文旅活力,ermawu,ermawu,1,1,文旅活力,pos,"[""文旅活力""]",文旅活力,"城市更新""十五五""规划(文脉保护;文旅)",文旅品牌;节假日活动组织,"[[""urban_operation"", ""事件"", ""主""], [""urban_operation"", ""文化"", ""次""]]",0.77,1,111.284647,30.691543
ermawu_T3_00309,ermawu,sim_ermawu_l3l4,回迁满意，原样回来住着踏实,回迁安置,urban_renewal,服务,0.901,Very Positive,pos,0.631,0.931,0.797,乐,历史街区,2026-05-01,2026-05 五一·大南门建成文旅爆满,0.521,aspect,回迁安置,ermawu,ermawu,1,1,回迁安置,pos,"[""回迁安置""]",回迁安置,防止大拆大建通知(不大规模搬迁原住民),回迁安置;原住民保留,"[[""urban_renewal"", ""服务"", ""主""], [""urban_governance"", ""服务"", ""次""]]",0.805,0,111.279643,30.697438
ermawu_T3_00310,ermawu,sim_ermawu_l3l4,配套停车跟不上热度,停车难,urban_governance,设施,0.166,Negative,neg,0.592,0.722,0.889,哀,历史街区,2026-05-06,2026-05 五一·大南门建成文旅爆满,0.743,aspect,停车难,ermawu,ermawu,1,1,停车难,neg,"[""停车难""]",停车难,完整社区(配套设施补齐);一刻钟生活圈,停车设施补齐;配套完善,"[[""urban_governance"", ""设施"", ""主""], [""urban_planning"", ""设施"", ""次""]]",0.808,0,111.285992,30.697982
ermawu_T3_00311,ermawu,sim_ermawu_l3l4,夜幕降临热闹起来，有活力,夜经济,urban_operation,事件,0.636,Positive,pos,0.336,0.764,0.854,喜,历史街区,2026-05-05,2026-05 五一·大南门建成文旅爆满,0.809,aspect,夜经济,ermawu,ermawu,1,1,夜经济,pos,"[""夜经济""]",夜经济,"城市更新""十五五""规划(生活圈扩围;夜经济)",一刻钟便民生活圈建设;夜经济品牌培育,"[[""urban_operation"", ""事件"", ""主""], [""urban_governance"", ""事件"", ""次""]]",0.802,1,111.280139,30.696817
ermawu_T3_00312,ermawu,sim_ermawu_l3l4,"""宜昌""打卡墙出片，复古花墙绝了",网红打卡,urban_operation,文化,0.794,Positive,pos,0.694,0.912,0.7,喜,历史街区,2026-05-05,2026-05 五一·大南门建成文旅爆满,0.793,aspect,网红打卡,ermawu,ermawu,1,1,网红打卡,pos,"[""网红打卡""]",网红打卡,"城市更新""十五五""规划(文脉保护传承)",文旅IP打造;文化消费场景,"[[""urban_operation"", ""文化"", ""主""], [""urban_operation"", ""事件"", ""次""]]",0.88,0,111.284428,30.692725
ermawu_T3_00313,ermawu,sim_ermawu_l3l4,五一日均1.5万人，百年老街出圈了,文旅活力,urban_operation,事件,0.778,Positive,pos,0.41,0.723,0.8,喜,历史街区,2026-05-05,2026-05 五一·大南门建成文旅爆满,0.613,aspect,文旅活力,ermawu,ermawu,1,1,文旅活力,pos,"[""文旅活力""]",文旅活力,"城市更新""十五五""规划(文脉保护;文旅)",文旅品牌;节假日活动组织,"[[""urban_operation"", ""事件"", ""主""], [""urban_operation"", ""文化"", ""次""]]",0.838,1,111.272046,30.698864
ermawu_T3_00314,ermawu,sim_ermawu_l3l4,小众免费出片，本地人私藏,网红打卡,urban_operation,文化,0.654,Positive,pos,0.575,0.847,0.791,喜,历史街区,2026-05-03,2026-05 五一·大南门建成文旅爆满,0.837,aspect,网红打卡,ermawu,ermawu,1,1,网红打卡,pos,"[""网红打卡""]",网红打卡,"城市更新""十五五""规划(文脉保护传承)",文旅IP打造;文化消费场景,"[[""urban_operation"", ""文化"", ""主""], [""urban_operation"", ""事件"", ""次""]]",0.727,0,111.276809,30.696769
ermawu_T3_00315,ermawu,sim_ermawu_l3l4,打卡墙前要排队,网红打卡,urban_operation,文化,0.59,Neutral,neu,0.739,0.862,0.871,急,历史街区,2026-05-06,2026-05 五一·大南门建成文旅爆满,0.53,aspect,网红打卡,ermawu,ermawu,1,1,网红打卡,neu,"[""网红打卡""]",网红打卡,"城市更新""十五五""规划(文脉保护传承)",文旅IP打造;文化消费场景,"[[""urban_operation"", ""文化"", ""主""], [""urban_operation"", ""事件"", ""次""]]",0.918,0,111.278661,30.699411
ermawu_T3_00316,ermawu,sim_ermawu_l3l4,五一日均1.5万人，百年老街出圈了,文旅活力,urban_operation,事件,0.772,Very Positive,pos,0.652,0.817,0.911,乐,历史街区,2026-05-06,2026-05 五一·大南门建成文旅爆满,0.659,aspect,文旅活力,ermawu,ermawu,1,1,文旅活力,pos,"[""文旅活力""]",文旅活力,"城市更新""十五五""规划(文脉保护;文旅)",文旅品牌;节假日活动组织,"[[""urban_operation"", ""事件"", ""主""], [""urban_operation"", ""文化"", ""次""]]",0.829,1,111.274467,30.696509
ermawu_T3_00317,ermawu,sim_ermawu_l3l4,二马路成了网红打卡地，年轻人多,网红打卡,urban_operation,文化,0.757,Very Positive,pos,0.336,0.75,0.84,乐,历史街区,2026-05-01,2026-05 五一·大南门建成文旅爆满,0.646,aspect,网红打卡,ermawu,ermawu,1,1,网红打卡,pos,"[""网红打卡""]",网红打卡,"城市更新""十五五""规划(文脉保护传承)",文旅IP打造;文化消费场景,"[[""urban_operation"", ""文化"", ""主""], [""urban_operation"", ""事件"", ""次""]]",0.706,0,111.285619,30.696836
ermawu_T3_00318,ermawu,sim_ermawu_l3l4,老建筑修得讲究，最小干预看出功夫,修旧如旧,urban_renewal,文化,0.634,Positive,pos,0.705,0.748,0.75,乐,历史街区,2026-05-02,2026-05 五一·大南门建成文旅爆满,0.671,aspect,修旧如旧,ermawu,ermawu,1,1,修旧如旧,pos,"[""修旧如旧""]",修旧如旧,防止大拆大建通知;关于持续推进城市更新行动的意见,历史街区/历史文化街区保护更新,"[[""urban_renewal"", ""文化"", ""主""], [""urban_operation"", ""文化"", ""次""]]",0.777,0,111.281662,30.692753
ermawu_T3_00319,ermawu,sim_ermawu_l3l4,业态单一，逛一次就够,业态丰富度,urban_operation,服务,0.14,Very Negative,neg,0.597,0.943,0.778,愁,历史街区,2026-05-03,2026-05 五一·大南门建成文旅爆满,0.768,aspect,业态丰富度,ermawu,ermawu,1,1,业态丰富度,neg,"[""业态丰富度""]",业态丰富度,关于持续推进城市更新行动的意见(业态引导),业态多元化引导;业态调整,"[[""urban_operation"", ""服务"", ""主""], [""urban_renewal"", ""服务"", ""次""]]",0.882,0,111.284158,30.694916
ermawu_T3_00320,ermawu,sim_ermawu_l3l4,既有文化味更有烟火气，难得,烟火气保留,urban_renewal,文化,0.869,Very Positive,pos,0.377,0.839,0.867,喜,历史街区,2026-05-01,2026-05 五一·大南门建成文旅爆满,0.664,aspect,烟火气保留,ermawu,ermawu,1,1,烟火气保留,pos,"[""烟火气保留""]",烟火气保留,防止大拆大建通知(留改拆·留底线),历史街区保护更新;社区营造,"[[""urban_renewal"", ""文化"", ""主""], [""urban_renewal"", ""环境"", ""次""]]",0.829,0,111.284131,30.695457
ermawu_T3_00321,ermawu,sim_ermawu_l3l4,连锁店太多，没特色,业态丰富度,urban_operation,服务,0.091,Very Negative,neg,0.63,0.861,0.719,怒,历史街区,2026-05-04,2026-05 五一·大南门建成文旅爆满,0.54,aspect,业态丰富度,ermawu,ermawu,1,1,业态丰富度,neg,"[""业态丰富度""]",业态丰富度,关于持续推进城市更新行动的意见(业态引导),业态多元化引导;业态调整,"[[""urban_operation"", ""服务"", ""主""], [""urban_renewal"", ""服务"", ""次""]]",0.805,0,111.27976,30.698087
ermawu_T3_00322,ermawu,sim_ermawu_l3l4,连锁店太多，没特色,业态丰富度,urban_operation,服务,0.213,Very Negative,neg,0.883,0.818,0.781,怒,历史街区,2026-05-01,2026-05 五一·大南门建成文旅爆满,0.641,aspect,业态丰富度,ermawu,ermawu,1,1,业态丰富度,neg,"[""业态丰富度""]",业态丰富度,关于持续推进城市更新行动的意见(业态引导),业态多元化引导;业态调整,"[[""urban_operation"", ""服务"", ""主""], [""urban_renewal"", ""服务"", ""次""]]",0.923,0,111.280516,30.701552
ermawu_T3_00323,ermawu,sim_ermawu_l3l4,"""宜昌""打卡墙出片，复古花墙绝了",网红打卡,urban_operation,文化,0.94,Positive,pos,0.431,0.807,0.863,乐,历史街区,2026-05-03,2026-05 五一·大南门建成文旅爆满,0.686,aspect,网红打卡,ermawu,ermawu,1,1,网红打卡,pos,"[""网红打卡""]",网红打卡,"城市更新""十五五""规划(文脉保护传承)",文旅IP打造;文化消费场景,"[[""urban_operation"", ""文化"", ""主""], [""urban_operation"", ""事件"", ""次""]]",0.707,0,111.284413,30.695213
ermawu_T3_00324,ermawu,sim_ermawu_l3l4,烟火气这东西见仁见智,烟火气保留,urban_renewal,文化,0.535,Neutral,neu,0.6,0.753,0.84,盼,历史街区,2026-05-05,2026-05 五一·大南门建成文旅爆满,0.493,aspect,烟火气保留,ermawu,ermawu,1,1,烟火气保留,neu,"[""烟火气保留""]",烟火气保留,防止大拆大建通知(留改拆·留底线),历史街区保护更新;社区营造,"[[""urban_renewal"", ""文化"", ""主""], [""urban_renewal"", ""环境"", ""次""]]",0.946,0,111.27631,30.700269
ermawu_T3_00325,ermawu,sim_ermawu_l3l4,开街后人气回来了，热闹得像过年,文旅活力,urban_operation,事件,0.886,Positive,pos,0.426,0.796,0.717,乐,历史街区,2026-05-03,2026-05 五一·大南门建成文旅爆满,0.462,aspect,文旅活力,ermawu,ermawu,1,1,文旅活力,pos,"[""文旅活力""]",文旅活力,"城市更新""十五五""规划(文脉保护;文旅)",文旅品牌;节假日活动组织,"[[""urban_operation"", ""事件"", ""主""], [""urban_operation"", ""文化"", ""次""]]",0.716,1,111.278736,30.698376
ermawu_T3_00326,ermawu,sim_ermawu_l3l4,配套停车跟不上热度,停车难,urban_governance,设施,0.193,Very Negative,neg,0.512,0.849,0.781,怒,历史街区,2026-05-01,2026-05 五一·大南门建成文旅爆满,0.651,aspect,停车难,ermawu,ermawu,1,1,停车难,neg,"[""停车难""]",停车难,完整社区(配套设施补齐);一刻钟生活圈,停车设施补齐;配套完善,"[[""urban_governance"", ""设施"", ""主""], [""urban_planning"", ""设施"", ""次""]]",0.921,0,111.278849,30.692636
ermawu_T3_00327,ermawu,sim_ermawu_l3l4,二马路成了网红打卡地，年轻人多,网红打卡,urban_operation,文化,0.885,Very Positive,pos,0.679,0.734,0.733,喜,历史街区,2026-05-02,2026-05 五一·大南门建成文旅爆满,0.836,aspect,网红打卡,ermawu,ermawu,1,1,网红打卡,pos,"[""网红打卡""]",网红打卡,"城市更新""十五五""规划(文脉保护传承)",文旅IP打造;文化消费场景,"[[""urban_operation"", ""文化"", ""主""], [""urban_operation"", ""事件"", ""次""]]",0.816,0,111.27649,30.699037
ermawu_T3_00328,ermawu,sim_ermawu_l3l4,下沉广场水景配老街，拍照绝佳,网红打卡,urban_operation,文化,0.898,Very Positive,pos,0.741,0.732,0.775,喜,历史街区,2026-05-01,2026-05 五一·大南门建成文旅爆满,0.424,aspect,网红打卡,ermawu,ermawu,1,1,网红打卡,pos,"[""网红打卡""]",网红打卡,"城市更新""十五五""规划(文脉保护传承)",文旅IP打造;文化消费场景,"[[""urban_operation"", ""文化"", ""主""], [""urban_operation"", ""事件"", ""次""]]",0.811,0,111.277968,30.696979
ermawu_T3_00329,ermawu,sim_ermawu_l3l4,夜市噪音扰民，周边住户受不了,夜经济,urban_operation,事件,0.36,Very Negative,neg,0.85,0.948,0.857,怒,历史街区,2026-05-05,2026-05 五一·大南门建成文旅爆满,0.665,aspect,夜经济,ermawu,ermawu,1,1,夜经济,neg,"[""夜经济""]",夜经济,"城市更新""十五五""规划(生活圈扩围;夜经济)",一刻钟便民生活圈建设;夜经济品牌培育,"[[""urban_operation"", ""事件"", ""主""], [""urban_governance"", ""事件"", ""次""]]",0.733,1,111.279192,30.695796
ermawu_T3_00330,ermawu,sim_ermawu_l3l4,文旅复苏，老街活了,文旅活力,urban_operation,事件,0.843,Positive,pos,0.595,0.729,0.899,乐,历史街区,2026-05-04,2026-05 五一·大南门建成文旅爆满,0.704,aspect,文旅活力,ermawu,ermawu,1,1,文旅活力,pos,"[""文旅活力""]",文旅活力,"城市更新""十五五""规划(文脉保护;文旅)",文旅品牌;节假日活动组织,"[[""urban_operation"", ""事件"", ""主""], [""urban_operation"", ""文化"", ""次""]]",0.749,1,111.280942,30.698142
ermawu_T3_00331,ermawu,sim_ermawu_l3l4,回迁户型不满意,回迁安置,urban_renewal,服务,0.281,Very Negative,neg,0.644,0.843,0.899,怒,历史街区,2026-05-06,2026-05 五一·大南门建成文旅爆满,0.569,aspect,回迁安置,ermawu,ermawu,1,1,回迁安置,neg,"[""回迁安置""]",回迁安置,防止大拆大建通知(不大规模搬迁原住民),回迁安置;原住民保留,"[[""urban_renewal"", ""服务"", ""主""], [""urban_governance"", ""服务"", ""次""]]",0.72,0,111.278308,30.693806
ermawu_T3_00332,ermawu,sim_ermawu_l3l4,"""宜昌""打卡墙出片，复古花墙绝了",网红打卡,urban_operation,文化,0.672,Positive,pos,0.433,0.842,0.747,喜,历史街区,2026-05-04,2026-05 五一·大南门建成文旅爆满,0.712,aspect,网红打卡,ermawu,ermawu,1,1,网红打卡,pos,"[""网红打卡""]",网红打卡,"城市更新""十五五""规划(文脉保护传承)",文旅IP打造;文化消费场景,"[[""urban_operation"", ""文化"", ""主""], [""urban_operation"", ""事件"", ""次""]]",0.926,0,111.275117,30.698851
ermawu_T3_00333,ermawu,sim_ermawu_l3l4,老味道还在，没变味,烟火气保留,urban_renewal,文化,0.951,Positive,pos,0.506,0.772,0.742,乐,历史街区,2026-05-03,2026-05 五一·大南门建成文旅爆满,0.654,aspect,烟火气保留,ermawu,ermawu,1,1,烟火气保留,pos,"[""烟火气保留""]",烟火气保留,防止大拆大建通知(留改拆·留底线),历史街区保护更新;社区营造,"[[""urban_renewal"", ""文化"", ""主""], [""urban_renewal"", ""环境"", ""次""]]",0.844,0,111.274545,30.698148
ermawu_T3_00334,ermawu,sim_ermawu_l3l4,二马路修旧如旧，百年老街焕发新生,修旧如旧,urban_renewal,文化,0.654,Positive,pos,0.498,0.768,0.898,乐,历史街区,2026-05-03,2026-05 五一·大南门建成文旅爆满,0.866,aspect,修旧如旧,ermawu,ermawu,1,1,修旧如旧,pos,"[""修旧如旧""]",修旧如旧,防止大拆大建通知;关于持续推进城市更新行动的意见,历史街区/历史文化街区保护更新,"[[""urban_renewal"", ""文化"", ""主""], [""urban_operation"", ""文化"", ""次""]]",0.888,0,111.281931,30.690375
ermawu_T3_00335,ermawu,sim_ermawu_l3l4,打卡墙前要排队,网红打卡,urban_operation,文化,0.563,Neutral,neu,0.509,0.803,0.896,盼,历史街区,2026-05-05,2026-05 五一·大南门建成文旅爆满,0.76,aspect,网红打卡,ermawu,ermawu,1,1,网红打卡,neu,"[""网红打卡""]",网红打卡,"城市更新""十五五""规划(文脉保护传承)",文旅IP打造;文化消费场景,"[[""urban_operation"", ""文化"", ""主""], [""urban_operation"", ""事件"", ""次""]]",0.947,0,111.28042,30.696561
ermawu_T3_00336,ermawu,sim_ermawu_l3l4,回迁满意，原样回来住着踏实,回迁安置,urban_renewal,服务,0.671,Very Positive,pos,0.355,0.869,0.766,喜,历史街区,2026-05-02,2026-05 五一·大南门建成文旅爆满,0.717,aspect,回迁安置,ermawu,ermawu,1,1,回迁安置,pos,"[""回迁安置""]",回迁安置,防止大拆大建通知(不大规模搬迁原住民),回迁安置;原住民保留,"[[""urban_renewal"", ""服务"", ""主""], [""urban_governance"", ""服务"", ""次""]]",0.731,0,111.285671,30.694512
ermawu_T3_00337,ermawu,sim_ermawu_l3l4,五一10万人，体验拉胯,文旅活力,urban_operation,事件,0.158,Very Negative,neg,0.556,0.751,0.763,怒,历史街区,2026-05-05,2026-05 五一·大南门建成文旅爆满,0.415,aspect,文旅活力,ermawu,ermawu,1,1,文旅活力,neg,"[""文旅活力""]",文旅活力,"城市更新""十五五""规划(文脉保护;文旅)",文旅品牌;节假日活动组织,"[[""urban_operation"", ""事件"", ""主""], [""urban_operation"", ""文化"", ""次""]]",0.711,1,111.272829,30.699174
ermawu_T3_00338,ermawu,sim_ermawu_l3l4,周边夜市烟火升腾，烧烤烤鱼小吃全有,夜经济,urban_operation,事件,0.949,Very Positive,pos,0.355,0.749,0.865,喜,历史街区,2026-05-01,2026-05 五一·大南门建成文旅爆满,0.835,aspect,夜经济,ermawu,ermawu,1,1,夜经济,pos,"[""夜经济""]",夜经济,"城市更新""十五五""规划(生活圈扩围;夜经济)",一刻钟便民生活圈建设;夜经济品牌培育,"[[""urban_operation"", ""事件"", ""主""], [""urban_governance"", ""事件"", ""次""]]",0.724,1,111.287062,30.697255
ermawu_T3_00339,ermawu,sim_ermawu_l3l4,回迁满意，原样回来住着踏实,回迁安置,urban_renewal,服务,0.855,Very Positive,pos,0.445,0.89,0.734,喜,历史街区,2026-05-03,2026-05 五一·大南门建成文旅爆满,0.554,aspect,回迁安置,ermawu,ermawu,1,1,回迁安置,pos,"[""回迁安置""]",回迁安置,防止大拆大建通知(不大规模搬迁原住民),回迁安置;原住民保留,"[[""urban_renewal"", ""服务"", ""主""], [""urban_governance"", ""服务"", ""次""]]",0.919,0,111.274337,30.695634
ermawu_T3_00340,ermawu,sim_ermawu_l3l4,二马路修旧如旧，百年老街焕发新生,修旧如旧,urban_renewal,文化,0.812,Positive,pos,0.579,0.819,0.755,乐,历史街区,2026-05-03,2026-05 五一·大南门建成文旅爆满,0.442,aspect,修旧如旧,ermawu,ermawu,1,1,修旧如旧,pos,"[""修旧如旧""]",修旧如旧,防止大拆大建通知;关于持续推进城市更新行动的意见,历史街区/历史文化街区保护更新,"[[""urban_renewal"", ""文化"", ""主""], [""urban_operation"", ""文化"", ""次""]]",0.853,0,111.276157,30.699729
ermawu_T3_00341,ermawu,sim_ermawu_l3l4,既有文化味更有烟火气，难得,烟火气保留,urban_renewal,文化,0.95,Very Positive,pos,0.739,0.772,0.915,乐,历史街区,2026-05-02,2026-05 五一·大南门建成文旅爆满,0.812,aspect,烟火气保留,ermawu,ermawu,1,1,烟火气保留,pos,"[""烟火气保留""]",烟火气保留,防止大拆大建通知(留改拆·留底线),历史街区保护更新;社区营造,"[[""urban_renewal"", ""文化"", ""主""], [""urban_renewal"", ""环境"", ""次""]]",0.717,0,111.285077,30.696104
ermawu_T3_00342,ermawu,sim_ermawu_l3l4,开街后人气回来了，热闹得像过年,文旅活力,urban_operation,事件,0.662,Very Positive,pos,0.39,0.738,0.712,乐,历史街区,2026-05-04,2026-05 五一·大南门建成文旅爆满,0.706,aspect,文旅活力,ermawu,ermawu,1,1,文旅活力,pos,"[""文旅活力""]",文旅活力,"城市更新""十五五""规划(文脉保护;文旅)",文旅品牌;节假日活动组织,"[[""urban_operation"", ""事件"", ""主""], [""urban_operation"", ""文化"", ""次""]]",0.845,1,111.285353,30.695494
ermawu_T3_00343,ermawu,sim_ermawu_l3l4,五一日均1.5万人，百年老街出圈了,文旅活力,urban_operation,事件,0.637,Positive,pos,0.445,0.74,0.91,喜,历史街区,2026-05-01,2026-05 五一·大南门建成文旅爆满,0.717,aspect,文旅活力,ermawu,ermawu,1,1,文旅活力,pos,"[""文旅活力""]",文旅活力,"城市更新""十五五""规划(文脉保护;文旅)",文旅品牌;节假日活动组织,"[[""urban_operation"", ""事件"", ""主""], [""urban_operation"", ""文化"", ""次""]]",0.917,1,111.282891,30.69871
ermawu_T3_00344,ermawu,sim_ermawu_l3l4,开街后人气回来了，热闹得像过年,文旅活力,urban_operation,事件,0.759,Very Positive,pos,0.633,0.807,0.894,喜,历史街区,2026-05-03,2026-05 五一·大南门建成文旅爆满,0.853,aspect,文旅活力,ermawu,ermawu,1,1,文旅活力,pos,"[""文旅活力""]",文旅活力,"城市更新""十五五""规划(文脉保护;文旅)",文旅品牌;节假日活动组织,"[[""urban_operation"", ""事件"", ""主""], [""urban_operation"", ""文化"", ""次""]]",0.729,1,111.280191,30.698621
ermawu_T3_00345,ermawu,sim_ermawu_l3l4,下沉广场水景配老街，拍照绝佳,网红打卡,urban_operation,文化,0.743,Positive,pos,0.498,0.88,0.913,乐,历史街区,2026-05-06,2026-05 五一·大南门建成文旅爆满,0.837,aspect,网红打卡,ermawu,ermawu,1,1,网红打卡,pos,"[""网红打卡""]",网红打卡,"城市更新""十五五""规划(文脉保护传承)",文旅IP打造;文化消费场景,"[[""urban_operation"", ""文化"", ""主""], [""urban_operation"", ""事件"", ""次""]]",0.807,0,111.280763,30.695721
ermawu_T3_00346,ermawu,sim_ermawu_l3l4,业态单一，逛一次就够,业态丰富度,urban_operation,服务,0.244,Negative,neg,0.832,0.729,0.766,哀,历史街区,2026-05-06,2026-05 五一·大南门建成文旅爆满,0.472,aspect,业态丰富度,ermawu,ermawu,1,1,业态丰富度,neg,"[""业态丰富度""]",业态丰富度,关于持续推进城市更新行动的意见(业态引导),业态多元化引导;业态调整,"[[""urban_operation"", ""服务"", ""主""], [""urban_renewal"", ""服务"", ""次""]]",0.699,0,111.28486,30.696569
ermawu_T3_00347,ermawu,sim_ermawu_l3l4,二马路成了网红打卡地，年轻人多,网红打卡,urban_operation,文化,0.739,Positive,pos,0.534,0.739,0.879,乐,历史街区,2026-05-07,2026-05 五一·大南门建成文旅爆满,0.634,aspect,网红打卡,ermawu,ermawu,1,1,网红打卡,pos,"[""网红打卡""]",网红打卡,"城市更新""十五五""规划(文脉保护传承)",文旅IP打造;文化消费场景,"[[""urban_operation"", ""文化"", ""主""], [""urban_operation"", ""事件"", ""次""]]",0.734,0,111.279394,30.693302
ermawu_T3_00348,ermawu,sim_ermawu_l3l4,文旅复苏，老街活了,文旅活力,urban_operation,事件,0.668,Very Positive,pos,0.758,0.793,0.918,喜,历史街区,2026-05-05,2026-05 五一·大南门建成文旅爆满,0.653,aspect,文旅活力,ermawu,ermawu,1,1,文旅活力,pos,"[""文旅活力""]",文旅活力,"城市更新""十五五""规划(文脉保护;文旅)",文旅品牌;节假日活动组织,"[[""urban_operation"", ""事件"", ""主""], [""urban_operation"", ""文化"", ""次""]]",0.778,1,111.280473,30.697335
ermawu_T3_00349,ermawu,sim_ermawu_l3l4,五一日均1.5万人，百年老街出圈了,文旅活力,urban_operation,事件,0.722,Very Positive,pos,0.607,0.779,0.792,喜,历史街区,2026-05-01,2026-05 五一·大南门建成文旅爆满,0.499,aspect,文旅活力,ermawu,ermawu,1,1,文旅活力,pos,"[""文旅活力""]",文旅活力,"城市更新""十五五""规划(文脉保护;文旅)",文旅品牌;节假日活动组织,"[[""urban_operation"", ""事件"", ""主""], [""urban_operation"", ""文化"", ""次""]]",0.716,1,111.286033,30.691179
ermawu_T3_00350,ermawu,sim_ermawu_l3l4,小众免费出片，本地人私藏,网红打卡,urban_operation,文化,0.876,Positive,pos,0.676,0.837,0.722,乐,历史街区,2026-05-02,2026-05 五一·大南门建成文旅爆满,0.41,aspect,网红打卡,ermawu,ermawu,1,1,网红打卡,pos,"[""网红打卡""]",网红打卡,"城市更新""十五五""规划(文脉保护传承)",文旅IP打造;文化消费场景,"[[""urban_operation"", ""文化"", ""主""], [""urban_operation"", ""事件"", ""次""]]",0.756,0,111.282049,30.692658
ermawu_T3_00351,ermawu,sim_ermawu_l3l4,老味道还在，没变味,烟火气保留,urban_renewal,文化,0.701,Positive,pos,0.662,0.788,0.895,喜,历史街区,2026-05-06,2026-05 五一·大南门建成文旅爆满,0.734,aspect,烟火气保留,ermawu,ermawu,1,1,烟火气保留,pos,"[""烟火气保留""]",烟火气保留,防止大拆大建通知(留改拆·留底线),历史街区保护更新;社区营造,"[[""urban_renewal"", ""文化"", ""主""], [""urban_renewal"", ""环境"", ""次""]]",0.898,0,111.284028,30.694174
ermawu_T3_00352,ermawu,sim_ermawu_l3l4,保留原貌真有味道，修新如旧做得好,修旧如旧,urban_renewal,文化,0.827,Very Positive,pos,0.591,0.723,0.728,喜,历史街区,2026-05-03,2026-05 五一·大南门建成文旅爆满,0.79,aspect,修旧如旧,ermawu,ermawu,1,1,修旧如旧,pos,"[""修旧如旧""]",修旧如旧,防止大拆大建通知;关于持续推进城市更新行动的意见,历史街区/历史文化街区保护更新,"[[""urban_renewal"", ""文化"", ""主""], [""urban_operation"", ""文化"", ""次""]]",0.724,0,111.275574,30.699241
ermawu_T3_00353,ermawu,sim_ermawu_l3l4,五一日均1.5万人，百年老街出圈了,文旅活力,urban_operation,事件,0.779,Positive,pos,0.315,0.931,0.874,喜,历史街区,2026-05-03,2026-05 五一·大南门建成文旅爆满,0.753,aspect,文旅活力,ermawu,ermawu,1,1,文旅活力,pos,"[""文旅活力""]",文旅活力,"城市更新""十五五""规划(文脉保护;文旅)",文旅品牌;节假日活动组织,"[[""urban_operation"", ""事件"", ""主""], [""urban_operation"", ""文化"", ""次""]]",0.921,1,111.276149,30.701862
ermawu_T3_00354,ermawu,sim_ermawu_l3l4,回迁满意，原样回来住着踏实,回迁安置,urban_renewal,服务,0.779,Positive,pos,0.48,0.822,0.858,乐,历史街区,2026-05-06,2026-05 五一·大南门建成文旅爆满,0.634,aspect,回迁安置,ermawu,ermawu,1,1,回迁安置,pos,"[""回迁安置""]",回迁安置,防止大拆大建通知(不大规模搬迁原住民),回迁安置;原住民保留,"[[""urban_renewal"", ""服务"", ""主""], [""urban_governance"", ""服务"", ""次""]]",0.8,0,111.287309,30.693871
ermawu_T3_00355,ermawu,sim_ermawu_l3l4,不变拆真改，原汁原味加分,修旧如旧,urban_renewal,文化,0.836,Very Positive,pos,0.694,0.749,0.834,乐,历史街区,2026-05-07,2026-05 五一·大南门建成文旅爆满,0.849,aspect,修旧如旧,ermawu,ermawu,1,1,修旧如旧,pos,"[""修旧如旧""]",修旧如旧,防止大拆大建通知;关于持续推进城市更新行动的意见,历史街区/历史文化街区保护更新,"[[""urban_renewal"", ""文化"", ""主""], [""urban_operation"", ""文化"", ""次""]]",0.813,0,111.273465,30.697418
ermawu_T3_00356,ermawu,sim_ermawu_l3l4,回迁安置拖很久,回迁安置,urban_renewal,服务,0.051,Very Negative,neg,0.718,0.758,0.839,怒,历史街区,2026-05-04,2026-05 五一·大南门建成文旅爆满,0.707,aspect,回迁安置,ermawu,ermawu,1,1,回迁安置,neg,"[""回迁安置""]",回迁安置,防止大拆大建通知(不大规模搬迁原住民),回迁安置;原住民保留,"[[""urban_renewal"", ""服务"", ""主""], [""urban_governance"", ""服务"", ""次""]]",0.934,0,111.283231,30.694671
ermawu_T3_00357,ermawu,sim_ermawu_l3l4,文旅复苏，老街活了,文旅活力,urban_operation,事件,0.797,Very Positive,pos,0.448,0.843,0.713,乐,历史街区,2026-05-03,2026-05 五一·大南门建成文旅爆满,0.756,aspect,文旅活力,ermawu,ermawu,1,1,文旅活力,pos,"[""文旅活力""]",文旅活力,"城市更新""十五五""规划(文脉保护;文旅)",文旅品牌;节假日活动组织,"[[""urban_operation"", ""事件"", ""主""], [""urban_operation"", ""文化"", ""次""]]",0.69,1,111.279921,30.697317
ermawu_T3_00358,ermawu,sim_ermawu_l3l4,文旅复苏，老街活了,文旅活力,urban_operation,事件,0.892,Positive,pos,0.629,0.722,0.727,喜,历史街区,2026-05-06,2026-05 五一·大南门建成文旅爆满,0.813,aspect,文旅活力,ermawu,ermawu,1,1,文旅活力,pos,"[""文旅活力""]",文旅活力,"城市更新""十五五""规划(文脉保护;文旅)",文旅品牌;节假日活动组织,"[[""urban_operation"", ""事件"", ""主""], [""urban_operation"", ""文化"", ""次""]]",0.895,1,111.279849,30.698934
ermawu_T3_00359,ermawu,sim_ermawu_l3l4,开街后人气回来了，热闹得像过年,文旅活力,urban_operation,事件,0.666,Very Positive,pos,0.444,0.899,0.847,乐,历史街区,2026-05-05,2026-05 五一·大南门建成文旅爆满,0.709,aspect,文旅活力,ermawu,ermawu,1,1,文旅活力,pos,"[""文旅活力""]",文旅活力,"城市更新""十五五""规划(文脉保护;文旅)",文旅品牌;节假日活动组织,"[[""urban_operation"", ""事件"", ""主""], [""urban_operation"", ""文化"", ""次""]]",0.759,1,111.281579,30.694312
ermawu_T3_00360,ermawu,sim_ermawu_l3l4,业态都同质化了，走哪都一样,业态丰富度,urban_operation,服务,0.203,Very Negative,neg,0.827,0.727,0.904,怒,历史街区,2026-05-02,2026-05 五一·大南门建成文旅爆满,0.445,aspect,业态丰富度,ermawu,ermawu,1,1,业态丰富度,neg,"[""业态丰富度""]",业态丰富度,关于持续推进城市更新行动的意见(业态引导),业态多元化引导;业态调整,"[[""urban_operation"", ""服务"", ""主""], [""urban_renewal"", ""服务"", ""次""]]",0.761,0,111.276522,30.696531
ermawu_T3_00361,ermawu,sim_ermawu_l3l4,开街后人气回来了，热闹得像过年,文旅活力,urban_operation,事件,0.92,Positive,pos,0.753,0.947,0.727,乐,历史街区,2026-05-05,2026-05 五一·大南门建成文旅爆满,0.436,aspect,文旅活力,ermawu,ermawu,1,1,文旅活力,pos,"[""文旅活力""]",文旅活力,"城市更新""十五五""规划(文脉保护;文旅)",文旅品牌;节假日活动组织,"[[""urban_operation"", ""事件"", ""主""], [""urban_operation"", ""文化"", ""次""]]",0.784,1,111.278451,30.696386
ermawu_T3_00362,ermawu,sim_ermawu_l3l4,人多秩序乱，占道,垃圾秩序,urban_governance,环境,0.135,Negative,neg,0.621,0.791,0.908,哀,历史街区,2026-05-02,2026-05 五一·大南门建成文旅爆满,0.771,aspect,垃圾秩序,ermawu,ermawu,1,1,垃圾秩序,neg,"[""垃圾秩序""]",垃圾秩序,城市更新行动意见(市容治理),市容环境治理;垃圾分类,"[[""urban_governance"", ""环境"", ""主""], [""urban_governance"", ""服务"", ""次""]]",0.921,0,111.288157,30.69558
ermawu_T3_00363,ermawu,sim_ermawu_l3l4,老味道流失，可惜,烟火气保留,urban_renewal,文化,0.145,Very Negative,neg,0.744,0.728,0.862,怒,历史街区,2026-05-05,2026-05 五一·大南门建成文旅爆满,0.84,aspect,烟火气保留,ermawu,ermawu,1,1,烟火气保留,neg,"[""烟火气保留""]",烟火气保留,防止大拆大建通知(留改拆·留底线),历史街区保护更新;社区营造,"[[""urban_renewal"", ""文化"", ""主""], [""urban_renewal"", ""环境"", ""次""]]",0.703,0,111.276075,30.696721
ermawu_T3_00364,ermawu,sim_ermawu_l3l4,夜经济让老街活了,夜经济,urban_operation,事件,0.914,Positive,pos,0.305,0.82,0.865,喜,历史街区,2026-05-01,2026-05 五一·大南门建成文旅爆满,0.603,aspect,夜经济,ermawu,ermawu,1,1,夜经济,pos,"[""夜经济""]",夜经济,"城市更新""十五五""规划(生活圈扩围;夜经济)",一刻钟便民生活圈建设;夜经济品牌培育,"[[""urban_operation"", ""事件"", ""主""], [""urban_governance"", ""事件"", ""次""]]",0.808,1,111.280414,30.692439
ermawu_T3_00365,ermawu,sim_ermawu_l3l4,保留原貌真有味道，修新如旧做得好,修旧如旧,urban_renewal,文化,0.883,Positive,pos,0.695,0.752,0.803,喜,历史街区,2026-05-01,2026-05 五一·大南门建成文旅爆满,0.451,aspect,修旧如旧,ermawu,ermawu,1,1,修旧如旧,pos,"[""修旧如旧""]",修旧如旧,防止大拆大建通知;关于持续推进城市更新行动的意见,历史街区/历史文化街区保护更新,"[[""urban_renewal"", ""文化"", ""主""], [""urban_operation"", ""文化"", ""次""]]",0.949,0,111.280314,30.698945
ermawu_T3_00366,ermawu,sim_ermawu_l3l4,原住民留着，街区还活着,烟火气保留,urban_renewal,文化,0.778,Very Positive,pos,0.321,0.937,0.897,喜,历史街区,2026-05-07,2026-05 五一·大南门建成文旅爆满,0.728,aspect,烟火气保留,ermawu,ermawu,1,1,烟火气保留,pos,"[""烟火气保留""]",烟火气保留,防止大拆大建通知(留改拆·留底线),历史街区保护更新;社区营造,"[[""urban_renewal"", ""文化"", ""主""], [""urban_renewal"", ""环境"", ""次""]]",0.909,0,111.279557,30.700033
ermawu_T3_00367,ermawu,sim_ermawu_l3l4,连锁店太多，没特色,业态丰富度,urban_operation,服务,0.251,Very Negative,neg,0.762,0.792,0.81,怒,历史街区,2026-05-06,2026-05 五一·大南门建成文旅爆满,0.421,aspect,业态丰富度,ermawu,ermawu,1,1,业态丰富度,neg,"[""业态丰富度""]",业态丰富度,关于持续推进城市更新行动的意见(业态引导),业态多元化引导;业态调整,"[[""urban_operation"", ""服务"", ""主""], [""urban_renewal"", ""服务"", ""次""]]",0.703,0,111.279689,30.699819
ermawu_T3_00368,ermawu,sim_ermawu_l3l4,二马路成了网红打卡地，年轻人多,网红打卡,urban_operation,文化,0.721,Very Positive,pos,0.736,0.907,0.814,乐,历史街区,2026-05-05,2026-05 五一·大南门建成文旅爆满,0.648,aspect,网红打卡,ermawu,ermawu,1,1,网红打卡,pos,"[""网红打卡""]",网红打卡,"城市更新""十五五""规划(文脉保护传承)",文旅IP打造;文化消费场景,"[[""urban_operation"", ""文化"", ""主""], [""urban_operation"", ""事件"", ""次""]]",0.793,0,111.280145,30.701202
ermawu_T3_00369,ermawu,sim_ermawu_l3l4,业态有调性，不低端,业态丰富度,urban_operation,服务,0.87,Very Positive,pos,0.484,0.835,0.886,乐,历史街区,2026-05-07,2026-05 五一·大南门建成文旅爆满,0.817,aspect,业态丰富度,ermawu,ermawu,1,1,业态丰富度,pos,"[""业态丰富度""]",业态丰富度,关于持续推进城市更新行动的意见(业态引导),业态多元化引导;业态调整,"[[""urban_operation"", ""服务"", ""主""], [""urban_renewal"", ""服务"", ""次""]]",0.88,0,111.287233,30.696149
ermawu_T3_00370,ermawu,sim_ermawu_l3l4,节假日停车地狱,停车难,urban_governance,设施,0.063,Negative,neg,0.799,0.862,0.851,哀,历史街区,2026-05-01,2026-05 五一·大南门建成文旅爆满,0.418,aspect,停车难,ermawu,ermawu,1,1,停车难,neg,"[""停车难""]",停车难,完整社区(配套设施补齐);一刻钟生活圈,停车设施补齐;配套完善,"[[""urban_governance"", ""设施"", ""主""], [""urban_planning"", ""设施"", ""次""]]",0.829,0,111.281876,30.692398
ermawu_T3_00371,ermawu,sim_ermawu_l3l4,老味道流失，可惜,烟火气保留,urban_renewal,文化,0.228,Negative,neg,0.924,0.828,0.747,怒,历史街区,2026-05-01,2026-05 五一·大南门建成文旅爆满,0.657,aspect,烟火气保留,ermawu,ermawu,1,1,烟火气保留,neg,"[""烟火气保留""]",烟火气保留,防止大拆大建通知(留改拆·留底线),历史街区保护更新;社区营造,"[[""urban_renewal"", ""文化"", ""主""], [""urban_renewal"", ""环境"", ""次""]]",0.899,0,111.288202,30.693749
ermawu_T3_00372,ermawu,sim_ermawu_l3l4,"""宜昌""打卡墙出片，复古花墙绝了",网红打卡,urban_operation,文化,0.662,Very Positive,pos,0.454,0.801,0.834,乐,历史街区,2026-05-01,2026-05 五一·大南门建成文旅爆满,0.573,aspect,网红打卡,ermawu,ermawu,1,1,网红打卡,pos,"[""网红打卡""]",网红打卡,"城市更新""十五五""规划(文脉保护传承)",文旅IP打造;文化消费场景,"[[""urban_operation"", ""文化"", ""主""], [""urban_operation"", ""事件"", ""次""]]",0.907,0,111.284646,30.693507
ermawu_T3_00373,ermawu,sim_ermawu_l3l4,老味道流失，可惜,烟火气保留,urban_renewal,文化,0.341,Very Negative,neg,0.526,0.792,0.878,愁,历史街区,2026-05-03,2026-05 五一·大南门建成文旅爆满,0.495,aspect,烟火气保留,ermawu,ermawu,1,1,烟火气保留,neg,"[""烟火气保留""]",烟火气保留,防止大拆大建通知(留改拆·留底线),历史街区保护更新;社区营造,"[[""urban_renewal"", ""文化"", ""主""], [""urban_renewal"", ""环境"", ""次""]]",0.763,0,111.277192,30.695191
ermawu_T3_00374,ermawu,sim_ermawu_l3l4,小众免费出片，本地人私藏,网红打卡,urban_operation,文化,0.819,Positive,pos,0.449,0.894,0.725,乐,历史街区,2026-05-06,2026-05 五一·大南门建成文旅爆满,0.757,aspect,网红打卡,ermawu,ermawu,1,1,网红打卡,pos,"[""网红打卡""]",网红打卡,"城市更新""十五五""规划(文脉保护传承)",文旅IP打造;文化消费场景,"[[""urban_operation"", ""文化"", ""主""], [""urban_operation"", ""事件"", ""次""]]",0.782,0,111.280913,30.693324
ermawu_T3_00375,ermawu,sim_ermawu_l3l4,文旅复苏，老街活了,文旅活力,urban_operation,事件,0.772,Very Positive,pos,0.681,0.762,0.778,乐,历史街区,2026-05-07,2026-05 五一·大南门建成文旅爆满,0.568,aspect,文旅活力,ermawu,ermawu,1,1,文旅活力,pos,"[""文旅活力""]",文旅活力,"城市更新""十五五""规划(文脉保护;文旅)",文旅品牌;节假日活动组织,"[[""urban_operation"", ""事件"", ""主""], [""urban_operation"", ""文化"", ""次""]]",0.739,1,111.278828,30.696671
ermawu_T3_00376,ermawu,sim_ermawu_l3l4,二马路修旧如旧，百年老街焕发新生,修旧如旧,urban_renewal,文化,0.8,Very Positive,pos,0.775,0.844,0.863,乐,历史街区,2026-05-06,2026-05 五一·大南门建成文旅爆满,0.613,aspect,修旧如旧,ermawu,ermawu,1,1,修旧如旧,pos,"[""修旧如旧""]",修旧如旧,防止大拆大建通知;关于持续推进城市更新行动的意见,历史街区/历史文化街区保护更新,"[[""urban_renewal"", ""文化"", ""主""], [""urban_operation"", ""文化"", ""次""]]",0.728,0,111.280774,30.694113
ermawu_T3_00377,ermawu,sim_ermawu_l3l4,回迁政策还在等落实,回迁安置,urban_renewal,服务,0.576,Neutral,neu,0.562,0.932,0.832,盼,历史街区,2026-05-06,2026-05 五一·大南门建成文旅爆满,0.698,aspect,回迁安置,ermawu,ermawu,1,1,回迁安置,neu,"[""回迁安置""]",回迁安置,防止大拆大建通知(不大规模搬迁原住民),回迁安置;原住民保留,"[[""urban_renewal"", ""服务"", ""主""], [""urban_governance"", ""服务"", ""次""]]",0.717,0,111.286833,30.694405
ermawu_T3_00378,ermawu,sim_ermawu_l3l4,停车勉强能找,停车难,urban_governance,设施,0.524,Neutral,neu,0.309,0.872,0.781,急,历史街区,2026-05-02,2026-05 五一·大南门建成文旅爆满,0.754,aspect,停车难,ermawu,ermawu,1,1,停车难,neu,"[""停车难""]",停车难,完整社区(配套设施补齐);一刻钟生活圈,停车设施补齐;配套完善,"[[""urban_governance"", ""设施"", ""主""], [""urban_planning"", ""设施"", ""次""]]",0.95,0,111.28387,30.695697
ermawu_T3_00379,ermawu,sim_ermawu_l3l4,原住民留着，街区还活着,烟火气保留,urban_renewal,文化,0.713,Very Positive,pos,0.344,0.912,0.838,乐,历史街区,2026-05-07,2026-05 五一·大南门建成文旅爆满,0.809,aspect,烟火气保留,ermawu,ermawu,1,1,烟火气保留,pos,"[""烟火气保留""]",烟火气保留,防止大拆大建通知(留改拆·留底线),历史街区保护更新;社区营造,"[[""urban_renewal"", ""文化"", ""主""], [""urban_renewal"", ""环境"", ""次""]]",0.9,0,111.278644,30.695078
ermawu_T3_00380,ermawu,sim_ermawu_l3l4,回迁政策还在等落实,回迁安置,urban_renewal,服务,0.51,Neutral,neu,0.789,0.9,0.878,急,历史街区,2026-05-06,2026-05 五一·大南门建成文旅爆满,0.766,aspect,回迁安置,ermawu,ermawu,1,1,回迁安置,neu,"[""回迁安置""]",回迁安置,防止大拆大建通知(不大规模搬迁原住民),回迁安置;原住民保留,"[[""urban_renewal"", ""服务"", ""主""], [""urban_governance"", ""服务"", ""次""]]",0.715,0,111.278931,30.69915
ermawu_T3_00381,ermawu,sim_ermawu_l3l4,不变拆真改，原汁原味加分,修旧如旧,urban_renewal,文化,0.644,Positive,pos,0.339,0.858,0.905,喜,历史街区,2026-05-04,2026-05 五一·大南门建成文旅爆满,0.566,aspect,修旧如旧,ermawu,ermawu,1,1,修旧如旧,pos,"[""修旧如旧""]",修旧如旧,防止大拆大建通知;关于持续推进城市更新行动的意见,历史街区/历史文化街区保护更新,"[[""urban_renewal"", ""文化"", ""主""], [""urban_operation"", ""文化"", ""次""]]",0.72,0,111.282226,30.696013
ermawu_T3_00382,ermawu,sim_ermawu_l3l4,回迁户型不满意,回迁安置,urban_renewal,服务,0.206,Negative,neg,0.557,0.756,0.728,怒,历史街区,2026-05-03,2026-05 五一·大南门建成文旅爆满,0.447,aspect,回迁安置,ermawu,ermawu,1,1,回迁安置,neg,"[""回迁安置""]",回迁安置,防止大拆大建通知(不大规模搬迁原住民),回迁安置;原住民保留,"[[""urban_renewal"", ""服务"", ""主""], [""urban_governance"", ""服务"", ""次""]]",0.8,0,111.282468,30.694473
ermawu_T3_00383,ermawu,sim_ermawu_l3l4,原住民留着，街区还活着,烟火气保留,urban_renewal,文化,0.938,Positive,pos,0.474,0.838,0.709,乐,历史街区,2026-05-04,2026-05 五一·大南门建成文旅爆满,0.819,aspect,烟火气保留,ermawu,ermawu,1,1,烟火气保留,pos,"[""烟火气保留""]",烟火气保留,防止大拆大建通知(留改拆·留底线),历史街区保护更新;社区营造,"[[""urban_renewal"", ""文化"", ""主""], [""urban_renewal"", ""环境"", ""次""]]",0.914,0,111.273951,30.698798
ermawu_T3_00384,ermawu,sim_ermawu_l3l4,文旅复苏，老街活了,文旅活力,urban_operation,事件,0.913,Positive,pos,0.411,0.817,0.788,喜,历史街区,2026-05-02,2026-05 五一·大南门建成文旅爆满,0.549,aspect,文旅活力,ermawu,ermawu,1,1,文旅活力,pos,"[""文旅活力""]",文旅活力,"城市更新""十五五""规划(文脉保护;文旅)",文旅品牌;节假日活动组织,"[[""urban_operation"", ""事件"", ""主""], [""urban_operation"", ""文化"", ""次""]]",0.73,1,111.282338,30.69939
ermawu_T3_00385,ermawu,sim_ermawu_l3l4,不大规模搬迁是对的，老街坊还在,回迁安置,urban_renewal,服务,0.734,Positive,pos,0.501,0.793,0.742,喜,历史街区,2026-05-06,2026-05 五一·大南门建成文旅爆满,0.482,aspect,回迁安置,ermawu,ermawu,1,1,回迁安置,pos,"[""回迁安置""]",回迁安置,防止大拆大建通知(不大规模搬迁原住民),回迁安置;原住民保留,"[[""urban_renewal"", ""服务"", ""主""], [""urban_governance"", ""服务"", ""次""]]",0.901,0,111.27986,30.696113
ermawu_T3_00386,ermawu,sim_ermawu_l3l4,文旅复苏，老街活了,文旅活力,urban_operation,事件,0.872,Positive,pos,0.766,0.895,0.867,喜,历史街区,2026-05-04,2026-05 五一·大南门建成文旅爆满,0.887,aspect,文旅活力,ermawu,ermawu,1,1,文旅活力,pos,"[""文旅活力""]",文旅活力,"城市更新""十五五""规划(文脉保护;文旅)",文旅品牌;节假日活动组织,"[[""urban_operation"", ""事件"", ""主""], [""urban_operation"", ""文化"", ""次""]]",0.766,1,111.275209,30.697824
ermawu_T3_00387,ermawu,sim_ermawu_l3l4,"""宜昌""打卡墙出片，复古花墙绝了",网红打卡,urban_operation,文化,0.66,Very Positive,pos,0.392,0.818,0.77,乐,历史街区,2026-05-01,2026-05 五一·大南门建成文旅爆满,0.49,aspect,网红打卡,ermawu,ermawu,1,1,网红打卡,pos,"[""网红打卡""]",网红打卡,"城市更新""十五五""规划(文脉保护传承)",文旅IP打造;文化消费场景,"[[""urban_operation"", ""文化"", ""主""], [""urban_operation"", ""事件"", ""次""]]",0.73,0,111.28065,30.691168
ermawu_T3_00388,ermawu,sim_ermawu_l3l4,二马路成了网红打卡地，年轻人多,网红打卡,urban_operation,文化,0.631,Very Positive,pos,0.675,0.835,0.853,乐,历史街区,2026-05-07,2026-05 五一·大南门建成文旅爆满,0.875,aspect,网红打卡,ermawu,ermawu,1,1,网红打卡,pos,"[""网红打卡""]",网红打卡,"城市更新""十五五""规划(文脉保护传承)",文旅IP打造;文化消费场景,"[[""urban_operation"", ""文化"", ""主""], [""urban_operation"", ""事件"", ""次""]]",0.814,0,111.278817,30.696292
ermawu_T3_00389,ermawu,sim_ermawu_l3l4,停车太难，绕三圈找不到,停车难,urban_governance,设施,0.264,Negative,neg,0.507,0.754,0.839,哀,历史街区,2026-05-02,2026-05 五一·大南门建成文旅爆满,0.525,aspect,停车难,ermawu,ermawu,1,1,停车难,neg,"[""停车难""]",停车难,完整社区(配套设施补齐);一刻钟生活圈,停车设施补齐;配套完善,"[[""urban_governance"", ""设施"", ""主""], [""urban_planning"", ""设施"", ""次""]]",0.84,0,111.274716,30.69813
ermawu_T3_00390,ermawu,sim_ermawu_l3l4,回迁户型不满意,回迁安置,urban_renewal,服务,0.267,Negative,neg,0.614,0.874,0.83,哀,历史街区,2026-05-06,2026-05 五一·大南门建成文旅爆满,0.897,aspect,回迁安置,ermawu,ermawu,1,1,回迁安置,neg,"[""回迁安置""]",回迁安置,防止大拆大建通知(不大规模搬迁原住民),回迁安置;原住民保留,"[[""urban_renewal"", ""服务"", ""主""], [""urban_governance"", ""服务"", ""次""]]",0.932,0,111.27889,30.698179
ermawu_T3_00391,ermawu,sim_ermawu_l3l4,原住民留着，街区还活着,烟火气保留,urban_renewal,文化,0.714,Very Positive,pos,0.669,0.784,0.857,喜,历史街区,2026-05-04,2026-05 五一·大南门建成文旅爆满,0.596,aspect,烟火气保留,ermawu,ermawu,1,1,烟火气保留,pos,"[""烟火气保留""]",烟火气保留,防止大拆大建通知(留改拆·留底线),历史街区保护更新;社区营造,"[[""urban_renewal"", ""文化"", ""主""], [""urban_renewal"", ""环境"", ""次""]]",0.69,0,111.276805,30.698953
ermawu_T3_00392,ermawu,sim_ermawu_l3l4,保留原貌真有味道，修新如旧做得好,修旧如旧,urban_renewal,文化,0.681,Very Positive,pos,0.466,0.813,0.864,喜,历史街区,2026-05-06,2026-05 五一·大南门建成文旅爆满,0.641,aspect,修旧如旧,ermawu,ermawu,1,1,修旧如旧,pos,"[""修旧如旧""]",修旧如旧,防止大拆大建通知;关于持续推进城市更新行动的意见,历史街区/历史文化街区保护更新,"[[""urban_renewal"", ""文化"", ""主""], [""urban_operation"", ""文化"", ""次""]]",0.934,0,111.274719,30.698751
ermawu_T3_00393,ermawu,sim_ermawu_l3l4,夜幕降临热闹起来，有活力,夜经济,urban_operation,事件,0.752,Positive,pos,0.555,0.736,0.823,乐,历史街区,2026-05-03,2026-05 五一·大南门建成文旅爆满,0.884,aspect,夜经济,ermawu,ermawu,1,1,夜经济,pos,"[""夜经济""]",夜经济,"城市更新""十五五""规划(生活圈扩围;夜经济)",一刻钟便民生活圈建设;夜经济品牌培育,"[[""urban_operation"", ""事件"", ""主""], [""urban_governance"", ""事件"", ""次""]]",0.867,1,111.274545,30.697392
ermawu_T3_00394,ermawu,sim_ermawu_l3l4,五一日均1.5万人，百年老街出圈了,文旅活力,urban_operation,事件,0.916,Positive,pos,0.63,0.903,0.82,乐,历史街区,2026-05-05,2026-05 五一·大南门建成文旅爆满,0.402,aspect,文旅活力,ermawu,ermawu,1,1,文旅活力,pos,"[""文旅活力""]",文旅活力,"城市更新""十五五""规划(文脉保护;文旅)",文旅品牌;节假日活动组织,"[[""urban_operation"", ""事件"", ""主""], [""urban_operation"", ""文化"", ""次""]]",0.893,1,111.283682,30.696427
ermawu_T3_00395,ermawu,sim_ermawu_l3l4,文旅复苏，老街活了,文旅活力,urban_operation,事件,0.735,Very Positive,pos,0.792,0.905,0.901,乐,历史街区,2026-05-06,2026-05 五一·大南门建成文旅爆满,0.439,aspect,文旅活力,ermawu,ermawu,1,1,文旅活力,pos,"[""文旅活力""]",文旅活力,"城市更新""十五五""规划(文脉保护;文旅)",文旅品牌;节假日活动组织,"[[""urban_operation"", ""事件"", ""主""], [""urban_operation"", ""文化"", ""次""]]",0.826,1,111.288605,30.694069
ermawu_T3_00396,ermawu,sim_ermawu_l3l4,原住民迁走，没了生活气,烟火气保留,urban_renewal,文化,0.122,Very Negative,neg,0.644,0.731,0.874,哀,历史街区,2026-05-02,2026-05 五一·大南门建成文旅爆满,0.514,aspect,烟火气保留,ermawu,ermawu,1,1,烟火气保留,neg,"[""烟火气保留""]",烟火气保留,防止大拆大建通知(留改拆·留底线),历史街区保护更新;社区营造,"[[""urban_renewal"", ""文化"", ""主""], [""urban_renewal"", ""环境"", ""次""]]",0.713,0,111.282067,30.69628
ermawu_T3_00397,ermawu,sim_ermawu_l3l4,二马路成了网红打卡地，年轻人多,网红打卡,urban_operation,文化,0.645,Very Positive,pos,0.669,0.757,0.728,乐,历史街区,2026-05-06,2026-05 五一·大南门建成文旅爆满,0.488,aspect,网红打卡,ermawu,ermawu,1,1,网红打卡,pos,"[""网红打卡""]",网红打卡,"城市更新""十五五""规划(文脉保护传承)",文旅IP打造;文化消费场景,"[[""urban_operation"", ""文化"", ""主""], [""urban_operation"", ""事件"", ""次""]]",0.937,0,111.276092,30.701888
ermawu_T3_00398,ermawu,sim_ermawu_l3l4,下沉广场水景配老街，拍照绝佳,网红打卡,urban_operation,文化,0.634,Very Positive,pos,0.672,0.781,0.702,乐,历史街区,2026-05-04,2026-05 五一·大南门建成文旅爆满,0.726,aspect,网红打卡,ermawu,ermawu,1,1,网红打卡,pos,"[""网红打卡""]",网红打卡,"城市更新""十五五""规划(文脉保护传承)",文旅IP打造;文化消费场景,"[[""urban_operation"", ""文化"", ""主""], [""urban_operation"", ""事件"", ""次""]]",0.771,0,111.280108,30.695798
ermawu_T3_00399,ermawu,sim_ermawu_l3l4,人太多挤得慌，根本走不动,文旅活力,urban_operation,事件,0.346,Very Negative,neg,0.675,0.916,0.721,怒,历史街区,2026-05-02,2026-05 五一·大南门建成文旅爆满,0.891,aspect,文旅活力,ermawu,ermawu,1,1,文旅活力,neg,"[""文旅活力""]",文旅活力,"城市更新""十五五""规划(文脉保护;文旅)",文旅品牌;节假日活动组织,"[[""urban_operation"", ""事件"", ""主""], [""urban_operation"", ""文化"", ""次""]]",0.935,1,111.274648,30.696115
ermawu_T3_00400,ermawu,sim_ermawu_l3l4,不变拆真改，原汁原味加分,修旧如旧,urban_renewal,文化,0.762,Positive,pos,0.39,0.838,0.736,乐,历史街区,2026-05-03,2026-05 五一·大南门建成文旅爆满,0.537,aspect,修旧如旧,ermawu,ermawu,1,1,修旧如旧,pos,"[""修旧如旧""]",修旧如旧,防止大拆大建通知;关于持续推进城市更新行动的意见,历史街区/历史文化街区保护更新,"[[""urban_renewal"", ""文化"", ""主""], [""urban_operation"", ""文化"", ""次""]]",0.715,0,111.277448,30.693803
ermawu_T3_00401,ermawu,sim_ermawu_l3l4,文旅复苏，老街活了,文旅活力,urban_operation,事件,0.65,Very Positive,pos,0.621,0.74,0.822,乐,历史街区,2026-05-05,2026-05 五一·大南门建成文旅爆满,0.67,aspect,文旅活力,ermawu,ermawu,1,1,文旅活力,pos,"[""文旅活力""]",文旅活力,"城市更新""十五五""规划(文脉保护;文旅)",文旅品牌;节假日活动组织,"[[""urban_operation"", ""事件"", ""主""], [""urban_operation"", ""文化"", ""次""]]",0.702,1,111.282686,30.692945
ermawu_T3_00402,ermawu,sim_ermawu_l3l4,五一日均1.5万人，百年老街出圈了,文旅活力,urban_operation,事件,0.646,Very Positive,pos,0.605,0.948,0.904,乐,历史街区,2026-05-03,2026-05 五一·大南门建成文旅爆满,0.7,aspect,文旅活力,ermawu,ermawu,1,1,文旅活力,pos,"[""文旅活力""]",文旅活力,"城市更新""十五五""规划(文脉保护;文旅)",文旅品牌;节假日活动组织,"[[""urban_operation"", ""事件"", ""主""], [""urban_operation"", ""文化"", ""次""]]",0.704,1,111.277496,30.695898
ermawu_T3_00403,ermawu,sim_ermawu_l3l4,停车太难，绕三圈找不到,停车难,urban_governance,设施,0.054,Very Negative,neg,0.895,0.738,0.707,愁,历史街区,2026-05-03,2026-05 五一·大南门建成文旅爆满,0.882,aspect,停车难,ermawu,ermawu,1,1,停车难,neg,"[""停车难""]",停车难,完整社区(配套设施补齐);一刻钟生活圈,停车设施补齐;配套完善,"[[""urban_governance"", ""设施"", ""主""], [""urban_planning"", ""设施"", ""次""]]",0.709,0,111.285539,30.695091
ermawu_T3_00404,ermawu,sim_ermawu_l3l4,周边夜市烟火升腾，烧烤烤鱼小吃全有,夜经济,urban_operation,事件,0.697,Positive,pos,0.521,0.756,0.834,乐,历史街区,2026-05-01,2026-05 五一·大南门建成文旅爆满,0.678,aspect,夜经济,ermawu,ermawu,1,1,夜经济,pos,"[""夜经济""]",夜经济,"城市更新""十五五""规划(生活圈扩围;夜经济)",一刻钟便民生活圈建设;夜经济品牌培育,"[[""urban_operation"", ""事件"", ""主""], [""urban_governance"", ""事件"", ""次""]]",0.937,1,111.279796,30.695935
ermawu_T3_00405,ermawu,sim_ermawu_l3l4,夜市噪音扰民，周边住户受不了,夜经济,urban_operation,事件,0.369,Very Negative,neg,0.833,0.918,0.747,愁,历史街区,2026-05-06,2026-05 五一·大南门建成文旅爆满,0.546,aspect,夜经济,ermawu,ermawu,1,1,夜经济,neg,"[""夜经济""]",夜经济,"城市更新""十五五""规划(生活圈扩围;夜经济)",一刻钟便民生活圈建设;夜经济品牌培育,"[[""urban_operation"", ""事件"", ""主""], [""urban_governance"", ""事件"", ""次""]]",0.853,1,111.274937,30.697918
ermawu_T3_00406,ermawu,sim_ermawu_l3l4,"""宜昌""打卡墙出片，复古花墙绝了",网红打卡,urban_operation,文化,0.725,Very Positive,pos,0.378,0.759,0.739,喜,历史街区,2026-05-05,2026-05 五一·大南门建成文旅爆满,0.723,aspect,网红打卡,ermawu,ermawu,1,1,网红打卡,pos,"[""网红打卡""]",网红打卡,"城市更新""十五五""规划(文脉保护传承)",文旅IP打造;文化消费场景,"[[""urban_operation"", ""文化"", ""主""], [""urban_operation"", ""事件"", ""次""]]",0.887,0,111.279728,30.69663
ermawu_T3_00407,ermawu,sim_ermawu_l3l4,下沉广场水景配老街，拍照绝佳,网红打卡,urban_operation,文化,0.813,Positive,pos,0.455,0.859,0.749,喜,历史街区,2026-05-06,2026-05 五一·大南门建成文旅爆满,0.756,aspect,网红打卡,ermawu,ermawu,1,1,网红打卡,pos,"[""网红打卡""]",网红打卡,"城市更新""十五五""规划(文脉保护传承)",文旅IP打造;文化消费场景,"[[""urban_operation"", ""文化"", ""主""], [""urban_operation"", ""事件"", ""次""]]",0.773,0,111.279759,30.695374
ermawu_T3_00408,ermawu,sim_ermawu_l3l4,二马路修旧如旧，百年老街焕发新生,修旧如旧,urban_renewal,文化,0.638,Very Positive,pos,0.766,0.808,0.911,喜,历史街区,2026-05-07,2026-05 五一·大南门建成文旅爆满,0.693,aspect,修旧如旧,ermawu,ermawu,1,1,修旧如旧,pos,"[""修旧如旧""]",修旧如旧,防止大拆大建通知;关于持续推进城市更新行动的意见,历史街区/历史文化街区保护更新,"[[""urban_renewal"", ""文化"", ""主""], [""urban_operation"", ""文化"", ""次""]]",0.864,0,111.285469,30.692071
ermawu_T3_00409,ermawu,sim_ermawu_l3l4,夜经济让老街活了,夜经济,urban_operation,事件,0.796,Positive,pos,0.574,0.815,0.85,喜,历史街区,2026-05-06,2026-05 五一·大南门建成文旅爆满,0.416,aspect,夜经济,ermawu,ermawu,1,1,夜经济,pos,"[""夜经济""]",夜经济,"城市更新""十五五""规划(生活圈扩围;夜经济)",一刻钟便民生活圈建设;夜经济品牌培育,"[[""urban_operation"", ""事件"", ""主""], [""urban_governance"", ""事件"", ""次""]]",0.769,1,111.284849,30.69656
ermawu_T3_00410,ermawu,sim_ermawu_l3l4,周边夜市烟火升腾，烧烤烤鱼小吃全有,夜经济,urban_operation,事件,0.734,Positive,pos,0.353,0.938,0.71,喜,历史街区,2026-05-02,2026-05 五一·大南门建成文旅爆满,0.564,aspect,夜经济,ermawu,ermawu,1,1,夜经济,pos,"[""夜经济""]",夜经济,"城市更新""十五五""规划(生活圈扩围;夜经济)",一刻钟便民生活圈建设;夜经济品牌培育,"[[""urban_operation"", ""事件"", ""主""], [""urban_governance"", ""事件"", ""次""]]",0.715,1,111.281974,30.699543
ermawu_T3_00411,ermawu,sim_ermawu_l3l4,停车太难，绕三圈找不到,停车难,urban_governance,设施,0.338,Very Negative,neg,0.602,0.816,0.843,愁,历史街区,2026-05-07,2026-05 五一·大南门建成文旅爆满,0.625,aspect,停车难,ermawu,ermawu,1,1,停车难,neg,"[""停车难""]",停车难,完整社区(配套设施补齐);一刻钟生活圈,停车设施补齐;配套完善,"[[""urban_governance"", ""设施"", ""主""], [""urban_planning"", ""设施"", ""次""]]",0.885,0,111.281898,30.692251
ermawu_T3_00412,ermawu,sim_ermawu_l3l4,不大规模搬迁是对的，老街坊还在,回迁安置,urban_renewal,服务,0.694,Very Positive,pos,0.711,0.87,0.825,乐,历史街区,2026-05-03,2026-05 五一·大南门建成文旅爆满,0.744,aspect,回迁安置,ermawu,ermawu,1,1,回迁安置,pos,"[""回迁安置""]",回迁安置,防止大拆大建通知(不大规模搬迁原住民),回迁安置;原住民保留,"[[""urban_renewal"", ""服务"", ""主""], [""urban_governance"", ""服务"", ""次""]]",0.792,0,111.284581,30.692743
ermawu_T3_00413,ermawu,sim_ermawu_l3l4,不变拆真改，原汁原味加分,修旧如旧,urban_renewal,文化,0.821,Very Positive,pos,0.435,0.929,0.724,乐,历史街区,2026-05-07,2026-05 五一·大南门建成文旅爆满,0.72,aspect,修旧如旧,ermawu,ermawu,1,1,修旧如旧,pos,"[""修旧如旧""]",修旧如旧,防止大拆大建通知;关于持续推进城市更新行动的意见,历史街区/历史文化街区保护更新,"[[""urban_renewal"", ""文化"", ""主""], [""urban_operation"", ""文化"", ""次""]]",0.733,0,111.278871,30.699872
ermawu_T3_00414,ermawu,sim_ermawu_l3l4,二马路成了网红打卡地，年轻人多,网红打卡,urban_operation,文化,0.918,Very Positive,pos,0.682,0.914,0.874,乐,历史街区,2026-05-07,2026-05 五一·大南门建成文旅爆满,0.743,aspect,网红打卡,ermawu,ermawu,1,1,网红打卡,pos,"[""网红打卡""]",网红打卡,"城市更新""十五五""规划(文脉保护传承)",文旅IP打造;文化消费场景,"[[""urban_operation"", ""文化"", ""主""], [""urban_operation"", ""事件"", ""次""]]",0.777,0,111.279181,30.69786
ermawu_T3_00415,ermawu,sim_ermawu_l3l4,老建筑修得讲究，最小干预看出功夫,修旧如旧,urban_renewal,文化,0.659,Very Positive,pos,0.596,0.931,0.712,乐,历史街区,2026-05-06,2026-05 五一·大南门建成文旅爆满,0.833,aspect,修旧如旧,ermawu,ermawu,1,1,修旧如旧,pos,"[""修旧如旧""]",修旧如旧,防止大拆大建通知;关于持续推进城市更新行动的意见,历史街区/历史文化街区保护更新,"[[""urban_renewal"", ""文化"", ""主""], [""urban_operation"", ""文化"", ""次""]]",0.718,0,111.281219,30.694974
ermawu_T3_00416,ermawu,sim_ermawu_l3l4,不变拆真改，原汁原味加分,修旧如旧,urban_renewal,文化,0.884,Positive,pos,0.796,0.924,0.83,喜,历史街区,2026-05-05,2026-05 五一·大南门建成文旅爆满,0.9,aspect,修旧如旧,ermawu,ermawu,1,1,修旧如旧,pos,"[""修旧如旧""]",修旧如旧,防止大拆大建通知;关于持续推进城市更新行动的意见,历史街区/历史文化街区保护更新,"[[""urban_renewal"", ""文化"", ""主""], [""urban_operation"", ""文化"", ""次""]]",0.885,0,111.275881,30.695019
ermawu_T3_00417,ermawu,sim_ermawu_l3l4,不大规模搬迁是对的，老街坊还在,回迁安置,urban_renewal,服务,0.698,Positive,pos,0.749,0.771,0.813,乐,历史街区,2026-05-04,2026-05 五一·大南门建成文旅爆满,0.429,aspect,回迁安置,ermawu,ermawu,1,1,回迁安置,pos,"[""回迁安置""]",回迁安置,防止大拆大建通知(不大规模搬迁原住民),回迁安置;原住民保留,"[[""urban_renewal"", ""服务"", ""主""], [""urban_governance"", ""服务"", ""次""]]",0.695,0,111.281728,30.693844
ermawu_T3_00418,ermawu,sim_ermawu_l3l4,回迁安置拖很久,回迁安置,urban_renewal,服务,0.133,Very Negative,neg,0.627,0.947,0.905,愁,历史街区,2026-05-05,2026-05 五一·大南门建成文旅爆满,0.456,aspect,回迁安置,ermawu,ermawu,1,1,回迁安置,neg,"[""回迁安置""]",回迁安置,防止大拆大建通知(不大规模搬迁原住民),回迁安置;原住民保留,"[[""urban_renewal"", ""服务"", ""主""], [""urban_governance"", ""服务"", ""次""]]",0.801,0,111.279442,30.697963
ermawu_T3_00419,ermawu,sim_ermawu_l3l4,文创老店+特色美食，业态丰富,业态丰富度,urban_operation,服务,0.658,Positive,pos,0.359,0.873,0.809,喜,历史街区,2026-05-07,2026-05 五一·大南门建成文旅爆满,0.556,aspect,业态丰富度,ermawu,ermawu,1,1,业态丰富度,pos,"[""业态丰富度""]",业态丰富度,关于持续推进城市更新行动的意见(业态引导),业态多元化引导;业态调整,"[[""urban_operation"", ""服务"", ""主""], [""urban_renewal"", ""服务"", ""次""]]",0.946,0,111.282311,30.697427
ermawu_T3_00420,ermawu,sim_ermawu_l3l4,不变拆真改，原汁原味加分,修旧如旧,urban_renewal,文化,0.895,Positive,pos,0.699,0.79,0.816,乐,历史街区,2026-05-05,2026-05 五一·大南门建成文旅爆满,0.637,aspect,修旧如旧,ermawu,ermawu,1,1,修旧如旧,pos,"[""修旧如旧""]",修旧如旧,防止大拆大建通知;关于持续推进城市更新行动的意见,历史街区/历史文化街区保护更新,"[[""urban_renewal"", ""文化"", ""主""], [""urban_operation"", ""文化"", ""次""]]",0.718,0,111.282172,30.696941
ermawu_T3_00421,ermawu,sim_ermawu_l3l4,回迁满意，原样回来住着踏实,回迁安置,urban_renewal,服务,0.759,Very Positive,pos,0.525,0.874,0.723,乐,历史街区,2026-05-06,2026-05 五一·大南门建成文旅爆满,0.605,aspect,回迁安置,ermawu,ermawu,1,1,回迁安置,pos,"[""回迁安置""]",回迁安置,防止大拆大建通知(不大规模搬迁原住民),回迁安置;原住民保留,"[[""urban_renewal"", ""服务"", ""主""], [""urban_governance"", ""服务"", ""次""]]",0.888,0,111.2806,30.693286
ermawu_T3_00422,ermawu,sim_ermawu_l3l4,节假日停车地狱,停车难,urban_governance,设施,0.084,Negative,neg,0.85,0.745,0.887,哀,历史街区,2026-05-06,2026-05 五一·大南门建成文旅爆满,0.865,aspect,停车难,ermawu,ermawu,1,1,停车难,neg,"[""停车难""]",停车难,完整社区(配套设施补齐);一刻钟生活圈,停车设施补齐;配套完善,"[[""urban_governance"", ""设施"", ""主""], [""urban_planning"", ""设施"", ""次""]]",0.781,0,111.277007,30.698158
ermawu_T3_00423,ermawu,sim_ermawu_l3l4,文创老店+特色美食，业态丰富,业态丰富度,urban_operation,服务,0.927,Positive,pos,0.404,0.745,0.818,乐,历史街区,2026-05-06,2026-05 五一·大南门建成文旅爆满,0.8,aspect,业态丰富度,ermawu,ermawu,1,1,业态丰富度,pos,"[""业态丰富度""]",业态丰富度,关于持续推进城市更新行动的意见(业态引导),业态多元化引导;业态调整,"[[""urban_operation"", ""服务"", ""主""], [""urban_renewal"", ""服务"", ""次""]]",0.74,0,111.281098,30.696401
ermawu_T3_00424,ermawu,sim_ermawu_l3l4,文旅复苏，老街活了,文旅活力,urban_operation,事件,0.91,Very Positive,pos,0.475,0.912,0.889,乐,历史街区,2026-05-07,2026-05 五一·大南门建成文旅爆满,0.416,aspect,文旅活力,ermawu,ermawu,1,1,文旅活力,pos,"[""文旅活力""]",文旅活力,"城市更新""十五五""规划(文脉保护;文旅)",文旅品牌;节假日活动组织,"[[""urban_operation"", ""事件"", ""主""], [""urban_operation"", ""文化"", ""次""]]",0.905,1,111.281225,30.699897
ermawu_T3_00425,ermawu,sim_ermawu_l3l4,不大规模搬迁是对的，老街坊还在,回迁安置,urban_renewal,服务,0.801,Positive,pos,0.447,0.813,0.777,乐,历史街区,2026-05-04,2026-05 五一·大南门建成文旅爆满,0.706,aspect,回迁安置,ermawu,ermawu,1,1,回迁安置,pos,"[""回迁安置""]",回迁安置,防止大拆大建通知(不大规模搬迁原住民),回迁安置;原住民保留,"[[""urban_renewal"", ""服务"", ""主""], [""urban_governance"", ""服务"", ""次""]]",0.798,0,111.286347,30.692205
ermawu_T3_00426,ermawu,sim_ermawu_l3l4,二马路修旧如旧，百年老街焕发新生,修旧如旧,urban_renewal,文化,0.791,Positive,pos,0.461,0.82,0.834,喜,历史街区,2026-05-05,2026-05 五一·大南门建成文旅爆满,0.585,aspect,修旧如旧,ermawu,ermawu,1,1,修旧如旧,pos,"[""修旧如旧""]",修旧如旧,防止大拆大建通知;关于持续推进城市更新行动的意见,历史街区/历史文化街区保护更新,"[[""urban_renewal"", ""文化"", ""主""], [""urban_operation"", ""文化"", ""次""]]",0.751,0,111.285881,30.691869
ermawu_T3_00427,ermawu,sim_ermawu_l3l4,五一日均1.5万人，百年老街出圈了,文旅活力,urban_operation,事件,0.957,Positive,pos,0.657,0.876,0.851,乐,历史街区,2026-05-01,2026-05 五一·大南门建成文旅爆满,0.528,aspect,文旅活力,ermawu,ermawu,1,1,文旅活力,pos,"[""文旅活力""]",文旅活力,"城市更新""十五五""规划(文脉保护;文旅)",文旅品牌;节假日活动组织,"[[""urban_operation"", ""事件"", ""主""], [""urban_operation"", ""文化"", ""次""]]",0.717,1,111.284154,30.695355
ermawu_T3_00428,ermawu,sim_ermawu_l3l4,不大规模搬迁是对的，老街坊还在,回迁安置,urban_renewal,服务,0.779,Positive,pos,0.487,0.892,0.769,乐,历史街区,2026-05-07,2026-05 五一·大南门建成文旅爆满,0.486,aspect,回迁安置,ermawu,ermawu,1,1,回迁安置,pos,"[""回迁安置""]",回迁安置,防止大拆大建通知(不大规模搬迁原住民),回迁安置;原住民保留,"[[""urban_renewal"", ""服务"", ""主""], [""urban_governance"", ""服务"", ""次""]]",0.948,0,111.282905,30.690567
ermawu_T3_00429,ermawu,sim_ermawu_l3l4,小众免费出片，本地人私藏,网红打卡,urban_operation,文化,0.944,Positive,pos,0.704,0.848,0.862,喜,历史街区,2026-05-03,2026-05 五一·大南门建成文旅爆满,0.541,aspect,网红打卡,ermawu,ermawu,1,1,网红打卡,pos,"[""网红打卡""]",网红打卡,"城市更新""十五五""规划(文脉保护传承)",文旅IP打造;文化消费场景,"[[""urban_operation"", ""文化"", ""主""], [""urban_operation"", ""事件"", ""次""]]",0.721,0,111.2808,30.698471
ermawu_T3_00430,ermawu,sim_ermawu_l3l4,保留原貌真有味道，修新如旧做得好,修旧如旧,urban_renewal,文化,0.692,Positive,pos,0.436,0.795,0.856,乐,历史街区,2026-05-06,2026-05 五一·大南门建成文旅爆满,0.637,aspect,修旧如旧,ermawu,ermawu,1,1,修旧如旧,pos,"[""修旧如旧""]",修旧如旧,防止大拆大建通知;关于持续推进城市更新行动的意见,历史街区/历史文化街区保护更新,"[[""urban_renewal"", ""文化"", ""主""], [""urban_operation"", ""文化"", ""次""]]",0.7,0,111.282738,30.6966
ermawu_T3_00431,ermawu,sim_ermawu_l3l4,不变拆真改，原汁原味加分,修旧如旧,urban_renewal,文化,0.925,Very Positive,pos,0.641,0.788,0.892,乐,历史街区,2026-05-05,2026-05 五一·大南门建成文旅爆满,0.814,aspect,修旧如旧,ermawu,ermawu,1,1,修旧如旧,pos,"[""修旧如旧""]",修旧如旧,防止大拆大建通知;关于持续推进城市更新行动的意见,历史街区/历史文化街区保护更新,"[[""urban_renewal"", ""文化"", ""主""], [""urban_operation"", ""文化"", ""次""]]",0.865,0,111.284951,30.694807
ermawu_T3_00432,ermawu,sim_ermawu_l3l4,不大规模搬迁是对的，老街坊还在,回迁安置,urban_renewal,服务,0.896,Positive,pos,0.467,0.735,0.827,喜,历史街区,2026-05-03,2026-05 五一·大南门建成文旅爆满,0.758,aspect,回迁安置,ermawu,ermawu,1,1,回迁安置,pos,"[""回迁安置""]",回迁安置,防止大拆大建通知(不大规模搬迁原住民),回迁安置;原住民保留,"[[""urban_renewal"", ""服务"", ""主""], [""urban_governance"", ""服务"", ""次""]]",0.917,0,111.281829,30.697324
ermawu_T3_00433,ermawu,sim_ermawu_l3l4,业态都同质化了，走哪都一样,业态丰富度,urban_operation,服务,0.044,Very Negative,neg,0.599,0.748,0.793,怒,历史街区,2026-05-05,2026-05 五一·大南门建成文旅爆满,0.583,aspect,业态丰富度,ermawu,ermawu,1,1,业态丰富度,neg,"[""业态丰富度""]",业态丰富度,关于持续推进城市更新行动的意见(业态引导),业态多元化引导;业态调整,"[[""urban_operation"", ""服务"", ""主""], [""urban_renewal"", ""服务"", ""次""]]",0.701,0,111.280698,30.692571
ermawu_T3_00434,ermawu,sim_ermawu_l3l4,周边夜市烟火升腾，烧烤烤鱼小吃全有,夜经济,urban_operation,事件,0.848,Positive,pos,0.517,0.899,0.786,乐,历史街区,2026-05-01,2026-05 五一·大南门建成文旅爆满,0.492,aspect,夜经济,ermawu,ermawu,1,1,夜经济,pos,"[""夜经济""]",夜经济,"城市更新""十五五""规划(生活圈扩围;夜经济)",一刻钟便民生活圈建设;夜经济品牌培育,"[[""urban_operation"", ""事件"", ""主""], [""urban_governance"", ""事件"", ""次""]]",0.925,1,111.285308,30.693008
ermawu_T3_00435,ermawu,sim_ermawu_l3l4,业态都同质化了，走哪都一样,业态丰富度,urban_operation,服务,0.281,Very Negative,neg,0.749,0.756,0.805,愁,历史街区,2026-05-02,2026-05 五一·大南门建成文旅爆满,0.421,aspect,业态丰富度,ermawu,ermawu,1,1,业态丰富度,neg,"[""业态丰富度""]",业态丰富度,关于持续推进城市更新行动的意见(业态引导),业态多元化引导;业态调整,"[[""urban_operation"", ""服务"", ""主""], [""urban_renewal"", ""服务"", ""次""]]",0.734,0,111.279032,30.696663
ermawu_T3_00436,ermawu,sim_ermawu_l3l4,不变拆真改，原汁原味加分,修旧如旧,urban_renewal,文化,0.847,Positive,pos,0.362,0.804,0.857,乐,历史街区,2026-05-04,2026-05 五一·大南门建成文旅爆满,0.624,aspect,修旧如旧,ermawu,ermawu,1,1,修旧如旧,pos,"[""修旧如旧""]",修旧如旧,防止大拆大建通知;关于持续推进城市更新行动的意见,历史街区/历史文化街区保护更新,"[[""urban_renewal"", ""文化"", ""主""], [""urban_operation"", ""文化"", ""次""]]",0.751,0,111.283092,30.691394
ermawu_T3_00437,ermawu,sim_ermawu_l3l4,不变拆真改，原汁原味加分,修旧如旧,urban_renewal,文化,0.721,Positive,pos,0.4,0.775,0.917,喜,历史街区,2026-05-06,2026-05 五一·大南门建成文旅爆满,0.595,aspect,修旧如旧,ermawu,ermawu,1,1,修旧如旧,pos,"[""修旧如旧""]",修旧如旧,防止大拆大建通知;关于持续推进城市更新行动的意见,历史街区/历史文化街区保护更新,"[[""urban_renewal"", ""文化"", ""主""], [""urban_operation"", ""文化"", ""次""]]",0.761,0,111.286992,30.696617
ermawu_T3_00438,ermawu,sim_ermawu_l3l4,原住民留着，街区还活着,烟火气保留,urban_renewal,文化,0.892,Positive,pos,0.363,0.745,0.799,喜,历史街区,2026-05-03,2026-05 五一·大南门建成文旅爆满,0.769,aspect,烟火气保留,ermawu,ermawu,1,1,烟火气保留,pos,"[""烟火气保留""]",烟火气保留,防止大拆大建通知(留改拆·留底线),历史街区保护更新;社区营造,"[[""urban_renewal"", ""文化"", ""主""], [""urban_renewal"", ""环境"", ""次""]]",0.884,0,111.281126,30.693554
ermawu_T3_00439,ermawu,sim_ermawu_l3l4,打卡墙前要排队,网红打卡,urban_operation,文化,0.509,Neutral,neu,0.624,0.748,0.709,急,历史街区,2026-05-03,2026-05 五一·大南门建成文旅爆满,0.865,aspect,网红打卡,ermawu,ermawu,1,1,网红打卡,neu,"[""网红打卡""]",网红打卡,"城市更新""十五五""规划(文脉保护传承)",文旅IP打造;文化消费场景,"[[""urban_operation"", ""文化"", ""主""], [""urban_operation"", ""事件"", ""次""]]",0.707,0,111.28102,30.696312
ermawu_T3_00440,ermawu,sim_ermawu_l3l4,配套停车跟不上热度,停车难,urban_governance,设施,0.044,Negative,neg,0.733,0.811,0.908,怒,历史街区,2026-05-02,2026-05 五一·大南门建成文旅爆满,0.881,aspect,停车难,ermawu,ermawu,1,1,停车难,neg,"[""停车难""]",停车难,完整社区(配套设施补齐);一刻钟生活圈,停车设施补齐;配套完善,"[[""urban_governance"", ""设施"", ""主""], [""urban_planning"", ""设施"", ""次""]]",0.793,0,111.279494,30.698737
ermawu_T3_00441,ermawu,sim_ermawu_l3l4,五一日均1.5万人，百年老街出圈了,文旅活力,urban_operation,事件,0.919,Positive,pos,0.349,0.762,0.787,乐,历史街区,2026-05-02,2026-05 五一·大南门建成文旅爆满,0.878,aspect,文旅活力,ermawu,ermawu,1,1,文旅活力,pos,"[""文旅活力""]",文旅活力,"城市更新""十五五""规划(文脉保护;文旅)",文旅品牌;节假日活动组织,"[[""urban_operation"", ""事件"", ""主""], [""urban_operation"", ""文化"", ""次""]]",0.862,1,111.28657,30.692127
ermawu_T3_00442,ermawu,sim_ermawu_l3l4,夜幕降临热闹起来，有活力,夜经济,urban_operation,事件,0.938,Positive,pos,0.474,0.764,0.872,乐,历史街区,2026-05-05,2026-05 五一·大南门建成文旅爆满,0.827,aspect,夜经济,ermawu,ermawu,1,1,夜经济,pos,"[""夜经济""]",夜经济,"城市更新""十五五""规划(生活圈扩围;夜经济)",一刻钟便民生活圈建设;夜经济品牌培育,"[[""urban_operation"", ""事件"", ""主""], [""urban_governance"", ""事件"", ""次""]]",0.737,1,111.281155,30.691207
ermawu_T3_00443,ermawu,sim_ermawu_l3l4,回迁满意，原样回来住着踏实,回迁安置,urban_renewal,服务,0.895,Positive,pos,0.379,0.801,0.889,喜,历史街区,2026-05-05,2026-05 五一·大南门建成文旅爆满,0.561,aspect,回迁安置,ermawu,ermawu,1,1,回迁安置,pos,"[""回迁安置""]",回迁安置,防止大拆大建通知(不大规模搬迁原住民),回迁安置;原住民保留,"[[""urban_renewal"", ""服务"", ""主""], [""urban_governance"", ""服务"", ""次""]]",0.776,0,111.286461,30.695884
ermawu_T3_00444,ermawu,sim_ermawu_l3l4,老建筑修得讲究，最小干预看出功夫,修旧如旧,urban_renewal,文化,0.824,Positive,pos,0.522,0.847,0.899,乐,历史街区,2026-05-05,2026-05 五一·大南门建成文旅爆满,0.79,aspect,修旧如旧,ermawu,ermawu,1,1,修旧如旧,pos,"[""修旧如旧""]",修旧如旧,防止大拆大建通知;关于持续推进城市更新行动的意见,历史街区/历史文化街区保护更新,"[[""urban_renewal"", ""文化"", ""主""], [""urban_operation"", ""文化"", ""次""]]",0.78,0,111.281501,30.69885
ermawu_T3_00445,ermawu,sim_ermawu_l3l4,老建筑修得讲究，最小干预看出功夫,修旧如旧,urban_renewal,文化,0.831,Positive,pos,0.497,0.898,0.883,乐,历史街区,2026-05-01,2026-05 五一·大南门建成文旅爆满,0.679,aspect,修旧如旧,ermawu,ermawu,1,1,修旧如旧,pos,"[""修旧如旧""]",修旧如旧,防止大拆大建通知;关于持续推进城市更新行动的意见,历史街区/历史文化街区保护更新,"[[""urban_renewal"", ""文化"", ""主""], [""urban_operation"", ""文化"", ""次""]]",0.798,0,111.277131,30.693594
ermawu_T3_00446,ermawu,sim_ermawu_l3l4,夜幕降临热闹起来，有活力,夜经济,urban_operation,事件,0.813,Very Positive,pos,0.607,0.778,0.779,喜,历史街区,2026-05-01,2026-05 五一·大南门建成文旅爆满,0.692,aspect,夜经济,ermawu,ermawu,1,1,夜经济,pos,"[""夜经济""]",夜经济,"城市更新""十五五""规划(生活圈扩围;夜经济)",一刻钟便民生活圈建设;夜经济品牌培育,"[[""urban_operation"", ""事件"", ""主""], [""urban_governance"", ""事件"", ""次""]]",0.774,1,111.278693,30.695068
ermawu_T3_00447,ermawu,sim_ermawu_l3l4,老建筑修得讲究，最小干预看出功夫,修旧如旧,urban_renewal,文化,0.652,Very Positive,pos,0.304,0.858,0.894,喜,历史街区,2026-05-03,2026-05 五一·大南门建成文旅爆满,0.659,aspect,修旧如旧,ermawu,ermawu,1,1,修旧如旧,pos,"[""修旧如旧""]",修旧如旧,防止大拆大建通知;关于持续推进城市更新行动的意见,历史街区/历史文化街区保护更新,"[[""urban_renewal"", ""文化"", ""主""], [""urban_operation"", ""文化"", ""次""]]",0.945,0,111.277659,30.697143
ermawu_T3_00448,ermawu,sim_ermawu_l3l4,文旅复苏，老街活了,文旅活力,urban_operation,事件,0.624,Positive,pos,0.664,0.824,0.888,乐,历史街区,2026-05-01,2026-05 五一·大南门建成文旅爆满,0.516,aspect,文旅活力,ermawu,ermawu,1,1,文旅活力,pos,"[""文旅活力""]",文旅活力,"城市更新""十五五""规划(文脉保护;文旅)",文旅品牌;节假日活动组织,"[[""urban_operation"", ""事件"", ""主""], [""urban_operation"", ""文化"", ""次""]]",0.75,1,111.283905,30.696288
ermawu_T3_00449,ermawu,sim_ermawu_l3l4,夜经济周边停车更难,夜经济,urban_operation,事件,0.233,Very Negative,neg,0.669,0.945,0.919,怒,历史街区,2026-05-06,2026-05 五一·大南门建成文旅爆满,0.4,aspect,夜经济,ermawu,ermawu,1,1,夜经济,neg,"[""夜经济""]",夜经济,"城市更新""十五五""规划(生活圈扩围;夜经济)",一刻钟便民生活圈建设;夜经济品牌培育,"[[""urban_operation"", ""事件"", ""主""], [""urban_governance"", ""事件"", ""次""]]",0.906,1,111.277095,30.698954
ermawu_T3_00450,ermawu,sim_ermawu_l3l4,夜幕降临热闹起来，有活力,夜经济,urban_operation,事件,0.952,Very Positive,pos,0.67,0.894,0.818,乐,历史街区,2026-05-07,2026-05 五一·大南门建成文旅爆满,0.693,aspect,夜经济,ermawu,ermawu,1,1,夜经济,pos,"[""夜经济""]",夜经济,"城市更新""十五五""规划(生活圈扩围;夜经济)",一刻钟便民生活圈建设;夜经济品牌培育,"[[""urban_operation"", ""事件"", ""主""], [""urban_governance"", ""事件"", ""次""]]",0.785,1,111.277718,30.69818
ermawu_T3_00451,ermawu,sim_ermawu_l3l4,业态还在调整中,业态丰富度,urban_operation,服务,0.417,Neutral,neu,0.334,0.729,0.723,急,历史街区,2026-05-01,2026-05 五一·大南门建成文旅爆满,0.718,aspect,业态丰富度,ermawu,ermawu,1,1,业态丰富度,neu,"[""业态丰富度""]",业态丰富度,关于持续推进城市更新行动的意见(业态引导),业态多元化引导;业态调整,"[[""urban_operation"", ""服务"", ""主""], [""urban_renewal"", ""服务"", ""次""]]",0.895,0,111.280796,30.695634
ermawu_T3_00452,ermawu,sim_ermawu_l3l4,小众免费出片，本地人私藏,网红打卡,urban_operation,文化,0.851,Positive,pos,0.68,0.91,0.8,乐,历史街区,2026-05-02,2026-05 五一·大南门建成文旅爆满,0.728,aspect,网红打卡,ermawu,ermawu,1,1,网红打卡,pos,"[""网红打卡""]",网红打卡,"城市更新""十五五""规划(文脉保护传承)",文旅IP打造;文化消费场景,"[[""urban_operation"", ""文化"", ""主""], [""urban_operation"", ""事件"", ""次""]]",0.777,0,111.286508,30.694438
ermawu_T3_00453,ermawu,sim_ermawu_l3l4,"""宜昌""打卡墙出片，复古花墙绝了",网红打卡,urban_operation,文化,0.907,Positive,pos,0.56,0.914,0.7,喜,历史街区,2026-05-01,2026-05 五一·大南门建成文旅爆满,0.752,aspect,网红打卡,ermawu,ermawu,1,1,网红打卡,pos,"[""网红打卡""]",网红打卡,"城市更新""十五五""规划(文脉保护传承)",文旅IP打造;文化消费场景,"[[""urban_operation"", ""文化"", ""主""], [""urban_operation"", ""事件"", ""次""]]",0.758,0,111.27851,30.70105
ermawu_T3_00454,ermawu,sim_ermawu_l3l4,不变拆真改，原汁原味加分,修旧如旧,urban_renewal,文化,0.935,Positive,pos,0.666,0.92,0.84,乐,历史街区,2026-05-07,2026-05 五一·大南门建成文旅爆满,0.518,aspect,修旧如旧,ermawu,ermawu,1,1,修旧如旧,pos,"[""修旧如旧""]",修旧如旧,防止大拆大建通知;关于持续推进城市更新行动的意见,历史街区/历史文化街区保护更新,"[[""urban_renewal"", ""文化"", ""主""], [""urban_operation"", ""文化"", ""次""]]",0.811,0,111.272077,30.698345
ermawu_T3_00455,ermawu,sim_ermawu_l3l4,回迁满意，原样回来住着踏实,回迁安置,urban_renewal,服务,0.667,Positive,pos,0.663,0.797,0.906,喜,历史街区,2026-05-06,2026-05 五一·大南门建成文旅爆满,0.5,aspect,回迁安置,ermawu,ermawu,1,1,回迁安置,pos,"[""回迁安置""]",回迁安置,防止大拆大建通知(不大规模搬迁原住民),回迁安置;原住民保留,"[[""urban_renewal"", ""服务"", ""主""], [""urban_governance"", ""服务"", ""次""]]",0.784,0,111.279263,30.695376
ermawu_T3_00456,ermawu,sim_ermawu_l3l4,业态都同质化了，走哪都一样,业态丰富度,urban_operation,服务,0.292,Very Negative,neg,0.637,0.913,0.882,愁,历史街区,2026-05-07,2026-05 五一·大南门建成文旅爆满,0.776,aspect,业态丰富度,ermawu,ermawu,1,1,业态丰富度,neg,"[""业态丰富度""]",业态丰富度,关于持续推进城市更新行动的意见(业态引导),业态多元化引导;业态调整,"[[""urban_operation"", ""服务"", ""主""], [""urban_renewal"", ""服务"", ""次""]]",0.877,0,111.287585,30.696663
ermawu_T3_00457,ermawu,sim_ermawu_l3l4,既有文化味更有烟火气，难得,烟火气保留,urban_renewal,文化,0.897,Very Positive,pos,0.787,0.898,0.732,乐,历史街区,2026-05-04,2026-05 五一·大南门建成文旅爆满,0.754,aspect,烟火气保留,ermawu,ermawu,1,1,烟火气保留,pos,"[""烟火气保留""]",烟火气保留,防止大拆大建通知(留改拆·留底线),历史街区保护更新;社区营造,"[[""urban_renewal"", ""文化"", ""主""], [""urban_renewal"", ""环境"", ""次""]]",0.709,0,111.27507,30.695468
ermawu_T3_00458,ermawu,sim_ermawu_l3l4,五一日均1.5万人，百年老街出圈了,文旅活力,urban_operation,事件,0.859,Very Positive,pos,0.326,0.768,0.701,乐,历史街区,2026-05-06,2026-05 五一·大南门建成文旅爆满,0.465,aspect,文旅活力,ermawu,ermawu,1,1,文旅活力,pos,"[""文旅活力""]",文旅活力,"城市更新""十五五""规划(文脉保护;文旅)",文旅品牌;节假日活动组织,"[[""urban_operation"", ""事件"", ""主""], [""urban_operation"", ""文化"", ""次""]]",0.817,1,111.279566,30.697425
ermawu_T3_00459,ermawu,sim_ermawu_l3l4,打卡墙前要排队,网红打卡,urban_operation,文化,0.565,Neutral,neu,0.339,0.805,0.713,盼,历史街区,2026-05-02,2026-05 五一·大南门建成文旅爆满,0.889,aspect,网红打卡,ermawu,ermawu,1,1,网红打卡,neu,"[""网红打卡""]",网红打卡,"城市更新""十五五""规划(文脉保护传承)",文旅IP打造;文化消费场景,"[[""urban_operation"", ""文化"", ""主""], [""urban_operation"", ""事件"", ""次""]]",0.707,0,111.278358,30.698589
ermawu_T3_00460,ermawu,sim_ermawu_l3l4,五一日均1.5万人，百年老街出圈了,文旅活力,urban_operation,事件,0.792,Very Positive,pos,0.301,0.909,0.737,乐,历史街区,2026-05-01,2026-05 五一·大南门建成文旅爆满,0.462,aspect,文旅活力,ermawu,ermawu,1,1,文旅活力,pos,"[""文旅活力""]",文旅活力,"城市更新""十五五""规划(文脉保护;文旅)",文旅品牌;节假日活动组织,"[[""urban_operation"", ""事件"", ""主""], [""urban_operation"", ""文化"", ""次""]]",0.912,1,111.274687,30.697374
ermawu_T3_00461,ermawu,sim_ermawu_l3l4,老味道还在，没变味,烟火气保留,urban_renewal,文化,0.637,Positive,pos,0.799,0.806,0.736,乐,历史街区,2026-05-05,2026-05 五一·大南门建成文旅爆满,0.447,aspect,烟火气保留,ermawu,ermawu,1,1,烟火气保留,pos,"[""烟火气保留""]",烟火气保留,防止大拆大建通知(留改拆·留底线),历史街区保护更新;社区营造,"[[""urban_renewal"", ""文化"", ""主""], [""urban_renewal"", ""环境"", ""次""]]",0.691,0,111.278847,30.692178
ermawu_T3_00462,ermawu,sim_ermawu_l3l4,五一日均1.5万人，百年老街出圈了,文旅活力,urban_operation,事件,0.71,Positive,pos,0.497,0.794,0.863,喜,历史街区,2026-05-01,2026-05 五一·大南门建成文旅爆满,0.413,aspect,文旅活力,ermawu,ermawu,1,1,文旅活力,pos,"[""文旅活力""]",文旅活力,"城市更新""十五五""规划(文脉保护;文旅)",文旅品牌;节假日活动组织,"[[""urban_operation"", ""事件"", ""主""], [""urban_operation"", ""文化"", ""次""]]",0.85,1,111.277079,30.697557
ermawu_T3_00463,ermawu,sim_ermawu_l3l4,小众免费出片，本地人私藏,网红打卡,urban_operation,文化,0.624,Very Positive,pos,0.428,0.729,0.707,喜,历史街区,2026-05-03,2026-05 五一·大南门建成文旅爆满,0.686,aspect,网红打卡,ermawu,ermawu,1,1,网红打卡,pos,"[""网红打卡""]",网红打卡,"城市更新""十五五""规划(文脉保护传承)",文旅IP打造;文化消费场景,"[[""urban_operation"", ""文化"", ""主""], [""urban_operation"", ""事件"", ""次""]]",0.903,0,111.27566,30.695481
ermawu_T3_00464,ermawu,sim_ermawu_l3l4,下沉广场水景配老街，拍照绝佳,网红打卡,urban_operation,文化,0.779,Very Positive,pos,0.346,0.813,0.824,乐,历史街区,2026-05-03,2026-05 五一·大南门建成文旅爆满,0.65,aspect,网红打卡,ermawu,ermawu,1,1,网红打卡,pos,"[""网红打卡""]",网红打卡,"城市更新""十五五""规划(文脉保护传承)",文旅IP打造;文化消费场景,"[[""urban_operation"", ""文化"", ""主""], [""urban_operation"", ""事件"", ""次""]]",0.841,0,111.28122,30.69675
ermawu_T3_00465,ermawu,sim_ermawu_l3l4,老建筑修得讲究，最小干预看出功夫,修旧如旧,urban_renewal,文化,0.696,Very Positive,pos,0.342,0.821,0.772,喜,历史街区,2026-05-04,2026-05 五一·大南门建成文旅爆满,0.781,aspect,修旧如旧,ermawu,ermawu,1,1,修旧如旧,pos,"[""修旧如旧""]",修旧如旧,防止大拆大建通知;关于持续推进城市更新行动的意见,历史街区/历史文化街区保护更新,"[[""urban_renewal"", ""文化"", ""主""], [""urban_operation"", ""文化"", ""次""]]",0.938,0,111.279937,30.698325
ermawu_T3_00466,ermawu,sim_ermawu_l3l4,"""宜昌""打卡墙出片，复古花墙绝了",网红打卡,urban_operation,文化,0.916,Positive,pos,0.778,0.814,0.92,喜,历史街区,2026-05-03,2026-05 五一·大南门建成文旅爆满,0.422,aspect,网红打卡,ermawu,ermawu,1,1,网红打卡,pos,"[""网红打卡""]",网红打卡,"城市更新""十五五""规划(文脉保护传承)",文旅IP打造;文化消费场景,"[[""urban_operation"", ""文化"", ""主""], [""urban_operation"", ""事件"", ""次""]]",0.851,0,111.285171,30.698022
ermawu_T3_00467,ermawu,sim_ermawu_l3l4,不变拆真改，原汁原味加分,修旧如旧,urban_renewal,文化,0.672,Positive,pos,0.622,0.81,0.899,喜,历史街区,2026-05-02,2026-05 五一·大南门建成文旅爆满,0.476,aspect,修旧如旧,ermawu,ermawu,1,1,修旧如旧,pos,"[""修旧如旧""]",修旧如旧,防止大拆大建通知;关于持续推进城市更新行动的意见,历史街区/历史文化街区保护更新,"[[""urban_renewal"", ""文化"", ""主""], [""urban_operation"", ""文化"", ""次""]]",0.918,0,111.276597,30.698317
ermawu_T3_00468,ermawu,sim_ermawu_l3l4,打卡墙前要排队,网红打卡,urban_operation,文化,0.447,Neutral,neu,0.656,0.88,0.858,盼,历史街区,2026-05-06,2026-05 五一·大南门建成文旅爆满,0.606,aspect,网红打卡,ermawu,ermawu,1,1,网红打卡,neu,"[""网红打卡""]",网红打卡,"城市更新""十五五""规划(文脉保护传承)",文旅IP打造;文化消费场景,"[[""urban_operation"", ""文化"", ""主""], [""urban_operation"", ""事件"", ""次""]]",0.793,0,111.279635,30.69743
ermawu_T3_00469,ermawu,sim_ermawu_l3l4,文旅复苏，老街活了,文旅活力,urban_operation,事件,0.798,Very Positive,pos,0.341,0.939,0.797,乐,历史街区,2026-05-04,2026-05 五一·大南门建成文旅爆满,0.473,aspect,文旅活力,ermawu,ermawu,1,1,文旅活力,pos,"[""文旅活力""]",文旅活力,"城市更新""十五五""规划(文脉保护;文旅)",文旅品牌;节假日活动组织,"[[""urban_operation"", ""事件"", ""主""], [""urban_operation"", ""文化"", ""次""]]",0.78,1,111.275357,30.697699
ermawu_T3_00470,ermawu,sim_ermawu_l3l4,回迁政策还在等落实,回迁安置,urban_renewal,服务,0.517,Neutral,neu,0.393,0.857,0.858,急,历史街区,2026-05-05,2026-05 五一·大南门建成文旅爆满,0.42,aspect,回迁安置,ermawu,ermawu,1,1,回迁安置,neu,"[""回迁安置""]",回迁安置,防止大拆大建通知(不大规模搬迁原住民),回迁安置;原住民保留,"[[""urban_renewal"", ""服务"", ""主""], [""urban_governance"", ""服务"", ""次""]]",0.926,0,111.279132,30.702101
ermawu_T3_00471,ermawu,sim_ermawu_l3l4,下沉广场水景配老街，拍照绝佳,网红打卡,urban_operation,文化,0.722,Very Positive,pos,0.56,0.837,0.765,乐,历史街区,2026-05-05,2026-05 五一·大南门建成文旅爆满,0.521,aspect,网红打卡,ermawu,ermawu,1,1,网红打卡,pos,"[""网红打卡""]",网红打卡,"城市更新""十五五""规划(文脉保护传承)",文旅IP打造;文化消费场景,"[[""urban_operation"", ""文化"", ""主""], [""urban_operation"", ""事件"", ""次""]]",0.89,0,111.279495,30.701859
ermawu_T3_00472,ermawu,sim_ermawu_l3l4,回迁满意，原样回来住着踏实,回迁安置,urban_renewal,服务,0.665,Positive,pos,0.462,0.732,0.798,乐,历史街区,2026-05-07,2026-05 五一·大南门建成文旅爆满,0.593,aspect,回迁安置,ermawu,ermawu,1,1,回迁安置,pos,"[""回迁安置""]",回迁安置,防止大拆大建通知(不大规模搬迁原住民),回迁安置;原住民保留,"[[""urban_renewal"", ""服务"", ""主""], [""urban_governance"", ""服务"", ""次""]]",0.768,0,111.278198,30.696973
ermawu_T3_00473,ermawu,sim_ermawu_l3l4,烟火气这东西见仁见智,烟火气保留,urban_renewal,文化,0.572,Neutral,neu,0.679,0.769,0.868,盼,历史街区,2026-05-06,2026-05 五一·大南门建成文旅爆满,0.526,aspect,烟火气保留,ermawu,ermawu,1,1,烟火气保留,neu,"[""烟火气保留""]",烟火气保留,防止大拆大建通知(留改拆·留底线),历史街区保护更新;社区营造,"[[""urban_renewal"", ""文化"", ""主""], [""urban_renewal"", ""环境"", ""次""]]",0.878,0,111.280226,30.701318
ermawu_T3_00474,ermawu,sim_ermawu_l3l4,业态还在调整中,业态丰富度,urban_operation,服务,0.545,Neutral,neu,0.398,0.822,0.886,盼,历史街区,2026-05-03,2026-05 五一·大南门建成文旅爆满,0.606,aspect,业态丰富度,ermawu,ermawu,1,1,业态丰富度,neu,"[""业态丰富度""]",业态丰富度,关于持续推进城市更新行动的意见(业态引导),业态多元化引导;业态调整,"[[""urban_operation"", ""服务"", ""主""], [""urban_renewal"", ""服务"", ""次""]]",0.721,0,111.286113,30.69144
ermawu_T3_00475,ermawu,sim_ermawu_l3l4,停车太难，绕三圈找不到,停车难,urban_governance,设施,0.288,Very Negative,neg,0.566,0.765,0.797,哀,历史街区,2026-05-06,2026-05 五一·大南门建成文旅爆满,0.745,aspect,停车难,ermawu,ermawu,1,1,停车难,neg,"[""停车难""]",停车难,完整社区(配套设施补齐);一刻钟生活圈,停车设施补齐;配套完善,"[[""urban_governance"", ""设施"", ""主""], [""urban_planning"", ""设施"", ""次""]]",0.74,0,111.28072,30.695516
ermawu_T3_00476,ermawu,sim_ermawu_l3l4,老味道还在，没变味,烟火气保留,urban_renewal,文化,0.827,Positive,pos,0.41,0.759,0.897,乐,历史街区,2026-05-05,2026-05 五一·大南门建成文旅爆满,0.427,aspect,烟火气保留,ermawu,ermawu,1,1,烟火气保留,pos,"[""烟火气保留""]",烟火气保留,防止大拆大建通知(留改拆·留底线),历史街区保护更新;社区营造,"[[""urban_renewal"", ""文化"", ""主""], [""urban_renewal"", ""环境"", ""次""]]",0.939,0,111.275871,30.698475
ermawu_T3_00477,ermawu,sim_ermawu_l3l4,烟火气这东西见仁见智,烟火气保留,urban_renewal,文化,0.505,Neutral,neu,0.556,0.925,0.772,急,历史街区,2026-05-05,2026-05 五一·大南门建成文旅爆满,0.423,aspect,烟火气保留,ermawu,ermawu,1,1,烟火气保留,neu,"[""烟火气保留""]",烟火气保留,防止大拆大建通知(留改拆·留底线),历史街区保护更新;社区营造,"[[""urban_renewal"", ""文化"", ""主""], [""urban_renewal"", ""环境"", ""次""]]",0.795,0,111.280614,30.697165
ermawu_T3_00478,ermawu,sim_ermawu_l3l4,开街垃圾满地没人扫,垃圾秩序,urban_governance,环境,0.34,Negative,neg,0.597,0.863,0.873,哀,历史街区,2026-05-06,2026-05 五一·大南门建成文旅爆满,0.605,aspect,垃圾秩序,ermawu,ermawu,1,1,垃圾秩序,neg,"[""垃圾秩序""]",垃圾秩序,城市更新行动意见(市容治理),市容环境治理;垃圾分类,"[[""urban_governance"", ""环境"", ""主""], [""urban_governance"", ""服务"", ""次""]]",0.714,0,111.28692,30.697842
ermawu_T3_00479,ermawu,sim_ermawu_l3l4,原住民迁走，没了生活气,烟火气保留,urban_renewal,文化,0.332,Negative,neg,0.947,0.86,0.772,哀,历史街区,2026-05-06,2026-05 五一·大南门建成文旅爆满,0.761,aspect,烟火气保留,ermawu,ermawu,1,1,烟火气保留,neg,"[""烟火气保留""]",烟火气保留,防止大拆大建通知(留改拆·留底线),历史街区保护更新;社区营造,"[[""urban_renewal"", ""文化"", ""主""], [""urban_renewal"", ""环境"", ""次""]]",0.802,0,111.280576,30.693232
ermawu_T3_00480,ermawu,sim_ermawu_l3l4,不变拆真改，原汁原味加分,修旧如旧,urban_renewal,文化,0.681,Very Positive,pos,0.656,0.736,0.864,乐,历史街区,2026-05-05,2026-05 五一·大南门建成文旅爆满,0.739,aspect,修旧如旧,ermawu,ermawu,1,1,修旧如旧,pos,"[""修旧如旧""]",修旧如旧,防止大拆大建通知;关于持续推进城市更新行动的意见,历史街区/历史文化街区保护更新,"[[""urban_renewal"", ""文化"", ""主""], [""urban_operation"", ""文化"", ""次""]]",0.712,0,111.280263,30.696494
ermawu_T3_00481,ermawu,sim_ermawu_l3l4,五一日均1.5万人，百年老街出圈了,文旅活力,urban_operation,事件,0.778,Positive,pos,0.593,0.787,0.763,乐,历史街区,2026-05-06,2026-05 五一·大南门建成文旅爆满,0.643,aspect,文旅活力,ermawu,ermawu,1,1,文旅活力,pos,"[""文旅活力""]",文旅活力,"城市更新""十五五""规划(文脉保护;文旅)",文旅品牌;节假日活动组织,"[[""urban_operation"", ""事件"", ""主""], [""urban_operation"", ""文化"", ""次""]]",0.88,1,111.278608,30.702545
ermawu_T3_00482,ermawu,sim_ermawu_l3l4,节假日停车地狱,停车难,urban_governance,设施,0.146,Negative,neg,0.94,0.894,0.838,愁,历史街区,2026-05-01,2026-05 五一·大南门建成文旅爆满,0.666,aspect,停车难,ermawu,ermawu,1,1,停车难,neg,"[""停车难""]",停车难,完整社区(配套设施补齐);一刻钟生活圈,停车设施补齐;配套完善,"[[""urban_governance"", ""设施"", ""主""], [""urban_planning"", ""设施"", ""次""]]",0.808,0,111.280998,30.694666
ermawu_T3_00483,ermawu,sim_ermawu_l3l4,"""宜昌""打卡墙出片，复古花墙绝了",网红打卡,urban_operation,文化,0.824,Positive,pos,0.383,0.739,0.909,乐,历史街区,2026-05-07,2026-05 五一·大南门建成文旅爆满,0.643,aspect,网红打卡,ermawu,ermawu,1,1,网红打卡,pos,"[""网红打卡""]",网红打卡,"城市更新""十五五""规划(文脉保护传承)",文旅IP打造;文化消费场景,"[[""urban_operation"", ""文化"", ""主""], [""urban_operation"", ""事件"", ""次""]]",0.888,0,111.286138,30.69594
ermawu_T3_00484,ermawu,sim_ermawu_l3l4,五一10万人，体验拉胯,文旅活力,urban_operation,事件,0.1,Negative,neg,0.897,0.837,0.911,哀,历史街区,2026-05-05,2026-05 五一·大南门建成文旅爆满,0.547,aspect,文旅活力,ermawu,ermawu,1,1,文旅活力,neg,"[""文旅活力""]",文旅活力,"城市更新""十五五""规划(文脉保护;文旅)",文旅品牌;节假日活动组织,"[[""urban_operation"", ""事件"", ""主""], [""urban_operation"", ""文化"", ""次""]]",0.851,1,111.28586,30.693522
ermawu_T3_00485,ermawu,sim_ermawu_l3l4,不变拆真改，原汁原味加分,修旧如旧,urban_renewal,文化,0.726,Very Positive,pos,0.342,0.804,0.886,乐,历史街区,2026-05-05,2026-05 五一·大南门建成文旅爆满,0.479,aspect,修旧如旧,ermawu,ermawu,1,1,修旧如旧,pos,"[""修旧如旧""]",修旧如旧,防止大拆大建通知;关于持续推进城市更新行动的意见,历史街区/历史文化街区保护更新,"[[""urban_renewal"", ""文化"", ""主""], [""urban_operation"", ""文化"", ""次""]]",0.773,0,111.283848,30.693565
ermawu_T3_00486,ermawu,sim_ermawu_l3l4,施工快收尾了，忍忍,施工扰民,urban_governance,环境,0.424,Neutral,neu,0.565,0.782,0.797,急,历史街区,2026-05-03,2026-05 五一·大南门建成文旅爆满,0.585,aspect,施工扰民,ermawu,ermawu,1,1,施工扰民,neu,"[""施工扰民""]",施工扰民,城市体检评估管理办法(施工期扰民),老旧小区改造;施工组织优化,"[[""urban_governance"", ""环境"", ""主""], [""urban_renewal"", ""设施"", ""次""]]",0.727,0,111.275403,30.700139
ermawu_T3_00487,ermawu,sim_ermawu_l3l4,不变拆真改，原汁原味加分,修旧如旧,urban_renewal,文化,0.673,Very Positive,pos,0.683,0.781,0.718,喜,历史街区,2026-05-05,2026-05 五一·大南门建成文旅爆满,0.687,aspect,修旧如旧,ermawu,ermawu,1,1,修旧如旧,pos,"[""修旧如旧""]",修旧如旧,防止大拆大建通知;关于持续推进城市更新行动的意见,历史街区/历史文化街区保护更新,"[[""urban_renewal"", ""文化"", ""主""], [""urban_operation"", ""文化"", ""次""]]",0.786,0,111.277058,30.696333
ermawu_T3_00488,ermawu,sim_ermawu_l3l4,业态单一，逛一次就够,业态丰富度,urban_operation,服务,0.286,Negative,neg,0.944,0.785,0.859,哀,历史街区,2026-05-05,2026-05 五一·大南门建成文旅爆满,0.428,aspect,业态丰富度,ermawu,ermawu,1,1,业态丰富度,neg,"[""业态丰富度""]",业态丰富度,关于持续推进城市更新行动的意见(业态引导),业态多元化引导;业态调整,"[[""urban_operation"", ""服务"", ""主""], [""urban_renewal"", ""服务"", ""次""]]",0.824,0,111.280875,30.694074
ermawu_T3_00489,ermawu,sim_ermawu_l3l4,文旅复苏，老街活了,文旅活力,urban_operation,事件,0.778,Positive,pos,0.33,0.854,0.782,喜,历史街区,2026-05-02,2026-05 五一·大南门建成文旅爆满,0.897,aspect,文旅活力,ermawu,ermawu,1,1,文旅活力,pos,"[""文旅活力""]",文旅活力,"城市更新""十五五""规划(文脉保护;文旅)",文旅品牌;节假日活动组织,"[[""urban_operation"", ""事件"", ""主""], [""urban_operation"", ""文化"", ""次""]]",0.741,1,111.278296,30.695906
ermawu_T3_00490,ermawu,sim_ermawu_l3l4,"""宜昌""打卡墙出片，复古花墙绝了",网红打卡,urban_operation,文化,0.924,Very Positive,pos,0.539,0.778,0.74,乐,历史街区,2026-05-07,2026-05 五一·大南门建成文旅爆满,0.479,aspect,网红打卡,ermawu,ermawu,1,1,网红打卡,pos,"[""网红打卡""]",网红打卡,"城市更新""十五五""规划(文脉保护传承)",文旅IP打造;文化消费场景,"[[""urban_operation"", ""文化"", ""主""], [""urban_operation"", ""事件"", ""次""]]",0.847,0,111.277121,30.695815
ermawu_T3_00491,ermawu,sim_ermawu_l3l4,保留原貌真有味道，修新如旧做得好,修旧如旧,urban_renewal,文化,0.807,Positive,pos,0.56,0.759,0.887,乐,历史街区,2026-05-04,2026-05 五一·大南门建成文旅爆满,0.636,aspect,修旧如旧,ermawu,ermawu,1,1,修旧如旧,pos,"[""修旧如旧""]",修旧如旧,防止大拆大建通知;关于持续推进城市更新行动的意见,历史街区/历史文化街区保护更新,"[[""urban_renewal"", ""文化"", ""主""], [""urban_operation"", ""文化"", ""次""]]",0.7,0,111.280661,30.693447
ermawu_T3_00492,ermawu,sim_ermawu_l3l4,开街后人气回来了，热闹得像过年,文旅活力,urban_operation,事件,0.833,Very Positive,pos,0.636,0.902,0.827,喜,历史街区,2026-05-07,2026-05 五一·大南门建成文旅爆满,0.449,aspect,文旅活力,ermawu,ermawu,1,1,文旅活力,pos,"[""文旅活力""]",文旅活力,"城市更新""十五五""规划(文脉保护;文旅)",文旅品牌;节假日活动组织,"[[""urban_operation"", ""事件"", ""主""], [""urban_operation"", ""文化"", ""次""]]",0.696,1,111.283617,30.697898
ermawu_T3_00493,ermawu,sim_ermawu_l3l4,开街后人气回来了，热闹得像过年,文旅活力,urban_operation,事件,0.78,Very Positive,pos,0.407,0.829,0.817,乐,历史街区,2026-05-04,2026-05 五一·大南门建成文旅爆满,0.836,aspect,文旅活力,ermawu,ermawu,1,1,文旅活力,pos,"[""文旅活力""]",文旅活力,"城市更新""十五五""规划(文脉保护;文旅)",文旅品牌;节假日活动组织,"[[""urban_operation"", ""事件"", ""主""], [""urban_operation"", ""文化"", ""次""]]",0.843,1,111.275048,30.697586
ermawu_T3_00494,ermawu,sim_ermawu_l3l4,不大规模搬迁是对的，老街坊还在,回迁安置,urban_renewal,服务,0.662,Very Positive,pos,0.635,0.849,0.769,喜,历史街区,2026-05-07,2026-05 五一·大南门建成文旅爆满,0.569,aspect,回迁安置,ermawu,ermawu,1,1,回迁安置,pos,"[""回迁安置""]",回迁安置,防止大拆大建通知(不大规模搬迁原住民),回迁安置;原住民保留,"[[""urban_renewal"", ""服务"", ""主""], [""urban_governance"", ""服务"", ""次""]]",0.764,0,111.287858,30.692727
ermawu_T3_00495,ermawu,sim_ermawu_l3l4,文旅复苏，老街活了,文旅活力,urban_operation,事件,0.782,Positive,pos,0.511,0.749,0.826,乐,历史街区,2026-05-03,2026-05 五一·大南门建成文旅爆满,0.598,aspect,文旅活力,ermawu,ermawu,1,1,文旅活力,pos,"[""文旅活力""]",文旅活力,"城市更新""十五五""规划(文脉保护;文旅)",文旅品牌;节假日活动组织,"[[""urban_operation"", ""事件"", ""主""], [""urban_operation"", ""文化"", ""次""]]",0.942,1,111.27968,30.696474
ermawu_T3_00496,ermawu,sim_ermawu_l3l4,盼着开街呢，老街改造进度有点慢,文旅活力,urban_operation,事件,0.437,Neutral,neu,0.501,0.897,0.761,急,历史街区,2026-05-04,2026-05 五一·大南门建成文旅爆满,0.737,aspect,文旅活力,ermawu,ermawu,1,1,文旅活力,neu,"[""文旅活力""]",文旅活力,"城市更新""十五五""规划(文脉保护;文旅)",文旅品牌;节假日活动组织,"[[""urban_operation"", ""事件"", ""主""], [""urban_operation"", ""文化"", ""次""]]",0.803,1,111.276549,30.698749
ermawu_T3_00497,ermawu,sim_ermawu_l3l4,小众免费出片，本地人私藏,网红打卡,urban_operation,文化,0.701,Very Positive,pos,0.741,0.873,0.92,乐,历史街区,2026-05-02,2026-05 五一·大南门建成文旅爆满,0.547,aspect,网红打卡,ermawu,ermawu,1,1,网红打卡,pos,"[""网红打卡""]",网红打卡,"城市更新""十五五""规划(文脉保护传承)",文旅IP打造;文化消费场景,"[[""urban_operation"", ""文化"", ""主""], [""urban_operation"", ""事件"", ""次""]]",0.78,0,111.2854,30.691731
ermawu_T3_00498,ermawu,sim_ermawu_l3l4,二马路修旧如旧，百年老街焕发新生,修旧如旧,urban_renewal,文化,0.688,Very Positive,pos,0.711,0.8,0.732,乐,历史街区,2026-05-06,2026-05 五一·大南门建成文旅爆满,0.809,aspect,修旧如旧,ermawu,ermawu,1,1,修旧如旧,pos,"[""修旧如旧""]",修旧如旧,防止大拆大建通知;关于持续推进城市更新行动的意见,历史街区/历史文化街区保护更新,"[[""urban_renewal"", ""文化"", ""主""], [""urban_operation"", ""文化"", ""次""]]",0.938,0,111.275597,30.695171
ermawu_T3_00499,ermawu,sim_ermawu_l3l4,二马路成了网红打卡地，年轻人多,网红打卡,urban_operation,文化,0.644,Very Positive,pos,0.526,0.809,0.856,乐,历史街区,2026-05-04,2026-05 五一·大南门建成文旅爆满,0.694,aspect,网红打卡,ermawu,ermawu,1,1,网红打卡,pos,"[""网红打卡""]",网红打卡,"城市更新""十五五""规划(文脉保护传承)",文旅IP打造;文化消费场景,"[[""urban_operation"", ""文化"", ""主""], [""urban_operation"", ""事件"", ""次""]]",0.895,0,111.282696,30.693491
ermawu_T3_00500,ermawu,sim_ermawu_l3l4,开街后人气回来了，热闹得像过年,文旅活力,urban_operation,事件,0.842,Positive,pos,0.467,0.825,0.756,乐,历史街区,2026-05-02,2026-05 五一·大南门建成文旅爆满,0.613,aspect,文旅活力,ermawu,ermawu,1,1,文旅活力,pos,"[""文旅活力""]",文旅活力,"城市更新""十五五""规划(文脉保护;文旅)",文旅品牌;节假日活动组织,"[[""urban_operation"", ""事件"", ""主""], [""urban_operation"", ""文化"", ""次""]]",0.809,1,111.275712,30.698512
ermawu_T3_00501,ermawu,sim_ermawu_l3l4,夜经济让老街活了,夜经济,urban_operation,事件,0.862,Positive,pos,0.796,0.758,0.732,喜,历史街区,2026-05-06,2026-05 五一·大南门建成文旅爆满,0.783,aspect,夜经济,ermawu,ermawu,1,1,夜经济,pos,"[""夜经济""]",夜经济,"城市更新""十五五""规划(生活圈扩围;夜经济)",一刻钟便民生活圈建设;夜经济品牌培育,"[[""urban_operation"", ""事件"", ""主""], [""urban_governance"", ""事件"", ""次""]]",0.756,1,111.282946,30.691915
ermawu_T3_00502,ermawu,sim_ermawu_l3l4,周边夜市烟火升腾，烧烤烤鱼小吃全有,夜经济,urban_operation,事件,0.91,Very Positive,pos,0.581,0.944,0.752,乐,历史街区,2026-05-01,2026-05 五一·大南门建成文旅爆满,0.894,aspect,夜经济,ermawu,ermawu,1,1,夜经济,pos,"[""夜经济""]",夜经济,"城市更新""十五五""规划(生活圈扩围;夜经济)",一刻钟便民生活圈建设;夜经济品牌培育,"[[""urban_operation"", ""事件"", ""主""], [""urban_governance"", ""事件"", ""次""]]",0.692,1,111.278149,30.699613
ermawu_T3_00503,ermawu,sim_ermawu_l3l4,小众免费出片，本地人私藏,网红打卡,urban_operation,文化,0.709,Positive,pos,0.538,0.811,0.778,乐,历史街区,2026-05-06,2026-05 五一·大南门建成文旅爆满,0.522,aspect,网红打卡,ermawu,ermawu,1,1,网红打卡,pos,"[""网红打卡""]",网红打卡,"城市更新""十五五""规划(文脉保护传承)",文旅IP打造;文化消费场景,"[[""urban_operation"", ""文化"", ""主""], [""urban_operation"", ""事件"", ""次""]]",0.734,0,111.281919,30.690512
ermawu_T3_00504,ermawu,sim_ermawu_l3l4,二马路成了网红打卡地，年轻人多,网红打卡,urban_operation,文化,0.687,Very Positive,pos,0.423,0.945,0.727,喜,历史街区,2026-05-06,2026-05 五一·大南门建成文旅爆满,0.862,aspect,网红打卡,ermawu,ermawu,1,1,网红打卡,pos,"[""网红打卡""]",网红打卡,"城市更新""十五五""规划(文脉保护传承)",文旅IP打造;文化消费场景,"[[""urban_operation"", ""文化"", ""主""], [""urban_operation"", ""事件"", ""次""]]",0.78,0,111.280552,30.691139
ermawu_T3_00505,ermawu,sim_ermawu_l3l4,保留原貌真有味道，修新如旧做得好,修旧如旧,urban_renewal,文化,0.956,Positive,pos,0.678,0.786,0.742,喜,历史街区,2026-05-03,2026-05 五一·大南门建成文旅爆满,0.566,aspect,修旧如旧,ermawu,ermawu,1,1,修旧如旧,pos,"[""修旧如旧""]",修旧如旧,防止大拆大建通知;关于持续推进城市更新行动的意见,历史街区/历史文化街区保护更新,"[[""urban_renewal"", ""文化"", ""主""], [""urban_operation"", ""文化"", ""次""]]",0.792,0,111.278457,30.693095
ermawu_T3_00506,ermawu,sim_ermawu_l3l4,保留原貌真有味道，修新如旧做得好,修旧如旧,urban_renewal,文化,0.425,Neutral,neu,0.72,0.772,0.722,盼,历史街区,2026-05-01,2026-05 五一·大南门建成文旅爆满,0.834,aspect,修旧如旧,ermawu,ermawu,1,1,修旧如旧,neu,"[""修旧如旧""]",修旧如旧,防止大拆大建通知;关于持续推进城市更新行动的意见,历史街区/历史文化街区保护更新,"[[""urban_renewal"", ""文化"", ""主""], [""urban_operation"", ""文化"", ""次""]]",0.875,0,111.281529,30.69518
ermawu_T3_00507,ermawu,sim_ermawu_l3l4,老建筑修得讲究，最小干预看出功夫,修旧如旧,urban_renewal,文化,0.93,Positive,pos,0.446,0.911,0.719,乐,历史街区,2026-05-03,2026-05 五一·大南门建成文旅爆满,0.43,aspect,修旧如旧,ermawu,ermawu,1,1,修旧如旧,pos,"[""修旧如旧""]",修旧如旧,防止大拆大建通知;关于持续推进城市更新行动的意见,历史街区/历史文化街区保护更新,"[[""urban_renewal"", ""文化"", ""主""], [""urban_operation"", ""文化"", ""次""]]",0.769,0,111.279032,30.701691
ermawu_T3_00508,ermawu,sim_ermawu_l3l4,五一日均1.5万人，百年老街出圈了,文旅活力,urban_operation,事件,0.66,Very Positive,pos,0.568,0.78,0.705,喜,历史街区,2026-05-06,2026-05 五一·大南门建成文旅爆满,0.758,aspect,文旅活力,ermawu,ermawu,1,1,文旅活力,pos,"[""文旅活力""]",文旅活力,"城市更新""十五五""规划(文脉保护;文旅)",文旅品牌;节假日活动组织,"[[""urban_operation"", ""事件"", ""主""], [""urban_operation"", ""文化"", ""次""]]",0.931,1,111.275354,30.69866
ermawu_T3_00509,ermawu,sim_ermawu_l3l4,二马路修旧如旧，百年老街焕发新生,修旧如旧,urban_renewal,文化,0.442,Neutral,neu,0.566,0.756,0.743,急,历史街区,2026-05-04,2026-05 五一·大南门建成文旅爆满,0.863,aspect,修旧如旧,ermawu,ermawu,1,1,修旧如旧,neu,"[""修旧如旧""]",修旧如旧,防止大拆大建通知;关于持续推进城市更新行动的意见,历史街区/历史文化街区保护更新,"[[""urban_renewal"", ""文化"", ""主""], [""urban_operation"", ""文化"", ""次""]]",0.783,0,111.287461,30.693815
ermawu_T3_00510,ermawu,sim_ermawu_l3l4,保留原貌真有味道，修新如旧做得好,修旧如旧,urban_renewal,文化,0.844,Positive,pos,0.762,0.925,0.881,乐,历史街区,2026-05-05,2026-05 五一·大南门建成文旅爆满,0.632,aspect,修旧如旧,ermawu,ermawu,1,1,修旧如旧,pos,"[""修旧如旧""]",修旧如旧,防止大拆大建通知;关于持续推进城市更新行动的意见,历史街区/历史文化街区保护更新,"[[""urban_renewal"", ""文化"", ""主""], [""urban_operation"", ""文化"", ""次""]]",0.786,0,111.279593,30.701078
ermawu_T3_00511,ermawu,sim_ermawu_l3l4,开街后人气回来了，热闹得像过年,文旅活力,urban_operation,事件,0.886,Positive,pos,0.646,0.838,0.721,喜,历史街区,2026-05-05,2026-05 五一·大南门建成文旅爆满,0.899,aspect,文旅活力,ermawu,ermawu,1,1,文旅活力,pos,"[""文旅活力""]",文旅活力,"城市更新""十五五""规划(文脉保护;文旅)",文旅品牌;节假日活动组织,"[[""urban_operation"", ""事件"", ""主""], [""urban_operation"", ""文化"", ""次""]]",0.721,1,111.28637,30.693707
ermawu_T3_00512,ermawu,sim_ermawu_l3l4,打卡墙前要排队,网红打卡,urban_operation,文化,0.412,Neutral,neu,0.39,0.913,0.725,盼,历史街区,2026-05-01,2026-05 五一·大南门建成文旅爆满,0.601,aspect,网红打卡,ermawu,ermawu,1,1,网红打卡,neu,"[""网红打卡""]",网红打卡,"城市更新""十五五""规划(文脉保护传承)",文旅IP打造;文化消费场景,"[[""urban_operation"", ""文化"", ""主""], [""urban_operation"", ""事件"", ""次""]]",0.885,0,111.275384,30.699498
ermawu_T3_00513,ermawu,sim_ermawu_l3l4,下沉广场水景配老街，拍照绝佳,网红打卡,urban_operation,文化,0.759,Positive,pos,0.631,0.865,0.767,喜,历史街区,2026-05-01,2026-05 五一·大南门建成文旅爆满,0.615,aspect,网红打卡,ermawu,ermawu,1,1,网红打卡,pos,"[""网红打卡""]",网红打卡,"城市更新""十五五""规划(文脉保护传承)",文旅IP打造;文化消费场景,"[[""urban_operation"", ""文化"", ""主""], [""urban_operation"", ""事件"", ""次""]]",0.892,0,111.279257,30.696596
ermawu_T3_00514,ermawu,sim_ermawu_l3l4,配套停车跟不上热度,停车难,urban_governance,设施,0.28,Very Negative,neg,0.798,0.79,0.7,怒,历史街区,2026-05-05,2026-05 五一·大南门建成文旅爆满,0.868,aspect,停车难,ermawu,ermawu,1,1,停车难,neg,"[""停车难""]",停车难,完整社区(配套设施补齐);一刻钟生活圈,停车设施补齐;配套完善,"[[""urban_governance"", ""设施"", ""主""], [""urban_planning"", ""设施"", ""次""]]",0.87,0,111.284086,30.692177
ermawu_T3_00515,ermawu,sim_ermawu_l3l4,不变拆真改，原汁原味加分,修旧如旧,urban_renewal,文化,0.893,Positive,pos,0.35,0.83,0.892,喜,历史街区,2026-05-03,2026-05 五一·大南门建成文旅爆满,0.837,aspect,修旧如旧,ermawu,ermawu,1,1,修旧如旧,pos,"[""修旧如旧""]",修旧如旧,防止大拆大建通知;关于持续推进城市更新行动的意见,历史街区/历史文化街区保护更新,"[[""urban_renewal"", ""文化"", ""主""], [""urban_operation"", ""文化"", ""次""]]",0.831,0,111.282084,30.695477
ermawu_T3_00516,ermawu,sim_ermawu_l3l4,文旅复苏，老街活了,文旅活力,urban_operation,事件,0.956,Very Positive,pos,0.41,0.877,0.708,喜,历史街区,2026-05-07,2026-05 五一·大南门建成文旅爆满,0.582,aspect,文旅活力,ermawu,ermawu,1,1,文旅活力,pos,"[""文旅活力""]",文旅活力,"城市更新""十五五""规划(文脉保护;文旅)",文旅品牌;节假日活动组织,"[[""urban_operation"", ""事件"", ""主""], [""urban_operation"", ""文化"", ""次""]]",0.749,1,111.281096,30.695009
ermawu_T3_00517,ermawu,sim_ermawu_l3l4,不变拆真改，原汁原味加分,修旧如旧,urban_renewal,文化,0.72,Very Positive,pos,0.662,0.764,0.896,乐,历史街区,2026-05-01,2026-05 五一·大南门建成文旅爆满,0.548,aspect,修旧如旧,ermawu,ermawu,1,1,修旧如旧,pos,"[""修旧如旧""]",修旧如旧,防止大拆大建通知;关于持续推进城市更新行动的意见,历史街区/历史文化街区保护更新,"[[""urban_renewal"", ""文化"", ""主""], [""urban_operation"", ""文化"", ""次""]]",0.781,0,111.280603,30.696882
ermawu_T3_00518,ermawu,sim_ermawu_l3l4,开街后人气回来了，热闹得像过年,文旅活力,urban_operation,事件,0.731,Positive,pos,0.703,0.747,0.904,喜,历史街区,2026-05-02,2026-05 五一·大南门建成文旅爆满,0.87,aspect,文旅活力,ermawu,ermawu,1,1,文旅活力,pos,"[""文旅活力""]",文旅活力,"城市更新""十五五""规划(文脉保护;文旅)",文旅品牌;节假日活动组织,"[[""urban_operation"", ""事件"", ""主""], [""urban_operation"", ""文化"", ""次""]]",0.814,1,111.278965,30.697931
ermawu_T3_00519,ermawu,sim_ermawu_l3l4,五一日均1.5万人，百年老街出圈了,文旅活力,urban_operation,事件,0.818,Very Positive,pos,0.389,0.753,0.828,喜,历史街区,2026-05-02,2026-05 五一·大南门建成文旅爆满,0.799,aspect,文旅活力,ermawu,ermawu,1,1,文旅活力,pos,"[""文旅活力""]",文旅活力,"城市更新""十五五""规划(文脉保护;文旅)",文旅品牌;节假日活动组织,"[[""urban_operation"", ""事件"", ""主""], [""urban_operation"", ""文化"", ""次""]]",0.697,1,111.279193,30.694362
ermawu_T3_00520,ermawu,sim_ermawu_l3l4,老建筑修得讲究，最小干预看出功夫,修旧如旧,urban_renewal,文化,0.875,Very Positive,pos,0.377,0.811,0.87,乐,历史街区,2026-05-02,2026-05 五一·大南门建成文旅爆满,0.878,aspect,修旧如旧,ermawu,ermawu,1,1,修旧如旧,pos,"[""修旧如旧""]",修旧如旧,防止大拆大建通知;关于持续推进城市更新行动的意见,历史街区/历史文化街区保护更新,"[[""urban_renewal"", ""文化"", ""主""], [""urban_operation"", ""文化"", ""次""]]",0.807,0,111.282125,30.690578
ermawu_T3_00521,ermawu,sim_ermawu_l3l4,老味道还在，没变味,烟火气保留,urban_renewal,文化,0.87,Very Positive,pos,0.539,0.723,0.812,乐,历史街区,2026-05-02,2026-05 五一·大南门建成文旅爆满,0.775,aspect,烟火气保留,ermawu,ermawu,1,1,烟火气保留,pos,"[""烟火气保留""]",烟火气保留,防止大拆大建通知(留改拆·留底线),历史街区保护更新;社区营造,"[[""urban_renewal"", ""文化"", ""主""], [""urban_renewal"", ""环境"", ""次""]]",0.78,0,111.276289,30.695176
ermawu_T3_00522,ermawu,sim_ermawu_l3l4,保留原貌真有味道，修新如旧做得好,修旧如旧,urban_renewal,文化,0.95,Positive,pos,0.473,0.821,0.807,乐,历史街区,2026-05-02,2026-05 五一·大南门建成文旅爆满,0.584,aspect,修旧如旧,ermawu,ermawu,1,1,修旧如旧,pos,"[""修旧如旧""]",修旧如旧,防止大拆大建通知;关于持续推进城市更新行动的意见,历史街区/历史文化街区保护更新,"[[""urban_renewal"", ""文化"", ""主""], [""urban_operation"", ""文化"", ""次""]]",0.684,0,111.276727,30.693794
ermawu_T3_00523,ermawu,sim_ermawu_l3l4,文创老店+特色美食，业态丰富,业态丰富度,urban_operation,服务,0.704,Very Positive,pos,0.676,0.763,0.892,乐,历史街区,2026-05-04,2026-05 五一·大南门建成文旅爆满,0.709,aspect,业态丰富度,ermawu,ermawu,1,1,业态丰富度,pos,"[""业态丰富度""]",业态丰富度,关于持续推进城市更新行动的意见(业态引导),业态多元化引导;业态调整,"[[""urban_operation"", ""服务"", ""主""], [""urban_renewal"", ""服务"", ""次""]]",0.845,0,111.282871,30.692281
ermawu_T3_00524,ermawu,sim_ermawu_l3l4,连锁店太多，没特色,业态丰富度,urban_operation,服务,0.089,Negative,neg,0.744,0.852,0.856,怒,历史街区,2026-05-03,2026-05 五一·大南门建成文旅爆满,0.473,aspect,业态丰富度,ermawu,ermawu,1,1,业态丰富度,neg,"[""业态丰富度""]",业态丰富度,关于持续推进城市更新行动的意见(业态引导),业态多元化引导;业态调整,"[[""urban_operation"", ""服务"", ""主""], [""urban_renewal"", ""服务"", ""次""]]",0.852,0,111.282516,30.696197
ermawu_T3_00525,ermawu,sim_ermawu_l3l4,不变拆真改，原汁原味加分,修旧如旧,urban_renewal,文化,0.808,Very Positive,pos,0.499,0.943,0.713,喜,历史街区,2026-05-07,2026-05 五一·大南门建成文旅爆满,0.881,aspect,修旧如旧,ermawu,ermawu,1,1,修旧如旧,pos,"[""修旧如旧""]",修旧如旧,防止大拆大建通知;关于持续推进城市更新行动的意见,历史街区/历史文化街区保护更新,"[[""urban_renewal"", ""文化"", ""主""], [""urban_operation"", ""文化"", ""次""]]",0.891,0,111.276608,30.701976
ermawu_T3_00526,ermawu,sim_ermawu_l3l4,二马路成了网红打卡地，年轻人多,网红打卡,urban_operation,文化,0.721,Very Positive,pos,0.507,0.923,0.903,乐,历史街区,2026-05-02,2026-05 五一·大南门建成文旅爆满,0.449,aspect,网红打卡,ermawu,ermawu,1,1,网红打卡,pos,"[""网红打卡""]",网红打卡,"城市更新""十五五""规划(文脉保护传承)",文旅IP打造;文化消费场景,"[[""urban_operation"", ""文化"", ""主""], [""urban_operation"", ""事件"", ""次""]]",0.921,0,111.284022,30.69145
ermawu_T3_00527,ermawu,sim_ermawu_l3l4,下沉广场水景配老街，拍照绝佳,网红打卡,urban_operation,文化,0.862,Positive,pos,0.518,0.724,0.796,乐,历史街区,2026-05-04,2026-05 五一·大南门建成文旅爆满,0.588,aspect,网红打卡,ermawu,ermawu,1,1,网红打卡,pos,"[""网红打卡""]",网红打卡,"城市更新""十五五""规划(文脉保护传承)",文旅IP打造;文化消费场景,"[[""urban_operation"", ""文化"", ""主""], [""urban_operation"", ""事件"", ""次""]]",0.781,0,111.28501,30.693838
ermawu_T3_00528,ermawu,sim_ermawu_l3l4,老建筑修得讲究，最小干预看出功夫,修旧如旧,urban_renewal,文化,0.68,Positive,pos,0.705,0.74,0.832,乐,历史街区,2026-05-01,2026-05 五一·大南门建成文旅爆满,0.898,aspect,修旧如旧,ermawu,ermawu,1,1,修旧如旧,pos,"[""修旧如旧""]",修旧如旧,防止大拆大建通知;关于持续推进城市更新行动的意见,历史街区/历史文化街区保护更新,"[[""urban_renewal"", ""文化"", ""主""], [""urban_operation"", ""文化"", ""次""]]",0.775,0,111.281245,30.695641
ermawu_T3_00529,ermawu,sim_ermawu_l3l4,烟火气没了，商业化太重,烟火气保留,urban_renewal,文化,0.275,Negative,neg,0.728,0.855,0.809,愁,历史街区,2026-05-04,2026-05 五一·大南门建成文旅爆满,0.713,aspect,烟火气保留,ermawu,ermawu,1,1,烟火气保留,neg,"[""烟火气保留""]",烟火气保留,防止大拆大建通知(留改拆·留底线),历史街区保护更新;社区营造,"[[""urban_renewal"", ""文化"", ""主""], [""urban_renewal"", ""环境"", ""次""]]",0.689,0,111.278076,30.697351
ermawu_T3_00530,ermawu,sim_ermawu_l3l4,节假日停车地狱,停车难,urban_governance,设施,0.351,Negative,neg,0.527,0.899,0.731,愁,历史街区,2026-05-05,2026-05 五一·大南门建成文旅爆满,0.76,aspect,停车难,ermawu,ermawu,1,1,停车难,neg,"[""停车难""]",停车难,完整社区(配套设施补齐);一刻钟生活圈,停车设施补齐;配套完善,"[[""urban_governance"", ""设施"", ""主""], [""urban_planning"", ""设施"", ""次""]]",0.895,0,111.278303,30.699348
ermawu_T3_00531,ermawu,sim_ermawu_l3l4,"""宜昌""打卡墙出片，复古花墙绝了",网红打卡,urban_operation,文化,0.749,Positive,pos,0.317,0.783,0.742,乐,历史街区,2026-05-06,2026-05 五一·大南门建成文旅爆满,0.453,aspect,网红打卡,ermawu,ermawu,1,1,网红打卡,pos,"[""网红打卡""]",网红打卡,"城市更新""十五五""规划(文脉保护传承)",文旅IP打造;文化消费场景,"[[""urban_operation"", ""文化"", ""主""], [""urban_operation"", ""事件"", ""次""]]",0.875,0,111.284704,30.695798
ermawu_T3_00532,ermawu,sim_ermawu_l3l4,老味道流失，可惜,烟火气保留,urban_renewal,文化,0.075,Very Negative,neg,0.863,0.76,0.854,愁,历史街区,2026-05-05,2026-05 五一·大南门建成文旅爆满,0.852,aspect,烟火气保留,ermawu,ermawu,1,1,烟火气保留,neg,"[""烟火气保留""]",烟火气保留,防止大拆大建通知(留改拆·留底线),历史街区保护更新;社区营造,"[[""urban_renewal"", ""文化"", ""主""], [""urban_renewal"", ""环境"", ""次""]]",0.881,0,111.286547,30.697116
ermawu_T3_00533,ermawu,sim_ermawu_l3l4,夜经济还在培育,夜经济,urban_operation,事件,0.499,Neutral,neu,0.705,0.823,0.752,急,历史街区,2026-05-04,2026-05 五一·大南门建成文旅爆满,0.651,aspect,夜经济,ermawu,ermawu,1,1,夜经济,neu,"[""夜经济""]",夜经济,"城市更新""十五五""规划(生活圈扩围;夜经济)",一刻钟便民生活圈建设;夜经济品牌培育,"[[""urban_operation"", ""事件"", ""主""], [""urban_governance"", ""事件"", ""次""]]",0.856,1,111.27792,30.696924
ermawu_T3_00534,ermawu,sim_ermawu_l3l4,二马路成了网红打卡地，年轻人多,网红打卡,urban_operation,文化,0.653,Very Positive,pos,0.591,0.733,0.814,喜,历史街区,2026-05-02,2026-05 五一·大南门建成文旅爆满,0.771,aspect,网红打卡,ermawu,ermawu,1,1,网红打卡,pos,"[""网红打卡""]",网红打卡,"城市更新""十五五""规划(文脉保护传承)",文旅IP打造;文化消费场景,"[[""urban_operation"", ""文化"", ""主""], [""urban_operation"", ""事件"", ""次""]]",0.734,0,111.272718,30.698907
ermawu_T3_00535,ermawu,sim_ermawu_l3l4,老味道还在，没变味,烟火气保留,urban_renewal,文化,0.709,Positive,pos,0.702,0.805,0.723,喜,历史街区,2026-05-01,2026-05 五一·大南门建成文旅爆满,0.861,aspect,烟火气保留,ermawu,ermawu,1,1,烟火气保留,pos,"[""烟火气保留""]",烟火气保留,防止大拆大建通知(留改拆·留底线),历史街区保护更新;社区营造,"[[""urban_renewal"", ""文化"", ""主""], [""urban_renewal"", ""环境"", ""次""]]",0.705,0,111.27359,30.699695
ermawu_T3_00536,ermawu,sim_ermawu_l3l4,停车太难，绕三圈找不到,停车难,urban_governance,设施,0.392,Negative,neg,0.615,0.887,0.802,愁,历史街区,2026-05-05,2026-05 五一·大南门建成文旅爆满,0.715,aspect,停车难,ermawu,ermawu,1,1,停车难,neg,"[""停车难""]",停车难,完整社区(配套设施补齐);一刻钟生活圈,停车设施补齐;配套完善,"[[""urban_governance"", ""设施"", ""主""], [""urban_planning"", ""设施"", ""次""]]",0.904,0,111.286202,30.69474
ermawu_T3_00537,ermawu,sim_ermawu_l3l4,老味道还在，没变味,烟火气保留,urban_renewal,文化,0.88,Positive,pos,0.508,0.735,0.836,喜,历史街区,2026-05-05,2026-05 五一·大南门建成文旅爆满,0.593,aspect,烟火气保留,ermawu,ermawu,1,1,烟火气保留,pos,"[""烟火气保留""]",烟火气保留,防止大拆大建通知(留改拆·留底线),历史街区保护更新;社区营造,"[[""urban_renewal"", ""文化"", ""主""], [""urban_renewal"", ""环境"", ""次""]]",0.767,0,111.281905,30.69138
ermawu_T3_00538,ermawu,sim_ermawu_l3l4,烟火气这东西见仁见智,烟火气保留,urban_renewal,文化,0.429,Neutral,neu,0.338,0.923,0.753,急,历史街区,2026-05-01,2026-05 五一·大南门建成文旅爆满,0.522,aspect,烟火气保留,ermawu,ermawu,1,1,烟火气保留,neu,"[""烟火气保留""]",烟火气保留,防止大拆大建通知(留改拆·留底线),历史街区保护更新;社区营造,"[[""urban_renewal"", ""文化"", ""主""], [""urban_renewal"", ""环境"", ""次""]]",0.772,0,111.282776,30.698682
ermawu_T3_00539,ermawu,sim_ermawu_l3l4,老味道还在，没变味,烟火气保留,urban_renewal,文化,0.705,Positive,pos,0.467,0.723,0.738,喜,历史街区,2026-05-01,2026-05 五一·大南门建成文旅爆满,0.564,aspect,烟火气保留,ermawu,ermawu,1,1,烟火气保留,pos,"[""烟火气保留""]",烟火气保留,防止大拆大建通知(留改拆·留底线),历史街区保护更新;社区营造,"[[""urban_renewal"", ""文化"", ""主""], [""urban_renewal"", ""环境"", ""次""]]",0.839,0,111.284334,30.69529
ermawu_T3_00540,ermawu,sim_ermawu_l3l4,回迁安置拖很久,回迁安置,urban_renewal,服务,0.396,Very Negative,neg,0.645,0.745,0.856,怒,历史街区,2026-05-01,2026-05 五一·大南门建成文旅爆满,0.495,aspect,回迁安置,ermawu,ermawu,1,1,回迁安置,neg,"[""回迁安置""]",回迁安置,防止大拆大建通知(不大规模搬迁原住民),回迁安置;原住民保留,"[[""urban_renewal"", ""服务"", ""主""], [""urban_governance"", ""服务"", ""次""]]",0.907,0,111.279242,30.694053
ermawu_T3_00541,ermawu,sim_ermawu_l3l4,老味道流失，可惜,烟火气保留,urban_renewal,文化,0.379,Negative,neg,0.596,0.928,0.76,怒,历史街区,2026-05-03,2026-05 五一·大南门建成文旅爆满,0.88,aspect,烟火气保留,ermawu,ermawu,1,1,烟火气保留,neg,"[""烟火气保留""]",烟火气保留,防止大拆大建通知(留改拆·留底线),历史街区保护更新;社区营造,"[[""urban_renewal"", ""文化"", ""主""], [""urban_renewal"", ""环境"", ""次""]]",0.863,0,111.272074,30.698992
ermawu_T3_00542,ermawu,sim_ermawu_l3l4,原住民留着，街区还活着,烟火气保留,urban_renewal,文化,0.903,Very Positive,pos,0.558,0.825,0.741,喜,历史街区,2026-05-03,2026-05 五一·大南门建成文旅爆满,0.849,aspect,烟火气保留,ermawu,ermawu,1,1,烟火气保留,pos,"[""烟火气保留""]",烟火气保留,防止大拆大建通知(留改拆·留底线),历史街区保护更新;社区营造,"[[""urban_renewal"", ""文化"", ""主""], [""urban_renewal"", ""环境"", ""次""]]",0.907,0,111.281359,30.694412
ermawu_T3_00543,ermawu,sim_ermawu_l3l4,不变拆真改，原汁原味加分,修旧如旧,urban_renewal,文化,0.658,Very Positive,pos,0.378,0.746,0.707,乐,历史街区,2026-05-01,2026-05 五一·大南门建成文旅爆满,0.778,aspect,修旧如旧,ermawu,ermawu,1,1,修旧如旧,pos,"[""修旧如旧""]",修旧如旧,防止大拆大建通知;关于持续推进城市更新行动的意见,历史街区/历史文化街区保护更新,"[[""urban_renewal"", ""文化"", ""主""], [""urban_operation"", ""文化"", ""次""]]",0.713,0,111.284342,30.69039
ermawu_T3_00544,ermawu,sim_ermawu_l3l4,文创老店+特色美食，业态丰富,业态丰富度,urban_operation,服务,0.958,Very Positive,pos,0.479,0.724,0.738,喜,历史街区,2026-05-02,2026-05 五一·大南门建成文旅爆满,0.422,aspect,业态丰富度,ermawu,ermawu,1,1,业态丰富度,pos,"[""业态丰富度""]",业态丰富度,关于持续推进城市更新行动的意见(业态引导),业态多元化引导;业态调整,"[[""urban_operation"", ""服务"", ""主""], [""urban_renewal"", ""服务"", ""次""]]",0.932,0,111.275573,30.69767
ermawu_T3_00545,ermawu,sim_ermawu_l3l4,业态有调性，不低端,业态丰富度,urban_operation,服务,0.883,Positive,pos,0.439,0.811,0.818,喜,历史街区,2026-05-04,2026-05 五一·大南门建成文旅爆满,0.559,aspect,业态丰富度,ermawu,ermawu,1,1,业态丰富度,pos,"[""业态丰富度""]",业态丰富度,关于持续推进城市更新行动的意见(业态引导),业态多元化引导;业态调整,"[[""urban_operation"", ""服务"", ""主""], [""urban_renewal"", ""服务"", ""次""]]",0.699,0,111.285987,30.694113
ermawu_T3_00546,ermawu,sim_ermawu_l3l4,"""宜昌""打卡墙出片，复古花墙绝了",网红打卡,urban_operation,文化,0.87,Very Positive,pos,0.572,0.93,0.717,喜,历史街区,2026-05-02,2026-05 五一·大南门建成文旅爆满,0.726,aspect,网红打卡,ermawu,ermawu,1,1,网红打卡,pos,"[""网红打卡""]",网红打卡,"城市更新""十五五""规划(文脉保护传承)",文旅IP打造;文化消费场景,"[[""urban_operation"", ""文化"", ""主""], [""urban_operation"", ""事件"", ""次""]]",0.833,0,111.277476,30.700997
ermawu_T3_00547,ermawu,sim_ermawu_l3l4,开街后人气回来了，热闹得像过年,文旅活力,urban_operation,事件,0.808,Very Positive,pos,0.655,0.787,0.866,乐,历史街区,2026-05-02,2026-05 五一·大南门建成文旅爆满,0.604,aspect,文旅活力,ermawu,ermawu,1,1,文旅活力,pos,"[""文旅活力""]",文旅活力,"城市更新""十五五""规划(文脉保护;文旅)",文旅品牌;节假日活动组织,"[[""urban_operation"", ""事件"", ""主""], [""urban_operation"", ""文化"", ""次""]]",0.822,1,111.276882,30.697523
ermawu_T3_00548,ermawu,sim_ermawu_l3l4,"""宜昌""打卡墙出片，复古花墙绝了",网红打卡,urban_operation,文化,0.742,Positive,pos,0.388,0.732,0.839,乐,历史街区,2026-05-02,2026-05 五一·大南门建成文旅爆满,0.887,aspect,网红打卡,ermawu,ermawu,1,1,网红打卡,pos,"[""网红打卡""]",网红打卡,"城市更新""十五五""规划(文脉保护传承)",文旅IP打造;文化消费场景,"[[""urban_operation"", ""文化"", ""主""], [""urban_operation"", ""事件"", ""次""]]",0.734,0,111.28182,30.697836
ermawu_T3_00549,ermawu,sim_ermawu_l3l4,文旅复苏，老街活了,文旅活力,urban_operation,事件,0.664,Very Positive,pos,0.364,0.863,0.881,喜,历史街区,2026-05-06,2026-05 五一·大南门建成文旅爆满,0.855,aspect,文旅活力,ermawu,ermawu,1,1,文旅活力,pos,"[""文旅活力""]",文旅活力,"城市更新""十五五""规划(文脉保护;文旅)",文旅品牌;节假日活动组织,"[[""urban_operation"", ""事件"", ""主""], [""urban_operation"", ""文化"", ""次""]]",0.805,1,111.279632,30.694919
ermawu_T3_00550,ermawu,sim_ermawu_l3l4,烟火气这东西见仁见智,烟火气保留,urban_renewal,文化,0.473,Neutral,neu,0.335,0.871,0.8,急,历史街区,2026-05-03,2026-05 五一·大南门建成文旅爆满,0.517,aspect,烟火气保留,ermawu,ermawu,1,1,烟火气保留,neu,"[""烟火气保留""]",烟火气保留,防止大拆大建通知(留改拆·留底线),历史街区保护更新;社区营造,"[[""urban_renewal"", ""文化"", ""主""], [""urban_renewal"", ""环境"", ""次""]]",0.82,0,111.27951,30.694531
ermawu_T3_00551,ermawu,sim_ermawu_l3l4,回迁户型不满意,回迁安置,urban_renewal,服务,0.252,Very Negative,neg,0.7,0.857,0.805,愁,历史街区,2026-05-02,2026-05 五一·大南门建成文旅爆满,0.661,aspect,回迁安置,ermawu,ermawu,1,1,回迁安置,neg,"[""回迁安置""]",回迁安置,防止大拆大建通知(不大规模搬迁原住民),回迁安置;原住民保留,"[[""urban_renewal"", ""服务"", ""主""], [""urban_governance"", ""服务"", ""次""]]",0.806,0,111.280636,30.69632
ermawu_T3_00552,ermawu,sim_ermawu_l3l4,原住民留着，街区还活着,烟火气保留,urban_renewal,文化,0.645,Positive,pos,0.563,0.84,0.843,喜,历史街区,2026-05-05,2026-05 五一·大南门建成文旅爆满,0.884,aspect,烟火气保留,ermawu,ermawu,1,1,烟火气保留,pos,"[""烟火气保留""]",烟火气保留,防止大拆大建通知(留改拆·留底线),历史街区保护更新;社区营造,"[[""urban_renewal"", ""文化"", ""主""], [""urban_renewal"", ""环境"", ""次""]]",0.87,0,111.284694,30.696151
ermawu_T3_00553,ermawu,sim_ermawu_l3l4,五一日均1.5万人，百年老街出圈了,文旅活力,urban_operation,事件,0.7,Positive,pos,0.438,0.769,0.89,乐,历史街区,2026-05-07,2026-05 五一·大南门建成文旅爆满,0.813,aspect,文旅活力,ermawu,ermawu,1,1,文旅活力,pos,"[""文旅活力""]",文旅活力,"城市更新""十五五""规划(文脉保护;文旅)",文旅品牌;节假日活动组织,"[[""urban_operation"", ""事件"", ""主""], [""urban_operation"", ""文化"", ""次""]]",0.86,1,111.27922,30.696323
ermawu_T3_00554,ermawu,sim_ermawu_l3l4,五一10万人，体验拉胯,文旅活力,urban_operation,事件,0.244,Very Negative,neg,0.873,0.796,0.834,愁,历史街区,2026-05-04,2026-05 五一·大南门建成文旅爆满,0.564,aspect,文旅活力,ermawu,ermawu,1,1,文旅活力,neg,"[""文旅活力""]",文旅活力,"城市更新""十五五""规划(文脉保护;文旅)",文旅品牌;节假日活动组织,"[[""urban_operation"", ""事件"", ""主""], [""urban_operation"", ""文化"", ""次""]]",0.705,1,111.280697,30.691722
ermawu_T3_00555,ermawu,sim_ermawu_l3l4,回迁安置拖很久,回迁安置,urban_renewal,服务,0.265,Very Negative,neg,0.893,0.926,0.912,怒,历史街区,2026-05-03,2026-05 五一·大南门建成文旅爆满,0.803,aspect,回迁安置,ermawu,ermawu,1,1,回迁安置,neg,"[""回迁安置""]",回迁安置,防止大拆大建通知(不大规模搬迁原住民),回迁安置;原住民保留,"[[""urban_renewal"", ""服务"", ""主""], [""urban_governance"", ""服务"", ""次""]]",0.755,0,111.281749,30.695169
ermawu_T3_00556,ermawu,sim_ermawu_l3l4,二马路修旧如旧，百年老街焕发新生,修旧如旧,urban_renewal,文化,0.724,Positive,pos,0.493,0.726,0.832,乐,历史街区,2026-05-05,2026-05 五一·大南门建成文旅爆满,0.72,aspect,修旧如旧,ermawu,ermawu,1,1,修旧如旧,pos,"[""修旧如旧""]",修旧如旧,防止大拆大建通知;关于持续推进城市更新行动的意见,历史街区/历史文化街区保护更新,"[[""urban_renewal"", ""文化"", ""主""], [""urban_operation"", ""文化"", ""次""]]",0.884,0,111.280934,30.698476
ermawu_T3_00557,ermawu,sim_ermawu_l3l4,人太多挤得慌，根本走不动,文旅活力,urban_operation,事件,0.307,Negative,neg,0.814,0.795,0.77,怒,历史街区,2026-05-07,2026-05 五一·大南门建成文旅爆满,0.559,aspect,文旅活力,ermawu,ermawu,1,1,文旅活力,neg,"[""文旅活力""]",文旅活力,"城市更新""十五五""规划(文脉保护;文旅)",文旅品牌;节假日活动组织,"[[""urban_operation"", ""事件"", ""主""], [""urban_operation"", ""文化"", ""次""]]",0.799,1,111.283603,30.69353
ermawu_T3_00558,ermawu,sim_ermawu_l3l4,业态都同质化了，走哪都一样,业态丰富度,urban_operation,服务,0.247,Negative,neg,0.591,0.854,0.818,愁,历史街区,2026-05-02,2026-05 五一·大南门建成文旅爆满,0.564,aspect,业态丰富度,ermawu,ermawu,1,1,业态丰富度,neg,"[""业态丰富度""]",业态丰富度,关于持续推进城市更新行动的意见(业态引导),业态多元化引导;业态调整,"[[""urban_operation"", ""服务"", ""主""], [""urban_renewal"", ""服务"", ""次""]]",0.805,0,111.282774,30.691942
ermawu_T3_00559,ermawu,sim_ermawu_l3l4,烟火气这东西见仁见智,烟火气保留,urban_renewal,文化,0.513,Neutral,neu,0.729,0.777,0.829,急,历史街区,2026-05-03,2026-05 五一·大南门建成文旅爆满,0.842,aspect,烟火气保留,ermawu,ermawu,1,1,烟火气保留,neu,"[""烟火气保留""]",烟火气保留,防止大拆大建通知(留改拆·留底线),历史街区保护更新;社区营造,"[[""urban_renewal"", ""文化"", ""主""], [""urban_renewal"", ""环境"", ""次""]]",0.742,0,111.280429,30.700229
ermawu_T3_00560,ermawu,sim_ermawu_l3l4,二马路修旧如旧，百年老街焕发新生,修旧如旧,urban_renewal,文化,0.537,Neutral,neu,0.311,0.78,0.907,盼,历史街区,2026-05-01,2026-05 五一·大南门建成文旅爆满,0.554,aspect,修旧如旧,ermawu,ermawu,1,1,修旧如旧,neu,"[""修旧如旧""]",修旧如旧,防止大拆大建通知;关于持续推进城市更新行动的意见,历史街区/历史文化街区保护更新,"[[""urban_renewal"", ""文化"", ""主""], [""urban_operation"", ""文化"", ""次""]]",0.893,0,111.285086,30.693094
ermawu_T3_00561,ermawu,sim_ermawu_l3l4,回迁满意，原样回来住着踏实,回迁安置,urban_renewal,服务,0.852,Very Positive,pos,0.585,0.761,0.729,喜,历史街区,2026-05-06,2026-05 五一·大南门建成文旅爆满,0.753,aspect,回迁安置,ermawu,ermawu,1,1,回迁安置,pos,"[""回迁安置""]",回迁安置,防止大拆大建通知(不大规模搬迁原住民),回迁安置;原住民保留,"[[""urban_renewal"", ""服务"", ""主""], [""urban_governance"", ""服务"", ""次""]]",0.914,0,111.280777,30.693267
ermawu_T3_00562,ermawu,sim_ermawu_l3l4,开街后人气回来了，热闹得像过年,文旅活力,urban_operation,事件,0.875,Positive,pos,0.564,0.948,0.885,喜,历史街区,2026-05-04,2026-05 五一·大南门建成文旅爆满,0.869,aspect,文旅活力,ermawu,ermawu,1,1,文旅活力,pos,"[""文旅活力""]",文旅活力,"城市更新""十五五""规划(文脉保护;文旅)",文旅品牌;节假日活动组织,"[[""urban_operation"", ""事件"", ""主""], [""urban_operation"", ""文化"", ""次""]]",0.94,1,111.282396,30.694913
ermawu_T3_00563,ermawu,sim_ermawu_l3l4,夜幕降临热闹起来，有活力,夜经济,urban_operation,事件,0.852,Positive,pos,0.706,0.788,0.794,喜,历史街区,2026-05-05,2026-05 五一·大南门建成文旅爆满,0.762,aspect,夜经济,ermawu,ermawu,1,1,夜经济,pos,"[""夜经济""]",夜经济,"城市更新""十五五""规划(生活圈扩围;夜经济)",一刻钟便民生活圈建设;夜经济品牌培育,"[[""urban_operation"", ""事件"", ""主""], [""urban_governance"", ""事件"", ""次""]]",0.939,1,111.285393,30.693375
ermawu_T3_00564,ermawu,sim_ermawu_l3l4,既有文化味更有烟火气，难得,烟火气保留,urban_renewal,文化,0.856,Very Positive,pos,0.527,0.835,0.714,喜,历史街区,2026-05-01,2026-05 五一·大南门建成文旅爆满,0.696,aspect,烟火气保留,ermawu,ermawu,1,1,烟火气保留,pos,"[""烟火气保留""]",烟火气保留,防止大拆大建通知(留改拆·留底线),历史街区保护更新;社区营造,"[[""urban_renewal"", ""文化"", ""主""], [""urban_renewal"", ""环境"", ""次""]]",0.947,0,111.283297,30.693074
ermawu_T3_00565,ermawu,sim_ermawu_l3l4,业态都同质化了，走哪都一样,业态丰富度,urban_operation,服务,0.143,Very Negative,neg,0.514,0.831,0.811,哀,历史街区,2026-05-06,2026-05 五一·大南门建成文旅爆满,0.485,aspect,业态丰富度,ermawu,ermawu,1,1,业态丰富度,neg,"[""业态丰富度""]",业态丰富度,关于持续推进城市更新行动的意见(业态引导),业态多元化引导;业态调整,"[[""urban_operation"", ""服务"", ""主""], [""urban_renewal"", ""服务"", ""次""]]",0.775,0,111.276031,30.698523
ermawu_T3_00566,ermawu,sim_ermawu_l3l4,文旅复苏，老街活了,文旅活力,urban_operation,事件,0.909,Positive,pos,0.329,0.778,0.848,乐,历史街区,2026-05-05,2026-05 五一·大南门建成文旅爆满,0.406,aspect,文旅活力,ermawu,ermawu,1,1,文旅活力,pos,"[""文旅活力""]",文旅活力,"城市更新""十五五""规划(文脉保护;文旅)",文旅品牌;节假日活动组织,"[[""urban_operation"", ""事件"", ""主""], [""urban_operation"", ""文化"", ""次""]]",0.712,1,111.281477,30.696357
ermawu_T3_00567,ermawu,sim_ermawu_l3l4,夜市噪音扰民，周边住户受不了,夜经济,urban_operation,事件,0.279,Negative,neg,0.631,0.946,0.78,愁,历史街区,2026-05-07,2026-05 五一·大南门建成文旅爆满,0.473,aspect,夜经济,ermawu,ermawu,1,1,夜经济,neg,"[""夜经济""]",夜经济,"城市更新""十五五""规划(生活圈扩围;夜经济)",一刻钟便民生活圈建设;夜经济品牌培育,"[[""urban_operation"", ""事件"", ""主""], [""urban_governance"", ""事件"", ""次""]]",0.868,1,111.276423,30.694009
ermawu_T3_00568,ermawu,sim_ermawu_l3l4,文旅复苏，老街活了,文旅活力,urban_operation,事件,0.775,Positive,pos,0.515,0.776,0.887,乐,历史街区,2026-05-04,2026-05 五一·大南门建成文旅爆满,0.711,aspect,文旅活力,ermawu,ermawu,1,1,文旅活力,pos,"[""文旅活力""]",文旅活力,"城市更新""十五五""规划(文脉保护;文旅)",文旅品牌;节假日活动组织,"[[""urban_operation"", ""事件"", ""主""], [""urban_operation"", ""文化"", ""次""]]",0.839,1,111.287283,30.693577
ermawu_T3_00569,ermawu,sim_ermawu_l3l4,不变拆真改，原汁原味加分,修旧如旧,urban_renewal,文化,0.549,Neutral,neu,0.697,0.849,0.864,盼,历史街区,2026-05-05,2026-05 五一·大南门建成文旅爆满,0.504,aspect,修旧如旧,ermawu,ermawu,1,1,修旧如旧,neu,"[""修旧如旧""]",修旧如旧,防止大拆大建通知;关于持续推进城市更新行动的意见,历史街区/历史文化街区保护更新,"[[""urban_renewal"", ""文化"", ""主""], [""urban_operation"", ""文化"", ""次""]]",0.688,0,111.285216,30.692156
ermawu_T3_00570,ermawu,sim_ermawu_l3l4,烟火气这东西见仁见智,烟火气保留,urban_renewal,文化,0.494,Neutral,neu,0.401,0.878,0.759,盼,历史街区,2026-05-02,2026-05 五一·大南门建成文旅爆满,0.429,aspect,烟火气保留,ermawu,ermawu,1,1,烟火气保留,neu,"[""烟火气保留""]",烟火气保留,防止大拆大建通知(留改拆·留底线),历史街区保护更新;社区营造,"[[""urban_renewal"", ""文化"", ""主""], [""urban_renewal"", ""环境"", ""次""]]",0.85,0,111.285928,30.692516
ermawu_T3_00571,ermawu,sim_ermawu_l3l4,小众免费出片，本地人私藏,网红打卡,urban_operation,文化,0.884,Positive,pos,0.582,0.795,0.865,喜,历史街区,2026-05-04,2026-05 五一·大南门建成文旅爆满,0.549,aspect,网红打卡,ermawu,ermawu,1,1,网红打卡,pos,"[""网红打卡""]",网红打卡,"城市更新""十五五""规划(文脉保护传承)",文旅IP打造;文化消费场景,"[[""urban_operation"", ""文化"", ""主""], [""urban_operation"", ""事件"", ""次""]]",0.779,0,111.274802,30.698929
ermawu_T3_00572,ermawu,sim_ermawu_l3l4,不大规模搬迁是对的，老街坊还在,回迁安置,urban_renewal,服务,0.844,Very Positive,pos,0.72,0.792,0.818,乐,历史街区,2026-05-06,2026-05 五一·大南门建成文旅爆满,0.782,aspect,回迁安置,ermawu,ermawu,1,1,回迁安置,pos,"[""回迁安置""]",回迁安置,防止大拆大建通知(不大规模搬迁原住民),回迁安置;原住民保留,"[[""urban_renewal"", ""服务"", ""主""], [""urban_governance"", ""服务"", ""次""]]",0.881,0,111.281456,30.697366
ermawu_T3_00573,ermawu,sim_ermawu_l3l4,文旅复苏，老街活了,文旅活力,urban_operation,事件,0.654,Very Positive,pos,0.541,0.847,0.77,喜,历史街区,2026-05-01,2026-05 五一·大南门建成文旅爆满,0.627,aspect,文旅活力,ermawu,ermawu,1,1,文旅活力,pos,"[""文旅活力""]",文旅活力,"城市更新""十五五""规划(文脉保护;文旅)",文旅品牌;节假日活动组织,"[[""urban_operation"", ""事件"", ""主""], [""urban_operation"", ""文化"", ""次""]]",0.914,1,111.279082,30.695817
ermawu_T3_00574,ermawu,sim_ermawu_l3l4,业态有调性，不低端,业态丰富度,urban_operation,服务,0.756,Very Positive,pos,0.799,0.914,0.733,乐,历史街区,2026-05-05,2026-05 五一·大南门建成文旅爆满,0.802,aspect,业态丰富度,ermawu,ermawu,1,1,业态丰富度,pos,"[""业态丰富度""]",业态丰富度,关于持续推进城市更新行动的意见(业态引导),业态多元化引导;业态调整,"[[""urban_operation"", ""服务"", ""主""], [""urban_renewal"", ""服务"", ""次""]]",0.925,0,111.283194,30.694428
ermawu_T3_00575,ermawu,sim_ermawu_l3l4,"""宜昌""打卡墙出片，复古花墙绝了",网红打卡,urban_operation,文化,0.626,Very Positive,pos,0.677,0.895,0.874,喜,历史街区,2026-05-01,2026-05 五一·大南门建成文旅爆满,0.561,aspect,网红打卡,ermawu,ermawu,1,1,网红打卡,pos,"[""网红打卡""]",网红打卡,"城市更新""十五五""规划(文脉保护传承)",文旅IP打造;文化消费场景,"[[""urban_operation"", ""文化"", ""主""], [""urban_operation"", ""事件"", ""次""]]",0.699,0,111.275837,30.698186
ermawu_T3_00576,ermawu,sim_ermawu_l3l4,不变拆真改，原汁原味加分,修旧如旧,urban_renewal,文化,0.789,Positive,pos,0.682,0.725,0.707,喜,历史街区,2026-05-04,2026-05 五一·大南门建成文旅爆满,0.868,aspect,修旧如旧,ermawu,ermawu,1,1,修旧如旧,pos,"[""修旧如旧""]",修旧如旧,防止大拆大建通知;关于持续推进城市更新行动的意见,历史街区/历史文化街区保护更新,"[[""urban_renewal"", ""文化"", ""主""], [""urban_operation"", ""文化"", ""次""]]",0.924,0,111.282997,30.695991
ermawu_T3_00577,ermawu,sim_ermawu_l3l4,烟火气这东西见仁见智,烟火气保留,urban_renewal,文化,0.499,Neutral,neu,0.559,0.946,0.865,盼,历史街区,2026-05-02,2026-05 五一·大南门建成文旅爆满,0.883,aspect,烟火气保留,ermawu,ermawu,1,1,烟火气保留,neu,"[""烟火气保留""]",烟火气保留,防止大拆大建通知(留改拆·留底线),历史街区保护更新;社区营造,"[[""urban_renewal"", ""文化"", ""主""], [""urban_renewal"", ""环境"", ""次""]]",0.875,0,111.284413,30.69128
ermawu_T3_00578,ermawu,sim_ermawu_l3l4,二马路修旧如旧，百年老街焕发新生,修旧如旧,urban_renewal,文化,0.859,Positive,pos,0.716,0.835,0.785,喜,历史街区,2026-05-06,2026-05 五一·大南门建成文旅爆满,0.662,aspect,修旧如旧,ermawu,ermawu,1,1,修旧如旧,pos,"[""修旧如旧""]",修旧如旧,防止大拆大建通知;关于持续推进城市更新行动的意见,历史街区/历史文化街区保护更新,"[[""urban_renewal"", ""文化"", ""主""], [""urban_operation"", ""文化"", ""次""]]",0.845,0,111.285048,30.698796
ermawu_T3_00579,ermawu,sim_ermawu_l3l4,不变拆真改，原汁原味加分,修旧如旧,urban_renewal,文化,0.73,Positive,pos,0.612,0.771,0.818,喜,历史街区,2026-05-06,2026-05 五一·大南门建成文旅爆满,0.882,aspect,修旧如旧,ermawu,ermawu,1,1,修旧如旧,pos,"[""修旧如旧""]",修旧如旧,防止大拆大建通知;关于持续推进城市更新行动的意见,历史街区/历史文化街区保护更新,"[[""urban_renewal"", ""文化"", ""主""], [""urban_operation"", ""文化"", ""次""]]",0.681,0,111.282239,30.690217
ermawu_T3_00580,ermawu,sim_ermawu_l3l4,文旅复苏，老街活了,文旅活力,urban_operation,事件,0.783,Very Positive,pos,0.655,0.896,0.722,喜,历史街区,2026-05-02,2026-05 五一·大南门建成文旅爆满,0.741,aspect,文旅活力,ermawu,ermawu,1,1,文旅活力,pos,"[""文旅活力""]",文旅活力,"城市更新""十五五""规划(文脉保护;文旅)",文旅品牌;节假日活动组织,"[[""urban_operation"", ""事件"", ""主""], [""urban_operation"", ""文化"", ""次""]]",0.934,1,111.276319,30.701919
ermawu_T3_00581,ermawu,sim_ermawu_l3l4,下沉广场水景配老街，拍照绝佳,网红打卡,urban_operation,文化,0.794,Positive,pos,0.543,0.869,0.745,乐,历史街区,2026-05-02,2026-05 五一·大南门建成文旅爆满,0.851,aspect,网红打卡,ermawu,ermawu,1,1,网红打卡,pos,"[""网红打卡""]",网红打卡,"城市更新""十五五""规划(文脉保护传承)",文旅IP打造;文化消费场景,"[[""urban_operation"", ""文化"", ""主""], [""urban_operation"", ""事件"", ""次""]]",0.84,0,111.279299,30.696687
ermawu_T3_00582,ermawu,sim_ermawu_l3l4,不变拆真改，原汁原味加分,修旧如旧,urban_renewal,文化,0.935,Positive,pos,0.718,0.771,0.874,乐,历史街区,2026-05-01,2026-05 五一·大南门建成文旅爆满,0.717,aspect,修旧如旧,ermawu,ermawu,1,1,修旧如旧,pos,"[""修旧如旧""]",修旧如旧,防止大拆大建通知;关于持续推进城市更新行动的意见,历史街区/历史文化街区保护更新,"[[""urban_renewal"", ""文化"", ""主""], [""urban_operation"", ""文化"", ""次""]]",0.948,0,111.278061,30.700354
ermawu_T3_00583,ermawu,sim_ermawu_l3l4,小众免费出片，本地人私藏,网红打卡,urban_operation,文化,0.746,Very Positive,pos,0.569,0.839,0.743,乐,历史街区,2026-05-06,2026-05 五一·大南门建成文旅爆满,0.5,aspect,网红打卡,ermawu,ermawu,1,1,网红打卡,pos,"[""网红打卡""]",网红打卡,"城市更新""十五五""规划(文脉保护传承)",文旅IP打造;文化消费场景,"[[""urban_operation"", ""文化"", ""主""], [""urban_operation"", ""事件"", ""次""]]",0.855,0,111.274766,30.697807
ermawu_T3_00584,ermawu,sim_ermawu_l3l4,业态都同质化了，走哪都一样,业态丰富度,urban_operation,服务,0.115,Negative,neg,0.521,0.919,0.89,哀,历史街区,2026-05-05,2026-05 五一·大南门建成文旅爆满,0.592,aspect,业态丰富度,ermawu,ermawu,1,1,业态丰富度,neg,"[""业态丰富度""]",业态丰富度,关于持续推进城市更新行动的意见(业态引导),业态多元化引导;业态调整,"[[""urban_operation"", ""服务"", ""主""], [""urban_renewal"", ""服务"", ""次""]]",0.827,0,111.282786,30.697079
ermawu_T3_00585,ermawu,sim_ermawu_l3l4,下沉广场水景配老街，拍照绝佳,网红打卡,urban_operation,文化,0.881,Very Positive,pos,0.384,0.892,0.827,喜,历史街区,2026-05-05,2026-05 五一·大南门建成文旅爆满,0.716,aspect,网红打卡,ermawu,ermawu,1,1,网红打卡,pos,"[""网红打卡""]",网红打卡,"城市更新""十五五""规划(文脉保护传承)",文旅IP打造;文化消费场景,"[[""urban_operation"", ""文化"", ""主""], [""urban_operation"", ""事件"", ""次""]]",0.862,0,111.284305,30.69223
ermawu_T3_00586,ermawu,sim_ermawu_l3l4,五一10万人，体验拉胯,文旅活力,urban_operation,事件,0.121,Very Negative,neg,0.738,0.771,0.841,愁,历史街区,2026-05-02,2026-05 五一·大南门建成文旅爆满,0.888,aspect,文旅活力,ermawu,ermawu,1,1,文旅活力,neg,"[""文旅活力""]",文旅活力,"城市更新""十五五""规划(文脉保护;文旅)",文旅品牌;节假日活动组织,"[[""urban_operation"", ""事件"", ""主""], [""urban_operation"", ""文化"", ""次""]]",0.884,1,111.272835,30.699745
ermawu_T3_00587,ermawu,sim_ermawu_l3l4,文旅复苏，老街活了,文旅活力,urban_operation,事件,0.807,Positive,pos,0.672,0.722,0.722,喜,历史街区,2026-05-07,2026-05 五一·大南门建成文旅爆满,0.759,aspect,文旅活力,ermawu,ermawu,1,1,文旅活力,pos,"[""文旅活力""]",文旅活力,"城市更新""十五五""规划(文脉保护;文旅)",文旅品牌;节假日活动组织,"[[""urban_operation"", ""事件"", ""主""], [""urban_operation"", ""文化"", ""次""]]",0.87,1,111.285794,30.694392
ermawu_T3_00588,ermawu,sim_ermawu_l3l4,配套停车跟不上热度,停车难,urban_governance,设施,0.221,Very Negative,neg,0.753,0.731,0.75,怒,历史街区,2026-05-06,2026-05 五一·大南门建成文旅爆满,0.653,aspect,停车难,ermawu,ermawu,1,1,停车难,neg,"[""停车难""]",停车难,完整社区(配套设施补齐);一刻钟生活圈,停车设施补齐;配套完善,"[[""urban_governance"", ""设施"", ""主""], [""urban_planning"", ""设施"", ""次""]]",0.828,0,111.275297,30.698492
ermawu_T3_00589,ermawu,sim_ermawu_l3l4,夜经济周边停车更难,夜经济,urban_operation,事件,0.138,Very Negative,neg,0.572,0.924,0.717,哀,历史街区,2026-05-07,2026-05 五一·大南门建成文旅爆满,0.846,aspect,夜经济,ermawu,ermawu,1,1,夜经济,neg,"[""夜经济""]",夜经济,"城市更新""十五五""规划(生活圈扩围;夜经济)",一刻钟便民生活圈建设;夜经济品牌培育,"[[""urban_operation"", ""事件"", ""主""], [""urban_governance"", ""事件"", ""次""]]",0.732,1,111.284019,30.695883
ermawu_T3_00590,ermawu,sim_ermawu_l3l4,连锁店太多，没特色,业态丰富度,urban_operation,服务,0.366,Very Negative,neg,0.854,0.851,0.874,怒,历史街区,2026-05-07,2026-05 五一·大南门建成文旅爆满,0.582,aspect,业态丰富度,ermawu,ermawu,1,1,业态丰富度,neg,"[""业态丰富度""]",业态丰富度,关于持续推进城市更新行动的意见(业态引导),业态多元化引导;业态调整,"[[""urban_operation"", ""服务"", ""主""], [""urban_renewal"", ""服务"", ""次""]]",0.889,0,111.285189,30.697688
ermawu_T3_00591,ermawu,sim_ermawu_l3l4,二马路修旧如旧，百年老街焕发新生,修旧如旧,urban_renewal,文化,0.922,Very Positive,pos,0.583,0.805,0.787,乐,历史街区,2026-05-07,2026-05 五一·大南门建成文旅爆满,0.509,aspect,修旧如旧,ermawu,ermawu,1,1,修旧如旧,pos,"[""修旧如旧""]",修旧如旧,防止大拆大建通知;关于持续推进城市更新行动的意见,历史街区/历史文化街区保护更新,"[[""urban_renewal"", ""文化"", ""主""], [""urban_operation"", ""文化"", ""次""]]",0.735,0,111.281331,30.691759
ermawu_T3_00592,ermawu,sim_ermawu_l3l4,业态有调性，不低端,业态丰富度,urban_operation,服务,0.796,Positive,pos,0.75,0.939,0.86,喜,历史街区,2026-05-01,2026-05 五一·大南门建成文旅爆满,0.745,aspect,业态丰富度,ermawu,ermawu,1,1,业态丰富度,pos,"[""业态丰富度""]",业态丰富度,关于持续推进城市更新行动的意见(业态引导),业态多元化引导;业态调整,"[[""urban_operation"", ""服务"", ""主""], [""urban_renewal"", ""服务"", ""次""]]",0.84,0,111.282624,30.69675
ermawu_T3_00593,ermawu,sim_ermawu_l3l4,业态有调性，不低端,业态丰富度,urban_operation,服务,0.869,Very Positive,pos,0.771,0.778,0.759,喜,历史街区,2026-05-03,2026-05 五一·大南门建成文旅爆满,0.49,aspect,业态丰富度,ermawu,ermawu,1,1,业态丰富度,pos,"[""业态丰富度""]",业态丰富度,关于持续推进城市更新行动的意见(业态引导),业态多元化引导;业态调整,"[[""urban_operation"", ""服务"", ""主""], [""urban_renewal"", ""服务"", ""次""]]",0.773,0,111.284465,30.694903
ermawu_T3_00594,ermawu,sim_ermawu_l3l4,小众免费出片，本地人私藏,网红打卡,urban_operation,文化,0.668,Very Positive,pos,0.315,0.828,0.807,乐,历史街区,2026-05-03,2026-05 五一·大南门建成文旅爆满,0.602,aspect,网红打卡,ermawu,ermawu,1,1,网红打卡,pos,"[""网红打卡""]",网红打卡,"城市更新""十五五""规划(文脉保护传承)",文旅IP打造;文化消费场景,"[[""urban_operation"", ""文化"", ""主""], [""urban_operation"", ""事件"", ""次""]]",0.893,0,111.279706,30.697612
ermawu_T3_00595,ermawu,sim_ermawu_l3l4,下沉广场水景配老街，拍照绝佳,网红打卡,urban_operation,文化,0.894,Positive,pos,0.519,0.875,0.741,喜,历史街区,2026-05-04,2026-05 五一·大南门建成文旅爆满,0.745,aspect,网红打卡,ermawu,ermawu,1,1,网红打卡,pos,"[""网红打卡""]",网红打卡,"城市更新""十五五""规划(文脉保护传承)",文旅IP打造;文化消费场景,"[[""urban_operation"", ""文化"", ""主""], [""urban_operation"", ""事件"", ""次""]]",0.786,0,111.282093,30.695903
ermawu_T3_00596,ermawu,sim_ermawu_l3l4,开街后人气回来了，热闹得像过年,文旅活力,urban_operation,事件,0.893,Positive,pos,0.758,0.83,0.855,喜,历史街区,2026-05-03,2026-05 五一·大南门建成文旅爆满,0.823,aspect,文旅活力,ermawu,ermawu,1,1,文旅活力,pos,"[""文旅活力""]",文旅活力,"城市更新""十五五""规划(文脉保护;文旅)",文旅品牌;节假日活动组织,"[[""urban_operation"", ""事件"", ""主""], [""urban_operation"", ""文化"", ""次""]]",0.732,1,111.277644,30.69719
ermawu_T3_00597,ermawu,sim_ermawu_l3l4,人太多挤得慌，根本走不动,文旅活力,urban_operation,事件,0.316,Negative,neg,0.774,0.872,0.839,怒,历史街区,2026-05-04,2026-05 五一·大南门建成文旅爆满,0.833,aspect,文旅活力,ermawu,ermawu,1,1,文旅活力,neg,"[""文旅活力""]",文旅活力,"城市更新""十五五""规划(文脉保护;文旅)",文旅品牌;节假日活动组织,"[[""urban_operation"", ""事件"", ""主""], [""urban_operation"", ""文化"", ""次""]]",0.833,1,111.278624,30.697338
ermawu_T3_00598,ermawu,sim_ermawu_l3l4,五一日均1.5万人，百年老街出圈了,文旅活力,urban_operation,事件,0.878,Very Positive,pos,0.592,0.92,0.82,喜,历史街区,2026-05-02,2026-05 五一·大南门建成文旅爆满,0.896,aspect,文旅活力,ermawu,ermawu,1,1,文旅活力,pos,"[""文旅活力""]",文旅活力,"城市更新""十五五""规划(文脉保护;文旅)",文旅品牌;节假日活动组织,"[[""urban_operation"", ""事件"", ""主""], [""urban_operation"", ""文化"", ""次""]]",0.894,1,111.279014,30.695123
ermawu_T3_00599,ermawu,sim_ermawu_l3l4,五一日均1.5万人，百年老街出圈了,文旅活力,urban_operation,事件,0.811,Very Positive,pos,0.604,0.755,0.77,喜,历史街区,2026-05-01,2026-05 五一·大南门建成文旅爆满,0.705,aspect,文旅活力,ermawu,ermawu,1,1,文旅活力,pos,"[""文旅活力""]",文旅活力,"城市更新""十五五""规划(文脉保护;文旅)",文旅品牌;节假日活动组织,"[[""urban_operation"", ""事件"", ""主""], [""urban_operation"", ""文化"", ""次""]]",0.726,1,111.278463,30.69418
ermawu_T3_00600,ermawu,sim_ermawu_l3l4,夜经济让老街活了,夜经济,urban_operation,事件,0.83,Positive,pos,0.513,0.838,0.856,乐,历史街区,2026-05-04,2026-05 五一·大南门建成文旅爆满,0.513,aspect,夜经济,ermawu,ermawu,1,1,夜经济,pos,"[""夜经济""]",夜经济,"城市更新""十五五""规划(生活圈扩围;夜经济)",一刻钟便民生活圈建设;夜经济品牌培育,"[[""urban_operation"", ""事件"", ""主""], [""urban_governance"", ""事件"", ""次""]]",0.86,1,111.279364,30.694326
ermawu_T3_00601,ermawu,sim_ermawu_l3l4,老建筑修得讲究，最小干预看出功夫,修旧如旧,urban_renewal,文化,0.844,Positive,pos,0.657,0.861,0.84,乐,历史街区,2026-05-01,2026-05 五一·大南门建成文旅爆满,0.893,aspect,修旧如旧,ermawu,ermawu,1,1,修旧如旧,pos,"[""修旧如旧""]",修旧如旧,防止大拆大建通知;关于持续推进城市更新行动的意见,历史街区/历史文化街区保护更新,"[[""urban_renewal"", ""文化"", ""主""], [""urban_operation"", ""文化"", ""次""]]",0.837,0,111.280494,30.69158
ermawu_T3_00602,ermawu,sim_ermawu_l3l4,二马路修旧如旧，百年老街焕发新生,修旧如旧,urban_renewal,文化,0.837,Very Positive,pos,0.41,0.725,0.81,乐,历史街区,2026-05-07,2026-05 五一·大南门建成文旅爆满,0.625,aspect,修旧如旧,ermawu,ermawu,1,1,修旧如旧,pos,"[""修旧如旧""]",修旧如旧,防止大拆大建通知;关于持续推进城市更新行动的意见,历史街区/历史文化街区保护更新,"[[""urban_renewal"", ""文化"", ""主""], [""urban_operation"", ""文化"", ""次""]]",0.776,0,111.276761,30.69888
ermawu_T3_00603,ermawu,sim_ermawu_l3l4,开街后人气回来了，热闹得像过年,文旅活力,urban_operation,事件,0.956,Very Positive,pos,0.772,0.74,0.727,乐,历史街区,2026-05-05,2026-05 五一·大南门建成文旅爆满,0.434,aspect,文旅活力,ermawu,ermawu,1,1,文旅活力,pos,"[""文旅活力""]",文旅活力,"城市更新""十五五""规划(文脉保护;文旅)",文旅品牌;节假日活动组织,"[[""urban_operation"", ""事件"", ""主""], [""urban_operation"", ""文化"", ""次""]]",0.875,1,111.279987,30.697282
ermawu_T3_00604,ermawu,sim_ermawu_l3l4,业态有调性，不低端,业态丰富度,urban_operation,服务,0.679,Positive,pos,0.365,0.797,0.9,乐,历史街区,2026-05-03,2026-05 五一·大南门建成文旅爆满,0.503,aspect,业态丰富度,ermawu,ermawu,1,1,业态丰富度,pos,"[""业态丰富度""]",业态丰富度,关于持续推进城市更新行动的意见(业态引导),业态多元化引导;业态调整,"[[""urban_operation"", ""服务"", ""主""], [""urban_renewal"", ""服务"", ""次""]]",0.841,0,111.28309,30.694759
ermawu_T3_00605,ermawu,sim_ermawu_l3l4,老味道还在，没变味,烟火气保留,urban_renewal,文化,0.798,Very Positive,pos,0.383,0.721,0.871,喜,历史街区,2026-05-02,2026-05 五一·大南门建成文旅爆满,0.558,aspect,烟火气保留,ermawu,ermawu,1,1,烟火气保留,pos,"[""烟火气保留""]",烟火气保留,防止大拆大建通知(留改拆·留底线),历史街区保护更新;社区营造,"[[""urban_renewal"", ""文化"", ""主""], [""urban_renewal"", ""环境"", ""次""]]",0.808,0,111.283019,30.6951
ermawu_T3_00606,ermawu,sim_ermawu_l3l4,原住民留着，街区还活着,烟火气保留,urban_renewal,文化,0.881,Very Positive,pos,0.443,0.816,0.915,乐,历史街区,2026-05-01,2026-05 五一·大南门建成文旅爆满,0.656,aspect,烟火气保留,ermawu,ermawu,1,1,烟火气保留,pos,"[""烟火气保留""]",烟火气保留,防止大拆大建通知(留改拆·留底线),历史街区保护更新;社区营造,"[[""urban_renewal"", ""文化"", ""主""], [""urban_renewal"", ""环境"", ""次""]]",0.83,0,111.282705,30.69171
ermawu_T3_00607,ermawu,sim_ermawu_l3l4,下沉广场水景配老街，拍照绝佳,网红打卡,urban_operation,文化,0.906,Very Positive,pos,0.674,0.852,0.832,喜,历史街区,2026-05-05,2026-05 五一·大南门建成文旅爆满,0.773,aspect,网红打卡,ermawu,ermawu,1,1,网红打卡,pos,"[""网红打卡""]",网红打卡,"城市更新""十五五""规划(文脉保护传承)",文旅IP打造;文化消费场景,"[[""urban_operation"", ""文化"", ""主""], [""urban_operation"", ""事件"", ""次""]]",0.721,0,111.275568,30.699374
ermawu_T3_00608,ermawu,sim_ermawu_l3l4,小众免费出片，本地人私藏,网红打卡,urban_operation,文化,0.648,Positive,pos,0.58,0.917,0.832,喜,历史街区,2026-05-04,2026-05 五一·大南门建成文旅爆满,0.445,aspect,网红打卡,ermawu,ermawu,1,1,网红打卡,pos,"[""网红打卡""]",网红打卡,"城市更新""十五五""规划(文脉保护传承)",文旅IP打造;文化消费场景,"[[""urban_operation"", ""文化"", ""主""], [""urban_operation"", ""事件"", ""次""]]",0.711,0,111.279547,30.697103
ermawu_T3_00609,ermawu,sim_ermawu_l3l4,业态还在调整中,业态丰富度,urban_operation,服务,0.441,Neutral,neu,0.621,0.748,0.727,盼,历史街区,2026-05-05,2026-05 五一·大南门建成文旅爆满,0.593,aspect,业态丰富度,ermawu,ermawu,1,1,业态丰富度,neu,"[""业态丰富度""]",业态丰富度,关于持续推进城市更新行动的意见(业态引导),业态多元化引导;业态调整,"[[""urban_operation"", ""服务"", ""主""], [""urban_renewal"", ""服务"", ""次""]]",0.949,0,111.274942,30.700615
ermawu_T3_00610,ermawu,sim_ermawu_l3l4,夜幕降临热闹起来，有活力,夜经济,urban_operation,事件,0.849,Positive,pos,0.649,0.773,0.812,喜,历史街区,2026-05-03,2026-05 五一·大南门建成文旅爆满,0.662,aspect,夜经济,ermawu,ermawu,1,1,夜经济,pos,"[""夜经济""]",夜经济,"城市更新""十五五""规划(生活圈扩围;夜经济)",一刻钟便民生活圈建设;夜经济品牌培育,"[[""urban_operation"", ""事件"", ""主""], [""urban_governance"", ""事件"", ""次""]]",0.918,1,111.276632,30.699654
ermawu_T3_00611,ermawu,sim_ermawu_l3l4,业态单一，逛一次就够,业态丰富度,urban_operation,服务,0.064,Very Negative,neg,0.533,0.812,0.806,愁,历史街区,2026-05-01,2026-05 五一·大南门建成文旅爆满,0.841,aspect,业态丰富度,ermawu,ermawu,1,1,业态丰富度,neg,"[""业态丰富度""]",业态丰富度,关于持续推进城市更新行动的意见(业态引导),业态多元化引导;业态调整,"[[""urban_operation"", ""服务"", ""主""], [""urban_renewal"", ""服务"", ""次""]]",0.836,0,111.276053,30.696848
ermawu_T3_00612,ermawu,sim_ermawu_l3l4,不变拆真改，原汁原味加分,修旧如旧,urban_renewal,文化,0.668,Very Positive,pos,0.397,0.771,0.881,喜,历史街区,2026-05-05,2026-05 五一·大南门建成文旅爆满,0.643,aspect,修旧如旧,ermawu,ermawu,1,1,修旧如旧,pos,"[""修旧如旧""]",修旧如旧,防止大拆大建通知;关于持续推进城市更新行动的意见,历史街区/历史文化街区保护更新,"[[""urban_renewal"", ""文化"", ""主""], [""urban_operation"", ""文化"", ""次""]]",0.727,0,111.276674,30.69955
ermawu_T3_00613,ermawu,sim_ermawu_l3l4,节假日停车地狱,停车难,urban_governance,设施,0.092,Negative,neg,0.658,0.935,0.898,怒,历史街区,2026-05-03,2026-05 五一·大南门建成文旅爆满,0.617,aspect,停车难,ermawu,ermawu,1,1,停车难,neg,"[""停车难""]",停车难,完整社区(配套设施补齐);一刻钟生活圈,停车设施补齐;配套完善,"[[""urban_governance"", ""设施"", ""主""], [""urban_planning"", ""设施"", ""次""]]",0.942,0,111.276655,30.699609
ermawu_T3_00614,ermawu,sim_ermawu_l3l4,老建筑修得讲究，最小干预看出功夫,修旧如旧,urban_renewal,文化,0.862,Positive,pos,0.315,0.723,0.723,乐,历史街区,2026-05-07,2026-05 五一·大南门建成文旅爆满,0.61,aspect,修旧如旧,ermawu,ermawu,1,1,修旧如旧,pos,"[""修旧如旧""]",修旧如旧,防止大拆大建通知;关于持续推进城市更新行动的意见,历史街区/历史文化街区保护更新,"[[""urban_renewal"", ""文化"", ""主""], [""urban_operation"", ""文化"", ""次""]]",0.714,0,111.277028,30.701841
ermawu_T3_00615,ermawu,sim_ermawu_l3l4,既有文化味更有烟火气，难得,烟火气保留,urban_renewal,文化,0.914,Positive,pos,0.739,0.774,0.77,乐,历史街区,2026-05-02,2026-05 五一·大南门建成文旅爆满,0.862,aspect,烟火气保留,ermawu,ermawu,1,1,烟火气保留,pos,"[""烟火气保留""]",烟火气保留,防止大拆大建通知(留改拆·留底线),历史街区保护更新;社区营造,"[[""urban_renewal"", ""文化"", ""主""], [""urban_renewal"", ""环境"", ""次""]]",0.721,0,111.287434,30.695551
ermawu_T3_00616,ermawu,sim_ermawu_l3l4,开街后人气回来了，热闹得像过年,文旅活力,urban_operation,事件,0.789,Positive,pos,0.366,0.844,0.909,乐,历史街区,2026-05-01,2026-05 五一·大南门建成文旅爆满,0.891,aspect,文旅活力,ermawu,ermawu,1,1,文旅活力,pos,"[""文旅活力""]",文旅活力,"城市更新""十五五""规划(文脉保护;文旅)",文旅品牌;节假日活动组织,"[[""urban_operation"", ""事件"", ""主""], [""urban_operation"", ""文化"", ""次""]]",0.776,1,111.282666,30.690463
ermawu_T3_00617,ermawu,sim_ermawu_l3l4,不大规模搬迁是对的，老街坊还在,回迁安置,urban_renewal,服务,0.667,Positive,pos,0.371,0.727,0.889,乐,历史街区,2026-05-04,2026-05 五一·大南门建成文旅爆满,0.702,aspect,回迁安置,ermawu,ermawu,1,1,回迁安置,pos,"[""回迁安置""]",回迁安置,防止大拆大建通知(不大规模搬迁原住民),回迁安置;原住民保留,"[[""urban_renewal"", ""服务"", ""主""], [""urban_governance"", ""服务"", ""次""]]",0.788,0,111.281108,30.700351
ermawu_T3_00618,ermawu,sim_ermawu_l3l4,开街后人气回来了，热闹得像过年,文旅活力,urban_operation,事件,0.877,Very Positive,pos,0.724,0.873,0.885,乐,历史街区,2026-05-05,2026-05 五一·大南门建成文旅爆满,0.747,aspect,文旅活力,ermawu,ermawu,1,1,文旅活力,pos,"[""文旅活力""]",文旅活力,"城市更新""十五五""规划(文脉保护;文旅)",文旅品牌;节假日活动组织,"[[""urban_operation"", ""事件"", ""主""], [""urban_operation"", ""文化"", ""次""]]",0.691,1,111.28518,30.691727
ermawu_T3_00619,ermawu,sim_ermawu_l3l4,保留原貌真有味道，修新如旧做得好,修旧如旧,urban_renewal,文化,0.836,Positive,pos,0.673,0.806,0.701,喜,历史街区,2026-05-05,2026-05 五一·大南门建成文旅爆满,0.509,aspect,修旧如旧,ermawu,ermawu,1,1,修旧如旧,pos,"[""修旧如旧""]",修旧如旧,防止大拆大建通知;关于持续推进城市更新行动的意见,历史街区/历史文化街区保护更新,"[[""urban_renewal"", ""文化"", ""主""], [""urban_operation"", ""文化"", ""次""]]",0.942,0,111.281592,30.693907
ermawu_T3_00620,ermawu,sim_ermawu_l3l4,文旅复苏，老街活了,文旅活力,urban_operation,事件,0.625,Very Positive,pos,0.652,0.86,0.806,喜,历史街区,2026-05-04,2026-05 五一·大南门建成文旅爆满,0.84,aspect,文旅活力,ermawu,ermawu,1,1,文旅活力,pos,"[""文旅活力""]",文旅活力,"城市更新""十五五""规划(文脉保护;文旅)",文旅品牌;节假日活动组织,"[[""urban_operation"", ""事件"", ""主""], [""urban_operation"", ""文化"", ""次""]]",0.74,1,111.272452,30.697877
ermawu_T3_00621,ermawu,sim_ermawu_l3l4,开街后人气回来了，热闹得像过年,文旅活力,urban_operation,事件,0.945,Positive,pos,0.449,0.812,0.727,喜,历史街区,2026-05-05,2026-05 五一·大南门建成文旅爆满,0.716,aspect,文旅活力,ermawu,ermawu,1,1,文旅活力,pos,"[""文旅活力""]",文旅活力,"城市更新""十五五""规划(文脉保护;文旅)",文旅品牌;节假日活动组织,"[[""urban_operation"", ""事件"", ""主""], [""urban_operation"", ""文化"", ""次""]]",0.858,1,111.284486,30.689799
ermawu_T3_00622,ermawu,sim_ermawu_l3l4,夜经济让老街活了,夜经济,urban_operation,事件,0.877,Positive,pos,0.619,0.753,0.919,喜,历史街区,2026-05-04,2026-05 五一·大南门建成文旅爆满,0.845,aspect,夜经济,ermawu,ermawu,1,1,夜经济,pos,"[""夜经济""]",夜经济,"城市更新""十五五""规划(生活圈扩围;夜经济)",一刻钟便民生活圈建设;夜经济品牌培育,"[[""urban_operation"", ""事件"", ""主""], [""urban_governance"", ""事件"", ""次""]]",0.873,1,111.285644,30.694612
ermawu_T3_00623,ermawu,sim_ermawu_l3l4,文旅复苏，老街活了,文旅活力,urban_operation,事件,0.897,Positive,pos,0.521,0.891,0.856,乐,历史街区,2026-05-05,2026-05 五一·大南门建成文旅爆满,0.673,aspect,文旅活力,ermawu,ermawu,1,1,文旅活力,pos,"[""文旅活力""]",文旅活力,"城市更新""十五五""规划(文脉保护;文旅)",文旅品牌;节假日活动组织,"[[""urban_operation"", ""事件"", ""主""], [""urban_operation"", ""文化"", ""次""]]",0.844,1,111.281261,30.696712
ermawu_T3_00624,ermawu,sim_ermawu_l3l4,"""宜昌""打卡墙出片，复古花墙绝了",网红打卡,urban_operation,文化,0.722,Very Positive,pos,0.774,0.909,0.875,乐,历史街区,2026-05-02,2026-05 五一·大南门建成文旅爆满,0.803,aspect,网红打卡,ermawu,ermawu,1,1,网红打卡,pos,"[""网红打卡""]",网红打卡,"城市更新""十五五""规划(文脉保护传承)",文旅IP打造;文化消费场景,"[[""urban_operation"", ""文化"", ""主""], [""urban_operation"", ""事件"", ""次""]]",0.917,0,111.280272,30.69568
ermawu_T3_00625,ermawu,sim_ermawu_l3l4,文旅复苏，老街活了,文旅活力,urban_operation,事件,0.713,Positive,pos,0.601,0.939,0.814,乐,历史街区,2026-05-02,2026-05 五一·大南门建成文旅爆满,0.479,aspect,文旅活力,ermawu,ermawu,1,1,文旅活力,pos,"[""文旅活力""]",文旅活力,"城市更新""十五五""规划(文脉保护;文旅)",文旅品牌;节假日活动组织,"[[""urban_operation"", ""事件"", ""主""], [""urban_operation"", ""文化"", ""次""]]",0.688,1,111.278784,30.695672
ermawu_T3_00626,ermawu,sim_ermawu_l3l4,老味道还在，没变味,烟火气保留,urban_renewal,文化,0.89,Very Positive,pos,0.629,0.787,0.77,乐,历史街区,2026-05-06,2026-05 五一·大南门建成文旅爆满,0.564,aspect,烟火气保留,ermawu,ermawu,1,1,烟火气保留,pos,"[""烟火气保留""]",烟火气保留,防止大拆大建通知(留改拆·留底线),历史街区保护更新;社区营造,"[[""urban_renewal"", ""文化"", ""主""], [""urban_renewal"", ""环境"", ""次""]]",0.919,0,111.28759,30.692757
ermawu_T3_00627,ermawu,sim_ermawu_l3l4,业态都同质化了，走哪都一样,业态丰富度,urban_operation,服务,0.284,Negative,neg,0.93,0.872,0.725,怒,历史街区,2026-05-04,2026-05 五一·大南门建成文旅爆满,0.799,aspect,业态丰富度,ermawu,ermawu,1,1,业态丰富度,neg,"[""业态丰富度""]",业态丰富度,关于持续推进城市更新行动的意见(业态引导),业态多元化引导;业态调整,"[[""urban_operation"", ""服务"", ""主""], [""urban_renewal"", ""服务"", ""次""]]",0.827,0,111.280462,30.69741
ermawu_T3_00628,ermawu,sim_ermawu_l3l4,开街后人气回来了，热闹得像过年,文旅活力,urban_operation,事件,0.834,Positive,pos,0.603,0.773,0.906,喜,历史街区,2026-05-02,2026-05 五一·大南门建成文旅爆满,0.804,aspect,文旅活力,ermawu,ermawu,1,1,文旅活力,pos,"[""文旅活力""]",文旅活力,"城市更新""十五五""规划(文脉保护;文旅)",文旅品牌;节假日活动组织,"[[""urban_operation"", ""事件"", ""主""], [""urban_operation"", ""文化"", ""次""]]",0.93,1,111.284598,30.692869
ermawu_T3_00629,ermawu,sim_ermawu_l3l4,既有文化味更有烟火气，难得,烟火气保留,urban_renewal,文化,0.76,Positive,pos,0.468,0.821,0.917,喜,历史街区,2026-05-06,2026-05 五一·大南门建成文旅爆满,0.423,aspect,烟火气保留,ermawu,ermawu,1,1,烟火气保留,pos,"[""烟火气保留""]",烟火气保留,防止大拆大建通知(留改拆·留底线),历史街区保护更新;社区营造,"[[""urban_renewal"", ""文化"", ""主""], [""urban_renewal"", ""环境"", ""次""]]",0.752,0,111.280206,30.698498
ermawu_T3_00630,ermawu,sim_ermawu_l3l4,不变拆真改，原汁原味加分,修旧如旧,urban_renewal,文化,0.904,Positive,pos,0.618,0.825,0.774,乐,历史街区,2026-05-04,2026-05 五一·大南门建成文旅爆满,0.433,aspect,修旧如旧,ermawu,ermawu,1,1,修旧如旧,pos,"[""修旧如旧""]",修旧如旧,防止大拆大建通知;关于持续推进城市更新行动的意见,历史街区/历史文化街区保护更新,"[[""urban_renewal"", ""文化"", ""主""], [""urban_operation"", ""文化"", ""次""]]",0.917,0,111.287064,30.695471
ermawu_T3_00631,ermawu,sim_ermawu_l3l4,不大规模搬迁是对的，老街坊还在,回迁安置,urban_renewal,服务,0.827,Positive,pos,0.608,0.846,0.718,乐,历史街区,2026-05-02,2026-05 五一·大南门建成文旅爆满,0.795,aspect,回迁安置,ermawu,ermawu,1,1,回迁安置,pos,"[""回迁安置""]",回迁安置,防止大拆大建通知(不大规模搬迁原住民),回迁安置;原住民保留,"[[""urban_renewal"", ""服务"", ""主""], [""urban_governance"", ""服务"", ""次""]]",0.945,0,111.280729,30.695052
ermawu_T3_00632,ermawu,sim_ermawu_l3l4,老味道还在，没变味,烟火气保留,urban_renewal,文化,0.673,Positive,pos,0.568,0.83,0.759,喜,历史街区,2026-05-01,2026-05 五一·大南门建成文旅爆满,0.781,aspect,烟火气保留,ermawu,ermawu,1,1,烟火气保留,pos,"[""烟火气保留""]",烟火气保留,防止大拆大建通知(留改拆·留底线),历史街区保护更新;社区营造,"[[""urban_renewal"", ""文化"", ""主""], [""urban_renewal"", ""环境"", ""次""]]",0.704,0,111.279151,30.698747
ermawu_T3_00633,ermawu,sim_ermawu_l3l4,开街后人气回来了，热闹得像过年,文旅活力,urban_operation,事件,0.715,Positive,pos,0.38,0.774,0.9,乐,历史街区,2026-05-01,2026-05 五一·大南门建成文旅爆满,0.776,aspect,文旅活力,ermawu,ermawu,1,1,文旅活力,pos,"[""文旅活力""]",文旅活力,"城市更新""十五五""规划(文脉保护;文旅)",文旅品牌;节假日活动组织,"[[""urban_operation"", ""事件"", ""主""], [""urban_operation"", ""文化"", ""次""]]",0.704,1,111.275462,30.698567
ermawu_T3_00634,ermawu,sim_ermawu_l3l4,回迁政策还在等落实,回迁安置,urban_renewal,服务,0.439,Neutral,neu,0.382,0.913,0.712,盼,历史街区,2026-05-02,2026-05 五一·大南门建成文旅爆满,0.657,aspect,回迁安置,ermawu,ermawu,1,1,回迁安置,neu,"[""回迁安置""]",回迁安置,防止大拆大建通知(不大规模搬迁原住民),回迁安置;原住民保留,"[[""urban_renewal"", ""服务"", ""主""], [""urban_governance"", ""服务"", ""次""]]",0.837,0,111.2753,30.698681
ermawu_T3_00635,ermawu,sim_ermawu_l3l4,不大规模搬迁是对的，老街坊还在,回迁安置,urban_renewal,服务,0.706,Very Positive,pos,0.715,0.773,0.779,乐,历史街区,2026-05-04,2026-05 五一·大南门建成文旅爆满,0.481,aspect,回迁安置,ermawu,ermawu,1,1,回迁安置,pos,"[""回迁安置""]",回迁安置,防止大拆大建通知(不大规模搬迁原住民),回迁安置;原住民保留,"[[""urban_renewal"", ""服务"", ""主""], [""urban_governance"", ""服务"", ""次""]]",0.904,0,111.282294,30.693622
ermawu_T3_00636,ermawu,sim_ermawu_l3l4,二马路修旧如旧，百年老街焕发新生,修旧如旧,urban_renewal,文化,0.758,Positive,pos,0.714,0.911,0.76,喜,历史街区,2026-05-02,2026-05 五一·大南门建成文旅爆满,0.71,aspect,修旧如旧,ermawu,ermawu,1,1,修旧如旧,pos,"[""修旧如旧""]",修旧如旧,防止大拆大建通知;关于持续推进城市更新行动的意见,历史街区/历史文化街区保护更新,"[[""urban_renewal"", ""文化"", ""主""], [""urban_operation"", ""文化"", ""次""]]",0.78,0,111.281483,30.694407
ermawu_T3_00637,ermawu,sim_ermawu_l3l4,文旅复苏，老街活了,文旅活力,urban_operation,事件,0.704,Positive,pos,0.44,0.811,0.851,喜,历史街区,2026-05-01,2026-05 五一·大南门建成文旅爆满,0.669,aspect,文旅活力,ermawu,ermawu,1,1,文旅活力,pos,"[""文旅活力""]",文旅活力,"城市更新""十五五""规划(文脉保护;文旅)",文旅品牌;节假日活动组织,"[[""urban_operation"", ""事件"", ""主""], [""urban_operation"", ""文化"", ""次""]]",0.892,1,111.281991,30.691609
ermawu_T3_00638,ermawu,sim_ermawu_l3l4,业态有调性，不低端,业态丰富度,urban_operation,服务,0.84,Positive,pos,0.615,0.872,0.728,喜,历史街区,2026-05-02,2026-05 五一·大南门建成文旅爆满,0.41,aspect,业态丰富度,ermawu,ermawu,1,1,业态丰富度,pos,"[""业态丰富度""]",业态丰富度,关于持续推进城市更新行动的意见(业态引导),业态多元化引导;业态调整,"[[""urban_operation"", ""服务"", ""主""], [""urban_renewal"", ""服务"", ""次""]]",0.894,0,111.284526,30.690655
ermawu_T3_00639,ermawu,sim_ermawu_l3l4,文旅复苏，老街活了,文旅活力,urban_operation,事件,0.634,Very Positive,pos,0.363,0.726,0.778,喜,历史街区,2026-05-07,2026-05 五一·大南门建成文旅爆满,0.714,aspect,文旅活力,ermawu,ermawu,1,1,文旅活力,pos,"[""文旅活力""]",文旅活力,"城市更新""十五五""规划(文脉保护;文旅)",文旅品牌;节假日活动组织,"[[""urban_operation"", ""事件"", ""主""], [""urban_operation"", ""文化"", ""次""]]",0.933,1,111.27955,30.695806
ermawu_T3_00640,ermawu,sim_ermawu_l3l4,开街后人气回来了，热闹得像过年,文旅活力,urban_operation,事件,0.651,Positive,pos,0.386,0.923,0.831,乐,历史街区,2026-05-05,2026-05 五一·大南门建成文旅爆满,0.798,aspect,文旅活力,ermawu,ermawu,1,1,文旅活力,pos,"[""文旅活力""]",文旅活力,"城市更新""十五五""规划(文脉保护;文旅)",文旅品牌;节假日活动组织,"[[""urban_operation"", ""事件"", ""主""], [""urban_operation"", ""文化"", ""次""]]",0.722,1,111.275609,30.698317
ermawu_T3_00641,ermawu,sim_ermawu_l3l4,老建筑修得讲究，最小干预看出功夫,修旧如旧,urban_renewal,文化,0.83,Very Positive,pos,0.418,0.926,0.809,喜,历史街区,2026-05-06,2026-05 五一·大南门建成文旅爆满,0.729,aspect,修旧如旧,ermawu,ermawu,1,1,修旧如旧,pos,"[""修旧如旧""]",修旧如旧,防止大拆大建通知;关于持续推进城市更新行动的意见,历史街区/历史文化街区保护更新,"[[""urban_renewal"", ""文化"", ""主""], [""urban_operation"", ""文化"", ""次""]]",0.718,0,111.272944,30.69757
ermawu_T3_00642,ermawu,sim_ermawu_l3l4,回迁安置拖很久,回迁安置,urban_renewal,服务,0.355,Very Negative,neg,0.661,0.869,0.877,愁,历史街区,2026-05-07,2026-05 五一·大南门建成文旅爆满,0.5,aspect,回迁安置,ermawu,ermawu,1,1,回迁安置,neg,"[""回迁安置""]",回迁安置,防止大拆大建通知(不大规模搬迁原住民),回迁安置;原住民保留,"[[""urban_renewal"", ""服务"", ""主""], [""urban_governance"", ""服务"", ""次""]]",0.876,0,111.284072,30.697698
ermawu_T3_00643,ermawu,sim_ermawu_l3l4,夜幕降临热闹起来，有活力,夜经济,urban_operation,事件,0.918,Very Positive,pos,0.668,0.727,0.832,乐,历史街区,2026-05-07,2026-05 五一·大南门建成文旅爆满,0.828,aspect,夜经济,ermawu,ermawu,1,1,夜经济,pos,"[""夜经济""]",夜经济,"城市更新""十五五""规划(生活圈扩围;夜经济)",一刻钟便民生活圈建设;夜经济品牌培育,"[[""urban_operation"", ""事件"", ""主""], [""urban_governance"", ""事件"", ""次""]]",0.775,1,111.28482,30.690412
ermawu_T3_00644,ermawu,sim_ermawu_l3l4,下沉广场水景配老街，拍照绝佳,网红打卡,urban_operation,文化,0.734,Very Positive,pos,0.712,0.839,0.758,喜,历史街区,2026-05-06,2026-05 五一·大南门建成文旅爆满,0.803,aspect,网红打卡,ermawu,ermawu,1,1,网红打卡,pos,"[""网红打卡""]",网红打卡,"城市更新""十五五""规划(文脉保护传承)",文旅IP打造;文化消费场景,"[[""urban_operation"", ""文化"", ""主""], [""urban_operation"", ""事件"", ""次""]]",0.902,0,111.281785,30.691045
ermawu_T3_00645,ermawu,sim_ermawu_l3l4,夜经济让老街活了,夜经济,urban_operation,事件,0.843,Very Positive,pos,0.341,0.944,0.73,喜,历史街区,2026-05-06,2026-05 五一·大南门建成文旅爆满,0.873,aspect,夜经济,ermawu,ermawu,1,1,夜经济,pos,"[""夜经济""]",夜经济,"城市更新""十五五""规划(生活圈扩围;夜经济)",一刻钟便民生活圈建设;夜经济品牌培育,"[[""urban_operation"", ""事件"", ""主""], [""urban_governance"", ""事件"", ""次""]]",0.912,1,111.282304,30.696966
ermawu_T3_00646,ermawu,sim_ermawu_l3l4,烟火气没了，商业化太重,烟火气保留,urban_renewal,文化,0.284,Very Negative,neg,0.74,0.835,0.776,哀,历史街区,2026-05-02,2026-05 五一·大南门建成文旅爆满,0.842,aspect,烟火气保留,ermawu,ermawu,1,1,烟火气保留,neg,"[""烟火气保留""]",烟火气保留,防止大拆大建通知(留改拆·留底线),历史街区保护更新;社区营造,"[[""urban_renewal"", ""文化"", ""主""], [""urban_renewal"", ""环境"", ""次""]]",0.875,0,111.278241,30.696724
ermawu_T3_00647,ermawu,sim_ermawu_l3l4,停车太难，绕三圈找不到,停车难,urban_governance,设施,0.379,Very Negative,neg,0.7,0.756,0.73,愁,历史街区,2026-05-07,2026-05 五一·大南门建成文旅爆满,0.508,aspect,停车难,ermawu,ermawu,1,1,停车难,neg,"[""停车难""]",停车难,完整社区(配套设施补齐);一刻钟生活圈,停车设施补齐;配套完善,"[[""urban_governance"", ""设施"", ""主""], [""urban_planning"", ""设施"", ""次""]]",0.756,0,111.284857,30.691524
ermawu_T3_00648,ermawu,sim_ermawu_l3l4,人太多挤得慌，根本走不动,文旅活力,urban_operation,事件,0.306,Negative,neg,0.743,0.867,0.815,哀,历史街区,2026-05-04,2026-05 五一·大南门建成文旅爆满,0.884,aspect,文旅活力,ermawu,ermawu,1,1,文旅活力,neg,"[""文旅活力""]",文旅活力,"城市更新""十五五""规划(文脉保护;文旅)",文旅品牌;节假日活动组织,"[[""urban_operation"", ""事件"", ""主""], [""urban_operation"", ""文化"", ""次""]]",0.771,1,111.275217,30.695861
ermawu_T3_00649,ermawu,sim_ermawu_l3l4,二马路修旧如旧，百年老街焕发新生,修旧如旧,urban_renewal,文化,0.675,Positive,pos,0.545,0.732,0.786,乐,历史街区,2026-05-02,2026-05 五一·大南门建成文旅爆满,0.431,aspect,修旧如旧,ermawu,ermawu,1,1,修旧如旧,pos,"[""修旧如旧""]",修旧如旧,防止大拆大建通知;关于持续推进城市更新行动的意见,历史街区/历史文化街区保护更新,"[[""urban_renewal"", ""文化"", ""主""], [""urban_operation"", ""文化"", ""次""]]",0.749,0,111.280051,30.696213
ermawu_T3_00650,ermawu,sim_ermawu_l3l4,烟火气这东西见仁见智,烟火气保留,urban_renewal,文化,0.441,Neutral,neu,0.635,0.898,0.878,盼,历史街区,2026-05-04,2026-05 五一·大南门建成文旅爆满,0.57,aspect,烟火气保留,ermawu,ermawu,1,1,烟火气保留,neu,"[""烟火气保留""]",烟火气保留,防止大拆大建通知(留改拆·留底线),历史街区保护更新;社区营造,"[[""urban_renewal"", ""文化"", ""主""], [""urban_renewal"", ""环境"", ""次""]]",0.749,0,111.279531,30.699327
ermawu_T3_00651,ermawu,sim_ermawu_l3l4,原住民留着，街区还活着,烟火气保留,urban_renewal,文化,0.842,Positive,pos,0.61,0.888,0.829,喜,历史街区,2026-05-01,2026-05 五一·大南门建成文旅爆满,0.763,aspect,烟火气保留,ermawu,ermawu,1,1,烟火气保留,pos,"[""烟火气保留""]",烟火气保留,防止大拆大建通知(留改拆·留底线),历史街区保护更新;社区营造,"[[""urban_renewal"", ""文化"", ""主""], [""urban_renewal"", ""环境"", ""次""]]",0.892,0,111.285419,30.697317
ermawu_T3_00652,ermawu,sim_ermawu_l3l4,连锁店太多，没特色,业态丰富度,urban_operation,服务,0.273,Negative,neg,0.687,0.778,0.815,哀,历史街区,2026-05-06,2026-05 五一·大南门建成文旅爆满,0.593,aspect,业态丰富度,ermawu,ermawu,1,1,业态丰富度,neg,"[""业态丰富度""]",业态丰富度,关于持续推进城市更新行动的意见(业态引导),业态多元化引导;业态调整,"[[""urban_operation"", ""服务"", ""主""], [""urban_renewal"", ""服务"", ""次""]]",0.693,0,111.285422,30.698455
ermawu_T3_00653,ermawu,sim_ermawu_l3l4,下沉广场水景配老街，拍照绝佳,网红打卡,urban_operation,文化,0.906,Positive,pos,0.539,0.768,0.82,喜,历史街区,2026-05-06,2026-05 五一·大南门建成文旅爆满,0.835,aspect,网红打卡,ermawu,ermawu,1,1,网红打卡,pos,"[""网红打卡""]",网红打卡,"城市更新""十五五""规划(文脉保护传承)",文旅IP打造;文化消费场景,"[[""urban_operation"", ""文化"", ""主""], [""urban_operation"", ""事件"", ""次""]]",0.863,0,111.274419,30.701109
ermawu_T3_00654,ermawu,sim_ermawu_l3l4,下沉广场水景配老街，拍照绝佳,网红打卡,urban_operation,文化,0.894,Positive,pos,0.647,0.915,0.911,乐,历史街区,2026-05-04,2026-05 五一·大南门建成文旅爆满,0.847,aspect,网红打卡,ermawu,ermawu,1,1,网红打卡,pos,"[""网红打卡""]",网红打卡,"城市更新""十五五""规划(文脉保护传承)",文旅IP打造;文化消费场景,"[[""urban_operation"", ""文化"", ""主""], [""urban_operation"", ""事件"", ""次""]]",0.808,0,111.283819,30.696272
ermawu_T3_00655,ermawu,sim_ermawu_l3l4,文旅复苏，老街活了,文旅活力,urban_operation,事件,0.704,Positive,pos,0.415,0.862,0.726,乐,历史街区,2026-05-06,2026-05 五一·大南门建成文旅爆满,0.607,aspect,文旅活力,ermawu,ermawu,1,1,文旅活力,pos,"[""文旅活力""]",文旅活力,"城市更新""十五五""规划(文脉保护;文旅)",文旅品牌;节假日活动组织,"[[""urban_operation"", ""事件"", ""主""], [""urban_operation"", ""文化"", ""次""]]",0.924,1,111.285829,30.694588
ermawu_T3_00656,ermawu,sim_ermawu_l3l4,业态还在调整中,业态丰富度,urban_operation,服务,0.55,Neutral,neu,0.304,0.844,0.858,盼,历史街区,2026-05-05,2026-05 五一·大南门建成文旅爆满,0.476,aspect,业态丰富度,ermawu,ermawu,1,1,业态丰富度,neu,"[""业态丰富度""]",业态丰富度,关于持续推进城市更新行动的意见(业态引导),业态多元化引导;业态调整,"[[""urban_operation"", ""服务"", ""主""], [""urban_renewal"", ""服务"", ""次""]]",0.827,0,111.284203,30.69655
ermawu_T3_00657,ermawu,sim_ermawu_l3l4,二马路成了网红打卡地，年轻人多,网红打卡,urban_operation,文化,0.789,Very Positive,pos,0.384,0.824,0.756,喜,历史街区,2026-05-03,2026-05 五一·大南门建成文旅爆满,0.565,aspect,网红打卡,ermawu,ermawu,1,1,网红打卡,pos,"[""网红打卡""]",网红打卡,"城市更新""十五五""规划(文脉保护传承)",文旅IP打造;文化消费场景,"[[""urban_operation"", ""文化"", ""主""], [""urban_operation"", ""事件"", ""次""]]",0.855,0,111.279929,30.698243
ermawu_T3_00658,ermawu,sim_ermawu_l3l4,保留原貌真有味道，修新如旧做得好,修旧如旧,urban_renewal,文化,0.43,Neutral,neu,0.613,0.941,0.774,急,历史街区,2026-05-03,2026-05 五一·大南门建成文旅爆满,0.476,aspect,修旧如旧,ermawu,ermawu,1,1,修旧如旧,neu,"[""修旧如旧""]",修旧如旧,防止大拆大建通知;关于持续推进城市更新行动的意见,历史街区/历史文化街区保护更新,"[[""urban_renewal"", ""文化"", ""主""], [""urban_operation"", ""文化"", ""次""]]",0.888,0,111.282221,30.694937
ermawu_T3_00659,ermawu,sim_ermawu_l3l4,烟火气没了，商业化太重,烟火气保留,urban_renewal,文化,0.372,Very Negative,neg,0.641,0.937,0.8,怒,历史街区,2026-05-02,2026-05 五一·大南门建成文旅爆满,0.57,aspect,烟火气保留,ermawu,ermawu,1,1,烟火气保留,neg,"[""烟火气保留""]",烟火气保留,防止大拆大建通知(留改拆·留底线),历史街区保护更新;社区营造,"[[""urban_renewal"", ""文化"", ""主""], [""urban_renewal"", ""环境"", ""次""]]",0.868,0,111.277509,30.694828
ermawu_T3_00660,ermawu,sim_ermawu_l3l4,业态有调性，不低端,业态丰富度,urban_operation,服务,0.678,Very Positive,pos,0.611,0.894,0.775,乐,历史街区,2026-05-06,2026-05 五一·大南门建成文旅爆满,0.759,aspect,业态丰富度,ermawu,ermawu,1,1,业态丰富度,pos,"[""业态丰富度""]",业态丰富度,关于持续推进城市更新行动的意见(业态引导),业态多元化引导;业态调整,"[[""urban_operation"", ""服务"", ""主""], [""urban_renewal"", ""服务"", ""次""]]",0.778,0,111.279894,30.695448
ermawu_T3_00661,ermawu,sim_ermawu_l3l4,业态有调性，不低端,业态丰富度,urban_operation,服务,0.861,Very Positive,pos,0.582,0.902,0.704,乐,历史街区,2026-05-01,2026-05 五一·大南门建成文旅爆满,0.853,aspect,业态丰富度,ermawu,ermawu,1,1,业态丰富度,pos,"[""业态丰富度""]",业态丰富度,关于持续推进城市更新行动的意见(业态引导),业态多元化引导;业态调整,"[[""urban_operation"", ""服务"", ""主""], [""urban_renewal"", ""服务"", ""次""]]",0.816,0,111.274515,30.69666
ermawu_T3_00662,ermawu,sim_ermawu_l3l4,"""宜昌""打卡墙出片，复古花墙绝了",网红打卡,urban_operation,文化,0.786,Very Positive,pos,0.473,0.836,0.73,喜,历史街区,2026-05-05,2026-05 五一·大南门建成文旅爆满,0.608,aspect,网红打卡,ermawu,ermawu,1,1,网红打卡,pos,"[""网红打卡""]",网红打卡,"城市更新""十五五""规划(文脉保护传承)",文旅IP打造;文化消费场景,"[[""urban_operation"", ""文化"", ""主""], [""urban_operation"", ""事件"", ""次""]]",0.912,0,111.281973,30.692719
ermawu_T3_00663,ermawu,sim_ermawu_l3l4,五一10万人，体验拉胯,文旅活力,urban_operation,事件,0.043,Negative,neg,0.633,0.903,0.843,愁,历史街区,2026-05-01,2026-05 五一·大南门建成文旅爆满,0.669,aspect,文旅活力,ermawu,ermawu,1,1,文旅活力,neg,"[""文旅活力""]",文旅活力,"城市更新""十五五""规划(文脉保护;文旅)",文旅品牌;节假日活动组织,"[[""urban_operation"", ""事件"", ""主""], [""urban_operation"", ""文化"", ""次""]]",0.859,1,111.27523,30.699366
ermawu_T3_00664,ermawu,sim_ermawu_l3l4,业态有调性，不低端,业态丰富度,urban_operation,服务,0.666,Very Positive,pos,0.509,0.903,0.798,喜,历史街区,2026-05-01,2026-05 五一·大南门建成文旅爆满,0.629,aspect,业态丰富度,ermawu,ermawu,1,1,业态丰富度,pos,"[""业态丰富度""]",业态丰富度,关于持续推进城市更新行动的意见(业态引导),业态多元化引导;业态调整,"[[""urban_operation"", ""服务"", ""主""], [""urban_renewal"", ""服务"", ""次""]]",0.856,0,111.27619,30.70039
ermawu_T3_00665,ermawu,sim_ermawu_l3l4,"""宜昌""打卡墙出片，复古花墙绝了",网红打卡,urban_operation,文化,0.63,Positive,pos,0.45,0.849,0.865,喜,历史街区,2026-05-06,2026-05 五一·大南门建成文旅爆满,0.499,aspect,网红打卡,ermawu,ermawu,1,1,网红打卡,pos,"[""网红打卡""]",网红打卡,"城市更新""十五五""规划(文脉保护传承)",文旅IP打造;文化消费场景,"[[""urban_operation"", ""文化"", ""主""], [""urban_operation"", ""事件"", ""次""]]",0.763,0,111.285589,30.693572
ermawu_T3_00666,ermawu,sim_ermawu_l3l4,烟火气没了，商业化太重,烟火气保留,urban_renewal,文化,0.042,Very Negative,neg,0.623,0.844,0.847,怒,历史街区,2026-05-06,2026-05 五一·大南门建成文旅爆满,0.616,aspect,烟火气保留,ermawu,ermawu,1,1,烟火气保留,neg,"[""烟火气保留""]",烟火气保留,防止大拆大建通知(留改拆·留底线),历史街区保护更新;社区营造,"[[""urban_renewal"", ""文化"", ""主""], [""urban_renewal"", ""环境"", ""次""]]",0.783,0,111.281851,30.694913
ermawu_T3_00667,ermawu,sim_ermawu_l3l4,"""宜昌""打卡墙出片，复古花墙绝了",网红打卡,urban_operation,文化,0.865,Very Positive,pos,0.753,0.898,0.861,喜,历史街区,2026-05-01,2026-05 五一·大南门建成文旅爆满,0.646,aspect,网红打卡,ermawu,ermawu,1,1,网红打卡,pos,"[""网红打卡""]",网红打卡,"城市更新""十五五""规划(文脉保护传承)",文旅IP打造;文化消费场景,"[[""urban_operation"", ""文化"", ""主""], [""urban_operation"", ""事件"", ""次""]]",0.805,0,111.283233,30.694153
ermawu_T3_00668,ermawu,sim_ermawu_l3l4,下沉广场水景配老街，拍照绝佳,网红打卡,urban_operation,文化,0.923,Positive,pos,0.774,0.939,0.727,喜,历史街区,2026-05-07,2026-05 五一·大南门建成文旅爆满,0.424,aspect,网红打卡,ermawu,ermawu,1,1,网红打卡,pos,"[""网红打卡""]",网红打卡,"城市更新""十五五""规划(文脉保护传承)",文旅IP打造;文化消费场景,"[[""urban_operation"", ""文化"", ""主""], [""urban_operation"", ""事件"", ""次""]]",0.814,0,111.28434,30.694304
ermawu_T3_00669,ermawu,sim_ermawu_l3l4,夜幕降临热闹起来，有活力,夜经济,urban_operation,事件,0.805,Very Positive,pos,0.351,0.751,0.707,喜,历史街区,2026-05-05,2026-05 五一·大南门建成文旅爆满,0.855,aspect,夜经济,ermawu,ermawu,1,1,夜经济,pos,"[""夜经济""]",夜经济,"城市更新""十五五""规划(生活圈扩围;夜经济)",一刻钟便民生活圈建设;夜经济品牌培育,"[[""urban_operation"", ""事件"", ""主""], [""urban_governance"", ""事件"", ""次""]]",0.762,1,111.275174,30.699359
ermawu_T3_00670,ermawu,sim_ermawu_l3l4,老建筑修得讲究，最小干预看出功夫,修旧如旧,urban_renewal,文化,0.492,Neutral,neu,0.642,0.735,0.866,急,历史街区,2026-05-05,2026-05 五一·大南门建成文旅爆满,0.672,aspect,修旧如旧,ermawu,ermawu,1,1,修旧如旧,neu,"[""修旧如旧""]",修旧如旧,防止大拆大建通知;关于持续推进城市更新行动的意见,历史街区/历史文化街区保护更新,"[[""urban_renewal"", ""文化"", ""主""], [""urban_operation"", ""文化"", ""次""]]",0.91,0,111.282132,30.697588
ermawu_T3_00671,ermawu,sim_ermawu_l3l4,原住民留着，街区还活着,烟火气保留,urban_renewal,文化,0.648,Very Positive,pos,0.694,0.74,0.9,乐,历史街区,2026-05-04,2026-05 五一·大南门建成文旅爆满,0.843,aspect,烟火气保留,ermawu,ermawu,1,1,烟火气保留,pos,"[""烟火气保留""]",烟火气保留,防止大拆大建通知(留改拆·留底线),历史街区保护更新;社区营造,"[[""urban_renewal"", ""文化"", ""主""], [""urban_renewal"", ""环境"", ""次""]]",0.734,0,111.284193,30.697744
ermawu_T3_00672,ermawu,sim_ermawu_l3l4,二马路成了网红打卡地，年轻人多,网红打卡,urban_operation,文化,0.93,Positive,pos,0.632,0.915,0.79,喜,历史街区,2026-05-05,2026-05 五一·大南门建成文旅爆满,0.507,aspect,网红打卡,ermawu,ermawu,1,1,网红打卡,pos,"[""网红打卡""]",网红打卡,"城市更新""十五五""规划(文脉保护传承)",文旅IP打造;文化消费场景,"[[""urban_operation"", ""文化"", ""主""], [""urban_operation"", ""事件"", ""次""]]",0.686,0,111.286504,30.694844
ermawu_T3_00673,ermawu,sim_ermawu_l3l4,二马路修旧如旧，百年老街焕发新生,修旧如旧,urban_renewal,文化,0.957,Positive,pos,0.627,0.827,0.909,乐,历史街区,2026-05-03,2026-05 五一·大南门建成文旅爆满,0.511,aspect,修旧如旧,ermawu,ermawu,1,1,修旧如旧,pos,"[""修旧如旧""]",修旧如旧,防止大拆大建通知;关于持续推进城市更新行动的意见,历史街区/历史文化街区保护更新,"[[""urban_renewal"", ""文化"", ""主""], [""urban_operation"", ""文化"", ""次""]]",0.83,0,111.280094,30.698228
ermawu_T3_00674,ermawu,sim_ermawu_l3l4,二马路成了网红打卡地，年轻人多,网红打卡,urban_operation,文化,0.789,Very Positive,pos,0.791,0.831,0.823,乐,历史街区,2026-05-01,2026-05 五一·大南门建成文旅爆满,0.412,aspect,网红打卡,ermawu,ermawu,1,1,网红打卡,pos,"[""网红打卡""]",网红打卡,"城市更新""十五五""规划(文脉保护传承)",文旅IP打造;文化消费场景,"[[""urban_operation"", ""文化"", ""主""], [""urban_operation"", ""事件"", ""次""]]",0.804,0,111.278319,30.69893
ermawu_T3_00675,ermawu,sim_ermawu_l3l4,业态单一，逛一次就够,业态丰富度,urban_operation,服务,0.24,Very Negative,neg,0.787,0.922,0.701,愁,历史街区,2026-05-03,2026-05 五一·大南门建成文旅爆满,0.783,aspect,业态丰富度,ermawu,ermawu,1,1,业态丰富度,neg,"[""业态丰富度""]",业态丰富度,关于持续推进城市更新行动的意见(业态引导),业态多元化引导;业态调整,"[[""urban_operation"", ""服务"", ""主""], [""urban_renewal"", ""服务"", ""次""]]",0.909,0,111.28448,30.689803
ermawu_T3_00676,ermawu,sim_ermawu_l3l4,打卡墙前要排队,网红打卡,urban_operation,文化,0.407,Neutral,neu,0.786,0.742,0.712,急,历史街区,2026-05-07,2026-05 五一·大南门建成文旅爆满,0.429,aspect,网红打卡,ermawu,ermawu,1,1,网红打卡,neu,"[""网红打卡""]",网红打卡,"城市更新""十五五""规划(文脉保护传承)",文旅IP打造;文化消费场景,"[[""urban_operation"", ""文化"", ""主""], [""urban_operation"", ""事件"", ""次""]]",0.877,0,111.275361,30.697843
ermawu_T3_00677,ermawu,sim_ermawu_l3l4,保留原貌真有味道，修新如旧做得好,修旧如旧,urban_renewal,文化,0.651,Very Positive,pos,0.306,0.829,0.715,喜,历史街区,2026-05-02,2026-05 五一·大南门建成文旅爆满,0.434,aspect,修旧如旧,ermawu,ermawu,1,1,修旧如旧,pos,"[""修旧如旧""]",修旧如旧,防止大拆大建通知;关于持续推进城市更新行动的意见,历史街区/历史文化街区保护更新,"[[""urban_renewal"", ""文化"", ""主""], [""urban_operation"", ""文化"", ""次""]]",0.833,0,111.288839,30.694019
ermawu_T3_00678,ermawu,sim_ermawu_l3l4,周边夜市烟火升腾，烧烤烤鱼小吃全有,夜经济,urban_operation,事件,0.632,Positive,pos,0.462,0.919,0.78,乐,历史街区,2026-05-03,2026-05 五一·大南门建成文旅爆满,0.468,aspect,夜经济,ermawu,ermawu,1,1,夜经济,pos,"[""夜经济""]",夜经济,"城市更新""十五五""规划(生活圈扩围;夜经济)",一刻钟便民生活圈建设;夜经济品牌培育,"[[""urban_operation"", ""事件"", ""主""], [""urban_governance"", ""事件"", ""次""]]",0.877,1,111.277606,30.698094
ermawu_T3_00679,ermawu,sim_ermawu_l3l4,老味道还在，没变味,烟火气保留,urban_renewal,文化,0.81,Very Positive,pos,0.675,0.859,0.706,乐,历史街区,2026-05-06,2026-05 五一·大南门建成文旅爆满,0.566,aspect,烟火气保留,ermawu,ermawu,1,1,烟火气保留,pos,"[""烟火气保留""]",烟火气保留,防止大拆大建通知(留改拆·留底线),历史街区保护更新;社区营造,"[[""urban_renewal"", ""文化"", ""主""], [""urban_renewal"", ""环境"", ""次""]]",0.716,0,111.276772,30.697646
ermawu_T3_00680,ermawu,sim_ermawu_l3l4,打卡墙前要排队,网红打卡,urban_operation,文化,0.593,Neutral,neu,0.378,0.848,0.848,急,历史街区,2026-05-06,2026-05 五一·大南门建成文旅爆满,0.881,aspect,网红打卡,ermawu,ermawu,1,1,网红打卡,neu,"[""网红打卡""]",网红打卡,"城市更新""十五五""规划(文脉保护传承)",文旅IP打造;文化消费场景,"[[""urban_operation"", ""文化"", ""主""], [""urban_operation"", ""事件"", ""次""]]",0.772,0,111.284069,30.691492
ermawu_T3_00681,ermawu,sim_ermawu_l3l4,回迁安置拖很久,回迁安置,urban_renewal,服务,0.171,Very Negative,neg,0.68,0.942,0.709,愁,历史街区,2026-05-06,2026-05 五一·大南门建成文旅爆满,0.854,aspect,回迁安置,ermawu,ermawu,1,1,回迁安置,neg,"[""回迁安置""]",回迁安置,防止大拆大建通知(不大规模搬迁原住民),回迁安置;原住民保留,"[[""urban_renewal"", ""服务"", ""主""], [""urban_governance"", ""服务"", ""次""]]",0.762,0,111.279241,30.695852
ermawu_T3_00682,ermawu,sim_ermawu_l3l4,二马路成了网红打卡地，年轻人多,网红打卡,urban_operation,文化,0.804,Positive,pos,0.432,0.905,0.841,喜,历史街区,2026-05-06,2026-05 五一·大南门建成文旅爆满,0.574,aspect,网红打卡,ermawu,ermawu,1,1,网红打卡,pos,"[""网红打卡""]",网红打卡,"城市更新""十五五""规划(文脉保护传承)",文旅IP打造;文化消费场景,"[[""urban_operation"", ""文化"", ""主""], [""urban_operation"", ""事件"", ""次""]]",0.686,0,111.275078,30.696624
ermawu_T3_00683,ermawu,sim_ermawu_l3l4,业态单一，逛一次就够,业态丰富度,urban_operation,服务,0.392,Negative,neg,0.87,0.847,0.741,哀,历史街区,2026-05-04,2026-05 五一·大南门建成文旅爆满,0.4,aspect,业态丰富度,ermawu,ermawu,1,1,业态丰富度,neg,"[""业态丰富度""]",业态丰富度,关于持续推进城市更新行动的意见(业态引导),业态多元化引导;业态调整,"[[""urban_operation"", ""服务"", ""主""], [""urban_renewal"", ""服务"", ""次""]]",0.757,0,111.282746,30.694059
ermawu_T3_00684,ermawu,sim_ermawu_l3l4,夜经济还在培育,夜经济,urban_operation,事件,0.499,Neutral,neu,0.571,0.935,0.761,盼,历史街区,2026-05-02,2026-05 五一·大南门建成文旅爆满,0.571,aspect,夜经济,ermawu,ermawu,1,1,夜经济,neu,"[""夜经济""]",夜经济,"城市更新""十五五""规划(生活圈扩围;夜经济)",一刻钟便民生活圈建设;夜经济品牌培育,"[[""urban_operation"", ""事件"", ""主""], [""urban_governance"", ""事件"", ""次""]]",0.817,1,111.27501,30.697307
ermawu_T3_00685,ermawu,sim_ermawu_l3l4,周边夜市烟火升腾，烧烤烤鱼小吃全有,夜经济,urban_operation,事件,0.835,Positive,pos,0.72,0.741,0.726,喜,历史街区,2026-05-05,2026-05 五一·大南门建成文旅爆满,0.892,aspect,夜经济,ermawu,ermawu,1,1,夜经济,pos,"[""夜经济""]",夜经济,"城市更新""十五五""规划(生活圈扩围;夜经济)",一刻钟便民生活圈建设;夜经济品牌培育,"[[""urban_operation"", ""事件"", ""主""], [""urban_governance"", ""事件"", ""次""]]",0.74,1,111.288673,30.69339
ermawu_T3_00686,ermawu,sim_ermawu_l3l4,原住民留着，街区还活着,烟火气保留,urban_renewal,文化,0.864,Positive,pos,0.5,0.817,0.805,乐,历史街区,2026-05-05,2026-05 五一·大南门建成文旅爆满,0.898,aspect,烟火气保留,ermawu,ermawu,1,1,烟火气保留,pos,"[""烟火气保留""]",烟火气保留,防止大拆大建通知(留改拆·留底线),历史街区保护更新;社区营造,"[[""urban_renewal"", ""文化"", ""主""], [""urban_renewal"", ""环境"", ""次""]]",0.722,0,111.27928,30.699671
ermawu_T3_00687,ermawu,sim_ermawu_l3l4,配套停车跟不上热度,停车难,urban_governance,设施,0.253,Very Negative,neg,0.586,0.799,0.874,愁,历史街区,2026-05-02,2026-05 五一·大南门建成文旅爆满,0.622,aspect,停车难,ermawu,ermawu,1,1,停车难,neg,"[""停车难""]",停车难,完整社区(配套设施补齐);一刻钟生活圈,停车设施补齐;配套完善,"[[""urban_governance"", ""设施"", ""主""], [""urban_planning"", ""设施"", ""次""]]",0.931,0,111.275933,30.700407
ermawu_T3_00688,ermawu,sim_ermawu_l3l4,文创老店+特色美食，业态丰富,业态丰富度,urban_operation,服务,0.822,Very Positive,pos,0.635,0.935,0.814,喜,历史街区,2026-05-03,2026-05 五一·大南门建成文旅爆满,0.607,aspect,业态丰富度,ermawu,ermawu,1,1,业态丰富度,pos,"[""业态丰富度""]",业态丰富度,关于持续推进城市更新行动的意见(业态引导),业态多元化引导;业态调整,"[[""urban_operation"", ""服务"", ""主""], [""urban_renewal"", ""服务"", ""次""]]",0.79,0,111.279749,30.694518
ermawu_T3_00689,ermawu,sim_ermawu_l3l4,五一日均1.5万人，百年老街出圈了,文旅活力,urban_operation,事件,0.931,Positive,pos,0.651,0.896,0.731,乐,历史街区,2026-05-05,2026-05 五一·大南门建成文旅爆满,0.897,aspect,文旅活力,ermawu,ermawu,1,1,文旅活力,pos,"[""文旅活力""]",文旅活力,"城市更新""十五五""规划(文脉保护;文旅)",文旅品牌;节假日活动组织,"[[""urban_operation"", ""事件"", ""主""], [""urban_operation"", ""文化"", ""次""]]",0.825,1,111.27376,30.700652
ermawu_T3_00690,ermawu,sim_ermawu_l3l4,原住民留着，街区还活着,烟火气保留,urban_renewal,文化,0.789,Positive,pos,0.343,0.88,0.892,乐,历史街区,2026-05-03,2026-05 五一·大南门建成文旅爆满,0.573,aspect,烟火气保留,ermawu,ermawu,1,1,烟火气保留,pos,"[""烟火气保留""]",烟火气保留,防止大拆大建通知(留改拆·留底线),历史街区保护更新;社区营造,"[[""urban_renewal"", ""文化"", ""主""], [""urban_renewal"", ""环境"", ""次""]]",0.915,0,111.272507,30.697552
ermawu_T3_00691,ermawu,sim_ermawu_l3l4,二马路修旧如旧，百年老街焕发新生,修旧如旧,urban_renewal,文化,0.829,Positive,pos,0.781,0.884,0.77,喜,历史街区,2026-05-03,2026-05 五一·大南门建成文旅爆满,0.84,aspect,修旧如旧,ermawu,ermawu,1,1,修旧如旧,pos,"[""修旧如旧""]",修旧如旧,防止大拆大建通知;关于持续推进城市更新行动的意见,历史街区/历史文化街区保护更新,"[[""urban_renewal"", ""文化"", ""主""], [""urban_operation"", ""文化"", ""次""]]",0.885,0,111.278843,30.699023
ermawu_T3_00692,ermawu,sim_ermawu_l3l4,不变拆真改，原汁原味加分,修旧如旧,urban_renewal,文化,0.772,Very Positive,pos,0.657,0.899,0.716,喜,历史街区,2026-05-04,2026-05 五一·大南门建成文旅爆满,0.746,aspect,修旧如旧,ermawu,ermawu,1,1,修旧如旧,pos,"[""修旧如旧""]",修旧如旧,防止大拆大建通知;关于持续推进城市更新行动的意见,历史街区/历史文化街区保护更新,"[[""urban_renewal"", ""文化"", ""主""], [""urban_operation"", ""文化"", ""次""]]",0.829,0,111.277193,30.697134
ermawu_T3_00693,ermawu,sim_ermawu_l3l4,节假日停车地狱,停车难,urban_governance,设施,0.255,Negative,neg,0.942,0.757,0.83,怒,历史街区,2026-05-02,2026-05 五一·大南门建成文旅爆满,0.733,aspect,停车难,ermawu,ermawu,1,1,停车难,neg,"[""停车难""]",停车难,完整社区(配套设施补齐);一刻钟生活圈,停车设施补齐;配套完善,"[[""urban_governance"", ""设施"", ""主""], [""urban_planning"", ""设施"", ""次""]]",0.754,0,111.288574,30.693378
ermawu_T3_00694,ermawu,sim_ermawu_l3l4,期待焕新效果,文旅活力,urban_operation,事件,0.403,Neutral,neu,0.753,0.933,0.706,急,历史街区,2026-05-06,2026-05 五一·大南门建成文旅爆满,0.578,aspect,文旅活力,ermawu,ermawu,1,1,文旅活力,neu,"[""文旅活力""]",文旅活力,"城市更新""十五五""规划(文脉保护;文旅)",文旅品牌;节假日活动组织,"[[""urban_operation"", ""事件"", ""主""], [""urban_operation"", ""文化"", ""次""]]",0.912,1,111.287327,30.696315
ermawu_T3_00695,ermawu,sim_ermawu_l3l4,五一日均1.5万人，百年老街出圈了,文旅活力,urban_operation,事件,0.665,Very Positive,pos,0.621,0.885,0.899,乐,历史街区,2026-05-01,2026-05 五一·大南门建成文旅爆满,0.615,aspect,文旅活力,ermawu,ermawu,1,1,文旅活力,pos,"[""文旅活力""]",文旅活力,"城市更新""十五五""规划(文脉保护;文旅)",文旅品牌;节假日活动组织,"[[""urban_operation"", ""事件"", ""主""], [""urban_operation"", ""文化"", ""次""]]",0.792,1,111.275323,30.699029
ermawu_T3_00696,ermawu,sim_ermawu_l3l4,小众免费出片，本地人私藏,网红打卡,urban_operation,文化,0.831,Very Positive,pos,0.765,0.847,0.814,喜,历史街区,2026-05-06,2026-05 五一·大南门建成文旅爆满,0.576,aspect,网红打卡,ermawu,ermawu,1,1,网红打卡,pos,"[""网红打卡""]",网红打卡,"城市更新""十五五""规划(文脉保护传承)",文旅IP打造;文化消费场景,"[[""urban_operation"", ""文化"", ""主""], [""urban_operation"", ""事件"", ""次""]]",0.72,0,111.284262,30.694174
ermawu_T3_00697,ermawu,sim_ermawu_l3l4,五一日均1.5万人，百年老街出圈了,文旅活力,urban_operation,事件,0.669,Very Positive,pos,0.487,0.786,0.838,喜,历史街区,2026-05-07,2026-05 五一·大南门建成文旅爆满,0.67,aspect,文旅活力,ermawu,ermawu,1,1,文旅活力,pos,"[""文旅活力""]",文旅活力,"城市更新""十五五""规划(文脉保护;文旅)",文旅品牌;节假日活动组织,"[[""urban_operation"", ""事件"", ""主""], [""urban_operation"", ""文化"", ""次""]]",0.768,1,111.280831,30.695429
ermawu_T3_00698,ermawu,sim_ermawu_l3l4,人多秩序乱，占道,垃圾秩序,urban_governance,环境,0.05,Very Negative,neg,0.633,0.813,0.72,愁,历史街区,2026-05-04,2026-05 五一·大南门建成文旅爆满,0.468,aspect,垃圾秩序,ermawu,ermawu,1,1,垃圾秩序,neg,"[""垃圾秩序""]",垃圾秩序,城市更新行动意见(市容治理),市容环境治理;垃圾分类,"[[""urban_governance"", ""环境"", ""主""], [""urban_governance"", ""服务"", ""次""]]",0.782,0,111.278828,30.697665
ermawu_T3_00699,ermawu,sim_ermawu_l3l4,保留原貌真有味道，修新如旧做得好,修旧如旧,urban_renewal,文化,0.869,Very Positive,pos,0.337,0.875,0.711,乐,历史街区,2026-05-05,2026-05 五一·大南门建成文旅爆满,0.838,aspect,修旧如旧,ermawu,ermawu,1,1,修旧如旧,pos,"[""修旧如旧""]",修旧如旧,防止大拆大建通知;关于持续推进城市更新行动的意见,历史街区/历史文化街区保护更新,"[[""urban_renewal"", ""文化"", ""主""], [""urban_operation"", ""文化"", ""次""]]",0.83,0,111.284924,30.694735
ermawu_T3_00700,ermawu,sim_ermawu_l3l4,五一日均1.5万人，百年老街出圈了,文旅活力,urban_operation,事件,0.908,Very Positive,pos,0.481,0.894,0.823,喜,历史街区,2026-05-03,2026-05 五一·大南门建成文旅爆满,0.803,aspect,文旅活力,ermawu,ermawu,1,1,文旅活力,pos,"[""文旅活力""]",文旅活力,"城市更新""十五五""规划(文脉保护;文旅)",文旅品牌;节假日活动组织,"[[""urban_operation"", ""事件"", ""主""], [""urban_operation"", ""文化"", ""次""]]",0.728,1,111.287304,30.696984
ermawu_T3_00701,ermawu,sim_ermawu_l3l4,老建筑修得讲究，最小干预看出功夫,修旧如旧,urban_renewal,文化,0.627,Positive,pos,0.597,0.848,0.775,乐,历史街区,2026-05-02,2026-05 五一·大南门建成文旅爆满,0.474,aspect,修旧如旧,ermawu,ermawu,1,1,修旧如旧,pos,"[""修旧如旧""]",修旧如旧,防止大拆大建通知;关于持续推进城市更新行动的意见,历史街区/历史文化街区保护更新,"[[""urban_renewal"", ""文化"", ""主""], [""urban_operation"", ""文化"", ""次""]]",0.735,0,111.279786,30.699139
ermawu_T3_00702,ermawu,sim_ermawu_l3l4,老建筑修得讲究，最小干预看出功夫,修旧如旧,urban_renewal,文化,0.911,Very Positive,pos,0.428,0.814,0.915,乐,历史街区,2026-05-05,2026-05 五一·大南门建成文旅爆满,0.71,aspect,修旧如旧,ermawu,ermawu,1,1,修旧如旧,pos,"[""修旧如旧""]",修旧如旧,防止大拆大建通知;关于持续推进城市更新行动的意见,历史街区/历史文化街区保护更新,"[[""urban_renewal"", ""文化"", ""主""], [""urban_operation"", ""文化"", ""次""]]",0.771,0,111.283906,30.692047
ermawu_T3_00703,ermawu,sim_ermawu_l3l4,业态还在调整中,业态丰富度,urban_operation,服务,0.417,Neutral,neu,0.406,0.86,0.809,急,历史街区,2026-05-07,2026-05 五一·大南门建成文旅爆满,0.807,aspect,业态丰富度,ermawu,ermawu,1,1,业态丰富度,neu,"[""业态丰富度""]",业态丰富度,关于持续推进城市更新行动的意见(业态引导),业态多元化引导;业态调整,"[[""urban_operation"", ""服务"", ""主""], [""urban_renewal"", ""服务"", ""次""]]",0.724,0,111.280744,30.696609
ermawu_T3_00704,ermawu,sim_ermawu_l3l4,人多秩序乱，占道,垃圾秩序,urban_governance,环境,0.359,Very Negative,neg,0.938,0.875,0.739,愁,历史街区,2026-05-07,2026-05 五一·大南门建成文旅爆满,0.764,aspect,垃圾秩序,ermawu,ermawu,1,1,垃圾秩序,neg,"[""垃圾秩序""]",垃圾秩序,城市更新行动意见(市容治理),市容环境治理;垃圾分类,"[[""urban_governance"", ""环境"", ""主""], [""urban_governance"", ""服务"", ""次""]]",0.739,0,111.277649,30.696286
ermawu_T3_00705,ermawu,sim_ermawu_l3l4,开街后保洁跟上了,垃圾秩序,urban_governance,环境,0.535,Neutral,neu,0.757,0.801,0.903,急,历史街区,2026-05-07,2026-05 五一·大南门建成文旅爆满,0.408,aspect,垃圾秩序,ermawu,ermawu,1,1,垃圾秩序,neu,"[""垃圾秩序""]",垃圾秩序,城市更新行动意见(市容治理),市容环境治理;垃圾分类,"[[""urban_governance"", ""环境"", ""主""], [""urban_governance"", ""服务"", ""次""]]",0.854,0,111.27542,30.699312
ermawu_T3_00706,ermawu,sim_ermawu_l3l4,改造还在施工，吵得受不了,施工扰民,urban_governance,环境,0.106,Negative,neg,0.635,0.842,0.718,怒,历史街区,2026-05-01,2026-05 五一·大南门建成文旅爆满,0.862,aspect,施工扰民,ermawu,ermawu,1,1,施工扰民,neg,"[""施工扰民""]",施工扰民,城市体检评估管理办法(施工期扰民),老旧小区改造;施工组织优化,"[[""urban_governance"", ""环境"", ""主""], [""urban_renewal"", ""设施"", ""次""]]",0.749,0,111.275104,30.697253
ermawu_T3_00707,ermawu,sim_ermawu_l3l4,小众免费出片，本地人私藏,网红打卡,urban_operation,文化,0.711,Positive,pos,0.668,0.731,0.823,乐,历史街区,2026-05-01,2026-05 五一·大南门建成文旅爆满,0.715,aspect,网红打卡,ermawu,ermawu,1,1,网红打卡,pos,"[""网红打卡""]",网红打卡,"城市更新""十五五""规划(文脉保护传承)",文旅IP打造;文化消费场景,"[[""urban_operation"", ""文化"", ""主""], [""urban_operation"", ""事件"", ""次""]]",0.801,0,111.276199,30.698307
ermawu_T3_00708,ermawu,sim_ermawu_l3l4,不大规模搬迁是对的，老街坊还在,回迁安置,urban_renewal,服务,0.74,Very Positive,pos,0.524,0.823,0.748,乐,历史街区,2026-05-05,2026-05 五一·大南门建成文旅爆满,0.506,aspect,回迁安置,ermawu,ermawu,1,1,回迁安置,pos,"[""回迁安置""]",回迁安置,防止大拆大建通知(不大规模搬迁原住民),回迁安置;原住民保留,"[[""urban_renewal"", ""服务"", ""主""], [""urban_governance"", ""服务"", ""次""]]",0.784,0,111.277236,30.699199
ermawu_T3_00709,ermawu,sim_ermawu_l3l4,"""宜昌""打卡墙出片，复古花墙绝了",网红打卡,urban_operation,文化,0.787,Positive,pos,0.66,0.848,0.859,乐,历史街区,2026-05-05,2026-05 五一·大南门建成文旅爆满,0.675,aspect,网红打卡,ermawu,ermawu,1,1,网红打卡,pos,"[""网红打卡""]",网红打卡,"城市更新""十五五""规划(文脉保护传承)",文旅IP打造;文化消费场景,"[[""urban_operation"", ""文化"", ""主""], [""urban_operation"", ""事件"", ""次""]]",0.702,0,111.276082,30.699798
ermawu_T3_00710,ermawu,sim_ermawu_l3l4,老味道流失，可惜,烟火气保留,urban_renewal,文化,0.355,Negative,neg,0.511,0.81,0.905,愁,历史街区,2026-05-05,2026-05 五一·大南门建成文旅爆满,0.63,aspect,烟火气保留,ermawu,ermawu,1,1,烟火气保留,neg,"[""烟火气保留""]",烟火气保留,防止大拆大建通知(留改拆·留底线),历史街区保护更新;社区营造,"[[""urban_renewal"", ""文化"", ""主""], [""urban_renewal"", ""环境"", ""次""]]",0.707,0,111.284651,30.696897
ermawu_T3_00711,ermawu,sim_ermawu_l3l4,文旅复苏，老街活了,文旅活力,urban_operation,事件,0.952,Very Positive,pos,0.634,0.853,0.747,乐,历史街区,2026-05-06,2026-05 五一·大南门建成文旅爆满,0.723,aspect,文旅活力,ermawu,ermawu,1,1,文旅活力,pos,"[""文旅活力""]",文旅活力,"城市更新""十五五""规划(文脉保护;文旅)",文旅品牌;节假日活动组织,"[[""urban_operation"", ""事件"", ""主""], [""urban_operation"", ""文化"", ""次""]]",0.842,1,111.279309,30.699628
ermawu_T3_00712,ermawu,sim_ermawu_l3l4,老味道流失，可惜,烟火气保留,urban_renewal,文化,0.079,Very Negative,neg,0.571,0.936,0.754,怒,历史街区,2026-05-02,2026-05 五一·大南门建成文旅爆满,0.674,aspect,烟火气保留,ermawu,ermawu,1,1,烟火气保留,neg,"[""烟火气保留""]",烟火气保留,防止大拆大建通知(留改拆·留底线),历史街区保护更新;社区营造,"[[""urban_renewal"", ""文化"", ""主""], [""urban_renewal"", ""环境"", ""次""]]",0.701,0,111.285015,30.695128
ermawu_T3_00713,ermawu,sim_ermawu_l3l4,业态有调性，不低端,业态丰富度,urban_operation,服务,0.705,Positive,pos,0.563,0.828,0.731,乐,历史街区,2026-05-02,2026-05 五一·大南门建成文旅爆满,0.429,aspect,业态丰富度,ermawu,ermawu,1,1,业态丰富度,pos,"[""业态丰富度""]",业态丰富度,关于持续推进城市更新行动的意见(业态引导),业态多元化引导;业态调整,"[[""urban_operation"", ""服务"", ""主""], [""urban_renewal"", ""服务"", ""次""]]",0.878,0,111.288498,30.696122
ermawu_T3_00714,ermawu,sim_ermawu_l3l4,五一日均1.5万人，百年老街出圈了,文旅活力,urban_operation,事件,0.926,Very Positive,pos,0.455,0.76,0.805,喜,历史街区,2026-05-06,2026-05 五一·大南门建成文旅爆满,0.796,aspect,文旅活力,ermawu,ermawu,1,1,文旅活力,pos,"[""文旅活力""]",文旅活力,"城市更新""十五五""规划(文脉保护;文旅)",文旅品牌;节假日活动组织,"[[""urban_operation"", ""事件"", ""主""], [""urban_operation"", ""文化"", ""次""]]",0.813,1,111.280738,30.696426
ermawu_T3_00715,ermawu,sim_ermawu_l3l4,开街后保洁跟上了,垃圾秩序,urban_governance,环境,0.649,Positive,pos,0.325,0.88,0.737,喜,历史街区,2026-05-03,2026-05 五一·大南门建成文旅爆满,0.473,aspect,垃圾秩序,ermawu,ermawu,1,1,垃圾秩序,pos,"[""垃圾秩序""]",垃圾秩序,城市更新行动意见(市容治理),市容环境治理;垃圾分类,"[[""urban_governance"", ""环境"", ""主""], [""urban_governance"", ""服务"", ""次""]]",0.714,0,111.276554,30.701649
ermawu_T3_00716,ermawu,sim_ermawu_l3l4,老味道还在，没变味,烟火气保留,urban_renewal,文化,0.94,Very Positive,pos,0.669,0.778,0.723,喜,历史街区,2026-05-04,2026-05 五一·大南门建成文旅爆满,0.677,aspect,烟火气保留,ermawu,ermawu,1,1,烟火气保留,pos,"[""烟火气保留""]",烟火气保留,防止大拆大建通知(留改拆·留底线),历史街区保护更新;社区营造,"[[""urban_renewal"", ""文化"", ""主""], [""urban_renewal"", ""环境"", ""次""]]",0.944,0,111.273309,30.699981
ermawu_T3_00717,ermawu,sim_ermawu_l3l4,开街后人气回来了，热闹得像过年,文旅活力,urban_operation,事件,0.867,Positive,pos,0.696,0.901,0.77,乐,历史街区,2026-05-06,2026-05 五一·大南门建成文旅爆满,0.776,aspect,文旅活力,ermawu,ermawu,1,1,文旅活力,pos,"[""文旅活力""]",文旅活力,"城市更新""十五五""规划(文脉保护;文旅)",文旅品牌;节假日活动组织,"[[""urban_operation"", ""事件"", ""主""], [""urban_operation"", ""文化"", ""次""]]",0.897,1,111.277728,30.699423
ermawu_T3_00718,ermawu,sim_ermawu_l3l4,"""宜昌""打卡墙出片，复古花墙绝了",网红打卡,urban_operation,文化,0.753,Very Positive,pos,0.756,0.741,0.885,乐,历史街区,2026-05-05,2026-05 五一·大南门建成文旅爆满,0.622,aspect,网红打卡,ermawu,ermawu,1,1,网红打卡,pos,"[""网红打卡""]",网红打卡,"城市更新""十五五""规划(文脉保护传承)",文旅IP打造;文化消费场景,"[[""urban_operation"", ""文化"", ""主""], [""urban_operation"", ""事件"", ""次""]]",0.947,0,111.277596,30.700427
ermawu_T3_00719,ermawu,sim_ermawu_l3l4,保留原貌真有味道，修新如旧做得好,修旧如旧,urban_renewal,文化,0.902,Very Positive,pos,0.365,0.849,0.738,喜,历史街区,2026-05-01,2026-05 五一·大南门建成文旅爆满,0.515,aspect,修旧如旧,ermawu,ermawu,1,1,修旧如旧,pos,"[""修旧如旧""]",修旧如旧,防止大拆大建通知;关于持续推进城市更新行动的意见,历史街区/历史文化街区保护更新,"[[""urban_renewal"", ""文化"", ""主""], [""urban_operation"", ""文化"", ""次""]]",0.786,0,111.283288,30.694621
ermawu_T3_00720,ermawu,sim_ermawu_l3l4,不变拆真改，原汁原味加分,修旧如旧,urban_renewal,文化,0.935,Positive,pos,0.491,0.775,0.918,喜,历史街区,2026-05-06,2026-05 五一·大南门建成文旅爆满,0.821,aspect,修旧如旧,ermawu,ermawu,1,1,修旧如旧,pos,"[""修旧如旧""]",修旧如旧,防止大拆大建通知;关于持续推进城市更新行动的意见,历史街区/历史文化街区保护更新,"[[""urban_renewal"", ""文化"", ""主""], [""urban_operation"", ""文化"", ""次""]]",0.887,0,111.28431,30.695447
ermawu_T3_00721,ermawu,sim_ermawu_l3l4,五一日均1.5万人，百年老街出圈了,文旅活力,urban_operation,事件,0.713,Very Positive,pos,0.314,0.838,0.76,喜,历史街区,2026-05-04,2026-05 五一·大南门建成文旅爆满,0.779,aspect,文旅活力,ermawu,ermawu,1,1,文旅活力,pos,"[""文旅活力""]",文旅活力,"城市更新""十五五""规划(文脉保护;文旅)",文旅品牌;节假日活动组织,"[[""urban_operation"", ""事件"", ""主""], [""urban_operation"", ""文化"", ""次""]]",0.783,1,111.278092,30.697581
ermawu_T3_00722,ermawu,sim_ermawu_l3l4,回迁安置拖很久,回迁安置,urban_renewal,服务,0.251,Negative,neg,0.793,0.921,0.886,怒,历史街区,2026-05-01,2026-05 五一·大南门建成文旅爆满,0.404,aspect,回迁安置,ermawu,ermawu,1,1,回迁安置,neg,"[""回迁安置""]",回迁安置,防止大拆大建通知(不大规模搬迁原住民),回迁安置;原住民保留,"[[""urban_renewal"", ""服务"", ""主""], [""urban_governance"", ""服务"", ""次""]]",0.727,0,111.2792,30.696539
ermawu_T3_00723,ermawu,sim_ermawu_l3l4,人太多挤得慌，根本走不动,文旅活力,urban_operation,事件,0.288,Negative,neg,0.682,0.875,0.846,哀,历史街区,2026-05-06,2026-05 五一·大南门建成文旅爆满,0.462,aspect,文旅活力,ermawu,ermawu,1,1,文旅活力,neg,"[""文旅活力""]",文旅活力,"城市更新""十五五""规划(文脉保护;文旅)",文旅品牌;节假日活动组织,"[[""urban_operation"", ""事件"", ""主""], [""urban_operation"", ""文化"", ""次""]]",0.926,1,111.279031,30.695153
ermawu_T3_00724,ermawu,sim_ermawu_l3l4,不大规模搬迁是对的，老街坊还在,回迁安置,urban_renewal,服务,0.666,Very Positive,pos,0.453,0.886,0.866,喜,历史街区,2026-05-04,2026-05 五一·大南门建成文旅爆满,0.472,aspect,回迁安置,ermawu,ermawu,1,1,回迁安置,pos,"[""回迁安置""]",回迁安置,防止大拆大建通知(不大规模搬迁原住民),回迁安置;原住民保留,"[[""urban_renewal"", ""服务"", ""主""], [""urban_governance"", ""服务"", ""次""]]",0.877,0,111.279551,30.69631
ermawu_T3_00725,ermawu,sim_ermawu_l3l4,节假日保洁跟不上,垃圾秩序,urban_governance,环境,0.084,Negative,neg,0.572,0.932,0.843,愁,历史街区,2026-05-05,2026-05 五一·大南门建成文旅爆满,0.493,aspect,垃圾秩序,ermawu,ermawu,1,1,垃圾秩序,neg,"[""垃圾秩序""]",垃圾秩序,城市更新行动意见(市容治理),市容环境治理;垃圾分类,"[[""urban_governance"", ""环境"", ""主""], [""urban_governance"", ""服务"", ""次""]]",0.832,0,111.28413,30.698507
ermawu_T3_00726,ermawu,sim_ermawu_l3l4,节假日停车地狱,停车难,urban_governance,设施,0.322,Negative,neg,0.63,0.78,0.906,哀,历史街区,2026-05-01,2026-05 五一·大南门建成文旅爆满,0.451,aspect,停车难,ermawu,ermawu,1,1,停车难,neg,"[""停车难""]",停车难,完整社区(配套设施补齐);一刻钟生活圈,停车设施补齐;配套完善,"[[""urban_governance"", ""设施"", ""主""], [""urban_planning"", ""设施"", ""次""]]",0.719,0,111.279632,30.695901
ermawu_T3_00727,ermawu,sim_ermawu_l3l4,二马路成了网红打卡地，年轻人多,网红打卡,urban_operation,文化,0.662,Very Positive,pos,0.512,0.931,0.715,喜,历史街区,2026-05-03,2026-05 五一·大南门建成文旅爆满,0.494,aspect,网红打卡,ermawu,ermawu,1,1,网红打卡,pos,"[""网红打卡""]",网红打卡,"城市更新""十五五""规划(文脉保护传承)",文旅IP打造;文化消费场景,"[[""urban_operation"", ""文化"", ""主""], [""urban_operation"", ""事件"", ""次""]]",0.828,0,111.282341,30.694344
ermawu_T3_00728,ermawu,sim_ermawu_l3l4,下沉广场水景配老街，拍照绝佳,网红打卡,urban_operation,文化,0.707,Very Positive,pos,0.503,0.876,0.806,喜,历史街区,2026-05-03,2026-05 五一·大南门建成文旅爆满,0.474,aspect,网红打卡,ermawu,ermawu,1,1,网红打卡,pos,"[""网红打卡""]",网红打卡,"城市更新""十五五""规划(文脉保护传承)",文旅IP打造;文化消费场景,"[[""urban_operation"", ""文化"", ""主""], [""urban_operation"", ""事件"", ""次""]]",0.859,0,111.284362,30.696726
ermawu_T3_00729,ermawu,sim_ermawu_l3l4,"""宜昌""打卡墙出片，复古花墙绝了",网红打卡,urban_operation,文化,0.887,Very Positive,pos,0.407,0.742,0.713,乐,历史街区,2026-05-06,2026-05 五一·大南门建成文旅爆满,0.594,aspect,网红打卡,ermawu,ermawu,1,1,网红打卡,pos,"[""网红打卡""]",网红打卡,"城市更新""十五五""规划(文脉保护传承)",文旅IP打造;文化消费场景,"[[""urban_operation"", ""文化"", ""主""], [""urban_operation"", ""事件"", ""次""]]",0.909,0,111.279654,30.697824
ermawu_T3_00730,ermawu,sim_ermawu_l3l4,原住民留着，街区还活着,烟火气保留,urban_renewal,文化,0.86,Positive,pos,0.358,0.85,0.748,喜,历史街区,2026-05-02,2026-05 五一·大南门建成文旅爆满,0.529,aspect,烟火气保留,ermawu,ermawu,1,1,烟火气保留,pos,"[""烟火气保留""]",烟火气保留,防止大拆大建通知(留改拆·留底线),历史街区保护更新;社区营造,"[[""urban_renewal"", ""文化"", ""主""], [""urban_renewal"", ""环境"", ""次""]]",0.806,0,111.283713,30.694226
ermawu_T3_00731,ermawu,sim_ermawu_l3l4,连锁店太多，没特色,业态丰富度,urban_operation,服务,0.254,Very Negative,neg,0.934,0.893,0.855,愁,历史街区,2026-05-04,2026-05 五一·大南门建成文旅爆满,0.494,aspect,业态丰富度,ermawu,ermawu,1,1,业态丰富度,neg,"[""业态丰富度""]",业态丰富度,关于持续推进城市更新行动的意见(业态引导),业态多元化引导;业态调整,"[[""urban_operation"", ""服务"", ""主""], [""urban_renewal"", ""服务"", ""次""]]",0.884,0,111.28866,30.695685
ermawu_T3_00732,ermawu,sim_ermawu_l3l4,节假日停车地狱,停车难,urban_governance,设施,0.314,Negative,neg,0.722,0.881,0.808,愁,历史街区,2026-05-04,2026-05 五一·大南门建成文旅爆满,0.47,aspect,停车难,ermawu,ermawu,1,1,停车难,neg,"[""停车难""]",停车难,完整社区(配套设施补齐);一刻钟生活圈,停车设施补齐;配套完善,"[[""urban_governance"", ""设施"", ""主""], [""urban_planning"", ""设施"", ""次""]]",0.897,0,111.276757,30.698065
ermawu_T3_00733,ermawu,sim_ermawu_l3l4,开街后人气回来了，热闹得像过年,文旅活力,urban_operation,事件,0.96,Positive,pos,0.611,0.934,0.767,喜,历史街区,2026-05-01,2026-05 五一·大南门建成文旅爆满,0.638,aspect,文旅活力,ermawu,ermawu,1,1,文旅活力,pos,"[""文旅活力""]",文旅活力,"城市更新""十五五""规划(文脉保护;文旅)",文旅品牌;节假日活动组织,"[[""urban_operation"", ""事件"", ""主""], [""urban_operation"", ""文化"", ""次""]]",0.778,1,111.281777,30.695656
ermawu_T3_00734,ermawu,sim_ermawu_l3l4,既有文化味更有烟火气，难得,烟火气保留,urban_renewal,文化,0.946,Positive,pos,0.636,0.741,0.902,喜,历史街区,2026-05-03,2026-05 五一·大南门建成文旅爆满,0.822,aspect,烟火气保留,ermawu,ermawu,1,1,烟火气保留,pos,"[""烟火气保留""]",烟火气保留,防止大拆大建通知(留改拆·留底线),历史街区保护更新;社区营造,"[[""urban_renewal"", ""文化"", ""主""], [""urban_renewal"", ""环境"", ""次""]]",0.693,0,111.281839,30.691346
ermawu_T3_00735,ermawu,sim_ermawu_l3l4,五一日均1.5万人，百年老街出圈了,文旅活力,urban_operation,事件,0.954,Positive,pos,0.71,0.883,0.792,喜,历史街区,2026-05-01,2026-05 五一·大南门建成文旅爆满,0.591,aspect,文旅活力,ermawu,ermawu,1,1,文旅活力,pos,"[""文旅活力""]",文旅活力,"城市更新""十五五""规划(文脉保护;文旅)",文旅品牌;节假日活动组织,"[[""urban_operation"", ""事件"", ""主""], [""urban_operation"", ""文化"", ""次""]]",0.806,1,111.278949,30.696662
ermawu_T3_00736,ermawu,sim_ermawu_l3l4,五一日均1.5万人，百年老街出圈了,文旅活力,urban_operation,事件,0.887,Positive,pos,0.447,0.949,0.746,乐,历史街区,2026-05-04,2026-05 五一·大南门建成文旅爆满,0.565,aspect,文旅活力,ermawu,ermawu,1,1,文旅活力,pos,"[""文旅活力""]",文旅活力,"城市更新""十五五""规划(文脉保护;文旅)",文旅品牌;节假日活动组织,"[[""urban_operation"", ""事件"", ""主""], [""urban_operation"", ""文化"", ""次""]]",0.891,1,111.281225,30.694025
ermawu_T3_00737,ermawu,sim_ermawu_l3l4,开街后人气回来了，热闹得像过年,文旅活力,urban_operation,事件,0.92,Positive,pos,0.344,0.793,0.841,喜,历史街区,2026-05-01,2026-05 五一·大南门建成文旅爆满,0.566,aspect,文旅活力,ermawu,ermawu,1,1,文旅活力,pos,"[""文旅活力""]",文旅活力,"城市更新""十五五""规划(文脉保护;文旅)",文旅品牌;节假日活动组织,"[[""urban_operation"", ""事件"", ""主""], [""urban_operation"", ""文化"", ""次""]]",0.794,1,111.282342,30.695559
ermawu_T3_00738,ermawu,sim_ermawu_l3l4,连锁店太多，没特色,业态丰富度,urban_operation,服务,0.164,Negative,neg,0.555,0.915,0.704,愁,历史街区,2026-05-06,2026-05 五一·大南门建成文旅爆满,0.729,aspect,业态丰富度,ermawu,ermawu,1,1,业态丰富度,neg,"[""业态丰富度""]",业态丰富度,关于持续推进城市更新行动的意见(业态引导),业态多元化引导;业态调整,"[[""urban_operation"", ""服务"", ""主""], [""urban_renewal"", ""服务"", ""次""]]",0.756,0,111.28126,30.694746
ermawu_T3_00739,ermawu,sim_ermawu_l3l4,老建筑修得讲究，最小干预看出功夫,修旧如旧,urban_renewal,文化,0.833,Very Positive,pos,0.412,0.919,0.741,喜,历史街区,2026-05-04,2026-05 五一·大南门建成文旅爆满,0.806,aspect,修旧如旧,ermawu,ermawu,1,1,修旧如旧,pos,"[""修旧如旧""]",修旧如旧,防止大拆大建通知;关于持续推进城市更新行动的意见,历史街区/历史文化街区保护更新,"[[""urban_renewal"", ""文化"", ""主""], [""urban_operation"", ""文化"", ""次""]]",0.843,0,111.280961,30.696524
ermawu_T3_00740,ermawu,sim_ermawu_l3l4,回迁户型不满意,回迁安置,urban_renewal,服务,0.05,Negative,neg,0.71,0.878,0.81,哀,历史街区,2026-05-04,2026-05 五一·大南门建成文旅爆满,0.455,aspect,回迁安置,ermawu,ermawu,1,1,回迁安置,neg,"[""回迁安置""]",回迁安置,防止大拆大建通知(不大规模搬迁原住民),回迁安置;原住民保留,"[[""urban_renewal"", ""服务"", ""主""], [""urban_governance"", ""服务"", ""次""]]",0.69,0,111.272214,30.698736
ermawu_T3_00741,ermawu,sim_ermawu_l3l4,文旅复苏，老街活了,文旅活力,urban_operation,事件,0.902,Positive,pos,0.732,0.934,0.794,乐,历史街区,2026-05-01,2026-05 五一·大南门建成文旅爆满,0.646,aspect,文旅活力,ermawu,ermawu,1,1,文旅活力,pos,"[""文旅活力""]",文旅活力,"城市更新""十五五""规划(文脉保护;文旅)",文旅品牌;节假日活动组织,"[[""urban_operation"", ""事件"", ""主""], [""urban_operation"", ""文化"", ""次""]]",0.704,1,111.278582,30.696714
ermawu_T3_00742,ermawu,sim_ermawu_l3l4,回迁满意，原样回来住着踏实,回迁安置,urban_renewal,服务,0.873,Positive,pos,0.334,0.926,0.873,乐,历史街区,2026-05-04,2026-05 五一·大南门建成文旅爆满,0.826,aspect,回迁安置,ermawu,ermawu,1,1,回迁安置,pos,"[""回迁安置""]",回迁安置,防止大拆大建通知(不大规模搬迁原住民),回迁安置;原住民保留,"[[""urban_renewal"", ""服务"", ""主""], [""urban_governance"", ""服务"", ""次""]]",0.727,0,111.280807,30.69847
ermawu_T3_00743,ermawu,sim_ermawu_l3l4,二马路修旧如旧，百年老街焕发新生,修旧如旧,urban_renewal,文化,0.821,Positive,pos,0.657,0.799,0.806,喜,历史街区,2026-05-03,2026-05 五一·大南门建成文旅爆满,0.773,aspect,修旧如旧,ermawu,ermawu,1,1,修旧如旧,pos,"[""修旧如旧""]",修旧如旧,防止大拆大建通知;关于持续推进城市更新行动的意见,历史街区/历史文化街区保护更新,"[[""urban_renewal"", ""文化"", ""主""], [""urban_operation"", ""文化"", ""次""]]",0.725,0,111.278895,30.701586
ermawu_T3_00744,ermawu,sim_ermawu_l3l4,不变拆真改，原汁原味加分,修旧如旧,urban_renewal,文化,0.671,Very Positive,pos,0.729,0.752,0.873,乐,历史街区,2026-05-06,2026-05 五一·大南门建成文旅爆满,0.785,aspect,修旧如旧,ermawu,ermawu,1,1,修旧如旧,pos,"[""修旧如旧""]",修旧如旧,防止大拆大建通知;关于持续推进城市更新行动的意见,历史街区/历史文化街区保护更新,"[[""urban_renewal"", ""文化"", ""主""], [""urban_operation"", ""文化"", ""次""]]",0.938,0,111.281133,30.69549
ermawu_T3_00745,ermawu,sim_ermawu_l3l4,夜经济周边停车更难,夜经济,urban_operation,事件,0.37,Negative,neg,0.708,0.734,0.805,哀,历史街区,2026-05-01,2026-05 五一·大南门建成文旅爆满,0.77,aspect,夜经济,ermawu,ermawu,1,1,夜经济,neg,"[""夜经济""]",夜经济,"城市更新""十五五""规划(生活圈扩围;夜经济)",一刻钟便民生活圈建设;夜经济品牌培育,"[[""urban_operation"", ""事件"", ""主""], [""urban_governance"", ""事件"", ""次""]]",0.784,1,111.283468,30.692209
ermawu_T3_00746,ermawu,sim_ermawu_l3l4,保留原貌真有味道，修新如旧做得好,修旧如旧,urban_renewal,文化,0.741,Very Positive,pos,0.634,0.799,0.862,乐,历史街区,2026-05-06,2026-05 五一·大南门建成文旅爆满,0.837,aspect,修旧如旧,ermawu,ermawu,1,1,修旧如旧,pos,"[""修旧如旧""]",修旧如旧,防止大拆大建通知;关于持续推进城市更新行动的意见,历史街区/历史文化街区保护更新,"[[""urban_renewal"", ""文化"", ""主""], [""urban_operation"", ""文化"", ""次""]]",0.741,0,111.28512,30.694242
ermawu_T3_00747,ermawu,sim_ermawu_l3l4,回迁满意，原样回来住着踏实,回迁安置,urban_renewal,服务,0.622,Very Positive,pos,0.769,0.858,0.806,乐,历史街区,2026-05-03,2026-05 五一·大南门建成文旅爆满,0.805,aspect,回迁安置,ermawu,ermawu,1,1,回迁安置,pos,"[""回迁安置""]",回迁安置,防止大拆大建通知(不大规模搬迁原住民),回迁安置;原住民保留,"[[""urban_renewal"", ""服务"", ""主""], [""urban_governance"", ""服务"", ""次""]]",0.907,0,111.279181,30.693164
ermawu_T3_00748,ermawu,sim_ermawu_l3l4,下沉广场水景配老街，拍照绝佳,网红打卡,urban_operation,文化,0.788,Positive,pos,0.412,0.721,0.789,乐,历史街区,2026-05-06,2026-05 五一·大南门建成文旅爆满,0.75,aspect,网红打卡,ermawu,ermawu,1,1,网红打卡,pos,"[""网红打卡""]",网红打卡,"城市更新""十五五""规划(文脉保护传承)",文旅IP打造;文化消费场景,"[[""urban_operation"", ""文化"", ""主""], [""urban_operation"", ""事件"", ""次""]]",0.868,0,111.285356,30.696124
ermawu_T3_00749,ermawu,sim_ermawu_l3l4,下沉广场水景配老街，拍照绝佳,网红打卡,urban_operation,文化,0.849,Very Positive,pos,0.742,0.932,0.904,乐,历史街区,2026-05-07,2026-05 五一·大南门建成文旅爆满,0.469,aspect,网红打卡,ermawu,ermawu,1,1,网红打卡,pos,"[""网红打卡""]",网红打卡,"城市更新""十五五""规划(文脉保护传承)",文旅IP打造;文化消费场景,"[[""urban_operation"", ""文化"", ""主""], [""urban_operation"", ""事件"", ""次""]]",0.902,0,111.280172,30.69783
ermawu_T3_00750,ermawu,sim_ermawu_l3l4,老味道还在，没变味,烟火气保留,urban_renewal,文化,0.728,Positive,pos,0.673,0.886,0.884,喜,历史街区,2026-05-02,2026-05 五一·大南门建成文旅爆满,0.536,aspect,烟火气保留,ermawu,ermawu,1,1,烟火气保留,pos,"[""烟火气保留""]",烟火气保留,防止大拆大建通知(留改拆·留底线),历史街区保护更新;社区营造,"[[""urban_renewal"", ""文化"", ""主""], [""urban_renewal"", ""环境"", ""次""]]",0.906,0,111.281729,30.698297
ermawu_T3_00751,ermawu,sim_ermawu_l3l4,老味道流失，可惜,烟火气保留,urban_renewal,文化,0.391,Very Negative,neg,0.542,0.893,0.743,哀,历史街区,2026-05-01,2026-05 五一·大南门建成文旅爆满,0.659,aspect,烟火气保留,ermawu,ermawu,1,1,烟火气保留,neg,"[""烟火气保留""]",烟火气保留,防止大拆大建通知(留改拆·留底线),历史街区保护更新;社区营造,"[[""urban_renewal"", ""文化"", ""主""], [""urban_renewal"", ""环境"", ""次""]]",0.727,0,111.282909,30.693588
ermawu_T3_00752,ermawu,sim_ermawu_l3l4,开街后人气回来了，热闹得像过年,文旅活力,urban_operation,事件,0.819,Positive,pos,0.548,0.839,0.77,喜,历史街区,2026-05-04,2026-05 五一·大南门建成文旅爆满,0.895,aspect,文旅活力,ermawu,ermawu,1,1,文旅活力,pos,"[""文旅活力""]",文旅活力,"城市更新""十五五""规划(文脉保护;文旅)",文旅品牌;节假日活动组织,"[[""urban_operation"", ""事件"", ""主""], [""urban_operation"", ""文化"", ""次""]]",0.781,1,111.279585,30.702367
ermawu_T3_00753,ermawu,sim_ermawu_l3l4,保留原貌真有味道，修新如旧做得好,修旧如旧,urban_renewal,文化,0.67,Positive,pos,0.497,0.881,0.796,喜,历史街区,2026-05-04,2026-05 五一·大南门建成文旅爆满,0.641,aspect,修旧如旧,ermawu,ermawu,1,1,修旧如旧,pos,"[""修旧如旧""]",修旧如旧,防止大拆大建通知;关于持续推进城市更新行动的意见,历史街区/历史文化街区保护更新,"[[""urban_renewal"", ""文化"", ""主""], [""urban_operation"", ""文化"", ""次""]]",0.834,0,111.276384,30.69889
ermawu_T3_00754,ermawu,sim_ermawu_l3l4,配套停车跟不上热度,停车难,urban_governance,设施,0.114,Negative,neg,0.677,0.736,0.735,愁,历史街区,2026-05-06,2026-05 五一·大南门建成文旅爆满,0.775,aspect,停车难,ermawu,ermawu,1,1,停车难,neg,"[""停车难""]",停车难,完整社区(配套设施补齐);一刻钟生活圈,停车设施补齐;配套完善,"[[""urban_governance"", ""设施"", ""主""], [""urban_planning"", ""设施"", ""次""]]",0.857,0,111.27316,30.698388
ermawu_T3_00755,ermawu,sim_ermawu_l3l4,五一10万人，体验拉胯,文旅活力,urban_operation,事件,0.381,Negative,neg,0.834,0.789,0.82,哀,历史街区,2026-05-04,2026-05 五一·大南门建成文旅爆满,0.456,aspect,文旅活力,ermawu,ermawu,1,1,文旅活力,neg,"[""文旅活力""]",文旅活力,"城市更新""十五五""规划(文脉保护;文旅)",文旅品牌;节假日活动组织,"[[""urban_operation"", ""事件"", ""主""], [""urban_operation"", ""文化"", ""次""]]",0.848,1,111.277399,30.701322
ermawu_T3_00756,ermawu,sim_ermawu_l3l4,开街后人气回来了，热闹得像过年,文旅活力,urban_operation,事件,0.934,Positive,pos,0.519,0.832,0.908,喜,历史街区,2026-05-06,2026-05 五一·大南门建成文旅爆满,0.84,aspect,文旅活力,ermawu,ermawu,1,1,文旅活力,pos,"[""文旅活力""]",文旅活力,"城市更新""十五五""规划(文脉保护;文旅)",文旅品牌;节假日活动组织,"[[""urban_operation"", ""事件"", ""主""], [""urban_operation"", ""文化"", ""次""]]",0.739,1,111.283541,30.694911
ermawu_T3_00757,ermawu,sim_ermawu_l3l4,回迁满意，原样回来住着踏实,回迁安置,urban_renewal,服务,0.934,Very Positive,pos,0.506,0.854,0.81,喜,历史街区,2026-05-05,2026-05 五一·大南门建成文旅爆满,0.628,aspect,回迁安置,ermawu,ermawu,1,1,回迁安置,pos,"[""回迁安置""]",回迁安置,防止大拆大建通知(不大规模搬迁原住民),回迁安置;原住民保留,"[[""urban_renewal"", ""服务"", ""主""], [""urban_governance"", ""服务"", ""次""]]",0.708,0,111.276645,30.696165
ermawu_T3_00758,ermawu,sim_ermawu_l3l4,人太多挤得慌，根本走不动,文旅活力,urban_operation,事件,0.166,Very Negative,neg,0.547,0.902,0.701,怒,历史街区,2026-05-01,2026-05 五一·大南门建成文旅爆满,0.827,aspect,文旅活力,ermawu,ermawu,1,1,文旅活力,neg,"[""文旅活力""]",文旅活力,"城市更新""十五五""规划(文脉保护;文旅)",文旅品牌;节假日活动组织,"[[""urban_operation"", ""事件"", ""主""], [""urban_operation"", ""文化"", ""次""]]",0.781,1,111.285091,30.695419
ermawu_T3_00759,ermawu,sim_ermawu_l3l4,配套停车跟不上热度,停车难,urban_governance,设施,0.388,Negative,neg,0.593,0.944,0.705,哀,历史街区,2026-05-07,2026-05 五一·大南门建成文旅爆满,0.766,aspect,停车难,ermawu,ermawu,1,1,停车难,neg,"[""停车难""]",停车难,完整社区(配套设施补齐);一刻钟生活圈,停车设施补齐;配套完善,"[[""urban_governance"", ""设施"", ""主""], [""urban_planning"", ""设施"", ""次""]]",0.714,0,111.276543,30.698522
ermawu_T3_00760,ermawu,sim_ermawu_l3l4,下沉广场水景配老街，拍照绝佳,网红打卡,urban_operation,文化,0.805,Positive,pos,0.725,0.946,0.837,喜,历史街区,2026-05-02,2026-05 五一·大南门建成文旅爆满,0.495,aspect,网红打卡,ermawu,ermawu,1,1,网红打卡,pos,"[""网红打卡""]",网红打卡,"城市更新""十五五""规划(文脉保护传承)",文旅IP打造;文化消费场景,"[[""urban_operation"", ""文化"", ""主""], [""urban_operation"", ""事件"", ""次""]]",0.742,0,111.280903,30.698873
ermawu_T3_00761,ermawu,sim_ermawu_l3l4,回迁满意，原样回来住着踏实,回迁安置,urban_renewal,服务,0.656,Very Positive,pos,0.327,0.791,0.772,喜,历史街区,2026-05-05,2026-05 五一·大南门建成文旅爆满,0.566,aspect,回迁安置,ermawu,ermawu,1,1,回迁安置,pos,"[""回迁安置""]",回迁安置,防止大拆大建通知(不大规模搬迁原住民),回迁安置;原住民保留,"[[""urban_renewal"", ""服务"", ""主""], [""urban_governance"", ""服务"", ""次""]]",0.816,0,111.283565,30.692358
ermawu_T3_00762,ermawu,sim_ermawu_l3l4,小众免费出片，本地人私藏,网红打卡,urban_operation,文化,0.713,Very Positive,pos,0.321,0.775,0.842,乐,历史街区,2026-05-06,2026-05 五一·大南门建成文旅爆满,0.651,aspect,网红打卡,ermawu,ermawu,1,1,网红打卡,pos,"[""网红打卡""]",网红打卡,"城市更新""十五五""规划(文脉保护传承)",文旅IP打造;文化消费场景,"[[""urban_operation"", ""文化"", ""主""], [""urban_operation"", ""事件"", ""次""]]",0.856,0,111.288447,30.695246
ermawu_T3_00763,ermawu,sim_ermawu_l3l4,打卡墙前要排队,网红打卡,urban_operation,文化,0.46,Neutral,neu,0.544,0.732,0.876,盼,历史街区,2026-05-05,2026-05 五一·大南门建成文旅爆满,0.745,aspect,网红打卡,ermawu,ermawu,1,1,网红打卡,neu,"[""网红打卡""]",网红打卡,"城市更新""十五五""规划(文脉保护传承)",文旅IP打造;文化消费场景,"[[""urban_operation"", ""文化"", ""主""], [""urban_operation"", ""事件"", ""次""]]",0.76,0,111.276957,30.698909
ermawu_T3_00764,ermawu,sim_ermawu_l3l4,五一日均1.5万人，百年老街出圈了,文旅活力,urban_operation,事件,0.951,Positive,pos,0.646,0.897,0.891,乐,历史街区,2026-05-05,2026-05 五一·大南门建成文旅爆满,0.601,aspect,文旅活力,ermawu,ermawu,1,1,文旅活力,pos,"[""文旅活力""]",文旅活力,"城市更新""十五五""规划(文脉保护;文旅)",文旅品牌;节假日活动组织,"[[""urban_operation"", ""事件"", ""主""], [""urban_operation"", ""文化"", ""次""]]",0.794,1,111.28291,30.693139
ermawu_T3_00765,ermawu,sim_ermawu_l3l4,小众免费出片，本地人私藏,网红打卡,urban_operation,文化,0.797,Positive,pos,0.777,0.812,0.735,喜,历史街区,2026-05-07,2026-05 五一·大南门建成文旅爆满,0.445,aspect,网红打卡,ermawu,ermawu,1,1,网红打卡,pos,"[""网红打卡""]",网红打卡,"城市更新""十五五""规划(文脉保护传承)",文旅IP打造;文化消费场景,"[[""urban_operation"", ""文化"", ""主""], [""urban_operation"", ""事件"", ""次""]]",0.904,0,111.28506,30.696211
ermawu_T3_00766,ermawu,sim_ermawu_l3l4,回迁政策还在等落实,回迁安置,urban_renewal,服务,0.452,Neutral,neu,0.309,0.869,0.734,急,历史街区,2026-05-05,2026-05 五一·大南门建成文旅爆满,0.8,aspect,回迁安置,ermawu,ermawu,1,1,回迁安置,neu,"[""回迁安置""]",回迁安置,防止大拆大建通知(不大规模搬迁原住民),回迁安置;原住民保留,"[[""urban_renewal"", ""服务"", ""主""], [""urban_governance"", ""服务"", ""次""]]",0.792,0,111.278416,30.692579
ermawu_T3_00767,ermawu,sim_ermawu_l3l4,开街后人气回来了，热闹得像过年,文旅活力,urban_operation,事件,0.935,Very Positive,pos,0.617,0.943,0.89,喜,历史街区,2026-05-02,2026-05 五一·大南门建成文旅爆满,0.582,aspect,文旅活力,ermawu,ermawu,1,1,文旅活力,pos,"[""文旅活力""]",文旅活力,"城市更新""十五五""规划(文脉保护;文旅)",文旅品牌;节假日活动组织,"[[""urban_operation"", ""事件"", ""主""], [""urban_operation"", ""文化"", ""次""]]",0.898,1,111.28144,30.693345
ermawu_T3_00768,ermawu,sim_ermawu_l3l4,二马路修旧如旧，百年老街焕发新生,修旧如旧,urban_renewal,文化,0.85,Very Positive,pos,0.625,0.756,0.771,喜,历史街区,2026-05-02,2026-05 五一·大南门建成文旅爆满,0.769,aspect,修旧如旧,ermawu,ermawu,1,1,修旧如旧,pos,"[""修旧如旧""]",修旧如旧,防止大拆大建通知;关于持续推进城市更新行动的意见,历史街区/历史文化街区保护更新,"[[""urban_renewal"", ""文化"", ""主""], [""urban_operation"", ""文化"", ""次""]]",0.726,0,111.28265,30.698553
ermawu_T3_00769,ermawu,sim_ermawu_l3l4,烟火气没了，商业化太重,烟火气保留,urban_renewal,文化,0.324,Negative,neg,0.94,0.809,0.824,怒,历史街区,2026-05-01,2026-05 五一·大南门建成文旅爆满,0.806,aspect,烟火气保留,ermawu,ermawu,1,1,烟火气保留,neg,"[""烟火气保留""]",烟火气保留,防止大拆大建通知(留改拆·留底线),历史街区保护更新;社区营造,"[[""urban_renewal"", ""文化"", ""主""], [""urban_renewal"", ""环境"", ""次""]]",0.706,0,111.28852,30.693557
ermawu_T3_00770,ermawu,sim_ermawu_l3l4,既有文化味更有烟火气，难得,烟火气保留,urban_renewal,文化,0.638,Very Positive,pos,0.37,0.939,0.796,乐,历史街区,2026-05-04,2026-05 五一·大南门建成文旅爆满,0.656,aspect,烟火气保留,ermawu,ermawu,1,1,烟火气保留,pos,"[""烟火气保留""]",烟火气保留,防止大拆大建通知(留改拆·留底线),历史街区保护更新;社区营造,"[[""urban_renewal"", ""文化"", ""主""], [""urban_renewal"", ""环境"", ""次""]]",0.849,0,111.284149,30.694999
ermawu_T3_00771,ermawu,sim_ermawu_l3l4,业态还在调整中,业态丰富度,urban_operation,服务,0.557,Neutral,neu,0.615,0.746,0.79,盼,历史街区,2026-05-02,2026-05 五一·大南门建成文旅爆满,0.474,aspect,业态丰富度,ermawu,ermawu,1,1,业态丰富度,neu,"[""业态丰富度""]",业态丰富度,关于持续推进城市更新行动的意见(业态引导),业态多元化引导;业态调整,"[[""urban_operation"", ""服务"", ""主""], [""urban_renewal"", ""服务"", ""次""]]",0.83,0,111.286225,30.692489
ermawu_T3_00772,ermawu,sim_ermawu_l3l4,业态还在调整中,业态丰富度,urban_operation,服务,0.422,Neutral,neu,0.543,0.895,0.878,急,历史街区,2026-05-05,2026-05 五一·大南门建成文旅爆满,0.765,aspect,业态丰富度,ermawu,ermawu,1,1,业态丰富度,neu,"[""业态丰富度""]",业态丰富度,关于持续推进城市更新行动的意见(业态引导),业态多元化引导;业态调整,"[[""urban_operation"", ""服务"", ""主""], [""urban_renewal"", ""服务"", ""次""]]",0.833,0,111.276636,30.698359
ermawu_T3_00773,ermawu,sim_ermawu_l3l4,二马路成了网红打卡地，年轻人多,网红打卡,urban_operation,文化,0.89,Very Positive,pos,0.67,0.753,0.728,喜,历史街区,2026-05-05,2026-05 五一·大南门建成文旅爆满,0.662,aspect,网红打卡,ermawu,ermawu,1,1,网红打卡,pos,"[""网红打卡""]",网红打卡,"城市更新""十五五""规划(文脉保护传承)",文旅IP打造;文化消费场景,"[[""urban_operation"", ""文化"", ""主""], [""urban_operation"", ""事件"", ""次""]]",0.878,0,111.281363,30.69751
ermawu_T3_00774,ermawu,sim_ermawu_l3l4,回迁政策还在等落实,回迁安置,urban_renewal,服务,0.567,Neutral,neu,0.337,0.859,0.741,急,历史街区,2026-05-05,2026-05 五一·大南门建成文旅爆满,0.553,aspect,回迁安置,ermawu,ermawu,1,1,回迁安置,neu,"[""回迁安置""]",回迁安置,防止大拆大建通知(不大规模搬迁原住民),回迁安置;原住民保留,"[[""urban_renewal"", ""服务"", ""主""], [""urban_governance"", ""服务"", ""次""]]",0.829,0,111.282769,30.69404
ermawu_T3_00775,ermawu,sim_ermawu_l3l4,文旅复苏，老街活了,文旅活力,urban_operation,事件,0.73,Positive,pos,0.762,0.883,0.913,喜,历史街区,2026-05-06,2026-05 五一·大南门建成文旅爆满,0.631,aspect,文旅活力,ermawu,ermawu,1,1,文旅活力,pos,"[""文旅活力""]",文旅活力,"城市更新""十五五""规划(文脉保护;文旅)",文旅品牌;节假日活动组织,"[[""urban_operation"", ""事件"", ""主""], [""urban_operation"", ""文化"", ""次""]]",0.81,1,111.282303,30.699475
ermawu_T3_00776,ermawu,sim_ermawu_l3l4,业态都同质化了，走哪都一样,业态丰富度,urban_operation,服务,0.285,Negative,neg,0.779,0.88,0.778,愁,历史街区,2026-05-04,2026-05 五一·大南门建成文旅爆满,0.736,aspect,业态丰富度,ermawu,ermawu,1,1,业态丰富度,neg,"[""业态丰富度""]",业态丰富度,关于持续推进城市更新行动的意见(业态引导),业态多元化引导;业态调整,"[[""urban_operation"", ""服务"", ""主""], [""urban_renewal"", ""服务"", ""次""]]",0.722,0,111.28249,30.696174
ermawu_T3_00777,ermawu,sim_ermawu_l3l4,盼着开街呢，老街改造进度有点慢,文旅活力,urban_operation,事件,0.548,Neutral,neu,0.624,0.918,0.87,急,历史街区,2026-05-01,2026-05 五一·大南门建成文旅爆满,0.695,aspect,文旅活力,ermawu,ermawu,1,1,文旅活力,neu,"[""文旅活力""]",文旅活力,"城市更新""十五五""规划(文脉保护;文旅)",文旅品牌;节假日活动组织,"[[""urban_operation"", ""事件"", ""主""], [""urban_operation"", ""文化"", ""次""]]",0.807,1,111.281141,30.699503
ermawu_T3_00778,ermawu,sim_ermawu_l3l4,二马路修旧如旧，百年老街焕发新生,修旧如旧,urban_renewal,文化,0.662,Very Positive,pos,0.768,0.807,0.865,乐,历史街区,2026-05-06,2026-05 五一·大南门建成文旅爆满,0.413,aspect,修旧如旧,ermawu,ermawu,1,1,修旧如旧,pos,"[""修旧如旧""]",修旧如旧,防止大拆大建通知;关于持续推进城市更新行动的意见,历史街区/历史文化街区保护更新,"[[""urban_renewal"", ""文化"", ""主""], [""urban_operation"", ""文化"", ""次""]]",0.789,0,111.284732,30.692752
ermawu_T3_00779,ermawu,sim_ermawu_l3l4,"""宜昌""打卡墙出片，复古花墙绝了",网红打卡,urban_operation,文化,0.953,Very Positive,pos,0.364,0.727,0.83,乐,历史街区,2026-05-06,2026-05 五一·大南门建成文旅爆满,0.663,aspect,网红打卡,ermawu,ermawu,1,1,网红打卡,pos,"[""网红打卡""]",网红打卡,"城市更新""十五五""规划(文脉保护传承)",文旅IP打造;文化消费场景,"[[""urban_operation"", ""文化"", ""主""], [""urban_operation"", ""事件"", ""次""]]",0.717,0,111.284288,30.698414
ermawu_T3_00780,ermawu,sim_ermawu_l3l4,不变拆真改，原汁原味加分,修旧如旧,urban_renewal,文化,0.757,Positive,pos,0.406,0.84,0.787,喜,历史街区,2026-05-01,2026-05 五一·大南门建成文旅爆满,0.646,aspect,修旧如旧,ermawu,ermawu,1,1,修旧如旧,pos,"[""修旧如旧""]",修旧如旧,防止大拆大建通知;关于持续推进城市更新行动的意见,历史街区/历史文化街区保护更新,"[[""urban_renewal"", ""文化"", ""主""], [""urban_operation"", ""文化"", ""次""]]",0.791,0,111.282362,30.692441
ermawu_T3_00781,ermawu,sim_ermawu_l3l4,夜幕降临热闹起来，有活力,夜经济,urban_operation,事件,0.742,Very Positive,pos,0.373,0.947,0.916,乐,历史街区,2026-05-01,2026-05 五一·大南门建成文旅爆满,0.865,aspect,夜经济,ermawu,ermawu,1,1,夜经济,pos,"[""夜经济""]",夜经济,"城市更新""十五五""规划(生活圈扩围;夜经济)",一刻钟便民生活圈建设;夜经济品牌培育,"[[""urban_operation"", ""事件"", ""主""], [""urban_governance"", ""事件"", ""次""]]",0.842,1,111.278024,30.699063
ermawu_T3_00782,ermawu,sim_ermawu_l3l4,保留原貌真有味道，修新如旧做得好,修旧如旧,urban_renewal,文化,0.682,Positive,pos,0.345,0.889,0.899,乐,历史街区,2026-05-05,2026-05 五一·大南门建成文旅爆满,0.741,aspect,修旧如旧,ermawu,ermawu,1,1,修旧如旧,pos,"[""修旧如旧""]",修旧如旧,防止大拆大建通知;关于持续推进城市更新行动的意见,历史街区/历史文化街区保护更新,"[[""urban_renewal"", ""文化"", ""主""], [""urban_operation"", ""文化"", ""次""]]",0.808,0,111.28306,30.692279
ermawu_T3_00783,ermawu,sim_ermawu_l3l4,老味道还在，没变味,烟火气保留,urban_renewal,文化,0.809,Very Positive,pos,0.33,0.947,0.816,喜,历史街区,2026-05-03,2026-05 五一·大南门建成文旅爆满,0.776,aspect,烟火气保留,ermawu,ermawu,1,1,烟火气保留,pos,"[""烟火气保留""]",烟火气保留,防止大拆大建通知(留改拆·留底线),历史街区保护更新;社区营造,"[[""urban_renewal"", ""文化"", ""主""], [""urban_renewal"", ""环境"", ""次""]]",0.892,0,111.281002,30.700748
ermawu_T3_00784,ermawu,sim_ermawu_l3l4,连锁店太多，没特色,业态丰富度,urban_operation,服务,0.068,Negative,neg,0.86,0.89,0.905,哀,历史街区,2026-05-02,2026-05 五一·大南门建成文旅爆满,0.723,aspect,业态丰富度,ermawu,ermawu,1,1,业态丰富度,neg,"[""业态丰富度""]",业态丰富度,关于持续推进城市更新行动的意见(业态引导),业态多元化引导;业态调整,"[[""urban_operation"", ""服务"", ""主""], [""urban_renewal"", ""服务"", ""次""]]",0.728,0,111.279264,30.696792
ermawu_T3_00785,ermawu,sim_ermawu_l3l4,原住民留着，街区还活着,烟火气保留,urban_renewal,文化,0.942,Positive,pos,0.661,0.752,0.836,喜,历史街区,2026-05-02,2026-05 五一·大南门建成文旅爆满,0.59,aspect,烟火气保留,ermawu,ermawu,1,1,烟火气保留,pos,"[""烟火气保留""]",烟火气保留,防止大拆大建通知(留改拆·留底线),历史街区保护更新;社区营造,"[[""urban_renewal"", ""文化"", ""主""], [""urban_renewal"", ""环境"", ""次""]]",0.801,0,111.275499,30.70081
ermawu_T3_00786,ermawu,sim_ermawu_l3l4,回迁安置拖很久,回迁安置,urban_renewal,服务,0.191,Very Negative,neg,0.691,0.749,0.836,怒,历史街区,2026-05-05,2026-05 五一·大南门建成文旅爆满,0.862,aspect,回迁安置,ermawu,ermawu,1,1,回迁安置,neg,"[""回迁安置""]",回迁安置,防止大拆大建通知(不大规模搬迁原住民),回迁安置;原住民保留,"[[""urban_renewal"", ""服务"", ""主""], [""urban_governance"", ""服务"", ""次""]]",0.701,0,111.282535,30.693242
ermawu_T3_00787,ermawu,sim_ermawu_l3l4,五一10万人，体验拉胯,文旅活力,urban_operation,事件,0.228,Negative,neg,0.678,0.793,0.748,哀,历史街区,2026-05-02,2026-05 五一·大南门建成文旅爆满,0.794,aspect,文旅活力,ermawu,ermawu,1,1,文旅活力,neg,"[""文旅活力""]",文旅活力,"城市更新""十五五""规划(文脉保护;文旅)",文旅品牌;节假日活动组织,"[[""urban_operation"", ""事件"", ""主""], [""urban_operation"", ""文化"", ""次""]]",0.915,1,111.273658,30.700383
ermawu_T3_00788,ermawu,sim_ermawu_l3l4,"""宜昌""打卡墙出片，复古花墙绝了",网红打卡,urban_operation,文化,0.762,Positive,pos,0.604,0.904,0.854,乐,历史街区,2026-05-03,2026-05 五一·大南门建成文旅爆满,0.892,aspect,网红打卡,ermawu,ermawu,1,1,网红打卡,pos,"[""网红打卡""]",网红打卡,"城市更新""十五五""规划(文脉保护传承)",文旅IP打造;文化消费场景,"[[""urban_operation"", ""文化"", ""主""], [""urban_operation"", ""事件"", ""次""]]",0.906,0,111.277621,30.694545
ermawu_T3_00789,ermawu,sim_ermawu_l3l4,夜经济让老街活了,夜经济,urban_operation,事件,0.826,Positive,pos,0.326,0.744,0.904,喜,历史街区,2026-05-05,2026-05 五一·大南门建成文旅爆满,0.838,aspect,夜经济,ermawu,ermawu,1,1,夜经济,pos,"[""夜经济""]",夜经济,"城市更新""十五五""规划(生活圈扩围;夜经济)",一刻钟便民生活圈建设;夜经济品牌培育,"[[""urban_operation"", ""事件"", ""主""], [""urban_governance"", ""事件"", ""次""]]",0.758,1,111.275806,30.696183
ermawu_T3_00790,ermawu,sim_ermawu_l3l4,盼着开街呢，老街改造进度有点慢,文旅活力,urban_operation,事件,0.564,Neutral,neu,0.452,0.872,0.744,盼,历史街区,2026-05-04,2026-05 五一·大南门建成文旅爆满,0.894,aspect,文旅活力,ermawu,ermawu,1,1,文旅活力,neu,"[""文旅活力""]",文旅活力,"城市更新""十五五""规划(文脉保护;文旅)",文旅品牌;节假日活动组织,"[[""urban_operation"", ""事件"", ""主""], [""urban_operation"", ""文化"", ""次""]]",0.685,1,111.276982,30.698015
ermawu_T3_00791,ermawu,sim_ermawu_l3l4,回迁满意，原样回来住着踏实,回迁安置,urban_renewal,服务,0.954,Very Positive,pos,0.466,0.866,0.711,乐,历史街区,2026-05-02,2026-05 五一·大南门建成文旅爆满,0.66,aspect,回迁安置,ermawu,ermawu,1,1,回迁安置,pos,"[""回迁安置""]",回迁安置,防止大拆大建通知(不大规模搬迁原住民),回迁安置;原住民保留,"[[""urban_renewal"", ""服务"", ""主""], [""urban_governance"", ""服务"", ""次""]]",0.911,0,111.277117,30.698995
ermawu_T3_00792,ermawu,sim_ermawu_l3l4,夜经济还在培育,夜经济,urban_operation,事件,0.506,Neutral,neu,0.333,0.893,0.887,急,历史街区,2026-05-01,2026-05 五一·大南门建成文旅爆满,0.838,aspect,夜经济,ermawu,ermawu,1,1,夜经济,neu,"[""夜经济""]",夜经济,"城市更新""十五五""规划(生活圈扩围;夜经济)",一刻钟便民生活圈建设;夜经济品牌培育,"[[""urban_operation"", ""事件"", ""主""], [""urban_governance"", ""事件"", ""次""]]",0.833,1,111.274807,30.697791
ermawu_T3_00793,ermawu,sim_ermawu_l3l4,回迁政策还在等落实,回迁安置,urban_renewal,服务,0.485,Neutral,neu,0.655,0.947,0.918,盼,历史街区,2026-05-04,2026-05 五一·大南门建成文旅爆满,0.547,aspect,回迁安置,ermawu,ermawu,1,1,回迁安置,neu,"[""回迁安置""]",回迁安置,防止大拆大建通知(不大规模搬迁原住民),回迁安置;原住民保留,"[[""urban_renewal"", ""服务"", ""主""], [""urban_governance"", ""服务"", ""次""]]",0.787,0,111.274834,30.697315
ermawu_T3_00794,ermawu,sim_ermawu_l3l4,不变拆真改，原汁原味加分,修旧如旧,urban_renewal,文化,0.795,Positive,pos,0.591,0.78,0.848,乐,历史街区,2026-05-01,2026-05 五一·大南门建成文旅爆满,0.866,aspect,修旧如旧,ermawu,ermawu,1,1,修旧如旧,pos,"[""修旧如旧""]",修旧如旧,防止大拆大建通知;关于持续推进城市更新行动的意见,历史街区/历史文化街区保护更新,"[[""urban_renewal"", ""文化"", ""主""], [""urban_operation"", ""文化"", ""次""]]",0.729,0,111.281062,30.697045
ermawu_T3_00795,ermawu,sim_ermawu_l3l4,回迁政策还在等落实,回迁安置,urban_renewal,服务,0.475,Neutral,neu,0.563,0.728,0.896,急,历史街区,2026-05-01,2026-05 五一·大南门建成文旅爆满,0.792,aspect,回迁安置,ermawu,ermawu,1,1,回迁安置,neu,"[""回迁安置""]",回迁安置,防止大拆大建通知(不大规模搬迁原住民),回迁安置;原住民保留,"[[""urban_renewal"", ""服务"", ""主""], [""urban_governance"", ""服务"", ""次""]]",0.683,0,111.27594,30.701467
ermawu_T3_00796,ermawu,sim_ermawu_l3l4,既有文化味更有烟火气，难得,烟火气保留,urban_renewal,文化,0.948,Positive,pos,0.547,0.868,0.888,乐,历史街区,2026-05-04,2026-05 五一·大南门建成文旅爆满,0.871,aspect,烟火气保留,ermawu,ermawu,1,1,烟火气保留,pos,"[""烟火气保留""]",烟火气保留,防止大拆大建通知(留改拆·留底线),历史街区保护更新;社区营造,"[[""urban_renewal"", ""文化"", ""主""], [""urban_renewal"", ""环境"", ""次""]]",0.866,0,111.27453,30.698717
ermawu_T3_00797,ermawu,sim_ermawu_l3l4,文创老店+特色美食，业态丰富,业态丰富度,urban_operation,服务,0.824,Very Positive,pos,0.467,0.804,0.774,喜,历史街区,2026-05-03,2026-05 五一·大南门建成文旅爆满,0.54,aspect,业态丰富度,ermawu,ermawu,1,1,业态丰富度,pos,"[""业态丰富度""]",业态丰富度,关于持续推进城市更新行动的意见(业态引导),业态多元化引导;业态调整,"[[""urban_operation"", ""服务"", ""主""], [""urban_renewal"", ""服务"", ""次""]]",0.783,0,111.277299,30.700536
ermawu_T3_00798,ermawu,sim_ermawu_l3l4,不变拆真改，原汁原味加分,修旧如旧,urban_renewal,文化,0.735,Positive,pos,0.71,0.845,0.849,喜,历史街区,2026-05-04,2026-05 五一·大南门建成文旅爆满,0.456,aspect,修旧如旧,ermawu,ermawu,1,1,修旧如旧,pos,"[""修旧如旧""]",修旧如旧,防止大拆大建通知;关于持续推进城市更新行动的意见,历史街区/历史文化街区保护更新,"[[""urban_renewal"", ""文化"", ""主""], [""urban_operation"", ""文化"", ""次""]]",0.939,0,111.279804,30.695818
ermawu_T3_00799,ermawu,sim_ermawu_l3l4,老味道还在，没变味,烟火气保留,urban_renewal,文化,0.633,Very Positive,pos,0.665,0.874,0.755,喜,历史街区,2026-05-04,2026-05 五一·大南门建成文旅爆满,0.635,aspect,烟火气保留,ermawu,ermawu,1,1,烟火气保留,pos,"[""烟火气保留""]",烟火气保留,防止大拆大建通知(留改拆·留底线),历史街区保护更新;社区营造,"[[""urban_renewal"", ""文化"", ""主""], [""urban_renewal"", ""环境"", ""次""]]",0.717,0,111.27939,30.691921
ermawu_T3_00800,ermawu,sim_ermawu_l3l4,"""宜昌""打卡墙出片，复古花墙绝了",网红打卡,urban_operation,文化,0.658,Positive,pos,0.322,0.947,0.81,喜,历史街区,2026-05-07,2026-05 五一·大南门建成文旅爆满,0.427,aspect,网红打卡,ermawu,ermawu,1,1,网红打卡,pos,"[""网红打卡""]",网红打卡,"城市更新""十五五""规划(文脉保护传承)",文旅IP打造;文化消费场景,"[[""urban_operation"", ""文化"", ""主""], [""urban_operation"", ""事件"", ""次""]]",0.883,0,111.276691,30.699786
ermawu_T3_00801,ermawu,sim_ermawu_l3l4,夜市噪音扰民，周边住户受不了,夜经济,urban_operation,事件,0.07,Negative,neg,0.665,0.847,0.784,哀,历史街区,2026-05-03,2026-05 五一·大南门建成文旅爆满,0.628,aspect,夜经济,ermawu,ermawu,1,1,夜经济,neg,"[""夜经济""]",夜经济,"城市更新""十五五""规划(生活圈扩围;夜经济)",一刻钟便民生活圈建设;夜经济品牌培育,"[[""urban_operation"", ""事件"", ""主""], [""urban_governance"", ""事件"", ""次""]]",0.724,1,111.275438,30.695087
ermawu_T3_00802,ermawu,sim_ermawu_l3l4,连锁店太多，没特色,业态丰富度,urban_operation,服务,0.248,Negative,neg,0.707,0.852,0.745,愁,历史街区,2026-05-02,2026-05 五一·大南门建成文旅爆满,0.613,aspect,业态丰富度,ermawu,ermawu,1,1,业态丰富度,neg,"[""业态丰富度""]",业态丰富度,关于持续推进城市更新行动的意见(业态引导),业态多元化引导;业态调整,"[[""urban_operation"", ""服务"", ""主""], [""urban_renewal"", ""服务"", ""次""]]",0.774,0,111.274653,30.698278
ermawu_T3_00803,ermawu,sim_ermawu_l3l4,下沉广场水景配老街，拍照绝佳,网红打卡,urban_operation,文化,0.941,Positive,pos,0.668,0.835,0.905,喜,历史街区,2026-05-01,2026-05 五一·大南门建成文旅爆满,0.495,aspect,网红打卡,ermawu,ermawu,1,1,网红打卡,pos,"[""网红打卡""]",网红打卡,"城市更新""十五五""规划(文脉保护传承)",文旅IP打造;文化消费场景,"[[""urban_operation"", ""文化"", ""主""], [""urban_operation"", ""事件"", ""次""]]",0.845,0,111.279819,30.699061
ermawu_T3_00804,ermawu,sim_ermawu_l3l4,文旅复苏，老街活了,文旅活力,urban_operation,事件,0.924,Positive,pos,0.519,0.823,0.898,乐,历史街区,2026-05-07,2026-05 五一·大南门建成文旅爆满,0.54,aspect,文旅活力,ermawu,ermawu,1,1,文旅活力,pos,"[""文旅活力""]",文旅活力,"城市更新""十五五""规划(文脉保护;文旅)",文旅品牌;节假日活动组织,"[[""urban_operation"", ""事件"", ""主""], [""urban_operation"", ""文化"", ""次""]]",0.71,1,111.276458,30.696635
ermawu_T3_00805,ermawu,sim_ermawu_l3l4,周边夜市烟火升腾，烧烤烤鱼小吃全有,夜经济,urban_operation,事件,0.951,Very Positive,pos,0.488,0.925,0.777,喜,历史街区,2026-05-07,2026-05 五一·大南门建成文旅爆满,0.869,aspect,夜经济,ermawu,ermawu,1,1,夜经济,pos,"[""夜经济""]",夜经济,"城市更新""十五五""规划(生活圈扩围;夜经济)",一刻钟便民生活圈建设;夜经济品牌培育,"[[""urban_operation"", ""事件"", ""主""], [""urban_governance"", ""事件"", ""次""]]",0.773,1,111.275704,30.698714
ermawu_T3_00806,ermawu,sim_ermawu_l3l4,盼着开街呢，老街改造进度有点慢,文旅活力,urban_operation,事件,0.434,Neutral,neu,0.48,0.937,0.76,盼,历史街区,2026-05-04,2026-05 五一·大南门建成文旅爆满,0.572,aspect,文旅活力,ermawu,ermawu,1,1,文旅活力,neu,"[""文旅活力""]",文旅活力,"城市更新""十五五""规划(文脉保护;文旅)",文旅品牌;节假日活动组织,"[[""urban_operation"", ""事件"", ""主""], [""urban_operation"", ""文化"", ""次""]]",0.847,1,111.281633,30.693378
ermawu_T3_00807,ermawu,sim_ermawu_l3l4,回迁政策还在等落实,回迁安置,urban_renewal,服务,0.478,Neutral,neu,0.474,0.767,0.72,盼,历史街区,2026-05-02,2026-05 五一·大南门建成文旅爆满,0.795,aspect,回迁安置,ermawu,ermawu,1,1,回迁安置,neu,"[""回迁安置""]",回迁安置,防止大拆大建通知(不大规模搬迁原住民),回迁安置;原住民保留,"[[""urban_renewal"", ""服务"", ""主""], [""urban_governance"", ""服务"", ""次""]]",0.888,0,111.28537,30.696731
ermawu_T3_00808,ermawu,sim_ermawu_l3l4,烟火气没了，商业化太重,烟火气保留,urban_renewal,文化,0.399,Negative,neg,0.807,0.777,0.867,怒,历史街区,2026-05-04,2026-05 五一·大南门建成文旅爆满,0.514,aspect,烟火气保留,ermawu,ermawu,1,1,烟火气保留,neg,"[""烟火气保留""]",烟火气保留,防止大拆大建通知(留改拆·留底线),历史街区保护更新;社区营造,"[[""urban_renewal"", ""文化"", ""主""], [""urban_renewal"", ""环境"", ""次""]]",0.776,0,111.281053,30.697136
ermawu_T3_00809,ermawu,sim_ermawu_l3l4,夜幕降临热闹起来，有活力,夜经济,urban_operation,事件,0.656,Positive,pos,0.571,0.913,0.859,乐,历史街区,2026-05-07,2026-05 五一·大南门建成文旅爆满,0.403,aspect,夜经济,ermawu,ermawu,1,1,夜经济,pos,"[""夜经济""]",夜经济,"城市更新""十五五""规划(生活圈扩围;夜经济)",一刻钟便民生活圈建设;夜经济品牌培育,"[[""urban_operation"", ""事件"", ""主""], [""urban_governance"", ""事件"", ""次""]]",0.77,1,111.280764,30.698594
ermawu_T3_00810,ermawu,sim_ermawu_l3l4,业态单一，逛一次就够,业态丰富度,urban_operation,服务,0.11,Very Negative,neg,0.62,0.878,0.897,愁,历史街区,2026-05-03,2026-05 五一·大南门建成文旅爆满,0.857,aspect,业态丰富度,ermawu,ermawu,1,1,业态丰富度,neg,"[""业态丰富度""]",业态丰富度,关于持续推进城市更新行动的意见(业态引导),业态多元化引导;业态调整,"[[""urban_operation"", ""服务"", ""主""], [""urban_renewal"", ""服务"", ""次""]]",0.857,0,111.274731,30.696007
ermawu_T3_00811,ermawu,sim_ermawu_l3l4,二马路修旧如旧，百年老街焕发新生,修旧如旧,urban_renewal,文化,0.921,Positive,pos,0.745,0.871,0.845,乐,历史街区,2026-05-01,2026-05 五一·大南门建成文旅爆满,0.618,aspect,修旧如旧,ermawu,ermawu,1,1,修旧如旧,pos,"[""修旧如旧""]",修旧如旧,防止大拆大建通知;关于持续推进城市更新行动的意见,历史街区/历史文化街区保护更新,"[[""urban_renewal"", ""文化"", ""主""], [""urban_operation"", ""文化"", ""次""]]",0.87,0,111.285655,30.693198
ermawu_T3_00812,ermawu,sim_ermawu_l3l4,不变拆真改，原汁原味加分,修旧如旧,urban_renewal,文化,0.457,Neutral,neu,0.468,0.874,0.83,盼,历史街区,2026-05-04,2026-05 五一·大南门建成文旅爆满,0.553,aspect,修旧如旧,ermawu,ermawu,1,1,修旧如旧,neu,"[""修旧如旧""]",修旧如旧,防止大拆大建通知;关于持续推进城市更新行动的意见,历史街区/历史文化街区保护更新,"[[""urban_renewal"", ""文化"", ""主""], [""urban_operation"", ""文化"", ""次""]]",0.857,0,111.284301,30.692366
ermawu_T3_00813,ermawu,sim_ermawu_l3l4,开街后人气回来了，热闹得像过年,文旅活力,urban_operation,事件,0.959,Very Positive,pos,0.309,0.86,0.896,喜,历史街区,2026-05-07,2026-05 五一·大南门建成文旅爆满,0.586,aspect,文旅活力,ermawu,ermawu,1,1,文旅活力,pos,"[""文旅活力""]",文旅活力,"城市更新""十五五""规划(文脉保护;文旅)",文旅品牌;节假日活动组织,"[[""urban_operation"", ""事件"", ""主""], [""urban_operation"", ""文化"", ""次""]]",0.835,1,111.278284,30.700586
ermawu_T3_00814,ermawu,sim_ermawu_l3l4,开街后人气回来了，热闹得像过年,文旅活力,urban_operation,事件,0.649,Positive,pos,0.576,0.83,0.706,乐,历史街区,2026-05-01,2026-05 五一·大南门建成文旅爆满,0.614,aspect,文旅活力,ermawu,ermawu,1,1,文旅活力,pos,"[""文旅活力""]",文旅活力,"城市更新""十五五""规划(文脉保护;文旅)",文旅品牌;节假日活动组织,"[[""urban_operation"", ""事件"", ""主""], [""urban_operation"", ""文化"", ""次""]]",0.711,1,111.286994,30.697269
ermawu_T3_00815,ermawu,sim_ermawu_l3l4,二马路修旧如旧，百年老街焕发新生,修旧如旧,urban_renewal,文化,0.808,Positive,pos,0.425,0.948,0.88,乐,历史街区,2026-05-04,2026-05 五一·大南门建成文旅爆满,0.574,aspect,修旧如旧,ermawu,ermawu,1,1,修旧如旧,pos,"[""修旧如旧""]",修旧如旧,防止大拆大建通知;关于持续推进城市更新行动的意见,历史街区/历史文化街区保护更新,"[[""urban_renewal"", ""文化"", ""主""], [""urban_operation"", ""文化"", ""次""]]",0.745,0,111.282989,30.696399
ermawu_T3_00816,ermawu,sim_ermawu_l3l4,老味道流失，可惜,烟火气保留,urban_renewal,文化,0.289,Very Negative,neg,0.937,0.874,0.818,哀,历史街区,2026-05-04,2026-05 五一·大南门建成文旅爆满,0.794,aspect,烟火气保留,ermawu,ermawu,1,1,烟火气保留,neg,"[""烟火气保留""]",烟火气保留,防止大拆大建通知(留改拆·留底线),历史街区保护更新;社区营造,"[[""urban_renewal"", ""文化"", ""主""], [""urban_renewal"", ""环境"", ""次""]]",0.899,0,111.276161,30.70174
ermawu_T3_00817,ermawu,sim_ermawu_l3l4,施工绕行太麻烦,施工扰民,urban_governance,环境,0.347,Very Negative,neg,0.504,0.942,0.914,怒,历史街区,2026-05-03,2026-05 五一·大南门建成文旅爆满,0.616,aspect,施工扰民,ermawu,ermawu,1,1,施工扰民,neg,"[""施工扰民""]",施工扰民,城市体检评估管理办法(施工期扰民),老旧小区改造;施工组织优化,"[[""urban_governance"", ""环境"", ""主""], [""urban_renewal"", ""设施"", ""次""]]",0.924,0,111.282023,30.696802
ermawu_T3_00818,ermawu,sim_ermawu_l3l4,保留原貌真有味道，修新如旧做得好,修旧如旧,urban_renewal,文化,0.708,Very Positive,pos,0.784,0.804,0.756,喜,历史街区,2026-05-06,2026-05 五一·大南门建成文旅爆满,0.791,aspect,修旧如旧,ermawu,ermawu,1,1,修旧如旧,pos,"[""修旧如旧""]",修旧如旧,防止大拆大建通知;关于持续推进城市更新行动的意见,历史街区/历史文化街区保护更新,"[[""urban_renewal"", ""文化"", ""主""], [""urban_operation"", ""文化"", ""次""]]",0.887,0,111.280179,30.699112
ermawu_T3_00819,ermawu,sim_ermawu_l3l4,二马路成了网红打卡地，年轻人多,网红打卡,urban_operation,文化,0.694,Positive,pos,0.311,0.913,0.76,乐,历史街区,2026-05-01,2026-05 五一·大南门建成文旅爆满,0.454,aspect,网红打卡,ermawu,ermawu,1,1,网红打卡,pos,"[""网红打卡""]",网红打卡,"城市更新""十五五""规划(文脉保护传承)",文旅IP打造;文化消费场景,"[[""urban_operation"", ""文化"", ""主""], [""urban_operation"", ""事件"", ""次""]]",0.902,0,111.284511,30.689805
ermawu_T3_00820,ermawu,sim_ermawu_l3l4,开街后人气回来了，热闹得像过年,文旅活力,urban_operation,事件,0.854,Positive,pos,0.597,0.895,0.918,喜,历史街区,2026-05-07,2026-05 五一·大南门建成文旅爆满,0.698,aspect,文旅活力,ermawu,ermawu,1,1,文旅活力,pos,"[""文旅活力""]",文旅活力,"城市更新""十五五""规划(文脉保护;文旅)",文旅品牌;节假日活动组织,"[[""urban_operation"", ""事件"", ""主""], [""urban_operation"", ""文化"", ""次""]]",0.716,1,111.278211,30.6974
ermawu_T3_00821,ermawu,sim_ermawu_l3l4,不变拆真改，原汁原味加分,修旧如旧,urban_renewal,文化,0.744,Positive,pos,0.742,0.89,0.716,喜,历史街区,2026-05-06,2026-05 五一·大南门建成文旅爆满,0.431,aspect,修旧如旧,ermawu,ermawu,1,1,修旧如旧,pos,"[""修旧如旧""]",修旧如旧,防止大拆大建通知;关于持续推进城市更新行动的意见,历史街区/历史文化街区保护更新,"[[""urban_renewal"", ""文化"", ""主""], [""urban_operation"", ""文化"", ""次""]]",0.947,0,111.286876,30.691986
ermawu_T3_00822,ermawu,sim_ermawu_l3l4,不变拆真改，原汁原味加分,修旧如旧,urban_renewal,文化,0.79,Positive,pos,0.508,0.85,0.768,乐,历史街区,2026-05-04,2026-05 五一·大南门建成文旅爆满,0.459,aspect,修旧如旧,ermawu,ermawu,1,1,修旧如旧,pos,"[""修旧如旧""]",修旧如旧,防止大拆大建通知;关于持续推进城市更新行动的意见,历史街区/历史文化街区保护更新,"[[""urban_renewal"", ""文化"", ""主""], [""urban_operation"", ""文化"", ""次""]]",0.925,0,111.284441,30.693462
ermawu_T3_00823,ermawu,sim_ermawu_l3l4,老建筑修得讲究，最小干预看出功夫,修旧如旧,urban_renewal,文化,0.628,Positive,pos,0.68,0.926,0.811,乐,历史街区,2026-05-04,2026-05 五一·大南门建成文旅爆满,0.431,aspect,修旧如旧,ermawu,ermawu,1,1,修旧如旧,pos,"[""修旧如旧""]",修旧如旧,防止大拆大建通知;关于持续推进城市更新行动的意见,历史街区/历史文化街区保护更新,"[[""urban_renewal"", ""文化"", ""主""], [""urban_operation"", ""文化"", ""次""]]",0.774,0,111.279464,30.70111
ermawu_T3_00824,ermawu,sim_ermawu_l3l4,打卡墙前要排队,网红打卡,urban_operation,文化,0.439,Neutral,neu,0.454,0.736,0.911,急,历史街区,2026-05-07,2026-05 五一·大南门建成文旅爆满,0.576,aspect,网红打卡,ermawu,ermawu,1,1,网红打卡,neu,"[""网红打卡""]",网红打卡,"城市更新""十五五""规划(文脉保护传承)",文旅IP打造;文化消费场景,"[[""urban_operation"", ""文化"", ""主""], [""urban_operation"", ""事件"", ""次""]]",0.751,0,111.283163,30.696339
ermawu_T3_00825,ermawu,sim_ermawu_l3l4,连锁店太多，没特色,业态丰富度,urban_operation,服务,0.194,Very Negative,neg,0.55,0.903,0.902,哀,历史街区,2026-05-01,2026-05 五一·大南门建成文旅爆满,0.649,aspect,业态丰富度,ermawu,ermawu,1,1,业态丰富度,neg,"[""业态丰富度""]",业态丰富度,关于持续推进城市更新行动的意见(业态引导),业态多元化引导;业态调整,"[[""urban_operation"", ""服务"", ""主""], [""urban_renewal"", ""服务"", ""次""]]",0.886,0,111.274947,30.697886
ermawu_T3_00826,ermawu,sim_ermawu_l3l4,五一日均1.5万人，百年老街出圈了,文旅活力,urban_operation,事件,0.866,Very Positive,pos,0.478,0.848,0.88,喜,历史街区,2026-05-03,2026-05 五一·大南门建成文旅爆满,0.413,aspect,文旅活力,ermawu,ermawu,1,1,文旅活力,pos,"[""文旅活力""]",文旅活力,"城市更新""十五五""规划(文脉保护;文旅)",文旅品牌;节假日活动组织,"[[""urban_operation"", ""事件"", ""主""], [""urban_operation"", ""文化"", ""次""]]",0.806,1,111.282603,30.693515
ermawu_T3_00827,ermawu,sim_ermawu_l3l4,开街后人气回来了，热闹得像过年,文旅活力,urban_operation,事件,0.955,Very Positive,pos,0.618,0.765,0.898,乐,历史街区,2026-05-02,2026-05 五一·大南门建成文旅爆满,0.748,aspect,文旅活力,ermawu,ermawu,1,1,文旅活力,pos,"[""文旅活力""]",文旅活力,"城市更新""十五五""规划(文脉保护;文旅)",文旅品牌;节假日活动组织,"[[""urban_operation"", ""事件"", ""主""], [""urban_operation"", ""文化"", ""次""]]",0.762,1,111.275791,30.697217
ermawu_T3_00828,ermawu,sim_ermawu_l3l4,保留原貌真有味道，修新如旧做得好,修旧如旧,urban_renewal,文化,0.717,Very Positive,pos,0.459,0.728,0.893,乐,历史街区,2026-05-04,2026-05 五一·大南门建成文旅爆满,0.607,aspect,修旧如旧,ermawu,ermawu,1,1,修旧如旧,pos,"[""修旧如旧""]",修旧如旧,防止大拆大建通知;关于持续推进城市更新行动的意见,历史街区/历史文化街区保护更新,"[[""urban_renewal"", ""文化"", ""主""], [""urban_operation"", ""文化"", ""次""]]",0.927,0,111.277848,30.693971
ermawu_T3_00829,ermawu,sim_ermawu_l3l4,连锁店太多，没特色,业态丰富度,urban_operation,服务,0.398,Negative,neg,0.863,0.933,0.788,哀,历史街区,2026-05-07,2026-05 五一·大南门建成文旅爆满,0.659,aspect,业态丰富度,ermawu,ermawu,1,1,业态丰富度,neg,"[""业态丰富度""]",业态丰富度,关于持续推进城市更新行动的意见(业态引导),业态多元化引导;业态调整,"[[""urban_operation"", ""服务"", ""主""], [""urban_renewal"", ""服务"", ""次""]]",0.685,0,111.277367,30.698544
ermawu_T3_00830,ermawu,sim_ermawu_l3l4,回迁安置拖很久,回迁安置,urban_renewal,服务,0.39,Very Negative,neg,0.89,0.916,0.805,怒,历史街区,2026-05-07,2026-05 五一·大南门建成文旅爆满,0.542,aspect,回迁安置,ermawu,ermawu,1,1,回迁安置,neg,"[""回迁安置""]",回迁安置,防止大拆大建通知(不大规模搬迁原住民),回迁安置;原住民保留,"[[""urban_renewal"", ""服务"", ""主""], [""urban_governance"", ""服务"", ""次""]]",0.78,0,111.281845,30.696426
ermawu_T3_00831,ermawu,sim_ermawu_l3l4,周边夜市烟火升腾，烧烤烤鱼小吃全有,夜经济,urban_operation,事件,0.935,Very Positive,pos,0.611,0.761,0.71,喜,历史街区,2026-05-06,2026-05 五一·大南门建成文旅爆满,0.676,aspect,夜经济,ermawu,ermawu,1,1,夜经济,pos,"[""夜经济""]",夜经济,"城市更新""十五五""规划(生活圈扩围;夜经济)",一刻钟便民生活圈建设;夜经济品牌培育,"[[""urban_operation"", ""事件"", ""主""], [""urban_governance"", ""事件"", ""次""]]",0.705,1,111.275686,30.699651
ermawu_T3_00832,ermawu,sim_ermawu_l3l4,烟火气没了，商业化太重,烟火气保留,urban_renewal,文化,0.11,Negative,neg,0.584,0.779,0.748,怒,历史街区,2026-05-04,2026-05 五一·大南门建成文旅爆满,0.715,aspect,烟火气保留,ermawu,ermawu,1,1,烟火气保留,neg,"[""烟火气保留""]",烟火气保留,防止大拆大建通知(留改拆·留底线),历史街区保护更新;社区营造,"[[""urban_renewal"", ""文化"", ""主""], [""urban_renewal"", ""环境"", ""次""]]",0.797,0,111.275468,30.698253
ermawu_T3_00833,ermawu,sim_ermawu_l3l4,既有文化味更有烟火气，难得,烟火气保留,urban_renewal,文化,0.62,Very Positive,pos,0.766,0.768,0.716,乐,历史街区,2026-05-02,2026-05 五一·大南门建成文旅爆满,0.618,aspect,烟火气保留,ermawu,ermawu,1,1,烟火气保留,pos,"[""烟火气保留""]",烟火气保留,防止大拆大建通知(留改拆·留底线),历史街区保护更新;社区营造,"[[""urban_renewal"", ""文化"", ""主""], [""urban_renewal"", ""环境"", ""次""]]",0.775,0,111.283306,30.690162
ermawu_T3_00834,ermawu,sim_ermawu_l3l4,"""宜昌""打卡墙出片，复古花墙绝了",网红打卡,urban_operation,文化,0.82,Very Positive,pos,0.302,0.845,0.781,喜,历史街区,2026-05-06,2026-05 五一·大南门建成文旅爆满,0.652,aspect,网红打卡,ermawu,ermawu,1,1,网红打卡,pos,"[""网红打卡""]",网红打卡,"城市更新""十五五""规划(文脉保护传承)",文旅IP打造;文化消费场景,"[[""urban_operation"", ""文化"", ""主""], [""urban_operation"", ""事件"", ""次""]]",0.897,0,111.288623,30.694583
ermawu_T3_00835,ermawu,sim_ermawu_l3l4,文创老店+特色美食，业态丰富,业态丰富度,urban_operation,服务,0.955,Positive,pos,0.649,0.846,0.86,乐,历史街区,2026-05-01,2026-05 五一·大南门建成文旅爆满,0.724,aspect,业态丰富度,ermawu,ermawu,1,1,业态丰富度,pos,"[""业态丰富度""]",业态丰富度,关于持续推进城市更新行动的意见(业态引导),业态多元化引导;业态调整,"[[""urban_operation"", ""服务"", ""主""], [""urban_renewal"", ""服务"", ""次""]]",0.921,0,111.288194,30.695854
ermawu_T3_00836,ermawu,sim_ermawu_l3l4,保留原貌真有味道，修新如旧做得好,修旧如旧,urban_renewal,文化,0.807,Positive,pos,0.374,0.751,0.799,喜,历史街区,2026-05-06,2026-05 五一·大南门建成文旅爆满,0.44,aspect,修旧如旧,ermawu,ermawu,1,1,修旧如旧,pos,"[""修旧如旧""]",修旧如旧,防止大拆大建通知;关于持续推进城市更新行动的意见,历史街区/历史文化街区保护更新,"[[""urban_renewal"", ""文化"", ""主""], [""urban_operation"", ""文化"", ""次""]]",0.904,0,111.279311,30.698423
ermawu_T3_00837,ermawu,sim_ermawu_l3l4,业态还在调整中,业态丰富度,urban_operation,服务,0.527,Neutral,neu,0.706,0.928,0.783,盼,历史街区,2026-05-02,2026-05 五一·大南门建成文旅爆满,0.774,aspect,业态丰富度,ermawu,ermawu,1,1,业态丰富度,neu,"[""业态丰富度""]",业态丰富度,关于持续推进城市更新行动的意见(业态引导),业态多元化引导;业态调整,"[[""urban_operation"", ""服务"", ""主""], [""urban_renewal"", ""服务"", ""次""]]",0.833,0,111.278676,30.698884
ermawu_T3_00838,ermawu,sim_ermawu_l3l4,"""宜昌""打卡墙出片，复古花墙绝了",网红打卡,urban_operation,文化,0.926,Positive,pos,0.77,0.795,0.777,喜,历史街区,2026-05-06,2026-05 五一·大南门建成文旅爆满,0.403,aspect,网红打卡,ermawu,ermawu,1,1,网红打卡,pos,"[""网红打卡""]",网红打卡,"城市更新""十五五""规划(文脉保护传承)",文旅IP打造;文化消费场景,"[[""urban_operation"", ""文化"", ""主""], [""urban_operation"", ""事件"", ""次""]]",0.876,0,111.287171,30.692908
ermawu_T3_00839,ermawu,sim_ermawu_l3l4,五一日均1.5万人，百年老街出圈了,文旅活力,urban_operation,事件,0.787,Positive,pos,0.518,0.91,0.736,乐,历史街区,2026-05-03,2026-05 五一·大南门建成文旅爆满,0.55,aspect,文旅活力,ermawu,ermawu,1,1,文旅活力,pos,"[""文旅活力""]",文旅活力,"城市更新""十五五""规划(文脉保护;文旅)",文旅品牌;节假日活动组织,"[[""urban_operation"", ""事件"", ""主""], [""urban_operation"", ""文化"", ""次""]]",0.805,1,111.28072,30.692134
ermawu_T3_00840,ermawu,sim_ermawu_l3l4,施工快收尾了，忍忍,施工扰民,urban_governance,环境,0.459,Neutral,neu,0.312,0.811,0.896,急,历史街区,2026-05-01,2026-05 五一·大南门建成文旅爆满,0.506,aspect,施工扰民,ermawu,ermawu,1,1,施工扰民,neu,"[""施工扰民""]",施工扰民,城市体检评估管理办法(施工期扰民),老旧小区改造;施工组织优化,"[[""urban_governance"", ""环境"", ""主""], [""urban_renewal"", ""设施"", ""次""]]",0.893,0,111.282695,30.690134
ermawu_T3_00841,ermawu,sim_ermawu_l3l4,保留原貌真有味道，修新如旧做得好,修旧如旧,urban_renewal,文化,0.742,Positive,pos,0.53,0.911,0.862,喜,历史街区,2026-05-02,2026-05 五一·大南门建成文旅爆满,0.868,aspect,修旧如旧,ermawu,ermawu,1,1,修旧如旧,pos,"[""修旧如旧""]",修旧如旧,防止大拆大建通知;关于持续推进城市更新行动的意见,历史街区/历史文化街区保护更新,"[[""urban_renewal"", ""文化"", ""主""], [""urban_operation"", ""文化"", ""次""]]",0.824,0,111.285127,30.693483
ermawu_T3_00842,ermawu,sim_ermawu_l3l4,二马路修旧如旧，百年老街焕发新生,修旧如旧,urban_renewal,文化,0.697,Positive,pos,0.741,0.729,0.783,乐,历史街区,2026-05-07,2026-05 五一·大南门建成文旅爆满,0.584,aspect,修旧如旧,ermawu,ermawu,1,1,修旧如旧,pos,"[""修旧如旧""]",修旧如旧,防止大拆大建通知;关于持续推进城市更新行动的意见,历史街区/历史文化街区保护更新,"[[""urban_renewal"", ""文化"", ""主""], [""urban_operation"", ""文化"", ""次""]]",0.708,0,111.284276,30.695468
ermawu_T3_00843,ermawu,sim_ermawu_l3l4,节假日停车地狱,停车难,urban_governance,设施,0.077,Negative,neg,0.695,0.931,0.895,怒,历史街区,2026-05-05,2026-05 五一·大南门建成文旅爆满,0.594,aspect,停车难,ermawu,ermawu,1,1,停车难,neg,"[""停车难""]",停车难,完整社区(配套设施补齐);一刻钟生活圈,停车设施补齐;配套完善,"[[""urban_governance"", ""设施"", ""主""], [""urban_planning"", ""设施"", ""次""]]",0.735,0,111.274242,30.698077
ermawu_T3_00844,ermawu,sim_ermawu_l3l4,盼着开街呢，老街改造进度有点慢,文旅活力,urban_operation,事件,0.41,Neutral,neu,0.651,0.761,0.726,盼,历史街区,2026-05-01,2026-05 五一·大南门建成文旅爆满,0.786,aspect,文旅活力,ermawu,ermawu,1,1,文旅活力,neu,"[""文旅活力""]",文旅活力,"城市更新""十五五""规划(文脉保护;文旅)",文旅品牌;节假日活动组织,"[[""urban_operation"", ""事件"", ""主""], [""urban_operation"", ""文化"", ""次""]]",0.918,1,111.279707,30.696312
ermawu_T3_00845,ermawu,sim_ermawu_l3l4,原住民留着，街区还活着,烟火气保留,urban_renewal,文化,0.938,Very Positive,pos,0.51,0.881,0.792,喜,历史街区,2026-05-07,2026-05 五一·大南门建成文旅爆满,0.591,aspect,烟火气保留,ermawu,ermawu,1,1,烟火气保留,pos,"[""烟火气保留""]",烟火气保留,防止大拆大建通知(留改拆·留底线),历史街区保护更新;社区营造,"[[""urban_renewal"", ""文化"", ""主""], [""urban_renewal"", ""环境"", ""次""]]",0.914,0,111.276174,30.701811
ermawu_T3_00846,ermawu,sim_ermawu_l3l4,烟火气这东西见仁见智,烟火气保留,urban_renewal,文化,0.503,Neutral,neu,0.542,0.9,0.734,急,历史街区,2026-05-05,2026-05 五一·大南门建成文旅爆满,0.549,aspect,烟火气保留,ermawu,ermawu,1,1,烟火气保留,neu,"[""烟火气保留""]",烟火气保留,防止大拆大建通知(留改拆·留底线),历史街区保护更新;社区营造,"[[""urban_renewal"", ""文化"", ""主""], [""urban_renewal"", ""环境"", ""次""]]",0.734,0,111.282301,30.690916
ermawu_T3_00847,ermawu,sim_ermawu_l3l4,开街后人气回来了，热闹得像过年,文旅活力,urban_operation,事件,0.884,Positive,pos,0.589,0.756,0.803,喜,历史街区,2026-05-04,2026-05 五一·大南门建成文旅爆满,0.5,aspect,文旅活力,ermawu,ermawu,1,1,文旅活力,pos,"[""文旅活力""]",文旅活力,"城市更新""十五五""规划(文脉保护;文旅)",文旅品牌;节假日活动组织,"[[""urban_operation"", ""事件"", ""主""], [""urban_operation"", ""文化"", ""次""]]",0.939,1,111.278094,30.695879
ermawu_T3_00848,ermawu,sim_ermawu_l3l4,回迁户型不满意,回迁安置,urban_renewal,服务,0.163,Very Negative,neg,0.838,0.758,0.823,愁,历史街区,2026-05-01,2026-05 五一·大南门建成文旅爆满,0.805,aspect,回迁安置,ermawu,ermawu,1,1,回迁安置,neg,"[""回迁安置""]",回迁安置,防止大拆大建通知(不大规模搬迁原住民),回迁安置;原住民保留,"[[""urban_renewal"", ""服务"", ""主""], [""urban_governance"", ""服务"", ""次""]]",0.929,0,111.276421,30.69908
ermawu_T3_00849,ermawu,sim_ermawu_l3l4,老建筑修得讲究，最小干预看出功夫,修旧如旧,urban_renewal,文化,0.635,Positive,pos,0.562,0.833,0.72,乐,历史街区,2026-05-02,2026-05 五一·大南门建成文旅爆满,0.806,aspect,修旧如旧,ermawu,ermawu,1,1,修旧如旧,pos,"[""修旧如旧""]",修旧如旧,防止大拆大建通知;关于持续推进城市更新行动的意见,历史街区/历史文化街区保护更新,"[[""urban_renewal"", ""文化"", ""主""], [""urban_operation"", ""文化"", ""次""]]",0.754,0,111.284936,30.690111
ermawu_T3_00850,ermawu,sim_ermawu_l3l4,不变拆真改，原汁原味加分,修旧如旧,urban_renewal,文化,0.846,Positive,pos,0.349,0.753,0.865,乐,历史街区,2026-05-03,2026-05 五一·大南门建成文旅爆满,0.584,aspect,修旧如旧,ermawu,ermawu,1,1,修旧如旧,pos,"[""修旧如旧""]",修旧如旧,防止大拆大建通知;关于持续推进城市更新行动的意见,历史街区/历史文化街区保护更新,"[[""urban_renewal"", ""文化"", ""主""], [""urban_operation"", ""文化"", ""次""]]",0.794,0,111.27901,30.695151
ermawu_T3_00851,ermawu,sim_ermawu_l3l4,文旅复苏，老街活了,文旅活力,urban_operation,事件,0.944,Positive,pos,0.656,0.942,0.74,乐,历史街区,2026-05-07,2026-05 五一·大南门建成文旅爆满,0.424,aspect,文旅活力,ermawu,ermawu,1,1,文旅活力,pos,"[""文旅活力""]",文旅活力,"城市更新""十五五""规划(文脉保护;文旅)",文旅品牌;节假日活动组织,"[[""urban_operation"", ""事件"", ""主""], [""urban_operation"", ""文化"", ""次""]]",0.789,1,111.279455,30.697343
ermawu_T3_00852,ermawu,sim_ermawu_l3l4,文创老店+特色美食，业态丰富,业态丰富度,urban_operation,服务,0.932,Positive,pos,0.547,0.818,0.805,乐,历史街区,2026-05-02,2026-05 五一·大南门建成文旅爆满,0.764,aspect,业态丰富度,ermawu,ermawu,1,1,业态丰富度,pos,"[""业态丰富度""]",业态丰富度,关于持续推进城市更新行动的意见(业态引导),业态多元化引导;业态调整,"[[""urban_operation"", ""服务"", ""主""], [""urban_renewal"", ""服务"", ""次""]]",0.724,0,111.276065,30.697932
ermawu_T3_00853,ermawu,sim_ermawu_l3l4,文旅复苏，老街活了,文旅活力,urban_operation,事件,0.668,Very Positive,pos,0.686,0.912,0.719,喜,历史街区,2026-05-01,2026-05 五一·大南门建成文旅爆满,0.761,aspect,文旅活力,ermawu,ermawu,1,1,文旅活力,pos,"[""文旅活力""]",文旅活力,"城市更新""十五五""规划(文脉保护;文旅)",文旅品牌;节假日活动组织,"[[""urban_operation"", ""事件"", ""主""], [""urban_operation"", ""文化"", ""次""]]",0.892,1,111.278139,30.693154
ermawu_T3_00854,ermawu,sim_ermawu_l3l4,老建筑修得讲究，最小干预看出功夫,修旧如旧,urban_renewal,文化,0.747,Positive,pos,0.748,0.872,0.741,喜,历史街区,2026-05-02,2026-05 五一·大南门建成文旅爆满,0.859,aspect,修旧如旧,ermawu,ermawu,1,1,修旧如旧,pos,"[""修旧如旧""]",修旧如旧,防止大拆大建通知;关于持续推进城市更新行动的意见,历史街区/历史文化街区保护更新,"[[""urban_renewal"", ""文化"", ""主""], [""urban_operation"", ""文化"", ""次""]]",0.835,0,111.284145,30.693193
ermawu_T3_00855,ermawu,sim_ermawu_l3l4,老建筑修得讲究，最小干预看出功夫,修旧如旧,urban_renewal,文化,0.693,Positive,pos,0.783,0.729,0.797,喜,历史街区,2026-05-02,2026-05 五一·大南门建成文旅爆满,0.505,aspect,修旧如旧,ermawu,ermawu,1,1,修旧如旧,pos,"[""修旧如旧""]",修旧如旧,防止大拆大建通知;关于持续推进城市更新行动的意见,历史街区/历史文化街区保护更新,"[[""urban_renewal"", ""文化"", ""主""], [""urban_operation"", ""文化"", ""次""]]",0.7,0,111.281279,30.694952
ermawu_T3_00856,ermawu,sim_ermawu_l3l4,既有文化味更有烟火气，难得,烟火气保留,urban_renewal,文化,0.952,Very Positive,pos,0.741,0.913,0.865,喜,历史街区,2026-05-07,2026-05 五一·大南门建成文旅爆满,0.688,aspect,烟火气保留,ermawu,ermawu,1,1,烟火气保留,pos,"[""烟火气保留""]",烟火气保留,防止大拆大建通知(留改拆·留底线),历史街区保护更新;社区营造,"[[""urban_renewal"", ""文化"", ""主""], [""urban_renewal"", ""环境"", ""次""]]",0.731,0,111.280464,30.698067
ermawu_T3_00857,ermawu,sim_ermawu_l3l4,原住民留着，街区还活着,烟火气保留,urban_renewal,文化,0.842,Positive,pos,0.618,0.922,0.831,喜,历史街区,2026-05-03,2026-05 五一·大南门建成文旅爆满,0.481,aspect,烟火气保留,ermawu,ermawu,1,1,烟火气保留,pos,"[""烟火气保留""]",烟火气保留,防止大拆大建通知(留改拆·留底线),历史街区保护更新;社区营造,"[[""urban_renewal"", ""文化"", ""主""], [""urban_renewal"", ""环境"", ""次""]]",0.904,0,111.281238,30.694881
ermawu_T3_00858,ermawu,sim_ermawu_l3l4,回迁满意，原样回来住着踏实,回迁安置,urban_renewal,服务,0.652,Very Positive,pos,0.533,0.807,0.796,乐,历史街区,2026-05-05,2026-05 五一·大南门建成文旅爆满,0.472,aspect,回迁安置,ermawu,ermawu,1,1,回迁安置,pos,"[""回迁安置""]",回迁安置,防止大拆大建通知(不大规模搬迁原住民),回迁安置;原住民保留,"[[""urban_renewal"", ""服务"", ""主""], [""urban_governance"", ""服务"", ""次""]]",0.743,0,111.288627,30.693379
ermawu_T3_00859,ermawu,sim_ermawu_l3l4,老建筑修得讲究，最小干预看出功夫,修旧如旧,urban_renewal,文化,0.828,Very Positive,pos,0.456,0.808,0.703,乐,历史街区,2026-05-02,2026-05 五一·大南门建成文旅爆满,0.739,aspect,修旧如旧,ermawu,ermawu,1,1,修旧如旧,pos,"[""修旧如旧""]",修旧如旧,防止大拆大建通知;关于持续推进城市更新行动的意见,历史街区/历史文化街区保护更新,"[[""urban_renewal"", ""文化"", ""主""], [""urban_operation"", ""文化"", ""次""]]",0.899,0,111.27478,30.697225
ermawu_T3_00860,ermawu,sim_ermawu_l3l4,不大规模搬迁是对的，老街坊还在,回迁安置,urban_renewal,服务,0.829,Positive,pos,0.721,0.882,0.703,喜,历史街区,2026-05-04,2026-05 五一·大南门建成文旅爆满,0.824,aspect,回迁安置,ermawu,ermawu,1,1,回迁安置,pos,"[""回迁安置""]",回迁安置,防止大拆大建通知(不大规模搬迁原住民),回迁安置;原住民保留,"[[""urban_renewal"", ""服务"", ""主""], [""urban_governance"", ""服务"", ""次""]]",0.933,0,111.280882,30.700468
ermawu_T3_00861,ermawu,sim_ermawu_l3l4,"""宜昌""打卡墙出片，复古花墙绝了",网红打卡,urban_operation,文化,0.713,Very Positive,pos,0.525,0.918,0.844,喜,历史街区,2026-05-04,2026-05 五一·大南门建成文旅爆满,0.667,aspect,网红打卡,ermawu,ermawu,1,1,网红打卡,pos,"[""网红打卡""]",网红打卡,"城市更新""十五五""规划(文脉保护传承)",文旅IP打造;文化消费场景,"[[""urban_operation"", ""文化"", ""主""], [""urban_operation"", ""事件"", ""次""]]",0.876,0,111.280388,30.698953
ermawu_T3_00862,ermawu,sim_ermawu_l3l4,回迁安置拖很久,回迁安置,urban_renewal,服务,0.349,Negative,neg,0.589,0.897,0.846,愁,历史街区,2026-05-05,2026-05 五一·大南门建成文旅爆满,0.834,aspect,回迁安置,ermawu,ermawu,1,1,回迁安置,neg,"[""回迁安置""]",回迁安置,防止大拆大建通知(不大规模搬迁原住民),回迁安置;原住民保留,"[[""urban_renewal"", ""服务"", ""主""], [""urban_governance"", ""服务"", ""次""]]",0.922,0,111.285443,30.694549
ermawu_T3_00863,ermawu,sim_ermawu_l3l4,保留原貌真有味道，修新如旧做得好,修旧如旧,urban_renewal,文化,0.692,Very Positive,pos,0.629,0.759,0.802,乐,历史街区,2026-05-05,2026-05 五一·大南门建成文旅爆满,0.504,aspect,修旧如旧,ermawu,ermawu,1,1,修旧如旧,pos,"[""修旧如旧""]",修旧如旧,防止大拆大建通知;关于持续推进城市更新行动的意见,历史街区/历史文化街区保护更新,"[[""urban_renewal"", ""文化"", ""主""], [""urban_operation"", ""文化"", ""次""]]",0.722,0,111.287605,30.692835
ermawu_T3_00864,ermawu,sim_ermawu_l3l4,停车太难，绕三圈找不到,停车难,urban_governance,设施,0.317,Negative,neg,0.525,0.796,0.833,哀,历史街区,2026-05-04,2026-05 五一·大南门建成文旅爆满,0.875,aspect,停车难,ermawu,ermawu,1,1,停车难,neg,"[""停车难""]",停车难,完整社区(配套设施补齐);一刻钟生活圈,停车设施补齐;配套完善,"[[""urban_governance"", ""设施"", ""主""], [""urban_planning"", ""设施"", ""次""]]",0.908,0,111.283521,30.695471
ermawu_T3_00865,ermawu,sim_ermawu_l3l4,二马路成了网红打卡地，年轻人多,网红打卡,urban_operation,文化,0.906,Very Positive,pos,0.385,0.75,0.83,喜,历史街区,2026-05-01,2026-05 五一·大南门建成文旅爆满,0.885,aspect,网红打卡,ermawu,ermawu,1,1,网红打卡,pos,"[""网红打卡""]",网红打卡,"城市更新""十五五""规划(文脉保护传承)",文旅IP打造;文化消费场景,"[[""urban_operation"", ""文化"", ""主""], [""urban_operation"", ""事件"", ""次""]]",0.767,0,111.280394,30.694717
ermawu_T3_00866,ermawu,sim_ermawu_l3l4,文旅复苏，老街活了,文旅活力,urban_operation,事件,0.874,Very Positive,pos,0.484,0.775,0.767,乐,历史街区,2026-05-03,2026-05 五一·大南门建成文旅爆满,0.471,aspect,文旅活力,ermawu,ermawu,1,1,文旅活力,pos,"[""文旅活力""]",文旅活力,"城市更新""十五五""规划(文脉保护;文旅)",文旅品牌;节假日活动组织,"[[""urban_operation"", ""事件"", ""主""], [""urban_operation"", ""文化"", ""次""]]",0.878,1,111.286614,30.692923
ermawu_T3_00867,ermawu,sim_ermawu_l3l4,夜幕降临热闹起来，有活力,夜经济,urban_operation,事件,0.926,Very Positive,pos,0.798,0.853,0.773,乐,历史街区,2026-05-02,2026-05 五一·大南门建成文旅爆满,0.441,aspect,夜经济,ermawu,ermawu,1,1,夜经济,pos,"[""夜经济""]",夜经济,"城市更新""十五五""规划(生活圈扩围;夜经济)",一刻钟便民生活圈建设;夜经济品牌培育,"[[""urban_operation"", ""事件"", ""主""], [""urban_governance"", ""事件"", ""次""]]",0.714,1,111.277952,30.695204
ermawu_T3_00868,ermawu,sim_ermawu_l3l4,老建筑修得讲究，最小干预看出功夫,修旧如旧,urban_renewal,文化,0.953,Very Positive,pos,0.581,0.827,0.753,喜,历史街区,2026-05-02,2026-05 五一·大南门建成文旅爆满,0.637,aspect,修旧如旧,ermawu,ermawu,1,1,修旧如旧,pos,"[""修旧如旧""]",修旧如旧,防止大拆大建通知;关于持续推进城市更新行动的意见,历史街区/历史文化街区保护更新,"[[""urban_renewal"", ""文化"", ""主""], [""urban_operation"", ""文化"", ""次""]]",0.764,0,111.281643,30.695806
ermawu_T3_00869,ermawu,sim_ermawu_l3l4,不大规模搬迁是对的，老街坊还在,回迁安置,urban_renewal,服务,0.928,Positive,pos,0.602,0.897,0.719,乐,历史街区,2026-05-03,2026-05 五一·大南门建成文旅爆满,0.531,aspect,回迁安置,ermawu,ermawu,1,1,回迁安置,pos,"[""回迁安置""]",回迁安置,防止大拆大建通知(不大规模搬迁原住民),回迁安置;原住民保留,"[[""urban_renewal"", ""服务"", ""主""], [""urban_governance"", ""服务"", ""次""]]",0.87,0,111.280705,30.694129
ermawu_T3_00870,ermawu,sim_ermawu_l3l4,开街后人气回来了，热闹得像过年,文旅活力,urban_operation,事件,0.835,Positive,pos,0.793,0.946,0.767,喜,历史街区,2026-05-06,2026-05 五一·大南门建成文旅爆满,0.625,aspect,文旅活力,ermawu,ermawu,1,1,文旅活力,pos,"[""文旅活力""]",文旅活力,"城市更新""十五五""规划(文脉保护;文旅)",文旅品牌;节假日活动组织,"[[""urban_operation"", ""事件"", ""主""], [""urban_operation"", ""文化"", ""次""]]",0.828,1,111.28111,30.693195
ermawu_T3_00871,ermawu,sim_ermawu_l3l4,二马路修旧如旧，百年老街焕发新生,修旧如旧,urban_renewal,文化,0.912,Very Positive,pos,0.511,0.759,0.85,乐,历史街区,2026-05-01,2026-05 五一·大南门建成文旅爆满,0.422,aspect,修旧如旧,ermawu,ermawu,1,1,修旧如旧,pos,"[""修旧如旧""]",修旧如旧,防止大拆大建通知;关于持续推进城市更新行动的意见,历史街区/历史文化街区保护更新,"[[""urban_renewal"", ""文化"", ""主""], [""urban_operation"", ""文化"", ""次""]]",0.799,0,111.283004,30.697908
ermawu_T3_00872,ermawu,sim_ermawu_l3l4,回迁安置拖很久,回迁安置,urban_renewal,服务,0.161,Negative,neg,0.823,0.809,0.869,怒,历史街区,2026-05-01,2026-05 五一·大南门建成文旅爆满,0.864,aspect,回迁安置,ermawu,ermawu,1,1,回迁安置,neg,"[""回迁安置""]",回迁安置,防止大拆大建通知(不大规模搬迁原住民),回迁安置;原住民保留,"[[""urban_renewal"", ""服务"", ""主""], [""urban_governance"", ""服务"", ""次""]]",0.862,0,111.285352,30.695248
ermawu_T3_00873,ermawu,sim_ermawu_l3l4,文旅复苏，老街活了,文旅活力,urban_operation,事件,0.675,Very Positive,pos,0.355,0.932,0.788,喜,历史街区,2026-05-06,2026-05 五一·大南门建成文旅爆满,0.768,aspect,文旅活力,ermawu,ermawu,1,1,文旅活力,pos,"[""文旅活力""]",文旅活力,"城市更新""十五五""规划(文脉保护;文旅)",文旅品牌;节假日活动组织,"[[""urban_operation"", ""事件"", ""主""], [""urban_operation"", ""文化"", ""次""]]",0.886,1,111.283004,30.694599
ermawu_T3_00874,ermawu,sim_ermawu_l3l4,五一日均1.5万人，百年老街出圈了,文旅活力,urban_operation,事件,0.781,Very Positive,pos,0.529,0.838,0.847,喜,历史街区,2026-05-07,2026-05 五一·大南门建成文旅爆满,0.401,aspect,文旅活力,ermawu,ermawu,1,1,文旅活力,pos,"[""文旅活力""]",文旅活力,"城市更新""十五五""规划(文脉保护;文旅)",文旅品牌;节假日活动组织,"[[""urban_operation"", ""事件"", ""主""], [""urban_operation"", ""文化"", ""次""]]",0.9,1,111.279166,30.700468
ermawu_T3_00875,ermawu,sim_ermawu_l3l4,开街后人气回来了，热闹得像过年,文旅活力,urban_operation,事件,0.782,Very Positive,pos,0.556,0.873,0.841,乐,历史街区,2026-05-04,2026-05 五一·大南门建成文旅爆满,0.594,aspect,文旅活力,ermawu,ermawu,1,1,文旅活力,pos,"[""文旅活力""]",文旅活力,"城市更新""十五五""规划(文脉保护;文旅)",文旅品牌;节假日活动组织,"[[""urban_operation"", ""事件"", ""主""], [""urban_operation"", ""文化"", ""次""]]",0.831,1,111.273839,30.697555
ermawu_T3_00876,ermawu,sim_ermawu_l3l4,不变拆真改，原汁原味加分,修旧如旧,urban_renewal,文化,0.901,Very Positive,pos,0.73,0.944,0.861,乐,历史街区,2026-05-04,2026-05 五一·大南门建成文旅爆满,0.832,aspect,修旧如旧,ermawu,ermawu,1,1,修旧如旧,pos,"[""修旧如旧""]",修旧如旧,防止大拆大建通知;关于持续推进城市更新行动的意见,历史街区/历史文化街区保护更新,"[[""urban_renewal"", ""文化"", ""主""], [""urban_operation"", ""文化"", ""次""]]",0.762,0,111.287711,30.694681
ermawu_T3_00877,ermawu,sim_ermawu_l3l4,"""宜昌""打卡墙出片，复古花墙绝了",网红打卡,urban_operation,文化,0.811,Positive,pos,0.436,0.78,0.748,乐,历史街区,2026-05-03,2026-05 五一·大南门建成文旅爆满,0.731,aspect,网红打卡,ermawu,ermawu,1,1,网红打卡,pos,"[""网红打卡""]",网红打卡,"城市更新""十五五""规划(文脉保护传承)",文旅IP打造;文化消费场景,"[[""urban_operation"", ""文化"", ""主""], [""urban_operation"", ""事件"", ""次""]]",0.705,0,111.285767,30.698092
ermawu_T3_00878,ermawu,sim_ermawu_l3l4,周边夜市烟火升腾，烧烤烤鱼小吃全有,夜经济,urban_operation,事件,0.751,Very Positive,pos,0.689,0.946,0.768,喜,历史街区,2026-05-07,2026-05 五一·大南门建成文旅爆满,0.472,aspect,夜经济,ermawu,ermawu,1,1,夜经济,pos,"[""夜经济""]",夜经济,"城市更新""十五五""规划(生活圈扩围;夜经济)",一刻钟便民生活圈建设;夜经济品牌培育,"[[""urban_operation"", ""事件"", ""主""], [""urban_governance"", ""事件"", ""次""]]",0.692,1,111.28257,30.69371
ermawu_T3_00879,ermawu,sim_ermawu_l3l4,文旅复苏，老街活了,文旅活力,urban_operation,事件,0.819,Very Positive,pos,0.48,0.934,0.783,喜,历史街区,2026-05-04,2026-05 五一·大南门建成文旅爆满,0.592,aspect,文旅活力,ermawu,ermawu,1,1,文旅活力,pos,"[""文旅活力""]",文旅活力,"城市更新""十五五""规划(文脉保护;文旅)",文旅品牌;节假日活动组织,"[[""urban_operation"", ""事件"", ""主""], [""urban_operation"", ""文化"", ""次""]]",0.835,1,111.27766,30.700358
ermawu_T3_00880,ermawu,sim_ermawu_l3l4,回迁满意，原样回来住着踏实,回迁安置,urban_renewal,服务,0.745,Very Positive,pos,0.352,0.932,0.894,喜,历史街区,2026-05-05,2026-05 五一·大南门建成文旅爆满,0.814,aspect,回迁安置,ermawu,ermawu,1,1,回迁安置,pos,"[""回迁安置""]",回迁安置,防止大拆大建通知(不大规模搬迁原住民),回迁安置;原住民保留,"[[""urban_renewal"", ""服务"", ""主""], [""urban_governance"", ""服务"", ""次""]]",0.783,0,111.283627,30.694599
ermawu_T3_00881,ermawu,sim_ermawu_l3l4,夜幕降临热闹起来，有活力,夜经济,urban_operation,事件,0.951,Very Positive,pos,0.393,0.741,0.9,乐,历史街区,2026-05-03,2026-05 五一·大南门建成文旅爆满,0.821,aspect,夜经济,ermawu,ermawu,1,1,夜经济,pos,"[""夜经济""]",夜经济,"城市更新""十五五""规划(生活圈扩围;夜经济)",一刻钟便民生活圈建设;夜经济品牌培育,"[[""urban_operation"", ""事件"", ""主""], [""urban_governance"", ""事件"", ""次""]]",0.839,1,111.281946,30.693183
ermawu_T3_00882,ermawu,sim_ermawu_l3l4,开街后人气回来了，热闹得像过年,文旅活力,urban_operation,事件,0.847,Positive,pos,0.574,0.835,0.795,乐,历史街区,2026-05-07,2026-05 五一·大南门建成文旅爆满,0.544,aspect,文旅活力,ermawu,ermawu,1,1,文旅活力,pos,"[""文旅活力""]",文旅活力,"城市更新""十五五""规划(文脉保护;文旅)",文旅品牌;节假日活动组织,"[[""urban_operation"", ""事件"", ""主""], [""urban_operation"", ""文化"", ""次""]]",0.944,1,111.28046,30.692294
ermawu_T3_00883,ermawu,sim_ermawu_l3l4,开街后人气回来了，热闹得像过年,文旅活力,urban_operation,事件,0.812,Positive,pos,0.56,0.773,0.89,喜,历史街区,2026-05-05,2026-05 五一·大南门建成文旅爆满,0.502,aspect,文旅活力,ermawu,ermawu,1,1,文旅活力,pos,"[""文旅活力""]",文旅活力,"城市更新""十五五""规划(文脉保护;文旅)",文旅品牌;节假日活动组织,"[[""urban_operation"", ""事件"", ""主""], [""urban_operation"", ""文化"", ""次""]]",0.822,1,111.283494,30.693265
ermawu_T3_00884,ermawu,sim_ermawu_l3l4,五一日均1.5万人，百年老街出圈了,文旅活力,urban_operation,事件,0.921,Positive,pos,0.323,0.811,0.71,喜,历史街区,2026-05-03,2026-05 五一·大南门建成文旅爆满,0.524,aspect,文旅活力,ermawu,ermawu,1,1,文旅活力,pos,"[""文旅活力""]",文旅活力,"城市更新""十五五""规划(文脉保护;文旅)",文旅品牌;节假日活动组织,"[[""urban_operation"", ""事件"", ""主""], [""urban_operation"", ""文化"", ""次""]]",0.788,1,111.284173,30.693322
ermawu_T3_00885,ermawu,sim_ermawu_l3l4,小众免费出片，本地人私藏,网红打卡,urban_operation,文化,0.897,Positive,pos,0.412,0.909,0.795,喜,历史街区,2026-05-01,2026-05 五一·大南门建成文旅爆满,0.601,aspect,网红打卡,ermawu,ermawu,1,1,网红打卡,pos,"[""网红打卡""]",网红打卡,"城市更新""十五五""规划(文脉保护传承)",文旅IP打造;文化消费场景,"[[""urban_operation"", ""文化"", ""主""], [""urban_operation"", ""事件"", ""次""]]",0.711,0,111.277625,30.700466
ermawu_T3_00886,ermawu,sim_ermawu_l3l4,保留原貌真有味道，修新如旧做得好,修旧如旧,urban_renewal,文化,0.625,Very Positive,pos,0.408,0.768,0.82,乐,历史街区,2026-05-02,2026-05 五一·大南门建成文旅爆满,0.442,aspect,修旧如旧,ermawu,ermawu,1,1,修旧如旧,pos,"[""修旧如旧""]",修旧如旧,防止大拆大建通知;关于持续推进城市更新行动的意见,历史街区/历史文化街区保护更新,"[[""urban_renewal"", ""文化"", ""主""], [""urban_operation"", ""文化"", ""次""]]",0.944,0,111.279299,30.699167
ermawu_T3_00887,ermawu,sim_ermawu_l3l4,不变拆真改，原汁原味加分,修旧如旧,urban_renewal,文化,0.659,Very Positive,pos,0.47,0.86,0.724,乐,历史街区,2026-05-01,2026-05 五一·大南门建成文旅爆满,0.689,aspect,修旧如旧,ermawu,ermawu,1,1,修旧如旧,pos,"[""修旧如旧""]",修旧如旧,防止大拆大建通知;关于持续推进城市更新行动的意见,历史街区/历史文化街区保护更新,"[[""urban_renewal"", ""文化"", ""主""], [""urban_operation"", ""文化"", ""次""]]",0.852,0,111.275325,30.696002
ermawu_T3_00888,ermawu,sim_ermawu_l3l4,原住民迁走，没了生活气,烟火气保留,urban_renewal,文化,0.293,Negative,neg,0.794,0.844,0.903,怒,历史街区,2026-05-07,2026-05 五一·大南门建成文旅爆满,0.826,aspect,烟火气保留,ermawu,ermawu,1,1,烟火气保留,neg,"[""烟火气保留""]",烟火气保留,防止大拆大建通知(留改拆·留底线),历史街区保护更新;社区营造,"[[""urban_renewal"", ""文化"", ""主""], [""urban_renewal"", ""环境"", ""次""]]",0.833,0,111.279166,30.701797
ermawu_T3_00889,ermawu,sim_ermawu_l3l4,文创老店+特色美食，业态丰富,业态丰富度,urban_operation,服务,0.696,Positive,pos,0.665,0.868,0.807,喜,历史街区,2026-05-02,2026-05 五一·大南门建成文旅爆满,0.691,aspect,业态丰富度,ermawu,ermawu,1,1,业态丰富度,pos,"[""业态丰富度""]",业态丰富度,关于持续推进城市更新行动的意见(业态引导),业态多元化引导;业态调整,"[[""urban_operation"", ""服务"", ""主""], [""urban_renewal"", ""服务"", ""次""]]",0.932,0,111.280394,30.701585
ermawu_T3_00890,ermawu,sim_ermawu_l3l4,业态都同质化了，走哪都一样,业态丰富度,urban_operation,服务,0.142,Very Negative,neg,0.644,0.929,0.859,愁,历史街区,2026-05-04,2026-05 五一·大南门建成文旅爆满,0.589,aspect,业态丰富度,ermawu,ermawu,1,1,业态丰富度,neg,"[""业态丰富度""]",业态丰富度,关于持续推进城市更新行动的意见(业态引导),业态多元化引导;业态调整,"[[""urban_operation"", ""服务"", ""主""], [""urban_renewal"", ""服务"", ""次""]]",0.708,0,111.283519,30.693811
ermawu_T3_00891,ermawu,sim_ermawu_l3l4,老建筑修得讲究，最小干预看出功夫,修旧如旧,urban_renewal,文化,0.881,Very Positive,pos,0.528,0.886,0.789,喜,历史街区,2026-05-01,2026-05 五一·大南门建成文旅爆满,0.683,aspect,修旧如旧,ermawu,ermawu,1,1,修旧如旧,pos,"[""修旧如旧""]",修旧如旧,防止大拆大建通知;关于持续推进城市更新行动的意见,历史街区/历史文化街区保护更新,"[[""urban_renewal"", ""文化"", ""主""], [""urban_operation"", ""文化"", ""次""]]",0.904,0,111.286777,30.696834
ermawu_T3_00892,ermawu,sim_ermawu_l3l4,开街后人气回来了，热闹得像过年,文旅活力,urban_operation,事件,0.719,Very Positive,pos,0.317,0.744,0.787,喜,历史街区,2026-05-07,2026-05 五一·大南门建成文旅爆满,0.841,aspect,文旅活力,ermawu,ermawu,1,1,文旅活力,pos,"[""文旅活力""]",文旅活力,"城市更新""十五五""规划(文脉保护;文旅)",文旅品牌;节假日活动组织,"[[""urban_operation"", ""事件"", ""主""], [""urban_operation"", ""文化"", ""次""]]",0.837,1,111.280596,30.692429
ermawu_T3_00893,ermawu,sim_ermawu_l3l4,二马路修旧如旧，百年老街焕发新生,修旧如旧,urban_renewal,文化,0.903,Very Positive,pos,0.464,0.8,0.799,喜,历史街区,2026-05-07,2026-05 五一·大南门建成文旅爆满,0.609,aspect,修旧如旧,ermawu,ermawu,1,1,修旧如旧,pos,"[""修旧如旧""]",修旧如旧,防止大拆大建通知;关于持续推进城市更新行动的意见,历史街区/历史文化街区保护更新,"[[""urban_renewal"", ""文化"", ""主""], [""urban_operation"", ""文化"", ""次""]]",0.922,0,111.2787,30.700222
ermawu_T3_00894,ermawu,sim_ermawu_l3l4,小众免费出片，本地人私藏,网红打卡,urban_operation,文化,0.625,Very Positive,pos,0.366,0.766,0.749,喜,历史街区,2026-05-05,2026-05 五一·大南门建成文旅爆满,0.802,aspect,网红打卡,ermawu,ermawu,1,1,网红打卡,pos,"[""网红打卡""]",网红打卡,"城市更新""十五五""规划(文脉保护传承)",文旅IP打造;文化消费场景,"[[""urban_operation"", ""文化"", ""主""], [""urban_operation"", ""事件"", ""次""]]",0.898,0,111.286374,30.693234
ermawu_T3_00895,ermawu,sim_ermawu_l3l4,二马路成了网红打卡地，年轻人多,网红打卡,urban_operation,文化,0.947,Positive,pos,0.556,0.789,0.792,喜,历史街区,2026-05-01,2026-05 五一·大南门建成文旅爆满,0.875,aspect,网红打卡,ermawu,ermawu,1,1,网红打卡,pos,"[""网红打卡""]",网红打卡,"城市更新""十五五""规划(文脉保护传承)",文旅IP打造;文化消费场景,"[[""urban_operation"", ""文化"", ""主""], [""urban_operation"", ""事件"", ""次""]]",0.799,0,111.274081,30.698435
ermawu_T3_00896,ermawu,sim_ermawu_l3l4,周边夜市烟火升腾，烧烤烤鱼小吃全有,夜经济,urban_operation,事件,0.917,Positive,pos,0.64,0.726,0.815,喜,历史街区,2026-05-05,2026-05 五一·大南门建成文旅爆满,0.448,aspect,夜经济,ermawu,ermawu,1,1,夜经济,pos,"[""夜经济""]",夜经济,"城市更新""十五五""规划(生活圈扩围;夜经济)",一刻钟便民生活圈建设;夜经济品牌培育,"[[""urban_operation"", ""事件"", ""主""], [""urban_governance"", ""事件"", ""次""]]",0.839,1,111.28462,30.695732
ermawu_T3_00897,ermawu,sim_ermawu_l3l4,不大规模搬迁是对的，老街坊还在,回迁安置,urban_renewal,服务,0.635,Positive,pos,0.683,0.885,0.872,喜,历史街区,2026-05-02,2026-05 五一·大南门建成文旅爆满,0.718,aspect,回迁安置,ermawu,ermawu,1,1,回迁安置,pos,"[""回迁安置""]",回迁安置,防止大拆大建通知(不大规模搬迁原住民),回迁安置;原住民保留,"[[""urban_renewal"", ""服务"", ""主""], [""urban_governance"", ""服务"", ""次""]]",0.879,0,111.274207,30.698897
ermawu_T3_00898,ermawu,sim_ermawu_l3l4,开街垃圾满地没人扫,垃圾秩序,urban_governance,环境,0.284,Negative,neg,0.721,0.894,0.894,哀,历史街区,2026-05-01,2026-05 五一·大南门建成文旅爆满,0.847,aspect,垃圾秩序,ermawu,ermawu,1,1,垃圾秩序,neg,"[""垃圾秩序""]",垃圾秩序,城市更新行动意见(市容治理),市容环境治理;垃圾分类,"[[""urban_governance"", ""环境"", ""主""], [""urban_governance"", ""服务"", ""次""]]",0.749,0,111.2777,30.696275
ermawu_T3_00899,ermawu,sim_ermawu_l3l4,开街后人气回来了，热闹得像过年,文旅活力,urban_operation,事件,0.827,Positive,pos,0.332,0.873,0.817,喜,历史街区,2026-05-03,2026-05 五一·大南门建成文旅爆满,0.677,aspect,文旅活力,ermawu,ermawu,1,1,文旅活力,pos,"[""文旅活力""]",文旅活力,"城市更新""十五五""规划(文脉保护;文旅)",文旅品牌;节假日活动组织,"[[""urban_operation"", ""事件"", ""主""], [""urban_operation"", ""文化"", ""次""]]",0.745,1,111.279725,30.696856
