{
"type": "FeatureCollection",
"name": "xiling_grid_400m_12345",
"crs": { "type": "name", "properties": { "name": "urn:ogc:def:crs:OGC:1.3:CRS84" } },
"features": [
{ "type": "Feature", "properties": { "name": "峡州社区", "cell_id": "grid_400_8504_1327", "point_count": 1, "top_class9": "住宅", "top_aspect": "民生基础", "top_community": "峡州社区", "in_xw": true, "in_174": true, "n_民生基础": 1, "n_安全韧性": 0, "n_噪声": 0, "n_住宅": 1, "n_物业": 0, "n_停车": 0, "n_出行": 0, "n_管网安全": 0, "n_出行安全": 0, "n_消防安全": 0, "n_环境安全": 0, "n_其他": 0, "n_ev_投诉": 1, "n_ev_求助": 0, "n_ev_建议": 0, "n_ev_其他": 0, "n_in_xw": 1, "n_in_174": 1 }, "geometry": { "type": "Polygon", "coordinates": [ [ [ 111.325787499179185, 30.734640546819119 ], [ 111.325799637643826, 30.738248481740925 ], [ 111.321622775066814, 30.738258900564119 ], [ 111.321610792214841, 30.734650964156661 ], [ 111.325787499179185, 30.734640546819119 ] ] ] } },
{ "type": "Feature", "properties": { "name": "汕头路社区", "cell_id": "grid_400_8497_1329", "point_count": 1, "top_class9": "停车", "top_aspect": "民生基础", "top_community": "汕头路社区", "in_xw": true, "in_174": true, "n_民生基础": 1, "n_安全韧性": 0, "n_噪声": 0, "n_住宅": 0, "n_物业": 0, "n_停车": 1, "n_出行": 0, "n_管网安全": 0, "n_出行安全": 0, "n_消防安全": 0, "n_环境安全": 0, "n_其他": 0, "n_ev_投诉": 1, "n_ev_求助": 0, "n_ev_建议": 0, "n_ev_其他": 0, "n_in_xw": 1, "n_in_174": 1 }, "geometry": { "type": "Polygon", "coordinates": [ [ [ 111.334053821554491, 30.709363729321563 ], [ 111.334066255529152, 30.712971675298444 ], [ 111.32989048605512, 30.712982352315713 ], [ 111.329878207496051, 30.709374404815634 ], [ 111.334053821554491, 30.709363729321563 ] ] ] } },
{ "type": "Feature", "properties": { "name": "石板社区", "cell_id": "grid_400_8502_1335", "point_count": 1, "top_class9": "停车", "top_aspect": "民生基础", "top_community": "石板社区", "in_xw": true, "in_174": true, "n_民生基础": 1, "n_安全韧性": 0, "n_噪声": 0, "n_住宅": 0, "n_物业": 0, "n_停车": 1, "n_出行": 0, "n_管网安全": 0, "n_出行安全": 0, "n_消防安全": 0, "n_环境安全": 0, "n_其他": 0, "n_ev_投诉": 1, "n_ev_求助": 0, "n_ev_建议": 0, "n_ev_其他": 0, "n_in_xw": 1, "n_in_174": 1 }, "geometry": { "type": "Polygon", "coordinates": [ [ [ 111.359174314238587, 30.727336518620969 ], [ 111.359187692763697, 30.730944444993654 ], [ 111.355011159685588, 30.7309559359711 ], [ 111.35499793671417, 30.727348007959655 ], [ 111.359174314238587, 30.727336518620969 ] ] ] } },
{ "type": "Feature", "properties": { "name": "石板社区", "cell_id": "grid_400_8504_1332", "point_count": 7, "top_class9": "住宅", "top_aspect": "民生基础", "top_community": "石板社区", "in_xw": true, "in_174": true, "n_民生基础": 6, "n_安全韧性": 1, "n_噪声": 2, "n_住宅": 3, "n_物业": 1, "n_停车": 0, "n_出行": 0, "n_管网安全": 0, "n_出行安全": 1, "n_消防安全": 0, "n_环境安全": 0, "n_其他": 0, "n_ev_投诉": 6, "n_ev_求助": 1, "n_ev_建议": 0, "n_ev_其他": 0, "n_in_xw": 7, "n_in_174": 7 }, "geometry": { "type": "Polygon", "coordinates": [ [ [ 111.346671000592337, 30.734586443975278 ], [ 111.3466839171152, 30.738194371181379 ], [ 111.342507065769681, 30.738205462151583 ], [ 111.342494304857738, 30.734597533363996 ], [ 111.346671000592337, 30.734586443975278 ] ] ] } },
{ "type": "Feature", "properties": { "name": "汕头路社区", "cell_id": "grid_400_8496_1329", "point_count": 1, "top_class9": "出行安全", "top_aspect": "安全韧性", "top_community": "汕头路社区", "in_xw": true, "in_174": true, "n_民生基础": 0, "n_安全韧性": 1, "n_噪声": 0, "n_住宅": 0, "n_物业": 0, "n_停车": 0, "n_出行": 0, "n_管网安全": 0, "n_出行安全": 1, "n_消防安全": 0, "n_环境安全": 0, "n_其他": 0, "n_ev_投诉": 1, "n_ev_求助": 0, "n_ev_建议": 0, "n_ev_其他": 0, "n_in_xw": 1, "n_in_174": 1 }, "geometry": { "type": "Polygon", "coordinates": [ [ [ 111.334041389823341, 30.705755781333252 ], [ 111.334053821554491, 30.709363729321563 ], [ 111.329878207496051, 30.709374404815634 ], [ 111.32986593115244, 30.705766455304239 ], [ 111.334041389823341, 30.705755781333252 ] ] ] } },
{ "type": "Feature", "properties": { "name": "石板社区", "cell_id": "grid_400_8503_1332", "point_count": 4, "top_class9": "出行安全", "top_aspect": "安全韧性", "top_community": "石板社区", "in_xw": true, "in_174": true, "n_民生基础": 1, "n_安全韧性": 3, "n_噪声": 1, "n_住宅": 0, "n_物业": 0, "n_停车": 0, "n_出行": 0, "n_管网安全": 0, "n_出行安全": 3, "n_消防安全": 0, "n_环境安全": 0, "n_其他": 0, "n_ev_投诉": 1, "n_ev_求助": 3, "n_ev_建议": 0, "n_ev_其他": 0, "n_in_xw": 4, "n_in_174": 4 }, "geometry": { "type": "Polygon", "coordinates": [ [ [ 111.346658086399628, 30.73097851475643 ], [ 111.346671000592337, 30.734586443975278 ], [ 111.342494304857738, 30.734597533363996 ], [ 111.342481546247896, 30.730989602563788 ], [ 111.346658086399628, 30.73097851475643 ] ] ] } },
{ "type": "Feature", "properties": { "name": "汕头路社区", "cell_id": "grid_400_8499_1332", "point_count": 12, "top_class9": "住宅", "top_aspect": "民生基础", "top_community": "汕头路社区", "in_xw": true, "in_174": true, "n_民生基础": 7, "n_安全韧性": 5, "n_噪声": 1, "n_住宅": 3, "n_物业": 1, "n_停车": 1, "n_出行": 1, "n_管网安全": 1, "n_出行安全": 2, "n_消防安全": 2, "n_环境安全": 0, "n_其他": 0, "n_ev_投诉": 9, "n_ev_求助": 2, "n_ev_建议": 1, "n_ev_其他": 0, "n_in_xw": 12, "n_in_174": 12 }, "geometry": { "type": "Polygon", "coordinates": [ [ [ 111.346606452923197, 30.71654677775653 ], [ 111.346619357798858, 30.720154715024922 ], [ 111.342443284227357, 30.720165798088878 ], [ 111.342430534822313, 30.716557859239586 ], [ 111.346606452923197, 30.71654677775653 ] ] ] } },
{ "type": "Feature", "properties": { "name": "夷陵路社区", "cell_id": "grid_400_8493_1319", "point_count": 10, "top_class9": "噪声", "top_aspect": "民生基础", "top_community": "夷陵路社区", "in_xw": true, "in_174": true, "n_民生基础": 7, "n_安全韧性": 3, "n_噪声": 4, "n_住宅": 1, "n_物业": 1, "n_停车": 1, "n_出行": 0, "n_管网安全": 2, "n_出行安全": 1, "n_消防安全": 0, "n_环境安全": 0, "n_其他": 0, "n_ev_投诉": 7, "n_ev_求助": 3, "n_ev_建议": 0, "n_ev_其他": 0, "n_in_xw": 10, "n_in_174": 10 }, "geometry": { "type": "Polygon", "coordinates": [ [ [ 111.292254085051212, 30.695032580307714 ], [ 111.292264957004534, 30.698640548695138 ], [ 111.288089788141491, 30.69864987742055 ], [ 111.288079071494835, 30.695041907701899 ], [ 111.292254085051212, 30.695032580307714 ] ] ] } },
{ "type": "Feature", "properties": { "name": "石子岭社区", "cell_id": "grid_400_8502_1317", "point_count": 2, "top_class9": "物业", "top_aspect": "民生基础", "top_community": "石子岭社区", "in_xw": true, "in_174": false, "n_民生基础": 1, "n_安全韧性": 1, "n_噪声": 0, "n_住宅": 0, "n_物业": 1, "n_停车": 0, "n_出行": 0, "n_管网安全": 1, "n_出行安全": 0, "n_消防安全": 0, "n_环境安全": 0, "n_其他": 0, "n_ev_投诉": 0, "n_ev_求助": 2, "n_ev_建议": 0, "n_ev_其他": 0, "n_in_xw": 2, "n_in_174": 1 }, "geometry": { "type": "Polygon", "coordinates": [ [ [ 111.283999176706928, 30.727522767806899 ], [ 111.284009755212338, 30.731130720744687 ], [ 111.279833183481699, 30.731139792667879 ], [ 111.279822760535978, 30.727531838436331 ], [ 111.283999176706928, 30.727522767806899 ] ] ] } },
{ "type": "Feature", "properties": { "name": "上导堤社区", "cell_id": "grid_400_8507_1320", "point_count": 1, "top_class9": "出行", "top_aspect": "民生基础", "top_community": "上导堤社区", "in_xw": true, "in_174": true, "n_民生基础": 1, "n_安全韧性": 0, "n_噪声": 0, "n_住宅": 0, "n_物业": 0, "n_停车": 0, "n_出行": 1, "n_管网安全": 0, "n_出行安全": 0, "n_消防安全": 0, "n_环境安全": 0, "n_其他": 0, "n_ev_投诉": 1, "n_ev_求助": 0, "n_ev_建议": 0, "n_ev_其他": 0, "n_in_xw": 1, "n_in_174": 1 }, "geometry": { "type": "Polygon", "coordinates": [ [ [ 111.296583659503113, 30.745534474264133 ], [ 111.296594714653864, 30.749142413147737 ], [ 111.292417370518692, 30.749151895009764 ], [ 111.292406471067125, 30.745543954774405 ], [ 111.296583659503113, 30.745534474264133 ] ] ] } },
{ "type": "Feature", "properties": { "name": "", "cell_id": "grid_400_8501_1317", "point_count": 5, "top_class9": "噪声", "top_aspect": "民生基础", "top_community": null, "in_xw": true, "in_174": true, "n_民生基础": 4, "n_安全韧性": 1, "n_噪声": 2, "n_住宅": 2, "n_物业": 0, "n_停车": 0, "n_出行": 0, "n_管网安全": 1, "n_出行安全": 0, "n_消防安全": 0, "n_环境安全": 0, "n_其他": 0, "n_ev_投诉": 2, "n_ev_求助": 3, "n_ev_建议": 0, "n_ev_其他": 0, "n_in_xw": 5, "n_in_174": 0 }, "geometry": { "type": "Polygon", "coordinates": [ [ [ 111.283988600109993, 30.723914812858261 ], [ 111.283999176706928, 30.727522767806899 ], [ 111.279822760535978, 30.727531838436331 ], [ 111.279812339470666, 30.723923882194015 ], [ 111.283988600109993, 30.723914812858261 ] ] ] } },
{ "type": "Feature", "properties": { "name": "东湖社区", "cell_id": "grid_400_8500_1317", "point_count": 22, "top_class9": "管网安全", "top_aspect": "安全韧性", "top_community": "东湖社区", "in_xw": true, "in_174": true, "n_民生基础": 10, "n_安全韧性": 12, "n_噪声": 0, "n_住宅": 2, "n_物业": 3, "n_停车": 3, "n_出行": 2, "n_管网安全": 10, "n_出行安全": 1, "n_消防安全": 1, "n_环境安全": 0, "n_其他": 0, "n_ev_投诉": 1, "n_ev_求助": 20, "n_ev_建议": 1, "n_ev_其他": 0, "n_in_xw": 22, "n_in_174": 22 }, "geometry": { "type": "Polygon", "coordinates": [ [ [ 111.283978025421249, 30.720306855898865 ], [ 111.283988600109993, 30.723914812858261 ], [ 111.279812339470666, 30.723923882194015 ], [ 111.279801920285507, 30.720315923941047 ], [ 111.283978025421249, 30.720306855898865 ] ] ] } },
{ "type": "Feature", "properties": { "name": "锦绣社区", "cell_id": "grid_400_8499_1317", "point_count": 6, "top_class9": "噪声", "top_aspect": "民生基础", "top_community": "锦绣社区", "in_xw": true, "in_174": true, "n_民生基础": 4, "n_安全韧性": 2, "n_噪声": 2, "n_住宅": 0, "n_物业": 1, "n_停车": 0, "n_出行": 1, "n_管网安全": 0, "n_出行安全": 2, "n_消防安全": 0, "n_环境安全": 0, "n_其他": 0, "n_ev_投诉": 3, "n_ev_求助": 1, "n_ev_建议": 2, "n_ev_其他": 0, "n_in_xw": 6, "n_in_174": 6 }, "geometry": { "type": "Polygon", "coordinates": [ [ [ 111.283967452640411, 30.716698896928889 ], [ 111.283978025421249, 30.720306855898865 ], [ 111.279801920285507, 30.720315923941047 ], [ 111.279791502980174, 30.716707963677571 ], [ 111.283967452640411, 30.716698896928889 ] ] ] } },
{ "type": "Feature", "properties": { "name": "望洲社区", "cell_id": "grid_400_8504_1320", "point_count": 3, "top_class9": "物业", "top_aspect": "民生基础", "top_community": "望洲社区", "in_xw": true, "in_174": true, "n_民生基础": 2, "n_安全韧性": 1, "n_噪声": 0, "n_住宅": 0, "n_物业": 1, "n_停车": 1, "n_出行": 0, "n_管网安全": 0, "n_出行安全": 1, "n_消防安全": 0, "n_环境安全": 0, "n_其他": 0, "n_ev_投诉": 3, "n_ev_求助": 0, "n_ev_建议": 0, "n_ev_其他": 0, "n_in_xw": 3, "n_in_174": 3 }, "geometry": { "type": "Polygon", "coordinates": [ [ [ 111.296550506014967, 30.734710645542766 ], [ 111.29656155518397, 30.738318590461496 ], [ 111.292384678062092, 30.738328068268558 ], [ 111.29237378450803, 30.734720121998365 ], [ 111.296550506014967, 30.734710645542766 ] ] ] } },
{ "type": "Feature", "properties": { "name": "东山花园社区", "cell_id": "grid_400_8498_1325", "point_count": 3, "top_class9": "管网安全", "top_aspect": "安全韧性", "top_community": "东山花园社区", "in_xw": true, "in_174": true, "n_民生基础": 1, "n_安全韧性": 2, "n_噪声": 1, "n_住宅": 0, "n_物业": 0, "n_停车": 0, "n_出行": 0, "n_管网安全": 2, "n_出行安全": 0, "n_消防安全": 0, "n_环境安全": 0, "n_其他": 0, "n_ev_投诉": 1, "n_ev_求助": 2, "n_ev_建议": 0, "n_ev_其他": 0, "n_in_xw": 3, "n_in_174": 3 }, "geometry": { "type": "Polygon", "coordinates": [ [ [ 111.317363164450327, 30.713013577593461 ], [ 111.317374978892289, 30.716621527537036 ], [ 111.313199045278282, 30.716631668817442 ], [ 111.313187386281328, 30.713023717427198 ], [ 111.317363164450327, 30.713013577593461 ] ] ] } },
{ "type": "Feature", "properties": { "name": "石板溪社区", "cell_id": "grid_400_8498_1317", "point_count": 2, "top_class9": "物业", "top_aspect": "民生基础", "top_community": "石板溪社区", "in_xw": true, "in_174": true, "n_民生基础": 1, "n_安全韧性": 1, "n_噪声": 0, "n_住宅": 0, "n_物业": 1, "n_停车": 0, "n_出行": 0, "n_管网安全": 1, "n_出行安全": 0, "n_消防安全": 0, "n_环境安全": 0, "n_其他": 0, "n_ev_投诉": 1, "n_ev_求助": 1, "n_ev_建议": 0, "n_ev_其他": 0, "n_in_xw": 2, "n_in_174": 2 }, "geometry": { "type": "Polygon", "coordinates": [ [ [ 111.283956881767168, 30.713090935948426 ], [ 111.283967452640411, 30.716698896928889 ], [ 111.279791502980174, 30.716707963677571 ], [ 111.279781087554412, 30.713100001403742 ], [ 111.283956881767168, 30.713090935948426 ] ] ] } },
{ "type": "Feature", "properties": { "name": "英雄山社区", "cell_id": "grid_400_8503_1320", "point_count": 1, "top_class9": "噪声", "top_aspect": "民生基础", "top_community": "英雄山社区", "in_xw": true, "in_174": true, "n_民生基础": 1, "n_安全韧性": 0, "n_噪声": 1, "n_住宅": 0, "n_物业": 0, "n_停车": 0, "n_出行": 0, "n_管网安全": 0, "n_出行安全": 0, "n_消防安全": 0, "n_环境安全": 0, "n_其他": 0, "n_ev_投诉": 1, "n_ev_求助": 0, "n_ev_建议": 0, "n_ev_其他": 0, "n_in_xw": 1, "n_in_174": 1 }, "geometry": { "type": "Polygon", "coordinates": [ [ [ 111.296539458839277, 30.73110269861256 ], [ 111.296550506014967, 30.734710645542766 ], [ 111.29237378450803, 30.734720121998365 ], [ 111.292362892919186, 30.731112173716813 ], [ 111.296539458839277, 30.73110269861256 ] ] ] } },
{ "type": "Feature", "properties": { "name": "东山花园社区", "cell_id": "grid_400_8497_1325", "point_count": 9, "top_class9": "噪声", "top_aspect": "民生基础", "top_community": "东山花园社区", "in_xw": true, "in_174": true, "n_民生基础": 9, "n_安全韧性": 0, "n_噪声": 3, "n_住宅": 3, "n_物业": 3, "n_停车": 0, "n_出行": 0, "n_管网安全": 0, "n_出行安全": 0, "n_消防安全": 0, "n_环境安全": 0, "n_其他": 0, "n_ev_投诉": 9, "n_ev_求助": 0, "n_ev_建议": 0, "n_ev_其他": 0, "n_in_xw": 9, "n_in_174": 9 }, "geometry": { "type": "Polygon", "coordinates": [ [ [ 111.317351352140051, 30.709405625638748 ], [ 111.317363164450327, 30.713013577593461 ], [ 111.313187386281328, 30.713023717427198 ], [ 111.313175729387979, 30.70941576402592 ], [ 111.317351352140051, 30.709405625638748 ] ] ] } },
{ "type": "Feature", "properties": { "name": "", "cell_id": "grid_400_8509_1318", "point_count": 1, "top_class9": "出行", "top_aspect": "民生基础", "top_community": null, "in_xw": true, "in_174": true, "n_民生基础": 1, "n_安全韧性": 0, "n_噪声": 0, "n_住宅": 0, "n_物业": 0, "n_停车": 0, "n_出行": 1, "n_管网安全": 0, "n_出行安全": 0, "n_消防安全": 0, "n_环境安全": 0, "n_其他": 0, "n_ev_投诉": 0, "n_ev_求助": 1, "n_ev_建议": 0, "n_ev_其他": 0, "n_in_xw": 0, "n_in_174": 0 }, "geometry": { "type": "Polygon", "coordinates": [ [ [ 111.288250770107524, 30.752769181938639 ], [ 111.288261517736629, 30.756377119482874 ], [ 111.28408385821281, 30.756386334993156 ], [ 111.284073266339689, 30.752778396135326 ], [ 111.288250770107524, 30.752769181938639 ] ] ] } },
{ "type": "Feature", "properties": { "name": "石板溪社区", "cell_id": "grid_400_8497_1317", "point_count": 46, "top_class9": "住宅", "top_aspect": "民生基础", "top_community": "石板溪社区", "in_xw": true, "in_174": true, "n_民生基础": 33, "n_安全韧性": 13, "n_噪声": 8, "n_住宅": 14, "n_物业": 7, "n_停车": 4, "n_出行": 0, "n_管网安全": 10, "n_出行安全": 2, "n_消防安全": 1, "n_环境安全": 0, "n_其他": 0, "n_ev_投诉": 28, "n_ev_求助": 18, "n_ev_建议": 0, "n_ev_其他": 0, "n_in_xw": 46, "n_in_174": 46 }, "geometry": { "type": "Polygon", "coordinates": [ [ [ 111.28394631280122, 30.709482972957655 ], [ 111.283956881767168, 30.713090935948426 ], [ 111.279781087554412, 30.713100001403742 ], [ 111.279770674007892, 30.709492037119666 ], [ 111.28394631280122, 30.709482972957655 ] ] ] } },
{ "type": "Feature", "properties": { "name": "金安岭社区", "cell_id": "grid_400_8502_1320", "point_count": 20, "top_class9": "物业", "top_aspect": "民生基础", "top_community": "金安岭社区", "in_xw": true, "in_174": true, "n_民生基础": 11, "n_安全韧性": 9, "n_噪声": 0, "n_住宅": 5, "n_物业": 6, "n_停车": 0, "n_出行": 0, "n_管网安全": 5, "n_出行安全": 4, "n_消防安全": 0, "n_环境安全": 0, "n_其他": 0, "n_ev_投诉": 7, "n_ev_求助": 13, "n_ev_建议": 0, "n_ev_其他": 0, "n_in_xw": 20, "n_in_174": 20 }, "geometry": { "type": "Polygon", "coordinates": [ [ [ 111.29652841365656, 30.727494749671081 ], [ 111.296539458839277, 30.73110269861256 ], [ 111.292362892919186, 30.731112173716813 ], [ 111.292352003295264, 30.727504223424063 ], [ 111.29652841365656, 30.727494749671081 ] ] ] } },
{ "type": "Feature", "properties": { "name": "珠海路社区", "cell_id": "grid_400_8496_1325", "point_count": 6, "top_class9": "噪声", "top_aspect": "民生基础", "top_community": "珠海路社区", "in_xw": true, "in_174": true, "n_民生基础": 5, "n_安全韧性": 1, "n_噪声": 2, "n_住宅": 0, "n_物业": 1, "n_停车": 1, "n_出行": 1, "n_管网安全": 1, "n_出行安全": 0, "n_消防安全": 0, "n_环境安全": 0, "n_其他": 0, "n_ev_投诉": 5, "n_ev_求助": 1, "n_ev_建议": 0, "n_ev_其他": 0, "n_in_xw": 6, "n_in_174": 6 }, "geometry": { "type": "Polygon", "coordinates": [ [ [ 111.317339541961118, 30.705797671673025 ], [ 111.317351352140051, 30.709405625638748 ], [ 111.313175729387979, 30.70941576402592 ], [ 111.313164074597921, 30.705807808613741 ], [ 111.317339541961118, 30.705797671673025 ] ] ] } },
{ "type": "Feature", "properties": { "name": "气象台社区", "cell_id": "grid_400_8496_1317", "point_count": 9, "top_class9": "住宅", "top_aspect": "民生基础", "top_community": "气象台社区", "in_xw": true, "in_174": true, "n_民生基础": 7, "n_安全韧性": 2, "n_噪声": 2, "n_住宅": 3, "n_物业": 2, "n_停车": 0, "n_出行": 0, "n_管网安全": 2, "n_出行安全": 0, "n_消防安全": 0, "n_环境安全": 0, "n_其他": 0, "n_ev_投诉": 7, "n_ev_求助": 2, "n_ev_建议": 0, "n_ev_其他": 0, "n_in_xw": 9, "n_in_174": 9 }, "geometry": { "type": "Polygon", "coordinates": [ [ [ 111.283935745742298, 30.705875007956678 ], [ 111.28394631280122, 30.709482972957655 ], [ 111.279770674007892, 30.709492037119666 ], [ 111.279760262340332, 30.705884070825491 ], [ 111.283935745742298, 30.705875007956678 ] ] ] } },
{ "type": "Feature", "properties": { "name": "望洲社区", "cell_id": "grid_400_8501_1320", "point_count": 2, "top_class9": "住宅", "top_aspect": "民生基础", "top_community": "望洲社区", "in_xw": true, "in_174": true, "n_民生基础": 2, "n_安全韧性": 0, "n_噪声": 0, "n_住宅": 1, "n_物业": 1, "n_停车": 0, "n_出行": 0, "n_管网安全": 0, "n_出行安全": 0, "n_消防安全": 0, "n_环境安全": 0, "n_其他": 0, "n_ev_投诉": 1, "n_ev_求助": 1, "n_ev_建议": 0, "n_ev_其他": 0, "n_in_xw": 2, "n_in_174": 2 }, "geometry": { "type": "Polygon", "coordinates": [ [ [ 111.296517370466518, 30.723886798718425 ], [ 111.29652841365656, 30.727494749671081 ], [ 111.292352003295264, 30.727504223424063 ], [ 111.292341115635963, 30.723896271120253 ], [ 111.296517370466518, 30.723886798718425 ] ] ] } },
{ "type": "Feature", "properties": { "name": "珠海路社区", "cell_id": "grid_400_8495_1325", "point_count": 25, "top_class9": "噪声", "top_aspect": "民生基础", "top_community": "珠海路社区", "in_xw": true, "in_174": true, "n_民生基础": 24, "n_安全韧性": 1, "n_噪声": 10, "n_住宅": 4, "n_物业": 2, "n_停车": 8, "n_出行": 0, "n_管网安全": 1, "n_出行安全": 0, "n_消防安全": 0, "n_环境安全": 0, "n_其他": 0, "n_ev_投诉": 22, "n_ev_求助": 2, "n_ev_建议": 1, "n_ev_其他": 0, "n_in_xw": 25, "n_in_174": 25 }, "geometry": { "type": "Polygon", "coordinates": [ [ [ 111.317327733913203, 30.702189715696459 ], [ 111.317339541961118, 30.705797671673025 ], [ 111.313164074597921, 30.705807808613741 ], [ 111.313152421910871, 30.70219985119083 ], [ 111.317327733913203, 30.702189715696459 ] ] ] } },
{ "type": "Feature", "properties": { "name": "常刘路社区", "cell_id": "grid_400_8500_1320", "point_count": 7, "top_class9": "住宅", "top_aspect": "民生基础", "top_community": "常刘路社区", "in_xw": true, "in_174": true, "n_民生基础": 6, "n_安全韧性": 1, "n_噪声": 1, "n_住宅": 3, "n_物业": 2, "n_停车": 0, "n_出行": 0, "n_管网安全": 1, "n_出行安全": 0, "n_消防安全": 0, "n_环境安全": 0, "n_其他": 0, "n_ev_投诉": 5, "n_ev_求助": 2, "n_ev_建议": 0, "n_ev_其他": 0, "n_in_xw": 7, "n_in_174": 7 }, "geometry": { "type": "Polygon", "coordinates": [ [ [ 111.296506329268865, 30.720278845754745 ], [ 111.296517370466518, 30.723886798718425 ], [ 111.292341115635963, 30.723896271120253 ], [ 111.292330229940987, 30.720288316805494 ], [ 111.296506329268865, 30.720278845754745 ] ] ] } },
{ "type": "Feature", "properties": { "name": "学堂湾社区", "cell_id": "grid_400_8494_1325", "point_count": 1, "top_class9": "住宅", "top_aspect": "民生基础", "top_community": "学堂湾社区", "in_xw": true, "in_174": true, "n_民生基础": 1, "n_安全韧性": 0, "n_噪声": 0, "n_住宅": 1, "n_物业": 0, "n_停车": 0, "n_出行": 0, "n_管网安全": 0, "n_出行安全": 0, "n_消防安全": 0, "n_环境安全": 0, "n_其他": 0, "n_ev_投诉": 1, "n_ev_求助": 0, "n_ev_建议": 0, "n_ev_其他": 0, "n_in_xw": 1, "n_in_174": 1 }, "geometry": { "type": "Polygon", "coordinates": [ [ [ 111.317315927995978, 30.698581757709178 ], [ 111.317327733913203, 30.702189715696459 ], [ 111.313152421910871, 30.70219985119083 ], [ 111.313140771326459, 30.698591891757285 ], [ 111.317315927995978, 30.698581757709178 ] ] ] } },
{ "type": "Feature", "properties": { "name": "香锦社区", "cell_id": "grid_400_8496_1322", "point_count": 7, "top_class9": "停车", "top_aspect": "民生基础", "top_community": "香锦社区", "in_xw": true, "in_174": true, "n_民生基础": 6, "n_安全韧性": 1, "n_噪声": 1, "n_住宅": 0, "n_物业": 2, "n_停车": 3, "n_出行": 0, "n_管网安全": 0, "n_出行安全": 1, "n_消防安全": 0, "n_环境安全": 0, "n_其他": 0, "n_ev_投诉": 4, "n_ev_求助": 3, "n_ev_建议": 0, "n_ev_其他": 0, "n_in_xw": 7, "n_in_174": 7 }, "geometry": { "type": "Polygon", "coordinates": [ [ [ 111.304813133590642, 30.705827679720397 ], [ 111.30482447760194, 30.709435637968021 ], [ 111.300648848624064, 30.70944537352247 ], [ 111.300637660002636, 30.70583741388586 ], [ 111.304813133590642, 30.705827679720397 ] ] ] } },
{ "type": "Feature", "properties": { "name": "东山社区", "cell_id": "grid_400_8495_1322", "point_count": 7, "top_class9": "物业", "top_aspect": "民生基础", "top_community": "东山社区", "in_xw": true, "in_174": true, "n_民生基础": 6, "n_安全韧性": 1, "n_噪声": 0, "n_住宅": 2, "n_物业": 4, "n_停车": 0, "n_出行": 0, "n_管网安全": 0, "n_出行安全": 1, "n_消防安全": 0, "n_环境安全": 0, "n_其他": 0, "n_ev_投诉": 4, "n_ev_求助": 3, "n_ev_建议": 0, "n_ev_其他": 0, "n_in_xw": 7, "n_in_174": 7 }, "geometry": { "type": "Polygon", "coordinates": [ [ [ 111.304801791626275, 30.702219719462239 ], [ 111.304813133590642, 30.705827679720397 ], [ 111.300637660002636, 30.70583741388586 ], [ 111.300626473400072, 30.702229452238821 ], [ 111.304801791626275, 30.702219719462239 ] ] ] } },
{ "type": "Feature", "properties": { "name": "学堂湾社区", "cell_id": "grid_400_8492_1325", "point_count": 3, "top_class9": "噪声", "top_aspect": "民生基础", "top_community": "学堂湾社区", "in_xw": true, "in_174": true, "n_民生基础": 3, "n_安全韧性": 0, "n_噪声": 2, "n_住宅": 0, "n_物业": 0, "n_停车": 1, "n_出行": 0, "n_管网安全": 0, "n_出行安全": 0, "n_消防安全": 0, "n_环境安全": 0, "n_其他": 0, "n_ev_投诉": 3, "n_ev_求助": 0, "n_ev_建议": 0, "n_ev_其他": 0, "n_in_xw": 3, "n_in_174": 3 }, "geometry": { "type": "Polygon", "coordinates": [ [ [ 111.317292322552262, 30.691365835702989 ], [ 111.317304124209102, 30.694973797711299 ], [ 111.313129122844387, 30.694983930313278 ], [ 111.313117476464313, 30.691375966858928 ], [ 111.317292322552262, 30.691365835702989 ] ] ] } },
{ "type": "Feature", "properties": { "name": "赵家湾社区", "cell_id": "grid_400_8494_1322", "point_count": 4, "top_class9": "噪声", "top_aspect": "民生基础", "top_community": "赵家湾社区", "in_xw": true, "in_174": true, "n_民生基础": 3, "n_安全韧性": 1, "n_噪声": 1, "n_住宅": 1, "n_物业": 1, "n_停车": 0, "n_出行": 0, "n_管网安全": 0, "n_出行安全": 1, "n_消防安全": 0, "n_环境安全": 0, "n_其他": 0, "n_ev_投诉": 2, "n_ev_求助": 2, "n_ev_建议": 0, "n_ev_其他": 0, "n_in_xw": 4, "n_in_174": 4 }, "geometry": { "type": "Polygon", "coordinates": [ [ [ 111.30479045170847, 30.698611757193675 ], [ 111.304801791626275, 30.702219719462239 ], [ 111.300626473400072, 30.702229452238821 ], [ 111.300615288816061, 30.698621488581477 ], [ 111.30479045170847, 30.698611757193675 ] ] ] } },
{ "type": "Feature", "properties": { "name": "王家坝社区", "cell_id": "grid_400_8491_1325", "point_count": 3, "top_class9": "噪声", "top_aspect": "民生基础", "top_community": "王家坝社区", "in_xw": true, "in_174": true, "n_民生基础": 3, "n_安全韧性": 0, "n_噪声": 2, "n_住宅": 0, "n_物业": 1, "n_停车": 0, "n_出行": 0, "n_管网安全": 0, "n_出行安全": 0, "n_消防安全": 0, "n_环境安全": 0, "n_其他": 0, "n_ev_投诉": 3, "n_ev_求助": 0, "n_ev_建议": 0, "n_ev_其他": 0, "n_in_xw": 3, "n_in_174": 3 }, "geometry": { "type": "Polygon", "coordinates": [ [ [ 111.317280523025119, 30.687757871684365 ], [ 111.317292322552262, 30.691365835702989 ], [ 111.313117476464313, 30.691375966858928 ], [ 111.313105832185911, 30.687768001394371 ], [ 111.317280523025119, 30.687757871684365 ] ] ] } },
{ "type": "Feature", "properties": { "name": "体育场路社区", "cell_id": "grid_400_8493_1322", "point_count": 7, "top_class9": "住宅", "top_aspect": "民生基础", "top_community": "体育场路社区", "in_xw": true, "in_174": true, "n_民生基础": 5, "n_安全韧性": 2, "n_噪声": 0, "n_住宅": 5, "n_物业": 0, "n_停车": 0, "n_出行": 0, "n_管网安全": 2, "n_出行安全": 0, "n_消防安全": 0, "n_环境安全": 0, "n_其他": 0, "n_ev_投诉": 5, "n_ev_求助": 2, "n_ev_建议": 0, "n_ev_其他": 0, "n_in_xw": 7, "n_in_174": 7 }, "geometry": { "type": "Polygon", "coordinates": [ [ [ 111.304779113836958, 30.695003792914836 ], [ 111.30479045170847, 30.698611757193675 ], [ 111.300615288816061, 30.698621488581477 ], [ 111.30060410625029, 30.695013522913964 ], [ 111.304779113836958, 30.695003792914836 ] ] ] } },
{ "type": "Feature", "properties": { "name": "黄河路社区", "cell_id": "grid_400_8504_1323", "point_count": 4, "top_class9": "管网安全", "top_aspect": "民生基础", "top_community": "黄河路社区", "in_xw": true, "in_174": true, "n_民生基础": 2, "n_安全韧性": 2, "n_噪声": 1, "n_住宅": 1, "n_物业": 0, "n_停车": 0, "n_出行": 0, "n_管网安全": 2, "n_出行安全": 0, "n_消防安全": 0, "n_环境安全": 0, "n_其他": 0, "n_ev_投诉": 3, "n_ev_求助": 1, "n_ev_建议": 0, "n_ev_其他": 0, "n_in_xw": 4, "n_in_174": 4 }, "geometry": { "type": "Polygon", "coordinates": [ [ [ 111.309080658463728, 30.734681409702407 ], [ 111.309092174475666, 30.738289350451769 ], [ 111.304915303418838, 30.738299231552865 ], [ 111.304903943020904, 30.734691289394551 ], [ 111.309080658463728, 30.734681409702407 ] ] ] } },
{ "type": "Feature", "properties": { "name": "体育场路社区", "cell_id": "grid_400_8492_1322", "point_count": 16, "top_class9": "噪声", "top_aspect": "民生基础", "top_community": "体育场路社区", "in_xw": true, "in_174": true, "n_民生基础": 14, "n_安全韧性": 2, "n_噪声": 5, "n_住宅": 3, "n_物业": 5, "n_停车": 1, "n_出行": 0, "n_管网安全": 2, "n_出行安全": 0, "n_消防安全": 0, "n_环境安全": 0, "n_其他": 0, "n_ev_投诉": 8, "n_ev_求助": 8, "n_ev_建议": 0, "n_ev_其他": 0, "n_in_xw": 16, "n_in_174": 16 }, "geometry": { "type": "Polygon", "coordinates": [ [ [ 111.304767778011382, 30.691395826625875 ], [ 111.304779113836958, 30.695003792914836 ], [ 111.30060410625029, 30.695013522913964 ], [ 111.300592925702446, 30.691405555236397 ], [ 111.304767778011382, 30.691395826625875 ] ] ] } },
{ "type": "Feature", "properties": { "name": "黄河路社区", "cell_id": "grid_400_8503_1323", "point_count": 25, "top_class9": "出行安全", "top_aspect": "安全韧性", "top_community": "黄河路社区", "in_xw": true, "in_174": true, "n_民生基础": 11, "n_安全韧性": 14, "n_噪声": 5, "n_住宅": 2, "n_物业": 0, "n_停车": 2, "n_出行": 2, "n_管网安全": 5, "n_出行安全": 9, "n_消防安全": 0, "n_环境安全": 0, "n_其他": 0, "n_ev_投诉": 12, "n_ev_求助": 12, "n_ev_建议": 1, "n_ev_其他": 0, "n_in_xw": 25, "n_in_174": 25 }, "geometry": { "type": "Polygon", "coordinates": [ [ [ 111.309069144529303, 30.7310734669413 ], [ 111.309080658463728, 30.734681409702407 ], [ 111.304903943020904, 30.734691289394551 ], [ 111.304892584672402, 30.73108334522458 ], [ 111.309069144529303, 30.7310734669413 ] ] ] } },
{ "type": "Feature", "properties": { "name": "汕头路社区", "cell_id": "grid_400_8497_1328", "point_count": 11, "top_class9": "住宅", "top_aspect": "民生基础", "top_community": "汕头路社区", "in_xw": true, "in_174": true, "n_民生基础": 11, "n_安全韧性": 0, "n_噪声": 1, "n_住宅": 5, "n_物业": 5, "n_停车": 0, "n_出行": 0, "n_管网安全": 0, "n_出行安全": 0, "n_消防安全": 0, "n_环境安全": 0, "n_其他": 0, "n_ev_投诉": 10, "n_ev_求助": 1, "n_ev_建议": 0, "n_ev_其他": 0, "n_in_xw": 11, "n_in_174": 11 }, "geometry": { "type": "Polygon", "coordinates": [ [ [ 111.329878207496051, 30.709374404815634 ], [ 111.32989048605512, 30.712982352315713 ], [ 111.325714714365276, 30.71299289503748 ], [ 111.325702591222139, 30.709384946033364 ], [ 111.329878207496051, 30.709374404815634 ] ] ] } },
{ "type": "Feature", "properties": { "name": "大学路社区", "cell_id": "grid_400_8502_1323", "point_count": 28, "top_class9": "噪声", "top_aspect": "民生基础", "top_community": "大学路社区", "in_xw": true, "in_174": true, "n_民生基础": 26, "n_安全韧性": 2, "n_噪声": 12, "n_住宅": 4, "n_物业": 6, "n_停车": 4, "n_出行": 0, "n_管网安全": 2, "n_出行安全": 0, "n_消防安全": 0, "n_环境安全": 0, "n_其他": 0, "n_ev_投诉": 25, "n_ev_求助": 3, "n_ev_建议": 0, "n_ev_其他": 0, "n_in_xw": 28, "n_in_174": 28 }, "geometry": { "type": "Polygon", "coordinates": [ [ [ 111.309057632672079, 30.727465522168593 ], [ 111.309069144529303, 30.7310734669413 ], [ 111.304892584672402, 30.73108334522458 ], [ 111.304881228373034, 30.727475399043115 ], [ 111.309057632672079, 30.727465522168593 ] ] ] } },
{ "type": "Feature", "properties": { "name": "大学路社区", "cell_id": "grid_400_8501_1323", "point_count": 21, "top_class9": "住宅", "top_aspect": "民生基础", "top_community": "大学路社区", "in_xw": true, "in_174": true, "n_民生基础": 17, "n_安全韧性": 4, "n_噪声": 4, "n_住宅": 5, "n_物业": 4, "n_停车": 2, "n_出行": 2, "n_管网安全": 3, "n_出行安全": 1, "n_消防安全": 0, "n_环境安全": 0, "n_其他": 0, "n_ev_投诉": 14, "n_ev_求助": 6, "n_ev_建议": 1, "n_ev_其他": 0, "n_in_xw": 21, "n_in_174": 21 }, "geometry": { "type": "Polygon", "coordinates": [ [ [ 111.309046122891729, 30.723857575384422 ], [ 111.309057632672079, 30.727465522168593 ], [ 111.304881228373034, 30.727475399043115 ], [ 111.304869874122474, 30.723867450850289 ], [ 111.309046122891729, 30.723857575384422 ] ] ] } },
{ "type": "Feature", "properties": { "name": "金斗山社区", "cell_id": "grid_400_8507_1326", "point_count": 2, "top_class9": "物业", "top_aspect": "民生基础", "top_community": "金斗山社区", "in_xw": true, "in_174": true, "n_民生基础": 2, "n_安全韧性": 0, "n_噪声": 0, "n_住宅": 0, "n_物业": 1, "n_停车": 1, "n_出行": 0, "n_管网安全": 0, "n_出行安全": 0, "n_消防安全": 0, "n_环境安全": 0, "n_其他": 0, "n_ev_投诉": 2, "n_ev_求助": 0, "n_ev_建议": 0, "n_ev_其他": 0, "n_in_xw": 2, "n_in_174": 2 }, "geometry": { "type": "Polygon", "coordinates": [ [ [ 111.321646747257304, 30.745474767342309 ], [ 111.321658736596476, 30.749082697712762 ], [ 111.317481404849872, 30.74909298650585 ], [ 111.317469571207951, 30.745485054668599 ], [ 111.321646747257304, 30.745474767342309 ] ] ] } },
{ "type": "Feature", "properties": { "name": "长江社区", "cell_id": "grid_400_8493_1328", "point_count": 3, "top_class9": "住宅", "top_aspect": "民生基础", "top_community": "长江社区", "in_xw": true, "in_174": true, "n_民生基础": 3, "n_安全韧性": 0, "n_噪声": 0, "n_住宅": 3, "n_物业": 0, "n_停车": 0, "n_出行": 0, "n_管网安全": 0, "n_出行安全": 0, "n_消防安全": 0, "n_环境安全": 0, "n_其他": 0, "n_ev_投诉": 3, "n_ev_求助": 0, "n_ev_建议": 0, "n_ev_其他": 0, "n_in_xw": 3, "n_in_174": 3 }, "geometry": { "type": "Polygon", "coordinates": [ [ [ 111.329829115411044, 30.694942594703523 ], [ 111.329841385110285, 30.698550550248054 ], [ 111.325666234915914, 30.698561086954307 ], [ 111.325654120520468, 30.694953129906178 ], [ 111.329829115411044, 30.694942594703523 ] ] ] } },
{ "type": "Feature", "properties": { "name": "黄河路社区", "cell_id": "grid_400_8503_1326", "point_count": 1, "top_class9": "停车", "top_aspect": "民生基础", "top_community": "黄河路社区", "in_xw": true, "in_174": true, "n_民生基础": 1, "n_安全韧性": 0, "n_噪声": 0, "n_住宅": 0, "n_物业": 0, "n_停车": 1, "n_出行": 0, "n_管网安全": 0, "n_出行安全": 0, "n_消防安全": 0, "n_环境安全": 0, "n_其他": 0, "n_ev_投诉": 1, "n_ev_求助": 0, "n_ev_建议": 0, "n_ev_其他": 0, "n_in_xw": 1, "n_in_174": 1 }, "geometry": { "type": "Polygon", "coordinates": [ [ [ 111.321598811524595, 30.731043025737144 ], [ 111.321610792214841, 30.734650964156661 ], [ 111.31743408308877, 30.734661247083235 ], [ 111.317422257983466, 30.731053307197346 ], [ 111.321598811524595, 30.731043025737144 ] ] ] } },
{ "type": "Feature", "properties": { "name": "黄河路社区", "cell_id": "grid_400_8502_1326", "point_count": 23, "top_class9": "停车", "top_aspect": "民生基础", "top_community": "黄河路社区", "in_xw": true, "in_174": true, "n_民生基础": 19, "n_安全韧性": 4, "n_噪声": 4, "n_住宅": 2, "n_物业": 4, "n_停车": 5, "n_出行": 4, "n_管网安全": 3, "n_出行安全": 1, "n_消防安全": 0, "n_环境安全": 0, "n_其他": 0, "n_ev_投诉": 16, "n_ev_求助": 5, "n_ev_建议": 2, "n_ev_其他": 0, "n_in_xw": 23, "n_in_174": 23 }, "geometry": { "type": "Polygon", "coordinates": [ [ [ 111.321586832995763, 30.727435085305714 ], [ 111.321598811524595, 30.731043025737144 ], [ 111.317422257983466, 30.731053307197346 ], [ 111.31741043501151, 30.727445365299651 ], [ 111.321586832995763, 30.727435085305714 ] ] ] } },
{ "type": "Feature", "properties": { "name": "叶家坝社区", "cell_id": "grid_400_8501_1326", "point_count": 2, "top_class9": "住宅", "top_aspect": "民生基础", "top_community": "叶家坝社区", "in_xw": true, "in_174": true, "n_民生基础": 2, "n_安全韧性": 0, "n_噪声": 0, "n_住宅": 2, "n_物业": 0, "n_停车": 0, "n_出行": 0, "n_管网安全": 0, "n_出行安全": 0, "n_消防安全": 0, "n_环境安全": 0, "n_其他": 0, "n_ev_投诉": 1, "n_ev_求助": 1, "n_ev_建议": 0, "n_ev_其他": 0, "n_in_xw": 2, "n_in_174": 2 }, "geometry": { "type": "Polygon", "coordinates": [ [ [ 111.321574856627976, 30.72382714286249 ], [ 111.321586832995763, 30.727435085305714 ], [ 111.31741043501151, 30.727445365299651 ], [ 111.317398614172532, 30.723837421390289 ], [ 111.321574856627976, 30.72382714286249 ] ] ] } },
{ "type": "Feature", "properties": { "name": "石板社区", "cell_id": "grid_400_8506_1329", "point_count": 7, "top_class9": "住宅", "top_aspect": "民生基础", "top_community": "石板社区", "in_xw": true, "in_174": true, "n_民生基础": 7, "n_安全韧性": 0, "n_噪声": 0, "n_住宅": 3, "n_物业": 2, "n_停车": 0, "n_出行": 2, "n_管网安全": 0, "n_出行安全": 0, "n_消防安全": 0, "n_环境安全": 0, "n_其他": 0, "n_ev_投诉": 5, "n_ev_求助": 2, "n_ev_建议": 0, "n_ev_其他": 0, "n_in_xw": 7, "n_in_174": 7 }, "geometry": { "type": "Polygon", "coordinates": [ [ [ 111.334165808134628, 30.741835170685579 ], [ 111.33417826231657, 30.74544309855343 ], [ 111.330001092839694, 30.745453789284479 ], [ 111.329988794325914, 30.741845859892425 ], [ 111.334165808134628, 30.741835170685579 ] ] ] } },
{ "type": "Feature", "properties": { "name": "石板社区", "cell_id": "grid_400_8505_1329", "point_count": 1, "top_class9": "出行", "top_aspect": "民生基础", "top_community": "石板社区", "in_xw": true, "in_174": true, "n_民生基础": 1, "n_安全韧性": 0, "n_噪声": 0, "n_住宅": 0, "n_物业": 0, "n_停车": 0, "n_出行": 1, "n_管网安全": 0, "n_出行安全": 0, "n_消防安全": 0, "n_环境安全": 0, "n_其他": 0, "n_ev_投诉": 1, "n_ev_求助": 0, "n_ev_建议": 0, "n_ev_其他": 0, "n_in_xw": 1, "n_in_174": 1 }, "geometry": { "type": "Polygon", "coordinates": [ [ [ 111.334153356199337, 30.738227240805063 ], [ 111.334165808134628, 30.741835170685579 ], [ 111.329988794325914, 30.741845859892425 ], [ 111.329976498030689, 30.73823792848783 ], [ 111.334153356199337, 30.738227240805063 ] ] ] } },
{ "type": "Feature", "properties": { "name": "幸福路社区", "cell_id": "grid_400_8501_1316", "point_count": 3, "top_class9": "管网安全", "top_aspect": "安全韧性", "top_community": "幸福路社区", "in_xw": true, "in_174": true, "n_民生基础": 1, "n_安全韧性": 2, "n_噪声": 0, "n_住宅": 1, "n_物业": 0, "n_停车": 0, "n_出行": 0, "n_管网安全": 2, "n_出行安全": 0, "n_消防安全": 0, "n_环境安全": 0, "n_其他": 0, "n_ev_投诉": 1, "n_ev_求助": 2, "n_ev_建议": 0, "n_ev_其他": 0, "n_in_xw": 3, "n_in_174": 1 }, "geometry": { "type": "Polygon", "coordinates": [ [ [ 111.279812339470666, 30.723923882194015 ], [ 111.279822760535978, 30.727531838436331 ], [ 111.275646342484606, 30.727540774690798 ], [ 111.275636076951244, 30.723932817173978 ], [ 111.279812339470666, 30.723923882194015 ] ] ] } },
{ "type": "Feature", "properties": { "name": "", "cell_id": "grid_400_8500_1316", "point_count": 2, "top_class9": "住宅", "top_aspect": "民生基础", "top_community": null, "in_xw": true, "in_174": false, "n_民生基础": 2, "n_安全韧性": 0, "n_噪声": 0, "n_住宅": 2, "n_物业": 0, "n_停车": 0, "n_出行": 0, "n_管网安全": 0, "n_出行安全": 0, "n_消防安全": 0, "n_环境安全": 0, "n_其他": 0, "n_ev_投诉": 1, "n_ev_求助": 1, "n_ev_建议": 0, "n_ev_其他": 0, "n_in_xw": 2, "n_in_174": 0 }, "geometry": { "type": "Polygon", "coordinates": [ [ [ 111.279801920285507, 30.720315923941047 ], [ 111.279812339470666, 30.723923882194015 ], [ 111.275636076951244, 30.723932817173978 ], [ 111.27562581326994, 30.720324857646602 ], [ 111.279801920285507, 30.720315923941047 ] ] ] } },
{ "type": "Feature", "properties": { "name": "土街头社区", "cell_id": "grid_400_8499_1316", "point_count": 9, "top_class9": "管网安全", "top_aspect": "安全韧性", "top_community": "土街头社区", "in_xw": true, "in_174": true, "n_民生基础": 3, "n_安全韧性": 6, "n_噪声": 1, "n_住宅": 1, "n_物业": 1, "n_停车": 0, "n_出行": 0, "n_管网安全": 6, "n_出行安全": 0, "n_消防安全": 0, "n_环境安全": 0, "n_其他": 0, "n_ev_投诉": 4, "n_ev_求助": 5, "n_ev_建议": 0, "n_ev_其他": 0, "n_in_xw": 9, "n_in_174": 3 }, "geometry": { "type": "Polygon", "coordinates": [ [ [ 111.279791502980174, 30.716707963677571 ], [ 111.279801920285507, 30.720315923941047 ], [ 111.27562581326994, 30.720324857646602 ], [ 111.27561555144041, 30.71671689610881 ], [ 111.279791502980174, 30.716707963677571 ] ] ] } },
{ "type": "Feature", "properties": { "name": "樵湖岭社区", "cell_id": "grid_400_8498_1316", "point_count": 2, "top_class9": "出行", "top_aspect": "民生基础", "top_community": "樵湖岭社区", "in_xw": true, "in_174": true, "n_民生基础": 2, "n_安全韧性": 0, "n_噪声": 0, "n_住宅": 0, "n_物业": 0, "n_停车": 0, "n_出行": 2, "n_管网安全": 0, "n_出行安全": 0, "n_消防安全": 0, "n_环境安全": 0, "n_其他": 0, "n_ev_投诉": 0, "n_ev_求助": 1, "n_ev_建议": 1, "n_ev_其他": 0, "n_in_xw": 2, "n_in_174": 2 }, "geometry": { "type": "Polygon", "coordinates": [ [ [ 111.279781087554412, 30.713100001403742 ], [ 111.279791502980174, 30.716707963677571 ], [ 111.27561555144041, 30.71671689610881 ], [ 111.275605291462398, 30.71310893256074 ], [ 111.279781087554412, 30.713100001403742 ] ] ] } },
{ "type": "Feature", "properties": { "name": "四方堰社区", "cell_id": "grid_400_8497_1316", "point_count": 6, "top_class9": "出行安全", "top_aspect": "民生基础", "top_community": "四方堰社区", "in_xw": true, "in_174": true, "n_民生基础": 3, "n_安全韧性": 3, "n_噪声": 1, "n_住宅": 1, "n_物业": 0, "n_停车": 1, "n_出行": 0, "n_管网安全": 0, "n_出行安全": 3, "n_消防安全": 0, "n_环境安全": 0, "n_其他": 0, "n_ev_投诉": 6, "n_ev_求助": 0, "n_ev_建议": 0, "n_ev_其他": 0, "n_in_xw": 6, "n_in_174": 6 }, "geometry": { "type": "Polygon", "coordinates": [ [ [ 111.279770674007892, 30.709492037119666 ], [ 111.279781087554412, 30.713100001403742 ], [ 111.275605291462398, 30.71310893256074 ], [ 111.275595033335577, 30.709500967002537 ], [ 111.279770674007892, 30.709492037119666 ] ] ] } },
{ "type": "Feature", "properties": { "name": "东门外正街社区", "cell_id": "grid_400_8496_1316", "point_count": 4, "top_class9": "物业", "top_aspect": "民生基础", "top_community": "东门外正街社区", "in_xw": true, "in_174": true, "n_民生基础": 4, "n_安全韧性": 0, "n_噪声": 0, "n_住宅": 1, "n_物业": 3, "n_停车": 0, "n_出行": 0, "n_管网安全": 0, "n_出行安全": 0, "n_消防安全": 0, "n_环境安全": 0, "n_其他": 0, "n_ev_投诉": 3, "n_ev_求助": 1, "n_ev_建议": 0, "n_ev_其他": 0, "n_in_xw": 4, "n_in_174": 4 }, "geometry": { "type": "Polygon", "coordinates": [ [ [ 111.279760262340332, 30.705884070825491 ], [ 111.279770674007892, 30.709492037119666 ], [ 111.275595033335577, 30.709500967002537 ], [ 111.275584777059692, 30.705892999434319 ], [ 111.279760262340332, 30.705884070825491 ] ] ] } },
{ "type": "Feature", "properties": { "name": "大树湾社区", "cell_id": "grid_400_8495_1331", "point_count": 13, "top_class9": "出行", "top_aspect": "民生基础", "top_community": "大树湾社区", "in_xw": true, "in_174": true, "n_民生基础": 13, "n_安全韧性": 0, "n_噪声": 2, "n_住宅": 0, "n_物业": 2, "n_停车": 0, "n_出行": 9, "n_管网安全": 0, "n_出行安全": 0, "n_消防安全": 0, "n_环境安全": 0, "n_其他": 0, "n_ev_投诉": 7, "n_ev_求助": 4, "n_ev_建议": 2, "n_ev_其他": 0, "n_in_xw": 13, "n_in_174": 13 }, "geometry": { "type": "Polygon", "coordinates": [ [ [ 111.342379560201664, 30.702126083724522 ], [ 111.34239230040761, 30.705734030620693 ], [ 111.338216846251072, 30.705744973105318 ], [ 111.338204261403945, 30.70213702464785 ], [ 111.342379560201664, 30.702126083724522 ] ] ] } },
{ "type": "Feature", "properties": { "name": "环城东路社区", "cell_id": "grid_400_8495_1316", "point_count": 9, "top_class9": "住宅", "top_aspect": "民生基础", "top_community": "环城东路社区", "in_xw": true, "in_174": true, "n_民生基础": 7, "n_安全韧性": 2, "n_噪声": 1, "n_住宅": 3, "n_物业": 2, "n_停车": 1, "n_出行": 0, "n_管网安全": 2, "n_出行安全": 0, "n_消防安全": 0, "n_环境安全": 0, "n_其他": 0, "n_ev_投诉": 3, "n_ev_求助": 5, "n_ev_建议": 1, "n_ev_其他": 0, "n_in_xw": 9, "n_in_174": 9 }, "geometry": { "type": "Polygon", "coordinates": [ [ [ 111.279749852551461, 30.70227610252136 ], [ 111.279760262340332, 30.705884070825491 ], [ 111.275584777059692, 30.705892999434319 ], [ 111.275574522634443, 30.702285029856242 ], [ 111.279749852551461, 30.70227610252136 ] ] ] } },
{ "type": "Feature", "properties": { "name": "石板社区", "cell_id": "grid_400_8505_1332", "point_count": 1, "top_class9": "停车", "top_aspect": "民生基础", "top_community": "石板社区", "in_xw": true, "in_174": true, "n_民生基础": 1, "n_安全韧性": 0, "n_噪声": 0, "n_住宅": 0, "n_物业": 0, "n_停车": 1, "n_出行": 0, "n_管网安全": 0, "n_出行安全": 0, "n_消防安全": 0, "n_环境安全": 0, "n_其他": 0, "n_ev_投诉": 0, "n_ev_求助": 1, "n_ev_建议": 0, "n_ev_其他": 0, "n_in_xw": 1, "n_in_174": 1 }, "geometry": { "type": "Polygon", "coordinates": [ [ [ 111.3466839171152, 30.738194371181379 ], [ 111.346696835968601, 30.741802296374615 ], [ 111.342519828984067, 30.74181338892641 ], [ 111.342507065769681, 30.738205462151583 ], [ 111.3466839171152, 30.738194371181379 ] ] ] } },
{ "type": "Feature", "properties": { "name": "中书街社区", "cell_id": "grid_400_8494_1316", "point_count": 8, "top_class9": "物业", "top_aspect": "民生基础", "top_community": "中书街社区", "in_xw": true, "in_174": true, "n_民生基础": 8, "n_安全韧性": 0, "n_噪声": 2, "n_住宅": 1, "n_物业": 3, "n_停车": 1, "n_出行": 1, "n_管网安全": 0, "n_出行安全": 0, "n_消防安全": 0, "n_环境安全": 0, "n_其他": 0, "n_ev_投诉": 6, "n_ev_求助": 2, "n_ev_建议": 0, "n_ev_其他": 0, "n_in_xw": 8, "n_in_174": 8 }, "geometry": { "type": "Polygon", "coordinates": [ [ [ 111.279739444640953, 30.69866813220742 ], [ 111.279749852551461, 30.70227610252136 ], [ 111.275574522634443, 30.702285029856242 ], [ 111.275564270059533, 30.698677058268434 ], [ 111.279739444640953, 30.69866813220742 ] ] ] } },
{ "type": "Feature", "properties": { "name": "常家湾社区", "cell_id": "grid_400_8501_1319", "point_count": 4, "top_class9": "噪声", "top_aspect": "民生基础", "top_community": "常家湾社区", "in_xw": true, "in_174": true, "n_民生基础": 3, "n_安全韧性": 1, "n_噪声": 1, "n_住宅": 0, "n_物业": 1, "n_停车": 0, "n_出行": 1, "n_管网安全": 1, "n_出行安全": 0, "n_消防安全": 0, "n_环境安全": 0, "n_其他": 0, "n_ev_投诉": 3, "n_ev_求助": 0, "n_ev_建议": 1, "n_ev_其他": 0, "n_in_xw": 4, "n_in_174": 4 }, "geometry": { "type": "Polygon", "coordinates": [ [ [ 111.292341115635963, 30.723896271120253 ], [ 111.292352003295264, 30.727504223424063 ], [ 111.288175590969374, 30.727513562802741 ], [ 111.2881648588411, 30.72390560916693 ], [ 111.292341115635963, 30.723896271120253 ] ] ] } },
{ "type": "Feature", "properties": { "name": "白龙井社区", "cell_id": "grid_400_8494_1321", "point_count": 13, "top_class9": "住宅", "top_aspect": "民生基础", "top_community": "白龙井社区", "in_xw": true, "in_174": true, "n_民生基础": 13, "n_安全韧性": 0, "n_噪声": 3, "n_住宅": 8, "n_物业": 1, "n_停车": 0, "n_出行": 1, "n_管网安全": 0, "n_出行安全": 0, "n_消防安全": 0, "n_环境安全": 0, "n_其他": 0, "n_ev_投诉": 11, "n_ev_求助": 1, "n_ev_建议": 1, "n_ev_其他": 0, "n_in_xw": 13, "n_in_174": 13 }, "geometry": { "type": "Polygon", "coordinates": [ [ [ 111.300615288816061, 30.698621488581477 ], [ 111.300626473400072, 30.702229452238821 ], [ 111.296451153155317, 30.702239050775688 ], [ 111.296440123905413, 30.698631085748708 ], [ 111.300615288816061, 30.698621488581477 ] ] ] } },
{ "type": "Feature", "properties": { "name": "肖家岗社区", "cell_id": "grid_400_8500_1319", "point_count": 14, "top_class9": "噪声", "top_aspect": "民生基础", "top_community": "肖家岗社区", "in_xw": true, "in_174": true, "n_民生基础": 12, "n_安全韧性": 2, "n_噪声": 6, "n_住宅": 3, "n_物业": 0, "n_停车": 2, "n_出行": 1, "n_管网安全": 1, "n_出行安全": 0, "n_消防安全": 0, "n_环境安全": 1, "n_其他": 0, "n_ev_投诉": 11, "n_ev_求助": 3, "n_ev_建议": 0, "n_ev_其他": 0, "n_in_xw": 14, "n_in_174": 14 }, "geometry": { "type": "Polygon", "coordinates": [ [ [ 111.292330229940987, 30.720288316805494 ], [ 111.292341115635963, 30.723896271120253 ], [ 111.2881648588411, 30.72390560916693 ], [ 111.288154128649083, 30.720297653520284 ], [ 111.292330229940987, 30.720288316805494 ] ] ] } },
{ "type": "Feature", "properties": { "name": "赵家湾社区", "cell_id": "grid_400_8493_1321", "point_count": 19, "top_class9": "出行", "top_aspect": "民生基础", "top_community": "赵家湾社区", "in_xw": true, "in_174": true, "n_民生基础": 13, "n_安全韧性": 6, "n_噪声": 1, "n_住宅": 2, "n_物业": 1, "n_停车": 1, "n_出行": 8, "n_管网安全": 1, "n_出行安全": 5, "n_消防安全": 0, "n_环境安全": 0, "n_其他": 0, "n_ev_投诉": 13, "n_ev_求助": 5, "n_ev_建议": 1, "n_ev_其他": 0, "n_in_xw": 19, "n_in_174": 19 }, "geometry": { "type": "Polygon", "coordinates": [ [ [ 111.30060410625029, 30.695013522913964 ], [ 111.300615288816061, 30.698621488581477 ], [ 111.296440123905413, 30.698631085748708 ], [ 111.296429096645696, 30.69502311871166 ], [ 111.30060410625029, 30.695013522913964 ] ] ] } },
{ "type": "Feature", "properties": { "name": "肖家岗社区", "cell_id": "grid_400_8499_1319", "point_count": 15, "top_class9": "管网安全", "top_aspect": "民生基础", "top_community": "肖家岗社区", "in_xw": true, "in_174": true, "n_民生基础": 8, "n_安全韧性": 7, "n_噪声": 0, "n_住宅": 3, "n_物业": 2, "n_停车": 1, "n_出行": 2, "n_管网安全": 5, "n_出行安全": 2, "n_消防安全": 0, "n_环境安全": 0, "n_其他": 0, "n_ev_投诉": 8, "n_ev_求助": 7, "n_ev_建议": 0, "n_ev_其他": 0, "n_in_xw": 15, "n_in_174": 15 }, "geometry": { "type": "Polygon", "coordinates": [ [ [ 111.292319346210007, 30.716680360479952 ], [ 111.292330229940987, 30.720288316805494 ], [ 111.288154128649083, 30.720297653520284 ], [ 111.288143400393025, 30.716689695862925 ], [ 111.292319346210007, 30.716680360479952 ] ] ] } },
{ "type": "Feature", "properties": { "name": "刘家大堰社区", "cell_id": "grid_400_8498_1319", "point_count": 35, "top_class9": "噪声", "top_aspect": "民生基础", "top_community": "刘家大堰社区", "in_xw": true, "in_174": true, "n_民生基础": 34, "n_安全韧性": 1, "n_噪声": 12, "n_住宅": 8, "n_物业": 5, "n_停车": 6, "n_出行": 3, "n_管网安全": 0, "n_出行安全": 1, "n_消防安全": 0, "n_环境安全": 0, "n_其他": 0, "n_ev_投诉": 26, "n_ev_求助": 8, "n_ev_建议": 1, "n_ev_其他": 0, "n_in_xw": 35, "n_in_174": 35 }, "geometry": { "type": "Polygon", "coordinates": [ [ [ 111.292308464442712, 30.713072402143755 ], [ 111.292319346210007, 30.716680360479952 ], [ 111.288143400393025, 30.716689695862925 ], [ 111.288132674072614, 30.713081736195033 ], [ 111.292308464442712, 30.713072402143755 ] ] ] } },
{ "type": "Feature", "properties": { "name": "营盘路社区", "cell_id": "grid_400_8497_1319", "point_count": 105, "top_class9": "住宅", "top_aspect": "民生基础", "top_community": "营盘路社区", "in_xw": true, "in_174": true, "n_民生基础": 98, "n_安全韧性": 7, "n_噪声": 32, "n_住宅": 33, "n_物业": 17, "n_停车": 9, "n_出行": 7, "n_管网安全": 4, "n_出行安全": 2, "n_消防安全": 1, "n_环境安全": 0, "n_其他": 0, "n_ev_投诉": 101, "n_ev_求助": 2, "n_ev_建议": 2, "n_ev_其他": 0, "n_in_xw": 105, "n_in_174": 105 }, "geometry": { "type": "Polygon", "coordinates": [ [ [ 111.292297584638831, 30.709464441797046 ], [ 111.292308464442712, 30.713072402143755 ], [ 111.288132674072614, 30.713081736195033 ], [ 111.288121949687564, 30.709473774516699 ], [ 111.292297584638831, 30.709464441797046 ] ] ] } },
{ "type": "Feature", "properties": { "name": "香锦社区", "cell_id": "grid_400_8496_1319", "point_count": 7, "top_class9": "住宅", "top_aspect": "民生基础", "top_community": "香锦社区", "in_xw": true, "in_174": true, "n_民生基础": 7, "n_安全韧性": 0, "n_噪声": 1, "n_住宅": 5, "n_物业": 0, "n_停车": 0, "n_出行": 1, "n_管网安全": 0, "n_出行安全": 0, "n_消防安全": 0, "n_环境安全": 0, "n_其他": 0, "n_ev_投诉": 7, "n_ev_求助": 0, "n_ev_建议": 0, "n_ev_其他": 0, "n_in_xw": 7, "n_in_174": 7 }, "geometry": { "type": "Polygon", "coordinates": [ [ [ 111.292286706798038, 30.705856479439934 ], [ 111.292297584638831, 30.709464441797046 ], [ 111.288121949687564, 30.709473774516699 ], [ 111.28811122723755, 30.705865810828083 ], [ 111.292286706798038, 30.705856479439934 ] ] ] } },
{ "type": "Feature", "properties": { "name": "山庄路社区", "cell_id": "grid_400_8495_1319", "point_count": 13, "top_class9": "物业", "top_aspect": "民生基础", "top_community": "山庄路社区", "in_xw": true, "in_174": true, "n_民生基础": 11, "n_安全韧性": 2, "n_噪声": 3, "n_住宅": 1, "n_物业": 4, "n_停车": 3, "n_出行": 0, "n_管网安全": 2, "n_出行安全": 0, "n_消防安全": 0, "n_环境安全": 0, "n_其他": 0, "n_ev_投诉": 5, "n_ev_求助": 7, "n_ev_建议": 1, "n_ev_其他": 0, "n_in_xw": 13, "n_in_174": 13 }, "geometry": { "type": "Polygon", "coordinates": [ [ [ 111.292275830920047, 30.702248515072601 ], [ 111.292286706798038, 30.705856479439934 ], [ 111.28811122723755, 30.705865810828083 ], [ 111.288100506722287, 30.702257845129324 ], [ 111.292275830920047, 30.702248515072601 ] ] ] } },
{ "type": "Feature", "properties": { "name": "果园路社区", "cell_id": "grid_400_8494_1319", "point_count": 50, "top_class9": "噪声", "top_aspect": "民生基础", "top_community": "果园路社区", "in_xw": true, "in_174": true, "n_民生基础": 40, "n_安全韧性": 10, "n_噪声": 18, "n_住宅": 14, "n_物业": 4, "n_停车": 3, "n_出行": 1, "n_管网安全": 6, "n_出行安全": 2, "n_消防安全": 2, "n_环境安全": 0, "n_其他": 0, "n_ev_投诉": 32, "n_ev_求助": 15, "n_ev_建议": 3, "n_ev_其他": 0, "n_in_xw": 50, "n_in_174": 50 }, "geometry": { "type": "Polygon", "coordinates": [ [ [ 111.292264957004534, 30.698640548695138 ], [ 111.292275830920047, 30.702248515072601 ], [ 111.288100506722287, 30.702257845129324 ], [ 111.288089788141491, 30.69864987742055 ], [ 111.292264957004534, 30.698640548695138 ] ] ] } },
{ "type": "Feature", "properties": { "name": "沙河社区", "cell_id": "grid_400_8506_1325", "point_count": 15, "top_class9": "噪声", "top_aspect": "民生基础", "top_community": "沙河社区", "in_xw": true, "in_174": true, "n_民生基础": 13, "n_安全韧性": 2, "n_噪声": 7, "n_住宅": 1, "n_物业": 3, "n_停车": 2, "n_出行": 0, "n_管网安全": 0, "n_出行安全": 2, "n_消防安全": 0, "n_环境安全": 0, "n_其他": 0, "n_ev_投诉": 11, "n_ev_求助": 4, "n_ev_建议": 0, "n_ev_其他": 0, "n_in_xw": 15, "n_in_174": 15 }, "geometry": { "type": "Polygon", "coordinates": [ [ [ 111.317457739700671, 30.741877120818994 ], [ 111.317469571207951, 30.745485054668599 ], [ 111.313292393023957, 30.745495207526147 ], [ 111.313280717186174, 30.741887272229015 ], [ 111.317457739700671, 30.741877120818994 ] ] ] } },
{ "type": "Feature", "properties": { "name": "南苑社区", "cell_id": "grid_400_8494_1324", "point_count": 1, "top_class9": "物业", "top_aspect": "民生基础", "top_community": "南苑社区", "in_xw": true, "in_174": true, "n_民生基础": 1, "n_安全韧性": 0, "n_噪声": 0, "n_住宅": 0, "n_物业": 1, "n_停车": 0, "n_出行": 0, "n_管网安全": 0, "n_出行安全": 0, "n_消防安全": 0, "n_环境安全": 0, "n_其他": 0, "n_ev_投诉": 0, "n_ev_求助": 1, "n_ev_建议": 0, "n_ev_其他": 0, "n_in_xw": 1, "n_in_174": 1 }, "geometry": { "type": "Polygon", "coordinates": [ [ [ 111.313140771326459, 30.698591891757285 ], [ 111.313152421910871, 30.70219985119083 ], [ 111.308977107805873, 30.702209852446163 ], [ 111.308965612554616, 30.698601891585543 ], [ 111.313140771326459, 30.698591891757285 ] ] ] } },
{ "type": "Feature", "properties": { "name": "沙河社区", "cell_id": "grid_400_8505_1325", "point_count": 14, "top_class9": "出行安全", "top_aspect": "民生基础", "top_community": "沙河社区", "in_xw": true, "in_174": true, "n_民生基础": 8, "n_安全韧性": 6, "n_噪声": 1, "n_住宅": 1, "n_物业": 2, "n_停车": 2, "n_出行": 2, "n_管网安全": 2, "n_出行安全": 4, "n_消防安全": 0, "n_环境安全": 0, "n_其他": 0, "n_ev_投诉": 5, "n_ev_求助": 9, "n_ev_建议": 0, "n_ev_其他": 0, "n_in_xw": 14, "n_in_174": 14 }, "geometry": { "type": "Polygon", "coordinates": [ [ [ 111.317445910327734, 30.738269184957144 ], [ 111.317457739700671, 30.741877120818994 ], [ 111.313280717186174, 30.741887272229015 ], [ 111.313269043454653, 30.738279334919778 ], [ 111.317445910327734, 30.738269184957144 ] ] ] } },
{ "type": "Feature", "properties": { "name": "南苑社区", "cell_id": "grid_400_8492_1324", "point_count": 6, "top_class9": "停车", "top_aspect": "民生基础", "top_community": "南苑社区", "in_xw": true, "in_174": true, "n_民生基础": 5, "n_安全韧性": 1, "n_噪声": 1, "n_住宅": 1, "n_物业": 1, "n_停车": 2, "n_出行": 0, "n_管网安全": 1, "n_出行安全": 0, "n_消防安全": 0, "n_环境安全": 0, "n_其他": 0, "n_ev_投诉": 5, "n_ev_求助": 1, "n_ev_建议": 0, "n_ev_其他": 0, "n_in_xw": 6, "n_in_174": 6 }, "geometry": { "type": "Polygon", "coordinates": [ [ [ 111.313117476464313, 30.691375966858928 ], [ 111.313129122844387, 30.694983930313278 ], [ 111.308954119377645, 30.694993928714542 ], [ 111.308942628274679, 30.691385963833305 ], [ 111.313117476464313, 30.691375966858928 ] ] ] } },
{ "type": "Feature", "properties": { "name": "大学路社区", "cell_id": "grid_400_8503_1325", "point_count": 5, "top_class9": "噪声", "top_aspect": "民生基础", "top_community": "大学路社区", "in_xw": true, "in_174": true, "n_民生基础": 5, "n_安全韧性": 0, "n_噪声": 2, "n_住宅": 0, "n_物业": 0, "n_停车": 1, "n_出行": 2, "n_管网安全": 0, "n_出行安全": 0, "n_消防安全": 0, "n_环境安全": 0, "n_其他": 0, "n_ev_投诉": 3, "n_ev_求助": 1, "n_ev_建议": 1, "n_ev_其他": 0, "n_in_xw": 5, "n_in_174": 5 }, "geometry": { "type": "Polygon", "coordinates": [ [ [ 111.317422257983466, 30.731053307197346 ], [ 111.31743408308877, 30.734661247083235 ], [ 111.313257371829039, 30.734671395598561 ], [ 111.313245702309018, 30.731063454265485 ], [ 111.317422257983466, 30.731053307197346 ] ] ] } },
{ "type": "Feature", "properties": { "name": "苏家榜社区", "cell_id": "grid_400_8491_1324", "point_count": 1, "top_class9": "停车", "top_aspect": "民生基础", "top_community": "苏家榜社区", "in_xw": true, "in_174": true, "n_民生基础": 1, "n_安全韧性": 0, "n_噪声": 0, "n_住宅": 0, "n_物业": 0, "n_停车": 1, "n_出行": 0, "n_管网安全": 0, "n_出行安全": 0, "n_消防安全": 0, "n_环境安全": 0, "n_其他": 0, "n_ev_投诉": 1, "n_ev_求助": 0, "n_ev_建议": 0, "n_ev_其他": 0, "n_in_xw": 1, "n_in_174": 1 }, "geometry": { "type": "Polygon", "coordinates": [ [ [ 111.313105832185911, 30.687768001394371 ], [ 111.313117476464313, 30.691375966858928 ], [ 111.308942628274679, 30.691385963833305 ], [ 111.308931139245345, 30.687777996941964 ], [ 111.313105832185911, 30.687768001394371 ] ] ] } },
{ "type": "Feature", "properties": { "name": "大学路社区", "cell_id": "grid_400_8502_1325", "point_count": 6, "top_class9": "停车", "top_aspect": "民生基础", "top_community": "大学路社区", "in_xw": true, "in_174": true, "n_民生基础": 6, "n_安全韧性": 0, "n_噪声": 1, "n_住宅": 1, "n_物业": 0, "n_停车": 2, "n_出行": 2, "n_管网安全": 0, "n_出行安全": 0, "n_消防安全": 0, "n_环境安全": 0, "n_其他": 0, "n_ev_投诉": 4, "n_ev_求助": 1, "n_ev_建议": 1, "n_ev_其他": 0, "n_in_xw": 6, "n_in_174": 6 }, "geometry": { "type": "Polygon", "coordinates": [ [ [ 111.31741043501151, 30.727445365299651 ], [ 111.317422257983466, 30.731053307197346 ], [ 111.313245702309018, 30.731063454265485 ], [ 111.313234034894265, 30.727455510920695 ], [ 111.31741043501151, 30.727445365299651 ] ] ] } },
{ "type": "Feature", "properties": { "name": "大学路社区", "cell_id": "grid_400_8501_1325", "point_count": 1, "top_class9": "出行", "top_aspect": "民生基础", "top_community": "大学路社区", "in_xw": true, "in_174": true, "n_民生基础": 1, "n_安全韧性": 0, "n_噪声": 0, "n_住宅": 0, "n_物业": 0, "n_停车": 0, "n_出行": 1, "n_管网安全": 0, "n_出行安全": 0, "n_消防安全": 0, "n_环境安全": 0, "n_其他": 0, "n_ev_投诉": 0, "n_ev_求助": 1, "n_ev_建议": 0, "n_ev_其他": 0, "n_in_xw": 1, "n_in_174": 1 }, "geometry": { "type": "Polygon", "coordinates": [ [ [ 111.317398614172532, 30.723837421390289 ], [ 111.31741043501151, 30.727445365299651 ], [ 111.313234034894265, 30.727455510920695 ], [ 111.313222369584437, 30.723847565564345 ], [ 111.317398614172532, 30.723837421390289 ] ] ] } },
{ "type": "Feature", "properties": { "name": "大堰湾社区", "cell_id": "grid_400_8503_1322", "point_count": 2, "top_class9": "住宅", "top_aspect": "民生基础", "top_community": "大堰湾社区", "in_xw": true, "in_174": true, "n_民生基础": 2, "n_安全韧性": 0, "n_噪声": 0, "n_住宅": 2, "n_物业": 0, "n_停车": 0, "n_出行": 0, "n_管网安全": 0, "n_出行安全": 0, "n_消防安全": 0, "n_环境安全": 0, "n_其他": 0, "n_ev_投诉": 2, "n_ev_求助": 0, "n_ev_建议": 0, "n_ev_其他": 0, "n_in_xw": 2, "n_in_174": 2 }, "geometry": { "type": "Polygon", "coordinates": [ [ [ 111.304892584672402, 30.73108334522458 ], [ 111.304903943020904, 30.734691289394551 ], [ 111.300727225528632, 30.73470103467475 ], [ 111.300716022766366, 30.73109308911507 ], [ 111.304892584672402, 30.73108334522458 ] ] ] } },
{ "type": "Feature", "properties": { "name": "大学路社区", "cell_id": "grid_400_8500_1325", "point_count": 17, "top_class9": "出行", "top_aspect": "民生基础", "top_community": "大学路社区", "in_xw": true, "in_174": true, "n_民生基础": 17, "n_安全韧性": 0, "n_噪声": 5, "n_住宅": 0, "n_物业": 2, "n_停车": 4, "n_出行": 6, "n_管网安全": 0, "n_出行安全": 0, "n_消防安全": 0, "n_环境安全": 0, "n_其他": 0, "n_ev_投诉": 14, "n_ev_求助": 3, "n_ev_建议": 0, "n_ev_其他": 0, "n_in_xw": 17, "n_in_174": 17 }, "geometry": { "type": "Polygon", "coordinates": [ [ [ 111.317386795466248, 30.72022947546937 ], [ 111.317398614172532, 30.723837421390289 ], [ 111.313222369584437, 30.723847565564345 ], [ 111.313210706379223, 30.720239618196544 ], [ 111.317386795466248, 30.72022947546937 ] ] ] } },
{ "type": "Feature", "properties": { "name": "大堰湾社区", "cell_id": "grid_400_8502_1322", "point_count": 41, "top_class9": "住宅", "top_aspect": "民生基础", "top_community": "大堰湾社区", "in_xw": true, "in_174": true, "n_民生基础": 33, "n_安全韧性": 8, "n_噪声": 8, "n_住宅": 22, "n_物业": 3, "n_停车": 0, "n_出行": 0, "n_管网安全": 7, "n_出行安全": 1, "n_消防安全": 0, "n_环境安全": 0, "n_其他": 0, "n_ev_投诉": 35, "n_ev_求助": 4, "n_ev_建议": 2, "n_ev_其他": 0, "n_in_xw": 41, "n_in_174": 41 }, "geometry": { "type": "Polygon", "coordinates": [ [ [ 111.304881228373034, 30.727475399043115 ], [ 111.304892584672402, 30.73108334522458 ], [ 111.300716022766366, 30.73109308911507 ], [ 111.300704822025168, 30.727485141544015 ], [ 111.304881228373034, 30.727475399043115 ] ] ] } },
{ "type": "Feature", "properties": { "name": "金斗山社区", "cell_id": "grid_400_8507_1328", "point_count": 15, "top_class9": "物业", "top_aspect": "民生基础", "top_community": "金斗山社区", "in_xw": true, "in_174": true, "n_民生基础": 10, "n_安全韧性": 5, "n_噪声": 0, "n_住宅": 0, "n_物业": 7, "n_停车": 2, "n_出行": 1, "n_管网安全": 2, "n_出行安全": 3, "n_消防安全": 0, "n_环境安全": 0, "n_其他": 0, "n_ev_投诉": 3, "n_ev_求助": 12, "n_ev_建议": 0, "n_ev_其他": 0, "n_in_xw": 15, "n_in_174": 15 }, "geometry": { "type": "Polygon", "coordinates": [ [ [ 111.330001092839694, 30.745453789284479 ], [ 111.330013393572386, 30.749061716663839 ], [ 111.325836066180017, 30.749072274432013 ], [ 111.325823921143908, 30.745464345547514 ], [ 111.330001092839694, 30.745453789284479 ] ] ] } },
{ "type": "Feature", "properties": { "name": "大学路社区", "cell_id": "grid_400_8501_1322", "point_count": 5, "top_class9": "噪声", "top_aspect": "民生基础", "top_community": "大学路社区", "in_xw": true, "in_174": true, "n_民生基础": 5, "n_安全韧性": 0, "n_噪声": 2, "n_住宅": 2, "n_物业": 1, "n_停车": 0, "n_出行": 0, "n_管网安全": 0, "n_出行安全": 0, "n_消防安全": 0, "n_环境安全": 0, "n_其他": 0, "n_ev_投诉": 5, "n_ev_求助": 0, "n_ev_建议": 0, "n_ev_其他": 0, "n_in_xw": 5, "n_in_174": 5 }, "geometry": { "type": "Polygon", "coordinates": [ [ [ 111.304869874122474, 30.723867450850289 ], [ 111.304881228373034, 30.727475399043115 ], [ 111.300704822025168, 30.727485141544015 ], [ 111.30069362330471, 30.723877191961694 ], [ 111.304869874122474, 30.723867450850289 ] ] ] } },
{ "type": "Feature", "properties": { "name": "青岛路社区", "cell_id": "grid_400_8495_1327", "point_count": 1, "top_class9": "噪声", "top_aspect": "民生基础", "top_community": "青岛路社区", "in_xw": true, "in_174": true, "n_民生基础": 1, "n_安全韧性": 0, "n_噪声": 1, "n_住宅": 0, "n_物业": 0, "n_停车": 0, "n_出行": 0, "n_管网安全": 0, "n_出行安全": 0, "n_消防安全": 0, "n_环境安全": 0, "n_其他": 0, "n_ev_投诉": 1, "n_ev_求助": 0, "n_ev_建议": 0, "n_ev_其他": 0, "n_in_xw": 1, "n_in_174": 1 }, "geometry": { "type": "Polygon", "coordinates": [ [ [ 111.3256783514978, 30.702169041991642 ], [ 111.325690470266423, 30.705776995018027 ], [ 111.321515007193298, 30.705787400474371 ], [ 111.321503043784858, 30.702179445963328 ], [ 111.3256783514978, 30.702169041991642 ] ] ] } },
{ "type": "Feature", "properties": { "name": "金斗山社区", "cell_id": "grid_400_8506_1328", "point_count": 6, "top_class9": "管网安全", "top_aspect": "安全韧性", "top_community": "金斗山社区", "in_xw": true, "in_174": true, "n_民生基础": 2, "n_安全韧性": 4, "n_噪声": 1, "n_住宅": 0, "n_物业": 0, "n_停车": 1, "n_出行": 0, "n_管网安全": 3, "n_出行安全": 1, "n_消防安全": 0, "n_环境安全": 0, "n_其他": 0, "n_ev_投诉": 4, "n_ev_求助": 1, "n_ev_建议": 1, "n_ev_其他": 0, "n_in_xw": 6, "n_in_174": 6 }, "geometry": { "type": "Polygon", "coordinates": [ [ [ 111.329988794325914, 30.741845859892425 ], [ 111.330001092839694, 30.745453789284479 ], [ 111.325823921143908, 30.745464345547514 ], [ 111.325811778298629, 30.741856414650442 ], [ 111.329988794325914, 30.741845859892425 ] ] ] } },
{ "type": "Feature", "properties": { "name": "长江社区", "cell_id": "grid_400_8494_1327", "point_count": 1, "top_class9": "出行安全", "top_aspect": "安全韧性", "top_community": "长江社区", "in_xw": true, "in_174": true, "n_民生基础": 0, "n_安全韧性": 1, "n_噪声": 0, "n_住宅": 0, "n_物业": 0, "n_停车": 0, "n_出行": 0, "n_管网安全": 0, "n_出行安全": 1, "n_消防安全": 0, "n_环境安全": 0, "n_其他": 0, "n_ev_投诉": 0, "n_ev_求助": 0, "n_ev_建议": 1, "n_ev_其他": 0, "n_in_xw": 1, "n_in_174": 1 }, "geometry": { "type": "Polygon", "coordinates": [ [ [ 111.325666234915914, 30.698561086954307 ], [ 111.3256783514978, 30.702169041991642 ], [ 111.321503043784858, 30.702179445963328 ], [ 111.321491082535147, 30.698571489441434 ], [ 111.325666234915914, 30.698561086954307 ] ] ] } },
{ "type": "Feature", "properties": { "name": "唐家湾社区", "cell_id": "grid_400_8505_1328", "point_count": 2, "top_class9": "噪声", "top_aspect": "民生基础", "top_community": "唐家湾社区", "in_xw": true, "in_174": true, "n_民生基础": 1, "n_安全韧性": 1, "n_噪声": 1, "n_住宅": 0, "n_物业": 0, "n_停车": 0, "n_出行": 0, "n_管网安全": 0, "n_出行安全": 1, "n_消防安全": 0, "n_环境安全": 0, "n_其他": 0, "n_ev_投诉": 1, "n_ev_求助": 0, "n_ev_建议": 1, "n_ev_其他": 0, "n_in_xw": 2, "n_in_174": 2 }, "geometry": { "type": "Polygon", "coordinates": [ [ [ 111.329976498030689, 30.73823792848783 ], [ 111.329988794325914, 30.741845859892425 ], [ 111.325811778298629, 30.741856414650442 ], [ 111.325799637643826, 30.738248481740925 ], [ 111.329976498030689, 30.73823792848783 ] ] ] } },
{ "type": "Feature", "properties": { "name": "船柴社区", "cell_id": "grid_400_8499_1322", "point_count": 7, "top_class9": "住宅", "top_aspect": "民生基础", "top_community": "船柴社区", "in_xw": true, "in_174": true, "n_民生基础": 6, "n_安全韧性": 1, "n_噪声": 1, "n_住宅": 3, "n_物业": 2, "n_停车": 0, "n_出行": 0, "n_管网安全": 1, "n_出行安全": 0, "n_消防安全": 0, "n_环境安全": 0, "n_其他": 0, "n_ev_投诉": 6, "n_ev_求助": 1, "n_ev_建议": 0, "n_ev_其他": 0, "n_in_xw": 7, "n_in_174": 7 }, "geometry": { "type": "Polygon", "coordinates": [ [ [ 111.304847171766497, 30.716651548431052 ], [ 111.304858521920394, 30.720259500646211 ], [ 111.300682426604695, 30.720269240368243 ], [ 111.300671231924781, 30.716661286763792 ], [ 111.304847171766497, 30.716651548431052 ] ] ] } },
{ "type": "Feature", "properties": { "name": "长江社区", "cell_id": "grid_400_8493_1327", "point_count": 8, "top_class9": "出行", "top_aspect": "民生基础", "top_community": "长江社区", "in_xw": true, "in_174": true, "n_民生基础": 6, "n_安全韧性": 2, "n_噪声": 1, "n_住宅": 1, "n_物业": 1, "n_停车": 1, "n_出行": 2, "n_管网安全": 1, "n_出行安全": 0, "n_消防安全": 1, "n_环境安全": 0, "n_其他": 0, "n_ev_投诉": 8, "n_ev_求助": 0, "n_ev_建议": 0, "n_ev_其他": 0, "n_in_xw": 8, "n_in_174": 8 }, "geometry": { "type": "Polygon", "coordinates": [ [ [ 111.325654120520468, 30.694953129906178 ], [ 111.325666234915914, 30.698561086954307 ], [ 111.321491082535147, 30.698571489441434 ], [ 111.321479123443808, 30.694963530908861 ], [ 111.325654120520468, 30.694953129906178 ] ] ] } },
{ "type": "Feature", "properties": { "name": "唐家湾社区", "cell_id": "grid_400_8504_1328", "point_count": 27, "top_class9": "噪声", "top_aspect": "民生基础", "top_community": "唐家湾社区", "in_xw": true, "in_174": true, "n_民生基础": 18, "n_安全韧性": 9, "n_噪声": 8, "n_住宅": 3, "n_物业": 4, "n_停车": 3, "n_出行": 0, "n_管网安全": 8, "n_出行安全": 1, "n_消防安全": 0, "n_环境安全": 0, "n_其他": 0, "n_ev_投诉": 19, "n_ev_求助": 8, "n_ev_建议": 0, "n_ev_其他": 0, "n_in_xw": 27, "n_in_174": 27 }, "geometry": { "type": "Polygon", "coordinates": [ [ [ 111.329964203953708, 30.734629995070822 ], [ 111.329976498030689, 30.73823792848783 ], [ 111.325799637643826, 30.738248481740925 ], [ 111.325787499179185, 30.734640546819119 ], [ 111.329964203953708, 30.734629995070822 ] ] ] } },
{ "type": "Feature", "properties": { "name": "长江社区", "cell_id": "grid_400_8492_1327", "point_count": 5, "top_class9": "噪声", "top_aspect": "民生基础", "top_community": "长江社区", "in_xw": true, "in_174": true, "n_民生基础": 5, "n_安全韧性": 0, "n_噪声": 3, "n_住宅": 2, "n_物业": 0, "n_停车": 0, "n_出行": 0, "n_管网安全": 0, "n_出行安全": 0, "n_消防安全": 0, "n_环境安全": 0, "n_其他": 0, "n_ev_投诉": 5, "n_ev_求助": 0, "n_ev_建议": 0, "n_ev_其他": 0, "n_in_xw": 5, "n_in_174": 5 }, "geometry": { "type": "Polygon", "coordinates": [ [ [ 111.325642008311078, 30.691345170847399 ], [ 111.325654120520468, 30.694953129906178 ], [ 111.321479123443808, 30.694963530908861 ], [ 111.32146716651053, 30.691355570365737 ], [ 111.325642008311078, 30.691345170847399 ] ] ] } },
{ "type": "Feature", "properties": { "name": "香锦社区", "cell_id": "grid_400_8497_1322", "point_count": 5, "top_class9": "噪声", "top_aspect": "民生基础", "top_community": "香锦社区", "in_xw": true, "in_174": true, "n_民生基础": 5, "n_安全韧性": 0, "n_噪声": 2, "n_住宅": 1, "n_物业": 2, "n_停车": 0, "n_出行": 0, "n_管网安全": 0, "n_出行安全": 0, "n_消防安全": 0, "n_环境安全": 0, "n_其他": 0, "n_ev_投诉": 5, "n_ev_求助": 0, "n_ev_建议": 0, "n_ev_其他": 0, "n_in_xw": 5, "n_in_174": 5 }, "geometry": { "type": "Polygon", "coordinates": [ [ [ 111.30482447760194, 30.709435637968021 ], [ 111.30483582366044, 30.713043594204947 ], [ 111.30066003926467, 30.71305333114849 ], [ 111.300648848624064, 30.70944537352247 ], [ 111.30482447760194, 30.709435637968021 ] ] ] } },
{ "type": "Feature", "properties": { "name": "王家坝社区", "cell_id": "grid_400_8491_1327", "point_count": 9, "top_class9": "噪声", "top_aspect": "民生基础", "top_community": "王家坝社区", "in_xw": true, "in_174": true, "n_民生基础": 8, "n_安全韧性": 1, "n_噪声": 4, "n_住宅": 2, "n_物业": 1, "n_停车": 0, "n_出行": 1, "n_管网安全": 0, "n_出行安全": 0, "n_消防安全": 1, "n_环境安全": 0, "n_其他": 0, "n_ev_投诉": 8, "n_ev_求助": 1, "n_ev_建议": 0, "n_ev_其他": 0, "n_in_xw": 9, "n_in_174": 9 }, "geometry": { "type": "Polygon", "coordinates": [ [ [ 111.325629898287431, 30.687737209778096 ], [ 111.325642008311078, 30.691345170847399 ], [ 111.32146716651053, 30.691355570365737 ], [ 111.321455211734971, 30.687747607812195 ], [ 111.325629898287431, 30.687737209778096 ] ] ] } },
{ "type": "Feature", "properties": { "name": "叶家坝社区", "cell_id": "grid_400_8502_1328", "point_count": 6, "top_class9": "物业", "top_aspect": "民生基础", "top_community": "叶家坝社区", "in_xw": true, "in_174": true, "n_民生基础": 5, "n_安全韧性": 1, "n_噪声": 0, "n_住宅": 0, "n_物业": 4, "n_停车": 0, "n_出行": 1, "n_管网安全": 0, "n_出行安全": 1, "n_消防安全": 0, "n_环境安全": 0, "n_其他": 0, "n_ev_投诉": 1, "n_ev_求助": 4, "n_ev_建议": 1, "n_ev_其他": 0, "n_in_xw": 6, "n_in_174": 6 }, "geometry": { "type": "Polygon", "coordinates": [ [ [ 111.329939622453011, 30.727414122200091 ], [ 111.329951912094586, 30.731022059641525 ], [ 111.325775362904324, 30.731032609885126 ], [ 111.325763228818943, 30.727424670939104 ], [ 111.329939622453011, 30.727414122200091 ] ] ] } },
{ "type": "Feature", "properties": { "name": "大树湾社区", "cell_id": "grid_400_8494_1330", "point_count": 1, "top_class9": "出行安全", "top_aspect": "安全韧性", "top_community": "大树湾社区", "in_xw": true, "in_174": true, "n_民生基础": 0, "n_安全韧性": 1, "n_噪声": 0, "n_住宅": 0, "n_物业": 0, "n_停车": 0, "n_出行": 0, "n_管网安全": 0, "n_出行安全": 1, "n_消防安全": 0, "n_环境安全": 0, "n_其他": 0, "n_ev_投诉": 0, "n_ev_求助": 0, "n_ev_建议": 1, "n_ev_其他": 0, "n_in_xw": 1, "n_in_174": 1 }, "geometry": { "type": "Polygon", "coordinates": [ [ [ 111.338191678827656, 30.69852907417912 ], [ 111.338204261403945, 30.70213702464785 ], [ 111.33402896033536, 30.702147831333651 ], [ 111.334016533090207, 30.698539879322901 ], [ 111.338191678827656, 30.69852907417912 ] ] ] } },
{ "type": "Feature", "properties": { "name": "汕头路社区", "cell_id": "grid_400_8500_1328", "point_count": 1, "top_class9": "住宅", "top_aspect": "民生基础", "top_community": "汕头路社区", "in_xw": true, "in_174": true, "n_民生基础": 1, "n_安全韧性": 0, "n_噪声": 0, "n_住宅": 1, "n_物业": 0, "n_停车": 0, "n_出行": 0, "n_管网安全": 0, "n_出行安全": 0, "n_消防安全": 0, "n_环境安全": 0, "n_其他": 0, "n_ev_投诉": 1, "n_ev_求助": 0, "n_ev_建议": 0, "n_ev_其他": 0, "n_in_xw": 1, "n_in_174": 1 }, "geometry": { "type": "Polygon", "coordinates": [ [ [ 111.329915049821068, 30.720198241281366 ], [ 111.329927335028614, 30.723806182746667 ], [ 111.325751096922687, 30.723816729981209 ], [ 111.325738967215216, 30.720208787011526 ], [ 111.329915049821068, 30.720198241281366 ] ] ] } },
{ "type": "Feature", "properties": { "name": "大树湾社区", "cell_id": "grid_400_8493_1330", "point_count": 1, "top_class9": "噪声", "top_aspect": "民生基础", "top_community": "大树湾社区", "in_xw": true, "in_174": true, "n_民生基础": 1, "n_安全韧性": 0, "n_噪声": 1, "n_住宅": 0, "n_物业": 0, "n_停车": 0, "n_出行": 0, "n_管网安全": 0, "n_出行安全": 0, "n_消防安全": 0, "n_环境安全": 0, "n_其他": 0, "n_ev_投诉": 1, "n_ev_求助": 0, "n_ev_建议": 0, "n_ev_其他": 0, "n_in_xw": 1, "n_in_174": 1 }, "geometry": { "type": "Polygon", "coordinates": [ [ [ 111.338179098521863, 30.694921121699259 ], [ 111.338191678827656, 30.69852907417912 ], [ 111.334016533090207, 30.698539879322901 ], [ 111.334004108087512, 30.694931925301141 ], [ 111.338179098521863, 30.694921121699259 ] ] ] } },
{ "type": "Feature", "properties": { "name": "土街头社区", "cell_id": "grid_400_8498_1315", "point_count": 1, "top_class9": "住宅", "top_aspect": "民生基础", "top_community": "土街头社区", "in_xw": true, "in_174": false, "n_民生基础": 1, "n_安全韧性": 0, "n_噪声": 0, "n_住宅": 1, "n_物业": 0, "n_停车": 0, "n_出行": 0, "n_管网安全": 0, "n_出行安全": 0, "n_消防安全": 0, "n_环境安全": 0, "n_其他": 0, "n_ev_投诉": 1, "n_ev_求助": 0, "n_ev_建议": 0, "n_ev_其他": 0, "n_in_xw": 1, "n_in_174": 1 }, "geometry": { "type": "Polygon", "coordinates": [ [ [ 111.275605291462398, 30.71310893256074 ], [ 111.27561555144041, 30.71671689610881 ], [ 111.271439598049142, 30.716725694222362 ], [ 111.27142949351915, 30.713117729419231 ], [ 111.275605291462398, 30.71310893256074 ] ] ] } },
{ "type": "Feature", "properties": { "name": "石板社区", "cell_id": "grid_400_8504_1331", "point_count": 2, "top_class9": "物业", "top_aspect": "民生基础", "top_community": "石板社区", "in_xw": true, "in_174": true, "n_民生基础": 2, "n_安全韧性": 0, "n_噪声": 0, "n_住宅": 0, "n_物业": 1, "n_停车": 0, "n_出行": 1, "n_管网安全": 0, "n_出行安全": 0, "n_消防安全": 0, "n_环境安全": 0, "n_其他": 0, "n_ev_投诉": 2, "n_ev_求助": 0, "n_ev_建议": 0, "n_ev_其他": 0, "n_in_xw": 2, "n_in_174": 2 }, "geometry": { "type": "Polygon", "coordinates": [ [ [ 111.342494304857738, 30.734597533363996 ], [ 111.342507065769681, 30.738205462151583 ], [ 111.33833021212169, 30.738216418692897 ], [ 111.338317606821064, 30.734608488343014 ], [ 111.342494304857738, 30.734597533363996 ] ] ] } },
{ "type": "Feature", "properties": { "name": "黑虎山社区", "cell_id": "grid_400_8496_1336", "point_count": 7, "top_class9": "住宅", "top_aspect": "民生基础", "top_community": "黑虎山社区", "in_xw": true, "in_174": true, "n_民生基础": 7, "n_安全韧性": 0, "n_噪声": 2, "n_住宅": 4, "n_物业": 0, "n_停车": 0, "n_出行": 1, "n_管网安全": 0, "n_出行安全": 0, "n_消防安全": 0, "n_环境安全": 0, "n_其他": 0, "n_ev_投诉": 6, "n_ev_求助": 1, "n_ev_建议": 0, "n_ev_其他": 0, "n_in_xw": 7, "n_in_174": 7 }, "geometry": { "type": "Polygon", "coordinates": [ [ [ 111.363269536140947, 30.705677304356517 ], [ 111.363283055574911, 30.709285241146834 ], [ 111.359107457809927, 30.709296856568109 ], [ 111.359094093760973, 30.7056889181206 ], [ 111.363269536140947, 30.705677304356517 ] ] ] } },
{ "type": "Feature", "properties": { "name": "锦绣社区", "cell_id": "grid_400_8498_1318", "point_count": 10, "top_class9": "物业", "top_aspect": "民生基础", "top_community": "锦绣社区", "in_xw": true, "in_174": true, "n_民生基础": 5, "n_安全韧性": 5, "n_噪声": 1, "n_住宅": 0, "n_物业": 4, "n_停车": 0, "n_出行": 0, "n_管网安全": 2, "n_出行安全": 3, "n_消防安全": 0, "n_环境安全": 0, "n_其他": 0, "n_ev_投诉": 6, "n_ev_求助": 1, "n_ev_建议": 2, "n_ev_其他": 1, "n_in_xw": 10, "n_in_174": 10 }, "geometry": { "type": "Polygon", "coordinates": [ [ [ 111.288132674072614, 30.713081736195033 ], [ 111.288143400393025, 30.716689695862925 ], [ 111.283967452640411, 30.716698896928889 ], [ 111.283956881767168, 30.713090935948426 ], [ 111.288132674072614, 30.713081736195033 ] ] ] } },
{ "type": "Feature", "properties": { "name": "镇境山社区", "cell_id": "grid_400_8503_1321", "point_count": 4, "top_class9": "管网安全", "top_aspect": "安全韧性", "top_community": "镇境山社区", "in_xw": true, "in_174": true, "n_民生基础": 1, "n_安全韧性": 3, "n_噪声": 0, "n_住宅": 1, "n_物业": 0, "n_停车": 0, "n_出行": 0, "n_管网安全": 3, "n_出行安全": 0, "n_消防安全": 0, "n_环境安全": 0, "n_其他": 0, "n_ev_投诉": 1, "n_ev_求助": 3, "n_ev_建议": 0, "n_ev_其他": 0, "n_in_xw": 4, "n_in_174": 4 }, "geometry": { "type": "Polygon", "coordinates": [ [ [ 111.300716022766366, 30.73109308911507 ], [ 111.300727225528632, 30.73470103467475 ], [ 111.296550506014967, 30.734710645542766 ], [ 111.296539458839277, 30.73110269861256 ], [ 111.300716022766366, 30.73109308911507 ] ] ] } },
{ "type": "Feature", "properties": { "name": "翁家堰社区", "cell_id": "grid_400_8497_1318", "point_count": 60, "top_class9": "物业", "top_aspect": "民生基础", "top_community": "翁家堰社区", "in_xw": true, "in_174": true, "n_民生基础": 49, "n_安全韧性": 11, "n_噪声": 14, "n_住宅": 10, "n_物业": 17, "n_停车": 7, "n_出行": 1, "n_管网安全": 6, "n_出行安全": 5, "n_消防安全": 0, "n_环境安全": 0, "n_其他": 0, "n_ev_投诉": 43, "n_ev_求助": 14, "n_ev_建议": 3, "n_ev_其他": 0, "n_in_xw": 60, "n_in_174": 60 }, "geometry": { "type": "Polygon", "coordinates": [ [ [ 111.288121949687564, 30.709473774516699 ], [ 111.288132674072614, 30.713081736195033 ], [ 111.283956881767168, 30.713090935948426 ], [ 111.28394631280122, 30.709482972957655 ], [ 111.288121949687564, 30.709473774516699 ] ] ] } },
{ "type": "Feature", "properties": { "name": "大堰湾社区", "cell_id": "grid_400_8502_1321", "point_count": 22, "top_class9": "噪声", "top_aspect": "民生基础", "top_community": "大堰湾社区", "in_xw": true, "in_174": true, "n_民生基础": 16, "n_安全韧性": 6, "n_噪声": 8, "n_住宅": 3, "n_物业": 2, "n_停车": 3, "n_出行": 0, "n_管网安全": 5, "n_出行安全": 1, "n_消防安全": 0, "n_环境安全": 0, "n_其他": 0, "n_ev_投诉": 11, "n_ev_求助": 11, "n_ev_建议": 0, "n_ev_其他": 0, "n_in_xw": 22, "n_in_174": 22 }, "geometry": { "type": "Polygon", "coordinates": [ [ [ 111.300704822025168, 30.727485141544015 ], [ 111.300716022766366, 30.73109308911507 ], [ 111.296539458839277, 30.73110269861256 ], [ 111.29652841365656, 30.727494749671081 ], [ 111.300704822025168, 30.727485141544015 ] ] ] } },
{ "type": "Feature", "properties": { "name": "铁路坝社区", "cell_id": "grid_400_8496_1318", "point_count": 3, "top_class9": "噪声", "top_aspect": "民生基础", "top_community": "铁路坝社区", "in_xw": true, "in_174": true, "n_民生基础": 3, "n_安全韧性": 0, "n_噪声": 1, "n_住宅": 0, "n_物业": 0, "n_停车": 1, "n_出行": 1, "n_管网安全": 0, "n_出行安全": 0, "n_消防安全": 0, "n_环境安全": 0, "n_其他": 0, "n_ev_投诉": 2, "n_ev_求助": 1, "n_ev_建议": 0, "n_ev_其他": 0, "n_in_xw": 3, "n_in_174": 3 }, "geometry": { "type": "Polygon", "coordinates": [ [ [ 111.28811122723755, 30.705865810828083 ], [ 111.288121949687564, 30.709473774516699 ], [ 111.28394631280122, 30.709482972957655 ], [ 111.283935745742298, 30.705875007956678 ], [ 111.28811122723755, 30.705865810828083 ] ] ] } },
{ "type": "Feature", "properties": { "name": "望洲社区", "cell_id": "grid_400_8501_1321", "point_count": 4, "top_class9": "出行安全", "top_aspect": "安全韧性", "top_community": "望洲社区", "in_xw": true, "in_174": true, "n_民生基础": 1, "n_安全韧性": 3, "n_噪声": 1, "n_住宅": 0, "n_物业": 0, "n_停车": 0, "n_出行": 0, "n_管网安全": 1, "n_出行安全": 2, "n_消防安全": 0, "n_环境安全": 0, "n_其他": 0, "n_ev_投诉": 1, "n_ev_求助": 3, "n_ev_建议": 0, "n_ev_其他": 0, "n_in_xw": 4, "n_in_174": 4 }, "geometry": { "type": "Polygon", "coordinates": [ [ [ 111.30069362330471, 30.723877191961694 ], [ 111.300704822025168, 30.727485141544015 ], [ 111.29652841365656, 30.727494749671081 ], [ 111.296517370466518, 30.723886798718425 ], [ 111.30069362330471, 30.723877191961694 ] ] ] } },
{ "type": "Feature", "properties": { "name": "气象台社区", "cell_id": "grid_400_8495_1318", "point_count": 27, "top_class9": "物业", "top_aspect": "民生基础", "top_community": "气象台社区", "in_xw": true, "in_174": true, "n_民生基础": 20, "n_安全韧性": 7, "n_噪声": 4, "n_住宅": 7, "n_物业": 8, "n_停车": 0, "n_出行": 1, "n_管网安全": 6, "n_出行安全": 1, "n_消防安全": 0, "n_环境安全": 0, "n_其他": 0, "n_ev_投诉": 17, "n_ev_求助": 10, "n_ev_建议": 0, "n_ev_其他": 0, "n_in_xw": 27, "n_in_174": 27 }, "geometry": { "type": "Polygon", "coordinates": [ [ [ 111.288100506722287, 30.702257845129324 ], [ 111.28811122723755, 30.705865810828083 ], [ 111.283935745742298, 30.705875007956678 ], [ 111.283925180590089, 30.702267040945653 ], [ 111.288100506722287, 30.702257845129324 ] ] ] } },
{ "type": "Feature", "properties": { "name": "船柴社区", "cell_id": "grid_400_8500_1321", "point_count": 6, "top_class9": "住宅", "top_aspect": "民生基础", "top_community": "船柴社区", "in_xw": true, "in_174": true, "n_民生基础": 3, "n_安全韧性": 3, "n_噪声": 0, "n_住宅": 3, "n_物业": 0, "n_停车": 0, "n_出行": 0, "n_管网安全": 1, "n_出行安全": 2, "n_消防安全": 0, "n_环境安全": 0, "n_其他": 0, "n_ev_投诉": 4, "n_ev_求助": 2, "n_ev_建议": 0, "n_ev_其他": 0, "n_in_xw": 6, "n_in_174": 6 }, "geometry": { "type": "Polygon", "coordinates": [ [ [ 111.300682426604695, 30.720269240368243 ], [ 111.30069362330471, 30.723877191961694 ], [ 111.296517370466518, 30.723886798718425 ], [ 111.296506329268865, 30.720278845754745 ], [ 111.300682426604695, 30.720269240368243 ] ] ] } },
{ "type": "Feature", "properties": { "name": "夷陵路社区", "cell_id": "grid_400_8494_1318", "point_count": 11, "top_class9": "噪声", "top_aspect": "民生基础", "top_community": "夷陵路社区", "in_xw": true, "in_174": true, "n_民生基础": 7, "n_安全韧性": 4, "n_噪声": 3, "n_住宅": 0, "n_物业": 1, "n_停车": 3, "n_出行": 0, "n_管网安全": 0, "n_出行安全": 3, "n_消防安全": 1, "n_环境安全": 0, "n_其他": 0, "n_ev_投诉": 6, "n_ev_求助": 5, "n_ev_建议": 0, "n_ev_其他": 0, "n_in_xw": 11, "n_in_174": 11 }, "geometry": { "type": "Polygon", "coordinates": [ [ [ 111.288089788141491, 30.69864987742055 ], [ 111.288100506722287, 30.702257845129324 ], [ 111.283925180590089, 30.702267040945653 ], [ 111.28391461734428, 30.698659071924716 ], [ 111.288089788141491, 30.69864987742055 ] ] ] } },
{ "type": "Feature", "properties": { "name": "营盘路社区", "cell_id": "grid_400_8499_1321", "point_count": 15, "top_class9": "物业", "top_aspect": "民生基础", "top_community": "营盘路社区", "in_xw": true, "in_174": true, "n_民生基础": 11, "n_安全韧性": 4, "n_噪声": 4, "n_住宅": 2, "n_物业": 5, "n_停车": 0, "n_出行": 0, "n_管网安全": 2, "n_出行安全": 1, "n_消防安全": 1, "n_环境安全": 0, "n_其他": 0, "n_ev_投诉": 10, "n_ev_求助": 5, "n_ev_建议": 0, "n_ev_其他": 0, "n_in_xw": 15, "n_in_174": 15 }, "geometry": { "type": "Polygon", "coordinates": [ [ [ 111.300671231924781, 30.716661286763792 ], [ 111.300682426604695, 30.720269240368243 ], [ 111.296506329268865, 30.720278845754745 ], [ 111.296495290063262, 30.716670890780168 ], [ 111.300671231924781, 30.716661286763792 ] ] ] } },
{ "type": "Feature", "properties": { "name": "小林园社区", "cell_id": "grid_400_8493_1318", "point_count": 53, "top_class9": "噪声", "top_aspect": "民生基础", "top_community": "小林园社区", "in_xw": true, "in_174": true, "n_民生基础": 44, "n_安全韧性": 9, "n_噪声": 16, "n_住宅": 8, "n_物业": 9, "n_停车": 11, "n_出行": 0, "n_管网安全": 6, "n_出行安全": 2, "n_消防安全": 1, "n_环境安全": 0, "n_其他": 0, "n_ev_投诉": 40, "n_ev_求助": 12, "n_ev_建议": 1, "n_ev_其他": 0, "n_in_xw": 53, "n_in_174": 53 }, "geometry": { "type": "Polygon", "coordinates": [ [ [ 111.288079071494835, 30.695041907701899 ], [ 111.288089788141491, 30.69864987742055 ], [ 111.28391461734428, 30.698659071924716 ], [ 111.283904056004616, 30.695051100893998 ], [ 111.288079071494835, 30.695041907701899 ] ] ] } },
{ "type": "Feature", "properties": { "name": "土城路社区", "cell_id": "grid_400_8498_1321", "point_count": 5, "top_class9": "物业", "top_aspect": "民生基础", "top_community": "土城路社区", "in_xw": true, "in_174": true, "n_民生基础": 4, "n_安全韧性": 1, "n_噪声": 0, "n_住宅": 0, "n_物业": 4, "n_停车": 0, "n_出行": 0, "n_管网安全": 1, "n_出行安全": 0, "n_消防安全": 0, "n_环境安全": 0, "n_其他": 0, "n_ev_投诉": 5, "n_ev_求助": 0, "n_ev_建议": 0, "n_ev_其他": 0, "n_in_xw": 5, "n_in_174": 5 }, "geometry": { "type": "Polygon", "coordinates": [ [ [ 111.30066003926467, 30.71305333114849 ], [ 111.300671231924781, 30.716661286763792 ], [ 111.296495290063262, 30.716670890780168 ], [ 111.29648425284941, 30.713062933794838 ], [ 111.30066003926467, 30.71305333114849 ] ] ] } },
{ "type": "Feature", "properties": { "name": "土城路社区", "cell_id": "grid_400_8497_1321", "point_count": 24, "top_class9": "管网安全", "top_aspect": "民生基础", "top_community": "土城路社区", "in_xw": true, "in_174": true, "n_民生基础": 14, "n_安全韧性": 10, "n_噪声": 2, "n_住宅": 6, "n_物业": 1, "n_停车": 4, "n_出行": 1, "n_管网安全": 10, "n_出行安全": 0, "n_消防安全": 0, "n_环境安全": 0, "n_其他": 0, "n_ev_投诉": 11, "n_ev_求助": 13, "n_ev_建议": 0, "n_ev_其他": 0, "n_in_xw": 24, "n_in_174": 24 }, "geometry": { "type": "Polygon", "coordinates": [ [ [ 111.300648848624064, 30.70944537352247 ], [ 111.30066003926467, 30.71305333114849 ], [ 111.29648425284941, 30.713062933794838 ], [ 111.296473217627025, 30.709454974798895 ], [ 111.300648848624064, 30.70944537352247 ] ] ] } },
{ "type": "Feature", "properties": { "name": "香锦社区", "cell_id": "grid_400_8496_1321", "point_count": 9, "top_class9": "住宅", "top_aspect": "民生基础", "top_community": "香锦社区", "in_xw": true, "in_174": true, "n_民生基础": 7, "n_安全韧性": 2, "n_噪声": 2, "n_住宅": 4, "n_物业": 0, "n_停车": 1, "n_出行": 0, "n_管网安全": 1, "n_出行安全": 0, "n_消防安全": 1, "n_环境安全": 0, "n_其他": 0, "n_ev_投诉": 6, "n_ev_求助": 2, "n_ev_建议": 1, "n_ev_其他": 0, "n_in_xw": 9, "n_in_174": 9 }, "geometry": { "type": "Polygon", "coordinates": [ [ [ 111.300637660002636, 30.70583741388586 ], [ 111.300648848624064, 30.70944537352247 ], [ 111.296473217627025, 30.709454974798895 ], [ 111.29646218439575, 30.705847013792457 ], [ 111.300637660002636, 30.70583741388586 ] ] ] } },
{ "type": "Feature", "properties": { "name": "黄河路社区", "cell_id": "grid_400_8503_1324", "point_count": 5, "top_class9": "噪声", "top_aspect": "民生基础", "top_community": "黄河路社区", "in_xw": true, "in_174": true, "n_民生基础": 4, "n_安全韧性": 1, "n_噪声": 2, "n_住宅": 1, "n_物业": 0, "n_停车": 0, "n_出行": 1, "n_管网安全": 0, "n_出行安全": 1, "n_消防安全": 0, "n_环境安全": 0, "n_其他": 0, "n_ev_投诉": 4, "n_ev_求助": 1, "n_ev_建议": 0, "n_ev_其他": 0, "n_in_xw": 5, "n_in_174": 5 }, "geometry": { "type": "Polygon", "coordinates": [ [ [ 111.313245702309018, 30.731063454265485 ], [ 111.313257371829039, 30.734671395598561 ], [ 111.309080658463728, 30.734681409702407 ], [ 111.309069144529303, 30.7310734669413 ], [ 111.313245702309018, 30.731063454265485 ] ] ] } },
{ "type": "Feature", "properties": { "name": "白龙井社区", "cell_id": "grid_400_8495_1321", "point_count": 26, "top_class9": "出行", "top_aspect": "民生基础", "top_community": "白龙井社区", "in_xw": true, "in_174": true, "n_民生基础": 23, "n_安全韧性": 3, "n_噪声": 1, "n_住宅": 7, "n_物业": 5, "n_停车": 2, "n_出行": 8, "n_管网安全": 2, "n_出行安全": 1, "n_消防安全": 0, "n_环境安全": 0, "n_其他": 0, "n_ev_投诉": 20, "n_ev_求助": 3, "n_ev_建议": 3, "n_ev_其他": 0, "n_in_xw": 26, "n_in_174": 26 }, "geometry": { "type": "Polygon", "coordinates": [ [ [ 111.300626473400072, 30.702229452238821 ], [ 111.300637660002636, 30.70583741388586 ], [ 111.29646218439575, 30.705847013792457 ], [ 111.296451153155317, 30.702239050775688 ], [ 111.300626473400072, 30.702229452238821 ] ] ] } },
{ "type": "Feature", "properties": { "name": "大学路社区", "cell_id": "grid_400_8502_1324", "point_count": 120, "top_class9": "噪声", "top_aspect": "民生基础", "top_community": "大学路社区", "in_xw": true, "in_174": true, "n_民生基础": 86, "n_安全韧性": 34, "n_噪声": 34, "n_住宅": 17, "n_物业": 16, "n_停车": 10, "n_出行": 9, "n_管网安全": 14, "n_出行安全": 20, "n_消防安全": 0, "n_环境安全": 0, "n_其他": 0, "n_ev_投诉": 93, "n_ev_求助": 23, "n_ev_建议": 4, "n_ev_其他": 0, "n_in_xw": 120, "n_in_174": 120 }, "geometry": { "type": "Polygon", "coordinates": [ [ [ 111.313234034894265, 30.727455510920695 ], [ 111.313245702309018, 30.731063454265485 ], [ 111.309069144529303, 30.7310734669413 ], [ 111.309057632672079, 30.727465522168593 ], [ 111.313234034894265, 30.727455510920695 ] ] ] } },
{ "type": "Feature", "properties": { "name": "大学路社区", "cell_id": "grid_400_8501_1324", "point_count": 6, "top_class9": "噪声", "top_aspect": "民生基础", "top_community": "大学路社区", "in_xw": true, "in_174": true, "n_民生基础": 6, "n_安全韧性": 0, "n_噪声": 5, "n_住宅": 0, "n_物业": 0, "n_停车": 1, "n_出行": 0, "n_管网安全": 0, "n_出行安全": 0, "n_消防安全": 0, "n_环境安全": 0, "n_其他": 0, "n_ev_投诉": 6, "n_ev_求助": 0, "n_ev_建议": 0, "n_ev_其他": 0, "n_in_xw": 6, "n_in_174": 6 }, "geometry": { "type": "Polygon", "coordinates": [ [ [ 111.313222369584437, 30.723847565564345 ], [ 111.313234034894265, 30.727455510920695 ], [ 111.309057632672079, 30.727465522168593 ], [ 111.309046122891729, 30.723857575384422 ], [ 111.313222369584437, 30.723847565564345 ] ] ] } },
{ "type": "Feature", "properties": { "name": "大学路社区", "cell_id": "grid_400_8500_1324", "point_count": 6, "top_class9": "噪声", "top_aspect": "民生基础", "top_community": "大学路社区", "in_xw": true, "in_174": true, "n_民生基础": 6, "n_安全韧性": 0, "n_噪声": 6, "n_住宅": 0, "n_物业": 0, "n_停车": 0, "n_出行": 0, "n_管网安全": 0, "n_出行安全": 0, "n_消防安全": 0, "n_环境安全": 0, "n_其他": 0, "n_ev_投诉": 5, "n_ev_求助": 1, "n_ev_建议": 0, "n_ev_其他": 0, "n_in_xw": 6, "n_in_174": 6 }, "geometry": { "type": "Polygon", "coordinates": [ [ [ 111.313210706379223, 30.720239618196544 ], [ 111.313222369584437, 30.723847565564345 ], [ 111.309046122891729, 30.723857575384422 ], [ 111.309034615187912, 30.720249626588906 ], [ 111.313210706379223, 30.720239618196544 ] ] ] } },
{ "type": "Feature", "properties": { "name": "大学路社区", "cell_id": "grid_400_8499_1324", "point_count": 1, "top_class9": "环境安全", "top_aspect": "安全韧性", "top_community": "大学路社区", "in_xw": true, "in_174": true, "n_民生基础": 0, "n_安全韧性": 1, "n_噪声": 0, "n_住宅": 0, "n_物业": 0, "n_停车": 0, "n_出行": 0, "n_管网安全": 0, "n_出行安全": 0, "n_消防安全": 0, "n_环境安全": 1, "n_其他": 0, "n_ev_投诉": 1, "n_ev_求助": 0, "n_ev_建议": 0, "n_ev_其他": 0, "n_in_xw": 1, "n_in_174": 1 }, "geometry": { "type": "Polygon", "coordinates": [ [ [ 111.313199045278282, 30.716631668817442 ], [ 111.313210706379223, 30.720239618196544 ], [ 111.309034615187912, 30.720249626588906 ], [ 111.309023109560343, 30.716641675782203 ], [ 111.313199045278282, 30.716631668817442 ] ] ] } },
{ "type": "Feature", "properties": { "name": "东山花园社区", "cell_id": "grid_400_8498_1324", "point_count": 2, "top_class9": "噪声", "top_aspect": "民生基础", "top_community": "东山花园社区", "in_xw": true, "in_174": true, "n_民生基础": 2, "n_安全韧性": 0, "n_噪声": 1, "n_住宅": 0, "n_物业": 1, "n_停车": 0, "n_出行": 0, "n_管网安全": 0, "n_出行安全": 0, "n_消防安全": 0, "n_环境安全": 0, "n_其他": 0, "n_ev_投诉": 2, "n_ev_求助": 0, "n_ev_建议": 0, "n_ev_其他": 0, "n_in_xw": 2, "n_in_174": 2 }, "geometry": { "type": "Polygon", "coordinates": [ [ [ 111.313187386281328, 30.713023717427198 ], [ 111.313199045278282, 30.716631668817442 ], [ 111.309023109560343, 30.716641675782203 ], [ 111.309011606008667, 30.713033722964443 ], [ 111.313187386281328, 30.713023717427198 ] ] ] } },
{ "type": "Feature", "properties": { "name": "东山花园社区", "cell_id": "grid_400_8497_1324", "point_count": 19, "top_class9": "噪声", "top_aspect": "民生基础", "top_community": "东山花园社区", "in_xw": true, "in_174": true, "n_民生基础": 15, "n_安全韧性": 4, "n_噪声": 5, "n_住宅": 4, "n_物业": 3, "n_停车": 3, "n_出行": 0, "n_管网安全": 3, "n_出行安全": 1, "n_消防安全": 0, "n_环境安全": 0, "n_其他": 0, "n_ev_投诉": 12, "n_ev_求助": 7, "n_ev_建议": 0, "n_ev_其他": 0, "n_in_xw": 19, "n_in_174": 19 }, "geometry": { "type": "Polygon", "coordinates": [ [ [ 111.313175729387979, 30.70941576402592 ], [ 111.313187386281328, 30.713023717427198 ], [ 111.309011606008667, 30.713033722964443 ], [ 111.309000104532586, 30.709425768135755 ], [ 111.313175729387979, 30.70941576402592 ] ] ] } },
{ "type": "Feature", "properties": { "name": "珠海路社区", "cell_id": "grid_400_8496_1324", "point_count": 35, "top_class9": "住宅", "top_aspect": "民生基础", "top_community": "珠海路社区", "in_xw": true, "in_174": true, "n_民生基础": 25, "n_安全韧性": 10, "n_噪声": 4, "n_住宅": 9, "n_物业": 8, "n_停车": 3, "n_出行": 1, "n_管网安全": 7, "n_出行安全": 2, "n_消防安全": 1, "n_环境安全": 0, "n_其他": 0, "n_ev_投诉": 20, "n_ev_求助": 14, "n_ev_建议": 0, "n_ev_其他": 1, "n_in_xw": 35, "n_in_174": 35 }, "geometry": { "type": "Polygon", "coordinates": [ [ [ 111.313164074597921, 30.705807808613741 ], [ 111.313175729387979, 30.70941576402592 ], [ 111.309000104532586, 30.709425768135755 ], [ 111.308988605131759, 30.705817811296274 ], [ 111.313164074597921, 30.705807808613741 ] ] ] } },
{ "type": "Feature", "properties": { "name": "沙河社区", "cell_id": "grid_400_8507_1325", "point_count": 1, "top_class9": "管网安全", "top_aspect": "安全韧性", "top_community": "沙河社区", "in_xw": true, "in_174": true, "n_民生基础": 0, "n_安全韧性": 1, "n_噪声": 0, "n_住宅": 0, "n_物业": 0, "n_停车": 0, "n_出行": 0, "n_管网安全": 1, "n_出行安全": 0, "n_消防安全": 0, "n_环境安全": 0, "n_其他": 0, "n_ev_投诉": 0, "n_ev_求助": 1, "n_ev_建议": 0, "n_ev_其他": 0, "n_in_xw": 1, "n_in_174": 1 }, "geometry": { "type": "Polygon", "coordinates": [ [ [ 111.317469571207951, 30.745485054668599 ], [ 111.317481404849872, 30.74909298650585 ], [ 111.313304070968286, 30.749103140811016 ], [ 111.313292393023957, 30.745495207526147 ], [ 111.317469571207951, 30.745485054668599 ] ] ] } },
{ "type": "Feature", "properties": { "name": "深圳路社区", "cell_id": "grid_400_8495_1324", "point_count": 4, "top_class9": "住宅", "top_aspect": "民生基础", "top_community": "深圳路社区", "in_xw": true, "in_174": true, "n_民生基础": 4, "n_安全韧性": 0, "n_噪声": 0, "n_住宅": 3, "n_物业": 0, "n_停车": 1, "n_出行": 0, "n_管网安全": 0, "n_出行安全": 0, "n_消防安全": 0, "n_环境安全": 0, "n_其他": 0, "n_ev_投诉": 4, "n_ev_求助": 0, "n_ev_建议": 0, "n_ev_其他": 0, "n_in_xw": 4, "n_in_174": 4 }, "geometry": { "type": "Polygon", "coordinates": [ [ [ 111.313152421910871, 30.70219985119083 ], [ 111.313164074597921, 30.705807808613741 ], [ 111.308988605131759, 30.705817811296274 ], [ 111.308977107805873, 30.702209852446163 ], [ 111.313152421910871, 30.70219985119083 ] ] ] } },
{ "type": "Feature", "properties": { "name": "王家坝社区", "cell_id": "grid_400_8491_1326", "point_count": 22, "top_class9": "噪声", "top_aspect": "民生基础", "top_community": "王家坝社区", "in_xw": true, "in_174": true, "n_民生基础": 19, "n_安全韧性": 3, "n_噪声": 13, "n_住宅": 0, "n_物业": 1, "n_停车": 4, "n_出行": 1, "n_管网安全": 1, "n_出行安全": 1, "n_消防安全": 1, "n_环境安全": 0, "n_其他": 0, "n_ev_投诉": 21, "n_ev_求助": 1, "n_ev_建议": 0, "n_ev_其他": 0, "n_in_xw": 22, "n_in_174": 22 }, "geometry": { "type": "Polygon", "coordinates": [ [ [ 111.321455211734971, 30.687747607812195 ], [ 111.32146716651053, 30.691355570365737 ], [ 111.317292322552262, 30.691365835702989 ], [ 111.317280523025119, 30.687757871684365 ], [ 111.321455211734971, 30.687747607812195 ] ] ] } },
{ "type": "Feature", "properties": { "name": "王家坝社区", "cell_id": "grid_400_8490_1326", "point_count": 6, "top_class9": "噪声", "top_aspect": "民生基础", "top_community": "王家坝社区", "in_xw": true, "in_174": true, "n_民生基础": 6, "n_安全韧性": 0, "n_噪声": 4, "n_住宅": 1, "n_物业": 0, "n_停车": 0, "n_出行": 1, "n_管网安全": 0, "n_出行安全": 0, "n_消防安全": 0, "n_环境安全": 0, "n_其他": 0, "n_ev_投诉": 5, "n_ev_求助": 0, "n_ev_建议": 1, "n_ev_其他": 0, "n_in_xw": 6, "n_in_174": 6 }, "geometry": { "type": "Polygon", "coordinates": [ [ [ 111.321443259116791, 30.684139643248372 ], [ 111.321455211734971, 30.687747607812195 ], [ 111.317280523025119, 30.687757871684365 ], [ 111.317268725627343, 30.684149905655573 ], [ 111.321443259116791, 30.684139643248372 ] ] ] } },
{ "type": "Feature", "properties": { "name": "汕头路社区", "cell_id": "grid_400_8495_1329", "point_count": 6, "top_class9": "噪声", "top_aspect": "民生基础", "top_community": "汕头路社区", "in_xw": true, "in_174": true, "n_民生基础": 4, "n_安全韧性": 2, "n_噪声": 2, "n_住宅": 2, "n_物业": 0, "n_停车": 0, "n_出行": 0, "n_管网安全": 2, "n_出行安全": 0, "n_消防安全": 0, "n_环境安全": 0, "n_其他": 0, "n_ev_投诉": 6, "n_ev_求助": 0, "n_ev_建议": 0, "n_ev_其他": 0, "n_in_xw": 6, "n_in_174": 6 }, "geometry": { "type": "Polygon", "coordinates": [ [ [ 111.33402896033536, 30.702147831333651 ], [ 111.334041389823341, 30.705755781333252 ], [ 111.32986593115244, 30.705766455304239 ], [ 111.329853657023975, 30.702158503781671 ], [ 111.33402896033536, 30.702147831333651 ] ] ] } },
{ "type": "Feature", "properties": { "name": "大树湾社区", "cell_id": "grid_400_8494_1329", "point_count": 1, "top_class9": "出行安全", "top_aspect": "安全韧性", "top_community": "大树湾社区", "in_xw": true, "in_174": true, "n_民生基础": 0, "n_安全韧性": 1, "n_噪声": 0, "n_住宅": 0, "n_物业": 0, "n_停车": 0, "n_出行": 0, "n_管网安全": 0, "n_出行安全": 1, "n_消防安全": 0, "n_环境安全": 0, "n_其他": 0, "n_ev_投诉": 0, "n_ev_求助": 0, "n_ev_建议": 1, "n_ev_其他": 0, "n_in_xw": 1, "n_in_174": 1 }, "geometry": { "type": "Polygon", "coordinates": [ [ [ 111.334016533090207, 30.698539879322901 ], [ 111.33402896033536, 30.702147831333651 ], [ 111.329853657023975, 30.702158503781671 ], [ 111.329841385110285, 30.698550550248054 ], [ 111.334016533090207, 30.698539879322901 ] ] ] } },
{ "type": "Feature", "properties": { "name": "廖家湾社区", "cell_id": "grid_400_8500_1327", "point_count": 2, "top_class9": "噪声", "top_aspect": "民生基础", "top_community": "廖家湾社区", "in_xw": true, "in_174": true, "n_民生基础": 2, "n_安全韧性": 0, "n_噪声": 1, "n_住宅": 0, "n_物业": 0, "n_停车": 1, "n_出行": 0, "n_管网安全": 0, "n_出行安全": 0, "n_消防安全": 0, "n_环境安全": 0, "n_其他": 0, "n_ev_投诉": 1, "n_ev_求助": 0, "n_ev_建议": 1, "n_ev_其他": 0, "n_in_xw": 2, "n_in_174": 2 }, "geometry": { "type": "Polygon", "coordinates": [ [ [ 111.325738967215216, 30.720208787011526 ], [ 111.325751096922687, 30.723816729981209 ], [ 111.321574856627976, 30.72382714286249 ], [ 111.321562882420935, 30.720219198407612 ], [ 111.325738967215216, 30.720208787011526 ] ] ] } },
{ "type": "Feature", "properties": { "name": "朝阳路社区", "cell_id": "grid_400_8505_1330", "point_count": 11, "top_class9": "住宅", "top_aspect": "民生基础", "top_community": "朝阳路社区", "in_xw": true, "in_174": true, "n_民生基础": 9, "n_安全韧性": 2, "n_噪声": 0, "n_住宅": 4, "n_物业": 2, "n_停车": 0, "n_出行": 3, "n_管网安全": 1, "n_出行安全": 1, "n_消防安全": 0, "n_环境安全": 0, "n_其他": 0, "n_ev_投诉": 7, "n_ev_求助": 3, "n_ev_建议": 1, "n_ev_其他": 0, "n_in_xw": 11, "n_in_174": 11 }, "geometry": { "type": "Polygon", "coordinates": [ [ [ 111.33833021212169, 30.738216418692897 ], [ 111.33834281969672, 30.741824347030157 ], [ 111.334165808134628, 30.741835170685579 ], [ 111.334153356199337, 30.738227240805063 ], [ 111.33833021212169, 30.738216418692897 ] ] ] } },
{ "type": "Feature", "properties": { "name": "汕头路社区", "cell_id": "grid_400_8499_1327", "point_count": 72, "top_class9": "住宅", "top_aspect": "民生基础", "top_community": "汕头路社区", "in_xw": true, "in_174": true, "n_民生基础": 70, "n_安全韧性": 2, "n_噪声": 2, "n_住宅": 53, "n_物业": 4, "n_停车": 0, "n_出行": 11, "n_管网安全": 2, "n_出行安全": 0, "n_消防安全": 0, "n_环境安全": 0, "n_其他": 0, "n_ev_投诉": 64, "n_ev_求助": 5, "n_ev_建议": 3, "n_ev_其他": 0, "n_in_xw": 72, "n_in_174": 72 }, "geometry": { "type": "Polygon", "coordinates": [ [ [ 111.325726839696202, 30.716600842030232 ], [ 111.325738967215216, 30.720208787011526 ], [ 111.321562882420935, 30.720219198407612 ], [ 111.32155091037427, 30.716611251941227 ], [ 111.325726839696202, 30.716600842030232 ] ] ] } },
{ "type": "Feature", "properties": { "name": "朝阳路社区", "cell_id": "grid_400_8504_1330", "point_count": 10, "top_class9": "管网安全", "top_aspect": "安全韧性", "top_community": "朝阳路社区", "in_xw": true, "in_174": true, "n_民生基础": 2, "n_安全韧性": 8, "n_噪声": 0, "n_住宅": 0, "n_物业": 2, "n_停车": 0, "n_出行": 0, "n_管网安全": 8, "n_出行安全": 0, "n_消防安全": 0, "n_环境安全": 0, "n_其他": 0, "n_ev_投诉": 7, "n_ev_求助": 3, "n_ev_建议": 0, "n_ev_其他": 0, "n_in_xw": 10, "n_in_174": 10 }, "geometry": { "type": "Polygon", "coordinates": [ [ [ 111.338317606821064, 30.734608488343014 ], [ 111.33833021212169, 30.738216418692897 ], [ 111.334153356199337, 30.738227240805063 ], [ 111.334140906510356, 30.734619308912038 ], [ 111.338317606821064, 30.734608488343014 ] ] ] } },
{ "type": "Feature", "properties": { "name": "汕头路社区", "cell_id": "grid_400_8498_1327", "point_count": 2, "top_class9": "噪声", "top_aspect": "民生基础", "top_community": "汕头路社区", "in_xw": true, "in_174": true, "n_民生基础": 2, "n_安全韧性": 0, "n_噪声": 2, "n_住宅": 0, "n_物业": 0, "n_停车": 0, "n_出行": 0, "n_管网安全": 0, "n_出行安全": 0, "n_消防安全": 0, "n_环境安全": 0, "n_其他": 0, "n_ev_投诉": 2, "n_ev_求助": 0, "n_ev_建议": 0, "n_ev_其他": 0, "n_in_xw": 2, "n_in_174": 2 }, "geometry": { "type": "Polygon", "coordinates": [ [ [ 111.325714714365276, 30.71299289503748 ], [ 111.325726839696202, 30.716600842030232 ], [ 111.32155091037427, 30.716611251941227 ], [ 111.321538940487656, 30.713003303463474 ], [ 111.325714714365276, 30.71299289503748 ] ] ] } },
{ "type": "Feature", "properties": { "name": "青岛路社区", "cell_id": "grid_400_8497_1327", "point_count": 1, "top_class9": "住宅", "top_aspect": "民生基础", "top_community": "青岛路社区", "in_xw": true, "in_174": true, "n_民生基础": 1, "n_安全韧性": 0, "n_噪声": 0, "n_住宅": 1, "n_物业": 0, "n_停车": 0, "n_出行": 0, "n_管网安全": 0, "n_出行安全": 0, "n_消防安全": 0, "n_环境安全": 0, "n_其他": 0, "n_ev_投诉": 1, "n_ev_求助": 0, "n_ev_建议": 0, "n_ev_其他": 0, "n_in_xw": 1, "n_in_174": 1 }, "geometry": { "type": "Polygon", "coordinates": [ [ [ 111.325702591222139, 30.709384946033364 ], [ 111.325714714365276, 30.71299289503748 ], [ 111.321538940487656, 30.713003303463474 ], [ 111.321526972760793, 30.709395352974482 ], [ 111.325702591222139, 30.709384946033364 ] ] ] } },
{ "type": "Feature", "properties": { "name": "石板社区", "cell_id": "grid_400_8502_1330", "point_count": 3, "top_class9": "住宅", "top_aspect": "民生基础", "top_community": "石板社区", "in_xw": true, "in_174": true, "n_民生基础": 3, "n_安全韧性": 0, "n_噪声": 0, "n_住宅": 1, "n_物业": 1, "n_停车": 0, "n_出行": 1, "n_管网安全": 0, "n_出行安全": 0, "n_消防安全": 0, "n_环境安全": 0, "n_其他": 0, "n_ev_投诉": 2, "n_ev_求助": 1, "n_ev_建议": 0, "n_ev_其他": 0, "n_in_xw": 3, "n_in_174": 3 }, "geometry": { "type": "Polygon", "coordinates": [ [ [ 111.338292403041493, 30.727392621605848 ], [ 111.338305003794432, 30.731000555980604 ], [ 111.334128459067315, 30.731011375006602 ], [ 111.334116013869874, 30.727403439088921 ], [ 111.338292403041493, 30.727392621605848 ] ] ] } },
{ "type": "Feature", "properties": { "name": "朝阳路社区", "cell_id": "grid_400_8500_1330", "point_count": 547, "top_class9": "噪声", "top_aspect": "民生基础", "top_community": "朝阳路社区", "in_xw": true, "in_174": true, "n_民生基础": 506, "n_安全韧性": 40, "n_噪声": 186, "n_住宅": 150, "n_物业": 80, "n_停车": 55, "n_出行": 35, "n_管网安全": 23, "n_出行安全": 7, "n_消防安全": 9, "n_环境安全": 1, "n_其他": 1, "n_ev_投诉": 501, "n_ev_求助": 34, "n_ev_建议": 12, "n_ev_其他": 0, "n_in_xw": 547, "n_in_174": 547 }, "geometry": { "type": "Polygon", "coordinates": [ [ [ 111.338267208355191, 30.720176746819778 ], [ 111.33827980456185, 30.723784685218856 ], [ 111.334103570917677, 30.723795501159138 ], [ 111.334091130210396, 30.720187561217372 ], [ 111.338267208355191, 30.720176746819778 ] ] ] } },
{ "type": "Feature", "properties": { "name": "石板社区", "cell_id": "grid_400_8504_1333", "point_count": 1, "top_class9": "出行安全", "top_aspect": "安全韧性", "top_community": "石板社区", "in_xw": true, "in_174": true, "n_民生基础": 0, "n_安全韧性": 1, "n_噪声": 0, "n_住宅": 0, "n_物业": 0, "n_停车": 0, "n_出行": 0, "n_管网安全": 0, "n_出行安全": 1, "n_消防安全": 0, "n_环境安全": 0, "n_其他": 0, "n_ev_投诉": 0, "n_ev_求助": 1, "n_ev_建议": 0, "n_ev_其他": 0, "n_in_xw": 1, "n_in_174": 1 }, "geometry": { "type": "Polygon", "coordinates": [ [ [ 111.350847693996755, 30.734575220177085 ], [ 111.350860766130211, 30.738183145782543 ], [ 111.3466839171152, 30.738194371181379 ], [ 111.346671000592337, 30.734586443975278 ], [ 111.350847693996755, 30.734575220177085 ] ] ] } },
{ "type": "Feature", "properties": { "name": "石板社区", "cell_id": "grid_400_8503_1333", "point_count": 1, "top_class9": "住宅", "top_aspect": "民生基础", "top_community": "石板社区", "in_xw": true, "in_174": true, "n_民生基础": 1, "n_安全韧性": 0, "n_噪声": 0, "n_住宅": 1, "n_物业": 0, "n_停车": 0, "n_出行": 0, "n_管网安全": 0, "n_出行安全": 0, "n_消防安全": 0, "n_环境安全": 0, "n_其他": 0, "n_ev_投诉": 1, "n_ev_求助": 0, "n_ev_建议": 0, "n_ev_其他": 0, "n_in_xw": 1, "n_in_174": 1 }, "geometry": { "type": "Polygon", "coordinates": [ [ [ 111.350834624221534, 30.73096729255877 ], [ 111.350847693996755, 30.734575220177085 ], [ 111.346671000592337, 30.734586443975278 ], [ 111.346658086399628, 30.73097851475643 ], [ 111.350834624221534, 30.73096729255877 ] ] ] } },
{ "type": "Feature", "properties": { "name": "石板社区", "cell_id": "grid_400_8501_1333", "point_count": 3, "top_class9": "管网安全", "top_aspect": "安全韧性", "top_community": "石板社区", "in_xw": true, "in_174": true, "n_民生基础": 0, "n_安全韧性": 3, "n_噪声": 0, "n_住宅": 0, "n_物业": 0, "n_停车": 0, "n_出行": 0, "n_管网安全": 2, "n_出行安全": 1, "n_消防安全": 0, "n_环境安全": 0, "n_其他": 0, "n_ev_投诉": 0, "n_ev_求助": 3, "n_ev_建议": 0, "n_ev_其他": 0, "n_in_xw": 3, "n_in_174": 3 }, "geometry": { "type": "Polygon", "coordinates": [ [ [ 111.350808491744345, 30.723751431284171 ], [ 111.350821556804192, 30.727359362927764 ], [ 111.346645174536718, 30.727370583525005 ], [ 111.346632265003237, 30.723762650281117 ], [ 111.350808491744345, 30.723751431284171 ] ] ] } },
{ "type": "Feature", "properties": { "name": "甲街社区", "cell_id": "grid_400_8501_1315", "point_count": 1, "top_class9": "物业", "top_aspect": "民生基础", "top_community": "甲街社区", "in_xw": true, "in_174": true, "n_民生基础": 1, "n_安全韧性": 0, "n_噪声": 0, "n_住宅": 0, "n_物业": 1, "n_停车": 0, "n_出行": 0, "n_管网安全": 0, "n_出行安全": 0, "n_消防安全": 0, "n_环境安全": 0, "n_其他": 0, "n_ev_投诉": 1, "n_ev_求助": 0, "n_ev_建议": 0, "n_ev_其他": 0, "n_in_xw": 1, "n_in_174": 1 }, "geometry": { "type": "Polygon", "coordinates": [ [ [ 111.275636076951244, 30.723932817173978 ], [ 111.275646342484606, 30.727540774690798 ], [ 111.271469922580877, 30.727549576570105 ], [ 111.271459812579721, 30.723941617797934 ], [ 111.275636076951244, 30.723932817173978 ] ] ] } },
{ "type": "Feature", "properties": { "name": "气象台社区", "cell_id": "grid_400_8495_1317", "point_count": 20, "top_class9": "管网安全", "top_aspect": "民生基础", "top_community": "气象台社区", "in_xw": true, "in_174": true, "n_民生基础": 13, "n_安全韧性": 7, "n_噪声": 4, "n_住宅": 2, "n_物业": 5, "n_停车": 1, "n_出行": 1, "n_管网安全": 6, "n_出行安全": 1, "n_消防安全": 0, "n_环境安全": 0, "n_其他": 0, "n_ev_投诉": 13, "n_ev_求助": 7, "n_ev_建议": 0, "n_ev_其他": 0, "n_in_xw": 20, "n_in_174": 20 }, "geometry": { "type": "Polygon", "coordinates": [ [ [ 111.283925180590089, 30.702267040945653 ], [ 111.283935745742298, 30.705875007956678 ], [ 111.279760262340332, 30.705884070825491 ], [ 111.279749852551461, 30.70227610252136 ], [ 111.283925180590089, 30.702267040945653 ] ] ] } },
{ "type": "Feature", "properties": { "name": "解放路社区", "cell_id": "grid_400_8494_1317", "point_count": 12, "top_class9": "噪声", "top_aspect": "民生基础", "top_community": "解放路社区", "in_xw": true, "in_174": true, "n_民生基础": 11, "n_安全韧性": 1, "n_噪声": 5, "n_住宅": 3, "n_物业": 1, "n_停车": 1, "n_出行": 1, "n_管网安全": 0, "n_出行安全": 1, "n_消防安全": 0, "n_环境安全": 0, "n_其他": 0, "n_ev_投诉": 6, "n_ev_求助": 6, "n_ev_建议": 0, "n_ev_其他": 0, "n_in_xw": 12, "n_in_174": 12 }, "geometry": { "type": "Polygon", "coordinates": [ [ [ 111.28391461734428, 30.698659071924716 ], [ 111.283925180590089, 30.702267040945653 ], [ 111.279749852551461, 30.70227610252136 ], [ 111.279739444640953, 30.69866813220742 ], [ 111.28391461734428, 30.698659071924716 ] ] ] } },
{ "type": "Feature", "properties": { "name": "常刘路社区", "cell_id": "grid_400_8499_1320", "point_count": 18, "top_class9": "噪声", "top_aspect": "民生基础", "top_community": "常刘路社区", "in_xw": true, "in_174": true, "n_民生基础": 15, "n_安全韧性": 3, "n_噪声": 7, "n_住宅": 0, "n_物业": 6, "n_停车": 2, "n_出行": 0, "n_管网安全": 0, "n_出行安全": 2, "n_消防安全": 1, "n_环境安全": 0, "n_其他": 0, "n_ev_投诉": 11, "n_ev_求助": 6, "n_ev_建议": 1, "n_ev_其他": 0, "n_in_xw": 18, "n_in_174": 18 }, "geometry": { "type": "Polygon", "coordinates": [ [ [ 111.296495290063262, 30.716670890780168 ], [ 111.296506329268865, 30.720278845754745 ], [ 111.292330229940987, 30.720288316805494 ], [ 111.292319346210007, 30.716680360479952 ], [ 111.296495290063262, 30.716670890780168 ] ] ] } },
{ "type": "Feature", "properties": { "name": "小林园社区", "cell_id": "grid_400_8493_1317", "point_count": 12, "top_class9": "出行", "top_aspect": "民生基础", "top_community": "小林园社区", "in_xw": true, "in_174": true, "n_民生基础": 12, "n_安全韧性": 0, "n_噪声": 3, "n_住宅": 3, "n_物业": 1, "n_停车": 1, "n_出行": 4, "n_管网安全": 0, "n_出行安全": 0, "n_消防安全": 0, "n_环境安全": 0, "n_其他": 0, "n_ev_投诉": 11, "n_ev_求助": 1, "n_ev_建议": 0, "n_ev_其他": 0, "n_in_xw": 12, "n_in_174": 12 }, "geometry": { "type": "Polygon", "coordinates": [ [ [ 111.283904056004616, 30.695051100893998 ], [ 111.28391461734428, 30.698659071924716 ], [ 111.279739444640953, 30.69866813220742 ], [ 111.279729038608565, 30.695060159883774 ], [ 111.283904056004616, 30.695051100893998 ] ] ] } },
{ "type": "Feature", "properties": { "name": "营盘路社区", "cell_id": "grid_400_8498_1320", "point_count": 7, "top_class9": "物业", "top_aspect": "民生基础", "top_community": "营盘路社区", "in_xw": true, "in_174": true, "n_民生基础": 7, "n_安全韧性": 0, "n_噪声": 2, "n_住宅": 0, "n_物业": 3, "n_停车": 2, "n_出行": 0, "n_管网安全": 0, "n_出行安全": 0, "n_消防安全": 0, "n_环境安全": 0, "n_其他": 0, "n_ev_投诉": 5, "n_ev_求助": 2, "n_ev_建议": 0, "n_ev_其他": 0, "n_in_xw": 7, "n_in_174": 7 }, "geometry": { "type": "Polygon", "coordinates": [ [ [ 111.29648425284941, 30.713062933794838 ], [ 111.296495290063262, 30.716670890780168 ], [ 111.292319346210007, 30.716680360479952 ], [ 111.292308464442712, 30.713072402143755 ], [ 111.29648425284941, 30.713062933794838 ] ] ] } },
{ "type": "Feature", "properties": { "name": "二马路社区", "cell_id": "grid_400_8492_1317", "point_count": 2, "top_class9": "出行安全", "top_aspect": "安全韧性", "top_community": "二马路社区", "in_xw": true, "in_174": true, "n_民生基础": 0, "n_安全韧性": 2, "n_噪声": 0, "n_住宅": 0, "n_物业": 0, "n_停车": 0, "n_出行": 0, "n_管网安全": 0, "n_出行安全": 2, "n_消防安全": 0, "n_环境安全": 0, "n_其他": 0, "n_ev_投诉": 0, "n_ev_求助": 2, "n_ev_建议": 0, "n_ev_其他": 0, "n_in_xw": 2, "n_in_174": 2 }, "geometry": { "type": "Polygon", "coordinates": [ [ [ 111.283893496570784, 30.691443127853628 ], [ 111.283904056004616, 30.695051100893998 ], [ 111.279729038608565, 30.695060159883774 ], [ 111.279718634453971, 30.691452185550592 ], [ 111.283893496570784, 30.691443127853628 ] ] ] } },
{ "type": "Feature", "properties": { "name": "绿萝路社区", "cell_id": "grid_400_8497_1320", "point_count": 54, "top_class9": "出行", "top_aspect": "民生基础", "top_community": "绿萝路社区", "in_xw": true, "in_174": true, "n_民生基础": 36, "n_安全韧性": 18, "n_噪声": 7, "n_住宅": 4, "n_物业": 7, "n_停车": 3, "n_出行": 15, "n_管网安全": 9, "n_出行安全": 8, "n_消防安全": 1, "n_环境安全": 0, "n_其他": 0, "n_ev_投诉": 39, "n_ev_求助": 8, "n_ev_建议": 7, "n_ev_其他": 0, "n_in_xw": 54, "n_in_174": 54 }, "geometry": { "type": "Polygon", "coordinates": [ [ [ 111.296473217627025, 30.709454974798895 ], [ 111.29648425284941, 30.713062933794838 ], [ 111.292308464442712, 30.713072402143755 ], [ 111.292297584638831, 30.709464441797046 ], [ 111.296473217627025, 30.709454974798895 ] ] ] } },
{ "type": "Feature", "properties": { "name": "香锦社区", "cell_id": "grid_400_8496_1320", "point_count": 5, "top_class9": "出行", "top_aspect": "民生基础", "top_community": "香锦社区", "in_xw": true, "in_174": true, "n_民生基础": 3, "n_安全韧性": 2, "n_噪声": 0, "n_住宅": 0, "n_物业": 0, "n_停车": 1, "n_出行": 2, "n_管网安全": 0, "n_出行安全": 2, "n_消防安全": 0, "n_环境安全": 0, "n_其他": 0, "n_ev_投诉": 3, "n_ev_求助": 1, "n_ev_建议": 1, "n_ev_其他": 0, "n_in_xw": 5, "n_in_174": 5 }, "geometry": { "type": "Polygon", "coordinates": [ [ [ 111.29646218439575, 30.705847013792457 ], [ 111.296473217627025, 30.709454974798895 ], [ 111.292297584638831, 30.709464441797046 ], [ 111.292286706798038, 30.705856479439934 ], [ 111.29646218439575, 30.705847013792457 ] ] ] } },
{ "type": "Feature", "properties": { "name": "苏家榜社区", "cell_id": "grid_400_8490_1325", "point_count": 8, "top_class9": "噪声", "top_aspect": "民生基础", "top_community": "苏家榜社区", "in_xw": true, "in_174": true, "n_民生基础": 6, "n_安全韧性": 2, "n_噪声": 3, "n_住宅": 0, "n_物业": 1, "n_停车": 1, "n_出行": 1, "n_管网安全": 0, "n_出行安全": 0, "n_消防安全": 2, "n_环境安全": 0, "n_其他": 0, "n_ev_投诉": 8, "n_ev_求助": 0, "n_ev_建议": 0, "n_ev_其他": 0, "n_in_xw": 8, "n_in_174": 8 }, "geometry": { "type": "Polygon", "coordinates": [ [ [ 111.317268725627343, 30.684149905655573 ], [ 111.317280523025119, 30.687757871684365 ], [ 111.313105832185911, 30.687768001394371 ], [ 111.313094190008854, 30.684160033919756 ], [ 111.317268725627343, 30.684149905655573 ] ] ] } },
{ "type": "Feature", "properties": { "name": "山庄路社区", "cell_id": "grid_400_8495_1320", "point_count": 41, "top_class9": "停车", "top_aspect": "民生基础", "top_community": "山庄路社区", "in_xw": true, "in_174": true, "n_民生基础": 31, "n_安全韧性": 10, "n_噪声": 5, "n_住宅": 2, "n_物业": 4, "n_停车": 14, "n_出行": 6, "n_管网安全": 2, "n_出行安全": 7, "n_消防安全": 1, "n_环境安全": 0, "n_其他": 0, "n_ev_投诉": 31, "n_ev_求助": 6, "n_ev_建议": 4, "n_ev_其他": 0, "n_in_xw": 41, "n_in_174": 41 }, "geometry": { "type": "Polygon", "coordinates": [ [ [ 111.296451153155317, 30.702239050775688 ], [ 111.29646218439575, 30.705847013792457 ], [ 111.292286706798038, 30.705856479439934 ], [ 111.292275830920047, 30.702248515072601 ], [ 111.296451153155317, 30.702239050775688 ] ] ] } },
{ "type": "Feature", "properties": { "name": "山河园路社区", "cell_id": "grid_400_8489_1325", "point_count": 16, "top_class9": "住宅", "top_aspect": "民生基础", "top_community": "山河园路社区", "in_xw": true, "in_174": true, "n_民生基础": 15, "n_安全韧性": 1, "n_噪声": 4, "n_住宅": 6, "n_物业": 3, "n_停车": 1, "n_出行": 1, "n_管网安全": 1, "n_出行安全": 0, "n_消防安全": 0, "n_环境安全": 0, "n_其他": 0, "n_ev_投诉": 15, "n_ev_求助": 1, "n_ev_建议": 0, "n_ev_其他": 0, "n_in_xw": 16, "n_in_174": 9 }, "geometry": { "type": "Polygon", "coordinates": [ [ [ 111.317256930358596, 30.680541937616752 ], [ 111.317268725627343, 30.684149905655573 ], [ 111.313094190008854, 30.684160033919756 ], [ 111.31308254993283, 30.680552064435215 ], [ 111.317256930358596, 30.680541937616752 ] ] ] } },
{ "type": "Feature", "properties": { "name": "", "cell_id": "grid_400_8506_1321", "point_count": 3, "top_class9": "物业", "top_aspect": "民生基础", "top_community": null, "in_xw": true, "in_174": false, "n_民生基础": 2, "n_安全韧性": 1, "n_噪声": 0, "n_住宅": 0, "n_物业": 1, "n_停车": 0, "n_出行": 1, "n_管网安全": 1, "n_出行安全": 0, "n_消防安全": 0, "n_环境安全": 0, "n_其他": 0, "n_ev_投诉": 2, "n_ev_求助": 1, "n_ev_建议": 0, "n_ev_其他": 0, "n_in_xw": 3, "n_in_174": 0 }, "geometry": { "type": "Polygon", "coordinates": [ [ [ 111.300749637117562, 30.741916919759305 ], [ 111.300760845944879, 30.745524859283933 ], [ 111.296583659503113, 30.745534474264133 ], [ 111.296572606346587, 30.741926533368673 ], [ 111.300749637117562, 30.741916919759305 ] ] ] } },
{ "type": "Feature", "properties": { "name": "石子岭社区", "cell_id": "grid_400_8501_1318", "point_count": 1, "top_class9": "管网安全", "top_aspect": "安全韧性", "top_community": "石子岭社区", "in_xw": true, "in_174": true, "n_民生基础": 0, "n_安全韧性": 1, "n_噪声": 0, "n_住宅": 0, "n_物业": 0, "n_停车": 0, "n_出行": 0, "n_管网安全": 1, "n_出行安全": 0, "n_消防安全": 0, "n_环境安全": 0, "n_其他": 0, "n_ev_投诉": 0, "n_ev_求助": 1, "n_ev_建议": 0, "n_ev_其他": 0, "n_in_xw": 1, "n_in_174": 1 }, "geometry": { "type": "Polygon", "coordinates": [ [ [ 111.2881648588411, 30.72390560916693 ], [ 111.288175590969374, 30.727513562802741 ], [ 111.283999176706928, 30.727522767806899 ], [ 111.283988600109993, 30.723914812858261 ], [ 111.2881648588411, 30.72390560916693 ] ] ] } },
{ "type": "Feature", "properties": { "name": "山庄路社区", "cell_id": "grid_400_8494_1320", "point_count": 23, "top_class9": "住宅", "top_aspect": "民生基础", "top_community": "山庄路社区", "in_xw": true, "in_174": true, "n_民生基础": 15, "n_安全韧性": 8, "n_噪声": 3, "n_住宅": 9, "n_物业": 1, "n_停车": 1, "n_出行": 1, "n_管网安全": 6, "n_出行安全": 2, "n_消防安全": 0, "n_环境安全": 0, "n_其他": 0, "n_ev_投诉": 14, "n_ev_求助": 9, "n_ev_建议": 0, "n_ev_其他": 0, "n_in_xw": 23, "n_in_174": 23 }, "geometry": { "type": "Polygon", "coordinates": [ [ [ 111.296440123905413, 30.698631085748708 ], [ 111.296451153155317, 30.702239050775688 ], [ 111.292275830920047, 30.702248515072601 ], [ 111.292264957004534, 30.698640548695138 ], [ 111.296440123905413, 30.698631085748708 ] ] ] } },
{ "type": "Feature", "properties": { "name": "长樵溪社区", "cell_id": "grid_400_8500_1318", "point_count": 1, "top_class9": "出行安全", "top_aspect": "安全韧性", "top_community": "长樵溪社区", "in_xw": true, "in_174": true, "n_民生基础": 0, "n_安全韧性": 1, "n_噪声": 0, "n_住宅": 0, "n_物业": 0, "n_停车": 0, "n_出行": 0, "n_管网安全": 0, "n_出行安全": 1, "n_消防安全": 0, "n_环境安全": 0, "n_其他": 0, "n_ev_投诉": 1, "n_ev_求助": 0, "n_ev_建议": 0, "n_ev_其他": 0, "n_in_xw": 1, "n_in_174": 1 }, "geometry": { "type": "Polygon", "coordinates": [ [ [ 111.288154128649083, 30.720297653520284 ], [ 111.2881648588411, 30.72390560916693 ], [ 111.283988600109993, 30.723914812858261 ], [ 111.283978025421249, 30.720306855898865 ], [ 111.288154128649083, 30.720297653520284 ] ] ] } },
{ "type": "Feature", "properties": { "name": "赵家湾社区", "cell_id": "grid_400_8493_1320", "point_count": 10, "top_class9": "管网安全", "top_aspect": "民生基础", "top_community": "赵家湾社区", "in_xw": true, "in_174": true, "n_民生基础": 5, "n_安全韧性": 5, "n_噪声": 2, "n_住宅": 0, "n_物业": 2, "n_停车": 0, "n_出行": 1, "n_管网安全": 4, "n_出行安全": 0, "n_消防安全": 1, "n_环境安全": 0, "n_其他": 0, "n_ev_投诉": 6, "n_ev_求助": 4, "n_ev_建议": 0, "n_ev_其他": 0, "n_in_xw": 10, "n_in_174": 10 }, "geometry": { "type": "Polygon", "coordinates": [ [ [ 111.296429096645696, 30.69502311871166 ], [ 111.296440123905413, 30.698631085748708 ], [ 111.292264957004534, 30.698640548695138 ], [ 111.292254085051212, 30.695032580307714 ], [ 111.296429096645696, 30.69502311871166 ] ] ] } },
{ "type": "Feature", "properties": { "name": "西峡社区", "cell_id": "grid_400_8499_1318", "point_count": 20, "top_class9": "噪声", "top_aspect": "民生基础", "top_community": "西峡社区", "in_xw": true, "in_174": true, "n_民生基础": 18, "n_安全韧性": 2, "n_噪声": 6, "n_住宅": 5, "n_物业": 5, "n_停车": 1, "n_出行": 1, "n_管网安全": 1, "n_出行安全": 1, "n_消防安全": 0, "n_环境安全": 0, "n_其他": 0, "n_ev_投诉": 19, "n_ev_求助": 1, "n_ev_建议": 0, "n_ev_其他": 0, "n_in_xw": 20, "n_in_174": 20 }, "geometry": { "type": "Polygon", "coordinates": [ [ [ 111.288143400393025, 30.716689695862925 ], [ 111.288154128649083, 30.720297653520284 ], [ 111.283978025421249, 30.720306855898865 ], [ 111.283967452640411, 30.716698896928889 ], [ 111.288143400393025, 30.716689695862925 ] ] ] } },
{ "type": "Feature", "properties": { "name": "城东社区", "cell_id": "grid_400_8497_1323", "point_count": 3, "top_class9": "住宅", "top_aspect": "民生基础", "top_community": "城东社区", "in_xw": true, "in_174": true, "n_民生基础": 3, "n_安全韧性": 0, "n_噪声": 0, "n_住宅": 1, "n_物业": 1, "n_停车": 0, "n_出行": 1, "n_管网安全": 0, "n_出行安全": 0, "n_消防安全": 0, "n_环境安全": 0, "n_其他": 0, "n_ev_投诉": 2, "n_ev_求助": 1, "n_ev_建议": 0, "n_ev_其他": 0, "n_in_xw": 3, "n_in_174": 3 }, "geometry": { "type": "Polygon", "coordinates": [ [ [ 111.309000104532586, 30.709425768135755 ], [ 111.309011606008667, 30.713033722964443 ], [ 111.30483582366044, 30.713043594204947 ], [ 111.30482447760194, 30.709435637968021 ], [ 111.309000104532586, 30.709425768135755 ] ] ] } },
{ "type": "Feature", "properties": { "name": "沙河社区", "cell_id": "grid_400_8508_1324", "point_count": 1, "top_class9": "出行", "top_aspect": "民生基础", "top_community": "沙河社区", "in_xw": true, "in_174": true, "n_民生基础": 1, "n_安全韧性": 0, "n_噪声": 0, "n_住宅": 0, "n_物业": 0, "n_停车": 0, "n_出行": 1, "n_管网安全": 0, "n_出行安全": 0, "n_消防安全": 0, "n_环境安全": 0, "n_其他": 0, "n_ev_投诉": 1, "n_ev_求助": 0, "n_ev_建议": 0, "n_ev_其他": 0, "n_in_xw": 1, "n_in_174": 1 }, "geometry": { "type": "Polygon", "coordinates": [ [ [ 111.313304070968286, 30.749103140811016 ], [ 111.313315751019516, 30.752711072083482 ], [ 111.30913825930503, 30.752721093329036 ], [ 111.309126734979799, 30.749113160628024 ], [ 111.313304070968286, 30.749103140811016 ] ] ] } },
{ "type": "Feature", "properties": { "name": "深圳路社区", "cell_id": "grid_400_8496_1323", "point_count": 2, "top_class9": "住宅", "top_aspect": "民生基础", "top_community": "深圳路社区", "in_xw": true, "in_174": true, "n_民生基础": 2, "n_安全韧性": 0, "n_噪声": 0, "n_住宅": 1, "n_物业": 0, "n_停车": 0, "n_出行": 1, "n_管网安全": 0, "n_出行安全": 0, "n_消防安全": 0, "n_环境安全": 0, "n_其他": 0, "n_ev_投诉": 1, "n_ev_求助": 1, "n_ev_建议": 0, "n_ev_其他": 0, "n_in_xw": 2, "n_in_174": 2 }, "geometry": { "type": "Polygon", "coordinates": [ [ [ 111.308988605131759, 30.705817811296274 ], [ 111.309000104532586, 30.709425768135755 ], [ 111.30482447760194, 30.709435637968021 ], [ 111.304813133590642, 30.705827679720397 ], [ 111.308988605131759, 30.705817811296274 ] ] ] } },
{ "type": "Feature", "properties": { "name": "沙河社区", "cell_id": "grid_400_8507_1324", "point_count": 10, "top_class9": "住宅", "top_aspect": "民生基础", "top_community": "沙河社区", "in_xw": true, "in_174": true, "n_民生基础": 9, "n_安全韧性": 1, "n_噪声": 2, "n_住宅": 4, "n_物业": 0, "n_停车": 2, "n_出行": 1, "n_管网安全": 1, "n_出行安全": 0, "n_消防安全": 0, "n_环境安全": 0, "n_其他": 0, "n_ev_投诉": 7, "n_ev_求助": 3, "n_ev_建议": 0, "n_ev_其他": 0, "n_in_xw": 10, "n_in_174": 10 }, "geometry": { "type": "Polygon", "coordinates": [ [ [ 111.313292393023957, 30.745495207526147 ], [ 111.313304070968286, 30.749103140811016 ], [ 111.309126734979799, 30.749113160628024 ], [ 111.309115212733374, 30.745505225914712 ], [ 111.313292393023957, 30.745495207526147 ] ] ] } },
{ "type": "Feature", "properties": { "name": "东山社区", "cell_id": "grid_400_8495_1323", "point_count": 1, "top_class9": "管网安全", "top_aspect": "安全韧性", "top_community": "东山社区", "in_xw": true, "in_174": true, "n_民生基础": 0, "n_安全韧性": 1, "n_噪声": 0, "n_住宅": 0, "n_物业": 0, "n_停车": 0, "n_出行": 0, "n_管网安全": 1, "n_出行安全": 0, "n_消防安全": 0, "n_环境安全": 0, "n_其他": 0, "n_ev_投诉": 0, "n_ev_求助": 1, "n_ev_建议": 0, "n_ev_其他": 0, "n_in_xw": 1, "n_in_174": 1 }, "geometry": { "type": "Polygon", "coordinates": [ [ [ 111.308977107805873, 30.702209852446163 ], [ 111.308988605131759, 30.705817811296274 ], [ 111.304813133590642, 30.705827679720397 ], [ 111.304801791626275, 30.702219719462239 ], [ 111.308977107805873, 30.702209852446163 ] ] ] } },
{ "type": "Feature", "properties": { "name": "沙河社区", "cell_id": "grid_400_8506_1324", "point_count": 6, "top_class9": "噪声", "top_aspect": "民生基础", "top_community": "沙河社区", "in_xw": true, "in_174": true, "n_民生基础": 5, "n_安全韧性": 1, "n_噪声": 4, "n_住宅": 0, "n_物业": 0, "n_停车": 0, "n_出行": 1, "n_管网安全": 1, "n_出行安全": 0, "n_消防安全": 0, "n_环境安全": 0, "n_其他": 0, "n_ev_投诉": 6, "n_ev_求助": 0, "n_ev_建议": 0, "n_ev_其他": 0, "n_in_xw": 6, "n_in_174": 6 }, "geometry": { "type": "Polygon", "coordinates": [ [ [ 111.313280717186174, 30.741887272229015 ], [ 111.313292393023957, 30.745495207526147 ], [ 111.309115212733374, 30.745505225914712 ], [ 111.309103692565444, 30.741897289189239 ], [ 111.313280717186174, 30.741887272229015 ] ] ] } },
{ "type": "Feature", "properties": { "name": "东山社区", "cell_id": "grid_400_8494_1323", "point_count": 6, "top_class9": "出行", "top_aspect": "民生基础", "top_community": "东山社区", "in_xw": true, "in_174": true, "n_民生基础": 5, "n_安全韧性": 1, "n_噪声": 0, "n_住宅": 0, "n_物业": 0, "n_停车": 1, "n_出行": 4, "n_管网安全": 1, "n_出行安全": 0, "n_消防安全": 0, "n_环境安全": 0, "n_其他": 0, "n_ev_投诉": 4, "n_ev_求助": 2, "n_ev_建议": 0, "n_ev_其他": 0, "n_in_xw": 6, "n_in_174": 6 }, "geometry": { "type": "Polygon", "coordinates": [ [ [ 111.308965612554616, 30.698601891585543 ], [ 111.308977107805873, 30.702209852446163 ], [ 111.304801791626275, 30.702219719462239 ], [ 111.30479045170847, 30.698611757193675 ], [ 111.308965612554616, 30.698601891585543 ] ] ] } },
{ "type": "Feature", "properties": { "name": "沙河社区", "cell_id": "grid_400_8505_1324", "point_count": 1, "top_class9": "出行安全", "top_aspect": "安全韧性", "top_community": "沙河社区", "in_xw": true, "in_174": true, "n_民生基础": 0, "n_安全韧性": 1, "n_噪声": 0, "n_住宅": 0, "n_物业": 0, "n_停车": 0, "n_出行": 0, "n_管网安全": 0, "n_出行安全": 1, "n_消防安全": 0, "n_环境安全": 0, "n_其他": 0, "n_ev_投诉": 0, "n_ev_求助": 1, "n_ev_建议": 0, "n_ev_其他": 0, "n_in_xw": 1, "n_in_174": 1 }, "geometry": { "type": "Polygon", "coordinates": [ [ [ 111.313269043454653, 30.738279334919778 ], [ 111.313280717186174, 30.741887272229015 ], [ 111.309103692565444, 30.741897289189239 ], [ 111.309092174475666, 30.738289350451769 ], [ 111.313269043454653, 30.738279334919778 ] ] ] } },
{ "type": "Feature", "properties": { "name": "朝阳路社区", "cell_id": "grid_400_8504_1329", "point_count": 30, "top_class9": "出行安全", "top_aspect": "民生基础", "top_community": "朝阳路社区", "in_xw": true, "in_174": true, "n_民生基础": 20, "n_安全韧性": 10, "n_噪声": 3, "n_住宅": 4, "n_物业": 3, "n_停车": 5, "n_出行": 5, "n_管网安全": 1, "n_出行安全": 9, "n_消防安全": 0, "n_环境安全": 0, "n_其他": 0, "n_ev_投诉": 19, "n_ev_求助": 4, "n_ev_建议": 7, "n_ev_其他": 0, "n_in_xw": 30, "n_in_174": 30 }, "geometry": { "type": "Polygon", "coordinates": [ [ [ 111.334140906510356, 30.734619308912038 ], [ 111.334153356199337, 30.738227240805063 ], [ 111.329976498030689, 30.73823792848783 ], [ 111.329964203953708, 30.734629995070822 ], [ 111.334140906510356, 30.734619308912038 ] ] ] } },
{ "type": "Feature", "properties": { "name": "青岛路社区", "cell_id": "grid_400_8498_1326", "point_count": 16, "top_class9": "噪声", "top_aspect": "民生基础", "top_community": "青岛路社区", "in_xw": true, "in_174": true, "n_民生基础": 16, "n_安全韧性": 0, "n_噪声": 12, "n_住宅": 1, "n_物业": 0, "n_停车": 1, "n_出行": 2, "n_管网安全": 0, "n_出行安全": 0, "n_消防安全": 0, "n_环境安全": 0, "n_其他": 0, "n_ev_投诉": 12, "n_ev_求助": 3, "n_ev_建议": 1, "n_ev_其他": 0, "n_in_xw": 16, "n_in_174": 16 }, "geometry": { "type": "Polygon", "coordinates": [ [ [ 111.321538940487656, 30.713003303463474 ], [ 111.32155091037427, 30.716611251941227 ], [ 111.317374978892289, 30.716621527537036 ], [ 111.317363164450327, 30.713013577593461 ], [ 111.321538940487656, 30.713003303463474 ] ] ] } },
{ "type": "Feature", "properties": { "name": "沙河社区", "cell_id": "grid_400_8509_1327", "point_count": 11, "top_class9": "出行", "top_aspect": "民生基础", "top_community": "沙河社区", "in_xw": true, "in_174": true, "n_民生基础": 9, "n_安全韧性": 2, "n_噪声": 2, "n_住宅": 0, "n_物业": 0, "n_停车": 0, "n_出行": 7, "n_管网安全": 0, "n_出行安全": 1, "n_消防安全": 1, "n_环境安全": 0, "n_其他": 0, "n_ev_投诉": 11, "n_ev_求助": 0, "n_ev_建议": 0, "n_ev_其他": 0, "n_in_xw": 11, "n_in_174": 11 }, "geometry": { "type": "Polygon", "coordinates": [ [ [ 111.325848213407284, 30.752680201303797 ], [ 111.325860362826063, 30.756288126162719 ], [ 111.321682721764418, 30.756298552415728 ], [ 111.321670728098738, 30.752690626070613 ], [ 111.325848213407284, 30.752680201303797 ] ] ] } },
{ "type": "Feature", "properties": { "name": "青岛路社区", "cell_id": "grid_400_8497_1326", "point_count": 5, "top_class9": "噪声", "top_aspect": "民生基础", "top_community": "青岛路社区", "in_xw": true, "in_174": true, "n_民生基础": 5, "n_安全韧性": 0, "n_噪声": 2, "n_住宅": 1, "n_物业": 1, "n_停车": 1, "n_出行": 0, "n_管网安全": 0, "n_出行安全": 0, "n_消防安全": 0, "n_环境安全": 0, "n_其他": 0, "n_ev_投诉": 4, "n_ev_求助": 1, "n_ev_建议": 0, "n_ev_其他": 0, "n_in_xw": 5, "n_in_174": 5 }, "geometry": { "type": "Polygon", "coordinates": [ [ [ 111.321526972760793, 30.709395352974482 ], [ 111.321538940487656, 30.713003303463474 ], [ 111.317363164450327, 30.713013577593461 ], [ 111.317351352140051, 30.709405625638748 ], [ 111.321526972760793, 30.709395352974482 ] ] ] } },
{ "type": "Feature", "properties": { "name": "珠海路社区", "cell_id": "grid_400_8496_1326", "point_count": 8, "top_class9": "噪声", "top_aspect": "民生基础", "top_community": "珠海路社区", "in_xw": true, "in_174": true, "n_民生基础": 7, "n_安全韧性": 1, "n_噪声": 7, "n_住宅": 0, "n_物业": 0, "n_停车": 0, "n_出行": 0, "n_管网安全": 0, "n_出行安全": 1, "n_消防安全": 0, "n_环境安全": 0, "n_其他": 0, "n_ev_投诉": 7, "n_ev_求助": 0, "n_ev_建议": 1, "n_ev_其他": 0, "n_in_xw": 8, "n_in_174": 8 }, "geometry": { "type": "Polygon", "coordinates": [ [ [ 111.321515007193298, 30.705787400474371 ], [ 111.321526972760793, 30.709395352974482 ], [ 111.317351352140051, 30.709405625638748 ], [ 111.317339541961118, 30.705797671673025 ], [ 111.321515007193298, 30.705787400474371 ] ] ] } },
{ "type": "Feature", "properties": { "name": "金斗山社区", "cell_id": "grid_400_8507_1327", "point_count": 1, "top_class9": "物业", "top_aspect": "民生基础", "top_community": "金斗山社区", "in_xw": true, "in_174": true, "n_民生基础": 1, "n_安全韧性": 0, "n_噪声": 0, "n_住宅": 0, "n_物业": 1, "n_停车": 0, "n_出行": 0, "n_管网安全": 0, "n_出行安全": 0, "n_消防安全": 0, "n_环境安全": 0, "n_其他": 0, "n_ev_投诉": 1, "n_ev_求助": 0, "n_ev_建议": 0, "n_ev_其他": 0, "n_in_xw": 1, "n_in_174": 1 }, "geometry": { "type": "Polygon", "coordinates": [ [ [ 111.325823921143908, 30.745464345547514 ], [ 111.325836066180017, 30.749072274432013 ], [ 111.321658736596476, 30.749082697712762 ], [ 111.321646747257304, 30.745474767342309 ], [ 111.325823921143908, 30.745464345547514 ] ] ] } },
{ "type": "Feature", "properties": { "name": "学堂湾社区", "cell_id": "grid_400_8495_1326", "point_count": 5, "top_class9": "噪声", "top_aspect": "民生基础", "top_community": "学堂湾社区", "in_xw": true, "in_174": true, "n_民生基础": 5, "n_安全韧性": 0, "n_噪声": 3, "n_住宅": 0, "n_物业": 0, "n_停车": 2, "n_出行": 0, "n_管网安全": 0, "n_出行安全": 0, "n_消防安全": 0, "n_环境安全": 0, "n_其他": 0, "n_ev_投诉": 5, "n_ev_求助": 0, "n_ev_建议": 0, "n_ev_其他": 0, "n_in_xw": 5, "n_in_174": 5 }, "geometry": { "type": "Polygon", "coordinates": [ [ [ 111.321503043784858, 30.702179445963328 ], [ 111.321515007193298, 30.705787400474371 ], [ 111.317339541961118, 30.705797671673025 ], [ 111.317327733913203, 30.702189715696459 ], [ 111.321503043784858, 30.702179445963328 ] ] ] } },
{ "type": "Feature", "properties": { "name": "汕头路社区", "cell_id": "grid_400_8500_1329", "point_count": 2, "top_class9": "物业", "top_aspect": "民生基础", "top_community": "汕头路社区", "in_xw": true, "in_174": true, "n_民生基础": 2, "n_安全韧性": 0, "n_噪声": 0, "n_住宅": 0, "n_物业": 1, "n_停车": 1, "n_出行": 0, "n_管网安全": 0, "n_出行安全": 0, "n_消防安全": 0, "n_环境安全": 0, "n_其他": 0, "n_ev_投诉": 1, "n_ev_求助": 1, "n_ev_建议": 0, "n_ev_其他": 0, "n_in_xw": 2, "n_in_174": 2 }, "geometry": { "type": "Polygon", "coordinates": [ [ [ 111.334091130210396, 30.720187561217372 ], [ 111.334103570917677, 30.723795501159138 ], [ 111.329927335028614, 30.723806182746667 ], [ 111.329915049821068, 30.720198241281366 ], [ 111.334091130210396, 30.720187561217372 ] ] ] } },
{ "type": "Feature", "properties": { "name": "金斗山社区", "cell_id": "grid_400_8506_1327", "point_count": 1, "top_class9": "出行", "top_aspect": "民生基础", "top_community": "金斗山社区", "in_xw": true, "in_174": true, "n_民生基础": 1, "n_安全韧性": 0, "n_噪声": 0, "n_住宅": 0, "n_物业": 0, "n_停车": 0, "n_出行": 1, "n_管网安全": 0, "n_出行安全": 0, "n_消防安全": 0, "n_环境安全": 0, "n_其他": 0, "n_ev_投诉": 1, "n_ev_求助": 0, "n_ev_建议": 0, "n_ev_其他": 0, "n_in_xw": 1, "n_in_174": 1 }, "geometry": { "type": "Polygon", "coordinates": [ [ [ 111.325811778298629, 30.741856414650442 ], [ 111.325823921143908, 30.745464345547514 ], [ 111.321646747257304, 30.745474767342309 ], [ 111.321634760080855, 30.741866834959374 ], [ 111.325811778298629, 30.741856414650442 ] ] ] } },
{ "type": "Feature", "properties": { "name": "黑虎山社区", "cell_id": "grid_400_8494_1334", "point_count": 1, "top_class9": "停车", "top_aspect": "民生基础", "top_community": "黑虎山社区", "in_xw": true, "in_174": true, "n_民生基础": 1, "n_安全韧性": 0, "n_噪声": 0, "n_住宅": 0, "n_物业": 0, "n_停车": 1, "n_出行": 0, "n_管网安全": 0, "n_出行安全": 0, "n_消防安全": 0, "n_环境安全": 0, "n_其他": 0, "n_ev_投诉": 1, "n_ev_求助": 0, "n_ev_建议": 0, "n_ev_其他": 0, "n_in_xw": 1, "n_in_174": 1 }, "geometry": { "type": "Polygon", "coordinates": [ [ [ 111.354892238792175, 30.698484511422848 ], [ 111.354905442689414, 30.702092455531961 ], [ 111.350730150872437, 30.702103799166309 ], [ 111.350717102304898, 30.698495853438558 ], [ 111.354892238792175, 30.698484511422848 ] ] ] } },
{ "type": "Feature", "properties": { "name": "学堂湾社区", "cell_id": "grid_400_8494_1326", "point_count": 33, "top_class9": "噪声", "top_aspect": "民生基础", "top_community": "学堂湾社区", "in_xw": true, "in_174": true, "n_民生基础": 24, "n_安全韧性": 9, "n_噪声": 9, "n_住宅": 2, "n_物业": 4, "n_停车": 3, "n_出行": 6, "n_管网安全": 3, "n_出行安全": 6, "n_消防安全": 0, "n_环境安全": 0, "n_其他": 0, "n_ev_投诉": 26, "n_ev_求助": 3, "n_ev_建议": 4, "n_ev_其他": 0, "n_in_xw": 33, "n_in_174": 33 }, "geometry": { "type": "Polygon", "coordinates": [ [ [ 111.321491082535147, 30.698571489441434 ], [ 111.321503043784858, 30.702179445963328 ], [ 111.317327733913203, 30.702189715696459 ], [ 111.317315927995978, 30.698581757709178 ], [ 111.321491082535147, 30.698571489441434 ] ] ] } },
{ "type": "Feature", "properties": { "name": "金斗山社区", "cell_id": "grid_400_8505_1327", "point_count": 5, "top_class9": "噪声", "top_aspect": "民生基础", "top_community": "金斗山社区", "in_xw": true, "in_174": true, "n_民生基础": 3, "n_安全韧性": 2, "n_噪声": 2, "n_住宅": 0, "n_物业": 1, "n_停车": 0, "n_出行": 0, "n_管网安全": 2, "n_出行安全": 0, "n_消防安全": 0, "n_环境安全": 0, "n_其他": 0, "n_ev_投诉": 3, "n_ev_求助": 2, "n_ev_建议": 0, "n_ev_其他": 0, "n_in_xw": 5, "n_in_174": 5 }, "geometry": { "type": "Polygon", "coordinates": [ [ [ 111.325799637643826, 30.738248481740925 ], [ 111.325811778298629, 30.741856414650442 ], [ 111.321634760080855, 30.741866834959374 ], [ 111.321622775066814, 30.738258900564119 ], [ 111.325799637643826, 30.738248481740925 ] ] ] } }
]
}
