{"type": "FeatureCollection", "features": [{"type": "Feature", "properties": {"指标": "存在结构安全隐患的住宅数量（栋）", "中类": "住房", "board": "安全韧性底线", "来源": "2026补充", "原图层": "存在结构安全隐患的住宅", "社区": "虎牙社区"}, "geometry": {"type": "Point", "coordinates": [111.40195341800006, 30.567952931000036]}}, {"type": "Feature", "properties": {"指标": "存在结构安全隐患的住宅数量（栋）", "中类": "住房", "board": "安全韧性底线", "来源": "2026补充", "原图层": "存在结构安全隐患的住宅", "社区": "云池社区"}, "geometry": {"type": "Point", "coordinates": [111.45602803700007, 30.488309169000047]}}, {"type": "Feature", "properties": {"指标": "存在结构安全隐患的住宅数量（栋）", "中类": "住房", "board": "安全韧性底线", "来源": "2026补充", "原图层": "存在结构安全隐患的住宅", "社区": "丁家坝社区"}, "geometry": {"type": "Point", "coordinates": [111.30679358500004, 30.78023588800005]}}, {"type": "Feature", "properties": {"指标": "存在结构安全隐患的住宅数量（栋）", "中类": "住房", "board": "安全韧性底线", "来源": "2026补充", "原图层": "存在结构安全隐患的住宅", "社区": "双桥社区"}, "geometry": {"type": "Point", "coordinates": [111.42112553800007, 30.53452759100003]}}, {"type": "Feature", "properties": {"指标": "存在结构安全隐患的住宅数量（栋）", "中类": "住房", "board": "安全韧性底线", "来源": "2026补充", "原图层": "存在结构安全隐患的住宅", "社区": "古老背社区"}, "geometry": {"type": "Point", "coordinates": [111.41308014000003, 30.53359157500006]}}, {"type": "Feature", "properties": {"指标": "存在结构安全隐患的住宅数量（栋）", "中类": "住房", "board": "安全韧性底线", "来源": "2026补充", "原图层": "存在结构安全隐患的住宅", "社区": "虎牙社区"}, "geometry": {"type": "Point", "coordinates": [111.41204309700004, 30.566837409000073]}}, {"type": "Feature", "properties": {"指标": "存在结构安全隐患的住宅数量（栋）", "中类": "住房", "board": "安全韧性底线", "来源": "2026补充", "原图层": "存在结构安全隐患的住宅", "社区": "黄龙寺社区"}, "geometry": {"type": "Point", "coordinates": [111.47576434300004, 30.54677249300005]}}, {"type": "Feature", "properties": {"指标": "存在结构安全隐患的住宅数量（栋）", "中类": "住房", "board": "安全韧性底线", "来源": "2026补充", "原图层": "存在结构安全隐患的住宅", "社区": "云池社区"}, "geometry": {"type": "Point", "coordinates": [111.45465068800007, 30.48697721900004]}}, {"type": "Feature", "properties": {"指标": "存在结构安全隐患的住宅数量（栋）", "中类": "住房", "board": "安全韧性底线", "来源": "2026补充", "原图层": "存在结构安全隐患的住宅", "社区": "石板冲社区"}, "geometry": {"type": "Point", "coordinates": [111.44021629100007, 30.527382299000067]}}, {"type": "Feature", "properties": {"指标": "存在结构安全隐患的住宅数量（栋）", "中类": "住房", "board": "安全韧性底线", "来源": "2026补充", "原图层": "存在结构安全隐患的住宅", "社区": "石板冲社区"}, "geometry": {"type": "Point", "coordinates": [111.45304650300005, 30.535387557000035]}}, {"type": "Feature", "properties": {"指标": "存在结构安全隐患的住宅数量（栋）", "中类": "住房", "board": "安全韧性底线", "来源": "2026补充", "原图层": "存在结构安全隐患的住宅", "社区": "六泉湖社区"}, "geometry": {"type": "Point", "coordinates": [111.45613214800005, 30.548207956000056]}}, {"type": "Feature", "properties": {"指标": "存在围护安全隐患的住宅数量（栋）", "中类": "住房", "board": "安全韧性底线", "来源": "2026补充", "原图层": "存在围护安全隐患的住宅", "街办_源": "点军街办", "社区_源": "朱市街社区", "小区_源": "锦绣城南", "楼栋_源": "3栋", "社区": "朱市街社区"}, "geometry": {"type": "Point", "coordinates": [111.25106170700008, 30.702223031000074]}}, {"type": "Feature", "properties": {"指标": "存在围护安全隐患的住宅数量（栋）", "中类": "住房", "board": "安全韧性底线", "来源": "2026补充", "原图层": "存在围护安全隐患的住宅", "街办_源": "点军街办", "社区_源": "朱市街社区", "小区_源": "锦绣城南", "楼栋_源": "10栋", "社区": "朱市街社区"}, "geometry": {"type": "Point", "coordinates": [111.25120473700008, 30.70565951800006]}}, {"type": "Feature", "properties": {"指标": "存在围护安全隐患的住宅数量（栋）", "中类": "住房", "board": "安全韧性底线", "来源": "2026补充", "原图层": "存在围护安全隐患的住宅", "街办_源": "点军街办", "社区_源": "朱市街社区", "小区_源": "锦绣城南", "楼栋_源": "14栋", "社区": "朱市街社区"}, "geometry": {"type": "Point", "coordinates": [111.25070278000004, 30.707257850000076]}}, {"type": "Feature", "properties": {"指标": "存在围护安全隐患的住宅数量（栋）", "中类": "住房", "board": "安全韧性底线", "来源": "2026补充", "原图层": "存在围护安全隐患的住宅", "街办_源": "点军街办", "社区_源": "红光社区", "小区_源": "红光小区", "楼栋_源": "红光小区居民楼四号楼", "社区": "红光社区"}, "geometry": {"type": "Point", "coordinates": [111.28277345500004, 30.677267811000036]}}, {"type": "Feature", "properties": {"指标": "存在围护安全隐患的住宅数量（栋）", "中类": "住房", "board": "安全韧性底线", "来源": "2026补充", "原图层": "存在围护安全隐患的住宅", "街办_源": "点军街办", "社区_源": "红光社区", "小区_源": "红光小区", "楼栋_源": "红光小区2栋", "社区": "红光社区"}, "geometry": {"type": "Point", "coordinates": [111.28330660600005, 30.676941036000073]}}, {"type": "Feature", "properties": {"指标": "存在围护安全隐患的住宅数量（栋）", "中类": "住房", "board": "安全韧性底线", "来源": "2026补充", "原图层": "存在围护安全隐患的住宅", "街办_源": "点军街办", "社区_源": "红光社区", "小区_源": "红光小区", "楼栋_源": "红光小区一号居民楼", "社区": "红光社区"}, "geometry": {"type": "Point", "coordinates": [111.28357011800006, 30.676775012000064]}}, {"type": "Feature", "properties": {"指标": "存在围护安全隐患的住宅数量（栋）", "中类": "住房", "board": "安全韧性底线", "来源": "2026补充", "原图层": "存在围护安全隐患的住宅", "街办_源": "点军街办", "社区_源": "红光社区", "小区_源": "红光小区", "楼栋_源": "红光小区7栋", "社区": "红光社区"}, "geometry": {"type": "Point", "coordinates": [111.28361914300007, 30.677433834000055]}}, {"type": "Feature", "properties": {"指标": "存在围护安全隐患的住宅数量（栋）", "中类": "住房", "board": "安全韧性底线", "来源": "2026补充", "原图层": "存在围护安全隐患的住宅", "街办_源": "点军街办", "社区_源": "红光社区", "小区_源": "红光小区", "楼栋_源": "红光小区居民楼六号楼", "社区": "红光社区"}, "geometry": {"type": "Point", "coordinates": [111.28222804700005, 30.67758404500006]}}, {"type": "Feature", "properties": {"指标": "存在围护安全隐患的住宅数量（栋）", "中类": "住房", "board": "安全韧性底线", "来源": "2026补充", "原图层": "存在围护安全隐患的住宅", "街办_源": "点军街办", "社区_源": "红光社区", "小区_源": "红光小区", "楼栋_源": "红光小区居民楼三号楼", "社区": "红光社区"}, "geometry": {"type": "Point", "coordinates": [111.28304309500004, 30.677112329000067]}}, {"type": "Feature", "properties": {"指标": "存在围护安全隐患的住宅数量（栋）", "中类": "住房", "board": "安全韧性底线", "来源": "2026补充", "原图层": "存在围护安全隐患的住宅", "街办_源": "点军街办", "社区_源": "红光社区", "小区_源": "红光小区", "楼栋_源": "红光小区5栋", "社区": "红光社区"}, "geometry": {"type": "Point", "coordinates": [111.28251300700003, 30.677428563000035]}}, {"type": "Feature", "properties": {"指标": "存在围护安全隐患的住宅数量（栋）", "中类": "住房", "board": "安全韧性底线", "来源": "2026补充", "原图层": "存在围护安全隐患的住宅", "街办_源": "点军街办", "社区_源": "五龙社区", "小区_源": "五龙阳光小区", "楼栋_源": "五龙阳光小区7栋", "社区": "五龙社区"}, "geometry": {"type": "Point", "coordinates": [111.27274260700005, 30.681302826000035]}}, {"type": "Feature", "properties": {"指标": "存在围护安全隐患的住宅数量（栋）", "中类": "住房", "board": "安全韧性底线", "来源": "2026补充", "原图层": "存在围护安全隐患的住宅", "街办_源": "点军街办", "社区_源": "五龙社区", "小区_源": "五龙阳光小区", "楼栋_源": "五龙阳光小区11栋1", "社区": "五龙社区"}, "geometry": {"type": "Point", "coordinates": [111.27454879900006, 30.679816323000068]}}, {"type": "Feature", "properties": {"指标": "存在围护安全隐患的住宅数量（栋）", "中类": "住房", "board": "安全韧性底线", "来源": "2026补充", "原图层": "存在围护安全隐患的住宅", "街办_源": "点军街办", "社区_源": "五龙社区", "小区_源": "五龙阳光小区", "楼栋_源": "五龙阳光小区10栋", "社区": "五龙社区"}, "geometry": {"type": "Point", "coordinates": [111.27341413400006, 30.680393043000038]}}, {"type": "Feature", "properties": {"指标": "存在围护安全隐患的住宅数量（栋）", "中类": "住房", "board": "安全韧性底线", "来源": "2026补充", "原图层": "存在围护安全隐患的住宅", "街办_源": "点军街办", "社区_源": "五龙社区", "小区_源": "五龙阳光小区", "楼栋_源": "五龙阳光小区2栋", "社区": "五龙社区"}, "geometry": {"type": "Point", "coordinates": [111.27564259400003, 30.68019694900005]}}, {"type": "Feature", "properties": {"指标": "存在围护安全隐患的住宅数量（栋）", "中类": "住房", "board": "安全韧性底线", "来源": "2026补充", "原图层": "存在围护安全隐患的住宅", "街办_源": "点军街办", "社区_源": "五龙社区", "小区_源": "五龙阳光小区", "楼栋_源": "五龙阳光小区4栋", "社区": "五龙社区"}, "geometry": {"type": "Point", "coordinates": [111.27467901900008, 30.680801443000064]}}, {"type": "Feature", "properties": {"指标": "存在围护安全隐患的住宅数量（栋）", "中类": "住房", "board": "安全韧性底线", "来源": "2026补充", "原图层": "存在围护安全隐患的住宅", "街办_源": "点军街办", "社区_源": "五龙社区", "小区_源": "五龙阳光小区", "楼栋_源": "五龙阳光小区12栋", "社区": "红光社区"}, "geometry": {"type": "Point", "coordinates": [111.27684642400004, 30.679993698000033]}}, {"type": "Feature", "properties": {"指标": "存在围护安全隐患的住宅数量（栋）", "中类": "住房", "board": "安全韧性底线", "来源": "2026补充", "原图层": "存在围护安全隐患的住宅", "街办_源": "点军街办", "社区_源": "五龙社区", "小区_源": "五龙阳光小区", "楼栋_源": "五龙阳光小区居民楼1号楼", "社区": "五龙社区"}, "geometry": {"type": "Point", "coordinates": [111.27593717100007, 30.67984215100006]}}, {"type": "Feature", "properties": {"指标": "存在围护安全隐患的住宅数量（栋）", "中类": "住房", "board": "安全韧性底线", "来源": "2026补充", "原图层": "存在围护安全隐患的住宅", "街办_源": "点军街办", "社区_源": "五龙社区", "小区_源": "五龙阳光小区", "楼栋_源": "五龙阳光小区居民楼10栋", "社区": "五龙社区"}, "geometry": {"type": "Point", "coordinates": [111.27395189000003, 30.68010815200006]}}, {"type": "Feature", "properties": {"指标": "存在围护安全隐患的住宅数量（栋）", "中类": "住房", "board": "安全韧性底线", "来源": "2026补充", "原图层": "存在围护安全隐患的住宅", "街办_源": "点军街办", "社区_源": "五龙社区", "小区_源": "五龙阳光小区", "楼栋_源": "五龙阳光小区5栋", "社区": "五龙社区"}, "geometry": {"type": "Point", "coordinates": [111.27403122000004, 30.681037855000056]}}, {"type": "Feature", "properties": {"指标": "存在围护安全隐患的住宅数量（栋）", "中类": "住房", "board": "安全韧性底线", "来源": "2026补充", "原图层": "存在围护安全隐患的住宅", "街办_源": "点军街办", "社区_源": "五龙社区", "小区_源": "五龙阳光小区", "楼栋_源": "五龙阳光小区6号栋", "社区": "五龙社区"}, "geometry": {"type": "Point", "coordinates": [111.27352736400007, 30.681371729000034]}}, {"type": "Feature", "properties": {"指标": "存在围护安全隐患的住宅数量（栋）", "中类": "住房", "board": "安全韧性底线", "来源": "2026补充", "原图层": "存在围护安全隐患的住宅", "街办_源": "点军街办", "社区_源": "五龙社区", "小区_源": "五龙阳光小区", "楼栋_源": "五龙阳光小区3栋", "社区": "五龙社区"}, "geometry": {"type": "Point", "coordinates": [111.27531133700006, 30.680552137000063]}}, {"type": "Feature", "properties": {"指标": "存在围护安全隐患的住宅数量（栋）", "中类": "住房", "board": "安全韧性底线", "来源": "2026补充", "原图层": "存在围护安全隐患的住宅", "街办_源": "点军街办", "社区_源": "五龙社区", "小区_源": "五龙阳光小区", "楼栋_源": "五龙阳光小区8栋", "社区": "五龙社区"}, "geometry": {"type": "Point", "coordinates": [111.27295381500005, 30.680874026000026]}}, {"type": "Feature", "properties": {"指标": "存在围护安全隐患的住宅数量（栋）", "中类": "住房", "board": "安全韧性底线", "来源": "2026补充", "原图层": "存在围护安全隐患的住宅", "街办_源": "点军街办", "社区_源": "五龙社区", "小区_源": "阳光花苑小区", "楼栋_源": "阳光花苑9栋", "社区": "五龙社区"}, "geometry": {"type": "Point", "coordinates": [111.26330352400004, 30.677069458000062]}}, {"type": "Feature", "properties": {"指标": "存在围护安全隐患的住宅数量（栋）", "中类": "住房", "board": "安全韧性底线", "来源": "2026补充", "原图层": "存在围护安全隐患的住宅", "街办_源": "点军街办", "社区_源": "五龙社区", "小区_源": "阳光花苑小区", "楼栋_源": "阳光花苑3栋", "社区": "五龙社区"}, "geometry": {"type": "Point", "coordinates": [111.26545816800007, 30.675695615000052]}}, {"type": "Feature", "properties": {"指标": "存在围护安全隐患的住宅数量（栋）", "中类": "住房", "board": "安全韧性底线", "来源": "2026补充", "原图层": "存在围护安全隐患的住宅", "街办_源": "点军街办", "社区_源": "五龙社区", "小区_源": "阳光花苑小区", "楼栋_源": "阳光花苑1栋", "社区": "五龙社区"}, "geometry": {"type": "Point", "coordinates": [111.26547442100008, 30.674559900000077]}}, {"type": "Feature", "properties": {"指标": "存在围护安全隐患的住宅数量（栋）", "中类": "住房", "board": "安全韧性底线", "来源": "2026补充", "原图层": "存在围护安全隐患的住宅", "街办_源": "点军街办", "社区_源": "五龙社区", "小区_源": "阳光花苑小区", "楼栋_源": "阳光花苑10栋", "社区": "五龙社区"}, "geometry": {"type": "Point", "coordinates": [111.26210354600005, 30.67702765300004]}}, {"type": "Feature", "properties": {"指标": "存在围护安全隐患的住宅数量（栋）", "中类": "住房", "board": "安全韧性底线", "来源": "2026补充", "原图层": "存在围护安全隐患的住宅", "街办_源": "点军街办", "社区_源": "五龙社区", "小区_源": "阳光花苑小区", "楼栋_源": "阳光花苑15栋", "社区": "五龙社区"}, "geometry": {"type": "Point", "coordinates": [111.26339211000004, 30.678574826000045]}}, {"type": "Feature", "properties": {"指标": "存在围护安全隐患的住宅数量（栋）", "中类": "住房", "board": "安全韧性底线", "来源": "2026补充", "原图层": "存在围护安全隐患的住宅", "街办_源": "点军街办", "社区_源": "五龙社区", "小区_源": "阳光花苑小区", "楼栋_源": "阳光花苑4栋", "社区": "五龙社区"}, "geometry": {"type": "Point", "coordinates": [111.26543918100003, 30.676220300000068]}}, {"type": "Feature", "properties": {"指标": "存在围护安全隐患的住宅数量（栋）", "中类": "住房", "board": "安全韧性底线", "来源": "2026补充", "原图层": "存在围护安全隐患的住宅", "街办_源": "点军街办", "社区_源": "五龙社区", "小区_源": "阳光花苑小区", "楼栋_源": "阳光花苑5栋", "社区": "五龙社区"}, "geometry": {"type": "Point", "coordinates": [111.26560930400007, 30.67669582900004]}}, {"type": "Feature", "properties": {"指标": "存在围护安全隐患的住宅数量（栋）", "中类": "住房", "board": "安全韧性底线", "来源": "2026补充", "原图层": "存在围护安全隐患的住宅", "街办_源": "点军街办", "社区_源": "五龙社区", "小区_源": "阳光花苑小区", "楼栋_源": "阳光花苑11栋", "社区": "五龙社区"}, "geometry": {"type": "Point", "coordinates": [111.26183317200008, 30.677602464000074]}}, {"type": "Feature", "properties": {"指标": "存在围护安全隐患的住宅数量（栋）", "中类": "住房", "board": "安全韧性底线", "来源": "2026补充", "原图层": "存在围护安全隐患的住宅", "街办_源": "点军街办", "社区_源": "五龙社区", "小区_源": "阳光花苑小区", "楼栋_源": "阳光花苑6栋", "社区": "五龙社区"}, "geometry": {"type": "Point", "coordinates": [111.26476476300007, 30.674827665000066]}}, {"type": "Feature", "properties": {"指标": "存在围护安全隐患的住宅数量（栋）", "中类": "住房", "board": "安全韧性底线", "来源": "2026补充", "原图层": "存在围护安全隐患的住宅", "街办_源": "点军街办", "社区_源": "五龙社区", "小区_源": "阳光花苑小区", "楼栋_源": "阳光花苑8栋", "社区": "五龙社区"}, "geometry": {"type": "Point", "coordinates": [111.26220307300008, 30.67639003200003]}}, {"type": "Feature", "properties": {"指标": "存在围护安全隐患的住宅数量（栋）", "中类": "住房", "board": "安全韧性底线", "来源": "2026补充", "原图层": "存在围护安全隐患的住宅", "街办_源": "点军街办", "社区_源": "五龙社区", "小区_源": "阳光花苑小区", "楼栋_源": "阳光花苑13栋", "社区": "五龙社区"}, "geometry": {"type": "Point", "coordinates": [111.26225665700008, 30.678292232000047]}}, {"type": "Feature", "properties": {"指标": "存在围护安全隐患的住宅数量（栋）", "中类": "住房", "board": "安全韧性底线", "来源": "2026补充", "原图层": "存在围护安全隐患的住宅", "街办_源": "点军街办", "社区_源": "五龙社区", "小区_源": "阳光花苑小区", "楼栋_源": "阳光花苑2栋", "社区": "五龙社区"}, "geometry": {"type": "Point", "coordinates": [111.26518095800009, 30.67519607500003]}}, {"type": "Feature", "properties": {"指标": "存在围护安全隐患的住宅数量（栋）", "中类": "住房", "board": "安全韧性底线", "来源": "2026补充", "原图层": "存在围护安全隐患的住宅", "街办_源": "点军街办", "社区_源": "五龙社区", "小区_源": "阳光花苑小区", "楼栋_源": "阳光花苑7栋", "社区": "五龙社区"}, "geometry": {"type": "Point", "coordinates": [111.26331052800003, 30.675997266000024]}}, {"type": "Feature", "properties": {"指标": "存在围护安全隐患的住宅数量（栋）", "中类": "住房", "board": "安全韧性底线", "来源": "2026补充", "原图层": "存在围护安全隐患的住宅", "街办_源": "点军街办", "社区_源": "五龙社区", "小区_源": "阳光花苑小区", "楼栋_源": "阳光花苑14栋", "社区": "五龙社区"}, "geometry": {"type": "Point", "coordinates": [111.26272940200005, 30.678538029000038]}}, {"type": "Feature", "properties": {"指标": "存在围护安全隐患的住宅数量（栋）", "中类": "住房", "board": "安全韧性底线", "来源": "2026补充", "原图层": "存在围护安全隐患的住宅", "街办_源": "点军街办", "社区_源": "五龙社区", "小区_源": "阳光花苑小区", "楼栋_源": "阳光花苑12栋", "社区": "五龙社区"}, "geometry": {"type": "Point", "coordinates": [111.26174396300007, 30.678178325000033]}}, {"type": "Feature", "properties": {"指标": "存在围护安全隐患的住宅数量（栋）", "中类": "住房", "board": "安全韧性底线", "来源": "2026补充", "原图层": "存在围护安全隐患的住宅", "街办_源": "点军街办", "社区_源": "梅子溪社区", "小区_源": "江南时代", "楼栋_源": "江南时代1栋", "社区": "梅子溪社区"}, "geometry": {"type": "Point", "coordinates": [111.26381413000007, 30.673664502000065]}}, {"type": "Feature", "properties": {"指标": "存在围护安全隐患的住宅数量（栋）", "中类": "住房", "board": "安全韧性底线", "来源": "2026补充", "原图层": "存在围护安全隐患的住宅", "街办_源": "点军街办", "社区_源": "梅子溪社区", "小区_源": "江南时代", "楼栋_源": "江南时代6栋", "社区": "梅子溪社区"}, "geometry": {"type": "Point", "coordinates": [111.26450210900003, 30.67273253500008]}}, {"type": "Feature", "properties": {"指标": "存在围护安全隐患的住宅数量（栋）", "中类": "住房", "board": "安全韧性底线", "来源": "2026补充", "原图层": "存在围护安全隐患的住宅", "街办_源": "点军街办", "社区_源": "梅子溪社区", "小区_源": "江南时代", "楼栋_源": "江南时代4栋", "社区": "梅子溪社区"}, "geometry": {"type": "Point", "coordinates": [111.26411082100009, 30.673157839000055]}}, {"type": "Feature", "properties": {"指标": "存在围护安全隐患的住宅数量（栋）", "中类": "住房", "board": "安全韧性底线", "来源": "2026补充", "原图层": "存在围护安全隐患的住宅", "街办_源": "点军街办", "社区_源": "五龙社区", "小区_源": "杨家湾小区", "楼栋_源": "杨家湾1栋", "社区": "五龙社区"}, "geometry": {"type": "Point", "coordinates": [111.26739523600008, 30.67399939200004]}}, {"type": "Feature", "properties": {"指标": "存在围护安全隐患的住宅数量（栋）", "中类": "住房", "board": "安全韧性底线", "来源": "2026补充", "原图层": "存在围护安全隐患的住宅", "街办_源": "点军街办", "社区_源": "五龙社区", "小区_源": "杨家湾小区", "楼栋_源": "杨家湾小区5栋", "社区": "五龙社区"}, "geometry": {"type": "Point", "coordinates": [111.26795182700005, 30.675378324000064]}}, {"type": "Feature", "properties": {"指标": "存在围护安全隐患的住宅数量（栋）", "中类": "住房", "board": "安全韧性底线", "来源": "2026补充", "原图层": "存在围护安全隐患的住宅", "街办_源": "点军街办", "社区_源": "五龙社区", "小区_源": "杨家湾小区", "楼栋_源": "杨家湾小区7栋", "社区": "五龙社区"}, "geometry": {"type": "Point", "coordinates": [111.26785459100006, 30.67595515100004]}}, {"type": "Feature", "properties": {"指标": "存在围护安全隐患的住宅数量（栋）", "中类": "住房", "board": "安全韧性底线", "来源": "2026补充", "原图层": "存在围护安全隐患的住宅", "街办_源": "点军街办", "社区_源": "五龙社区", "小区_源": "杨家湾小区", "楼栋_源": "杨家湾小区6栋", "社区": "五龙社区"}, "geometry": {"type": "Point", "coordinates": [111.26753296700008, 30.675434077000034]}}, {"type": "Feature", "properties": {"指标": "存在围护安全隐患的住宅数量（栋）", "中类": "住房", "board": "安全韧性底线", "来源": "2026补充", "原图层": "存在围护安全隐患的住宅", "街办_源": "点军街办", "社区_源": "五龙社区", "小区_源": "杨家湾小区", "楼栋_源": "杨家湾小区2号楼", "社区": "五龙社区"}, "geometry": {"type": "Point", "coordinates": [111.26748310200009, 30.674374766000028]}}, {"type": "Feature", "properties": {"指标": "存在围护安全隐患的住宅数量（栋）", "中类": "住房", "board": "安全韧性底线", "来源": "2026补充", "原图层": "存在围护安全隐患的住宅", "街办_源": "点军街办", "社区_源": "五龙社区", "小区_源": "杨家湾小区", "楼栋_源": "杨家湾小区4栋", "社区": "五龙社区"}, "geometry": {"type": "Point", "coordinates": [111.26766261400007, 30.67495374300006]}}, {"type": "Feature", "properties": {"指标": "存在围护安全隐患的住宅数量（栋）", "中类": "住房", "board": "安全韧性底线", "来源": "2026补充", "原图层": "存在围护安全隐患的住宅", "街办_源": "点军街办", "社区_源": "五龙社区", "小区_源": "杨家湾小区", "楼栋_源": "杨家湾小区3栋", "社区": "五龙社区"}, "geometry": {"type": "Point", "coordinates": [111.26759280400006, 30.674659966000036]}}, {"type": "Feature", "properties": {"指标": "存在围护安全隐患的住宅数量（栋）", "中类": "住房", "board": "安全韧性底线", "来源": "2026补充", "原图层": "存在围护安全隐患的住宅", "街办_源": "点军街办", "社区_源": "五龙社区", "小区_源": "江南星城", "楼栋_源": "江南星城15栋", "社区": "五龙社区"}, "geometry": {"type": "Point", "coordinates": [111.26838516700008, 30.67904572300006]}}, {"type": "Feature", "properties": {"指标": "存在围护安全隐患的住宅数量（栋）", "中类": "住房", "board": "安全韧性底线", "来源": "2026补充", "原图层": "存在围护安全隐患的住宅", "街办_源": "点军街办", "社区_源": "五龙社区", "小区_源": "江南星城", "楼栋_源": "江南星城20栋", "社区": "五龙社区"}, "geometry": {"type": "Point", "coordinates": [111.26684360600007, 30.67956606300004]}}, {"type": "Feature", "properties": {"指标": "存在围护安全隐患的住宅数量（栋）", "中类": "住房", "board": "安全韧性底线", "来源": "2026补充", "原图层": "存在围护安全隐患的住宅", "街办_源": "点军街办", "社区_源": "五龙社区", "小区_源": "江南星城", "楼栋_源": "江南星城1栋", "社区": "五龙社区"}, "geometry": {"type": "Point", "coordinates": [111.27228050900004, 30.676389329000074]}}, {"type": "Feature", "properties": {"指标": "存在围护安全隐患的住宅数量（栋）", "中类": "住房", "board": "安全韧性底线", "来源": "2026补充", "原图层": "存在围护安全隐患的住宅", "街办_源": "点军街办", "社区_源": "五龙社区", "小区_源": "江南星城", "楼栋_源": "江南星城6栋", "社区": "五龙社区"}, "geometry": {"type": "Point", "coordinates": [111.27004263800006, 30.67696447800006]}}, {"type": "Feature", "properties": {"指标": "存在围护安全隐患的住宅数量（栋）", "中类": "住房", "board": "安全韧性底线", "来源": "2026补充", "原图层": "存在围护安全隐患的住宅", "街办_源": "点军街办", "社区_源": "五龙社区", "小区_源": "江南星城", "楼栋_源": "江南星城8栋", "社区": "五龙社区"}, "geometry": {"type": "Point", "coordinates": [111.27000993300004, 30.67785518000005]}}, {"type": "Feature", "properties": {"指标": "存在围护安全隐患的住宅数量（栋）", "中类": "住房", "board": "安全韧性底线", "来源": "2026补充", "原图层": "存在围护安全隐患的住宅", "街办_源": "点军街办", "社区_源": "五龙社区", "小区_源": "江南星城", "楼栋_源": "江南星城5栋", "社区": "五龙社区"}, "geometry": {"type": "Point", "coordinates": [111.27041134200005, 30.676610811000046]}}, {"type": "Feature", "properties": {"指标": "存在围护安全隐患的住宅数量（栋）", "中类": "住房", "board": "安全韧性底线", "来源": "2026补充", "原图层": "存在围护安全隐患的住宅", "街办_源": "点军街办", "社区_源": "五龙社区", "小区_源": "江南星城", "楼栋_源": "江南星城3栋", "社区": "五龙社区"}, "geometry": {"type": "Point", "coordinates": [111.27153059500006, 30.67678915700003]}}, {"type": "Feature", "properties": {"指标": "存在围护安全隐患的住宅数量（栋）", "中类": "住房", "board": "安全韧性底线", "来源": "2026补充", "原图层": "存在围护安全隐患的住宅", "街办_源": "点军街办", "社区_源": "五龙社区", "小区_源": "花径美邻", "楼栋_源": "美径花邻1号楼", "社区": "五龙社区"}, "geometry": {"type": "Point", "coordinates": [111.26760034300008, 30.68113037100005]}}, {"type": "Feature", "properties": {"指标": "存在围护安全隐患的住宅数量（栋）", "中类": "住房", "board": "安全韧性底线", "来源": "2026补充", "原图层": "存在围护安全隐患的住宅", "街办_源": "点军街办", "社区_源": "五龙社区", "小区_源": "花径美邻", "楼栋_源": "花径美邻6栋", "社区": "五龙社区"}, "geometry": {"type": "Point", "coordinates": [111.26880693800007, 30.68003132700005]}}, {"type": "Feature", "properties": {"指标": "存在围护安全隐患的住宅数量（栋）", "中类": "住房", "board": "安全韧性底线", "来源": "2026补充", "原图层": "存在围护安全隐患的住宅", "街办_源": "点军街办", "社区_源": "五龙社区", "小区_源": "花径美邻", "楼栋_源": "花径美邻8号楼", "社区": "五龙社区"}, "geometry": {"type": "Point", "coordinates": [111.26913384800008, 30.679673496000078]}}, {"type": "Feature", "properties": {"指标": "存在围护安全隐患的住宅数量（栋）", "中类": "住房", "board": "安全韧性底线", "来源": "2026补充", "原图层": "存在围护安全隐患的住宅", "街办_源": "点军街办", "社区_源": "五龙社区", "小区_源": "花径美邻", "楼栋_源": "花径美邻3号楼", "社区": "五龙社区"}, "geometry": {"type": "Point", "coordinates": [111.26821850000005, 30.680378933000043]}}, {"type": "Feature", "properties": {"指标": "存在围护安全隐患的住宅数量（栋）", "中类": "住房", "board": "安全韧性底线", "来源": "2026补充", "原图层": "存在围护安全隐患的住宅", "街办_源": "点军街办", "社区_源": "五龙社区", "小区_源": "花径美邻", "楼栋_源": "花径美邻7号楼", "社区": "五龙社区"}, "geometry": {"type": "Point", "coordinates": [111.26869400500004, 30.679515027000036]}}, {"type": "Feature", "properties": {"指标": "存在围护安全隐患的住宅数量（栋）", "中类": "住房", "board": "安全韧性底线", "来源": "2026补充", "原图层": "存在围护安全隐患的住宅", "街办_源": "点军街办", "社区_源": "五龙社区", "小区_源": "花径美邻", "楼栋_源": "花径美邻6号楼", "社区": "五龙社区"}, "geometry": {"type": "Point", "coordinates": [111.26837303900004, 30.679934201000037]}}, {"type": "Feature", "properties": {"指标": "存在围护安全隐患的住宅数量（栋）", "中类": "住房", "board": "安全韧性底线", "来源": "2026补充", "原图层": "存在围护安全隐患的住宅", "街办_源": "点军街办", "社区_源": "五龙社区", "小区_源": "花径美邻", "楼栋_源": "花径美邻9号楼", "社区": "五龙社区"}, "geometry": {"type": "Point", "coordinates": [111.26939537600003, 30.679162306000023]}}, {"type": "Feature", "properties": {"指标": "存在围护安全隐患的住宅数量（栋）", "中类": "住房", "board": "安全韧性底线", "来源": "2026补充", "原图层": "存在围护安全隐患的住宅", "街办_源": "点军街办", "社区_源": "五龙社区", "小区_源": "花径美邻", "楼栋_源": "美径花邻2号楼", "社区": "五龙社区"}, "geometry": {"type": "Point", "coordinates": [111.26743399200006, 30.680674348000025]}}, {"type": "Feature", "properties": {"指标": "存在围护安全隐患的住宅数量（栋）", "中类": "住房", "board": "安全韧性底线", "来源": "2026补充", "原图层": "存在围护安全隐患的住宅", "街办_源": "点军街办", "社区_源": "梅子溪社区", "小区_源": "宜昌碧桂园·豪庭", "楼栋_源": "碧桂园豪庭10栋", "社区": "梅子溪社区"}, "geometry": {"type": "Point", "coordinates": [111.27151855000005, 30.67280902300007]}}, {"type": "Feature", "properties": {"指标": "存在围护安全隐患的住宅数量（栋）", "中类": "住房", "board": "安全韧性底线", "来源": "2026补充", "原图层": "存在围护安全隐患的住宅", "街办_源": "虎牙街办", "社区_源": "虎牙社区", "小区_源": "猇亭大道18号院", "楼栋_源": "锦绣江东经济适用房", "社区": "虎牙社区"}, "geometry": {"type": "Point", "coordinates": [111.39874496800007, 30.568417891000024]}}, {"type": "Feature", "properties": {"指标": "存在围护安全隐患的住宅数量（栋）", "中类": "住房", "board": "安全韧性底线", "来源": "2026补充", "原图层": "存在围护安全隐患的住宅", "街办_源": "虎牙街办", "社区_源": "鸡山社区", "小区_源": "鸡山三村", "楼栋_源": "鸡山新村小区30栋", "社区": "鸡山社区"}, "geometry": {"type": "Point", "coordinates": [111.44755472400004, 30.55521795100003]}}, {"type": "Feature", "properties": {"指标": "存在围护安全隐患的住宅数量（栋）", "中类": "住房", "board": "安全韧性底线", "来源": "2026补充", "原图层": "存在围护安全隐患的住宅", "街办_源": "虎牙街办", "社区_源": "六泉湖社区", "小区_源": "六泉湖社区", "楼栋_源": "六泉湖社区12号楼", "社区": "六泉湖社区"}, "geometry": {"type": "Point", "coordinates": [111.45020564000004, 30.55822664300007]}}, {"type": "Feature", "properties": {"指标": "存在围护安全隐患的住宅数量（栋）", "中类": "住房", "board": "安全韧性底线", "来源": "2026补充", "原图层": "存在围护安全隐患的住宅", "街办_源": "虎牙街办", "社区_源": "六泉湖社区", "小区_源": "六泉湖社区", "楼栋_源": "六泉湖社区26#楼", "社区": "六泉湖社区"}, "geometry": {"type": "Point", "coordinates": [111.45145885900007, 30.558807441000056]}}, {"type": "Feature", "properties": {"指标": "存在围护安全隐患的住宅数量（栋）", "中类": "住房", "board": "安全韧性底线", "来源": "2026补充", "原图层": "存在围护安全隐患的住宅", "街办_源": "虎牙街办", "社区_源": "六泉湖社区", "小区_源": "六泉湖社区", "楼栋_源": "六泉湖社区14号楼", "社区": "六泉湖社区"}, "geometry": {"type": "Point", "coordinates": [111.45068012300004, 30.55659604300007]}}, {"type": "Feature", "properties": {"指标": "存在围护安全隐患的住宅数量（栋）", "中类": "住房", "board": "安全韧性底线", "来源": "2026补充", "原图层": "存在围护安全隐患的住宅", "街办_源": "虎牙街办", "社区_源": "六泉湖社区", "小区_源": "六泉湖社区", "楼栋_源": "六泉湖社区24号楼", "社区": "六泉湖社区"}, "geometry": {"type": "Point", "coordinates": [111.45106691300003, 30.558144750000054]}}, {"type": "Feature", "properties": {"指标": "存在围护安全隐患的住宅数量（栋）", "中类": "住房", "board": "安全韧性底线", "来源": "2026补充", "原图层": "存在围护安全隐患的住宅", "街办_源": "虎牙街办", "社区_源": "六泉湖社区", "小区_源": "六泉湖社区", "楼栋_源": "六泉湖社区31#楼", "社区": "六泉湖社区"}, "geometry": {"type": "Point", "coordinates": [111.45195492500005, 30.558440227000062]}}, {"type": "Feature", "properties": {"指标": "存在围护安全隐患的住宅数量（栋）", "中类": "住房", "board": "安全韧性底线", "来源": "2026补充", "原图层": "存在围护安全隐患的住宅", "街办_源": "虎牙街办", "社区_源": "六泉湖社区", "小区_源": "六泉湖社区", "楼栋_源": "七里冲三期35栋", "社区": "六泉湖社区"}, "geometry": {"type": "Point", "coordinates": [111.45376861200003, 30.55905414700004]}}, {"type": "Feature", "properties": {"指标": "存在围护安全隐患的住宅数量（栋）", "中类": "住房", "board": "安全韧性底线", "来源": "2026补充", "原图层": "存在围护安全隐患的住宅", "街办_源": "虎牙街办", "社区_源": "六泉湖社区", "小区_源": "六泉湖社区", "楼栋_源": "六泉湖社区18号楼", "社区": "六泉湖社区"}, "geometry": {"type": "Point", "coordinates": [111.45061050000004, 30.557828700000073]}}, {"type": "Feature", "properties": {"指标": "存在围护安全隐患的住宅数量（栋）", "中类": "住房", "board": "安全韧性底线", "来源": "2026补充", "原图层": "存在围护安全隐患的住宅", "街办_源": "虎牙街办", "社区_源": "六泉湖社区", "小区_源": "六泉湖社区", "楼栋_源": "六泉湖社区28号楼", "社区": "六泉湖社区"}, "geometry": {"type": "Point", "coordinates": [111.45191663200006, 30.558030145000032]}}, {"type": "Feature", "properties": {"指标": "存在围护安全隐患的住宅数量（栋）", "中类": "住房", "board": "安全韧性底线", "来源": "2026补充", "原图层": "存在围护安全隐患的住宅", "街办_源": "虎牙街办", "社区_源": "六泉湖社区", "小区_源": "六泉湖社区", "楼栋_源": "32号楼3单元", "社区": "六泉湖社区"}, "geometry": {"type": "Point", "coordinates": [111.45349011900004, 30.55885510300004]}}, {"type": "Feature", "properties": {"指标": "存在围护安全隐患的住宅数量（栋）", "中类": "住房", "board": "安全韧性底线", "来源": "2026补充", "原图层": "存在围护安全隐患的住宅", "街办_源": "虎牙街办", "社区_源": "六泉湖社区", "小区_源": "六泉湖社区", "楼栋_源": "32号楼2单元", "社区": "六泉湖社区"}, "geometry": {"type": "Point", "coordinates": [111.45326453900009, 30.55866804900006]}}, {"type": "Feature", "properties": {"指标": "存在围护安全隐患的住宅数量（栋）", "中类": "住房", "board": "安全韧性底线", "来源": "2026补充", "原图层": "存在围护安全隐患的住宅", "街办_源": "虎牙街办", "社区_源": "六泉湖社区", "小区_源": "六泉湖社区", "楼栋_源": "25号楼1单元", "社区": "六泉湖社区"}, "geometry": {"type": "Point", "coordinates": [111.45082783600009, 30.558548622000046]}}, {"type": "Feature", "properties": {"指标": "存在围护安全隐患的住宅数量（栋）", "中类": "住房", "board": "安全韧性底线", "来源": "2026补充", "原图层": "存在围护安全隐患的住宅", "街办_源": "虎牙街办", "社区_源": "六泉湖社区", "小区_源": "六泉湖社区", "楼栋_源": "25号楼2单元", "社区": "六泉湖社区"}, "geometry": {"type": "Point", "coordinates": [111.45102924200006, 30.558654524000076]}}, {"type": "Feature", "properties": {"指标": "存在围护安全隐患的住宅数量（栋）", "中类": "住房", "board": "安全韧性底线", "来源": "2026补充", "原图层": "存在围护安全隐患的住宅", "街办_源": "虎牙街办", "社区_源": "六泉湖社区", "小区_源": "六泉湖社区", "楼栋_源": "六泉湖社区11号楼2单元", "社区": "六泉湖社区"}, "geometry": {"type": "Point", "coordinates": [111.44954097500005, 30.557824192000055]}}, {"type": "Feature", "properties": {"指标": "存在围护安全隐患的住宅数量（栋）", "中类": "住房", "board": "安全韧性底线", "来源": "2026补充", "原图层": "存在围护安全隐患的住宅", "街办_源": "虎牙街办", "社区_源": "六泉湖社区", "小区_源": "六泉湖社区", "楼栋_源": "六泉湖社区11号楼1单元", "社区": "六泉湖社区"}, "geometry": {"type": "Point", "coordinates": [111.44927362100009, 30.55770294100006]}}, {"type": "Feature", "properties": {"指标": "存在围护安全隐患的住宅数量（栋）", "中类": "住房", "board": "安全韧性底线", "来源": "2026补充", "原图层": "存在围护安全隐患的住宅", "街办_源": "虎牙街办", "社区_源": "六泉湖社区", "小区_源": "六泉湖社区", "楼栋_源": "16栋", "社区": "六泉湖社区"}, "geometry": {"type": "Point", "coordinates": [111.44983684600004, 30.557006131000037]}}, {"type": "Feature", "properties": {"指标": "存在围护安全隐患的住宅数量（栋）", "中类": "住房", "board": "安全韧性底线", "来源": "2026补充", "原图层": "存在围护安全隐患的住宅", "街办_源": "虎牙街办", "社区_源": "六泉湖社区", "小区_源": "六泉湖社区", "楼栋_源": "六泉湖社区29号楼", "社区": "六泉湖社区"}, "geometry": {"type": "Point", "coordinates": [111.45231766200004, 30.557895849000033]}}, {"type": "Feature", "properties": {"指标": "存在围护安全隐患的住宅数量（栋）", "中类": "住房", "board": "安全韧性底线", "来源": "2026补充", "原图层": "存在围护安全隐患的住宅", "街办_源": "虎牙街办", "社区_源": "六泉湖社区", "小区_源": "六泉湖社区", "楼栋_源": "六泉湖社区19号楼", "社区": "六泉湖社区"}, "geometry": {"type": "Point", "coordinates": [111.45052695200008, 30.557003733000045]}}, {"type": "Feature", "properties": {"指标": "存在围护安全隐患的住宅数量（栋）", "中类": "住房", "board": "安全韧性底线", "来源": "2026补充", "原图层": "存在围护安全隐患的住宅", "街办_源": "虎牙街办", "社区_源": "六泉湖社区", "小区_源": "六泉湖社区", "楼栋_源": "六泉湖社区34栋", "社区": "六泉湖社区"}, "geometry": {"type": "Point", "coordinates": [111.45346394000006, 30.559481779000066]}}, {"type": "Feature", "properties": {"指标": "存在围护安全隐患的住宅数量（栋）", "中类": "住房", "board": "安全韧性底线", "来源": "2026补充", "原图层": "存在围护安全隐患的住宅", "街办_源": "虎牙街办", "社区_源": "六泉湖社区", "小区_源": "六泉湖社区", "楼栋_源": "七里冲三期30栋", "社区": "六泉湖社区"}, "geometry": {"type": "Point", "coordinates": [111.45245412400004, 30.558543347000068]}}, {"type": "Feature", "properties": {"指标": "存在围护安全隐患的住宅数量（栋）", "中类": "住房", "board": "安全韧性底线", "来源": "2026补充", "原图层": "存在围护安全隐患的住宅", "街办_源": "古老背街办", "社区_源": "古老背社区", "小区_源": "二印小区", "楼栋_源": "二印小区2号的房屋", "社区": "古老背社区"}, "geometry": {"type": "Point", "coordinates": [111.41274420100007, 30.52907048800006]}}, {"type": "Feature", "properties": {"指标": "存在围护安全隐患的住宅数量（栋）", "中类": "住房", "board": "安全韧性底线", "来源": "2026补充", "原图层": "存在围护安全隐患的住宅", "街办_源": "小溪塔街办", "社区_源": "谭家榜社区", "小区_源": "谭家榜小区", "楼栋_源": "祥和公寓", "社区": "谭家榜社区"}, "geometry": {"type": "Point", "coordinates": [111.34642174100009, 30.79243837300004]}}, {"type": "Feature", "properties": {"指标": "存在围护安全隐患的住宅数量（栋）", "中类": "住房", "board": "安全韧性底线", "来源": "2026补充", "原图层": "存在围护安全隐患的住宅", "街办_源": "小溪塔街办", "社区_源": "谭家榜社区", "小区_源": "谭家榜杂居小区", "楼栋_源": "谭家榜杂居小区12", "社区": "谭家榜社区"}, "geometry": {"type": "Point", "coordinates": [111.34618553500007, 30.79319225900008]}}, {"type": "Feature", "properties": {"指标": "存在围护安全隐患的住宅数量（栋）", "中类": "住房", "board": "安全韧性底线", "来源": "2026补充", "原图层": "存在围护安全隐患的住宅", "街办_源": "小溪塔街办", "社区_源": "谭家榜社区", "小区_源": "谭家榜杂居小区", "楼栋_源": "谭家榜杂居小区26", "社区": "谭家榜社区"}, "geometry": {"type": "Point", "coordinates": [111.34588691700009, 30.793034300000045]}}, {"type": "Feature", "properties": {"指标": "存在围护安全隐患的住宅数量（栋）", "中类": "住房", "board": "安全韧性底线", "来源": "2026补充", "原图层": "存在围护安全隐患的住宅", "街办_源": "小溪塔街办", "社区_源": "谭家榜社区", "小区_源": "谭家榜杂居小区", "楼栋_源": "谭家榜杂居小区13", "社区": "谭家榜社区"}, "geometry": {"type": "Point", "coordinates": [111.34618684300005, 30.793257591000042]}}, {"type": "Feature", "properties": {"指标": "存在围护安全隐患的住宅数量（栋）", "中类": "住房", "board": "安全韧性底线", "来源": "2026补充", "原图层": "存在围护安全隐患的住宅", "街办_源": "小溪塔街办", "社区_源": "谭家榜社区", "小区_源": "谭家榜杂居小区", "楼栋_源": "谭家榜杂居小区10", "社区": "谭家榜社区"}, "geometry": {"type": "Point", "coordinates": [111.34618684300005, 30.793038984000077]}}, {"type": "Feature", "properties": {"指标": "存在围护安全隐患的住宅数量（栋）", "中类": "住房", "board": "安全韧性底线", "来源": "2026补充", "原图层": "存在围护安全隐患的住宅", "街办_源": "小溪塔街办", "社区_源": "长江市场社区", "小区_源": "无石山庄小区", "楼栋_源": "无石山庄107栋", "社区": "长江市场社区"}, "geometry": {"type": "Point", "coordinates": [111.29288010000005, 30.772572835000062]}}, {"type": "Feature", "properties": {"指标": "存在围护安全隐患的住宅数量（栋）", "中类": "住房", "board": "安全韧性底线", "来源": "2026补充", "原图层": "存在围护安全隐患的住宅", "街办_源": "小溪塔街办", "社区_源": "长江市场社区", "小区_源": "无石山庄小区", "楼栋_源": "无石山庄111栋", "社区": "长江市场社区"}, "geometry": {"type": "Point", "coordinates": [111.29205850400007, 30.772332391000077]}}, {"type": "Feature", "properties": {"指标": "存在围护安全隐患的住宅数量（栋）", "中类": "住房", "board": "安全韧性底线", "来源": "2026补充", "原图层": "存在围护安全隐患的住宅", "街办_源": "小溪塔街办", "社区_源": "长江市场社区", "小区_源": "无石山庄小区", "楼栋_源": "无石山庄102栋", "社区": "长江市场社区"}, "geometry": {"type": "Point", "coordinates": [111.29378238300006, 30.77249874900008]}}, {"type": "Feature", "properties": {"指标": "存在围护安全隐患的住宅数量（栋）", "中类": "住房", "board": "安全韧性底线", "来源": "2026补充", "原图层": "存在围护安全隐患的住宅", "街办_源": "小溪塔街办", "社区_源": "长江市场社区", "小区_源": "无石山庄小区", "楼栋_源": "无石山庄105栋", "社区": "长江市场社区"}, "geometry": {"type": "Point", "coordinates": [111.29329449400007, 30.77245960700003]}}, {"type": "Feature", "properties": {"指标": "存在围护安全隐患的住宅数量（栋）", "中类": "住房", "board": "安全韧性底线", "来源": "2026补充", "原图层": "存在围护安全隐患的住宅", "街办_源": "小溪塔街办", "社区_源": "长江市场社区", "小区_源": "无石山庄小区", "楼栋_源": "无石山庄109栋", "社区": "长江市场社区"}, "geometry": {"type": "Point", "coordinates": [111.29242893300005, 30.772501274000035]}}, {"type": "Feature", "properties": {"指标": "存在围护安全隐患的住宅数量（栋）", "中类": "住房", "board": "安全韧性底线", "来源": "2026补充", "原图层": "存在围护安全隐患的住宅", "街办_源": "小溪塔街办", "社区_源": "长江市场社区", "小区_源": "无石山庄小区", "楼栋_源": "无石山庄113栋", "社区": "长江市场社区"}, "geometry": {"type": "Point", "coordinates": [111.29176910800004, 30.772083339000062]}}, {"type": "Feature", "properties": {"指标": "存在围护安全隐患的住宅数量（栋）", "中类": "住房", "board": "安全韧性底线", "来源": "2026补充", "原图层": "存在围护安全隐患的住宅", "街办_源": "小溪塔街办", "社区_源": "长江市场社区", "小区_源": "无石山庄小区", "楼栋_源": "无石山庄100栋", "社区": "长江市场社区"}, "geometry": {"type": "Point", "coordinates": [111.29413452200004, 30.772623513000042]}}, {"type": "Feature", "properties": {"指标": "存在围护安全隐患的住宅数量（栋）", "中类": "住房", "board": "安全韧性底线", "来源": "2026补充", "原图层": "存在围护安全隐患的住宅", "街办_源": "小溪塔街办", "社区_源": "长江市场社区", "小区_源": "丰豪名都", "楼栋_源": "丰豪名都6栋", "社区": "长江市场社区"}, "geometry": {"type": "Point", "coordinates": [111.29498146300006, 30.77008782300004]}}, {"type": "Feature", "properties": {"指标": "存在围护安全隐患的住宅数量（栋）", "中类": "住房", "board": "安全韧性底线", "来源": "2026补充", "原图层": "存在围护安全隐患的住宅", "街办_源": "小溪塔街办", "社区_源": "长江市场社区", "小区_源": "丰豪名都", "楼栋_源": "丰豪名都5栋", "社区": "长江市场社区"}, "geometry": {"type": "Point", "coordinates": [111.29563807900007, 30.76974075000004]}}, {"type": "Feature", "properties": {"指标": "存在围护安全隐患的住宅数量（栋）", "中类": "住房", "board": "安全韧性底线", "来源": "2026补充", "原图层": "存在围护安全隐患的住宅", "街办_源": "小溪塔街办", "社区_源": "长江市场社区", "小区_源": "香山花园小区", "楼栋_源": "香山花园1号楼", "社区": "长江市场社区"}, "geometry": {"type": "Point", "coordinates": [111.29838804200006, 30.765340372000026]}}, {"type": "Feature", "properties": {"指标": "存在围护安全隐患的住宅数量（栋）", "中类": "住房", "board": "安全韧性底线", "来源": "2026补充", "原图层": "存在围护安全隐患的住宅", "街办_源": "小溪塔街办", "社区_源": "朝阳社区", "小区_源": "金凤朝阳小区", "楼栋_源": "1栋", "社区": "朝阳社区"}, "geometry": {"type": "Point", "coordinates": [111.33073564900008, 30.783874911000055]}}, {"type": "Feature", "properties": {"指标": "存在围护安全隐患的住宅数量（栋）", "中类": "住房", "board": "安全韧性底线", "来源": "2026补充", "原图层": "存在围护安全隐患的住宅", "街办_源": "小溪塔街办", "社区_源": "朝阳社区", "小区_源": "星城花园小区", "楼栋_源": "1幢", "社区": "朝阳社区"}, "geometry": {"type": "Point", "coordinates": [111.32749622100005, 30.779395429000033]}}, {"type": "Feature", "properties": {"指标": "存在围护安全隐患的住宅数量（栋）", "中类": "住房", "board": "安全韧性底线", "来源": "2026补充", "原图层": "存在围护安全隐患的住宅", "街办_源": "小溪塔街办", "社区_源": "朝阳社区", "小区_源": "宜昌楚天平湖小区", "楼栋_源": "1", "社区": "朝阳社区"}, "geometry": {"type": "Point", "coordinates": [111.32810711000008, 30.77821196000008]}}, {"type": "Feature", "properties": {"指标": "存在围护安全隐患的住宅数量（栋）", "中类": "住房", "board": "安全韧性底线", "来源": "2026补充", "原图层": "存在围护安全隐患的住宅", "街办_源": "小溪塔街办", "社区_源": "朝阳社区", "小区_源": "金凤朝阳西侧杂居小区", "楼栋_源": "1", "社区": "朝阳社区"}, "geometry": {"type": "Point", "coordinates": [111.32934331600006, 30.78337315300007]}}, {"type": "Feature", "properties": {"指标": "存在围护安全隐患的住宅数量（栋）", "中类": "住房", "board": "安全韧性底线", "来源": "2026补充", "原图层": "存在围护安全隐患的住宅", "街办_源": "小溪塔街办", "社区_源": "朝阳社区", "小区_源": "广厦街东侧杂居小区", "楼栋_源": "1", "社区": "朝阳社区"}, "geometry": {"type": "Point", "coordinates": [111.33053583800006, 30.779090860000053]}}, {"type": "Feature", "properties": {"指标": "存在围护安全隐患的住宅数量（栋）", "中类": "住房", "board": "安全韧性底线", "来源": "2026补充", "原图层": "存在围护安全隐患的住宅", "街办_源": "小溪塔街办", "社区_源": "朝阳社区", "小区_源": "广厦街东侧杂居小区", "楼栋_源": "2", "社区": "朝阳社区"}, "geometry": {"type": "Point", "coordinates": [111.33028796500008, 30.778803312000036]}}, {"type": "Feature", "properties": {"指标": "存在围护安全隐患的住宅数量（栋）", "中类": "住房", "board": "安全韧性底线", "来源": "2026补充", "原图层": "存在围护安全隐患的住宅", "街办_源": "小溪塔街办", "社区_源": "朝阳社区", "小区_源": "广厦路西侧杂居小区", "楼栋_源": "1", "社区": "朝阳社区"}, "geometry": {"type": "Point", "coordinates": [111.32669842200005, 30.778465182000048]}}, {"type": "Feature", "properties": {"指标": "存在围护安全隐患的住宅数量（栋）", "中类": "住房", "board": "安全韧性底线", "来源": "2026补充", "原图层": "存在围护安全隐患的住宅", "街办_源": "小溪塔街办", "社区_源": "港虹社区", "小区_源": "君临山水小区", "楼栋_源": "君临山水高7#楼", "社区": "港虹社区"}, "geometry": {"type": "Point", "coordinates": [111.30408074500008, 30.770317951000038]}}, {"type": "Feature", "properties": {"指标": "存在围护安全隐患的住宅数量（栋）", "中类": "住房", "board": "安全韧性底线", "来源": "2026补充", "原图层": "存在围护安全隐患的住宅", "街办_源": "小溪塔街办", "社区_源": "港虹社区", "小区_源": "君临山水小区", "楼栋_源": "君临山水高6栋1单元", "社区": "港虹社区"}, "geometry": {"type": "Point", "coordinates": [111.30375794400004, 30.770052771000053]}}, {"type": "Feature", "properties": {"指标": "存在围护安全隐患的住宅数量（栋）", "中类": "住房", "board": "安全韧性底线", "来源": "2026补充", "原图层": "存在围护安全隐患的住宅", "街办_源": "小溪塔街办", "社区_源": "峡江社区", "小区_源": "骏达梅珑镇小区", "楼栋_源": "骏达梅珑镇5栋", "社区": "峡江社区"}, "geometry": {"type": "Point", "coordinates": [111.29840143400008, 30.772560432000034]}}, {"type": "Feature", "properties": {"指标": "存在围护安全隐患的住宅数量（栋）", "中类": "住房", "board": "安全韧性底线", "来源": "2026补充", "原图层": "存在围护安全隐患的住宅", "街办_源": "小溪塔街办", "社区_源": "峡江社区", "小区_源": "湖锦花园小区", "楼栋_源": "108栋", "社区": "峡江社区"}, "geometry": {"type": "Point", "coordinates": [111.30123860200007, 30.770082785000056]}}, {"type": "Feature", "properties": {"指标": "存在围护安全隐患的住宅数量（栋）", "中类": "住房", "board": "安全韧性底线", "来源": "2026补充", "原图层": "存在围护安全隐患的住宅", "街办_源": "小溪塔街办", "社区_源": "峡江社区", "小区_源": "碧水蓝天小区", "楼栋_源": "峡洲路11号碧水蓝天1栋2-4单元", "社区": "峡江社区"}, "geometry": {"type": "Point", "coordinates": [111.30231284000007, 30.771614188000058]}}, {"type": "Feature", "properties": {"指标": "存在围护安全隐患的住宅数量（栋）", "中类": "住房", "board": "安全韧性底线", "来源": "2026补充", "原图层": "存在围护安全隐患的住宅", "街办_源": "小溪塔街办", "社区_源": "峡江社区", "小区_源": "碧水蓝天小区", "楼栋_源": "峡洲路11号碧水蓝天1栋1单元", "社区": "峡江社区"}, "geometry": {"type": "Point", "coordinates": [111.30234166100007, 30.77148152700005]}}, {"type": "Feature", "properties": {"指标": "存在围护安全隐患的住宅数量（栋）", "中类": "住房", "board": "安全韧性底线", "来源": "2026补充", "原图层": "存在围护安全隐患的住宅", "街办_源": "小溪塔街办", "社区_源": "峡江社区", "小区_源": "碧水蓝天小区", "楼栋_源": "峡洲路11号碧水蓝天2号楼", "社区": "峡江社区"}, "geometry": {"type": "Point", "coordinates": [111.30097539100007, 30.77161106500006]}}, {"type": "Feature", "properties": {"指标": "存在围护安全隐患的住宅数量（栋）", "中类": "住房", "board": "安全韧性底线", "来源": "2026补充", "原图层": "存在围护安全隐患的住宅", "街办_源": "小溪塔街办", "社区_源": "峡江社区", "小区_源": "紫荆花园小区", "楼栋_源": "峡洲路9号紫荆花园3栋", "社区": "峡江社区"}, "geometry": {"type": "Point", "coordinates": [111.30175308400004, 30.770777580000072]}}, {"type": "Feature", "properties": {"指标": "存在围护安全隐患的住宅数量（栋）", "中类": "住房", "board": "安全韧性底线", "来源": "2026补充", "原图层": "存在围护安全隐患的住宅", "街办_源": "小溪塔街办", "社区_源": "峡江社区", "小区_源": "紫荆花园小区", "楼栋_源": "峡洲路9号紫荆花园1号楼1栋", "社区": "峡江社区"}, "geometry": {"type": "Point", "coordinates": [111.30248325000008, 30.770451367000078]}}, {"type": "Feature", "properties": {"指标": "存在围护安全隐患的住宅数量（栋）", "中类": "住房", "board": "安全韧性底线", "来源": "2026补充", "原图层": "存在围护安全隐患的住宅", "街办_源": "小溪塔街办", "社区_源": "峡江社区", "小区_源": "紫荆花园小区", "楼栋_源": "峡洲路9号紫荆花园1号楼2栋", "社区": "峡江社区"}, "geometry": {"type": "Point", "coordinates": [111.30242665400004, 30.77076229200003]}}, {"type": "Feature", "properties": {"指标": "存在围护安全隐患的住宅数量（栋）", "中类": "住房", "board": "安全韧性底线", "来源": "2026补充", "原图层": "存在围护安全隐患的住宅", "街办_源": "小溪塔街办", "社区_源": "峡江社区", "小区_源": "幸福家园小区", "楼栋_源": "峡洲路7-3住宅", "社区": "峡江社区"}, "geometry": {"type": "Point", "coordinates": [111.30268179500007, 30.769819867000024]}}, {"type": "Feature", "properties": {"指标": "存在围护安全隐患的住宅数量（栋）", "中类": "住房", "board": "安全韧性底线", "来源": "2026补充", "原图层": "存在围护安全隐患的住宅", "街办_源": "小溪塔街办", "社区_源": "峡江社区", "小区_源": "幸福家园小区", "楼栋_源": "峡洲路7-1住宅", "社区": "峡江社区"}, "geometry": {"type": "Point", "coordinates": [111.30241362600009, 30.76994998500004]}}, {"type": "Feature", "properties": {"指标": "存在围护安全隐患的住宅数量（栋）", "中类": "住房", "board": "安全韧性底线", "来源": "2026补充", "原图层": "存在围护安全隐患的住宅", "街办_源": "小溪塔街办", "社区_源": "峡江社区", "小区_源": "幸福家园小区", "楼栋_源": "峡洲路7-2住宅", "社区": "峡江社区"}, "geometry": {"type": "Point", "coordinates": [111.30260607700006, 30.77019395700006]}}, {"type": "Feature", "properties": {"指标": "存在围护安全隐患的住宅数量（栋）", "中类": "住房", "board": "安全韧性底线", "来源": "2026补充", "原图层": "存在围护安全隐患的住宅", "街办_源": "小溪塔街办", "社区_源": "峡江社区", "小区_源": "泉源小区", "楼栋_源": "泉源小区20栋", "社区": "峡江社区"}, "geometry": {"type": "Point", "coordinates": [111.29769755200005, 30.771036236000043]}}, {"type": "Feature", "properties": {"指标": "存在围护安全隐患的住宅数量（栋）", "中类": "住房", "board": "安全韧性底线", "来源": "2026补充", "原图层": "存在围护安全隐患的住宅", "街办_源": "小溪塔街办", "社区_源": "峡江社区", "小区_源": "香山凤凰城小区", "楼栋_源": "香山凤凰城1栋", "社区": "峡江社区"}, "geometry": {"type": "Point", "coordinates": [111.30190737900006, 30.76794719700007]}}, {"type": "Feature", "properties": {"指标": "存在围护安全隐患的住宅数量（栋）", "中类": "住房", "board": "安全韧性底线", "来源": "2026补充", "原图层": "存在围护安全隐患的住宅", "街办_源": "小溪塔街办", "社区_源": "峡江社区", "小区_源": "湖光路北侧杂居小区", "楼栋_源": "湖光金苑（老）1栋一单元", "社区": "峡江社区"}, "geometry": {"type": "Point", "coordinates": [111.29896531800006, 30.76773004200004]}}, {"type": "Feature", "properties": {"指标": "存在围护安全隐患的住宅数量（栋）", "中类": "住房", "board": "安全韧性底线", "来源": "2026补充", "原图层": "存在围护安全隐患的住宅", "街办_源": "小溪塔街办", "社区_源": "峡江社区", "小区_源": "湖光路北侧杂居小区", "楼栋_源": "张海峰的住宅", "社区": "峡江社区"}, "geometry": {"type": "Point", "coordinates": [111.29825473600005, 30.768154284000047]}}, {"type": "Feature", "properties": {"指标": "存在围护安全隐患的住宅数量（栋）", "中类": "住房", "board": "安全韧性底线", "来源": "2026补充", "原图层": "存在围护安全隐患的住宅", "街办_源": "东城试验区", "社区_源": "润城社区", "小区_源": "至上未来城", "楼栋_源": "至上未来城9号楼", "社区": "润城社区"}, "geometry": {"type": "Point", "coordinates": [111.33784593200005, 30.75288755100007]}}, {"type": "Feature", "properties": {"指标": "存在围护安全隐患的住宅数量（栋）", "中类": "住房", "board": "安全韧性底线", "来源": "2026补充", "原图层": "存在围护安全隐患的住宅", "街办_源": "东城试验区", "社区_源": "润城社区", "小区_源": "至上未来城", "楼栋_源": "至上未来城8号楼", "社区": "润城社区"}, "geometry": {"type": "Point", "coordinates": [111.33855477000009, 30.752804037000033]}}, {"type": "Feature", "properties": {"指标": "存在围护安全隐患的住宅数量（栋）", "中类": "住房", "board": "安全韧性底线", "来源": "2026补充", "原图层": "存在围护安全隐患的住宅", "街办_源": "东城试验区", "社区_源": "润城社区", "小区_源": "至上未来城", "楼栋_源": "至上未来城2栋", "社区": "润城社区"}, "geometry": {"type": "Point", "coordinates": [111.33721712400006, 30.751438325000038]}}, {"type": "Feature", "properties": {"指标": "存在围护安全隐患的住宅数量（栋）", "中类": "住房", "board": "安全韧性底线", "来源": "2026补充", "原图层": "存在围护安全隐患的住宅", "街办_源": "东城试验区", "社区_源": "润城社区", "小区_源": "山水国际", "楼栋_源": "山水国际11栋2单元", "社区": "润城社区"}, "geometry": {"type": "Point", "coordinates": [111.34237230500008, 30.760780784000076]}}, {"type": "Feature", "properties": {"指标": "存在围护安全隐患的住宅数量（栋）", "中类": "住房", "board": "安全韧性底线", "来源": "2026补充", "原图层": "存在围护安全隐患的住宅", "街办_源": "东城试验区", "社区_源": "润城社区", "小区_源": "山水国际", "楼栋_源": "山水国际11栋1单元", "社区": "润城社区"}, "geometry": {"type": "Point", "coordinates": [111.34208447700007, 30.76074121000005]}}, {"type": "Feature", "properties": {"指标": "存在围护安全隐患的住宅数量（栋）", "中类": "住房", "board": "安全韧性底线", "来源": "2026补充", "原图层": "存在围护安全隐患的住宅", "街办_源": "东城试验区", "社区_源": "润城社区", "小区_源": "山水国际", "楼栋_源": "山水国际11栋3单元", "社区": "润城社区"}, "geometry": {"type": "Point", "coordinates": [111.34267164600004, 30.760815410000077]}}, {"type": "Feature", "properties": {"指标": "存在围护安全隐患的住宅数量（栋）", "中类": "住房", "board": "安全韧性底线", "来源": "2026补充", "原图层": "存在围护安全隐患的住宅", "街办_源": "东城试验区", "社区_源": "润城社区", "小区_源": "山水国际", "楼栋_源": "山水国际8栋1单元", "社区": "润城社区"}, "geometry": {"type": "Point", "coordinates": [111.33925512900004, 30.759848332000047]}}, {"type": "Feature", "properties": {"指标": "存在围护安全隐患的住宅数量（栋）", "中类": "住房", "board": "安全韧性底线", "来源": "2026补充", "原图层": "存在围护安全隐患的住宅", "街办_源": "东城试验区", "社区_源": "润城社区", "小区_源": "山水国际", "楼栋_源": "山水国际8栋2单元", "社区": "润城社区"}, "geometry": {"type": "Point", "coordinates": [111.33965520900006, 30.75997694600005]}}, {"type": "Feature", "properties": {"指标": "存在围护安全隐患的住宅数量（栋）", "中类": "住房", "board": "安全韧性底线", "来源": "2026补充", "原图层": "存在围护安全隐患的住宅", "街办_源": "东城试验区", "社区_源": "润城社区", "小区_源": "山水国际", "楼栋_源": "山水国际2栋", "社区": "润城社区"}, "geometry": {"type": "Point", "coordinates": [111.34303430900007, 30.760310849000064]}}, {"type": "Feature", "properties": {"指标": "存在围护安全隐患的住宅数量（栋）", "中类": "住房", "board": "安全韧性底线", "来源": "2026补充", "原图层": "存在围护安全隐患的住宅", "街办_源": "东城试验区", "社区_源": "润城社区", "小区_源": "山水国际", "楼栋_源": "山水国际3栋", "社区": "润城社区"}, "geometry": {"type": "Point", "coordinates": [111.34289327300007, 30.759647990000076]}}, {"type": "Feature", "properties": {"指标": "存在围护安全隐患的住宅数量（栋）", "中类": "住房", "board": "安全韧性底线", "来源": "2026补充", "原图层": "存在围护安全隐患的住宅", "街办_源": "东城试验区", "社区_源": "润城社区", "小区_源": "山水国际", "楼栋_源": "山水国际1栋", "社区": "润城社区"}, "geometry": {"type": "Point", "coordinates": [111.34315807500008, 30.760820357000057]}}, {"type": "Feature", "properties": {"指标": "存在围护安全隐患的住宅数量（栋）", "中类": "住房", "board": "安全韧性底线", "来源": "2026补充", "原图层": "存在围护安全隐患的住宅", "街办_源": "东城试验区", "社区_源": "润城社区", "小区_源": "山水国际", "楼栋_源": "山水国际7栋1单元", "社区": "润城社区"}, "geometry": {"type": "Point", "coordinates": [111.34034024000005, 30.759732084000063]}}, {"type": "Feature", "properties": {"指标": "存在围护安全隐患的住宅数量（栋）", "中类": "住房", "board": "安全韧性底线", "来源": "2026补充", "原图层": "存在围护安全隐患的住宅", "街办_源": "东城试验区", "社区_源": "润城社区", "小区_源": "山水国际", "楼栋_源": "山水国际7栋2单元", "社区": "润城社区"}, "geometry": {"type": "Point", "coordinates": [111.34059928500005, 30.75951195400006]}}, {"type": "Feature", "properties": {"指标": "存在围护安全隐患的住宅数量（栋）", "中类": "住房", "board": "安全韧性底线", "来源": "2026补充", "原图层": "存在围护安全隐患的住宅", "街办_源": "东城试验区", "社区_源": "润城社区", "小区_源": "山水国际", "楼栋_源": "山水国际4栋", "社区": "润城社区"}, "geometry": {"type": "Point", "coordinates": [111.34272057600003, 30.759103848000052]}}, {"type": "Feature", "properties": {"指标": "存在围护安全隐患的住宅数量（栋）", "中类": "住房", "board": "安全韧性底线", "来源": "2026补充", "原图层": "存在围护安全隐患的住宅", "街办_源": "东城试验区", "社区_源": "润城社区", "小区_源": "山水国际", "楼栋_源": "山水国际6栋1单元", "社区": "润城社区"}, "geometry": {"type": "Point", "coordinates": [111.34115939800006, 30.76047666200003]}}, {"type": "Feature", "properties": {"指标": "存在围护安全隐患的住宅数量（栋）", "中类": "住房", "board": "安全韧性底线", "来源": "2026补充", "原图层": "存在围护安全隐患的住宅", "街办_源": "东城试验区", "社区_源": "润城社区", "小区_源": "山水国际", "楼栋_源": "山水国际6栋2单元", "社区": "润城社区"}, "geometry": {"type": "Point", "coordinates": [111.34163944900007, 30.76059728200005]}}, {"type": "Feature", "properties": {"指标": "存在围护安全隐患的住宅数量（栋）", "中类": "住房", "board": "安全韧性底线", "来源": "2026补充", "原图层": "存在围护安全隐患的住宅", "街办_源": "东城试验区", "社区_源": "润城社区", "小区_源": "山水国际", "楼栋_源": "山水国际12栋", "社区": "润城社区"}, "geometry": {"type": "Point", "coordinates": [111.34132748900004, 30.75898759900008]}}, {"type": "Feature", "properties": {"指标": "存在围护安全隐患的住宅数量（栋）", "中类": "住房", "board": "安全韧性底线", "来源": "2026补充", "原图层": "存在围护安全隐患的住宅", "街办_源": "东城试验区", "社区_源": "润城社区", "小区_源": "梅岭一号", "楼栋_源": "梅岭一号6栋", "社区": "润城社区"}, "geometry": {"type": "Point", "coordinates": [111.33901258300006, 30.757371404000025]}}, {"type": "Feature", "properties": {"指标": "存在围护安全隐患的住宅数量（栋）", "中类": "住房", "board": "安全韧性底线", "来源": "2026补充", "原图层": "存在围护安全隐患的住宅", "街办_源": "东城试验区", "社区_源": "润城社区", "小区_源": "梅岭一号", "楼栋_源": "梅岭一号5栋", "社区": "润城社区"}, "geometry": {"type": "Point", "coordinates": [111.33957141100007, 30.75712190200005]}}, {"type": "Feature", "properties": {"指标": "存在围护安全隐患的住宅数量（栋）", "中类": "住房", "board": "安全韧性底线", "来源": "2026补充", "原图层": "存在围护安全隐患的住宅", "街办_源": "东城试验区", "社区_源": "黄金卡社区", "小区_源": "汇锦苑小区", "楼栋_源": "5号楼", "社区": "黄金卡社区"}, "geometry": {"type": "Point", "coordinates": [111.33863383300007, 30.787583391000055]}}, {"type": "Feature", "properties": {"指标": "存在围护安全隐患的住宅数量（栋）", "中类": "住房", "board": "安全韧性底线", "来源": "2026补充", "原图层": "存在围护安全隐患的住宅", "街办_源": "东城试验区", "社区_源": "绿洲社区", "小区_源": "恒大绿洲", "楼栋_源": "恒大绿洲14号楼", "社区": "绿洲社区"}, "geometry": {"type": "Point", "coordinates": [111.34095666000007, 30.769959766000056]}}, {"type": "Feature", "properties": {"指标": "存在围护安全隐患的住宅数量（栋）", "中类": "住房", "board": "安全韧性底线", "来源": "2026补充", "原图层": "存在围护安全隐患的住宅", "街办_源": "东城试验区", "社区_源": "绿洲社区", "小区_源": "恒大绿洲", "楼栋_源": "恒大绿洲22号楼", "社区": "绿洲社区"}, "geometry": {"type": "Point", "coordinates": [111.34139393900006, 30.76885816500004]}}, {"type": "Feature", "properties": {"指标": "存在围护安全隐患的住宅数量（栋）", "中类": "住房", "board": "安全韧性底线", "来源": "2026补充", "原图层": "存在围护安全隐患的住宅", "街办_源": "东城试验区", "社区_源": "绿洲社区", "小区_源": "恒大绿洲", "楼栋_源": "恒大绿洲30号楼", "社区": "绿洲社区"}, "geometry": {"type": "Point", "coordinates": [111.34090629300005, 30.766464107000047]}}, {"type": "Feature", "properties": {"指标": "存在围护安全隐患的住宅数量（栋）", "中类": "住房", "board": "安全韧性底线", "来源": "2026补充", "原图层": "存在围护安全隐患的住宅", "街办_源": "东城试验区", "社区_源": "绿洲社区", "小区_源": "恒大绿洲", "楼栋_源": "恒大绿洲48、49号楼", "社区": "绿洲社区"}, "geometry": {"type": "Point", "coordinates": [111.33740376800006, 30.765251195000076]}}, {"type": "Feature", "properties": {"指标": "存在围护安全隐患的住宅数量（栋）", "中类": "住房", "board": "安全韧性底线", "来源": "2026补充", "原图层": "存在围护安全隐患的住宅", "街办_源": "东城试验区", "社区_源": "绿洲社区", "小区_源": "恒大绿洲", "楼栋_源": "恒大绿洲32号楼", "社区": "绿洲社区"}, "geometry": {"type": "Point", "coordinates": [111.34139594200008, 30.766772712000034]}}, {"type": "Feature", "properties": {"指标": "存在围护安全隐患的住宅数量（栋）", "中类": "住房", "board": "安全韧性底线", "来源": "2026补充", "原图层": "存在围护安全隐患的住宅", "街办_源": "东城试验区", "社区_源": "绿洲社区", "小区_源": "恒大绿洲", "楼栋_源": "恒大绿洲12、13号楼13 12 11栋", "社区": "绿洲社区"}, "geometry": {"type": "Point", "coordinates": [111.33988277900005, 30.76976956900006]}}, {"type": "Feature", "properties": {"指标": "存在围护安全隐患的住宅数量（栋）", "中类": "住房", "board": "安全韧性底线", "来源": "2026补充", "原图层": "存在围护安全隐患的住宅", "街办_源": "东城试验区", "社区_源": "绿洲社区", "小区_源": "恒大绿洲", "楼栋_源": "恒大绿洲12、13号楼12栋", "社区": "绿洲社区"}, "geometry": {"type": "Point", "coordinates": [111.33961448800005, 30.76967735900007]}}, {"type": "Feature", "properties": {"指标": "存在围护安全隐患的住宅数量（栋）", "中类": "住房", "board": "安全韧性底线", "来源": "2026补充", "原图层": "存在围护安全隐患的住宅", "街办_源": "东城试验区", "社区_源": "绿洲社区", "小区_源": "恒大绿洲", "楼栋_源": "恒大绿洲50、51号楼", "社区": "绿洲社区"}, "geometry": {"type": "Point", "coordinates": [111.33806197600006, 30.765782960000024]}}, {"type": "Feature", "properties": {"指标": "存在围护安全隐患的住宅数量（栋）", "中类": "住房", "board": "安全韧性底线", "来源": "2026补充", "原图层": "存在围护安全隐患的住宅", "街办_源": "东城试验区", "社区_源": "绿洲社区", "小区_源": "恒大绿洲", "楼栋_源": "恒大绿洲9、10、11号楼", "社区": "绿洲社区"}, "geometry": {"type": "Point", "coordinates": [111.33888931500007, 30.769444376000024]}}, {"type": "Feature", "properties": {"指标": "存在围护安全隐患的住宅数量（栋）", "中类": "住房", "board": "安全韧性底线", "来源": "2026补充", "原图层": "存在围护安全隐患的住宅", "街办_源": "东城试验区", "社区_源": "绿洲社区", "小区_源": "晨光花园", "楼栋_源": "晨光花园住宅楼", "社区": "绿洲社区"}, "geometry": {"type": "Point", "coordinates": [111.34145580200004, 30.773162540000044]}}, {"type": "Feature", "properties": {"指标": "存在围护安全隐患的住宅数量（栋）", "中类": "住房", "board": "安全韧性底线", "来源": "2026补充", "原图层": "存在围护安全隐患的住宅", "街办_源": "小溪塔街办", "社区_源": "望江社区", "小区_源": "望江花园", "楼栋_源": "望江花园1号楼", "社区": "望江社区"}, "geometry": {"type": "Point", "coordinates": [111.29337735700005, 30.763244272000065]}}, {"type": "Feature", "properties": {"指标": "存在围护安全隐患的住宅数量（栋）", "中类": "住房", "board": "安全韧性底线", "来源": "2026补充", "原图层": "存在围护安全隐患的住宅", "街办_源": "小溪塔街办", "社区_源": "丁家坝社区", "小区_源": "丁家坝花园", "楼栋_源": "1号楼", "社区": "丁家坝社区"}, "geometry": {"type": "Point", "coordinates": [111.31382468000004, 30.776354542000036]}}, {"type": "Feature", "properties": {"指标": "存在围护安全隐患的住宅数量（栋）", "中类": "住房", "board": "安全韧性底线", "来源": "2026补充", "原图层": "存在围护安全隐患的住宅", "街办_源": "小溪塔街办", "社区_源": "丁家坝社区", "小区_源": "丁家坝花园", "楼栋_源": "3号楼", "社区": "丁家坝社区"}, "geometry": {"type": "Point", "coordinates": [111.31292548900007, 30.776315425000064]}}, {"type": "Feature", "properties": {"指标": "存在围护安全隐患的住宅数量（栋）", "中类": "住房", "board": "安全韧性底线", "来源": "2026补充", "原图层": "存在围护安全隐患的住宅", "街办_源": "小溪塔街办", "社区_源": "丁家坝社区", "小区_源": "家旺朗月半岛", "楼栋_源": "1号楼", "社区": "丁家坝社区"}, "geometry": {"type": "Point", "coordinates": [111.30621391100004, 30.774486551000052]}}, {"type": "Feature", "properties": {"指标": "存在围护安全隐患的住宅数量（栋）", "中类": "住房", "board": "安全韧性底线", "来源": "2026补充", "原图层": "存在围护安全隐患的住宅", "街办_源": "小溪塔街办", "社区_源": "丁家坝社区", "小区_源": "家旺朗月半岛", "楼栋_源": "6号楼", "社区": "丁家坝社区"}, "geometry": {"type": "Point", "coordinates": [111.30562214800005, 30.775518460000058]}}, {"type": "Feature", "properties": {"指标": "存在围护安全隐患的住宅数量（栋）", "中类": "住房", "board": "安全韧性底线", "来源": "2026补充", "原图层": "存在围护安全隐患的住宅", "街办_源": "小溪塔街办", "社区_源": "营盘社区", "小区_源": "林业农业杂居小区", "楼栋_源": "夷陵区水利电力局李昌柱", "社区": "营盘社区"}, "geometry": {"type": "Point", "coordinates": [111.32373278300008, 30.772451644000057]}}, {"type": "Feature", "properties": {"指标": "存在围护安全隐患的住宅数量（栋）", "中类": "住房", "board": "安全韧性底线", "来源": "2026补充", "原图层": "存在围护安全隐患的住宅", "街办_源": "小溪塔街办", "社区_源": "营盘社区", "小区_源": "柏林馨苑", "楼栋_源": "17", "社区": "营盘社区"}, "geometry": {"type": "Point", "coordinates": [111.32555870800007, 30.772412356000075]}}, {"type": "Feature", "properties": {"指标": "存在围护安全隐患的住宅数量（栋）", "中类": "住房", "board": "安全韧性底线", "来源": "2026补充", "原图层": "存在围护安全隐患的住宅", "街办_源": "小溪塔街办", "社区_源": "营盘社区", "小区_源": "黄金杂居小区", "楼栋_源": "29", "社区": "营盘社区"}, "geometry": {"type": "Point", "coordinates": [111.33297013600009, 30.779570799000055]}}, {"type": "Feature", "properties": {"指标": "存在围护安全隐患的住宅数量（栋）", "中类": "住房", "board": "安全韧性底线", "来源": "2026补充", "原图层": "存在围护安全隐患的住宅", "街办_源": "点军街办", "社区_源": "梅子溪社区", "小区_源": "五龙源著", "楼栋_源": "五龙源著B区", "社区": "梅子溪社区"}, "geometry": {"type": "Point", "coordinates": [111.26697256300008, 30.66083948200003]}}, {"type": "Feature", "properties": {"指标": "存在楼道安全隐患的住宅数量（栋）", "中类": "安全消防", "board": "安全韧性底线", "来源": "2026补充", "原图层": "存在楼道安全隐患的住宅", "街办_源": "点军街办", "社区_源": "五龙社区", "小区_源": "建投樾山", "楼栋_源": "6栋", "社区": "五龙社区"}, "geometry": {"type": "Point", "coordinates": [111.25528722100006, 30.67569438000004]}}, {"type": "Feature", "properties": {"指标": "存在楼道安全隐患的住宅数量（栋）", "中类": "安全消防", "board": "安全韧性底线", "来源": "2026补充", "原图层": "存在楼道安全隐患的住宅", "街办_源": "点军街办", "社区_源": "五龙社区", "小区_源": "建投樾山", "楼栋_源": "9栋", "社区": "五龙社区"}, "geometry": {"type": "Point", "coordinates": [111.25561015800008, 30.67633975700005]}}, {"type": "Feature", "properties": {"指标": "存在楼道安全隐患的住宅数量（栋）", "中类": "安全消防", "board": "安全韧性底线", "来源": "2026补充", "原图层": "存在楼道安全隐患的住宅", "街办_源": "点军街办", "社区_源": "五龙社区", "小区_源": "建投樾山", "楼栋_源": "3栋", "社区": "五龙社区"}, "geometry": {"type": "Point", "coordinates": [111.25708977100004, 30.67541170100003]}}, {"type": "Feature", "properties": {"指标": "存在楼道安全隐患的住宅数量（栋）", "中类": "安全消防", "board": "安全韧性底线", "来源": "2026补充", "原图层": "存在楼道安全隐患的住宅", "街办_源": "点军街办", "社区_源": "五龙社区", "小区_源": "建投樾山", "楼栋_源": "4栋", "社区": "五龙社区"}, "geometry": {"type": "Point", "coordinates": [111.25726437700007, 30.675888721000035]}}, {"type": "Feature", "properties": {"指标": "存在楼道安全隐患的住宅数量（栋）", "中类": "安全消防", "board": "安全韧性底线", "来源": "2026补充", "原图层": "存在楼道安全隐患的住宅", "街办_源": "点军街办", "社区_源": "五龙社区", "小区_源": "建投樾山", "楼栋_源": "5栋", "社区": "五龙社区"}, "geometry": {"type": "Point", "coordinates": [111.25628863800006, 30.67585338600003]}}, {"type": "Feature", "properties": {"指标": "存在楼道安全隐患的住宅数量（栋）", "中类": "安全消防", "board": "安全韧性底线", "来源": "2026补充", "原图层": "存在楼道安全隐患的住宅", "街办_源": "点军街办", "社区_源": "五龙社区", "小区_源": "建投樾山", "楼栋_源": "7栋", "社区": "五龙社区"}, "geometry": {"type": "Point", "coordinates": [111.25785495500008, 30.67640990800004]}}, {"type": "Feature", "properties": {"指标": "存在楼道安全隐患的住宅数量（栋）", "中类": "安全消防", "board": "安全韧性底线", "来源": "2026补充", "原图层": "存在楼道安全隐患的住宅", "街办_源": "点军街办", "社区_源": "五龙社区", "小区_源": "建投樾山", "楼栋_源": "8栋", "社区": "五龙社区"}, "geometry": {"type": "Point", "coordinates": [111.25676623600003, 30.676440826000032]}}, {"type": "Feature", "properties": {"指标": "存在楼道安全隐患的住宅数量（栋）", "中类": "安全消防", "board": "安全韧性底线", "来源": "2026补充", "原图层": "存在楼道安全隐患的住宅", "街办_源": "点军街办", "社区_源": "五龙社区", "小区_源": "阳光花苑小区", "楼栋_源": "阳光花苑9栋", "社区": "五龙社区"}, "geometry": {"type": "Point", "coordinates": [111.26330960000007, 30.677056394000033]}}, {"type": "Feature", "properties": {"指标": "存在楼道安全隐患的住宅数量（栋）", "中类": "安全消防", "board": "安全韧性底线", "来源": "2026补充", "原图层": "存在楼道安全隐患的住宅", "街办_源": "点军街办", "社区_源": "五龙社区", "小区_源": "阳光花苑小区", "楼栋_源": "阳光花苑3栋", "社区": "五龙社区"}, "geometry": {"type": "Point", "coordinates": [111.26545935500008, 30.67570071800003]}}, {"type": "Feature", "properties": {"指标": "存在楼道安全隐患的住宅数量（栋）", "中类": "安全消防", "board": "安全韧性底线", "来源": "2026补充", "原图层": "存在楼道安全隐患的住宅", "街办_源": "点军街办", "社区_源": "五龙社区", "小区_源": "阳光花苑小区", "楼栋_源": "阳光花苑1栋", "社区": "五龙社区"}, "geometry": {"type": "Point", "coordinates": [111.26546766100006, 30.674560665000058]}}, {"type": "Feature", "properties": {"指标": "存在楼道安全隐患的住宅数量（栋）", "中类": "安全消防", "board": "安全韧性底线", "来源": "2026补充", "原图层": "存在楼道安全隐患的住宅", "街办_源": "点军街办", "社区_源": "五龙社区", "小区_源": "阳光花苑小区", "楼栋_源": "阳光花苑10栋", "社区": "五龙社区"}, "geometry": {"type": "Point", "coordinates": [111.26211171100005, 30.677022428000043]}}, {"type": "Feature", "properties": {"指标": "存在楼道安全隐患的住宅数量（栋）", "中类": "安全消防", "board": "安全韧性底线", "来源": "2026补充", "原图层": "存在楼道安全隐患的住宅", "街办_源": "点军街办", "社区_源": "五龙社区", "小区_源": "阳光花苑小区", "楼栋_源": "阳光花苑15栋", "社区": "五龙社区"}, "geometry": {"type": "Point", "coordinates": [111.26339333300007, 30.67858600200003]}}, {"type": "Feature", "properties": {"指标": "存在楼道安全隐患的住宅数量（栋）", "中类": "安全消防", "board": "安全韧性底线", "来源": "2026补充", "原图层": "存在楼道安全隐患的住宅", "街办_源": "点军街办", "社区_源": "五龙社区", "小区_源": "阳光花苑小区", "楼栋_源": "阳光花苑4栋", "社区": "五龙社区"}, "geometry": {"type": "Point", "coordinates": [111.26543918100003, 30.676205929000048]}}, {"type": "Feature", "properties": {"指标": "存在楼道安全隐患的住宅数量（栋）", "中类": "安全消防", "board": "安全韧性底线", "来源": "2026补充", "原图层": "存在楼道安全隐患的住宅", "街办_源": "点军街办", "社区_源": "五龙社区", "小区_源": "阳光花苑小区", "楼栋_源": "阳光花苑5栋", "社区": "五龙社区"}, "geometry": {"type": "Point", "coordinates": [111.26562905100008, 30.67672032400003]}}, {"type": "Feature", "properties": {"指标": "存在楼道安全隐患的住宅数量（栋）", "中类": "安全消防", "board": "安全韧性底线", "来源": "2026补充", "原图层": "存在楼道安全隐患的住宅", "街办_源": "点军街办", "社区_源": "五龙社区", "小区_源": "阳光花苑小区", "楼栋_源": "阳光花苑11栋", "社区": "五龙社区"}, "geometry": {"type": "Point", "coordinates": [111.26184589300004, 30.677602137000065]}}, {"type": "Feature", "properties": {"指标": "存在楼道安全隐患的住宅数量（栋）", "中类": "安全消防", "board": "安全韧性底线", "来源": "2026补充", "原图层": "存在楼道安全隐患的住宅", "街办_源": "点军街办", "社区_源": "五龙社区", "小区_源": "阳光花苑小区", "楼栋_源": "阳光花苑6栋", "社区": "五龙社区"}, "geometry": {"type": "Point", "coordinates": [111.26479926000007, 30.674820418000024]}}, {"type": "Feature", "properties": {"指标": "存在楼道安全隐患的住宅数量（栋）", "中类": "安全消防", "board": "安全韧性底线", "来源": "2026补充", "原图层": "存在楼道安全隐患的住宅", "街办_源": "点军街办", "社区_源": "五龙社区", "小区_源": "阳光花苑小区", "楼栋_源": "阳光花苑8栋", "社区": "五龙社区"}, "geometry": {"type": "Point", "coordinates": [111.26219164600008, 30.67637968100007]}}, {"type": "Feature", "properties": {"指标": "存在楼道安全隐患的住宅数量（栋）", "中类": "安全消防", "board": "安全韧性底线", "来源": "2026补充", "原图层": "存在楼道安全隐患的住宅", "街办_源": "点军街办", "社区_源": "五龙社区", "小区_源": "阳光花苑小区", "楼栋_源": "阳光花苑13栋", "社区": "五龙社区"}, "geometry": {"type": "Point", "coordinates": [111.26226455600005, 30.678300070000034]}}, {"type": "Feature", "properties": {"指标": "存在楼道安全隐患的住宅数量（栋）", "中类": "安全消防", "board": "安全韧性底线", "来源": "2026补充", "原图层": "存在楼道安全隐患的住宅", "街办_源": "点军街办", "社区_源": "五龙社区", "小区_源": "阳光花苑小区", "楼栋_源": "阳光花苑2栋", "社区": "五龙社区"}, "geometry": {"type": "Point", "coordinates": [111.26518493300006, 30.675203158000045]}}, {"type": "Feature", "properties": {"指标": "存在楼道安全隐患的住宅数量（栋）", "中类": "安全消防", "board": "安全韧性底线", "来源": "2026补充", "原图层": "存在楼道安全隐患的住宅", "街办_源": "点军街办", "社区_源": "五龙社区", "小区_源": "阳光花苑小区", "楼栋_源": "阳光花苑7栋", "社区": "五龙社区"}, "geometry": {"type": "Point", "coordinates": [111.26331263800006, 30.675990373000047]}}, {"type": "Feature", "properties": {"指标": "存在楼道安全隐患的住宅数量（栋）", "中类": "安全消防", "board": "安全韧性底线", "来源": "2026补充", "原图层": "存在楼道安全隐患的住宅", "街办_源": "点军街办", "社区_源": "五龙社区", "小区_源": "阳光花苑小区", "楼栋_源": "阳光花苑14栋", "社区": "五龙社区"}, "geometry": {"type": "Point", "coordinates": [111.26272255800006, 30.678539310000076]}}, {"type": "Feature", "properties": {"指标": "存在楼道安全隐患的住宅数量（栋）", "中类": "安全消防", "board": "安全韧性底线", "来源": "2026补充", "原图层": "存在楼道安全隐患的住宅", "街办_源": "点军街办", "社区_源": "五龙社区", "小区_源": "阳光花苑小区", "楼栋_源": "阳光花苑12栋", "社区": "五龙社区"}, "geometry": {"type": "Point", "coordinates": [111.26175095800005, 30.678169341000057]}}, {"type": "Feature", "properties": {"指标": "存在楼道安全隐患的住宅数量（栋）", "中类": "安全消防", "board": "安全韧性底线", "来源": "2026补充", "原图层": "存在楼道安全隐患的住宅", "街办_源": "点军街办", "社区_源": "梅子溪社区", "小区_源": "江南时代", "楼栋_源": "江南时代1栋", "社区": "梅子溪社区"}, "geometry": {"type": "Point", "coordinates": [111.26380553000007, 30.673664502000065]}}, {"type": "Feature", "properties": {"指标": "存在楼道安全隐患的住宅数量（栋）", "中类": "安全消防", "board": "安全韧性底线", "来源": "2026补充", "原图层": "存在楼道安全隐患的住宅", "街办_源": "点军街办", "社区_源": "五龙社区", "小区_源": "杨家湾小区", "楼栋_源": "杨家湾1栋", "社区": "五龙社区"}, "geometry": {"type": "Point", "coordinates": [111.26740132300006, 30.674009862000048]}}, {"type": "Feature", "properties": {"指标": "存在楼道安全隐患的住宅数量（栋）", "中类": "安全消防", "board": "安全韧性底线", "来源": "2026补充", "原图层": "存在楼道安全隐患的住宅", "街办_源": "点军街办", "社区_源": "五龙社区", "小区_源": "江南星城", "楼栋_源": "江南星城7栋", "社区": "五龙社区"}, "geometry": {"type": "Point", "coordinates": [111.26962374600004, 30.67726611300003]}}, {"type": "Feature", "properties": {"指标": "存在楼道安全隐患的住宅数量（栋）", "中类": "安全消防", "board": "安全韧性底线", "来源": "2026补充", "原图层": "存在楼道安全隐患的住宅", "街办_源": "点军街办", "社区_源": "五龙社区", "小区_源": "江南星城", "楼栋_源": "江南星城15栋", "社区": "五龙社区"}, "geometry": {"type": "Point", "coordinates": [111.26840395600004, 30.679032404000054]}}, {"type": "Feature", "properties": {"指标": "存在楼道安全隐患的住宅数量（栋）", "中类": "安全消防", "board": "安全韧性底线", "来源": "2026补充", "原图层": "存在楼道安全隐患的住宅", "街办_源": "点军街办", "社区_源": "五龙社区", "小区_源": "江南星城", "楼栋_源": "江南星城19栋", "社区": "五龙社区"}, "geometry": {"type": "Point", "coordinates": [111.26745198700007, 30.67979655000005]}}, {"type": "Feature", "properties": {"指标": "存在楼道安全隐患的住宅数量（栋）", "中类": "安全消防", "board": "安全韧性底线", "来源": "2026补充", "原图层": "存在楼道安全隐患的住宅", "街办_源": "点军街办", "社区_源": "五龙社区", "小区_源": "江南星城", "楼栋_源": "江南星城1栋", "社区": "五龙社区"}, "geometry": {"type": "Point", "coordinates": [111.27227010200005, 30.67638998600006]}}, {"type": "Feature", "properties": {"指标": "存在楼道安全隐患的住宅数量（栋）", "中类": "安全消防", "board": "安全韧性底线", "来源": "2026补充", "原图层": "存在楼道安全隐患的住宅", "街办_源": "点军街办", "社区_源": "五龙社区", "小区_源": "江南星城", "楼栋_源": "江南星城3栋", "社区": "五龙社区"}, "geometry": {"type": "Point", "coordinates": [111.27153790600005, 30.67679987100007]}}, {"type": "Feature", "properties": {"指标": "存在楼道安全隐患的住宅数量（栋）", "中类": "安全消防", "board": "安全韧性底线", "来源": "2026补充", "原图层": "存在楼道安全隐患的住宅", "街办_源": "点军街办", "社区_源": "梅子溪社区", "小区_源": "宜昌碧桂园", "楼栋_源": "宜昌碧桂园柏林小区73栋", "社区": "梅子溪社区"}, "geometry": {"type": "Point", "coordinates": [111.26526880400007, 30.664377586000057]}}, {"type": "Feature", "properties": {"指标": "存在楼道安全隐患的住宅数量（栋）", "中类": "安全消防", "board": "安全韧性底线", "来源": "2026补充", "原图层": "存在楼道安全隐患的住宅", "街办_源": "点军街办", "社区_源": "谭家河社区", "小区_源": "谭家河社区", "楼栋_源": "1", "社区": "谭家河社区"}, "geometry": {"type": "Point", "coordinates": [111.30140522700009, 30.66749262700006]}}, {"type": "Feature", "properties": {"指标": "存在楼道安全隐患的住宅数量（栋）", "中类": "安全消防", "board": "安全韧性底线", "来源": "2026补充", "原图层": "存在楼道安全隐患的住宅", "街办_源": "虎牙街办", "社区_源": "虎牙社区", "小区_源": "猇亭大道18号院", "楼栋_源": "锦绣江东经济适用房", "社区": "虎牙社区"}, "geometry": {"type": "Point", "coordinates": [111.39871951600009, 30.568409674000065]}}, {"type": "Feature", "properties": {"指标": "存在楼道安全隐患的住宅数量（栋）", "中类": "安全消防", "board": "安全韧性底线", "来源": "2026补充", "原图层": "存在楼道安全隐患的住宅", "街办_源": "虎牙街办", "社区_源": "鸡山社区", "小区_源": "鸡山三村", "楼栋_源": "鸡山新村15号楼", "社区": "鸡山社区"}, "geometry": {"type": "Point", "coordinates": [111.44504862500008, 30.551985801000058]}}, {"type": "Feature", "properties": {"指标": "存在楼道安全隐患的住宅数量（栋）", "中类": "安全消防", "board": "安全韧性底线", "来源": "2026补充", "原图层": "存在楼道安全隐患的住宅", "街办_源": "虎牙街办", "社区_源": "六泉湖社区", "小区_源": "六泉湖社区", "楼栋_源": "六泉湖社区1号楼2单元", "社区": "六泉湖社区"}, "geometry": {"type": "Point", "coordinates": [111.44981761600008, 30.55584893500003]}}, {"type": "Feature", "properties": {"指标": "存在楼道安全隐患的住宅数量（栋）", "中类": "安全消防", "board": "安全韧性底线", "来源": "2026补充", "原图层": "存在楼道安全隐患的住宅", "街办_源": "虎牙街办", "社区_源": "六泉湖社区", "小区_源": "六泉湖社区", "楼栋_源": "六泉湖社区21号楼1单元", "社区": "六泉湖社区"}, "geometry": {"type": "Point", "coordinates": [111.45115465200007, 30.55709934400005]}}, {"type": "Feature", "properties": {"指标": "存在楼道安全隐患的住宅数量（栋）", "中类": "安全消防", "board": "安全韧性底线", "来源": "2026补充", "原图层": "存在楼道安全隐患的住宅", "街办_源": "虎牙街办", "社区_源": "六泉湖社区", "小区_源": "六泉湖社区", "楼栋_源": "六泉湖社区6号楼2单元", "社区": "六泉湖社区"}, "geometry": {"type": "Point", "coordinates": [111.44971481900006, 30.556332844000053]}}, {"type": "Feature", "properties": {"指标": "存在楼道安全隐患的住宅数量（栋）", "中类": "安全消防", "board": "安全韧性底线", "来源": "2026补充", "原图层": "存在楼道安全隐患的住宅", "街办_源": "虎牙街办", "社区_源": "六泉湖社区", "小区_源": "六泉湖社区", "楼栋_源": "六泉湖社区9栋的房屋2单元", "社区": "六泉湖社区"}, "geometry": {"type": "Point", "coordinates": [111.44911356300008, 30.557139567000036]}}, {"type": "Feature", "properties": {"指标": "存在楼道安全隐患的住宅数量（栋）", "中类": "安全消防", "board": "安全韧性底线", "来源": "2026补充", "原图层": "存在楼道安全隐患的住宅", "街办_源": "虎牙街办", "社区_源": "六泉湖社区", "小区_源": "六泉湖社区", "楼栋_源": "六泉湖社区7号楼2单元", "社区": "六泉湖社区"}, "geometry": {"type": "Point", "coordinates": [111.44950171500005, 30.55660685600003]}}, {"type": "Feature", "properties": {"指标": "存在楼道安全隐患的住宅数量（栋）", "中类": "安全消防", "board": "安全韧性底线", "来源": "2026补充", "原图层": "存在楼道安全隐患的住宅", "街办_源": "虎牙街办", "社区_源": "六泉湖社区", "小区_源": "六泉湖社区", "楼栋_源": "六泉湖社区8号楼2单元", "社区": "六泉湖社区"}, "geometry": {"type": "Point", "coordinates": [111.44927988500007, 30.556855862000077]}}, {"type": "Feature", "properties": {"指标": "存在楼道安全隐患的住宅数量（栋）", "中类": "安全消防", "board": "安全韧性底线", "来源": "2026补充", "原图层": "存在楼道安全隐患的住宅", "街办_源": "虎牙街办", "社区_源": "六泉湖社区", "小区_源": "六泉湖社区", "楼栋_源": "22号楼2单元", "社区": "六泉湖社区"}, "geometry": {"type": "Point", "coordinates": [111.45188955400005, 30.557689364000055]}}, {"type": "Feature", "properties": {"指标": "存在楼道安全隐患的住宅数量（栋）", "中类": "安全消防", "board": "安全韧性底线", "来源": "2026补充", "原图层": "存在楼道安全隐患的住宅", "街办_源": "古老背街办", "社区_源": "七里新村社区", "小区_源": "七里新村(七里冲路)", "楼栋_源": "1号楼2单元", "社区": "七里新村社区"}, "geometry": {"type": "Point", "coordinates": [111.43532133100007, 30.54409769500006]}}, {"type": "Feature", "properties": {"指标": "存在楼道安全隐患的住宅数量（栋）", "中类": "安全消防", "board": "安全韧性底线", "来源": "2026补充", "原图层": "存在楼道安全隐患的住宅", "街办_源": "古老背街办", "社区_源": "七里新村社区", "小区_源": "七里新村(七里冲路)", "楼栋_源": "第4栋1单元", "社区": "七里新村社区"}, "geometry": {"type": "Point", "coordinates": [111.43759818300003, 30.54592507700005]}}, {"type": "Feature", "properties": {"指标": "存在楼道安全隐患的住宅数量（栋）", "中类": "安全消防", "board": "安全韧性底线", "来源": "2026补充", "原图层": "存在楼道安全隐患的住宅", "街办_源": "古老背街办", "社区_源": "双桥社区", "小区_源": "建宜小区", "楼栋_源": "6号15栋", "社区": "双桥社区"}, "geometry": {"type": "Point", "coordinates": [111.42291278200008, 30.533548402000065]}}, {"type": "Feature", "properties": {"指标": "存在楼道安全隐患的住宅数量（栋）", "中类": "安全消防", "board": "安全韧性底线", "来源": "2026补充", "原图层": "存在楼道安全隐患的住宅", "街办_源": "古老背街办", "社区_源": "双桥社区", "小区_源": "云天金城", "楼栋_源": "云天金城", "社区": "双桥社区"}, "geometry": {"type": "Point", "coordinates": [111.42112291600006, 30.534546086000034]}}, {"type": "Feature", "properties": {"指标": "存在楼道安全隐患的住宅数量（栋）", "中类": "安全消防", "board": "安全韧性底线", "来源": "2026补充", "原图层": "存在楼道安全隐患的住宅", "街办_源": "古老背街办", "社区_源": "双桥社区", "小区_源": "商业广场民房", "楼栋_源": "商业三街16号", "社区": "双桥社区"}, "geometry": {"type": "Point", "coordinates": [111.42185393700004, 30.532717797000032]}}, {"type": "Feature", "properties": {"指标": "存在楼道安全隐患的住宅数量（栋）", "中类": "安全消防", "board": "安全韧性底线", "来源": "2026补充", "原图层": "存在楼道安全隐患的住宅", "街办_源": "古老背街办", "社区_源": "双桥社区", "小区_源": "商业广场民房", "楼栋_源": "碳素楼", "社区": "双桥社区"}, "geometry": {"type": "Point", "coordinates": [111.42174405100008, 30.53397086600006]}}, {"type": "Feature", "properties": {"指标": "存在楼道安全隐患的住宅数量（栋）", "中类": "安全消防", "board": "安全韧性底线", "来源": "2026补充", "原图层": "存在楼道安全隐患的住宅", "街办_源": "古老背街办", "社区_源": "古老背社区", "小区_源": "金猇路43号", "楼栋_源": "金猇路43号的房屋", "社区": "古老背社区"}, "geometry": {"type": "Point", "coordinates": [111.41729020800005, 30.53435138900005]}}, {"type": "Feature", "properties": {"指标": "存在楼道安全隐患的住宅数量（栋）", "中类": "安全消防", "board": "安全韧性底线", "来源": "2026补充", "原图层": "存在楼道安全隐患的住宅", "街办_源": "古老背街办", "社区_源": "古老背社区", "小区_源": "二印小区", "楼栋_源": "二印小区", "社区": "古老背社区"}, "geometry": {"type": "Point", "coordinates": [111.41304411000004, 30.529088957000056]}}, {"type": "Feature", "properties": {"指标": "存在楼道安全隐患的住宅数量（栋）", "中类": "安全消防", "board": "安全韧性底线", "来源": "2026补充", "原图层": "存在楼道安全隐患的住宅", "街办_源": "古老背街办", "社区_源": "桐岭社区", "小区_源": "盛世桃源", "楼栋_源": "盛世桃园第1栋房屋", "社区": "桐岭社区"}, "geometry": {"type": "Point", "coordinates": [111.42588741400004, 30.529738156000064]}}, {"type": "Feature", "properties": {"指标": "存在楼道安全隐患的住宅数量（栋）", "中类": "安全消防", "board": "安全韧性底线", "来源": "2026补充", "原图层": "存在楼道安全隐患的住宅", "街办_源": "古老背街办", "社区_源": "桐岭社区", "小区_源": "桐岭五组", "楼栋_源": "桐岭路71号古老背街办老宿舍楼", "社区": "桐岭社区"}, "geometry": {"type": "Point", "coordinates": [111.42056614800003, 30.528963172000033]}}, {"type": "Feature", "properties": {"指标": "存在楼道安全隐患的住宅数量（栋）", "中类": "安全消防", "board": "安全韧性底线", "来源": "2026补充", "原图层": "存在楼道安全隐患的住宅", "街办_源": "古老背街办", "社区_源": "桐岭新村社区", "小区_源": "桐岭新村", "楼栋_源": "二期18栋的房屋24栋", "社区": "桐岭新村社区"}, "geometry": {"type": "Point", "coordinates": [111.42664642600005, 30.524694509000028]}}, {"type": "Feature", "properties": {"指标": "存在楼道安全隐患的住宅数量（栋）", "中类": "安全消防", "board": "安全韧性底线", "来源": "2026补充", "原图层": "存在楼道安全隐患的住宅", "街办_源": "小溪塔街办", "社区_源": "谭家榜社区", "小区_源": "谭家榜杂居小区", "楼栋_源": "谭家榜杂居小区36", "社区": "谭家榜社区"}, "geometry": {"type": "Point", "coordinates": [111.34591848700006, 30.79384037400007]}}, {"type": "Feature", "properties": {"指标": "存在楼道安全隐患的住宅数量（栋）", "中类": "安全消防", "board": "安全韧性底线", "来源": "2026补充", "原图层": "存在楼道安全隐患的住宅", "街办_源": "小溪塔街办", "社区_源": "长江市场社区", "小区_源": "丰豪名都", "楼栋_源": "丰豪名都5栋", "社区": "长江市场社区"}, "geometry": {"type": "Point", "coordinates": [111.29563599900007, 30.769747576000043]}}, {"type": "Feature", "properties": {"指标": "存在楼道安全隐患的住宅数量（栋）", "中类": "安全消防", "board": "安全韧性底线", "来源": "2026补充", "原图层": "存在楼道安全隐患的住宅", "街办_源": "小溪塔街办", "社区_源": "长江市场社区", "小区_源": "长河湾小区", "楼栋_源": "长河湾小区10栋", "社区": "长江市场社区"}, "geometry": {"type": "Point", "coordinates": [111.29568921100008, 30.766921271000058]}}, {"type": "Feature", "properties": {"指标": "存在楼道安全隐患的住宅数量（栋）", "中类": "安全消防", "board": "安全韧性底线", "来源": "2026补充", "原图层": "存在楼道安全隐患的住宅", "街办_源": "小溪塔街办", "社区_源": "长江市场社区", "小区_源": "长河湾小区", "楼栋_源": "长河湾小区12栋", "社区": "长江市场社区"}, "geometry": {"type": "Point", "coordinates": [111.29500500000006, 30.765802446000066]}}, {"type": "Feature", "properties": {"指标": "存在楼道安全隐患的住宅数量（栋）", "中类": "安全消防", "board": "安全韧性底线", "来源": "2026补充", "原图层": "存在楼道安全隐患的住宅", "街办_源": "小溪塔街办", "社区_源": "长江市场社区", "小区_源": "宇隆嘉苑小区", "楼栋_源": "宇隆嘉苑4单元", "社区": "长江市场社区"}, "geometry": {"type": "Point", "coordinates": [111.29449087600005, 30.76635866600003]}}, {"type": "Feature", "properties": {"指标": "存在楼道安全隐患的住宅数量（栋）", "中类": "安全消防", "board": "安全韧性底线", "来源": "2026补充", "原图层": "存在楼道安全隐患的住宅", "街办_源": "小溪塔街办", "社区_源": "长江市场社区", "小区_源": "宇隆广场小区", "楼栋_源": "宇隆广场", "社区": "长江市场社区"}, "geometry": {"type": "Point", "coordinates": [111.29436407200006, 30.76829108000004]}}, {"type": "Feature", "properties": {"指标": "存在楼道安全隐患的住宅数量（栋）", "中类": "安全消防", "board": "安全韧性底线", "来源": "2026补充", "原图层": "存在楼道安全隐患的住宅", "街办_源": "小溪塔街办", "社区_源": "朝阳社区", "小区_源": "金凤朝阳小区", "楼栋_源": "1栋", "社区": "朝阳社区"}, "geometry": {"type": "Point", "coordinates": [111.33070989100008, 30.783879566000053]}}, {"type": "Feature", "properties": {"指标": "存在楼道安全隐患的住宅数量（栋）", "中类": "安全消防", "board": "安全韧性底线", "来源": "2026补充", "原图层": "存在楼道安全隐患的住宅", "街办_源": "小溪塔街办", "社区_源": "朝阳社区", "小区_源": "星城花园小区", "楼栋_源": "3幢", "社区": "朝阳社区"}, "geometry": {"type": "Point", "coordinates": [111.32792386800008, 30.779594388000078]}}, {"type": "Feature", "properties": {"指标": "存在楼道安全隐患的住宅数量（栋）", "中类": "安全消防", "board": "安全韧性底线", "来源": "2026补充", "原图层": "存在楼道安全隐患的住宅", "街办_源": "小溪塔街办", "社区_源": "朝阳社区", "小区_源": "星城花园小区", "楼栋_源": "2幢", "社区": "朝阳社区"}, "geometry": {"type": "Point", "coordinates": [111.32784053600005, 30.77923940200003]}}, {"type": "Feature", "properties": {"指标": "存在楼道安全隐患的住宅数量（栋）", "中类": "安全消防", "board": "安全韧性底线", "来源": "2026补充", "原图层": "存在楼道安全隐患的住宅", "街办_源": "小溪塔街办", "社区_源": "峡江社区", "小区_源": "骏达梅珑镇小区", "楼栋_源": "骏达梅珑镇4栋三单元", "社区": "峡江社区"}, "geometry": {"type": "Point", "coordinates": [111.29762950800006, 30.773079341000027]}}, {"type": "Feature", "properties": {"指标": "存在楼道安全隐患的住宅数量（栋）", "中类": "安全消防", "board": "安全韧性底线", "来源": "2026补充", "原图层": "存在楼道安全隐患的住宅", "街办_源": "小溪塔街办", "社区_源": "峡江社区", "小区_源": "骏达梅珑镇小区", "楼栋_源": "骏达梅珑镇5栋", "社区": "峡江社区"}, "geometry": {"type": "Point", "coordinates": [111.29841765200007, 30.772555082000054]}}, {"type": "Feature", "properties": {"指标": "存在楼道安全隐患的住宅数量（栋）", "中类": "安全消防", "board": "安全韧性底线", "来源": "2026补充", "原图层": "存在楼道安全隐患的住宅", "街办_源": "小溪塔街办", "社区_源": "峡江社区", "小区_源": "骏达梅珑镇小区", "楼栋_源": "骏达梅珑镇1栋", "社区": "峡江社区"}, "geometry": {"type": "Point", "coordinates": [111.29795401400008, 30.773001470000054]}}, {"type": "Feature", "properties": {"指标": "存在楼道安全隐患的住宅数量（栋）", "中类": "安全消防", "board": "安全韧性底线", "来源": "2026补充", "原图层": "存在楼道安全隐患的住宅", "街办_源": "小溪塔街办", "社区_源": "峡江社区", "小区_源": "骏达梅珑镇小区", "楼栋_源": "骏达梅珑镇8栋", "社区": "峡江社区"}, "geometry": {"type": "Point", "coordinates": [111.29785043500004, 30.771485718000065]}}, {"type": "Feature", "properties": {"指标": "存在楼道安全隐患的住宅数量（栋）", "中类": "安全消防", "board": "安全韧性底线", "来源": "2026补充", "原图层": "存在楼道安全隐患的住宅", "街办_源": "小溪塔街办", "社区_源": "峡江社区", "小区_源": "湖锦花园小区", "楼栋_源": "108栋", "社区": "峡江社区"}, "geometry": {"type": "Point", "coordinates": [111.30122575800004, 30.77008433800006]}}, {"type": "Feature", "properties": {"指标": "存在楼道安全隐患的住宅数量（栋）", "中类": "安全消防", "board": "安全韧性底线", "来源": "2026补充", "原图层": "存在楼道安全隐患的住宅", "街办_源": "小溪塔街办", "社区_源": "峡江社区", "小区_源": "紫荆花园小区", "楼栋_源": "峡洲路9号紫荆花园3栋", "社区": "峡江社区"}, "geometry": {"type": "Point", "coordinates": [111.30175930100006, 30.77078018700007]}}, {"type": "Feature", "properties": {"指标": "存在楼道安全隐患的住宅数量（栋）", "中类": "安全消防", "board": "安全韧性底线", "来源": "2026补充", "原图层": "存在楼道安全隐患的住宅", "街办_源": "小溪塔街办", "社区_源": "峡江社区", "小区_源": "紫荆花园小区", "楼栋_源": "峡洲路9号紫荆花园1号楼1栋", "社区": "峡江社区"}, "geometry": {"type": "Point", "coordinates": [111.30247636000007, 30.770514331000072]}}, {"type": "Feature", "properties": {"指标": "存在楼道安全隐患的住宅数量（栋）", "中类": "安全消防", "board": "安全韧性底线", "来源": "2026补充", "原图层": "存在楼道安全隐患的住宅", "街办_源": "小溪塔街办", "社区_源": "峡江社区", "小区_源": "幸福家园小区", "楼栋_源": "峡洲路7-3住宅", "社区": "峡江社区"}, "geometry": {"type": "Point", "coordinates": [111.30268412600009, 30.76977215000005]}}, {"type": "Feature", "properties": {"指标": "存在楼道安全隐患的住宅数量（栋）", "中类": "安全消防", "board": "安全韧性底线", "来源": "2026补充", "原图层": "存在楼道安全隐患的住宅", "街办_源": "小溪塔街办", "社区_源": "峡江社区", "小区_源": "幸福家园小区", "楼栋_源": "峡洲路7-1住宅", "社区": "峡江社区"}, "geometry": {"type": "Point", "coordinates": [111.30241864400006, 30.769890558000043]}}, {"type": "Feature", "properties": {"指标": "存在楼道安全隐患的住宅数量（栋）", "中类": "安全消防", "board": "安全韧性底线", "来源": "2026补充", "原图层": "存在楼道安全隐患的住宅", "街办_源": "小溪塔街办", "社区_源": "峡江社区", "小区_源": "幸福家园小区", "楼栋_源": "峡洲路7-2住宅", "社区": "峡江社区"}, "geometry": {"type": "Point", "coordinates": [111.30260711600005, 30.770198766000078]}}, {"type": "Feature", "properties": {"指标": "存在楼道安全隐患的住宅数量（栋）", "中类": "安全消防", "board": "安全韧性底线", "来源": "2026补充", "原图层": "存在楼道安全隐患的住宅", "街办_源": "小溪塔街办", "社区_源": "峡江社区", "小区_源": "香山凤凰城小区", "楼栋_源": "香山凤凰城1栋", "社区": "峡江社区"}, "geometry": {"type": "Point", "coordinates": [111.30191732700007, 30.76794466000007]}}, {"type": "Feature", "properties": {"指标": "存在楼道安全隐患的住宅数量（栋）", "中类": "安全消防", "board": "安全韧性底线", "来源": "2026补充", "原图层": "存在楼道安全隐患的住宅", "街办_源": "小溪塔街办", "社区_源": "峡江社区", "小区_源": "湖光二巷杂居小区", "楼栋_源": "冯家湾社区居民点二单元", "社区": "峡江社区"}, "geometry": {"type": "Point", "coordinates": [111.29985392500004, 30.768822752000062]}}, {"type": "Feature", "properties": {"指标": "存在楼道安全隐患的住宅数量（栋）", "中类": "安全消防", "board": "安全韧性底线", "来源": "2026补充", "原图层": "存在楼道安全隐患的住宅", "街办_源": "小溪塔街办", "社区_源": "峡江社区", "小区_源": "湖光路北侧杂居小区", "楼栋_源": "张海峰的住宅", "社区": "峡江社区"}, "geometry": {"type": "Point", "coordinates": [111.29826112300009, 30.768158028000073]}}, {"type": "Feature", "properties": {"指标": "存在楼道安全隐患的住宅数量（栋）", "中类": "安全消防", "board": "安全韧性底线", "来源": "2026补充", "原图层": "存在楼道安全隐患的住宅", "街办_源": "东城试验区", "社区_源": "润城社区", "小区_源": "至上未来城", "楼栋_源": "至上未来城10号楼", "社区": "润城社区"}, "geometry": {"type": "Point", "coordinates": [111.33710340500005, 30.753033393000067]}}, {"type": "Feature", "properties": {"指标": "存在楼道安全隐患的住宅数量（栋）", "中类": "安全消防", "board": "安全韧性底线", "来源": "2026补充", "原图层": "存在楼道安全隐患的住宅", "街办_源": "东城试验区", "社区_源": "润城社区", "小区_源": "至上未来城", "楼栋_源": "至上未来城9号楼", "社区": "润城社区"}, "geometry": {"type": "Point", "coordinates": [111.33784927300007, 30.752890404000027]}}, {"type": "Feature", "properties": {"指标": "存在楼道安全隐患的住宅数量（栋）", "中类": "安全消防", "board": "安全韧性底线", "来源": "2026补充", "原图层": "存在楼道安全隐患的住宅", "街办_源": "东城试验区", "社区_源": "润城社区", "小区_源": "至上未来城", "楼栋_源": "至上未来城8号楼", "社区": "润城社区"}, "geometry": {"type": "Point", "coordinates": [111.33855498000008, 30.752796722000028]}}, {"type": "Feature", "properties": {"指标": "存在楼道安全隐患的住宅数量（栋）", "中类": "安全消防", "board": "安全韧性底线", "来源": "2026补充", "原图层": "存在楼道安全隐患的住宅", "街办_源": "东城试验区", "社区_源": "润城社区", "小区_源": "至上未来城", "楼栋_源": "至上未来城7号楼", "社区": "润城社区"}, "geometry": {"type": "Point", "coordinates": [111.33695996800009, 30.752436783000064]}}, {"type": "Feature", "properties": {"指标": "存在楼道安全隐患的住宅数量（栋）", "中类": "安全消防", "board": "安全韧性底线", "来源": "2026补充", "原图层": "存在楼道安全隐患的住宅", "街办_源": "东城试验区", "社区_源": "锦江社区", "小区_源": "清江润城-悦邸", "楼栋_源": "50栋1单元", "社区": "锦江社区"}, "geometry": {"type": "Point", "coordinates": [111.33965251200004, 30.748176718000025]}}, {"type": "Feature", "properties": {"指标": "存在楼道安全隐患的住宅数量（栋）", "中类": "安全消防", "board": "安全韧性底线", "来源": "2026补充", "原图层": "存在楼道安全隐患的住宅", "街办_源": "东城试验区", "社区_源": "锦江社区", "小区_源": "清江润城-悦邸", "楼栋_源": "43栋", "社区": "锦江社区"}, "geometry": {"type": "Point", "coordinates": [111.34070001600008, 30.749506396000072]}}, {"type": "Feature", "properties": {"指标": "存在楼道安全隐患的住宅数量（栋）", "中类": "安全消防", "board": "安全韧性底线", "来源": "2026补充", "原图层": "存在楼道安全隐患的住宅", "街办_源": "东城试验区", "社区_源": "锦江社区", "小区_源": "清江润城-悦邸", "楼栋_源": "清江润城53栋1单元", "社区": "锦江社区"}, "geometry": {"type": "Point", "coordinates": [111.33969896400004, 30.745818127000064]}}, {"type": "Feature", "properties": {"指标": "存在楼道安全隐患的住宅数量（栋）", "中类": "安全消防", "board": "安全韧性底线", "来源": "2026补充", "原图层": "存在楼道安全隐患的住宅", "街办_源": "东城试验区", "社区_源": "锦江社区", "小区_源": "清江润城-悦邸", "楼栋_源": "清江润城55栋", "社区": "锦江社区"}, "geometry": {"type": "Point", "coordinates": [111.34139980700007, 30.74614811300006]}}, {"type": "Feature", "properties": {"指标": "存在楼道安全隐患的住宅数量（栋）", "中类": "安全消防", "board": "安全韧性底线", "来源": "2026补充", "原图层": "存在楼道安全隐患的住宅", "街办_源": "东城试验区", "社区_源": "锦江社区", "小区_源": "清江润城-悦邸", "楼栋_源": "46栋1单元", "社区": "锦江社区"}, "geometry": {"type": "Point", "coordinates": [111.33951995400008, 30.75044015700007]}}, {"type": "Feature", "properties": {"指标": "存在楼道安全隐患的住宅数量（栋）", "中类": "安全消防", "board": "安全韧性底线", "来源": "2026补充", "原图层": "存在楼道安全隐患的住宅", "街办_源": "虎牙街办", "社区_源": "六泉湖社区", "小区_源": "六泉湖社区", "楼栋_源": "六泉湖社区1号楼3单元", "社区": "六泉湖社区"}, "geometry": {"type": "Point", "coordinates": [111.44999093900009, 30.555987925000068]}}, {"type": "Feature", "properties": {"指标": "存在楼道安全隐患的住宅数量（栋）", "中类": "安全消防", "board": "安全韧性底线", "来源": "2026补充", "原图层": "存在楼道安全隐患的住宅", "街办_源": "虎牙街办", "社区_源": "六泉湖社区", "小区_源": "六泉湖社区", "楼栋_源": "六泉湖社区1号楼1单元", "社区": "六泉湖社区"}, "geometry": {"type": "Point", "coordinates": [111.44959190500003, 30.55569814300003]}}, {"type": "Feature", "properties": {"指标": "存在楼道安全隐患的住宅数量（栋）", "中类": "安全消防", "board": "安全韧性底线", "来源": "2026补充", "原图层": "存在楼道安全隐患的住宅", "街办_源": "虎牙街办", "社区_源": "六泉湖社区", "小区_源": "六泉湖社区", "楼栋_源": "六泉湖社区21号楼2单元", "社区": "六泉湖社区"}, "geometry": {"type": "Point", "coordinates": [111.45123651900008, 30.557305357000075]}}, {"type": "Feature", "properties": {"指标": "存在楼道安全隐患的住宅数量（栋）", "中类": "安全消防", "board": "安全韧性底线", "来源": "2026补充", "原图层": "存在楼道安全隐患的住宅", "街办_源": "虎牙街办", "社区_源": "六泉湖社区", "小区_源": "六泉湖社区", "楼栋_源": "六泉湖社区6号楼1单元", "社区": "六泉湖社区"}, "geometry": {"type": "Point", "coordinates": [111.44955568100005, 30.556198051000024]}}, {"type": "Feature", "properties": {"指标": "存在楼道安全隐患的住宅数量（栋）", "中类": "安全消防", "board": "安全韧性底线", "来源": "2026补充", "原图层": "存在楼道安全隐患的住宅", "街办_源": "虎牙街办", "社区_源": "六泉湖社区", "小区_源": "六泉湖社区", "楼栋_源": "六泉湖社区9栋的房屋1单元", "社区": "六泉湖社区"}, "geometry": {"type": "Point", "coordinates": [111.44887301800009, 30.557005600000025]}}, {"type": "Feature", "properties": {"指标": "存在楼道安全隐患的住宅数量（栋）", "中类": "安全消防", "board": "安全韧性底线", "来源": "2026补充", "原图层": "存在楼道安全隐患的住宅", "街办_源": "虎牙街办", "社区_源": "六泉湖社区", "小区_源": "六泉湖社区", "楼栋_源": "六泉湖社区9栋的房屋3单元", "社区": "六泉湖社区"}, "geometry": {"type": "Point", "coordinates": [111.44931622500008, 30.55726362100006]}}, {"type": "Feature", "properties": {"指标": "存在楼道安全隐患的住宅数量（栋）", "中类": "安全消防", "board": "安全韧性底线", "来源": "2026补充", "原图层": "存在楼道安全隐患的住宅", "街办_源": "虎牙街办", "社区_源": "六泉湖社区", "小区_源": "六泉湖社区", "楼栋_源": "六泉湖社区7号楼1单元", "社区": "六泉湖社区"}, "geometry": {"type": "Point", "coordinates": [111.44929952700005, 30.55647746300008]}}, {"type": "Feature", "properties": {"指标": "存在楼道安全隐患的住宅数量（栋）", "中类": "安全消防", "board": "安全韧性底线", "来源": "2026补充", "原图层": "存在楼道安全隐患的住宅", "街办_源": "虎牙街办", "社区_源": "六泉湖社区", "小区_源": "六泉湖社区", "楼栋_源": "六泉湖社区8号楼1单元", "社区": "六泉湖社区"}, "geometry": {"type": "Point", "coordinates": [111.44908974900005, 30.556744940000044]}}, {"type": "Feature", "properties": {"指标": "存在楼道安全隐患的住宅数量（栋）", "中类": "安全消防", "board": "安全韧性底线", "来源": "2026补充", "原图层": "存在楼道安全隐患的住宅", "街办_源": "虎牙街办", "社区_源": "六泉湖社区", "小区_源": "六泉湖社区", "楼栋_源": "22号楼1单元", "社区": "六泉湖社区"}, "geometry": {"type": "Point", "coordinates": [111.45165719500005, 30.55764559200003]}}, {"type": "Feature", "properties": {"指标": "存在楼道安全隐患的住宅数量（栋）", "中类": "安全消防", "board": "安全韧性底线", "来源": "2026补充", "原图层": "存在楼道安全隐患的住宅", "街办_源": "古老背街办", "社区_源": "七里新村社区", "小区_源": "七里新村(七里冲路)", "楼栋_源": "1号楼1单元", "社区": "七里新村社区"}, "geometry": {"type": "Point", "coordinates": [111.43506083900007, 30.543888854000045]}}, {"type": "Feature", "properties": {"指标": "存在楼道安全隐患的住宅数量（栋）", "中类": "安全消防", "board": "安全韧性底线", "来源": "2026补充", "原图层": "存在楼道安全隐患的住宅", "街办_源": "古老背街办", "社区_源": "七里新村社区", "小区_源": "七里新村(七里冲路)", "楼栋_源": "第4栋2单元", "社区": "七里新村社区"}, "geometry": {"type": "Point", "coordinates": [111.43785335500007, 30.54614164700007]}}, {"type": "Feature", "properties": {"指标": "存在楼道安全隐患的住宅数量（栋）", "中类": "安全消防", "board": "安全韧性底线", "来源": "2026补充", "原图层": "存在楼道安全隐患的住宅", "街办_源": "古老背街办", "社区_源": "桐岭新村社区", "小区_源": "桐岭新村", "楼栋_源": "二期18栋的房屋23栋", "社区": "桐岭新村社区"}, "geometry": {"type": "Point", "coordinates": [111.42655799200008, 30.524547940000048]}}, {"type": "Feature", "properties": {"指标": "存在楼道安全隐患的住宅数量（栋）", "中类": "安全消防", "board": "安全韧性底线", "来源": "2026补充", "原图层": "存在楼道安全隐患的住宅", "街办_源": "小溪塔街办", "社区_源": "峡江社区", "小区_源": "紫荆花园小区", "楼栋_源": "峡洲路9号紫荆花园1号楼2栋", "社区": "峡江社区"}, "geometry": {"type": "Point", "coordinates": [111.30245938700006, 30.770723046000057]}}, {"type": "Feature", "properties": {"指标": "存在楼道安全隐患的住宅数量（栋）", "中类": "安全消防", "board": "安全韧性底线", "来源": "2026补充", "原图层": "存在楼道安全隐患的住宅", "街办_源": "东城试验区", "社区_源": "锦江社区", "小区_源": "清江润城-悦邸", "楼栋_源": "50栋2单元", "社区": "锦江社区"}, "geometry": {"type": "Point", "coordinates": [111.34008998700006, 30.748164141000075]}}, {"type": "Feature", "properties": {"指标": "存在楼道安全隐患的住宅数量（栋）", "中类": "安全消防", "board": "安全韧性底线", "来源": "2026补充", "原图层": "存在楼道安全隐患的住宅", "街办_源": "东城试验区", "社区_源": "锦江社区", "小区_源": "清江润城-悦邸", "楼栋_源": "清江润城53栋2单元", "社区": "锦江社区"}, "geometry": {"type": "Point", "coordinates": [111.34009622600007, 30.745807201000048]}}, {"type": "Feature", "properties": {"指标": "存在楼道安全隐患的住宅数量（栋）", "中类": "安全消防", "board": "安全韧性底线", "来源": "2026补充", "原图层": "存在楼道安全隐患的住宅", "街办_源": "东城试验区", "社区_源": "锦江社区", "小区_源": "清江润城-悦邸", "楼栋_源": "46栋2单元", "社区": "锦江社区"}, "geometry": {"type": "Point", "coordinates": [111.33990089500008, 30.750435211000024]}}, {"type": "Feature", "properties": {"指标": "存在楼道安全隐患的住宅数量（栋）", "中类": "安全消防", "board": "安全韧性底线", "来源": "2026补充", "原图层": "存在楼道安全隐患的住宅", "街办_源": "东城试验区", "社区_源": "锦江社区", "小区_源": "清江润城-悦邸", "楼栋_源": "清江润城56栋", "社区": "锦江社区"}, "geometry": {"type": "Point", "coordinates": [111.34130769100005, 30.746610159000056]}}, {"type": "Feature", "properties": {"指标": "存在楼道安全隐患的住宅数量（栋）", "中类": "安全消防", "board": "安全韧性底线", "来源": "2026补充", "原图层": "存在楼道安全隐患的住宅", "街办_源": "东城试验区", "社区_源": "锦江社区", "小区_源": "清江润城-悦邸", "楼栋_源": "清江润城57栋", "社区": "锦江社区"}, "geometry": {"type": "Point", "coordinates": [111.34124522600007, 30.74705305300006]}}, {"type": "Feature", "properties": {"指标": "存在楼道安全隐患的住宅数量（栋）", "中类": "安全消防", "board": "安全韧性底线", "来源": "2026补充", "原图层": "存在楼道安全隐患的住宅", "街办_源": "东城试验区", "社区_源": "锦江社区", "小区_源": "清江润城-悦邸", "楼栋_源": "41栋", "社区": "锦江社区"}, "geometry": {"type": "Point", "coordinates": [111.34108906500006, 30.748026072000073]}}, {"type": "Feature", "properties": {"指标": "存在楼道安全隐患的住宅数量（栋）", "中类": "安全消防", "board": "安全韧性底线", "来源": "2026补充", "原图层": "存在楼道安全隐患的住宅", "街办_源": "东城试验区", "社区_源": "锦江社区", "小区_源": "清江润城-悦邸", "楼栋_源": "49栋1单元", "社区": "锦江社区"}, "geometry": {"type": "Point", "coordinates": [111.33923574400006, 30.748821658000054]}}, {"type": "Feature", "properties": {"指标": "存在楼道安全隐患的住宅数量（栋）", "中类": "安全消防", "board": "安全韧性底线", "来源": "2026补充", "原图层": "存在楼道安全隐患的住宅", "街办_源": "东城试验区", "社区_源": "锦江社区", "小区_源": "清江润城-悦邸", "楼栋_源": "49栋2单元", "社区": "锦江社区"}, "geometry": {"type": "Point", "coordinates": [111.33967049600005, 30.748804479000057]}}, {"type": "Feature", "properties": {"指标": "存在楼道安全隐患的住宅数量（栋）", "中类": "安全消防", "board": "安全韧性底线", "来源": "2026补充", "原图层": "存在楼道安全隐患的住宅", "街办_源": "东城试验区", "社区_源": "锦江社区", "小区_源": "清江润城-悦邸", "楼栋_源": "清江润城44栋", "社区": "锦江社区"}, "geometry": {"type": "Point", "coordinates": [111.34076893500009, 30.749978789000068]}}, {"type": "Feature", "properties": {"指标": "存在楼道安全隐患的住宅数量（栋）", "中类": "安全消防", "board": "安全韧性底线", "来源": "2026补充", "原图层": "存在楼道安全隐患的住宅", "街办_源": "东城试验区", "社区_源": "锦江社区", "小区_源": "清江润城-悦邸", "楼栋_源": "清江润城52栋", "社区": "锦江社区"}, "geometry": {"type": "Point", "coordinates": [111.33948560100004, 30.74667431200004]}}, {"type": "Feature", "properties": {"指标": "存在楼道安全隐患的住宅数量（栋）", "中类": "安全消防", "board": "安全韧性底线", "来源": "2026补充", "原图层": "存在楼道安全隐患的住宅", "街办_源": "东城试验区", "社区_源": "锦江社区", "小区_源": "清江润城-悦邸", "楼栋_源": "清江润城51栋2单元", "社区": "锦江社区"}, "geometry": {"type": "Point", "coordinates": [111.33941710400006, 30.74729686200004]}}, {"type": "Feature", "properties": {"指标": "存在楼道安全隐患的住宅数量（栋）", "中类": "安全消防", "board": "安全韧性底线", "来源": "2026补充", "原图层": "存在楼道安全隐患的住宅", "街办_源": "东城试验区", "社区_源": "锦江社区", "小区_源": "清江润城-悦邸", "楼栋_源": "清江润城51栋1单元", "社区": "锦江社区"}, "geometry": {"type": "Point", "coordinates": [111.33906504800007, 30.747256402000062]}}, {"type": "Feature", "properties": {"指标": "存在楼道安全隐患的住宅数量（栋）", "中类": "安全消防", "board": "安全韧性底线", "来源": "2026补充", "原图层": "存在楼道安全隐患的住宅", "街办_源": "东城试验区", "社区_源": "锦江社区", "小区_源": "清江润城-悦邸", "楼栋_源": "清江润城58栋2单元", "社区": "锦江社区"}, "geometry": {"type": "Point", "coordinates": [111.34058175400008, 30.746978461000026]}}, {"type": "Feature", "properties": {"指标": "存在楼道安全隐患的住宅数量（栋）", "中类": "安全消防", "board": "安全韧性底线", "来源": "2026补充", "原图层": "存在楼道安全隐患的住宅", "街办_源": "东城试验区", "社区_源": "锦江社区", "小区_源": "清江润城-悦邸", "楼栋_源": "清江润城58栋1单元", "社区": "锦江社区"}, "geometry": {"type": "Point", "coordinates": [111.34019899600008, 30.746892264000053]}}, {"type": "Feature", "properties": {"指标": "存在楼道安全隐患的住宅数量（栋）", "中类": "安全消防", "board": "安全韧性底线", "来源": "2026补充", "原图层": "存在楼道安全隐患的住宅", "街办_源": "东城试验区", "社区_源": "锦江社区", "小区_源": "清江润城-悦邸", "楼栋_源": "清江润城54栋1单元", "社区": "锦江社区"}, "geometry": {"type": "Point", "coordinates": [111.34105471000004, 30.74563927400004]}}, {"type": "Feature", "properties": {"指标": "存在楼道安全隐患的住宅数量（栋）", "中类": "安全消防", "board": "安全韧性底线", "来源": "2026补充", "原图层": "存在楼道安全隐患的住宅", "街办_源": "东城试验区", "社区_源": "锦江社区", "小区_源": "清江润城-悦邸", "楼栋_源": "清江润城54栋2单元", "社区": "锦江社区"}, "geometry": {"type": "Point", "coordinates": [111.34150445400007, 30.745592031000058]}}, {"type": "Feature", "properties": {"指标": "存在楼道安全隐患的住宅数量（栋）", "中类": "安全消防", "board": "安全韧性底线", "来源": "2026补充", "原图层": "存在楼道安全隐患的住宅", "街办_源": "东城试验区", "社区_源": "锦江社区", "小区_源": "清江润城-悦邸", "楼栋_源": "42栋", "社区": "锦江社区"}, "geometry": {"type": "Point", "coordinates": [111.34088752000008, 30.749068281000064]}}, {"type": "Feature", "properties": {"指标": "存在楼道安全隐患的住宅数量（栋）", "中类": "安全消防", "board": "安全韧性底线", "来源": "2026补充", "原图层": "存在楼道安全隐患的住宅", "街办_源": "东城试验区", "社区_源": "锦江社区", "小区_源": "清江润城-悦邸", "楼栋_源": "45栋", "社区": "锦江社区"}, "geometry": {"type": "Point", "coordinates": [111.34068987800003, 30.75045354200006]}}, {"type": "Feature", "properties": {"指标": "存在楼道安全隐患的住宅数量（栋）", "中类": "安全消防", "board": "安全韧性底线", "来源": "2026补充", "原图层": "存在楼道安全隐患的住宅", "街办_源": "东城试验区", "社区_源": "锦江社区", "小区_源": "清江润城-悦邸", "楼栋_源": "47栋", "社区": "锦江社区"}, "geometry": {"type": "Point", "coordinates": [111.33953477300008, 30.749845841000024]}}, {"type": "Feature", "properties": {"指标": "存在楼道安全隐患的住宅数量（栋）", "中类": "安全消防", "board": "安全韧性底线", "来源": "2026补充", "原图层": "存在楼道安全隐患的住宅", "街办_源": "东城试验区", "社区_源": "润城社区", "小区_源": "清江润城-北区", "楼栋_源": "24号楼", "社区": "润城社区"}, "geometry": {"type": "Point", "coordinates": [111.34052583500005, 30.75108306800007]}}, {"type": "Feature", "properties": {"指标": "存在楼道安全隐患的住宅数量（栋）", "中类": "安全消防", "board": "安全韧性底线", "来源": "2026补充", "原图层": "存在楼道安全隐患的住宅", "街办_源": "东城试验区", "社区_源": "润城社区", "小区_源": "清江润城-北区", "楼栋_源": "清江润城40", "社区": "润城社区"}, "geometry": {"type": "Point", "coordinates": [111.33987400100006, 30.754961884000068]}}, {"type": "Feature", "properties": {"指标": "存在楼道安全隐患的住宅数量（栋）", "中类": "安全消防", "board": "安全韧性底线", "来源": "2026补充", "原图层": "存在楼道安全隐患的住宅", "街办_源": "东城试验区", "社区_源": "润城社区", "小区_源": "清江润城-北区", "楼栋_源": "14栋", "社区": "润城社区"}, "geometry": {"type": "Point", "coordinates": [111.33928206500008, 30.75300887000003]}}, {"type": "Feature", "properties": {"指标": "存在楼道安全隐患的住宅数量（栋）", "中类": "安全消防", "board": "安全韧性底线", "来源": "2026补充", "原图层": "存在楼道安全隐患的住宅", "街办_源": "东城试验区", "社区_源": "润城社区", "小区_源": "清江润城-北区", "楼栋_源": "7号楼", "社区": "润城社区"}, "geometry": {"type": "Point", "coordinates": [111.33876852600008, 30.754979105000075]}}, {"type": "Feature", "properties": {"指标": "存在楼道安全隐患的住宅数量（栋）", "中类": "安全消防", "board": "安全韧性底线", "来源": "2026补充", "原图层": "存在楼道安全隐患的住宅", "街办_源": "东城试验区", "社区_源": "润城社区", "小区_源": "清江润城-北区", "楼栋_源": "15号楼", "社区": "润城社区"}, "geometry": {"type": "Point", "coordinates": [111.33924330800005, 30.752757549000023]}}, {"type": "Feature", "properties": {"指标": "存在楼道安全隐患的住宅数量（栋）", "中类": "安全消防", "board": "安全韧性底线", "来源": "2026补充", "原图层": "存在楼道安全隐患的住宅", "街办_源": "东城试验区", "社区_源": "润城社区", "小区_源": "清江润城-北区", "楼栋_源": "清江润城05", "社区": "润城社区"}, "geometry": {"type": "Point", "coordinates": [111.33947233000004, 30.754410805000077]}}, {"type": "Feature", "properties": {"指标": "存在楼道安全隐患的住宅数量（栋）", "中类": "安全消防", "board": "安全韧性底线", "来源": "2026补充", "原图层": "存在楼道安全隐患的住宅", "街办_源": "东城试验区", "社区_源": "润城社区", "小区_源": "清江润城-北区", "楼栋_源": "清江润城31", "社区": "润城社区"}, "geometry": {"type": "Point", "coordinates": [111.34043422500008, 30.754368414000055]}}, {"type": "Feature", "properties": {"指标": "存在楼道安全隐患的住宅数量（栋）", "中类": "安全消防", "board": "安全韧性底线", "来源": "2026补充", "原图层": "存在楼道安全隐患的住宅", "街办_源": "东城试验区", "社区_源": "润城社区", "小区_源": "清江润城-北区", "楼栋_源": "11号楼", "社区": "润城社区"}, "geometry": {"type": "Point", "coordinates": [111.33907418300004, 30.75398689600007]}}, {"type": "Feature", "properties": {"指标": "存在楼道安全隐患的住宅数量（栋）", "中类": "安全消防", "board": "安全韧性底线", "来源": "2026补充", "原图层": "存在楼道安全隐患的住宅", "街办_源": "东城试验区", "社区_源": "润城社区", "小区_源": "清江润城-北区", "楼栋_源": "30号楼", "社区": "润城社区"}, "geometry": {"type": "Point", "coordinates": [111.33955618800007, 30.751114075000032]}}, {"type": "Feature", "properties": {"指标": "存在楼道安全隐患的住宅数量（栋）", "中类": "安全消防", "board": "安全韧性底线", "来源": "2026补充", "原图层": "存在楼道安全隐患的住宅", "街办_源": "东城试验区", "社区_源": "润城社区", "小区_源": "清江润城-北区", "楼栋_源": "清江润城2", "社区": "润城社区"}, "geometry": {"type": "Point", "coordinates": [111.34051174100006, 30.752881695000042]}}, {"type": "Feature", "properties": {"指标": "存在楼道安全隐患的住宅数量（栋）", "中类": "安全消防", "board": "安全韧性底线", "来源": "2026补充", "原图层": "存在楼道安全隐患的住宅", "街办_源": "东城试验区", "社区_源": "润城社区", "小区_源": "清江润城-北区", "楼栋_源": "清江润城34", "社区": "润城社区"}, "geometry": {"type": "Point", "coordinates": [111.34068593900008, 30.755687487000046]}}, {"type": "Feature", "properties": {"指标": "存在楼道安全隐患的住宅数量（栋）", "中类": "安全消防", "board": "安全韧性底线", "来源": "2026补充", "原图层": "存在楼道安全隐患的住宅", "街办_源": "东城试验区", "社区_源": "润城社区", "小区_源": "清江润城-北区", "楼栋_源": "35号楼", "社区": "润城社区"}, "geometry": {"type": "Point", "coordinates": [111.34017631100005, 30.75604792400003]}}, {"type": "Feature", "properties": {"指标": "存在楼道安全隐患的住宅数量（栋）", "中类": "安全消防", "board": "安全韧性底线", "来源": "2026补充", "原图层": "存在楼道安全隐患的住宅", "街办_源": "东城试验区", "社区_源": "润城社区", "小区_源": "清江润城-北区", "楼栋_源": "18号楼", "社区": "润城社区"}, "geometry": {"type": "Point", "coordinates": [111.33972080200004, 30.752540383000053]}}, {"type": "Feature", "properties": {"指标": "存在楼道安全隐患的住宅数量（栋）", "中类": "安全消防", "board": "安全韧性底线", "来源": "2026补充", "原图层": "存在楼道安全隐患的住宅", "街办_源": "东城试验区", "社区_源": "润城社区", "小区_源": "清江润城-北区", "楼栋_源": "1号楼", "社区": "润城社区"}, "geometry": {"type": "Point", "coordinates": [111.34038828000007, 30.752484183000036]}}, {"type": "Feature", "properties": {"指标": "存在楼道安全隐患的住宅数量（栋）", "中类": "安全消防", "board": "安全韧性底线", "来源": "2026补充", "原图层": "存在楼道安全隐患的住宅", "街办_源": "东城试验区", "社区_源": "润城社区", "小区_源": "清江润城-北区", "楼栋_源": "20号楼", "社区": "润城社区"}, "geometry": {"type": "Point", "coordinates": [111.33981461000008, 30.753010827000026]}}, {"type": "Feature", "properties": {"指标": "存在楼道安全隐患的住宅数量（栋）", "中类": "安全消防", "board": "安全韧性底线", "来源": "2026补充", "原图层": "存在楼道安全隐患的住宅", "街办_源": "东城试验区", "社区_源": "润城社区", "小区_源": "清江润城-北区", "楼栋_源": "38号楼", "社区": "润城社区"}, "geometry": {"type": "Point", "coordinates": [111.33864784900004, 30.755431207000072]}}, {"type": "Feature", "properties": {"指标": "存在楼道安全隐患的住宅数量（栋）", "中类": "安全消防", "board": "安全韧性底线", "来源": "2026补充", "原图层": "存在楼道安全隐患的住宅", "街办_源": "东城试验区", "社区_源": "润城社区", "小区_源": "清江润城-北区", "楼栋_源": "清江润城22", "社区": "润城社区"}, "geometry": {"type": "Point", "coordinates": [111.33966964200005, 30.753874862000032]}}, {"type": "Feature", "properties": {"指标": "存在楼道安全隐患的住宅数量（栋）", "中类": "安全消防", "board": "安全韧性底线", "来源": "2026补充", "原图层": "存在楼道安全隐患的住宅", "街办_源": "东城试验区", "社区_源": "润城社区", "小区_源": "清江润城-北区", "楼栋_源": "9号楼", "社区": "润城社区"}, "geometry": {"type": "Point", "coordinates": [111.33886277800008, 30.754450168000062]}}, {"type": "Feature", "properties": {"指标": "存在楼道安全隐患的住宅数量（栋）", "中类": "安全消防", "board": "安全韧性底线", "来源": "2026补充", "原图层": "存在楼道安全隐患的住宅", "街办_源": "东城试验区", "社区_源": "润城社区", "小区_源": "清江润城-北区", "楼栋_源": "36号楼", "社区": "润城社区"}, "geometry": {"type": "Point", "coordinates": [111.33968725900007, 30.756312317000038]}}, {"type": "Feature", "properties": {"指标": "存在楼道安全隐患的住宅数量（栋）", "中类": "安全消防", "board": "安全韧性底线", "来源": "2026补充", "原图层": "存在楼道安全隐患的住宅", "街办_源": "东城试验区", "社区_源": "润城社区", "小区_源": "清江润城-北区", "楼栋_源": "清江润城32", "社区": "润城社区"}, "geometry": {"type": "Point", "coordinates": [111.34068438900005, 30.75480746100004]}}, {"type": "Feature", "properties": {"指标": "存在楼道安全隐患的住宅数量（栋）", "中类": "安全消防", "board": "安全韧性底线", "来源": "2026补充", "原图层": "存在楼道安全隐患的住宅", "街办_源": "东城试验区", "社区_源": "润城社区", "小区_源": "清江润城-北区", "楼栋_源": "12号楼", "社区": "润城社区"}, "geometry": {"type": "Point", "coordinates": [111.33914112800005, 30.753735577000043]}}, {"type": "Feature", "properties": {"指标": "存在楼道安全隐患的住宅数量（栋）", "中类": "安全消防", "board": "安全韧性底线", "来源": "2026补充", "原图层": "存在楼道安全隐患的住宅", "街办_源": "东城试验区", "社区_源": "润城社区", "小区_源": "清江润城-北区", "楼栋_源": "清江润城21", "社区": "润城社区"}, "geometry": {"type": "Point", "coordinates": [111.33976477500005, 30.753638683000077]}}, {"type": "Feature", "properties": {"指标": "存在楼道安全隐患的住宅数量（栋）", "中类": "安全消防", "board": "安全韧性底线", "来源": "2026补充", "原图层": "存在楼道安全隐患的住宅", "街办_源": "东城试验区", "社区_源": "润城社区", "小区_源": "清江润城-北区", "楼栋_源": "26号楼", "社区": "润城社区"}, "geometry": {"type": "Point", "coordinates": [111.34051922800006, 30.75207417200005]}}, {"type": "Feature", "properties": {"指标": "存在楼道安全隐患的住宅数量（栋）", "中类": "安全消防", "board": "安全韧性底线", "来源": "2026补充", "原图层": "存在楼道安全隐患的住宅", "街办_源": "东城试验区", "社区_源": "润城社区", "小区_源": "清江润城-北区", "楼栋_源": "28号楼", "社区": "润城社区"}, "geometry": {"type": "Point", "coordinates": [111.33907682600005, 30.75179502900005]}}, {"type": "Feature", "properties": {"指标": "存在楼道安全隐患的住宅数量（栋）", "中类": "安全消防", "board": "安全韧性底线", "来源": "2026补充", "原图层": "存在楼道安全隐患的住宅", "街办_源": "东城试验区", "社区_源": "润城社区", "小区_源": "清江润城-北区", "楼栋_源": "39号楼", "社区": "润城社区"}, "geometry": {"type": "Point", "coordinates": [111.33937010600005, 30.75530526600005]}}, {"type": "Feature", "properties": {"指标": "存在楼道安全隐患的住宅数量（栋）", "中类": "安全消防", "board": "安全韧性底线", "来源": "2026补充", "原图层": "存在楼道安全隐患的住宅", "街办_源": "东城试验区", "社区_源": "润城社区", "小区_源": "清江润城-北区", "楼栋_源": "10号楼", "社区": "润城社区"}, "geometry": {"type": "Point", "coordinates": [111.33894734000006, 30.754226344000074]}}, {"type": "Feature", "properties": {"指标": "存在楼道安全隐患的住宅数量（栋）", "中类": "安全消防", "board": "安全韧性底线", "来源": "2026补充", "原图层": "存在楼道安全隐患的住宅", "街办_源": "东城试验区", "社区_源": "润城社区", "小区_源": "清江润城-北区", "楼栋_源": "17号楼", "社区": "润城社区"}, "geometry": {"type": "Point", "coordinates": [111.33913901400007, 30.752280703000054]}}, {"type": "Feature", "properties": {"指标": "存在楼道安全隐患的住宅数量（栋）", "中类": "安全消防", "board": "安全韧性底线", "来源": "2026补充", "原图层": "存在楼道安全隐患的住宅", "街办_源": "东城试验区", "社区_源": "润城社区", "小区_源": "清江润城-北区", "楼栋_源": "27号楼", "社区": "润城社区"}, "geometry": {"type": "Point", "coordinates": [111.33972368900004, 30.751883431000067]}}, {"type": "Feature", "properties": {"指标": "存在楼道安全隐患的住宅数量（栋）", "中类": "安全消防", "board": "安全韧性底线", "来源": "2026补充", "原图层": "存在楼道安全隐患的住宅", "街办_源": "东城试验区", "社区_源": "润城社区", "小区_源": "清江润城-北区", "楼栋_源": "25号楼", "社区": "润城社区"}, "geometry": {"type": "Point", "coordinates": [111.34054697500005, 30.75161902600007]}}, {"type": "Feature", "properties": {"指标": "存在楼道安全隐患的住宅数量（栋）", "中类": "安全消防", "board": "安全韧性底线", "来源": "2026补充", "原图层": "存在楼道安全隐患的住宅", "街办_源": "东城试验区", "社区_源": "润城社区", "小区_源": "清江润城-北区", "楼栋_源": "16号楼", "社区": "润城社区"}, "geometry": {"type": "Point", "coordinates": [111.33920215400008, 30.752524879000077]}}, {"type": "Feature", "properties": {"指标": "存在楼道安全隐患的住宅数量（栋）", "中类": "安全消防", "board": "安全韧性底线", "来源": "2026补充", "原图层": "存在楼道安全隐患的住宅", "街办_源": "东城试验区", "社区_源": "润城社区", "小区_源": "清江润城-北区", "楼栋_源": "清江润城33", "社区": "润城社区"}, "geometry": {"type": "Point", "coordinates": [111.34068819400005, 30.755257285000027]}}, {"type": "Feature", "properties": {"指标": "存在楼道安全隐患的住宅数量（栋）", "中类": "安全消防", "board": "安全韧性底线", "来源": "2026补充", "原图层": "存在楼道安全隐患的住宅", "街办_源": "东城试验区", "社区_源": "润城社区", "小区_源": "清江润城-北区", "楼栋_源": "清江润城6", "社区": "润城社区"}, "geometry": {"type": "Point", "coordinates": [111.33935549400007, 30.754759257000046]}}, {"type": "Feature", "properties": {"指标": "存在楼道安全隐患的住宅数量（栋）", "中类": "安全消防", "board": "安全韧性底线", "来源": "2026补充", "原图层": "存在楼道安全隐患的住宅", "街办_源": "东城试验区", "社区_源": "润城社区", "小区_源": "清江润城-北区", "楼栋_源": "清江润城03", "社区": "润城社区"}, "geometry": {"type": "Point", "coordinates": [111.34055754500008, 30.753723465000064]}}, {"type": "Feature", "properties": {"指标": "存在楼道安全隐患的住宅数量（栋）", "中类": "安全消防", "board": "安全韧性底线", "来源": "2026补充", "原图层": "存在楼道安全隐患的住宅", "街办_源": "东城试验区", "社区_源": "润城社区", "小区_源": "清江润城-北区", "楼栋_源": "13号楼", "社区": "润城社区"}, "geometry": {"type": "Point", "coordinates": [111.33921159700009, 30.753487286000052]}}, {"type": "Feature", "properties": {"指标": "存在楼道安全隐患的住宅数量（栋）", "中类": "安全消防", "board": "安全韧性底线", "来源": "2026补充", "原图层": "存在楼道安全隐患的住宅", "街办_源": "东城试验区", "社区_源": "润城社区", "小区_源": "清江润城-北区", "楼栋_源": "19号楼", "社区": "润城社区"}, "geometry": {"type": "Point", "coordinates": [111.33978239200007, 30.75276360500004]}}, {"type": "Feature", "properties": {"指标": "存在楼道安全隐患的住宅数量（栋）", "中类": "安全消防", "board": "安全韧性底线", "来源": "2026补充", "原图层": "存在楼道安全隐患的住宅", "街办_源": "东城试验区", "社区_源": "润城社区", "小区_源": "清江润城-北区", "楼栋_源": "清江润城23", "社区": "润城社区"}, "geometry": {"type": "Point", "coordinates": [111.33958155700009, 30.75414737600005]}}, {"type": "Feature", "properties": {"指标": "存在楼道安全隐患的住宅数量（栋）", "中类": "安全消防", "board": "安全韧性底线", "来源": "2026补充", "原图层": "存在楼道安全隐患的住宅", "街办_源": "东城试验区", "社区_源": "润城社区", "小区_源": "清江润城-北区", "楼栋_源": "8号楼", "社区": "润城社区"}, "geometry": {"type": "Point", "coordinates": [111.33876017600005, 30.75468755600008]}}, {"type": "Feature", "properties": {"指标": "存在楼道安全隐患的住宅数量（栋）", "中类": "安全消防", "board": "安全韧性底线", "来源": "2026补充", "原图层": "存在楼道安全隐患的住宅", "街办_源": "东城试验区", "社区_源": "润城社区", "小区_源": "清江润城-北区", "楼栋_源": "29号楼", "社区": "润城社区"}, "geometry": {"type": "Point", "coordinates": [111.33908579600006, 30.751343913000028]}}, {"type": "Feature", "properties": {"指标": "存在楼道安全隐患的住宅数量（栋）", "中类": "安全消防", "board": "安全韧性底线", "来源": "2026补充", "原图层": "存在楼道安全隐患的住宅", "街办_源": "东城试验区", "社区_源": "润城社区", "小区_源": "清江润城-北区", "楼栋_源": "37号楼", "社区": "润城社区"}, "geometry": {"type": "Point", "coordinates": [111.33909165900008, 30.755819260000067]}}, {"type": "Feature", "properties": {"指标": "存在楼道安全隐患的住宅数量（栋）", "中类": "安全消防", "board": "安全韧性底线", "来源": "2026补充", "原图层": "存在楼道安全隐患的住宅", "街办_源": "东城试验区", "社区_源": "锦湖社区", "小区_源": "梅香溪岸", "楼栋_源": "梅香溪岸20栋1单元", "社区": "锦湖社区"}, "geometry": {"type": "Point", "coordinates": [111.34862196200004, 30.75545913700006]}}, {"type": "Feature", "properties": {"指标": "存在楼道安全隐患的住宅数量（栋）", "中类": "安全消防", "board": "安全韧性底线", "来源": "2026补充", "原图层": "存在楼道安全隐患的住宅", "街办_源": "东城试验区", "社区_源": "锦湖社区", "小区_源": "梅香溪岸", "楼栋_源": "梅香溪岸20栋2单元", "社区": "锦湖社区"}, "geometry": {"type": "Point", "coordinates": [111.34877441200007, 30.755605038000056]}}, {"type": "Feature", "properties": {"指标": "存在楼道安全隐患的住宅数量（栋）", "中类": "安全消防", "board": "安全韧性底线", "来源": "2026补充", "原图层": "存在楼道安全隐患的住宅", "街办_源": "东城试验区", "社区_源": "润城社区", "小区_源": "梅岭一号", "楼栋_源": "梅岭一号1栋", "社区": "润城社区"}, "geometry": {"type": "Point", "coordinates": [111.34165483200007, 30.75677967200005]}}, {"type": "Feature", "properties": {"指标": "存在楼道安全隐患的住宅数量（栋）", "中类": "安全消防", "board": "安全韧性底线", "来源": "2026补充", "原图层": "存在楼道安全隐患的住宅", "街办_源": "东城试验区", "社区_源": "平云社区", "小区_源": "嘉豪城-嘉兴苑", "楼栋_源": "2栋", "社区": "平云社区"}, "geometry": {"type": "Point", "coordinates": [111.33556472700008, 30.78027614800004]}}, {"type": "Feature", "properties": {"指标": "存在楼道安全隐患的住宅数量（栋）", "中类": "安全消防", "board": "安全韧性底线", "来源": "2026补充", "原图层": "存在楼道安全隐患的住宅", "街办_源": "东城试验区", "社区_源": "平云社区", "小区_源": "嘉豪城-嘉兴苑", "楼栋_源": "6栋", "社区": "平云社区"}, "geometry": {"type": "Point", "coordinates": [111.33591381300005, 30.779741212000033]}}, {"type": "Feature", "properties": {"指标": "存在楼道安全隐患的住宅数量（栋）", "中类": "安全消防", "board": "安全韧性底线", "来源": "2026补充", "原图层": "存在楼道安全隐患的住宅", "街办_源": "东城试验区", "社区_源": "黄金卡社区", "小区_源": "汇锦苑小区", "楼栋_源": "3号楼", "社区": "黄金卡社区"}, "geometry": {"type": "Point", "coordinates": [111.33853636300006, 30.788263525000048]}}, {"type": "Feature", "properties": {"指标": "存在楼道安全隐患的住宅数量（栋）", "中类": "安全消防", "board": "安全韧性底线", "来源": "2026补充", "原图层": "存在楼道安全隐患的住宅", "街办_源": "东城试验区", "社区_源": "锦湖社区", "小区_源": "保利罗兰香谷", "楼栋_源": "保利罗兰8栋", "社区": "锦湖社区"}, "geometry": {"type": "Point", "coordinates": [111.34989782000008, 30.758706376000077]}}, {"type": "Feature", "properties": {"指标": "存在楼道安全隐患的住宅数量（栋）", "中类": "安全消防", "board": "安全韧性底线", "来源": "2026补充", "原图层": "存在楼道安全隐患的住宅", "街办_源": "东城试验区", "社区_源": "锦湖社区", "小区_源": "保利罗兰香谷", "楼栋_源": "保利罗兰8栋", "社区": "锦湖社区"}, "geometry": {"type": "Point", "coordinates": [111.34967046500009, 30.758716287000027]}}, {"type": "Feature", "properties": {"指标": "存在楼道安全隐患的住宅数量（栋）", "中类": "安全消防", "board": "安全韧性底线", "来源": "2026补充", "原图层": "存在楼道安全隐患的住宅", "街办_源": "小溪塔街办", "社区_源": "丁家坝社区", "小区_源": "丁家坝花园", "楼栋_源": "4号楼", "社区": "丁家坝社区"}, "geometry": {"type": "Point", "coordinates": [111.31371018800007, 30.776713581000024]}}, {"type": "Feature", "properties": {"指标": "存在楼道安全隐患的住宅数量（栋）", "中类": "安全消防", "board": "安全韧性底线", "来源": "2026补充", "原图层": "存在楼道安全隐患的住宅", "街办_源": "小溪塔街办", "社区_源": "丁家坝社区", "小区_源": "松湖花园", "楼栋_源": "松湖花园1号楼", "社区": "丁家坝社区"}, "geometry": {"type": "Point", "coordinates": [111.31294262200004, 30.778042995000078]}}, {"type": "Feature", "properties": {"指标": "存在楼道安全隐患的住宅数量（栋）", "中类": "安全消防", "board": "安全韧性底线", "来源": "2026补充", "原图层": "存在楼道安全隐患的住宅", "街办_源": "小溪塔街办", "社区_源": "丁家坝社区", "小区_源": "松湖花园", "楼栋_源": "松湖花园3号楼", "社区": "丁家坝社区"}, "geometry": {"type": "Point", "coordinates": [111.31316983100004, 30.77778829400006]}}, {"type": "Feature", "properties": {"指标": "存在楼道安全隐患的住宅数量（栋）", "中类": "安全消防", "board": "安全韧性底线", "来源": "2026补充", "原图层": "存在楼道安全隐患的住宅", "街办_源": "小溪塔街办", "社区_源": "丁家坝社区", "小区_源": "金亚花园", "楼栋_源": "1号楼", "社区": "丁家坝社区"}, "geometry": {"type": "Point", "coordinates": [111.31406039700005, 30.777872346000038]}}, {"type": "Feature", "properties": {"指标": "存在楼道安全隐患的住宅数量（栋）", "中类": "安全消防", "board": "安全韧性底线", "来源": "2026补充", "原图层": "存在楼道安全隐患的住宅", "街办_源": "小溪塔街办", "社区_源": "丁家坝社区", "小区_源": "星湖湾", "楼栋_源": "23号楼", "社区": "丁家坝社区"}, "geometry": {"type": "Point", "coordinates": [111.30938649700005, 30.77809320800003]}}, {"type": "Feature", "properties": {"指标": "存在楼道安全隐患的住宅数量（栋）", "中类": "安全消防", "board": "安全韧性底线", "来源": "2026补充", "原图层": "存在楼道安全隐患的住宅", "街办_源": "小溪塔街办", "社区_源": "丁家坝社区", "小区_源": "星湖湾", "楼栋_源": "10-2号楼", "社区": "丁家坝社区"}, "geometry": {"type": "Point", "coordinates": [111.30742250100008, 30.77647313400007]}}, {"type": "Feature", "properties": {"指标": "存在楼道安全隐患的住宅数量（栋）", "中类": "安全消防", "board": "安全韧性底线", "来源": "2026补充", "原图层": "存在楼道安全隐患的住宅", "街办_源": "小溪塔街办", "社区_源": "丁家坝社区", "小区_源": "星湖湾", "楼栋_源": "10-1号楼", "社区": "丁家坝社区"}, "geometry": {"type": "Point", "coordinates": [111.30698154800007, 30.77647982900004]}}, {"type": "Feature", "properties": {"指标": "存在楼道安全隐患的住宅数量（栋）", "中类": "安全消防", "board": "安全韧性底线", "来源": "2026补充", "原图层": "存在楼道安全隐患的住宅", "街办_源": "小溪塔街办", "社区_源": "丁家坝社区", "小区_源": "山水云间", "楼栋_源": "3号楼", "社区": "丁家坝社区"}, "geometry": {"type": "Point", "coordinates": [111.31642130200004, 30.778943344000027]}}, {"type": "Feature", "properties": {"指标": "存在楼道安全隐患的住宅数量（栋）", "中类": "安全消防", "board": "安全韧性底线", "来源": "2026补充", "原图层": "存在楼道安全隐患的住宅", "街办_源": "小溪塔街办", "社区_源": "丁家坝社区", "小区_源": "山水云间", "楼栋_源": "山水之间7号楼", "社区": "丁家坝社区"}, "geometry": {"type": "Point", "coordinates": [111.31614319800008, 30.780311470000072]}}, {"type": "Feature", "properties": {"指标": "存在楼道安全隐患的住宅数量（栋）", "中类": "安全消防", "board": "安全韧性底线", "来源": "2026补充", "原图层": "存在楼道安全隐患的住宅", "街办_源": "小溪塔街办", "社区_源": "丁家坝社区", "小区_源": "山水云间", "楼栋_源": "2号楼", "社区": "丁家坝社区"}, "geometry": {"type": "Point", "coordinates": [111.31589983700007, 30.779243155000074]}}, {"type": "Feature", "properties": {"指标": "存在楼道安全隐患的住宅数量（栋）", "中类": "安全消防", "board": "安全韧性底线", "来源": "2026补充", "原图层": "存在楼道安全隐患的住宅", "街办_源": "小溪塔街办", "社区_源": "丁家坝社区", "小区_源": "山水云间", "楼栋_源": "山水云间5号楼", "社区": "丁家坝社区"}, "geometry": {"type": "Point", "coordinates": [111.31585176000004, 30.779507944000045]}}, {"type": "Feature", "properties": {"指标": "存在楼道安全隐患的住宅数量（栋）", "中类": "安全消防", "board": "安全韧性底线", "来源": "2026补充", "原图层": "存在楼道安全隐患的住宅", "街办_源": "小溪塔街办", "社区_源": "丁家坝社区", "小区_源": "山水云间", "楼栋_源": "6号楼", "社区": "丁家坝社区"}, "geometry": {"type": "Point", "coordinates": [111.31570508800007, 30.780218190000028]}}, {"type": "Feature", "properties": {"指标": "存在楼道安全隐患的住宅数量（栋）", "中类": "安全消防", "board": "安全韧性底线", "来源": "2026补充", "原图层": "存在楼道安全隐患的住宅", "街办_源": "小溪塔街办", "社区_源": "东湖社区", "小区_源": "客运宿舍小区", "楼栋_源": "330宿舍3号"}, "geometry": {"type": "Point", "coordinates": [111.32019779000007, 30.769362564000062]}}, {"type": "Feature", "properties": {"指标": "存在楼道安全隐患的住宅数量（栋）", "中类": "安全消防", "board": "安全韧性底线", "来源": "2026补充", "原图层": "存在楼道安全隐患的住宅", "街办_源": "小溪塔街办", "社区_源": "东湖社区", "小区_源": "23号小区", "楼栋_源": "2栋"}, "geometry": {"type": "Point", "coordinates": [111.32345624000004, 30.769674275000057]}}, {"type": "Feature", "properties": {"指标": "存在楼道安全隐患的住宅数量（栋）", "中类": "安全消防", "board": "安全韧性底线", "来源": "2026补充", "原图层": "存在楼道安全隐患的住宅", "街办_源": "小溪塔街办", "社区_源": "营盘社区", "小区_源": "林业农业杂居小区", "楼栋_源": "夷陵区水利电力局李昌柱夷兴四巷4号", "社区": "营盘社区"}, "geometry": {"type": "Point", "coordinates": [111.32381043300006, 30.772537847000024]}}, {"type": "Feature", "properties": {"指标": "存在楼道安全隐患的住宅数量（栋）", "中类": "安全消防", "board": "安全韧性底线", "来源": "2026补充", "原图层": "存在楼道安全隐患的住宅", "街办_源": "小溪塔街办", "社区_源": "营盘社区", "小区_源": "林业农业杂居小区", "楼栋_源": "夷陵区水利电力局李昌柱夷兴大道104号", "社区": "营盘社区"}, "geometry": {"type": "Point", "coordinates": [111.32369304800005, 30.772401600000023]}}, {"type": "Feature", "properties": {"指标": "存在楼道安全隐患的住宅数量（栋）", "中类": "安全消防", "board": "安全韧性底线", "来源": "2026补充", "原图层": "存在楼道安全隐患的住宅", "街办_源": "小溪塔街办", "社区_源": "营盘社区", "小区_源": "柏林馨苑", "楼栋_源": "11", "社区": "营盘社区"}, "geometry": {"type": "Point", "coordinates": [111.32448854600005, 30.772916788000032]}}, {"type": "Feature", "properties": {"指标": "存在楼道安全隐患的住宅数量（栋）", "中类": "安全消防", "board": "安全韧性底线", "来源": "2026补充", "原图层": "存在楼道安全隐患的住宅", "街办_源": "小溪塔街办", "社区_源": "营盘社区", "小区_源": "平安杂居小区", "楼栋_源": "42", "社区": "营盘社区"}, "geometry": {"type": "Point", "coordinates": [111.33359500700004, 30.779455141000028]}}, {"type": "Feature", "properties": {"指标": "存在楼道安全隐患的住宅数量（栋）", "中类": "安全消防", "board": "安全韧性底线", "来源": "2026补充", "原图层": "存在楼道安全隐患的住宅", "街办_源": "小溪塔街办", "社区_源": "营盘社区", "小区_源": "黄金杂居小区", "楼栋_源": "29", "社区": "营盘社区"}, "geometry": {"type": "Point", "coordinates": [111.33302573500004, 30.77965887700003]}}, {"type": "Feature", "properties": {"指标": "存在楼道安全隐患的住宅数量（栋）", "中类": "安全消防", "board": "安全韧性底线", "来源": "2026补充", "原图层": "存在楼道安全隐患的住宅", "街办_源": "小溪塔街办", "社区_源": "营盘社区", "小区_源": "黄金杂居小区", "楼栋_源": "29", "社区": "营盘社区"}, "geometry": {"type": "Point", "coordinates": [111.33292617900008, 30.779487032000077]}}, {"type": "Feature", "properties": {"指标": "存在管线管道破损的住宅数量（栋）", "中类": "市政管网", "board": "安全韧性底线", "来源": "2026补充", "原图层": "存在管线管道破损的住宅", "街办_源": "点军街办", "社区_源": "五龙社区", "小区_源": "五龙阳光小区", "楼栋_源": "五龙阳光小区11栋1", "社区": "五龙社区"}, "geometry": {"type": "Point", "coordinates": [111.27454822900006, 30.679821270000048]}}, {"type": "Feature", "properties": {"指标": "存在管线管道破损的住宅数量（栋）", "中类": "市政管网", "board": "安全韧性底线", "来源": "2026补充", "原图层": "存在管线管道破损的住宅", "街办_源": "点军街办", "社区_源": "五龙社区", "小区_源": "五龙阳光小区", "楼栋_源": "五龙阳光小区2栋", "社区": "五龙社区"}, "geometry": {"type": "Point", "coordinates": [111.27564465800003, 30.68019172000004]}}, {"type": "Feature", "properties": {"指标": "存在管线管道破损的住宅数量（栋）", "中类": "市政管网", "board": "安全韧性底线", "来源": "2026补充", "原图层": "存在管线管道破损的住宅", "街办_源": "点军街办", "社区_源": "五龙社区", "小区_源": "五龙阳光小区", "楼栋_源": "五龙阳光小区12栋", "社区": "红光社区"}, "geometry": {"type": "Point", "coordinates": [111.27684387700003, 30.679993866000075]}}, {"type": "Feature", "properties": {"指标": "存在管线管道破损的住宅数量（栋）", "中类": "市政管网", "board": "安全韧性底线", "来源": "2026补充", "原图层": "存在管线管道破损的住宅", "街办_源": "点军街办", "社区_源": "五龙社区", "小区_源": "五龙阳光小区", "楼栋_源": "五龙阳光小区居民楼1号楼", "社区": "五龙社区"}, "geometry": {"type": "Point", "coordinates": [111.27595302900005, 30.67984652800004]}}, {"type": "Feature", "properties": {"指标": "存在管线管道破损的住宅数量（栋）", "中类": "市政管网", "board": "安全韧性底线", "来源": "2026补充", "原图层": "存在管线管道破损的住宅", "街办_源": "点军街办", "社区_源": "五龙社区", "小区_源": "五龙阳光小区", "楼栋_源": "五龙阳光小区3栋", "社区": "五龙社区"}, "geometry": {"type": "Point", "coordinates": [111.27531181400008, 30.68055374900007]}}, {"type": "Feature", "properties": {"指标": "存在管线管道破损的住宅数量（栋）", "中类": "市政管网", "board": "安全韧性底线", "来源": "2026补充", "原图层": "存在管线管道破损的住宅", "街办_源": "点军街办", "社区_源": "五龙社区", "小区_源": "建投樾山", "楼栋_源": "6栋", "社区": "五龙社区"}, "geometry": {"type": "Point", "coordinates": [111.25531397400005, 30.675688425000033]}}, {"type": "Feature", "properties": {"指标": "存在管线管道破损的住宅数量（栋）", "中类": "市政管网", "board": "安全韧性底线", "来源": "2026补充", "原图层": "存在管线管道破损的住宅", "街办_源": "点军街办", "社区_源": "五龙社区", "小区_源": "建投樾山", "楼栋_源": "9栋", "社区": "五龙社区"}, "geometry": {"type": "Point", "coordinates": [111.25560848900005, 30.67634086100003]}}, {"type": "Feature", "properties": {"指标": "存在管线管道破损的住宅数量（栋）", "中类": "市政管网", "board": "安全韧性底线", "来源": "2026补充", "原图层": "存在管线管道破损的住宅", "街办_源": "点军街办", "社区_源": "五龙社区", "小区_源": "建投樾山", "楼栋_源": "3栋", "社区": "五龙社区"}, "geometry": {"type": "Point", "coordinates": [111.25711181100007, 30.67540470600005]}}, {"type": "Feature", "properties": {"指标": "存在管线管道破损的住宅数量（栋）", "中类": "市政管网", "board": "安全韧性底线", "来源": "2026补充", "原图层": "存在管线管道破损的住宅", "街办_源": "点军街办", "社区_源": "五龙社区", "小区_源": "建投樾山", "楼栋_源": "4栋", "社区": "五龙社区"}, "geometry": {"type": "Point", "coordinates": [111.25727345100006, 30.675895539000066]}}, {"type": "Feature", "properties": {"指标": "存在管线管道破损的住宅数量（栋）", "中类": "市政管网", "board": "安全韧性底线", "来源": "2026补充", "原图层": "存在管线管道破损的住宅", "街办_源": "点军街办", "社区_源": "五龙社区", "小区_源": "建投樾山", "楼栋_源": "5栋", "社区": "五龙社区"}, "geometry": {"type": "Point", "coordinates": [111.25630031000009, 30.675847307000026]}}, {"type": "Feature", "properties": {"指标": "存在管线管道破损的住宅数量（栋）", "中类": "市政管网", "board": "安全韧性底线", "来源": "2026补充", "原图层": "存在管线管道破损的住宅", "街办_源": "点军街办", "社区_源": "五龙社区", "小区_源": "阳光花苑小区", "楼栋_源": "阳光花苑1栋", "社区": "五龙社区"}, "geometry": {"type": "Point", "coordinates": [111.26547867400006, 30.67456115500005]}}, {"type": "Feature", "properties": {"指标": "存在管线管道破损的住宅数量（栋）", "中类": "市政管网", "board": "安全韧性底线", "来源": "2026补充", "原图层": "存在管线管道破损的住宅", "街办_源": "点军街办", "社区_源": "五龙社区", "小区_源": "杨家湾小区", "楼栋_源": "杨家湾1栋", "社区": "五龙社区"}, "geometry": {"type": "Point", "coordinates": [111.26740643600004, 30.673993738000036]}}, {"type": "Feature", "properties": {"指标": "存在管线管道破损的住宅数量（栋）", "中类": "市政管网", "board": "安全韧性底线", "来源": "2026补充", "原图层": "存在管线管道破损的住宅", "街办_源": "点军街办", "社区_源": "五龙社区", "小区_源": "西边冲小区", "楼栋_源": "西边冲小区8号楼", "社区": "五龙社区"}, "geometry": {"type": "Point", "coordinates": [111.27313810100009, 30.677598740000064]}}, {"type": "Feature", "properties": {"指标": "存在管线管道破损的住宅数量（栋）", "中类": "市政管网", "board": "安全韧性底线", "来源": "2026补充", "原图层": "存在管线管道破损的住宅", "街办_源": "虎牙街办", "社区_源": "虎牙社区", "小区_源": "猇亭大道18号院", "楼栋_源": "锦绣江东经济适用房", "社区": "虎牙社区"}, "geometry": {"type": "Point", "coordinates": [111.39871951600009, 30.568409674000065]}}, {"type": "Feature", "properties": {"指标": "存在管线管道破损的住宅数量（栋）", "中类": "市政管网", "board": "安全韧性底线", "来源": "2026补充", "原图层": "存在管线管道破损的住宅", "街办_源": "虎牙街办", "社区_源": "鸡山社区", "小区_源": "鸡山三村", "楼栋_源": "鸡山新村小区30栋", "社区": "鸡山社区"}, "geometry": {"type": "Point", "coordinates": [111.44719425200009, 30.554903558000035]}}, {"type": "Feature", "properties": {"指标": "存在管线管道破损的住宅数量（栋）", "中类": "市政管网", "board": "安全韧性底线", "来源": "2026补充", "原图层": "存在管线管道破损的住宅", "街办_源": "古老背街办", "社区_源": "古老背社区", "小区_源": "二印小区", "楼栋_源": "二印小区2号的房屋", "社区": "古老背社区"}, "geometry": {"type": "Point", "coordinates": [111.41273630800004, 30.52906876700007]}}, {"type": "Feature", "properties": {"指标": "存在管线管道破损的住宅数量（栋）", "中类": "市政管网", "board": "安全韧性底线", "来源": "2026补充", "原图层": "存在管线管道破损的住宅", "街办_源": "古老背街办", "社区_源": "桐岭新村社区", "小区_源": "桐岭新村", "楼栋_源": "二期18栋的房屋", "社区": "桐岭新村社区"}, "geometry": {"type": "Point", "coordinates": [111.42660591000003, 30.52461536900006]}}, {"type": "Feature", "properties": {"指标": "存在管线管道破损的住宅数量（栋）", "中类": "市政管网", "board": "安全韧性底线", "来源": "2026补充", "原图层": "存在管线管道破损的住宅", "街办_源": "小溪塔街办", "社区_源": "谭家榜社区", "小区_源": "谭家榜杂居小区", "楼栋_源": "谭家榜杂居小区12", "社区": "谭家榜社区"}, "geometry": {"type": "Point", "coordinates": [111.34618667600006, 30.79318684800006]}}, {"type": "Feature", "properties": {"指标": "存在管线管道破损的住宅数量（栋）", "中类": "市政管网", "board": "安全韧性底线", "来源": "2026补充", "原图层": "存在管线管道破损的住宅", "街办_源": "小溪塔街办", "社区_源": "长江市场社区", "小区_源": "宇隆广场小区", "楼栋_源": "宇隆广场", "社区": "长江市场社区"}, "geometry": {"type": "Point", "coordinates": [111.29435224500008, 30.768301241000074]}}, {"type": "Feature", "properties": {"指标": "存在管线管道破损的住宅数量（栋）", "中类": "市政管网", "board": "安全韧性底线", "来源": "2026补充", "原图层": "存在管线管道破损的住宅", "街办_源": "小溪塔街办", "社区_源": "朝阳社区", "小区_源": "星城花园小区", "楼栋_源": "2幢", "社区": "朝阳社区"}, "geometry": {"type": "Point", "coordinates": [111.32786484100006, 30.77923940200003]}}, {"type": "Feature", "properties": {"指标": "存在管线管道破损的住宅数量（栋）", "中类": "市政管网", "board": "安全韧性底线", "来源": "2026补充", "原图层": "存在管线管道破损的住宅", "街办_源": "小溪塔街办", "社区_源": "朝阳社区", "小区_源": "金凤朝阳西侧杂居小区", "楼栋_源": "1", "社区": "朝阳社区"}, "geometry": {"type": "Point", "coordinates": [111.32933571400008, 30.78336510200006]}}, {"type": "Feature", "properties": {"指标": "存在管线管道破损的住宅数量（栋）", "中类": "市政管网", "board": "安全韧性底线", "来源": "2026补充", "原图层": "存在管线管道破损的住宅", "街办_源": "小溪塔街办", "社区_源": "朝阳社区", "小区_源": "广厦街东侧杂居小区", "楼栋_源": "2", "社区": "朝阳社区"}, "geometry": {"type": "Point", "coordinates": [111.33028975500008, 30.778826223000067]}}, {"type": "Feature", "properties": {"指标": "存在管线管道破损的住宅数量（栋）", "中类": "市政管网", "board": "安全韧性底线", "来源": "2026补充", "原图层": "存在管线管道破损的住宅", "街办_源": "小溪塔街办", "社区_源": "峡江社区", "小区_源": "湖光路北侧杂居小区", "楼栋_源": "湖光金苑（老）1栋一单元", "社区": "峡江社区"}, "geometry": {"type": "Point", "coordinates": [111.29896735700004, 30.767726246000052]}}, {"type": "Feature", "properties": {"指标": "存在管线管道破损的住宅数量（栋）", "中类": "市政管网", "board": "安全韧性底线", "来源": "2026补充", "原图层": "存在管线管道破损的住宅", "街办_源": "小溪塔街办", "社区_源": "峡江社区", "小区_源": "湖光路北侧杂居小区", "楼栋_源": "张海峰的住宅", "社区": "峡江社区"}, "geometry": {"type": "Point", "coordinates": [111.29825840700005, 30.768153360000042]}}, {"type": "Feature", "properties": {"指标": "存在管线管道破损的住宅数量（栋）", "中类": "市政管网", "board": "安全韧性底线", "来源": "2026补充", "原图层": "存在管线管道破损的住宅", "街办_源": "东城试验区", "社区_源": "润城社区", "小区_源": "清江润城-北区", "楼栋_源": "24号楼", "社区": "润城社区"}, "geometry": {"type": "Point", "coordinates": [111.34049201000005, 30.751075316000026]}}, {"type": "Feature", "properties": {"指标": "存在管线管道破损的住宅数量（栋）", "中类": "市政管网", "board": "安全韧性底线", "来源": "2026补充", "原图层": "存在管线管道破损的住宅", "街办_源": "东城试验区", "社区_源": "润城社区", "小区_源": "清江润城-北区", "楼栋_源": "清江润城40", "社区": "润城社区"}, "geometry": {"type": "Point", "coordinates": [111.33985286000006, 30.75494674400005]}}, {"type": "Feature", "properties": {"指标": "存在管线管道破损的住宅数量（栋）", "中类": "市政管网", "board": "安全韧性底线", "来源": "2026补充", "原图层": "存在管线管道破损的住宅", "街办_源": "东城试验区", "社区_源": "润城社区", "小区_源": "清江润城-北区", "楼栋_源": "14栋", "社区": "润城社区"}, "geometry": {"type": "Point", "coordinates": [111.33926078400009, 30.753015168000047]}}, {"type": "Feature", "properties": {"指标": "存在管线管道破损的住宅数量（栋）", "中类": "市政管网", "board": "安全韧性底线", "来源": "2026补充", "原图层": "存在管线管道破损的住宅", "街办_源": "东城试验区", "社区_源": "润城社区", "小区_源": "清江润城-北区", "楼栋_源": "7号楼", "社区": "润城社区"}, "geometry": {"type": "Point", "coordinates": [111.33877469200007, 30.754977023000038]}}, {"type": "Feature", "properties": {"指标": "存在管线管道破损的住宅数量（栋）", "中类": "市政管网", "board": "安全韧性底线", "来源": "2026补充", "原图层": "存在管线管道破损的住宅", "街办_源": "东城试验区", "社区_源": "润城社区", "小区_源": "清江润城-北区", "楼栋_源": "15号楼", "社区": "润城社区"}, "geometry": {"type": "Point", "coordinates": [111.33925740100005, 30.752751493000062]}}, {"type": "Feature", "properties": {"指标": "存在管线管道破损的住宅数量（栋）", "中类": "市政管网", "board": "安全韧性底线", "来源": "2026补充", "原图层": "存在管线管道破损的住宅", "街办_源": "东城试验区", "社区_源": "润城社区", "小区_源": "清江润城-北区", "楼栋_源": "清江润城05", "社区": "润城社区"}, "geometry": {"type": "Point", "coordinates": [111.33946770600005, 30.75440664100006]}}, {"type": "Feature", "properties": {"指标": "存在管线管道破损的住宅数量（栋）", "中类": "市政管网", "board": "安全韧性底线", "来源": "2026补充", "原图层": "存在管线管道破损的住宅", "街办_源": "东城试验区", "社区_源": "润城社区", "小区_源": "清江润城-北区", "楼栋_源": "清江润城31", "社区": "润城社区"}, "geometry": {"type": "Point", "coordinates": [111.34041534000005, 30.754369746000066]}}, {"type": "Feature", "properties": {"指标": "存在管线管道破损的住宅数量（栋）", "中类": "市政管网", "board": "安全韧性底线", "来源": "2026补充", "原图层": "存在管线管道破损的住宅", "街办_源": "东城试验区", "社区_源": "润城社区", "小区_源": "清江润城-北区", "楼栋_源": "11号楼", "社区": "润城社区"}, "geometry": {"type": "Point", "coordinates": [111.33906460000009, 30.75399767500005]}}, {"type": "Feature", "properties": {"指标": "存在管线管道破损的住宅数量（栋）", "中类": "市政管网", "board": "安全韧性底线", "来源": "2026补充", "原图层": "存在管线管道破损的住宅", "街办_源": "东城试验区", "社区_源": "润城社区", "小区_源": "清江润城-北区", "楼栋_源": "30号楼", "社区": "润城社区"}, "geometry": {"type": "Point", "coordinates": [111.33955844300004, 30.75110826100007]}}, {"type": "Feature", "properties": {"指标": "存在管线管道破损的住宅数量（栋）", "中类": "市政管网", "board": "安全韧性底线", "来源": "2026补充", "原图层": "存在管线管道破损的住宅", "街办_源": "东城试验区", "社区_源": "润城社区", "小区_源": "清江润城-北区", "楼栋_源": "清江润城2", "社区": "润城社区"}, "geometry": {"type": "Point", "coordinates": [111.34059079800005, 30.752859553000064]}}, {"type": "Feature", "properties": {"指标": "存在管线管道破损的住宅数量（栋）", "中类": "市政管网", "board": "安全韧性底线", "来源": "2026补充", "原图层": "存在管线管道破损的住宅", "街办_源": "东城试验区", "社区_源": "润城社区", "小区_源": "清江润城-北区", "楼栋_源": "清江润城34", "社区": "润城社区"}, "geometry": {"type": "Point", "coordinates": [111.34067381800008, 30.755691605000038]}}, {"type": "Feature", "properties": {"指标": "存在管线管道破损的住宅数量（栋）", "中类": "市政管网", "board": "安全韧性底线", "来源": "2026补充", "原图层": "存在管线管道破损的住宅", "街办_源": "东城试验区", "社区_源": "润城社区", "小区_源": "清江润城-北区", "楼栋_源": "35号楼", "社区": "润城社区"}, "geometry": {"type": "Point", "coordinates": [111.34017701500005, 30.75603981000006]}}, {"type": "Feature", "properties": {"指标": "存在管线管道破损的住宅数量（栋）", "中类": "市政管网", "board": "安全韧性底线", "来源": "2026补充", "原图层": "存在管线管道破损的住宅", "街办_源": "东城试验区", "社区_源": "润城社区", "小区_源": "清江润城-北区", "楼栋_源": "18号楼", "社区": "润城社区"}, "geometry": {"type": "Point", "coordinates": [111.33969893100004, 30.752542563000077]}}, {"type": "Feature", "properties": {"指标": "存在管线管道破损的住宅数量（栋）", "中类": "市政管网", "board": "安全韧性底线", "来源": "2026补充", "原图层": "存在管线管道破损的住宅", "街办_源": "东城试验区", "社区_源": "润城社区", "小区_源": "清江润城-北区", "楼栋_源": "1号楼", "社区": "润城社区"}, "geometry": {"type": "Point", "coordinates": [111.34038159400006, 30.752481057000068]}}, {"type": "Feature", "properties": {"指标": "存在管线管道破损的住宅数量（栋）", "中类": "市政管网", "board": "安全韧性底线", "来源": "2026补充", "原图层": "存在管线管道破损的住宅", "街办_源": "东城试验区", "社区_源": "润城社区", "小区_源": "清江润城-北区", "楼栋_源": "20号楼", "社区": "润城社区"}, "geometry": {"type": "Point", "coordinates": [111.33978943900007, 30.753011898000068]}}, {"type": "Feature", "properties": {"指标": "存在管线管道破损的住宅数量（栋）", "中类": "市政管网", "board": "安全韧性底线", "来源": "2026补充", "原图层": "存在管线管道破损的住宅", "街办_源": "东城试验区", "社区_源": "润城社区", "小区_源": "清江润城-北区", "楼栋_源": "38号楼", "社区": "润城社区"}, "geometry": {"type": "Point", "coordinates": [111.33866095600007, 30.75540068600003]}}, {"type": "Feature", "properties": {"指标": "存在管线管道破损的住宅数量（栋）", "中类": "市政管网", "board": "安全韧性底线", "来源": "2026补充", "原图层": "存在管线管道破损的住宅", "街办_源": "东城试验区", "社区_源": "润城社区", "小区_源": "清江润城-北区", "楼栋_源": "清江润城22", "社区": "润城社区"}, "geometry": {"type": "Point", "coordinates": [111.33964864300009, 30.753877527000043]}}, {"type": "Feature", "properties": {"指标": "存在管线管道破损的住宅数量（栋）", "中类": "市政管网", "board": "安全韧性底线", "来源": "2026补充", "原图层": "存在管线管道破损的住宅", "街办_源": "东城试验区", "社区_源": "润城社区", "小区_源": "清江润城-北区", "楼栋_源": "9号楼", "社区": "润城社区"}, "geometry": {"type": "Point", "coordinates": [111.33887334800005, 30.754456224000023]}}, {"type": "Feature", "properties": {"指标": "存在管线管道破损的住宅数量（栋）", "中类": "市政管网", "board": "安全韧性底线", "来源": "2026补充", "原图层": "存在管线管道破损的住宅", "街办_源": "东城试验区", "社区_源": "润城社区", "小区_源": "清江润城-北区", "楼栋_源": "36号楼", "社区": "润城社区"}, "geometry": {"type": "Point", "coordinates": [111.33971178200005, 30.756315345000075]}}, {"type": "Feature", "properties": {"指标": "存在管线管道破损的住宅数量（栋）", "中类": "市政管网", "board": "安全韧性底线", "来源": "2026补充", "原图层": "存在管线管道破损的住宅", "街办_源": "东城试验区", "社区_源": "润城社区", "小区_源": "清江润城-北区", "楼栋_源": "清江润城32", "社区": "润城社区"}, "geometry": {"type": "Point", "coordinates": [111.34069539900008, 30.75480405500008]}}, {"type": "Feature", "properties": {"指标": "存在管线管道破损的住宅数量（栋）", "中类": "市政管网", "board": "安全韧性底线", "来源": "2026补充", "原图层": "存在管线管道破损的住宅", "街办_源": "东城试验区", "社区_源": "润城社区", "小区_源": "清江润城-北区", "楼栋_源": "12号楼", "社区": "润城社区"}, "geometry": {"type": "Point", "coordinates": [111.33914465200007, 30.753729521000025]}}, {"type": "Feature", "properties": {"指标": "存在管线管道破损的住宅数量（栋）", "中类": "市政管网", "board": "安全韧性底线", "来源": "2026补充", "原图层": "存在管线管道破损的住宅", "街办_源": "东城试验区", "社区_源": "润城社区", "小区_源": "清江润城-北区", "楼栋_源": "清江润城21", "社区": "润城社区"}, "geometry": {"type": "Point", "coordinates": [111.33973306400009, 30.75363262700006]}}, {"type": "Feature", "properties": {"指标": "存在管线管道破损的住宅数量（栋）", "中类": "市政管网", "board": "安全韧性底线", "来源": "2026补充", "原图层": "存在管线管道破损的住宅", "街办_源": "东城试验区", "社区_源": "润城社区", "小区_源": "清江润城-北区", "楼栋_源": "26号楼", "社区": "润城社区"}, "geometry": {"type": "Point", "coordinates": [111.34050821700004, 30.75207625300004]}}, {"type": "Feature", "properties": {"指标": "存在管线管道破损的住宅数量（栋）", "中类": "市政管网", "board": "安全韧性底线", "来源": "2026补充", "原图层": "存在管线管道破损的住宅", "街办_源": "东城试验区", "社区_源": "润城社区", "小区_源": "清江润城-北区", "楼栋_源": "28号楼", "社区": "润城社区"}, "geometry": {"type": "Point", "coordinates": [111.33904929900007, 30.751809222000077]}}, {"type": "Feature", "properties": {"指标": "存在管线管道破损的住宅数量（栋）", "中类": "市政管网", "board": "安全韧性底线", "来源": "2026补充", "原图层": "存在管线管道破损的住宅", "街办_源": "东城试验区", "社区_源": "润城社区", "小区_源": "清江润城-北区", "楼栋_源": "39号楼", "社区": "润城社区"}, "geometry": {"type": "Point", "coordinates": [111.33934901000003, 30.755276785000035]}}, {"type": "Feature", "properties": {"指标": "存在管线管道破损的住宅数量（栋）", "中类": "市政管网", "board": "安全韧性底线", "来源": "2026补充", "原图层": "存在管线管道破损的住宅", "街办_源": "东城试验区", "社区_源": "润城社区", "小区_源": "清江润城-北区", "楼栋_源": "10号楼", "社区": "润城社区"}, "geometry": {"type": "Point", "coordinates": [111.33893919200005, 30.754217397000048]}}, {"type": "Feature", "properties": {"指标": "存在管线管道破损的住宅数量（栋）", "中类": "市政管网", "board": "安全韧性底线", "来源": "2026补充", "原图层": "存在管线管道破损的住宅", "街办_源": "东城试验区", "社区_源": "润城社区", "小区_源": "清江润城-北区", "楼栋_源": "17号楼", "社区": "润城社区"}, "geometry": {"type": "Point", "coordinates": [111.33916491100007, 30.752282346000072]}}, {"type": "Feature", "properties": {"指标": "存在管线管道破损的住宅数量（栋）", "中类": "市政管网", "board": "安全韧性底线", "来源": "2026补充", "原图层": "存在管线管道破损的住宅", "街办_源": "东城试验区", "社区_源": "润城社区", "小区_源": "清江润城-北区", "楼栋_源": "27号楼", "社区": "润城社区"}, "geometry": {"type": "Point", "coordinates": [111.33974847900004, 30.751880191000055]}}, {"type": "Feature", "properties": {"指标": "存在管线管道破损的住宅数量（栋）", "中类": "市政管网", "board": "安全韧性底线", "来源": "2026补充", "原图层": "存在管线管道破损的住宅", "街办_源": "东城试验区", "社区_源": "润城社区", "小区_源": "清江润城-北区", "楼栋_源": "25号楼", "社区": "润城社区"}, "geometry": {"type": "Point", "coordinates": [111.34055226000004, 30.75162470400005]}}, {"type": "Feature", "properties": {"指标": "存在管线管道破损的住宅数量（栋）", "中类": "市政管网", "board": "安全韧性底线", "来源": "2026补充", "原图层": "存在管线管道破损的住宅", "街办_源": "东城试验区", "社区_源": "润城社区", "小区_源": "清江润城-北区", "楼栋_源": "16号楼", "社区": "润城社区"}, "geometry": {"type": "Point", "coordinates": [111.33918693300006, 30.752518907000024]}}, {"type": "Feature", "properties": {"指标": "存在管线管道破损的住宅数量（栋）", "中类": "市政管网", "board": "安全韧性底线", "来源": "2026补充", "原图层": "存在管线管道破损的住宅", "街办_源": "东城试验区", "社区_源": "润城社区", "小区_源": "清江润城-北区", "楼栋_源": "清江润城33", "社区": "润城社区"}, "geometry": {"type": "Point", "coordinates": [111.34070689300006, 30.755251799000064]}}, {"type": "Feature", "properties": {"指标": "存在管线管道破损的住宅数量（栋）", "中类": "市政管网", "board": "安全韧性底线", "来源": "2026补充", "原图层": "存在管线管道破损的住宅", "街办_源": "东城试验区", "社区_源": "润城社区", "小区_源": "清江润城-北区", "楼栋_源": "清江润城6", "社区": "润城社区"}, "geometry": {"type": "Point", "coordinates": [111.33935026900008, 30.754759472000046]}}, {"type": "Feature", "properties": {"指标": "存在管线管道破损的住宅数量（栋）", "中类": "市政管网", "board": "安全韧性底线", "来源": "2026补充", "原图层": "存在管线管道破损的住宅", "街办_源": "东城试验区", "社区_源": "润城社区", "小区_源": "清江润城-北区", "楼栋_源": "清江润城03", "社区": "润城社区"}, "geometry": {"type": "Point", "coordinates": [111.34056664800005, 30.753673508000077]}}, {"type": "Feature", "properties": {"指标": "存在管线管道破损的住宅数量（栋）", "中类": "市政管网", "board": "安全韧性底线", "来源": "2026补充", "原图层": "存在管线管道破损的住宅", "街办_源": "东城试验区", "社区_源": "润城社区", "小区_源": "清江润城-北区", "楼栋_源": "13号楼", "社区": "润城社区"}, "geometry": {"type": "Point", "coordinates": [111.33927015500007, 30.753489493000075]}}, {"type": "Feature", "properties": {"指标": "存在管线管道破损的住宅数量（栋）", "中类": "市政管网", "board": "安全韧性底线", "来源": "2026补充", "原图层": "存在管线管道破损的住宅", "街办_源": "东城试验区", "社区_源": "润城社区", "小区_源": "清江润城-北区", "楼栋_源": "19号楼", "社区": "润城社区"}, "geometry": {"type": "Point", "coordinates": [111.33979227200007, 30.75275847100005]}}, {"type": "Feature", "properties": {"指标": "存在管线管道破损的住宅数量（栋）", "中类": "市政管网", "board": "安全韧性底线", "来源": "2026补充", "原图层": "存在管线管道破损的住宅", "街办_源": "东城试验区", "社区_源": "润城社区", "小区_源": "清江润城-北区", "楼栋_源": "清江润城23", "社区": "润城社区"}, "geometry": {"type": "Point", "coordinates": [111.33957026200005, 30.754129290000037]}}, {"type": "Feature", "properties": {"指标": "存在管线管道破损的住宅数量（栋）", "中类": "市政管网", "board": "安全韧性底线", "来源": "2026补充", "原图层": "存在管线管道破损的住宅", "街办_源": "东城试验区", "社区_源": "润城社区", "小区_源": "清江润城-北区", "楼栋_源": "8号楼", "社区": "润城社区"}, "geometry": {"type": "Point", "coordinates": [111.33877443700004, 30.75468180200005]}}, {"type": "Feature", "properties": {"指标": "存在管线管道破损的住宅数量（栋）", "中类": "市政管网", "board": "安全韧性底线", "来源": "2026补充", "原图层": "存在管线管道破损的住宅", "街办_源": "东城试验区", "社区_源": "润城社区", "小区_源": "清江润城-北区", "楼栋_源": "29号楼", "社区": "润城社区"}, "geometry": {"type": "Point", "coordinates": [111.33908829400008, 30.751346828000067]}}, {"type": "Feature", "properties": {"指标": "存在管线管道破损的住宅数量（栋）", "中类": "市政管网", "board": "安全韧性底线", "来源": "2026补充", "原图层": "存在管线管道破损的住宅", "街办_源": "东城试验区", "社区_源": "润城社区", "小区_源": "清江润城-北区", "楼栋_源": "37号楼", "社区": "润城社区"}, "geometry": {"type": "Point", "coordinates": [111.33909361100007, 30.755803203000028]}}, {"type": "Feature", "properties": {"指标": "存在管线管道破损的住宅数量（栋）", "中类": "市政管网", "board": "安全韧性底线", "来源": "2026补充", "原图层": "存在管线管道破损的住宅", "街办_源": "小溪塔街办", "社区_源": "东湖社区", "小区_源": "客运宿舍小区", "楼栋_源": "330宿舍3号"}, "geometry": {"type": "Point", "coordinates": [111.32019133600005, 30.769359515000076]}}, {"type": "Feature", "properties": {"指标": "存在管线管道破损的住宅数量（栋）", "中类": "市政管网", "board": "安全韧性底线", "来源": "2026补充", "原图层": "存在管线管道破损的住宅", "街办_源": "小溪塔街办", "社区_源": "东湖社区", "小区_源": "电信杂居小区", "楼栋_源": "2栋"}, "geometry": {"type": "Point", "coordinates": [111.32729970200006, 30.770831652000027]}}, {"type": "Feature", "properties": {"指标": "存在管线管道破损的住宅数量（栋）", "中类": "市政管网", "board": "安全韧性底线", "来源": "2026补充", "原图层": "存在管线管道破损的住宅", "街办_源": "小溪塔街办", "社区_源": "东湖社区", "小区_源": "罗河二巷杂居小区", "楼栋_源": "33"}, "geometry": {"type": "Point", "coordinates": [111.32685477200005, 30.77185428000007]}}, {"type": "Feature", "properties": {"指标": "存在管线管道破损的住宅数量（栋）", "中类": "市政管网", "board": "安全韧性底线", "来源": "2026补充", "原图层": "存在管线管道破损的住宅", "街办_源": "小溪塔街办", "社区_源": "东湖社区", "小区_源": "罗河二巷杂居小区", "楼栋_源": "37"}, "geometry": {"type": "Point", "coordinates": [111.32730804400006, 30.772191172000078]}}, {"type": "Feature", "properties": {"指标": "需要进行适老化改造的住宅数量（栋）", "中类": "住房", "board": "民生基础需求", "来源": "2026补充", "原图层": "需要进行适老化改造住宅", "街办_源": "点军街办", "社区_源": "红光社区", "小区_源": "红光小区", "楼栋_源": "红光小区居民楼四号楼", "社区": "红光社区"}, "geometry": {"type": "Point", "coordinates": [111.28286329000008, 30.67739042100004]}}, {"type": "Feature", "properties": {"指标": "需要进行适老化改造的住宅数量（栋）", "中类": "住房", "board": "民生基础需求", "来源": "2026补充", "原图层": "需要进行适老化改造住宅", "街办_源": "点军街办", "社区_源": "红光社区", "小区_源": "红光小区", "楼栋_源": "红光小区2栋", "社区": "红光社区"}, "geometry": {"type": "Point", "coordinates": [111.28320312600005, 30.676813765000077]}}, {"type": "Feature", "properties": {"指标": "需要进行适老化改造的住宅数量（栋）", "中类": "住房", "board": "民生基础需求", "来源": "2026补充", "原图层": "需要进行适老化改造住宅", "街办_源": "点军街办", "社区_源": "红光社区", "小区_源": "红光小区", "楼栋_源": "红光小区一号居民楼", "社区": "红光社区"}, "geometry": {"type": "Point", "coordinates": [111.28357663900005, 30.676771634000033]}}, {"type": "Feature", "properties": {"指标": "需要进行适老化改造的住宅数量（栋）", "中类": "住房", "board": "民生基础需求", "来源": "2026补充", "原图层": "需要进行适老化改造住宅", "街办_源": "点军街办", "社区_源": "红光社区", "小区_源": "红光小区", "楼栋_源": "红光小区7栋", "社区": "红光社区"}, "geometry": {"type": "Point", "coordinates": [111.28362868600004, 30.677435185000036]}}, {"type": "Feature", "properties": {"指标": "需要进行适老化改造的住宅数量（栋）", "中类": "住房", "board": "民生基础需求", "来源": "2026补充", "原图层": "需要进行适老化改造住宅", "街办_源": "点军街办", "社区_源": "红光社区", "小区_源": "红光小区", "楼栋_源": "红光小区居民楼六号楼", "社区": "红光社区"}, "geometry": {"type": "Point", "coordinates": [111.28223872600006, 30.677598438000075]}}, {"type": "Feature", "properties": {"指标": "需要进行适老化改造的住宅数量（栋）", "中类": "住房", "board": "民生基础需求", "来源": "2026补充", "原图层": "需要进行适老化改造住宅", "街办_源": "点军街办", "社区_源": "红光社区", "小区_源": "红光小区", "楼栋_源": "红光小区居民楼三号楼", "社区": "红光社区"}, "geometry": {"type": "Point", "coordinates": [111.28305004600008, 30.67711657600006]}}, {"type": "Feature", "properties": {"指标": "需要进行适老化改造的住宅数量（栋）", "中类": "住房", "board": "民生基础需求", "来源": "2026补充", "原图层": "需要进行适老化改造住宅", "街办_源": "点军街办", "社区_源": "红光社区", "小区_源": "红光小区", "楼栋_源": "红光小区5栋", "社区": "红光社区"}, "geometry": {"type": "Point", "coordinates": [111.28251733100007, 30.67742465200007]}}, {"type": "Feature", "properties": {"指标": "需要进行适老化改造的住宅数量（栋）", "中类": "住房", "board": "民生基础需求", "来源": "2026补充", "原图层": "需要进行适老化改造住宅", "街办_源": "点军街办", "社区_源": "五龙社区", "小区_源": "杨家湾小区", "楼栋_源": "杨家湾小区5栋", "社区": "五龙社区"}, "geometry": {"type": "Point", "coordinates": [111.26794132400005, 30.67538859000007]}}, {"type": "Feature", "properties": {"指标": "需要进行适老化改造的住宅数量（栋）", "中类": "住房", "board": "民生基础需求", "来源": "2026补充", "原图层": "需要进行适老化改造住宅", "街办_源": "点军街办", "社区_源": "五龙社区", "小区_源": "杨家湾小区", "楼栋_源": "杨家湾小区7栋", "社区": "五龙社区"}, "geometry": {"type": "Point", "coordinates": [111.26785981500007, 30.675952755000026]}}, {"type": "Feature", "properties": {"指标": "需要进行适老化改造的住宅数量（栋）", "中类": "住房", "board": "民生基础需求", "来源": "2026补充", "原图层": "需要进行适老化改造住宅", "街办_源": "点军街办", "社区_源": "五龙社区", "小区_源": "杨家湾小区", "楼栋_源": "杨家湾小区6栋", "社区": "五龙社区"}, "geometry": {"type": "Point", "coordinates": [111.26753766100006, 30.675448679000056]}}, {"type": "Feature", "properties": {"指标": "需要进行适老化改造的住宅数量（栋）", "中类": "住房", "board": "民生基础需求", "来源": "2026补充", "原图层": "需要进行适老化改造住宅", "街办_源": "点军街办", "社区_源": "五龙社区", "小区_源": "杨家湾小区", "楼栋_源": "杨家湾小区2号楼", "社区": "五龙社区"}, "geometry": {"type": "Point", "coordinates": [111.26749496600007, 30.674370414000066]}}, {"type": "Feature", "properties": {"指标": "需要进行适老化改造的住宅数量（栋）", "中类": "住房", "board": "民生基础需求", "来源": "2026补充", "原图层": "需要进行适老化改造住宅", "街办_源": "点军街办", "社区_源": "五龙社区", "小区_源": "杨家湾小区", "楼栋_源": "杨家湾小区4栋", "社区": "五龙社区"}, "geometry": {"type": "Point", "coordinates": [111.26769291600004, 30.67494793800006]}}, {"type": "Feature", "properties": {"指标": "需要进行适老化改造的住宅数量（栋）", "中类": "住房", "board": "民生基础需求", "来源": "2026补充", "原图层": "需要进行适老化改造住宅", "街办_源": "点军街办", "社区_源": "五龙社区", "小区_源": "杨家湾小区", "楼栋_源": "杨家湾小区3栋", "社区": "五龙社区"}, "geometry": {"type": "Point", "coordinates": [111.26758035600005, 30.67466752200005]}}, {"type": "Feature", "properties": {"指标": "需要进行适老化改造的住宅数量（栋）", "中类": "住房", "board": "民生基础需求", "来源": "2026补充", "原图层": "需要进行适老化改造住宅", "街办_源": "点军街办", "社区_源": "五龙社区", "小区_源": "西边冲小区", "楼栋_源": "西边冲小区9栋", "社区": "五龙社区"}, "geometry": {"type": "Point", "coordinates": [111.27343893200003, 30.67773576700006]}}, {"type": "Feature", "properties": {"指标": "需要进行适老化改造的住宅数量（栋）", "中类": "住房", "board": "民生基础需求", "来源": "2026补充", "原图层": "需要进行适老化改造住宅", "街办_源": "虎牙街办", "社区_源": "虎牙社区", "小区_源": "猇亭大道18号院", "楼栋_源": "锦绣江东经济适用房5号楼", "社区": "虎牙社区"}, "geometry": {"type": "Point", "coordinates": [111.39856534000006, 30.568377592000047]}}, {"type": "Feature", "properties": {"指标": "需要进行适老化改造的住宅数量（栋）", "中类": "住房", "board": "民生基础需求", "来源": "2026补充", "原图层": "需要进行适老化改造住宅", "街办_源": "虎牙街办", "社区_源": "虎牙社区", "小区_源": "猇亭大道18号院", "楼栋_源": "锦绣江东经济适用房6号楼", "社区": "虎牙社区"}, "geometry": {"type": "Point", "coordinates": [111.39890271300004, 30.568472142000076]}}, {"type": "Feature", "properties": {"指标": "需要进行适老化改造的住宅数量（栋）", "中类": "住房", "board": "民生基础需求", "来源": "2026补充", "原图层": "需要进行适老化改造住宅", "街办_源": "小溪塔街办", "社区_源": "朝阳社区", "小区_源": "广厦路西侧杂居小区", "楼栋_源": "1", "社区": "朝阳社区"}, "geometry": {"type": "Point", "coordinates": [111.32671064700008, 30.778453685000045]}}, {"type": "Feature", "properties": {"指标": "需要进行适老化改造的住宅数量（栋）", "中类": "住房", "board": "民生基础需求", "来源": "2026补充", "原图层": "需要进行适老化改造住宅", "街办_源": "小溪塔街办", "社区_源": "峡江社区", "小区_源": "湖锦花园小区", "楼栋_源": "108栋", "社区": "峡江社区"}, "geometry": {"type": "Point", "coordinates": [111.30123301300006, 30.770085618000053]}}, {"type": "Feature", "properties": {"指标": "需要进行适老化改造的住宅数量（栋）", "中类": "住房", "board": "民生基础需求", "来源": "2026补充", "原图层": "需要进行适老化改造住宅", "街办_源": "小溪塔街办", "社区_源": "峡江社区", "小区_源": "碧水蓝天小区", "楼栋_源": "峡洲路11号碧水蓝天1栋", "社区": "峡江社区"}, "geometry": {"type": "Point", "coordinates": [111.30233400500003, 30.77154266200006]}}, {"type": "Feature", "properties": {"指标": "需要进行适老化改造的住宅数量（栋）", "中类": "住房", "board": "民生基础需求", "来源": "2026补充", "原图层": "需要进行适老化改造住宅", "街办_源": "小溪塔街办", "社区_源": "峡江社区", "小区_源": "紫荆花园小区", "楼栋_源": "峡洲路9号紫荆花园1号楼", "社区": "峡江社区"}, "geometry": {"type": "Point", "coordinates": [111.30246052600006, 30.77062101300004]}}, {"type": "Feature", "properties": {"指标": "需要进行适老化改造的住宅数量（栋）", "中类": "住房", "board": "民生基础需求", "来源": "2026补充", "原图层": "需要进行适老化改造住宅", "街办_源": "小溪塔街办", "社区_源": "峡江社区", "小区_源": "幸福家园小区", "楼栋_源": "峡洲路7-3住宅", "社区": "峡江社区"}, "geometry": {"type": "Point", "coordinates": [111.30267901900004, 30.769821060000027]}}, {"type": "Feature", "properties": {"指标": "需要进行适老化改造的住宅数量（栋）", "中类": "住房", "board": "民生基础需求", "来源": "2026补充", "原图层": "需要进行适老化改造住宅", "街办_源": "小溪塔街办", "社区_源": "峡江社区", "小区_源": "幸福家园小区", "楼栋_源": "峡洲路7-1住宅", "社区": "峡江社区"}, "geometry": {"type": "Point", "coordinates": [111.30241652900008, 30.769916480000063]}}, {"type": "Feature", "properties": {"指标": "需要进行适老化改造的住宅数量（栋）", "中类": "住房", "board": "民生基础需求", "来源": "2026补充", "原图层": "需要进行适老化改造住宅", "街办_源": "小溪塔街办", "社区_源": "峡江社区", "小区_源": "幸福家园小区", "楼栋_源": "峡洲路7-2住宅", "社区": "峡江社区"}, "geometry": {"type": "Point", "coordinates": [111.30260229100008, 30.770201005000047]}}, {"type": "Feature", "properties": {"指标": "需要进行适老化改造的住宅数量（栋）", "中类": "住房", "board": "民生基础需求", "来源": "2026补充", "原图层": "需要进行适老化改造住宅", "街办_源": "小溪塔街办", "社区_源": "峡江社区", "小区_源": "香山凤凰城小区", "楼栋_源": "香山凤凰城1栋", "社区": "峡江社区"}, "geometry": {"type": "Point", "coordinates": [111.30191915700004, 30.767946344000052]}}, {"type": "Feature", "properties": {"指标": "需要进行适老化改造的住宅数量（栋）", "中类": "住房", "board": "民生基础需求", "来源": "2026补充", "原图层": "需要进行适老化改造住宅", "街办_源": "小溪塔街办", "社区_源": "东湖社区", "小区_源": "客运宿舍小区", "楼栋_源": "客运站宿舍"}, "geometry": {"type": "Point", "coordinates": [111.32052073000006, 30.769676504000074]}}, {"type": "Feature", "properties": {"指标": "需要进行适老化改造的住宅数量（栋）", "中类": "住房", "board": "民生基础需求", "来源": "2026补充", "原图层": "需要进行适老化改造住宅", "街办_源": "小溪塔街办", "社区_源": "营盘社区", "小区_源": "民政小区", "楼栋_源": "2", "社区": "营盘社区"}, "geometry": {"type": "Point", "coordinates": [111.32826922100008, 30.775917803000027]}}, {"type": "Feature", "properties": {"指标": "需要进行适老化改造的住宅数量（栋）", "中类": "住房", "board": "民生基础需求", "来源": "2026补充", "原图层": "需要进行适老化改造住宅", "街办_源": "小溪塔街办", "社区_源": "营盘社区", "小区_源": "申昌小区", "楼栋_源": "1", "社区": "营盘社区"}, "geometry": {"type": "Point", "coordinates": [111.32800478500008, 30.775251258000026]}}, {"type": "Feature", "properties": {"指标": "未达标配建养老服务设施的小区数量（个）", "中类": "公服设施", "board": "民生基础需求", "来源": "2026补充", "原图层": "未达标配建养老服务设施的社区数量", "社区": "五龙社区"}, "geometry": {"type": "Point", "coordinates": [111.26927797300004, 30.677887224000074]}}, {"type": "Feature", "properties": {"指标": "未达标配建养老服务设施的小区数量（个）", "中类": "公服设施", "board": "民生基础需求", "来源": "2026补充", "原图层": "未达标配建养老服务设施的社区数量", "社区": "下马槽社区"}, "geometry": {"type": "Point", "coordinates": [111.45223473400006, 30.495463593000068]}}, {"type": "Feature", "properties": {"指标": "未达标配建养老服务设施的小区数量（个）", "中类": "公服设施", "board": "民生基础需求", "来源": "2026补充", "原图层": "未达标配建养老服务设施的社区数量", "社区": "云池社区"}, "geometry": {"type": "Point", "coordinates": [111.45662845300006, 30.487571970000033]}}, {"type": "Feature", "properties": {"指标": "未达标配建养老服务设施的小区数量（个）", "中类": "公服设施", "board": "民生基础需求", "来源": "2026补充", "原图层": "未达标配建养老服务设施的社区数量", "社区": "云池社区"}, "geometry": {"type": "Point", "coordinates": [111.45285688900009, 30.48100978800005]}}, {"type": "Feature", "properties": {"指标": "未达标配建养老服务设施的小区数量（个）", "中类": "公服设施", "board": "民生基础需求", "来源": "2026补充", "原图层": "未达标配建养老服务设施的社区数量", "社区": "云池社区"}, "geometry": {"type": "Point", "coordinates": [111.45451647300007, 30.476589928000067]}}, {"type": "Feature", "properties": {"指标": "未达标配建养老服务设施的小区数量（个）", "中类": "公服设施", "board": "民生基础需求", "来源": "2026补充", "原图层": "未达标配建养老服务设施的社区数量", "社区": "云池社区"}, "geometry": {"type": "Point", "coordinates": [111.46252688500005, 30.48963553200008]}}, {"type": "Feature", "properties": {"指标": "未达标配建养老服务设施的小区数量（个）", "中类": "公服设施", "board": "民生基础需求", "来源": "2026补充", "原图层": "未达标配建养老服务设施的社区数量", "社区": "云池社区"}, "geometry": {"type": "Point", "coordinates": [111.46045338700009, 30.48593414000004]}}, {"type": "Feature", "properties": {"指标": "未达标配建养老服务设施的小区数量（个）", "中类": "公服设施", "board": "民生基础需求", "来源": "2026补充", "原图层": "未达标配建养老服务设施的社区数量", "社区": "云池社区"}, "geometry": {"type": "Point", "coordinates": [111.45275090800004, 30.48062062300005]}}, {"type": "Feature", "properties": {"指标": "未达标配建养老服务设施的小区数量（个）", "中类": "公服设施", "board": "民生基础需求", "来源": "2026补充", "原图层": "未达标配建养老服务设施的社区数量", "社区": "云池社区"}, "geometry": {"type": "Point", "coordinates": [111.45561408300006, 30.482549522000056]}}, {"type": "Feature", "properties": {"指标": "未达标配建养老服务设施的小区数量（个）", "中类": "公服设施", "board": "民生基础需求", "来源": "2026补充", "原图层": "未达标配建养老服务设施的社区数量", "社区": "云池社区"}, "geometry": {"type": "Point", "coordinates": [111.45275920400007, 30.484454764000077]}}, {"type": "Feature", "properties": {"指标": "未达标配建婴幼儿照护服务设施的小区数量（个）", "中类": "公服设施", "board": "民生基础需求", "来源": "2026补充", "原图层": "未达标配建婴幼儿照护服务设施的社区数量", "社区": "下马槽社区"}, "geometry": {"type": "Point", "coordinates": [111.45261818300008, 30.495606417000033]}}, {"type": "Feature", "properties": {"指标": "未达标配建婴幼儿照护服务设施的小区数量（个）", "中类": "公服设施", "board": "民生基础需求", "来源": "2026补充", "原图层": "未达标配建婴幼儿照护服务设施的社区数量", "社区": "云池社区"}, "geometry": {"type": "Point", "coordinates": [111.45565683900008, 30.48242055700007]}}, {"type": "Feature", "properties": {"指标": "未达标配建婴幼儿照护服务设施的小区数量（个）", "中类": "公服设施", "board": "民生基础需求", "来源": "2026补充", "原图层": "未达标配建婴幼儿照护服务设施的社区数量", "社区": "云池社区"}, "geometry": {"type": "Point", "coordinates": [111.45598832900004, 30.48479843100006]}}, {"type": "Feature", "properties": {"指标": "未达标配建婴幼儿照护服务设施的小区数量（个）", "中类": "公服设施", "board": "民生基础需求", "来源": "2026补充", "原图层": "未达标配建婴幼儿照护服务设施的社区数量", "社区": "云池社区"}, "geometry": {"type": "Point", "coordinates": [111.45650268100007, 30.48758745300006]}}, {"type": "Feature", "properties": {"指标": "未达标配建婴幼儿照护服务设施的小区数量（个）", "中类": "公服设施", "board": "民生基础需求", "来源": "2026补充", "原图层": "未达标配建婴幼儿照护服务设施的社区数量", "社区": "云池社区"}, "geometry": {"type": "Point", "coordinates": [111.46261988100008, 30.489589740000042]}}, {"type": "Feature", "properties": {"指标": "未达标配建婴幼儿照护服务设施的小区数量（个）", "中类": "公服设施", "board": "民生基础需求", "来源": "2026补充", "原图层": "未达标配建婴幼儿照护服务设施的社区数量", "社区": "云池社区"}, "geometry": {"type": "Point", "coordinates": [111.45452692400005, 30.476499862000026]}}, {"type": "Feature", "properties": {"指标": "未达标配建婴幼儿照护服务设施的小区数量（个）", "中类": "公服设施", "board": "民生基础需求", "来源": "2026补充", "原图层": "未达标配建婴幼儿照护服务设施的社区数量", "社区": "云池社区"}, "geometry": {"type": "Point", "coordinates": [111.46030167900005, 30.48594382400006]}}, {"type": "Feature", "properties": {"指标": "未达标配建婴幼儿照护服务设施的小区数量（个）", "中类": "公服设施", "board": "民生基础需求", "来源": "2026补充", "原图层": "未达标配建婴幼儿照护服务设施的社区数量", "社区": "云池社区"}, "geometry": {"type": "Point", "coordinates": [111.45271019200004, 30.484152065000046]}}, {"type": "Feature", "properties": {"指标": "未达标配建婴幼儿照护服务设施的小区数量（个）", "中类": "公服设施", "board": "民生基础需求", "来源": "2026补充", "原图层": "未达标配建婴幼儿照护服务设施的社区数量", "社区": "云池社区"}, "geometry": {"type": "Point", "coordinates": [111.45290296800005, 30.48099390400006]}}, {"type": "Feature", "properties": {"指标": "未达标配建公共活动场地的小区数量（个）", "中类": "公服设施", "board": "民生基础需求", "来源": "2026补充", "原图层": "未达标配建公共活动场地的社区数量", "社区": "蔡家畈社区"}, "geometry": {"type": "Point", "coordinates": [111.42897072800008, 30.537732645000062]}}, {"type": "Feature", "properties": {"指标": "未达标配建公共活动场地的小区数量（个）", "中类": "公服设施", "board": "民生基础需求", "来源": "2026补充", "原图层": "未达标配建公共活动场地的社区数量", "社区": "蔡家畈社区"}, "geometry": {"type": "Point", "coordinates": [111.42918586800005, 30.539573681000036]}}, {"type": "Feature", "properties": {"指标": "未达标配建公共活动场地的小区数量（个）", "中类": "公服设施", "board": "民生基础需求", "来源": "2026补充", "原图层": "未达标配建公共活动场地的社区数量"}, "geometry": {"type": "Point", "coordinates": [111.32138040800004, 30.770382676000054]}}, {"type": "Feature", "properties": {"指标": "未达标配建公共活动场地的小区数量（个）", "中类": "公服设施", "board": "民生基础需求", "来源": "2026补充", "原图层": "未达标配建公共活动场地的社区数量", "社区": "古老背社区"}, "geometry": {"type": "Point", "coordinates": [111.41255554800006, 30.529236136000065]}}, {"type": "Feature", "properties": {"指标": "未达标配建公共活动场地的小区数量（个）", "中类": "公服设施", "board": "民生基础需求", "来源": "2026补充", "原图层": "未达标配建公共活动场地的社区数量", "社区": "红光社区"}, "geometry": {"type": "Point", "coordinates": [111.28224767500006, 30.67759122500007]}}, {"type": "Feature", "properties": {"指标": "未达标配建公共活动场地的小区数量（个）", "中类": "公服设施", "board": "民生基础需求", "来源": "2026补充", "原图层": "未达标配建公共活动场地的社区数量", "社区": "红光社区"}, "geometry": {"type": "Point", "coordinates": [111.28360653100009, 30.677417220000052]}}, {"type": "Feature", "properties": {"指标": "未达标配建公共活动场地的小区数量（个）", "中类": "公服设施", "board": "民生基础需求", "来源": "2026补充", "原图层": "未达标配建公共活动场地的社区数量", "社区": "虎牙社区"}, "geometry": {"type": "Point", "coordinates": [111.39833034800006, 30.567691255000057]}}, {"type": "Feature", "properties": {"指标": "未达标配建公共活动场地的小区数量（个）", "中类": "公服设施", "board": "民生基础需求", "来源": "2026补充", "原图层": "未达标配建公共活动场地的社区数量", "社区": "梅子溪社区"}, "geometry": {"type": "Point", "coordinates": [111.26813890100004, 30.67317196500005]}}, {"type": "Feature", "properties": {"指标": "未达标配建公共活动场地的小区数量（个）", "中类": "公服设施", "board": "民生基础需求", "来源": "2026补充", "原图层": "未达标配建公共活动场地的社区数量", "社区": "梅子溪社区"}, "geometry": {"type": "Point", "coordinates": [111.27165318400006, 30.673030506000032]}}, {"type": "Feature", "properties": {"指标": "未达标配建公共活动场地的小区数量（个）", "中类": "公服设施", "board": "民生基础需求", "来源": "2026补充", "原图层": "未达标配建公共活动场地的社区数量", "社区": "磨盘社区"}, "geometry": {"type": "Point", "coordinates": [111.41392952900009, 30.589726281000026]}}, {"type": "Feature", "properties": {"指标": "未达标配建公共活动场地的小区数量（个）", "中类": "公服设施", "board": "民生基础需求", "来源": "2026补充", "原图层": "未达标配建公共活动场地的社区数量", "社区": "平云社区"}, "geometry": {"type": "Point", "coordinates": [111.33562424300004, 30.78001211800006]}}, {"type": "Feature", "properties": {"指标": "未达标配建公共活动场地的小区数量（个）", "中类": "公服设施", "board": "民生基础需求", "来源": "2026补充", "原图层": "未达标配建公共活动场地的社区数量", "社区": "润城社区"}, "geometry": {"type": "Point", "coordinates": [111.34039945800004, 30.75768515900006]}}, {"type": "Feature", "properties": {"指标": "未达标配建公共活动场地的小区数量（个）", "中类": "公服设施", "board": "民生基础需求", "来源": "2026补充", "原图层": "未达标配建公共活动场地的社区数量", "社区": "润城社区"}, "geometry": {"type": "Point", "coordinates": [111.34191802400005, 30.759740204000025]}}, {"type": "Feature", "properties": {"指标": "未达标配建公共活动场地的小区数量（个）", "中类": "公服设施", "board": "民生基础需求", "来源": "2026补充", "原图层": "未达标配建公共活动场地的社区数量", "社区": "谭家河社区"}, "geometry": {"type": "Point", "coordinates": [111.28861970100007, 30.654317182000057]}}, {"type": "Feature", "properties": {"指标": "未达标配建公共活动场地的小区数量（个）", "中类": "公服设施", "board": "民生基础需求", "来源": "2026补充", "原图层": "未达标配建公共活动场地的社区数量", "社区": "五龙社区"}, "geometry": {"type": "Point", "coordinates": [111.26988157800008, 30.677544966000028]}}, {"type": "Feature", "properties": {"指标": "未达标配建公共活动场地的小区数量（个）", "中类": "公服设施", "board": "民生基础需求", "来源": "2026补充", "原图层": "未达标配建公共活动场地的社区数量", "社区": "五龙社区"}, "geometry": {"type": "Point", "coordinates": [111.27519986300007, 30.680037121000055]}}, {"type": "Feature", "properties": {"指标": "未达标配建公共活动场地的小区数量（个）", "中类": "公服设施", "board": "民生基础需求", "来源": "2026补充", "原图层": "未达标配建公共活动场地的社区数量", "社区": "五龙社区"}, "geometry": {"type": "Point", "coordinates": [111.25621896300004, 30.67650063600007]}}, {"type": "Feature", "properties": {"指标": "未达标配建公共活动场地的小区数量（个）", "中类": "公服设施", "board": "民生基础需求", "来源": "2026补充", "原图层": "未达标配建公共活动场地的社区数量", "社区": "五龙社区"}, "geometry": {"type": "Point", "coordinates": [111.26270014600004, 30.675740517000065]}}, {"type": "Feature", "properties": {"指标": "未达标配建公共活动场地的小区数量（个）", "中类": "公服设施", "board": "民生基础需求", "来源": "2026补充", "原图层": "未达标配建公共活动场地的社区数量", "社区": "五龙社区"}, "geometry": {"type": "Point", "coordinates": [111.26772287300008, 30.675210406000076]}}, {"type": "Feature", "properties": {"指标": "未达标配建公共活动场地的小区数量（个）", "中类": "公服设施", "board": "民生基础需求", "来源": "2026补充", "原图层": "未达标配建公共活动场地的社区数量", "社区": "峡江社区"}, "geometry": {"type": "Point", "coordinates": [111.29967655200005, 30.77277308500004]}}, {"type": "Feature", "properties": {"指标": "未达标配建公共活动场地的小区数量（个）", "中类": "公服设施", "board": "民生基础需求", "来源": "2026补充", "原图层": "未达标配建公共活动场地的社区数量", "社区": "峡江社区"}, "geometry": {"type": "Point", "coordinates": [111.30183542700007, 30.770895130000042]}}, {"type": "Feature", "properties": {"指标": "未达标配建公共活动场地的小区数量（个）", "中类": "公服设施", "board": "民生基础需求", "来源": "2026补充", "原图层": "未达标配建公共活动场地的社区数量", "社区": "峡江社区"}, "geometry": {"type": "Point", "coordinates": [111.30200161300007, 30.771882769000058]}}, {"type": "Feature", "properties": {"指标": "未达标配建公共活动场地的小区数量（个）", "中类": "公服设施", "board": "民生基础需求", "来源": "2026补充", "原图层": "未达标配建公共活动场地的社区数量", "社区": "峡江社区"}, "geometry": {"type": "Point", "coordinates": [111.30245301100007, 30.770646890000023]}}, {"type": "Feature", "properties": {"指标": "未达标配建公共活动场地的小区数量（个）", "中类": "公服设施", "board": "民生基础需求", "来源": "2026补充", "原图层": "未达标配建公共活动场地的社区数量", "社区": "峡江社区"}, "geometry": {"type": "Point", "coordinates": [111.29599786600005, 30.77474851000005]}}, {"type": "Feature", "properties": {"指标": "未达标配建公共活动场地的小区数量（个）", "中类": "公服设施", "board": "民生基础需求", "来源": "2026补充", "原图层": "未达标配建公共活动场地的社区数量", "社区": "峡江社区"}, "geometry": {"type": "Point", "coordinates": [111.30208364000003, 30.771466305000047]}}, {"type": "Feature", "properties": {"指标": "未达标配建公共活动场地的小区数量（个）", "中类": "公服设施", "board": "民生基础需求", "来源": "2026补充", "原图层": "未达标配建公共活动场地的社区数量", "社区": "峡江社区"}, "geometry": {"type": "Point", "coordinates": [111.30233966300005, 30.771568820000027]}}, {"type": "Feature", "properties": {"指标": "未达标配建公共活动场地的小区数量（个）", "中类": "公服设施", "board": "民生基础需求", "来源": "2026补充", "原图层": "未达标配建公共活动场地的社区数量", "社区": "峡江社区"}, "geometry": {"type": "Point", "coordinates": [111.29741810300004, 30.769844523000074]}}, {"type": "Feature", "properties": {"指标": "未达标配建公共活动场地的小区数量（个）", "中类": "公服设施", "board": "民生基础需求", "来源": "2026补充", "原图层": "未达标配建公共活动场地的社区数量", "社区": "峡江社区"}, "geometry": {"type": "Point", "coordinates": [111.30125591500007, 30.77140864100005]}}, {"type": "Feature", "properties": {"指标": "未达标配建公共活动场地的小区数量（个）", "中类": "公服设施", "board": "民生基础需求", "来源": "2026补充", "原图层": "未达标配建公共活动场地的社区数量", "社区": "峡江社区"}, "geometry": {"type": "Point", "coordinates": [111.30115875600006, 30.76846663200007]}}, {"type": "Feature", "properties": {"指标": "未达标配建公共活动场地的小区数量（个）", "中类": "公服设施", "board": "民生基础需求", "来源": "2026补充", "原图层": "未达标配建公共活动场地的社区数量", "社区": "营盘社区"}, "geometry": {"type": "Point", "coordinates": [111.33193225400004, 30.77564134200003]}}, {"type": "Feature", "properties": {"指标": "未达标配建公共活动场地的小区数量（个）", "中类": "公服设施", "board": "民生基础需求", "来源": "2026补充", "原图层": "未达标配建公共活动场地的社区数量", "社区": "长江市场社区"}, "geometry": {"type": "Point", "coordinates": [111.29657351300006, 30.766177300000038]}}, {"type": "Feature", "properties": {"指标": "未达标配建公共活动场地的小区数量（个）", "中类": "公服设施", "board": "民生基础需求", "来源": "2026补充", "原图层": "未达标配建公共活动场地的社区数量", "社区": "长江市场社区"}, "geometry": {"type": "Point", "coordinates": [111.29876424800005, 30.76586713000006]}}, {"type": "Feature", "properties": {"指标": "未达标配建公共活动场地的小区数量（个）", "中类": "公服设施", "board": "民生基础需求", "来源": "2026补充", "原图层": "未达标配建公共活动场地的社区数量", "社区": "至喜社区"}, "geometry": {"type": "Point", "coordinates": [111.25947701800004, 30.738448023000046]}}, {"type": "Feature", "properties": {"指标": "未达标配建公共活动场地的小区数量（个）", "中类": "公服设施", "board": "民生基础需求", "来源": "2026补充", "原图层": "未达标配建公共活动场地的社区数量", "社区": "至喜社区"}, "geometry": {"type": "Point", "coordinates": [111.25848389800007, 30.740594878000024]}}, {"type": "Feature", "properties": {"指标": "未达标配建公共活动场地的小区数量（个）", "中类": "公服设施", "board": "民生基础需求", "来源": "2026补充", "原图层": "未达标配建公共活动场地的社区数量", "社区": "至喜社区"}, "geometry": {"type": "Point", "coordinates": [111.25546876000004, 30.737616569000068]}}, {"type": "Feature", "properties": {"指标": "停车泊位缺口数（个）", "中类": "停车设施", "board": "民生基础需求", "来源": "2026补充", "原图层": "停车泊位存在较大缺口的小区数", "社区": "朝阳社区"}, "geometry": {"type": "Point", "coordinates": [111.32920454200007, 30.78148258400006]}}, {"type": "Feature", "properties": {"指标": "停车泊位缺口数（个）", "中类": "停车设施", "board": "民生基础需求", "来源": "2026补充", "原图层": "停车泊位存在较大缺口的小区数", "社区": "朝阳社区"}, "geometry": {"type": "Point", "coordinates": [111.33051154400005, 30.779103081000073]}}, {"type": "Feature", "properties": {"指标": "停车泊位缺口数（个）", "中类": "停车设施", "board": "民生基础需求", "来源": "2026补充", "原图层": "停车泊位存在较大缺口的小区数", "社区": "朝阳社区"}, "geometry": {"type": "Point", "coordinates": [111.32985405500006, 30.779343063000056]}}, {"type": "Feature", "properties": {"指标": "停车泊位缺口数（个）", "中类": "停车设施", "board": "民生基础需求", "来源": "2026补充", "原图层": "停车泊位存在较大缺口的小区数", "社区": "东城社区"}, "geometry": {"type": "Point", "coordinates": [111.32360007500006, 30.768363875000034]}}, {"type": "Feature", "properties": {"指标": "停车泊位缺口数（个）", "中类": "停车设施", "board": "民生基础需求", "来源": "2026补充", "原图层": "停车泊位存在较大缺口的小区数", "社区": "东城社区"}, "geometry": {"type": "Point", "coordinates": [111.31760974200006, 30.767660070000034]}}, {"type": "Feature", "properties": {"指标": "停车泊位缺口数（个）", "中类": "停车设施", "board": "民生基础需求", "来源": "2026补充", "原图层": "停车泊位存在较大缺口的小区数"}, "geometry": {"type": "Point", "coordinates": [111.32204350800004, 30.770201677000045]}}, {"type": "Feature", "properties": {"指标": "停车泊位缺口数（个）", "中类": "停车设施", "board": "民生基础需求", "来源": "2026补充", "原图层": "停车泊位存在较大缺口的小区数", "社区": "港虹社区"}, "geometry": {"type": "Point", "coordinates": [111.30338821000004, 30.768635475000053]}}, {"type": "Feature", "properties": {"指标": "停车泊位缺口数（个）", "中类": "停车设施", "board": "民生基础需求", "来源": "2026补充", "原图层": "停车泊位存在较大缺口的小区数", "社区": "港虹社区"}, "geometry": {"type": "Point", "coordinates": [111.30463421000007, 30.767405156000052]}}, {"type": "Feature", "properties": {"指标": "停车泊位缺口数（个）", "中类": "停车设施", "board": "民生基础需求", "来源": "2026补充", "原图层": "停车泊位存在较大缺口的小区数", "社区": "红光社区"}, "geometry": {"type": "Point", "coordinates": [111.28292232000007, 30.677222723000057]}}, {"type": "Feature", "properties": {"指标": "停车泊位缺口数（个）", "中类": "停车设施", "board": "民生基础需求", "来源": "2026补充", "原图层": "停车泊位存在较大缺口的小区数", "社区": "红光社区"}, "geometry": {"type": "Point", "coordinates": [111.28305919800005, 30.67711808100006]}}, {"type": "Feature", "properties": {"指标": "停车泊位缺口数（个）", "中类": "停车设施", "board": "民生基础需求", "来源": "2026补充", "原图层": "停车泊位存在较大缺口的小区数", "社区": "红光社区"}, "geometry": {"type": "Point", "coordinates": [111.28225010000006, 30.67759681700005]}}, {"type": "Feature", "properties": {"指标": "停车泊位缺口数（个）", "中类": "停车设施", "board": "民生基础需求", "来源": "2026补充", "原图层": "停车泊位存在较大缺口的小区数", "社区": "红光社区"}, "geometry": {"type": "Point", "coordinates": [111.28362191600007, 30.677392766000025]}}, {"type": "Feature", "properties": {"指标": "停车泊位缺口数（个）", "中类": "停车设施", "board": "民生基础需求", "来源": "2026补充", "原图层": "停车泊位存在较大缺口的小区数", "社区": "虎牙社区"}, "geometry": {"type": "Point", "coordinates": [111.39832781000007, 30.567580761000045]}}, {"type": "Feature", "properties": {"指标": "停车泊位缺口数（个）", "中类": "停车设施", "board": "民生基础需求", "来源": "2026补充", "原图层": "停车泊位存在较大缺口的小区数", "社区": "鸡山社区"}, "geometry": {"type": "Point", "coordinates": [111.44523833600005, 30.552872501000024]}}, {"type": "Feature", "properties": {"指标": "停车泊位缺口数（个）", "中类": "停车设施", "board": "民生基础需求", "来源": "2026补充", "原图层": "停车泊位存在较大缺口的小区数", "社区": "锦江社区"}, "geometry": {"type": "Point", "coordinates": [111.34020201500005, 30.74770435000005]}}, {"type": "Feature", "properties": {"指标": "停车泊位缺口数（个）", "中类": "停车设施", "board": "民生基础需求", "来源": "2026补充", "原图层": "停车泊位存在较大缺口的小区数", "社区": "六泉湖社区"}, "geometry": {"type": "Point", "coordinates": [111.45094162100008, 30.557809280000072]}}, {"type": "Feature", "properties": {"指标": "停车泊位缺口数（个）", "中类": "停车设施", "board": "民生基础需求", "来源": "2026补充", "原图层": "停车泊位存在较大缺口的小区数", "社区": "绿洲社区"}, "geometry": {"type": "Point", "coordinates": [111.33845134800004, 30.76754650500004]}}, {"type": "Feature", "properties": {"指标": "停车泊位缺口数（个）", "中类": "停车设施", "board": "民生基础需求", "来源": "2026补充", "原图层": "停车泊位存在较大缺口的小区数", "社区": "梅子溪社区"}, "geometry": {"type": "Point", "coordinates": [111.26580047800007, 30.66593467900003]}}, {"type": "Feature", "properties": {"指标": "停车泊位缺口数（个）", "中类": "停车设施", "board": "民生基础需求", "来源": "2026补充", "原图层": "停车泊位存在较大缺口的小区数", "社区": "磨盘社区"}, "geometry": {"type": "Point", "coordinates": [111.41243819200008, 30.588635225000075]}}, {"type": "Feature", "properties": {"指标": "停车泊位缺口数（个）", "中类": "停车设施", "board": "民生基础需求", "来源": "2026补充", "原图层": "停车泊位存在较大缺口的小区数", "社区": "平云社区"}, "geometry": {"type": "Point", "coordinates": [111.32497444400008, 30.785901384000056]}}, {"type": "Feature", "properties": {"指标": "停车泊位缺口数（个）", "中类": "停车设施", "board": "民生基础需求", "来源": "2026补充", "原图层": "停车泊位存在较大缺口的小区数", "社区": "平云社区"}, "geometry": {"type": "Point", "coordinates": [111.32912948700005, 30.785507625000037]}}, {"type": "Feature", "properties": {"指标": "停车泊位缺口数（个）", "中类": "停车设施", "board": "民生基础需求", "来源": "2026补充", "原图层": "停车泊位存在较大缺口的小区数", "社区": "平云社区"}, "geometry": {"type": "Point", "coordinates": [111.33570860600008, 30.779978353000047]}}, {"type": "Feature", "properties": {"指标": "停车泊位缺口数（个）", "中类": "停车设施", "board": "民生基础需求", "来源": "2026补充", "原图层": "停车泊位存在较大缺口的小区数", "社区": "平云社区"}, "geometry": {"type": "Point", "coordinates": [111.32568113500008, 30.786212292000073]}}, {"type": "Feature", "properties": {"指标": "停车泊位缺口数（个）", "中类": "停车设施", "board": "民生基础需求", "来源": "2026补充", "原图层": "停车泊位存在较大缺口的小区数", "社区": "平云社区"}, "geometry": {"type": "Point", "coordinates": [111.33831080300007, 30.78112099200007]}}, {"type": "Feature", "properties": {"指标": "停车泊位缺口数（个）", "中类": "停车设施", "board": "民生基础需求", "来源": "2026补充", "原图层": "停车泊位存在较大缺口的小区数", "社区": "润城社区"}, "geometry": {"type": "Point", "coordinates": [111.33994602600006, 30.753312608000044]}}, {"type": "Feature", "properties": {"指标": "停车泊位缺口数（个）", "中类": "停车设施", "board": "民生基础需求", "来源": "2026补充", "原图层": "停车泊位存在较大缺口的小区数", "社区": "双桥社区"}, "geometry": {"type": "Point", "coordinates": [111.42143337400006, 30.534464600000035]}}, {"type": "Feature", "properties": {"指标": "停车泊位缺口数（个）", "中类": "停车设施", "board": "民生基础需求", "来源": "2026补充", "原图层": "停车泊位存在较大缺口的小区数", "社区": "谭家榜社区"}, "geometry": {"type": "Point", "coordinates": [111.34484097000006, 30.793668523000065]}}, {"type": "Feature", "properties": {"指标": "停车泊位缺口数（个）", "中类": "停车设施", "board": "民生基础需求", "来源": "2026补充", "原图层": "停车泊位存在较大缺口的小区数", "社区": "五龙社区"}, "geometry": {"type": "Point", "coordinates": [111.27277025000006, 30.677256723000028]}}, {"type": "Feature", "properties": {"指标": "停车泊位缺口数（个）", "中类": "停车设施", "board": "民生基础需求", "来源": "2026补充", "原图层": "停车泊位存在较大缺口的小区数", "社区": "五龙社区"}, "geometry": {"type": "Point", "coordinates": [111.26920591100009, 30.677953639000066]}}, {"type": "Feature", "properties": {"指标": "停车泊位缺口数（个）", "中类": "停车设施", "board": "民生基础需求", "来源": "2026补充", "原图层": "停车泊位存在较大缺口的小区数", "社区": "五龙社区"}, "geometry": {"type": "Point", "coordinates": [111.26288521300006, 30.67571126400003]}}, {"type": "Feature", "properties": {"指标": "停车泊位缺口数（个）", "中类": "停车设施", "board": "民生基础需求", "来源": "2026补充", "原图层": "停车泊位存在较大缺口的小区数", "社区": "五龙社区"}, "geometry": {"type": "Point", "coordinates": [111.25619515300008, 30.67628902100006]}}, {"type": "Feature", "properties": {"指标": "停车泊位缺口数（个）", "中类": "停车设施", "board": "民生基础需求", "来源": "2026补充", "原图层": "停车泊位存在较大缺口的小区数", "社区": "五龙社区"}, "geometry": {"type": "Point", "coordinates": [111.27547073300008, 30.679875065000033]}}, {"type": "Feature", "properties": {"指标": "停车泊位缺口数（个）", "中类": "停车设施", "board": "民生基础需求", "来源": "2026补充", "原图层": "停车泊位存在较大缺口的小区数", "社区": "峡江社区"}, "geometry": {"type": "Point", "coordinates": [111.30181687300006, 30.770890575000067]}}, {"type": "Feature", "properties": {"指标": "停车泊位缺口数（个）", "中类": "停车设施", "board": "民生基础需求", "来源": "2026补充", "原图层": "停车泊位存在较大缺口的小区数", "社区": "峡江社区"}, "geometry": {"type": "Point", "coordinates": [111.29970994500007, 30.772199252000064]}}, {"type": "Feature", "properties": {"指标": "停车泊位缺口数（个）", "中类": "停车设施", "board": "民生基础需求", "来源": "2026补充", "原图层": "停车泊位存在较大缺口的小区数", "社区": "峡江社区"}, "geometry": {"type": "Point", "coordinates": [111.29901408500007, 30.768431514000042]}}, {"type": "Feature", "properties": {"指标": "停车泊位缺口数（个）", "中类": "停车设施", "board": "民生基础需求", "来源": "2026补充", "原图层": "停车泊位存在较大缺口的小区数", "社区": "峡江社区"}, "geometry": {"type": "Point", "coordinates": [111.30246361300004, 30.77064461300006]}}, {"type": "Feature", "properties": {"指标": "停车泊位缺口数（个）", "中类": "停车设施", "board": "民生基础需求", "来源": "2026补充", "原图层": "停车泊位存在较大缺口的小区数", "社区": "峡江社区"}, "geometry": {"type": "Point", "coordinates": [111.30253410000006, 30.76990731500007]}}, {"type": "Feature", "properties": {"指标": "停车泊位缺口数（个）", "中类": "停车设施", "board": "民生基础需求", "来源": "2026补充", "原图层": "停车泊位存在较大缺口的小区数", "社区": "峡江社区"}, "geometry": {"type": "Point", "coordinates": [111.30239734900005, 30.771079602000043]}}, {"type": "Feature", "properties": {"指标": "停车泊位缺口数（个）", "中类": "停车设施", "board": "民生基础需求", "来源": "2026补充", "原图层": "停车泊位存在较大缺口的小区数", "社区": "峡江社区"}, "geometry": {"type": "Point", "coordinates": [111.29739206500005, 30.769922826000027]}}, {"type": "Feature", "properties": {"指标": "停车泊位缺口数（个）", "中类": "停车设施", "board": "民生基础需求", "来源": "2026补充", "原图层": "停车泊位存在较大缺口的小区数", "社区": "峡江社区"}, "geometry": {"type": "Point", "coordinates": [111.30184750200004, 30.77159444800003]}}, {"type": "Feature", "properties": {"指标": "停车泊位缺口数（个）", "中类": "停车设施", "board": "民生基础需求", "来源": "2026补充", "原图层": "停车泊位存在较大缺口的小区数", "社区": "峡江社区"}, "geometry": {"type": "Point", "coordinates": [111.30118372100009, 30.768380827000044]}}, {"type": "Feature", "properties": {"指标": "停车泊位缺口数（个）", "中类": "停车设施", "board": "民生基础需求", "来源": "2026补充", "原图层": "停车泊位存在较大缺口的小区数", "社区": "峡江社区"}, "geometry": {"type": "Point", "coordinates": [111.30235954800008, 30.771541055000057]}}, {"type": "Feature", "properties": {"指标": "停车泊位缺口数（个）", "中类": "停车设施", "board": "民生基础需求", "来源": "2026补充", "原图层": "停车泊位存在较大缺口的小区数", "社区": "下马槽社区"}, "geometry": {"type": "Point", "coordinates": [111.45100618800006, 30.49538511700007]}}, {"type": "Feature", "properties": {"指标": "停车泊位缺口数（个）", "中类": "停车设施", "board": "民生基础需求", "来源": "2026补充", "原图层": "停车泊位存在较大缺口的小区数", "社区": "营盘社区"}, "geometry": {"type": "Point", "coordinates": [111.32531869000007, 30.773261971000068]}}, {"type": "Feature", "properties": {"指标": "停车泊位缺口数（个）", "中类": "停车设施", "board": "民生基础需求", "来源": "2026补充", "原图层": "停车泊位存在较大缺口的小区数", "社区": "永兴社区"}, "geometry": {"type": "Point", "coordinates": [111.32582545000008, 30.784610056000076]}}, {"type": "Feature", "properties": {"指标": "停车泊位缺口数（个）", "中类": "停车设施", "board": "民生基础需求", "来源": "2026补充", "原图层": "停车泊位存在较大缺口的小区数", "社区": "永兴社区"}, "geometry": {"type": "Point", "coordinates": [111.32478250500009, 30.785336938000057]}}, {"type": "Feature", "properties": {"指标": "停车泊位缺口数（个）", "中类": "停车设施", "board": "民生基础需求", "来源": "2026补充", "原图层": "停车泊位存在较大缺口的小区数", "社区": "永兴社区"}, "geometry": {"type": "Point", "coordinates": [111.32716979400004, 30.785056202000078]}}, {"type": "Feature", "properties": {"指标": "停车泊位缺口数（个）", "中类": "停车设施", "board": "民生基础需求", "来源": "2026补充", "原图层": "停车泊位存在较大缺口的小区数", "社区": "永兴社区"}, "geometry": {"type": "Point", "coordinates": [111.32573431700007, 30.78522481600004]}}, {"type": "Feature", "properties": {"指标": "停车泊位缺口数（个）", "中类": "停车设施", "board": "民生基础需求", "来源": "2026补充", "原图层": "停车泊位存在较大缺口的小区数", "社区": "长江市场社区"}, "geometry": {"type": "Point", "coordinates": [111.29567617700008, 30.770227567000063]}}, {"type": "Feature", "properties": {"指标": "停车泊位缺口数（个）", "中类": "停车设施", "board": "民生基础需求", "来源": "2026补充", "原图层": "停车泊位存在较大缺口的小区数", "社区": "长江市场社区"}, "geometry": {"type": "Point", "coordinates": [111.29463029600004, 30.76722630300003]}}, {"type": "Feature", "properties": {"指标": "停车泊位缺口数（个）", "中类": "停车设施", "board": "民生基础需求", "来源": "2026补充", "原图层": "停车泊位存在较大缺口的小区数", "社区": "长江市场社区"}, "geometry": {"type": "Point", "coordinates": [111.29495588200007, 30.766782541000055]}}, {"type": "Feature", "properties": {"指标": "停车泊位缺口数（个）", "中类": "停车设施", "board": "民生基础需求", "来源": "2026补充", "原图层": "停车泊位存在较大缺口的小区数", "社区": "长江新村社区"}, "geometry": {"type": "Point", "coordinates": [111.42943164700006, 30.545062462000033]}}, {"type": "Feature", "properties": {"指标": "停车泊位缺口数（个）", "中类": "停车设施", "board": "民生基础需求", "来源": "2026补充", "原图层": "停车泊位存在较大缺口的小区数", "社区": "朱市街社区"}, "geometry": {"type": "Point", "coordinates": [111.26054265400006, 30.69863893200005]}}, {"type": "Feature", "properties": {"指标": "新能源汽车充电桩缺口数（个）", "中类": "停车设施", "board": "民生基础需求", "来源": "2026补充", "原图层": "新能源汽车充电桩缺口数", "社区": "古老背社区"}, "geometry": {"type": "Point", "coordinates": [111.41246417400004, 30.52922039400005]}}, {"type": "Feature", "properties": {"指标": "新能源汽车充电桩缺口数（个）", "中类": "停车设施", "board": "民生基础需求", "来源": "2026补充", "原图层": "新能源汽车充电桩缺口数", "社区": "黄金卡社区"}, "geometry": {"type": "Point", "coordinates": [111.33676693300004, 30.779303088000063]}}, {"type": "Feature", "properties": {"指标": "新能源汽车充电桩缺口数（个）", "中类": "停车设施", "board": "民生基础需求", "来源": "2026补充", "原图层": "新能源汽车充电桩缺口数", "社区": "鸡山社区"}, "geometry": {"type": "Point", "coordinates": [111.44535891100008, 30.55277929500005]}}, {"type": "Feature", "properties": {"指标": "新能源汽车充电桩缺口数（个）", "中类": "停车设施", "board": "民生基础需求", "来源": "2026补充", "原图层": "新能源汽车充电桩缺口数", "社区": "锦云社区"}, "geometry": {"type": "Point", "coordinates": [111.35854438600006, 30.763846796000053]}}, {"type": "Feature", "properties": {"指标": "新能源汽车充电桩缺口数（个）", "中类": "停车设施", "board": "民生基础需求", "来源": "2026补充", "原图层": "新能源汽车充电桩缺口数", "社区": "绿洲社区"}, "geometry": {"type": "Point", "coordinates": [111.33864300700009, 30.76793552500004]}}, {"type": "Feature", "properties": {"指标": "新能源汽车充电桩缺口数（个）", "中类": "停车设施", "board": "民生基础需求", "来源": "2026补充", "原图层": "新能源汽车充电桩缺口数", "社区": "梅子溪社区"}, "geometry": {"type": "Point", "coordinates": [111.27107842500004, 30.673210268000048]}}, {"type": "Feature", "properties": {"指标": "新能源汽车充电桩缺口数（个）", "中类": "停车设施", "board": "民生基础需求", "来源": "2026补充", "原图层": "新能源汽车充电桩缺口数", "社区": "平云社区"}, "geometry": {"type": "Point", "coordinates": [111.32497926300005, 30.785897910000074]}}, {"type": "Feature", "properties": {"指标": "新能源汽车充电桩缺口数（个）", "中类": "停车设施", "board": "民生基础需求", "来源": "2026补充", "原图层": "新能源汽车充电桩缺口数", "社区": "平云社区"}, "geometry": {"type": "Point", "coordinates": [111.32883527000007, 30.788815380000074]}}, {"type": "Feature", "properties": {"指标": "新能源汽车充电桩缺口数（个）", "中类": "停车设施", "board": "民生基础需求", "来源": "2026补充", "原图层": "新能源汽车充电桩缺口数", "社区": "平云社区"}, "geometry": {"type": "Point", "coordinates": [111.33019583200007, 30.78474118300005]}}, {"type": "Feature", "properties": {"指标": "新能源汽车充电桩缺口数（个）", "中类": "停车设施", "board": "民生基础需求", "来源": "2026补充", "原图层": "新能源汽车充电桩缺口数", "社区": "平云社区"}, "geometry": {"type": "Point", "coordinates": [111.32900172400008, 30.78551207000004]}}, {"type": "Feature", "properties": {"指标": "新能源汽车充电桩缺口数（个）", "中类": "停车设施", "board": "民生基础需求", "来源": "2026补充", "原图层": "新能源汽车充电桩缺口数", "社区": "七里新村社区"}, "geometry": {"type": "Point", "coordinates": [111.43570868400008, 30.545720981000045]}}, {"type": "Feature", "properties": {"指标": "新能源汽车充电桩缺口数（个）", "中类": "停车设施", "board": "民生基础需求", "来源": "2026补充", "原图层": "新能源汽车充电桩缺口数", "社区": "润城社区"}, "geometry": {"type": "Point", "coordinates": [111.33945748800005, 30.759913416000074]}}, {"type": "Feature", "properties": {"指标": "新能源汽车充电桩缺口数（个）", "中类": "停车设施", "board": "民生基础需求", "来源": "2026补充", "原图层": "新能源汽车充电桩缺口数", "社区": "润城社区"}, "geometry": {"type": "Point", "coordinates": [111.34325950300007, 30.760815310000055]}}, {"type": "Feature", "properties": {"指标": "新能源汽车充电桩缺口数（个）", "中类": "停车设施", "board": "民生基础需求", "来源": "2026补充", "原图层": "新能源汽车充电桩缺口数", "社区": "润城社区"}, "geometry": {"type": "Point", "coordinates": [111.34165389900005, 30.75884427300008]}}, {"type": "Feature", "properties": {"指标": "新能源汽车充电桩缺口数（个）", "中类": "停车设施", "board": "民生基础需求", "来源": "2026补充", "原图层": "新能源汽车充电桩缺口数", "社区": "润城社区"}, "geometry": {"type": "Point", "coordinates": [111.34239067000004, 30.76076752800003]}}, {"type": "Feature", "properties": {"指标": "新能源汽车充电桩缺口数（个）", "中类": "停车设施", "board": "民生基础需求", "来源": "2026补充", "原图层": "新能源汽车充电桩缺口数", "社区": "谭家榜社区"}, "geometry": {"type": "Point", "coordinates": [111.34587585900005, 30.79396242100006]}}, {"type": "Feature", "properties": {"指标": "新能源汽车充电桩缺口数（个）", "中类": "停车设施", "board": "民生基础需求", "来源": "2026补充", "原图层": "新能源汽车充电桩缺口数", "社区": "望江社区"}, "geometry": {"type": "Point", "coordinates": [111.29292474400006, 30.765709565000066]}}, {"type": "Feature", "properties": {"指标": "新能源汽车充电桩缺口数（个）", "中类": "停车设施", "board": "民生基础需求", "来源": "2026补充", "原图层": "新能源汽车充电桩缺口数", "社区": "五龙社区"}, "geometry": {"type": "Point", "coordinates": [111.26766888400005, 30.674823453000045]}}, {"type": "Feature", "properties": {"指标": "新能源汽车充电桩缺口数（个）", "中类": "停车设施", "board": "民生基础需求", "来源": "2026补充", "原图层": "新能源汽车充电桩缺口数", "社区": "峡江社区"}, "geometry": {"type": "Point", "coordinates": [111.30211903800006, 30.770831362000024]}}, {"type": "Feature", "properties": {"指标": "新能源汽车充电桩缺口数（个）", "中类": "停车设施", "board": "民生基础需求", "来源": "2026补充", "原图层": "新能源汽车充电桩缺口数", "社区": "峡江社区"}, "geometry": {"type": "Point", "coordinates": [111.30185247400004, 30.77156668400005]}}, {"type": "Feature", "properties": {"指标": "新能源汽车充电桩缺口数（个）", "中类": "停车设施", "board": "民生基础需求", "来源": "2026补充", "原图层": "新能源汽车充电桩缺口数", "社区": "峡江社区"}, "geometry": {"type": "Point", "coordinates": [111.30118372100009, 30.76833256200007]}}, {"type": "Feature", "properties": {"指标": "新能源汽车充电桩缺口数（个）", "中类": "停车设施", "board": "民生基础需求", "来源": "2026补充", "原图层": "新能源汽车充电桩缺口数", "社区": "峡江社区"}, "geometry": {"type": "Point", "coordinates": [111.29962089600008, 30.772782649000078]}}, {"type": "Feature", "properties": {"指标": "新能源汽车充电桩缺口数（个）", "中类": "停车设施", "board": "民生基础需求", "来源": "2026补充", "原图层": "新能源汽车充电桩缺口数", "社区": "峡江社区"}, "geometry": {"type": "Point", "coordinates": [111.30253609800008, 30.769914179000068]}}, {"type": "Feature", "properties": {"指标": "新能源汽车充电桩缺口数（个）", "中类": "停车设施", "board": "民生基础需求", "来源": "2026补充", "原图层": "新能源汽车充电桩缺口数", "社区": "永兴社区"}, "geometry": {"type": "Point", "coordinates": [111.32583381700005, 30.78461724400006]}}, {"type": "Feature", "properties": {"指标": "新能源汽车充电桩缺口数（个）", "中类": "停车设施", "board": "民生基础需求", "来源": "2026补充", "原图层": "新能源汽车充电桩缺口数", "社区": "永兴社区"}, "geometry": {"type": "Point", "coordinates": [111.32573431700007, 30.78520463500007]}}, {"type": "Feature", "properties": {"指标": "未配建电动自行车充电设施的小区数量（个）", "中类": "停车设施", "board": "民生基础需求", "来源": "2026补充", "原图层": "未配建电动自行车充电设施的小区数", "社区": "东城社区"}, "geometry": {"type": "Point", "coordinates": [111.32270906500008, 30.768713697000067]}}, {"type": "Feature", "properties": {"指标": "未配建电动自行车充电设施的小区数量（个）", "中类": "停车设施", "board": "民生基础需求", "来源": "2026补充", "原图层": "未配建电动自行车充电设施的小区数"}, "geometry": {"type": "Point", "coordinates": [111.32195229700005, 30.77003902100006]}}, {"type": "Feature", "properties": {"指标": "未配建电动自行车充电设施的小区数量（个）", "中类": "停车设施", "board": "民生基础需求", "来源": "2026补充", "原图层": "未配建电动自行车充电设施的小区数", "社区": "黄金卡社区"}, "geometry": {"type": "Point", "coordinates": [111.33975612800003, 30.778377050000074]}}, {"type": "Feature", "properties": {"指标": "未配建电动自行车充电设施的小区数量（个）", "中类": "停车设施", "board": "民生基础需求", "来源": "2026补充", "原图层": "未配建电动自行车充电设施的小区数", "社区": "鸡山社区"}, "geometry": {"type": "Point", "coordinates": [111.44522884200006, 30.55276529400004]}}, {"type": "Feature", "properties": {"指标": "未配建电动自行车充电设施的小区数量（个）", "中类": "停车设施", "board": "民生基础需求", "来源": "2026补充", "原图层": "未配建电动自行车充电设施的小区数"}, "geometry": {"type": "Point", "coordinates": [111.27117191800005, 30.663812693000068]}}, {"type": "Feature", "properties": {"指标": "未配建电动自行车充电设施的小区数量（个）", "中类": "停车设施", "board": "民生基础需求", "来源": "2026补充", "原图层": "未配建电动自行车充电设施的小区数", "社区": "磨盘社区"}, "geometry": {"type": "Point", "coordinates": [111.41262837900007, 30.58866220500005]}}, {"type": "Feature", "properties": {"指标": "未配建电动自行车充电设施的小区数量（个）", "中类": "停车设施", "board": "民生基础需求", "来源": "2026补充", "原图层": "未配建电动自行车充电设施的小区数", "社区": "平云社区"}, "geometry": {"type": "Point", "coordinates": [111.33181522400008, 30.787591647000056]}}, {"type": "Feature", "properties": {"指标": "未配建电动自行车充电设施的小区数量（个）", "中类": "停车设施", "board": "民生基础需求", "来源": "2026补充", "原图层": "未配建电动自行车充电设施的小区数", "社区": "平云社区"}, "geometry": {"type": "Point", "coordinates": [111.32908993400008, 30.785476886000026]}}, {"type": "Feature", "properties": {"指标": "未配建电动自行车充电设施的小区数量（个）", "中类": "停车设施", "board": "民生基础需求", "来源": "2026补充", "原图层": "未配建电动自行车充电设施的小区数", "社区": "平云社区"}, "geometry": {"type": "Point", "coordinates": [111.33553298600009, 30.780025753000075]}}, {"type": "Feature", "properties": {"指标": "未配建电动自行车充电设施的小区数量（个）", "中类": "停车设施", "board": "民生基础需求", "来源": "2026补充", "原图层": "未配建电动自行车充电设施的小区数", "社区": "润城社区"}, "geometry": {"type": "Point", "coordinates": [111.33770600300005, 30.752023892000068]}}, {"type": "Feature", "properties": {"指标": "未配建电动自行车充电设施的小区数量（个）", "中类": "停车设施", "board": "民生基础需求", "来源": "2026补充", "原图层": "未配建电动自行车充电设施的小区数", "社区": "双桥社区"}, "geometry": {"type": "Point", "coordinates": [111.42169033000005, 30.534543745000065]}}, {"type": "Feature", "properties": {"指标": "未配建电动自行车充电设施的小区数量（个）", "中类": "停车设施", "board": "民生基础需求", "来源": "2026补充", "原图层": "未配建电动自行车充电设施的小区数", "社区": "五龙社区"}, "geometry": {"type": "Point", "coordinates": [111.27516453300007, 30.680118149000066]}}, {"type": "Feature", "properties": {"指标": "未配建电动自行车充电设施的小区数量（个）", "中类": "停车设施", "board": "民生基础需求", "来源": "2026补充", "原图层": "未配建电动自行车充电设施的小区数", "社区": "五龙社区"}, "geometry": {"type": "Point", "coordinates": [111.26956885400006, 30.677769098000056]}}, {"type": "Feature", "properties": {"指标": "未配建电动自行车充电设施的小区数量（个）", "中类": "停车设施", "board": "民生基础需求", "来源": "2026补充", "原图层": "未配建电动自行车充电设施的小区数", "社区": "峡江社区"}, "geometry": {"type": "Point", "coordinates": [111.30179778900003, 30.771609398000066]}}, {"type": "Feature", "properties": {"指标": "未配建电动自行车充电设施的小区数量（个）", "中类": "停车设施", "board": "民生基础需求", "来源": "2026补充", "原图层": "未配建电动自行车充电设施的小区数", "社区": "峡江社区"}, "geometry": {"type": "Point", "coordinates": [111.30238939700007, 30.77110920800004]}}, {"type": "Feature", "properties": {"指标": "未配建电动自行车充电设施的小区数量（个）", "中类": "停车设施", "board": "民生基础需求", "来源": "2026补充", "原图层": "未配建电动自行车充电设施的小区数", "社区": "峡江社区"}, "geometry": {"type": "Point", "coordinates": [111.30245301100007, 30.770619561000046]}}, {"type": "Feature", "properties": {"指标": "未配建电动自行车充电设施的小区数量（个）", "中类": "停车设施", "board": "民生基础需求", "来源": "2026补充", "原图层": "未配建电动自行车充电设施的小区数", "社区": "永兴社区"}, "geometry": {"type": "Point", "coordinates": [111.32704115200005, 30.785062019000065]}}, {"type": "Feature", "properties": {"指标": "不达标的步行道长度（千米）", "中类": "交通设施", "board": "民生基础需求", "来源": "2026补充", "原图层": "不达标的步行道长度", "社区": "东城社区"}, "geometry": {"type": "Point", "coordinates": [111.31776317000003, 30.767662820000055]}}, {"type": "Feature", "properties": {"指标": "不达标的步行道长度（千米）", "中类": "交通设施", "board": "民生基础需求", "来源": "2026补充", "原图层": "不达标的步行道长度", "社区": "古老背社区"}, "geometry": {"type": "Point", "coordinates": [111.41253727300005, 30.529239284000028]}}, {"type": "Feature", "properties": {"指标": "不达标的步行道长度（千米）", "中类": "交通设施", "board": "民生基础需求", "来源": "2026补充", "原图层": "不达标的步行道长度", "社区": "虎牙社区"}, "geometry": {"type": "Point", "coordinates": [111.39825536100005, 30.567503428000066]}}, {"type": "Feature", "properties": {"指标": "不达标的步行道长度（千米）", "中类": "交通设施", "board": "民生基础需求", "来源": "2026补充", "原图层": "不达标的步行道长度", "社区": "鸡山社区"}, "geometry": {"type": "Point", "coordinates": [111.44527761800003, 30.55277929500005]}}, {"type": "Feature", "properties": {"指标": "不达标的步行道长度（千米）", "中类": "交通设施", "board": "民生基础需求", "来源": "2026补充", "原图层": "不达标的步行道长度", "社区": "磨盘社区"}, "geometry": {"type": "Point", "coordinates": [111.41383194300005, 30.58866220500005]}}, {"type": "Feature", "properties": {"指标": "不达标的步行道长度（千米）", "中类": "交通设施", "board": "民生基础需求", "来源": "2026补充", "原图层": "不达标的步行道长度", "社区": "五龙社区"}, "geometry": {"type": "Point", "coordinates": [111.27477589400007, 30.68031059100008]}}, {"type": "Feature", "properties": {"指标": "不达标的步行道长度（千米）", "中类": "交通设施", "board": "民生基础需求", "来源": "2026补充", "原图层": "不达标的步行道长度", "社区": "五龙社区"}, "geometry": {"type": "Point", "coordinates": [111.26927697800005, 30.67788564700004]}}, {"type": "Feature", "properties": {"指标": "不达标的步行道长度（千米）", "中类": "交通设施", "board": "民生基础需求", "来源": "2026补充", "原图层": "不达标的步行道长度", "社区": "五龙社区"}, "geometry": {"type": "Point", "coordinates": [111.26292856200007, 30.675691404000077]}}, {"type": "Feature", "properties": {"指标": "不达标的步行道长度（千米）", "中类": "交通设施", "board": "民生基础需求", "来源": "2026补充", "原图层": "不达标的步行道长度", "社区": "至喜社区"}, "geometry": {"type": "Point", "coordinates": [111.25951951600007, 30.738484550000067]}}, {"type": "Feature", "properties": {"指标": "不达标的步行道长度（千米）", "中类": "交通设施", "board": "民生基础需求", "来源": "2026补充", "原图层": "不达标的步行道长度", "社区": "至喜社区"}, "geometry": {"type": "Point", "coordinates": [111.25546876000004, 30.737585787000057]}}, {"type": "Feature", "properties": {"指标": "不达标的步行道长度（千米）", "中类": "交通设施", "board": "民生基础需求", "来源": "2026补充", "原图层": "不达标的步行道长度", "社区": "至喜社区"}, "geometry": {"type": "Point", "coordinates": [111.25859173800006, 30.740492921000055]}}, {"type": "Feature", "properties": {"指标": "未实施物业管理的小区数量（个）", "中类": "物业街面", "board": "民生基础需求", "来源": "2026补充", "原图层": "未实施物业管理的小区数量", "社区": "朝阳社区"}, "geometry": {"type": "Point", "coordinates": [111.32989849100005, 30.778705006000052]}}, {"type": "Feature", "properties": {"指标": "未实施物业管理的小区数量（个）", "中类": "物业街面", "board": "民生基础需求", "来源": "2026补充", "原图层": "未实施物业管理的小区数量", "社区": "下马槽社区"}, "geometry": {"type": "Point", "coordinates": [111.45218327700007, 30.49612711700007]}}]}