{"type": "FeatureCollection", "features": [{"type": "Feature", "geometry": {"type": "Point", "coordinates": [111.287811, 30.698677]}, "properties": {"指标": "未达标配建养老服务设施的小区数量（个）", "中类": "公服设施", "board": "民生基础需求", "类": "公服设施"}}, {"type": "Feature", "geometry": {"type": "Point", "coordinates": [111.299502, 30.698192]}, "properties": {"指标": "未达标配建养老服务设施的小区数量（个）", "中类": "公服设施", "board": "民生基础需求", "类": "公服设施"}}, {"type": "Feature", "geometry": {"type": "Point", "coordinates": [111.287047, 30.723858]}, "properties": {"指标": "未达标配建婴幼儿照护服务设施的小区数量（个）", "中类": "公服设施", "board": "民生基础需求", "类": "公服设施"}}, {"type": "Feature", "geometry": {"type": "Point", "coordinates": [111.268848, 30.717952]}, "properties": {"指标": "未达标配建婴幼儿照护服务设施的小区数量（个）", "中类": "公服设施", "board": "民生基础需求", "类": "公服设施"}}, {"type": "Feature", "geometry": {"type": "Point", "coordinates": [111.26815, 30.717904]}, "properties": {"指标": "未达标配建婴幼儿照护服务设施的小区数量（个）", "中类": "公服设施", "board": "民生基础需求", "类": "公服设施"}}, {"type": "Feature", "geometry": {"type": "Point", "coordinates": [111.308519, 30.743677]}, "properties": {"指标": "未达标配建婴幼儿照护服务设施的小区数量（个）", "中类": "公服设施", "board": "民生基础需求", "类": "公服设施"}}, {"type": "Feature", "geometry": {"type": "Point", "coordinates": [111.372926, 30.664848]}, "properties": {"指标": "未达标配建婴幼儿照护服务设施的小区数量（个）", "中类": "公服设施", "board": "民生基础需求", "类": "公服设施"}}, {"type": "Feature", "geometry": {"type": "Point", "coordinates": [111.280137, 30.69875]}, "properties": {"指标": "未达标配建婴幼儿照护服务设施的小区数量（个）", "中类": "公服设施", "board": "民生基础需求", "类": "公服设施"}}, {"type": "Feature", "geometry": {"type": "Point", "coordinates": [111.323824, 30.72293]}, "properties": {"指标": "未达标配建婴幼儿照护服务设施的小区数量（个）", "中类": "公服设施", "board": "民生基础需求", "类": "公服设施"}}, {"type": "Feature", "geometry": {"type": "Point", "coordinates": [111.287734, 30.72159]}, "properties": {"指标": "未达标配建婴幼儿照护服务设施的小区数量（个）", "中类": "公服设施", "board": "民生基础需求", "类": "公服设施"}}, {"type": "Feature", "geometry": {"type": "Point", "coordinates": [111.364934, 30.637053]}, "properties": {"指标": "未达标配建婴幼儿照护服务设施的小区数量（个）", "中类": "公服设施", "board": "民生基础需求", "类": "公服设施"}}, {"type": "Feature", "geometry": {"type": "Point", "coordinates": [111.324234, 30.725283]}, "properties": {"指标": "未达标配建婴幼儿照护服务设施的小区数量（个）", "中类": "公服设施", "board": "民生基础需求", "类": "公服设施"}}, {"type": "Feature", "geometry": {"type": "Point", "coordinates": [111.308364, 30.704745]}, "properties": {"指标": "未达标配建婴幼儿照护服务设施的小区数量（个）", "中类": "公服设施", "board": "民生基础需求", "类": "公服设施"}}, {"type": "Feature", "geometry": {"type": "Point", "coordinates": [111.330976, 30.666502]}, "properties": {"指标": "未达标配建婴幼儿照护服务设施的小区数量（个）", "中类": "公服设施", "board": "民生基础需求", "类": "公服设施"}}, {"type": "Feature", "geometry": {"type": "Point", "coordinates": [111.287565, 30.72616]}, "properties": {"指标": "未达标配建婴幼儿照护服务设施的小区数量（个）", "中类": "公服设施", "board": "民生基础需求", "类": "公服设施"}}, {"type": "Feature", "geometry": {"type": "Point", "coordinates": [111.334582, 30.724433]}, "properties": {"指标": "未达标配建婴幼儿照护服务设施的小区数量（个）", "中类": "公服设施", "board": "民生基础需求", "类": "公服设施"}}, {"type": "Feature", "geometry": {"type": "Point", "coordinates": [111.317078, 30.699434]}, "properties": {"指标": "未达标配建婴幼儿照护服务设施的小区数量（个）", "中类": "公服设施", "board": "民生基础需求", "类": "公服设施"}}, {"type": "Feature", "geometry": {"type": "Point", "coordinates": [111.347777, 30.644913]}, "properties": {"指标": "未达标配建婴幼儿照护服务设施的小区数量（个）", "中类": "公服设施", "board": "民生基础需求", "类": "公服设施"}}, {"type": "Feature", "geometry": {"type": "Point", "coordinates": [111.288276, 30.737605]}, "properties": {"指标": "未达标配建婴幼儿照护服务设施的小区数量（个）", "中类": "公服设施", "board": "民生基础需求", "类": "公服设施"}}, {"type": "Feature", "geometry": {"type": "Point", "coordinates": [111.287365, 30.720762]}, "properties": {"指标": "未达标配建婴幼儿照护服务设施的小区数量（个）", "中类": "公服设施", "board": "民生基础需求", "类": "公服设施"}}, {"type": "Feature", "geometry": {"type": "Point", "coordinates": [111.357668, 30.635155]}, "properties": {"指标": "未达标配建婴幼儿照护服务设施的小区数量（个）", "中类": "公服设施", "board": "民生基础需求", "类": "公服设施"}}, {"type": "Feature", "geometry": {"type": "Point", "coordinates": [111.268378, 30.71721]}, "properties": {"指标": "未达标配建婴幼儿照护服务设施的小区数量（个）", "中类": "公服设施", "board": "民生基础需求", "类": "公服设施"}}, {"type": "Feature", "geometry": {"type": "Point", "coordinates": [111.375865, 30.664369]}, "properties": {"指标": "未达标配建婴幼儿照护服务设施的小区数量（个）", "中类": "公服设施", "board": "民生基础需求", "类": "公服设施"}}, {"type": "Feature", "geometry": {"type": "Point", "coordinates": [111.308686, 30.67881]}, "properties": {"指标": "未达标配建婴幼儿照护服务设施的小区数量（个）", "中类": "公服设施", "board": "民生基础需求", "类": "公服设施"}}, {"type": "Feature", "geometry": {"type": "Point", "coordinates": [111.287139, 30.725156]}, "properties": {"指标": "未达标配建婴幼儿照护服务设施的小区数量（个）", "中类": "公服设施", "board": "民生基础需求", "类": "公服设施"}}, {"type": "Feature", "geometry": {"type": "Point", "coordinates": [111.360621, 30.636698]}, "properties": {"指标": "未达标配建婴幼儿照护服务设施的小区数量（个）", "中类": "公服设施", "board": "民生基础需求", "类": "公服设施"}}, {"type": "Feature", "geometry": {"type": "Point", "coordinates": [111.268058, 30.718171]}, "properties": {"指标": "未达标配建婴幼儿照护服务设施的小区数量（个）", "中类": "公服设施", "board": "民生基础需求", "类": "公服设施"}}, {"type": "Feature", "geometry": {"type": "Point", "coordinates": [111.353676, 30.643956]}, "properties": {"指标": "未达标配建婴幼儿照护服务设施的小区数量（个）", "中类": "公服设施", "board": "民生基础需求", "类": "公服设施"}}, {"type": "Feature", "geometry": {"type": "Point", "coordinates": [111.301205, 30.730251]}, "properties": {"指标": "未达标配建婴幼儿照护服务设施的小区数量（个）", "中类": "公服设施", "board": "民生基础需求", "类": "公服设施"}}, {"type": "Feature", "geometry": {"type": "Point", "coordinates": [111.282913, 30.725311]}, "properties": {"指标": "未达标配建婴幼儿照护服务设施的小区数量（个）", "中类": "公服设施", "board": "民生基础需求", "类": "公服设施"}}, {"type": "Feature", "geometry": {"type": "Point", "coordinates": [111.268953, 30.71774]}, "properties": {"指标": "未达标配建婴幼儿照护服务设施的小区数量（个）", "中类": "公服设施", "board": "民生基础需求", "类": "公服设施"}}, {"type": "Feature", "geometry": {"type": "Point", "coordinates": [111.310467, 30.696444]}, "properties": {"指标": "未达标配建婴幼儿照护服务设施的小区数量（个）", "中类": "公服设施", "board": "民生基础需求", "类": "公服设施"}}, {"type": "Feature", "geometry": {"type": "Point", "coordinates": [111.293069, 30.725585]}, "properties": {"指标": "未达标配建婴幼儿照护服务设施的小区数量（个）", "中类": "公服设施", "board": "民生基础需求", "类": "公服设施"}}, {"type": "Feature", "geometry": {"type": "Point", "coordinates": [111.273682, 30.728464]}, "properties": {"指标": "未达标配建婴幼儿照护服务设施的小区数量（个）", "中类": "公服设施", "board": "民生基础需求", "类": "公服设施"}}, {"type": "Feature", "geometry": {"type": "Point", "coordinates": [111.319131, 30.723036]}, "properties": {"指标": "未达标配建婴幼儿照护服务设施的小区数量（个）", "中类": "公服设施", "board": "民生基础需求", "类": "公服设施"}}, {"type": "Feature", "geometry": {"type": "Point", "coordinates": [111.375841, 30.676022]}, "properties": {"指标": "未达标配建婴幼儿照护服务设施的小区数量（个）", "中类": "公服设施", "board": "民生基础需求", "类": "公服设施"}}, {"type": "Feature", "geometry": {"type": "Point", "coordinates": [111.358957, 30.635691]}, "properties": {"指标": "未达标配建幼儿园的小区数量（个）", "中类": "公服设施", "board": "民生基础需求", "类": "公服设施"}}, {"type": "Feature", "geometry": {"type": "Point", "coordinates": [111.336623, 30.653542]}, "properties": {"指标": "未达标配建幼儿园的小区数量（个）", "中类": "公服设施", "board": "民生基础需求", "类": "公服设施"}}, {"type": "Feature", "geometry": {"type": "Point", "coordinates": [111.288247, 30.737644]}, "properties": {"指标": "未达标配建幼儿园的小区数量（个）", "中类": "公服设施", "board": "民生基础需求", "类": "公服设施"}}, {"type": "Feature", "geometry": {"type": "Point", "coordinates": [111.298939, 30.702173]}, "properties": {"指标": "未达标配建幼儿园的小区数量（个）", "中类": "公服设施", "board": "民生基础需求", "类": "公服设施"}}, {"type": "Feature", "geometry": {"type": "Point", "coordinates": [111.288358, 30.708491]}, "properties": {"指标": "未达标配建幼儿园的小区数量（个）", "中类": "公服设施", "board": "民生基础需求", "类": "公服设施"}}, {"type": "Feature", "geometry": {"type": "Point", "coordinates": [111.293234, 30.725247]}, "properties": {"指标": "未达标配建幼儿园的小区数量（个）", "中类": "公服设施", "board": "民生基础需求", "类": "公服设施"}}, {"type": "Feature", "geometry": {"type": "Point", "coordinates": [111.28092, 30.700162]}, "properties": {"指标": "未达标配建幼儿园的小区数量（个）", "中类": "公服设施", "board": "民生基础需求", "类": "公服设施"}}, {"type": "Feature", "geometry": {"type": "Point", "coordinates": [111.301205, 30.730251]}, "properties": {"指标": "未达标配建幼儿园的小区数量（个）", "中类": "公服设施", "board": "民生基础需求", "类": "公服设施"}}, {"type": "Feature", "geometry": {"type": "Point", "coordinates": [111.361209, 30.632323]}, "properties": {"指标": "未达标配建幼儿园的小区数量（个）", "中类": "公服设施", "board": "民生基础需求", "类": "公服设施"}}, {"type": "Feature", "geometry": {"type": "Point", "coordinates": [111.308364, 30.704745]}, "properties": {"指标": "未达标配建幼儿园的小区数量（个）", "中类": "公服设施", "board": "民生基础需求", "类": "公服设施"}}, {"type": "Feature", "geometry": {"type": "Point", "coordinates": [111.278276, 30.717529]}, "properties": {"指标": "未达标配建幼儿园的小区数量（个）", "中类": "公服设施", "board": "民生基础需求", "类": "公服设施"}}, {"type": "Feature", "geometry": {"type": "Point", "coordinates": [111.286553, 30.726235]}, "properties": {"指标": "未达标配建公共活动场地的小区数量（个）", "中类": "公服设施", "board": "民生基础需求", "类": "公服设施"}}, {"type": "Feature", "geometry": {"type": "Point", "coordinates": [111.277961, 30.7174]}, "properties": {"指标": "未达标配建公共活动场地的小区数量（个）", "中类": "公服设施", "board": "民生基础需求", "类": "公服设施"}}, {"type": "Feature", "geometry": {"type": "Point", "coordinates": [111.308552, 30.679138]}, "properties": {"指标": "未达标配建公共活动场地的小区数量（个）", "中类": "公服设施", "board": "民生基础需求", "类": "公服设施"}}, {"type": "Feature", "geometry": {"type": "Point", "coordinates": [111.287147, 30.728159]}, "properties": {"指标": "未达标配建公共活动场地的小区数量（个）", "中类": "公服设施", "board": "民生基础需求", "类": "公服设施"}}, {"type": "Feature", "geometry": {"type": "Point", "coordinates": [111.287152, 30.725304]}, "properties": {"指标": "未达标配建公共活动场地的小区数量（个）", "中类": "公服设施", "board": "民生基础需求", "类": "公服设施"}}, {"type": "Feature", "geometry": {"type": "Point", "coordinates": [111.287695, 30.720483]}, "properties": {"指标": "未达标配建公共活动场地的小区数量（个）", "中类": "公服设施", "board": "民生基础需求", "类": "公服设施"}}, {"type": "Feature", "geometry": {"type": "Point", "coordinates": [111.293918, 30.701329]}, "properties": {"指标": "未达标配建公共活动场地的小区数量（个）", "中类": "公服设施", "board": "民生基础需求", "类": "公服设施"}}, {"type": "Feature", "geometry": {"type": "Point", "coordinates": [111.295341, 30.714256]}, "properties": {"指标": "未达标配建公共活动场地的小区数量（个）", "中类": "公服设施", "board": "民生基础需求", "类": "公服设施"}}, {"type": "Feature", "geometry": {"type": "Point", "coordinates": [111.313016, 30.692943]}, "properties": {"指标": "未达标配建公共活动场地的小区数量（个）", "中类": "公服设施", "board": "民生基础需求", "类": "公服设施"}}, {"type": "Feature", "geometry": {"type": "Point", "coordinates": [111.290042, 30.718507]}, "properties": {"指标": "未达标配建公共活动场地的小区数量（个）", "中类": "公服设施", "board": "民生基础需求", "类": "公服设施"}}, {"type": "Feature", "geometry": {"type": "Point", "coordinates": [111.326865, 30.668877]}, "properties": {"指标": "未达标配建公共活动场地的小区数量（个）", "中类": "公服设施", "board": "民生基础需求", "类": "公服设施"}}, {"type": "Feature", "geometry": {"type": "Point", "coordinates": [111.287868, 30.723497]}, "properties": {"指标": "未达标配建公共活动场地的小区数量（个）", "中类": "公服设施", "board": "民生基础需求", "类": "公服设施"}}, {"type": "Feature", "geometry": {"type": "Point", "coordinates": [111.312096, 30.697705]}, "properties": {"指标": "未达标配建公共活动场地的小区数量（个）", "中类": "公服设施", "board": "民生基础需求", "类": "公服设施"}}, {"type": "Feature", "geometry": {"type": "Point", "coordinates": [111.294813, 30.730043]}, "properties": {"指标": "未达标配建公共活动场地的小区数量（个）", "中类": "公服设施", "board": "民生基础需求", "类": "公服设施"}}, {"type": "Feature", "geometry": {"type": "Point", "coordinates": [111.313889, 30.693335]}, "properties": {"指标": "未达标配建公共活动场地的小区数量（个）", "中类": "公服设施", "board": "民生基础需求", "类": "公服设施"}}, {"type": "Feature", "geometry": {"type": "Point", "coordinates": [111.312852, 30.694533]}, "properties": {"指标": "未达标配建公共活动场地的小区数量（个）", "中类": "公服设施", "board": "民生基础需求", "类": "公服设施"}}, {"type": "Feature", "geometry": {"type": "Point", "coordinates": [111.281317, 30.714159]}, "properties": {"指标": "未达标配建公共活动场地的小区数量（个）", "中类": "公服设施", "board": "民生基础需求", "类": "公服设施"}}, {"type": "Feature", "geometry": {"type": "Point", "coordinates": [111.28735, 30.725051]}, "properties": {"指标": "未达标配建公共活动场地的小区数量（个）", "中类": "公服设施", "board": "民生基础需求", "类": "公服设施"}}, {"type": "Feature", "geometry": {"type": "Point", "coordinates": [111.276502, 30.711097]}, "properties": {"指标": "未达标配建公共活动场地的小区数量（个）", "中类": "公服设施", "board": "民生基础需求", "类": "公服设施"}}, {"type": "Feature", "geometry": {"type": "Point", "coordinates": [111.280665, 30.70558]}, "properties": {"指标": "未达标配建公共活动场地的小区数量（个）", "中类": "公服设施", "board": "民生基础需求", "类": "公服设施"}}, {"type": "Feature", "geometry": {"type": "Point", "coordinates": [111.312695, 30.693943]}, "properties": {"指标": "未达标配建公共活动场地的小区数量（个）", "中类": "公服设施", "board": "民生基础需求", "类": "公服设施"}}, {"type": "Feature", "geometry": {"type": "Point", "coordinates": [111.292238, 30.712703]}, "properties": {"指标": "未达标配建公共活动场地的小区数量（个）", "中类": "公服设施", "board": "民生基础需求", "类": "公服设施"}}, {"type": "Feature", "geometry": {"type": "Point", "coordinates": [111.292296, 30.708608]}, "properties": {"指标": "未达标配建公共活动场地的小区数量（个）", "中类": "公服设施", "board": "民生基础需求", "类": "公服设施"}}, {"type": "Feature", "geometry": {"type": "Point", "coordinates": [111.29099, 30.711809]}, "properties": {"指标": "未达标配建公共活动场地的小区数量（个）", "中类": "公服设施", "board": "民生基础需求", "类": "公服设施"}}, {"type": "Feature", "geometry": {"type": "Point", "coordinates": [111.280201, 30.713934]}, "properties": {"指标": "未达标配建公共活动场地的小区数量（个）", "中类": "公服设施", "board": "民生基础需求", "类": "公服设施"}}, {"type": "Feature", "geometry": {"type": "Point", "coordinates": [111.306115, 30.695919]}, "properties": {"指标": "未达标配建公共活动场地的小区数量（个）", "中类": "公服设施", "board": "民生基础需求", "类": "公服设施"}}, {"type": "Feature", "geometry": {"type": "Point", "coordinates": [111.287553, 30.726095]}, "properties": {"指标": "未达标配建公共活动场地的小区数量（个）", "中类": "公服设施", "board": "民生基础需求", "类": "公服设施"}}, {"type": "Feature", "geometry": {"type": "Point", "coordinates": [111.277063, 30.708885]}, "properties": {"指标": "未达标配建的多功能运动场地数量（个）", "中类": "公服设施", "board": "民生基础需求", "类": "公服设施"}}, {"type": "Feature", "geometry": {"type": "Point", "coordinates": [111.287833, 30.737159]}, "properties": {"指标": "未达标配建的多功能运动场地数量（个）", "中类": "公服设施", "board": "民生基础需求", "类": "公服设施"}}, {"type": "Feature", "geometry": {"type": "Point", "coordinates": [111.299037, 30.715993]}, "properties": {"指标": "未达标配建的多功能运动场地数量（个）", "中类": "公服设施", "board": "民生基础需求", "类": "公服设施"}}, {"type": "Feature", "geometry": {"type": "Point", "coordinates": [111.292895, 30.691693]}, "properties": {"指标": "未达标配建的多功能运动场地数量（个）", "中类": "公服设施", "board": "民生基础需求", "类": "公服设施"}}, {"type": "Feature", "geometry": {"type": "Point", "coordinates": [111.327652, 30.711453]}, "properties": {"指标": "未达标配建的多功能运动场地数量（个）", "中类": "公服设施", "board": "民生基础需求", "类": "公服设施"}}, {"type": "Feature", "geometry": {"type": "Point", "coordinates": [111.412814, 30.684063]}, "properties": {"指标": "未达标配建的多功能运动场地数量（个）", "中类": "公服设施", "board": "民生基础需求", "类": "公服设施"}}, {"type": "Feature", "geometry": {"type": "Point", "coordinates": [111.31976106604992, 30.698958264328994]}, "properties": {"指标": "菜市场（生鲜超市）覆盖率（%）", "中类": "公服设施", "board": "民生基础需求", "类": "公服设施"}}, {"type": "Feature", "geometry": {"type": "Point", "coordinates": [111.27094357164671, 30.726700150224406]}, "properties": {"指标": "菜市场（生鲜超市）覆盖率（%）", "中类": "公服设施", "board": "民生基础需求", "类": "公服设施"}}, {"type": "Feature", "geometry": {"type": "Point", "coordinates": [111.27039025099101, 30.725338263500195]}, "properties": {"指标": "菜市场（生鲜超市）覆盖率（%）", "中类": "公服设施", "board": "民生基础需求", "类": "公服设施"}}, {"type": "Feature", "geometry": {"type": "Point", "coordinates": [111.32504666608106, 30.667839413635804]}, "properties": {"指标": "菜市场（生鲜超市）覆盖率（%）", "中类": "公服设施", "board": "民生基础需求", "类": "公服设施"}}, {"type": "Feature", "geometry": {"type": "Point", "coordinates": [111.34916559776127, 30.647451604212083]}, "properties": {"指标": "菜市场（生鲜超市）覆盖率（%）", "中类": "公服设施", "board": "民生基础需求", "类": "公服设施"}}, {"type": "Feature", "geometry": {"type": "Point", "coordinates": [111.34520341684741, 30.64855152855862]}, "properties": {"指标": "菜市场（生鲜超市）覆盖率（%）", "中类": "公服设施", "board": "民生基础需求", "类": "公服设施"}}, {"type": "Feature", "geometry": {"type": "Point", "coordinates": [111.34498174014914, 30.680112217298745]}, "properties": {"指标": "菜市场（生鲜超市）覆盖率（%）", "中类": "公服设施", "board": "民生基础需求", "类": "公服设施"}}, {"type": "Feature", "geometry": {"type": "Point", "coordinates": [111.29230560886661, 30.735667055029385]}, "properties": {"指标": "菜市场（生鲜超市）覆盖率（%）", "中类": "公服设施", "board": "民生基础需求", "类": "公服设施"}}, {"type": "Feature", "geometry": {"type": "Point", "coordinates": [111.3128549405241, 30.71822863188512]}, "properties": {"指标": "菜市场（生鲜超市）覆盖率（%）", "中类": "公服设施", "board": "民生基础需求", "类": "公服设施"}}, {"type": "Feature", "geometry": {"type": "Point", "coordinates": [111.3029010683308, 30.734344332445804]}, "properties": {"指标": "菜市场（生鲜超市）覆盖率（%）", "中类": "公服设施", "board": "民生基础需求", "类": "公服设施"}}, {"type": "Feature", "geometry": {"type": "Point", "coordinates": [111.31960780419267, 30.714757699102055]}, "properties": {"指标": "菜市场（生鲜超市）覆盖率（%）", "中类": "公服设施", "board": "民生基础需求", "类": "公服设施"}}, {"type": "Feature", "geometry": {"type": "Point", "coordinates": [111.31021250099306, 30.717340238395234]}, "properties": {"指标": "菜市场（生鲜超市）覆盖率（%）", "中类": "公服设施", "board": "民生基础需求", "类": "公服设施"}}, {"type": "Feature", "geometry": {"type": "Point", "coordinates": [111.3185905315156, 30.712371184606376]}, "properties": {"指标": "菜市场（生鲜超市）覆盖率（%）", "中类": "公服设施", "board": "民生基础需求", "类": "公服设施"}}, {"type": "Feature", "geometry": {"type": "Point", "coordinates": [111.31456946805977, 30.718343370232713]}, "properties": {"指标": "菜市场（生鲜超市）覆盖率（%）", "中类": "公服设施", "board": "民生基础需求", "类": "公服设施"}}, {"type": "Feature", "geometry": {"type": "Point", "coordinates": [111.3169451423135, 30.717191458711806]}, "properties": {"指标": "菜市场（生鲜超市）覆盖率（%）", "中类": "公服设施", "board": "民生基础需求", "类": "公服设施"}}, {"type": "Feature", "geometry": {"type": "Point", "coordinates": [111.31937068827281, 30.71510150625959]}, "properties": {"指标": "菜市场（生鲜超市）覆盖率（%）", "中类": "公服设施", "board": "民生基础需求", "类": "公服设施"}}, {"type": "Feature", "geometry": {"type": "Point", "coordinates": [111.30481617839442, 30.732262918860254]}, "properties": {"指标": "菜市场（生鲜超市）覆盖率（%）", "中类": "公服设施", "board": "民生基础需求", "类": "公服设施"}}, {"type": "Feature", "geometry": {"type": "Point", "coordinates": [111.30958096545677, 30.700933610298407]}, "properties": {"指标": "菜市场（生鲜超市）覆盖率（%）", "中类": "公服设施", "board": "民生基础需求", "类": "公服设施"}}, {"type": "Feature", "geometry": {"type": "Point", "coordinates": [111.31096038897377, 30.682991280034564]}, "properties": {"指标": "菜市场（生鲜超市）覆盖率（%）", "中类": "公服设施", "board": "民生基础需求", "类": "公服设施"}}, {"type": "Feature", "geometry": {"type": "Point", "coordinates": [111.31042270787619, 30.70267031814097]}, "properties": {"指标": "菜市场（生鲜超市）覆盖率（%）", "中类": "公服设施", "board": "民生基础需求", "类": "公服设施"}}, {"type": "Feature", "geometry": {"type": "Point", "coordinates": [111.30938861701564, 30.696540881576492]}, "properties": {"指标": "菜市场（生鲜超市）覆盖率（%）", "中类": "公服设施", "board": "民生基础需求", "类": "公服设施"}}, {"type": "Feature", "geometry": {"type": "Point", "coordinates": [111.3134306064337, 30.694065985583777]}, "properties": {"指标": "菜市场（生鲜超市）覆盖率（%）", "中类": "公服设施", "board": "民生基础需求", "类": "公服设施"}}, {"type": "Feature", "geometry": {"type": "Point", "coordinates": [111.28649443903335, 30.72591673327178]}, "properties": {"指标": "菜市场（生鲜超市）覆盖率（%）", "中类": "公服设施", "board": "民生基础需求", "类": "公服设施"}}, {"type": "Feature", "geometry": {"type": "Point", "coordinates": [111.31626311996003, 30.688078749393352]}, "properties": {"指标": "菜市场（生鲜超市）覆盖率（%）", "中类": "公服设施", "board": "民生基础需求", "类": "公服设施"}}, {"type": "Feature", "geometry": {"type": "Point", "coordinates": [111.31751061940712, 30.706477698570776]}, "properties": {"指标": "菜市场（生鲜超市）覆盖率（%）", "中类": "公服设施", "board": "民生基础需求", "类": "公服设施"}}, {"type": "Feature", "geometry": {"type": "Point", "coordinates": [111.27065083305328, 30.71866017053814]}, "properties": {"指标": "菜市场（生鲜超市）覆盖率（%）", "中类": "公服设施", "board": "民生基础需求", "类": "公服设施"}}, {"type": "Feature", "geometry": {"type": "Point", "coordinates": [111.28838118012291, 30.700459361876955]}, "properties": {"指标": "菜市场（生鲜超市）覆盖率（%）", "中类": "公服设施", "board": "民生基础需求", "类": "公服设施"}}, {"type": "Feature", "geometry": {"type": "Point", "coordinates": [111.31429863469201, 30.717598353499618]}, "properties": {"指标": "菜市场（生鲜超市）覆盖率（%）", "中类": "公服设施", "board": "民生基础需求", "类": "公服设施"}}, {"type": "Feature", "geometry": {"type": "Point", "coordinates": [111.31367137250277, 30.710135719592557]}, "properties": {"指标": "菜市场（生鲜超市）覆盖率（%）", "中类": "公服设施", "board": "民生基础需求", "类": "公服设施"}}, {"type": "Feature", "geometry": {"type": "Point", "coordinates": [111.29293255826235, 30.7129811354355]}, "properties": {"指标": "菜市场（生鲜超市）覆盖率（%）", "中类": "公服设施", "board": "民生基础需求", "类": "公服设施"}}, {"type": "Feature", "geometry": {"type": "Point", "coordinates": [111.3182945168604, 30.69015179823726]}, "properties": {"指标": "菜市场（生鲜超市）覆盖率（%）", "中类": "公服设施", "board": "民生基础需求", "类": "公服设施"}}, {"type": "Feature", "geometry": {"type": "Point", "coordinates": [111.31303575316765, 30.70255338225336]}, "properties": {"指标": "菜市场（生鲜超市）覆盖率（%）", "中类": "公服设施", "board": "民生基础需求", "类": "公服设施"}}, {"type": "Feature", "geometry": {"type": "Point", "coordinates": [111.30780624838351, 30.704595336454183]}, "properties": {"指标": "菜市场（生鲜超市）覆盖率（%）", "中类": "公服设施", "board": "民生基础需求", "类": "公服设施"}}, {"type": "Feature", "geometry": {"type": "Point", "coordinates": [111.31363205701545, 30.68356943241246]}, "properties": {"指标": "菜市场（生鲜超市）覆盖率（%）", "中类": "公服设施", "board": "民生基础需求", "类": "公服设施"}}, {"type": "Feature", "geometry": {"type": "Point", "coordinates": [111.31199575387004, 30.681563801265618]}, "properties": {"指标": "菜市场（生鲜超市）覆盖率（%）", "中类": "公服设施", "board": "民生基础需求", "类": "公服设施"}}, {"type": "Feature", "geometry": {"type": "Point", "coordinates": [111.31338990988584, 30.687915403046436]}, "properties": {"指标": "菜市场（生鲜超市）覆盖率（%）", "中类": "公服设施", "board": "民生基础需求", "类": "公服设施"}}, {"type": "Feature", "geometry": {"type": "Point", "coordinates": [111.28250708152815, 30.693864219867855]}, "properties": {"指标": "菜市场（生鲜超市）覆盖率（%）", "中类": "公服设施", "board": "民生基础需求", "类": "公服设施"}}, {"type": "Feature", "geometry": {"type": "Point", "coordinates": [111.28411190466994, 30.694046019525622]}, "properties": {"指标": "菜市场（生鲜超市）覆盖率（%）", "中类": "公服设施", "board": "民生基础需求", "类": "公服设施"}}, {"type": "Feature", "geometry": {"type": "Point", "coordinates": [111.28482182749225, 30.714780478911493]}, "properties": {"指标": "菜市场（生鲜超市）覆盖率（%）", "中类": "公服设施", "board": "民生基础需求", "类": "公服设施"}}, {"type": "Feature", "geometry": {"type": "Point", "coordinates": [111.30777347262985, 30.708473513550423]}, "properties": {"指标": "菜市场（生鲜超市）覆盖率（%）", "中类": "公服设施", "board": "民生基础需求", "类": "公服设施"}}, {"type": "Feature", "geometry": {"type": "Point", "coordinates": [111.31522489272389, 30.698946138121787]}, "properties": {"指标": "菜市场（生鲜超市）覆盖率（%）", "中类": "公服设施", "board": "民生基础需求", "类": "公服设施"}}, {"type": "Feature", "geometry": {"type": "Point", "coordinates": [111.32168169774933, 30.696716532689294]}, "properties": {"指标": "菜市场（生鲜超市）覆盖率（%）", "中类": "公服设施", "board": "民生基础需求", "类": "公服设施"}}, {"type": "Feature", "geometry": {"type": "Point", "coordinates": [111.3117868076127, 30.707460017648692]}, "properties": {"指标": "菜市场（生鲜超市）覆盖率（%）", "中类": "公服设施", "board": "民生基础需求", "类": "公服设施"}}, {"type": "Feature", "geometry": {"type": "Point", "coordinates": [111.32076450204352, 30.68543803607476]}, "properties": {"指标": "菜市场（生鲜超市）覆盖率（%）", "中类": "公服设施", "board": "民生基础需求", "类": "公服设施"}}, {"type": "Feature", "geometry": {"type": "Point", "coordinates": [111.30998000287197, 30.70540252196566]}, "properties": {"指标": "菜市场（生鲜超市）覆盖率（%）", "中类": "公服设施", "board": "民生基础需求", "类": "公服设施"}}, {"type": "Feature", "geometry": {"type": "Point", "coordinates": [111.31453801210569, 30.70729477515593]}, "properties": {"指标": "菜市场（生鲜超市）覆盖率（%）", "中类": "公服设施", "board": "民生基础需求", "类": "公服设施"}}, {"type": "Feature", "geometry": {"type": "Point", "coordinates": [111.31045575849863, 30.69042831768104]}, "properties": {"指标": "菜市场（生鲜超市）覆盖率（%）", "中类": "公服设施", "board": "民生基础需求", "类": "公服设施"}}, {"type": "Feature", "geometry": {"type": "Point", "coordinates": [111.31726526983624, 30.701223142157797]}, "properties": {"指标": "菜市场（生鲜超市）覆盖率（%）", "中类": "公服设施", "board": "民生基础需求", "类": "公服设施"}}, {"type": "Feature", "geometry": {"type": "Point", "coordinates": [111.29001657371887, 30.725300827745787]}, "properties": {"指标": "菜市场（生鲜超市）覆盖率（%）", "中类": "公服设施", "board": "民生基础需求", "类": "公服设施"}}, {"type": "Feature", "geometry": {"type": "Point", "coordinates": [111.27956738033994, 30.701232976522547]}, "properties": {"指标": "菜市场（生鲜超市）覆盖率（%）", "中类": "公服设施", "board": "民生基础需求", "类": "公服设施"}}, {"type": "Feature", "geometry": {"type": "Point", "coordinates": [111.29055593955614, 30.7096028529064]}, "properties": {"指标": "菜市场（生鲜超市）覆盖率（%）", "中类": "公服设施", "board": "民生基础需求", "类": "公服设施"}}, {"type": "Feature", "geometry": {"type": "Point", "coordinates": [111.2938107258694, 30.73084858144429]}, "properties": {"指标": "菜市场（生鲜超市）覆盖率（%）", "中类": "公服设施", "board": "民生基础需求", "类": "公服设施"}}, {"type": "Feature", "geometry": {"type": "Point", "coordinates": [111.27815943850807, 30.72911483106362]}, "properties": {"指标": "菜市场（生鲜超市）覆盖率（%）", "中类": "公服设施", "board": "民生基础需求", "类": "公服设施"}}, {"type": "Feature", "geometry": {"type": "Point", "coordinates": [111.2811029418223, 30.701524363638065]}, "properties": {"指标": "菜市场（生鲜超市）覆盖率（%）", "中类": "公服设施", "board": "民生基础需求", "类": "公服设施"}}, {"type": "Feature", "geometry": {"type": "Point", "coordinates": [111.2731394251634, 30.70595430227436]}, "properties": {"指标": "菜市场（生鲜超市）覆盖率（%）", "中类": "公服设施", "board": "民生基础需求", "类": "公服设施"}}, {"type": "Feature", "geometry": {"type": "Point", "coordinates": [111.29245569662235, 30.733166632009787]}, "properties": {"指标": "菜市场（生鲜超市）覆盖率（%）", "中类": "公服设施", "board": "民生基础需求", "类": "公服设施"}}, {"type": "Feature", "geometry": {"type": "Point", "coordinates": [111.29203167461515, 30.736250264937613]}, "properties": {"指标": "菜市场（生鲜超市）覆盖率（%）", "中类": "公服设施", "board": "民生基础需求", "类": "公服设施"}}, {"type": "Feature", "geometry": {"type": "Point", "coordinates": [111.28029376771943, 30.6951510363085]}, "properties": {"指标": "菜市场（生鲜超市）覆盖率（%）", "中类": "公服设施", "board": "民生基础需求", "类": "公服设施"}}, {"type": "Feature", "geometry": {"type": "Point", "coordinates": [111.2731221958491, 30.703588289256622]}, "properties": {"指标": "菜市场（生鲜超市）覆盖率（%）", "中类": "公服设施", "board": "民生基础需求", "类": "公服设施"}}, {"type": "Feature", "geometry": {"type": "Point", "coordinates": [111.28488361995085, 30.69953036037687]}, "properties": {"指标": "菜市场（生鲜超市）覆盖率（%）", "中类": "公服设施", "board": "民生基础需求", "类": "公服设施"}}, {"type": "Feature", "geometry": {"type": "Point", "coordinates": [111.28459515490039, 30.72419835176532]}, "properties": {"指标": "菜市场（生鲜超市）覆盖率（%）", "中类": "公服设施", "board": "民生基础需求", "类": "公服设施"}}, {"type": "Feature", "geometry": {"type": "Point", "coordinates": [111.27547923311529, 30.72359136952593]}, "properties": {"指标": "菜市场（生鲜超市）覆盖率（%）", "中类": "公服设施", "board": "民生基础需求", "类": "公服设施"}}, {"type": "Feature", "geometry": {"type": "Point", "coordinates": [111.28590599856672, 30.729736305089265]}, "properties": {"指标": "菜市场（生鲜超市）覆盖率（%）", "中类": "公服设施", "board": "民生基础需求", "类": "公服设施"}}, {"type": "Feature", "geometry": {"type": "Point", "coordinates": [111.30614904947417, 30.709404253646653]}, "properties": {"指标": "菜市场（生鲜超市）覆盖率（%）", "中类": "公服设施", "board": "民生基础需求", "类": "公服设施"}}, {"type": "Feature", "geometry": {"type": "Point", "coordinates": [111.27425691211009, 30.72143923968274]}, "properties": {"指标": "菜市场（生鲜超市）覆盖率（%）", "中类": "公服设施", "board": "民生基础需求", "类": "公服设施"}}, {"type": "Feature", "geometry": {"type": "Point", "coordinates": [111.27591277803363, 30.7220402239234]}, "properties": {"指标": "菜市场（生鲜超市）覆盖率（%）", "中类": "公服设施", "board": "民生基础需求", "类": "公服设施"}}, {"type": "Feature", "geometry": {"type": "Point", "coordinates": [111.28753698647226, 30.7069100375318]}, "properties": {"指标": "菜市场（生鲜超市）覆盖率（%）", "中类": "公服设施", "board": "民生基础需求", "类": "公服设施"}}, {"type": "Feature", "geometry": {"type": "Point", "coordinates": [111.31289249137465, 30.713599876244214]}, "properties": {"指标": "菜市场（生鲜超市）覆盖率（%）", "中类": "公服设施", "board": "民生基础需求", "类": "公服设施"}}, {"type": "Feature", "geometry": {"type": "Point", "coordinates": [111.29494924607124, 30.726688690844853]}, "properties": {"指标": "菜市场（生鲜超市）覆盖率（%）", "中类": "公服设施", "board": "民生基础需求", "类": "公服设施"}}, {"type": "Feature", "geometry": {"type": "Point", "coordinates": [111.28139528151354, 30.719023660927057]}, "properties": {"指标": "菜市场（生鲜超市）覆盖率（%）", "中类": "公服设施", "board": "民生基础需求", "类": "公服设施"}}, {"type": "Feature", "geometry": {"type": "Point", "coordinates": [111.3019990358592, 30.7133015570995]}, "properties": {"指标": "菜市场（生鲜超市）覆盖率（%）", "中类": "公服设施", "board": "民生基础需求", "类": "公服设施"}}, {"type": "Feature", "geometry": {"type": "Point", "coordinates": [111.28967851579198, 30.707323796715684]}, "properties": {"指标": "菜市场（生鲜超市）覆盖率（%）", "中类": "公服设施", "board": "民生基础需求", "类": "公服设施"}}, {"type": "Feature", "geometry": {"type": "Point", "coordinates": [111.29169425261517, 30.71742804579816]}, "properties": {"指标": "菜市场（生鲜超市）覆盖率（%）", "中类": "公服设施", "board": "民生基础需求", "类": "公服设施"}}, {"type": "Feature", "geometry": {"type": "Point", "coordinates": [111.26947237653059, 30.71783604497124]}, "properties": {"指标": "菜市场（生鲜超市）覆盖率（%）", "中类": "公服设施", "board": "民生基础需求", "类": "公服设施"}}, {"type": "Feature", "geometry": {"type": "Point", "coordinates": [111.28281687983139, 30.72130426544215]}, "properties": {"指标": "菜市场（生鲜超市）覆盖率（%）", "中类": "公服设施", "board": "民生基础需求", "类": "公服设施"}}, {"type": "Feature", "geometry": {"type": "Point", "coordinates": [111.2899695926957, 30.716862959620787]}, "properties": {"指标": "菜市场（生鲜超市）覆盖率（%）", "中类": "公服设施", "board": "民生基础需求", "类": "公服设施"}}, {"type": "Feature", "geometry": {"type": "Point", "coordinates": [111.27344433658595, 30.71050931180576]}, "properties": {"指标": "菜市场（生鲜超市）覆盖率（%）", "中类": "公服设施", "board": "民生基础需求", "类": "公服设施"}}, {"type": "Feature", "geometry": {"type": "Point", "coordinates": [111.2726424742223, 30.705576126068554]}, "properties": {"指标": "菜市场（生鲜超市）覆盖率（%）", "中类": "公服设施", "board": "民生基础需求", "类": "公服设施"}}, {"type": "Feature", "geometry": {"type": "Point", "coordinates": [111.28992412840248, 30.701788506306006]}, "properties": {"指标": "菜市场（生鲜超市）覆盖率（%）", "中类": "公服设施", "board": "民生基础需求", "类": "公服设施"}}, {"type": "Feature", "geometry": {"type": "Point", "coordinates": [111.29452268385533, 30.69928614849102]}, "properties": {"指标": "菜市场（生鲜超市）覆盖率（%）", "中类": "公服设施", "board": "民生基础需求", "类": "公服设施"}}, {"type": "Feature", "geometry": {"type": "Point", "coordinates": [111.29699380212921, 30.70879368918957]}, "properties": {"指标": "菜市场（生鲜超市）覆盖率（%）", "中类": "公服设施", "board": "民生基础需求", "类": "公服设施"}}, {"type": "Feature", "geometry": {"type": "Point", "coordinates": [111.2740306932405, 30.71865525627772]}, "properties": {"指标": "菜市场（生鲜超市）覆盖率（%）", "中类": "公服设施", "board": "民生基础需求", "类": "公服设施"}}, {"type": "Feature", "geometry": {"type": "Point", "coordinates": [111.27895638823843, 30.729685147916197]}, "properties": {"指标": "菜市场（生鲜超市）覆盖率（%）", "中类": "公服设施", "board": "民生基础需求", "类": "公服设施"}}, {"type": "Feature", "geometry": {"type": "Point", "coordinates": [111.30401433532738, 30.692772743615244]}, "properties": {"指标": "菜市场（生鲜超市）覆盖率（%）", "中类": "公服设施", "board": "民生基础需求", "类": "公服设施"}}, {"type": "Feature", "geometry": {"type": "Point", "coordinates": [111.28725844643725, 30.7237853253663]}, "properties": {"指标": "菜市场（生鲜超市）覆盖率（%）", "中类": "公服设施", "board": "民生基础需求", "类": "公服设施"}}, {"type": "Feature", "geometry": {"type": "Point", "coordinates": [111.28458128027188, 30.692571126146575]}, "properties": {"指标": "菜市场（生鲜超市）覆盖率（%）", "中类": "公服设施", "board": "民生基础需求", "类": "公服设施"}}, {"type": "Feature", "geometry": {"type": "Point", "coordinates": [111.27471485003359, 30.707306033869976]}, "properties": {"指标": "菜市场（生鲜超市）覆盖率（%）", "中类": "公服设施", "board": "民生基础需求", "类": "公服设施"}}, {"type": "Feature", "geometry": {"type": "Point", "coordinates": [111.28226943867892, 30.69695956934099]}, "properties": {"指标": "菜市场（生鲜超市）覆盖率（%）", "中类": "公服设施", "board": "民生基础需求", "类": "公服设施"}}, {"type": "Feature", "geometry": {"type": "Point", "coordinates": [111.3129320601151, 30.710861488273174]}, "properties": {"指标": "菜市场（生鲜超市）覆盖率（%）", "中类": "公服设施", "board": "民生基础需求", "类": "公服设施"}}, {"type": "Feature", "geometry": {"type": "Point", "coordinates": [111.28826262869178, 30.714172602419715]}, "properties": {"指标": "菜市场（生鲜超市）覆盖率（%）", "中类": "公服设施", "board": "民生基础需求", "类": "公服设施"}}, {"type": "Feature", "geometry": {"type": "Point", "coordinates": [111.30088169403119, 30.705560480292373]}, "properties": {"指标": "菜市场（生鲜超市）覆盖率（%）", "中类": "公服设施", "board": "民生基础需求", "类": "公服设施"}}, {"type": "Feature", "geometry": {"type": "Point", "coordinates": [111.28291267439323, 30.72492957327709]}, "properties": {"指标": "菜市场（生鲜超市）覆盖率（%）", "中类": "公服设施", "board": "民生基础需求", "类": "公服设施"}}, {"type": "Feature", "geometry": {"type": "Point", "coordinates": [111.28827443419513, 30.73056075288641]}, "properties": {"指标": "菜市场（生鲜超市）覆盖率（%）", "中类": "公服设施", "board": "民生基础需求", "类": "公服设施"}}, {"type": "Feature", "geometry": {"type": "Point", "coordinates": [111.2807491840066, 30.704643882387682]}, "properties": {"指标": "菜市场（生鲜超市）覆盖率（%）", "中类": "公服设施", "board": "民生基础需求", "类": "公服设施"}}, {"type": "Feature", "geometry": {"type": "Point", "coordinates": [111.28518836108715, 30.693481967246708]}, "properties": {"指标": "菜市场（生鲜超市）覆盖率（%）", "中类": "公服设施", "board": "民生基础需求", "类": "公服设施"}}, {"type": "Feature", "geometry": {"type": "Point", "coordinates": [111.29207130755427, 30.712720705114766]}, "properties": {"指标": "菜市场（生鲜超市）覆盖率（%）", "中类": "公服设施", "board": "民生基础需求", "类": "公服设施"}}, {"type": "Feature", "geometry": {"type": "Point", "coordinates": [111.28921571491503, 30.737705265406163]}, "properties": {"指标": "菜市场（生鲜超市）覆盖率（%）", "中类": "公服设施", "board": "民生基础需求", "类": "公服设施"}}, {"type": "Feature", "geometry": {"type": "Point", "coordinates": [111.30124237387386, 30.69836124738675]}, "properties": {"指标": "菜市场（生鲜超市）覆盖率（%）", "中类": "公服设施", "board": "民生基础需求", "类": "公服设施"}}, {"type": "Feature", "geometry": {"type": "Point", "coordinates": [111.29884315848321, 30.700194262032944]}, "properties": {"指标": "菜市场（生鲜超市）覆盖率（%）", "中类": "公服设施", "board": "民生基础需求", "类": "公服设施"}}, {"type": "Feature", "geometry": {"type": "Point", "coordinates": [111.28181494056886, 30.700009119975416]}, "properties": {"指标": "菜市场（生鲜超市）覆盖率（%）", "中类": "公服设施", "board": "民生基础需求", "类": "公服设施"}}, {"type": "Feature", "geometry": {"type": "Point", "coordinates": [111.2870039660946, 30.717050841333727]}, "properties": {"指标": "菜市场（生鲜超市）覆盖率（%）", "中类": "公服设施", "board": "民生基础需求", "类": "公服设施"}}, {"type": "Feature", "geometry": {"type": "Point", "coordinates": [111.28753804952072, 30.712143987348437]}, "properties": {"指标": "菜市场（生鲜超市）覆盖率（%）", "中类": "公服设施", "board": "民生基础需求", "类": "公服设施"}}, {"type": "Feature", "geometry": {"type": "Point", "coordinates": [111.2858901181698, 30.726262412683116]}, "properties": {"指标": "菜市场（生鲜超市）覆盖率（%）", "中类": "公服设施", "board": "民生基础需求", "类": "公服设施"}}, {"type": "Feature", "geometry": {"type": "Point", "coordinates": [111.27240287245097, 30.70721363546441]}, "properties": {"指标": "菜市场（生鲜超市）覆盖率（%）", "中类": "公服设施", "board": "民生基础需求", "类": "公服设施"}}, {"type": "Feature", "geometry": {"type": "Point", "coordinates": [111.27145276617136, 30.720541970435196]}, "properties": {"指标": "菜市场（生鲜超市）覆盖率（%）", "中类": "公服设施", "board": "民生基础需求", "类": "公服设施"}}, {"type": "Feature", "geometry": {"type": "Point", "coordinates": [111.27929832039058, 30.703310349534373]}, "properties": {"指标": "菜市场（生鲜超市）覆盖率（%）", "中类": "公服设施", "board": "民生基础需求", "类": "公服设施"}}, {"type": "Feature", "geometry": {"type": "Point", "coordinates": [111.29149366107632, 30.71068913484849]}, "properties": {"指标": "菜市场（生鲜超市）覆盖率（%）", "中类": "公服设施", "board": "民生基础需求", "类": "公服设施"}}, {"type": "Feature", "geometry": {"type": "Point", "coordinates": [111.30037873407538, 30.71199620959227]}, "properties": {"指标": "菜市场（生鲜超市）覆盖率（%）", "中类": "公服设施", "board": "民生基础需求", "类": "公服设施"}}, {"type": "Feature", "geometry": {"type": "Point", "coordinates": [111.29733804760487, 30.712764570963444]}, "properties": {"指标": "菜市场（生鲜超市）覆盖率（%）", "中类": "公服设施", "board": "民生基础需求", "类": "公服设施"}}, {"type": "Feature", "geometry": {"type": "Point", "coordinates": [111.27871228464572, 30.709241841148657]}, "properties": {"指标": "菜市场（生鲜超市）覆盖率（%）", "中类": "公服设施", "board": "民生基础需求", "类": "公服设施"}}, {"type": "Feature", "geometry": {"type": "Point", "coordinates": [111.27447271963185, 30.7276877127081]}, "properties": {"指标": "菜市场（生鲜超市）覆盖率（%）", "中类": "公服设施", "board": "民生基础需求", "类": "公服设施"}}, {"type": "Feature", "geometry": {"type": "Point", "coordinates": [111.27492729499292, 30.704014575124365]}, "properties": {"指标": "菜市场（生鲜超市）覆盖率（%）", "中类": "公服设施", "board": "民生基础需求", "类": "公服设施"}}, {"type": "Feature", "geometry": {"type": "Point", "coordinates": [111.29332388729567, 30.73641021108161]}, "properties": {"指标": "菜市场（生鲜超市）覆盖率（%）", "中类": "公服设施", "board": "民生基础需求", "类": "公服设施"}}, {"type": "Feature", "geometry": {"type": "Point", "coordinates": [111.28129730935231, 30.72231829979912]}, "properties": {"指标": "菜市场（生鲜超市）覆盖率（%）", "中类": "公服设施", "board": "民生基础需求", "类": "公服设施"}}, {"type": "Feature", "geometry": {"type": "Point", "coordinates": [111.29969115301644, 30.703078376550145]}, "properties": {"指标": "菜市场（生鲜超市）覆盖率（%）", "中类": "公服设施", "board": "民生基础需求", "类": "公服设施"}}, {"type": "Feature", "geometry": {"type": "Point", "coordinates": [111.31164314675367, 30.715570179296176]}, "properties": {"指标": "菜市场（生鲜超市）覆盖率（%）", "中类": "公服设施", "board": "民生基础需求", "类": "公服设施"}}, {"type": "Feature", "geometry": {"type": "Point", "coordinates": [111.27666606417309, 30.716202156527213]}, "properties": {"指标": "菜市场（生鲜超市）覆盖率（%）", "中类": "公服设施", "board": "民生基础需求", "类": "公服设施"}}, {"type": "Feature", "geometry": {"type": "Point", "coordinates": [111.27615635531231, 30.704067972347648]}, "properties": {"指标": "菜市场（生鲜超市）覆盖率（%）", "中类": "公服设施", "board": "民生基础需求", "类": "公服设施"}}, {"type": "Feature", "geometry": {"type": "Point", "coordinates": [111.28728926077268, 30.719554908603484]}, "properties": {"指标": "菜市场（生鲜超市）覆盖率（%）", "中类": "公服设施", "board": "民生基础需求", "类": "公服设施"}}, {"type": "Feature", "geometry": {"type": "Point", "coordinates": [111.28273406244713, 30.709054762548988]}, "properties": {"指标": "菜市场（生鲜超市）覆盖率（%）", "中类": "公服设施", "board": "民生基础需求", "类": "公服设施"}}, {"type": "Feature", "geometry": {"type": "Point", "coordinates": [111.29509636572587, 30.71525558605053]}, "properties": {"指标": "菜市场（生鲜超市）覆盖率（%）", "中类": "公服设施", "board": "民生基础需求", "类": "公服设施"}}, {"type": "Feature", "geometry": {"type": "Point", "coordinates": [111.28097415890473, 30.696802797094872]}, "properties": {"指标": "菜市场（生鲜超市）覆盖率（%）", "中类": "公服设施", "board": "民生基础需求", "类": "公服设施"}}, {"type": "Feature", "geometry": {"type": "Point", "coordinates": [111.31434915244782, 30.71514394989752]}, "properties": {"指标": "菜市场（生鲜超市）覆盖率（%）", "中类": "公服设施", "board": "民生基础需求", "类": "公服设施"}}, {"type": "Feature", "geometry": {"type": "Point", "coordinates": [111.28386448265007, 30.69326783347394]}, "properties": {"指标": "菜市场（生鲜超市）覆盖率（%）", "中类": "公服设施", "board": "民生基础需求", "类": "公服设施"}}, {"type": "Feature", "geometry": {"type": "Point", "coordinates": [111.2923247797254, 30.707828288241544]}, "properties": {"指标": "菜市场（生鲜超市）覆盖率（%）", "中类": "公服设施", "board": "民生基础需求", "类": "公服设施"}}, {"type": "Feature", "geometry": {"type": "Point", "coordinates": [111.27403619778306, 30.701018124068067]}, "properties": {"指标": "菜市场（生鲜超市）覆盖率（%）", "中类": "公服设施", "board": "民生基础需求", "类": "公服设施"}}, {"type": "Feature", "geometry": {"type": "Point", "coordinates": [111.28683744959082, 30.706254338883777]}, "properties": {"指标": "菜市场（生鲜超市）覆盖率（%）", "中类": "公服设施", "board": "民生基础需求", "类": "公服设施"}}, {"type": "Feature", "geometry": {"type": "Point", "coordinates": [111.27912613052241, 30.728570817849242]}, "properties": {"指标": "菜市场（生鲜超市）覆盖率（%）", "中类": "公服设施", "board": "民生基础需求", "类": "公服设施"}}, {"type": "Feature", "geometry": {"type": "Point", "coordinates": [111.27810233597454, 30.726317222070335]}, "properties": {"指标": "菜市场（生鲜超市）覆盖率（%）", "中类": "公服设施", "board": "民生基础需求", "类": "公服设施"}}, {"type": "Feature", "geometry": {"type": "Point", "coordinates": [111.30086390735404, 30.70258981947293]}, "properties": {"指标": "菜市场（生鲜超市）覆盖率（%）", "中类": "公服设施", "board": "民生基础需求", "类": "公服设施"}}, {"type": "Feature", "geometry": {"type": "Point", "coordinates": [111.28084996456391, 30.70582993268574]}, "properties": {"指标": "菜市场（生鲜超市）覆盖率（%）", "中类": "公服设施", "board": "民生基础需求", "类": "公服设施"}}, {"type": "Feature", "geometry": {"type": "Point", "coordinates": [111.27672500537838, 30.701799152687286]}, "properties": {"指标": "菜市场（生鲜超市）覆盖率（%）", "中类": "公服设施", "board": "民生基础需求", "类": "公服设施"}}, {"type": "Feature", "geometry": {"type": "Point", "coordinates": [111.28463760687424, 30.717581575905122]}, "properties": {"指标": "菜市场（生鲜超市）覆盖率（%）", "中类": "公服设施", "board": "民生基础需求", "类": "公服设施"}}, {"type": "Feature", "geometry": {"type": "Point", "coordinates": [111.29574746202064, 30.708561278948977]}, "properties": {"指标": "菜市场（生鲜超市）覆盖率（%）", "中类": "公服设施", "board": "民生基础需求", "类": "公服设施"}}, {"type": "Feature", "geometry": {"type": "Point", "coordinates": [111.29677031246602, 30.699191463994794]}, "properties": {"指标": "菜市场（生鲜超市）覆盖率（%）", "中类": "公服设施", "board": "民生基础需求", "类": "公服设施"}}, {"type": "Feature", "geometry": {"type": "Point", "coordinates": [111.29925297258066, 30.69608118879857]}, "properties": {"指标": "菜市场（生鲜超市）覆盖率（%）", "中类": "公服设施", "board": "民生基础需求", "类": "公服设施"}}, {"type": "Feature", "geometry": {"type": "Point", "coordinates": [111.2888637022219, 30.703263875073816]}, "properties": {"指标": "菜市场（生鲜超市）覆盖率（%）", "中类": "公服设施", "board": "民生基础需求", "类": "公服设施"}}, {"type": "Feature", "geometry": {"type": "Point", "coordinates": [111.28431888410526, 30.727390188412695]}, "properties": {"指标": "菜市场（生鲜超市）覆盖率（%）", "中类": "公服设施", "board": "民生基础需求", "类": "公服设施"}}, {"type": "Feature", "geometry": {"type": "Point", "coordinates": [111.28713207926332, 30.707508980677243]}, "properties": {"指标": "菜市场（生鲜超市）覆盖率（%）", "中类": "公服设施", "board": "民生基础需求", "类": "公服设施"}}, {"type": "Feature", "geometry": {"type": "Point", "coordinates": [111.27469717519517, 30.719841044342942]}, "properties": {"指标": "菜市场（生鲜超市）覆盖率（%）", "中类": "公服设施", "board": "民生基础需求", "类": "公服设施"}}, {"type": "Feature", "geometry": {"type": "Point", "coordinates": [111.2793261264593, 30.70495407926892]}, "properties": {"指标": "菜市场（生鲜超市）覆盖率（%）", "中类": "公服设施", "board": "民生基础需求", "类": "公服设施"}}, {"type": "Feature", "geometry": {"type": "Point", "coordinates": [111.27257897366668, 30.71805343725666]}, "properties": {"指标": "菜市场（生鲜超市）覆盖率（%）", "中类": "公服设施", "board": "民生基础需求", "类": "公服设施"}}, {"type": "Feature", "geometry": {"type": "Point", "coordinates": [111.2727889143132, 30.719566926469632]}, "properties": {"指标": "菜市场（生鲜超市）覆盖率（%）", "中类": "公服设施", "board": "民生基础需求", "类": "公服设施"}}, {"type": "Feature", "geometry": {"type": "Point", "coordinates": [111.27962580435714, 30.697896623992545]}, "properties": {"指标": "菜市场（生鲜超市）覆盖率（%）", "中类": "公服设施", "board": "民生基础需求", "类": "公服设施"}}, {"type": "Feature", "geometry": {"type": "Point", "coordinates": [111.30958424587142, 30.68411382432647]}, "properties": {"指标": "菜市场（生鲜超市）覆盖率（%）", "中类": "公服设施", "board": "民生基础需求", "类": "公服设施"}}, {"type": "Feature", "geometry": {"type": "Point", "coordinates": [111.35844468797009, 30.639694409589048]}, "properties": {"指标": "菜市场（生鲜超市）覆盖率（%）", "中类": "公服设施", "board": "民生基础需求", "类": "公服设施"}}, {"type": "Feature", "geometry": {"type": "Point", "coordinates": [111.29683647856099, 30.685470068447298]}, "properties": {"指标": "菜市场（生鲜超市）覆盖率（%）", "中类": "公服设施", "board": "民生基础需求", "类": "公服设施"}}, {"type": "Feature", "geometry": {"type": "Point", "coordinates": [111.29712830721226, 30.687520028002954]}, "properties": {"指标": "菜市场（生鲜超市）覆盖率（%）", "中类": "公服设施", "board": "民生基础需求", "类": "公服设施"}}, {"type": "Feature", "geometry": {"type": "Point", "coordinates": [111.30446135063454, 30.689715945716394]}, "properties": {"指标": "菜市场（生鲜超市）覆盖率（%）", "中类": "公服设施", "board": "民生基础需求", "类": "公服设施"}}, {"type": "Feature", "geometry": {"type": "Point", "coordinates": [111.32884211004934, 30.662339265711253]}, "properties": {"指标": "菜市场（生鲜超市）覆盖率（%）", "中类": "公服设施", "board": "民生基础需求", "类": "公服设施"}}, {"type": "Feature", "geometry": {"type": "Point", "coordinates": [111.32423144143473, 30.67289298664077]}, "properties": {"指标": "菜市场（生鲜超市）覆盖率（%）", "中类": "公服设施", "board": "民生基础需求", "类": "公服设施"}}, {"type": "Feature", "geometry": {"type": "Point", "coordinates": [111.34661557497314, 30.649243199541267]}, "properties": {"指标": "菜市场（生鲜超市）覆盖率（%）", "中类": "公服设施", "board": "民生基础需求", "类": "公服设施"}}, {"type": "Feature", "geometry": {"type": "Point", "coordinates": [111.33420664554235, 30.68592397089987]}, "properties": {"指标": "菜市场（生鲜超市）覆盖率（%）", "中类": "公服设施", "board": "民生基础需求", "类": "公服设施"}}, {"type": "Feature", "geometry": {"type": "Point", "coordinates": [111.34215687796976, 30.67977728538296]}, "properties": {"指标": "菜市场（生鲜超市）覆盖率（%）", "中类": "公服设施", "board": "民生基础需求", "类": "公服设施"}}, {"type": "Feature", "geometry": {"type": "Point", "coordinates": [111.36133577477965, 30.635072887654843]}, "properties": {"指标": "菜市场（生鲜超市）覆盖率（%）", "中类": "公服设施", "board": "民生基础需求", "类": "公服设施"}}, {"type": "Feature", "geometry": {"type": "Point", "coordinates": [111.36254405804634, 30.63585095596984]}, "properties": {"指标": "菜市场（生鲜超市）覆盖率（%）", "中类": "公服设施", "board": "民生基础需求", "类": "公服设施"}}, {"type": "Feature", "geometry": {"type": "Point", "coordinates": [111.35420230604754, 30.634692505292655]}, "properties": {"指标": "菜市场（生鲜超市）覆盖率（%）", "中类": "公服设施", "board": "民生基础需求", "类": "公服设施"}}, {"type": "Feature", "geometry": {"type": "Point", "coordinates": [111.2980038462651, 30.684801781240616]}, "properties": {"指标": "菜市场（生鲜超市）覆盖率（%）", "中类": "公服设施", "board": "民生基础需求", "类": "公服设施"}}, {"type": "Feature", "geometry": {"type": "Point", "coordinates": [111.2806084392234, 30.699670283247457]}, "properties": {"指标": "菜市场（生鲜超市）覆盖率（%）", "中类": "公服设施", "board": "民生基础需求", "类": "公服设施"}}, {"type": "Feature", "geometry": {"type": "Point", "coordinates": [111.28885011860217, 30.71774189939087]}, "properties": {"指标": "菜市场（生鲜超市）覆盖率（%）", "中类": "公服设施", "board": "民生基础需求", "类": "公服设施"}}, {"type": "Feature", "geometry": {"type": "Point", "coordinates": [111.3019042200322, 30.693214597607682]}, "properties": {"指标": "菜市场（生鲜超市）覆盖率（%）", "中类": "公服设施", "board": "民生基础需求", "类": "公服设施"}}, {"type": "Feature", "geometry": {"type": "Point", "coordinates": [111.29292820788943, 30.723484116813555]}, "properties": {"指标": "菜市场（生鲜超市）覆盖率（%）", "中类": "公服设施", "board": "民生基础需求", "类": "公服设施"}}, {"type": "Feature", "geometry": {"type": "Point", "coordinates": [111.28294231036983, 30.701355110717074]}, "properties": {"指标": "菜市场（生鲜超市）覆盖率（%）", "中类": "公服设施", "board": "民生基础需求", "类": "公服设施"}}, {"type": "Feature", "geometry": {"type": "Point", "coordinates": [111.291045410506, 30.72226138102067]}, "properties": {"指标": "菜市场（生鲜超市）覆盖率（%）", "中类": "公服设施", "board": "民生基础需求", "类": "公服设施"}}, {"type": "Feature", "geometry": {"type": "Point", "coordinates": [111.27156363983559, 30.72495709789379]}, "properties": {"指标": "菜市场（生鲜超市）覆盖率（%）", "中类": "公服设施", "board": "民生基础需求", "类": "公服设施"}}, {"type": "Feature", "geometry": {"type": "Point", "coordinates": [111.30919414505547, 30.7121094638249]}, "properties": {"指标": "菜市场（生鲜超市）覆盖率（%）", "中类": "公服设施", "board": "民生基础需求", "类": "公服设施"}}, {"type": "Feature", "geometry": {"type": "Point", "coordinates": [111.27727611112674, 30.697873980353346]}, "properties": {"指标": "菜市场（生鲜超市）覆盖率（%）", "中类": "公服设施", "board": "民生基础需求", "类": "公服设施"}}, {"type": "Feature", "geometry": {"type": "Point", "coordinates": [111.27735069893642, 30.69710622412573]}, "properties": {"指标": "菜市场（生鲜超市）覆盖率（%）", "中类": "公服设施", "board": "民生基础需求", "类": "公服设施"}}, {"type": "Feature", "geometry": {"type": "Point", "coordinates": [111.30286505405897, 30.731280077767853]}, "properties": {"指标": "菜市场（生鲜超市）覆盖率（%）", "中类": "公服设施", "board": "民生基础需求", "类": "公服设施"}}, {"type": "Feature", "geometry": {"type": "Point", "coordinates": [111.2924673516182, 30.69523402640348]}, "properties": {"指标": "菜市场（生鲜超市）覆盖率（%）", "中类": "公服设施", "board": "民生基础需求", "类": "公服设施"}}, {"type": "Feature", "geometry": {"type": "Point", "coordinates": [111.27719147171318, 30.7270403191402]}, "properties": {"指标": "菜市场（生鲜超市）覆盖率（%）", "中类": "公服设施", "board": "民生基础需求", "类": "公服设施"}}, {"type": "Feature", "geometry": {"type": "Point", "coordinates": [111.28594350685806, 30.70306035544748]}, "properties": {"指标": "菜市场（生鲜超市）覆盖率（%）", "中类": "公服设施", "board": "民生基础需求", "类": "公服设施"}}, {"type": "Feature", "geometry": {"type": "Point", "coordinates": [111.28110937847276, 30.69765077784001]}, "properties": {"指标": "菜市场（生鲜超市）覆盖率（%）", "中类": "公服设施", "board": "民生基础需求", "类": "公服设施"}}, {"type": "Feature", "geometry": {"type": "Point", "coordinates": [111.2766331510124, 30.72472671869775]}, "properties": {"指标": "菜市场（生鲜超市）覆盖率（%）", "中类": "公服设施", "board": "民生基础需求", "类": "公服设施"}}, {"type": "Feature", "geometry": {"type": "Point", "coordinates": [111.29375274007056, 30.707573851370242]}, "properties": {"指标": "菜市场（生鲜超市）覆盖率（%）", "中类": "公服设施", "board": "民生基础需求", "类": "公服设施"}}, {"type": "Feature", "geometry": {"type": "Point", "coordinates": [111.29423179670637, 30.707988819925053]}, "properties": {"指标": "菜市场（生鲜超市）覆盖率（%）", "中类": "公服设施", "board": "民生基础需求", "类": "公服设施"}}, {"type": "Feature", "geometry": {"type": "Point", "coordinates": [111.27980514625798, 30.695842479465338]}, "properties": {"指标": "菜市场（生鲜超市）覆盖率（%）", "中类": "公服设施", "board": "民生基础需求", "类": "公服设施"}}, {"type": "Feature", "geometry": {"type": "Point", "coordinates": [111.28461799778287, 30.69553249607781]}, "properties": {"指标": "菜市场（生鲜超市）覆盖率（%）", "中类": "公服设施", "board": "民生基础需求", "类": "公服设施"}}, {"type": "Feature", "geometry": {"type": "Point", "coordinates": [111.28379013770764, 30.69605005818604]}, "properties": {"指标": "菜市场（生鲜超市）覆盖率（%）", "中类": "公服设施", "board": "民生基础需求", "类": "公服设施"}}, {"type": "Feature", "geometry": {"type": "Point", "coordinates": [111.30023869552258, 30.733519889504894]}, "properties": {"指标": "菜市场（生鲜超市）覆盖率（%）", "中类": "公服设施", "board": "民生基础需求", "类": "公服设施"}}, {"type": "Feature", "geometry": {"type": "Point", "coordinates": [111.28351676665072, 30.69857251090425]}, "properties": {"指标": "菜市场（生鲜超市）覆盖率（%）", "中类": "公服设施", "board": "民生基础需求", "类": "公服设施"}}, {"type": "Feature", "geometry": {"type": "Point", "coordinates": [111.29352305351605, 30.71017150042836]}, "properties": {"指标": "菜市场（生鲜超市）覆盖率（%）", "中类": "公服设施", "board": "民生基础需求", "类": "公服设施"}}, {"type": "Feature", "geometry": {"type": "Point", "coordinates": [111.28000757748381, 30.72024237888385]}, "properties": {"指标": "菜市场（生鲜超市）覆盖率（%）", "中类": "公服设施", "board": "民生基础需求", "类": "公服设施"}}, {"type": "Feature", "geometry": {"type": "Point", "coordinates": [111.27641162441817, 30.70765558226323]}, "properties": {"指标": "菜市场（生鲜超市）覆盖率（%）", "中类": "公服设施", "board": "民生基础需求", "类": "公服设施"}}, {"type": "Feature", "geometry": {"type": "Point", "coordinates": [111.28208982882748, 30.702964641975804]}, "properties": {"指标": "菜市场（生鲜超市）覆盖率（%）", "中类": "公服设施", "board": "民生基础需求", "类": "公服设施"}}, {"type": "Feature", "geometry": {"type": "Point", "coordinates": [111.29153011368899, 30.70738129329359]}, "properties": {"指标": "菜市场（生鲜超市）覆盖率（%）", "中类": "公服设施", "board": "民生基础需求", "类": "公服设施"}}, {"type": "Feature", "geometry": {"type": "Point", "coordinates": [111.30737774285771, 30.716352313780746]}, "properties": {"指标": "菜市场（生鲜超市）覆盖率（%）", "中类": "公服设施", "board": "民生基础需求", "类": "公服设施"}}, {"type": "Feature", "geometry": {"type": "Point", "coordinates": [111.27226793294356, 30.72605730786025]}, "properties": {"指标": "菜市场（生鲜超市）覆盖率（%）", "中类": "公服设施", "board": "民生基础需求", "类": "公服设施"}}, {"type": "Feature", "geometry": {"type": "Point", "coordinates": [111.27271714854756, 30.72271997155755]}, "properties": {"指标": "菜市场（生鲜超市）覆盖率（%）", "中类": "公服设施", "board": "民生基础需求", "类": "公服设施"}}, {"type": "Feature", "geometry": {"type": "Point", "coordinates": [111.28323279965622, 30.718639805120045]}, "properties": {"指标": "菜市场（生鲜超市）覆盖率（%）", "中类": "公服设施", "board": "民生基础需求", "类": "公服设施"}}, {"type": "Feature", "geometry": {"type": "Point", "coordinates": [111.28505040180782, 30.720199255531718]}, "properties": {"指标": "菜市场（生鲜超市）覆盖率（%）", "中类": "公服设施", "board": "民生基础需求", "类": "公服设施"}}, {"type": "Feature", "geometry": {"type": "Point", "coordinates": [111.28516358238278, 30.70804065983277]}, "properties": {"指标": "菜市场（生鲜超市）覆盖率（%）", "中类": "公服设施", "board": "民生基础需求", "类": "公服设施"}}, {"type": "Feature", "geometry": {"type": "Point", "coordinates": [111.30356159976905, 30.702783600462322]}, "properties": {"指标": "菜市场（生鲜超市）覆盖率（%）", "中类": "公服设施", "board": "民生基础需求", "类": "公服设施"}}, {"type": "Feature", "geometry": {"type": "Point", "coordinates": [111.27232455761569, 30.72710918964209]}, "properties": {"指标": "菜市场（生鲜超市）覆盖率（%）", "中类": "公服设施", "board": "民生基础需求", "类": "公服设施"}}, {"type": "Feature", "geometry": {"type": "Point", "coordinates": [111.2908740446417, 30.73052542709152]}, "properties": {"指标": "菜市场（生鲜超市）覆盖率（%）", "中类": "公服设施", "board": "民生基础需求", "类": "公服设施"}}, {"type": "Feature", "geometry": {"type": "Point", "coordinates": [111.27564854887395, 30.705744669057243]}, "properties": {"指标": "菜市场（生鲜超市）覆盖率（%）", "中类": "公服设施", "board": "民生基础需求", "类": "公服设施"}}, {"type": "Feature", "geometry": {"type": "Point", "coordinates": [111.31762984530214, 30.712333183760165]}, "properties": {"指标": "菜市场（生鲜超市）覆盖率（%）", "中类": "公服设施", "board": "民生基础需求", "类": "公服设施"}}, {"type": "Feature", "geometry": {"type": "Point", "coordinates": [111.2908451745904, 30.700357768571426]}, "properties": {"指标": "菜市场（生鲜超市）覆盖率（%）", "中类": "公服设施", "board": "民生基础需求", "类": "公服设施"}}, {"type": "Feature", "geometry": {"type": "Point", "coordinates": [111.28618421712672, 30.722463528812312]}, "properties": {"指标": "菜市场（生鲜超市）覆盖率（%）", "中类": "公服设施", "board": "民生基础需求", "类": "公服设施"}}, {"type": "Feature", "geometry": {"type": "Point", "coordinates": [111.28183508555568, 30.69917805504787]}, "properties": {"指标": "菜市场（生鲜超市）覆盖率（%）", "中类": "公服设施", "board": "民生基础需求", "类": "公服设施"}}, {"type": "Feature", "geometry": {"type": "Point", "coordinates": [111.29235002675482, 30.739187583079964]}, "properties": {"指标": "菜市场（生鲜超市）覆盖率（%）", "中类": "公服设施", "board": "民生基础需求", "类": "公服设施"}}, {"type": "Feature", "geometry": {"type": "Point", "coordinates": [111.2904932920615, 30.73779283685901]}, "properties": {"指标": "菜市场（生鲜超市）覆盖率（%）", "中类": "公服设施", "board": "民生基础需求", "类": "公服设施"}}, {"type": "Feature", "geometry": {"type": "Point", "coordinates": [111.28282401411087, 30.713667487785393]}, "properties": {"指标": "菜市场（生鲜超市）覆盖率（%）", "中类": "公服设施", "board": "民生基础需求", "类": "公服设施"}}, {"type": "Feature", "geometry": {"type": "Point", "coordinates": [111.30351456568333, 30.73700743421634]}, "properties": {"指标": "菜市场（生鲜超市）覆盖率（%）", "中类": "公服设施", "board": "民生基础需求", "类": "公服设施"}}, {"type": "Feature", "geometry": {"type": "Point", "coordinates": [111.2867054108268, 30.72989032122649]}, "properties": {"指标": "菜市场（生鲜超市）覆盖率（%）", "中类": "公服设施", "board": "民生基础需求", "类": "公服设施"}}, {"type": "Feature", "geometry": {"type": "Point", "coordinates": [111.29981883320995, 30.73788761857037]}, "properties": {"指标": "菜市场（生鲜超市）覆盖率（%）", "中类": "公服设施", "board": "民生基础需求", "类": "公服设施"}}, {"type": "Feature", "geometry": {"type": "Point", "coordinates": [111.29086352216004, 30.713350089291268]}, "properties": {"指标": "菜市场（生鲜超市）覆盖率（%）", "中类": "公服设施", "board": "民生基础需求", "类": "公服设施"}}, {"type": "Feature", "geometry": {"type": "Point", "coordinates": [111.29374482641308, 30.727168048434084]}, "properties": {"指标": "菜市场（生鲜超市）覆盖率（%）", "中类": "公服设施", "board": "民生基础需求", "类": "公服设施"}}, {"type": "Feature", "geometry": {"type": "Point", "coordinates": [111.28275395678386, 30.695421124785486]}, "properties": {"指标": "菜市场（生鲜超市）覆盖率（%）", "中类": "公服设施", "board": "民生基础需求", "类": "公服设施"}}, {"type": "Feature", "geometry": {"type": "Point", "coordinates": [111.28870048968193, 30.696382851222083]}, "properties": {"指标": "菜市场（生鲜超市）覆盖率（%）", "中类": "公服设施", "board": "民生基础需求", "类": "公服设施"}}, {"type": "Feature", "geometry": {"type": "Point", "coordinates": [111.30049686073889, 30.738810193829107]}, "properties": {"指标": "菜市场（生鲜超市）覆盖率（%）", "中类": "公服设施", "board": "民生基础需求", "类": "公服设施"}}, {"type": "Feature", "geometry": {"type": "Point", "coordinates": [111.3025280479526, 30.73221412864271]}, "properties": {"指标": "菜市场（生鲜超市）覆盖率（%）", "中类": "公服设施", "board": "民生基础需求", "类": "公服设施"}}, {"type": "Feature", "geometry": {"type": "Point", "coordinates": [111.29118179246291, 30.723594520404156]}, "properties": {"指标": "菜市场（生鲜超市）覆盖率（%）", "中类": "公服设施", "board": "民生基础需求", "类": "公服设施"}}, {"type": "Feature", "geometry": {"type": "Point", "coordinates": [111.28802688530762, 30.70951998046894]}, "properties": {"指标": "菜市场（生鲜超市）覆盖率（%）", "中类": "公服设施", "board": "民生基础需求", "类": "公服设施"}}, {"type": "Feature", "geometry": {"type": "Point", "coordinates": [111.32040532773973, 30.713669207118354]}, "properties": {"指标": "菜市场（生鲜超市）覆盖率（%）", "中类": "公服设施", "board": "民生基础需求", "类": "公服设施"}}, {"type": "Feature", "geometry": {"type": "Point", "coordinates": [111.27378218661552, 30.72429516322901]}, "properties": {"指标": "菜市场（生鲜超市）覆盖率（%）", "中类": "公服设施", "board": "民生基础需求", "类": "公服设施"}}, {"type": "Feature", "geometry": {"type": "Point", "coordinates": [111.29763997844643, 30.705842745363245]}, "properties": {"指标": "菜市场（生鲜超市）覆盖率（%）", "中类": "公服设施", "board": "民生基础需求", "类": "公服设施"}}, {"type": "Feature", "geometry": {"type": "Point", "coordinates": [111.28906743629142, 30.72131310751037]}, "properties": {"指标": "菜市场（生鲜超市）覆盖率（%）", "中类": "公服设施", "board": "民生基础需求", "类": "公服设施"}}, {"type": "Feature", "geometry": {"type": "Point", "coordinates": [111.29996212043358, 30.728505474539613]}, "properties": {"指标": "菜市场（生鲜超市）覆盖率（%）", "中类": "公服设施", "board": "民生基础需求", "类": "公服设施"}}, {"type": "Feature", "geometry": {"type": "Point", "coordinates": [111.31740855343605, 30.710796501227698]}, "properties": {"指标": "菜市场（生鲜超市）覆盖率（%）", "中类": "公服设施", "board": "民生基础需求", "类": "公服设施"}}, {"type": "Feature", "geometry": {"type": "Point", "coordinates": [111.29513334667533, 30.71832653468319]}, "properties": {"指标": "菜市场（生鲜超市）覆盖率（%）", "中类": "公服设施", "board": "民生基础需求", "类": "公服设施"}}, {"type": "Feature", "geometry": {"type": "Point", "coordinates": [111.29419141620227, 30.734229756591272]}, "properties": {"指标": "菜市场（生鲜超市）覆盖率（%）", "中类": "公服设施", "board": "民生基础需求", "类": "公服设施"}}, {"type": "Feature", "geometry": {"type": "Point", "coordinates": [111.29369234615667, 30.738358776599654]}, "properties": {"指标": "菜市场（生鲜超市）覆盖率（%）", "中类": "公服设施", "board": "民生基础需求", "类": "公服设施"}}, {"type": "Feature", "geometry": {"type": "Point", "coordinates": [111.29740611936906, 30.73342476263234]}, "properties": {"指标": "菜市场（生鲜超市）覆盖率（%）", "中类": "公服设施", "board": "民生基础需求", "类": "公服设施"}}, {"type": "Feature", "geometry": {"type": "Point", "coordinates": [111.30514013669269, 30.701878924703472]}, "properties": {"指标": "菜市场（生鲜超市）覆盖率（%）", "中类": "公服设施", "board": "民生基础需求", "类": "公服设施"}}, {"type": "Feature", "geometry": {"type": "Point", "coordinates": [111.29292384309923, 30.73429875333703]}, "properties": {"指标": "菜市场（生鲜超市）覆盖率（%）", "中类": "公服设施", "board": "民生基础需求", "类": "公服设施"}}, {"type": "Feature", "geometry": {"type": "Point", "coordinates": [111.31656411724764, 30.687655934032854]}, "properties": {"指标": "菜市场（生鲜超市）覆盖率（%）", "中类": "公服设施", "board": "民生基础需求", "类": "公服设施"}}, {"type": "Feature", "geometry": {"type": "Point", "coordinates": [111.29487168405323, 30.737067679724706]}, "properties": {"指标": "菜市场（生鲜超市）覆盖率（%）", "中类": "公服设施", "board": "民生基础需求", "类": "公服设施"}}, {"type": "Feature", "geometry": {"type": "Point", "coordinates": [111.27865073719188, 30.715304234736617]}, "properties": {"指标": "菜市场（生鲜超市）覆盖率（%）", "中类": "公服设施", "board": "民生基础需求", "类": "公服设施"}}, {"type": "Feature", "geometry": {"type": "Point", "coordinates": [111.2850876539507, 30.704650558437454]}, "properties": {"指标": "菜市场（生鲜超市）覆盖率（%）", "中类": "公服设施", "board": "民生基础需求", "类": "公服设施"}}, {"type": "Feature", "geometry": {"type": "Point", "coordinates": [111.2747619235824, 30.70931390675207]}, "properties": {"指标": "菜市场（生鲜超市）覆盖率（%）", "中类": "公服设施", "board": "民生基础需求", "类": "公服设施"}}, {"type": "Feature", "geometry": {"type": "Point", "coordinates": [111.2686144853034, 30.70789843040691]}, "properties": {"指标": "菜市场（生鲜超市）覆盖率（%）", "中类": "公服设施", "board": "民生基础需求", "类": "公服设施"}}, {"type": "Feature", "geometry": {"type": "Point", "coordinates": [111.26837844955237, 30.712734364908073]}, "properties": {"指标": "菜市场（生鲜超市）覆盖率（%）", "中类": "公服设施", "board": "民生基础需求", "类": "公服设施"}}, {"type": "Feature", "geometry": {"type": "Point", "coordinates": [111.32044004181793, 30.6866392811593]}, "properties": {"指标": "菜市场（生鲜超市）覆盖率（%）", "中类": "公服设施", "board": "民生基础需求", "类": "公服设施"}}, {"type": "Feature", "geometry": {"type": "Point", "coordinates": [111.29762402679602, 30.717031105717446]}, "properties": {"指标": "菜市场（生鲜超市）覆盖率（%）", "中类": "公服设施", "board": "民生基础需求", "类": "公服设施"}}, {"type": "Feature", "geometry": {"type": "Point", "coordinates": [111.30440910715434, 30.704289731670308]}, "properties": {"指标": "菜市场（生鲜超市）覆盖率（%）", "中类": "公服设施", "board": "民生基础需求", "类": "公服设施"}}, {"type": "Feature", "geometry": {"type": "Point", "coordinates": [111.3199529809876, 30.690049207521163]}, "properties": {"指标": "菜市场（生鲜超市）覆盖率（%）", "中类": "公服设施", "board": "民生基础需求", "类": "公服设施"}}, {"type": "Feature", "geometry": {"type": "Point", "coordinates": [111.31811367480702, 30.68928458179047]}, "properties": {"指标": "菜市场（生鲜超市）覆盖率（%）", "中类": "公服设施", "board": "民生基础需求", "类": "公服设施"}}, {"type": "Feature", "geometry": {"type": "Point", "coordinates": [111.32172002522044, 30.68554111432867]}, "properties": {"指标": "菜市场（生鲜超市）覆盖率（%）", "中类": "公服设施", "board": "民生基础需求", "类": "公服设施"}}, {"type": "Feature", "geometry": {"type": "Point", "coordinates": [111.31750422447732, 30.68770421115513]}, "properties": {"指标": "菜市场（生鲜超市）覆盖率（%）", "中类": "公服设施", "board": "民生基础需求", "类": "公服设施"}}, {"type": "Feature", "geometry": {"type": "Point", "coordinates": [111.28236733596133, 30.705078636961133]}, "properties": {"指标": "菜市场（生鲜超市）覆盖率（%）", "中类": "公服设施", "board": "民生基础需求", "类": "公服设施"}}, {"type": "Feature", "geometry": {"type": "Point", "coordinates": [111.31753565334039, 30.702033516278746]}, "properties": {"指标": "菜市场（生鲜超市）覆盖率（%）", "中类": "公服设施", "board": "民生基础需求", "类": "公服设施"}}, {"type": "Feature", "geometry": {"type": "Point", "coordinates": [111.29005808200162, 30.711878814599498]}, "properties": {"指标": "菜市场（生鲜超市）覆盖率（%）", "中类": "公服设施", "board": "民生基础需求", "类": "公服设施"}}, {"type": "Feature", "geometry": {"type": "Point", "coordinates": [111.29406688271246, 30.697884155009547]}, "properties": {"指标": "菜市场（生鲜超市）覆盖率（%）", "中类": "公服设施", "board": "民生基础需求", "类": "公服设施"}}, {"type": "Feature", "geometry": {"type": "Point", "coordinates": [111.27454493271843, 30.709604030047434]}, "properties": {"指标": "菜市场（生鲜超市）覆盖率（%）", "中类": "公服设施", "board": "民生基础需求", "类": "公服设施"}}, {"type": "Feature", "geometry": {"type": "Point", "coordinates": [111.31253169553788, 30.702517750011346]}, "properties": {"指标": "菜市场（生鲜超市）覆盖率（%）", "中类": "公服设施", "board": "民生基础需求", "类": "公服设施"}}, {"type": "Feature", "geometry": {"type": "Point", "coordinates": [111.2844099981386, 30.710777067738682]}, "properties": {"指标": "菜市场（生鲜超市）覆盖率（%）", "中类": "公服设施", "board": "民生基础需求", "类": "公服设施"}}, {"type": "Feature", "geometry": {"type": "Point", "coordinates": [111.3196894649194, 30.685721035736613]}, "properties": {"指标": "菜市场（生鲜超市）覆盖率（%）", "中类": "公服设施", "board": "民生基础需求", "类": "公服设施"}}, {"type": "Feature", "geometry": {"type": "Point", "coordinates": [111.30661614070786, 30.73481460037439]}, "properties": {"指标": "菜市场（生鲜超市）覆盖率（%）", "中类": "公服设施", "board": "民生基础需求", "类": "公服设施"}}, {"type": "Feature", "geometry": {"type": "Point", "coordinates": [111.30823676889892, 30.733114897057792]}, "properties": {"指标": "菜市场（生鲜超市）覆盖率（%）", "中类": "公服设施", "board": "民生基础需求", "类": "公服设施"}}, {"type": "Feature", "geometry": {"type": "Point", "coordinates": [111.30728107292961, 30.73381637500049]}, "properties": {"指标": "菜市场（生鲜超市）覆盖率（%）", "中类": "公服设施", "board": "民生基础需求", "类": "公服设施"}}, {"type": "Feature", "geometry": {"type": "Point", "coordinates": [111.31140813767284, 30.693962211225486]}, "properties": {"指标": "菜市场（生鲜超市）覆盖率（%）", "中类": "公服设施", "board": "民生基础需求", "类": "公服设施"}}, {"type": "Feature", "geometry": {"type": "Point", "coordinates": [111.31080861794517, 30.695220502158083]}, "properties": {"指标": "菜市场（生鲜超市）覆盖率（%）", "中类": "公服设施", "board": "民生基础需求", "类": "公服设施"}}, {"type": "Feature", "geometry": {"type": "Point", "coordinates": [111.31632391711508, 30.691290292668807]}, "properties": {"指标": "菜市场（生鲜超市）覆盖率（%）", "中类": "公服设施", "board": "民生基础需求", "类": "公服设施"}}, {"type": "Feature", "geometry": {"type": "Point", "coordinates": [111.31729869852056, 30.694783488562187]}, "properties": {"指标": "菜市场（生鲜超市）覆盖率（%）", "中类": "公服设施", "board": "民生基础需求", "类": "公服设施"}}, {"type": "Feature", "geometry": {"type": "Point", "coordinates": [111.31717414440853, 30.6900519245221]}, "properties": {"指标": "菜市场（生鲜超市）覆盖率（%）", "中类": "公服设施", "board": "民生基础需求", "类": "公服设施"}}, {"type": "Feature", "geometry": {"type": "Point", "coordinates": [111.30519392674569, 30.712786203374147]}, "properties": {"指标": "菜市场（生鲜超市）覆盖率（%）", "中类": "公服设施", "board": "民生基础需求", "类": "公服设施"}}, {"type": "Feature", "geometry": {"type": "Point", "coordinates": [111.28989120401758, 30.734639980769195]}, "properties": {"指标": "菜市场（生鲜超市）覆盖率（%）", "中类": "公服设施", "board": "民生基础需求", "类": "公服设施"}}, {"type": "Feature", "geometry": {"type": "Point", "coordinates": [111.34374473713896, 30.68179021130252]}, "properties": {"指标": "菜市场（生鲜超市）覆盖率（%）", "中类": "公服设施", "board": "民生基础需求", "类": "公服设施"}}, {"type": "Feature", "geometry": {"type": "Point", "coordinates": [111.34336897777443, 30.68016325580492]}, "properties": {"指标": "菜市场（生鲜超市）覆盖率（%）", "中类": "公服设施", "board": "民生基础需求", "类": "公服设施"}}, {"type": "Feature", "geometry": {"type": "Point", "coordinates": [111.3364120838945, 30.682824907126005]}, "properties": {"指标": "菜市场（生鲜超市）覆盖率（%）", "中类": "公服设施", "board": "民生基础需求", "类": "公服设施"}}, {"type": "Feature", "geometry": {"type": "Point", "coordinates": [111.33731677472315, 30.68273299799877]}, "properties": {"指标": "菜市场（生鲜超市）覆盖率（%）", "中类": "公服设施", "board": "民生基础需求", "类": "公服设施"}}, {"type": "Feature", "geometry": {"type": "Point", "coordinates": [111.33911391558779, 30.684898554021753]}, "properties": {"指标": "菜市场（生鲜超市）覆盖率（%）", "中类": "公服设施", "board": "民生基础需求", "类": "公服设施"}}, {"type": "Feature", "geometry": {"type": "Point", "coordinates": [111.33913496064936, 30.692313160242346]}, "properties": {"指标": "菜市场（生鲜超市）覆盖率（%）", "中类": "公服设施", "board": "民生基础需求", "类": "公服设施"}}, {"type": "Feature", "geometry": {"type": "Point", "coordinates": [111.33603905704013, 30.679846968008675]}, "properties": {"指标": "菜市场（生鲜超市）覆盖率（%）", "中类": "公服设施", "board": "民生基础需求", "类": "公服设施"}}, {"type": "Feature", "geometry": {"type": "Point", "coordinates": [111.33474887946309, 30.680874476687332]}, "properties": {"指标": "菜市场（生鲜超市）覆盖率（%）", "中类": "公服设施", "board": "民生基础需求", "类": "公服设施"}}, {"type": "Feature", "geometry": {"type": "Point", "coordinates": [111.31283288915307, 30.676763775913706]}, "properties": {"指标": "菜市场（生鲜超市）覆盖率（%）", "中类": "公服设施", "board": "民生基础需求", "类": "公服设施"}}, {"type": "Feature", "geometry": {"type": "Point", "coordinates": [111.33068555417361, 30.66113741700218]}, "properties": {"指标": "菜市场（生鲜超市）覆盖率（%）", "中类": "公服设施", "board": "民生基础需求", "类": "公服设施"}}, {"type": "Feature", "geometry": {"type": "Point", "coordinates": [111.32591132065114, 30.672734102242764]}, "properties": {"指标": "菜市场（生鲜超市）覆盖率（%）", "中类": "公服设施", "board": "民生基础需求", "类": "公服设施"}}, {"type": "Feature", "geometry": {"type": "Point", "coordinates": [111.30918523431501, 30.680114719189422]}, "properties": {"指标": "菜市场（生鲜超市）覆盖率（%）", "中类": "公服设施", "board": "民生基础需求", "类": "公服设施"}}, {"type": "Feature", "geometry": {"type": "Point", "coordinates": [111.31664435354716, 30.673735412004515]}, "properties": {"指标": "菜市场（生鲜超市）覆盖率（%）", "中类": "公服设施", "board": "民生基础需求", "类": "公服设施"}}, {"type": "Feature", "geometry": {"type": "Point", "coordinates": [111.29520274049148, 30.692812609779555]}, "properties": {"指标": "菜市场（生鲜超市）覆盖率（%）", "中类": "公服设施", "board": "民生基础需求", "类": "公服设施"}}, {"type": "Feature", "geometry": {"type": "Point", "coordinates": [111.31410426078175, 30.6816565885485]}, "properties": {"指标": "菜市场（生鲜超市）覆盖率（%）", "中类": "公服设施", "board": "民生基础需求", "类": "公服设施"}}, {"type": "Feature", "geometry": {"type": "Point", "coordinates": [111.31354253407069, 30.681054990994213]}, "properties": {"指标": "菜市场（生鲜超市）覆盖率（%）", "中类": "公服设施", "board": "民生基础需求", "类": "公服设施"}}, {"type": "Feature", "geometry": {"type": "Point", "coordinates": [111.32970848903369, 30.68315144061134]}, "properties": {"指标": "菜市场（生鲜超市）覆盖率（%）", "中类": "公服设施", "board": "民生基础需求", "类": "公服设施"}}, {"type": "Feature", "geometry": {"type": "Point", "coordinates": [111.33548678366591, 30.686927372423316]}, "properties": {"指标": "菜市场（生鲜超市）覆盖率（%）", "中类": "公服设施", "board": "民生基础需求", "类": "公服设施"}}, {"type": "Feature", "geometry": {"type": "Point", "coordinates": [111.33695216832189, 30.681137723890206]}, "properties": {"指标": "菜市场（生鲜超市）覆盖率（%）", "中类": "公服设施", "board": "民生基础需求", "类": "公服设施"}}, {"type": "Feature", "geometry": {"type": "Point", "coordinates": [111.31196458741684, 30.68398108830208]}, "properties": {"指标": "菜市场（生鲜超市）覆盖率（%）", "中类": "公服设施", "board": "民生基础需求", "类": "公服设施"}}, {"type": "Feature", "geometry": {"type": "Point", "coordinates": [111.33302401018642, 30.676848784562143]}, "properties": {"指标": "菜市场（生鲜超市）覆盖率（%）", "中类": "公服设施", "board": "民生基础需求", "类": "公服设施"}}, {"type": "Feature", "geometry": {"type": "Point", "coordinates": [111.32769746483271, 30.678071746662717]}, "properties": {"指标": "菜市场（生鲜超市）覆盖率（%）", "中类": "公服设施", "board": "民生基础需求", "类": "公服设施"}}, {"type": "Feature", "geometry": {"type": "Point", "coordinates": [111.29165398644733, 30.6950228148209]}, "properties": {"指标": "菜市场（生鲜超市）覆盖率（%）", "中类": "公服设施", "board": "民生基础需求", "类": "公服设施"}}, {"type": "Feature", "geometry": {"type": "Point", "coordinates": [111.29106839735732, 30.693910218594766]}, "properties": {"指标": "菜市场（生鲜超市）覆盖率（%）", "中类": "公服设施", "board": "民生基础需求", "类": "公服设施"}}, {"type": "Feature", "geometry": {"type": "Point", "coordinates": [111.28831561624641, 30.69341090730991]}, "properties": {"指标": "菜市场（生鲜超市）覆盖率（%）", "中类": "公服设施", "board": "民生基础需求", "类": "公服设施"}}, {"type": "Feature", "geometry": {"type": "Point", "coordinates": [111.32503931084919, 30.666117970781688]}, "properties": {"指标": "菜市场（生鲜超市）覆盖率（%）", "中类": "公服设施", "board": "民生基础需求", "类": "公服设施"}}, {"type": "Feature", "geometry": {"type": "Point", "coordinates": [111.30833073004376, 30.68494059227599]}, "properties": {"指标": "菜市场（生鲜超市）覆盖率（%）", "中类": "公服设施", "board": "民生基础需求", "类": "公服设施"}}, {"type": "Feature", "geometry": {"type": "Point", "coordinates": [111.32327541848356, 30.66999087705021]}, "properties": {"指标": "菜市场（生鲜超市）覆盖率（%）", "中类": "公服设施", "board": "民生基础需求", "类": "公服设施"}}, {"type": "Feature", "geometry": {"type": "Point", "coordinates": [111.32036523967592, 30.673049048832812]}, "properties": {"指标": "菜市场（生鲜超市）覆盖率（%）", "中类": "公服设施", "board": "民生基础需求", "类": "公服设施"}}, {"type": "Feature", "geometry": {"type": "Point", "coordinates": [111.33006746873774, 30.660772692801277]}, "properties": {"指标": "菜市场（生鲜超市）覆盖率（%）", "中类": "公服设施", "board": "民生基础需求", "类": "公服设施"}}, {"type": "Feature", "geometry": {"type": "Point", "coordinates": [111.29989819510486, 30.684558935949873]}, "properties": {"指标": "菜市场（生鲜超市）覆盖率（%）", "中类": "公服设施", "board": "民生基础需求", "类": "公服设施"}}, {"type": "Feature", "geometry": {"type": "Point", "coordinates": [111.31235612661384, 30.67852391297061]}, "properties": {"指标": "菜市场（生鲜超市）覆盖率（%）", "中类": "公服设施", "board": "民生基础需求", "类": "公服设施"}}, {"type": "Feature", "geometry": {"type": "Point", "coordinates": [111.30558767919806, 30.68079456871687]}, "properties": {"指标": "菜市场（生鲜超市）覆盖率（%）", "中类": "公服设施", "board": "民生基础需求", "类": "公服设施"}}, {"type": "Feature", "geometry": {"type": "Point", "coordinates": [111.31094859612654, 30.68578932437842]}, "properties": {"指标": "菜市场（生鲜超市）覆盖率（%）", "中类": "公服设施", "board": "民生基础需求", "类": "公服设施"}}, {"type": "Feature", "geometry": {"type": "Point", "coordinates": [111.31721064221139, 30.677282559691843]}, "properties": {"指标": "菜市场（生鲜超市）覆盖率（%）", "中类": "公服设施", "board": "民生基础需求", "类": "公服设施"}}, {"type": "Feature", "geometry": {"type": "Point", "coordinates": [111.31039483651291, 30.68084977534742]}, "properties": {"指标": "菜市场（生鲜超市）覆盖率（%）", "中类": "公服设施", "board": "民生基础需求", "类": "公服设施"}}, {"type": "Feature", "geometry": {"type": "Point", "coordinates": [111.31817435216098, 30.673049386168238]}, "properties": {"指标": "菜市场（生鲜超市）覆盖率（%）", "中类": "公服设施", "board": "民生基础需求", "类": "公服设施"}}, {"type": "Feature", "geometry": {"type": "Point", "coordinates": [111.30268469058345, 30.686490794109964]}, "properties": {"指标": "菜市场（生鲜超市）覆盖率（%）", "中类": "公服设施", "board": "民生基础需求", "类": "公服设施"}}, {"type": "Feature", "geometry": {"type": "Point", "coordinates": [111.31348892091333, 30.6791363229302]}, "properties": {"指标": "菜市场（生鲜超市）覆盖率（%）", "中类": "公服设施", "board": "民生基础需求", "类": "公服设施"}}, {"type": "Feature", "geometry": {"type": "Point", "coordinates": [111.30251119920791, 30.688434782498685]}, "properties": {"指标": "菜市场（生鲜超市）覆盖率（%）", "中类": "公服设施", "board": "民生基础需求", "类": "公服设施"}}, {"type": "Feature", "geometry": {"type": "Point", "coordinates": [111.30566389527466, 30.686972944234764]}, "properties": {"指标": "菜市场（生鲜超市）覆盖率（%）", "中类": "公服设施", "board": "民生基础需求", "类": "公服设施"}}, {"type": "Feature", "geometry": {"type": "Point", "coordinates": [111.32538261941275, 30.674340089856553]}, "properties": {"指标": "菜市场（生鲜超市）覆盖率（%）", "中类": "公服设施", "board": "民生基础需求", "类": "公服设施"}}, {"type": "Feature", "geometry": {"type": "Point", "coordinates": [111.31414690136327, 30.67376154037121]}, "properties": {"指标": "菜市场（生鲜超市）覆盖率（%）", "中类": "公服设施", "board": "民生基础需求", "类": "公服设施"}}, {"type": "Feature", "geometry": {"type": "Point", "coordinates": [111.3086449079702, 30.679067386497817]}, "properties": {"指标": "菜市场（生鲜超市）覆盖率（%）", "中类": "公服设施", "board": "民生基础需求", "类": "公服设施"}}, {"type": "Feature", "geometry": {"type": "Point", "coordinates": [111.28955993338725, 30.69100426700114]}, "properties": {"指标": "菜市场（生鲜超市）覆盖率（%）", "中类": "公服设施", "board": "民生基础需求", "类": "公服设施"}}, {"type": "Feature", "geometry": {"type": "Point", "coordinates": [111.29202897810974, 30.690646944523333]}, "properties": {"指标": "菜市场（生鲜超市）覆盖率（%）", "中类": "公服设施", "board": "民生基础需求", "类": "公服设施"}}, {"type": "Feature", "geometry": {"type": "Point", "coordinates": [111.28685181669555, 30.69210609964627]}, "properties": {"指标": "菜市场（生鲜超市）覆盖率（%）", "中类": "公服设施", "board": "民生基础需求", "类": "公服设施"}}, {"type": "Feature", "geometry": {"type": "Point", "coordinates": [111.33064932633266, 30.676774607687143]}, "properties": {"指标": "菜市场（生鲜超市）覆盖率（%）", "中类": "公服设施", "board": "民生基础需求", "类": "公服设施"}}, {"type": "Feature", "geometry": {"type": "Point", "coordinates": [111.31191421306663, 30.678077557562187]}, "properties": {"指标": "菜市场（生鲜超市）覆盖率（%）", "中类": "公服设施", "board": "民生基础需求", "类": "公服设施"}}, {"type": "Feature", "geometry": {"type": "Point", "coordinates": [111.31026178881129, 30.683399603483277]}, "properties": {"指标": "菜市场（生鲜超市）覆盖率（%）", "中类": "公服设施", "board": "民生基础需求", "类": "公服设施"}}, {"type": "Feature", "geometry": {"type": "Point", "coordinates": [111.31199415743112, 30.67599943878067]}, "properties": {"指标": "菜市场（生鲜超市）覆盖率（%）", "中类": "公服设施", "board": "民生基础需求", "类": "公服设施"}}, {"type": "Feature", "geometry": {"type": "Point", "coordinates": [111.3287456488806, 30.677392944214322]}, "properties": {"指标": "菜市场（生鲜超市）覆盖率（%）", "中类": "公服设施", "board": "民生基础需求", "类": "公服设施"}}, {"type": "Feature", "geometry": {"type": "Point", "coordinates": [111.33231774387373, 30.6653046355785]}, "properties": {"指标": "菜市场（生鲜超市）覆盖率（%）", "中类": "公服设施", "board": "民生基础需求", "类": "公服设施"}}, {"type": "Feature", "geometry": {"type": "Point", "coordinates": [111.32292462234402, 30.668246439286367]}, "properties": {"指标": "菜市场（生鲜超市）覆盖率（%）", "中类": "公服设施", "board": "民生基础需求", "类": "公服设施"}}, {"type": "Feature", "geometry": {"type": "Point", "coordinates": [111.3169764350926, 30.675294930475932]}, "properties": {"指标": "菜市场（生鲜超市）覆盖率（%）", "中类": "公服设施", "board": "民生基础需求", "类": "公服设施"}}, {"type": "Feature", "geometry": {"type": "Point", "coordinates": [111.31097001517952, 30.682763699824292]}, "properties": {"指标": "菜市场（生鲜超市）覆盖率（%）", "中类": "公服设施", "board": "民生基础需求", "类": "公服设施"}}, {"type": "Feature", "geometry": {"type": "Point", "coordinates": [111.29839842146966, 30.68575421063465]}, "properties": {"指标": "菜市场（生鲜超市）覆盖率（%）", "中类": "公服设施", "board": "民生基础需求", "类": "公服设施"}}, {"type": "Feature", "geometry": {"type": "Point", "coordinates": [111.33218874608343, 30.661268554425956]}, "properties": {"指标": "菜市场（生鲜超市）覆盖率（%）", "中类": "公服设施", "board": "民生基础需求", "类": "公服设施"}}, {"type": "Feature", "geometry": {"type": "Point", "coordinates": [111.32043031365437, 30.670011109583577]}, "properties": {"指标": "菜市场（生鲜超市）覆盖率（%）", "中类": "公服设施", "board": "民生基础需求", "类": "公服设施"}}, {"type": "Feature", "geometry": {"type": "Point", "coordinates": [111.34588084543186, 30.644772341288878]}, "properties": {"指标": "菜市场（生鲜超市）覆盖率（%）", "中类": "公服设施", "board": "民生基础需求", "类": "公服设施"}}, {"type": "Feature", "geometry": {"type": "Point", "coordinates": [111.36034238040288, 30.638547412538113]}, "properties": {"指标": "菜市场（生鲜超市）覆盖率（%）", "中类": "公服设施", "board": "民生基础需求", "类": "公服设施"}}, {"type": "Feature", "geometry": {"type": "Point", "coordinates": [111.35589710242499, 30.643103199368085]}, "properties": {"指标": "菜市场（生鲜超市）覆盖率（%）", "中类": "公服设施", "board": "民生基础需求", "类": "公服设施"}}, {"type": "Feature", "geometry": {"type": "Point", "coordinates": [111.34863919050913, 30.674759617272066]}, "properties": {"指标": "菜市场（生鲜超市）覆盖率（%）", "中类": "公服设施", "board": "民生基础需求", "类": "公服设施"}}, {"type": "Feature", "geometry": {"type": "Point", "coordinates": [111.34718040673481, 30.676671097090864]}, "properties": {"指标": "菜市场（生鲜超市）覆盖率（%）", "中类": "公服设施", "board": "民生基础需求", "类": "公服设施"}}, {"type": "Feature", "geometry": {"type": "Point", "coordinates": [111.33850329510045, 30.649326917264894]}, "properties": {"指标": "菜市场（生鲜超市）覆盖率（%）", "中类": "公服设施", "board": "民生基础需求", "类": "公服设施"}}, {"type": "Feature", "geometry": {"type": "Point", "coordinates": [111.32744889685269, 30.674355328187158]}, "properties": {"指标": "菜市场（生鲜超市）覆盖率（%）", "中类": "公服设施", "board": "民生基础需求", "类": "公服设施"}}, {"type": "Feature", "geometry": {"type": "Point", "coordinates": [111.3398738268008, 30.650160960593986]}, "properties": {"指标": "菜市场（生鲜超市）覆盖率（%）", "中类": "公服设施", "board": "民生基础需求", "类": "公服设施"}}, {"type": "Feature", "geometry": {"type": "Point", "coordinates": [111.33099865107116, 30.693601321415166]}, "properties": {"指标": "菜市场（生鲜超市）覆盖率（%）", "中类": "公服设施", "board": "民生基础需求", "类": "公服设施"}}, {"type": "Feature", "geometry": {"type": "Point", "coordinates": [111.33365775620062, 30.669152411628126]}, "properties": {"指标": "菜市场（生鲜超市）覆盖率（%）", "中类": "公服设施", "board": "民生基础需求", "类": "公服设施"}}, {"type": "Feature", "geometry": {"type": "Point", "coordinates": [111.3317105428608, 30.661813616212726]}, "properties": {"指标": "菜市场（生鲜超市）覆盖率（%）", "中类": "公服设施", "board": "民生基础需求", "类": "公服设施"}}, {"type": "Feature", "geometry": {"type": "Point", "coordinates": [111.34500295361144, 30.669843914747364]}, "properties": {"指标": "菜市场（生鲜超市）覆盖率（%）", "中类": "公服设施", "board": "民生基础需求", "类": "公服设施"}}, {"type": "Feature", "geometry": {"type": "Point", "coordinates": [111.35759678759536, 30.643555629100465]}, "properties": {"指标": "菜市场（生鲜超市）覆盖率（%）", "中类": "公服设施", "board": "民生基础需求", "类": "公服设施"}}, {"type": "Feature", "geometry": {"type": "Point", "coordinates": [111.36060631750415, 30.637231017676626]}, "properties": {"指标": "菜市场（生鲜超市）覆盖率（%）", "中类": "公服设施", "board": "民生基础需求", "类": "公服设施"}}, {"type": "Feature", "geometry": {"type": "Point", "coordinates": [111.32787735979986, 30.686602723649244]}, "properties": {"指标": "菜市场（生鲜超市）覆盖率（%）", "中类": "公服设施", "board": "民生基础需求", "类": "公服设施"}}, {"type": "Feature", "geometry": {"type": "Point", "coordinates": [111.34178553241333, 30.64662499533479]}, "properties": {"指标": "菜市场（生鲜超市）覆盖率（%）", "中类": "公服设施", "board": "民生基础需求", "类": "公服设施"}}, {"type": "Feature", "geometry": {"type": "Point", "coordinates": [111.3611346872255, 30.63926509495773]}, "properties": {"指标": "菜市场（生鲜超市）覆盖率（%）", "中类": "公服设施", "board": "民生基础需求", "类": "公服设施"}}, {"type": "Feature", "geometry": {"type": "Point", "coordinates": [111.31976454073249, 30.671104854003232]}, "properties": {"指标": "菜市场（生鲜超市）覆盖率（%）", "中类": "公服设施", "board": "民生基础需求", "类": "公服设施"}}, {"type": "Feature", "geometry": {"type": "Point", "coordinates": [111.34526943627623, 30.65154192370374]}, "properties": {"指标": "菜市场（生鲜超市）覆盖率（%）", "中类": "公服设施", "board": "民生基础需求", "类": "公服设施"}}, {"type": "Feature", "geometry": {"type": "Point", "coordinates": [111.34231086707875, 30.67645274184653]}, "properties": {"指标": "菜市场（生鲜超市）覆盖率（%）", "中类": "公服设施", "board": "民生基础需求", "类": "公服设施"}}, {"type": "Feature", "geometry": {"type": "Point", "coordinates": [111.29807408578849, 30.689058678681498]}, "properties": {"指标": "菜市场（生鲜超市）覆盖率（%）", "中类": "公服设施", "board": "民生基础需求", "类": "公服设施"}}, {"type": "Feature", "geometry": {"type": "Point", "coordinates": [111.3167615586929, 30.671133492775866]}, "properties": {"指标": "菜市场（生鲜超市）覆盖率（%）", "中类": "公服设施", "board": "民生基础需求", "类": "公服设施"}}, {"type": "Feature", "geometry": {"type": "Point", "coordinates": [111.35462447579464, 30.635987033682397]}, "properties": {"指标": "菜市场（生鲜超市）覆盖率（%）", "中类": "公服设施", "board": "民生基础需求", "类": "公服设施"}}, {"type": "Feature", "geometry": {"type": "Point", "coordinates": [111.35299104802625, 30.636446226356256]}, "properties": {"指标": "菜市场（生鲜超市）覆盖率（%）", "中类": "公服设施", "board": "民生基础需求", "类": "公服设施"}}, {"type": "Feature", "geometry": {"type": "Point", "coordinates": [111.34882440272277, 30.64170398680233]}, "properties": {"指标": "菜市场（生鲜超市）覆盖率（%）", "中类": "公服设施", "board": "民生基础需求", "类": "公服设施"}}, {"type": "Feature", "geometry": {"type": "Point", "coordinates": [111.35041359711319, 30.63863063592112]}, "properties": {"指标": "菜市场（生鲜超市）覆盖率（%）", "中类": "公服设施", "board": "民生基础需求", "类": "公服设施"}}, {"type": "Feature", "geometry": {"type": "Point", "coordinates": [111.35758873348937, 30.636060155148737]}, "properties": {"指标": "菜市场（生鲜超市）覆盖率（%）", "中类": "公服设施", "board": "民生基础需求", "类": "公服设施"}}, {"type": "Feature", "geometry": {"type": "Point", "coordinates": [111.355402962906, 30.63858402165529]}, "properties": {"指标": "菜市场（生鲜超市）覆盖率（%）", "中类": "公服设施", "board": "民生基础需求", "类": "公服设施"}}, {"type": "Feature", "geometry": {"type": "Point", "coordinates": [111.35235014662256, 30.642341256202315]}, "properties": {"指标": "菜市场（生鲜超市）覆盖率（%）", "中类": "公服设施", "board": "民生基础需求", "类": "公服设施"}}, {"type": "Feature", "geometry": {"type": "Point", "coordinates": [111.30750466147938, 30.686505069055347]}, "properties": {"指标": "菜市场（生鲜超市）覆盖率（%）", "中类": "公服设施", "board": "民生基础需求", "类": "公服设施"}}, {"type": "Feature", "geometry": {"type": "Point", "coordinates": [111.3344892982535, 30.688992420736174]}, "properties": {"指标": "菜市场（生鲜超市）覆盖率（%）", "中类": "公服设施", "board": "民生基础需求", "类": "公服设施"}}, {"type": "Feature", "geometry": {"type": "Point", "coordinates": [111.34030489155873, 30.675581936213515]}, "properties": {"指标": "菜市场（生鲜超市）覆盖率（%）", "中类": "公服设施", "board": "民生基础需求", "类": "公服设施"}}, {"type": "Feature", "geometry": {"type": "Point", "coordinates": [111.32668986197591, 30.671049592646355]}, "properties": {"指标": "菜市场（生鲜超市）覆盖率（%）", "中类": "公服设施", "board": "民生基础需求", "类": "公服设施"}}, {"type": "Feature", "geometry": {"type": "Point", "coordinates": [111.34590277674828, 30.669883259060978]}, "properties": {"指标": "菜市场（生鲜超市）覆盖率（%）", "中类": "公服设施", "board": "民生基础需求", "类": "公服设施"}}, {"type": "Feature", "geometry": {"type": "Point", "coordinates": [111.34369894775925, 30.673805660301078]}, "properties": {"指标": "菜市场（生鲜超市）覆盖率（%）", "中类": "公服设施", "board": "民生基础需求", "类": "公服设施"}}, {"type": "Feature", "geometry": {"type": "Point", "coordinates": [111.31875705273183, 30.675582012915793]}, "properties": {"指标": "菜市场（生鲜超市）覆盖率（%）", "中类": "公服设施", "board": "民生基础需求", "类": "公服设施"}}, {"type": "Feature", "geometry": {"type": "Point", "coordinates": [111.32827711215386, 30.66446309549944]}, "properties": {"指标": "菜市场（生鲜超市）覆盖率（%）", "中类": "公服设施", "board": "民生基础需求", "类": "公服设施"}}, {"type": "Feature", "geometry": {"type": "Point", "coordinates": [111.29767903880085, 30.686987019087795]}, "properties": {"指标": "菜市场（生鲜超市）覆盖率（%）", "中类": "公服设施", "board": "民生基础需求", "类": "公服设施"}}, {"type": "Feature", "geometry": {"type": "Point", "coordinates": [111.29486096106456, 30.688485084379398]}, "properties": {"指标": "菜市场（生鲜超市）覆盖率（%）", "中类": "公服设施", "board": "民生基础需求", "类": "公服设施"}}, {"type": "Feature", "geometry": {"type": "Point", "coordinates": [111.29491615594839, 30.687230993998266]}, "properties": {"指标": "菜市场（生鲜超市）覆盖率（%）", "中类": "公服设施", "board": "民生基础需求", "类": "公服设施"}}, {"type": "Feature", "geometry": {"type": "Point", "coordinates": [111.3326915415522, 30.68082276294017]}, "properties": {"指标": "菜市场（生鲜超市）覆盖率（%）", "中类": "公服设施", "board": "民生基础需求", "类": "公服设施"}}, {"type": "Feature", "geometry": {"type": "Point", "coordinates": [111.34163463144809, 30.65175593458912]}, "properties": {"指标": "菜市场（生鲜超市）覆盖率（%）", "中类": "公服设施", "board": "民生基础需求", "类": "公服设施"}}, {"type": "Feature", "geometry": {"type": "Point", "coordinates": [111.30908628571511, 30.688442310085122]}, "properties": {"指标": "菜市场（生鲜超市）覆盖率（%）", "中类": "公服设施", "board": "民生基础需求", "类": "公服设施"}}, {"type": "Feature", "geometry": {"type": "Point", "coordinates": [111.3424696582244, 30.649394697209353]}, "properties": {"指标": "菜市场（生鲜超市）覆盖率（%）", "中类": "公服设施", "board": "民生基础需求", "类": "公服设施"}}, {"type": "Feature", "geometry": {"type": "Point", "coordinates": [111.32375266347152, 30.665101276534045]}, "properties": {"指标": "菜市场（生鲜超市）覆盖率（%）", "中类": "公服设施", "board": "民生基础需求", "类": "公服设施"}}, {"type": "Feature", "geometry": {"type": "Point", "coordinates": [111.29751969071367, 30.694459084714534]}, "properties": {"指标": "菜市场（生鲜超市）覆盖率（%）", "中类": "公服设施", "board": "民生基础需求", "类": "公服设施"}}, {"type": "Feature", "geometry": {"type": "Point", "coordinates": [111.34773632293467, 30.647653723495463]}, "properties": {"指标": "菜市场（生鲜超市）覆盖率（%）", "中类": "公服设施", "board": "民生基础需求", "类": "公服设施"}}, {"type": "Feature", "geometry": {"type": "Point", "coordinates": [111.32992270329933, 30.670519154665417]}, "properties": {"指标": "菜市场（生鲜超市）覆盖率（%）", "中类": "公服设施", "board": "民生基础需求", "类": "公服设施"}}, {"type": "Feature", "geometry": {"type": "Point", "coordinates": [111.32934066287078, 30.671025408525768]}, "properties": {"指标": "菜市场（生鲜超市）覆盖率（%）", "中类": "公服设施", "board": "民生基础需求", "类": "公服设施"}}, {"type": "Feature", "geometry": {"type": "Point", "coordinates": [111.35109345446362, 30.650098357221648]}, "properties": {"指标": "菜市场（生鲜超市）覆盖率（%）", "中类": "公服设施", "board": "民生基础需求", "类": "公服设施"}}, {"type": "Feature", "geometry": {"type": "Point", "coordinates": [111.35250425136107, 30.64817466696557]}, "properties": {"指标": "菜市场（生鲜超市）覆盖率（%）", "中类": "公服设施", "board": "民生基础需求", "类": "公服设施"}}, {"type": "Feature", "geometry": {"type": "Point", "coordinates": [111.33202722727582, 30.681023864549058]}, "properties": {"指标": "菜市场（生鲜超市）覆盖率（%）", "中类": "公服设施", "board": "民生基础需求", "类": "公服设施"}}, {"type": "Feature", "geometry": {"type": "Point", "coordinates": [111.33144795643281, 30.681424122158116]}, "properties": {"指标": "菜市场（生鲜超市）覆盖率（%）", "中类": "公服设施", "board": "民生基础需求", "类": "公服设施"}}, {"type": "Feature", "geometry": {"type": "Point", "coordinates": [111.3457785709203, 30.648443323418434]}, "properties": {"指标": "菜市场（生鲜超市）覆盖率（%）", "中类": "公服设施", "board": "民生基础需求", "类": "公服设施"}}, {"type": "Feature", "geometry": {"type": "Point", "coordinates": [111.33011348553137, 30.694687774433223]}, "properties": {"指标": "菜市场（生鲜超市）覆盖率（%）", "中类": "公服设施", "board": "民生基础需求", "类": "公服设施"}}, {"type": "Feature", "geometry": {"type": "Point", "coordinates": [111.33010109680016, 30.689416656113]}, "properties": {"指标": "菜市场（生鲜超市）覆盖率（%）", "中类": "公服设施", "board": "民生基础需求", "类": "公服设施"}}, {"type": "Feature", "geometry": {"type": "Point", "coordinates": [111.32738943214214, 30.687821408136756]}, "properties": {"指标": "菜市场（生鲜超市）覆盖率（%）", "中类": "公服设施", "board": "民生基础需求", "类": "公服设施"}}, {"type": "Feature", "geometry": {"type": "Point", "coordinates": [111.32694494423431, 30.68357329826676]}, "properties": {"指标": "菜市场（生鲜超市）覆盖率（%）", "中类": "公服设施", "board": "民生基础需求", "类": "公服设施"}}, {"type": "Feature", "geometry": {"type": "Point", "coordinates": [111.32548515484967, 30.682440178672465]}, "properties": {"指标": "菜市场（生鲜超市）覆盖率（%）", "中类": "公服设施", "board": "民生基础需求", "类": "公服设施"}}, {"type": "Feature", "geometry": {"type": "Point", "coordinates": [111.32796112202172, 30.69160243896934]}, "properties": {"指标": "菜市场（生鲜超市）覆盖率（%）", "中类": "公服设施", "board": "民生基础需求", "类": "公服设施"}}, {"type": "Feature", "geometry": {"type": "Point", "coordinates": [111.33174992299688, 30.69110480826652]}, "properties": {"指标": "菜市场（生鲜超市）覆盖率（%）", "中类": "公服设施", "board": "民生基础需求", "类": "公服设施"}}, {"type": "Feature", "geometry": {"type": "Point", "coordinates": [111.33706014839692, 30.68757545088663]}, "properties": {"指标": "菜市场（生鲜超市）覆盖率（%）", "中类": "公服设施", "board": "民生基础需求", "类": "公服设施"}}, {"type": "Feature", "geometry": {"type": "Point", "coordinates": [111.3347631629653, 30.677649213485285]}, "properties": {"指标": "菜市场（生鲜超市）覆盖率（%）", "中类": "公服设施", "board": "民生基础需求", "类": "公服设施"}}, {"type": "Feature", "geometry": {"type": "Point", "coordinates": [111.34611234414768, 30.67690685195889]}, "properties": {"指标": "菜市场（生鲜超市）覆盖率（%）", "中类": "公服设施", "board": "民生基础需求", "类": "公服设施"}}, {"type": "Feature", "geometry": {"type": "Point", "coordinates": [111.33497596928136, 30.67103741735622]}, "properties": {"指标": "菜市场（生鲜超市）覆盖率（%）", "中类": "公服设施", "board": "民生基础需求", "类": "公服设施"}}, {"type": "Feature", "geometry": {"type": "Point", "coordinates": [111.33889831756245, 30.675640706569087]}, "properties": {"指标": "菜市场（生鲜超市）覆盖率（%）", "中类": "公服设施", "board": "民生基础需求", "类": "公服设施"}}, {"type": "Feature", "geometry": {"type": "Point", "coordinates": [111.34198487055626, 30.67391952879694]}, "properties": {"指标": "菜市场（生鲜超市）覆盖率（%）", "中类": "公服设施", "board": "民生基础需求", "类": "公服设施"}}, {"type": "Feature", "geometry": {"type": "Point", "coordinates": [111.32238222298614, 30.680613461194202]}, "properties": {"指标": "菜市场（生鲜超市）覆盖率（%）", "中类": "公服设施", "board": "民生基础需求", "类": "公服设施"}}, {"type": "Feature", "geometry": {"type": "Point", "coordinates": [111.34705656835436, 30.67410947165569]}, "properties": {"指标": "菜市场（生鲜超市）覆盖率（%）", "中类": "公服设施", "board": "民生基础需求", "类": "公服设施"}}, {"type": "Feature", "geometry": {"type": "Point", "coordinates": [111.34381820913642, 30.670071285498498]}, "properties": {"指标": "菜市场（生鲜超市）覆盖率（%）", "中类": "公服设施", "board": "民生基础需求", "类": "公服设施"}}, {"type": "Feature", "geometry": {"type": "Point", "coordinates": [111.34495780848565, 30.669663675388623]}, "properties": {"指标": "菜市场（生鲜超市）覆盖率（%）", "中类": "公服设施", "board": "民生基础需求", "类": "公服设施"}}, {"type": "Feature", "geometry": {"type": "Point", "coordinates": [111.32894597296685, 30.669951558141996]}, "properties": {"指标": "菜市场（生鲜超市）覆盖率（%）", "中类": "公服设施", "board": "民生基础需求", "类": "公服设施"}}, {"type": "Feature", "geometry": {"type": "Point", "coordinates": [111.32173620873114, 30.6814931059281]}, "properties": {"指标": "菜市场（生鲜超市）覆盖率（%）", "中类": "公服设施", "board": "民生基础需求", "类": "公服设施"}}, {"type": "Feature", "geometry": {"type": "Point", "coordinates": [111.32253626430786, 30.68458655574547]}, "properties": {"指标": "菜市场（生鲜超市）覆盖率（%）", "中类": "公服设施", "board": "民生基础需求", "类": "公服设施"}}, {"type": "Feature", "geometry": {"type": "Point", "coordinates": [111.33127696067486, 30.692272245192136]}, "properties": {"指标": "菜市场（生鲜超市）覆盖率（%）", "中类": "公服设施", "board": "民生基础需求", "类": "公服设施"}}, {"type": "Feature", "geometry": {"type": "Point", "coordinates": [111.32971753227542, 30.691148286955173]}, "properties": {"指标": "菜市场（生鲜超市）覆盖率（%）", "中类": "公服设施", "board": "民生基础需求", "类": "公服设施"}}, {"type": "Feature", "geometry": {"type": "Point", "coordinates": [111.34108670678661, 30.67808624127945]}, "properties": {"指标": "菜市场（生鲜超市）覆盖率（%）", "中类": "公服设施", "board": "民生基础需求", "类": "公服设施"}}, {"type": "Feature", "geometry": {"type": "Point", "coordinates": [111.3551844498126, 30.632931835592522]}, "properties": {"指标": "菜市场（生鲜超市）覆盖率（%）", "中类": "公服设施", "board": "民生基础需求", "类": "公服设施"}}, {"type": "Feature", "geometry": {"type": "Point", "coordinates": [111.3502279149574, 30.63650028913812]}, "properties": {"指标": "菜市场（生鲜超市）覆盖率（%）", "中类": "公服设施", "board": "民生基础需求", "类": "公服设施"}}, {"type": "Feature", "geometry": {"type": "Point", "coordinates": [111.35236032943494, 30.635097070059693]}, "properties": {"指标": "菜市场（生鲜超市）覆盖率（%）", "中类": "公服设施", "board": "民生基础需求", "类": "公服设施"}}, {"type": "Feature", "geometry": {"type": "Point", "coordinates": [111.35678807960323, 30.633978983265344]}, "properties": {"指标": "菜市场（生鲜超市）覆盖率（%）", "中类": "公服设施", "board": "民生基础需求", "类": "公服设施"}}, {"type": "Feature", "geometry": {"type": "Point", "coordinates": [111.32231195212924, 30.681461624676512]}, "properties": {"指标": "菜市场（生鲜超市）覆盖率（%）", "中类": "公服设施", "board": "民生基础需求", "类": "公服设施"}}, {"type": "Feature", "geometry": {"type": "Point", "coordinates": [111.32423253456678, 30.683849871783057]}, "properties": {"指标": "菜市场（生鲜超市）覆盖率（%）", "中类": "公服设施", "board": "民生基础需求", "类": "公服设施"}}, {"type": "Feature", "geometry": {"type": "Point", "coordinates": [111.30537674393584, 30.683949525793107]}, "properties": {"指标": "菜市场（生鲜超市）覆盖率（%）", "中类": "公服设施", "board": "民生基础需求", "类": "公服设施"}}, {"type": "Feature", "geometry": {"type": "Point", "coordinates": [111.29540624721835, 30.695980844851967]}, "properties": {"指标": "菜市场（生鲜超市）覆盖率（%）", "中类": "公服设施", "board": "民生基础需求", "类": "公服设施"}}, {"type": "Feature", "geometry": {"type": "Point", "coordinates": [111.3250251578003, 30.672041390530918]}, "properties": {"指标": "菜市场（生鲜超市）覆盖率（%）", "中类": "公服设施", "board": "民生基础需求", "类": "公服设施"}}, {"type": "Feature", "geometry": {"type": "Point", "coordinates": [111.31506598959504, 30.67540944862278]}, "properties": {"指标": "菜市场（生鲜超市）覆盖率（%）", "中类": "公服设施", "board": "民生基础需求", "类": "公服设施"}}, {"type": "Feature", "geometry": {"type": "Point", "coordinates": [111.30728449128101, 30.68616554324805]}, "properties": {"指标": "菜市场（生鲜超市）覆盖率（%）", "中类": "公服设施", "board": "民生基础需求", "类": "公服设施"}}, {"type": "Feature", "geometry": {"type": "Point", "coordinates": [111.34762565138948, 30.64801140485624]}, "properties": {"指标": "菜市场（生鲜超市）覆盖率（%）", "中类": "公服设施", "board": "民生基础需求", "类": "公服设施"}}, {"type": "Feature", "geometry": {"type": "Point", "coordinates": [111.33125354962189, 30.669398863141186]}, "properties": {"指标": "菜市场（生鲜超市）覆盖率（%）", "中类": "公服设施", "board": "民生基础需求", "类": "公服设施"}}, {"type": "Feature", "geometry": {"type": "Point", "coordinates": [111.34771152582886, 30.67111300488114]}, "properties": {"指标": "菜市场（生鲜超市）覆盖率（%）", "中类": "公服设施", "board": "民生基础需求", "类": "公服设施"}}, {"type": "Feature", "geometry": {"type": "Point", "coordinates": [111.3304518595229, 30.67710677905642]}, "properties": {"指标": "菜市场（生鲜超市）覆盖率（%）", "中类": "公服设施", "board": "民生基础需求", "类": "公服设施"}}, {"type": "Feature", "geometry": {"type": "Point", "coordinates": [111.29656230500541, 30.686595263594675]}, "properties": {"指标": "菜市场（生鲜超市）覆盖率（%）", "中类": "公服设施", "board": "民生基础需求", "类": "公服设施"}}, {"type": "Feature", "geometry": {"type": "Point", "coordinates": [111.32749876883076, 30.66638310570447]}, "properties": {"指标": "菜市场（生鲜超市）覆盖率（%）", "中类": "公服设施", "board": "民生基础需求", "类": "公服设施"}}, {"type": "Feature", "geometry": {"type": "Point", "coordinates": [111.33238367695095, 30.674036527174298]}, "properties": {"指标": "菜市场（生鲜超市）覆盖率（%）", "中类": "公服设施", "board": "民生基础需求", "类": "公服设施"}}, {"type": "Feature", "geometry": {"type": "Point", "coordinates": [111.331297255481, 30.674200416180508]}, "properties": {"指标": "菜市场（生鲜超市）覆盖率（%）", "中类": "公服设施", "board": "民生基础需求", "类": "公服设施"}}, {"type": "Feature", "geometry": {"type": "Point", "coordinates": [111.33291663797559, 30.670507023030666]}, "properties": {"指标": "菜市场（生鲜超市）覆盖率（%）", "中类": "公服设施", "board": "民生基础需求", "类": "公服设施"}}, {"type": "Feature", "geometry": {"type": "Point", "coordinates": [111.3320875678357, 30.670654242568844]}, "properties": {"指标": "菜市场（生鲜超市）覆盖率（%）", "中类": "公服设施", "board": "民生基础需求", "类": "公服设施"}}, {"type": "Feature", "geometry": {"type": "Point", "coordinates": [111.33910559291141, 30.69273712310745]}, "properties": {"指标": "菜市场（生鲜超市）覆盖率（%）", "中类": "公服设施", "board": "民生基础需求", "类": "公服设施"}}, {"type": "Feature", "geometry": {"type": "Point", "coordinates": [111.34129306907118, 30.68219049178243]}, "properties": {"指标": "菜市场（生鲜超市）覆盖率（%）", "中类": "公服设施", "board": "民生基础需求", "类": "公服设施"}}, {"type": "Feature", "geometry": {"type": "Point", "coordinates": [111.32076330789072, 30.698820212920708]}, "properties": {"指标": "菜市场（生鲜超市）覆盖率（%）", "中类": "公服设施", "board": "民生基础需求", "类": "公服设施"}}, {"type": "Feature", "geometry": {"type": "Point", "coordinates": [111.34574311061193, 30.68051546960276]}, "properties": {"指标": "菜市场（生鲜超市）覆盖率（%）", "中类": "公服设施", "board": "民生基础需求", "类": "公服设施"}}, {"type": "Feature", "geometry": {"type": "Point", "coordinates": [111.3514491402693, 30.681607331012614]}, "properties": {"指标": "菜市场（生鲜超市）覆盖率（%）", "中类": "公服设施", "board": "民生基础需求", "类": "公服设施"}}, {"type": "Feature", "geometry": {"type": "Point", "coordinates": [111.34110123032569, 30.67148723560011]}, "properties": {"指标": "菜市场（生鲜超市）覆盖率（%）", "中类": "公服设施", "board": "民生基础需求", "类": "公服设施"}}, {"type": "Feature", "geometry": {"type": "Point", "coordinates": [111.34860956685142, 30.67856849420689]}, "properties": {"指标": "菜市场（生鲜超市）覆盖率（%）", "中类": "公服设施", "board": "民生基础需求", "类": "公服设施"}}, {"type": "Feature", "geometry": {"type": "Point", "coordinates": [111.292154, 30.725751]}, "properties": {"指标": "小学学位缺口数（个）", "中类": "公服设施", "board": "民生基础需求", "类": "公服设施"}}, {"type": "Feature", "geometry": {"type": "Point", "coordinates": [111.311984, 30.712816]}, "properties": {"指标": "小学学位缺口数（个）", "中类": "公服设施", "board": "民生基础需求", "类": "公服设施"}}, {"type": "Feature", "geometry": {"type": "Point", "coordinates": [111.312214, 30.693164]}, "properties": {"指标": "小学学位缺口数（个）", "中类": "公服设施", "board": "民生基础需求", "类": "公服设施"}}, {"type": "Feature", "geometry": {"type": "Point", "coordinates": [111.346173, 30.654735]}, "properties": {"指标": "小学学位缺口数（个）", "中类": "公服设施", "board": "民生基础需求", "类": "公服设施"}}, {"type": "Feature", "geometry": {"type": "Point", "coordinates": [111.328774, 30.687685]}, "properties": {"指标": "小学学位缺口数（个）", "中类": "公服设施", "board": "民生基础需求", "类": "公服设施"}}, {"type": "Feature", "geometry": {"type": "Point", "coordinates": [111.333306, 30.678151]}, "properties": {"指标": "小学学位缺口数（个）", "中类": "公服设施", "board": "民生基础需求", "类": "公服设施"}}, {"type": "Feature", "geometry": {"type": "Point", "coordinates": [111.33782, 30.650274]}, "properties": {"指标": "小学学位缺口数（个）", "中类": "公服设施", "board": "民生基础需求", "类": "公服设施"}}, {"type": "Feature", "geometry": {"type": "Point", "coordinates": [111.354742, 30.637896]}, "properties": {"指标": "小学学位缺口数（个）", "中类": "公服设施", "board": "民生基础需求", "类": "公服设施"}}, {"type": "Feature", "geometry": {"type": "Point", "coordinates": [111.28223, 30.700821]}, "properties": {"指标": "小学学位缺口数（个）", "中类": "公服设施", "board": "民生基础需求", "类": "公服设施"}}, {"type": "Feature", "geometry": {"type": "Point", "coordinates": [111.324998, 30.737895]}, "properties": {"指标": "小学学位缺口数（个）", "中类": "公服设施", "board": "民生基础需求", "类": "公服设施"}}, {"type": "Feature", "geometry": {"type": "Point", "coordinates": [111.290643, 30.728211]}, "properties": {"指标": "小学学位缺口数（个）", "中类": "公服设施", "board": "民生基础需求", "类": "公服设施"}}, {"type": "Feature", "geometry": {"type": "Point", "coordinates": [111.362917, 30.639784]}, "properties": {"指标": "小学学位缺口数（个）", "中类": "公服设施", "board": "民生基础需求", "类": "公服设施"}}, {"type": "Feature", "geometry": {"type": "Point", "coordinates": [111.317379, 30.672542]}, "properties": {"指标": "小学学位缺口数（个）", "中类": "公服设施", "board": "民生基础需求", "类": "公服设施"}}, {"type": "Feature", "geometry": {"type": "Point", "coordinates": [111.296162, 30.706904]}, "properties": {"指标": "小学学位缺口数（个）", "中类": "公服设施", "board": "民生基础需求", "类": "公服设施"}}, {"type": "Feature", "geometry": {"type": "Point", "coordinates": [111.283691, 30.69368]}, "properties": {"指标": "小学学位缺口数（个）", "中类": "公服设施", "board": "民生基础需求", "类": "公服设施"}}, {"type": "Feature", "geometry": {"type": "Point", "coordinates": [111.311895, 30.746311]}, "properties": {"指标": "小学学位缺口数（个）", "中类": "公服设施", "board": "民生基础需求", "类": "公服设施"}}, {"type": "Feature", "geometry": {"type": "Point", "coordinates": [111.282098, 30.715337]}, "properties": {"指标": "小学学位缺口数（个）", "中类": "公服设施", "board": "民生基础需求", "类": "公服设施"}}, {"type": "Feature", "geometry": {"type": "Point", "coordinates": [111.348496, 30.642739]}, "properties": {"指标": "小学学位缺口数（个）", "中类": "公服设施", "board": "民生基础需求", "类": "公服设施"}}, {"type": "Feature", "geometry": {"type": "Point", "coordinates": [111.302927, 30.689634]}, "properties": {"指标": "小学学位缺口数（个）", "中类": "公服设施", "board": "民生基础需求", "类": "公服设施"}}, {"type": "Feature", "geometry": {"type": "Point", "coordinates": [111.344545, 30.673571]}, "properties": {"指标": "小学学位缺口数（个）", "中类": "公服设施", "board": "民生基础需求", "类": "公服设施"}}, {"type": "Feature", "geometry": {"type": "Point", "coordinates": [111.29178, 30.715197]}, "properties": {"指标": "小学学位缺口数（个）", "中类": "公服设施", "board": "民生基础需求", "类": "公服设施"}}, {"type": "Feature", "geometry": {"type": "Point", "coordinates": [111.297322, 30.718173]}, "properties": {"指标": "小学学位缺口数（个）", "中类": "公服设施", "board": "民生基础需求", "类": "公服设施"}}, {"type": "Feature", "geometry": {"type": "Point", "coordinates": [111.315732, 30.704321]}, "properties": {"指标": "小学学位缺口数（个）", "中类": "公服设施", "board": "民生基础需求", "类": "公服设施"}}, {"type": "Feature", "geometry": {"type": "Point", "coordinates": [111.274938, 30.722273]}, "properties": {"指标": "小学学位缺口数（个）", "中类": "公服设施", "board": "民生基础需求", "类": "公服设施"}}, {"type": "Feature", "geometry": {"type": "Point", "coordinates": [111.334876, 30.711119]}, "properties": {"指标": "小学学位缺口数（个）", "中类": "公服设施", "board": "民生基础需求", "类": "公服设施"}}, {"type": "Feature", "geometry": {"type": "Point", "coordinates": [111.282806, 30.707616]}, "properties": {"指标": "小学学位缺口数（个）", "中类": "公服设施", "board": "民生基础需求", "类": "公服设施"}}, {"type": "Feature", "geometry": {"type": "Point", "coordinates": [111.275553, 30.710184]}, "properties": {"指标": "小学学位缺口数（个）", "中类": "公服设施", "board": "民生基础需求", "类": "公服设施"}}, {"type": "Feature", "geometry": {"type": "Point", "coordinates": [111.279739, 30.719147]}, "properties": {"指标": "小学学位缺口数（个）", "中类": "公服设施", "board": "民生基础需求", "类": "公服设施"}}, {"type": "Feature", "geometry": {"type": "Point", "coordinates": [111.28661, 30.697143]}, "properties": {"指标": "小学学位缺口数（个）", "中类": "公服设施", "board": "民生基础需求", "类": "公服设施"}}, {"type": "Feature", "geometry": {"type": "Point", "coordinates": [111.295279, 30.73008]}, "properties": {"指标": "小学学位缺口数（个）", "中类": "公服设施", "board": "民生基础需求", "类": "公服设施"}}, {"type": "Feature", "geometry": {"type": "Point", "coordinates": [111.37273, 30.650174]}, "properties": {"指标": "小学学位缺口数（个）", "中类": "公服设施", "board": "民生基础需求", "类": "公服设施"}}, {"type": "Feature", "geometry": {"type": "Point", "coordinates": [111.27067600084561, 30.724920763938236]}, "properties": {"指标": "中学服务半径覆盖率（%）", "中类": "公服设施", "board": "民生基础需求", "类": "公服设施"}}, {"type": "Feature", "geometry": {"type": "Point", "coordinates": [111.32504666608106, 30.667839413635793]}, "properties": {"指标": "中学服务半径覆盖率（%）", "中类": "公服设施", "board": "民生基础需求", "类": "公服设施"}}, {"type": "Feature", "geometry": {"type": "Point", "coordinates": [111.31879190192056, 30.742972539638966]}, "properties": {"指标": "中学服务半径覆盖率（%）", "中类": "公服设施", "board": "民生基础需求", "类": "公服设施"}}, {"type": "Feature", "geometry": {"type": "Point", "coordinates": [111.30773213504584, 30.746368788051438]}, "properties": {"指标": "中学服务半径覆盖率（%）", "中类": "公服设施", "board": "民生基础需求", "类": "公服设施"}}, {"type": "Feature", "geometry": {"type": "Point", "coordinates": [111.32547613955562, 30.74155957091897]}, "properties": {"指标": "中学服务半径覆盖率（%）", "中类": "公服设施", "board": "民生基础需求", "类": "公服设施"}}, {"type": "Feature", "geometry": {"type": "Point", "coordinates": [111.34916559776127, 30.647451604212076]}, "properties": {"指标": "中学服务半径覆盖率（%）", "中类": "公服设施", "board": "民生基础需求", "类": "公服设施"}}, {"type": "Feature", "geometry": {"type": "Point", "coordinates": [111.34520341684741, 30.64855152855862]}, "properties": {"指标": "中学服务半径覆盖率（%）", "中类": "公服设施", "board": "民生基础需求", "类": "公服设施"}}, {"type": "Feature", "geometry": {"type": "Point", "coordinates": [111.34498174014912, 30.68011221729874]}, "properties": {"指标": "中学服务半径覆盖率（%）", "中类": "公服设施", "board": "民生基础需求", "类": "公服设施"}}, {"type": "Feature", "geometry": {"type": "Point", "coordinates": [111.34745686392021, 30.68908587249638]}, "properties": {"指标": "中学服务半径覆盖率（%）", "中类": "公服设施", "board": "民生基础需求", "类": "公服设施"}}, {"type": "Feature", "geometry": {"type": "Point", "coordinates": [111.34207591240353, 30.717861100028113]}, "properties": {"指标": "中学服务半径覆盖率（%）", "中类": "公服设施", "board": "民生基础需求", "类": "公服设施"}}, {"type": "Feature", "geometry": {"type": "Point", "coordinates": [111.31776746398276, 30.757374302042884]}, "properties": {"指标": "中学服务半径覆盖率（%）", "中类": "公服设施", "board": "民生基础需求", "类": "公服设施"}}, {"type": "Feature", "geometry": {"type": "Point", "coordinates": [111.31661507167534, 30.753537219377893]}, "properties": {"指标": "中学服务半径覆盖率（%）", "中类": "公服设施", "board": "民生基础需求", "类": "公服设施"}}, {"type": "Feature", "geometry": {"type": "Point", "coordinates": [111.32233971633505, 30.75230675922635]}, "properties": {"指标": "中学服务半径覆盖率（%）", "中类": "公服设施", "board": "民生基础需求", "类": "公服设施"}}, {"type": "Feature", "geometry": {"type": "Point", "coordinates": [111.31976810367479, 30.754534057089096]}, "properties": {"指标": "中学服务半径覆盖率（%）", "中类": "公服设施", "board": "民生基础需求", "类": "公服设施"}}, {"type": "Feature", "geometry": {"type": "Point", "coordinates": [111.31923578103013, 30.744617282366395]}, "properties": {"指标": "中学服务半径覆盖率（%）", "中类": "公服设施", "board": "民生基础需求", "类": "公服设施"}}, {"type": "Feature", "geometry": {"type": "Point", "coordinates": [111.31896466925325, 30.744951806764977]}, "properties": {"指标": "中学服务半径覆盖率（%）", "中类": "公服设施", "board": "民生基础需求", "类": "公服设施"}}, {"type": "Feature", "geometry": {"type": "Point", "coordinates": [111.31698986121836, 30.75385960811256]}, "properties": {"指标": "中学服务半径覆盖率（%）", "中类": "公服设施", "board": "民生基础需求", "类": "公服设施"}}, {"type": "Feature", "geometry": {"type": "Point", "coordinates": [111.32366877413612, 30.74824831060931]}, "properties": {"指标": "中学服务半径覆盖率（%）", "中类": "公服设施", "board": "民生基础需求", "类": "公服设施"}}, {"type": "Feature", "geometry": {"type": "Point", "coordinates": [111.32601902452784, 30.75329642384445]}, "properties": {"指标": "中学服务半径覆盖率（%）", "中类": "公服设施", "board": "民生基础需求", "类": "公服设施"}}, {"type": "Feature", "geometry": {"type": "Point", "coordinates": [111.31827730240892, 30.756596281794323]}, "properties": {"指标": "中学服务半径覆盖率（%）", "中类": "公服设施", "board": "民生基础需求", "类": "公服设施"}}, {"type": "Feature", "geometry": {"type": "Point", "coordinates": [111.2923056088666, 30.735667055029378]}, "properties": {"指标": "中学服务半径覆盖率（%）", "中类": "公服设施", "board": "民生基础需求", "类": "公服设施"}}, {"type": "Feature", "geometry": {"type": "Point", "coordinates": [111.33524219580555, 30.70624366006512]}, "properties": {"指标": "中学服务半径覆盖率（%）", "中类": "公服设施", "board": "民生基础需求", "类": "公服设施"}}, {"type": "Feature", "geometry": {"type": "Point", "coordinates": [111.31355038502744, 30.719798521880595]}, "properties": {"指标": "中学服务半径覆盖率（%）", "中类": "公服设施", "board": "民生基础需求", "类": "公服设施"}}, {"type": "Feature", "geometry": {"type": "Point", "coordinates": [111.32618113816643, 30.71597558089692]}, "properties": {"指标": "中学服务半径覆盖率（%）", "中类": "公服设施", "board": "民生基础需求", "类": "公服设施"}}, {"type": "Feature", "geometry": {"type": "Point", "coordinates": [111.32621028051865, 30.71414976689297]}, "properties": {"指标": "中学服务半径覆盖率（%）", "中类": "公服设施", "board": "民生基础需求", "类": "公服设施"}}, {"type": "Feature", "geometry": {"type": "Point", "coordinates": [111.3129347868895, 30.718410190458563]}, "properties": {"指标": "中学服务半径覆盖率（%）", "中类": "公服设施", "board": "民生基础需求", "类": "公服设施"}}, {"type": "Feature", "geometry": {"type": "Point", "coordinates": [111.33970996233518, 30.71400427727637]}, "properties": {"指标": "中学服务半径覆盖率（%）", "中类": "公服设施", "board": "民生基础需求", "类": "公服设施"}}, {"type": "Feature", "geometry": {"type": "Point", "coordinates": [111.30280346358613, 30.734312706848527]}, "properties": {"指标": "中学服务半径覆盖率（%）", "中类": "公服设施", "board": "民生基础需求", "类": "公服设施"}}, {"type": "Feature", "geometry": {"type": "Point", "coordinates": [111.32389695347914, 30.742038451418424]}, "properties": {"指标": "中学服务半径覆盖率（%）", "中类": "公服设施", "board": "民生基础需求", "类": "公服设施"}}, {"type": "Feature", "geometry": {"type": "Point", "coordinates": [111.32171049433042, 30.7343349153846]}, "properties": {"指标": "中学服务半径覆盖率（%）", "中类": "公服设施", "board": "民生基础需求", "类": "公服设施"}}, {"type": "Feature", "geometry": {"type": "Point", "coordinates": [111.31386228406247, 30.720524293421565]}, "properties": {"指标": "中学服务半径覆盖率（%）", "中类": "公服设施", "board": "民生基础需求", "类": "公服设施"}}, {"type": "Feature", "geometry": {"type": "Point", "coordinates": [111.31004824116987, 30.717587888070582]}, "properties": {"指标": "中学服务半径覆盖率（%）", "中类": "公服设施", "board": "民生基础需求", "类": "公服设施"}}, {"type": "Feature", "geometry": {"type": "Point", "coordinates": [111.31712007881153, 30.732575086843298]}, "properties": {"指标": "中学服务半径覆盖率（%）", "中类": "公服设施", "board": "民生基础需求", "类": "公服设施"}}, {"type": "Feature", "geometry": {"type": "Point", "coordinates": [111.32543055049003, 30.71075054804263]}, "properties": {"指标": "中学服务半径覆盖率（%）", "中类": "公服设施", "board": "民生基础需求", "类": "公服设施"}}, {"type": "Feature", "geometry": {"type": "Point", "coordinates": [111.32504883062347, 30.70901607974809]}, "properties": {"指标": "中学服务半径覆盖率（%）", "中类": "公服设施", "board": "民生基础需求", "类": "公服设施"}}, {"type": "Feature", "geometry": {"type": "Point", "coordinates": [111.32414300586089, 30.730853920731274]}, "properties": {"指标": "中学服务半径覆盖率（%）", "中类": "公服设施", "board": "民生基础需求", "类": "公服设施"}}, {"type": "Feature", "geometry": {"type": "Point", "coordinates": [111.31454265578951, 30.718443213480946]}, "properties": {"指标": "中学服务半径覆盖率（%）", "中类": "公服设施", "board": "民生基础需求", "类": "公服设施"}}, {"type": "Feature", "geometry": {"type": "Point", "coordinates": [111.31621224590661, 30.717908461260524]}, "properties": {"指标": "中学服务半径覆盖率（%）", "中类": "公服设施", "board": "民生基础需求", "类": "公服设施"}}, {"type": "Feature", "geometry": {"type": "Point", "coordinates": [111.30480491972067, 30.732252098740215]}, "properties": {"指标": "中学服务半径覆盖率（%）", "中类": "公服设施", "board": "民生基础需求", "类": "公服设施"}}, {"type": "Feature", "geometry": {"type": "Point", "coordinates": [111.30882369691246, 30.70097441500288]}, "properties": {"指标": "中学服务半径覆盖率（%）", "中类": "公服设施", "board": "民生基础需求", "类": "公服设施"}}, {"type": "Feature", "geometry": {"type": "Point", "coordinates": [111.31096038897375, 30.682991280034564]}, "properties": {"指标": "中学服务半径覆盖率（%）", "中类": "公服设施", "board": "民生基础需求", "类": "公服设施"}}, {"type": "Feature", "geometry": {"type": "Point", "coordinates": [111.30993796509364, 30.702542227025194]}, "properties": {"指标": "中学服务半径覆盖率（%）", "中类": "公服设施", "board": "民生基础需求", "类": "公服设施"}}, {"type": "Feature", "geometry": {"type": "Point", "coordinates": [111.28649443903335, 30.725916733271767]}, "properties": {"指标": "中学服务半径覆盖率（%）", "中类": "公服设施", "board": "民生基础需求", "类": "公服设施"}}, {"type": "Feature", "geometry": {"type": "Point", "coordinates": [111.27065083305328, 30.718660170538108]}, "properties": {"指标": "中学服务半径覆盖率（%）", "中类": "公服设施", "board": "民生基础需求", "类": "公服设施"}}, {"type": "Feature", "geometry": {"type": "Point", "coordinates": [111.28838118012291, 30.700459361876966]}, "properties": {"指标": "中学服务半径覆盖率（%）", "中类": "公服设施", "board": "民生基础需求", "类": "公服设施"}}, {"type": "Feature", "geometry": {"type": "Point", "coordinates": [111.31429863469201, 30.7175983534996]}, "properties": {"指标": "中学服务半径覆盖率（%）", "中类": "公服设施", "board": "民生基础需求", "类": "公服设施"}}, {"type": "Feature", "geometry": {"type": "Point", "coordinates": [111.31367137250277, 30.71013571959255]}, "properties": {"指标": "中学服务半径覆盖率（%）", "中类": "公服设施", "board": "民生基础需求", "类": "公服设施"}}, {"type": "Feature", "geometry": {"type": "Point", "coordinates": [111.29293255826236, 30.71298113543551]}, "properties": {"指标": "中学服务半径覆盖率（%）", "中类": "公服设施", "board": "民生基础需求", "类": "公服设施"}}, {"type": "Feature", "geometry": {"type": "Point", "coordinates": [111.30780624838351, 30.704595336454183]}, "properties": {"指标": "中学服务半径覆盖率（%）", "中类": "公服设施", "board": "民生基础需求", "类": "公服设施"}}, {"type": "Feature", "geometry": {"type": "Point", "coordinates": [111.31294852986818, 30.683314033512723]}, "properties": {"指标": "中学服务半径覆盖率（%）", "中类": "公服设施", "board": "民生基础需求", "类": "公服设施"}}, {"type": "Feature", "geometry": {"type": "Point", "coordinates": [111.31199575387002, 30.681563801265618]}, "properties": {"指标": "中学服务半径覆盖率（%）", "中类": "公服设施", "board": "民生基础需求", "类": "公服设施"}}, {"type": "Feature", "geometry": {"type": "Point", "coordinates": [111.31261241933531, 30.687416937291314]}, "properties": {"指标": "中学服务半径覆盖率（%）", "中类": "公服设施", "board": "民生基础需求", "类": "公服设施"}}, {"type": "Feature", "geometry": {"type": "Point", "coordinates": [111.28250708152817, 30.693864219867855]}, "properties": {"指标": "中学服务半径覆盖率（%）", "中类": "公服设施", "board": "民生基础需求", "类": "公服设施"}}, {"type": "Feature", "geometry": {"type": "Point", "coordinates": [111.28411190466993, 30.694046019525615]}, "properties": {"指标": "中学服务半径覆盖率（%）", "中类": "公服设施", "board": "民生基础需求", "类": "公服设施"}}, {"type": "Feature", "geometry": {"type": "Point", "coordinates": [111.28482182749225, 30.71478047891148]}, "properties": {"指标": "中学服务半径覆盖率（%）", "中类": "公服设施", "board": "民生基础需求", "类": "公服设施"}}, {"type": "Feature", "geometry": {"type": "Point", "coordinates": [111.30777347262985, 30.70847351355041]}, "properties": {"指标": "中学服务半径覆盖率（%）", "中类": "公服设施", "board": "民生基础需求", "类": "公服设施"}}, {"type": "Feature", "geometry": {"type": "Point", "coordinates": [111.3117868076127, 30.707460017648668]}, "properties": {"指标": "中学服务半径覆盖率（%）", "中类": "公服设施", "board": "民生基础需求", "类": "公服设施"}}, {"type": "Feature", "geometry": {"type": "Point", "coordinates": [111.30997830755977, 30.705406294146584]}, "properties": {"指标": "中学服务半径覆盖率（%）", "中类": "公服设施", "board": "民生基础需求", "类": "公服设施"}}, {"type": "Feature", "geometry": {"type": "Point", "coordinates": [111.31442545869227, 30.708538089658482]}, "properties": {"指标": "中学服务半径覆盖率（%）", "中类": "公服设施", "board": "民生基础需求", "类": "公服设施"}}, {"type": "Feature", "geometry": {"type": "Point", "coordinates": [111.31052758281417, 30.689736858996884]}, "properties": {"指标": "中学服务半径覆盖率（%）", "中类": "公服设施", "board": "民生基础需求", "类": "公服设施"}}, {"type": "Feature", "geometry": {"type": "Point", "coordinates": [111.29001657371887, 30.725300827745787]}, "properties": {"指标": "中学服务半径覆盖率（%）", "中类": "公服设施", "board": "民生基础需求", "类": "公服设施"}}, {"type": "Feature", "geometry": {"type": "Point", "coordinates": [111.27956738033994, 30.701232976522547]}, "properties": {"指标": "中学服务半径覆盖率（%）", "中类": "公服设施", "board": "民生基础需求", "类": "公服设施"}}, {"type": "Feature", "geometry": {"type": "Point", "coordinates": [111.29055593955614, 30.709602852906375]}, "properties": {"指标": "中学服务半径覆盖率（%）", "中类": "公服设施", "board": "民生基础需求", "类": "公服设施"}}, {"type": "Feature", "geometry": {"type": "Point", "coordinates": [111.2938107258694, 30.730848581444274]}, "properties": {"指标": "中学服务半径覆盖率（%）", "中类": "公服设施", "board": "民生基础需求", "类": "公服设施"}}, {"type": "Feature", "geometry": {"type": "Point", "coordinates": [111.2811029418223, 30.701524363638057]}, "properties": {"指标": "中学服务半径覆盖率（%）", "中类": "公服设施", "board": "民生基础需求", "类": "公服设施"}}, {"type": "Feature", "geometry": {"type": "Point", "coordinates": [111.2731394251634, 30.70595430227436]}, "properties": {"指标": "中学服务半径覆盖率（%）", "中类": "公服设施", "board": "民生基础需求", "类": "公服设施"}}, {"type": "Feature", "geometry": {"type": "Point", "coordinates": [111.29245569662234, 30.733166632009755]}, "properties": {"指标": "中学服务半径覆盖率（%）", "中类": "公服设施", "board": "民生基础需求", "类": "公服设施"}}, {"type": "Feature", "geometry": {"type": "Point", "coordinates": [111.29202137838195, 30.736229521370234]}, "properties": {"指标": "中学服务半径覆盖率（%）", "中类": "公服设施", "board": "民生基础需求", "类": "公服设施"}}, {"type": "Feature", "geometry": {"type": "Point", "coordinates": [111.28029376771943, 30.695151036308484]}, "properties": {"指标": "中学服务半径覆盖率（%）", "中类": "公服设施", "board": "民生基础需求", "类": "公服设施"}}, {"type": "Feature", "geometry": {"type": "Point", "coordinates": [111.2731221958491, 30.703588289256608]}, "properties": {"指标": "中学服务半径覆盖率（%）", "中类": "公服设施", "board": "民生基础需求", "类": "公服设施"}}, {"type": "Feature", "geometry": {"type": "Point", "coordinates": [111.28488361995085, 30.699530360376855]}, "properties": {"指标": "中学服务半径覆盖率（%）", "中类": "公服设施", "board": "民生基础需求", "类": "公服设施"}}, {"type": "Feature", "geometry": {"type": "Point", "coordinates": [111.31183108875277, 30.748221549911896]}, "properties": {"指标": "中学服务半径覆盖率（%）", "中类": "公服设施", "board": "民生基础需求", "类": "公服设施"}}, {"type": "Feature", "geometry": {"type": "Point", "coordinates": [111.28459515490039, 30.724198351765317]}, "properties": {"指标": "中学服务半径覆盖率（%）", "中类": "公服设施", "board": "民生基础需求", "类": "公服设施"}}, {"type": "Feature", "geometry": {"type": "Point", "coordinates": [111.27547923311529, 30.72359136952593]}, "properties": {"指标": "中学服务半径覆盖率（%）", "中类": "公服设施", "board": "民生基础需求", "类": "公服设施"}}, {"type": "Feature", "geometry": {"type": "Point", "coordinates": [111.31244443958705, 30.747708505921118]}, "properties": {"指标": "中学服务半径覆盖率（%）", "中类": "公服设施", "board": "民生基础需求", "类": "公服设施"}}, {"type": "Feature", "geometry": {"type": "Point", "coordinates": [111.28628545601524, 30.729677726557806]}, "properties": {"指标": "中学服务半径覆盖率（%）", "中类": "公服设施", "board": "民生基础需求", "类": "公服设施"}}, {"type": "Feature", "geometry": {"type": "Point", "coordinates": [111.30614904947417, 30.70940425364662]}, "properties": {"指标": "中学服务半径覆盖率（%）", "中类": "公服设施", "board": "民生基础需求", "类": "公服设施"}}, {"type": "Feature", "geometry": {"type": "Point", "coordinates": [111.27425691211009, 30.721439239682727]}, "properties": {"指标": "中学服务半径覆盖率（%）", "中类": "公服设施", "board": "民生基础需求", "类": "公服设施"}}, {"type": "Feature", "geometry": {"type": "Point", "coordinates": [111.27591277803363, 30.7220402239234]}, "properties": {"指标": "中学服务半径覆盖率（%）", "中类": "公服设施", "board": "民生基础需求", "类": "公服设施"}}, {"type": "Feature", "geometry": {"type": "Point", "coordinates": [111.28753698647226, 30.7069100375318]}, "properties": {"指标": "中学服务半径覆盖率（%）", "中类": "公服设施", "board": "民生基础需求", "类": "公服设施"}}, {"type": "Feature", "geometry": {"type": "Point", "coordinates": [111.31289249137465, 30.713599876244206]}, "properties": {"指标": "中学服务半径覆盖率（%）", "中类": "公服设施", "board": "民生基础需求", "类": "公服设施"}}, {"type": "Feature", "geometry": {"type": "Point", "coordinates": [111.29494924607124, 30.726688690844853]}, "properties": {"指标": "中学服务半径覆盖率（%）", "中类": "公服设施", "board": "民生基础需求", "类": "公服设施"}}, {"type": "Feature", "geometry": {"type": "Point", "coordinates": [111.28139528151354, 30.71902366092704]}, "properties": {"指标": "中学服务半径覆盖率（%）", "中类": "公服设施", "board": "民生基础需求", "类": "公服设施"}}, {"type": "Feature", "geometry": {"type": "Point", "coordinates": [111.30983565489194, 30.744417816603637]}, "properties": {"指标": "中学服务半径覆盖率（%）", "中类": "公服设施", "board": "民生基础需求", "类": "公服设施"}}, {"type": "Feature", "geometry": {"type": "Point", "coordinates": [111.30199903585921, 30.713301557099513]}, "properties": {"指标": "中学服务半径覆盖率（%）", "中类": "公服设施", "board": "民生基础需求", "类": "公服设施"}}, {"type": "Feature", "geometry": {"type": "Point", "coordinates": [111.28967851579196, 30.707323796715684]}, "properties": {"指标": "中学服务半径覆盖率（%）", "中类": "公服设施", "board": "民生基础需求", "类": "公服设施"}}, {"type": "Feature", "geometry": {"type": "Point", "coordinates": [111.29169425261517, 30.717428045798137]}, "properties": {"指标": "中学服务半径覆盖率（%）", "中类": "公服设施", "board": "民生基础需求", "类": "公服设施"}}, {"type": "Feature", "geometry": {"type": "Point", "coordinates": [111.26947237653059, 30.71783604497124]}, "properties": {"指标": "中学服务半径覆盖率（%）", "中类": "公服设施", "board": "民生基础需求", "类": "公服设施"}}, {"type": "Feature", "geometry": {"type": "Point", "coordinates": [111.28281687983139, 30.72130426544215]}, "properties": {"指标": "中学服务半径覆盖率（%）", "中类": "公服设施", "board": "民生基础需求", "类": "公服设施"}}, {"type": "Feature", "geometry": {"type": "Point", "coordinates": [111.2899695926957, 30.71686295962077]}, "properties": {"指标": "中学服务半径覆盖率（%）", "中类": "公服设施", "board": "民生基础需求", "类": "公服设施"}}, {"type": "Feature", "geometry": {"type": "Point", "coordinates": [111.27344433658595, 30.71050931180576]}, "properties": {"指标": "中学服务半径覆盖率（%）", "中类": "公服设施", "board": "民生基础需求", "类": "公服设施"}}, {"type": "Feature", "geometry": {"type": "Point", "coordinates": [111.2726424742223, 30.70557612606853]}, "properties": {"指标": "中学服务半径覆盖率（%）", "中类": "公服设施", "board": "民生基础需求", "类": "公服设施"}}, {"type": "Feature", "geometry": {"type": "Point", "coordinates": [111.31236515660012, 30.74984822615916]}, "properties": {"指标": "中学服务半径覆盖率（%）", "中类": "公服设施", "board": "民生基础需求", "类": "公服设施"}}, {"type": "Feature", "geometry": {"type": "Point", "coordinates": [111.28992412840248, 30.701788506306]}, "properties": {"指标": "中学服务半径覆盖率（%）", "中类": "公服设施", "board": "民生基础需求", "类": "公服设施"}}, {"type": "Feature", "geometry": {"type": "Point", "coordinates": [111.29452268385533, 30.69928614849102]}, "properties": {"指标": "中学服务半径覆盖率（%）", "中类": "公服设施", "board": "民生基础需求", "类": "公服设施"}}, {"type": "Feature", "geometry": {"type": "Point", "coordinates": [111.29699380212921, 30.70879368918957]}, "properties": {"指标": "中学服务半径覆盖率（%）", "中类": "公服设施", "board": "民生基础需求", "类": "公服设施"}}, {"type": "Feature", "geometry": {"type": "Point", "coordinates": [111.2740306932405, 30.71865525627773]}, "properties": {"指标": "中学服务半径覆盖率（%）", "中类": "公服设施", "board": "民生基础需求", "类": "公服设施"}}, {"type": "Feature", "geometry": {"type": "Point", "coordinates": [111.30920273773037, 30.74381632069404]}, "properties": {"指标": "中学服务半径覆盖率（%）", "中类": "公服设施", "board": "民生基础需求", "类": "公服设施"}}, {"type": "Feature", "geometry": {"type": "Point", "coordinates": [111.30398492179782, 30.692867426570007]}, "properties": {"指标": "中学服务半径覆盖率（%）", "中类": "公服设施", "board": "民生基础需求", "类": "公服设施"}}, {"type": "Feature", "geometry": {"type": "Point", "coordinates": [111.28725844643725, 30.7237853253663]}, "properties": {"指标": "中学服务半径覆盖率（%）", "中类": "公服设施", "board": "民生基础需求", "类": "公服设施"}}, {"type": "Feature", "geometry": {"type": "Point", "coordinates": [111.28458128027188, 30.69257112614656]}, "properties": {"指标": "中学服务半径覆盖率（%）", "中类": "公服设施", "board": "民生基础需求", "类": "公服设施"}}, {"type": "Feature", "geometry": {"type": "Point", "coordinates": [111.27471485003359, 30.707306033869962]}, "properties": {"指标": "中学服务半径覆盖率（%）", "中类": "公服设施", "board": "民生基础需求", "类": "公服设施"}}, {"type": "Feature", "geometry": {"type": "Point", "coordinates": [111.28226943867892, 30.696959569340983]}, "properties": {"指标": "中学服务半径覆盖率（%）", "中类": "公服设施", "board": "民生基础需求", "类": "公服设施"}}, {"type": "Feature", "geometry": {"type": "Point", "coordinates": [111.3129320601151, 30.710861488273164]}, "properties": {"指标": "中学服务半径覆盖率（%）", "中类": "公服设施", "board": "民生基础需求", "类": "公服设施"}}, {"type": "Feature", "geometry": {"type": "Point", "coordinates": [111.28826262869178, 30.714172602419715]}, "properties": {"指标": "中学服务半径覆盖率（%）", "中类": "公服设施", "board": "民生基础需求", "类": "公服设施"}}, {"type": "Feature", "geometry": {"type": "Point", "coordinates": [111.3008816940312, 30.70556048029237]}, "properties": {"指标": "中学服务半径覆盖率（%）", "中类": "公服设施", "board": "民生基础需求", "类": "公服设施"}}, {"type": "Feature", "geometry": {"type": "Point", "coordinates": [111.28291267439323, 30.72492957327709]}, "properties": {"指标": "中学服务半径覆盖率（%）", "中类": "公服设施", "board": "民生基础需求", "类": "公服设施"}}, {"type": "Feature", "geometry": {"type": "Point", "coordinates": [111.28827443419513, 30.73056075288639]}, "properties": {"指标": "中学服务半径覆盖率（%）", "中类": "公服设施", "board": "民生基础需求", "类": "公服设施"}}, {"type": "Feature", "geometry": {"type": "Point", "coordinates": [111.2807491840066, 30.704643882387657]}, "properties": {"指标": "中学服务半径覆盖率（%）", "中类": "公服设施", "board": "民生基础需求", "类": "公服设施"}}, {"type": "Feature", "geometry": {"type": "Point", "coordinates": [111.28518836108717, 30.693481967246694]}, "properties": {"指标": "中学服务半径覆盖率（%）", "中类": "公服设施", "board": "民生基础需求", "类": "公服设施"}}, {"type": "Feature", "geometry": {"type": "Point", "coordinates": [111.29207130755427, 30.71272070511475]}, "properties": {"指标": "中学服务半径覆盖率（%）", "中类": "公服设施", "board": "民生基础需求", "类": "公服设施"}}, {"type": "Feature", "geometry": {"type": "Point", "coordinates": [111.30124237387386, 30.698361247386742]}, "properties": {"指标": "中学服务半径覆盖率（%）", "中类": "公服设施", "board": "民生基础需求", "类": "公服设施"}}, {"type": "Feature", "geometry": {"type": "Point", "coordinates": [111.29884315848321, 30.70019426203292]}, "properties": {"指标": "中学服务半径覆盖率（%）", "中类": "公服设施", "board": "民生基础需求", "类": "公服设施"}}, {"type": "Feature", "geometry": {"type": "Point", "coordinates": [111.28181494056886, 30.700009119975416]}, "properties": {"指标": "中学服务半径覆盖率（%）", "中类": "公服设施", "board": "民生基础需求", "类": "公服设施"}}, {"type": "Feature", "geometry": {"type": "Point", "coordinates": [111.2870039660946, 30.717050841333727]}, "properties": {"指标": "中学服务半径覆盖率（%）", "中类": "公服设施", "board": "民生基础需求", "类": "公服设施"}}, {"type": "Feature", "geometry": {"type": "Point", "coordinates": [111.28753804952072, 30.712143987348423]}, "properties": {"指标": "中学服务半径覆盖率（%）", "中类": "公服设施", "board": "民生基础需求", "类": "公服设施"}}, {"type": "Feature", "geometry": {"type": "Point", "coordinates": [111.2858901181698, 30.726262412683095]}, "properties": {"指标": "中学服务半径覆盖率（%）", "中类": "公服设施", "board": "民生基础需求", "类": "公服设施"}}, {"type": "Feature", "geometry": {"type": "Point", "coordinates": [111.27240287245097, 30.70721363546438]}, "properties": {"指标": "中学服务半径覆盖率（%）", "中类": "公服设施", "board": "民生基础需求", "类": "公服设施"}}, {"type": "Feature", "geometry": {"type": "Point", "coordinates": [111.27145276617136, 30.720541970435182]}, "properties": {"指标": "中学服务半径覆盖率（%）", "中类": "公服设施", "board": "民生基础需求", "类": "公服设施"}}, {"type": "Feature", "geometry": {"type": "Point", "coordinates": [111.27929832039058, 30.703310349534387]}, "properties": {"指标": "中学服务半径覆盖率（%）", "中类": "公服设施", "board": "民生基础需求", "类": "公服设施"}}, {"type": "Feature", "geometry": {"type": "Point", "coordinates": [111.29149366107632, 30.710689134848483]}, "properties": {"指标": "中学服务半径覆盖率（%）", "中类": "公服设施", "board": "民生基础需求", "类": "公服设施"}}, {"type": "Feature", "geometry": {"type": "Point", "coordinates": [111.30037873407538, 30.711996209592254]}, "properties": {"指标": "中学服务半径覆盖率（%）", "中类": "公服设施", "board": "民生基础需求", "类": "公服设施"}}, {"type": "Feature", "geometry": {"type": "Point", "coordinates": [111.29735373145928, 30.71274124444903]}, "properties": {"指标": "中学服务半径覆盖率（%）", "中类": "公服设施", "board": "民生基础需求", "类": "公服设施"}}, {"type": "Feature", "geometry": {"type": "Point", "coordinates": [111.27871228464574, 30.7092418411487]}, "properties": {"指标": "中学服务半径覆盖率（%）", "中类": "公服设施", "board": "民生基础需求", "类": "公服设施"}}, {"type": "Feature", "geometry": {"type": "Point", "coordinates": [111.27446941339964, 30.72466954151574]}, "properties": {"指标": "中学服务半径覆盖率（%）", "中类": "公服设施", "board": "民生基础需求", "类": "公服设施"}}, {"type": "Feature", "geometry": {"type": "Point", "coordinates": [111.27492729499292, 30.704014575124358]}, "properties": {"指标": "中学服务半径覆盖率（%）", "中类": "公服设施", "board": "民生基础需求", "类": "公服设施"}}, {"type": "Feature", "geometry": {"type": "Point", "coordinates": [111.29331990746408, 30.73640642687002]}, "properties": {"指标": "中学服务半径覆盖率（%）", "中类": "公服设施", "board": "民生基础需求", "类": "公服设施"}}, {"type": "Feature", "geometry": {"type": "Point", "coordinates": [111.28129730935233, 30.72231829979912]}, "properties": {"指标": "中学服务半径覆盖率（%）", "中类": "公服设施", "board": "民生基础需求", "类": "公服设施"}}, {"type": "Feature", "geometry": {"type": "Point", "coordinates": [111.29969115301644, 30.70307837655014]}, "properties": {"指标": "中学服务半径覆盖率（%）", "中类": "公服设施", "board": "民生基础需求", "类": "公服设施"}}, {"type": "Feature", "geometry": {"type": "Point", "coordinates": [111.31164314675367, 30.715570179296176]}, "properties": {"指标": "中学服务半径覆盖率（%）", "中类": "公服设施", "board": "民生基础需求", "类": "公服设施"}}, {"type": "Feature", "geometry": {"type": "Point", "coordinates": [111.27666606417307, 30.7162021565272]}, "properties": {"指标": "中学服务半径覆盖率（%）", "中类": "公服设施", "board": "民生基础需求", "类": "公服设施"}}, {"type": "Feature", "geometry": {"type": "Point", "coordinates": [111.27615635531231, 30.704067972347644]}, "properties": {"指标": "中学服务半径覆盖率（%）", "中类": "公服设施", "board": "民生基础需求", "类": "公服设施"}}, {"type": "Feature", "geometry": {"type": "Point", "coordinates": [111.28728926077268, 30.719554908603467]}, "properties": {"指标": "中学服务半径覆盖率（%）", "中类": "公服设施", "board": "民生基础需求", "类": "公服设施"}}, {"type": "Feature", "geometry": {"type": "Point", "coordinates": [111.28273406244715, 30.709054762549027]}, "properties": {"指标": "中学服务半径覆盖率（%）", "中类": "公服设施", "board": "民生基础需求", "类": "公服设施"}}, {"type": "Feature", "geometry": {"type": "Point", "coordinates": [111.29509636572587, 30.715255586050528]}, "properties": {"指标": "中学服务半径覆盖率（%）", "中类": "公服设施", "board": "民生基础需求", "类": "公服设施"}}, {"type": "Feature", "geometry": {"type": "Point", "coordinates": [111.28097415890473, 30.69680279709485]}, "properties": {"指标": "中学服务半径覆盖率（%）", "中类": "公服设施", "board": "民生基础需求", "类": "公服设施"}}, {"type": "Feature", "geometry": {"type": "Point", "coordinates": [111.31434915244782, 30.715143949897513]}, "properties": {"指标": "中学服务半径覆盖率（%）", "中类": "公服设施", "board": "民生基础需求", "类": "公服设施"}}, {"type": "Feature", "geometry": {"type": "Point", "coordinates": [111.28386448265009, 30.69326783347394]}, "properties": {"指标": "中学服务半径覆盖率（%）", "中类": "公服设施", "board": "民生基础需求", "类": "公服设施"}}, {"type": "Feature", "geometry": {"type": "Point", "coordinates": [111.2923247797254, 30.70782828824152]}, "properties": {"指标": "中学服务半径覆盖率（%）", "中类": "公服设施", "board": "民生基础需求", "类": "公服设施"}}, {"type": "Feature", "geometry": {"type": "Point", "coordinates": [111.27403619778306, 30.701018124068046]}, "properties": {"指标": "中学服务半径覆盖率（%）", "中类": "公服设施", "board": "民生基础需求", "类": "公服设施"}}, {"type": "Feature", "geometry": {"type": "Point", "coordinates": [111.28683744959082, 30.70625433888377]}, "properties": {"指标": "中学服务半径覆盖率（%）", "中类": "公服设施", "board": "民生基础需求", "类": "公服设施"}}, {"type": "Feature", "geometry": {"type": "Point", "coordinates": [111.30086390735404, 30.702589819472916]}, "properties": {"指标": "中学服务半径覆盖率（%）", "中类": "公服设施", "board": "民生基础需求", "类": "公服设施"}}, {"type": "Feature", "geometry": {"type": "Point", "coordinates": [111.28084996456393, 30.70582993268572]}, "properties": {"指标": "中学服务半径覆盖率（%）", "中类": "公服设施", "board": "民生基础需求", "类": "公服设施"}}, {"type": "Feature", "geometry": {"type": "Point", "coordinates": [111.27672500537838, 30.701799152687304]}, "properties": {"指标": "中学服务半径覆盖率（%）", "中类": "公服设施", "board": "民生基础需求", "类": "公服设施"}}, {"type": "Feature", "geometry": {"type": "Point", "coordinates": [111.28463760687424, 30.717581575905122]}, "properties": {"指标": "中学服务半径覆盖率（%）", "中类": "公服设施", "board": "民生基础需求", "类": "公服设施"}}, {"type": "Feature", "geometry": {"type": "Point", "coordinates": [111.29574746202064, 30.708561278948967]}, "properties": {"指标": "中学服务半径覆盖率（%）", "中类": "公服设施", "board": "民生基础需求", "类": "公服设施"}}, {"type": "Feature", "geometry": {"type": "Point", "coordinates": [111.29677031246602, 30.699191463994772]}, "properties": {"指标": "中学服务半径覆盖率（%）", "中类": "公服设施", "board": "民生基础需求", "类": "公服设施"}}, {"type": "Feature", "geometry": {"type": "Point", "coordinates": [111.299256133443, 30.696163871666066]}, "properties": {"指标": "中学服务半径覆盖率（%）", "中类": "公服设施", "board": "民生基础需求", "类": "公服设施"}}, {"type": "Feature", "geometry": {"type": "Point", "coordinates": [111.2888637022219, 30.703263875073816]}, "properties": {"指标": "中学服务半径覆盖率（%）", "中类": "公服设施", "board": "民生基础需求", "类": "公服设施"}}, {"type": "Feature", "geometry": {"type": "Point", "coordinates": [111.28434816718733, 30.727357261663304]}, "properties": {"指标": "中学服务半径覆盖率（%）", "中类": "公服设施", "board": "民生基础需求", "类": "公服设施"}}, {"type": "Feature", "geometry": {"type": "Point", "coordinates": [111.28713207926332, 30.70750898067726]}, "properties": {"指标": "中学服务半径覆盖率（%）", "中类": "公服设施", "board": "民生基础需求", "类": "公服设施"}}, {"type": "Feature", "geometry": {"type": "Point", "coordinates": [111.27469717519517, 30.719841044342925]}, "properties": {"指标": "中学服务半径覆盖率（%）", "中类": "公服设施", "board": "民生基础需求", "类": "公服设施"}}, {"type": "Feature", "geometry": {"type": "Point", "coordinates": [111.2793261264593, 30.704954079268916]}, "properties": {"指标": "中学服务半径覆盖率（%）", "中类": "公服设施", "board": "民生基础需求", "类": "公服设施"}}, {"type": "Feature", "geometry": {"type": "Point", "coordinates": [111.27257897366668, 30.71805343725666]}, "properties": {"指标": "中学服务半径覆盖率（%）", "中类": "公服设施", "board": "民生基础需求", "类": "公服设施"}}, {"type": "Feature", "geometry": {"type": "Point", "coordinates": [111.27278891431321, 30.71956692646961]}, "properties": {"指标": "中学服务半径覆盖率（%）", "中类": "公服设施", "board": "民生基础需求", "类": "公服设施"}}, {"type": "Feature", "geometry": {"type": "Point", "coordinates": [111.27962580435715, 30.697896623992538]}, "properties": {"指标": "中学服务半径覆盖率（%）", "中类": "公服设施", "board": "民生基础需求", "类": "公服设施"}}, {"type": "Feature", "geometry": {"type": "Point", "coordinates": [111.30958424587142, 30.684113824326452]}, "properties": {"指标": "中学服务半径覆盖率（%）", "中类": "公服设施", "board": "民生基础需求", "类": "公服设施"}}, {"type": "Feature", "geometry": {"type": "Point", "coordinates": [111.29683647856098, 30.68547006844723]}, "properties": {"指标": "中学服务半径覆盖率（%）", "中类": "公服设施", "board": "民生基础需求", "类": "公服设施"}}, {"type": "Feature", "geometry": {"type": "Point", "coordinates": [111.29712830721226, 30.687520028002943]}, "properties": {"指标": "中学服务半径覆盖率（%）", "中类": "公服设施", "board": "民生基础需求", "类": "公服设施"}}, {"type": "Feature", "geometry": {"type": "Point", "coordinates": [111.30446135063454, 30.689715945716387]}, "properties": {"指标": "中学服务半径覆盖率（%）", "中类": "公服设施", "board": "民生基础需求", "类": "公服设施"}}, {"type": "Feature", "geometry": {"type": "Point", "coordinates": [111.32423144143473, 30.67289298664077]}, "properties": {"指标": "中学服务半径覆盖率（%）", "中类": "公服设施", "board": "民生基础需求", "类": "公服设施"}}, {"type": "Feature", "geometry": {"type": "Point", "coordinates": [111.39296560877803, 30.651119608518435]}, "properties": {"指标": "中学服务半径覆盖率（%）", "中类": "公服设施", "board": "民生基础需求", "类": "公服设施"}}, {"type": "Feature", "geometry": {"type": "Point", "coordinates": [111.34661557497314, 30.649243199541267]}, "properties": {"指标": "中学服务半径覆盖率（%）", "中类": "公服设施", "board": "民生基础需求", "类": "公服设施"}}, {"type": "Feature", "geometry": {"type": "Point", "coordinates": [111.33420664554235, 30.68592397089986]}, "properties": {"指标": "中学服务半径覆盖率（%）", "中类": "公服设施", "board": "民生基础需求", "类": "公服设施"}}, {"type": "Feature", "geometry": {"type": "Point", "coordinates": [111.34215687796976, 30.67977728538296]}, "properties": {"指标": "中学服务半径覆盖率（%）", "中类": "公服设施", "board": "民生基础需求", "类": "公服设施"}}, {"type": "Feature", "geometry": {"type": "Point", "coordinates": [111.3672857061514, 30.64878638160323]}, "properties": {"指标": "中学服务半径覆盖率（%）", "中类": "公服设施", "board": "民生基础需求", "类": "公服设施"}}, {"type": "Feature", "geometry": {"type": "Point", "coordinates": [111.38478155210178, 30.643226636172546]}, "properties": {"指标": "中学服务半径覆盖率（%）", "中类": "公服设施", "board": "民生基础需求", "类": "公服设施"}}, {"type": "Feature", "geometry": {"type": "Point", "coordinates": [111.365623254202, 30.653818457434774]}, "properties": {"指标": "中学服务半径覆盖率（%）", "中类": "公服设施", "board": "民生基础需求", "类": "公服设施"}}, {"type": "Feature", "geometry": {"type": "Point", "coordinates": [111.34770066860169, 30.654617651689556]}, "properties": {"指标": "中学服务半径覆盖率（%）", "中类": "公服设施", "board": "民生基础需求", "类": "公服设施"}}, {"type": "Feature", "geometry": {"type": "Point", "coordinates": [111.2980038462651, 30.68480178124061]}, "properties": {"指标": "中学服务半径覆盖率（%）", "中类": "公服设施", "board": "民生基础需求", "类": "公服设施"}}, {"type": "Feature", "geometry": {"type": "Point", "coordinates": [111.37506675408252, 30.649674450179493]}, "properties": {"指标": "中学服务半径覆盖率（%）", "中类": "公服设施", "board": "民生基础需求", "类": "公服设施"}}, {"type": "Feature", "geometry": {"type": "Point", "coordinates": [111.3734220636611, 30.64902755023982]}, "properties": {"指标": "中学服务半径覆盖率（%）", "中类": "公服设施", "board": "民生基础需求", "类": "公服设施"}}, {"type": "Feature", "geometry": {"type": "Point", "coordinates": [111.37598084487571, 30.6510263823]}, "properties": {"指标": "中学服务半径覆盖率（%）", "中类": "公服设施", "board": "民生基础需求", "类": "公服设施"}}, {"type": "Feature", "geometry": {"type": "Point", "coordinates": [111.2806084392234, 30.699670283247443]}, "properties": {"指标": "中学服务半径覆盖率（%）", "中类": "公服设施", "board": "民生基础需求", "类": "公服设施"}}, {"type": "Feature", "geometry": {"type": "Point", "coordinates": [111.28885011860217, 30.717741899390838]}, "properties": {"指标": "中学服务半径覆盖率（%）", "中类": "公服设施", "board": "民生基础需求", "类": "公服设施"}}, {"type": "Feature", "geometry": {"type": "Point", "coordinates": [111.30190422003221, 30.693214597607668]}, "properties": {"指标": "中学服务半径覆盖率（%）", "中类": "公服设施", "board": "民生基础需求", "类": "公服设施"}}, {"type": "Feature", "geometry": {"type": "Point", "coordinates": [111.29359947570727, 30.724051899106758]}, "properties": {"指标": "中学服务半径覆盖率（%）", "中类": "公服设施", "board": "民生基础需求", "类": "公服设施"}}, {"type": "Feature", "geometry": {"type": "Point", "coordinates": [111.28294231036983, 30.701355110717067]}, "properties": {"指标": "中学服务半径覆盖率（%）", "中类": "公服设施", "board": "民生基础需求", "类": "公服设施"}}, {"type": "Feature", "geometry": {"type": "Point", "coordinates": [111.29104541050599, 30.72226138102064]}, "properties": {"指标": "中学服务半径覆盖率（%）", "中类": "公服设施", "board": "民生基础需求", "类": "公服设施"}}, {"type": "Feature", "geometry": {"type": "Point", "coordinates": [111.27159960246661, 30.724749134080707]}, "properties": {"指标": "中学服务半径覆盖率（%）", "中类": "公服设施", "board": "民生基础需求", "类": "公服设施"}}, {"type": "Feature", "geometry": {"type": "Point", "coordinates": [111.30502571508906, 30.715997589487777]}, "properties": {"指标": "中学服务半径覆盖率（%）", "中类": "公服设施", "board": "民生基础需求", "类": "公服设施"}}, {"type": "Feature", "geometry": {"type": "Point", "coordinates": [111.30919414505549, 30.71210946382489]}, "properties": {"指标": "中学服务半径覆盖率（%）", "中类": "公服设施", "board": "民生基础需求", "类": "公服设施"}}, {"type": "Feature", "geometry": {"type": "Point", "coordinates": [111.27727611112672, 30.697873980353346]}, "properties": {"指标": "中学服务半径覆盖率（%）", "中类": "公服设施", "board": "民生基础需求", "类": "公服设施"}}, {"type": "Feature", "geometry": {"type": "Point", "coordinates": [111.27735069893642, 30.69710622412573]}, "properties": {"指标": "中学服务半径覆盖率（%）", "中类": "公服设施", "board": "民生基础需求", "类": "公服设施"}}, {"type": "Feature", "geometry": {"type": "Point", "coordinates": [111.30286505405897, 30.731280077767863]}, "properties": {"指标": "中学服务半径覆盖率（%）", "中类": "公服设施", "board": "民生基础需求", "类": "公服设施"}}, {"type": "Feature", "geometry": {"type": "Point", "coordinates": [111.2924673516182, 30.695234026403465]}, "properties": {"指标": "中学服务半径覆盖率（%）", "中类": "公服设施", "board": "民生基础需求", "类": "公服设施"}}, {"type": "Feature", "geometry": {"type": "Point", "coordinates": [111.28594350685806, 30.703060355447466]}, "properties": {"指标": "中学服务半径覆盖率（%）", "中类": "公服设施", "board": "民生基础需求", "类": "公服设施"}}, {"type": "Feature", "geometry": {"type": "Point", "coordinates": [111.28110937847276, 30.69765077784001]}, "properties": {"指标": "中学服务半径覆盖率（%）", "中类": "公服设施", "board": "民生基础需求", "类": "公服设施"}}, {"type": "Feature", "geometry": {"type": "Point", "coordinates": [111.27621224358221, 30.72401488743706]}, "properties": {"指标": "中学服务半径覆盖率（%）", "中类": "公服设施", "board": "民生基础需求", "类": "公服设施"}}, {"type": "Feature", "geometry": {"type": "Point", "coordinates": [111.29375274007054, 30.707573851370224]}, "properties": {"指标": "中学服务半径覆盖率（%）", "中类": "公服设施", "board": "民生基础需求", "类": "公服设施"}}, {"type": "Feature", "geometry": {"type": "Point", "coordinates": [111.29423179670637, 30.707988819925045]}, "properties": {"指标": "中学服务半径覆盖率（%）", "中类": "公服设施", "board": "民生基础需求", "类": "公服设施"}}, {"type": "Feature", "geometry": {"type": "Point", "coordinates": [111.27980514625798, 30.695842479465323]}, "properties": {"指标": "中学服务半径覆盖率（%）", "中类": "公服设施", "board": "民生基础需求", "类": "公服设施"}}, {"type": "Feature", "geometry": {"type": "Point", "coordinates": [111.28461799778286, 30.695532496077796]}, "properties": {"指标": "中学服务半径覆盖率（%）", "中类": "公服设施", "board": "民生基础需求", "类": "公服设施"}}, {"type": "Feature", "geometry": {"type": "Point", "coordinates": [111.28379013770764, 30.696050058186017]}, "properties": {"指标": "中学服务半径覆盖率（%）", "中类": "公服设施", "board": "民生基础需求", "类": "公服设施"}}, {"type": "Feature", "geometry": {"type": "Point", "coordinates": [111.30023869552258, 30.733519889504894]}, "properties": {"指标": "中学服务半径覆盖率（%）", "中类": "公服设施", "board": "民生基础需求", "类": "公服设施"}}, {"type": "Feature", "geometry": {"type": "Point", "coordinates": [111.28351676665072, 30.698572510904203]}, "properties": {"指标": "中学服务半径覆盖率（%）", "中类": "公服设施", "board": "民生基础需求", "类": "公服设施"}}, {"type": "Feature", "geometry": {"type": "Point", "coordinates": [111.29352305351605, 30.71017150042836]}, "properties": {"指标": "中学服务半径覆盖率（%）", "中类": "公服设施", "board": "民生基础需求", "类": "公服设施"}}, {"type": "Feature", "geometry": {"type": "Point", "coordinates": [111.28000757748381, 30.72024237888383]}, "properties": {"指标": "中学服务半径覆盖率（%）", "中类": "公服设施", "board": "民生基础需求", "类": "公服设施"}}, {"type": "Feature", "geometry": {"type": "Point", "coordinates": [111.27641162441817, 30.707655582263225]}, "properties": {"指标": "中学服务半径覆盖率（%）", "中类": "公服设施", "board": "民生基础需求", "类": "公服设施"}}, {"type": "Feature", "geometry": {"type": "Point", "coordinates": [111.2820898288275, 30.702964641975804]}, "properties": {"指标": "中学服务半径覆盖率（%）", "中类": "公服设施", "board": "民生基础需求", "类": "公服设施"}}, {"type": "Feature", "geometry": {"type": "Point", "coordinates": [111.29153011368899, 30.707381293293565]}, "properties": {"指标": "中学服务半径覆盖率（%）", "中类": "公服设施", "board": "民生基础需求", "类": "公服设施"}}, {"type": "Feature", "geometry": {"type": "Point", "coordinates": [111.30731054992317, 30.716346171923007]}, "properties": {"指标": "中学服务半径覆盖率（%）", "中类": "公服设施", "board": "民生基础需求", "类": "公服设施"}}, {"type": "Feature", "geometry": {"type": "Point", "coordinates": [111.27271714854756, 30.722719971557535]}, "properties": {"指标": "中学服务半径覆盖率（%）", "中类": "公服设施", "board": "民生基础需求", "类": "公服设施"}}, {"type": "Feature", "geometry": {"type": "Point", "coordinates": [111.28323279965622, 30.718639805120045]}, "properties": {"指标": "中学服务半径覆盖率（%）", "中类": "公服设施", "board": "民生基础需求", "类": "公服设施"}}, {"type": "Feature", "geometry": {"type": "Point", "coordinates": [111.28505040180782, 30.7201992555317]}, "properties": {"指标": "中学服务半径覆盖率（%）", "中类": "公服设施", "board": "民生基础需求", "类": "公服设施"}}, {"type": "Feature", "geometry": {"type": "Point", "coordinates": [111.28516358238278, 30.70804065983276]}, "properties": {"指标": "中学服务半径覆盖率（%）", "中类": "公服设施", "board": "民生基础需求", "类": "公服设施"}}, {"type": "Feature", "geometry": {"type": "Point", "coordinates": [111.30356159976905, 30.702783600462322]}, "properties": {"指标": "中学服务半径覆盖率（%）", "中类": "公服设施", "board": "民生基础需求", "类": "公服设施"}}, {"type": "Feature", "geometry": {"type": "Point", "coordinates": [111.2908740446417, 30.73052542709151]}, "properties": {"指标": "中学服务半径覆盖率（%）", "中类": "公服设施", "board": "民生基础需求", "类": "公服设施"}}, {"type": "Feature", "geometry": {"type": "Point", "coordinates": [111.27564854887396, 30.705744669057236]}, "properties": {"指标": "中学服务半径覆盖率（%）", "中类": "公服设施", "board": "民生基础需求", "类": "公服设施"}}, {"type": "Feature", "geometry": {"type": "Point", "coordinates": [111.31738469162367, 30.71225844696935]}, "properties": {"指标": "中学服务半径覆盖率（%）", "中类": "公服设施", "board": "民生基础需求", "类": "公服设施"}}, {"type": "Feature", "geometry": {"type": "Point", "coordinates": [111.29084517459042, 30.700357768571426]}, "properties": {"指标": "中学服务半径覆盖率（%）", "中类": "公服设施", "board": "民生基础需求", "类": "公服设施"}}, {"type": "Feature", "geometry": {"type": "Point", "coordinates": [111.28618421712672, 30.722463528812302]}, "properties": {"指标": "中学服务半径覆盖率（%）", "中类": "公服设施", "board": "民生基础需求", "类": "公服设施"}}, {"type": "Feature", "geometry": {"type": "Point", "coordinates": [111.28183508555568, 30.699178055047874]}, "properties": {"指标": "中学服务半径覆盖率（%）", "中类": "公服设施", "board": "民生基础需求", "类": "公服设施"}}, {"type": "Feature", "geometry": {"type": "Point", "coordinates": [111.28285045192246, 30.71368603775104]}, "properties": {"指标": "中学服务半径覆盖率（%）", "中类": "公服设施", "board": "民生基础需求", "类": "公服设施"}}, {"type": "Feature", "geometry": {"type": "Point", "coordinates": [111.28733185902348, 30.72928963601037]}, "properties": {"指标": "中学服务半径覆盖率（%）", "中类": "公服设施", "board": "民生基础需求", "类": "公服设施"}}, {"type": "Feature", "geometry": {"type": "Point", "coordinates": [111.29086352216004, 30.71335008929125]}, "properties": {"指标": "中学服务半径覆盖率（%）", "中类": "公服设施", "board": "民生基础需求", "类": "公服设施"}}, {"type": "Feature", "geometry": {"type": "Point", "coordinates": [111.29367452233339, 30.727018264584352]}, "properties": {"指标": "中学服务半径覆盖率（%）", "中类": "公服设施", "board": "民生基础需求", "类": "公服设施"}}, {"type": "Feature", "geometry": {"type": "Point", "coordinates": [111.28275395678386, 30.695421124785454]}, "properties": {"指标": "中学服务半径覆盖率（%）", "中类": "公服设施", "board": "民生基础需求", "类": "公服设施"}}, {"type": "Feature", "geometry": {"type": "Point", "coordinates": [111.28870048968193, 30.696382851222122]}, "properties": {"指标": "中学服务半径覆盖率（%）", "中类": "公服设施", "board": "民生基础需求", "类": "公服设施"}}, {"type": "Feature", "geometry": {"type": "Point", "coordinates": [111.30758539817204, 30.746930571186954]}, "properties": {"指标": "中学服务半径覆盖率（%）", "中类": "公服设施", "board": "民生基础需求", "类": "公服设施"}}, {"type": "Feature", "geometry": {"type": "Point", "coordinates": [111.3025280479526, 30.732214128642724]}, "properties": {"指标": "中学服务半径覆盖率（%）", "中类": "公服设施", "board": "民生基础需求", "类": "公服设施"}}, {"type": "Feature", "geometry": {"type": "Point", "coordinates": [111.340373180417, 30.71455300753343]}, "properties": {"指标": "中学服务半径覆盖率（%）", "中类": "公服设施", "board": "民生基础需求", "类": "公服设施"}}, {"type": "Feature", "geometry": {"type": "Point", "coordinates": [111.29118179246291, 30.72359452040415]}, "properties": {"指标": "中学服务半径覆盖率（%）", "中类": "公服设施", "board": "民生基础需求", "类": "公服设施"}}, {"type": "Feature", "geometry": {"type": "Point", "coordinates": [111.28802688530762, 30.70951998046894]}, "properties": {"指标": "中学服务半径覆盖率（%）", "中类": "公服设施", "board": "民生基础需求", "类": "公服设施"}}, {"type": "Feature", "geometry": {"type": "Point", "coordinates": [111.33111264233479, 30.70987200044545]}, "properties": {"指标": "中学服务半径覆盖率（%）", "中类": "公服设施", "board": "民生基础需求", "类": "公服设施"}}, {"type": "Feature", "geometry": {"type": "Point", "coordinates": [111.32357051686246, 30.744418562330438]}, "properties": {"指标": "中学服务半径覆盖率（%）", "中类": "公服设施", "board": "民生基础需求", "类": "公服设施"}}, {"type": "Feature", "geometry": {"type": "Point", "coordinates": [111.27378218661552, 30.724295163229]}, "properties": {"指标": "中学服务半径覆盖率（%）", "中类": "公服设施", "board": "民生基础需求", "类": "公服设施"}}, {"type": "Feature", "geometry": {"type": "Point", "coordinates": [111.29763997844643, 30.705842745363245]}, "properties": {"指标": "中学服务半径覆盖率（%）", "中类": "公服设施", "board": "民生基础需求", "类": "公服设施"}}, {"type": "Feature", "geometry": {"type": "Point", "coordinates": [111.28906743629142, 30.72131310751033]}, "properties": {"指标": "中学服务半径覆盖率（%）", "中类": "公服设施", "board": "民生基础需求", "类": "公服设施"}}, {"type": "Feature", "geometry": {"type": "Point", "coordinates": [111.29996212043358, 30.728505474539567]}, "properties": {"指标": "中学服务半径覆盖率（%）", "中类": "公服设施", "board": "民生基础需求", "类": "公服设施"}}, {"type": "Feature", "geometry": {"type": "Point", "coordinates": [111.33800938741791, 30.719881771831982]}, "properties": {"指标": "中学服务半径覆盖率（%）", "中类": "公服设施", "board": "民生基础需求", "类": "公服设施"}}, {"type": "Feature", "geometry": {"type": "Point", "coordinates": [111.3287723742448, 30.73994225945099]}, "properties": {"指标": "中学服务半径覆盖率（%）", "中类": "公服设施", "board": "民生基础需求", "类": "公服设施"}}, {"type": "Feature", "geometry": {"type": "Point", "coordinates": [111.31676000838085, 30.710701143309727]}, "properties": {"指标": "中学服务半径覆盖率（%）", "中类": "公服设施", "board": "民生基础需求", "类": "公服设施"}}, {"type": "Feature", "geometry": {"type": "Point", "coordinates": [111.2951718260615, 30.718602198491634]}, "properties": {"指标": "中学服务半径覆盖率（%）", "中类": "公服设施", "board": "民生基础需求", "类": "公服设施"}}, {"type": "Feature", "geometry": {"type": "Point", "coordinates": [111.31345426507603, 30.719034364782875]}, "properties": {"指标": "中学服务半径覆盖率（%）", "中类": "公服设施", "board": "民生基础需求", "类": "公服设施"}}, {"type": "Feature", "geometry": {"type": "Point", "coordinates": [111.32918190043559, 30.73319734360493]}, "properties": {"指标": "中学服务半径覆盖率（%）", "中类": "公服设施", "board": "民生基础需求", "类": "公服设施"}}, {"type": "Feature", "geometry": {"type": "Point", "coordinates": [111.29419141620227, 30.734229756591297]}, "properties": {"指标": "中学服务半径覆盖率（%）", "中类": "公服设施", "board": "民生基础需求", "类": "公服设施"}}, {"type": "Feature", "geometry": {"type": "Point", "coordinates": [111.3263462122833, 30.753086428574033]}, "properties": {"指标": "中学服务半径覆盖率（%）", "中类": "公服设施", "board": "民生基础需求", "类": "公服设施"}}, {"type": "Feature", "geometry": {"type": "Point", "coordinates": [111.29364535981041, 30.73738536699278]}, "properties": {"指标": "中学服务半径覆盖率（%）", "中类": "公服设施", "board": "民生基础需求", "类": "公服设施"}}, {"type": "Feature", "geometry": {"type": "Point", "coordinates": [111.29738793521207, 30.73339529519058]}, "properties": {"指标": "中学服务半径覆盖率（%）", "中类": "公服设施", "board": "民生基础需求", "类": "公服设施"}}, {"type": "Feature", "geometry": {"type": "Point", "coordinates": [111.32611927869837, 30.74937092570448]}, "properties": {"指标": "中学服务半径覆盖率（%）", "中类": "公服设施", "board": "民生基础需求", "类": "公服设施"}}, {"type": "Feature", "geometry": {"type": "Point", "coordinates": [111.30514013669269, 30.701878924703472]}, "properties": {"指标": "中学服务半径覆盖率（%）", "中类": "公服设施", "board": "民生基础需求", "类": "公服设施"}}, {"type": "Feature", "geometry": {"type": "Point", "coordinates": [111.29292384309923, 30.734298753337043]}, "properties": {"指标": "中学服务半径覆盖率（%）", "中类": "公服设施", "board": "民生基础需求", "类": "公服设施"}}, {"type": "Feature", "geometry": {"type": "Point", "coordinates": [111.32581549887095, 30.74657656447913]}, "properties": {"指标": "中学服务半径覆盖率（%）", "中类": "公服设施", "board": "民生基础需求", "类": "公服设施"}}, {"type": "Feature", "geometry": {"type": "Point", "coordinates": [111.29487168405323, 30.737067679724696]}, "properties": {"指标": "中学服务半径覆盖率（%）", "中类": "公服设施", "board": "民生基础需求", "类": "公服设施"}}, {"type": "Feature", "geometry": {"type": "Point", "coordinates": [111.31926680417945, 30.74341457921686]}, "properties": {"指标": "中学服务半径覆盖率（%）", "中类": "公服设施", "board": "民生基础需求", "类": "公服设施"}}, {"type": "Feature", "geometry": {"type": "Point", "coordinates": [111.32565877183927, 30.747682601809675]}, "properties": {"指标": "中学服务半径覆盖率（%）", "中类": "公服设施", "board": "民生基础需求", "类": "公服设施"}}, {"type": "Feature", "geometry": {"type": "Point", "coordinates": [111.34242022736693, 30.69635994560375]}, "properties": {"指标": "中学服务半径覆盖率（%）", "中类": "公服设施", "board": "民生基础需求", "类": "公服设施"}}, {"type": "Feature", "geometry": {"type": "Point", "coordinates": [111.27865073719187, 30.715304234736607]}, "properties": {"指标": "中学服务半径覆盖率（%）", "中类": "公服设施", "board": "民生基础需求", "类": "公服设施"}}, {"type": "Feature", "geometry": {"type": "Point", "coordinates": [111.2850876539507, 30.704650558437443]}, "properties": {"指标": "中学服务半径覆盖率（%）", "中类": "公服设施", "board": "民生基础需求", "类": "公服设施"}}, {"type": "Feature", "geometry": {"type": "Point", "coordinates": [111.27476192358239, 30.70931390675207]}, "properties": {"指标": "中学服务半径覆盖率（%）", "中类": "公服设施", "board": "民生基础需求", "类": "公服设施"}}, {"type": "Feature", "geometry": {"type": "Point", "coordinates": [111.26836191160436, 30.70790862736136]}, "properties": {"指标": "中学服务半径覆盖率（%）", "中类": "公服设施", "board": "民生基础需求", "类": "公服设施"}}, {"type": "Feature", "geometry": {"type": "Point", "coordinates": [111.26831799848819, 30.712625514075835]}, "properties": {"指标": "中学服务半径覆盖率（%）", "中类": "公服设施", "board": "民生基础需求", "类": "公服设施"}}, {"type": "Feature", "geometry": {"type": "Point", "coordinates": [111.30492260069514, 30.720538573252146]}, "properties": {"指标": "中学服务半径覆盖率（%）", "中类": "公服设施", "board": "民生基础需求", "类": "公服设施"}}, {"type": "Feature", "geometry": {"type": "Point", "coordinates": [111.30491023553049, 30.71725920272039]}, "properties": {"指标": "中学服务半径覆盖率（%）", "中类": "公服设施", "board": "民生基础需求", "类": "公服设施"}}, {"type": "Feature", "geometry": {"type": "Point", "coordinates": [111.30486008944582, 30.71716929114644]}, "properties": {"指标": "中学服务半径覆盖率（%）", "中类": "公服设施", "board": "民生基础需求", "类": "公服设施"}}, {"type": "Feature", "geometry": {"type": "Point", "coordinates": [111.30491418391038, 30.718464931840053]}, "properties": {"指标": "中学服务半径覆盖率（%）", "中类": "公服设施", "board": "民生基础需求", "类": "公服设施"}}, {"type": "Feature", "geometry": {"type": "Point", "coordinates": [111.30505459141565, 30.716395611632013]}, "properties": {"指标": "中学服务半径覆盖率（%）", "中类": "公服设施", "board": "民生基础需求", "类": "公服设施"}}, {"type": "Feature", "geometry": {"type": "Point", "coordinates": [111.30969688961868, 30.746337066109117]}, "properties": {"指标": "中学服务半径覆盖率（%）", "中类": "公服设施", "board": "民生基础需求", "类": "公服设施"}}, {"type": "Feature", "geometry": {"type": "Point", "coordinates": [111.3193627619059, 30.738326596123557]}, "properties": {"指标": "中学服务半径覆盖率（%）", "中类": "公服设施", "board": "民生基础需求", "类": "公服设施"}}, {"type": "Feature", "geometry": {"type": "Point", "coordinates": [111.31746633229812, 30.748340898250966]}, "properties": {"指标": "中学服务半径覆盖率（%）", "中类": "公服设施", "board": "民生基础需求", "类": "公服设施"}}, {"type": "Feature", "geometry": {"type": "Point", "coordinates": [111.29760131889884, 30.717504135538384]}, "properties": {"指标": "中学服务半径覆盖率（%）", "中类": "公服设施", "board": "民生基础需求", "类": "公服设施"}}, {"type": "Feature", "geometry": {"type": "Point", "coordinates": [111.30440910715434, 30.704289731670308]}, "properties": {"指标": "中学服务半径覆盖率（%）", "中类": "公服设施", "board": "民生基础需求", "类": "公服设施"}}, {"type": "Feature", "geometry": {"type": "Point", "coordinates": [111.30697534338827, 30.750866578146464]}, "properties": {"指标": "中学服务半径覆盖率（%）", "中类": "公服设施", "board": "民生基础需求", "类": "公服设施"}}, {"type": "Feature", "geometry": {"type": "Point", "coordinates": [111.3094320778185, 30.743598765027315]}, "properties": {"指标": "中学服务半径覆盖率（%）", "中类": "公服设施", "board": "民生基础需求", "类": "公服设施"}}, {"type": "Feature", "geometry": {"type": "Point", "coordinates": [111.3180671041187, 30.743664667105627]}, "properties": {"指标": "中学服务半径覆盖率（%）", "中类": "公服设施", "board": "民生基础需求", "类": "公服设施"}}, {"type": "Feature", "geometry": {"type": "Point", "coordinates": [111.3279785582723, 30.74441207538606]}, "properties": {"指标": "中学服务半径覆盖率（%）", "中类": "公服设施", "board": "民生基础需求", "类": "公服设施"}}, {"type": "Feature", "geometry": {"type": "Point", "coordinates": [111.32244122312294, 30.730855327110877]}, "properties": {"指标": "中学服务半径覆盖率（%）", "中类": "公服设施", "board": "民生基础需求", "类": "公服设施"}}, {"type": "Feature", "geometry": {"type": "Point", "coordinates": [111.31698367818444, 30.744601624557912]}, "properties": {"指标": "中学服务半径覆盖率（%）", "中类": "公服设施", "board": "民生基础需求", "类": "公服设施"}}, {"type": "Feature", "geometry": {"type": "Point", "coordinates": [111.31955183609296, 30.74435893223047]}, "properties": {"指标": "中学服务半径覆盖率（%）", "中类": "公服设施", "board": "民生基础需求", "类": "公服设施"}}, {"type": "Feature", "geometry": {"type": "Point", "coordinates": [111.31962297696214, 30.74217817779879]}, "properties": {"指标": "中学服务半径覆盖率（%）", "中类": "公服设施", "board": "民生基础需求", "类": "公服设施"}}, {"type": "Feature", "geometry": {"type": "Point", "coordinates": [111.32287990534464, 30.736668773586178]}, "properties": {"指标": "中学服务半径覆盖率（%）", "中类": "公服设施", "board": "民生基础需求", "类": "公服设施"}}, {"type": "Feature", "geometry": {"type": "Point", "coordinates": [111.32226707425136, 30.734883759184576]}, "properties": {"指标": "中学服务半径覆盖率（%）", "中类": "公服设施", "board": "民生基础需求", "类": "公服设施"}}, {"type": "Feature", "geometry": {"type": "Point", "coordinates": [111.32456313232323, 30.735473070087508]}, "properties": {"指标": "中学服务半径覆盖率（%）", "中类": "公服设施", "board": "民生基础需求", "类": "公服设施"}}, {"type": "Feature", "geometry": {"type": "Point", "coordinates": [111.30667925105747, 30.75175205522204]}, "properties": {"指标": "中学服务半径覆盖率（%）", "中类": "公服设施", "board": "民生基础需求", "类": "公服设施"}}, {"type": "Feature", "geometry": {"type": "Point", "coordinates": [111.30716278827138, 30.751660954952943]}, "properties": {"指标": "中学服务半径覆盖率（%）", "中类": "公服设施", "board": "民生基础需求", "类": "公服设施"}}, {"type": "Feature", "geometry": {"type": "Point", "coordinates": [111.32382115843646, 30.74077167702845]}, "properties": {"指标": "中学服务半径覆盖率（%）", "中类": "公服设施", "board": "民生基础需求", "类": "公服设施"}}, {"type": "Feature", "geometry": {"type": "Point", "coordinates": [111.3287266767553, 30.733317444723053]}, "properties": {"指标": "中学服务半径覆盖率（%）", "中类": "公服设施", "board": "民生基础需求", "类": "公服设施"}}, {"type": "Feature", "geometry": {"type": "Point", "coordinates": [111.32643739010115, 30.731984199584048]}, "properties": {"指标": "中学服务半径覆盖率（%）", "中类": "公服设施", "board": "民生基础需求", "类": "公服设施"}}, {"type": "Feature", "geometry": {"type": "Point", "coordinates": [111.32458759370168, 30.731334880551213]}, "properties": {"指标": "中学服务半径覆盖率（%）", "中类": "公服设施", "board": "民生基础需求", "类": "公服设施"}}, {"type": "Feature", "geometry": {"type": "Point", "coordinates": [111.32268351879621, 30.745450559391937]}, "properties": {"指标": "中学服务半径覆盖率（%）", "中类": "公服设施", "board": "民生基础需求", "类": "公服设施"}}, {"type": "Feature", "geometry": {"type": "Point", "coordinates": [111.32947106808675, 30.73844422459856]}, "properties": {"指标": "中学服务半径覆盖率（%）", "中类": "公服设施", "board": "民生基础需求", "类": "公服设施"}}, {"type": "Feature", "geometry": {"type": "Point", "coordinates": [111.33739124414434, 30.72013909384458]}, "properties": {"指标": "中学服务半径覆盖率（%）", "中类": "公服设施", "board": "民生基础需求", "类": "公服设施"}}, {"type": "Feature", "geometry": {"type": "Point", "coordinates": [111.32200768242072, 30.73842776206661]}, "properties": {"指标": "中学服务半径覆盖率（%）", "中类": "公服设施", "board": "民生基础需求", "类": "公服设施"}}, {"type": "Feature", "geometry": {"type": "Point", "coordinates": [111.32129121335355, 30.740308208204038]}, "properties": {"指标": "中学服务半径覆盖率（%）", "中类": "公服设施", "board": "民生基础需求", "类": "公服设施"}}, {"type": "Feature", "geometry": {"type": "Point", "coordinates": [111.33070366429317, 30.70862832058448]}, "properties": {"指标": "中学服务半径覆盖率（%）", "中类": "公服设施", "board": "民生基础需求", "类": "公服设施"}}, {"type": "Feature", "geometry": {"type": "Point", "coordinates": [111.34445088919506, 30.696279941967347]}, "properties": {"指标": "中学服务半径覆盖率（%）", "中类": "公服设施", "board": "民生基础需求", "类": "公服设施"}}, {"type": "Feature", "geometry": {"type": "Point", "coordinates": [111.32153731439382, 30.73626342888118]}, "properties": {"指标": "中学服务半径覆盖率（%）", "中类": "公服设施", "board": "民生基础需求", "类": "公服设施"}}, {"type": "Feature", "geometry": {"type": "Point", "coordinates": [111.32048530880155, 30.745226040672335]}, "properties": {"指标": "中学服务半径覆盖率（%）", "中类": "公服设施", "board": "民生基础需求", "类": "公服设施"}}, {"type": "Feature", "geometry": {"type": "Point", "coordinates": [111.31950650582108, 30.74603153433294]}, "properties": {"指标": "中学服务半径覆盖率（%）", "中类": "公服设施", "board": "民生基础需求", "类": "公服设施"}}, {"type": "Feature", "geometry": {"type": "Point", "coordinates": [111.3237901945142, 30.73133697577325]}, "properties": {"指标": "中学服务半径覆盖率（%）", "中类": "公服设施", "board": "民生基础需求", "类": "公服设施"}}, {"type": "Feature", "geometry": {"type": "Point", "coordinates": [111.32063261951929, 30.74334705107133]}, "properties": {"指标": "中学服务半径覆盖率（%）", "中类": "公服设施", "board": "民生基础需求", "类": "公服设施"}}, {"type": "Feature", "geometry": {"type": "Point", "coordinates": [111.32626657857307, 30.74674605369844]}, "properties": {"指标": "中学服务半径覆盖率（%）", "中类": "公服设施", "board": "民生基础需求", "类": "公服设施"}}, {"type": "Feature", "geometry": {"type": "Point", "coordinates": [111.32595271082886, 30.74838544675782]}, "properties": {"指标": "中学服务半径覆盖率（%）", "中类": "公服设施", "board": "民生基础需求", "类": "公服设施"}}, {"type": "Feature", "geometry": {"type": "Point", "coordinates": [111.28236733596133, 30.70507863696112]}, "properties": {"指标": "中学服务半径覆盖率（%）", "中类": "公服设施", "board": "民生基础需求", "类": "公服设施"}}, {"type": "Feature", "geometry": {"type": "Point", "coordinates": [111.29005808200162, 30.711878814599494]}, "properties": {"指标": "中学服务半径覆盖率（%）", "中类": "公服设施", "board": "民生基础需求", "类": "公服设施"}}, {"type": "Feature", "geometry": {"type": "Point", "coordinates": [111.29406688271247, 30.697884155009547]}, "properties": {"指标": "中学服务半径覆盖率（%）", "中类": "公服设施", "board": "民生基础需求", "类": "公服设施"}}, {"type": "Feature", "geometry": {"type": "Point", "coordinates": [111.27454493271843, 30.7096040300474]}, "properties": {"指标": "中学服务半径覆盖率（%）", "中类": "公服设施", "board": "民生基础需求", "类": "公服设施"}}, {"type": "Feature", "geometry": {"type": "Point", "coordinates": [111.3071573343137, 30.750640190220064]}, "properties": {"指标": "中学服务半径覆盖率（%）", "中类": "公服设施", "board": "民生基础需求", "类": "公服设施"}}, {"type": "Feature", "geometry": {"type": "Point", "coordinates": [111.2844099981386, 30.710777067738693]}, "properties": {"指标": "中学服务半径覆盖率（%）", "中类": "公服设施", "board": "民生基础需求", "类": "公服设施"}}, {"type": "Feature", "geometry": {"type": "Point", "coordinates": [111.31911844861216, 30.743962339237974]}, "properties": {"指标": "中学服务半径覆盖率（%）", "中类": "公服设施", "board": "民生基础需求", "类": "公服设施"}}, {"type": "Feature", "geometry": {"type": "Point", "coordinates": [111.30517858164373, 30.733727317624204]}, "properties": {"指标": "中学服务半径覆盖率（%）", "中类": "公服设施", "board": "民生基础需求", "类": "公服设施"}}, {"type": "Feature", "geometry": {"type": "Point", "coordinates": [111.30519392674569, 30.71278620337414]}, "properties": {"指标": "中学服务半径覆盖率（%）", "中类": "公服设施", "board": "民生基础需求", "类": "公服设施"}}, {"type": "Feature", "geometry": {"type": "Point", "coordinates": [111.3127971747994, 30.751280793753054]}, "properties": {"指标": "中学服务半径覆盖率（%）", "中类": "公服设施", "board": "民生基础需求", "类": "公服设施"}}, {"type": "Feature", "geometry": {"type": "Point", "coordinates": [111.3153862236727, 30.75202722322837]}, "properties": {"指标": "中学服务半径覆盖率（%）", "中类": "公服设施", "board": "民生基础需求", "类": "公服设施"}}, {"type": "Feature", "geometry": {"type": "Point", "coordinates": [111.31424126484293, 30.75291135237956]}, "properties": {"指标": "中学服务半径覆盖率（%）", "中类": "公服设施", "board": "民生基础需求", "类": "公服设施"}}, {"type": "Feature", "geometry": {"type": "Point", "coordinates": [111.31518560595829, 30.748952075711845]}, "properties": {"指标": "中学服务半径覆盖率（%）", "中类": "公服设施", "board": "民生基础需求", "类": "公服设施"}}, {"type": "Feature", "geometry": {"type": "Point", "coordinates": [111.32113533934015, 30.748692899336607]}, "properties": {"指标": "中学服务半径覆盖率（%）", "中类": "公服设施", "board": "民生基础需求", "类": "公服设施"}}, {"type": "Feature", "geometry": {"type": "Point", "coordinates": [111.2900589790562, 30.73404385157772]}, "properties": {"指标": "中学服务半径覆盖率（%）", "中类": "公服设施", "board": "民生基础需求", "类": "公服设施"}}, {"type": "Feature", "geometry": {"type": "Point", "coordinates": [111.31524961943498, 30.74759781456704]}, "properties": {"指标": "中学服务半径覆盖率（%）", "中类": "公服设施", "board": "民生基础需求", "类": "公服设施"}}, {"type": "Feature", "geometry": {"type": "Point", "coordinates": [111.31873668440763, 30.74866289340627]}, "properties": {"指标": "中学服务半径覆盖率（%）", "中类": "公服设施", "board": "民生基础需求", "类": "公服设施"}}, {"type": "Feature", "geometry": {"type": "Point", "coordinates": [111.3437338308707, 30.681776555799292]}, "properties": {"指标": "中学服务半径覆盖率（%）", "中类": "公服设施", "board": "民生基础需求", "类": "公服设施"}}, {"type": "Feature", "geometry": {"type": "Point", "coordinates": [111.34336897777445, 30.68016325580491]}, "properties": {"指标": "中学服务半径覆盖率（%）", "中类": "公服设施", "board": "民生基础需求", "类": "公服设施"}}, {"type": "Feature", "geometry": {"type": "Point", "coordinates": [111.33651281581932, 30.683478427509773]}, "properties": {"指标": "中学服务半径覆盖率（%）", "中类": "公服设施", "board": "民生基础需求", "类": "公服设施"}}, {"type": "Feature", "geometry": {"type": "Point", "coordinates": [111.33739642955267, 30.682937634006038]}, "properties": {"指标": "中学服务半径覆盖率（%）", "中类": "公服设施", "board": "民生基础需求", "类": "公服设施"}}, {"type": "Feature", "geometry": {"type": "Point", "coordinates": [111.33937698136353, 30.685025056129554]}, "properties": {"指标": "中学服务半径覆盖率（%）", "中类": "公服设施", "board": "民生基础需求", "类": "公服设施"}}, {"type": "Feature", "geometry": {"type": "Point", "coordinates": [111.39455939688112, 30.6513175583597]}, "properties": {"指标": "中学服务半径覆盖率（%）", "中类": "公服设施", "board": "民生基础需求", "类": "公服设施"}}, {"type": "Feature", "geometry": {"type": "Point", "coordinates": [111.39460203442154, 30.650002217077503]}, "properties": {"指标": "中学服务半径覆盖率（%）", "中类": "公服设施", "board": "民生基础需求", "类": "公服设施"}}, {"type": "Feature", "geometry": {"type": "Point", "coordinates": [111.33904032002035, 30.667106282541777]}, "properties": {"指标": "中学服务半径覆盖率（%）", "中类": "公服设施", "board": "民生基础需求", "类": "公服设施"}}, {"type": "Feature", "geometry": {"type": "Point", "coordinates": [111.33936874272386, 30.69242245408609]}, "properties": {"指标": "中学服务半径覆盖率（%）", "中类": "公服设施", "board": "民生基础需求", "类": "公服设施"}}, {"type": "Feature", "geometry": {"type": "Point", "coordinates": [111.33901641350697, 30.66778915550164]}, "properties": {"指标": "中学服务半径覆盖率（%）", "中类": "公服设施", "board": "民生基础需求", "类": "公服设施"}}, {"type": "Feature", "geometry": {"type": "Point", "coordinates": [111.33947731805561, 30.667720159840105]}, "properties": {"指标": "中学服务半径覆盖率（%）", "中类": "公服设施", "board": "民生基础需求", "类": "公服设施"}}, {"type": "Feature", "geometry": {"type": "Point", "coordinates": [111.38541167555387, 30.651433308876992]}, "properties": {"指标": "中学服务半径覆盖率（%）", "中类": "公服设施", "board": "民生基础需求", "类": "公服设施"}}, {"type": "Feature", "geometry": {"type": "Point", "coordinates": [111.38523669674794, 30.65726281451844]}, "properties": {"指标": "中学服务半径覆盖率（%）", "中类": "公服设施", "board": "民生基础需求", "类": "公服设施"}}, {"type": "Feature", "geometry": {"type": "Point", "coordinates": [111.38473251488499, 30.657605555158163]}, "properties": {"指标": "中学服务半径覆盖率（%）", "中类": "公服设施", "board": "民生基础需求", "类": "公服设施"}}, {"type": "Feature", "geometry": {"type": "Point", "coordinates": [111.38419956298966, 30.657845967482558]}, "properties": {"指标": "中学服务半径覆盖率（%）", "中类": "公服设施", "board": "民生基础需求", "类": "公服设施"}}, {"type": "Feature", "geometry": {"type": "Point", "coordinates": [111.34955350339264, 30.65692535269743]}, "properties": {"指标": "中学服务半径覆盖率（%）", "中类": "公服设施", "board": "民生基础需求", "类": "公服设施"}}, {"type": "Feature", "geometry": {"type": "Point", "coordinates": [111.3349429831659, 30.68209800822173]}, "properties": {"指标": "中学服务半径覆盖率（%）", "中类": "公服设施", "board": "民生基础需求", "类": "公服设施"}}, {"type": "Feature", "geometry": {"type": "Point", "coordinates": [111.37486096384254, 30.649240271918945]}, "properties": {"指标": "中学服务半径覆盖率（%）", "中类": "公服设施", "board": "民生基础需求", "类": "公服设施"}}, {"type": "Feature", "geometry": {"type": "Point", "coordinates": [111.37323356341884, 30.64979955049691]}, "properties": {"指标": "中学服务半径覆盖率（%）", "中类": "公服设施", "board": "民生基础需求", "类": "公服设施"}}, {"type": "Feature", "geometry": {"type": "Point", "coordinates": [111.37298694278388, 30.649631375143656]}, "properties": {"指标": "中学服务半径覆盖率（%）", "中类": "公服设施", "board": "民生基础需求", "类": "公服设施"}}, {"type": "Feature", "geometry": {"type": "Point", "coordinates": [111.37035349790973, 30.642967090850817]}, "properties": {"指标": "中学服务半径覆盖率（%）", "中类": "公服设施", "board": "民生基础需求", "类": "公服设施"}}, {"type": "Feature", "geometry": {"type": "Point", "coordinates": [111.3919226024777, 30.651240179485754]}, "properties": {"指标": "中学服务半径覆盖率（%）", "中类": "公服设施", "board": "民生基础需求", "类": "公服设施"}}, {"type": "Feature", "geometry": {"type": "Point", "coordinates": [111.36823043744177, 30.642226880705323]}, "properties": {"指标": "中学服务半径覆盖率（%）", "中类": "公服设施", "board": "民生基础需求", "类": "公服设施"}}, {"type": "Feature", "geometry": {"type": "Point", "coordinates": [111.31276055864427, 30.67688798747948]}, "properties": {"指标": "中学服务半径覆盖率（%）", "中类": "公服设施", "board": "民生基础需求", "类": "公服设施"}}, {"type": "Feature", "geometry": {"type": "Point", "coordinates": [111.32591132065116, 30.672734102242764]}, "properties": {"指标": "中学服务半径覆盖率（%）", "中类": "公服设施", "board": "民生基础需求", "类": "公服设施"}}, {"type": "Feature", "geometry": {"type": "Point", "coordinates": [111.30918523431501, 30.680114719189422]}, "properties": {"指标": "中学服务半径覆盖率（%）", "中类": "公服设施", "board": "民生基础需求", "类": "公服设施"}}, {"type": "Feature", "geometry": {"type": "Point", "coordinates": [111.31664435354716, 30.673735412004483]}, "properties": {"指标": "中学服务半径覆盖率（%）", "中类": "公服设施", "board": "民生基础需求", "类": "公服设施"}}, {"type": "Feature", "geometry": {"type": "Point", "coordinates": [111.29520274049149, 30.692812609779576]}, "properties": {"指标": "中学服务半径覆盖率（%）", "中类": "公服设施", "board": "民生基础需求", "类": "公服设施"}}, {"type": "Feature", "geometry": {"type": "Point", "coordinates": [111.31410426078175, 30.681656588548485]}, "properties": {"指标": "中学服务半径覆盖率（%）", "中类": "公服设施", "board": "民生基础需求", "类": "公服设施"}}, {"type": "Feature", "geometry": {"type": "Point", "coordinates": [111.31353577200773, 30.681067785555534]}, "properties": {"指标": "中学服务半径覆盖率（%）", "中类": "公服设施", "board": "民生基础需求", "类": "公服设施"}}, {"type": "Feature", "geometry": {"type": "Point", "coordinates": [111.33191570195591, 30.68571570400463]}, "properties": {"指标": "中学服务半径覆盖率（%）", "中类": "公服设施", "board": "民生基础需求", "类": "公服设施"}}, {"type": "Feature", "geometry": {"type": "Point", "coordinates": [111.33549180641891, 30.686930982952017]}, "properties": {"指标": "中学服务半径覆盖率（%）", "中类": "公服设施", "board": "民生基础需求", "类": "公服设施"}}, {"type": "Feature", "geometry": {"type": "Point", "coordinates": [111.31196458741682, 30.683981088302062]}, "properties": {"指标": "中学服务半径覆盖率（%）", "中类": "公服设施", "board": "民生基础需求", "类": "公服设施"}}, {"type": "Feature", "geometry": {"type": "Point", "coordinates": [111.33569291669829, 30.67548135168513]}, "properties": {"指标": "中学服务半径覆盖率（%）", "中类": "公服设施", "board": "民生基础需求", "类": "公服设施"}}, {"type": "Feature", "geometry": {"type": "Point", "coordinates": [111.32572249064953, 30.676977400912683]}, "properties": {"指标": "中学服务半径覆盖率（%）", "中类": "公服设施", "board": "民生基础需求", "类": "公服设施"}}, {"type": "Feature", "geometry": {"type": "Point", "coordinates": [111.29165398644733, 30.695022814820888]}, "properties": {"指标": "中学服务半径覆盖率（%）", "中类": "公服设施", "board": "民生基础需求", "类": "公服设施"}}, {"type": "Feature", "geometry": {"type": "Point", "coordinates": [111.29106839735731, 30.69391021859475]}, "properties": {"指标": "中学服务半径覆盖率（%）", "中类": "公服设施", "board": "民生基础需求", "类": "公服设施"}}, {"type": "Feature", "geometry": {"type": "Point", "coordinates": [111.28831561624641, 30.693410907309943]}, "properties": {"指标": "中学服务半径覆盖率（%）", "中类": "公服设施", "board": "民生基础需求", "类": "公服设施"}}, {"type": "Feature", "geometry": {"type": "Point", "coordinates": [111.32471571237947, 30.666468538040743]}, "properties": {"指标": "中学服务半径覆盖率（%）", "中类": "公服设施", "board": "民生基础需求", "类": "公服设施"}}, {"type": "Feature", "geometry": {"type": "Point", "coordinates": [111.30833073004376, 30.684940592276]}, "properties": {"指标": "中学服务半径覆盖率（%）", "中类": "公服设施", "board": "民生基础需求", "类": "公服设施"}}, {"type": "Feature", "geometry": {"type": "Point", "coordinates": [111.32327541848356, 30.669990877050196]}, "properties": {"指标": "中学服务半径覆盖率（%）", "中类": "公服设施", "board": "民生基础需求", "类": "公服设施"}}, {"type": "Feature", "geometry": {"type": "Point", "coordinates": [111.32036523967592, 30.67304904883281]}, "properties": {"指标": "中学服务半径覆盖率（%）", "中类": "公服设施", "board": "民生基础需求", "类": "公服设施"}}, {"type": "Feature", "geometry": {"type": "Point", "coordinates": [111.29989819510486, 30.68455893594987]}, "properties": {"指标": "中学服务半径覆盖率（%）", "中类": "公服设施", "board": "民生基础需求", "类": "公服设施"}}, {"type": "Feature", "geometry": {"type": "Point", "coordinates": [111.31235612661384, 30.6785239129706]}, "properties": {"指标": "中学服务半径覆盖率（%）", "中类": "公服设施", "board": "民生基础需求", "类": "公服设施"}}, {"type": "Feature", "geometry": {"type": "Point", "coordinates": [111.30558767919806, 30.680794568716838]}, "properties": {"指标": "中学服务半径覆盖率（%）", "中类": "公服设施", "board": "民生基础需求", "类": "公服设施"}}, {"type": "Feature", "geometry": {"type": "Point", "coordinates": [111.31094859612654, 30.685789324378394]}, "properties": {"指标": "中学服务半径覆盖率（%）", "中类": "公服设施", "board": "民生基础需求", "类": "公服设施"}}, {"type": "Feature", "geometry": {"type": "Point", "coordinates": [111.3174450297502, 30.67858922073628]}, "properties": {"指标": "中学服务半径覆盖率（%）", "中类": "公服设施", "board": "民生基础需求", "类": "公服设施"}}, {"type": "Feature", "geometry": {"type": "Point", "coordinates": [111.31039483651291, 30.68084977534741]}, "properties": {"指标": "中学服务半径覆盖率（%）", "中类": "公服设施", "board": "民生基础需求", "类": "公服设施"}}, {"type": "Feature", "geometry": {"type": "Point", "coordinates": [111.31817435216098, 30.673049386168238]}, "properties": {"指标": "中学服务半径覆盖率（%）", "中类": "公服设施", "board": "民生基础需求", "类": "公服设施"}}, {"type": "Feature", "geometry": {"type": "Point", "coordinates": [111.30268469058343, 30.686490794109964]}, "properties": {"指标": "中学服务半径覆盖率（%）", "中类": "公服设施", "board": "民生基础需求", "类": "公服设施"}}, {"type": "Feature", "geometry": {"type": "Point", "coordinates": [111.31365346286724, 30.678986208018088]}, "properties": {"指标": "中学服务半径覆盖率（%）", "中类": "公服设施", "board": "民生基础需求", "类": "公服设施"}}, {"type": "Feature", "geometry": {"type": "Point", "coordinates": [111.30251119920791, 30.688434782498685]}, "properties": {"指标": "中学服务半径覆盖率（%）", "中类": "公服设施", "board": "民生基础需求", "类": "公服设施"}}, {"type": "Feature", "geometry": {"type": "Point", "coordinates": [111.30566389527466, 30.686972944234746]}, "properties": {"指标": "中学服务半径覆盖率（%）", "中类": "公服设施", "board": "民生基础需求", "类": "公服设施"}}, {"type": "Feature", "geometry": {"type": "Point", "coordinates": [111.3254203807303, 30.674846649292988]}, "properties": {"指标": "中学服务半径覆盖率（%）", "中类": "公服设施", "board": "民生基础需求", "类": "公服设施"}}, {"type": "Feature", "geometry": {"type": "Point", "coordinates": [111.31414690136326, 30.673761540371196]}, "properties": {"指标": "中学服务半径覆盖率（%）", "中类": "公服设施", "board": "民生基础需求", "类": "公服设施"}}, {"type": "Feature", "geometry": {"type": "Point", "coordinates": [111.36624932551865, 30.649922287313572]}, "properties": {"指标": "中学服务半径覆盖率（%）", "中类": "公服设施", "board": "民生基础需求", "类": "公服设施"}}, {"type": "Feature", "geometry": {"type": "Point", "coordinates": [111.3086449079702, 30.679067386497806]}, "properties": {"指标": "中学服务半径覆盖率（%）", "中类": "公服设施", "board": "民生基础需求", "类": "公服设施"}}, {"type": "Feature", "geometry": {"type": "Point", "coordinates": [111.28955993338725, 30.691004267001134]}, "properties": {"指标": "中学服务半径覆盖率（%）", "中类": "公服设施", "board": "民生基础需求", "类": "公服设施"}}, {"type": "Feature", "geometry": {"type": "Point", "coordinates": [111.29202897810973, 30.690646944523323]}, "properties": {"指标": "中学服务半径覆盖率（%）", "中类": "公服设施", "board": "民生基础需求", "类": "公服设施"}}, {"type": "Feature", "geometry": {"type": "Point", "coordinates": [111.28685181669555, 30.692106099646274]}, "properties": {"指标": "中学服务半径覆盖率（%）", "中类": "公服设施", "board": "民生基础需求", "类": "公服设施"}}, {"type": "Feature", "geometry": {"type": "Point", "coordinates": [111.31206229277305, 30.677949519254465]}, "properties": {"指标": "中学服务半径覆盖率（%）", "中类": "公服设施", "board": "民生基础需求", "类": "公服设施"}}, {"type": "Feature", "geometry": {"type": "Point", "coordinates": [111.3102617888113, 30.683399603483274]}, "properties": {"指标": "中学服务半径覆盖率（%）", "中类": "公服设施", "board": "民生基础需求", "类": "公服设施"}}, {"type": "Feature", "geometry": {"type": "Point", "coordinates": [111.31187647555008, 30.67612422613526]}, "properties": {"指标": "中学服务半径覆盖率（%）", "中类": "公服设施", "board": "民生基础需求", "类": "公服设施"}}, {"type": "Feature", "geometry": {"type": "Point", "coordinates": [111.32646986973873, 30.676231711267196]}, "properties": {"指标": "中学服务半径覆盖率（%）", "中类": "公服设施", "board": "民生基础需求", "类": "公服设施"}}, {"type": "Feature", "geometry": {"type": "Point", "coordinates": [111.32753077809909, 30.66797465893237]}, "properties": {"指标": "中学服务半径覆盖率（%）", "中类": "公服设施", "board": "民生基础需求", "类": "公服设施"}}, {"type": "Feature", "geometry": {"type": "Point", "coordinates": [111.32292462234403, 30.66824643928636]}, "properties": {"指标": "中学服务半径覆盖率（%）", "中类": "公服设施", "board": "民生基础需求", "类": "公服设施"}}, {"type": "Feature", "geometry": {"type": "Point", "coordinates": [111.31697643509258, 30.67529493047593]}, "properties": {"指标": "中学服务半径覆盖率（%）", "中类": "公服设施", "board": "民生基础需求", "类": "公服设施"}}, {"type": "Feature", "geometry": {"type": "Point", "coordinates": [111.31097001517952, 30.68276369982428]}, "properties": {"指标": "中学服务半径覆盖率（%）", "中类": "公服设施", "board": "民生基础需求", "类": "公服设施"}}, {"type": "Feature", "geometry": {"type": "Point", "coordinates": [111.29839842146966, 30.68575421063463]}, "properties": {"指标": "中学服务半径覆盖率（%）", "中类": "公服设施", "board": "民生基础需求", "类": "公服设施"}}, {"type": "Feature", "geometry": {"type": "Point", "coordinates": [111.32043031365438, 30.670011109583577]}, "properties": {"指标": "中学服务半径覆盖率（%）", "中类": "公服设施", "board": "民生基础需求", "类": "公服设施"}}, {"type": "Feature", "geometry": {"type": "Point", "coordinates": [111.33869035783805, 30.66668320628495]}, "properties": {"指标": "中学服务半径覆盖率（%）", "中类": "公服设施", "board": "民生基础需求", "类": "公服设施"}}, {"type": "Feature", "geometry": {"type": "Point", "coordinates": [111.34996197882307, 30.65500555559826]}, "properties": {"指标": "中学服务半径覆盖率（%）", "中类": "公服设施", "board": "民生基础需求", "类": "公服设施"}}, {"type": "Feature", "geometry": {"type": "Point", "coordinates": [111.34588084543188, 30.644772341288856]}, "properties": {"指标": "中学服务半径覆盖率（%）", "中类": "公服设施", "board": "民生基础需求", "类": "公服设施"}}, {"type": "Feature", "geometry": {"type": "Point", "coordinates": [111.33641463084102, 30.675124768531106]}, "properties": {"指标": "中学服务半径覆盖率（%）", "中类": "公服设施", "board": "民生基础需求", "类": "公服设施"}}, {"type": "Feature", "geometry": {"type": "Point", "coordinates": [111.35535921772687, 30.643652033637206]}, "properties": {"指标": "中学服务半径覆盖率（%）", "中类": "公服设施", "board": "民生基础需求", "类": "公服设施"}}, {"type": "Feature", "geometry": {"type": "Point", "coordinates": [111.34863919050913, 30.674759617272098]}, "properties": {"指标": "中学服务半径覆盖率（%）", "中类": "公服设施", "board": "民生基础需求", "类": "公服设施"}}, {"type": "Feature", "geometry": {"type": "Point", "coordinates": [111.34718040673482, 30.676671097090875]}, "properties": {"指标": "中学服务半径覆盖率（%）", "中类": "公服设施", "board": "民生基础需求", "类": "公服设施"}}, {"type": "Feature", "geometry": {"type": "Point", "coordinates": [111.33955378157339, 30.64921242879821]}, "properties": {"指标": "中学服务半径覆盖率（%）", "中类": "公服设施", "board": "民生基础需求", "类": "公服设施"}}, {"type": "Feature", "geometry": {"type": "Point", "coordinates": [111.32683920373648, 30.674577863290025]}, "properties": {"指标": "中学服务半径覆盖率（%）", "中类": "公服设施", "board": "民生基础需求", "类": "公服设施"}}, {"type": "Feature", "geometry": {"type": "Point", "coordinates": [111.34047830484747, 30.64974527478105]}, "properties": {"指标": "中学服务半径覆盖率（%）", "中类": "公服设施", "board": "民生基础需求", "类": "公服设施"}}, {"type": "Feature", "geometry": {"type": "Point", "coordinates": [111.33099865107116, 30.693601321415166]}, "properties": {"指标": "中学服务半径覆盖率（%）", "中类": "公服设施", "board": "民生基础需求", "类": "公服设施"}}, {"type": "Feature", "geometry": {"type": "Point", "coordinates": [111.3356038623714, 30.67177105091102]}, "properties": {"指标": "中学服务半径覆盖率（%）", "中类": "公服设施", "board": "民生基础需求", "类": "公服设施"}}, {"type": "Feature", "geometry": {"type": "Point", "coordinates": [111.39549696857138, 30.64872859132744]}, "properties": {"指标": "中学服务半径覆盖率（%）", "中类": "公服设施", "board": "民生基础需求", "类": "公服设施"}}, {"type": "Feature", "geometry": {"type": "Point", "coordinates": [111.39161522851786, 30.649782485737383]}, "properties": {"指标": "中学服务半径覆盖率（%）", "中类": "公服设施", "board": "民生基础需求", "类": "公服设施"}}, {"type": "Feature", "geometry": {"type": "Point", "coordinates": [111.39087520933214, 30.650680742412142]}, "properties": {"指标": "中学服务半径覆盖率（%）", "中类": "公服设施", "board": "民生基础需求", "类": "公服设施"}}, {"type": "Feature", "geometry": {"type": "Point", "coordinates": [111.3423042794459, 30.66884437711411]}, "properties": {"指标": "中学服务半径覆盖率（%）", "中类": "公服设施", "board": "民生基础需求", "类": "公服设施"}}, {"type": "Feature", "geometry": {"type": "Point", "coordinates": [111.35754416120356, 30.64368637649425]}, "properties": {"指标": "中学服务半径覆盖率（%）", "中类": "公服设施", "board": "民生基础需求", "类": "公服设施"}}, {"type": "Feature", "geometry": {"type": "Point", "coordinates": [111.3927015652568, 30.64863143851061]}, "properties": {"指标": "中学服务半径覆盖率（%）", "中类": "公服设施", "board": "民生基础需求", "类": "公服设施"}}, {"type": "Feature", "geometry": {"type": "Point", "coordinates": [111.36906525701716, 30.645330429901463]}, "properties": {"指标": "中学服务半径覆盖率（%）", "中类": "公服设施", "board": "民生基础需求", "类": "公服设施"}}, {"type": "Feature", "geometry": {"type": "Point", "coordinates": [111.34197088369288, 30.64665391977553]}, "properties": {"指标": "中学服务半径覆盖率（%）", "中类": "公服设施", "board": "民生基础需求", "类": "公服设施"}}, {"type": "Feature", "geometry": {"type": "Point", "coordinates": [111.3197645407325, 30.67110485400322]}, "properties": {"指标": "中学服务半径覆盖率（%）", "中类": "公服设施", "board": "民生基础需求", "类": "公服设施"}}, {"type": "Feature", "geometry": {"type": "Point", "coordinates": [111.36890802718145, 30.655269775167444]}, "properties": {"指标": "中学服务半径覆盖率（%）", "中类": "公服设施", "board": "民生基础需求", "类": "公服设施"}}, {"type": "Feature", "geometry": {"type": "Point", "coordinates": [111.34507715045126, 30.65254566555372]}, "properties": {"指标": "中学服务半径覆盖率（%）", "中类": "公服设施", "board": "民生基础需求", "类": "公服设施"}}, {"type": "Feature", "geometry": {"type": "Point", "coordinates": [111.36957398575652, 30.647700653245682]}, "properties": {"指标": "中学服务半径覆盖率（%）", "中类": "公服设施", "board": "民生基础需求", "类": "公服设施"}}, {"type": "Feature", "geometry": {"type": "Point", "coordinates": [111.35145252735953, 30.652341734463644]}, "properties": {"指标": "中学服务半径覆盖率（%）", "中类": "公服设施", "board": "民生基础需求", "类": "公服设施"}}, {"type": "Feature", "geometry": {"type": "Point", "coordinates": [111.34231086707875, 30.676452741846514]}, "properties": {"指标": "中学服务半径覆盖率（%）", "中类": "公服设施", "board": "民生基础需求", "类": "公服设施"}}, {"type": "Feature", "geometry": {"type": "Point", "coordinates": [111.29807408578849, 30.689058678681494]}, "properties": {"指标": "中学服务半径覆盖率（%）", "中类": "公服设施", "board": "民生基础需求", "类": "公服设施"}}, {"type": "Feature", "geometry": {"type": "Point", "coordinates": [111.31676155869289, 30.67113349277585]}, "properties": {"指标": "中学服务半径覆盖率（%）", "中类": "公服设施", "board": "民生基础需求", "类": "公服设施"}}, {"type": "Feature", "geometry": {"type": "Point", "coordinates": [111.34882440272277, 30.64170398680233]}, "properties": {"指标": "中学服务半径覆盖率（%）", "中类": "公服设施", "board": "民生基础需求", "类": "公服设施"}}, {"type": "Feature", "geometry": {"type": "Point", "coordinates": [111.35068436925634, 30.64018866017511]}, "properties": {"指标": "中学服务半径覆盖率（%）", "中类": "公服设施", "board": "民生基础需求", "类": "公服设施"}}, {"type": "Feature", "geometry": {"type": "Point", "coordinates": [111.3658989386273, 30.65504581788594]}, "properties": {"指标": "中学服务半径覆盖率（%）", "中类": "公服设施", "board": "民生基础需求", "类": "公服设施"}}, {"type": "Feature", "geometry": {"type": "Point", "coordinates": [111.35199713491768, 30.642878456049363]}, "properties": {"指标": "中学服务半径覆盖率（%）", "中类": "公服设施", "board": "民生基础需求", "类": "公服设施"}}, {"type": "Feature", "geometry": {"type": "Point", "coordinates": [111.30750466147938, 30.68650506905534]}, "properties": {"指标": "中学服务半径覆盖率（%）", "中类": "公服设施", "board": "民生基础需求", "类": "公服设施"}}, {"type": "Feature", "geometry": {"type": "Point", "coordinates": [111.33451876679767, 30.68899448711664]}, "properties": {"指标": "中学服务半径覆盖率（%）", "中类": "公服设施", "board": "民生基础需求", "类": "公服设施"}}, {"type": "Feature", "geometry": {"type": "Point", "coordinates": [111.34006883259602, 30.675480903873236]}, "properties": {"指标": "中学服务半径覆盖率（%）", "中类": "公服设施", "board": "民生基础需求", "类": "公服设施"}}, {"type": "Feature", "geometry": {"type": "Point", "coordinates": [111.3264486327532, 30.67084280819882]}, "properties": {"指标": "中学服务半径覆盖率（%）", "中类": "公服设施", "board": "民生基础需求", "类": "公服设施"}}, {"type": "Feature", "geometry": {"type": "Point", "coordinates": [111.35485633084058, 30.67667971770206]}, "properties": {"指标": "中学服务半径覆盖率（%）", "中类": "公服设施", "board": "民生基础需求", "类": "公服设施"}}, {"type": "Feature", "geometry": {"type": "Point", "coordinates": [111.3460384306467, 30.66979857799744]}, "properties": {"指标": "中学服务半径覆盖率（%）", "中类": "公服设施", "board": "民生基础需求", "类": "公服设施"}}, {"type": "Feature", "geometry": {"type": "Point", "coordinates": [111.34369894775925, 30.6738056603011]}, "properties": {"指标": "中学服务半径覆盖率（%）", "中类": "公服设施", "board": "民生基础需求", "类": "公服设施"}}, {"type": "Feature", "geometry": {"type": "Point", "coordinates": [111.31875705273183, 30.67558201291577]}, "properties": {"指标": "中学服务半径覆盖率（%）", "中类": "公服设施", "board": "民生基础需求", "类": "公服设施"}}, {"type": "Feature", "geometry": {"type": "Point", "coordinates": [111.32696910058856, 30.667730242799816]}, "properties": {"指标": "中学服务半径覆盖率（%）", "中类": "公服设施", "board": "民生基础需求", "类": "公服设施"}}, {"type": "Feature", "geometry": {"type": "Point", "coordinates": [111.29767903880088, 30.686987019087795]}, "properties": {"指标": "中学服务半径覆盖率（%）", "中类": "公服设施", "board": "民生基础需求", "类": "公服设施"}}, {"type": "Feature", "geometry": {"type": "Point", "coordinates": [111.29486096106456, 30.688485084379373]}, "properties": {"指标": "中学服务半径覆盖率（%）", "中类": "公服设施", "board": "民生基础需求", "类": "公服设施"}}, {"type": "Feature", "geometry": {"type": "Point", "coordinates": [111.2949161559484, 30.68723099399825]}, "properties": {"指标": "中学服务半径覆盖率（%）", "中类": "公服设施", "board": "民生基础需求", "类": "公服设施"}}, {"type": "Feature", "geometry": {"type": "Point", "coordinates": [111.33386885049738, 30.683514701783796]}, "properties": {"指标": "中学服务半径覆盖率（%）", "中类": "公服设施", "board": "民生基础需求", "类": "公服设施"}}, {"type": "Feature", "geometry": {"type": "Point", "coordinates": [111.34194209018435, 30.652312778656665]}, "properties": {"指标": "中学服务半径覆盖率（%）", "中类": "公服设施", "board": "民生基础需求", "类": "公服设施"}}, {"type": "Feature", "geometry": {"type": "Point", "coordinates": [111.35277340425637, 30.657242217343082]}, "properties": {"指标": "中学服务半径覆盖率（%）", "中类": "公服设施", "board": "民生基础需求", "类": "公服设施"}}, {"type": "Feature", "geometry": {"type": "Point", "coordinates": [111.35180033088318, 30.653736851847583]}, "properties": {"指标": "中学服务半径覆盖率（%）", "中类": "公服设施", "board": "民生基础需求", "类": "公服设施"}}, {"type": "Feature", "geometry": {"type": "Point", "coordinates": [111.3518257152025, 30.65433472912839]}, "properties": {"指标": "中学服务半径覆盖率（%）", "中类": "公服设施", "board": "民生基础需求", "类": "公服设施"}}, {"type": "Feature", "geometry": {"type": "Point", "coordinates": [111.35192941087911, 30.655419909762003]}, "properties": {"指标": "中学服务半径覆盖率（%）", "中类": "公服设施", "board": "民生基础需求", "类": "公服设施"}}, {"type": "Feature", "geometry": {"type": "Point", "coordinates": [111.30908829394868, 30.68836025615216]}, "properties": {"指标": "中学服务半径覆盖率（%）", "中类": "公服设施", "board": "民生基础需求", "类": "公服设施"}}, {"type": "Feature", "geometry": {"type": "Point", "coordinates": [111.3424696582244, 30.649394697209353]}, "properties": {"指标": "中学服务半径覆盖率（%）", "中类": "公服设施", "board": "民生基础需求", "类": "公服设施"}}, {"type": "Feature", "geometry": {"type": "Point", "coordinates": [111.32155593940236, 30.667300154602767]}, "properties": {"指标": "中学服务半径覆盖率（%）", "中类": "公服设施", "board": "民生基础需求", "类": "公服设施"}}, {"type": "Feature", "geometry": {"type": "Point", "coordinates": [111.29751969071367, 30.694459084714534]}, "properties": {"指标": "中学服务半径覆盖率（%）", "中类": "公服设施", "board": "民生基础需求", "类": "公服设施"}}, {"type": "Feature", "geometry": {"type": "Point", "coordinates": [111.37316098945055, 30.65497050462518]}, "properties": {"指标": "中学服务半径覆盖率（%）", "中类": "公服设施", "board": "民生基础需求", "类": "公服设施"}}, {"type": "Feature", "geometry": {"type": "Point", "coordinates": [111.35949516304917, 30.647069674622887]}, "properties": {"指标": "中学服务半径覆盖率（%）", "中类": "公服设施", "board": "民生基础需求", "类": "公服设施"}}, {"type": "Feature", "geometry": {"type": "Point", "coordinates": [111.34773632293462, 30.647653723495484]}, "properties": {"指标": "中学服务半径覆盖率（%）", "中类": "公服设施", "board": "民生基础需求", "类": "公服设施"}}, {"type": "Feature", "geometry": {"type": "Point", "coordinates": [111.38449579926387, 30.6424577616218]}, "properties": {"指标": "中学服务半径覆盖率（%）", "中类": "公服设施", "board": "民生基础需求", "类": "公服设施"}}, {"type": "Feature", "geometry": {"type": "Point", "coordinates": [111.37163532911994, 30.654035873386146]}, "properties": {"指标": "中学服务半径覆盖率（%）", "中类": "公服设施", "board": "民生基础需求", "类": "公服设施"}}, {"type": "Feature", "geometry": {"type": "Point", "coordinates": [111.32774116410597, 30.670213372404906]}, "properties": {"指标": "中学服务半径覆盖率（%）", "中类": "公服设施", "board": "民生基础需求", "类": "公服设施"}}, {"type": "Feature", "geometry": {"type": "Point", "coordinates": [111.35202410945945, 30.653485114053975]}, "properties": {"指标": "中学服务半径覆盖率（%）", "中类": "公服设施", "board": "民生基础需求", "类": "公服设施"}}, {"type": "Feature", "geometry": {"type": "Point", "coordinates": [111.35408422548369, 30.651200394489607]}, "properties": {"指标": "中学服务半径覆盖率（%）", "中类": "公服设施", "board": "民生基础需求", "类": "公服设施"}}, {"type": "Feature", "geometry": {"type": "Point", "coordinates": [111.38540016245568, 30.643306013146304]}, "properties": {"指标": "中学服务半径覆盖率（%）", "中类": "公服设施", "board": "民生基础需求", "类": "公服设施"}}, {"type": "Feature", "geometry": {"type": "Point", "coordinates": [111.37101924674032, 30.65203349833237]}, "properties": {"指标": "中学服务半径覆盖率（%）", "中类": "公服设施", "board": "民生基础需求", "类": "公服设施"}}, {"type": "Feature", "geometry": {"type": "Point", "coordinates": [111.38118432669303, 30.655596822156667]}, "properties": {"指标": "中学服务半径覆盖率（%）", "中类": "公服设施", "board": "民生基础需求", "类": "公服设施"}}, {"type": "Feature", "geometry": {"type": "Point", "coordinates": [111.38079326767074, 30.655049379323508]}, "properties": {"指标": "中学服务半径覆盖率（%）", "中类": "公服设施", "board": "民生基础需求", "类": "公服设施"}}, {"type": "Feature", "geometry": {"type": "Point", "coordinates": [111.34577857092032, 30.648443323418466]}, "properties": {"指标": "中学服务半径覆盖率（%）", "中类": "公服设施", "board": "民生基础需求", "类": "公服设施"}}, {"type": "Feature", "geometry": {"type": "Point", "coordinates": [111.35582660307149, 30.655807338830577]}, "properties": {"指标": "中学服务半径覆盖率（%）", "中类": "公服设施", "board": "民生基础需求", "类": "公服设施"}}, {"type": "Feature", "geometry": {"type": "Point", "coordinates": [111.36981290310852, 30.64410605701269]}, "properties": {"指标": "中学服务半径覆盖率（%）", "中类": "公服设施", "board": "民生基础需求", "类": "公服设施"}}, {"type": "Feature", "geometry": {"type": "Point", "coordinates": [111.38129605994054, 30.65578548473355]}, "properties": {"指标": "中学服务半径覆盖率（%）", "中类": "公服设施", "board": "民生基础需求", "类": "公服设施"}}, {"type": "Feature", "geometry": {"type": "Point", "coordinates": [111.36764078101369, 30.65524368867505]}, "properties": {"指标": "中学服务半径覆盖率（%）", "中类": "公服设施", "board": "民生基础需求", "类": "公服设施"}}, {"type": "Feature", "geometry": {"type": "Point", "coordinates": [111.33019878411457, 30.694107645198017]}, "properties": {"指标": "中学服务半径覆盖率（%）", "中类": "公服设施", "board": "民生基础需求", "类": "公服设施"}}, {"type": "Feature", "geometry": {"type": "Point", "coordinates": [111.33012511048823, 30.689429114823607]}, "properties": {"指标": "中学服务半径覆盖率（%）", "中类": "公服设施", "board": "民生基础需求", "类": "公服设施"}}, {"type": "Feature", "geometry": {"type": "Point", "coordinates": [111.31848241113927, 30.680466487204793]}, "properties": {"指标": "中学服务半径覆盖率（%）", "中类": "公服设施", "board": "民生基础需求", "类": "公服设施"}}, {"type": "Feature", "geometry": {"type": "Point", "coordinates": [111.3286998475908, 30.69186563839256]}, "properties": {"指标": "中学服务半径覆盖率（%）", "中类": "公服设施", "board": "民生基础需求", "类": "公服设施"}}, {"type": "Feature", "geometry": {"type": "Point", "coordinates": [111.33174992299688, 30.691104808266488]}, "properties": {"指标": "中学服务半径覆盖率（%）", "中类": "公服设施", "board": "民生基础需求", "类": "公服设施"}}, {"type": "Feature", "geometry": {"type": "Point", "coordinates": [111.33706570083629, 30.687580387517425]}, "properties": {"指标": "中学服务半径覆盖率（%）", "中类": "公服设施", "board": "民生基础需求", "类": "公服设施"}}, {"type": "Feature", "geometry": {"type": "Point", "coordinates": [111.33639775643707, 30.676563582393598]}, "properties": {"指标": "中学服务半径覆盖率（%）", "中类": "公服设施", "board": "民生基础需求", "类": "公服设施"}}, {"type": "Feature", "geometry": {"type": "Point", "coordinates": [111.36823389324034, 30.654407957906002]}, "properties": {"指标": "中学服务半径覆盖率（%）", "中类": "公服设施", "board": "民生基础需求", "类": "公服设施"}}, {"type": "Feature", "geometry": {"type": "Point", "coordinates": [111.34611234414768, 30.67690685195889]}, "properties": {"指标": "中学服务半径覆盖率（%）", "中类": "公服设施", "board": "民生基础需求", "类": "公服设施"}}, {"type": "Feature", "geometry": {"type": "Point", "coordinates": [111.33553138222187, 30.671136171720033]}, "properties": {"指标": "中学服务半径覆盖率（%）", "中类": "公服设施", "board": "民生基础需求", "类": "公服设施"}}, {"type": "Feature", "geometry": {"type": "Point", "coordinates": [111.33872399031686, 30.67556049418675]}, "properties": {"指标": "中学服务半径覆盖率（%）", "中类": "公服设施", "board": "民生基础需求", "类": "公服设施"}}, {"type": "Feature", "geometry": {"type": "Point", "coordinates": [111.34198487055626, 30.673919528796922]}, "properties": {"指标": "中学服务半径覆盖率（%）", "中类": "公服设施", "board": "民生基础需求", "类": "公服设施"}}, {"type": "Feature", "geometry": {"type": "Point", "coordinates": [111.32230040250532, 30.68015166050727]}, "properties": {"指标": "中学服务半径覆盖率（%）", "中类": "公服设施", "board": "民生基础需求", "类": "公服设施"}}, {"type": "Feature", "geometry": {"type": "Point", "coordinates": [111.34705656835436, 30.674109471655694]}, "properties": {"指标": "中学服务半径覆盖率（%）", "中类": "公服设施", "board": "民生基础需求", "类": "公服设施"}}, {"type": "Feature", "geometry": {"type": "Point", "coordinates": [111.34296538110496, 30.669411885170536]}, "properties": {"指标": "中学服务半径覆盖率（%）", "中类": "公服设施", "board": "民生基础需求", "类": "公服设施"}}, {"type": "Feature", "geometry": {"type": "Point", "coordinates": [111.34410898433907, 30.668710163311868]}, "properties": {"指标": "中学服务半径覆盖率（%）", "中类": "公服设施", "board": "民生基础需求", "类": "公服设施"}}, {"type": "Feature", "geometry": {"type": "Point", "coordinates": [111.37030005238704, 30.6543451671721]}, "properties": {"指标": "中学服务半径覆盖率（%）", "中类": "公服设施", "board": "民生基础需求", "类": "公服设施"}}, {"type": "Feature", "geometry": {"type": "Point", "coordinates": [111.36947545624635, 30.641881581710134]}, "properties": {"指标": "中学服务半径覆盖率（%）", "中类": "公服设施", "board": "民生基础需求", "类": "公服设施"}}, {"type": "Feature", "geometry": {"type": "Point", "coordinates": [111.32829882084656, 30.669990683472072]}, "properties": {"指标": "中学服务半径覆盖率（%）", "中类": "公服设施", "board": "民生基础需求", "类": "公服设施"}}, {"type": "Feature", "geometry": {"type": "Point", "coordinates": [111.36527772859917, 30.655953329835768]}, "properties": {"指标": "中学服务半径覆盖率（%）", "中类": "公服设施", "board": "民生基础需求", "类": "公服设施"}}, {"type": "Feature", "geometry": {"type": "Point", "coordinates": [111.34681434550497, 30.657154825909696]}, "properties": {"指标": "中学服务半径覆盖率（%）", "中类": "公服设施", "board": "民生基础需求", "类": "公服设施"}}, {"type": "Feature", "geometry": {"type": "Point", "coordinates": [111.36827852629627, 30.651773405840434]}, "properties": {"指标": "中学服务半径覆盖率（%）", "中类": "公服设施", "board": "民生基础需求", "类": "公服设施"}}, {"type": "Feature", "geometry": {"type": "Point", "coordinates": [111.39001090084687, 30.650807446166862]}, "properties": {"指标": "中学服务半径覆盖率（%）", "中类": "公服设施", "board": "民生基础需求", "类": "公服设施"}}, {"type": "Feature", "geometry": {"type": "Point", "coordinates": [111.33127696067486, 30.692272245192143]}, "properties": {"指标": "中学服务半径覆盖率（%）", "中类": "公服设施", "board": "民生基础需求", "类": "公服设施"}}, {"type": "Feature", "geometry": {"type": "Point", "coordinates": [111.36997506287588, 30.645166697380663]}, "properties": {"指标": "中学服务半径覆盖率（%）", "中类": "公服设施", "board": "民生基础需求", "类": "公服设施"}}, {"type": "Feature", "geometry": {"type": "Point", "coordinates": [111.34899158916669, 30.656291531398647]}, "properties": {"指标": "中学服务半径覆盖率（%）", "中类": "公服设施", "board": "民生基础需求", "类": "公服设施"}}, {"type": "Feature", "geometry": {"type": "Point", "coordinates": [111.38169912694923, 30.656222720530256]}, "properties": {"指标": "中学服务半径覆盖率（%）", "中类": "公服设施", "board": "民生基础需求", "类": "公服设施"}}, {"type": "Feature", "geometry": {"type": "Point", "coordinates": [111.37078890427618, 30.650341007348608]}, "properties": {"指标": "中学服务半径覆盖率（%）", "中类": "公服设施", "board": "民生基础需求", "类": "公服设施"}}, {"type": "Feature", "geometry": {"type": "Point", "coordinates": [111.39040380541661, 30.650900246059095]}, "properties": {"指标": "中学服务半径覆盖率（%）", "中类": "公服设施", "board": "民生基础需求", "类": "公服设施"}}, {"type": "Feature", "geometry": {"type": "Point", "coordinates": [111.32971753227544, 30.691148286955162]}, "properties": {"指标": "中学服务半径覆盖率（%）", "中类": "公服设施", "board": "民生基础需求", "类": "公服设施"}}, {"type": "Feature", "geometry": {"type": "Point", "coordinates": [111.36925383125445, 30.643124683685237]}, "properties": {"指标": "中学服务半径覆盖率（%）", "中类": "公服设施", "board": "民生基础需求", "类": "公服设施"}}, {"type": "Feature", "geometry": {"type": "Point", "coordinates": [111.3692929786037, 30.645111389153197]}, "properties": {"指标": "中学服务半径覆盖率（%）", "中类": "公服设施", "board": "民生基础需求", "类": "公服设施"}}, {"type": "Feature", "geometry": {"type": "Point", "coordinates": [111.34108670678661, 30.67808624127945]}, "properties": {"指标": "中学服务半径覆盖率（%）", "中类": "公服设施", "board": "民生基础需求", "类": "公服设施"}}, {"type": "Feature", "geometry": {"type": "Point", "coordinates": [111.37360765468945, 30.653229768212636]}, "properties": {"指标": "中学服务半径覆盖率（%）", "中类": "公服设施", "board": "民生基础需求", "类": "公服设施"}}, {"type": "Feature", "geometry": {"type": "Point", "coordinates": [111.37334220649649, 30.652508483840204]}, "properties": {"指标": "中学服务半径覆盖率（%）", "中类": "公服设施", "board": "民生基础需求", "类": "公服设施"}}, {"type": "Feature", "geometry": {"type": "Point", "coordinates": [111.37229085697516, 30.65381901087346]}, "properties": {"指标": "中学服务半径覆盖率（%）", "中类": "公服设施", "board": "民生基础需求", "类": "公服设施"}}, {"type": "Feature", "geometry": {"type": "Point", "coordinates": [111.37392940708762, 30.6541212403639]}, "properties": {"指标": "中学服务半径覆盖率（%）", "中类": "公服设施", "board": "民生基础需求", "类": "公服设施"}}, {"type": "Feature", "geometry": {"type": "Point", "coordinates": [111.3713224087567, 30.65167919813549]}, "properties": {"指标": "中学服务半径覆盖率（%）", "中类": "公服设施", "board": "民生基础需求", "类": "公服设施"}}, {"type": "Feature", "geometry": {"type": "Point", "coordinates": [111.37438173080399, 30.65020159413469]}, "properties": {"指标": "中学服务半径覆盖率（%）", "中类": "公服设施", "board": "民生基础需求", "类": "公服设施"}}, {"type": "Feature", "geometry": {"type": "Point", "coordinates": [111.37422322513052, 30.65089196260382]}, "properties": {"指标": "中学服务半径覆盖率（%）", "中类": "公服设施", "board": "民生基础需求", "类": "公服设施"}}, {"type": "Feature", "geometry": {"type": "Point", "coordinates": [111.36652937110428, 30.65059974983152]}, "properties": {"指标": "中学服务半径覆盖率（%）", "中类": "公服设施", "board": "民生基础需求", "类": "公服设施"}}, {"type": "Feature", "geometry": {"type": "Point", "coordinates": [111.36867686972002, 30.648783155931216]}, "properties": {"指标": "中学服务半径覆盖率（%）", "中类": "公服设施", "board": "民生基础需求", "类": "公服设施"}}, {"type": "Feature", "geometry": {"type": "Point", "coordinates": [111.36627847419635, 30.65114196711759]}, "properties": {"指标": "中学服务半径覆盖率（%）", "中类": "公服设施", "board": "民生基础需求", "类": "公服设施"}}, {"type": "Feature", "geometry": {"type": "Point", "coordinates": [111.3673613311666, 30.64999934480019]}, "properties": {"指标": "中学服务半径覆盖率（%）", "中类": "公服设施", "board": "民生基础需求", "类": "公服设施"}}, {"type": "Feature", "geometry": {"type": "Point", "coordinates": [111.34496821356531, 30.687085353167863]}, "properties": {"指标": "中学服务半径覆盖率（%）", "中类": "公服设施", "board": "民生基础需求", "类": "公服设施"}}, {"type": "Feature", "geometry": {"type": "Point", "coordinates": [111.36970865260209, 30.654553151128226]}, "properties": {"指标": "中学服务半径覆盖率（%）", "中类": "公服设施", "board": "民生基础需求", "类": "公服设施"}}, {"type": "Feature", "geometry": {"type": "Point", "coordinates": [111.37056043083949, 30.65565742531134]}, "properties": {"指标": "中学服务半径覆盖率（%）", "中类": "公服设施", "board": "民生基础需求", "类": "公服设施"}}, {"type": "Feature", "geometry": {"type": "Point", "coordinates": [111.36843472629478, 30.653315545196854]}, "properties": {"指标": "中学服务半径覆盖率（%）", "中类": "公服设施", "board": "民生基础需求", "类": "公服设施"}}, {"type": "Feature", "geometry": {"type": "Point", "coordinates": [111.35719317108409, 30.650490320048448]}, "properties": {"指标": "中学服务半径覆盖率（%）", "中类": "公服设施", "board": "民生基础需求", "类": "公服设施"}}, {"type": "Feature", "geometry": {"type": "Point", "coordinates": [111.35927326407409, 30.651501635612266]}, "properties": {"指标": "中学服务半径覆盖率（%）", "中类": "公服设施", "board": "民生基础需求", "类": "公服设施"}}, {"type": "Feature", "geometry": {"type": "Point", "coordinates": [111.30537674393582, 30.683949525793096]}, "properties": {"指标": "中学服务半径覆盖率（%）", "中类": "公服设施", "board": "民生基础需求", "类": "公服设施"}}, {"type": "Feature", "geometry": {"type": "Point", "coordinates": [111.29540624721835, 30.69598084485195]}, "properties": {"指标": "中学服务半径覆盖率（%）", "中类": "公服设施", "board": "民生基础需求", "类": "公服设施"}}, {"type": "Feature", "geometry": {"type": "Point", "coordinates": [111.3250251578003, 30.672041390530918]}, "properties": {"指标": "中学服务半径覆盖率（%）", "中类": "公服设施", "board": "民生基础需求", "类": "公服设施"}}, {"type": "Feature", "geometry": {"type": "Point", "coordinates": [111.31506598959504, 30.67540944862278]}, "properties": {"指标": "中学服务半径覆盖率（%）", "中类": "公服设施", "board": "民生基础需求", "类": "公服设施"}}, {"type": "Feature", "geometry": {"type": "Point", "coordinates": [111.30728449128101, 30.686165543248052]}, "properties": {"指标": "中学服务半径覆盖率（%）", "中类": "公服设施", "board": "民生基础需求", "类": "公服设施"}}, {"type": "Feature", "geometry": {"type": "Point", "coordinates": [111.34762565138948, 30.64801140485624]}, "properties": {"指标": "中学服务半径覆盖率（%）", "中类": "公服设施", "board": "民生基础需求", "类": "公服设施"}}, {"type": "Feature", "geometry": {"type": "Point", "coordinates": [111.34776015197036, 30.670934423410298]}, "properties": {"指标": "中学服务半径覆盖率（%）", "中类": "公服设施", "board": "民生基础需求", "类": "公服设施"}}, {"type": "Feature", "geometry": {"type": "Point", "coordinates": [111.34889315413716, 30.691920818290917]}, "properties": {"指标": "中学服务半径覆盖率（%）", "中类": "公服设施", "board": "民生基础需求", "类": "公服设施"}}, {"type": "Feature", "geometry": {"type": "Point", "coordinates": [111.3567038889469, 30.655085733106645]}, "properties": {"指标": "中学服务半径覆盖率（%）", "中类": "公服设施", "board": "民生基础需求", "类": "公服设施"}}, {"type": "Feature", "geometry": {"type": "Point", "coordinates": [111.29656230500541, 30.686595263594604]}, "properties": {"指标": "中学服务半径覆盖率（%）", "中类": "公服设施", "board": "民生基础需求", "类": "公服设施"}}, {"type": "Feature", "geometry": {"type": "Point", "coordinates": [111.32650693692818, 30.666962656322216]}, "properties": {"指标": "中学服务半径覆盖率（%）", "中类": "公服设施", "board": "民生基础需求", "类": "公服设施"}}, {"type": "Feature", "geometry": {"type": "Point", "coordinates": [111.34186302390835, 30.687328682229285]}, "properties": {"指标": "中学服务半径覆盖率（%）", "中类": "公服设施", "board": "民生基础需求", "类": "公服设施"}}, {"type": "Feature", "geometry": {"type": "Point", "coordinates": [111.32339710439273, 30.733478962294825]}, "properties": {"指标": "中学服务半径覆盖率（%）", "中类": "公服设施", "board": "民生基础需求", "类": "公服设施"}}, {"type": "Feature", "geometry": {"type": "Point", "coordinates": [111.32447739520651, 30.750889994439206]}, "properties": {"指标": "中学服务半径覆盖率（%）", "中类": "公服设施", "board": "民生基础需求", "类": "公服设施"}}, {"type": "Feature", "geometry": {"type": "Point", "coordinates": [111.31320041886964, 30.748858878819817]}, "properties": {"指标": "中学服务半径覆盖率（%）", "中类": "公服设施", "board": "民生基础需求", "类": "公服设施"}}, {"type": "Feature", "geometry": {"type": "Point", "coordinates": [111.31358929895973, 30.748374026394167]}, "properties": {"指标": "中学服务半径覆盖率（%）", "中类": "公服设施", "board": "民生基础需求", "类": "公服设施"}}, {"type": "Feature", "geometry": {"type": "Point", "coordinates": [111.3132837692783, 30.74964413053865]}, "properties": {"指标": "中学服务半径覆盖率（%）", "中类": "公服设施", "board": "民生基础需求", "类": "公服设施"}}, {"type": "Feature", "geometry": {"type": "Point", "coordinates": [111.33933271429437, 30.699367357309043]}, "properties": {"指标": "中学服务半径覆盖率（%）", "中类": "公服设施", "board": "民生基础需求", "类": "公服设施"}}, {"type": "Feature", "geometry": {"type": "Point", "coordinates": [111.33951514492425, 30.70421281369127]}, "properties": {"指标": "中学服务半径覆盖率（%）", "中类": "公服设施", "board": "民生基础需求", "类": "公服设施"}}, {"type": "Feature", "geometry": {"type": "Point", "coordinates": [111.3416729289103, 30.705779730010015]}, "properties": {"指标": "中学服务半径覆盖率（%）", "中类": "公服设施", "board": "民生基础需求", "类": "公服设施"}}, {"type": "Feature", "geometry": {"type": "Point", "coordinates": [111.33885773903344, 30.704625361419602]}, "properties": {"指标": "中学服务半径覆盖率（%）", "中类": "公服设施", "board": "民生基础需求", "类": "公服设施"}}, {"type": "Feature", "geometry": {"type": "Point", "coordinates": [111.34219134115396, 30.693200088364023]}, "properties": {"指标": "中学服务半径覆盖率（%）", "中类": "公服设施", "board": "民生基础需求", "类": "公服设施"}}, {"type": "Feature", "geometry": {"type": "Point", "coordinates": [111.3395514039451, 30.69309168715992]}, "properties": {"指标": "中学服务半径覆盖率（%）", "中类": "公服设施", "board": "民生基础需求", "类": "公服设施"}}, {"type": "Feature", "geometry": {"type": "Point", "coordinates": [111.34117895782214, 30.684153634601294]}, "properties": {"指标": "中学服务半径覆盖率（%）", "中类": "公服设施", "board": "民生基础需求", "类": "公服设施"}}, {"type": "Feature", "geometry": {"type": "Point", "coordinates": [111.34129306907117, 30.682190491782393]}, "properties": {"指标": "中学服务半径覆盖率（%）", "中类": "公服设施", "board": "民生基础需求", "类": "公服设施"}}, {"type": "Feature", "geometry": {"type": "Point", "coordinates": [111.34815800944124, 30.68885652505717]}, "properties": {"指标": "中学服务半径覆盖率（%）", "中类": "公服设施", "board": "民生基础需求", "类": "公服设施"}}, {"type": "Feature", "geometry": {"type": "Point", "coordinates": [111.34574311061193, 30.68051546960276]}, "properties": {"指标": "中学服务半径覆盖率（%）", "中类": "公服设施", "board": "民生基础需求", "类": "公服设施"}}, {"type": "Feature", "geometry": {"type": "Point", "coordinates": [111.32502113439071, 30.74191016442365]}, "properties": {"指标": "中学服务半径覆盖率（%）", "中类": "公服设施", "board": "民生基础需求", "类": "公服设施"}}, {"type": "Feature", "geometry": {"type": "Point", "coordinates": [111.33925950421037, 30.670648511281907]}, "properties": {"指标": "中学服务半径覆盖率（%）", "中类": "公服设施", "board": "民生基础需求", "类": "公服设施"}}, {"type": "Feature", "geometry": {"type": "Point", "coordinates": [111.34860956685142, 30.678568494206868]}, "properties": {"指标": "中学服务半径覆盖率（%）", "中类": "公服设施", "board": "民生基础需求", "类": "公服设施"}}, {"type": "Feature", "geometry": {"type": "Point", "coordinates": [111.35905669286154, 30.647746795144347]}, "properties": {"指标": "中学服务半径覆盖率（%）", "中类": "公服设施", "board": "民生基础需求", "类": "公服设施"}}, {"type": "Feature", "geometry": {"type": "Point", "coordinates": [111.34042181604649, 30.68612501479245]}, "properties": {"指标": "中学服务半径覆盖率（%）", "中类": "公服设施", "board": "民生基础需求", "类": "公服设施"}}, {"type": "Feature", "geometry": {"type": "Point", "coordinates": [111.32605376859627, 30.739692147880493]}, "properties": {"指标": "中学服务半径覆盖率（%）", "中类": "公服设施", "board": "民生基础需求", "类": "公服设施"}}, {"type": "Feature", "geometry": {"type": "Point", "coordinates": [111.2803849268639, 30.720576448075878]}, "properties": {"指标": "非成套住宅数量（套）", "中类": "住房", "board": "民生基础需求", "类": "住房"}}, {"type": "Feature", "geometry": {"type": "Point", "coordinates": [111.2734425897926, 30.723204235373103]}, "properties": {"指标": "非成套住宅数量（套）", "中类": "住房", "board": "民生基础需求", "类": "住房"}}, {"type": "Feature", "geometry": {"type": "Point", "coordinates": [111.28070141685444, 30.720427725257736]}, "properties": {"指标": "非成套住宅数量（套）", "中类": "住房", "board": "民生基础需求", "类": "住房"}}, {"type": "Feature", "geometry": {"type": "Point", "coordinates": [111.2726828576091, 30.71817222593498]}, "properties": {"指标": "非成套住宅数量（套）", "中类": "住房", "board": "民生基础需求", "类": "住房"}}, {"type": "Feature", "geometry": {"type": "Point", "coordinates": [111.27261300994529, 30.723311766476215]}, "properties": {"指标": "非成套住宅数量（套）", "中类": "住房", "board": "民生基础需求", "类": "住房"}}, {"type": "Feature", "geometry": {"type": "Point", "coordinates": [111.28049531326639, 30.720087456536525]}, "properties": {"指标": "非成套住宅数量（套）", "中类": "住房", "board": "民生基础需求", "类": "住房"}}, {"type": "Feature", "geometry": {"type": "Point", "coordinates": [111.28837667440533, 30.730954456580104]}, "properties": {"指标": "非成套住宅数量（套）", "中类": "住房", "board": "民生基础需求", "类": "住房"}}, {"type": "Feature", "geometry": {"type": "Point", "coordinates": [111.28858805633314, 30.730518343247393]}, "properties": {"指标": "非成套住宅数量（套）", "中类": "住房", "board": "民生基础需求", "类": "住房"}}, {"type": "Feature", "geometry": {"type": "Point", "coordinates": [111.29280217500592, 30.73136923250771]}, "properties": {"指标": "非成套住宅数量（套）", "中类": "住房", "board": "民生基础需求", "类": "住房"}}, {"type": "Feature", "geometry": {"type": "Point", "coordinates": [111.28985583038623, 30.72964710551695]}, "properties": {"指标": "非成套住宅数量（套）", "中类": "住房", "board": "民生基础需求", "类": "住房"}}, {"type": "Feature", "geometry": {"type": "Point", "coordinates": [111.27465636373088, 30.725155628954674]}, "properties": {"指标": "非成套住宅数量（套）", "中类": "住房", "board": "民生基础需求", "类": "住房"}}, {"type": "Feature", "geometry": {"type": "Point", "coordinates": [111.2802767914058, 30.72042991366586]}, "properties": {"指标": "非成套住宅数量（套）", "中类": "住房", "board": "民生基础需求", "类": "住房"}}, {"type": "Feature", "geometry": {"type": "Point", "coordinates": [111.28960317275353, 30.737159276578367]}, "properties": {"指标": "非成套住宅数量（套）", "中类": "住房", "board": "民生基础需求", "类": "住房"}}, {"type": "Feature", "geometry": {"type": "Point", "coordinates": [111.274488049913, 30.72393773521763]}, "properties": {"指标": "非成套住宅数量（套）", "中类": "住房", "board": "民生基础需求", "类": "住房"}}, {"type": "Feature", "geometry": {"type": "Point", "coordinates": [111.272991352437, 30.72239896184513]}, "properties": {"指标": "非成套住宅数量（套）", "中类": "住房", "board": "民生基础需求", "类": "住房"}}, {"type": "Feature", "geometry": {"type": "Point", "coordinates": [111.28018575479389, 30.720279222137286]}, "properties": {"指标": "非成套住宅数量（套）", "中类": "住房", "board": "民生基础需求", "类": "住房"}}, {"type": "Feature", "geometry": {"type": "Point", "coordinates": [111.2736707408953, 30.72266614564009]}, "properties": {"指标": "非成套住宅数量（套）", "中类": "住房", "board": "民生基础需求", "类": "住房"}}, {"type": "Feature", "geometry": {"type": "Point", "coordinates": [111.2730781591904, 30.7226018815078]}, "properties": {"指标": "非成套住宅数量（套）", "中类": "住房", "board": "民生基础需求", "类": "住房"}}, {"type": "Feature", "geometry": {"type": "Point", "coordinates": [111.2811225687994, 30.71785012421717]}, "properties": {"指标": "非成套住宅数量（套）", "中类": "住房", "board": "民生基础需求", "类": "住房"}}, {"type": "Feature", "geometry": {"type": "Point", "coordinates": [111.27245962793441, 30.723128036969598]}, "properties": {"指标": "非成套住宅数量（套）", "中类": "住房", "board": "民生基础需求", "类": "住房"}}, {"type": "Feature", "geometry": {"type": "Point", "coordinates": [111.27434019135998, 30.724284694934763]}, "properties": {"指标": "非成套住宅数量（套）", "中类": "住房", "board": "民生基础需求", "类": "住房"}}, {"type": "Feature", "geometry": {"type": "Point", "coordinates": [111.28942689139302, 30.736577441819207]}, "properties": {"指标": "非成套住宅数量（套）", "中类": "住房", "board": "民生基础需求", "类": "住房"}}, {"type": "Feature", "geometry": {"type": "Point", "coordinates": [111.28334901476211, 30.724761776263314]}, "properties": {"指标": "非成套住宅数量（套）", "中类": "住房", "board": "民生基础需求", "类": "住房"}}, {"type": "Feature", "geometry": {"type": "Point", "coordinates": [111.28955381441556, 30.7369483439725]}, "properties": {"指标": "非成套住宅数量（套）", "中类": "住房", "board": "民生基础需求", "类": "住房"}}, {"type": "Feature", "geometry": {"type": "Point", "coordinates": [111.27304096720104, 30.722108399206807]}, "properties": {"指标": "非成套住宅数量（套）", "中类": "住房", "board": "民生基础需求", "类": "住房"}}, {"type": "Feature", "geometry": {"type": "Point", "coordinates": [111.2705774310014, 30.719762171132402]}, "properties": {"指标": "非成套住宅数量（套）", "中类": "住房", "board": "民生基础需求", "类": "住房"}}, {"type": "Feature", "geometry": {"type": "Point", "coordinates": [111.29296973290758, 30.734858964006857]}, "properties": {"指标": "非成套住宅数量（套）", "中类": "住房", "board": "民生基础需求", "类": "住房"}}, {"type": "Feature", "geometry": {"type": "Point", "coordinates": [111.27330718800648, 30.72300605268997]}, "properties": {"指标": "非成套住宅数量（套）", "中类": "住房", "board": "民生基础需求", "类": "住房"}}, {"type": "Feature", "geometry": {"type": "Point", "coordinates": [111.29339849558336, 30.731650886047518]}, "properties": {"指标": "非成套住宅数量（套）", "中类": "住房", "board": "民生基础需求", "类": "住房"}}, {"type": "Feature", "geometry": {"type": "Point", "coordinates": [111.28908396427454, 30.726536785698016]}, "properties": {"指标": "非成套住宅数量（套）", "中类": "住房", "board": "民生基础需求", "类": "住房"}}, {"type": "Feature", "geometry": {"type": "Point", "coordinates": [111.28030917843594, 30.71820739171127]}, "properties": {"指标": "非成套住宅数量（套）", "中类": "住房", "board": "民生基础需求", "类": "住房"}}, {"type": "Feature", "geometry": {"type": "Point", "coordinates": [111.30695828226314, 30.704695540072848]}, "properties": {"指标": "需要进行适老化改造的住宅数量（栋）", "中类": "住房", "board": "民生基础需求", "类": "住房"}}, {"type": "Feature", "geometry": {"type": "Point", "coordinates": [111.29804182526935, 30.731122250475664]}, "properties": {"指标": "需要进行适老化改造的住宅数量（栋）", "中类": "住房", "board": "民生基础需求", "类": "住房"}}, {"type": "Feature", "geometry": {"type": "Point", "coordinates": [111.31150143085381, 30.688509084299973]}, "properties": {"指标": "需要进行适老化改造的住宅数量（栋）", "中类": "住房", "board": "民生基础需求", "类": "住房"}}, {"type": "Feature", "geometry": {"type": "Point", "coordinates": [111.30613890337943, 30.682363100991974]}, "properties": {"指标": "需要进行适老化改造的住宅数量（栋）", "中类": "住房", "board": "民生基础需求", "类": "住房"}}, {"type": "Feature", "geometry": {"type": "Point", "coordinates": [111.307896217863, 30.704663894210615]}, "properties": {"指标": "需要进行适老化改造的住宅数量（栋）", "中类": "住房", "board": "民生基础需求", "类": "住房"}}, {"type": "Feature", "geometry": {"type": "Point", "coordinates": [111.30647941569202, 30.704207341056367]}, "properties": {"指标": "需要进行适老化改造的住宅数量（栋）", "中类": "住房", "board": "民生基础需求", "类": "住房"}}, {"type": "Feature", "geometry": {"type": "Point", "coordinates": [111.30649879770907, 30.705305431570995]}, "properties": {"指标": "需要进行适老化改造的住宅数量（栋）", "中类": "住房", "board": "民生基础需求", "类": "住房"}}, {"type": "Feature", "geometry": {"type": "Point", "coordinates": [111.30569923802274, 30.682795342750634]}, "properties": {"指标": "需要进行适老化改造的住宅数量（栋）", "中类": "住房", "board": "民生基础需求", "类": "住房"}}, {"type": "Feature", "geometry": {"type": "Point", "coordinates": [111.30589745926208, 30.68260944095836]}, "properties": {"指标": "需要进行适老化改造的住宅数量（栋）", "中类": "住房", "board": "民生基础需求", "类": "住房"}}, {"type": "Feature", "geometry": {"type": "Point", "coordinates": [111.30649745491823, 30.705065727309318]}, "properties": {"指标": "需要进行适老化改造的住宅数量（栋）", "中类": "住房", "board": "民生基础需求", "类": "住房"}}, {"type": "Feature", "geometry": {"type": "Point", "coordinates": [111.30695978475659, 30.705303947398153]}, "properties": {"指标": "需要进行适老化改造的住宅数量（栋）", "中类": "住房", "board": "民生基础需求", "类": "住房"}}, {"type": "Feature", "geometry": {"type": "Point", "coordinates": [111.31228632496513, 30.689990627456613]}, "properties": {"指标": "需要进行适老化改造的住宅数量（栋）", "中类": "住房", "board": "民生基础需求", "类": "住房"}}, {"type": "Feature", "geometry": {"type": "Point", "coordinates": [111.30699216528544, 30.703966072342638]}, "properties": {"指标": "需要进行适老化改造的住宅数量（栋）", "中类": "住房", "board": "民生基础需求", "类": "住房"}}, {"type": "Feature", "geometry": {"type": "Point", "coordinates": [111.29521238819633, 30.699049656729883]}, "properties": {"指标": "需要进行适老化改造的住宅数量（栋）", "中类": "住房", "board": "民生基础需求", "类": "住房"}}, {"type": "Feature", "geometry": {"type": "Point", "coordinates": [111.30563149942576, 30.68252283467211]}, "properties": {"指标": "需要进行适老化改造的住宅数量（栋）", "中类": "住房", "board": "民生基础需求", "类": "住房"}}, {"type": "Feature", "geometry": {"type": "Point", "coordinates": [111.30695760400971, 30.704448782127884]}, "properties": {"指标": "需要进行适老化改造的住宅数量（栋）", "中类": "住房", "board": "民生基础需求", "类": "住房"}}, {"type": "Feature", "geometry": {"type": "Point", "coordinates": [111.30648147645219, 30.70372915534362]}, "properties": {"指标": "需要进行适老化改造的住宅数量（栋）", "中类": "住房", "board": "民生基础需求", "类": "住房"}}, {"type": "Feature", "geometry": {"type": "Point", "coordinates": [111.30649781612279, 30.70445685656028]}, "properties": {"指标": "需要进行适老化改造的住宅数量（栋）", "中类": "住房", "board": "民生基础需求", "类": "住房"}}, {"type": "Feature", "geometry": {"type": "Point", "coordinates": [111.2879322594658, 30.714807328004877]}, "properties": {"指标": "需要进行适老化改造的住宅数量（栋）", "中类": "住房", "board": "民生基础需求", "类": "住房"}}, {"type": "Feature", "geometry": {"type": "Point", "coordinates": [111.28875975070144, 30.69153733924071]}, "properties": {"指标": "需要进行适老化改造的住宅数量（栋）", "中类": "住房", "board": "民生基础需求", "类": "住房"}}, {"type": "Feature", "geometry": {"type": "Point", "coordinates": [111.30695285503691, 30.705053101503147]}, "properties": {"指标": "需要进行适老化改造的住宅数量（栋）", "中类": "住房", "board": "民生基础需求", "类": "住房"}}, {"type": "Feature", "geometry": {"type": "Point", "coordinates": [111.31411088632365, 30.67408141329901]}, "properties": {"指标": "需要进行适老化改造的住宅数量（栋）", "中类": "住房", "board": "民生基础需求", "类": "住房"}}, {"type": "Feature", "geometry": {"type": "Point", "coordinates": [111.31081337485608, 30.704411258219768]}, "properties": {"指标": "需要进行适老化改造的住宅数量（栋）", "中类": "住房", "board": "民生基础需求", "类": "住房"}}, {"type": "Feature", "geometry": {"type": "Point", "coordinates": [111.29370226157982, 30.70210275470339]}, "properties": {"指标": "需要进行适老化改造的住宅数量（栋）", "中类": "住房", "board": "民生基础需求", "类": "住房"}}, {"type": "Feature", "geometry": {"type": "Point", "coordinates": [111.2889099338066, 30.69113198671983]}, "properties": {"指标": "需要进行适老化改造的住宅数量（栋）", "中类": "住房", "board": "民生基础需求", "类": "住房"}}, {"type": "Feature", "geometry": {"type": "Point", "coordinates": [111.29730490158252, 30.73093970528051]}, "properties": {"指标": "需要进行适老化改造的住宅数量（栋）", "中类": "住房", "board": "民生基础需求", "类": "住房"}}, {"type": "Feature", "geometry": {"type": "Point", "coordinates": [111.30699210001384, 30.704205640641035]}, "properties": {"指标": "需要进行适老化改造的住宅数量（栋）", "中类": "住房", "board": "民生基础需求", "类": "住房"}}, {"type": "Feature", "geometry": {"type": "Point", "coordinates": [111.30597861527781, 30.682482582481605]}, "properties": {"指标": "需要进行适老化改造的住宅数量（栋）", "中类": "住房", "board": "民生基础需求", "类": "住房"}}, {"type": "Feature", "geometry": {"type": "Point", "coordinates": [111.30699394550643, 30.70372675942765]}, "properties": {"指标": "需要进行适老化改造的住宅数量（栋）", "中类": "住房", "board": "民生基础需求", "类": "住房"}}, {"type": "Feature", "geometry": {"type": "Point", "coordinates": [111.30642642946215, 30.706118446622302]}, "properties": {"指标": "需要进行适老化改造的住宅数量（栋）", "中类": "住房", "board": "民生基础需求", "类": "住房"}}, {"type": "Feature", "geometry": {"type": "Point", "coordinates": [111.28885798330516, 30.691076773133926]}, "properties": {"指标": "需要进行适老化改造的住宅数量（栋）", "中类": "住房", "board": "民生基础需求", "类": "住房"}}, {"type": "Feature", "geometry": {"type": "Point", "coordinates": [111.2883366486305, 30.715334212978327]}, "properties": {"指标": "需要进行适老化改造的住宅数量（栋）", "中类": "住房", "board": "民生基础需求", "类": "住房"}}, {"type": "Feature", "geometry": {"type": "Point", "coordinates": [111.29506477970155, 30.699285532854073]}, "properties": {"指标": "需要进行适老化改造的住宅数量（栋）", "中类": "住房", "board": "民生基础需求", "类": "住房"}}, {"type": "Feature", "geometry": {"type": "Point", "coordinates": [111.30600475500785, 30.68236842728088]}, "properties": {"指标": "需要进行适老化改造的住宅数量（栋）", "中类": "住房", "board": "民生基础需求", "类": "住房"}}, {"type": "Feature", "geometry": {"type": "Point", "coordinates": [111.3056091382433, 30.683061071992885]}, "properties": {"指标": "需要进行适老化改造的住宅数量（栋）", "中类": "住房", "board": "民生基础需求", "类": "住房"}}, {"type": "Feature", "geometry": {"type": "Point", "coordinates": [111.29747019705049, 30.730790024291387]}, "properties": {"指标": "需要进行适老化改造的住宅数量（栋）", "中类": "住房", "board": "民生基础需求", "类": "住房"}}, {"type": "Feature", "geometry": {"type": "Point", "coordinates": [111.30648421323312, 30.703969395475784]}, "properties": {"指标": "需要进行适老化改造的住宅数量（栋）", "中类": "住房", "board": "民生基础需求", "类": "住房"}}, {"type": "Feature", "geometry": {"type": "Point", "coordinates": [111.30641482664207, 30.706716075852288]}, "properties": {"指标": "需要进行适老化改造的住宅数量（栋）", "中类": "住房", "board": "民生基础需求", "类": "住房"}}, {"type": "Feature", "geometry": {"type": "Point", "coordinates": [111.30649674585197, 30.70470314749851]}, "properties": {"指标": "需要进行适老化改造的住宅数量（栋）", "中类": "住房", "board": "民生基础需求", "类": "住房"}}, {"type": "Feature", "geometry": {"type": "Point", "coordinates": [111.296357, 30.696726]}, "properties": {"指标": "停车泊位缺口数（个）", "中类": "停车设施", "board": "民生基础需求", "类": "停车设施"}}, {"type": "Feature", "geometry": {"type": "Point", "coordinates": [111.288358, 30.708491]}, "properties": {"指标": "停车泊位缺口数（个）", "中类": "停车设施", "board": "民生基础需求", "类": "停车设施"}}, {"type": "Feature", "geometry": {"type": "Point", "coordinates": [111.293021, 30.725234]}, "properties": {"指标": "停车泊位缺口数（个）", "中类": "停车设施", "board": "民生基础需求", "类": "停车设施"}}, {"type": "Feature", "geometry": {"type": "Point", "coordinates": [111.309816, 30.706365]}, "properties": {"指标": "停车泊位缺口数（个）", "中类": "停车设施", "board": "民生基础需求", "类": "停车设施"}}, {"type": "Feature", "geometry": {"type": "Point", "coordinates": [111.29217, 30.733531]}, "properties": {"指标": "停车泊位缺口数（个）", "中类": "停车设施", "board": "民生基础需求", "类": "停车设施"}}, {"type": "Feature", "geometry": {"type": "Point", "coordinates": [111.297034, 30.708713]}, "properties": {"指标": "停车泊位缺口数（个）", "中类": "停车设施", "board": "民生基础需求", "类": "停车设施"}}, {"type": "Feature", "geometry": {"type": "Point", "coordinates": [111.294518, 30.690903]}, "properties": {"指标": "停车泊位缺口数（个）", "中类": "停车设施", "board": "民生基础需求", "类": "停车设施"}}, {"type": "Feature", "geometry": {"type": "Point", "coordinates": [111.278259, 30.715184]}, "properties": {"指标": "停车泊位缺口数（个）", "中类": "停车设施", "board": "民生基础需求", "类": "停车设施"}}, {"type": "Feature", "geometry": {"type": "Point", "coordinates": [111.355258, 30.644507]}, "properties": {"指标": "停车泊位缺口数（个）", "中类": "停车设施", "board": "民生基础需求", "类": "停车设施"}}, {"type": "Feature", "geometry": {"type": "Point", "coordinates": [111.290318, 30.712872]}, "properties": {"指标": "停车泊位缺口数（个）", "中类": "停车设施", "board": "民生基础需求", "类": "停车设施"}}, {"type": "Feature", "geometry": {"type": "Point", "coordinates": [111.303175, 30.685193]}, "properties": {"指标": "停车泊位缺口数（个）", "中类": "停车设施", "board": "民生基础需求", "类": "停车设施"}}, {"type": "Feature", "geometry": {"type": "Point", "coordinates": [111.303773, 30.689757]}, "properties": {"指标": "停车泊位缺口数（个）", "中类": "停车设施", "board": "民生基础需求", "类": "停车设施"}}, {"type": "Feature", "geometry": {"type": "Point", "coordinates": [111.29451, 30.698231]}, "properties": {"指标": "停车泊位缺口数（个）", "中类": "停车设施", "board": "民生基础需求", "类": "停车设施"}}, {"type": "Feature", "geometry": {"type": "Point", "coordinates": [111.303056, 30.719281]}, "properties": {"指标": "停车泊位缺口数（个）", "中类": "停车设施", "board": "民生基础需求", "类": "停车设施"}}, {"type": "Feature", "geometry": {"type": "Point", "coordinates": [111.297422, 30.705311]}, "properties": {"指标": "停车泊位缺口数（个）", "中类": "停车设施", "board": "民生基础需求", "类": "停车设施"}}, {"type": "Feature", "geometry": {"type": "Point", "coordinates": [111.275057, 30.714095]}, "properties": {"指标": "停车泊位缺口数（个）", "中类": "停车设施", "board": "民生基础需求", "类": "停车设施"}}, {"type": "Feature", "geometry": {"type": "Point", "coordinates": [111.279288, 30.707016]}, "properties": {"指标": "停车泊位缺口数（个）", "中类": "停车设施", "board": "民生基础需求", "类": "停车设施"}}, {"type": "Feature", "geometry": {"type": "Point", "coordinates": [111.325671, 30.713098]}, "properties": {"指标": "停车泊位缺口数（个）", "中类": "停车设施", "board": "民生基础需求", "类": "停车设施"}}, {"type": "Feature", "geometry": {"type": "Point", "coordinates": [111.34016, 30.646974]}, "properties": {"指标": "停车泊位缺口数（个）", "中类": "停车设施", "board": "民生基础需求", "类": "停车设施"}}, {"type": "Feature", "geometry": {"type": "Point", "coordinates": [111.288262, 30.695898]}, "properties": {"指标": "停车泊位缺口数（个）", "中类": "停车设施", "board": "民生基础需求", "类": "停车设施"}}, {"type": "Feature", "geometry": {"type": "Point", "coordinates": [111.289771, 30.722479]}, "properties": {"指标": "停车泊位缺口数（个）", "中类": "停车设施", "board": "民生基础需求", "类": "停车设施"}}, {"type": "Feature", "geometry": {"type": "Point", "coordinates": [111.287297, 30.710647]}, "properties": {"指标": "停车泊位缺口数（个）", "中类": "停车设施", "board": "民生基础需求", "类": "停车设施"}}, {"type": "Feature", "geometry": {"type": "Point", "coordinates": [111.297135, 30.731504]}, "properties": {"指标": "停车泊位缺口数（个）", "中类": "停车设施", "board": "民生基础需求", "类": "停车设施"}}, {"type": "Feature", "geometry": {"type": "Point", "coordinates": [111.292515, 30.709968]}, "properties": {"指标": "停车泊位缺口数（个）", "中类": "停车设施", "board": "民生基础需求", "类": "停车设施"}}, {"type": "Feature", "geometry": {"type": "Point", "coordinates": [111.296584, 30.692886]}, "properties": {"指标": "停车泊位缺口数（个）", "中类": "停车设施", "board": "民生基础需求", "类": "停车设施"}}, {"type": "Feature", "geometry": {"type": "Point", "coordinates": [111.295307, 30.713781]}, "properties": {"指标": "停车泊位缺口数（个）", "中类": "停车设施", "board": "民生基础需求", "类": "停车设施"}}, {"type": "Feature", "geometry": {"type": "Point", "coordinates": [111.280028, 30.71498]}, "properties": {"指标": "停车泊位缺口数（个）", "中类": "停车设施", "board": "民生基础需求", "类": "停车设施"}}, {"type": "Feature", "geometry": {"type": "Point", "coordinates": [111.29222, 30.712349]}, "properties": {"指标": "停车泊位缺口数（个）", "中类": "停车设施", "board": "民生基础需求", "类": "停车设施"}}, {"type": "Feature", "geometry": {"type": "Point", "coordinates": [111.353922, 30.64478]}, "properties": {"指标": "停车泊位缺口数（个）", "中类": "停车设施", "board": "民生基础需求", "类": "停车设施"}}, {"type": "Feature", "geometry": {"type": "Point", "coordinates": [111.34048, 30.722079]}, "properties": {"指标": "停车泊位缺口数（个）", "中类": "停车设施", "board": "民生基础需求", "类": "停车设施"}}, {"type": "Feature", "geometry": {"type": "Point", "coordinates": [111.293244, 30.709305]}, "properties": {"指标": "停车泊位缺口数（个）", "中类": "停车设施", "board": "民生基础需求", "类": "停车设施"}}, {"type": "Feature", "geometry": {"type": "Point", "coordinates": [111.292285, 30.708549]}, "properties": {"指标": "停车泊位缺口数（个）", "中类": "停车设施", "board": "民生基础需求", "类": "停车设施"}}, {"type": "Feature", "geometry": {"type": "Point", "coordinates": [111.294437, 30.734705]}, "properties": {"指标": "停车泊位缺口数（个）", "中类": "停车设施", "board": "民生基础需求", "类": "停车设施"}}, {"type": "Feature", "geometry": {"type": "Point", "coordinates": [111.279302, 30.704197]}, "properties": {"指标": "停车泊位缺口数（个）", "中类": "停车设施", "board": "民生基础需求", "类": "停车设施"}}, {"type": "Feature", "geometry": {"type": "Point", "coordinates": [111.286851, 30.709671]}, "properties": {"指标": "停车泊位缺口数（个）", "中类": "停车设施", "board": "民生基础需求", "类": "停车设施"}}, {"type": "Feature", "geometry": {"type": "Point", "coordinates": [111.29217, 30.733531]}, "properties": {"指标": "停车泊位缺口数（个）", "中类": "停车设施", "board": "民生基础需求", "类": "停车设施"}}, {"type": "Feature", "geometry": {"type": "Point", "coordinates": [111.292413, 30.697069]}, "properties": {"指标": "停车泊位缺口数（个）", "中类": "停车设施", "board": "民生基础需求", "类": "停车设施"}}, {"type": "Feature", "geometry": {"type": "Point", "coordinates": [111.289672, 30.707959]}, "properties": {"指标": "停车泊位缺口数（个）", "中类": "停车设施", "board": "民生基础需求", "类": "停车设施"}}, {"type": "Feature", "geometry": {"type": "Point", "coordinates": [111.288004, 30.698995]}, "properties": {"指标": "停车泊位缺口数（个）", "中类": "停车设施", "board": "民生基础需求", "类": "停车设施"}}, {"type": "Feature", "geometry": {"type": "Point", "coordinates": [111.288455, 30.737538]}, "properties": {"指标": "停车泊位缺口数（个）", "中类": "停车设施", "board": "民生基础需求", "类": "停车设施"}}, {"type": "Feature", "geometry": {"type": "Point", "coordinates": [111.290457, 30.700587]}, "properties": {"指标": "停车泊位缺口数（个）", "中类": "停车设施", "board": "民生基础需求", "类": "停车设施"}}, {"type": "Feature", "geometry": {"type": "Point", "coordinates": [111.292985, 30.712984]}, "properties": {"指标": "停车泊位缺口数（个）", "中类": "停车设施", "board": "民生基础需求", "类": "停车设施"}}, {"type": "Feature", "geometry": {"type": "Point", "coordinates": [111.309804, 30.70856]}, "properties": {"指标": "停车泊位缺口数（个）", "中类": "停车设施", "board": "民生基础需求", "类": "停车设施"}}, {"type": "Feature", "geometry": {"type": "Point", "coordinates": [111.278105, 30.728902]}, "properties": {"指标": "停车泊位缺口数（个）", "中类": "停车设施", "board": "民生基础需求", "类": "停车设施"}}, {"type": "Feature", "geometry": {"type": "Point", "coordinates": [111.306026, 30.695871]}, "properties": {"指标": "停车泊位缺口数（个）", "中类": "停车设施", "board": "民生基础需求", "类": "停车设施"}}, {"type": "Feature", "geometry": {"type": "Point", "coordinates": [111.312347, 30.699467]}, "properties": {"指标": "停车泊位缺口数（个）", "中类": "停车设施", "board": "民生基础需求", "类": "停车设施"}}, {"type": "Feature", "geometry": {"type": "Point", "coordinates": [111.294591, 30.713609]}, "properties": {"指标": "停车泊位缺口数（个）", "中类": "停车设施", "board": "民生基础需求", "类": "停车设施"}}, {"type": "Feature", "geometry": {"type": "Point", "coordinates": [111.297961, 30.696291]}, "properties": {"指标": "停车泊位缺口数（个）", "中类": "停车设施", "board": "民生基础需求", "类": "停车设施"}}, {"type": "Feature", "geometry": {"type": "Point", "coordinates": [111.307187, 30.706028]}, "properties": {"指标": "停车泊位缺口数（个）", "中类": "停车设施", "board": "民生基础需求", "类": "停车设施"}}, {"type": "Feature", "geometry": {"type": "Point", "coordinates": [111.308865, 30.688489]}, "properties": {"指标": "停车泊位缺口数（个）", "中类": "停车设施", "board": "民生基础需求", "类": "停车设施"}}, {"type": "Feature", "geometry": {"type": "Point", "coordinates": [111.290855, 30.694923]}, "properties": {"指标": "停车泊位缺口数（个）", "中类": "停车设施", "board": "民生基础需求", "类": "停车设施"}}, {"type": "Feature", "geometry": {"type": "Point", "coordinates": [111.279444, 30.712777]}, "properties": {"指标": "停车泊位缺口数（个）", "中类": "停车设施", "board": "民生基础需求", "类": "停车设施"}}, {"type": "Feature", "geometry": {"type": "Point", "coordinates": [111.290953, 30.723558]}, "properties": {"指标": "停车泊位缺口数（个）", "中类": "停车设施", "board": "民生基础需求", "类": "停车设施"}}, {"type": "Feature", "geometry": {"type": "Point", "coordinates": [111.292134, 30.691672]}, "properties": {"指标": "停车泊位缺口数（个）", "中类": "停车设施", "board": "民生基础需求", "类": "停车设施"}}, {"type": "Feature", "geometry": {"type": "Point", "coordinates": [111.294009, 30.724647]}, "properties": {"指标": "停车泊位缺口数（个）", "中类": "停车设施", "board": "民生基础需求", "类": "停车设施"}}, {"type": "Feature", "geometry": {"type": "Point", "coordinates": [111.284594, 30.704764]}, "properties": {"指标": "停车泊位缺口数（个）", "中类": "停车设施", "board": "民生基础需求", "类": "停车设施"}}, {"type": "Feature", "geometry": {"type": "Point", "coordinates": [111.287577, 30.726115]}, "properties": {"指标": "停车泊位缺口数（个）", "中类": "停车设施", "board": "民生基础需求", "类": "停车设施"}}, {"type": "Feature", "geometry": {"type": "Point", "coordinates": [111.278401, 30.729845]}, "properties": {"指标": "停车泊位缺口数（个）", "中类": "停车设施", "board": "民生基础需求", "类": "停车设施"}}, {"type": "Feature", "geometry": {"type": "Point", "coordinates": [111.288257, 30.709844]}, "properties": {"指标": "停车泊位缺口数（个）", "中类": "停车设施", "board": "民生基础需求", "类": "停车设施"}}, {"type": "Feature", "geometry": {"type": "Point", "coordinates": [111.29151, 30.707344]}, "properties": {"指标": "停车泊位缺口数（个）", "中类": "停车设施", "board": "民生基础需求", "类": "停车设施"}}, {"type": "Feature", "geometry": {"type": "Point", "coordinates": [111.323412, 30.669757]}, "properties": {"指标": "停车泊位缺口数（个）", "中类": "停车设施", "board": "民生基础需求", "类": "停车设施"}}, {"type": "Feature", "geometry": {"type": "Point", "coordinates": [111.300736, 30.706532]}, "properties": {"指标": "停车泊位缺口数（个）", "中类": "停车设施", "board": "民生基础需求", "类": "停车设施"}}, {"type": "Feature", "geometry": {"type": "Point", "coordinates": [111.302914, 30.690356]}, "properties": {"指标": "停车泊位缺口数（个）", "中类": "停车设施", "board": "民生基础需求", "类": "停车设施"}}, {"type": "Feature", "geometry": {"type": "Point", "coordinates": [111.293664, 30.714153]}, "properties": {"指标": "停车泊位缺口数（个）", "中类": "停车设施", "board": "民生基础需求", "类": "停车设施"}}, {"type": "Feature", "geometry": {"type": "Point", "coordinates": [111.300234, 30.696097]}, "properties": {"指标": "停车泊位缺口数（个）", "中类": "停车设施", "board": "民生基础需求", "类": "停车设施"}}, {"type": "Feature", "geometry": {"type": "Point", "coordinates": [111.293173, 30.726343]}, "properties": {"指标": "停车泊位缺口数（个）", "中类": "停车设施", "board": "民生基础需求", "类": "停车设施"}}, {"type": "Feature", "geometry": {"type": "Point", "coordinates": [111.272369, 30.722415]}, "properties": {"指标": "停车泊位缺口数（个）", "中类": "停车设施", "board": "民生基础需求", "类": "停车设施"}}, {"type": "Feature", "geometry": {"type": "Point", "coordinates": [111.290335, 30.714678]}, "properties": {"指标": "停车泊位缺口数（个）", "中类": "停车设施", "board": "民生基础需求", "类": "停车设施"}}, {"type": "Feature", "geometry": {"type": "Point", "coordinates": [111.294203, 30.70894]}, "properties": {"指标": "停车泊位缺口数（个）", "中类": "停车设施", "board": "民生基础需求", "类": "停车设施"}}, {"type": "Feature", "geometry": {"type": "Point", "coordinates": [111.296145, 30.697403]}, "properties": {"指标": "停车泊位缺口数（个）", "中类": "停车设施", "board": "民生基础需求", "类": "停车设施"}}, {"type": "Feature", "geometry": {"type": "Point", "coordinates": [111.288081, 30.718235]}, "properties": {"指标": "停车泊位缺口数（个）", "中类": "停车设施", "board": "民生基础需求", "类": "停车设施"}}, {"type": "Feature", "geometry": {"type": "Point", "coordinates": [111.316395, 30.692181]}, "properties": {"指标": "停车泊位缺口数（个）", "中类": "停车设施", "board": "民生基础需求", "类": "停车设施"}}, {"type": "Feature", "geometry": {"type": "Point", "coordinates": [111.327371, 30.661534]}, "properties": {"指标": "停车泊位缺口数（个）", "中类": "停车设施", "board": "民生基础需求", "类": "停车设施"}}, {"type": "Feature", "geometry": {"type": "Point", "coordinates": [111.270888, 30.720106]}, "properties": {"指标": "停车泊位缺口数（个）", "中类": "停车设施", "board": "民生基础需求", "类": "停车设施"}}, {"type": "Feature", "geometry": {"type": "Point", "coordinates": [111.290318, 30.712872]}, "properties": {"指标": "停车泊位缺口数（个）", "中类": "停车设施", "board": "民生基础需求", "类": "停车设施"}}, {"type": "Feature", "geometry": {"type": "Point", "coordinates": [111.291553, 30.69013]}, "properties": {"指标": "停车泊位缺口数（个）", "中类": "停车设施", "board": "民生基础需求", "类": "停车设施"}}, {"type": "Feature", "geometry": {"type": "Point", "coordinates": [111.345888, 30.651303]}, "properties": {"指标": "停车泊位缺口数（个）", "中类": "停车设施", "board": "民生基础需求", "类": "停车设施"}}, {"type": "Feature", "geometry": {"type": "Point", "coordinates": [111.28583, 30.722554]}, "properties": {"指标": "停车泊位缺口数（个）", "中类": "停车设施", "board": "民生基础需求", "类": "停车设施"}}, {"type": "Feature", "geometry": {"type": "Point", "coordinates": [111.280231, 30.713963]}, "properties": {"指标": "停车泊位缺口数（个）", "中类": "停车设施", "board": "民生基础需求", "类": "停车设施"}}, {"type": "Feature", "geometry": {"type": "Point", "coordinates": [111.295331, 30.708059]}, "properties": {"指标": "停车泊位缺口数（个）", "中类": "停车设施", "board": "民生基础需求", "类": "停车设施"}}, {"type": "Feature", "geometry": {"type": "Point", "coordinates": [111.276475, 30.723355]}, "properties": {"指标": "停车泊位缺口数（个）", "中类": "停车设施", "board": "民生基础需求", "类": "停车设施"}}, {"type": "Feature", "geometry": {"type": "Point", "coordinates": [111.276543, 30.728945]}, "properties": {"指标": "停车泊位缺口数（个）", "中类": "停车设施", "board": "民生基础需求", "类": "停车设施"}}, {"type": "Feature", "geometry": {"type": "Point", "coordinates": [111.315848, 30.706132]}, "properties": {"指标": "停车泊位缺口数（个）", "中类": "停车设施", "board": "民生基础需求", "类": "停车设施"}}, {"type": "Feature", "geometry": {"type": "Point", "coordinates": [111.290378, 30.709765]}, "properties": {"指标": "停车泊位缺口数（个）", "中类": "停车设施", "board": "民生基础需求", "类": "停车设施"}}, {"type": "Feature", "geometry": {"type": "Point", "coordinates": [111.287992, 30.718202]}, "properties": {"指标": "停车泊位缺口数（个）", "中类": "停车设施", "board": "民生基础需求", "类": "停车设施"}}, {"type": "Feature", "geometry": {"type": "Point", "coordinates": [111.292654, 30.712194]}, "properties": {"指标": "停车泊位缺口数（个）", "中类": "停车设施", "board": "民生基础需求", "类": "停车设施"}}, {"type": "Feature", "geometry": {"type": "Point", "coordinates": [111.322824, 30.671353]}, "properties": {"指标": "停车泊位缺口数（个）", "中类": "停车设施", "board": "民生基础需求", "类": "停车设施"}}, {"type": "Feature", "geometry": {"type": "Point", "coordinates": [111.306013, 30.711371]}, "properties": {"指标": "停车泊位缺口数（个）", "中类": "停车设施", "board": "民生基础需求", "类": "停车设施"}}, {"type": "Feature", "geometry": {"type": "Point", "coordinates": [111.290432, 30.724727]}, "properties": {"指标": "停车泊位缺口数（个）", "中类": "停车设施", "board": "民生基础需求", "类": "停车设施"}}, {"type": "Feature", "geometry": {"type": "Point", "coordinates": [111.29217, 30.733531]}, "properties": {"指标": "停车泊位缺口数（个）", "中类": "停车设施", "board": "民生基础需求", "类": "停车设施"}}, {"type": "Feature", "geometry": {"type": "Point", "coordinates": [111.292148, 30.712641]}, "properties": {"指标": "停车泊位缺口数（个）", "中类": "停车设施", "board": "民生基础需求", "类": "停车设施"}}, {"type": "Feature", "geometry": {"type": "Point", "coordinates": [111.296596, 30.696805]}, "properties": {"指标": "停车泊位缺口数（个）", "中类": "停车设施", "board": "民生基础需求", "类": "停车设施"}}, {"type": "Feature", "geometry": {"type": "Point", "coordinates": [111.281201, 30.70561]}, "properties": {"指标": "停车泊位缺口数（个）", "中类": "停车设施", "board": "民生基础需求", "类": "停车设施"}}, {"type": "Feature", "geometry": {"type": "Point", "coordinates": [111.280687, 30.705573]}, "properties": {"指标": "停车泊位缺口数（个）", "中类": "停车设施", "board": "民生基础需求", "类": "停车设施"}}, {"type": "Feature", "geometry": {"type": "Point", "coordinates": [111.288943, 30.72094]}, "properties": {"指标": "停车泊位缺口数（个）", "中类": "停车设施", "board": "民生基础需求", "类": "停车设施"}}, {"type": "Feature", "geometry": {"type": "Point", "coordinates": [111.277839, 30.705758]}, "properties": {"指标": "停车泊位缺口数（个）", "中类": "停车设施", "board": "民生基础需求", "类": "停车设施"}}, {"type": "Feature", "geometry": {"type": "Point", "coordinates": [111.296516, 30.697615]}, "properties": {"指标": "停车泊位缺口数（个）", "中类": "停车设施", "board": "民生基础需求", "类": "停车设施"}}, {"type": "Feature", "geometry": {"type": "Point", "coordinates": [111.319826, 30.715112]}, "properties": {"指标": "停车泊位缺口数（个）", "中类": "停车设施", "board": "民生基础需求", "类": "停车设施"}}, {"type": "Feature", "geometry": {"type": "Point", "coordinates": [111.299348, 30.697686]}, "properties": {"指标": "停车泊位缺口数（个）", "中类": "停车设施", "board": "民生基础需求", "类": "停车设施"}}, {"type": "Feature", "geometry": {"type": "Point", "coordinates": [111.313919, 30.673953]}, "properties": {"指标": "停车泊位缺口数（个）", "中类": "停车设施", "board": "民生基础需求", "类": "停车设施"}}, {"type": "Feature", "geometry": {"type": "Point", "coordinates": [111.307849, 30.705801]}, "properties": {"指标": "停车泊位缺口数（个）", "中类": "停车设施", "board": "民生基础需求", "类": "停车设施"}}, {"type": "Feature", "geometry": {"type": "Point", "coordinates": [111.287427, 30.706934]}, "properties": {"指标": "停车泊位缺口数（个）", "中类": "停车设施", "board": "民生基础需求", "类": "停车设施"}}, {"type": "Feature", "geometry": {"type": "Point", "coordinates": [111.280703, 30.699948]}, "properties": {"指标": "停车泊位缺口数（个）", "中类": "停车设施", "board": "民生基础需求", "类": "停车设施"}}, {"type": "Feature", "geometry": {"type": "Point", "coordinates": [111.288879, 30.72527]}, "properties": {"指标": "停车泊位缺口数（个）", "中类": "停车设施", "board": "民生基础需求", "类": "停车设施"}}, {"type": "Feature", "geometry": {"type": "Point", "coordinates": [111.290949, 30.708519]}, "properties": {"指标": "停车泊位缺口数（个）", "中类": "停车设施", "board": "民生基础需求", "类": "停车设施"}}, {"type": "Feature", "geometry": {"type": "Point", "coordinates": [111.288262, 30.695898]}, "properties": {"指标": "停车泊位缺口数（个）", "中类": "停车设施", "board": "民生基础需求", "类": "停车设施"}}, {"type": "Feature", "geometry": {"type": "Point", "coordinates": [111.274769, 30.728262]}, "properties": {"指标": "停车泊位缺口数（个）", "中类": "停车设施", "board": "民生基础需求", "类": "停车设施"}}, {"type": "Feature", "geometry": {"type": "Point", "coordinates": [111.314064, 30.693117]}, "properties": {"指标": "停车泊位缺口数（个）", "中类": "停车设施", "board": "民生基础需求", "类": "停车设施"}}, {"type": "Feature", "geometry": {"type": "Point", "coordinates": [111.279379, 30.709007]}, "properties": {"指标": "停车泊位缺口数（个）", "中类": "停车设施", "board": "民生基础需求", "类": "停车设施"}}, {"type": "Feature", "geometry": {"type": "Point", "coordinates": [111.308873, 30.690367]}, "properties": {"指标": "停车泊位缺口数（个）", "中类": "停车设施", "board": "民生基础需求", "类": "停车设施"}}, {"type": "Feature", "geometry": {"type": "Point", "coordinates": [111.310886, 30.724414]}, "properties": {"指标": "停车泊位缺口数（个）", "中类": "停车设施", "board": "民生基础需求", "类": "停车设施"}}, {"type": "Feature", "geometry": {"type": "Point", "coordinates": [111.292612, 30.688706]}, "properties": {"指标": "停车泊位缺口数（个）", "中类": "停车设施", "board": "民生基础需求", "类": "停车设施"}}, {"type": "Feature", "geometry": {"type": "Point", "coordinates": [111.30918, 30.74205]}, "properties": {"指标": "停车泊位缺口数（个）", "中类": "停车设施", "board": "民生基础需求", "类": "停车设施"}}, {"type": "Feature", "geometry": {"type": "Point", "coordinates": [111.310886, 30.724414]}, "properties": {"指标": "停车泊位缺口数（个）", "中类": "停车设施", "board": "民生基础需求", "类": "停车设施"}}, {"type": "Feature", "geometry": {"type": "Point", "coordinates": [111.279024, 30.72859]}, "properties": {"指标": "停车泊位缺口数（个）", "中类": "停车设施", "board": "民生基础需求", "类": "停车设施"}}, {"type": "Feature", "geometry": {"type": "Point", "coordinates": [111.293672, 30.69412]}, "properties": {"指标": "停车泊位缺口数（个）", "中类": "停车设施", "board": "民生基础需求", "类": "停车设施"}}, {"type": "Feature", "geometry": {"type": "Point", "coordinates": [111.30174, 30.692597]}, "properties": {"指标": "停车泊位缺口数（个）", "中类": "停车设施", "board": "民生基础需求", "类": "停车设施"}}, {"type": "Feature", "geometry": {"type": "Point", "coordinates": [111.327574, 30.670243]}, "properties": {"指标": "停车泊位缺口数（个）", "中类": "停车设施", "board": "民生基础需求", "类": "停车设施"}}, {"type": "Feature", "geometry": {"type": "Point", "coordinates": [111.312825, 30.688433]}, "properties": {"指标": "停车泊位缺口数（个）", "中类": "停车设施", "board": "民生基础需求", "类": "停车设施"}}, {"type": "Feature", "geometry": {"type": "Point", "coordinates": [111.345046, 30.644634]}, "properties": {"指标": "停车泊位缺口数（个）", "中类": "停车设施", "board": "民生基础需求", "类": "停车设施"}}, {"type": "Feature", "geometry": {"type": "Point", "coordinates": [111.296558, 30.709928]}, "properties": {"指标": "停车泊位缺口数（个）", "中类": "停车设施", "board": "民生基础需求", "类": "停车设施"}}, {"type": "Feature", "geometry": {"type": "Point", "coordinates": [111.321441, 30.715656]}, "properties": {"指标": "停车泊位缺口数（个）", "中类": "停车设施", "board": "民生基础需求", "类": "停车设施"}}, {"type": "Feature", "geometry": {"type": "Point", "coordinates": [111.301614, 30.705943]}, "properties": {"指标": "停车泊位缺口数（个）", "中类": "停车设施", "board": "民生基础需求", "类": "停车设施"}}, {"type": "Feature", "geometry": {"type": "Point", "coordinates": [111.283478, 30.693816]}, "properties": {"指标": "停车泊位缺口数（个）", "中类": "停车设施", "board": "民生基础需求", "类": "停车设施"}}, {"type": "Feature", "geometry": {"type": "Point", "coordinates": [111.277229, 30.726965]}, "properties": {"指标": "停车泊位缺口数（个）", "中类": "停车设施", "board": "民生基础需求", "类": "停车设施"}}, {"type": "Feature", "geometry": {"type": "Point", "coordinates": [111.292686, 30.713849]}, "properties": {"指标": "停车泊位缺口数（个）", "中类": "停车设施", "board": "民生基础需求", "类": "停车设施"}}, {"type": "Feature", "geometry": {"type": "Point", "coordinates": [111.287379, 30.708493]}, "properties": {"指标": "停车泊位缺口数（个）", "中类": "停车设施", "board": "民生基础需求", "类": "停车设施"}}, {"type": "Feature", "geometry": {"type": "Point", "coordinates": [111.276502, 30.711097]}, "properties": {"指标": "停车泊位缺口数（个）", "中类": "停车设施", "board": "民生基础需求", "类": "停车设施"}}, {"type": "Feature", "geometry": {"type": "Point", "coordinates": [111.317135, 30.685492]}, "properties": {"指标": "停车泊位缺口数（个）", "中类": "停车设施", "board": "民生基础需求", "类": "停车设施"}}, {"type": "Feature", "geometry": {"type": "Point", "coordinates": [111.288262, 30.695898]}, "properties": {"指标": "停车泊位缺口数（个）", "中类": "停车设施", "board": "民生基础需求", "类": "停车设施"}}, {"type": "Feature", "geometry": {"type": "Point", "coordinates": [111.31196, 30.707365]}, "properties": {"指标": "停车泊位缺口数（个）", "中类": "停车设施", "board": "民生基础需求", "类": "停车设施"}}, {"type": "Feature", "geometry": {"type": "Point", "coordinates": [111.290951, 30.711785]}, "properties": {"指标": "停车泊位缺口数（个）", "中类": "停车设施", "board": "民生基础需求", "类": "停车设施"}}, {"type": "Feature", "geometry": {"type": "Point", "coordinates": [111.29844, 30.733975]}, "properties": {"指标": "停车泊位缺口数（个）", "中类": "停车设施", "board": "民生基础需求", "类": "停车设施"}}, {"type": "Feature", "geometry": {"type": "Point", "coordinates": [111.319967, 30.715572]}, "properties": {"指标": "停车泊位缺口数（个）", "中类": "停车设施", "board": "民生基础需求", "类": "停车设施"}}, {"type": "Feature", "geometry": {"type": "Point", "coordinates": [111.296151, 30.716585]}, "properties": {"指标": "停车泊位缺口数（个）", "中类": "停车设施", "board": "民生基础需求", "类": "停车设施"}}, {"type": "Feature", "geometry": {"type": "Point", "coordinates": [111.310836, 30.676345]}, "properties": {"指标": "停车泊位缺口数（个）", "中类": "停车设施", "board": "民生基础需求", "类": "停车设施"}}, {"type": "Feature", "geometry": {"type": "Point", "coordinates": [111.29105, 30.72251]}, "properties": {"指标": "停车泊位缺口数（个）", "中类": "停车设施", "board": "民生基础需求", "类": "停车设施"}}, {"type": "Feature", "geometry": {"type": "Point", "coordinates": [111.310286, 30.702701]}, "properties": {"指标": "停车泊位缺口数（个）", "中类": "停车设施", "board": "民生基础需求", "类": "停车设施"}}, {"type": "Feature", "geometry": {"type": "Point", "coordinates": [111.30796, 30.702215]}, "properties": {"指标": "停车泊位缺口数（个）", "中类": "停车设施", "board": "民生基础需求", "类": "停车设施"}}, {"type": "Feature", "geometry": {"type": "Point", "coordinates": [111.28037, 30.710975]}, "properties": {"指标": "停车泊位缺口数（个）", "中类": "停车设施", "board": "民生基础需求", "类": "停车设施"}}, {"type": "Feature", "geometry": {"type": "Point", "coordinates": [111.308888, 30.690555]}, "properties": {"指标": "新能源汽车充电桩缺口数（个）", "中类": "停车设施", "board": "民生基础需求", "类": "停车设施"}}, {"type": "Feature", "geometry": {"type": "Point", "coordinates": [111.294437, 30.734705]}, "properties": {"指标": "新能源汽车充电桩缺口数（个）", "中类": "停车设施", "board": "民生基础需求", "类": "停车设施"}}, {"type": "Feature", "geometry": {"type": "Point", "coordinates": [111.293917, 30.701331]}, "properties": {"指标": "新能源汽车充电桩缺口数（个）", "中类": "停车设施", "board": "民生基础需求", "类": "停车设施"}}, {"type": "Feature", "geometry": {"type": "Point", "coordinates": [111.294753, 30.730022]}, "properties": {"指标": "新能源汽车充电桩缺口数（个）", "中类": "停车设施", "board": "民生基础需求", "类": "停车设施"}}, {"type": "Feature", "geometry": {"type": "Point", "coordinates": [111.283477, 30.693653]}, "properties": {"指标": "新能源汽车充电桩缺口数（个）", "中类": "停车设施", "board": "民生基础需求", "类": "停车设施"}}, {"type": "Feature", "geometry": {"type": "Point", "coordinates": [111.278132, 30.729108]}, "properties": {"指标": "新能源汽车充电桩缺口数（个）", "中类": "停车设施", "board": "民生基础需求", "类": "停车设施"}}, {"type": "Feature", "geometry": {"type": "Point", "coordinates": [111.279187, 30.727977]}, "properties": {"指标": "新能源汽车充电桩缺口数（个）", "中类": "停车设施", "board": "民生基础需求", "类": "停车设施"}}, {"type": "Feature", "geometry": {"type": "Point", "coordinates": [111.292884, 30.712959]}, "properties": {"指标": "新能源汽车充电桩缺口数（个）", "中类": "停车设施", "board": "民生基础需求", "类": "停车设施"}}, {"type": "Feature", "geometry": {"type": "Point", "coordinates": [111.29101, 30.711799]}, "properties": {"指标": "新能源汽车充电桩缺口数（个）", "中类": "停车设施", "board": "民生基础需求", "类": "停车设施"}}, {"type": "Feature", "geometry": {"type": "Point", "coordinates": [111.292502, 30.709975]}, "properties": {"指标": "新能源汽车充电桩缺口数（个）", "中类": "停车设施", "board": "民生基础需求", "类": "停车设施"}}, {"type": "Feature", "geometry": {"type": "Point", "coordinates": [111.33662, 30.725962]}, "properties": {"指标": "新能源汽车充电桩缺口数（个）", "中类": "停车设施", "board": "民生基础需求", "类": "停车设施"}}, {"type": "Feature", "geometry": {"type": "Point", "coordinates": [111.290343, 30.70958]}, "properties": {"指标": "新能源汽车充电桩缺口数（个）", "中类": "停车设施", "board": "民生基础需求", "类": "停车设施"}}, {"type": "Feature", "geometry": {"type": "Point", "coordinates": [111.278153, 30.714991]}, "properties": {"指标": "新能源汽车充电桩缺口数（个）", "中类": "停车设施", "board": "民生基础需求", "类": "停车设施"}}, {"type": "Feature", "geometry": {"type": "Point", "coordinates": [111.292151, 30.712766]}, "properties": {"指标": "新能源汽车充电桩缺口数（个）", "中类": "停车设施", "board": "民生基础需求", "类": "停车设施"}}, {"type": "Feature", "geometry": {"type": "Point", "coordinates": [111.288516, 30.70921]}, "properties": {"指标": "新能源汽车充电桩缺口数（个）", "中类": "停车设施", "board": "民生基础需求", "类": "停车设施"}}, {"type": "Feature", "geometry": {"type": "Point", "coordinates": [111.280679, 30.705578]}, "properties": {"指标": "新能源汽车充电桩缺口数（个）", "中类": "停车设施", "board": "民生基础需求", "类": "停车设施"}}, {"type": "Feature", "geometry": {"type": "Point", "coordinates": [111.311588, 30.676116]}, "properties": {"指标": "新能源汽车充电桩缺口数（个）", "中类": "停车设施", "board": "民生基础需求", "类": "停车设施"}}, {"type": "Feature", "geometry": {"type": "Point", "coordinates": [111.303152, 30.73445]}, "properties": {"指标": "新能源汽车充电桩缺口数（个）", "中类": "停车设施", "board": "民生基础需求", "类": "停车设施"}}, {"type": "Feature", "geometry": {"type": "Point", "coordinates": [111.2905, 30.701589]}, "properties": {"指标": "新能源汽车充电桩缺口数（个）", "中类": "停车设施", "board": "民生基础需求", "类": "停车设施"}}, {"type": "Feature", "geometry": {"type": "Point", "coordinates": [111.2765, 30.723363]}, "properties": {"指标": "新能源汽车充电桩缺口数（个）", "中类": "停车设施", "board": "民生基础需求", "类": "停车设施"}}, {"type": "Feature", "geometry": {"type": "Point", "coordinates": [111.288262, 30.695898]}, "properties": {"指标": "新能源汽车充电桩缺口数（个）", "中类": "停车设施", "board": "民生基础需求", "类": "停车设施"}}, {"type": "Feature", "geometry": {"type": "Point", "coordinates": [111.290199, 30.724853]}, "properties": {"指标": "新能源汽车充电桩缺口数（个）", "中类": "停车设施", "board": "民生基础需求", "类": "停车设施"}}, {"type": "Feature", "geometry": {"type": "Point", "coordinates": [111.288262, 30.695898]}, "properties": {"指标": "新能源汽车充电桩缺口数（个）", "中类": "停车设施", "board": "民生基础需求", "类": "停车设施"}}, {"type": "Feature", "geometry": {"type": "Point", "coordinates": [111.29217, 30.733531]}, "properties": {"指标": "新能源汽车充电桩缺口数（个）", "中类": "停车设施", "board": "民生基础需求", "类": "停车设施"}}, {"type": "Feature", "geometry": {"type": "Point", "coordinates": [111.284594, 30.704764]}, "properties": {"指标": "新能源汽车充电桩缺口数（个）", "中类": "停车设施", "board": "民生基础需求", "类": "停车设施"}}, {"type": "Feature", "geometry": {"type": "Point", "coordinates": [111.347777, 30.644913]}, "properties": {"指标": "新能源汽车充电桩缺口数（个）", "中类": "停车设施", "board": "民生基础需求", "类": "停车设施"}}, {"type": "Feature", "geometry": {"type": "Point", "coordinates": [111.293623, 30.714146]}, "properties": {"指标": "新能源汽车充电桩缺口数（个）", "中类": "停车设施", "board": "民生基础需求", "类": "停车设施"}}, {"type": "Feature", "geometry": {"type": "Point", "coordinates": [111.276926, 30.727162]}, "properties": {"指标": "新能源汽车充电桩缺口数（个）", "中类": "停车设施", "board": "民生基础需求", "类": "停车设施"}}, {"type": "Feature", "geometry": {"type": "Point", "coordinates": [111.279007, 30.728554]}, "properties": {"指标": "新能源汽车充电桩缺口数（个）", "中类": "停车设施", "board": "民生基础需求", "类": "停车设施"}}, {"type": "Feature", "geometry": {"type": "Point", "coordinates": [111.306851, 30.688558]}, "properties": {"指标": "新能源汽车充电桩缺口数（个）", "中类": "停车设施", "board": "民生基础需求", "类": "停车设施"}}, {"type": "Feature", "geometry": {"type": "Point", "coordinates": [111.288262, 30.695898]}, "properties": {"指标": "新能源汽车充电桩缺口数（个）", "中类": "停车设施", "board": "民生基础需求", "类": "停车设施"}}, {"type": "Feature", "geometry": {"type": "Point", "coordinates": [111.293088, 30.691474]}, "properties": {"指标": "新能源汽车充电桩缺口数（个）", "中类": "停车设施", "board": "民生基础需求", "类": "停车设施"}}, {"type": "Feature", "geometry": {"type": "Point", "coordinates": [111.340199, 30.647718]}, "properties": {"指标": "新能源汽车充电桩缺口数（个）", "中类": "停车设施", "board": "民生基础需求", "类": "停车设施"}}, {"type": "Feature", "geometry": {"type": "Point", "coordinates": [111.296899, 30.731722]}, "properties": {"指标": "新能源汽车充电桩缺口数（个）", "中类": "停车设施", "board": "民生基础需求", "类": "停车设施"}}, {"type": "Feature", "geometry": {"type": "Point", "coordinates": [111.287288, 30.710708]}, "properties": {"指标": "新能源汽车充电桩缺口数（个）", "中类": "停车设施", "board": "民生基础需求", "类": "停车设施"}}, {"type": "Feature", "geometry": {"type": "Point", "coordinates": [111.289589, 30.707966]}, "properties": {"指标": "新能源汽车充电桩缺口数（个）", "中类": "停车设施", "board": "民生基础需求", "类": "停车设施"}}, {"type": "Feature", "geometry": {"type": "Point", "coordinates": [111.272503, 30.722438]}, "properties": {"指标": "新能源汽车充电桩缺口数（个）", "中类": "停车设施", "board": "民生基础需求", "类": "停车设施"}}, {"type": "Feature", "geometry": {"type": "Point", "coordinates": [111.277839, 30.705758]}, "properties": {"指标": "新能源汽车充电桩缺口数（个）", "中类": "停车设施", "board": "民生基础需求", "类": "停车设施"}}, {"type": "Feature", "geometry": {"type": "Point", "coordinates": [111.290335, 30.714678]}, "properties": {"指标": "新能源汽车充电桩缺口数（个）", "中类": "停车设施", "board": "民生基础需求", "类": "停车设施"}}, {"type": "Feature", "geometry": {"type": "Point", "coordinates": [111.290977, 30.722535]}, "properties": {"指标": "新能源汽车充电桩缺口数（个）", "中类": "停车设施", "board": "民生基础需求", "类": "停车设施"}}, {"type": "Feature", "geometry": {"type": "Point", "coordinates": [111.292968, 30.697911]}, "properties": {"指标": "新能源汽车充电桩缺口数（个）", "中类": "停车设施", "board": "民生基础需求", "类": "停车设施"}}, {"type": "Feature", "geometry": {"type": "Point", "coordinates": [111.281091, 30.705602]}, "properties": {"指标": "新能源汽车充电桩缺口数（个）", "中类": "停车设施", "board": "民生基础需求", "类": "停车设施"}}, {"type": "Feature", "geometry": {"type": "Point", "coordinates": [111.287883, 30.699131]}, "properties": {"指标": "新能源汽车充电桩缺口数（个）", "中类": "停车设施", "board": "民生基础需求", "类": "停车设施"}}, {"type": "Feature", "geometry": {"type": "Point", "coordinates": [111.310886, 30.724413]}, "properties": {"指标": "新能源汽车充电桩缺口数（个）", "中类": "停车设施", "board": "民生基础需求", "类": "停车设施"}}, {"type": "Feature", "geometry": {"type": "Point", "coordinates": [111.29544, 30.713868]}, "properties": {"指标": "新能源汽车充电桩缺口数（个）", "中类": "停车设施", "board": "民生基础需求", "类": "停车设施"}}, {"type": "Feature", "geometry": {"type": "Point", "coordinates": [111.278762, 30.729616]}, "properties": {"指标": "新能源汽车充电桩缺口数（个）", "中类": "停车设施", "board": "民生基础需求", "类": "停车设施"}}, {"type": "Feature", "geometry": {"type": "Point", "coordinates": [111.296096, 30.716586]}, "properties": {"指标": "新能源汽车充电桩缺口数（个）", "中类": "停车设施", "board": "民生基础需求", "类": "停车设施"}}, {"type": "Feature", "geometry": {"type": "Point", "coordinates": [111.290898, 30.727272]}, "properties": {"指标": "新能源汽车充电桩缺口数（个）", "中类": "停车设施", "board": "民生基础需求", "类": "停车设施"}}, {"type": "Feature", "geometry": {"type": "Point", "coordinates": [111.292714, 30.712244]}, "properties": {"指标": "新能源汽车充电桩缺口数（个）", "中类": "停车设施", "board": "民生基础需求", "类": "停车设施"}}, {"type": "Feature", "geometry": {"type": "Point", "coordinates": [111.275304, 30.730845]}, "properties": {"指标": "新能源汽车充电桩缺口数（个）", "中类": "停车设施", "board": "民生基础需求", "类": "停车设施"}}, {"type": "Feature", "geometry": {"type": "Point", "coordinates": [111.272039, 30.722225]}, "properties": {"指标": "新能源汽车充电桩缺口数（个）", "中类": "停车设施", "board": "民生基础需求", "类": "停车设施"}}, {"type": "Feature", "geometry": {"type": "Point", "coordinates": [111.310886, 30.724414]}, "properties": {"指标": "新能源汽车充电桩缺口数（个）", "中类": "停车设施", "board": "民生基础需求", "类": "停车设施"}}, {"type": "Feature", "geometry": {"type": "Point", "coordinates": [111.287518, 30.706955]}, "properties": {"指标": "新能源汽车充电桩缺口数（个）", "中类": "停车设施", "board": "民生基础需求", "类": "停车设施"}}, {"type": "Feature", "geometry": {"type": "Point", "coordinates": [111.276497, 30.711097]}, "properties": {"指标": "新能源汽车充电桩缺口数（个）", "中类": "停车设施", "board": "民生基础需求", "类": "停车设施"}}, {"type": "Feature", "geometry": {"type": "Point", "coordinates": [111.29067, 30.710664]}, "properties": {"指标": "新能源汽车充电桩缺口数（个）", "中类": "停车设施", "board": "民生基础需求", "类": "停车设施"}}, {"type": "Feature", "geometry": {"type": "Point", "coordinates": [111.354255, 30.644871]}, "properties": {"指标": "新能源汽车充电桩缺口数（个）", "中类": "停车设施", "board": "民生基础需求", "类": "停车设施"}}, {"type": "Feature", "geometry": {"type": "Point", "coordinates": [111.31245, 30.688749]}, "properties": {"指标": "新能源汽车充电桩缺口数（个）", "中类": "停车设施", "board": "民生基础需求", "类": "停车设施"}}, {"type": "Feature", "geometry": {"type": "Point", "coordinates": [111.294544, 30.713506]}, "properties": {"指标": "新能源汽车充电桩缺口数（个）", "中类": "停车设施", "board": "民生基础需求", "类": "停车设施"}}, {"type": "Feature", "geometry": {"type": "Point", "coordinates": [111.287417, 30.707959]}, "properties": {"指标": "新能源汽车充电桩缺口数（个）", "中类": "停车设施", "board": "民生基础需求", "类": "停车设施"}}, {"type": "Feature", "geometry": {"type": "Point", "coordinates": [111.288951, 30.720854]}, "properties": {"指标": "新能源汽车充电桩缺口数（个）", "中类": "停车设施", "board": "民生基础需求", "类": "停车设施"}}, {"type": "Feature", "geometry": {"type": "Point", "coordinates": [111.276073, 30.722603]}, "properties": {"指标": "新能源汽车充电桩缺口数（个）", "中类": "停车设施", "board": "民生基础需求", "类": "停车设施"}}, {"type": "Feature", "geometry": {"type": "Point", "coordinates": [111.279666, 30.703542]}, "properties": {"指标": "新能源汽车充电桩缺口数（个）", "中类": "停车设施", "board": "民生基础需求", "类": "停车设施"}}, {"type": "Feature", "geometry": {"type": "Point", "coordinates": [111.290913, 30.723559]}, "properties": {"指标": "新能源汽车充电桩缺口数（个）", "中类": "停车设施", "board": "民生基础需求", "类": "停车设施"}}, {"type": "Feature", "geometry": {"type": "Point", "coordinates": [111.339492, 30.721821]}, "properties": {"指标": "新能源汽车充电桩缺口数（个）", "中类": "停车设施", "board": "民生基础需求", "类": "停车设施"}}, {"type": "Feature", "geometry": {"type": "Point", "coordinates": [111.327974, 30.732613]}, "properties": {"指标": "新能源汽车充电桩缺口数（个）", "中类": "停车设施", "board": "民生基础需求", "类": "停车设施"}}, {"type": "Feature", "geometry": {"type": "Point", "coordinates": [111.323518, 30.669744]}, "properties": {"指标": "新能源汽车充电桩缺口数（个）", "中类": "停车设施", "board": "民生基础需求", "类": "停车设施"}}, {"type": "Feature", "geometry": {"type": "Point", "coordinates": [111.296189, 30.734809]}, "properties": {"指标": "新能源汽车充电桩缺口数（个）", "中类": "停车设施", "board": "民生基础需求", "类": "停车设施"}}, {"type": "Feature", "geometry": {"type": "Point", "coordinates": [111.286798, 30.709734]}, "properties": {"指标": "新能源汽车充电桩缺口数（个）", "中类": "停车设施", "board": "民生基础需求", "类": "停车设施"}}, {"type": "Feature", "geometry": {"type": "Point", "coordinates": [111.284628, 30.717624]}, "properties": {"指标": "新能源汽车充电桩缺口数（个）", "中类": "停车设施", "board": "民生基础需求", "类": "停车设施"}}, {"type": "Feature", "geometry": {"type": "Point", "coordinates": [111.288718, 30.709185]}, "properties": {"指标": "新能源汽车充电桩缺口数（个）", "中类": "停车设施", "board": "民生基础需求", "类": "停车设施"}}, {"type": "Feature", "geometry": {"type": "Point", "coordinates": [111.291883, 30.691661]}, "properties": {"指标": "新能源汽车充电桩缺口数（个）", "中类": "停车设施", "board": "民生基础需求", "类": "停车设施"}}, {"type": "Feature", "geometry": {"type": "Point", "coordinates": [111.275777, 30.714343]}, "properties": {"指标": "新能源汽车充电桩缺口数（个）", "中类": "停车设施", "board": "民生基础需求", "类": "停车设施"}}, {"type": "Feature", "geometry": {"type": "Point", "coordinates": [111.288479, 30.737576]}, "properties": {"指标": "新能源汽车充电桩缺口数（个）", "中类": "停车设施", "board": "民生基础需求", "类": "停车设施"}}, {"type": "Feature", "geometry": {"type": "Point", "coordinates": [111.286828, 30.717006]}, "properties": {"指标": "新能源汽车充电桩缺口数（个）", "中类": "停车设施", "board": "民生基础需求", "类": "停车设施"}}, {"type": "Feature", "geometry": {"type": "Point", "coordinates": [111.301773, 30.69291]}, "properties": {"指标": "新能源汽车充电桩缺口数（个）", "中类": "停车设施", "board": "民生基础需求", "类": "停车设施"}}, {"type": "Feature", "geometry": {"type": "Point", "coordinates": [111.31419, 30.693092]}, "properties": {"指标": "新能源汽车充电桩缺口数（个）", "中类": "停车设施", "board": "民生基础需求", "类": "停车设施"}}, {"type": "Feature", "geometry": {"type": "Point", "coordinates": [111.293198, 30.708559]}, "properties": {"指标": "新能源汽车充电桩缺口数（个）", "中类": "停车设施", "board": "民生基础需求", "类": "停车设施"}}, {"type": "Feature", "geometry": {"type": "Point", "coordinates": [111.288699, 30.724856]}, "properties": {"指标": "新能源汽车充电桩缺口数（个）", "中类": "停车设施", "board": "民生基础需求", "类": "停车设施"}}, {"type": "Feature", "geometry": {"type": "Point", "coordinates": [111.288262, 30.695898]}, "properties": {"指标": "新能源汽车充电桩缺口数（个）", "中类": "停车设施", "board": "民生基础需求", "类": "停车设施"}}, {"type": "Feature", "geometry": {"type": "Point", "coordinates": [111.280268, 30.710926]}, "properties": {"指标": "新能源汽车充电桩缺口数（个）", "中类": "停车设施", "board": "民生基础需求", "类": "停车设施"}}, {"type": "Feature", "geometry": {"type": "Point", "coordinates": [111.306915, 30.704515]}, "properties": {"指标": "新能源汽车充电桩缺口数（个）", "中类": "停车设施", "board": "民生基础需求", "类": "停车设施"}}, {"type": "Feature", "geometry": {"type": "Point", "coordinates": [111.286972, 30.717926]}, "properties": {"指标": "新能源汽车充电桩缺口数（个）", "中类": "停车设施", "board": "民生基础需求", "类": "停车设施"}}, {"type": "Feature", "geometry": {"type": "Point", "coordinates": [111.323901, 30.664886]}, "properties": {"指标": "新能源汽车充电桩缺口数（个）", "中类": "停车设施", "board": "民生基础需求", "类": "停车设施"}}, {"type": "Feature", "geometry": {"type": "Point", "coordinates": [111.294522, 30.690946]}, "properties": {"指标": "新能源汽车充电桩缺口数（个）", "中类": "停车设施", "board": "民生基础需求", "类": "停车设施"}}, {"type": "Feature", "geometry": {"type": "Point", "coordinates": [111.287914, 30.694485]}, "properties": {"指标": "未配建电动自行车充电设施的小区数量（个）", "中类": "停车设施", "board": "民生基础需求", "类": "停车设施"}}, {"type": "Feature", "geometry": {"type": "Point", "coordinates": [111.300467, 30.707559]}, "properties": {"指标": "未配建电动自行车充电设施的小区数量（个）", "中类": "停车设施", "board": "民生基础需求", "类": "停车设施"}}, {"type": "Feature", "geometry": {"type": "Point", "coordinates": [111.296189, 30.734817]}, "properties": {"指标": "未配建电动自行车充电设施的小区数量（个）", "中类": "停车设施", "board": "民生基础需求", "类": "停车设施"}}, {"type": "Feature", "geometry": {"type": "Point", "coordinates": [111.293864, 30.713448]}, "properties": {"指标": "未配建电动自行车充电设施的小区数量（个）", "中类": "停车设施", "board": "民生基础需求", "类": "停车设施"}}, {"type": "Feature", "geometry": {"type": "Point", "coordinates": [111.32835, 30.732881]}, "properties": {"指标": "未配建电动自行车充电设施的小区数量（个）", "中类": "停车设施", "board": "民生基础需求", "类": "停车设施"}}, {"type": "Feature", "geometry": {"type": "Point", "coordinates": [111.283485, 30.693742]}, "properties": {"指标": "未配建电动自行车充电设施的小区数量（个）", "中类": "停车设施", "board": "民生基础需求", "类": "停车设施"}}, {"type": "Feature", "geometry": {"type": "Point", "coordinates": [111.293416, 30.700185]}, "properties": {"指标": "未配建电动自行车充电设施的小区数量（个）", "中类": "停车设施", "board": "民生基础需求", "类": "停车设施"}}, {"type": "Feature", "geometry": {"type": "Point", "coordinates": [111.293156, 30.70113]}, "properties": {"指标": "未配建电动自行车充电设施的小区数量（个）", "中类": "停车设施", "board": "民生基础需求", "类": "停车设施"}}, {"type": "Feature", "geometry": {"type": "Point", "coordinates": [111.289427, 30.702796]}, "properties": {"指标": "未配建电动自行车充电设施的小区数量（个）", "中类": "停车设施", "board": "民生基础需求", "类": "停车设施"}}, {"type": "Feature", "geometry": {"type": "Point", "coordinates": [111.290042, 30.718507]}, "properties": {"指标": "未配建电动自行车充电设施的小区数量（个）", "中类": "停车设施", "board": "民生基础需求", "类": "停车设施"}}, {"type": "Feature", "geometry": {"type": "Point", "coordinates": [111.311016, 30.676167]}, "properties": {"指标": "未配建电动自行车充电设施的小区数量（个）", "中类": "停车设施", "board": "民生基础需求", "类": "停车设施"}}, {"type": "Feature", "geometry": {"type": "Point", "coordinates": [111.310886, 30.724414]}, "properties": {"指标": "未配建电动自行车充电设施的小区数量（个）", "中类": "停车设施", "board": "民生基础需求", "类": "停车设施"}}, {"type": "Feature", "geometry": {"type": "Point", "coordinates": [111.299311, 30.708826]}, "properties": {"指标": "未配建电动自行车充电设施的小区数量（个）", "中类": "停车设施", "board": "民生基础需求", "类": "停车设施"}}, {"type": "Feature", "geometry": {"type": "Point", "coordinates": [111.321921, 30.740377]}, "properties": {"指标": "未配建电动自行车充电设施的小区数量（个）", "中类": "停车设施", "board": "民生基础需求", "类": "停车设施"}}, {"type": "Feature", "geometry": {"type": "Point", "coordinates": [111.323141, 30.73751]}, "properties": {"指标": "未配建电动自行车充电设施的小区数量（个）", "中类": "停车设施", "board": "民生基础需求", "类": "停车设施"}}, {"type": "Feature", "geometry": {"type": "Point", "coordinates": [111.278868, 30.704115]}, "properties": {"指标": "未配建电动自行车充电设施的小区数量（个）", "中类": "停车设施", "board": "民生基础需求", "类": "停车设施"}}, {"type": "Feature", "geometry": {"type": "Point", "coordinates": [111.294148, 30.708957]}, "properties": {"指标": "未配建电动自行车充电设施的小区数量（个）", "中类": "停车设施", "board": "民生基础需求", "类": "停车设施"}}, {"type": "Feature", "geometry": {"type": "Point", "coordinates": [111.28776, 30.720442]}, "properties": {"指标": "未配建电动自行车充电设施的小区数量（个）", "中类": "停车设施", "board": "民生基础需求", "类": "停车设施"}}, {"type": "Feature", "geometry": {"type": "Point", "coordinates": [111.312467, 30.699448]}, "properties": {"指标": "未配建电动自行车充电设施的小区数量（个）", "中类": "停车设施", "board": "民生基础需求", "类": "停车设施"}}, {"type": "Feature", "geometry": {"type": "Point", "coordinates": [111.2872, 30.728171]}, "properties": {"指标": "未配建电动自行车充电设施的小区数量（个）", "中类": "停车设施", "board": "民生基础需求", "类": "停车设施"}}, {"type": "Feature", "geometry": {"type": "Point", "coordinates": [111.293765, 30.70749]}, "properties": {"指标": "未配建电动自行车充电设施的小区数量（个）", "中类": "停车设施", "board": "民生基础需求", "类": "停车设施"}}, {"type": "Feature", "geometry": {"type": "Point", "coordinates": [111.294137, 30.701566]}, "properties": {"指标": "未配建电动自行车充电设施的小区数量（个）", "中类": "停车设施", "board": "民生基础需求", "类": "停车设施"}}, {"type": "Feature", "geometry": {"type": "Point", "coordinates": [111.288262, 30.695898]}, "properties": {"指标": "未配建电动自行车充电设施的小区数量（个）", "中类": "停车设施", "board": "民生基础需求", "类": "停车设施"}}, {"type": "Feature", "geometry": {"type": "Point", "coordinates": [111.289015, 30.692013]}, "properties": {"指标": "未配建电动自行车充电设施的小区数量（个）", "中类": "停车设施", "board": "民生基础需求", "类": "停车设施"}}, {"type": "Feature", "geometry": {"type": "Point", "coordinates": [111.29153, 30.707335]}, "properties": {"指标": "未配建电动自行车充电设施的小区数量（个）", "中类": "停车设施", "board": "民生基础需求", "类": "停车设施"}}, {"type": "Feature", "geometry": {"type": "Point", "coordinates": [111.310886, 30.724414]}, "properties": {"指标": "未配建电动自行车充电设施的小区数量（个）", "中类": "停车设施", "board": "民生基础需求", "类": "停车设施"}}, {"type": "Feature", "geometry": {"type": "Point", "coordinates": [111.294769, 30.730056]}, "properties": {"指标": "未配建电动自行车充电设施的小区数量（个）", "中类": "停车设施", "board": "民生基础需求", "类": "停车设施"}}, {"type": "Feature", "geometry": {"type": "Point", "coordinates": [111.294604, 30.713531]}, "properties": {"指标": "未配建电动自行车充电设施的小区数量（个）", "中类": "停车设施", "board": "民生基础需求", "类": "停车设施"}}, {"type": "Feature", "geometry": {"type": "Point", "coordinates": [111.291775, 30.700898]}, "properties": {"指标": "未配建电动自行车充电设施的小区数量（个）", "中类": "停车设施", "board": "民生基础需求", "类": "停车设施"}}, {"type": "Feature", "geometry": {"type": "Point", "coordinates": [111.28022, 30.713999]}, "properties": {"指标": "未配建电动自行车充电设施的小区数量（个）", "中类": "停车设施", "board": "民生基础需求", "类": "停车设施"}}, {"type": "Feature", "geometry": {"type": "Point", "coordinates": [111.322509, 30.734689]}, "properties": {"指标": "未配建电动自行车充电设施的小区数量（个）", "中类": "停车设施", "board": "民生基础需求", "类": "停车设施"}}, {"type": "Feature", "geometry": {"type": "Point", "coordinates": [111.313935, 30.673894]}, "properties": {"指标": "未配建电动自行车充电设施的小区数量（个）", "中类": "停车设施", "board": "民生基础需求", "类": "停车设施"}}, {"type": "Feature", "geometry": {"type": "Point", "coordinates": [111.29078, 30.700411]}, "properties": {"指标": "未配建电动自行车充电设施的小区数量（个）", "中类": "停车设施", "board": "民生基础需求", "类": "停车设施"}}, {"type": "Feature", "geometry": {"type": "Point", "coordinates": [111.295477, 30.728019]}, "properties": {"指标": "未配建电动自行车充电设施的小区数量（个）", "中类": "停车设施", "board": "民生基础需求", "类": "停车设施"}}, {"type": "Feature", "geometry": {"type": "Point", "coordinates": [111.292741, 30.713823]}, "properties": {"指标": "未配建电动自行车充电设施的小区数量（个）", "中类": "停车设施", "board": "民生基础需求", "类": "停车设施"}}, {"type": "Feature", "geometry": {"type": "Point", "coordinates": [111.300512, 30.706456]}, "properties": {"指标": "未配建电动自行车充电设施的小区数量（个）", "中类": "停车设施", "board": "民生基础需求", "类": "停车设施"}}, {"type": "Feature", "geometry": {"type": "Point", "coordinates": [111.296302, 30.716455]}, "properties": {"指标": "未配建电动自行车充电设施的小区数量（个）", "中类": "停车设施", "board": "民生基础需求", "类": "停车设施"}}, {"type": "Feature", "geometry": {"type": "Point", "coordinates": [111.292277, 30.696398]}, "properties": {"指标": "未配建电动自行车充电设施的小区数量（个）", "中类": "停车设施", "board": "民生基础需求", "类": "停车设施"}}, {"type": "Feature", "geometry": {"type": "Point", "coordinates": [111.29234, 30.707766]}, "properties": {"指标": "未配建电动自行车充电设施的小区数量（个）", "中类": "停车设施", "board": "民生基础需求", "类": "停车设施"}}, {"type": "Feature", "geometry": {"type": "Point", "coordinates": [111.284594, 30.704764]}, "properties": {"指标": "未配建电动自行车充电设施的小区数量（个）", "中类": "停车设施", "board": "民生基础需求", "类": "停车设施"}}, {"type": "Feature", "geometry": {"type": "Point", "coordinates": [111.293129, 30.726286]}, "properties": {"指标": "未配建电动自行车充电设施的小区数量（个）", "中类": "停车设施", "board": "民生基础需求", "类": "停车设施"}}, {"type": "Feature", "geometry": {"type": "Point", "coordinates": [111.342599, 30.645881]}, "properties": {"指标": "未配建电动自行车充电设施的小区数量（个）", "中类": "停车设施", "board": "民生基础需求", "类": "停车设施"}}, {"type": "Feature", "geometry": {"type": "Point", "coordinates": [111.289175, 30.703745]}, "properties": {"指标": "未配建电动自行车充电设施的小区数量（个）", "中类": "停车设施", "board": "民生基础需求", "类": "停车设施"}}, {"type": "Feature", "geometry": {"type": "Point", "coordinates": [111.28993, 30.703392]}, "properties": {"指标": "未配建电动自行车充电设施的小区数量（个）", "中类": "停车设施", "board": "民生基础需求", "类": "停车设施"}}, {"type": "Feature", "geometry": {"type": "Point", "coordinates": [111.29217, 30.733531]}, "properties": {"指标": "未配建电动自行车充电设施的小区数量（个）", "中类": "停车设施", "board": "民生基础需求", "类": "停车设施"}}, {"type": "Feature", "geometry": {"type": "Point", "coordinates": [111.308943, 30.690471]}, "properties": {"指标": "未配建电动自行车充电设施的小区数量（个）", "中类": "停车设施", "board": "民生基础需求", "类": "停车设施"}}, {"type": "Feature", "geometry": {"type": "Point", "coordinates": [111.305839, 30.696197]}, "properties": {"指标": "未配建电动自行车充电设施的小区数量（个）", "中类": "停车设施", "board": "民生基础需求", "类": "停车设施"}}, {"type": "Feature", "geometry": {"type": "Point", "coordinates": [111.314123, 30.693127]}, "properties": {"指标": "未配建电动自行车充电设施的小区数量（个）", "中类": "停车设施", "board": "民生基础需求", "类": "停车设施"}}, {"type": "Feature", "geometry": {"type": "Point", "coordinates": [111.294326, 30.731214]}, "properties": {"指标": "未配建电动自行车充电设施的小区数量（个）", "中类": "停车设施", "board": "民生基础需求", "类": "停车设施"}}, {"type": "Feature", "geometry": {"type": "Point", "coordinates": [111.292186, 30.712324]}, "properties": {"指标": "未配建电动自行车充电设施的小区数量（个）", "中类": "停车设施", "board": "民生基础需求", "类": "停车设施"}}, {"type": "Feature", "geometry": {"type": "Point", "coordinates": [111.288826, 30.692108]}, "properties": {"指标": "不达标的步行道长度（千米）", "中类": "交通设施", "board": "民生基础需求", "类": "交通设施"}}, {"type": "Feature", "geometry": {"type": "Point", "coordinates": [111.293781, 30.725716]}, "properties": {"指标": "不达标的步行道长度（千米）", "中类": "交通设施", "board": "民生基础需求", "类": "交通设施"}}, {"type": "Feature", "geometry": {"type": "Point", "coordinates": [111.296196, 30.734839]}, "properties": {"指标": "不达标的步行道长度（千米）", "中类": "交通设施", "board": "民生基础需求", "类": "交通设施"}}, {"type": "Feature", "geometry": {"type": "Point", "coordinates": [111.292172, 30.727385]}, "properties": {"指标": "不达标的步行道长度（千米）", "中类": "交通设施", "board": "民生基础需求", "类": "交通设施"}}, {"type": "Feature", "geometry": {"type": "Point", "coordinates": [111.27621, 30.729025]}, "properties": {"指标": "不达标的步行道长度（千米）", "中类": "交通设施", "board": "民生基础需求", "类": "交通设施"}}, {"type": "Feature", "geometry": {"type": "Point", "coordinates": [111.307838, 30.702262]}, "properties": {"指标": "不达标的步行道长度（千米）", "中类": "交通设施", "board": "民生基础需求", "类": "交通设施"}}, {"type": "Feature", "geometry": {"type": "Point", "coordinates": [111.297536, 30.705377]}, "properties": {"指标": "不达标的步行道长度（千米）", "中类": "交通设施", "board": "民生基础需求", "类": "交通设施"}}, {"type": "Feature", "geometry": {"type": "Point", "coordinates": [111.290042, 30.718507]}, "properties": {"指标": "不达标的步行道长度（千米）", "中类": "交通设施", "board": "民生基础需求", "类": "交通设施"}}, {"type": "Feature", "geometry": {"type": "Point", "coordinates": [111.287817, 30.692548]}, "properties": {"指标": "不达标的步行道长度（千米）", "中类": "交通设施", "board": "民生基础需求", "类": "交通设施"}}, {"type": "Feature", "geometry": {"type": "Point", "coordinates": [111.287253, 30.707905]}, "properties": {"指标": "不达标的步行道长度（千米）", "中类": "交通设施", "board": "民生基础需求", "类": "交通设施"}}, {"type": "Feature", "geometry": {"type": "Point", "coordinates": [111.278072, 30.729168]}, "properties": {"指标": "不达标的步行道长度（千米）", "中类": "交通设施", "board": "民生基础需求", "类": "交通设施"}}, {"type": "Feature", "geometry": {"type": "Point", "coordinates": [111.300258, 30.706491]}, "properties": {"指标": "不达标的步行道长度（千米）", "中类": "交通设施", "board": "民生基础需求", "类": "交通设施"}}, {"type": "Feature", "geometry": {"type": "Point", "coordinates": [111.289093, 30.738541]}, "properties": {"指标": "不达标的步行道长度（千米）", "中类": "交通设施", "board": "民生基础需求", "类": "交通设施"}}, {"type": "Feature", "geometry": {"type": "Point", "coordinates": [111.276497, 30.711097]}, "properties": {"指标": "不达标的步行道长度（千米）", "中类": "交通设施", "board": "民生基础需求", "类": "交通设施"}}, {"type": "Feature", "geometry": {"type": "Point", "coordinates": [111.29416, 30.728932]}, "properties": {"指标": "不达标的步行道长度（千米）", "中类": "交通设施", "board": "民生基础需求", "类": "交通设施"}}, {"type": "Feature", "geometry": {"type": "Point", "coordinates": [111.308457, 30.704208]}, "properties": {"指标": "不达标的步行道长度（千米）", "中类": "交通设施", "board": "民生基础需求", "类": "交通设施"}}, {"type": "Feature", "geometry": {"type": "Point", "coordinates": [111.354307, 30.651865]}, "properties": {"指标": "不达标的步行道长度（千米）", "中类": "交通设施", "board": "民生基础需求", "类": "交通设施"}}, {"type": "Feature", "geometry": {"type": "Point", "coordinates": [111.29549, 30.727942]}, "properties": {"指标": "不达标的步行道长度（千米）", "中类": "交通设施", "board": "民生基础需求", "类": "交通设施"}}, {"type": "Feature", "geometry": {"type": "Point", "coordinates": [111.292344, 30.723835]}, "properties": {"指标": "不达标的步行道长度（千米）", "中类": "交通设施", "board": "民生基础需求", "类": "交通设施"}}, {"type": "Feature", "geometry": {"type": "Point", "coordinates": [111.354609, 30.650614]}, "properties": {"指标": "不达标的步行道长度（千米）", "中类": "交通设施", "board": "民生基础需求", "类": "交通设施"}}, {"type": "Feature", "geometry": {"type": "Point", "coordinates": [111.279346, 30.728679]}, "properties": {"指标": "不达标的步行道长度（千米）", "中类": "交通设施", "board": "民生基础需求", "类": "交通设施"}}, {"type": "Feature", "geometry": {"type": "Point", "coordinates": [111.293109, 30.699708]}, "properties": {"指标": "不达标的步行道长度（千米）", "中类": "交通设施", "board": "民生基础需求", "类": "交通设施"}}, {"type": "Feature", "geometry": {"type": "Point", "coordinates": [111.288664, 30.691223]}, "properties": {"指标": "不达标的步行道长度（千米）", "中类": "交通设施", "board": "民生基础需求", "类": "交通设施"}}, {"type": "Feature", "geometry": {"type": "Point", "coordinates": [111.290929, 30.69517]}, "properties": {"指标": "不达标的步行道长度（千米）", "中类": "交通设施", "board": "民生基础需求", "类": "交通设施"}}, {"type": "Feature", "geometry": {"type": "Point", "coordinates": [111.298945, 30.69068]}, "properties": {"指标": "未实施物业管理的小区数量（个）", "中类": "物业街面", "board": "民生基础需求", "类": "物业街面"}}, {"type": "Feature", "geometry": {"type": "Point", "coordinates": [111.281359, 30.708714]}, "properties": {"指标": "未实施物业管理的小区数量（个）", "中类": "物业街面", "board": "民生基础需求", "类": "物业街面"}}, {"type": "Feature", "geometry": {"type": "Point", "coordinates": [111.312949, 30.674338]}, "properties": {"指标": "未实施物业管理的小区数量（个）", "中类": "物业街面", "board": "民生基础需求", "类": "物业街面"}}, {"type": "Feature", "geometry": {"type": "Point", "coordinates": [111.306701, 30.708186]}, "properties": {"指标": "未实施物业管理的小区数量（个）", "中类": "物业街面", "board": "民生基础需求", "类": "物业街面"}}, {"type": "Feature", "geometry": {"type": "Point", "coordinates": [111.307141, 30.685214]}, "properties": {"指标": "未实施物业管理的小区数量（个）", "中类": "物业街面", "board": "民生基础需求", "类": "物业街面"}}, {"type": "Feature", "geometry": {"type": "Point", "coordinates": [111.27262, 30.705257]}, "properties": {"指标": "未实施物业管理的小区数量（个）", "中类": "物业街面", "board": "民生基础需求", "类": "物业街面"}}, {"type": "Feature", "geometry": {"type": "Point", "coordinates": [111.284353, 30.699211]}, "properties": {"指标": "未实施物业管理的小区数量（个）", "中类": "物业街面", "board": "民生基础需求", "类": "物业街面"}}, {"type": "Feature", "geometry": {"type": "Point", "coordinates": [111.289463, 30.701452]}, "properties": {"指标": "未实施物业管理的小区数量（个）", "中类": "物业街面", "board": "民生基础需求", "类": "物业街面"}}, {"type": "Feature", "geometry": {"type": "Point", "coordinates": [111.282321, 30.704545]}, "properties": {"指标": "未实施物业管理的小区数量（个）", "中类": "物业街面", "board": "民生基础需求", "类": "物业街面"}}, {"type": "Feature", "geometry": {"type": "Point", "coordinates": [111.287186, 30.728168]}, "properties": {"指标": "未实施物业管理的小区数量（个）", "中类": "物业街面", "board": "民生基础需求", "类": "物业街面"}}, {"type": "Feature", "geometry": {"type": "Point", "coordinates": [111.277112, 30.724871]}, "properties": {"指标": "未实施物业管理的小区数量（个）", "中类": "物业街面", "board": "民生基础需求", "类": "物业街面"}}, {"type": "Feature", "geometry": {"type": "Point", "coordinates": [111.312508, 30.699471]}, "properties": {"指标": "未实施物业管理的小区数量（个）", "中类": "物业街面", "board": "民生基础需求", "类": "物业街面"}}, {"type": "Feature", "geometry": {"type": "Point", "coordinates": [111.285156, 30.693481]}, "properties": {"指标": "未实施物业管理的小区数量（个）", "中类": "物业街面", "board": "民生基础需求", "类": "物业街面"}}, {"type": "Feature", "geometry": {"type": "Point", "coordinates": [111.355176, 30.639865]}, "properties": {"指标": "未实施物业管理的小区数量（个）", "中类": "物业街面", "board": "民生基础需求", "类": "物业街面"}}, {"type": "Feature", "geometry": {"type": "Point", "coordinates": [111.320122, 30.672422]}, "properties": {"指标": "未实施物业管理的小区数量（个）", "中类": "物业街面", "board": "民生基础需求", "类": "物业街面"}}, {"type": "Feature", "geometry": {"type": "Point", "coordinates": [111.287594, 30.698176]}, "properties": {"指标": "未实施物业管理的小区数量（个）", "中类": "物业街面", "board": "民生基础需求", "类": "物业街面"}}, {"type": "Feature", "geometry": {"type": "Point", "coordinates": [111.280783, 30.715328]}, "properties": {"指标": "未实施物业管理的小区数量（个）", "中类": "物业街面", "board": "民生基础需求", "类": "物业街面"}}, {"type": "Feature", "geometry": {"type": "Point", "coordinates": [111.291595, 30.710982]}, "properties": {"指标": "未实施物业管理的小区数量（个）", "中类": "物业街面", "board": "民生基础需求", "类": "物业街面"}}, {"type": "Feature", "geometry": {"type": "Point", "coordinates": [111.317059, 30.673124]}, "properties": {"指标": "未实施物业管理的小区数量（个）", "中类": "物业街面", "board": "民生基础需求", "类": "物业街面"}}, {"type": "Feature", "geometry": {"type": "Point", "coordinates": [111.308076, 30.679545]}, "properties": {"指标": "未实施物业管理的小区数量（个）", "中类": "物业街面", "board": "民生基础需求", "类": "物业街面"}}, {"type": "Feature", "geometry": {"type": "Point", "coordinates": [111.302607, 30.740405]}, "properties": {"指标": "未实施物业管理的小区数量（个）", "中类": "物业街面", "board": "民生基础需求", "类": "物业街面"}}, {"type": "Feature", "geometry": {"type": "Point", "coordinates": [111.29594, 30.68974]}, "properties": {"指标": "未实施物业管理的小区数量（个）", "中类": "物业街面", "board": "民生基础需求", "类": "物业街面"}}, {"type": "Feature", "geometry": {"type": "Point", "coordinates": [111.279659, 30.714723]}, "properties": {"指标": "未实施物业管理的小区数量（个）", "中类": "物业街面", "board": "民生基础需求", "类": "物业街面"}}, {"type": "Feature", "geometry": {"type": "Point", "coordinates": [111.288898, 30.695789]}, "properties": {"指标": "未实施物业管理的小区数量（个）", "中类": "物业街面", "board": "民生基础需求", "类": "物业街面"}}, {"type": "Feature", "geometry": {"type": "Point", "coordinates": [111.290486, 30.69005]}, "properties": {"指标": "未实施物业管理的小区数量（个）", "中类": "物业街面", "board": "民生基础需求", "类": "物业街面"}}, {"type": "Feature", "geometry": {"type": "Point", "coordinates": [111.292266, 30.712783]}, "properties": {"指标": "未实施物业管理的小区数量（个）", "中类": "物业街面", "board": "民生基础需求", "类": "物业街面"}}, {"type": "Feature", "geometry": {"type": "Point", "coordinates": [111.31975, 30.672519]}, "properties": {"指标": "未实施物业管理的小区数量（个）", "中类": "物业街面", "board": "民生基础需求", "类": "物业街面"}}, {"type": "Feature", "geometry": {"type": "Point", "coordinates": [111.298566, 30.704228]}, "properties": {"指标": "未实施物业管理的小区数量（个）", "中类": "物业街面", "board": "民生基础需求", "类": "物业街面"}}, {"type": "Feature", "geometry": {"type": "Point", "coordinates": [111.308605, 30.705478]}, "properties": {"指标": "未实施物业管理的小区数量（个）", "中类": "物业街面", "board": "民生基础需求", "类": "物业街面"}}, {"type": "Feature", "geometry": {"type": "Point", "coordinates": [111.273309, 30.724408]}, "properties": {"指标": "未实施物业管理的小区数量（个）", "中类": "物业街面", "board": "民生基础需求", "类": "物业街面"}}, {"type": "Feature", "geometry": {"type": "Point", "coordinates": [111.287571, 30.694718]}, "properties": {"指标": "未实施物业管理的小区数量（个）", "中类": "物业街面", "board": "民生基础需求", "类": "物业街面"}}, {"type": "Feature", "geometry": {"type": "Point", "coordinates": [111.317201, 30.671065]}, "properties": {"指标": "未实施物业管理的小区数量（个）", "中类": "物业街面", "board": "民生基础需求", "类": "物业街面"}}, {"type": "Feature", "geometry": {"type": "Point", "coordinates": [111.32002, 30.673094]}, "properties": {"指标": "未实施物业管理的小区数量（个）", "中类": "物业街面", "board": "民生基础需求", "类": "物业街面"}}, {"type": "Feature", "geometry": {"type": "Point", "coordinates": [111.276584, 30.723336]}, "properties": {"指标": "未实施物业管理的小区数量（个）", "中类": "物业街面", "board": "民生基础需求", "类": "物业街面"}}, {"type": "Feature", "geometry": {"type": "Point", "coordinates": [111.292734, 30.713839]}, "properties": {"指标": "未实施物业管理的小区数量（个）", "中类": "物业街面", "board": "民生基础需求", "类": "物业街面"}}, {"type": "Feature", "geometry": {"type": "Point", "coordinates": [111.291231, 30.707852]}, "properties": {"指标": "未实施物业管理的小区数量（个）", "中类": "物业街面", "board": "民生基础需求", "类": "物业街面"}}, {"type": "Feature", "geometry": {"type": "Point", "coordinates": [111.298721, 30.689865]}, "properties": {"指标": "未实施物业管理的小区数量（个）", "中类": "物业街面", "board": "民生基础需求", "类": "物业街面"}}, {"type": "Feature", "geometry": {"type": "Point", "coordinates": [111.302927, 30.733693]}, "properties": {"指标": "未实施物业管理的小区数量（个）", "中类": "物业街面", "board": "民生基础需求", "类": "物业街面"}}, {"type": "Feature", "geometry": {"type": "Point", "coordinates": [111.279414, 30.715377]}, "properties": {"指标": "未实施物业管理的小区数量（个）", "中类": "物业街面", "board": "民生基础需求", "类": "物业街面"}}, {"type": "Feature", "geometry": {"type": "Point", "coordinates": [111.296096, 30.734775]}, "properties": {"指标": "未实施物业管理的小区数量（个）", "中类": "物业街面", "board": "民生基础需求", "类": "物业街面"}}, {"type": "Feature", "geometry": {"type": "Point", "coordinates": [111.312971, 30.678114]}, "properties": {"指标": "未实施物业管理的小区数量（个）", "中类": "物业街面", "board": "民生基础需求", "类": "物业街面"}}, {"type": "Feature", "geometry": {"type": "Point", "coordinates": [111.282989, 30.698698]}, "properties": {"指标": "未实施物业管理的小区数量（个）", "中类": "物业街面", "board": "民生基础需求", "类": "物业街面"}}, {"type": "Feature", "geometry": {"type": "Point", "coordinates": [111.282303, 30.708984]}, "properties": {"指标": "未实施物业管理的小区数量（个）", "中类": "物业街面", "board": "民生基础需求", "类": "物业街面"}}, {"type": "Feature", "geometry": {"type": "Point", "coordinates": [111.292242, 30.722622]}, "properties": {"指标": "未实施物业管理的小区数量（个）", "中类": "物业街面", "board": "民生基础需求", "类": "物业街面"}}, {"type": "Feature", "geometry": {"type": "Point", "coordinates": [111.290134, 30.691561]}, "properties": {"指标": "未实施物业管理的小区数量（个）", "中类": "物业街面", "board": "民生基础需求", "类": "物业街面"}}, {"type": "Feature", "geometry": {"type": "Point", "coordinates": [111.303355, 30.687049]}, "properties": {"指标": "未实施物业管理的小区数量（个）", "中类": "物业街面", "board": "民生基础需求", "类": "物业街面"}}, {"type": "Feature", "geometry": {"type": "Point", "coordinates": [111.278483, 30.703366]}, "properties": {"指标": "未实施物业管理的小区数量（个）", "中类": "物业街面", "board": "民生基础需求", "类": "物业街面"}}, {"type": "Feature", "geometry": {"type": "Point", "coordinates": [111.274117, 30.722356]}, "properties": {"指标": "未实施物业管理的小区数量（个）", "中类": "物业街面", "board": "民生基础需求", "类": "物业街面"}}, {"type": "Feature", "geometry": {"type": "Point", "coordinates": [111.287598, 30.698188]}, "properties": {"指标": "未实施物业管理的小区数量（个）", "中类": "物业街面", "board": "民生基础需求", "类": "物业街面"}}, {"type": "Feature", "geometry": {"type": "Point", "coordinates": [111.271698, 30.719264]}, "properties": {"指标": "未实施物业管理的小区数量（个）", "中类": "物业街面", "board": "民生基础需求", "类": "物业街面"}}, {"type": "Feature", "geometry": {"type": "Point", "coordinates": [111.288221, 30.714883]}, "properties": {"指标": "未实施物业管理的小区数量（个）", "中类": "物业街面", "board": "民生基础需求", "类": "物业街面"}}, {"type": "Feature", "geometry": {"type": "Point", "coordinates": [111.30467, 30.686274]}, "properties": {"指标": "未实施物业管理的小区数量（个）", "中类": "物业街面", "board": "民生基础需求", "类": "物业街面"}}, {"type": "Feature", "geometry": {"type": "Point", "coordinates": [111.281748, 30.695281]}, "properties": {"指标": "未实施物业管理的小区数量（个）", "中类": "物业街面", "board": "民生基础需求", "类": "物业街面"}}, {"type": "Feature", "geometry": {"type": "Point", "coordinates": [111.30419, 30.681712]}, "properties": {"指标": "未实施物业管理的小区数量（个）", "中类": "物业街面", "board": "民生基础需求", "类": "物业街面"}}, {"type": "Feature", "geometry": {"type": "Point", "coordinates": [111.297691, 30.696967]}, "properties": {"指标": "未实施物业管理的小区数量（个）", "中类": "物业街面", "board": "民生基础需求", "类": "物业街面"}}, {"type": "Feature", "geometry": {"type": "Point", "coordinates": [111.312864, 30.694393]}, "properties": {"指标": "未实施物业管理的小区数量（个）", "中类": "物业街面", "board": "民生基础需求", "类": "物业街面"}}, {"type": "Feature", "geometry": {"type": "Point", "coordinates": [111.296784, 30.697053]}, "properties": {"指标": "未实施物业管理的小区数量（个）", "中类": "物业街面", "board": "民生基础需求", "类": "物业街面"}}, {"type": "Feature", "geometry": {"type": "Point", "coordinates": [111.296946, 30.696504]}, "properties": {"指标": "未实施物业管理的小区数量（个）", "中类": "物业街面", "board": "民生基础需求", "类": "物业街面"}}, {"type": "Feature", "geometry": {"type": "Point", "coordinates": [111.284124, 30.708277]}, "properties": {"指标": "未实施物业管理的小区数量（个）", "中类": "物业街面", "board": "民生基础需求", "类": "物业街面"}}, {"type": "Feature", "geometry": {"type": "Point", "coordinates": [111.28484, 30.704326]}, "properties": {"指标": "未实施物业管理的小区数量（个）", "中类": "物业街面", "board": "民生基础需求", "类": "物业街面"}}, {"type": "Feature", "geometry": {"type": "Point", "coordinates": [111.281154, 30.709947]}, "properties": {"指标": "未实施物业管理的小区数量（个）", "中类": "物业街面", "board": "民生基础需求", "类": "物业街面"}}, {"type": "Feature", "geometry": {"type": "Point", "coordinates": [111.283452, 30.712209]}, "properties": {"指标": "未实施物业管理的小区数量（个）", "中类": "物业街面", "board": "民生基础需求", "类": "物业街面"}}, {"type": "Feature", "geometry": {"type": "Point", "coordinates": [111.283572, 30.699433]}, "properties": {"指标": "未实施物业管理的小区数量（个）", "中类": "物业街面", "board": "民生基础需求", "类": "物业街面"}}, {"type": "Feature", "geometry": {"type": "Point", "coordinates": [111.339543, 30.650635]}, "properties": {"指标": "未实施物业管理的小区数量（个）", "中类": "物业街面", "board": "民生基础需求", "类": "物业街面"}}, {"type": "Feature", "geometry": {"type": "Point", "coordinates": [111.31986, 30.67074]}, "properties": {"指标": "未实施物业管理的小区数量（个）", "中类": "物业街面", "board": "民生基础需求", "类": "物业街面"}}, {"type": "Feature", "geometry": {"type": "Point", "coordinates": [111.322035, 30.671791]}, "properties": {"指标": "未实施物业管理的小区数量（个）", "中类": "物业街面", "board": "民生基础需求", "类": "物业街面"}}, {"type": "Feature", "geometry": {"type": "Point", "coordinates": [111.300047, 30.689233]}, "properties": {"指标": "未实施物业管理的小区数量（个）", "中类": "物业街面", "board": "民生基础需求", "类": "物业街面"}}, {"type": "Feature", "geometry": {"type": "Point", "coordinates": [111.291525, 30.698204]}, "properties": {"指标": "未实施物业管理的小区数量（个）", "中类": "物业街面", "board": "民生基础需求", "类": "物业街面"}}, {"type": "Feature", "geometry": {"type": "Point", "coordinates": [111.316159, 30.67332]}, "properties": {"指标": "未实施物业管理的小区数量（个）", "中类": "物业街面", "board": "民生基础需求", "类": "物业街面"}}, {"type": "Feature", "geometry": {"type": "Point", "coordinates": [111.298422, 30.696727]}, "properties": {"指标": "未实施物业管理的小区数量（个）", "中类": "物业街面", "board": "民生基础需求", "类": "物业街面"}}, {"type": "Feature", "geometry": {"type": "Point", "coordinates": [111.295424, 30.714293]}, "properties": {"指标": "未实施物业管理的小区数量（个）", "中类": "物业街面", "board": "民生基础需求", "类": "物业街面"}}, {"type": "Feature", "geometry": {"type": "Point", "coordinates": [111.272946, 30.710275]}, "properties": {"指标": "未实施物业管理的小区数量（个）", "中类": "物业街面", "board": "民生基础需求", "类": "物业街面"}}, {"type": "Feature", "geometry": {"type": "Point", "coordinates": [111.301446, 30.733456]}, "properties": {"指标": "未实施物业管理的小区数量（个）", "中类": "物业街面", "board": "民生基础需求", "类": "物业街面"}}, {"type": "Feature", "geometry": {"type": "Point", "coordinates": [111.278872, 30.702231]}, "properties": {"指标": "未实施物业管理的小区数量（个）", "中类": "物业街面", "board": "民生基础需求", "类": "物业街面"}}, {"type": "Feature", "geometry": {"type": "Point", "coordinates": [111.296529, 30.696178]}, "properties": {"指标": "未实施物业管理的小区数量（个）", "中类": "物业街面", "board": "民生基础需求", "类": "物业街面"}}, {"type": "Feature", "geometry": {"type": "Point", "coordinates": [111.288765, 30.725097]}, "properties": {"指标": "未实施物业管理的小区数量（个）", "中类": "物业街面", "board": "民生基础需求", "类": "物业街面"}}, {"type": "Feature", "geometry": {"type": "Point", "coordinates": [111.315647, 30.670921]}, "properties": {"指标": "未实施物业管理的小区数量（个）", "中类": "物业街面", "board": "民生基础需求", "类": "物业街面"}}, {"type": "Feature", "geometry": {"type": "Point", "coordinates": [111.355809, 30.654448]}, "properties": {"指标": "未实施物业管理的小区数量（个）", "中类": "物业街面", "board": "民生基础需求", "类": "物业街面"}}, {"type": "Feature", "geometry": {"type": "Point", "coordinates": [111.305566, 30.712323]}, "properties": {"指标": "未实施物业管理的小区数量（个）", "中类": "物业街面", "board": "民生基础需求", "类": "物业街面"}}, {"type": "Feature", "geometry": {"type": "Point", "coordinates": [111.30432, 30.682133]}, "properties": {"指标": "未实施物业管理的小区数量（个）", "中类": "物业街面", "board": "民生基础需求", "类": "物业街面"}}, {"type": "Feature", "geometry": {"type": "Point", "coordinates": [111.314137, 30.688453]}, "properties": {"指标": "未实施物业管理的小区数量（个）", "中类": "物业街面", "board": "民生基础需求", "类": "物业街面"}}, {"type": "Feature", "geometry": {"type": "Point", "coordinates": [111.353679, 30.644669]}, "properties": {"指标": "未实施物业管理的小区数量（个）", "中类": "物业街面", "board": "民生基础需求", "类": "物业街面"}}, {"type": "Feature", "geometry": {"type": "Point", "coordinates": [111.277058, 30.712159]}, "properties": {"指标": "未实施物业管理的小区数量（个）", "中类": "物业街面", "board": "民生基础需求", "类": "物业街面"}}, {"type": "Feature", "geometry": {"type": "Point", "coordinates": [111.315459, 30.671239]}, "properties": {"指标": "未实施物业管理的小区数量（个）", "中类": "物业街面", "board": "民生基础需求", "类": "物业街面"}}, {"type": "Feature", "geometry": {"type": "Point", "coordinates": [111.30502, 30.682574]}, "properties": {"指标": "未实施物业管理的小区数量（个）", "中类": "物业街面", "board": "民生基础需求", "类": "物业街面"}}, {"type": "Feature", "geometry": {"type": "Point", "coordinates": [111.35427, 30.639771]}, "properties": {"指标": "未实施物业管理的小区数量（个）", "中类": "物业街面", "board": "民生基础需求", "类": "物业街面"}}, {"type": "Feature", "geometry": {"type": "Point", "coordinates": [111.284331, 30.707132]}, "properties": {"指标": "未实施物业管理的小区数量（个）", "中类": "物业街面", "board": "民生基础需求", "类": "物业街面"}}, {"type": "Feature", "geometry": {"type": "Point", "coordinates": [111.284099, 30.695264]}, "properties": {"指标": "未实施物业管理的小区数量（个）", "中类": "物业街面", "board": "民生基础需求", "类": "物业街面"}}, {"type": "Feature", "geometry": {"type": "Point", "coordinates": [111.315713, 30.672949]}, "properties": {"指标": "未实施物业管理的小区数量（个）", "中类": "物业街面", "board": "民生基础需求", "类": "物业街面"}}, {"type": "Feature", "geometry": {"type": "Point", "coordinates": [111.276379, 30.725875]}, "properties": {"指标": "未实施物业管理的小区数量（个）", "中类": "物业街面", "board": "民生基础需求", "类": "物业街面"}}, {"type": "Feature", "geometry": {"type": "Point", "coordinates": [111.282913, 30.725311]}, "properties": {"指标": "未实施物业管理的小区数量（个）", "中类": "物业街面", "board": "民生基础需求", "类": "物业街面"}}, {"type": "Feature", "geometry": {"type": "Point", "coordinates": [111.31756, 30.673726]}, "properties": {"指标": "未实施物业管理的小区数量（个）", "中类": "物业街面", "board": "民生基础需求", "类": "物业街面"}}, {"type": "Feature", "geometry": {"type": "Point", "coordinates": [111.290612, 30.701044]}, "properties": {"指标": "未实施物业管理的小区数量（个）", "中类": "物业街面", "board": "民生基础需求", "类": "物业街面"}}, {"type": "Feature", "geometry": {"type": "Point", "coordinates": [111.345797, 30.647318]}, "properties": {"指标": "未实施物业管理的小区数量（个）", "中类": "物业街面", "board": "民生基础需求", "类": "物业街面"}}, {"type": "Feature", "geometry": {"type": "Point", "coordinates": [111.28229, 30.697104]}, "properties": {"指标": "未实施物业管理的小区数量（个）", "中类": "物业街面", "board": "民生基础需求", "类": "物业街面"}}, {"type": "Feature", "geometry": {"type": "Point", "coordinates": [111.309488, 30.683536]}, "properties": {"指标": "未实施物业管理的小区数量（个）", "中类": "物业街面", "board": "民生基础需求", "类": "物业街面"}}, {"type": "Feature", "geometry": {"type": "Point", "coordinates": [111.314769, 30.673932]}, "properties": {"指标": "未实施物业管理的小区数量（个）", "中类": "物业街面", "board": "民生基础需求", "类": "物业街面"}}, {"type": "Feature", "geometry": {"type": "Point", "coordinates": [111.277096, 30.707095]}, "properties": {"指标": "未实施物业管理的小区数量（个）", "中类": "物业街面", "board": "民生基础需求", "类": "物业街面"}}, {"type": "Feature", "geometry": {"type": "Point", "coordinates": [111.316043, 30.671186]}, "properties": {"指标": "未实施物业管理的小区数量（个）", "中类": "物业街面", "board": "民生基础需求", "类": "物业街面"}}, {"type": "Feature", "geometry": {"type": "Point", "coordinates": [111.29213, 30.712351]}, "properties": {"指标": "未实施物业管理的小区数量（个）", "中类": "物业街面", "board": "民生基础需求", "类": "物业街面"}}, {"type": "Feature", "geometry": {"type": "Point", "coordinates": [111.292195, 30.690487]}, "properties": {"指标": "未实施物业管理的小区数量（个）", "中类": "物业街面", "board": "民生基础需求", "类": "物业街面"}}, {"type": "Feature", "geometry": {"type": "Point", "coordinates": [111.29069, 30.722675]}, "properties": {"指标": "未实施物业管理的小区数量（个）", "中类": "物业街面", "board": "民生基础需求", "类": "物业街面"}}, {"type": "Feature", "geometry": {"type": "Point", "coordinates": [111.285155, 30.711626]}, "properties": {"指标": "未实施物业管理的小区数量（个）", "中类": "物业街面", "board": "民生基础需求", "类": "物业街面"}}, {"type": "Feature", "geometry": {"type": "Point", "coordinates": [111.359168, 30.65633]}, "properties": {"指标": "未实施物业管理的小区数量（个）", "中类": "物业街面", "board": "民生基础需求", "类": "物业街面"}}, {"type": "Feature", "geometry": {"type": "Point", "coordinates": [111.33139, 30.662468]}, "properties": {"指标": "未实施物业管理的小区数量（个）", "中类": "物业街面", "board": "民生基础需求", "类": "物业街面"}}, {"type": "Feature", "geometry": {"type": "Point", "coordinates": [111.30381, 30.694869]}, "properties": {"指标": "未实施物业管理的小区数量（个）", "中类": "物业街面", "board": "民生基础需求", "类": "物业街面"}}, {"type": "Feature", "geometry": {"type": "Point", "coordinates": [111.353639, 30.644312]}, "properties": {"指标": "未实施物业管理的小区数量（个）", "中类": "物业街面", "board": "民生基础需求", "类": "物业街面"}}, {"type": "Feature", "geometry": {"type": "Point", "coordinates": [111.290674, 30.719695]}, "properties": {"指标": "未实施物业管理的小区数量（个）", "中类": "物业街面", "board": "民生基础需求", "类": "物业街面"}}, {"type": "Feature", "geometry": {"type": "Point", "coordinates": [111.273754, 30.702322]}, "properties": {"指标": "未实施物业管理的小区数量（个）", "中类": "物业街面", "board": "民生基础需求", "类": "物业街面"}}, {"type": "Feature", "geometry": {"type": "Point", "coordinates": [111.294159, 30.697158]}, "properties": {"指标": "未实施物业管理的小区数量（个）", "中类": "物业街面", "board": "民生基础需求", "类": "物业街面"}}, {"type": "Feature", "geometry": {"type": "Point", "coordinates": [111.303767, 30.685974]}, "properties": {"指标": "未实施物业管理的小区数量（个）", "中类": "物业街面", "board": "民生基础需求", "类": "物业街面"}}, {"type": "Feature", "geometry": {"type": "Point", "coordinates": [111.282229, 30.72505]}, "properties": {"指标": "未实施物业管理的小区数量（个）", "中类": "物业街面", "board": "民生基础需求", "类": "物业街面"}}, {"type": "Feature", "geometry": {"type": "Point", "coordinates": [111.341125, 30.649275]}, "properties": {"指标": "未实施物业管理的小区数量（个）", "中类": "物业街面", "board": "民生基础需求", "类": "物业街面"}}, {"type": "Feature", "geometry": {"type": "Point", "coordinates": [111.354598, 30.650793]}, "properties": {"指标": "未实施物业管理的小区数量（个）", "中类": "物业街面", "board": "民生基础需求", "类": "物业街面"}}, {"type": "Feature", "geometry": {"type": "Point", "coordinates": [111.302728, 30.690744]}, "properties": {"指标": "未实施物业管理的小区数量（个）", "中类": "物业街面", "board": "民生基础需求", "类": "物业街面"}}, {"type": "Feature", "geometry": {"type": "Point", "coordinates": [111.280753, 30.709732]}, "properties": {"指标": "未实施物业管理的小区数量（个）", "中类": "物业街面", "board": "民生基础需求", "类": "物业街面"}}, {"type": "Feature", "geometry": {"type": "Point", "coordinates": [111.284063, 30.695295]}, "properties": {"指标": "未实施物业管理的小区数量（个）", "中类": "物业街面", "board": "民生基础需求", "类": "物业街面"}}, {"type": "Feature", "geometry": {"type": "Point", "coordinates": [111.377248, 30.610296]}, "properties": {"指标": "未实施物业管理的小区数量（个）", "中类": "物业街面", "board": "民生基础需求", "类": "物业街面"}}, {"type": "Feature", "geometry": {"type": "Point", "coordinates": [111.300126, 30.733202]}, "properties": {"指标": "未实施物业管理的小区数量（个）", "中类": "物业街面", "board": "民生基础需求", "类": "物业街面"}}, {"type": "Feature", "geometry": {"type": "Point", "coordinates": [111.274012, 30.718641]}, "properties": {"指标": "未实施物业管理的小区数量（个）", "中类": "物业街面", "board": "民生基础需求", "类": "物业街面"}}, {"type": "Feature", "geometry": {"type": "Point", "coordinates": [111.309544, 30.684596]}, "properties": {"指标": "未实施物业管理的小区数量（个）", "中类": "物业街面", "board": "民生基础需求", "类": "物业街面"}}, {"type": "Feature", "geometry": {"type": "Point", "coordinates": [111.29062, 30.699002]}, "properties": {"指标": "未实施物业管理的小区数量（个）", "中类": "物业街面", "board": "民生基础需求", "类": "物业街面"}}, {"type": "Feature", "geometry": {"type": "Point", "coordinates": [111.308072, 30.679551]}, "properties": {"指标": "未实施物业管理的小区数量（个）", "中类": "物业街面", "board": "民生基础需求", "类": "物业街面"}}, {"type": "Feature", "geometry": {"type": "Point", "coordinates": [111.296348, 30.690059]}, "properties": {"指标": "未实施物业管理的小区数量（个）", "中类": "物业街面", "board": "民生基础需求", "类": "物业街面"}}, {"type": "Feature", "geometry": {"type": "Point", "coordinates": [111.306013, 30.711371]}, "properties": {"指标": "未实施物业管理的小区数量（个）", "中类": "物业街面", "board": "民生基础需求", "类": "物业街面"}}, {"type": "Feature", "geometry": {"type": "Point", "coordinates": [111.292509, 30.696996]}, "properties": {"指标": "未实施物业管理的小区数量（个）", "中类": "物业街面", "board": "民生基础需求", "类": "物业街面"}}, {"type": "Feature", "geometry": {"type": "Point", "coordinates": [111.288422, 30.700162]}, "properties": {"指标": "未实施物业管理的小区数量（个）", "中类": "物业街面", "board": "民生基础需求", "类": "物业街面"}}, {"type": "Feature", "geometry": {"type": "Point", "coordinates": [111.276401, 30.709262]}, "properties": {"指标": "未实施物业管理的小区数量（个）", "中类": "物业街面", "board": "民生基础需求", "类": "物业街面"}}, {"type": "Feature", "geometry": {"type": "Point", "coordinates": [111.283532, 30.712244]}, "properties": {"指标": "未实施物业管理的小区数量（个）", "中类": "物业街面", "board": "民生基础需求", "类": "物业街面"}}, {"type": "Feature", "geometry": {"type": "Point", "coordinates": [111.273093, 30.705591]}, "properties": {"指标": "未实施物业管理的小区数量（个）", "中类": "物业街面", "board": "民生基础需求", "类": "物业街面"}}, {"type": "Feature", "geometry": {"type": "Point", "coordinates": [111.289949, 30.701482]}, "properties": {"指标": "未实施物业管理的小区数量（个）", "中类": "物业街面", "board": "民生基础需求", "类": "物业街面"}}, {"type": "Feature", "geometry": {"type": "Point", "coordinates": [111.312754, 30.676168]}, "properties": {"指标": "未实施物业管理的小区数量（个）", "中类": "物业街面", "board": "民生基础需求", "类": "物业街面"}}, {"type": "Feature", "geometry": {"type": "Point", "coordinates": [111.305324, 30.686943]}, "properties": {"指标": "未实施物业管理的小区数量（个）", "中类": "物业街面", "board": "民生基础需求", "类": "物业街面"}}, {"type": "Feature", "geometry": {"type": "Point", "coordinates": [111.296695, 30.689667]}, "properties": {"指标": "未实施物业管理的小区数量（个）", "中类": "物业街面", "board": "民生基础需求", "类": "物业街面"}}, {"type": "Feature", "geometry": {"type": "Point", "coordinates": [111.312103, 30.675879]}, "properties": {"指标": "未实施物业管理的小区数量（个）", "中类": "物业街面", "board": "民生基础需求", "类": "物业街面"}}, {"type": "Feature", "geometry": {"type": "Point", "coordinates": [111.300381, 30.707478]}, "properties": {"指标": "未实施物业管理的小区数量（个）", "中类": "物业街面", "board": "民生基础需求", "类": "物业街面"}}, {"type": "Feature", "geometry": {"type": "Point", "coordinates": [111.314329, 30.733261]}, "properties": {"指标": "未实施物业管理的小区数量（个）", "中类": "物业街面", "board": "民生基础需求", "类": "物业街面"}}, {"type": "Feature", "geometry": {"type": "Point", "coordinates": [111.289313, 30.708085]}, "properties": {"指标": "未实施物业管理的小区数量（个）", "中类": "物业街面", "board": "民生基础需求", "类": "物业街面"}}, {"type": "Feature", "geometry": {"type": "Point", "coordinates": [111.311999, 30.697721]}, "properties": {"指标": "未实施物业管理的小区数量（个）", "中类": "物业街面", "board": "民生基础需求", "类": "物业街面"}}, {"type": "Feature", "geometry": {"type": "Point", "coordinates": [111.276848, 30.709496]}, "properties": {"指标": "未实施物业管理的小区数量（个）", "中类": "物业街面", "board": "民生基础需求", "类": "物业街面"}}, {"type": "Feature", "geometry": {"type": "Point", "coordinates": [111.303629, 30.683537]}, "properties": {"指标": "未实施物业管理的小区数量（个）", "中类": "物业街面", "board": "民生基础需求", "类": "物业街面"}}, {"type": "Feature", "geometry": {"type": "Point", "coordinates": [111.289098, 30.691799]}, "properties": {"指标": "未实施物业管理的小区数量（个）", "中类": "物业街面", "board": "民生基础需求", "类": "物业街面"}}, {"type": "Feature", "geometry": {"type": "Point", "coordinates": [111.325626, 30.66935]}, "properties": {"指标": "未实施物业管理的小区数量（个）", "中类": "物业街面", "board": "民生基础需求", "类": "物业街面"}}, {"type": "Feature", "geometry": {"type": "Point", "coordinates": [111.347777, 30.644913]}, "properties": {"指标": "未实施物业管理的小区数量（个）", "中类": "物业街面", "board": "民生基础需求", "类": "物业街面"}}, {"type": "Feature", "geometry": {"type": "Point", "coordinates": [111.28599, 30.696476]}, "properties": {"指标": "未实施物业管理的小区数量（个）", "中类": "物业街面", "board": "民生基础需求", "类": "物业街面"}}, {"type": "Feature", "geometry": {"type": "Point", "coordinates": [111.304757, 30.682276]}, "properties": {"指标": "未实施物业管理的小区数量（个）", "中类": "物业街面", "board": "民生基础需求", "类": "物业街面"}}, {"type": "Feature", "geometry": {"type": "Point", "coordinates": [111.276806, 30.709511]}, "properties": {"指标": "未实施物业管理的小区数量（个）", "中类": "物业街面", "board": "民生基础需求", "类": "物业街面"}}, {"type": "Feature", "geometry": {"type": "Point", "coordinates": [111.347906, 30.645193]}, "properties": {"指标": "未实施物业管理的小区数量（个）", "中类": "物业街面", "board": "民生基础需求", "类": "物业街面"}}, {"type": "Feature", "geometry": {"type": "Point", "coordinates": [111.296501, 30.697635]}, "properties": {"指标": "未实施物业管理的小区数量（个）", "中类": "物业街面", "board": "民生基础需求", "类": "物业街面"}}, {"type": "Feature", "geometry": {"type": "Point", "coordinates": [111.293022, 30.712521]}, "properties": {"指标": "未实施物业管理的小区数量（个）", "中类": "物业街面", "board": "民生基础需求", "类": "物业街面"}}, {"type": "Feature", "geometry": {"type": "Point", "coordinates": [111.318059, 30.690341]}, "properties": {"指标": "未实施物业管理的小区数量（个）", "中类": "物业街面", "board": "民生基础需求", "类": "物业街面"}}, {"type": "Feature", "geometry": {"type": "Point", "coordinates": [111.298871, 30.687901]}, "properties": {"指标": "未实施物业管理的小区数量（个）", "中类": "物业街面", "board": "民生基础需求", "类": "物业街面"}}, {"type": "Feature", "geometry": {"type": "Point", "coordinates": [111.272569, 30.704909]}, "properties": {"指标": "未实施物业管理的小区数量（个）", "中类": "物业街面", "board": "民生基础需求", "类": "物业街面"}}, {"type": "Feature", "geometry": {"type": "Point", "coordinates": [111.307879, 30.685016]}, "properties": {"指标": "未实施物业管理的小区数量（个）", "中类": "物业街面", "board": "民生基础需求", "类": "物业街面"}}, {"type": "Feature", "geometry": {"type": "Point", "coordinates": [111.305423, 30.708291]}, "properties": {"指标": "未实施物业管理的小区数量（个）", "中类": "物业街面", "board": "民生基础需求", "类": "物业街面"}}, {"type": "Feature", "geometry": {"type": "Point", "coordinates": [111.289784, 30.692105]}, "properties": {"指标": "未实施物业管理的小区数量（个）", "中类": "物业街面", "board": "民生基础需求", "类": "物业街面"}}, {"type": "Feature", "geometry": {"type": "Point", "coordinates": [111.283568, 30.693123]}, "properties": {"指标": "未实施物业管理的小区数量（个）", "中类": "物业街面", "board": "民生基础需求", "类": "物业街面"}}, {"type": "Feature", "geometry": {"type": "Point", "coordinates": [111.293264, 30.738997]}, "properties": {"指标": "未实施物业管理的小区数量（个）", "中类": "物业街面", "board": "民生基础需求", "类": "物业街面"}}, {"type": "Feature", "geometry": {"type": "Point", "coordinates": [111.315299, 30.673247]}, "properties": {"指标": "未实施物业管理的小区数量（个）", "中类": "物业街面", "board": "民生基础需求", "类": "物业街面"}}, {"type": "Feature", "geometry": {"type": "Point", "coordinates": [111.287431, 30.697142]}, "properties": {"指标": "未实施物业管理的小区数量（个）", "中类": "物业街面", "board": "民生基础需求", "类": "物业街面"}}, {"type": "Feature", "geometry": {"type": "Point", "coordinates": [111.314792, 30.687935]}, "properties": {"指标": "未实施物业管理的小区数量（个）", "中类": "物业街面", "board": "民生基础需求", "类": "物业街面"}}, {"type": "Feature", "geometry": {"type": "Point", "coordinates": [111.311637, 30.677234]}, "properties": {"指标": "未实施物业管理的小区数量（个）", "中类": "物业街面", "board": "民生基础需求", "类": "物业街面"}}, {"type": "Feature", "geometry": {"type": "Point", "coordinates": [111.354805, 30.651087]}, "properties": {"指标": "未实施物业管理的小区数量（个）", "中类": "物业街面", "board": "民生基础需求", "类": "物业街面"}}, {"type": "Feature", "geometry": {"type": "Point", "coordinates": [111.30486, 30.686898]}, "properties": {"指标": "未实施物业管理的小区数量（个）", "中类": "物业街面", "board": "民生基础需求", "类": "物业街面"}}, {"type": "Feature", "geometry": {"type": "Point", "coordinates": [111.291887, 30.696953]}, "properties": {"指标": "未实施物业管理的小区数量（个）", "中类": "物业街面", "board": "民生基础需求", "类": "物业街面"}}, {"type": "Feature", "geometry": {"type": "Point", "coordinates": [111.276073, 30.710674]}, "properties": {"指标": "未实施物业管理的小区数量（个）", "中类": "物业街面", "board": "民生基础需求", "类": "物业街面"}}, {"type": "Feature", "geometry": {"type": "Point", "coordinates": [111.292084, 30.696446]}, "properties": {"指标": "未实施物业管理的小区数量（个）", "中类": "物业街面", "board": "民生基础需求", "类": "物业街面"}}, {"type": "Feature", "geometry": {"type": "Point", "coordinates": [111.31667, 30.674074]}, "properties": {"指标": "未实施物业管理的小区数量（个）", "中类": "物业街面", "board": "民生基础需求", "类": "物业街面"}}, {"type": "Feature", "geometry": {"type": "Point", "coordinates": [111.307618, 30.708519]}, "properties": {"指标": "未实施物业管理的小区数量（个）", "中类": "物业街面", "board": "民生基础需求", "类": "物业街面"}}, {"type": "Feature", "geometry": {"type": "Point", "coordinates": [111.317289, 30.670997]}, "properties": {"指标": "未实施物业管理的小区数量（个）", "中类": "物业街面", "board": "民生基础需求", "类": "物业街面"}}, {"type": "Feature", "geometry": {"type": "Point", "coordinates": [111.298807, 30.690406]}, "properties": {"指标": "未实施物业管理的小区数量（个）", "中类": "物业街面", "board": "民生基础需求", "类": "物业街面"}}, {"type": "Feature", "geometry": {"type": "Point", "coordinates": [111.273651, 30.709315]}, "properties": {"指标": "未实施物业管理的小区数量（个）", "中类": "物业街面", "board": "民生基础需求", "类": "物业街面"}}, {"type": "Feature", "geometry": {"type": "Point", "coordinates": [111.281085, 30.707256]}, "properties": {"指标": "未实施物业管理的小区数量（个）", "中类": "物业街面", "board": "民生基础需求", "类": "物业街面"}}, {"type": "Feature", "geometry": {"type": "Point", "coordinates": [111.320244, 30.671168]}, "properties": {"指标": "未实施物业管理的小区数量（个）", "中类": "物业街面", "board": "民生基础需求", "类": "物业街面"}}, {"type": "Feature", "geometry": {"type": "Point", "coordinates": [111.305787, 30.682305]}, "properties": {"指标": "未实施物业管理的小区数量（个）", "中类": "物业街面", "board": "民生基础需求", "类": "物业街面"}}, {"type": "Feature", "geometry": {"type": "Point", "coordinates": [111.288915, 30.691081]}, "properties": {"指标": "未实施物业管理的小区数量（个）", "中类": "物业街面", "board": "民生基础需求", "类": "物业街面"}}, {"type": "Feature", "geometry": {"type": "Point", "coordinates": [111.31209, 30.699291]}, "properties": {"指标": "未实施物业管理的小区数量（个）", "中类": "物业街面", "board": "民生基础需求", "类": "物业街面"}}, {"type": "Feature", "geometry": {"type": "Point", "coordinates": [111.293601, 30.689466]}, "properties": {"指标": "未实施物业管理的小区数量（个）", "中类": "物业街面", "board": "民生基础需求", "类": "物业街面"}}, {"type": "Feature", "geometry": {"type": "Point", "coordinates": [111.28151, 30.707776]}, "properties": {"指标": "未实施物业管理的小区数量（个）", "中类": "物业街面", "board": "民生基础需求", "类": "物业街面"}}, {"type": "Feature", "geometry": {"type": "Point", "coordinates": [111.312766, 30.678915]}, "properties": {"指标": "未实施物业管理的小区数量（个）", "中类": "物业街面", "board": "民生基础需求", "类": "物业街面"}}, {"type": "Feature", "geometry": {"type": "Point", "coordinates": [111.28277, 30.694234]}, "properties": {"指标": "未实施物业管理的小区数量（个）", "中类": "物业街面", "board": "民生基础需求", "类": "物业街面"}}, {"type": "Feature", "geometry": {"type": "Point", "coordinates": [111.289497, 30.703834]}, "properties": {"指标": "未实施物业管理的小区数量（个）", "中类": "物业街面", "board": "民生基础需求", "类": "物业街面"}}, {"type": "Feature", "geometry": {"type": "Point", "coordinates": [111.297029, 30.689738]}, "properties": {"指标": "未实施物业管理的小区数量（个）", "中类": "物业街面", "board": "民生基础需求", "类": "物业街面"}}, {"type": "Feature", "geometry": {"type": "Point", "coordinates": [111.277313, 30.707489]}, "properties": {"指标": "未实施物业管理的小区数量（个）", "中类": "物业街面", "board": "民生基础需求", "类": "物业街面"}}, {"type": "Feature", "geometry": {"type": "Point", "coordinates": [111.314606, 30.673322]}, "properties": {"指标": "未实施物业管理的小区数量（个）", "中类": "物业街面", "board": "民生基础需求", "类": "物业街面"}}, {"type": "Feature", "geometry": {"type": "Point", "coordinates": [111.291954, 30.693569]}, "properties": {"指标": "未实施物业管理的小区数量（个）", "中类": "物业街面", "board": "民生基础需求", "类": "物业街面"}}, {"type": "Feature", "geometry": {"type": "Point", "coordinates": [111.311489, 30.678437]}, "properties": {"指标": "未实施物业管理的小区数量（个）", "中类": "物业街面", "board": "民生基础需求", "类": "物业街面"}}, {"type": "Feature", "geometry": {"type": "Point", "coordinates": [111.285877, 30.697979]}, "properties": {"指标": "未实施物业管理的小区数量（个）", "中类": "物业街面", "board": "民生基础需求", "类": "物业街面"}}, {"type": "Feature", "geometry": {"type": "Point", "coordinates": [111.319775, 30.672583]}, "properties": {"指标": "未实施物业管理的小区数量（个）", "中类": "物业街面", "board": "民生基础需求", "类": "物业街面"}}, {"type": "Feature", "geometry": {"type": "Point", "coordinates": [111.270818, 30.719629]}, "properties": {"指标": "未实施物业管理的小区数量（个）", "中类": "物业街面", "board": "民生基础需求", "类": "物业街面"}}, {"type": "Feature", "geometry": {"type": "Point", "coordinates": [111.287027, 30.695476]}, "properties": {"指标": "未实施物业管理的小区数量（个）", "中类": "物业街面", "board": "民生基础需求", "类": "物业街面"}}, {"type": "Feature", "geometry": {"type": "Point", "coordinates": [111.331304, 30.666189]}, "properties": {"指标": "未实施物业管理的小区数量（个）", "中类": "物业街面", "board": "民生基础需求", "类": "物业街面"}}, {"type": "Feature", "geometry": {"type": "Point", "coordinates": [111.310717, 30.678259]}, "properties": {"指标": "未实施物业管理的小区数量（个）", "中类": "物业街面", "board": "民生基础需求", "类": "物业街面"}}, {"type": "Feature", "geometry": {"type": "Point", "coordinates": [111.282511, 30.70829]}, "properties": {"指标": "未实施物业管理的小区数量（个）", "中类": "物业街面", "board": "民生基础需求", "类": "物业街面"}}, {"type": "Feature", "geometry": {"type": "Point", "coordinates": [111.291259, 30.70191]}, "properties": {"指标": "未实施物业管理的小区数量（个）", "中类": "物业街面", "board": "民生基础需求", "类": "物业街面"}}, {"type": "Feature", "geometry": {"type": "Point", "coordinates": [111.319115, 30.672178]}, "properties": {"指标": "未实施物业管理的小区数量（个）", "中类": "物业街面", "board": "民生基础需求", "类": "物业街面"}}, {"type": "Feature", "geometry": {"type": "Point", "coordinates": [111.28924, 30.699531]}, "properties": {"指标": "未实施物业管理的小区数量（个）", "中类": "物业街面", "board": "民生基础需求", "类": "物业街面"}}, {"type": "Feature", "geometry": {"type": "Point", "coordinates": [111.292694, 30.692434]}, "properties": {"指标": "未实施物业管理的小区数量（个）", "中类": "物业街面", "board": "民生基础需求", "类": "物业街面"}}, {"type": "Feature", "geometry": {"type": "Point", "coordinates": [111.347777, 30.644913]}, "properties": {"指标": "未实施物业管理的小区数量（个）", "中类": "物业街面", "board": "民生基础需求", "类": "物业街面"}}, {"type": "Feature", "geometry": {"type": "Point", "coordinates": [111.322011, 30.671162]}, "properties": {"指标": "未实施物业管理的小区数量（个）", "中类": "物业街面", "board": "民生基础需求", "类": "物业街面"}}, {"type": "Feature", "geometry": {"type": "Point", "coordinates": [111.291031, 30.711851]}, "properties": {"指标": "未实施物业管理的小区数量（个）", "中类": "物业街面", "board": "民生基础需求", "类": "物业街面"}}, {"type": "Feature", "geometry": {"type": "Point", "coordinates": [111.282234, 30.703205]}, "properties": {"指标": "未实施物业管理的小区数量（个）", "中类": "物业街面", "board": "民生基础需求", "类": "物业街面"}}, {"type": "Feature", "geometry": {"type": "Point", "coordinates": [111.288951, 30.701174]}, "properties": {"指标": "未实施物业管理的小区数量（个）", "中类": "物业街面", "board": "民生基础需求", "类": "物业街面"}}, {"type": "Feature", "geometry": {"type": "Point", "coordinates": [111.312394, 30.678465]}, "properties": {"指标": "未实施物业管理的小区数量（个）", "中类": "物业街面", "board": "民生基础需求", "类": "物业街面"}}, {"type": "Feature", "geometry": {"type": "Point", "coordinates": [111.281973, 30.714372]}, "properties": {"指标": "未实施物业管理的小区数量（个）", "中类": "物业街面", "board": "民生基础需求", "类": "物业街面"}}, {"type": "Feature", "geometry": {"type": "Point", "coordinates": [111.296816, 30.708774]}, "properties": {"指标": "未实施物业管理的小区数量（个）", "中类": "物业街面", "board": "民生基础需求", "类": "物业街面"}}, {"type": "Feature", "geometry": {"type": "Point", "coordinates": [111.33755, 30.660483]}, "properties": {"指标": "未实施物业管理的小区数量（个）", "中类": "物业街面", "board": "民生基础需求", "类": "物业街面"}}, {"type": "Feature", "geometry": {"type": "Point", "coordinates": [111.305537, 30.710298]}, "properties": {"指标": "未实施物业管理的小区数量（个）", "中类": "物业街面", "board": "民生基础需求", "类": "物业街面"}}, {"type": "Feature", "geometry": {"type": "Point", "coordinates": [111.319919, 30.672313]}, "properties": {"指标": "未实施物业管理的小区数量（个）", "中类": "物业街面", "board": "民生基础需求", "类": "物业街面"}}, {"type": "Feature", "geometry": {"type": "Point", "coordinates": [111.318532, 30.672696]}, "properties": {"指标": "未实施物业管理的小区数量（个）", "中类": "物业街面", "board": "民生基础需求", "类": "物业街面"}}, {"type": "Feature", "geometry": {"type": "Point", "coordinates": [111.289787, 30.700211]}, "properties": {"指标": "未实施物业管理的小区数量（个）", "中类": "物业街面", "board": "民生基础需求", "类": "物业街面"}}, {"type": "Feature", "geometry": {"type": "Point", "coordinates": [111.293508, 30.707977]}, "properties": {"指标": "未实施物业管理的小区数量（个）", "中类": "物业街面", "board": "民生基础需求", "类": "物业街面"}}, {"type": "Feature", "geometry": {"type": "Point", "coordinates": [111.308969, 30.684997]}, "properties": {"指标": "未实施物业管理的小区数量（个）", "中类": "物业街面", "board": "民生基础需求", "类": "物业街面"}}, {"type": "Feature", "geometry": {"type": "Point", "coordinates": [111.316545, 30.695499]}, "properties": {"指标": "未实施物业管理的小区数量（个）", "中类": "物业街面", "board": "民生基础需求", "类": "物业街面"}}, {"type": "Feature", "geometry": {"type": "Point", "coordinates": [111.293306, 30.702472]}, "properties": {"指标": "未实施物业管理的小区数量（个）", "中类": "物业街面", "board": "民生基础需求", "类": "物业街面"}}, {"type": "Feature", "geometry": {"type": "Point", "coordinates": [111.294016, 30.713982]}, "properties": {"指标": "未实施物业管理的小区数量（个）", "中类": "物业街面", "board": "民生基础需求", "类": "物业街面"}}, {"type": "Feature", "geometry": {"type": "Point", "coordinates": [111.30614, 30.708135]}, "properties": {"指标": "未实施物业管理的小区数量（个）", "中类": "物业街面", "board": "民生基础需求", "类": "物业街面"}}, {"type": "Feature", "geometry": {"type": "Point", "coordinates": [111.291738, 30.69632]}, "properties": {"指标": "未实施物业管理的小区数量（个）", "中类": "物业街面", "board": "民生基础需求", "类": "物业街面"}}, {"type": "Feature", "geometry": {"type": "Point", "coordinates": [111.293863, 30.696378]}, "properties": {"指标": "未实施物业管理的小区数量（个）", "中类": "物业街面", "board": "民生基础需求", "类": "物业街面"}}, {"type": "Feature", "geometry": {"type": "Point", "coordinates": [111.283199, 30.692946]}, "properties": {"指标": "未实施物业管理的小区数量（个）", "中类": "物业街面", "board": "民生基础需求", "类": "物业街面"}}, {"type": "Feature", "geometry": {"type": "Point", "coordinates": [111.29367, 30.714159]}, "properties": {"指标": "未实施物业管理的小区数量（个）", "中类": "物业街面", "board": "民生基础需求", "类": "物业街面"}}, {"type": "Feature", "geometry": {"type": "Point", "coordinates": [111.302975, 30.730729]}, "properties": {"指标": "未实施物业管理的小区数量（个）", "中类": "物业街面", "board": "民生基础需求", "类": "物业街面"}}, {"type": "Feature", "geometry": {"type": "Point", "coordinates": [111.300078, 30.696893]}, "properties": {"指标": "未实施物业管理的小区数量（个）", "中类": "物业街面", "board": "民生基础需求", "类": "物业街面"}}, {"type": "Feature", "geometry": {"type": "Point", "coordinates": [111.282893, 30.710894]}, "properties": {"指标": "未实施物业管理的小区数量（个）", "中类": "物业街面", "board": "民生基础需求", "类": "物业街面"}}, {"type": "Feature", "geometry": {"type": "Point", "coordinates": [111.287256, 30.701907]}, "properties": {"指标": "未实施物业管理的小区数量（个）", "中类": "物业街面", "board": "民生基础需求", "类": "物业街面"}}, {"type": "Feature", "geometry": {"type": "Point", "coordinates": [111.304506, 30.734651]}, "properties": {"指标": "未实施物业管理的小区数量（个）", "中类": "物业街面", "board": "民生基础需求", "类": "物业街面"}}, {"type": "Feature", "geometry": {"type": "Point", "coordinates": [111.314657, 30.700126]}, "properties": {"指标": "未实施物业管理的小区数量（个）", "中类": "物业街面", "board": "民生基础需求", "类": "物业街面"}}, {"type": "Feature", "geometry": {"type": "Point", "coordinates": [111.311296, 30.676989]}, "properties": {"指标": "未实施物业管理的小区数量（个）", "中类": "物业街面", "board": "民生基础需求", "类": "物业街面"}}, {"type": "Feature", "geometry": {"type": "Point", "coordinates": [111.27247, 30.703244]}, "properties": {"指标": "未实施物业管理的小区数量（个）", "中类": "物业街面", "board": "民生基础需求", "类": "物业街面"}}, {"type": "Feature", "geometry": {"type": "Point", "coordinates": [111.289512, 30.727902]}, "properties": {"指标": "未实施物业管理的小区数量（个）", "中类": "物业街面", "board": "民生基础需求", "类": "物业街面"}}, {"type": "Feature", "geometry": {"type": "Point", "coordinates": [111.279509, 30.713739]}, "properties": {"指标": "未实施物业管理的小区数量（个）", "中类": "物业街面", "board": "民生基础需求", "类": "物业街面"}}, {"type": "Feature", "geometry": {"type": "Point", "coordinates": [111.28288, 30.710583]}, "properties": {"指标": "未实施物业管理的小区数量（个）", "中类": "物业街面", "board": "民生基础需求", "类": "物业街面"}}, {"type": "Feature", "geometry": {"type": "Point", "coordinates": [111.288929, 30.700408]}, "properties": {"指标": "未实施物业管理的小区数量（个）", "中类": "物业街面", "board": "民生基础需求", "类": "物业街面"}}, {"type": "Feature", "geometry": {"type": "Point", "coordinates": [111.281052, 30.701852]}, "properties": {"指标": "未实施物业管理的小区数量（个）", "中类": "物业街面", "board": "民生基础需求", "类": "物业街面"}}, {"type": "Feature", "geometry": {"type": "Point", "coordinates": [111.318088, 30.672549]}, "properties": {"指标": "未实施物业管理的小区数量（个）", "中类": "物业街面", "board": "民生基础需求", "类": "物业街面"}}, {"type": "Feature", "geometry": {"type": "Point", "coordinates": [111.316043, 30.671186]}, "properties": {"指标": "未实施物业管理的小区数量（个）", "中类": "物业街面", "board": "民生基础需求", "类": "物业街面"}}, {"type": "Feature", "geometry": {"type": "Point", "coordinates": [111.339458, 30.650035]}, "properties": {"指标": "未实施物业管理的小区数量（个）", "中类": "物业街面", "board": "民生基础需求", "类": "物业街面"}}, {"type": "Feature", "geometry": {"type": "Point", "coordinates": [111.317206, 30.697964]}, "properties": {"指标": "未实施物业管理的小区数量（个）", "中类": "物业街面", "board": "民生基础需求", "类": "物业街面"}}, {"type": "Feature", "geometry": {"type": "Point", "coordinates": [111.287989, 30.731781]}, "properties": {"指标": "未实施物业管理的小区数量（个）", "中类": "物业街面", "board": "民生基础需求", "类": "物业街面"}}, {"type": "Feature", "geometry": {"type": "Point", "coordinates": [111.338388, 30.651071]}, "properties": {"指标": "未实施物业管理的小区数量（个）", "中类": "物业街面", "board": "民生基础需求", "类": "物业街面"}}, {"type": "Feature", "geometry": {"type": "Point", "coordinates": [111.288317, 30.702584]}, "properties": {"指标": "未实施物业管理的小区数量（个）", "中类": "物业街面", "board": "民生基础需求", "类": "物业街面"}}, {"type": "Feature", "geometry": {"type": "Point", "coordinates": [111.284187, 30.69642]}, "properties": {"指标": "未实施物业管理的小区数量（个）", "中类": "物业街面", "board": "民生基础需求", "类": "物业街面"}}, {"type": "Feature", "geometry": {"type": "Point", "coordinates": [111.29559, 30.690168]}, "properties": {"指标": "未实施物业管理的小区数量（个）", "中类": "物业街面", "board": "民生基础需求", "类": "物业街面"}}, {"type": "Feature", "geometry": {"type": "Point", "coordinates": [111.290028, 30.69244]}, "properties": {"指标": "未实施物业管理的小区数量（个）", "中类": "物业街面", "board": "民生基础需求", "类": "物业街面"}}, {"type": "Feature", "geometry": {"type": "Point", "coordinates": [111.287431, 30.707043]}, "properties": {"指标": "未实施物业管理的小区数量（个）", "中类": "物业街面", "board": "民生基础需求", "类": "物业街面"}}, {"type": "Feature", "geometry": {"type": "Point", "coordinates": [111.287326, 30.707987]}, "properties": {"指标": "未实施物业管理的小区数量（个）", "中类": "物业街面", "board": "民生基础需求", "类": "物业街面"}}, {"type": "Feature", "geometry": {"type": "Point", "coordinates": [111.296262, 30.716548]}, "properties": {"指标": "未实施物业管理的小区数量（个）", "中类": "物业街面", "board": "民生基础需求", "类": "物业街面"}}, {"type": "Feature", "geometry": {"type": "Point", "coordinates": [111.299166, 30.688963]}, "properties": {"指标": "未实施物业管理的小区数量（个）", "中类": "物业街面", "board": "民生基础需求", "类": "物业街面"}}, {"type": "Feature", "geometry": {"type": "Point", "coordinates": [111.298628, 30.690633]}, "properties": {"指标": "未实施物业管理的小区数量（个）", "中类": "物业街面", "board": "民生基础需求", "类": "物业街面"}}, {"type": "Feature", "geometry": {"type": "Point", "coordinates": [111.272934, 30.720403]}, "properties": {"指标": "未实施物业管理的小区数量（个）", "中类": "物业街面", "board": "民生基础需求", "类": "物业街面"}}, {"type": "Feature", "geometry": {"type": "Point", "coordinates": [111.31455, 30.693646]}, "properties": {"指标": "未实施物业管理的小区数量（个）", "中类": "物业街面", "board": "民生基础需求", "类": "物业街面"}}, {"type": "Feature", "geometry": {"type": "Point", "coordinates": [111.285008, 30.697187]}, "properties": {"指标": "未实施物业管理的小区数量（个）", "中类": "物业街面", "board": "民生基础需求", "类": "物业街面"}}, {"type": "Feature", "geometry": {"type": "Point", "coordinates": [111.300909, 30.702012]}, "properties": {"指标": "未实施物业管理的小区数量（个）", "中类": "物业街面", "board": "民生基础需求", "类": "物业街面"}}, {"type": "Feature", "geometry": {"type": "Point", "coordinates": [111.317222, 30.673294]}, "properties": {"指标": "未实施物业管理的小区数量（个）", "中类": "物业街面", "board": "民生基础需求", "类": "物业街面"}}, {"type": "Feature", "geometry": {"type": "Point", "coordinates": [111.287508, 30.696976]}, "properties": {"指标": "未实施物业管理的小区数量（个）", "中类": "物业街面", "board": "民生基础需求", "类": "物业街面"}}, {"type": "Feature", "geometry": {"type": "Point", "coordinates": [111.307678, 30.683859]}, "properties": {"指标": "未实施物业管理的小区数量（个）", "中类": "物业街面", "board": "民生基础需求", "类": "物业街面"}}, {"type": "Feature", "geometry": {"type": "Point", "coordinates": [111.293849, 30.71341]}, "properties": {"指标": "未实施物业管理的小区数量（个）", "中类": "物业街面", "board": "民生基础需求", "类": "物业街面"}}, {"type": "Feature", "geometry": {"type": "Point", "coordinates": [111.279876, 30.703966]}, "properties": {"指标": "未实施物业管理的小区数量（个）", "中类": "物业街面", "board": "民生基础需求", "类": "物业街面"}}, {"type": "Feature", "geometry": {"type": "Point", "coordinates": [111.292022, 30.700536]}, "properties": {"指标": "未实施物业管理的小区数量（个）", "中类": "物业街面", "board": "民生基础需求", "类": "物业街面"}}, {"type": "Feature", "geometry": {"type": "Point", "coordinates": [111.307289, 30.683491]}, "properties": {"指标": "未实施物业管理的小区数量（个）", "中类": "物业街面", "board": "民生基础需求", "类": "物业街面"}}, {"type": "Feature", "geometry": {"type": "Point", "coordinates": [111.287969, 30.717247]}, "properties": {"指标": "未实施物业管理的小区数量（个）", "中类": "物业街面", "board": "民生基础需求", "类": "物业街面"}}, {"type": "Feature", "geometry": {"type": "Point", "coordinates": [111.306019, 30.68741]}, "properties": {"指标": "未实施物业管理的小区数量（个）", "中类": "物业街面", "board": "民生基础需求", "类": "物业街面"}}, {"type": "Feature", "geometry": {"type": "Point", "coordinates": [111.294375, 30.688764]}, "properties": {"指标": "未实施物业管理的小区数量（个）", "中类": "物业街面", "board": "民生基础需求", "类": "物业街面"}}, {"type": "Feature", "geometry": {"type": "Point", "coordinates": [111.320392, 30.670827]}, "properties": {"指标": "未实施物业管理的小区数量（个）", "中类": "物业街面", "board": "民生基础需求", "类": "物业街面"}}, {"type": "Feature", "geometry": {"type": "Point", "coordinates": [111.288926, 30.695817]}, "properties": {"指标": "未实施物业管理的小区数量（个）", "中类": "物业街面", "board": "民生基础需求", "类": "物业街面"}}, {"type": "Feature", "geometry": {"type": "Point", "coordinates": [111.27946, 30.704176]}, "properties": {"指标": "未实施物业管理的小区数量（个）", "中类": "物业街面", "board": "民生基础需求", "类": "物业街面"}}, {"type": "Feature", "geometry": {"type": "Point", "coordinates": [111.281234, 30.709424]}, "properties": {"指标": "未实施物业管理的小区数量（个）", "中类": "物业街面", "board": "民生基础需求", "类": "物业街面"}}, {"type": "Feature", "geometry": {"type": "Point", "coordinates": [111.328923, 30.682785]}, "properties": {"指标": "未实施物业管理的小区数量（个）", "中类": "物业街面", "board": "民生基础需求", "类": "物业街面"}}, {"type": "Feature", "geometry": {"type": "Point", "coordinates": [111.294902, 30.690711]}, "properties": {"指标": "未实施物业管理的小区数量（个）", "中类": "物业街面", "board": "民生基础需求", "类": "物业街面"}}, {"type": "Feature", "geometry": {"type": "Point", "coordinates": [111.312036, 30.712425]}, "properties": {"指标": "未实施物业管理的小区数量（个）", "中类": "物业街面", "board": "民生基础需求", "类": "物业街面"}}, {"type": "Feature", "geometry": {"type": "Point", "coordinates": [111.278264, 30.72864]}, "properties": {"指标": "未实施物业管理的小区数量（个）", "中类": "物业街面", "board": "民生基础需求", "类": "物业街面"}}, {"type": "Feature", "geometry": {"type": "Point", "coordinates": [111.323147, 30.668845]}, "properties": {"指标": "未实施物业管理的小区数量（个）", "中类": "物业街面", "board": "民生基础需求", "类": "物业街面"}}, {"type": "Feature", "geometry": {"type": "Point", "coordinates": [111.312346, 30.675676]}, "properties": {"指标": "未实施物业管理的小区数量（个）", "中类": "物业街面", "board": "民生基础需求", "类": "物业街面"}}, {"type": "Feature", "geometry": {"type": "Point", "coordinates": [111.37162469543117, 30.638832964577894]}, "properties": {"指标": "存在乱停乱放车辆问题的道路数量（条）", "中类": "物业街面", "board": "民生基础需求", "类": "物业街面"}}, {"type": "Feature", "geometry": {"type": "Point", "coordinates": [111.37879082639937, 30.654247914745504]}, "properties": {"指标": "存在乱停乱放车辆问题的道路数量（条）", "中类": "物业街面", "board": "民生基础需求", "类": "物业街面"}}, {"type": "Feature", "geometry": {"type": "Point", "coordinates": [111.32499183389167, 30.681222005492778]}, "properties": {"指标": "存在乱停乱放车辆问题的道路数量（条）", "中类": "物业街面", "board": "民生基础需求", "类": "物业街面"}}, {"type": "Feature", "geometry": {"type": "Point", "coordinates": [111.28125306429722, 30.696759557553605]}, "properties": {"指标": "存在乱停乱放车辆问题的道路数量（条）", "中类": "物业街面", "board": "民生基础需求", "类": "物业街面"}}, {"type": "Feature", "geometry": {"type": "Point", "coordinates": [111.32224229313177, 30.739987454774102]}, "properties": {"指标": "存在乱停乱放车辆问题的道路数量（条）", "中类": "物业街面", "board": "民生基础需求", "类": "物业街面"}}]}