{"type": "FeatureCollection", "features": [{"type": "Feature", "properties": {"名称": "城市体检全覆盖范围", "社区数": 174, "构成": "西陵+伍家岗(2025) + 夷陵/点军/猇亭(2026补充)", "面积_km2": 212.25, "说明": "174社区dissolve合并·无社区间分界线·内部微缝已填充"}, "geometry": {"type": "MultiPolygon", "coordinates": [[[[111.30162920712229, 30.66773203800318], [111.30390294776288, 30.66424856172182], [111.30627819758081, 30.661495245908895], [111.30650016824825, 30.661050263159154], [111.30655487490759, 30.660942107092637], [111.30629218743456, 30.6608332333671], [111.306035357246, 30.66072678511307], [111.30559170279491, 30.66010731859791], [111.3053787631195, 30.6599503958941], [111.30512683873269, 30.659764744347513], [111.3047840135714, 30.659603260282267], [111.30433082360867, 30.6594611269295], [111.3037674190312, 30.659386074008182], [111.30311570732408, 30.659320768838484], [111.30226783819023, 30.659156568820663], [111.3022182405794, 30.65916562139637], [111.30209232560043, 30.659188603571238], [111.30184376108076, 30.659258764180663], [111.30177541710185, 30.659290030010936], [111.30168652361425, 30.65928442993254], [111.30166443356683, 30.659240202173635], [111.30166043158368, 30.659129510918262], [111.30161233314271, 30.6589556656715], [111.30160955064031, 30.658902822407356], [111.3015751416795, 30.658759654834228], [111.30155679730842, 30.658707104749112], [111.30154606479914, 30.65861613922351], [111.30153285825486, 30.658568624442523], [111.30150910895827, 30.65848317176102], [111.30132179456524, 30.65836239820618], [111.30084880602766, 30.65805742371117], [111.30074632198523, 30.65781601239911], [111.30067831435281, 30.657655817062334], [111.30060891187185, 30.657608688989853], [111.30056442330954, 30.65757847806435], [111.30030404259753, 30.657440587712983], [111.3002041270189, 30.657390232873013], [111.30003703927798, 30.657334482100737], [111.29990627695315, 30.657284813443425], [111.29975578799929, 30.657227650735535], [111.29961783829265, 30.65719192156996], [111.2995810047596, 30.657185622718373], [111.29953460873526, 30.657177688899253], [111.29953136218268, 30.657145531840854], [111.29951914759067, 30.657024576622973], [111.29953791464311, 30.65680955591631], [111.29953855316177, 30.656804537699315], [111.2995628798231, 30.656613006385214], [111.29958348239188, 30.656449589676868], [111.29968708429158, 30.656039869344568], [111.29972528569346, 30.655773394826383], [111.29975645169895, 30.655500328277583], [111.29976535408787, 30.655390170320175], [111.29975824314846, 30.65526081813232], [111.29983458569762, 30.655132931839375], [111.29984386400321, 30.65504726062261], [111.2999529697538, 30.654996848226006], [111.30017084221066, 30.654857604394977], [111.30042253277372, 30.654647690038928], [111.30064617168352, 30.654383461127907], [111.30074737059476, 30.654213384939794], [111.30074275077737, 30.65409722220909], [111.30070822580404, 30.653867955341923], [111.30069080143937, 30.653743948724298], [111.30069521261402, 30.653547186053856], [111.30064368415879, 30.653441567874097], [111.30063618201427, 30.653248975359986], [111.30065551563962, 30.653097093356223], [111.30070063912325, 30.652976790146795], [111.30069743393949, 30.65289237708157], [111.3007003018775, 30.652737428389685], [111.30070495227181, 30.65261838423112], [111.30071603461738, 30.652588853193095], [111.30020437343313, 30.65243467611947], [111.30011564182348, 30.65240793837569], [111.29960991166814, 30.652113854670688], [111.30039734366255, 30.651312111764582], [111.30149702027131, 30.650192424340958], [111.3021879442183, 30.64948890988535], [111.3030355120793, 30.649026752782447], [111.30372836057546, 30.64864895478547], [111.30326308012712, 30.648153633383515], [111.3035054941833, 30.64819603641797], [111.30375511270836, 30.648239701201305], [111.3049864599572, 30.648455085234048], [111.30458106986055, 30.648072249234986], [111.302505928306, 30.64611248080638], [111.30148690829424, 30.64506475173698], [111.30083414078302, 30.644627131736797], [111.30074380658147, 30.64397819084087], [111.29987974875144, 30.643044645094335], [111.29932791125418, 30.64258063718671], [111.29828775987227, 30.642830503924642], [111.29802699335113, 30.64289314530248], [111.29495642190142, 30.64363070179553], [111.29553219755292, 30.64182004096216], [111.29412857707223, 30.638396756305326], [111.29400933866009, 30.638105935340718], [111.29379343661788, 30.638010444426527], [111.29377909872647, 30.6380041033068], [111.29375885768519, 30.63799514965649], [111.29183129937502, 30.63714259235678], [111.29173215721335, 30.63709873961517], [111.2905665090372, 30.6365831510916], [111.28980864405372, 30.636247926100964], [111.2896829116371, 30.63619231022699], [111.28944207768978, 30.635062117822542], [111.28944133574913, 30.63505862935233], [111.28942228541018, 30.63496922504976], [111.28913838113147, 30.633636882136443], [111.28877499836756, 30.633463364242914], [111.28741028795451, 30.632811690307335], [111.28424745505606, 30.633100503085814], [111.28056598133503, 30.633939315147302], [111.28056328696618, 30.63393992938427], [111.27930532428132, 30.63422652443461], [111.27921399992624, 30.634247329350842], [111.27919947317719, 30.63425063525864], [111.2791832161326, 30.634296048324018], [111.27908597783568, 30.634394819964996], [111.27900033000128, 30.63445332356207], [111.27889615523344, 30.63448951318054], [111.27875202268774, 30.634539671968355], [111.27844835220975, 30.634648923409145], [111.27824910291383, 30.63476352581614], [111.27811761573543, 30.63485852570045], [111.27797056938635, 30.634942788578883], [111.27790215885761, 30.635042737432457], [111.27788592519533, 30.63506645435342], [111.27774689540297, 30.635245119966385], [111.27771086856177, 30.635376349938667], [111.27750065473151, 30.6361217512179], [111.27746492736458, 30.63635790419397], [111.27740766213395, 30.636487869719474], [111.27754340580361, 30.636779118761353], [111.2776825264275, 30.636890168846264], [111.2778213601677, 30.63699969368099], [111.27801277456996, 30.637143503370055], [111.27816165014008, 30.63730591643497], [111.27830345703899, 30.63746955887308], [111.27841644876014, 30.63758349668109], [111.27867348399417, 30.63772194281347], [111.27883936394556, 30.63782147707957], [111.27894213127439, 30.637892751049662], [111.27911942362255, 30.638045395678546], [111.27928478196719, 30.63818035244134], [111.27937003320051, 30.638332074365792], [111.27939541296797, 30.638451096041308], [111.27940824089768, 30.638559318657656], [111.27947884307423, 30.63875402098131], [111.27946495214587, 30.638908741245473], [111.27948721935974, 30.639066172066237], [111.27953373139667, 30.639154432431155], [111.27966685174385, 30.639246159682557], [111.27977985065962, 30.639359583977694], [111.27990037600159, 30.639424274910425], [111.2800680743822, 30.639599552777213], [111.28007052413545, 30.639744116997463], [111.28005061674264, 30.63984158372216], [111.28000092830024, 30.639977006333822], [111.27992886742334, 30.640125032044637], [111.27979344481167, 30.640366994641113], [111.27967753568976, 30.64050447759962], [111.27954574364122, 30.64066992497709], [111.2794019717237, 30.64088289343084], [111.27928850516042, 30.641032251936906], [111.27917892816504, 30.6411802317823], [111.27916600940387, 30.64119767863002], [111.27908615230416, 30.641302257193445], [111.27909037462115, 30.641495006189643], [111.27910386535115, 30.641563944620373], [111.27911684886357, 30.64172629473279], [111.27910611905219, 30.64185935662408], [111.27907514640094, 30.642036183123423], [111.27906162059736, 30.642113409706155], [111.27892798134133, 30.64242361016153], [111.27890759011325, 30.642470940581518], [111.27879812103652, 30.642608087193537], [111.27863018793289, 30.64277850872128], [111.27841395943676, 30.643002807733467], [111.27828856696385, 30.643219225986513], [111.27814656221415, 30.643416816033266], [111.2781008856474, 30.643544731104498], [111.27804506922462, 30.643793476387884], [111.27800283706136, 30.643999244869292], [111.27799835214228, 30.644029383849045], [111.27798183159632, 30.644140369182765], [111.2780318428953, 30.64425969033249], [111.27812422575249, 30.64436460434308], [111.2782034470315, 30.64452959936159], [111.27824618191585, 30.644785820709103], [111.2782563514495, 30.64509204076512], [111.27819922111723, 30.645308666761593], [111.27813374327769, 30.645572098873288], [111.2779351064201, 30.645900616720155], [111.27797390766978, 30.646088019246747], [111.27811495913812, 30.646594687394952], [111.27829955757858, 30.64706646184777], [111.27827684789827, 30.64716723268168], [111.27826893926022, 30.64720232692588], [111.27821920225443, 30.647423028649882], [111.27812779156437, 30.64792745928486], [111.27805842595563, 30.648292853832174], [111.27805561197698, 30.64829647000613], [111.277879152401, 30.648523207080416], [111.27767253585893, 30.64859005908403], [111.27760559572175, 30.648611721054124], [111.27748539683364, 30.648646713674964], [111.27737235205245, 30.64867962436523], [111.27713675395808, 30.64880210483335], [111.27701927282124, 30.648755007337797], [111.27659703932198, 30.648830306673347], [111.27635456321258, 30.648844347788497], [111.27621752092193, 30.648818546238942], [111.27589275414732, 30.64875739503782], [111.2757257086746, 30.648697000166464], [111.27559517207959, 30.648649803745514], [111.27541760903551, 30.64864209925355], [111.27529785980846, 30.648636902970736], [111.27508514766151, 30.648690191399282], [111.27499360117383, 30.648771431656314], [111.27491221162933, 30.648871387704446], [111.2746527464272, 30.649204177330944], [111.27461833207042, 30.64940155603705], [111.2745888010324, 30.64964621120373], [111.27442101182032, 30.64996920811251], [111.2743053113411, 30.65007856927059], [111.27428524207033, 30.65019472210878], [111.27439652238166, 30.650248828021063], [111.27450172687327, 30.65029476629047], [111.2745511787939, 30.650457923994054], [111.27457149897555, 30.650524963955945], [111.27456241672223, 30.650568753745063], [111.27452926591297, 30.650728550682118], [111.27435961240627, 30.650974900171548], [111.27431256976934, 30.651043209976194], [111.27417552657937, 30.651207099727912], [111.27409483131146, 30.651303605077374], [111.27405100195222, 30.651356022062828], [111.27402047176741, 30.65143661031135], [111.27403138144314, 30.65148317091166], [111.2741083553164, 30.65181175620762], [111.27410871594452, 30.651813306638815], [111.27421114782629, 30.65192743240516], [111.27447848299568, 30.65214230382429], [111.27478435501405, 30.652412212853392], [111.2749418460894, 30.652822239854515], [111.27501358141171, 30.65319753323962], [111.27514675032234, 30.653304275571884], [111.27528020521737, 30.653466327109356], [111.27542140867115, 30.653601304556616], [111.27542188800976, 30.653770398685026], [111.2754770524241, 30.653912323395048], [111.27549457121756, 30.654249418975553], [111.2754059268421, 30.654389864300867], [111.27540369202683, 30.654545526155175], [111.27542263444707, 30.65464935918061], [111.27544981735525, 30.654798369649086], [111.27548480008352, 30.65489735532873], [111.2755346809808, 30.655102935851858], [111.27555917401673, 30.655479758983745], [111.27562467433933, 30.655729057350186], [111.27569623789111, 30.655923454803656], [111.27604681700706, 30.656197296568052], [111.27629336524666, 30.65637289279482], [111.27658764680251, 30.656547870288023], [111.27671344037304, 30.656764045724174], [111.27686882613546, 30.6570142380167], [111.27699640126298, 30.657223387049726], [111.2772413999707, 30.6573511177599], [111.27751355640555, 30.65749960482293], [111.27769537773958, 30.65766872143439], [111.27791303256049, 30.658226302002276], [111.27800230915932, 30.65857835061047], [111.2780182307568, 30.658885115655607], [111.27798311762683, 30.659066436067235], [111.2781795979102, 30.65948159370066], [111.27857561527247, 30.660318369697052], [111.27792808091624, 30.660547375760814], [111.27711186432117, 30.66157838733278], [111.27657487912745, 30.66303898616036], [111.27636008504993, 30.664241832094945], [111.27541499110902, 30.66598166322325], [111.26971689561827, 30.66552078675494], [111.2698100779728, 30.665360513177177], [111.2698100779728, 30.66517263131192], [111.26982457864148, 30.665032448588704], [111.26977993089918, 30.665029388195762], [111.26979902890213, 30.664962905813525], [111.26977378942888, 30.664806415683586], [111.2697643780237, 30.664748064971263], [111.26974541132171, 30.66470249992051], [111.26962401813398, 30.66463424407516], [111.26945112616858, 30.664481478937148], [111.26940107260145, 30.664500085910277], [111.26934145564371, 30.664522250601408], [111.26925056476182, 30.664570917413982], [111.26902297243231, 30.664693290862715], [111.26892250916654, 30.664554523672393], [111.26892981615816, 30.66452742440117], [111.26902315229671, 30.664472697057363], [111.26909092970271, 30.664414417391527], [111.26906967872276, 30.66434527301601], [111.26906260285688, 30.664325761324903], [111.26903933559691, 30.664261610884694], [111.26902617132083, 30.66422712188421], [111.26899737592822, 30.664151690348262], [111.26899311673901, 30.664139681700988], [111.26859667399737, 30.663929350958824], [111.26815052033032, 30.663377321006635], [111.2681019677317, 30.663341311252566], [111.26803581809861, 30.663360620596222], [111.26788413034842, 30.6634234031676], [111.26785362084797, 30.66343603144776], [111.26777538072929, 30.663468576113928], [111.26768360041791, 30.663530588865626], [111.26758650691181, 30.66329717612382], [111.26757730055203, 30.66327504740559], [111.26754668583095, 30.663168296080073], [111.26753760717492, 30.66304054468543], [111.2675251902354, 30.66289206121968], [111.26751538492715, 30.662779214289344], [111.2675111239393, 30.662730169761574], [111.26750752035582, 30.662446505601793], [111.26752669659982, 30.662200214568315], [111.26750303543679, 30.662118631669557], [111.26748136627208, 30.662043926785827], [111.26747468341, 30.661934312018957], [111.26757121573905, 30.66174803184623], [111.26763470787552, 30.661683526173817], [111.26765815410062, 30.66166475192682], [111.26774852697298, 30.661592387079054], [111.26770716175616, 30.661526544114793], [111.26769850578148, 30.661512767400325], [111.26769719187195, 30.661509320298933], [111.26984105871793, 30.661777302980227], [111.26987703339842, 30.660363577716964], [111.26986717143285, 30.660362515617635], [111.26896426019249, 30.6602653213875], [111.26789899973909, 30.660273911711727], [111.26706683726479, 30.660220188910614], [111.26703588529796, 30.66030046689309], [111.26683259624735, 30.66025221556737], [111.26677991036462, 30.660239709594975], [111.26644978003338, 30.660197591645613], [111.26604726057269, 30.660146237658807], [111.26546086212915, 30.659968044189952], [111.2649726022039, 30.65996903884013], [111.26478985996414, 30.659982052030102], [111.2646675000052, 30.659990763762778], [111.26439970258429, 30.660265674821062], [111.26428577736681, 30.660358633244357], [111.26415012902527, 30.660469310110614], [111.26413793871495, 30.660506428728752], [111.26402315734288, 30.66073246792911], [111.2640100587173, 30.66074502066624], [111.2639184213981, 30.660832849356552], [111.26380681103558, 30.660939819217333], [111.26368745301363, 30.66105644959555], [111.26347332983039, 30.661119864390287], [111.26328645070919, 30.661089589612914], [111.26313378989255, 30.661138771737], [111.26300719412677, 30.661200075822876], [111.26277902443252, 30.66137301994894], [111.26256184535293, 30.661500491654408], [111.26230960710274, 30.66159501399875], [111.2622066527149, 30.661604630449403], [111.26202564706603, 30.661621535005906], [111.26193016514509, 30.661597620234033], [111.26171375858314, 30.66169276670786], [111.26074179559743, 30.662120085873312], [111.26078660341909, 30.661598115760512], [111.26113886516657, 30.659565091256013], [111.26113465364142, 30.659563397832585], [111.25908973110626, 30.658741356328562], [111.25777948813294, 30.658956150406084], [111.25667115105284, 30.65935029717855], [111.25543377295031, 30.659332021155876], [111.25534057530734, 30.659259837971206], [111.2552168888484, 30.65916404218683], [111.25390479686894, 30.658999853860223], [111.25300559713065, 30.6593279049589], [111.25285222584961, 30.659461496550875], [111.2526489430943, 30.65959269324827], [111.25243754305825, 30.659707301950448], [111.25226870163931, 30.659799166798166], [111.25221444374165, 30.659852176436857], [111.25221465508235, 30.659934468900644], [111.25225677483036, 30.660088335708167], [111.25227082314001, 30.660261966016947], [111.25220225792793, 30.66039887520799], [111.25208033773748, 30.660581336859252], [111.25195141902282, 30.66068739121016], [111.25188393299715, 30.66081016935391], [111.25185058793437, 30.661063496683084], [111.2517573588151, 30.66132564006631], [111.25162061869668, 30.66161091311318], [111.25149217212612, 30.66189919619103], [111.25140471485577, 30.662263813724053], [111.25136683900848, 30.66246596962884], [111.25134691632718, 30.662650774913402], [111.25139528636345, 30.662957843929405], [111.2514271763232, 30.66306320939964], [111.25151605632101, 30.663183625923637], [111.25159808618281, 30.66335104281643], [111.25144453593663, 30.663672918270606], [111.25137026092887, 30.663923966717732], [111.25134584163732, 30.66409748910786], [111.2512944237987, 30.664321405908197], [111.25127425290452, 30.664476818650314], [111.2512919857366, 30.664581797412097], [111.25137436723332, 30.664743687970883], [111.25144539209123, 30.664927684764905], [111.25143170530902, 30.665109621212082], [111.25137199662043, 30.665396972592248], [111.25127504970385, 30.665642448840003], [111.25129402989563, 30.66573281181985], [111.25136775271966, 30.66581385332671], [111.25150940763314, 30.665943381781688], [111.25163224603136, 30.666113613552454], [111.25165229821505, 30.666269263715606], [111.25163388369685, 30.66639862129938], [111.25163343133784, 30.66657211311258], [111.25153482876937, 30.666734665572392], [111.25128979768607, 30.66694956397123], [111.25112216585535, 30.667174704748902], [111.2510658503088, 30.667321587421384], [111.251055026968, 30.66755524657742], [111.25109615476379, 30.667915658880588], [111.25112760135778, 30.6682734415661], [111.25106944040243, 30.66857413259021], [111.25115152692149, 30.668917922724006], [111.25115880693346, 30.668948410640667], [111.25121278244404, 30.66931002084084], [111.25118991718097, 30.669585172917436], [111.25118553838195, 30.66969824827561], [111.25118439174634, 30.66972783057497], [111.25099037200812, 30.66991160793441], [111.25069323240683, 30.670101953042774], [111.25066079206198, 30.670121460237226], [111.25070366184457, 30.67055389924309], [111.25051289585355, 30.671388044722562], [111.25020637992054, 30.67222241323384], [111.24991760671224, 30.67304011101237], [111.24979899782556, 30.673375969125743], [111.24974672113433, 30.67352399123928], [111.24975054595097, 30.673680738575285], [111.24978984992168, 30.675291515191304], [111.24979713982623, 30.675379994990806], [111.24980627693822, 30.675490957841475], [111.24982341082182, 30.67569893865516], [111.2498322979223, 30.675806822227116], [111.24983911478336, 30.67588959223093], [111.24984509977162, 30.675962252056365], [111.24984873303265, 30.676006353910168], [111.24986950557326, 30.676258543596987], [111.25052667616524, 30.676771564556134], [111.25054497377158, 30.67678584758886], [111.25127587887874, 30.677356420662363], [111.25294298543048, 30.67840963020035], [111.2530171192447, 30.678456460597204], [111.25430456710217, 30.67826994030554], [111.25517073743964, 30.678144451605192], [111.25583961990259, 30.678773402370666], [111.25706381034661, 30.678913002333218], [111.25791215162457, 30.679020387680794], [111.25804662635079, 30.679447537773683], [111.2578856459059, 30.679625250105232], [111.25782739771631, 30.679696919777086], [111.25783672098794, 30.679964824217336], [111.25781665891174, 30.680583943594172], [111.25782631493257, 30.681136093156226], [111.25783265065638, 30.681498460585544], [111.258012242571, 30.681695083861086], [111.25820570472956, 30.68193946383525], [111.25830246098985, 30.682061687097246], [111.2585349294435, 30.68235533373172], [111.25879618069922, 30.682650284383158], [111.25912639736543, 30.682889969896223], [111.25912753410847, 30.682890793675256], [111.25923606609166, 30.6829695715885], [111.25931812563107, 30.683029133687626], [111.2595828698536, 30.6830938668885], [111.25978017301662, 30.683142109221023], [111.26022932862065, 30.68325192723472], [111.26000133699216, 30.683332375189025], [111.25989272496935, 30.68337069889867], [111.258910137393, 30.6837173938427], [111.2579154656263, 30.684403117909596], [111.25777797187595, 30.684649624780434], [111.25755169615394, 30.684596053065434], [111.2568377441666, 30.68460678917205], [111.2563009370387, 30.684730255297097], [111.2557963391298, 30.68488055988996], [111.25517030486571, 30.68527643515938], [111.25507810636958, 30.685323503876646], [111.25453903924534, 30.685907933704243], [111.2540361113775, 30.68645444541636], [111.25389784780748, 30.686707902247917], [111.25387156691932, 30.686988103118495], [111.25381557512873, 30.68758508028725], [111.25377587725501, 30.68818832573072], [111.25370299259907, 30.688589152667305], [111.25362754397605, 30.688777241376613], [111.25361474302605, 30.68893589797335], [111.25360554476015, 30.68904988974066], [111.25360499077777, 30.689056754265835], [111.25359745086172, 30.689150201020993], [111.2537029692167, 30.689514299645282], [111.25370891643342, 30.689534817677725], [111.2539438130566, 30.689599988848443], [111.25422672628247, 30.689597591255904], [111.25422676675197, 30.689597593054543], [111.25485853509338, 30.68959223399446], [111.25582675869799, 30.689582128312622], [111.25634496065146, 30.689742201341573], [111.25674929314545, 30.68991741175921], [111.25706042619777, 30.690092808336487], [111.25733745336083, 30.69042339642266], [111.25779359939514, 30.69126077406554], [111.25810962655805, 30.691976114606064], [111.25818245275804, 30.6922468905816], [111.25817715485186, 30.692561574157367], [111.2581209238416, 30.69271559744692], [111.25808789264221, 30.692877735319257], [111.25804823164066, 30.693072400770745], [111.25798770726692, 30.693390729298756], [111.25789905839491, 30.69351686101436], [111.25774864858136, 30.693827725169456], [111.25762448638102, 30.694084338621394], [111.25719480559587, 30.69448631489155], [111.25706890140873, 30.694604103596532], [111.25689573515012, 30.694766108369265], [111.25689559125857, 30.694766237871647], [111.25688389017944, 30.69477644967344], [111.25686628055445, 30.694786626401765], [111.2566433251294, 30.694979853837253], [111.25657347208812, 30.695040394398745], [111.25640096233462, 30.695196474437807], [111.25634801384984, 30.695244380423844], [111.25630615490519, 30.69529879570291], [111.25575207629737, 30.695640674777394], [111.25388399015407, 30.69489988162428], [111.25384381474032, 30.69497318986089], [111.25359839065328, 30.695421027958105], [111.25354875886819, 30.695465800706188], [111.25332590866384, 30.69568195186065], [111.25290687495237, 30.69611299601803], [111.25282487566756, 30.696203214207003], [111.25276876696506, 30.696264946370206], [111.25269123461283, 30.696350247965597], [111.25253220209953, 30.69652522006288], [111.25232327969564, 30.696755867389413], [111.25183466543751, 30.697243257670266], [111.25151064510027, 30.697608005605048], [111.25118143477545, 30.697945235184534], [111.25074634996412, 30.69831832792852], [111.25064171744134, 30.6983936371567], [111.25051159093721, 30.69861747931327], [111.25041109439655, 30.698828683297165], [111.25039330310852, 30.698866072611224], [111.249396149213, 30.699334035737195], [111.24945040800998, 30.6993509357971], [111.24931127119828, 30.69967095055398], [111.24957061139469, 30.70012186433263], [111.2501607501186, 30.70065875779551], [111.25015725355445, 30.700704204135775], [111.25013889299555, 30.70094289499866], [111.25041013931656, 30.701772040247533], [111.25042142670753, 30.70335431914657], [111.2503725746347, 30.70334062786776], [111.25017190440991, 30.704583688786272], [111.25014590770752, 30.704744724089778], [111.25016027077993, 30.704783808625905], [111.25017357804825, 30.704820018029466], [111.24960538727885, 30.707159037759425], [111.24948948175427, 30.707636173070966], [111.25122867886051, 30.707553353604453], [111.25235043292622, 30.707511498257077], [111.25233379906564, 30.70764979869932], [111.25231928580644, 30.707831072346153], [111.25231542411757, 30.707879361443418], [111.25222734181841, 30.7089796118197], [111.25221242836096, 30.709177715379326], [111.25291058555513, 30.70931198955674], [111.252921883738, 30.709273593901287], [111.2529744940777, 30.70927218736159], [111.25300506383269, 30.709271369877854], [111.25304107268744, 30.70927040670398], [111.2530399341457, 30.7098985372877], [111.25304940400684, 30.709898521099944], [111.2530249352526, 30.709956307038], [111.2530429522705, 30.71050995397127], [111.25304498743628, 30.7105531358186], [111.25372369769053, 30.710563658785873], [111.25370759443001, 30.70988191511833], [111.25394019778196, 30.709878132569827], [111.2539503439333, 30.70878612178217], [111.25440523901062, 30.708955384983085], [111.25519991594342, 30.708459378297732], [111.2558162258382, 30.707712860959816], [111.25594301136096, 30.7075592909286], [111.25599830168034, 30.707604642840067], [111.25607458937088, 30.707599843158278], [111.25613936214194, 30.707576373550864], [111.25620408724888, 30.70753553084012], [111.2563470389847, 30.707449916280666], [111.25643611773273, 30.70742406436915], [111.2565459078674, 30.707373056621293], [111.25661836894261, 30.707400564184752], [111.25665117081496, 30.70747566027353], [111.25668584867304, 30.707628634953608], [111.25666201933677, 30.707865519977815], [111.25673777912527, 30.708027787352535], [111.25682404479392, 30.708314608132696], [111.256827331816, 30.70840398095902], [111.2568993657132, 30.70880623601903], [111.25694476259076, 30.708937645855713], [111.25703757712256, 30.709012865151635], [111.25716340576662, 30.70902426315928], [111.2574901312646, 30.709022791868392], [111.25769188517245, 30.70897158357178], [111.25776644706394, 30.708841491241856], [111.25799043221275, 30.70857749975187], [111.25819223018732, 30.70840407538782], [111.25825776198621, 30.708325248911137], [111.25832225596741, 30.708246541145], [111.25837309734061, 30.708217742155114], [111.25844265900156, 30.70820440161191], [111.25862162139077, 30.708262973557453], [111.25871935071751, 30.708297151392458], [111.25889051058863, 30.708354827613277], [111.25899416105176, 30.708404123051878], [111.2590561890919, 30.708423884754552], [111.25929214511649, 30.70848170756483], [111.25937357423112, 30.708508196196362], [111.25983399834041, 30.708657969289902], [111.25993928197232, 30.7087024821339], [111.26078728870249, 30.707152457420023], [111.26083051191864, 30.707140368733064], [111.26083564704754, 30.70714390037074], [111.26090044769757, 30.70699865266573], [111.26093919228992, 30.706911811430984], [111.26096352884383, 30.706857262152994], [111.26097324332056, 30.70683548956623], [111.26097358056637, 30.70682888584446], [111.26098558831433, 30.706594000013126], [111.26105361303388, 30.706299866845427], [111.26120619830749, 30.705665024621226], [111.26136693683475, 30.705412400561897], [111.26221299203604, 30.704082707950647], [111.26301058636955, 30.702550792884836], [111.26313003342437, 30.70228628518396], [111.26307484113107, 30.701932143853412], [111.2630651698218, 30.701870083437655], [111.26304781110764, 30.70175870060359], [111.26299923422732, 30.701447015367535], [111.26294374605709, 30.701090989057946], [111.26378281982136, 30.699566464620716], [111.26386081442513, 30.69942475574794], [111.26473738991865, 30.69783203032398], [111.26488915411124, 30.697548073884548], [111.26489534864146, 30.697536481623388], [111.26490152068868, 30.697524934328328], [111.2649062457267, 30.69751609399259], [111.26490669268975, 30.69751525672376], [111.26492809565514, 30.69747520901376], [111.26541768837569, 30.69655911641013], [111.26551906265468, 30.696369429605568], [111.26552347472864, 30.69636058926983], [111.2655459820615, 30.696357310341625], [111.26556671772988, 30.696364182061416], [111.26560839681014, 30.696373552097782], [111.26562961001855, 30.696369459283176], [111.26570076527815, 30.696333537662667], [111.26577302040863, 30.696219307575063], [111.2660445284323, 30.69575557485996], [111.2660361161739, 30.6957376702573], [111.26599463044789, 30.69569576994388], [111.26597046386587, 30.695677968763277], [111.2662033379138, 30.695238331583766], [111.26619379790549, 30.695201124832124], [111.26630590379449, 30.694934080143753], [111.26630233798255, 30.694890731921816], [111.26624461409773, 30.694830730953527], [111.26618761236847, 30.694797277072723], [111.26615987098131, 30.69476605440991], [111.2662871277488, 30.694533584157625], [111.26643241772194, 30.694445348074396], [111.26665969888603, 30.694166884694027], [111.26702462398725, 30.69358100785729], [111.26840535222527, 30.691779512914252], [111.26925787804868, 30.690931348802735], [111.26956535086032, 30.690499651737582], [111.26996860866444, 30.690314739433745], [111.27024937340991, 30.690118493873456], [111.2706676373017, 30.68982614136337], [111.27072743412384, 30.689784345371265], [111.27073838426907, 30.689776691241377], [111.27075646334015, 30.689770092016204], [111.27103486826462, 30.689668464128374], [111.27124802917325, 30.689590652086963], [111.27188928086571, 30.689356567551613], [111.2735797239252, 30.688396264276207], [111.27531418610084, 30.687660964182214], [111.27650295224953, 30.687123092256968], [111.27743869324115, 30.68669969233696], [111.27867455238874, 30.6862092902266], [111.27995167423046, 30.68578917912737], [111.27999120572963, 30.685776173131956], [111.28062626918705, 30.685567256124045], [111.2824039293979, 30.684794249255276], [111.28301032516646, 30.684323930804794], [111.28320976691725, 30.684237201985354], [111.28457116332856, 30.683645168389887], [111.28539531374281, 30.683418241558627], [111.28639177965698, 30.682740692329162], [111.28695323720217, 30.68176393775559], [111.2868837016216, 30.68169954539775], [111.2868889149915, 30.681692851743776], [111.28689208959833, 30.681688767922367], [111.28693013182021, 30.681649875841174], [111.28694680255296, 30.681635575721316], [111.28697394499164, 30.681617698098364], [111.28700790878804, 30.681600157721164], [111.28703075516529, 30.681591321882024], [111.28704399138718, 30.681587907156256], [111.28705490466018, 30.681586489824724], [111.28705658279512, 30.68158645834842], [111.28708233578124, 30.681585948432826], [111.287113720322, 30.681587981799964], [111.28715239566657, 30.68158516602267], [111.2871805111717, 30.681580624446326], [111.28721194967181, 30.68157179760044], [111.28723613424029, 30.681560104615187], [111.28725242186187, 30.68154097423661], [111.28726443230778, 30.681518981316003], [111.28726609785218, 30.681504301682253], [111.2872725891587, 30.6815042881924], [111.28729638791805, 30.681461190881294], [111.2873314398941, 30.68137126766993], [111.28734593786481, 30.681347912276408], [111.28735165395574, 30.681339867840677], [111.28740876540229, 30.681245294234998], [111.28744966387097, 30.681192048973912], [111.28745669207274, 30.681180178822274], [111.28746680494913, 30.68116677082986], [111.287481292128, 30.681139209307105], [111.28749399235392, 30.681104511663932], [111.28749313170272, 30.6808136987932], [111.28749888286723, 30.680802704581197], [111.2875198739431, 30.680742077684783], [111.28753270367139, 30.680715190653586], [111.28754752899533, 30.680689443962706], [111.28755607165544, 30.68066913727091], [111.28755934878495, 30.680658556747062], [111.28756356300806, 30.68063254295754], [111.2875747199974, 30.680601656641215], [111.28758235524157, 30.680586218878943], [111.28759263988849, 30.680573919750657], [111.28761287463453, 30.680558178017577], [111.28763277393341, 30.6805467179567], [111.28766693378202, 30.680528952749], [111.28774784308854, 30.680497972003877], [111.28784633414108, 30.680454105772412], [111.28787451799468, 30.68044634732115], [111.28788446539585, 30.680446616218433], [111.28790833070497, 30.680451147002884], [111.28791893820852, 30.680451129016433], [111.28795441376525, 30.68044678619026], [111.28798226576902, 30.680439027739], [111.28801443182061, 30.68042197659298], [111.28802832724557, 30.68041350587862], [111.28805479519269, 30.680392566963462], [111.288072992075, 30.68038136680667], [111.28810805124562, 30.680368682768574], [111.28814343866884, 30.6803585689928], [111.28816659261423, 30.680350209794426], [111.28819173496066, 30.68033527295455], [111.28821687640777, 30.680321194967235], [111.28825558232933, 30.680294218003837], [111.28830025165536, 30.68025436814463], [111.28832837885165, 30.680226284115747], [111.28834922423738, 30.68020850631757], [111.28839751962988, 30.68018263911756], [111.28845640184153, 30.680149169048946], [111.28847655564857, 30.680136669371848], [111.28899236090876, 30.67950626620126], [111.28901581522774, 30.6795004880571], [111.28905656890561, 30.67948623560136], [111.28912083176101, 30.679460994329474], [111.28915559955135, 30.679453718814102], [111.28919166056676, 30.679443582555336], [111.28937054741289, 30.679384623002022], [111.289499001178, 30.679338191904094], [111.28954350772676, 30.67931977828522], [111.28957612883534, 30.679304253288706], [111.28972725181126, 30.679243820645866], [111.28972875367913, 30.679243817048587], [111.2897751263211, 30.6792258413995], [111.28978667271684, 30.679218074854305], [111.28979324855965, 30.67920889907151], [111.28979439969186, 30.67920703657552], [111.28979618484613, 30.67919945439138], [111.2897945678651, 30.679133152772806], [111.28979684764647, 30.67912514161202], [111.28979750415158, 30.679123994976464], [111.28980113741261, 30.679122263781494], [111.28980228944414, 30.679120973254385], [111.28981400671108, 30.679114775126834], [111.28991776509287, 30.67908373682502], [111.28998781328704, 30.679061133264725], [111.29002152077663, 30.6790521247558], [111.29004464144708, 30.6790451334262], [111.29006845999152, 30.679037928957314], [111.29006973612945, 30.679037543148127], [111.29011435509346, 30.6790086928969], [111.29012228801327, 30.679005521887404], [111.29014508312912, 30.67899316070583], [111.29016317119346, 30.67898360001317], [111.2902042522245, 30.67896577455093], [111.29027167979427, 30.678930597569092], [111.29030671198524, 30.678911004039662], [111.29030918602018, 30.67890870717116], [111.29032686938956, 30.678899765212066], [111.29033876292362, 30.678892281054004], [111.29034768869496, 30.678887952616947], [111.29036817165388, 30.678875000580888], [111.29038863392839, 30.678857193105046], [111.2904000939892, 30.67884521413538], [111.29041007556458, 30.678836526684393], [111.29042080177862, 30.678827192620872], [111.29043648865309, 30.678815978074965], [111.29047052709319, 30.67879653023573], [111.29047928109401, 30.678790917566857], [111.29052603055192, 30.678761986376628], [111.29052932926521, 30.678758828856928], [111.29053065396658, 30.67875853477858], [111.29057293918987, 30.67873176735725], [111.29059341405485, 30.6787168161282], [111.29061255612464, 30.67870015618729], [111.29061767416641, 30.678696277411348], [111.29064721599627, 30.6786717142283], [111.29070698493945, 30.678628009874785], [111.29073669404323, 30.678603589683973], [111.29074625743391, 30.678593546954687], [111.29077760240449, 30.67856483429972], [111.29078353433272, 30.678557950888774], [111.2907980511892, 30.678544172375723], [111.2908069481822, 30.67853356307353], [111.2908353119002, 30.678504578823322], [111.29086137605174, 30.67848074768841], [111.29090000732953, 30.678451142006622], [111.29092543655969, 30.678433025164054], [111.29093898484632, 30.678425246927645], [111.29094014227383, 30.678424954647994], [111.29095716104422, 30.678415161030898], [111.29097005912098, 30.678409956654207], [111.29098924795551, 30.678404147933122], [111.29100480442827, 30.67840092656155], [111.29103592906495, 30.678397056778806], [111.29108992975654, 30.67839678158623], [111.29111940683521, 30.67839463490452], [111.29113762080459, 30.678392829065842], [111.29115018883022, 30.67838848174307], [111.29116672286602, 30.678381260187052], [111.29118754576871, 30.678370589731003], [111.29121794824977, 30.67835301697818], [111.29124372731621, 30.678339180009175], [111.29126356636056, 30.678330514141976], [111.29129001632128, 30.678318387683476], [111.29135150296952, 30.678287808035975], [111.29139281512636, 30.678265896953633], [111.29141298602053, 30.678256944202644], [111.29141794038571, 30.678253776790427], [111.2914447212969, 30.678241364347514], [111.29148702990256, 30.678219733853666], [111.29152935919262, 30.67820008726426], [111.29155516523872, 30.678188800772602], [111.29156377444872, 30.67818675211697], [111.29157935160583, 30.678186949967824], [111.29158464681404, 30.678184921097284], [111.29158595982426, 30.678182056756555], [111.29158927022871, 30.678180894832508], [111.29161632813111, 30.67815160211478], [111.29161765283249, 30.67815130893581], [111.2916186447847, 30.678150873663924], [111.29161994340575, 30.67814386794521], [111.29161793162228, 30.678137879359724], [111.29161492878598, 30.678133325192846], [111.2916042817123, 30.678122813916787], [111.29159065338598, 30.67811317678172], [111.29157801611262, 30.67810210522805], [111.29157400963288, 30.67809498439607], [111.29157464455426, 30.67808812436749], [111.29158981881517, 30.67807003900117], [111.29161756559824, 30.67804731313305], [111.29163900813376, 30.678022337161167], [111.2916584919459, 30.678005229357893], [111.29168955003274, 30.67798119767417], [111.29170374942856, 30.67796854781028], [111.2917404228823, 30.677940057287856], [111.29176089504932, 30.677921086988647], [111.29179224091922, 30.67788662676645], [111.29179851099252, 30.677879734362307], [111.29184277292569, 30.67784263103266], [111.29192465080206, 30.677765031231274], [111.2919345523378, 30.67775440484195], [111.29193982596223, 30.67774723274863], [111.29194509059352, 30.677738059663795], [111.2919490296241, 30.677728611386385], [111.29195065829629, 30.67772145817878], [111.29195095777055, 30.6777137437943], [111.29194891091356, 30.677699183770358], [111.29194487115893, 30.677683493298616], [111.29191770533788, 30.67760393387448], [111.29190490258924, 30.67755257988773], [111.29190414895737, 30.677529729013827], [111.29190511303062, 30.677522581202197], [111.29190839375741, 30.67751427686244], [111.29191400013104, 30.67750710207116], [111.2919292013716, 30.677496159120494], [111.29194540805418, 30.677487784633627], [111.29195864697402, 30.677483709805415], [111.29197554163801, 30.677481616183684], [111.29199774589932, 30.677481205193544], [111.29202028740639, 30.677482508311186], [111.29207798341224, 30.677489325172246], [111.29210846683236, 30.677487725278354], [111.29217969044043, 30.677479610695514], [111.2922578694052, 30.677470603085908], [111.29233106342792, 30.677457905557958], [111.29244033555312, 30.677434150865395], [111.2924522632614, 30.677433224563686], [111.29248173584352, 30.6774270606104], [111.2925684772535, 30.677404288876858], [111.29264731092474, 30.677393274879762], [111.29312139393727, 30.677374954790366], [111.29314826478065, 30.67734565218018], [111.29475632184682, 30.67559178443338], [111.29639422111649, 30.673805369322395], [111.29639615375953, 30.673806898169858], [111.296736360095, 30.673432184847513], [111.29685473425866, 30.67330136586537], [111.29691351844417, 30.67323640243808], [111.29948916059635, 30.670389835022945], [111.30162920712229, 30.66773203800318]]], [[[111.2875174673573, 30.689035282952034], [111.28747237894731, 30.6890714338997], [111.28742120302621, 30.68910752818988], [111.28736189093871, 30.689145769162053], [111.28727508387817, 30.689194514215558], [111.28719915321852, 30.68923355558428], [111.28716925076043, 30.689251074377637], [111.28708959241084, 30.68929236405154], [111.2870565036547, 30.68930715610054], [111.28700937198494, 30.68933161406278], [111.28691652507774, 30.689376763626854], [111.2868634569831, 30.6894108038656], [111.28684533114716, 30.68942334760959], [111.28683033675065, 30.689431018826497], [111.28671869311324, 30.689488125776393], [111.28664942283268, 30.68953024372587], [111.28662641727539, 30.68954533974579], [111.28659943311737, 30.689566757100238], [111.28651827379935, 30.68961404615135], [111.28648469491287, 30.689635876294744], [111.28634494476347, 30.689717619272812], [111.2862780334047, 30.689751057865124], [111.28624455164493, 30.689770597435256], [111.28616055226786, 30.689814373734464], [111.28608813975598, 30.689854605805465], [111.28601326759826, 30.689890478862537], [111.28596790939162, 30.689913469131454], [111.28596643540271, 30.689914264132142], [111.28593747633363, 30.689929840389937], [111.28590870881987, 30.689946781818605], [111.28583898078449, 30.689980745615003], [111.28575035619411, 30.690023913972425], [111.28556289341282, 30.69011708733376], [111.28549656301601, 30.690144176712465], [111.28541587224481, 30.690183444710385], [111.28540527193587, 30.69018909425148], [111.28536550301567, 30.690213727581522], [111.28533953239355, 30.690226601376708], [111.28528989970908, 30.690244066210767], [111.28519487644252, 30.69028346281175], [111.2851008001619, 30.69032847208149], [111.28505309562394, 30.690352644059317], [111.28498764836144, 30.690381454740475], [111.28495588430673, 30.690393760164], [111.28493532670399, 30.690403703068625], [111.28491225819425, 30.69041701393411], [111.2848881536654, 30.69042976991807], [111.28488588377655, 30.690430971412297], [111.2845371060028, 30.69061552758461], [111.28443900435673, 30.69066376721912], [111.2842528662768, 30.690744983194577], [111.28416073792778, 30.690797457736608], [111.28407889422567, 30.690840351800887], [111.28399707840254, 30.690891628446025], [111.28382179963648, 30.69097771604885], [111.28380917855077, 30.690984978973688], [111.28288928271434, 30.691514458425615], [111.28228444457153, 30.691819100171415], [111.2822030406378, 30.691860631762722], [111.28216478527679, 30.691880150648615], [111.28139289266795, 30.692273938591484], [111.28137269299543, 30.69228424392287], [111.2811942684009, 30.692375266105728], [111.28063700889089, 30.692693760108966], [111.28005511964813, 30.693072773090137], [111.28004205159942, 30.69308128607264], [111.27969144190666, 30.693309647322394], [111.27931190372146, 30.693598988003032], [111.27930709864387, 30.693602650042408], [111.27901126395875, 30.693828167636013], [111.2784885186303, 30.69426243496349], [111.27846254531028, 30.694284012397418], [111.27837371477517, 30.694357800871956], [111.2778712302732, 30.694762869910676], [111.27785807139298, 30.694773477414174], [111.27745184043016, 30.695100946651507], [111.27742253782003, 30.695125578182967], [111.27704475960815, 30.695443130596175], [111.2766182507317, 30.69580164083311], [111.27658246490887, 30.695831724054926], [111.27516667210432, 30.69702177083815], [111.27516231938557, 30.69702537532089], [111.27513888035514, 30.6970447925832], [111.27497602032707, 30.69718346174733], [111.27440373134732, 30.697459712795535], [111.27432380320107, 30.697507516258952], [111.27422290106608, 30.697588002884117], [111.27409806527356, 30.697696724624166], [111.27399157295281, 30.697803330259603], [111.2739758024415, 30.69781911695884], [111.27397209363738, 30.697822829360234], [111.27388519214799, 30.697895661855284], [111.27377779061271, 30.697999359083155], [111.27359419761427, 30.698151577433464], [111.27344477075957, 30.698319750656026], [111.27333318377958, 30.698478336206392], [111.27325644462923, 30.698558978414155], [111.27325614875235, 30.698559287781052], [111.27325439867172, 30.698561346329257], [111.27276216734026, 30.699140330761736], [111.27265565343572, 30.699265614416674], [111.27254624371426, 30.699404649605015], [111.27253620907896, 30.699417403790278], [111.27237546515568, 30.69962168119571], [111.2721781008388, 30.699872491322537], [111.27217759991629, 30.699873128042555], [111.2721576817317, 30.69989844126019], [111.27215239281873, 30.699905162793016], [111.27204848514958, 30.700037212947166], [111.27203967988748, 30.700048403211326], [111.27203161117006, 30.700058658180637], [111.27181927583905, 30.700328498861268], [111.27152556175542, 30.700755645356878], [111.27151363044987, 30.700772997775744], [111.27147590658797, 30.700827858219213], [111.27146505536814, 30.70084363862304], [111.27119487834108, 30.70123655242503], [111.27117606542328, 30.701263908902433], [111.27116565756916, 30.701279042693727], [111.27084687398417, 30.701742636913252], [111.27080390977261, 30.701805112815748], [111.2705858673441, 30.702452719117673], [111.27048899237326, 30.70274044101859], [111.2703864777539, 30.703044909195285], [111.27029100572537, 30.70368371742967], [111.27023013511268, 30.704090999699986], [111.27030960730258, 30.704629269125633], [111.2703136578491, 30.704649776366182], [111.27031992972104, 30.70468353781513], [111.27032839773756, 30.70474341917344], [111.27032968107011, 30.704763444377534], [111.27033461385139, 30.704786597423606], [111.27034635540008, 30.70484803730716], [111.27035130526872, 30.704874134733643], [111.270361532359, 30.704909568921494], [111.27036975216231, 30.704943001218567], [111.27037142669997, 30.704949812683765], [111.27037716797196, 30.704981926574646], [111.27037906374278, 30.70499252328642], [111.27038411793274, 30.705020796172903], [111.27038727815045, 30.705038475945003], [111.27039122527486, 30.70506055160331], [111.27039508876231, 30.705082154218076], [111.27039806461903, 30.70510432520456], [111.27039981110255, 30.70511733209935], [111.27040273659708, 30.705139343905728], [111.27040373484459, 30.70514684065421], [111.27040656141378, 30.705158497666616], [111.27040950039816, 30.70517052519955], [111.27041637391659, 30.70519865509391], [111.27041992893669, 30.705214931923535], [111.27042414405918, 30.705230439832974], [111.27042960744058, 30.705254246686195], [111.27043555195922, 30.70528304117954], [111.27044942400175, 30.705350217838316], [111.27046147941388, 30.705408587436523], [111.27047314541949, 30.705448333873562], [111.27048101538674, 30.70547938476591], [111.2704843518714, 30.705492269352817], [111.27049179466076, 30.705523269883145], [111.27049523636617, 30.70554489498096], [111.2704968938167, 30.705558434274394], [111.27049902431071, 30.7055678465789], [111.27050282304697, 30.70558319620767], [111.27050519006252, 30.705590343119923], [111.27050965069986, 30.705603825756043], [111.27051228301559, 30.705611779360254], [111.27051464823256, 30.70561892627262], [111.27051633985718, 30.705625572262534], [111.27053418330604, 30.70570452824154], [111.27053909989957, 30.70572708143976], [111.2705421009374, 30.705741576712512], [111.27054390857461, 30.705749131916946], [111.27054694018926, 30.7057599282781], [111.27054907877704, 30.70576882257319], [111.27055253756976, 30.7057813357402], [111.27055801084367, 30.705801118127113], [111.27056279613618, 30.70581842288209], [111.27056825232319, 30.70583642101417], [111.27057333169404, 30.705851505342764], [111.2705794156077, 30.705869577219403], [111.27058002444863, 30.70587138035995], [111.27058434029516, 30.705884196598504], [111.27058662367381, 30.705893355294165], [111.27059027672004, 30.705907165283634], [111.27059536328551, 30.705920843072477], [111.2706006917686, 30.70593593999172], [111.27060753471011, 30.705961978062987], [111.27061252684678, 30.70598099242892], [111.27061776899501, 30.706000941190666], [111.27062953932193, 30.706046147411826], [111.27063323193829, 30.70606174165613], [111.2706375630732, 30.706080020376703], [111.27064216760203, 30.706099467316733], [111.27064708869221, 30.706119727243617], [111.27065241717548, 30.706138423249797], [111.27066056503315, 30.706164350704285], [111.27066790529972, 30.706186483919225], [111.27067292711394, 30.70620273826586], [111.27067468708725, 30.706214538270387], [111.27067918819415, 30.706229302440363], [111.27068424598122, 30.7062448220409], [111.27070315692532, 30.706295717373507], [111.27071509542549, 30.70633392956728], [111.27074993516152, 30.70644995470184], [111.27077029671187, 30.706517765382614], [111.27077302165782, 30.70652596360253], [111.27082520931611, 30.706697576731926], [111.27086385408364, 30.70682620406609], [111.27087908320311, 30.706866784174792], [111.27092802970492, 30.707029343829277], [111.2710129580816, 30.70730473512549], [111.27101492220095, 30.7073113406459], [111.2710625475986, 30.70747287687192], [111.27111265602429, 30.70764151324539], [111.27111535129251, 30.707650856302052], [111.27115445021781, 30.70778032360306], [111.27117588196148, 30.7078494392004], [111.27117660681512, 30.70785194561097], [111.27120745356126, 30.707958537756383], [111.27126600662103, 30.708157889574977], [111.27127528312792, 30.708183174014437], [111.27128846539046, 30.708224826114872], [111.27134179069128, 30.708401413394597], [111.27136596986372, 30.708488535217782], [111.27138009101844, 30.7085450000518], [111.27148246084698, 30.708737302984332], [111.27151106108664, 30.708833042111337], [111.2715317077222, 30.70888315863101], [111.27162526599335, 30.709186898356847], [111.27168343774059, 30.709371908686705], [111.27169273673042, 30.70940164926685], [111.27171159371522, 30.709458931584606], [111.27173231139716, 30.709528081355984], [111.27175702116972, 30.70960265313994], [111.27180306915648, 30.70975180210405], [111.2719704338885, 30.709853151202083], [111.2720175358807, 30.709986553037083], [111.27206232571581, 30.710113404210347], [111.27207694059842, 30.71015351217494], [111.27222172964923, 30.710550875822378], [111.27235223656652, 30.710831386059795], [111.27237323573638, 30.7108765221339], [111.27255401925271, 30.711265094009036], [111.27261556255826, 30.71139333463475], [111.27272152158099, 30.711609590110527], [111.27281360856136, 30.711798285862358], [111.27292819028395, 30.71202674513836], [111.27294623068406, 30.712062717120773], [111.27303697587587, 30.712239659632758], [111.27310101929675, 30.712359709233226], [111.27319204777484, 30.71249576856485], [111.27326810793693, 30.712609370026428], [111.27339058300913, 30.712794678032026], [111.27357181168992, 30.71310406100372], [111.27365825812211, 30.713185098913243], [111.27364371158819, 30.71319437272217], [111.27361321467811, 30.713217587821532], [111.27361596930166, 30.71325771557116], [111.27365217960454, 30.71331784244461], [111.27369863498416, 30.71338170330307], [111.2737618456328, 30.7134737282301], [111.27380939818528, 30.713554794018705], [111.27383564939589, 30.713598174616095], [111.27393496692537, 30.713741909661508], [111.27397539594784, 30.713804856808736], [111.27402489643191, 30.71388075059633], [111.2740564824208, 30.713932886093858], [111.27407623513034, 30.713967251887254], [111.27408338204253, 30.713979687712595], [111.27440522422177, 30.71471537811226], [111.27508261607, 30.71584214409978], [111.27508600561481, 30.71584697166054], [111.27516879720224, 30.715964888069266], [111.2758669552959, 30.71695923877803], [111.27603604672618, 30.717200064631356], [111.27673372188383, 30.718193695882405], [111.27732274724707, 30.71903256909792], [111.27737111278674, 30.71910145087145], [111.27748127973734, 30.719269295841343], [111.27840042104259, 30.72066965178317], [111.2784030569556, 30.720673667256108], [111.27842040937446, 30.720703462694757], [111.27862579114742, 30.721023847072956], [111.27874048258724, 30.72120275910021], [111.27883617674826, 30.7213385882053], [111.28022511669587, 30.72363540275171], [111.28022883179517, 30.723639836409404], [111.2814348217596, 30.72507836497465], [111.28147538837845, 30.725126752098106], [111.28207100397373, 30.726177931866232], [111.28207480630726, 30.7261870393005], [111.28241735627614, 30.72700770034521], [111.282509196842, 30.72724018768463], [111.28311583093097, 30.728676279986416], [111.28312258304095, 30.728692262737923], [111.28386615240112, 30.730883481587455], [111.28461400793032, 30.732573097270745], [111.28462122588894, 30.732589405576732], [111.28485059707748, 30.73449336837433], [111.28505318825421, 30.73516817826885], [111.28505897269343, 30.73518745163966], [111.28519403557647, 30.73513620197417], [111.28664547570827, 30.73468734314656], [111.28658868891699, 30.734710176933163], [111.28673463809315, 30.73525378113709], [111.28694099113392, 30.736735129123076], [111.28695053204154, 30.736803709623643], [111.286953979143, 30.736828490442633], [111.2871340458995, 30.738123024058382], [111.28727265570848, 30.738750185172933], [111.28733638796405, 30.73898830856359], [111.28747193288353, 30.739494767169845], [111.2874768215982, 30.739511152817556], [111.28775771494662, 30.740452659362802], [111.28780973083457, 30.74062700912924], [111.28795394701717, 30.740739811093476], [111.2881550776948, 30.740782509105543], [111.2888412873956, 30.740794265043462], [111.28967691136046, 30.740792539244353], [111.29019684720686, 30.740785456184028], [111.29060404943738, 30.740742735688798], [111.29091907385617, 30.740615856636623], [111.29120992180049, 30.74045057833166], [111.29162673778382, 30.740456040813683], [111.29186290155184, 30.74043403170532], [111.2922125138964, 30.740801973132704], [111.29227965997836, 30.74080462703205], [111.2933766359231, 30.740847947374903], [111.29418859782561, 30.740880010903822], [111.29437820009389, 30.740887496860523], [111.29449912563422, 30.7408922686634], [111.29540614767569, 30.74091881934811], [111.29572875427863, 30.740928258632266], [111.2967229862769, 30.74098548878942], [111.29677692581453, 30.740988594148405], [111.29694944276264, 30.740992327234267], [111.29853398705399, 30.741026609390588], [111.29990857022443, 30.741388474098926], [111.30004352159136, 30.74178009557494], [111.3001695939517, 30.742050242025073], [111.30026431774405, 30.74230693821471], [111.30039022642791, 30.74252299494043], [111.30050077199314, 30.7428337412843], [111.30062903060542, 30.7430538296706], [111.30064419587302, 30.7431027087232], [111.30113342167016, 30.744579473763793], [111.30111853429293, 30.74458252966008], [111.3012373832986, 30.74511650662157], [111.30123739409049, 30.74511654978903], [111.30147690693383, 30.746192630885275], [111.30182544638734, 30.747547957772042], [111.30234476170148, 30.747499020263604], [111.30243971841844, 30.747732111947528], [111.30241538096516, 30.74777104269964], [111.30240036858214, 30.747795051000935], [111.30237337183365, 30.747838234646963], [111.30240701457222, 30.748033123130256], [111.30247467776422, 30.748425088147485], [111.30257506009104, 30.74871601163477], [111.30273081187761, 30.749040219030974], [111.30302478226787, 30.749383196177746], [111.30306896056413, 30.749549672379658], [111.30287641931147, 30.749831734846737], [111.30250858400404, 30.75043447666991], [111.30252646972093, 30.750462618255312], [111.30252104860762, 30.75048503385733], [111.30254322139263, 30.75052387467713], [111.30251982103312, 30.751112466567236], [111.3023010861263, 30.75185757826472], [111.30218295837693, 30.752965207578313], [111.30202999988467, 30.753538332927803], [111.30186580166554, 30.754406461988708], [111.3017755717853, 30.754564955808178], [111.3018197608734, 30.75458367789446], [111.30182058285374, 30.75458402593216], [111.30189164458375, 30.75461413523425], [111.30200892517183, 30.75463997365597], [111.30206261559726, 30.754651804237426], [111.30206416692789, 30.75465214597989], [111.30213900581055, 30.7546686377475], [111.30206719944175, 30.754926497659767], [111.30205127424699, 30.754962244811793], [111.3020346691647, 30.754996562041754], [111.30201577530784, 30.7550325394202], [111.30199312858008, 30.755073159998403], [111.30196953396688, 30.755114857065053], [111.30194706800285, 30.755154873298807], [111.30192372160252, 30.755196814081728], [111.30189754593505, 30.75524415619293], [111.30186999070759, 30.755293920178303], [111.30184146780954, 30.755344960301727], [111.30180923161083, 30.755402152687225], [111.30177077929807, 30.75546996966341], [111.30173248706467, 30.755537211073488], [111.30170086240491, 30.755592240589465], [111.30167348973981, 30.755639203186718], [111.30164768819031, 30.75568276274936], [111.301647528111, 30.755683029848], [111.30143515320981, 30.755563528833818], [111.30130067398699, 30.755741784355905], [111.30124975797003, 30.75579927171907], [111.3011703990947, 30.75587809999439], [111.30112131229879, 30.75592006775696], [111.30105596036435, 30.75597793103674], [111.30104491219299, 30.755983307183953], [111.30104226099161, 30.755983693892404], [111.30099539192383, 30.755985310873427], [111.30096885922552, 30.755984596811743], [111.30095559872194, 30.755986533052123], [111.30095118035274, 30.755988070892784], [111.30094013218144, 30.75599344524136], [111.30093129814094, 30.755998815992598], [111.30092025806351, 30.756008014258498], [111.30091672642584, 30.75601222668297], [111.30089553120388, 30.756031386739153], [111.30088802186475, 30.75603598857009], [111.30087918242839, 30.756038682938936], [111.30087033669673, 30.75603870002601], [111.30086370419667, 30.756037564182293], [111.30084822416626, 30.75603644722429], [111.3008367308305, 30.75603914608979], [111.3008331982935, 30.75604068213181], [111.30082789589073, 30.75604413193122], [111.30081995038046, 30.756052179064852], [111.30081377563528, 30.7560636607094], [111.30080981232305, 30.756073228596676], [111.30079745563813, 30.756088549447043], [111.30079303367165, 30.75608932016604], [111.3007886153024, 30.75609162332978], [111.30069587991102, 30.756117967170496], [111.30055158998397, 30.75615689972119], [111.30054937765169, 30.75615689882187], [111.30031934636082, 30.756216691147415], [111.30027733093414, 30.75622948310422], [111.30027243502491, 30.75623221524461], [111.30025813400573, 30.756237441204973], [111.30021429835125, 30.756258451166616], [111.30018551375053, 30.75627335023495], [111.30004602170658, 30.7563489931116], [111.30002387590122, 30.756363129554813], [111.30001236367968, 30.75636847782306], [111.29995744567964, 30.75640286520013], [111.29992643525685, 30.756426556040765], [111.29982678138094, 30.756489219002333], [111.29975149823309, 30.756530097685925], [111.29974662840425, 30.7565320069466], [111.29974441607203, 30.7565320069466], [111.29966957359198, 30.75657441627635], [111.29962529457174, 30.756596189762377], [111.29959209609842, 30.756606882701533], [111.29956332858478, 30.756612606886335], [111.29954562183303, 30.756618715981006], [111.29951662589161, 30.756632927967303], [111.29941722832251, 30.756715604441638], [111.29938192003965, 30.756736603611444], [111.2993618894397, 30.756745043748822], [111.29926348921873, 30.7567531691235], [111.29919496807338, 30.75676479735756], [111.29907996456876, 30.756781476184244], [111.29907463068969, 30.756745244297633], [111.29877513216667, 30.756780032772326], [111.29852877368404, 30.7568041274086], [111.29845912388953, 30.756813605363675], [111.2981425499388, 30.75689860208888], [111.29802748438095, 30.75693028880181], [111.29793416982614, 30.756972988612574], [111.29776815857372, 30.757057291061187], [111.29774416825882, 30.75708177240591], [111.29773083491017, 30.757106339186237], [111.29773761579838, 30.757130957227957], [111.29779234134355, 30.757274367618038], [111.2976628182845, 30.757339725847714], [111.29732467499383, 30.75746869312576], [111.29723933922418, 30.757481984206265], [111.29717044036357, 30.757494297723724], [111.2971128828533, 30.75750671016658], [111.29706083818718, 30.757520280936262], [111.29699088711982, 30.757542477103698], [111.29686607920627, 30.75758728042871], [111.2966702500321, 30.757660728060216], [111.29644017917099, 30.75768171374017], [111.2963073915729, 30.757635020939517], [111.29617832177217, 30.757691122447397], [111.29590012908773, 30.757710821197463], [111.29589190298901, 30.757711403058863], [111.29560329705458, 30.757613126944307], [111.29528357907395, 30.75753354323848], [111.29519122499511, 30.757467442168775], [111.29388467733605, 30.75730077620989], [111.2934968060328, 30.757383652333715], [111.29311672735514, 30.75759492826336], [111.2929881126114, 30.75769033194331], [111.29294141711279, 30.757723322673257], [111.29294007712292, 30.757781622124185], [111.29287399673763, 30.7578002551777], [111.29270405364923, 30.757841804755515], [111.29252869574276, 30.757892424895545], [111.29190580011266, 30.75803726071109], [111.291901363757, 30.758038380366997], [111.29189693369659, 30.75803911691179], [111.29158436982289, 30.758110880113065], [111.29152409186344, 30.75812471888071], [111.29151963302468, 30.758128514019745], [111.29151694315249, 30.758132319051356], [111.29151377574021, 30.758139947100915], [111.2915115436229, 30.758142225083645], [111.29150711715977, 30.758142581215225], [111.29150491921672, 30.75814103617995], [111.291502320176, 30.75813490460223], [111.2914979179946, 30.758132584351358], [111.29132219496341, 30.758175185236666], [111.2911848531985, 30.758208247912364], [111.29106079531948, 30.758239451689406], [111.29105814231946, 30.758239439998192], [111.29105592279268, 30.758240577640606], [111.29089642173255, 30.758280038992666], [111.29089376873247, 30.758280028200772], [111.29088933417552, 30.758281920374372], [111.29075597280996, 30.75831498844599], [111.2907528773435, 30.758314974956193], [111.29074888255496, 30.758316868928432], [111.29073559057508, 30.758320253077272], [111.29073337824286, 30.7583202431847], [111.29071122344425, 30.758326264145808], [111.2905632409009, 30.758363087786336], [111.2904453928407, 30.758391631368738], [111.29043475655885, 30.7583946431983], [111.29040418410585, 30.758402537447182], [111.2901108594287, 30.758468375914845], [111.28995969418457, 30.758616579691477], [111.2896540577886, 30.75892487178544], [111.28964389724814, 30.758920277149116], [111.28963019068084, 30.75891758907551], [111.28960984711682, 30.758917952401646], [111.28955012493839, 30.758925155971212], [111.28953112136423, 30.758919789716572], [111.28952448616616, 30.758919784320653], [111.28950015770619, 30.75892167109828], [111.28949573663897, 30.758921284389828], [111.28949352700471, 30.75892051816743], [111.28948469386359, 30.758914013371054], [111.2894780649608, 30.758911714703913], [111.28947143425933, 30.758910560873744], [111.28945816656119, 30.75891054918253], [111.2894205668058, 30.75891357090461], [111.28940685304389, 30.75891546937345], [111.28940464071167, 30.75891623199857], [111.28940110187943, 30.75891622660265], [111.28938649599007, 30.758922327603386], [111.28937719430212, 30.75892919932312], [111.2893692173156, 30.758936452355442], [111.2893616800975, 30.758944852023376], [111.28935149077876, 30.758954014316373], [111.28931032341274, 30.758971173380985], [111.28928907423148, 30.758980706194677], [111.289260295926, 30.7589955845786], [111.28920051978821, 30.75902877585736], [111.28913410665376, 30.759063872799516], [111.28907876417367, 30.759092101619274], [111.28905441412996, 30.75910354279432], [111.28903449144866, 30.759114225840904], [111.2889968683109, 30.75912909523163], [111.28898801808265, 30.759131380408917], [111.28897076728714, 30.759132509957396], [111.28895971192122, 30.75913173564112], [111.28892477325974, 30.7591313210537], [111.28890265893062, 30.7591324470049], [111.28888496297071, 30.759134340977084], [111.28885841768187, 30.75913890323784], [111.28883407843006, 30.75914652319352], [111.28879201983591, 30.759166355942625], [111.28878715090633, 30.75916788029349], [111.2887663432922, 30.759178944652604], [111.28872870216793, 30.759201076068848], [111.28871010059072, 30.759214052386653], [111.28870611389613, 30.75921710558498], [111.28869547581564, 30.759228561149257], [111.28869059429553, 30.75923619909139], [111.2879827999663, 30.759547283580332], [111.28787849119948, 30.759779224131933], [111.2878776359442, 30.759801319575274], [111.28787213119398, 30.759943797368408], [111.28787045485768, 30.759946437777955], [111.28780994757108, 30.76004176681414], [111.28780908512124, 30.760044456686387], [111.28776571261761, 30.760179625689204], [111.2877235002394, 30.760311174920844], [111.28772325472448, 30.760313674136796], [111.28771063543752, 30.760442222330767], [111.28771050233786, 30.760444656795528], [111.28770739338154, 30.760501622551885], [111.28770377630826, 30.760567900788033], [111.28770364410798, 30.76057033705149], [111.28769927879875, 30.760650295774553], [111.28769920325567, 30.760652698763067], [111.28769232074404, 30.760868131359246], [111.28769251499762, 30.760870315812497], [111.2877017420418, 30.7609737180627], [111.28770222587707, 30.760975512210166], [111.28772813534522, 30.761071800823004], [111.28772854813406, 30.761073717278293], [111.28779304481321, 30.761373038634872], [111.28779282807659, 30.76137505221692], [111.28779277411729, 30.761375551340677], [111.28778235187411, 30.761472562109077], [111.28778163961101, 30.761475226800314], [111.28776505431387, 30.761537330383533], [111.28776413700535, 30.761540029248977], [111.28771248084638, 30.76169200208426], [111.28770976219585, 30.76169388886194], [111.28766440578778, 30.76172539660979], [111.28763225592394, 30.761747732172125], [111.28763016769813, 30.761750208905084], [111.28757500058589, 30.761815665160896], [111.2875729132594, 30.761818140994478], [111.28748934735557, 30.76191729304867], [111.2874868067708, 30.761919420844663], [111.2873869559433, 30.762003095566456], [111.28738441535853, 30.762005223362394], [111.28735624319614, 30.762028830566123], [111.28729139937866, 30.762083171201425], [111.28729056480779, 30.762085859275032], [111.2872359840535, 30.76226199869234], [111.28723566209618, 30.762264539277112], [111.28721642469833, 30.76241614339034], [111.28721617108948, 30.762418648901587], [111.28720502039545, 30.762529100037966], [111.28720563643105, 30.76253051467154], [111.28726374522574, 30.76266409277372], [111.28726404559927, 30.762664371563574], [111.28737230238988, 30.76276481774221], [111.28740280829305, 30.762793123903577], [111.28740337216794, 30.762793864045648], [111.28756573397152, 30.763007157154618], [111.28759692695667, 30.763026063602013], [111.28777883822289, 30.763437587075032], [111.28755602668934, 30.763344313889036], [111.28755555364597, 30.763344070172764], [111.28737668478624, 30.76325130780168], [111.28737451562148, 30.763248929994177], [111.2871155225634, 30.762893224742584], [111.28711494160132, 30.762892425245298], [111.28709699473058, 30.762876891255587], [111.28689795587604, 30.76270460723191], [111.28685021086858, 30.76266327978658], [111.2868499869374, 30.762663083734367], [111.28674963159028, 30.762570861855863], [111.28674391010344, 30.762570836674797], [111.28589776137267, 30.76256708470322], [111.28574265529937, 30.76259809062941], [111.28570631459479, 30.762603693405765], [111.28562227474822, 30.762628586640005], [111.28558688822437, 30.762637248010662], [111.28555092703374, 30.762644012711064], [111.28551461240949, 30.76264781504466], [111.28549708192486, 30.762651354776267], [111.28545095120052, 30.76266212325845], [111.28539772662384, 30.76267775077764], [111.28537849642055, 30.762679749071197], [111.28534039304475, 30.762689337642882], [111.28526910828276, 30.76271103918316], [111.28524119242712, 30.76272154596262], [111.28514692009435, 30.762762301439125], [111.28511687284549, 30.762776849771853], [111.28504661870653, 30.762766639768643], [111.28491925941637, 30.76274224565816], [111.28483659283455, 30.762729388950163], [111.28480641698263, 30.76272030309957], [111.28458894022748, 30.762725865406424], [111.28438898856103, 30.762851027652857], [111.28434200707801, 30.762899291569113], [111.28429108206785, 30.762947809993477], [111.28422556555745, 30.763013008143844], [111.28394630807571, 30.76327094629721], [111.28392458764966, 30.76330520776918], [111.28382883323411, 30.763628915142363], [111.2835156982909, 30.764538105449276], [111.28324135200683, 30.76560171204943], [111.28327621062869, 30.76626671303842], [111.28329262775264, 30.766579902840306], [111.28345267560059, 30.766869974669646], [111.28346127491795, 30.766885559021375], [111.28348873661594, 30.76693533559734], [111.28394822722896, 30.7677681123086], [111.28418270566738, 30.767914518340376], [111.28473747315593, 30.76827734981987], [111.28488516162099, 30.768293191377722], [111.28491736814209, 30.768291267727875], [111.28520626455753, 30.76820920009453], [111.2852375843471, 30.768200304000857], [111.28542992415174, 30.7682241072568], [111.28549418161123, 30.768228740563984], [111.28550154975676, 30.768225079423928], [111.28554822277232, 30.768188307944115], [111.28563695528135, 30.768182903018612], [111.28566597010848, 30.768179807552144], [111.28573018799784, 30.768162415563097], [111.28575508482936, 30.76815567244637], [111.2859089210599, 30.768125991221552], [111.28611263998641, 30.768076529408347], [111.28615883186467, 30.768067984949596], [111.28620212163065, 30.768063503627843], [111.28627869620493, 30.768059264223723], [111.28633845255757, 30.76805777944304], [111.28638353197448, 30.768058628403026], [111.28644358780139, 30.76806215644342], [111.28654770321401, 30.768070621761808], [111.2867059308341, 30.768086922873238], [111.28685005708451, 30.768103251863636], [111.28693269129076, 30.768114881896338], [111.28719277522646, 30.768156203046374], [111.28741631431154, 30.768189235145144], [111.28747258039533, 30.768201161054776], [111.28750973678501, 30.768211558116946], [111.28756590034607, 30.768231059915536], [111.2876615279572, 30.76826927300857], [111.28775264456897, 30.768308037386078], [111.28783476436297, 30.768371076264202], [111.28792261733497, 30.76839876459138], [111.28795389935306, 30.768407128286412], [111.2879718956865, 30.76840819578166], [111.28800803134561, 30.768403243215175], [111.28803748594129, 30.768403289080595], [111.28807489863772, 30.76840928216268], [111.28814376961935, 30.768427230832117], [111.28814389642372, 30.76842729378461], [111.2881471088021, 30.76842887569211], [111.28815555613409, 30.768440134304797], [111.2881665350576, 30.76845171307616], [111.28817630709096, 30.76846201660885], [111.28820636693035, 30.768481530997917], [111.28824755318209, 30.768500047139526], [111.28825152818553, 30.768501834092433], [111.28838208456563, 30.768551579192092], [111.28841944240338, 30.76856935878891], [111.28844702640919, 30.768587381202735], [111.28847717528146, 30.76861075907931], [111.28858499320296, 30.768705624065376], [111.28860417484287, 30.768715173066823], [111.28863698570837, 30.76872841558395], [111.28865591104153, 30.76873111894605], [111.28866118826329, 30.7687302852745], [111.28867019227562, 30.768726016192772], [111.2886842936453, 30.768709308587745], [111.28870141044177, 30.76867979913345], [111.28871135694362, 30.768668069276032], [111.28872758880726, 30.768660177725053], [111.28875010603264, 30.768656127178588], [111.28877890772048, 30.768655916737202], [111.28882318134481, 30.768658909680994], [111.2888601111053, 30.768663167071566], [111.28893030139238, 30.7686712546747], [111.28909287273797, 30.768673716119167], [111.28920436438995, 30.76867734308496], [111.28921770313457, 30.76868273631925], [111.28922993841098, 30.768693652290267], [111.28924909666853, 30.768720641844197], [111.28927771309606, 30.768765945192285], [111.28928531056869, 30.768774388926943], [111.28937306371597, 30.768778738947674], [111.28940231236686, 30.768783676225723], [111.28942230429595, 30.768791786311965], [111.28944838643395, 30.768805750085335], [111.28947376979869, 30.76882201972046], [111.28950037893941, 30.76884224277535], [111.28951609369284, 30.768849962555805], [111.2895219572726, 30.768850217063914], [111.28958951344538, 30.768838986330195], [111.28961279509446, 30.76883642326237], [111.2897271906574, 30.768867627938732], [111.28977560386107, 30.768885771761006], [111.28980689757032, 30.768900096162554], [111.28985249229873, 30.768923926398145], [111.28992883214994, 30.76895555285654], [111.28998855882497, 30.768975403592037], [111.29005859892527, 30.768993579789935], [111.29008253528082, 30.769002963316154], [111.29010354344382, 30.769014489027484], [111.29013907026194, 30.76904221422683], [111.29015688403302, 30.769056117745663], [111.2901762797116, 30.769068665986197], [111.29023024892689, 30.769103583963272], [111.29025633466216, 30.76912424318931], [111.29029154491894, 30.76915562862939], [111.29030053813938, 30.769163645186154], [111.2903320917527, 30.769170631119778], [111.29037501099805, 30.769174585438805], [111.29039012860159, 30.76919085237597], [111.29043518733408, 30.769226225410023], [111.29045602822316, 30.769235289676942], [111.29046841638439, 30.769230779576844], [111.29049640778305, 30.76919608103435], [111.29053412175239, 30.769158119751467], [111.29057869305228, 30.76915768358026], [111.29061782705116, 30.76917378234424], [111.29065489530723, 30.76919261414787], [111.29068821698769, 30.769230926166358], [111.29076818020741, 30.769342693910232], [111.29086052169578, 30.769445524191667], [111.29091797938128, 30.769520557327894], [111.2909551177845, 30.769574782849986], [111.29096454357887, 30.769592754901794], [111.29096746907351, 30.769604660127015], [111.29096566323483, 30.769657718329086], [111.29096036083206, 30.76969541071469], [111.2909468404244, 30.76975791359689], [111.29093155914421, 30.769811323433885], [111.29089297373179, 30.76992089863063], [111.29088201729132, 30.76994682878319], [111.29086218634086, 30.76998421360065], [111.29082280772644, 30.770045365701094], [111.29081653315654, 30.770060423050154], [111.29081882283049, 30.77007213761908], [111.29079455102777, 30.77022855940055], [111.2907424434091, 30.770451108332054], [111.29072009525623, 30.77051656368849], [111.29068470873239, 30.77057852158157], [111.29065696104999, 30.770634382970456], [111.29064396134982, 30.770667347620076], [111.2906315596988, 30.770708479013138], [111.29061133214731, 30.77087459098965], [111.29060193692993, 30.770898198193322], [111.29057496985905, 30.7709629134078], [111.29056654141283, 30.77099015207392], [111.29055932525273, 30.77102573824726], [111.29055524682724, 30.771053707162935], [111.2905527727923, 30.771082870378223], [111.29055248500924, 30.77112818182019], [111.29055256774689, 30.77112959735308], [111.29055432142485, 30.77115945484502], [111.29055983157104, 30.771212131734558], [111.2905767271343, 30.771337240920957], [111.29058127770384, 30.771370955605164], [111.29058861257448, 30.771436167245383], [111.29059280881114, 30.771492987311547], [111.29059542224098, 30.771545121909924], [111.29059904920683, 30.771617440892214], [111.29060136765906, 30.771639601086747], [111.29060497304113, 30.77166223342539], [111.29060869443578, 30.771679802580877], [111.29060999575478, 30.771685311827753], [111.29063070983943, 30.771767320105766], [111.29063910591009, 30.771804254362905], [111.29064197924401, 30.77180911519855], [111.29064199812979, 30.771812010116207], [111.29063293026559, 30.77183186534836], [111.29060144859801, 30.771908110770767], [111.29059347071217, 30.77192447303605], [111.29058828522125, 30.77192826008121], [111.2905758422014, 30.771932012952107], [111.29055765341303, 30.77193592860027], [111.29054496667692, 30.77193796016877], [111.29053278895708, 30.771939908100308], [111.29051989717556, 30.771942929822387], [111.29048670319884, 30.771955699296143], [111.29047297864508, 30.771959391912446], [111.29044220024741, 30.771961579063657], [111.29037501189737, 30.771963446056247], [111.29030669399879, 30.771967714238656], [111.29024954118341, 30.77197868686693], [111.29024217933318, 30.77198228955109], [111.29022061538916, 30.77200560537443], [111.29014188064332, 30.772115587964038], [111.29001530196467, 30.772309827136837], [111.28993963390707, 30.77242391423232], [111.28988574742937, 30.772502516777763], [111.2897943520278, 30.77265800326427], [111.28976510337691, 30.77272499106556], [111.28975072141873, 30.77276411607113], [111.28973814080263, 30.77280353155777], [111.28971589607181, 30.772863358956897], [111.28957910738995, 30.773257797109693], [111.28952116496987, 30.77341738360542], [111.28947235336648, 30.773579653678098], [111.28943726631684, 30.773740313065048], [111.28942998000963, 30.773803384318796], [111.28940370541676, 30.77414082613825], [111.28941012297884, 30.77439004266637], [111.28941028395752, 30.774499724882446], [111.28941277597892, 30.77455410958453], [111.28942001821935, 30.77480992623714], [111.28942670737672, 30.774961509666014], [111.28945021835295, 30.775571467649172], [111.28945582832387, 30.775639092170422], [111.28946018284125, 30.77566338375823], [111.2894640975901, 30.775675737745132], [111.28947499017869, 30.77569058015621], [111.28953313404696, 30.775723980077657], [111.28964081437215, 30.7757674901776], [111.28964622019697, 30.775770456141686], [111.28965315396994, 30.77577610478346], [111.28965128158143, 30.775815822442325], [111.28964361036441, 30.775879216552653], [111.28964501240745, 30.77590659911033], [111.28964820140345, 30.775935468247326], [111.28971673064268, 30.776170329796912], [111.2901167499881, 30.776210730041214], [111.29038917442091, 30.776682478413704], [111.29039027878838, 30.777050684241715], [111.29039075363045, 30.777209045860843], [111.29041528084059, 30.777233537997404], [111.29043384824354, 30.7772507681085], [111.2904509461543, 30.777264444098876], [111.29046717711861, 30.77727460733729], [111.29049178796572, 30.77728595318422], [111.29054827168545, 30.777307518027612], [111.29074149102706, 30.777375956435264], [111.29077193397762, 30.777388289737814], [111.29084621797864, 30.777427402152966], [111.29101755861348, 30.777520715808464], [111.29104410660028, 30.77753008674415], [111.29118910879038, 30.77759513740574], [111.29123058732182, 30.77760993395134], [111.29127664969769, 30.777625125299323], [111.29133331418114, 30.777642123385363], [111.29135518389467, 30.777647352043687], [111.2913660243226, 30.777649160580324], [111.29137619475563, 30.777649882735943], [111.29167958644382, 30.77772080686981], [111.29171021465476, 30.777731647297742], [111.29174694026915, 30.777740484036144], [111.29179669616065, 30.77775029743833], [111.29185118428478, 30.777759462429287], [111.29195658392928, 30.777775473059705], [111.29204489285758, 30.777786846785602], [111.29209554357453, 30.777790946794823], [111.29212957032348, 30.777790176075825], [111.29215209024682, 30.77778549690322], [111.29217281782132, 30.77777803882549], [111.29221395730832, 30.777758673723838], [111.29225574430723, 30.777737295040197], [111.29227891623907, 30.777726895280068], [111.29233823462187, 30.777704265639386], [111.29250392211839, 30.777644131571492], [111.29253108164414, 30.777633267761132], [111.29254620824099, 30.777626101063788], [111.29258756266597, 30.77760362071058], [111.29263141540758, 30.777578078165845], [111.29265514222112, 30.77756289131446], [111.29272994603025, 30.77750620344858], [111.29277435185492, 30.777475773088497], [111.2927968942613, 30.777461633048006], [111.29282663574071, 30.77744297661212], [111.29286526611918, 30.777421729229445], [111.29298258268011, 30.777362988211394], [111.29301819043718, 30.777342177899243], [111.29307761943664, 30.7773054792645], [111.29330096336884, 30.77717979001534], [111.29339253233957, 30.77713520702423], [111.2934710962142, 30.77709369341926], [111.29351612706768, 30.777072557552515], [111.29405731299465, 30.776830737048954], [111.29428248255061, 30.776752237925507], [111.2944408603575, 30.776714945738206], [111.29449780992604, 30.776705305905182], [111.29463236379263, 30.776685072058456], [111.29471370567302, 30.77667809421871], [111.29477281001721, 30.776666395837537], [111.29479873117657, 30.776664456899198], [111.29485099707591, 30.776657694896755], [111.2948896643266, 30.776650247610917], [111.29494158938292, 30.776637265897136], [111.2949783689566, 30.776626238410245], [111.29509435362161, 30.776583486438824], [111.29517766681596, 30.77655628374555], [111.29519710566194, 30.776551582089894], [111.29532596681997, 30.7765308239384], [111.29544566478569, 30.776512938221572], [111.29549066326354, 30.77651889982741], [111.29549442962428, 30.77652006984539], [111.29549905843487, 30.776519558131156], [111.29551863937377, 30.77650872309914], [111.29552820276439, 30.7764981272868], [111.29560191389726, 30.77643391029676], [111.29565074888302, 30.776383305445222], [111.29570449416713, 30.77633194426386], [111.2957221478589, 30.77631838338675], [111.2957290744373, 30.77631410621109], [111.29574770659144, 30.776306197573035], [111.29584299875546, 30.776271177972546], [111.29589581683854, 30.776250168010904], [111.29591330235706, 30.77624126742063], [111.29598571936549, 30.776194901973213], [111.2960420780795, 30.776160100008667], [111.29618527443091, 30.776094171608804], [111.29644850419515, 30.775970261218617], [111.29647063021548, 30.775958713024238], [111.296567953948, 30.775900270581076], [111.29666455372626, 30.775837658880903], [111.29673208471797, 30.775791156736545], [111.29681355070488, 30.775731494812703], [111.29682857657758, 30.77572314370815], [111.29727242618156, 30.775510381199183], [111.29736999183172, 30.77546512821317], [111.29745379335793, 30.77541839044642], [111.29751501290758, 30.77538644113139], [111.2975217200514, 30.775370318085777], [111.29751874059747, 30.775357650235435], [111.29752252674325, 30.775346739660336], [111.29753674862212, 30.775337964075845], [111.29755286627181, 30.775332773189007], [111.2976266277667, 30.775292890054857], [111.29775036998365, 30.77522108188748], [111.29797387399515, 30.775089611796204], [111.29815940233459, 30.774982678807646], [111.2984579898444, 30.774832143988306], [111.29851617418217, 30.77480446015778], [111.29870631424507, 30.77474020359756], [111.29878627476683, 30.77471343707549], [111.29887739317724, 30.774677590998067], [111.2988807179708, 30.774676281585187], [111.29888744489972, 30.77467363667904], [111.29888913742383, 30.7746727337597], [111.29927364975919, 30.77446738076509], [111.29941673729263, 30.77441348979079], [111.2994175268974, 30.774406147725585], [111.29942438602666, 30.77438588959717], [111.29943014618436, 30.7743772498103], [111.2994379442058, 30.774374076102788], [111.29953324086642, 30.774359336214445], [111.29963968192584, 30.77433169735002], [111.2996642568001, 30.774315190293862], [111.2997292948711, 30.77427468213091], [111.29982243405817, 30.774225552167536], [111.29989177538516, 30.77417938277233], [111.29992607732669, 30.774180752439804], [111.29994626171066, 30.774187943418895], [111.29997197063, 30.774199467331584], [111.29998704506613, 30.77420080732145], [111.30005319919587, 30.774191411204697], [111.30014207829436, 30.774168150239973], [111.30030239683822, 30.77413466668156], [111.30038419197695, 30.774104233623518], [111.3004372942458, 30.774081006833057], [111.30052400058224, 30.774033104444243], [111.30061003602441, 30.773979807921876], [111.30065733856537, 30.7739546862598], [111.30072155105881, 30.77391185784603], [111.30075342573008, 30.77389494879293], [111.30077262895372, 30.773891079010127], [111.30082695969651, 30.773881226037815], [111.30092610005954, 30.773841449023678], [111.30099567341165, 30.773808241557163], [111.30103941373801, 30.77381530123523], [111.30108004690669, 30.773824362804135], [111.30116779555738, 30.773797754562793], [111.3013884172417, 30.77367297093093], [111.30149156768175, 30.77362517736009], [111.3015337701674, 30.77359938300515], [111.3016104652508, 30.773561794940917], [111.30160964596843, 30.77356167623043], [111.30152190541168, 30.773539659028074], [111.30149310911975, 30.773532432975458], [111.30145864979693, 30.773523785993973], [111.30149319005875, 30.773532370022906], [111.30152203941066, 30.773539539418266], [111.3016131776061, 30.773562188843982], [111.30167411836595, 30.773532323258166], [111.30167922921311, 30.77352981504896], [111.30188257761893, 30.77342340276789], [111.30199217799668, 30.773344131126805], [111.3020397953004, 30.7733096906897], [111.30211042175864, 30.773267695048162], [111.30233369194639, 30.773084122734133], [111.302367346376, 30.773052933346264], [111.30238178589076, 30.77303668529487], [111.3024553000721, 30.77294125373595], [111.30297378980862, 30.77242607890048], [111.30299997626793, 30.772404910658167], [111.3031011113273, 30.77223686783725], [111.30310903165656, 30.77220579356259], [111.30311004789047, 30.772187504050123], [111.30311140676605, 30.772181117064974], [111.30311646275459, 30.772170989799406], [111.30315474869275, 30.77212338328758], [111.30315485301412, 30.772123252885876], [111.30315454724462, 30.77212298039126], [111.30318660088096, 30.772085987678224], [111.30323095274633, 30.77203951521153], [111.30338875318847, 30.77186115716671], [111.30352988739446, 30.77170627592392], [111.30358549157722, 30.771648016942493], [111.30361720796782, 30.771611976611496], [111.3037289172558, 30.771494667245122], [111.30380726978973, 30.77141024698534], [111.30390827534671, 30.771316909947473], [111.30419596577127, 30.771048345404893], [111.30437419341433, 30.7708933292638], [111.30443508561075, 30.770835598184362], [111.30446740994307, 30.770828264213094], [111.30449458565664, 30.770827639184233], [111.3045366289623, 30.770825307242205], [111.30454889211774, 30.77081578791831], [111.30457601926793, 30.770799531773037], [111.30466896060409, 30.77072416678692], [111.30468962162877, 30.770706685764992], [111.30471615522646, 30.770684242284005], [111.30490916142872, 30.770538840794927], [111.30501791284644, 30.77045691165722], [111.30515615033613, 30.77034487141873], [111.30524829217501, 30.77027508222932], [111.30530172539437, 30.770231566733457], [111.30533071324186, 30.77020795683177], [111.30544603510651, 30.77012063715773], [111.30551261821284, 30.770077627080866], [111.30555473256493, 30.770046941313353], [111.30561133769316, 30.77001362682745], [111.30561939561869, 30.770009258820266], [111.30567694323639, 30.769978071231037], [111.30568274566224, 30.76997492630187], [111.30582253178449, 30.76990577203378], [111.30603719725889, 30.76981397013867], [111.30615580344761, 30.769761988425103], [111.30649688122617, 30.769616175046508], [111.3065854662463, 30.769568759190918], [111.30661324360636, 30.76955388980025], [111.30665932306937, 30.76952922319515], [111.3068579482358, 30.769428160980908], [111.3069419242305, 30.769368589888586], [111.30704407102712, 30.769309312874555], [111.30713943513689, 30.769241869117025], [111.30721776698641, 30.769182470694545], [111.30730090571228, 30.769108951117232], [111.30740534038421, 30.76899629933979], [111.30747991396692, 30.768908262006732], [111.30755104044823, 30.768790616293984], [111.30761527182739, 30.768522211830657], [111.30763453260766, 30.768403700070735], [111.30765446877876, 30.768408006024686], [111.30771217377787, 30.768421065979453], [111.30773987379621, 30.768493215889237], [111.30779373599216, 30.76863351012844], [111.30780594159097, 30.768648920011685], [111.3078299687781, 30.768674762930004], [111.30784092072196, 30.768684037638252], [111.30787824168755, 30.768708083711147], [111.30789583692342, 30.768716654250227], [111.30792667287773, 30.768728016284967], [111.30794871436171, 30.768734712636956], [111.30796194788564, 30.76873788904237], [111.30800832232626, 30.768744794936367], [111.3080105373565, 30.768744431610287], [111.30801273889682, 30.76874521491976], [111.30802378616886, 30.768746458682187], [111.30802821443064, 30.76874611514114], [111.30803704667244, 30.768747340917116], [111.30803926440058, 30.76874697579234], [111.3080436791725, 30.76874777888696], [111.30806843481048, 30.768749525370367], [111.3082566611161, 30.76876990670587], [111.30825752356594, 30.76877182765776], [111.308248833417, 30.76883297076506], [111.30824745655491, 30.76883716880036], [111.30824787743768, 30.76883908525565], [111.30824641424067, 30.768850550712386], [111.30823923315415, 30.76889640444557], [111.3082414266006, 30.768897952178804], [111.30828208315165, 30.76890175091512], [111.30847207032986, 30.768922534247622], [111.30853835576056, 30.768928849287022], [111.30854058068331, 30.768927719738542], [111.30855839895099, 30.768806197048434], [111.30855974793405, 30.76880429588158], [111.30857609670954, 30.768805966821958], [111.30864543623795, 30.768810778194904], [111.30883818613347, 30.76882891482262], [111.30888573598799, 30.7688339231471], [111.30889632010917, 30.768835292814572], [111.3089022907082, 30.76883606713085], [111.30892952487773, 30.768841108730214], [111.3089797403228, 30.768851242291078], [111.30909155033481, 30.768874862085283], [111.30913418989104, 30.768884831969444], [111.30914330811726, 30.76888724934713], [111.30916895138608, 30.76889520744794], [111.30917480867055, 30.76889658790725], [111.30920051489193, 30.76890608025144], [111.30929980004578, 30.768944448927243], [111.30932231727121, 30.76895255091955], [111.30932865479366, 30.76895570574129], [111.30953464630693, 30.76903549179457], [111.30965415991159, 30.769082220568066], [111.30971481468703, 30.769105936589767], [111.31009189772294, 30.769253374143943], [111.31021991441759, 30.76930310215647], [111.31037300870747, 30.769362028434898], [111.31038339587707, 30.769365662595305], [111.31069952196543, 30.769482696769103], [111.31077284818844, 30.769509842805064], [111.3103193236779, 30.77069306643193], [111.30991322761344, 30.77059356544072], [111.30986564268534, 30.77058300829924], [111.30977623028883, 30.770569826936025], [111.30974838278172, 30.770564327581724], [111.30967804770381, 30.770553455677486], [111.30956610189412, 30.7705338459603], [111.30930567891403, 30.770484688117904], [111.30912724082958, 30.770456445808406], [111.30904153094195, 30.770440126710525], [111.30888863810026, 30.77040972243077], [111.30883307618558, 30.770398187726244], [111.30876903636198, 30.77038362860162], [111.30869554736171, 30.770370308742827], [111.30865037531464, 30.770360393717226], [111.30860659002218, 30.770354929436508], [111.30852462311293, 30.770337871095933], [111.30848829859616, 30.77033122330738], [111.30841301005245, 30.770319473664813], [111.30836209223685, 30.770313301617648], [111.30832001925353, 30.770307073812432], [111.30787833521708, 30.77022084861335], [111.30781188970701, 30.770208662799575], [111.30774104831079, 30.7701999465703], [111.30767909761232, 30.770197289972998], [111.30764415625288, 30.7701975148035], [111.30759995637294, 30.770202388229677], [111.30753855965685, 30.770214252086134], [111.30749219600813, 30.770224872180165], [111.30745687603405, 30.770233893279624], [111.30742377558681, 30.770244043028242], [111.30733116160388, 30.770280954802274], [111.30723551870426, 30.77032667273778], [111.30719584241427, 30.770344512589247], [111.30714292720438, 30.770366638609516], [111.30699386187729, 30.770426457015446], [111.30670725783375, 30.77054945009712], [111.30665212669436, 30.770571204697376], [111.30659921238379, 30.770593710231594], [111.30654984499938, 30.770617338119735], [111.30649269218407, 30.770664326797316], [111.30636037403212, 30.770775615202524], [111.30635906461919, 30.770777915668305], [111.30635597275, 30.770778700776475], [111.30632036229497, 30.770807970111775], [111.30625663543543, 30.7708637883332], [111.30612213372956, 30.770979282867643], [111.30603639416432, 30.77104937243064], [111.30587662870352, 30.77117521366523], [111.30583669610672, 30.771208776364006], [111.30583536061346, 30.77121068382604], [111.30583181458661, 30.771212970802026], [111.3057665741681, 30.771272093132666], [111.30573329565516, 30.77129993074726], [111.30564146767966, 30.771371989825525], [111.3055500722781, 30.771446724386863], [111.30550969631548, 30.771481043415463], [111.30548974035929, 30.77149475987534], [111.30542720060487, 30.771540879807787], [111.30529584023088, 30.77166024412503], [111.30525595170087, 30.771692257291875], [111.30512064060514, 30.7717963727045], [111.30507268965295, 30.771836861082306], [111.30502944755102, 30.771868473151585], [111.30499893355397, 30.77189416678243], [111.30494191923424, 30.7719474138421], [111.304547222976, 30.772269874754954], [111.30451409464979, 30.772297894931967], [111.30447620801067, 30.772332106041915], [111.30446098518638, 30.77234686391671], [111.30443975219288, 30.772372043135306], [111.30442427306184, 30.772397144112972], [111.30437326711262, 30.772464848673906], [111.30429299722408, 30.77255400386423], [111.30422650944593, 30.772621910772614], [111.30420660475107, 30.772647069306856], [111.30420446076732, 30.772650927398445], [111.30417162382145, 30.77269540426954], [111.30414991508655, 30.772718669730864], [111.30410530691444, 30.772772877266505], [111.3040137082661, 30.77289663387262], [111.30395650239075, 30.772964021872156], [111.3039183360624, 30.773007415959512], [111.30388637955281, 30.773051491732986], [111.30384718170211, 30.773111363198893], [111.30380468423886, 30.77318467683142], [111.303798694754, 30.77319624211293], [111.30378665013387, 30.77321554785931], [111.30377692036865, 30.773240565199956], [111.30375972173385, 30.773259950986017], [111.3037708976089, 30.77327510366314], [111.30376872214885, 30.77330193583572], [111.30376855307634, 30.773317253988125], [111.30376954322992, 30.773347873205807], [111.30377417114113, 30.77335929729378], [111.30378142057617, 30.773368775248855], [111.30378953515896, 30.77337709217909], [111.3038097357308, 30.773393289868466], [111.30381868488445, 30.77339891512787], [111.30382760885715, 30.773403008841854], [111.30384762686657, 30.773408872421555], [111.3038830934301, 30.773412616299254], [111.30390077590016, 30.773411618051796], [111.30392726543101, 30.77340820422529], [111.30394269420003, 30.77340493878694], [111.30394755863301, 30.77340487313643], [111.30395858432126, 30.77340281458828], [111.30397448433507, 30.773401072601473], [111.30401860687329, 30.773393982346477], [111.3040671073112, 30.773384151857158], [111.30410674403106, 30.773373672057346], [111.30417057701061, 30.77335521617033], [111.3042212538079, 30.77334344134681], [111.30433146212732, 30.773320158798356], [111.30448346733823, 30.7732833000843], [111.30459369364411, 30.77326116327214], [111.30465986755888, 30.773249946927535], [111.30469292573798, 30.773242615654226], [111.30484051078099, 30.773206193111378], [111.3048845451857, 30.77319411971291], [111.30497264906859, 30.77317188757263], [111.30500129427435, 30.773165379178977], [111.30510934422091, 30.773145180405777], [111.30521727905426, 30.773118466943743], [111.30527457036521, 30.773105450156436], [111.30530980490363, 30.77309617275023], [111.30535602286221, 30.773082536330037], [111.30540888411275, 30.773069193088816], [111.30545309028793, 30.773061752997535], [111.30548299994058, 30.773056717693407], [111.30552401442179, 30.773048895390275], [111.30562715676791, 30.773026456405887], [111.30567560774318, 30.77301393514506], [111.30575264906554, 30.772991840601037], [111.30580550312152, 30.772978113349325], [111.30588693493416, 30.77295404299474], [111.30595079309467, 30.772937103364654], [111.3060252488662, 30.77291886871086], [111.30604510319904, 30.772915541219277], [111.30605840507138, 30.77291557629286], [111.30616671582135, 30.772887075877918], [111.30629935682992, 30.772857386559167], [111.30647618872518, 30.772809632558562], [111.30654251282675, 30.772796508751924], [111.30663977810332, 30.77277261556378], [111.30677684287707, 30.77274291455393], [111.30688072896254, 30.772712503079617], [111.30692936519813, 30.77270170312113], [111.30699790163192, 30.77268934014097], [111.30715263718452, 30.77264773930176], [111.30723444221582, 30.77263305517141], [111.30738255336223, 30.77259720639603], [111.30742677662448, 30.772591007369158], [111.30744889814821, 30.772591735820015], [111.30748651499073, 30.772599329695367], [111.30751263490026, 30.772608090890742], [111.3075326178361, 30.772616027407764], [111.30756421911349, 30.77263087341612], [111.30758969241043, 30.77264433716647], [111.30761581771588, 30.772656543664596], [111.3076512339174, 30.772667589137995], [111.30766229827651, 30.772669868020046], [111.30779062163992, 30.77268573565823], [111.3079676001247, 30.772699227287546], [111.3079693708898, 30.772700373923158], [111.30797113805761, 30.7726996050028], [111.30802866409164, 30.772706785190053], [111.30807423184041, 30.772711330363677], [111.30812620905738, 30.77271520644166], [111.30816826315487, 30.772720247141763], [111.30822112620405, 30.77272101696144], [111.30823881856668, 30.772720221960753], [111.30826535036567, 30.77271481793457], [111.30827639134247, 30.772707525332066], [111.30828212811775, 30.772701006146576], [111.30829169780367, 30.77268700100433], [111.30829701189765, 30.772681549314086], [111.30830374871908, 30.772678714651022], [111.30831522137044, 30.772677827919495], [111.30832416422885, 30.772678863039175], [111.30833616298361, 30.77268180831885], [111.30833849582496, 30.772682813760923], [111.30835730784355, 30.772690925645747], [111.3083874000585, 30.772695854829863], [111.30839183011892, 30.772698143604487], [111.30848878063279, 30.772731297111704], [111.30854190178741, 30.77274729065499], [111.30863042925097, 30.772771650591267], [111.30865677668896, 30.772781970311712], [111.30865809869238, 30.77278248832124], [111.30881331987888, 30.772814819848122], [111.30884446340133, 30.77282222216786], [111.3088884492426, 30.772832678585303], [111.30893344232459, 30.772844785258712], [111.30902489618205, 30.772869391609163], [111.30917502270921, 30.772909782860268], [111.30925218993667, 30.772931415152755], [111.3093605483507, 30.772961788855525], [111.30937310108783, 30.772965307003346], [111.30940463131873, 30.772974146439765], [111.30943140413603, 30.772981401270727], [111.31005670005675, 30.773142179368108], [111.31023104622585, 30.773193170928153], [111.31057047734572, 30.773287374912456], [111.31074473088466, 30.773336840322997], [111.3108396642192, 30.77336378581009], [111.31089133027075, 30.773378453752684], [111.31094479586568, 30.773393628912913], [111.3110681010121, 30.7734269451974], [111.31116363419443, 30.77345275933743], [111.31124687544303, 30.773474049887568], [111.31134484398945, 30.773497643601445], [111.31140245815698, 30.77351501490608], [111.31147023376434, 30.773530428386607], [111.31149638065352, 30.77353835860839], [111.31158021185735, 30.773576676922175], [111.31167330517894, 30.773609979716866], [111.311757600433, 30.773652508656426], [111.31179925433219, 30.773665634261647], [111.31181876422465, 30.77367178022854], [111.31192518729762, 30.77371574898268], [111.31208707156117, 30.77378858417586], [111.31213673841978, 30.773809435856833], [111.31225554066071, 30.773852587127237], [111.31229144879137, 30.77386687555594], [111.31231627277782, 30.77387454137704], [111.31234509964668, 30.773887438554482], [111.31236507269, 30.773898841958044], [111.31236665729546, 30.773901524635733], [111.3124046617458, 30.773920280896277], [111.31246931940365, 30.773949713008903], [111.31253055424173, 30.773976063144858], [111.31260256295798, 30.774004256890976], [111.31276262519503, 30.774068590792865], [111.31286955458631, 30.77411015925651], [111.31305203782136, 30.774184487324305], [111.31328631930825, 30.774275474433637], [111.31344021129678, 30.77434304139831], [111.31347505822743, 30.774357399974065], [111.31354608488397, 30.774386664812766], [111.31361978792296, 30.77441545031286], [111.31372251298365, 30.774451672306895], [111.31375686708583, 30.774465282646702], [111.31376715173275, 30.774470479828835], [111.31377188936125, 30.774476301140453], [111.31377278598535, 30.774483715151405], [111.31377223110366, 30.774510260440195], [111.31377423029653, 30.7745219759085], [111.3137772421261, 30.77452795100419], [111.31378132504818, 30.774533506116484], [111.31379263312357, 30.774544011097305], [111.31380512290815, 30.77455306457233], [111.31382246363586, 30.774564044395163], [111.31385483293423, 30.774582958037115], [111.31388643061433, 30.77459965664889], [111.31392880397118, 30.774626900710928], [111.31397480429382, 30.77465489390829], [111.31401572614493, 30.774678226818764], [111.31403633141161, 30.774688684135526], [111.31404180468559, 30.774690723797903], [111.3140506081491, 30.77469212044508], [111.31405645194377, 30.774691740031813], [111.3140633794215, 30.77468998185725], [111.31407392487182, 30.7746848242453], [111.31410346220508, 30.7746663737542], [111.31411686120424, 30.774665485224034], [111.31413156871696, 30.7746678639308], [111.31415595923022, 30.77467636432283], [111.31421952241311, 30.77470186639806], [111.31429152573338, 30.774729312807608], [111.31436551925339, 30.774760244989352], [111.31441419236114, 30.774778961679772], [111.31447463759451, 30.774799888004452], [111.31453925927946, 30.774820684826807], [111.31458336832787, 30.774833743882198], [111.31460506357291, 30.774838478812796], [111.31461876204628, 30.774838610113818], [111.31462135209381, 30.774838384383997], [111.31463188315496, 30.774837468874125], [111.31463971984726, 30.77483560637819], [111.31465681236205, 30.77482915733981], [111.31468030804984, 30.774818323207114], [111.31477245708328, 30.774772295904768], [111.31479353269543, 30.774760447336803], [111.31481081136991, 30.774748730969236], [111.31483211540984, 30.774732262583882], [111.31484895431583, 30.774717727741006], [111.31487519563382, 30.774691767910838], [111.31488515742416, 30.77467954702354], [111.31489689537545, 30.774662917659555], [111.31490675464306, 30.774647738902104], [111.3149169547537, 30.77462979742728], [111.31493727133807, 30.774587676779902], [111.31494904166499, 30.774556056616746], [111.3149533368271, 30.774539953356225], [111.3149558873044, 30.774524289864132], [111.31495663733898, 30.77451272997854], [111.31495639362271, 30.77450092727605], [111.31495463994474, 30.774488904239604], [111.31495218389625, 30.774472078823408], [111.31494789233142, 30.77445434329337], [111.31493815087504, 30.774421303100723], [111.31492499469283, 30.774381123190324], [111.31491650239474, 30.774355175051312], [111.3149093788648, 30.774338406292486], [111.31490549469288, 30.77433175130932], [111.3148989404338, 30.774322473003792], [111.31489095355471, 30.77431330711346], [111.31488522667195, 30.774306728572697], [111.31487291225517, 30.774295044580697], [111.31485705630814, 30.77428000162081], [111.31482413212808, 30.7742512017316], [111.31480801178037, 30.774238605827065], [111.31478164275865, 30.774220793854624], [111.31476833638965, 30.77421057126088], [111.3147035456322, 30.774153794362178], [111.31451309080654, 30.773998870851244], [111.31443061937762, 30.77393041535646], [111.31439161757913, 30.773896635921062], [111.31424173386898, 30.77377890836999], [111.31409738368734, 30.773665527242315], [111.31408542630146, 30.773652790144183], [111.3140281952451, 30.773506301374766], [111.31401233480148, 30.77345150028657], [111.31400700901634, 30.77344054564469], [111.31399984411757, 30.773434256685675], [111.31398421569907, 30.77342692721095], [111.31393260000954, 30.773405821921187], [111.31392541082909, 30.77340083158316], [111.31388576241807, 30.77336928426513], [111.31385176174945, 30.773359621049735], [111.3138402261456, 30.773353543431313], [111.31383133904512, 30.77334668700007], [111.31379562696668, 30.773287484629748], [111.31372696732575, 30.77319051612949], [111.31370380528642, 30.773161895205362], [111.3136971386121, 30.773156178215118], [111.31368515784379, 30.77315010329471], [111.31366744659545, 30.773147114847518], [111.31360328176612, 30.773145088674937], [111.31358113775934, 30.773140969780002], [111.31355895777972, 30.773130341592037], [111.3135282873007, 30.773103667700184], [111.31351496474389, 30.77307424997673], [111.31350534289732, 30.773066827871844], [111.31348938622625, 30.773058455183616], [111.31345804215499, 30.77305150162556], [111.3134145005788, 30.773049307279734], [111.31337993783393, 30.773050130159447], [111.31335446903358, 30.773047233443094], [111.31333843412148, 30.773037541449412], [111.31329089326016, 30.772993311891867], [111.31324441359885, 30.772955749907965], [111.313208046814, 30.772928542718148], [111.31306703491578, 30.772814131866767], [111.3130162124283, 30.772774017606878], [111.31295202331728, 30.772720839795], [111.31286519557239, 30.772652576755092], [111.31281543968083, 30.772609553188374], [111.31258499020521, 30.772425397214363], [111.31252014279039, 30.772370347913295], [111.31250382728985, 30.772352350680478], [111.31250420320646, 30.772347077055997], [111.31252276071689, 30.77232510841708], [111.31257396091962, 30.772286151584694], [111.31258069414378, 30.772277812171353], [111.31258635177875, 30.772265402426456], [111.31258566829399, 30.77224986034281], [111.3125742702864, 30.772231286644626], [111.31250836167163, 30.772179430836104], [111.31239944298, 30.77209373263969], [111.31237029505314, 30.77206691665492], [111.31236272006356, 30.77205589366463], [111.31236188369405, 30.77205323167135], [111.3123626049503, 30.77204892391876], [111.31236693878327, 30.772041335439326], [111.31237030134838, 30.772023855316718], [111.31236272276152, 30.772008919376162], [111.31235647786923, 30.772001622277116], [111.31232072262333, 30.771973600301465], [111.31231782590697, 30.77196864773498], [111.31231335088052, 30.771967377892224], [111.31220908258314, 30.77187802575031], [111.31217720161663, 30.771854221595106], [111.31215782932043, 30.77184302593497], [111.31213908385172, 30.771837093107422], [111.31212285108876, 30.771837722632824], [111.3121127040381, 30.77184363927256], [111.31206617581341, 30.771887030662015], [111.31201317966458, 30.771933915917543], [111.3119976267891, 30.771948623430262], [111.31199112199272, 30.771953465380193], [111.31198661369132, 30.77195544029138], [111.31197752334407, 30.77195570469206], [111.311972086043, 30.771954733424252], [111.31196099830152, 30.77195018465335], [111.311952113899, 30.77194409804173], [111.31186768914262, 30.771879756045962], [111.31178768005748, 30.771813862719625], [111.31178678343338, 30.771811570347722], [111.3117845666045, 30.771811197129068], [111.31166414018799, 30.771717913151235], [111.31163524497066, 30.771693535228508], [111.31157731514105, 30.77164969417811], [111.31157565409325, 30.771648436925886], [111.31148407073334, 30.77157650105471], [111.3114805292031, 30.771573063845892], [111.3114761018407, 30.771570393758736], [111.31126795735042, 30.771407574200225], [111.31126491494393, 30.77140492299884], [111.31123081804787, 30.77137520310322], [111.31114283197616, 30.771302554069678], [111.31080446835159, 30.771029108906305], [111.31079116378123, 30.771017569705123], [111.31040402002958, 30.770724629937774], [111.31087594556851, 30.76954399366042], [111.3111614416473, 30.769655604922264], [111.31127399270065, 30.76969867975032], [111.31169434391887, 30.76987048083805], [111.31194628719146, 30.769974819282538], [111.31203249530347, 30.770021747705528], [111.31211595868461, 30.77006916176248], [111.31222095003687, 30.77013608481252], [111.31234562485076, 30.770226833601555], [111.31242165533519, 30.77028425801217], [111.31245662996957, 30.770312883432894], [111.31279008959103, 30.770568254921102], [111.31279351420937, 30.77057087734414], [111.31283005995937, 30.770599886775415], [111.31287718263593, 30.770637293176605], [111.31294402744498, 30.770688821631836], [111.31321848524493, 30.770904881954777], [111.31333729288184, 30.770996995914686], [111.31344547682738, 30.77108087298393], [111.31366340414286, 30.771249834912], [111.31365018410878, 30.77126309001966], [111.3136536527939, 30.7712658383478], [111.31365666102613, 30.771268220651905], [111.31366013240927, 30.771270970778744], [111.31366311995708, 30.771273338693675], [111.31366588537236, 30.771275527643525], [111.3136718739579, 30.77128027336596], [111.31367099172297, 30.77128294974841], [111.31370064776672, 30.771306240390743], [111.31370374413257, 30.771304707945944], [111.31370698618855, 30.77130729079886], [111.31371044408178, 30.771310042724338], [111.31371387319678, 30.771312773066086], [111.31371732929136, 30.771315525890884], [111.31372406881081, 30.77130892936367], [111.31407162440598, 30.771583496880908], [111.31428450292753, 30.77173312158635], [111.31429795768469, 30.771744214723753], [111.31434504798563, 30.771783037557213], [111.31446553195877, 30.771882371274444], [111.3145421739822, 30.771945557641402], [111.31466751339508, 30.772041072837283], [111.31495464174338, 30.77226963463596], [111.31504290480626, 30.772335322017568], [111.3150337353187, 30.772352000844194], [111.31505353119559, 30.772368750717305], [111.31505718424171, 30.772378044311324], [111.31509189717337, 30.77240218211506], [111.31511609882898, 30.772417119854254], [111.31512982967797, 30.772404469091043], [111.31529743093176, 30.772537592136246], [111.31547783133692, 30.772686569329778], [111.31564579771543, 30.77283137187038], [111.31567862566811, 30.772859672635832], [111.31574811358462, 30.772922130551933], [111.31656074008617, 30.773671833288518], [111.31666820907066, 30.77376786199727], [111.31666838983438, 30.77376777656167], [111.31676112072921, 30.773870542091913], [111.31681159427973, 30.77391434627009], [111.31686383859534, 30.773945314424793], [111.31749346115436, 30.774520696173226], [111.31760769573862, 30.77462862920794], [111.31769396500454, 30.77470804923712], [111.31776051843326, 30.77477224194547], [111.31782511223918, 30.77482755294926], [111.31781179867562, 30.77484092406945], [111.31784029459396, 30.77486157700025], [111.31783829989769, 30.77486356180401], [111.31787140304289, 30.77489484382204], [111.3178744013826, 30.774893002010458], [111.31789565506051, 30.774918395267775], [111.31790900999289, 30.77490763398015], [111.31850044284124, 30.775449587028845], [111.31891938841909, 30.77582873760622], [111.31907813494803, 30.77597992713197], [111.31917852626805, 30.77607853599568], [111.31918044721994, 30.77623333989675], [111.31678766332004, 30.777823575997274], [111.31675366984604, 30.777833813879454], [111.31678345629155, 30.77785959564386], [111.3168545126257, 30.777921101177924], [111.31801825064184, 30.77714264531687], [111.31815357792533, 30.777052121358338], [111.31932500244699, 30.776268523173883], [111.31932508788253, 30.776268749803023], [111.31948444774912, 30.77657903299604], [111.31977247002351, 30.77704500862029], [111.31977478757642, 30.77704992161665], [111.31987366443815, 30.777259620135396], [111.32007851021513, 30.777719122439578], [111.32019847797744, 30.778004468331574], [111.32025349580226, 30.77815336008956], [111.32034383270178, 30.778402190808492], [111.32077853440188, 30.779720517787723], [111.32093725395117, 30.780182074143454], [111.32096296107187, 30.780270666358206], [111.32100766007551, 30.78043411724076], [111.32099202895904, 30.780645430941945], [111.32095359463273, 30.780974855305374], [111.3208124856078, 30.781047398218902], [111.32071884999499, 30.781075332960313], [111.32071946782924, 30.781088972977784], [111.32072019358213, 30.781102609397976], [111.32072102275703, 30.781116242220833], [111.32072195355539, 30.781129871446467], [111.32072298597706, 30.781143491678847], [111.32072411912287, 30.781157109213268], [111.32072535299272, 30.78117071865381], [111.32072631077068, 30.781180500579694], [111.3207266866873, 30.78118432089974], [111.32072812380392, 30.78119791595111], [111.32072966074531, 30.781211502009285], [111.32073130020939, 30.781225079973524], [111.32073304039756, 30.781238647145926], [111.3207348786118, 30.781252207123714], [111.32073682114742, 30.781265752712386], [111.32073886170917, 30.781279291106443], [111.32074100389428, 30.781292815111385], [111.32074324680343, 30.781306329223753], [111.32074559223537, 30.781319829846325], [111.32074803569333, 30.781333316979044], [111.32075057897612, 30.781346789722647], [111.32075322298289, 30.78136024897634], [111.32075596681449, 30.7813736929416], [111.32075881226945, 30.781387121618422], [111.32076175575048, 30.781400534107433], [111.32076479905629, 30.781413930408632], [111.32076794218682, 30.78142730782406], [111.32077118514212, 30.781440669051676], [111.32077453511675, 30.781454011393578], [111.32078045265581, 30.781475778584365], [111.32078650689186, 30.781497519694824], [111.3207917562346, 30.781515945904232], [111.32079268973092, 30.781519233825634], [111.3207989993744, 30.781540920077475], [111.32080543492293, 30.78156257934961], [111.3208120089671, 30.7815842071455], [111.32081524023124, 30.781589925035064], [111.32081856772277, 30.781595600656487], [111.32082003002046, 30.781598018933494], [111.32082198784451, 30.781601237607106], [111.3208254996971, 30.781606832289526], [111.32082909968324, 30.781612382905223], [111.32083278870232, 30.781617892152042], [111.3208365658549, 30.781623353734858], [111.32084043114105, 30.781628773049476], [111.32084438096348, 30.781634142901453], [111.32084841891947, 30.781639465089313], [111.32085254231106, 30.781644741411753], [111.32085675473553, 30.78164996017756], [111.3208618907637, 30.781656464074615], [111.3208622711769, 30.78165692992343], [111.32086710503296, 30.78166292210625], [111.32087239124792, 30.781669336071047], [111.32087775120732, 30.781675704170482], [111.32088317861587, 30.78168202820308], [111.32088868696337, 30.781688300974338], [111.32089118797802, 30.78169140993066], [111.32089377802549, 30.781694463129043], [111.32089644631401, 30.78169746776399], [111.32089919284351, 30.781700416640945], [111.3209020149161, 30.781703313357298], [111.32090491163245, 30.78170615341628], [111.32090788389178, 30.781708935918687], [111.32091092719759, 30.781711659965197], [111.32091366113661, 30.78171399460524], [111.32091404244915, 30.781714323757114], [111.32091722514986, 30.781716926395063], [111.32092047619909, 30.781719465181197], [111.32092379199946, 30.781721940115517], [111.3209271716517, 30.78172435029859], [111.32093061515582, 30.78172669393183], [111.32093411621656, 30.7817289692166], [111.32093767663252, 30.781731176152903], [111.32094129730308, 30.781733312042775], [111.32094497103367, 30.78173537688616], [111.32094869602554, 30.781737370683175], [111.3209524740775, 30.781739289836423], [111.3209563015921, 30.781741137043866], [111.32096017677083, 30.78174290601038], [111.32096409601627, 30.78174460123239], [111.32096806292583, 30.781746211018856], [111.32097555068117, 30.781746600425322], [111.32098281900198, 30.781746889107694], [111.32099020063731, 30.781747085159907], [111.32099759036657, 30.781747184085305], [111.32100841100942, 30.78174716969619], [111.32101277811728, 30.781747163400894], [111.3210279667673, 30.781747109441596], [111.32102972134464, 30.78174726232635], [111.32103131764126, 30.7817474152111], [111.32103465592468, 30.781747811812124], [111.32103797981898, 30.78174829834535], [111.32104128302888, 30.781748869414855], [111.32104456465498, 30.781749525020587], [111.32104782469742, 30.781750264263337], [111.32105105776014, 30.781751087142993], [111.32105425574935, 30.781752002652865], [111.32105893492195, 30.781753039571186], [111.32105960221895, 30.781753207744373], [111.32106357992035, 30.781754186206797], [111.32106818894584, 30.781755436264405], [111.32107275930048, 30.781756783448827], [111.32107728918561, 30.781758231357344], [111.321081772306, 30.781759783587177], [111.3210881476, 30.781763171333353], [111.32109446084075, 30.781766641817114], [111.32110071832358, 30.7817701896426], [111.32110691555175, 30.781773813011114], [111.32111305702205, 30.781777510124073], [111.32111913284177, 30.781781281880683], [111.32112514930628, 30.781785128281115], [111.32113110191887, 30.78178904572792], [111.32113698978031, 30.78179303781849], [111.32114034335223, 30.781795373357852], [111.32114281019261, 30.781797098257528], [111.32114856585372, 30.781801232440955], [111.3211542531663, 30.78180543317427], [111.32115987033183, 30.781809704054638], [111.32116542004815, 30.781814043283532], [111.32117089602008, 30.78181844816288], [111.32117629914694, 30.781822921390756], [111.32118163032806, 30.781827456671863], [111.32118688596609, 30.781832059402063], [111.32119206606109, 30.781836724185496], [111.32119716881436, 30.781841451921537], [111.32120219422592, 30.781846241710753], [111.32120714139654, 30.781851090855184], [111.32121200942674, 30.781856002052905], [111.32121679471936, 30.781860969008562], [111.32122150087162, 30.781865996218812], [111.32122612338696, 30.781871079187], [111.32123066316461, 30.78187621791318], [111.32123511840604, 30.781881412397297], [111.32123948821186, 30.78188665814281], [111.32124376988412, 30.78189195784762], [111.3212479670201, 30.781897308813825], [111.32125207602257, 30.78190271104131], [111.32125609689143, 30.781908163630874], [111.32126002692877, 30.781913662985232], [111.32126386883255, 30.781919210003593], [111.32126761900548, 30.781924803786694], [111.32127127474956, 30.781930440737312], [111.32127484236014, 30.781936123553294], [111.32127831464254, 30.781941848637473], [111.32128169429484, 30.781947616889056], [111.32128497682027, 30.78195342471082], [111.32128816581627, 30.781959271203448], [111.32129125858478, 30.781965154568297], [111.32129425782381, 30.781971076603952], [111.32129715723806, 30.78197703641115], [111.32129996042488, 30.78198302859397], [111.3213026646863, 30.781989054950998], [111.32130527002226, 30.781995112784273], [111.32130777643277, 30.78200120299317], [111.32131018481726, 30.78200732108104], [111.32131249067896, 30.78201346884657], [111.32131469671594, 30.78201964628971], [111.32131680292815, 30.78202584801454], [111.32131880661768, 30.78203207402106], [111.32132070778448, 30.78203832430927], [111.32132250912656, 30.782044597080528], [111.32132420524795, 30.782050892334837], [111.32132579974592, 30.782057205575654], [111.32132728992258, 30.782063540400145], [111.32132867667713, 30.78206988961375], [111.32132996180837, 30.782076256813866], [111.32133114081955, 30.782082640201736], [111.32133221820737, 30.7820890343815], [111.32133318677722, 30.78209544295038], [111.32133405282434, 30.78210186321047], [111.32133481365076, 30.78210829066512], [111.32133547015587, 30.782114728911665], [111.32133602323893, 30.782121175252087], [111.32133607719828, 30.782121958561618], [111.32133646840333, 30.782127625189787], [111.32133680924642, 30.782134081422782], [111.32133704396949, 30.78214054035368], [111.32133717437114, 30.782147001982594], [111.32133719685419, 30.782153466309467], [111.32133711681456, 30.78215992793838], [111.32133692885623, 30.782166387768655], [111.32133663657658, 30.782172844900913], [111.32133623907623, 30.78217929933527], [111.3213357363552, 30.78218574837365], [111.32133512841352, 30.782192190217472], [111.32133441435178, 30.78219862306804], [111.3213335950694, 30.782205046925412], [111.3213326642711, 30.782211459091627], [111.32134873425673, 30.78223610501226], [111.3213636549088, 30.7822587913102], [111.32136490406714, 30.78226069967161], [111.32138117010498, 30.782285250264124], [111.32139753686687, 30.78230974689734], [111.32140131671747, 30.782313836114724], [111.32140517480906, 30.782317871372697], [111.32140707507654, 30.78231980581444], [111.32140910034974, 30.78232185716803], [111.32141309333963, 30.782325795299244], [111.32141715377867, 30.78232967857184], [111.32142127806958, 30.78233351238174], [111.32142546980964, 30.782337291332965], [111.32142972360293, 30.782341017224212], [111.32143404034872, 30.782344688256785], [111.32143842544303, 30.782348299934142], [111.32144292924784, 30.782353698564407], [111.3214445840004, 30.782355693260683], [111.32145063104184, 30.782363155835014], [111.32145657466123, 30.782370679563257], [111.32146241485862, 30.782378264445413], [111.32146815073463, 30.782385907783464], [111.3214737696988, 30.782393614973387], [111.32148379174367, 30.782407285567842], [111.32149079296579, 30.782416963172352], [111.3214937148631, 30.782421009222276], [111.32150354894969, 30.782434782339408], [111.32151329040607, 30.7824486031206], [111.3215229392323, 30.78246247426381], [111.3215324990257, 30.782476390373176], [111.32154196439018, 30.782490354146603], [111.32155133622524, 30.782504361986753], [111.32156061632946, 30.78251842018898], [111.32156980380347, 30.782532519760025], [111.321578897748, 30.78254666609581], [111.32158789816305, 30.782560857397698], [111.32159680324992, 30.782575091867045], [111.32160561480731, 30.782589372201812], [111.3216143319359, 30.7826036939054], [111.3216229546357, 30.78261805967577], [111.32163148200738, 30.78263246681496], [111.32163991225224, 30.782646916222234], [111.32164824896756, 30.782661406099066], [111.32165647956293, 30.782675940042623], [111.32194889322687, 30.783161732228223], [111.32209182967426, 30.783403094077585], [111.32199822014178, 30.783402171373154], [111.32208836638506, 30.783716164269606], [111.32209017582102, 30.78370370865929], [111.32213026040324, 30.783699428785667], [111.32214491395666, 30.78378309811154], [111.32214947891538, 30.783949342288395], [111.32219108335187, 30.784081747674577], [111.32227990039712, 30.784329136780286], [111.32253323671955, 30.784933297733573], [111.3229103386413, 30.785767986403528], [111.32334063636137, 30.785745875671694], [111.32382090940752, 30.786893398011955], [111.32401745444201, 30.787285279392165], [111.32402897295879, 30.787303337778894], [111.32466277107011, 30.788296980721157], [111.32476592061079, 30.78845869501282], [111.32479088309282, 30.788493442118693], [111.32549929435703, 30.789479549641555], [111.32569333298102, 30.789640586743758], [111.32588491375782, 30.789799583284207], [111.32636308868564, 30.790020366846477], [111.32643228072521, 30.790052315262187], [111.32650048710786, 30.79007329824418], [111.32666246939749, 30.79012313327604], [111.32667599610039, 30.790127294439117], [111.32668534904968, 30.79013016957174], [111.32668614944629, 30.79013041598597], [111.32689179112333, 30.790193679694596], [111.32690745911202, 30.790198500060797], [111.32691973215998, 30.790202276314062], [111.3272309911174, 30.79029803072956], [111.32735949614391, 30.790128718965263], [111.32741555808161, 30.79005485404832], [111.32769882474105, 30.78947712866659], [111.32776547889381, 30.789341186246816], [111.3278147851243, 30.78934927744723], [111.32781746960057, 30.789349718115034], [111.32784279630806, 30.78935387388225], [111.32784365785858, 30.789354015075787], [111.32785846699471, 30.78935644594327], [111.32792456356782, 30.789578904043253], [111.32820360071565, 30.789470209282797], [111.32819275669044, 30.789432426065673], [111.32853247019739, 30.789464402360352], [111.32953316112656, 30.78998071663682], [111.3293933048572, 30.790123572145205], [111.32927360059625, 30.790245841272622], [111.32925895963336, 30.79026079609889], [111.3291718926688, 30.79034972915673], [111.32894731486675, 30.7905791174324], [111.32911517872259, 30.79079637835025], [111.32940603026412, 30.790872907958374], [111.32963312077197, 30.790932660713793], [111.33124320401072, 30.791356287262886], [111.33155060577587, 30.791437166891797], [111.3316604561652, 30.791466070203], [111.33168325667702, 30.79147206688242], [111.33168766155637, 30.791473225209245], [111.33222021579041, 30.79161333958399], [111.33222641931388, 30.791614970954186], [111.33222320333823, 30.791628866379142], [111.33221951971512, 30.79164477178881], [111.3322073833641, 30.791697186076306], [111.3322052951383, 30.791706197283247], [111.33220099008366, 30.791724800659097], [111.33214968825757, 30.791946336953913], [111.33214163932524, 30.79198109305304], [111.33206691195846, 30.792303769803198], [111.33200038730809, 30.792591027653827], [111.33171461873474, 30.79257543610754], [111.33170831718513, 30.79257238920445], [111.33152222587012, 30.793115989811156], [111.33150807323904, 30.793221034223393], [111.33159066157981, 30.793322010102713], [111.33178781905269, 30.793508910807645], [111.33160339957726, 30.794305229003157], [111.3315808427817, 30.794402620184826], [111.33156809669038, 30.794457662291336], [111.33152351459859, 30.79465015857801], [111.33152221777618, 30.794655759555724], [111.33147180717822, 30.79487343326241], [111.33138960734459, 30.795228364197726], [111.33131122423367, 30.795566806962597], [111.33125901858892, 30.79579221573823], [111.33137571371827, 30.796256174183156], [111.3315587554323, 30.796503716173618], [111.3315683538965, 30.79651669788734], [111.33158110628307, 30.79653394418625], [111.3315950907409, 30.796552857828203], [111.33160102626641, 30.796560885176746], [111.33161557459914, 30.79658055874586], [111.33171368343977, 30.796838530174057], [111.33234611638022, 30.79726386543507], [111.33261024186925, 30.797441497726993], [111.33262252930632, 30.79744976069793], [111.3326282184176, 30.797451862413595], [111.33297731275286, 30.797580784725483], [111.33309450071067, 30.7975241885905], [111.33342605556805, 30.797264823213084], [111.33387805392908, 30.796911233166952], [111.33391604578895, 30.796833438212673], [111.33393931844483, 30.796785785835425], [111.33410901332036, 30.796438307581866], [111.3341490241582, 30.796356382041438], [111.33418934256417, 30.796394345122962], [111.33423608123024, 30.796438354346606], [111.33441756621778, 30.79637084943522], [111.3350342978946, 30.796141444971738], [111.3352936335944, 30.796044980091835], [111.33574551684217, 30.79587689140544], [111.33613131430877, 30.795609586813043], [111.33635028303917, 30.79531395267685], [111.33630539607725, 30.794908525707967], [111.3361121029912, 30.794808120898097], [111.33584739833884, 30.79456489385484], [111.33672795603042, 30.793355201381473], [111.33728635767932, 30.79379870114917], [111.33745065842123, 30.79428569303036], [111.3374916396275, 30.794367394639607], [111.33802779294837, 30.79425117165431], [111.33839961584965, 30.794170570815254], [111.33859468060007, 30.79396353698769], [111.33853275328397, 30.793919386570508], [111.33854446605432, 30.79390957856424], [111.33865734805823, 30.793494304018964], [111.33866592399323, 30.793462754002974], [111.33865156092088, 30.793368624662378], [111.33868696093458, 30.79330243725775], [111.33882651593103, 30.79304150256337], [111.33886281706543, 30.79305958433241], [111.33900730484328, 30.792592330771527], [111.33904327142989, 30.792180869351682], [111.33910393070192, 30.791790611247734], [111.33910768806942, 30.79146852715087], [111.33901258386373, 30.79108543574432], [111.33901261803794, 30.79108545822737], [111.3390462499845, 30.790848036307864], [111.3392611259003, 30.79078984297695], [111.33931207789016, 30.79077604377943], [111.34002150089162, 30.790583909919576], [111.34035486518496, 30.790493625180716], [111.34073763193624, 30.790730627116773], [111.34075859603246, 30.79159245462813], [111.34102780898627, 30.792326410235717], [111.34104949164077, 30.792385523573103], [111.3418419382549, 30.79256454441827], [111.34225973809652, 30.792658924669695], [111.34252304340379, 30.792633532311697], [111.34282907100487, 30.792604021058764], [111.34334079694031, 30.792378344285225], [111.3435973834126, 30.792265187088788], [111.34362385585632, 30.792223863240736], [111.34396427623045, 30.791692490715945], [111.34400512343774, 30.79154365921255], [111.34403755209144, 30.79142550358415], [111.34406727558434, 30.79131719643152], [111.34413048983032, 30.791086869263665], [111.3443799185984, 30.79089718155973], [111.34471743236367, 30.790640512349796], [111.34472259087494, 30.790425160692678], [111.3447146876328, 30.79032566689608], [111.34481724541962, 30.790264485117973], [111.3448228293102, 30.79026115402911], [111.34534832476544, 30.789947669249614], [111.34576626669991, 30.789023791215016], [111.34552650384512, 30.788934334751787], [111.34545775427199, 30.78890868338908], [111.34535073494851, 30.78886875438957], [111.34529350029487, 30.78884739908824], [111.34510075039935, 30.788775482102892], [111.34510331256786, 30.788665801685454], [111.34511074276662, 30.78834827355405], [111.34511011593918, 30.78831657604917], [111.34510957005068, 30.788288944379303], [111.34510704835168, 30.788161347668108], [111.34510450956554, 30.78803283724568], [111.34510184307567, 30.787897796845925], [111.34509373928472, 30.787487659228134], [111.34535232225193, 30.78718674517222], [111.34540419784554, 30.787126378179835], [111.3455532910516, 30.786641989836028], [111.34581872235623, 30.786221954279824], [111.34584510486775, 30.78618020325382], [111.34732305701351, 30.786069315046916], [111.34753108009534, 30.786053706413497], [111.3475500144217, 30.78605228638395], [111.34896868056023, 30.78522437410561], [111.34932541103893, 30.785016189145836], [111.34938758926592, 30.784979902400607], [111.3494182579463, 30.785049349847668], [111.34942479062164, 30.78506414189667], [111.34942487965452, 30.785064396404834], [111.349436369393, 30.785097253135802], [111.35000795240512, 30.786731921141325], [111.35006300170625, 30.78688935106277], [111.35010662871798, 30.78690725836333], [111.35074806836872, 30.78717054028823], [111.35083779822588, 30.787207369324676], [111.35083825777946, 30.78720755728301], [111.35096849040355, 30.787261011186786], [111.3509836511746, 30.787267232696706], [111.3510822411526, 30.7873077003901], [111.3523175598076, 30.78717944087856], [111.35260968209121, 30.786790413946505], [111.35262812089115, 30.786582689439626], [111.35267411941516, 30.78606450817057], [111.3527013886582, 30.7857573240413], [111.35227641762265, 30.785666822565872], [111.35134560761378, 30.785288574907838], [111.35134395286121, 30.785287903114295], [111.35119697306192, 30.78508066424132], [111.35107661859115, 30.784910965768518], [111.35094278867882, 30.78472226641952], [111.35102462518637, 30.78459441789812], [111.35122544289993, 30.78428069210031], [111.35205909734952, 30.784292596426212], [111.3520654807374, 30.78395921234784], [111.35207473206327, 30.783476127121617], [111.35207553875517, 30.78343393542781], [111.35204066394556, 30.78341018613122], [111.35198418022577, 30.783371724825315], [111.35195767900376, 30.78335367992844], [111.35128020801523, 30.78289236279238], [111.35104414766931, 30.78273161707051], [111.35052681895758, 30.78237933913522], [111.34976717781308, 30.783210903560416], [111.34939202472225, 30.784347273408002], [111.34938252428412, 30.784350657556843], [111.3489900601432, 30.7844905093296], [111.34885949836723, 30.784542775228942], [111.34837093896772, 30.784304214767758], [111.34778259888787, 30.78401693443402], [111.34777695744071, 30.784011033982097], [111.34759948163082, 30.78382540401924], [111.34776267890459, 30.783675012192134], [111.34783100489705, 30.783612047058398], [111.3467055141482, 30.782535562166515], [111.34565459518348, 30.781501976734887], [111.34537473155865, 30.781355462784404], [111.34534080463447, 30.781214590281195], [111.34517296775834, 30.7808485608125], [111.34515037678852, 30.780799290554853], [111.34514665989047, 30.78079433529041], [111.34433063035436, 30.779706200580733], [111.34431952192847, 30.77969138874664], [111.345299755979, 30.779135955759784], [111.34558650571273, 30.778807321001125], [111.34571875731484, 30.778037677596785], [111.34572533675492, 30.778036416747284], [111.34577496044614, 30.777469733241674], [111.34550788877812, 30.776928017613955], [111.34564565592234, 30.776799457728828], [111.34589415119416, 30.776567569337885], [111.34543787655684, 30.77626571369177], [111.345216175686, 30.776222770164736], [111.34467561208987, 30.775882703224227], [111.34396702815587, 30.77559631681663], [111.34283597599955, 30.774901958358726], [111.34239955299705, 30.774168411942696], [111.34218107259846, 30.773935706068016], [111.34185478507032, 30.773745170303414], [111.34185843092189, 30.773728453705246], [111.3420177062522, 30.772998180821446], [111.34093110128936, 30.772640199385762], [111.34109568531767, 30.77202486255743], [111.34148567362502, 30.77212148931534], [111.34165047438995, 30.77159890676421], [111.34203759475923, 30.77155984021448], [111.34203699041484, 30.771594933559413], [111.34337868537807, 30.771461384235522], [111.34520769238117, 30.771434647391118], [111.34518695671272, 30.770548560667578], [111.34424643762304, 30.770451641630018], [111.3437273471394, 30.770462377736578], [111.34328716497077, 30.770537531382047], [111.3425858277738, 30.770659117024707], [111.34240125271572, 30.770656166349056], [111.34241782182505, 30.770629339572395], [111.34248329786595, 30.770637561174567], [111.34249613029226, 30.770636255358966], [111.34252941869778, 30.77063286671347], [111.34281312692434, 30.769913740926427], [111.34316954264034, 30.769010318871153], [111.34320411437841, 30.7689568658667], [111.34336744655047, 30.768704320947677], [111.34400827736016, 30.768547872186616], [111.3441185333437, 30.768520954578435], [111.34473562834665, 30.768696760347268], [111.34495993635204, 30.767931019101297], [111.34516133862496, 30.76712102941201], [111.3454539069723, 30.7659443951178], [111.34463994227957, 30.76568814679058], [111.34545119821428, 30.764581659615942], [111.34646237433918, 30.764167243923225], [111.34726113509339, 30.76426356491163], [111.34739214922837, 30.762804941894615], [111.34752265884367, 30.761351924351857], [111.34829648859215, 30.76140918868316], [111.3487063258363, 30.76143951831915], [111.3492948952433, 30.761483073385193], [111.34892431610439, 30.762225210125393], [111.34883357630855, 30.762835694211958], [111.34861650244972, 30.764276445901316], [111.34863898819879, 30.764304359958317], [111.34867797920543, 30.764477653920665], [111.34873595939706, 30.764735344760425], [111.34879806118164, 30.76501135389094], [111.3489959956687, 30.765177800415188], [111.34912883902479, 30.765711047127184], [111.34853598614689, 30.769116215840768], [111.34998321385427, 30.772447986385487], [111.35234916917886, 30.775161907396182], [111.35363868367835, 30.77599094832368], [111.35382587666294, 30.77611129559989], [111.3542952912947, 30.776228927822785], [111.35429570858014, 30.776229872110946], [111.35484493714421, 30.776584871394732], [111.35504084276073, 30.776711495938855], [111.3550850444393, 30.776709896944226], [111.35763582843077, 30.776617621106368], [111.3579966814018, 30.776587549575822], [111.3582563246697, 30.77696094898863], [111.36092110132785, 30.780793215634446], [111.36225502884656, 30.78013752532661], [111.3627527424452, 30.77981867699043], [111.36286396879717, 30.779757901705864], [111.36383682840699, 30.779226330430845], [111.36392052021591, 30.7791501236793], [111.36430150630952, 30.778803217394625], [111.36446456688634, 30.778654741123432], [111.36497370367357, 30.777921819736264], [111.36505828221402, 30.775308469909987], [111.36508014563225, 30.77463288929647], [111.36527671404917, 30.773481361375786], [111.36524749687453, 30.77311308180333], [111.3651100238086, 30.771380173656155], [111.36510044692812, 30.771259451362653], [111.36548772467881, 30.770891947905113], [111.36553593283708, 30.77084620209058], [111.36556585058361, 30.77084043024172], [111.36650719794886, 30.77065884722805], [111.36686235731202, 30.77059033597527], [111.367043698408, 30.770274051606236], [111.36707080487383, 30.770226774246282], [111.36707781239119, 30.7695862492061], [111.36690944581431, 30.769177892245978], [111.36678628815673, 30.768879174334472], [111.36696861131242, 30.767988180010548], [111.3669101913523, 30.7671299282037], [111.36660096216474, 30.766763743152296], [111.36656781495276, 30.766724487744966], [111.36574366813585, 30.766339789249912], [111.36567195709523, 30.766306315584075], [111.36517620311935, 30.765649751135186], [111.36505724889298, 30.765214353359795], [111.36505156517768, 30.765193548443563], [111.3650592723676, 30.765107425767155], [111.36506567464124, 30.765035905382774], [111.36511243219303, 30.764513500897408], [111.36521857737551, 30.763327582901695], [111.36522519368782, 30.763253653233562], [111.36524597522163, 30.763021478858207], [111.36570813682113, 30.762449253730153], [111.36580936540997, 30.762323919713197], [111.36611371487612, 30.761947083990776], [111.36564056895713, 30.76190244793969], [111.36589754303725, 30.761182918357065], [111.36603465187773, 30.76079901396338], [111.36603598377371, 30.760768588999213], [111.36609908380575, 30.75932783820923], [111.36555142006205, 30.759027159775655], [111.36517557179525, 30.75929562269488], [111.36377956587432, 30.759456700266583], [111.36307082365965, 30.759317100303974], [111.36283466978426, 30.75936719344128], [111.36282200373256, 30.759360860415427], [111.36223299725509, 30.758942594725], [111.36222105335901, 30.758941359056507], [111.36121769504064, 30.758837563802558], [111.36118202882761, 30.758833873884214], [111.36036449562505, 30.758749301639], [111.36014977259401, 30.75876348214905], [111.35936576431862, 30.75881525611925], [111.35935438879409, 30.758638633765997], [111.35934373992171, 30.758473294307123], [111.35930071095913, 30.757805179865215], [111.35929801299295, 30.757763289444313], [111.35929292103157, 30.757684228244614], [111.3592876770847, 30.757602801827886], [111.35924138718036, 30.757608148297436], [111.359235887826, 30.75755036415802], [111.35919441469053, 30.75711448974198], [111.35919805064958, 30.757074838632946], [111.35920214975948, 30.757030138729988], [111.35923771704705, 30.75664226922538], [111.35924863211875, 30.756523237657348], [111.35928890375999, 30.756084052836798], [111.35929157744442, 30.756054901312723], [111.35931945193124, 30.755750910676056], [111.35932406275538, 30.7557006241845], [111.35932583621843, 30.755681286062554], [111.35936866193424, 30.755214251036932], [111.3561280106992, 30.755172890316715], [111.35613099734769, 30.75529017989794], [111.35425378398503, 30.75514029798643], [111.35334753356187, 30.75581908738104], [111.35412472407683, 30.75673842114128], [111.3559219571327, 30.757023924414625], [111.35588881711527, 30.757387285594803], [111.35586086438747, 30.75769377634674], [111.3557952102808, 30.75841363598056], [111.355714640918, 30.759297030133894], [111.35474192519973, 30.75920240077022], [111.35413327123354, 30.760224489268808], [111.35393212976402, 30.76038155496485], [111.35362881901483, 30.761682857777714], [111.35358358221663, 30.76168043140683], [111.35257587387753, 30.76162636326609], [111.35199755404392, 30.75849911833967], [111.35198873439265, 30.758451423694282], [111.35182325374024, 30.75811616542876], [111.35064470658801, 30.75789532520912], [111.35054996031249, 30.75735851808122], [111.35107817082098, 30.75662955371098], [111.35081071873975, 30.756160899905638], [111.35055675379124, 30.75539094893321], [111.35058282873462, 30.75490701025035], [111.3506066877485, 30.75446421555114], [111.35115435239152, 30.754142061307107], [111.35187611319213, 30.753963742832525], [111.35187190616358, 30.753956593222256], [111.35223013311423, 30.753920040277706], [111.35294102290993, 30.752689943985786], [111.35300545393864, 30.75215301814734], [111.35302478306733, 30.75080587329245], [111.35231604085266, 30.750741442263802], [111.35202610212298, 30.75118171976061], [111.35142474525583, 30.751858245561607], [111.35065157291183, 30.752180401604278], [111.35062466969282, 30.752781230569383], [111.3506485179148, 30.752798608169257], [111.35049049534013, 30.7531146524193], [111.35014686258768, 30.75332942221513], [111.3494595979821, 30.75339385324378], [111.34886898081885, 30.753404592048355], [111.3479669464175, 30.753608623039554], [111.3476555291794, 30.753887823864034], [111.3474622360934, 30.754156286783257], [111.34744290696466, 30.75437589043503], [111.34757391660304, 30.754719522288156], [111.34778868729813, 30.754998723112635], [111.34814808426671, 30.755333616253438], [111.34822433058844, 30.755286625777217], [111.34907989522105, 30.756174778243462], [111.34929998540605, 30.756588119246373], [111.34934829788568, 30.757028301415005], [111.34930397030206, 30.758555144304523], [111.34907377533455, 30.7585599322951], [111.34815147561017, 30.75705534312965], [111.34808618123236, 30.75703049036491], [111.34775300219934, 30.756903673365912], [111.34720080497323, 30.75703879560399], [111.34722012241076, 30.756857687432387], [111.34723813763003, 30.75668878665823], [111.34724358212566, 30.756637743836848], [111.34710984574286, 30.75633262455102], [111.34698195315468, 30.756242823647426], [111.34686605392528, 30.756161445794135], [111.3466228097949, 30.756143004296234], [111.346533220232, 30.755818674592206], [111.3462455612837, 30.755743072185112], [111.34598143759331, 30.75606834527798], [111.3455386878602, 30.755897694423084], [111.34547120992846, 30.755573305363782], [111.34516171634021, 30.755574128243495], [111.34511682218368, 30.755383325380194], [111.34487323631089, 30.75537739884794], [111.34440934081846, 30.75536611055759], [111.34396781776064, 30.755539111340966], [111.34260709134423, 30.755062554293488], [111.34250695273374, 30.75502748343166], [111.34276939289322, 30.75422491404862], [111.34310753708326, 30.754022411904828], [111.34320859839818, 30.753961890229107], [111.34376208075548, 30.753630428901204], [111.34513096941879, 30.753149490356748], [111.34548337235981, 30.752785799125377], [111.34481699630737, 30.75189023444682], [111.3448814776981, 30.751374570380165], [111.34508727405853, 30.75124810321745], [111.34616081457, 30.75058838214818], [111.34611537542429, 30.750244841126573], [111.3458490870658, 30.749959166982023], [111.34545030338887, 30.749712027887824], [111.34533855003411, 30.74936866403266], [111.345669109342, 30.749081400786054], [111.34566761017214, 30.748661374223104], [111.34545134030719, 30.748308508131174], [111.34497833917908, 30.747536761212586], [111.34477722109193, 30.746926340078574], [111.34431125625952, 30.746431176957287], [111.34380035770039, 30.746334535810206], [111.34379997728718, 30.74633339187261], [111.34336574503317, 30.74503127607261], [111.34326444989449, 30.744727528252895], [111.34346851056334, 30.744187935025284], [111.34351786715592, 30.744224904355974], [111.3437307420802, 30.744178630639396], [111.343899323595, 30.744155376869287], [111.34424804920815, 30.744111013312704], [111.34438734519995, 30.74409328857439], [111.34460038380075, 30.744085236944102], [111.34484012507187, 30.74409242342665], [111.34498234475944, 30.744130371219796], [111.34518622556396, 30.744168241671105], [111.34547733071423, 30.744160190040816], [111.34567159506821, 30.744198142330504], [111.3459010471957, 30.744213109747307], [111.34600711773436, 30.744258828582247], [111.34637086472372, 30.744717019674795], [111.34653959642537, 30.74496907806048], [111.34670892257884, 30.745358754303254], [111.34681582319183, 30.745595615945035], [111.34686019664093, 30.745656720381533], [111.34697517496448, 30.74572538002235], [111.34706342183955, 30.74573291184447], [111.34744283681755, 30.745755361620695], [111.34753996899451, 30.745778172924474], [111.34776076065077, 30.7458390570269], [111.34792839787735, 30.74584648722572], [111.34817551988448, 30.745876754808478], [111.34858116179123, 30.745845649956834], [111.34886360197373, 30.745883517710354], [111.34891659092813, 30.74589874413192], [111.34921708769855, 30.74603599776316], [111.34934090186118, 30.746112308836132], [111.34947382165973, 30.74625742883734], [111.34969523115012, 30.746471266935487], [111.3498370911089, 30.746646973778866], [111.35002319141722, 30.74687443210945], [111.35020038933669, 30.747093335189447], [111.35027125501443, 30.747176347110894], [111.35035094124311, 30.74725933564997], [111.35036003159024, 30.74733487690321], [111.35033449803876, 30.747591822204868], [111.3503172112703, 30.747690082131612], [111.35020327885837, 30.747894331658244], [111.35021242676214, 30.7479849914144], [111.35017741705428, 30.748060633391503], [111.35000214907996, 30.748378443910212], [111.34983583835333, 30.748734105095025], [111.34980104538198, 30.748870259754824], [111.3496694979491, 30.749082294712252], [111.34966097597345, 30.749165474806887], [111.34963489563398, 30.749271389762953], [111.34963514024969, 30.749339427072982], [111.34973249455902, 30.74942983411961], [111.34987398039999, 30.749527641687507], [111.35005112975597, 30.749731118696275], [111.35013952771709, 30.749783716445393], [111.35020598401911, 30.74980379740731], [111.3502631539215, 30.749821070685982], [111.35044847002104, 30.749843092384936], [111.35059861183663, 30.749895450015117], [111.35068687400008, 30.749910245661454], [111.35082830588175, 30.74999283040495], [111.35083687642089, 30.75001940806925], [111.35085441410007, 30.750073789174223], [111.3509087916076, 30.750143670094474], [111.35097143568328, 30.750224174705977], [111.35108667391097, 30.750337872394937], [111.3510867854269, 30.75033798211234], [111.35117559437822, 30.750444260394488], [111.35129045219264, 30.7504439195514], [111.35130815444796, 30.75045147835317], [111.35137009615306, 30.750474125980247], [111.3515380949072, 30.75050406980705], [111.35167945574239, 30.750503655219575], [111.35176575558523, 30.750483819772512], [111.35184716401545, 30.75046510937733], [111.35197082439407, 30.750457134189503], [111.3521209293375, 30.750433859734983], [111.35227103158297, 30.750410585280406], [111.35239463170706, 30.750387388167553], [111.35254452171233, 30.75031084237156], [111.35268594909735, 30.75032564341376], [111.35271503137369, 30.75033901992998], [111.35280102364851, 30.750378573912144], [111.35285012843076, 30.75039075343068], [111.3529453477496, 30.750414369627492], [111.35301328433576, 30.750431220224698], [111.35309467388026, 30.75044499244251], [111.35314590376049, 30.750453660108406], [111.35319522438027, 30.750467203898495], [111.353353534738, 30.750510677126158], [111.35342009536112, 30.750528955846733], [111.35347632007614, 30.750550283269092], [111.35357936799358, 30.750589368704595], [111.3536193896233, 30.75058722202283], [111.35372953319154, 30.750581315275554], [111.35378607536728, 30.750606738210593], [111.35381647874755, 30.750620408804878], [111.353897694723, 30.750656925776696], [111.35398943906148, 30.75069610743958], [111.35412778536909, 30.7507551884014], [111.35427820867238, 30.750815630936643], [111.35441081820483, 30.750838074417686], [111.35454345381754, 30.750868127062517], [111.35464967184498, 30.75092109083579], [111.35470658274266, 30.750921555785283], [111.35477581705038, 30.75091930298362], [111.35498535908704, 30.75091248792114], [111.35508253802874, 30.75091220103735], [111.35519773039107, 30.751003198039314], [111.3552950613182, 30.75110403272498], [111.35536623186624, 30.751177763643057], [111.3554460197181, 30.751253642141933], [111.35547720640795, 30.751298099227938], [111.35549930544863, 30.75132960068055], [111.355568625192, 30.751455544437874], [111.35557040584973, 30.751458782896577], [111.35556192434342, 30.751542538557487], [111.35573701155391, 30.751610271896595], [111.35575744774815, 30.751618176937484], [111.355843644169, 30.75164635539511], [111.3558859455801, 30.751660184270236], [111.35598857531255, 30.751693735277684], [111.35614831019655, 30.751670518379797], [111.35664530973332, 30.751608434581783], [111.35717762294905, 30.75148538843996], [111.35732841227639, 30.751439362936367], [111.35747907210163, 30.75135528981474], [111.35769088492651, 30.75124332062279], [111.35775384016773, 30.75121004031115], [111.3578504291541, 30.75115538581241], [111.35803745216685, 30.75104955719138], [111.35816407311364, 30.750954074371123], [111.35839176167053, 30.750782376705445], [111.35846091144197, 30.75071001725354], [111.35863956356508, 30.750523068884547], [111.35871021520433, 30.75040115139211], [111.35873629194651, 30.750226072275552], [111.35879302927492, 30.7500731749372], [111.35880967302813, 30.750053228873583], [111.35883794231728, 30.750019351411993], [111.35895162921452, 30.74988311311529], [111.35909425899291, 30.749721888054808], [111.35919820893025, 30.749604386233557], [111.35920603033424, 30.74959415914327], [111.3592577494457, 30.749526548111817], [111.3592690089576, 30.749510754217965], [111.35927740592768, 30.749498975797223], [111.35935618923679, 30.749280876711225], [111.35940910804408, 30.749243172634408], [111.35942743532797, 30.74919823620968], [111.35947045259945, 30.749092755626293], [111.35948758378498, 30.748942458227987], [111.359451210705, 30.748672078853417], [111.35944208888134, 30.74864432487584], [111.35939319993633, 30.748495564418874], [111.35937965884438, 30.748454358382105], [111.35921094602838, 30.748266882110954], [111.3591244807103, 30.748200881765342], [111.35900603999687, 30.748109532229194], [111.35893603497021, 30.748057039700655], [111.35873192393922, 30.747862038802225], [111.35871673438987, 30.747850871021058], [111.35852797928283, 30.74771209933408], [111.35839477979533, 30.747562003383848], [111.35827943364899, 30.74745696256889], [111.35818199660196, 30.747412019848923], [111.35811108505862, 30.747367031263593], [111.3579959592463, 30.74732211012747], [111.35792516281606, 30.747307186777277], [111.35787758867997, 30.74728203004173], [111.35778339908461, 30.74723222288884], [111.35771240390443, 30.747164661320255], [111.3576945253821, 30.747112051879867], [111.35770697919378, 30.747088037283163], [111.35772964660606, 30.747044324835827], [111.35786159783453, 30.746856159684114], [111.35795826056528, 30.746690295021267], [111.35804626732147, 30.74656774710388], [111.35809013804953, 30.746468211039144], [111.35814295972989, 30.74639927170915], [111.3582486291711, 30.746269045380245], [111.35841620704247, 30.74613873091772], [111.35868067337452, 30.745893494789073], [111.35897170657915, 30.745655864226933], [111.35914790984822, 30.74545664460851], [111.35927126175949, 30.745318719183672], [111.35935052620584, 30.745219118367743], [111.35942968812964, 30.745088904629426], [111.35946463218704, 30.744958752944285], [111.35947084290524, 30.744868575224757], [111.3594730660293, 30.744836289563125], [111.3594653471481, 30.74469221997009], [111.35946363483907, 30.744660283245537], [111.35943661830532, 30.74451491413197], [111.35932079461907, 30.744262534688232], [111.35929395165459, 30.744170740887057], [111.35920473531041, 30.743941286061613], [111.35919550376957, 30.74382650468948], [111.35923911279491, 30.7436427677996], [111.35924721478722, 30.743420818715947], [111.35924621204322, 30.743122356211813], [111.3592795912802, 30.74287823794043], [111.35928075230487, 30.742869751937633], [111.35936002844272, 30.742770134034515], [111.35958938434266, 30.74257843544649], [111.35993372036495, 30.742378884877724], [111.36005728901273, 30.742294491597647], [111.36023503461922, 30.742221479237912], [111.36037532616047, 30.742163853379168], [111.36057856574826, 30.742094627165443], [111.3606845742338, 30.742048527018085], [111.36070194463917, 30.74194899634921], [111.36071916935435, 30.74188868691334], [111.36072818775585, 30.741857105421104], [111.3608253019463, 30.741795708705126], [111.36085248395511, 30.741797045996975], [111.36097571715567, 30.74180310562889], [111.36105538269987, 30.741818278091102], [111.36132056129486, 30.741748937663488], [111.36147085419674, 30.741718061239624], [111.36148355082537, 30.74171666459256], [111.3615416011641, 30.74171028660055], [111.3616211003337, 30.741671876555984], [111.3617444972109, 30.741526228652617], [111.3617745930232, 30.741458741727627], [111.3618059901545, 30.74138833920057], [111.36192867207063, 30.74101305031212], [111.36194859385256, 30.740895998151927], [111.36195473712155, 30.74085990835823], [111.36202453620348, 30.740545940642733], [111.36213855315185, 30.740224233361857], [111.36214342657797, 30.740215269819032], [111.36221683913595, 30.740080283378518], [111.36224414435185, 30.74004955174547], [111.362349998154, 30.73993295644084], [111.36250885799751, 30.739802524167146], [111.36257046425555, 30.73969523774514], [111.36262327244611, 30.739603276669925], [111.36272893289413, 30.739434663678765], [111.36282591398486, 30.739319650281743], [111.36286996817466, 30.73925832191412], [111.3629403590104, 30.739128048820476], [111.36299296305486, 30.738967184388116], [111.36304505268703, 30.738884063648698], [111.36309863609318, 30.738798559705913], [111.3631986811742, 30.738601314099412], [111.36326576969952, 30.738469045410227], [111.36335388977022, 30.738346382379746], [111.36340673213505, 30.738262062844058], [111.36346837706401, 30.738162416162766], [111.363644515582, 30.737878798767554], [111.36369731657794, 30.737779165576114], [111.36382043376602, 30.73754984385039], [111.36382511743528, 30.73753762476173], [111.36386425503139, 30.737435477965107], [111.36386704742637, 30.737378538289022], [111.3638724757343, 30.73726785692611], [111.36385449109207, 30.73719171042916], [111.36377433182014, 30.73705474368154], [111.36370325120424, 30.7369787078012], [111.36353479829233, 30.736895253413252], [111.36340759818216, 30.736845723251577], [111.36314488013221, 30.73675130972515], [111.36304291499863, 30.736741810186402], [111.36284431231536, 30.73669844487739], [111.3627518035529, 30.73667975156934], [111.3625079020182, 30.73663046602337], [111.36241416208401, 30.736606277857618], [111.3620972113174, 30.73652449171209], [111.3618426474203, 30.736388303777233], [111.36159627095122, 30.736260511013825], [111.36155004939542, 30.736236536886793], [111.36139923128968, 30.736146724291928], [111.36134605977304, 30.736115059162728], [111.36115057773696, 30.73590214466833], [111.3609819881284, 30.73578059499863], [111.36091978831774, 30.735712158389504], [111.36081325732607, 30.73562095634219], [111.36071565840103, 30.735552588081646], [111.36038761089952, 30.735385655024004], [111.36013929189488, 30.735241410962374], [111.35996157236866, 30.73504369501063], [111.35989024264057, 30.734899092119576], [111.35977424268731, 30.734640301408945], [111.35964917037302, 30.734320585226897], [111.35962154769646, 30.73403114292296], [111.35962101259969, 30.733886394341653], [111.35965539458084, 30.73361206424545], [111.35970817759045, 30.73352815300194], [111.35982253987845, 30.733345078912407], [111.35995459992489, 30.733161969749176], [111.36002480280257, 30.73300184006297], [111.36001504875554, 30.732758074325773], [111.35990812565956, 30.732560213583042], [111.35986853210716, 30.73250265787135], [111.35964121586949, 30.732172219072766], [111.35956898232268, 30.732074560792512], [111.35948862519996, 30.731965920890673], [111.35936551520649, 30.731799478863024], [111.35932087465869, 30.731692911898506], [111.3592228593476, 30.731510268584202], [111.35908897097931, 30.731198186747008], [111.35898160271887, 30.730878432793588], [111.35895788040199, 30.730813788625483], [111.35893690731257, 30.73075663041419], [111.35891711503297, 30.730654294760086], [111.35886473581894, 30.73038347381845], [111.35884540758957, 30.729941646789598], [111.35884484371462, 30.72978928095074], [111.35887905932111, 30.72954119936702], [111.35888793562987, 30.72947684028412], [111.35893938584411, 30.72923640293783], [111.35896622161397, 30.729110997874443], [111.35898296519167, 30.728851940065113], [111.35905358535473, 30.728806085432666], [111.35919513504763, 30.728798180391777], [111.35960212144079, 30.728782116701495], [111.35963737576435, 30.72874395307116], [111.35965437115237, 30.7285606379632], [111.35962656771193, 30.728239365054833], [111.35960240202934, 30.7280451627542], [111.35931336711832, 30.727910372365898], [111.35880418896232, 30.726455576863543], [111.35871201115043, 30.726192211301623], [111.35915551091819, 30.725610183563276], [111.36037843421735, 30.725692711649515], [111.36038675024844, 30.725659536558396], [111.360386115327, 30.725491222142296], [111.36043883358536, 30.725384004967964], [111.36044731419236, 30.72528452915782], [111.36049112556498, 30.72516202710591], [111.360588065287, 30.725039418034726], [111.36066752758438, 30.724978050996356], [111.36078240968055, 30.72491661291133], [111.36095019889262, 30.724793857250802], [111.36116427261317, 30.72468651776876], [111.36118000805101, 30.724678628915626], [111.36123588023185, 30.72465247842922], [111.3612385458224, 30.724651229270933], [111.3612949297173, 30.724624837766157], [111.36143606212477, 30.724471536632223], [111.3615420526238, 30.724394813669846], [111.36169154063225, 30.724096129932548], [111.36178663224734, 30.723871106966044], [111.36180244772481, 30.72383367718254], [111.36181450313694, 30.72380515338517], [111.36187604104651, 30.723674964827808], [111.36189785410272, 30.723648167728868], [111.36199069561428, 30.72353701691992], [111.36205947306627, 30.723477290244773], [111.36218606613403, 30.72336735082257], [111.3622556107079, 30.723306952353994], [111.36245880712829, 30.72315352171779], [111.3624669900596, 30.72314166685453], [111.36251169086194, 30.723076906674066], [111.36255546176528, 30.722923804290303], [111.36251904641705, 30.722633150599506], [111.36251870737249, 30.722533691876436], [111.36250907293544, 30.72230419118563], [111.3625352369117, 30.72218172690532], [111.36261442401656, 30.722020900244388], [111.36274620887053, 30.721691648550916], [111.36274997702998, 30.721666703156018], [111.36278088403066, 30.72146205612904], [111.36280598410895, 30.721018264981012], [111.36284119706363, 30.720949334644217], [111.3630004903805, 30.72088780302971], [111.36354051887992, 30.720733677217538], [111.36401866323087, 30.720617931772324], [111.36410101684851, 30.72059896776824], [111.36448799242703, 30.720509852148098], [111.36453715566529, 30.720492167879286], [111.36474470210646, 30.72041751065973], [111.36482245479255, 30.72035455002265], [111.3648773080414, 30.720310127110736], [111.36501907537013, 30.7203021833991], [111.36508981334435, 30.720248483081093], [111.36511615268842, 30.72016427056468], [111.36513363011306, 30.720080076034776], [111.36517760696103, 30.71996522541491], [111.36519652240179, 30.71991282191931], [111.36527431915465, 30.719697249928288], [111.36528819479446, 30.71959114881247], [111.36530034103794, 30.719498284818144], [111.3652736221801, 30.719452437380085], [111.36514938713452, 30.71939914355562], [111.3650246448716, 30.71929067362572], [111.36495391768926, 30.71923125092161], [111.36488294499208, 30.7192084513091], [111.3648562252348, 30.71916260656917], [111.3645628519941, 30.718857228278523], [111.36429610138401, 30.718567108785123], [111.36424253866232, 30.718437178333147], [111.36414409527396, 30.718116106872856], [111.36411692135891, 30.71791727756039], [111.36415190768457, 30.71775655881828], [111.36416930237152, 30.717641775647564], [111.36408025420053, 30.717504280997957], [111.36402688483292, 30.717443202641675], [111.36390210479846, 30.717214001425134], [111.36383980516297, 30.71712999485345], [111.36373322470865, 30.717061392769097], [111.36344895530505, 30.716863160606465], [111.36319981791735, 30.71655776702744], [111.36314267589381, 30.71645980837343], [111.36300376391267, 30.71622166519768], [111.36285254201118, 30.71605374558402], [111.36272821523494, 30.715985195660437], [111.36266592279424, 30.715908856708552], [111.36267450772255, 30.715817053014632], [111.36271844140305, 30.715686919316], [111.36287749280217, 30.71551061802063], [111.36289418691723, 30.715491309576407], [111.36301002139538, 30.715357322282784], [111.36302689717371, 30.715074273259233], [111.36298974258261, 30.714515989421443], [111.36302461019773, 30.71431703060648], [111.36306848272432, 30.71416394171257], [111.36305903984282, 30.71397274314768], [111.36312087722678, 30.713896095728273], [111.36334198634376, 30.713704309906007], [111.36340366814488, 30.71357411595278], [111.36343742509717, 30.713000340393478], [111.36341902766605, 30.71277856308035], [111.36345404276989, 30.712625484978332], [111.36349794857159, 30.712480034026385], [111.36359497642718, 30.712303843347797], [111.36392197981564, 30.711920499231724], [111.36398509603544, 30.71186077435533], [111.36401926577662, 30.711828442828505], [111.3641343124487, 30.711743985696558], [111.36426727541453, 30.711720677067774], [111.36437374525224, 30.711735688551357], [111.36479055673891, 30.711726910268737], [111.364870439919, 30.711749643331473], [111.36496801815957, 30.711757028564136], [111.36519884355198, 30.711840556696473], [111.36528737641146, 30.711871731695226], [111.36535525274286, 30.711895635675205], [111.36550068031221, 30.711946847569095], [111.36555389409705, 30.711946703677427], [111.36560320302556, 30.71191050326712], [111.36566894796374, 30.711862235753756], [111.36573087887712, 30.71180851475117], [111.36578387772386, 30.711731863734656], [111.36595012639737, 30.711463035690713], [111.36596867131726, 30.711433049595712], [111.36625868558997, 30.711157041364515], [111.36648712687946, 30.71091940720504], [111.36662753623187, 30.710712554141082], [111.36674159814629, 30.710558511066438], [111.36681019483478, 30.7104608150147], [111.36690476484313, 30.710326125350434], [111.3669605605815, 30.71024666125453], [111.36698649343202, 30.710129831226766], [111.36694198058797, 30.71002092512572], [111.36689750731415, 30.70991980265694], [111.36679095294016, 30.709717588296087], [111.36671845679149, 30.709227241044402], [111.36669171724901, 30.709149437996302], [111.36662114115273, 30.709118425774705], [111.36647106678629, 30.70902527759455], [111.36635640862141, 30.708978772752232], [111.36631223032515, 30.70893992473782], [111.36628202479574, 30.708931087999417], [111.36625933669916, 30.70892445190202], [111.36610963824927, 30.70884343377753], [111.36602992863845, 30.70880029419834], [111.36593275509262, 30.708714825329025], [111.36570208528315, 30.708559617632375], [111.36555101176975, 30.708482118555025], [111.36546971485552, 30.708403571767462], [111.36528342838767, 30.70835155318173], [111.36521883008493, 30.708333513680827], [111.3650457978253, 30.70819271042535], [111.3649826519279, 30.708097229403734], [111.36492820607191, 30.70774695605718], [111.36488043408485, 30.707463734364012], [111.36488328223783, 30.70728674778536], [111.36490543164052, 30.706983787771662], [111.364896706418, 30.706885043110333], [111.36488101864427, 30.706707535824307], [111.36486725811767, 30.706607647225212], [111.364855670353, 30.706523521043835], [111.36484403942103, 30.706368791786304], [111.36488576616523, 30.706080875632097], [111.36495276295983, 30.7058083396833], [111.36500445689018, 30.705653122093906], [111.36509126485015, 30.705208964022518], [111.36505720122886, 30.70507856232598], [111.36504633472066, 30.7048779874292], [111.36508271499542, 30.704707895053446], [111.36502959384086, 30.704600474632286], [111.36504723764, 30.70447865156865], [111.3649691270237, 30.70430484499275], [111.36491376206061, 30.704184811579864], [111.36492570595658, 30.704134892011837], [111.36499085194635, 30.703923557626126], [111.36504296855821, 30.703672888693006], [111.36519193136257, 30.703293974637347], [111.36533783197541, 30.702897137093373], [111.36552107783552, 30.702641840248873], [111.36574210421475, 30.702391202791773], [111.36609101508827, 30.702090823832577], [111.36613570509871, 30.702052349036762], [111.36631523406089, 30.701913544074955], [111.3665645216355, 30.701705395987403], [111.36646521759582, 30.70162867302497], [111.36639731878125, 30.701576212872], [111.36620392766923, 30.701466388563063], [111.3659994775939, 30.701311789707347], [111.36586940504918, 30.70128381359723], [111.36569400487463, 30.70128272901485], [111.36554931025262, 30.701281832390748], [111.36540873902226, 30.701267348809097], [111.36543352163977, 30.701070057337404], [111.36544362012717, 30.700995152804182], [111.36544932003011, 30.7009528729767], [111.36558451691207, 30.700768317703762], [111.36566894616499, 30.70064977806487], [111.36578603339876, 30.700495979605932], [111.36567700858723, 30.700383450136087], [111.3655648946044, 30.700385824346426], [111.36534895119314, 30.70047352982965], [111.3651610450463, 30.70050705026017], [111.36466622096953, 30.700689513710245], [111.36454067830971, 30.700772376344162], [111.36442374216216, 30.700935195902673], [111.36423540074327, 30.701109708446324], [111.3639961271196, 30.701201923130384], [111.36399287517116, 30.70120269294995], [111.3638439150647, 30.701237952669544], [111.36367095744885, 30.701278893406197], [111.36347941714149, 30.701343876618637], [111.36332767992866, 30.701370929125176], [111.36302633779536, 30.70134384064579], [111.36288647163349, 30.7012949678886], [111.36261147693824, 30.701197505660446], [111.36243932511496, 30.70112958436289], [111.36219632200272, 30.701033704941665], [111.36208706696465, 30.701023097438167], [111.36189605366008, 30.70100454982031], [111.36172701888688, 30.70095557813761], [111.3613746833949, 30.700882224934787], [111.36143261412394, 30.700575809725876], [111.36137937515815, 30.700366740732647], [111.36135468876796, 30.70026977403097], [111.36136123493321, 30.70015976715962], [111.36147320232641, 30.69973490314345], [111.36142589079236, 30.69949421398684], [111.36141583187526, 30.69944304615973], [111.3613156788756, 30.6992193721764], [111.36126159005045, 30.699089760084462], [111.3611904509786, 30.698989064793636], [111.36101543931119, 30.698882689384675], [111.36070872193011, 30.69880060196624], [111.3604725788465, 30.69873171839413], [111.36045119476694, 30.698632869411483], [111.36046047307235, 30.698513268572526], [111.36037700699336, 30.698386360742006], [111.36037495384119, 30.698383238295833], [111.36024081636072, 30.69831942240353], [111.36024078218645, 30.69831942420211], [111.36006200865484, 30.69832912339041], [111.35971261214752, 30.698318050937417], [111.35930399438388, 30.69828962966284], [111.35881636938007, 30.698248152030658], [111.35872666200589, 30.69823742671599], [111.35833080921964, 30.698173361711326], [111.3582444698065, 30.698159388045326], [111.35800232015094, 30.69812238184261], [111.35778527327182, 30.698070315592645], [111.35756877497914, 30.69792948535752], [111.35745045207688, 30.697639596090596], [111.35731709161058, 30.69736284591869], [111.35728373665518, 30.69712912560874], [111.35730241737275, 30.696854237932712], [111.35736233380476, 30.69652537564565], [111.35733704396944, 30.696321970582517], [111.35733294216169, 30.696235144636262], [111.35731096363014, 30.69614904444302], [111.35728806779025, 30.696037839674602], [111.3572557173776, 30.695922716560176], [111.35725955208665, 30.695866184277122], [111.357261158276, 30.695842496134333], [111.35727305810519, 30.695777940100015], [111.35726545883392, 30.695695070271313], [111.35733349344599, 30.69561644074622], [111.35747982483412, 30.69538516209559], [111.35741602602894, 30.695199202081596], [111.35737451242392, 30.695120678676403], [111.35730955978846, 30.695033898595682], [111.35725939830269, 30.69495071220564], [111.35719919588627, 30.694878768240528], [111.35699769828528, 30.69477280382199], [111.35693989705874, 30.69474641771302], [111.35682921209866, 30.69470382312312], [111.35667382813483, 30.694646719770333], [111.35656017810982, 30.694584305921126], [111.35629880544565, 30.69449041310213], [111.35622932112642, 30.69447540521577], [111.35605114294594, 30.69447269106189], [111.35575962140939, 30.694460201277423], [111.35547538618027, 30.69449929390737], [111.35534584423544, 30.694523712299656], [111.35512263700019, 30.69456579337674], [111.35498428979326, 30.694626527292428], [111.35484469073009, 30.69467281989489], [111.35464458797742, 30.694777196110806], [111.35434249670897, 30.694947749838946], [111.3541525131281, 30.695048524270078], [111.35414227164864, 30.695053956175286], [111.35399501395887, 30.695149606269354], [111.35382013718959, 30.69527221803861], [111.35357650005551, 30.69547265174151], [111.35333373256583, 30.69561711793574], [111.35312433262203, 30.69567624026638], [111.35305964888386, 30.695703756823093], [111.35291590304655, 30.6957649053262], [111.35274014314325, 30.695875019216828], [111.35266808586363, 30.695929665621748], [111.3526374360689, 30.695948500123166], [111.35253549072041, 30.696024119617505], [111.35234959815557, 30.696162012666832], [111.35198060182341, 30.696423566994156], [111.35179890999171, 30.696275127595072], [111.35176408914151, 30.696242242985193], [111.35156199439064, 30.696115776721797], [111.35144614102677, 30.696091057956096], [111.35132396093206, 30.696102732055465], [111.35115880223702, 30.69609712388325], [111.35105076578026, 30.696120354270988], [111.35086016886174, 30.696122038701162], [111.3506511844048, 30.696094223569673], [111.35058787932735, 30.696051478792867], [111.35047022641987, 30.695986092684052], [111.3502790809149, 30.695880174130878], [111.35005288703121, 30.695733768998366], [111.34993967137888, 30.69569448481269], [111.34956482585608, 30.69564554190839], [111.34938524293477, 30.69562879473318], [111.34913333833305, 30.695599722349414], [111.34898920578729, 30.695554495443616], [111.34885569423494, 30.695502510132826], [111.34873112374254, 30.695450851275893], [111.3483776757891, 30.695254863820992], [111.34824003005343, 30.69514838499009], [111.34794421785148, 30.695046585331795], [111.3477540813858, 30.694968299347693], [111.34759626025931, 30.69490331973259], [111.34728652565263, 30.6947852747208], [111.34698582293748, 30.69470131761176], [111.34679512439556, 30.694607063265437], [111.34641157523407, 30.694474853931467], [111.34598463108591, 30.694390450758817], [111.34541275669346, 30.694378695720275], [111.34515750481518, 30.6943892276808], [111.34499183260709, 30.69440807387349], [111.34488112696249, 30.69442255205928], [111.3445002406936, 30.694243954794842], [111.3442489296445, 30.694107580700404], [111.34417646317326, 30.694105154329463], [111.34403886600086, 30.69411417003306], [111.34383012975678, 30.694092237367045], [111.34362099511293, 30.694089930605855], [111.34351346137726, 30.694089287590657], [111.34338311903588, 30.694096367053874], [111.34320422769309, 30.694126690394512], [111.34287379878697, 30.69419355588792], [111.34258239596085, 30.694325318258905], [111.34225216400614, 30.694439690439424], [111.34204413462913, 30.694481964870818], [111.34193003404397, 30.694507689978025], [111.34161663200206, 30.694578350610584], [111.34138304299313, 30.69468009990686], [111.3412390597349, 30.694741956176472], [111.34108254802129, 30.694781342884767], [111.34093993443048, 30.69483811618619], [111.34084492555291, 30.69489053497034], [111.34052939301716, 30.69502363463306], [111.3403049887844, 30.69483718898516], [111.34006472500715, 30.694588658639873], [111.33993893863118, 30.694501106041287], [111.3397287014185, 30.69438845696186], [111.3395868045875, 30.69434163016217], [111.33943470944439, 30.694339925946906], [111.33920762703036, 30.694350376968487], [111.33898376418944, 30.694361978222844], [111.338863251438, 30.694371993073105], [111.33872409574053, 30.694378173214147], [111.33858659479569, 30.694407931780802], [111.3383988451306, 30.694448716934858], [111.33827546983719, 30.69447425588237], [111.33809379419341, 30.694565002872707], [111.33797372570706, 30.69460118079985], [111.33786730173466, 30.694631721776716], [111.33783969704456, 30.694639643904566], [111.33765591428914, 30.694733437798106], [111.33747097230759, 30.69483801995881], [111.33730239439012, 30.69490360661615], [111.3372742159325, 30.694914570251342], [111.3370581313277, 30.695016672981183], [111.33686383819571, 30.69509006665328], [111.33670882834986, 30.6951674973821], [111.33662900272645, 30.695207369724358], [111.33654022255337, 30.69526912886738], [111.33635252864639, 30.69538275910719], [111.33621278119506, 30.695490157045185], [111.33596358984784, 30.69562378281148], [111.33588792538757, 30.6956824240047], [111.33574494307481, 30.695745284817065], [111.33563812609873, 30.695779375418], [111.33538014118068, 30.695888795031976], [111.33513229611873, 30.696061889344776], [111.33499473671787, 30.696204071260922], [111.33487972961592, 30.696321141407566], [111.33487404500136, 30.696326930343673], [111.33473272733357, 30.69651330044843], [111.33461217770991, 30.69673982798082], [111.3345754511962, 30.696866171936392], [111.33454652090529, 30.696921875044666], [111.33444060415064, 30.69707124344319], [111.33441347520181, 30.69710950060312], [111.33438281011871, 30.697150437742664], [111.33425577818173, 30.697320024699422], [111.33404181327921, 30.697639124845864], [111.33324743042459, 30.697972728358877], [111.33324367305721, 30.697974311165638], [111.33322469016747, 30.69795961714277], [111.33276973483538, 30.697607518172504], [111.33269713976125, 30.69755529004476], [111.33245195759196, 30.697378903313904], [111.3322910940588, 30.697306588828155], [111.33211780908965, 30.697371679059813], [111.33201323322419, 30.697434398678695], [111.33196204561199, 30.697447321936522], [111.33185434819973, 30.697474511139944], [111.33176624701474, 30.697503629389075], [111.33172664177118, 30.697516719021394], [111.33161671044297, 30.697568233087623], [111.33156159279332, 30.69759293206829], [111.33144242812568, 30.69763363808198], [111.33120312932112, 30.6977007913585], [111.33102156609249, 30.69781364818141], [111.33100267493364, 30.6978253897301], [111.33079444680641, 30.697932218397284], [111.3306545006048, 30.69805604604977], [111.33054242709147, 30.698180138102998], [111.33033647424895, 30.698496087024978], [111.33021408461241, 30.698580406560666], [111.33002076814398, 30.698693922586585], [111.32975936040617, 30.69879252785296], [111.32960135401936, 30.698843441172016], [111.3294641624413, 30.698838502994704], [111.3293294646831, 30.69877105024392], [111.32932611560778, 30.698772017914337], [111.32931943634298, 30.69876602663095], [111.32919460144979, 30.698703511158158], [111.32908877642603, 30.698650515908696], [111.32889881532816, 30.698509051651513], [111.32881265667885, 30.698446980443975], [111.3287058433001, 30.698370023657787], [111.32856096971301, 30.69825673605959], [111.32841593065086, 30.698138611907552], [111.32833171183921, 30.69803859380619], [111.32823537736084, 30.69787766732054], [111.3281551191634, 30.69771398621151], [111.32814308533528, 30.697694613915417], [111.32805815336127, 30.697557900776644], [111.32804589740039, 30.69748642625774], [111.32808767090933, 30.697391569365607], [111.3280908760932, 30.697388016144032], [111.32816667635115, 30.697304026659538], [111.32827374783528, 30.697150999818916], [111.32837028016445, 30.69704928559611], [111.328509109408, 30.696845367020217], [111.32855226787291, 30.696789852769598], [111.32857847591612, 30.69675614168267], [111.32860221442075, 30.696693996730744], [111.32861004301918, 30.696625713905632], [111.3286238269281, 30.69647940500056], [111.32863083984137, 30.69636195534008], [111.32861740307072, 30.696244955340546], [111.3286085690304, 30.696096622061532], [111.32858762292051, 30.695939361212595], [111.3285644923576, 30.695770125890647], [111.32851584712876, 30.695587408831898], [111.32842671711944, 30.69530653886568], [111.32836433294767, 30.69517994489854], [111.32826012580432, 30.69510323272806], [111.32823789096597, 30.69508626521906], [111.32821775874265, 30.695066641112646], [111.32818761616568, 30.69503725756357], [111.32802983910597, 30.6949122383092], [111.32798010389871, 30.69487283001712], [111.3279036579276, 30.694809452994036], [111.32780492495732, 30.69473428585877], [111.32767038188268, 30.694630042742403], [111.32762271961286, 30.69459624442129], [111.32752540937031, 30.694496684074807], [111.32746628434171, 30.69442329399999], [111.32736369597797, 30.694320025748652], [111.32733635388968, 30.6942156998947], [111.3273389025685, 30.694203997916304], [111.32650633000327, 30.693031799977575], [111.32678804533202, 30.692875006776262], [111.32694082126187, 30.69267426910227], [111.32696214778503, 30.69264624622741], [111.3275152488298, 30.692519234974895], [111.32751902598244, 30.692524450143253], [111.32749819678452, 30.69248409756318], [111.32748026340352, 30.69244935495385], [111.3274432688919, 30.692322662061372], [111.32731359744463, 30.69213440607814], [111.32725197320008, 30.692083647442473], [111.3271581208507, 30.692042998985244], [111.3269634410101, 30.691953654037945], [111.32647355601, 30.691778634276602], [111.32640029184012, 30.691752456810548], [111.32622404000745, 30.691642244893785], [111.32618529091854, 30.691600074783707], [111.32617391179673, 30.69159257263925], [111.32616740879894, 30.691580615253372], [111.32603602594196, 30.69143763743716], [111.32571140935414, 30.691153206155604], [111.32560264624522, 30.69102050039595], [111.32557480773136, 30.690952065585407], [111.32562876075883, 30.690737531412083], [111.32572669063438, 30.690561837159123], [111.32578466543004, 30.690464716673432], [111.32580830860667, 30.69037670272263], [111.3267531561333, 30.690332959698367], [111.32672072298311, 30.690373984971473], [111.32844918668076, 30.69031104501886], [111.3285232944146, 30.69030834615336], [111.32860236640619, 30.690528618001395], [111.32874875175361, 30.690936409288042], [111.32908314397207, 30.691565263825908], [111.3297170482034, 30.69147446737287], [111.32979356072434, 30.69147764467766], [111.33037051358849, 30.691161601326883], [111.33180539720149, 30.6914450352603], [111.33192799098407, 30.691571052761958], [111.33207051824002, 30.69171756131658], [111.33205654007742, 30.691730050201727], [111.333034934115, 30.692545979013858], [111.3331295715725, 30.692542430288995], [111.33389382444062, 30.69251377069412], [111.33366836530286, 30.69129629368905], [111.33351805891135, 30.69109123387352], [111.3331774280959, 30.690862392385554], [111.33310096144032, 30.69081102131173], [111.33302183998603, 30.69079070202929], [111.33227890734582, 30.68997396742475], [111.33161269317134, 30.689151829693344], [111.331753882236, 30.689128054316313], [111.33192065341547, 30.689360579427273], [111.33202121740533, 30.689504829784198], [111.33214702356634, 30.689658209159177], [111.33221209671109, 30.689739749789794], [111.3322981348511, 30.689845496572502], [111.33230768475204, 30.68985664906529], [111.33232353979963, 30.68987516430758], [111.33232695992143, 30.689878031346097], [111.33233037914385, 30.689880895686883], [111.33265783399196, 30.690155334601116], [111.33288777265278, 30.69033062955498], [111.33305655471634, 30.690539528576437], [111.33306400829753, 30.690548758318585], [111.33306300825143, 30.69055016395896], [111.33305895500695, 30.690555854868933], [111.33309182342907, 30.6905694022563], [111.33310545984921, 30.690575022119674], [111.33310528807874, 30.690578390980022], [111.33310511361009, 30.690581759840427], [111.33313792087847, 30.690593513080216], [111.33349575032861, 30.690918009158963], [111.33420014701932, 30.691037716117762], [111.33423714243031, 30.690990160867386], [111.33435660567295, 30.691056726886586], [111.33444585439287, 30.691059986029586], [111.3344932369734, 30.691086689599217], [111.33450279766606, 30.691092108913836], [111.33458598585469, 30.691139262167383], [111.33460614865498, 30.6911183187554], [111.33461571114623, 30.691110125931743], [111.33462527004036, 30.691101933107916], [111.33465942179504, 30.69107797786637], [111.33469622834838, 30.69105433738781], [111.33472472426672, 30.691033166447653], [111.33473572927056, 30.69102595208608], [111.33474673157644, 30.69101873862388], [111.33487417180567, 30.69093304312554], [111.33488790984927, 30.69092373514235], [111.33489244782834, 30.69091948674503], [111.33489698400865, 30.690915240146182], [111.33490753665365, 30.690894758985962], [111.33491307827609, 30.690876232052574], [111.33491383280727, 30.690868806350352], [111.33491458643908, 30.690861380648357], [111.33498519221297, 30.690711495139567], [111.33501486084725, 30.690593513979593], [111.33499651197957, 30.69054975386814], [111.33499239488322, 30.69048183706724], [111.33500420208236, 30.690382944917133], [111.33501128874002, 30.690345522328016], [111.33506462213478, 30.69017993465644], [111.33506168584819, 30.69015684186479], [111.33505837274589, 30.690157324800794], [111.33505505964337, 30.69015780683742], [111.33504600886636, 30.690082685567518], [111.33496294658289, 30.69009524639864], [111.33490788379197, 30.689823221264817], [111.33490912215836, 30.68982136506412], [111.33494692336194, 30.68976464302392], [111.3348631074465, 30.68948324605509], [111.33474613982264, 30.689197159121704], [111.33477306282674, 30.688996619298564], [111.33501462162758, 30.68889623787112], [111.33519255609173, 30.68892394238611], [111.3352306738567, 30.688805606893425], [111.33533664816798, 30.68882934270016], [111.33538677368074, 30.688841087845958], [111.335395406273, 30.68884253755317], [111.33540403796604, 30.688843986361007], [111.3360664821825, 30.689125678307562], [111.3360446169657, 30.689202590127593], [111.33607646375788, 30.689222368018022], [111.33607909427485, 30.689219236578595], [111.33608172209387, 30.689216106038486], [111.33622307123784, 30.689286073293772], [111.3362634319119, 30.68930441496684], [111.33629621309984, 30.689331108643785], [111.33657269437452, 30.689450522423783], [111.33656489725229, 30.68960636414255], [111.33707633090802, 30.68974649470499], [111.33746457003406, 30.69020110469728], [111.33745981082166, 30.690207143644955], [111.33745504981084, 30.690213184390984], [111.33747674055928, 30.69023976565279], [111.33748313473905, 30.690247126603765], [111.33748952712006, 30.690254489353265], [111.3375093949428, 30.690278869074632], [111.33752134063735, 30.6902783573604], [111.33753328813089, 30.69027784384741], [111.33756019584655, 30.69030166059315], [111.33763276573961, 30.69038871406798], [111.3376331902196, 30.690396666772813], [111.3376336146996, 30.690404620376967], [111.33776099737219, 30.690656721030905], [111.33781289005293, 30.690762361693714], [111.33802674343946, 30.691026211090787], [111.33812736228799, 30.69114835791038], [111.33817316026318, 30.691205135708515], [111.33821474491464, 30.691256897987614], [111.33822106175273, 30.691259426881118], [111.33822737859083, 30.691261955774678], [111.33825370804232, 30.69126866921374], [111.33826236401694, 30.691270876150043], [111.33831398060579, 30.69127937114621], [111.33832126241651, 30.691279318985437], [111.3383288715803, 30.691278407972334], [111.33833316404446, 30.691277231659058], [111.3383770410677, 30.6912609116618], [111.33842230934215, 30.691251156715623], [111.33851682718995, 30.691232479595328], [111.33852554881514, 30.69123080325909], [111.33852570259916, 30.691230772682104], [111.33852597239576, 30.691230719622183], [111.33866164501899, 30.691204071810546], [111.33873717907761, 30.69115549672881], [111.33876828123135, 30.691194099228312], [111.3390506854409, 30.691024151643433], [111.33906637681196, 30.69104274332807], [111.33913948000315, 30.690996786172832], [111.339190959895, 30.690964423169703], [111.33936856161, 30.690855724812025], [111.33937805485334, 30.690841178277935], [111.3393852593224, 30.690830645417975], [111.33938949692782, 30.690822391440406], [111.33939142957087, 30.69081584887249], [111.33939167238782, 30.690805610090933], [111.33935216876773, 30.690750617447065], [111.33924867928317, 30.690614594088288], [111.33924864690766, 30.69061455271958], [111.33913096881923, 30.690456538238834], [111.33903315855355, 30.690323507823678], [111.33903311268801, 30.690323447569142], [111.33894858181168, 30.69021523484537], [111.33893722427348, 30.69020069370714], [111.33889304597744, 30.69014457421281], [111.33882430539745, 30.690057251840756], [111.33838556124482, 30.689518230581996], [111.3383303149921, 30.689450357847875], [111.33807466471404, 30.689136275918543], [111.3379883513814, 30.689030230560775], [111.33798521904276, 30.689026373368563], [111.33787634711581, 30.68889228085419], [111.33836857484994, 30.688593136664053], [111.33852527362268, 30.68835669410629], [111.33841748268077, 30.6881986463506], [111.33816853235197, 30.688093965264386], [111.33804099229809, 30.68794632895998], [111.3379353597291, 30.687746132678], [111.33785185318055, 30.687555426941458], [111.33786450844036, 30.687375817040504], [111.33781742083738, 30.687183211935803], [111.33782252898664, 30.68706387010161], [111.3377945169035, 30.686949388203686], [111.33754080736247, 30.686870761376724], [111.33725069686227, 30.686794228171152], [111.33718662736106, 30.686789509428422], [111.33675240140224, 30.68675753133499], [111.3362505770026, 30.686967952908844], [111.33615680109557, 30.68700727396657], [111.33569432473348, 30.68679359055176], [111.33558150927928, 30.686741464946806], [111.33529399692043, 30.68664674385218], [111.33533725521022, 30.686379337636424], [111.33560122601597, 30.68605408432859], [111.33526893821102, 30.68578764668257], [111.33492475687211, 30.68595923103379], [111.33488548617629, 30.68591145005354], [111.33479165181342, 30.685797287414914], [111.33468276189996, 30.685734920330447], [111.33444935365492, 30.685704322696495], [111.33423641487877, 30.685612989348158], [111.33415926563765, 30.68542154616756], [111.33390005944034, 30.685366365565415], [111.33378174373252, 30.685409150811665], [111.33367949171537, 30.68546597537454], [111.33359787823957, 30.685501505789944], [111.33328054076452, 30.684631643735543], [111.3333201559006, 30.6846164685752], [111.33363578016719, 30.684420628609303], [111.33363963825883, 30.684426896883906], [111.33459183684386, 30.684056511099243], [111.33472419816331, 30.684003666935723], [111.33508826261334, 30.68387862699717], [111.33526991397537, 30.68370632678574], [111.33527413629247, 30.68332923925317], [111.33522377515709, 30.683138442685106], [111.3351385068367, 30.683068761414177], [111.33561874211136, 30.682951244304547], [111.33507779720276, 30.68203708974005], [111.33429570538266, 30.682190630093658], [111.3339521490725, 30.68215842177392], [111.33365690524204, 30.682056427861937], [111.33343144700382, 30.681825601570324], [111.33353880806965, 30.680870086285495], [111.33343144700382, 30.680633891940715], [111.33317377864716, 30.680290334731353], [111.33288927182264, 30.67971595302896], [111.33277587810443, 30.679345241689646], [111.33281587455303, 30.67934573361879], [111.33293931189979, 30.67942990206842], [111.33307433341395, 30.679348891138545], [111.33317617264237, 30.67941545266109], [111.33324997820404, 30.67935846442174], [111.33304446962677, 30.67917522575624], [111.33326090316825, 30.679001883230455], [111.33347729174375, 30.67897603131894], [111.33409162402921, 30.678510188794178], [111.33513381057696, 30.679137777086794], [111.33511010174988, 30.679167498781055], [111.33538965780662, 30.67933589413633], [111.3361602895659, 30.679730073284304], [111.33628091383326, 30.680072392127272], [111.33630639882142, 30.68014471740497], [111.33682630858732, 30.68037176744309], [111.33711323189021, 30.680937592995576], [111.33949882121362, 30.68128832499633], [111.33947807835074, 30.681363118912998], [111.33944989539646, 30.681437176284817], [111.33954355978756, 30.682369338874025], [111.33955878441054, 30.68236801507203], [111.3396113389922, 30.68255776123175], [111.34016110894817, 30.683176867118846], [111.34014211526653, 30.683235687277204], [111.34175785793877, 30.684128796806647], [111.34241523087832, 30.684316262285677], [111.34268659860771, 30.684393647149193], [111.34364284684011, 30.684861629160935], [111.34382498113797, 30.68502885000146], [111.34414788811472, 30.68532531780926], [111.3446581418599, 30.685934926855566], [111.34560723238803, 30.685703296569898], [111.34624738690746, 30.685567946803303], [111.34704156291792, 30.68526034898605], [111.34888661292689, 30.684689108615487], [111.3489348840377, 30.68467416278247], [111.34990852605773, 30.68183590780103], [111.35042376384581, 30.679536261289456], [111.35143383830115, 30.676033401920108], [111.35001447338931, 30.675682109641627], [111.34955773380256, 30.67535972067475], [111.34951445302966, 30.674711972279738], [111.34959939129902, 30.674600718948057], [111.34964828294193, 30.67437625086336], [111.34941983715595, 30.674193099432102], [111.34928200885781, 30.674255519576718], [111.34894050030391, 30.674495093573796], [111.34873078110087, 30.674529069061464], [111.3483008512033, 30.67436554713248], [111.34818433144181, 30.67421073243952], [111.34791208057823, 30.67413031775999], [111.34774642096062, 30.674130761125866], [111.34734406877385, 30.673957617350254], [111.34707843332313, 30.673796040654793], [111.34693986218497, 30.673650828922746], [111.3468608747296, 30.67361916559213], [111.34687262527149, 30.673610437671698], [111.34684484521358, 30.673562779898475], [111.3465288306412, 30.673210411131606], [111.34634588965122, 30.67301042708965], [111.34639497644719, 30.672838464123856], [111.34639443055869, 30.672685725066344], [111.34636458116051, 30.67244476071727], [111.34611012877957, 30.67232133865889], [111.34593373485416, 30.672407723937397], [111.34575163383101, 30.672535129992355], [111.34578983703142, 30.67199186843004], [111.34596903864036, 30.6720014291227], [111.34648814980847, 30.67201436676976], [111.34666520923213, 30.672114130362843], [111.34682088457618, 30.67228167765728], [111.34712530059232, 30.672609307873415], [111.34720895013294, 30.67283819612595], [111.34739782215195, 30.67315271782371], [111.3477244568183, 30.673385727669256], [111.3479016052749, 30.673509355672365], [111.3480840183629, 30.67356137156014], [111.3485257608553, 30.673555415350222], [111.34901701372422, 30.673496820022365], [111.34929844756545, 30.673443560372164], [111.34957447917901, 30.67342372582442], [111.34994932110436, 30.673241338816922], [111.3501044694458, 30.673146839854837], [111.35050031413829, 30.672905735211543], [111.35075965613328, 30.67285253221877], [111.35098595433834, 30.672823282668446], [111.3512203086704, 30.6728646658716], [111.3512788068715, 30.672874996384053], [111.35145588967771, 30.67297952638421], [111.35154578680869, 30.67302475328978], [111.3516163197375, 30.673060236041124], [111.35163363978069, 30.673045168799604], [111.35173191859315, 30.672959687339812], [111.35186965695914, 30.67287339918812], [111.35201848936185, 30.672801397666547], [111.35222842799953, 30.67282946820552], [111.35255993699155, 30.672881075801058], [111.35267612220537, 30.672942810662335], [111.35281285063269, 30.673055740330256], [111.35282012704738, 30.673061748700775], [111.35304722115245, 30.673252056936974], [111.35318275078339, 30.673315175854725], [111.35382162107106, 30.673612710258396], [111.35441879698993, 30.67383064656724], [111.35467364687139, 30.674059062675667], [111.35497520933848, 30.674274890074287], [111.3551387168784, 30.674391910758118], [111.35598981188036, 30.67458051028234], [111.3561462030849, 30.674534120553346], [111.35657451869912, 30.674407076025886], [111.35684939378467, 30.674072201770798], [111.35707925060694, 30.673508342136472], [111.35748692678033, 30.673249474084116], [111.35775757415291, 30.6732859281031], [111.35797310837239, 30.67331495821884], [111.3582276129141, 30.67344790589624], [111.3584051966426, 30.673686073353736], [111.35890381585858, 30.67406186316458], [111.35894787004821, 30.67409506523518], [111.35910755816747, 30.674046258128385], [111.35916850342375, 30.67402763137028], [111.35966495617288, 30.673883066250596], [111.36040462067677, 30.673804648066096], [111.36073583738914, 30.673775090947743], [111.36115582707981, 30.673859841258718], [111.36173100738017, 30.674096898952882], [111.36237252167467, 30.674352861295574], [111.3624247174269, 30.674358181684852], [111.36283940021832, 30.674400455216926], [111.36310171537207, 30.67442719565861], [111.36401152441243, 30.67438849063649], [111.36406240805377, 30.674386325968214], [111.36430466203063, 30.674194721808988], [111.3644024938801, 30.67403277729096], [111.36452418294476, 30.673831348038277], [111.3645235309362, 30.67365766287088], [111.36452249941397, 30.673382680766224], [111.36443111300565, 30.673216798116925], [111.36433346191984, 30.673039544439405], [111.36400053469703, 30.672610896076037], [111.3635684320376, 30.672239799827025], [111.3632808270487, 30.672116502774486], [111.36327002259355, 30.67211993099005], [111.36291681026273, 30.672232076449347], [111.36228784420871, 30.67237702288145], [111.3617469802391, 30.672454897875355], [111.36090778686497, 30.67249541593077], [111.36023407684115, 30.672487736619928], [111.35988046161413, 30.672431439059665], [111.35880274195307, 30.672119163868388], [111.35484403872152, 30.670972012948198], [111.35446318392883, 30.670861640952012], [111.35337993073927, 30.67059729422988], [111.35260569809452, 30.67027482342445], [111.35236407184453, 30.670166251871137], [111.35167651316056, 30.669857303271954], [111.35105655471637, 30.669438942253407], [111.35077642759023, 30.669063176724308], [111.3507014376213, 30.668962586654175], [111.35054949626226, 30.668796492664057], [111.3504745017969, 30.66871451496303], [111.35021359767956, 30.668429312063154], [111.34963686784732, 30.667743533137582], [111.34962045701849, 30.667724739105438], [111.34909234273749, 30.667119972908495], [111.34857232415357, 30.666524467929833], [111.34781620565349, 30.665729156975146], [111.34471920312882, 30.666480656557212], [111.34386960010215, 30.66668767419685], [111.34332365226481, 30.666795436360474], [111.3441017160215, 30.664596108323792], [111.33706716591712, 30.662848128438554], [111.33706963005943, 30.662839937413253], [111.33682725557344, 30.66273630223867], [111.33662879228501, 30.662655337174158], [111.3360628723039, 30.66242446771514], [111.33560872816025, 30.66223919568239], [111.33445966887876, 30.661770415972057], [111.33445379001051, 30.661768018379348], [111.3338601430313, 30.66230900285825], [111.33346827424162, 30.662480780563556], [111.33303882907882, 30.66253446109664], [111.33270600887522, 30.662555933309818], [111.33224972434544, 30.662400259764297], [111.33175049359056, 30.662169432573364], [111.33154113861275, 30.661906397962014], [111.33143512383202, 30.661501611310314], [111.3314884896023, 30.661480935896577], [111.33158543741808, 30.66148024881454], [111.3316290941076, 30.661496215378122], [111.33164971016612, 30.661452339254197], [111.3316562985994, 30.66144516086547], [111.33167009599833, 30.661437002215905], [111.33171988426534, 30.661421482615367], [111.33174903668879, 30.661412227692324], [111.33177066178678, 30.66140367064304], [111.33183387063661, 30.66137708218662], [111.33185380500919, 30.6613628054493], [111.33187808220777, 30.66133596158545], [111.33189469088734, 30.661325110365624], [111.33189837900704, 30.66130940190743], [111.33191461896467, 30.661298547989702], [111.3319438721121, 30.661286275841064], [111.33197345531079, 30.66125971706242], [111.33197646264381, 30.661250578151794], [111.33200438389525, 30.661225984391706], [111.3320027498271, 30.661215735717803], [111.33200411230007, 30.661200884313416], [111.33201676755982, 30.661180037128986], [111.33201843760082, 30.66117518168943], [111.33201939088218, 30.661174362406996], [111.33202641278882, 30.661168327955977], [111.33204437404868, 30.661147479872398], [111.33206497122154, 30.66113405928951], [111.33207511737282, 30.66112133927851], [111.33209720382303, 30.661097593579257], [111.33207135101208, 30.66102842132466], [111.33204780316362, 30.66099475160661], [111.33206810715751, 30.66098413870708], [111.33214333544669, 30.660944797864317], [111.33217738467874, 30.66092686358394], [111.33223306890113, 30.660897533094783], [111.33223374968793, 30.660897176963317], [111.33230964707269, 30.660857604095327], [111.33235417700371, 30.660834410579753], [111.3323565674018, 30.66083310386483], [111.33238048667016, 30.66082002682282], [111.33244323866467, 30.660788898588976], [111.33249749386431, 30.660744060190382], [111.33259430498322, 30.66069093274035], [111.33268284323873, 30.66064184324665], [111.33276371477382, 30.660596402302303], [111.33284028934804, 30.660553557700666], [111.33292025706419, 30.660505998852955], [111.33298064384172, 30.66046779565238], [111.3330574990045, 30.660419420220194], [111.33310746713602, 30.660384718080365], [111.33320884501222, 30.66031450171306], [111.3332617350411, 30.660274511559635], [111.33333087132274, 30.660247811587283], [111.33344742795657, 30.660177611407732], [111.33347089486608, 30.660190310734322], [111.33349934491883, 30.660158891120034], [111.33360980055193, 30.660087317675618], [111.33366141534208, 30.660053575112556], [111.3337116101028, 30.66002075975041], [111.33380125272572, 30.659961999846587], [111.33391297820151, 30.65988626164176], [111.33403302420487, 30.65980439905394], [111.33413290560918, 30.659737568633943], [111.33413999316622, 30.659745595083336], [111.33416560855619, 30.659729995443], [111.33415523397696, 30.65971699124634], [111.33425605517294, 30.659643105644875], [111.33429210269844, 30.659689364073074], [111.33430460417424, 30.659709739113225], [111.33431685204113, 30.659725138204635], [111.33433304973056, 30.659742227122138], [111.33435816869468, 30.659763057219436], [111.3344023541855, 30.659807740035262], [111.33442169770325, 30.659829472152524], [111.33443611203694, 30.65984136388795], [111.33444736705235, 30.659848132185687], [111.33446713594964, 30.659858159626424], [111.33448023007861, 30.659867713124527], [111.3344855693536, 30.659872939984382], [111.33449491510834, 30.659884232771162], [111.33454119601953, 30.659930270865402], [111.33457928140876, 30.65996365999507], [111.33461887316247, 30.659996200164528], [111.33464004500223, 30.66001177012714], [111.33465747386344, 30.660022204061534], [111.33467060216668, 30.660028199841577], [111.33468240756724, 30.660031594782254], [111.33469521211453, 30.660036725414727], [111.33472046867473, 30.660049741302657], [111.33472965794755, 30.66005428018093], [111.33474160004499, 30.660061981075557], [111.33482169366636, 30.660111261225836], [111.33482822724108, 30.660115906224178], [111.33483857933714, 30.660125491198585], [111.3348458908253, 30.660134596834325], [111.33485222744844, 30.660151103890485], [111.33486421810932, 30.660169905117186], [111.33488028269898, 30.66018900132144], [111.3349049052373, 30.66021617973297], [111.334913644849, 30.66022737269526], [111.3349194193957, 30.66023693608588], [111.33492294743616, 30.660245815092367], [111.33492515796979, 30.660254072667442], [111.33492598174871, 30.66026129512278], [111.33492538639752, 30.660268072413714], [111.3349212639053, 30.660281788873476], [111.33491937712768, 30.66029380921202], [111.33492142758189, 30.66031606383541], [111.33492693143273, 30.66034299583265], [111.33491368711708, 30.6603449482609], [111.33491858572427, 30.660357405669856], [111.3349252011372, 30.660373868659235], [111.33493060876071, 30.660386847675], [111.33493536707357, 30.660397727673057], [111.33494007862186, 30.660408059984036], [111.33494530907882, 30.660418981350972], [111.33495158544741, 30.660431561967187], [111.33495937627424, 30.660446761409048], [111.33496716800045, 30.66046199232727], [111.33497345695946, 30.660474689855107], [111.33497871079896, 30.66048583515328], [111.3349834592193, 30.66049650381069], [111.3349878011461, 30.660506429628015], [111.33499152344024, 30.66051477443733], [111.33499492467615, 30.6605221866497], [111.33499832591207, 30.660529380326807], [111.33500152120337, 30.660536554218652], [111.33500415531762, 30.66054389088788], [111.3350064243071, 30.66055209360428], [111.3350085548011, 30.66056180088657], [111.33501042718956, 30.660572124204236], [111.33501172760924, 30.660582636379672], [111.33501252800596, 30.660594332062885], [111.33501293809678, 30.660608134857682], [111.33501308378698, 30.660621888189667], [111.33501289402994, 30.66063340580712], [111.33501232565828, 30.66064357803873], [111.33501135798792, 30.660653386045], [111.33501015199704, 30.66066259780081], [111.33500870228988, 30.66067053971375], [111.3350068469885, 30.66067784670537], [111.33500446018775, 30.66068519686445], [111.33500198705224, 30.660692361763154], [111.3349998142902, 30.660698964585606], [111.33499776293661, 30.660705574602673], [111.33499564503308, 30.660712765581707], [111.3349935199351, 30.66071991878931], [111.3349914371052, 30.660726390310742], [111.33498920678653, 30.660732722437217], [111.33498664911474, 30.66073947904391], [111.33498416698575, 30.660746157409278], [111.33498223074542, 30.660752193658823], [111.33498069920006, 30.66075810490281], [111.33497940777352, 30.660764408250827], [111.33497828631897, 30.66077063515678], [111.33497738070167, 30.66077625322157], [111.33497662257321, 30.66078174088466], [111.33497593998783, 30.660787578384202], [111.33497543816594, 30.66079336732014], [111.33497536262303, 30.660798657132432], [111.33497574393562, 30.660803904676527], [111.33497657940575, 30.66080956590889], [111.33497770715559, 30.660815323368467], [111.33497918743973, 30.660820929742158], [111.3349811884313, 30.660826895844593], [111.3349838432298, 30.660833711806447], [111.33498663292681, 30.66084023458933], [111.33498913484084, 30.660845101720156], [111.33499156390974, 30.660848630659814], [111.33499413327274, 30.660851232398556], [111.33499714869959, 30.660853340409403], [111.335001257702, 30.660855023040995], [111.33500693512212, 30.66085640709764], [111.33501454878257, 30.6608576301756], [111.33501909755336, 30.661096624109916], [111.33501837539785, 30.6611187950964], [111.33501788526723, 30.661135950563846], [111.33501760018225, 30.661149283013117], [111.33501747877375, 30.661160229561006], [111.33501745089472, 30.661170333444204], [111.33501751114926, 30.6611804840922], [111.33501767482602, 30.661191641081473], [111.33501794732058, 30.661204689345084], [111.33501823510352, 30.661217883298775], [111.33501844644434, 30.66122958887445], [111.33501860202688, 30.66124077464218], [111.33501871714014, 30.661252449640926], [111.33501877379757, 30.661264071579694], [111.33501870904632, 30.6612750567985], [111.33501850759825, 30.6612863765651], [111.33501816585579, 30.661298986858924], [111.33501788436791, 30.661311241920373], [111.3350179167436, 30.661321234287698], [111.33501828816367, 30.66132971039798], [111.33501901031912, 30.66133751831194], [111.33502010569339, 30.661345483607192], [111.33502189174703, 30.66135455237071], [111.33502458881378, 30.66136565719944], [111.33502836416784, 30.661379606583637], [111.3350388934303, 30.661379337686412], [111.33534908938901, 30.66137140206871], [111.3357467381216, 30.661236992992883], [111.3360719743423, 30.661218305080865], [111.33607563098565, 30.661205319769863], [111.33616896892283, 30.661159189944783], [111.33637633819751, 30.661180095584996], [111.33645166271424, 30.661187847741076], [111.33644352564829, 30.661304597729043], [111.33646552936074, 30.66130085025401], [111.33659874593542, 30.661311506321], [111.3369607410454, 30.661286787555298], [111.33688919278205, 30.66142495219981], [111.33687541157104, 30.661451563139224], [111.33687220818592, 30.661536274779394], [111.33684844629892, 30.66157233129809], [111.33682302965929, 30.661599235416475], [111.33681172158373, 30.66160253772705], [111.33679458680086, 30.66160601900259], [111.33677057939877, 30.661609959831765], [111.33674645598421, 30.661614220819786], [111.33672888233218, 30.66161889729426], [111.33671675227646, 30.66162446319845], [111.33670860621737, 30.661631328622946], [111.33670293868977, 30.661638813680497], [111.33670012830828, 30.661646703432666], [111.33670014269751, 30.661655765900946], [111.3367027714159, 30.661666700757678], [111.33670559978367, 30.661677442260327], [111.3367063696034, 30.66168578257293], [111.33670498644602, 30.661692308053716], [111.33670148988193, 30.661697716576384], [111.33669716144493, 30.66170227434054], [111.33669264235175, 30.661705596436207], [111.3366874964309, 30.661707892405502], [111.33668132438368, 30.661709435641967], [111.33667478361451, 30.66171071897469], [111.33666824464387, 30.66171203108547], [111.33666109593293, 30.661713499678342], [111.33665220973182, 30.66171513194797], [111.33664356994478, 30.6617169386858], [111.33663316388959, 30.661718267883884], [111.33662047085824, 30.66171932098996], [111.33660457264307, 30.661720204124208], [111.33658870320608, 30.66172095056146], [111.33657612259009, 30.661721479362825], [111.33656592607673, 30.661721820205912], [111.3365570497682, 30.661722018956084], [111.33654924275339, 30.661722151156482], [111.33654305361904, 30.661722241088626], [111.33653803989876, 30.661722297745882], [111.33653367638817, 30.66172232292695], [111.33652931917294, 30.661722248283183], [111.33652432433814, 30.661721925426605], [111.33651817027743, 30.66172130579372], [111.33651041362486, 30.661720357908223], [111.33650148425619, 30.661719038602882], [111.3364909199201, 30.661717031316073], [111.33647760185983, 30.661714091432202], [111.33646058938484, 30.661710036389138], [111.33644838198728, 30.6617079463648], [111.33643121303015, 30.661702906564074], [111.33642207591811, 30.6617007041242], [111.33641531661374, 30.661699085344594], [111.33640983434645, 30.661697659919128], [111.33640549511756, 30.66169617603788], [111.33640198686237, 30.661694490708328], [111.3363989435565, 30.661692474428207], [111.33639608461175, 30.661690725246956], [111.33639327243162, 30.661690033668208], [111.33639024531368, 30.661690430269232], [111.33638675684352, 30.66169186198988], [111.33638324858816, 30.661694803672333], [111.33638013693394, 30.66170087409614], [111.3363771646745, 30.66171089164436], [111.33637607469626, 30.661716004290327], [111.33637406561076, 30.661725428285934], [111.33637106277439, 30.661740520708577], [111.33636842776093, 30.661752752387713], [111.33636602477236, 30.661762658420116], [111.33636355163668, 30.66177161386895], [111.33636166306047, 30.66177817532258], [111.33636120080888, 30.66177977611585], [111.33635911887836, 30.661787680257362], [111.3363574668237, 30.66179330191943], [111.33635576170906, 30.661799832796078], [111.33635474187793, 30.66180366930405], [111.3363540619905, 30.66180623057312], [111.336351971966, 30.661813017756742], [111.33635038106542, 30.661818309367618], [111.33634808419674, 30.66182503179982], [111.33634617403675, 30.661830405249077], [111.33634568210755, 30.661831792003625], [111.33634334836688, 30.661838024305382], [111.33634087073477, 30.661844269197843], [111.33633804596411, 30.661851062676476], [111.33633519601256, 30.66185778510868], [111.33633261495822, 30.661863756607204], [111.33633008606472, 30.661869477194784], [111.33632738630001, 30.661875456787072], [111.33632470182357, 30.661881368930153], [111.33632222688937, 30.66188682691569], [111.33631974835782, 30.66189230468615], [111.33631705398903, 30.661898276184615], [111.3363143632173, 30.66190404803342], [111.33631190357153, 30.66190877576946], [111.3363094637109, 30.661912819121426], [111.33630671358407, 30.661916690702867], [111.33630423775048, 30.661919939053973], [111.33630195617036, 30.661922488632115], [111.33629979599897, 30.661924396993413], [111.33629756028421, 30.661925881774096], [111.33629525891911, 30.661927397131706], [111.33629286222595, 30.66192942060644], [111.33629013188414, 30.661932186920865], [111.33628686015066, 30.661935875939946], [111.33628315944031, 30.66194034826856], [111.33627881661414, 30.661946055366286], [111.33627337391721, 30.661953628557285], [111.33626919206961, 30.6619596387265], [111.33626644733874, 30.66196358405216], [111.33625948208959, 30.661973678942275], [111.3362539026956, 30.661981786330443], [111.33624930176404, 30.66198849527302], [111.33624520715068, 30.66199449285159], [111.33624150284322, 30.66199991756224], [111.33623837410187, 30.662004471729063], [111.33623557271358, 30.662008515081027], [111.33623283158005, 30.66201242982993], [111.33623020735831, 30.662016259143115], [111.33622783674531, 30.662019977839748], [111.33622552368905, 30.662023925863537], [111.33622306044595, 30.662028424272478], [111.3362207141148, 30.662032929875863], [111.33621804672566, 30.662036725014957], [111.33621690458665, 30.66204058130785], [111.33621573456861, 30.662044528432432], [111.33621451418855, 30.66204865002527], [111.3362131786954, 30.662053159226105], [111.33621050321227, 30.66205826557666], [111.33620760109994, 30.662064647165778], [111.33620390758443, 30.662072044089598], [111.3361986906171, 30.66208107418231], [111.33619133596159, 30.662092715006793], [111.33618137327187, 30.662107773255173], [111.33617182966634, 30.662122835100774], [111.33616606501198, 30.662134486717378], [111.33616384368662, 30.662143543789625], [111.33616470883442, 30.66215098118289], [111.33616723682854, 30.662157369966792], [111.33616884301767, 30.66215940423325], [111.33617126759009, 30.662162480814004], [111.33617729934292, 30.66216669143978], [111.3361857008095, 30.66217042812292], [111.33619429203304, 30.662173860835196], [111.33619536042767, 30.662174347368307], [111.33620103425051, 30.662176921228024], [111.33620640590101, 30.66217986560838], [111.33621097625559, 30.662182956578363], [111.33621493237331, 30.66218591444857], [111.33621713391358, 30.662187663629823], [111.33621800355803, 30.662188354309137], [111.33622040474808, 30.662190464118737], [111.3362223922498, 30.66219245072108], [111.33622443640877, 30.662194430129034], [111.33622704624128, 30.662196512059552], [111.33623051222844, 30.662198898860197], [111.33623506909333, 30.662201772194123], [111.33624040477105, 30.662204876653902], [111.33624661279106, 30.662208507216974], [111.33625249435727, 30.662210742931507], [111.3362549450099, 30.662211866184805], [111.33625626791257, 30.662212432757713], [111.3362654068232, 30.662216352902476], [111.33627617260737, 30.66222097361907], [111.33628546080547, 30.662225207627273], [111.33629401875413, 30.662229413756563], [111.33629857921619, 30.662231820342413], [111.33630264055449, 30.66223396342673], [111.33631104202101, 30.66223852388896], [111.33631876719744, 30.662242781279474], [111.33632648697778, 30.66224711061585], [111.33633486506216, 30.66225187702264], [111.3363431172412, 30.662256717173875], [111.33635021469075, 30.662261281233214], [111.33635719432914, 30.66226610699539], [111.33636423602081, 30.662271467853998], [111.33637099622456, 30.662276972604275], [111.33637676357688, 30.662282301087316], [111.33638199763112, 30.66228793803799], [111.33638719121609, 30.662294341211066], [111.33639021293811, 30.66229807339755], [111.33639236231784, 30.66230072909542], [111.33639750823852, 30.662306296798192], [111.33640310921612, 30.66231149757772], [111.33640918683454, 30.66231673432992], [111.33641624471397, 30.66232182269414], [111.33642233402367, 30.662325894824335], [111.33642840174934, 30.662329333831792], [111.33643497579362, 30.66233248505631], [111.33644181064113, 30.66233577657482], [111.33644886042663, 30.66233975337701], [111.3364566233746, 30.662344726627964], [111.33646624791913, 30.66235139510087], [111.33647679336951, 30.66235923808847], [111.33648885957336, 30.662369169301826], [111.33649361608764, 30.66237337363242], [111.33650370108501, 30.662382288611923], [111.33652238270179, 30.66239948544802], [111.33652708525676, 30.662403762623626], [111.33654123878722, 30.662416640915296], [111.33655672241491, 30.662429598347444], [111.33657000720012, 30.662439223791125], [111.3365820788, 30.662446424662846], [111.33659554344968, 30.66245301759278], [111.33661161433457, 30.662459022366022], [111.33663235899621, 30.662465137755987], [111.33664994164155, 30.66246955882326], [111.33665889439266, 30.662472602128958], [111.3366667580645, 30.66247527491413], [111.33688075534269, 30.662546965270337], [111.33692297941212, 30.662549082274325], [111.33703198264004, 30.66255454655527], [111.33714098856575, 30.662602728633146], [111.33757469921306, 30.66272231957936], [111.33759660220147, 30.66272835942641], [111.33766657395341, 30.662747654380837], [111.33767040776314, 30.662731936030127], [111.33767241684865, 30.662724799909654], [111.33769146718754, 30.662657198770887], [111.33770515486913, 30.662608613796635], [111.33770844099178, 30.662596951388366], [111.33770842660277, 30.662576245397474], [111.33770842390464, 30.662572306366883], [111.33770993296702, 30.662537029560326], [111.3377120220922, 30.662488254829213], [111.33771329373366, 30.662458508853206], [111.33772860469145, 30.66240258091449], [111.3377302909202, 30.66239610039969], [111.33774956968688, 30.662321943203267], [111.33775397186844, 30.662313807936016], [111.33775563201692, 30.662311606395576], [111.33776048116147, 30.66230715385217], [111.33776878640043, 30.662295518423548], [111.33779672383986, 30.662250865285273], [111.33780705974817, 30.66223665959427], [111.33781691721714, 30.662224723792065], [111.3378275328144, 30.66221356770211], [111.33784725404757, 30.6621938401737], [111.33785655303762, 30.662185328090402], [111.33787034773849, 30.662174314992797], [111.3378827466916, 30.66216490898347], [111.33788920292449, 30.66216001217481], [111.33792663990266, 30.662131615181977], [111.33794295180593, 30.662117676589673], [111.33795551533484, 30.66210497816229], [111.33796570195562, 30.662092327399023], [111.33797234974423, 30.662082944772237], [111.3379743354472, 30.662080144283323], [111.33798106237629, 30.662069194137985], [111.33798635668506, 30.662058557856312], [111.33799078404758, 30.66204729294833], [111.33799473566864, 30.66203579511597], [111.3379981827701, 30.66202369923451], [111.33800160469042, 30.66201169058712], [111.33800511564374, 30.661997002859437], [111.33800783609286, 30.66198326211793], [111.33800828935125, 30.66198097873928], [111.33801037667769, 30.661963357423133], [111.338011491837, 30.661942363649302], [111.33801188843796, 30.66189128125768], [111.33801220140202, 30.66187999566546], [111.3380127257069, 30.6618609768027], [111.33801442812342, 30.66184763715887], [111.33801589491776, 30.661841065812723], [111.33801733922888, 30.661837950560994], [111.33801869630582, 30.661832800143657], [111.33801903624959, 30.661831513213826], [111.33802363538257, 30.6618068493068], [111.33802896206709, 30.661775552000222], [111.33803478517723, 30.661741339990954], [111.33803574655258, 30.6617335329762], [111.33803746605639, 30.661723206061254], [111.33803965860352, 30.661710025597245], [111.3380392494119, 30.661699999955033], [111.33803895443435, 30.661685403958302], [111.33803819810441, 30.66168005569017], [111.338034932666, 30.66166638599509], [111.33803432832173, 30.661656248836948], [111.33803464937972, 30.66164590213674], [111.33803760904851, 30.661626319399147], [111.33803830692244, 30.661615261335385], [111.33803835458656, 30.661603213117814], [111.3380368778997, 30.661582302980946], [111.33803659101591, 30.661569580271987], [111.33803783208043, 30.66155065763678], [111.33804248067605, 30.661521180558054], [111.3380442991052, 30.661506759929125], [111.33804528476207, 30.66149448957907], [111.33804646826997, 30.661487169996974], [111.33805091361893, 30.661473068627288], [111.33805146760119, 30.661472788038907], [111.3380540747358, 30.661464631187926], [111.3380615849743, 30.661450701588763], [111.33806575782853, 30.661444414428274], [111.33807304683364, 30.661434744917585], [111.33808677408553, 30.661415586659984], [111.33809316826529, 30.66140734887017], [111.33809823414634, 30.66139863533874], [111.3381028377758, 30.661390346287533], [111.33810854487353, 30.66137753904235], [111.33811008900938, 30.661374070357056], [111.33811271592924, 30.66136617880619], [111.33811378342449, 30.661362004153204], [111.33811716307679, 30.661348787716406], [111.3381218656317, 30.661334089197], [111.33812480461609, 30.661326552878222], [111.33813367193147, 30.661303828808684], [111.33813754980815, 30.66129388590423], [111.33814328478496, 30.661280603816977], [111.33815179237138, 30.661265484414685], [111.33815641308803, 30.661257299684678], [111.33816145918416, 30.6612483604236], [111.3381739210896, 30.661227210167624], [111.33817968484459, 30.66121878262078], [111.33818513923285, 30.661211564662153], [111.33819653724055, 30.661198909402174], [111.33820174791242, 30.661194002701166], [111.33820695228911, 30.66118984243741], [111.33822073799678, 30.661181607345327], [111.33822441802266, 30.661179409402337], [111.33823456417377, 30.661170474637743], [111.33824623467603, 30.661161778193673], [111.3382666043205, 30.66114854287099], [111.33827142558602, 30.66114408493172], [111.33827614342937, 30.661140241229305], [111.33827955635655, 30.661135755410783], [111.33828426520677, 30.661127771229644], [111.3382853542858, 30.6611245687439], [111.33828586240276, 30.661120525391937], [111.33828735797528, 30.661108593187066], [111.33829015396753, 30.66109231365948], [111.33830379038773, 30.66103314816138], [111.33830921060166, 30.661005423861354], [111.3383103779218, 30.660981118783752], [111.3383070522288, 30.6609582436281], [111.33829928388496, 30.660934711068194], [111.3382882483042, 30.660911719900128], [111.33827264956318, 30.660890885306173], [111.33825065664263, 30.66087043202498], [111.33818940921401, 30.66082574471244], [111.33817986021245, 30.660817597753976], [111.33816123525287, 30.660801709431496], [111.33813396960716, 30.660774110137254], [111.33813167363786, 30.660771455338363], [111.33813071855792, 30.660770350071743], [111.33810519040236, 30.66074083612085], [111.33807599301281, 30.6607038901725], [111.33806978319399, 30.66069497429379], [111.33805302432768, 30.660670922824863], [111.3380471580499, 30.660662505170592], [111.3380367340082, 30.66064574720366], [111.33803559276856, 30.660643911687202], [111.33801601992354, 30.660612448905454], [111.33799979435508, 30.660584458406163], [111.33797672134864, 30.66054465800954], [111.33795705407482, 30.660510731984743], [111.33794356604278, 30.66048746472478], [111.33793040716273, 30.66046731181717], [111.3379104026431, 30.660436673713548], [111.33787774736015, 30.66039390285647], [111.33784273585377, 30.66035484799795], [111.33780803191519, 30.660319180885665], [111.33779862140943, 30.660310204752193], [111.33777652596609, 30.660289130039416], [111.33776045058431, 30.660275238211796], [111.33774553622766, 30.66026234732965], [111.33771632175092, 30.660239396630914], [111.33771234494895, 30.660236269688085], [111.33767867792864, 30.66021146908406], [111.33767340070699, 30.660207939245026], [111.33764590843202, 30.660189475264133], [111.33761104171629, 30.66016846170521], [111.33758725464816, 30.66015528483871], [111.33757138071468, 30.66014649216703], [111.3375583648268, 30.660139694191685], [111.33755399412155, 30.66013741261162], [111.33754824295721, 30.66013440797667], [111.33752967375557, 30.660124710586956], [111.33750050514425, 30.660110137972538], [111.33748826986778, 30.660104025280702], [111.33744315627672, 30.66008264479825], [111.33742905041055, 30.660076225437535], [111.33739411894356, 30.660060325423785], [111.33739072040561, 30.660058778589814], [111.33735237061558, 30.660042924441427], [111.33733870092033, 30.660037273101807], [111.33730508516163, 30.660027617080914], [111.33729516114289, 30.660024765330775], [111.3372567259172, 30.660020821803528], [111.33721968733875, 30.660024455064672], [111.3371808851897, 30.660037594159803], [111.33714268198929, 30.660064510868665], [111.3371358165648, 30.660069349221146], [111.33711094581366, 30.66009339619336], [111.33708641320749, 30.66011711581234], [111.33707975822443, 30.660124217758607], [111.3370656928276, 30.66013997388086], [111.3370586232569, 30.660147708949637], [111.33702366121315, 30.660188140670186], [111.33700870189011, 30.66020518821898], [111.33710175114498, 30.660251220017813], [111.33711323818545, 30.66028016110073], [111.33709822580266, 30.660283216097696], [111.33706393195507, 30.660291771348284], [111.33705970604069, 30.660292826253055], [111.33702217013723, 30.66030091925205], [111.33698369803938, 30.660305862825396], [111.33697308513985, 30.660308154298036], [111.33696944558363, 30.660312445862814], [111.33696713432596, 30.660316737427593], [111.33696748596077, 30.66032388703792], [111.33696884303771, 30.660334752646804], [111.33697053736046, 30.660347336860298], [111.33697054095774, 30.66034919485952], [111.33696724494251, 30.660357347213903], [111.33695512477937, 30.660400527262595], [111.33687422626463, 30.660383555256885], [111.33680393525356, 30.66036698524823], [111.33674155737702, 30.660350875692416], [111.33667662992269, 30.66033247736209], [111.33662020375954, 30.660314606034376], [111.3363056272031, 30.660206175674602], [111.3362099744109, 30.6601742947081], [111.33614786543183, 30.66015502133729], [111.33605286105075, 30.660128914018344], [111.3360256322772, 30.660120706805287], [111.33600111585895, 30.66011230893605], [111.33597699604172, 30.660103010845376], [111.33593420809734, 30.6600851053434], [111.33587879636951, 30.660058113091623], [111.33586316525299, 30.660049431036555], [111.33583408837256, 30.66003075391626], [111.3358077058611, 30.660011100132238], [111.33579608931814, 30.660000970168653], [111.33577284094389, 30.659978225414875], [111.33575622057322, 30.65996039905332], [111.33574348077718, 30.659944778728743], [111.33573552717297, 30.659932887892523], [111.33572752770328, 30.65991651483546], [111.335685275755, 30.659837590332643], [111.33566039870846, 30.659796929284937], [111.33562291406622, 30.659739539947907], [111.33545311217154, 30.659297578920302], [111.33534293442887, 30.659010811200005], [111.33530342901003, 30.65902571116783], [111.33520228765553, 30.659028035915185], [111.33512019663976, 30.659006358656598], [111.33510458710708, 30.65900059939827], [111.33506086386785, 30.658988167170207], [111.33505144436873, 30.658983803659794], [111.33502576422768, 30.658963638161538], [111.33502182879454, 30.658959739600448], [111.33501975585716, 30.6589557484092], [111.33501940871884, 30.658950868687725], [111.33502062010558, 30.658946792060874], [111.3350228630149, 30.65894296634491], [111.33502715278092, 30.65893795442321], [111.33511741863407, 30.65885301705316], [111.33524026242821, 30.658733250738976], [111.33530120318801, 30.658672390918127], [111.33533941987844, 30.65863260581017], [111.33544902475279, 30.65851370284514], [111.33551596488996, 30.65843889813675], [111.33564421630763, 30.658290122391293], [111.33568501675029, 30.658239591284143], [111.33572156969478, 30.65819008630359], [111.33576747289072, 30.658131000845117], [111.33582060303843, 30.658059725975704], [111.33583754716506, 30.658053392050533], [111.33634321167, 30.657196902914905], [111.33641075255417, 30.65715296114041], [111.3364802638531, 30.657130227178357], [111.33648143477052, 30.65714847442274], [111.33648127019444, 30.65716593296156], [111.33656096361767, 30.65725213118094], [111.33663670362114, 30.657288174209953], [111.33668005004427, 30.657301626269145], [111.33675690340846, 30.657324405197244], [111.33683618224404, 30.657348510625297], [111.33686393082581, 30.657355612571507], [111.33691594401563, 30.6573668576944], [111.33698244888109, 30.657396689106065], [111.33700491124779, 30.657407517842728], [111.33732267769955, 30.657548927241237], [111.33736221099741, 30.657568322020495], [111.33716741784212, 30.657803900329895], [111.3370736626195, 30.65790017815084], [111.33698376458915, 30.657990104959424], [111.33696472594153, 30.65800870293947], [111.33693326765632, 30.658065968170035], [111.33690058359514, 30.658128536702634], [111.33688565844642, 30.65817509190714], [111.33687275677238, 30.658224922442344], [111.33686616474182, 30.658251528885103], [111.33684267355056, 30.658343519637697], [111.33682785542129, 30.658400817244], [111.33680425990872, 30.65849182413848], [111.3367875523038, 30.658557069952906], [111.33677083930286, 30.65862088494606], [111.33675905098943, 30.65866613883128], [111.33674567087604, 30.65872649413251], [111.33672906939108, 30.65879749470878], [111.33672011484163, 30.658834975753507], [111.33668580480611, 30.658976573110465], [111.33667743931255, 30.65901508297975], [111.33674586243166, 30.65905925228276], [111.3368120003737, 30.65910375703288], [111.33691604114239, 30.6591721666623], [111.337102491287, 30.659301466689385], [111.33730000399203, 30.65943399168549], [111.33749713898192, 30.659571755232378], [111.3375104903169, 30.65958309118679], [111.33758414029603, 30.65961655585943], [111.3376393631662, 30.659640066835664], [111.33764816303244, 30.659630614061655], [111.33765976788413, 30.6596342050546], [111.3378594020898, 30.659708312788553], [111.33821952571071, 30.659836249443458], [111.33829529898901, 30.65986215261637], [111.33848944463222, 30.660037293786218], [111.33851189260992, 30.660050058763375], [111.33866816600306, 30.660125495695127], [111.33892792168632, 30.660249103913145], [111.33912388755743, 30.660262406684865], [111.33927082688729, 30.66022960301376], [111.33937088995481, 30.66016423489168], [111.33940806882742, 30.659988707013383], [111.33942888093821, 30.65992551884773], [111.33946264688382, 30.659715706115037], [111.3395338803843, 30.659480774418398], [111.33936531235935, 30.65935554292406], [111.33929328026085, 30.659313364719992], [111.33909647981875, 30.659209425574716], [111.33904887870284, 30.65918076957695], [111.3389396920133, 30.65913792767327], [111.33884154090453, 30.659096009373513], [111.33869444419338, 30.659005943169916], [111.33861509790864, 30.658958298886546], [111.3387216450879, 30.65883292619867], [111.33870914541086, 30.658830275896662], [111.33868094536945, 30.6588166277852], [111.33865273813342, 30.658802299786373], [111.33863722482812, 30.658787346758743], [111.33859781383808, 30.658745598430755], [111.33856139938922, 30.658702999343973], [111.33852453887653, 30.658654469228395], [111.33850177074015, 30.658624043364966], [111.33850653984513, 30.65855413456569], [111.33851196365617, 30.658481761624103], [111.33852888080332, 30.658442025978786], [111.33855417873241, 30.658387777973758], [111.33856285179434, 30.65837770916397], [111.33859342514654, 30.658352529945432], [111.33862880987175, 30.658326124950804], [111.33869655040564, 30.658302209279725], [111.33875888061789, 30.658304158110525], [111.33878568581082, 30.658319684905678], [111.33880982181586, 30.658333672061474], [111.33882949628429, 30.658363710317076], [111.3388449871066, 30.65838690383265], [111.33887815500293, 30.658379280279632], [111.33894070914653, 30.65836380834321], [111.33901087964847, 30.65834637858262], [111.33908070481078, 30.658329226712453], [111.33915411736882, 30.658311156634625], [111.33929828318941, 30.658275118102267], [111.33942222325703, 30.65824356898571], [111.33953490021565, 30.65821225279342], [111.33961266908949, 30.658189409114073], [111.33971900672685, 30.658160081322876], [111.33981240491858, 30.658123576941648], [111.33984511416082, 30.65810985328727], [111.33986758102424, 30.657991980945326], [111.33988272830538, 30.657912266837684], [111.33989215769702, 30.657860466787213], [111.34002035425601, 30.657860792341694], [111.34004622415404, 30.657837672570565], [111.34004975399301, 30.657831613838027], [111.34005129183384, 30.657814383726986], [111.34006301809399, 30.65772511612124], [111.3400838400973, 30.657567857071], [111.34009206889397, 30.657503059118937], [111.3400942128776, 30.657477048027374], [111.34013872841962, 30.657172487220578], [111.34014015384508, 30.657163870816078], [111.34017910078501, 30.656928907643078], [111.33994319782045, 30.656752832077586], [111.33990403504322, 30.656731673727847], [111.33974616895063, 30.656641485216426], [111.3396218655567, 30.65657287234029], [111.3395377186909, 30.656523727987746], [111.33951033973045, 30.656509523196064], [111.33951047193085, 30.656505916015192], [111.33951304938785, 30.656406250448185], [111.33953209163275, 30.656207119862756], [111.33956234842378, 30.65609821286239], [111.33953938963123, 30.656092663145955], [111.33955863872035, 30.656049387769087], [111.33956000389122, 30.65603994758567], [111.3395635229383, 30.6560157522253], [111.33961560627529, 30.65593550481975], [111.3396399608157, 30.655898618226786], [111.33968493231384, 30.655803968178645], [111.33970864923492, 30.655750133861716], [111.33967090378923, 30.655655358807792], [111.3396435122383, 30.655589667829076], [111.33964737572597, 30.655551851336952], [111.33965684558694, 30.655483406634062], [111.33966387918485, 30.65545332161355], [111.33970064077204, 30.65530841025503], [111.33971745089974, 30.65524080911615], [111.33974763124826, 30.65512260132715], [111.33978196286739, 30.65498943961103], [111.33979677200352, 30.65493211772315], [111.33982354212282, 30.654826981580015], [111.33984225161862, 30.654756893815772], [111.3398099560647, 30.65470476281456], [111.33971880437934, 30.654648664904073], [111.33967108275431, 30.654621453217658], [111.33948644024719, 30.654517416945282], [111.33943165534663, 30.654486386737517], [111.33939262387065, 30.65446605756256], [111.33935686412809, 30.654447339073613], [111.33933654034917, 30.654440837874347], [111.339267103694, 30.654434665827296], [111.33914679329001, 30.654419604880843], [111.33901803375545, 30.65440055724008], [111.33899280507387, 30.65439740421698], [111.3389225923039, 30.65438686236388], [111.33887328697273, 30.654380904355435], [111.33880253820655, 30.654370582836293], [111.33878217305897, 30.6543689946335], [111.3386820047707, 30.654366581752413], [111.33859933998758, 30.654364998945653], [111.33852458923855, 30.65436480739004], [111.338493632775, 30.65436396562467], [111.33846310708691, 30.654365034019236], [111.338377441266, 30.65437642213425], [111.33832264107707, 30.65438303664797], [111.33829003165965, 30.654375753937927], [111.3382226112846, 30.654360424094364], [111.33820498187453, 30.6543569697983], [111.33816212288383, 30.654364116710724], [111.33808834699977, 30.654375395108502], [111.3380431236913, 30.65437920913331], [111.337968674215, 30.654385831740854], [111.33795189376491, 30.654387483795517], [111.33792298325909, 30.653871040016554], [111.33830769704264, 30.653526373943123], [111.33853943974339, 30.653487585283926], [111.3391978675877, 30.653495356325664], [111.33920197838864, 30.653495404889156], [111.33970939837008, 30.65335088563495], [111.33974538833911, 30.653310444021884], [111.3398369330281, 30.65320757417021], [111.34003655824063, 30.65336243832604], [111.34032967967107, 30.653589832804585], [111.3410270508578, 30.654084413165265], [111.34106945119436, 30.654069940375507], [111.34156903178553, 30.65599869208603], [111.34182360107843, 30.65616985555448], [111.34306638680431, 30.6560491701332], [111.34306225711748, 30.655727959277954], [111.3430667681169, 30.655441556682604], [111.34309371540274, 30.655255333167247], [111.34312594440689, 30.65512692976415], [111.3431547128198, 30.655012298578697], [111.34322438060087, 30.65473471563473], [111.3432768371564, 30.654589565056426], [111.34338840974738, 30.6542808340933], [111.34343731667889, 30.654134435256083], [111.34374155822638, 30.65419204312832], [111.3437080288025, 30.654259224283862], [111.34368099877912, 30.65442158159084], [111.34370170117273, 30.654655410718817], [111.34387387907628, 30.654946119268175], [111.34397919958042, 30.655065168822546], [111.34398780159592, 30.655063712820095], [111.34402135710008, 30.65510464906049], [111.34404505693396, 30.65513356226421], [111.34418366404498, 30.655297869301364], [111.34433048466411, 30.65544306124832], [111.3444108507802, 30.655531150742092], [111.34470127604305, 30.655535916249562], [111.34496320538778, 30.655340009733834], [111.34530125514891, 30.65508716983709], [111.34523665414827, 30.654852266019418], [111.34500116307328, 30.653995942358904], [111.34500938377619, 30.653994330773912], [111.3454665820172, 30.653863337323344], [111.34616486511663, 30.65366326424828], [111.34615221165524, 30.65364056266185], [111.3461705389393, 30.65362828511735], [111.34623269378397, 30.653592406664302], [111.34632527808913, 30.653540186630494], [111.34633452941506, 30.65353463061882], [111.34639529570643, 30.653521764917627], [111.34639880126372, 30.653522047304705], [111.34646098128928, 30.653527027750272], [111.34655779330762, 30.653455562224508], [111.34663994997379, 30.653397976835265], [111.34669766486547, 30.6532823527985], [111.34682709529437, 30.65307429464309], [111.34683615416537, 30.653059733719772], [111.34693747358557, 30.65307960873713], [111.3469464775979, 30.653080329094053], [111.34695898626825, 30.653045948911426], [111.34697074760203, 30.65302643632117], [111.34697511740785, 30.65302068875394], [111.34698340825781, 30.65300844088688], [111.34699693855788, 30.652988913907336], [111.34700130206852, 30.65298240641306], [111.34701498435425, 30.65296200439309], [111.34702397577587, 30.652951261091914], [111.34703189070927, 30.65294180741853], [111.34703670298165, 30.652936058952093], [111.3470419550224, 30.652929545162408], [111.3470467627979, 30.65292341538344], [111.34705201124137, 30.652916901593926], [111.34706687433686, 30.65289774693366], [111.34707211828362, 30.652890855428666], [111.34707780109983, 30.652883575416695], [111.3470826097747, 30.652877445637728], [111.34708741305371, 30.652870935445492], [111.34709265610132, 30.65286365813148], [111.34710706773711, 30.65284374894003], [111.34712368181255, 30.652822676925155], [111.34713679932389, 30.652805820931917], [111.34713807905916, 30.652800857573652], [111.3471425999511, 30.65279544275552], [111.3471560007489, 30.65277919290554], [111.34717592612827, 30.652755886075283], [111.3472082918293, 30.652723256872832], [111.34722978832423, 30.6526974238472], [111.34728201105611, 30.65264154716965], [111.34728863816014, 30.65263756766973], [111.34731184786364, 30.652614382247975], [111.34732903840455, 30.65259736437696], [111.34734132134508, 30.65258543486999], [111.3473639599788, 30.652564702798827], [111.34737033976955, 30.65255918905541], [111.3473771107652, 30.65255349724623], [111.34738990362126, 30.65254281240084], [111.34739591558923, 30.652537751915872], [111.34739990767963, 30.652534380357338], [111.34740237991588, 30.652532293930335], [111.34740875970664, 30.652526933071556], [111.34741448569008, 30.65252224580513], [111.34742002911105, 30.652517847220906], [111.34742588369755, 30.652513334422963], [111.34743174008281, 30.65250876676629], [111.34743727630939, 30.65250416763331], [111.34744298340695, 30.652499098154976], [111.34744934700996, 30.652493161730092], [111.34745697775736, 30.652485626310693], [111.34746745935587, 30.652474552059118], [111.34748200499064, 30.65245861607235], [111.34750155984915, 30.652436809311382], [111.34748522636221, 30.652355854139387], [111.34744019730744, 30.652132647803626], [111.34744178191278, 30.652111993973335], [111.34744465344812, 30.652101393664452], [111.34745952283885, 30.65204212384498], [111.34746859430027, 30.652005992682575], [111.34746707984203, 30.652001098571873], [111.3474652829965, 30.651995279958385], [111.34746379641712, 30.651987301173108], [111.34746185028428, 30.651978566058062], [111.34746037809407, 30.651971348998586], [111.34745981242054, 30.6519652632864], [111.34745834472699, 30.65195842574093], [111.34745638690288, 30.65194892979946], [111.34745444796442, 30.651940575097626], [111.34745295868714, 30.65193259631235], [111.34745193166134, 30.651925370259733], [111.34744851333829, 30.651909418984587], [111.34744505094847, 30.651891183431417], [111.34744354728196, 30.65188244292051], [111.34744014334808, 30.65182344379707], [111.34743951562126, 30.651814307584402], [111.34743701460656, 30.651778154838155], [111.3474359552053, 30.65176940713252], [111.34743577713954, 30.65176064683635], [111.34743472133539, 30.651752283141377], [111.34743411968901, 30.651744290866475], [111.34743215556966, 30.65173479582421], [111.3474306537019, 30.651726054413928], [111.3474287165622, 30.65171770061147], [111.3474276724491, 30.651709716430332], [111.34742661034994, 30.651700966026908], [111.34742511567674, 30.651692607727796], [111.34742362100337, 30.651684249428683], [111.34742254901147, 30.65167512130978], [111.34742103185528, 30.651665618173922], [111.34742041222239, 30.65165686507237], [111.34742005159427, 30.651638964966253], [111.3474182151786, 30.651590960954138], [111.34741763511585, 30.65158450382188], [111.34741830870803, 30.65157460858137], [111.34741812884374, 30.65156624398702], [111.34741663596913, 30.651558282289045], [111.34741599834973, 30.651549164062658], [111.3474157402444, 30.65153699713477], [111.3474151943559, 30.65153206165536], [111.34741501359207, 30.651523697960386], [111.34741483013045, 30.651514955650725], [111.34741419520901, 30.651505835625812], [111.34741400725073, 30.651497095114962], [111.34741374284994, 30.651484547773805], [111.34741308094902, 30.65147429100574], [111.34741271942153, 30.651457179605302], [111.34741215374794, 30.65145148509805], [111.34741188215276, 30.651438561840166], [111.34741177513348, 30.65143361916637], [111.34741110873568, 30.65142298018651], [111.34740895665806, 30.65140513943578], [111.3474063333357, 30.65138578422659], [111.34740524785394, 30.65137629368104], [111.34740328733193, 30.651367194340708], [111.3474022072462, 30.651358085107688], [111.34738502030262, 30.651262266840263], [111.34737981772452, 30.65126050596774], [111.3472676956477, 30.651247960425167], [111.34723695592089, 30.65125304069545], [111.34715342688918, 30.651303761559404], [111.34715736861773, 30.651283149997482], [111.34726054693675, 30.650743672782426], [111.34726930633354, 30.650697878404515], [111.34731753427695, 30.650445707603296], [111.34717699092539, 30.650393951619662], [111.34666899537791, 30.65020865620471], [111.34664340337048, 30.65019861797191], [111.34644113684908, 30.6501998959086], [111.34641519230746, 30.650200838398064], [111.34636507308971, 30.650230064566017], [111.3462932226542, 30.650265601276658], [111.34627452215159, 30.650278840196506], [111.34625134932043, 30.650299452657748], [111.34618385160354, 30.65032809336691], [111.34610031088073, 30.65036478480704], [111.34607071778953, 30.650382631853006], [111.346006245392, 30.650418404185984], [111.3459507491279, 30.650400254967906], [111.34591223835929, 30.650387661761215], [111.34580146436628, 30.650245746044334], [111.3458409517986, 30.650128160586178], [111.34584348518882, 30.65012061887154], [111.34584704110813, 30.65010593204329], [111.34584904120027, 30.650097648387884], [111.34585024629195, 30.650092667042998], [111.34585106737296, 30.6500892756996], [111.34585231563204, 30.65008278169512], [111.34585442903875, 30.650074751648447], [111.34586377479349, 30.650043780795897], [111.3458650086634, 30.650035757044634], [111.34586588370371, 30.6500325959276], [111.34586755104675, 30.6500265839598], [111.34587398389743, 30.65001089258874], [111.34588344386589, 30.649989459945687], [111.34591557574333, 30.649945734008497], [111.34591763788882, 30.649933129110764], [111.34591973600709, 30.649923955126553], [111.34592182333353, 30.64991363990265], [111.3459248045861, 30.64990407920999], [111.34592736315739, 30.64989642687857], [111.34593034620855, 30.649887632408365], [111.34593332656192, 30.64987806092381], [111.345935865348, 30.649868866255304], [111.3459384311139, 30.649861579948094], [111.34594097709459, 30.649852768390588], [111.34594351857857, 30.649843574621457], [111.34594605286816, 30.64983399594223], [111.34594901433564, 30.6498228884156], [111.34595243895393, 30.649813683854404], [111.34596055623484, 30.64979109378396], [111.34663668183742, 30.649530732857215], [111.34668070275234, 30.64960184405004], [111.34672806105135, 30.649723433289864], [111.34677812181292, 30.649828310428347], [111.34693015220495, 30.649887568556494], [111.34706007726089, 30.64993972743656], [111.34723672659374, 30.649936867592487], [111.34731669341073, 30.649912790043288], [111.34738014597713, 30.649903072868653], [111.34741062040382, 30.64993401764093], [111.3475957854173, 30.649995574436332], [111.34780576632318, 30.650049904279683], [111.34786634015961, 30.650006783586377], [111.3479378947182, 30.649946929207488], [111.34794584292649, 30.649853831389294], [111.34787065690534, 30.64967026537056], [111.3478648967477, 30.64960345563503], [111.34787034124338, 30.649581962737443], [111.34801095474182, 30.6495362412046], [111.34808276560733, 30.649547981853914], [111.34814378280947, 30.649628962207032], [111.34820733879769, 30.649647885741388], [111.34825899855394, 30.64962440534208], [111.34835623595166, 30.649757976249646], [111.34838534520765, 30.649784635752383], [111.34845191662271, 30.649862855186655], [111.34846603418032, 30.6498795277181], [111.34851358043755, 30.64993569487649], [111.34854032807385, 30.64996729255654], [111.34840257262073, 30.650235316606768], [111.34839751213553, 30.650246091384133], [111.3483926153271, 30.650256522620452], [111.34838708989241, 30.650265440297858], [111.34854352966022, 30.650262750425725], [111.34867322988572, 30.65026132410088], [111.3487614632711, 30.65026035732967], [111.34902832899422, 30.650264195636282], [111.34920981578051, 30.650266937669187], [111.34995331679221, 30.650513713437192], [111.35003426926625, 30.650540580683355], [111.35021103101445, 30.65059924885628], [111.35028213231459, 30.650715237118618], [111.35038691412484, 30.65080964794697], [111.35049514933178, 30.650956604363955], [111.3506555047478, 30.651153350846528], [111.35071265126788, 30.65122649270853], [111.35083155783013, 30.651359542908722], [111.35087475226806, 30.65145785229811], [111.35117724013764, 30.65205576296313], [111.35122950873489, 30.65215907977779], [111.35126625593307, 30.652223018877294], [111.3513504333759, 30.6523694797678], [111.35138381531095, 30.65245444861398], [111.35139845807248, 30.652522421172932], [111.35132654828163, 30.652585677686943], [111.35134914284873, 30.652764415245542], [111.35135181473453, 30.652775196318316], [111.35141439315981, 30.65302777001574], [111.35145813438544, 30.65301900432371], [111.35150784710947, 30.65320386626547], [111.35153318370948, 30.65319509697622], [111.35155310729016, 30.653286273842582], [111.3516540480959, 30.65335248283094], [111.35171732169721, 30.653392589896157], [111.35173875434009, 30.653413842674752], [111.35174883034426, 30.65343021573193], [111.3519216107938, 30.65371096788698], [111.35199242521031, 30.653706238352356], [111.35199401611106, 30.65388627273336], [111.35199212123945, 30.654314464241224], [111.35199916293112, 30.654501069968546], [111.35199935628543, 30.654526325629547], [111.352058855432, 30.654534370964598], [111.35207768543694, 30.654548123397205], [111.35207756222991, 30.65455038429286], [111.35199173003451, 30.65455349414856], [111.35195753960892, 30.65455457603298], [111.35194308300692, 30.654555221746136], [111.35195806211505, 30.654674611244445], [111.35189982831452, 30.65467011643284], [111.35188976310218, 30.654669337619907], [111.35188387164351, 30.654726851962664], [111.35189389998362, 30.654797215818917], [111.35189642258189, 30.654809208278436], [111.35186810382993, 30.654810676871307], [111.35189566984945, 30.655106311906877], [111.3519185566962, 30.655375722711483], [111.35194310638929, 30.65555466621504], [111.35195279478569, 30.65562514788246], [111.35199486686963, 30.655931189872604], [111.3519894493536, 30.655927437901084], [111.35196471170224, 30.65594832195751], [111.35170114469224, 30.65617084840602], [111.3514849099007, 30.65635341078132], [111.35136995226156, 30.656360671008258], [111.35123240635056, 30.656311137249304], [111.35114745998737, 30.656280548608493], [111.35114613078929, 30.656281357099033], [111.35144428302732, 30.65801333984382], [111.35144601692014, 30.65801214464483], [111.35145617836002, 30.658026923204034], [111.35147207297791, 30.658050037579358], [111.35154581288896, 30.658160369105815], [111.35163107401496, 30.658289825614986], [111.35172756857253, 30.658435219010244], [111.35179699263728, 30.658541359696017], [111.35180088220505, 30.658542934409013], [111.35188219260914, 30.658575836106024], [111.35192470805896, 30.65859303923753], [111.35208478828235, 30.658657885752916], [111.35212159393654, 30.658671896291082], [111.35212344204325, 30.65866863804723], [111.35213588686179, 30.6586467071798], [111.35215697506442, 30.65860955079023], [111.35222662665757, 30.658484657441022], [111.3522970462717, 30.658359765890623], [111.35235407318197, 30.658256666711964], [111.3523967909793, 30.65817904892407], [111.35242033612963, 30.658128539400707], [111.35244380483789, 30.65807953983898], [111.35245671190779, 30.65805259255319], [111.35249767872489, 30.65799047637944], [111.35257237191752, 30.65787719687529], [111.35262077522873, 30.65780043704069], [111.35258972433638, 30.657747978686416], [111.35254588688326, 30.657676352182023], [111.35248246399465, 30.65756606382297], [111.35243045530126, 30.657480065252912], [111.35242962972382, 30.657476440985135], [111.35239218105443, 30.65731086860177], [111.35237623157781, 30.6572319072269], [111.3524078931099, 30.65720876227465], [111.35266618829405, 30.657019252636587], [111.35270161798542, 30.656992638099894], [111.35275399180341, 30.656958539405196], [111.35281678156935, 30.656917282106974], [111.35286467136757, 30.656959204004238], [111.35290552397083, 30.6569949664447], [111.35299758037422, 30.6570751203206], [111.35299121497269, 30.657083055039095], [111.35301334009364, 30.657102355389554], [111.353025343345, 30.657099588175527], [111.35306599090285, 30.6571359441686], [111.3532122602378, 30.657266507743316], [111.35325967609322, 30.65730787925537], [111.35331862755277, 30.65735934206009], [111.35332749396883, 30.657359396019388], [111.3533903143117, 30.657410280560043], [111.35342599581315, 30.657379560618267], [111.35352039225228, 30.657298290683684], [111.35357544155357, 30.657258782566885], [111.3535890060279, 30.65726900426131], [111.35363660264721, 30.65730486562711], [111.35367497581956, 30.65733377973021], [111.35367626095086, 30.657335799607438], [111.35366611210145, 30.657345299146414], [111.35365708021016, 30.657353751874325], [111.35365233628647, 30.65736142668851], [111.35364693226029, 30.657376085637964], [111.35364289790147, 30.657401626384], [111.3536576926486, 30.657442531148035], [111.35367899219187, 30.657504936004102], [111.35370819857462, 30.65758954602086], [111.35373628170402, 30.65767110913447], [111.35375662077155, 30.65774598668804], [111.35378456810344, 30.657853086950524], [111.3537967476218, 30.65789720409282], [111.35379757140089, 30.65789728772978], [111.35384763036393, 30.657885991345495], [111.35398669702857, 30.657854158942314], [111.3541124789079, 30.657824797876174], [111.35423651790103, 30.65779561397642], [111.35428445806133, 30.65778438504151], [111.35430202092164, 30.65778027064306], [111.35440482512269, 30.657756480877026], [111.35451614140686, 30.657730056996684], [111.35461987820486, 30.657706415618748], [111.35475372070783, 30.657675440269543], [111.35484483911807, 30.657653950969234], [111.35491489810425, 30.65764189735586], [111.35495097800543, 30.65758464291713], [111.35501285316076, 30.657485168905566], [111.35506370982239, 30.657403387256693], [111.3550971259317, 30.657349924359664], [111.35510945743556, 30.657337455259437], [111.35513360063516, 30.657294958695445], [111.355131262398, 30.657271579919552], [111.35511291892618, 30.657250799285123], [111.35507523013774, 30.657207040972253], [111.35503535599696, 30.657178236586503], [111.35498947708277, 30.657157578259728], [111.35495587121659, 30.657149695702003], [111.35486378333707, 30.65712770278145], [111.35484505855266, 30.657123103648473], [111.35476316898519, 30.657102983116204], [111.35472327415977, 30.657084851884576], [111.35472099797573, 30.657083267279063], [111.3547020015962, 30.657070051741584], [111.35467792494632, 30.65705449526888], [111.3546619655774, 30.657043687216458], [111.3546559248312, 30.65704131300629], [111.35464706560975, 30.65703993164766], [111.35464335770484, 30.657040595347326], [111.3546396228204, 30.657042778901257], [111.35463290308616, 30.657046711636497], [111.35462486944215, 30.6570495480982], [111.35460395031208, 30.657060437089626], [111.3545638576361, 30.657078910963037], [111.35462455467956, 30.657029076830497], [111.35462981841158, 30.657024010050065], [111.35465790963497, 30.656996964738312], [111.3546818522857, 30.656985093687126], [111.35470310956089, 30.656976619375598], [111.3546943744459, 30.65693532880249], [111.35471937469947, 30.656907417443392], [111.35478222292141, 30.65683424320588], [111.35481337903428, 30.656784911794375], [111.35490221226735, 30.65665146409384], [111.35495339987949, 30.656572408290174], [111.35492871528805, 30.65653203322688], [111.35489366780865, 30.656466717265346], [111.35527158001952, 30.65587001438979], [111.35539558573777, 30.655961845962565], [111.35545643926338, 30.655995092099943], [111.35558344062338, 30.655999516764325], [111.35578212604435, 30.655979881866187], [111.35599730593106, 30.655941106696787], [111.35620091783812, 30.655759172048306], [111.3564447141523, 30.65553310317034], [111.35661909359635, 30.655371402368473], [111.35678461921498, 30.655504957088283], [111.35761643994692, 30.65617612203056], [111.35761548037016, 30.656177149056305], [111.35706124438093, 30.656768425422683], [111.35691802464726, 30.656851929273273], [111.3568766126657, 30.656893647024276], [111.35664503633939, 30.657126933861093], [111.35642313132257, 30.65740500243902], [111.35640585624537, 30.657544177022316], [111.35636224092474, 30.657596387163608], [111.35635559673341, 30.65760332633249], [111.35625223944947, 30.657711244078712], [111.35619214495154, 30.657885629817997], [111.35617620356913, 30.65805511874879], [111.35617296960703, 30.65819812894057], [111.35618293229658, 30.658384446884895], [111.35626207173732, 30.65850239566919], [111.35626096107467, 30.658584705219994], [111.35631044806888, 30.65865283156296], [111.35636449372646, 30.658727236972595], [111.35641347979833, 30.658757973101956], [111.35687219699429, 30.659045783136435], [111.35698619505683, 30.659117308017414], [111.35707986124669, 30.659064546591594], [111.35710722312001, 30.6589976478233], [111.35727037003159, 30.658797147570453], [111.3573293556654, 30.65872283838837], [111.35744436276718, 30.65857795670746], [111.35741315089626, 30.658336157787573], [111.35757496771078, 30.65807475724438], [111.3576453063859, 30.657959688988512], [111.35763900573562, 30.65787394672543], [111.35770958992583, 30.657647581970423], [111.35776986428789, 30.65752331365013], [111.35792789135911, 30.657258398556394], [111.35793011178527, 30.65725564573154], [111.35794794803951, 30.657224774703707], [111.35832805999212, 30.656649859703293], [111.35836247884549, 30.656607138308857], [111.35843627991045, 30.656522388897315], [111.35846396823769, 30.65648762470414], [111.35846753225093, 30.656483247703875], [111.35852727781179, 30.65641173811133], [111.35858057073688, 30.656347949198675], [111.35858759893853, 30.65635251055994], [111.3586686269557, 30.656266256582626], [111.35868199267992, 30.6562750456568], [111.35870912072937, 30.656246718811076], [111.35934591807973, 30.65668823467439], [111.35960895269102, 30.65639648021346], [111.35900184016299, 30.65592740642478], [111.3590151411359, 30.65591457579717], [111.35905405570031, 30.65575639494176], [111.35905357995887, 30.655627521193253], [111.35911409443997, 30.655531390861142], [111.35912383859443, 30.65551591083073], [111.35932218227299, 30.655666651594743], [111.35949395997847, 30.655446561409747], [111.35931064936716, 30.655288829316078], [111.3593518679944, 30.655234221582248], [111.35970479793815, 30.654946649868066], [111.35958631225856, 30.65459119372872], [111.35959616613025, 30.654547293323105], [111.35946781758582, 30.65434336755243], [111.35944621856817, 30.654309051221844], [111.35922608701446, 30.654001792448923], [111.35922603755165, 30.654001744784807], [111.35915821068306, 30.65393889656292], [111.35918990998653, 30.65388414493748], [111.35889090788913, 30.65359963811295], [111.35855850497114, 30.6533981809813], [111.3588523395639, 30.65269710188977], [111.35882717743249, 30.652479022588864], [111.35883540443041, 30.652459786989766], [111.35885192677512, 30.652422165650478], [111.35885399071918, 30.652410975386317], [111.35885354285682, 30.65228942211911], [111.35871199766063, 30.652346915777684], [111.3585026435822, 30.652287868090752], [111.35841672864922, 30.652158773108965], [111.3583893308031, 30.652164052129365], [111.3583815327815, 30.65215847003742], [111.3583229059775, 30.652116504073547], [111.35818984498536, 30.651964130140527], [111.35816709213759, 30.651782815124932], [111.35806729706815, 30.65166853197735], [111.35796718543736, 30.6514683356952], [111.3579567074363, 30.651450361844695], [111.3579222310263, 30.651284874897215], [111.35797054440519, 30.65107552081878], [111.35786142786276, 30.65063431432219], [111.35787330970561, 30.65060447481676], [111.35786159963322, 30.65057375937164], [111.35776179467126, 30.6504570921212], [111.35775102169248, 30.65043205139824], [111.3577458478926, 30.650429831871293], [111.35771494538858, 30.650402568024276], [111.35766696655736, 30.65034652767025], [111.35764563823568, 30.650321616449617], [111.35761767471598, 30.650223842156777], [111.35761839867024, 30.650210832563914], [111.35820444817693, 30.65002036694642], [111.35813926261704, 30.649703131094782], [111.35818987286444, 30.64969244894752], [111.35821174617524, 30.64963511177109], [111.35816424038745, 30.649477727715066], [111.35809452044583, 30.64928460819823], [111.35807727234828, 30.64926751208617], [111.35808496694773, 30.64925708444696], [111.35806268444531, 30.649185005583718], [111.35801526589199, 30.649051486836754], [111.35794603877872, 30.648992013770453], [111.35789198592653, 30.648968463224037], [111.35771237962268, 30.64902568168992], [111.35720323384237, 30.64928221600161], [111.35717537644263, 30.649234244364948], [111.35686181522067, 30.648485720639655], [111.35683328782596, 30.64840525110162], [111.35700481911721, 30.647898825770255], [111.35786090805453, 30.64698158743039], [111.35782835529443, 30.646970164241736], [111.35782549994696, 30.646947325059102], [111.35782753061613, 30.64694725491205], [111.35802595793177, 30.64641283188672], [111.35876485171667, 30.646630002872485], [111.35876081106267, 30.64664382095566], [111.35886407931383, 30.646559675888398], [111.35938212478527, 30.646640706603364], [111.35957597904837, 30.646054779404665], [111.35784893088345, 30.64485201440897], [111.3578798468775, 30.64482282241545], [111.35792050522724, 30.644776726764576], [111.35792888421082, 30.644852566592704], [111.35826310555791, 30.64454258557197], [111.35868524642706, 30.644081772056268], [111.35868973224552, 30.644076875247777], [111.35898899244808, 30.64378165479968], [111.35926749270061, 30.64348179384973], [111.35929035526578, 30.643501309138173], [111.35956669804466, 30.64320066937546], [111.35987240818525, 30.643467598051245], [111.36031623080942, 30.644060147857658], [111.360514484556, 30.644526413962808], [111.36071074540462, 30.644603672021958], [111.36092062558652, 30.644483284276134], [111.36091418733992, 30.644235575011862], [111.36069897777566, 30.64366339395059], [111.3614975038069, 30.643442568120065], [111.3617127205656, 30.643293436243255], [111.36171860842717, 30.64309266889171], [111.36147458098714, 30.642787867066488], [111.36078840725918, 30.642341094665937], [111.36057195573119, 30.642184965164063], [111.36059980233904, 30.64214974591414], [111.36125424258933, 30.64132198562129], [111.36139753336965, 30.6413656818807], [111.36192262412982, 30.64154560204804], [111.36251931801223, 30.641682361951496], [111.36311537427525, 30.641647288391823], [111.36334063016596, 30.641360269760696], [111.36327297956444, 30.640983380978298], [111.36332091612758, 30.64051547900624], [111.36311658206466, 30.64049218206867], [111.3618027337094, 30.640534070690876], [111.3619280542365, 30.640427578370122], [111.36208331319455, 30.640418193944583], [111.36218868855724, 30.64041613089978], [111.36224195899933, 30.640377263100277], [111.36226998996813, 30.640371856376134], [111.36241191198025, 30.64035598873795], [111.36245717935554, 30.64035369996344], [111.3624945830586, 30.640347890342923], [111.3627163306943, 30.640332722377366], [111.36301722676359, 30.64031351825429], [111.36308884697274, 30.640305634797357], [111.36322779942356, 30.640294082106266], [111.36331222507914, 30.640284990859755], [111.36338588944727, 30.64027314229179], [111.36343341232214, 30.640265755260543], [111.36379034334982, 30.640458076179357], [111.36381556483661, 30.640460439597803], [111.36383294063785, 30.640465145750056], [111.36384467139465, 30.640469795244883], [111.36385359716587, 30.640474847636142], [111.363864181287, 30.64048276167017], [111.3638757007032, 30.640493126356887], [111.36389071758265, 30.640508555125905], [111.36389375729124, 30.64051388540753], [111.3638961018238, 30.64052149097421], [111.36390156610457, 30.640553408812877], [111.36390299512715, 30.640568377129057], [111.36390227207232, 30.640588196388194], [111.36390290609438, 30.64069305284221], [111.36390268306246, 30.641130842814277], [111.36389638511008, 30.64205673982667], [111.36389931330274, 30.642189281909964], [111.36390217044885, 30.64225847574818], [111.36390564812729, 30.642316546771383], [111.3639131017083, 30.642398196219972], [111.36392287733912, 30.642454257258294], [111.36394901163777, 30.642563075225894], [111.36396006340635, 30.642604063626663], [111.36398570127915, 30.642681663428107], [111.36399056930935, 30.642701400849035], [111.36399167997223, 30.642715468044457], [111.36403537892977, 30.642883073794906], [111.36405708136925, 30.642976636562707], [111.36412397384248, 30.64323422128234], [111.36419356428166, 30.64349153890356], [111.36421749614067, 30.643486699651532], [111.36424956866273, 30.64353922995167], [111.36423269558253, 30.643632340360284], [111.36420484987406, 30.643776857815908], [111.3642064137951, 30.64390335735419], [111.36420666830321, 30.64390568479962], [111.36574398559657, 30.643680759859308], [111.36574303861045, 30.642988656901025], [111.36582412688199, 30.642825664672785], [111.36555349569733, 30.64264265893155], [111.36497369557975, 30.642891536415334], [111.36423159031574, 30.642940064732386], [111.36423099226664, 30.642941017114367], [111.36420186502414, 30.642976864990487], [111.3641879947802, 30.643018348917735], [111.36415443208142, 30.643018712243816], [111.36410375978079, 30.642976506160892], [111.36407215400675, 30.642838024055663], [111.36404876623772, 30.642758416967467], [111.36403298403496, 30.642703041212428], [111.36397435723092, 30.642463649777767], [111.36396516436099, 30.642418379704566], [111.36395987994456, 30.642382412218694], [111.36395509465206, 30.64232741507817], [111.36394845585659, 30.64220862093117], [111.36394511487521, 30.64208094867689], [111.36394459236908, 30.642016766760435], [111.36395108817226, 30.641130992101637], [111.3639513103048, 30.640692961111313], [111.36395067538353, 30.64058795357124], [111.36394775978135, 30.640516620245876], [111.36394546111433, 30.640493729801847], [111.3639427235779, 30.640484373255333], [111.36393955166915, 30.640477493441665], [111.36392749265968, 30.640459117594332], [111.36391965057146, 30.640449049683923], [111.36390806820282, 30.640436557201497], [111.36389431487083, 30.64042479227038], [111.36388029983601, 30.640415742392747], [111.36386604378293, 30.640409043342743], [111.36385196219834, 30.640404814730402], [111.36382739811603, 30.6403998828485], [111.36380628473245, 30.640397298196888], [111.36378889634057, 30.640396522081915], [111.36376071698356, 30.6403778890284], [111.36361587037618, 30.64023336977425], [111.36347971121984, 30.640157674736997], [111.36344710270168, 30.639879515327493], [111.36341737381281, 30.63965301657356], [111.3633844523307, 30.639415364427578], [111.36337123319595, 30.639319933767922], [111.36338833470393, 30.63927473743928], [111.36340897864147, 30.63924736477412], [111.36342708199425, 30.639224315150216], [111.36340455757443, 30.63918520093631], [111.36326214543169, 30.63921600181709], [111.36304125215224, 30.63924756532299], [111.36282349570786, 30.639279118037052], [111.36261037976539, 30.639376351837257], [111.36251194806812, 30.63946445032417], [111.36218906717187, 30.639320245832778], [111.3620967823407, 30.63961711743599], [111.36127546658963, 30.641095801630115], [111.36072626680391, 30.641806394649564], [111.36052604893814, 30.641673709574206], [111.36026213478988, 30.641507376364416], [111.3598055930537, 30.64121956543073], [111.35979785528684, 30.641214686608635], [111.36093271427353, 30.641101580673478], [111.3609323869203, 30.641097782836596], [111.36089791860405, 30.640696058376534], [111.36087113409576, 30.64032488118835], [111.36083589326205, 30.639836553814064], [111.36082821664894, 30.639730170311168], [111.36078664908479, 30.63915413115825], [111.36076934702794, 30.638914378196034], [111.36079661896889, 30.63890125169155], [111.36090097809773, 30.638851023655945], [111.36091423680278, 30.63884464206666], [111.36097431331399, 30.63881572796356], [111.3613708756655, 30.63752765507735], [111.36142436913951, 30.637283372229888], [111.36140294369108, 30.63724723477219], [111.36140606074116, 30.63716056260995], [111.36140644744978, 30.63714985258366], [111.36124536538136, 30.637028823621336], [111.36114479599564, 30.636961423930757], [111.3615736880754, 30.63607162480571], [111.36164947214542, 30.635914401728257], [111.36165470170317, 30.635905367139003], [111.3616539543666, 30.635905100040304], [111.36174428676946, 30.635780697721145], [111.36182536514855, 30.635675136198756], [111.36189025123417, 30.63558675712312], [111.36195033134288, 30.635504297385467], [111.36202433925183, 30.635401764779772], [111.36207864661242, 30.635326423176025], [111.36211566360703, 30.63527786338267], [111.3621853457771, 30.635182871592235], [111.3622609436876, 30.63507594579835], [111.36227041444818, 30.63505032411331], [111.36227692374115, 30.635032718984917], [111.36228069190048, 30.63501378375929], [111.36228611661113, 30.634986528005868], [111.36228802856971, 30.63497712739263], [111.36230118295322, 30.634912396889717], [111.36237711721031, 30.634825243590228], [111.36239918927134, 30.63479991238603], [111.36098914763124, 30.63381392717116], [111.36047114712585, 30.633482884028012], [111.35935849329985, 30.63287331365268], [111.35933963181861, 30.632862981341702], [111.35927287334448, 30.632826406813194], [111.35910435927883, 30.63273408511003], [111.35876651276453, 30.632548992042416], [111.35858918264466, 30.63245183828184], [111.35765992756365, 30.631942721279756], [111.35748383221323, 30.632102894133425], [111.35723274239729, 30.632325298273997], [111.35702110134292, 30.63250345936717], [111.35689238857304, 30.632611808788], [111.35662867137614, 30.632833074386895], [111.35660132389205, 30.63285440001067], [111.35657990204089, 30.632871365721087], [111.35656288956574, 30.63288520089145], [111.35654848332598, 30.632897336343035], [111.35653495212654, 30.632909068898584], [111.3565212239755, 30.632921396805102], [111.35650600205042, 30.6329355188592], [111.35648808575655, 30.632952518743878], [111.3564694212269, 30.63297020301252], [111.35646331213235, 30.632975855251573], [111.3564513844239, 30.632986894429678], [111.35643234577628, 30.633004072380118], [111.35641073416815, 30.633023183872922], [111.35638822683524, 30.63304285924056], [111.35636582292454, 30.633062157792494], [111.35634143780715, 30.633082855689395], [111.3563131145587, 30.633106629267502], [111.35628396393383, 30.633131025176795], [111.35625646266573, 30.63315404602247], [111.35622817718883, 30.63317773326594], [111.35619672609823, 30.63320408160314], [111.3561640807078, 30.63323138502045], [111.35613131660705, 30.633258658760155], [111.35609536081245, 30.63328845240028], [111.35605335078162, 30.633323144647534], [111.35601155928617, 30.63335765613101], [111.35597642097508, 30.633386769883657], [111.35594520011097, 30.633412761190016], [111.3559149010519, 30.63343811307857], [111.35588652834076, 30.633462342613086], [111.35586254342184, 30.633484122394407], [111.35584106401387, 30.63350528434148], [111.35582004595852, 30.633527704440098], [111.35579922575374, 30.63354913168712], [111.35577849458195, 30.63356656684374], [111.35575592159864, 30.633581313027207], [111.35574701291438, 30.63358591126098], [111.35547299937946, 30.633877669319077], [111.3543500869871, 30.635073291899005], [111.3543499430956, 30.635073908833988], [111.35434080598355, 30.635113318025276], [111.35514067380319, 30.635727435372985], [111.35522300313926, 30.63596076717579], [111.35569862579109, 30.635942878760943], [111.3558208742341, 30.63597455378266], [111.35626237930552, 30.63608895204362], [111.35660591672979, 30.63617796604035], [111.35674661476452, 30.63625613061612], [111.35708904332489, 30.636446368705037], [111.35738836108408, 30.63668292727533], [111.35743543699596, 30.636646284398637], [111.35752623794565, 30.636716030420587], [111.35757728076703, 30.63664237324707], [111.3576875250593, 30.63648133524549], [111.35773984581732, 30.63640506284338], [111.3577558141796, 30.636381743422874], [111.35783722530778, 30.636262903410397], [111.35841535808248, 30.636580709432224], [111.35843173293824, 30.636590178394044], [111.35849853817712, 30.636628809671947], [111.35844458514964, 30.636678228317635], [111.3584141925611, 30.63671080356079], [111.35840267134637, 30.636723410257275], [111.35837595428706, 30.636758535078513], [111.35836650061367, 30.636770961910543], [111.35836498975254, 30.636770138131453], [111.3580940923685, 30.637140083248312], [111.35804821795102, 30.637200556360654], [111.35781504982481, 30.63752499668135], [111.35773807325353, 30.637632105037653], [111.35784071018077, 30.63768906809611], [111.35785599505812, 30.637717663839283], [111.35785468204796, 30.637735568441883], [111.35785475579235, 30.637755854449267], [111.35784244227506, 30.637784525735412], [111.35781353626572, 30.637804891782366], [111.35780111572893, 30.63780492595663], [111.3576694558808, 30.637736888646657], [111.35739023077463, 30.63811322524532], [111.35732758939685, 30.638197653598866], [111.3573275624172, 30.63819768777313], [111.35723449787395, 30.63832311711826], [111.35723379370478, 30.63832756966167], [111.3572130049763, 30.638459004679362], [111.35690418587961, 30.638866865213686], [111.3566405909906, 30.639247468196288], [111.35662000101235, 30.63927406924296], [111.35658680074033, 30.639316957911376], [111.35655651517123, 30.639332476612594], [111.35651366877084, 30.639354431761717], [111.3563817634078, 30.639307393621436], [111.35628208704867, 30.639270417995476], [111.35625419097818, 30.639258736701493], [111.3560508938337, 30.63916895558299], [111.35604416690484, 30.639165985122304], [111.35595663319214, 30.639131175962973], [111.3559568742105, 30.639130486183035], [111.35600381432471, 30.63899634690398], [111.3560520692476, 30.638729184404383], [111.35603939240423, 30.638712976822603], [111.35598850606482, 30.638647924362317], [111.35573943702548, 30.63842587725253], [111.35565040234434, 30.63833190709198], [111.35544208068751, 30.638112036341397], [111.35543466307928, 30.638104205045067], [111.35543373857632, 30.63810486604683], [111.35539565318692, 30.638132148779732], [111.35537956071823, 30.638113194668335], [111.35527665759184, 30.63800650809395], [111.3551172257794, 30.63784495927746], [111.355025291684, 30.637751480146733], [111.35498014122055, 30.637705578749546], [111.35489056514763, 30.637617807615754], [111.35479898718353, 30.6375269491096], [111.35475420184508, 30.637483094569347], [111.35473101912129, 30.63746031564108], [111.35470842725226, 30.637438115876364], [111.3546299748935, 30.63735985327463], [111.35460821939392, 30.637338148137076], [111.35457315033068, 30.637303082671167], [111.35449038122624, 30.63722312484748], [111.35450232512221, 30.637212777247896], [111.35426769469854, 30.63696418125204], [111.35454446825264, 30.636725894184792], [111.35513672937668, 30.636042516449095], [111.35509378495038, 30.63582779341806], [111.35432606789385, 30.635178582725587], [111.35432764440543, 30.63517151585296], [111.35429871141645, 30.635113826142174], [111.35429906934667, 30.635111292751958], [111.35430837373252, 30.635045383238037], [111.35546062830554, 30.633853135813695], [111.35572903186943, 30.633560307562277], [111.35601393439572, 30.633315889816515], [111.35762626234225, 30.63193267315438], [111.35765187233619, 30.631910701817503], [111.35767566569956, 30.63192369881972], [111.36060887020324, 30.633525952560774], [111.36103249405443, 30.6337976494421], [111.36105790889548, 30.633813948754778], [111.3625344554008, 30.63483951942834], [111.36256150431007, 30.634858306265983], [111.36338120667739, 30.635370687807097], [111.36349077288094, 30.635434213218332], [111.36359178922982, 30.63526543295336], [111.36396187194293, 30.634889706994443], [111.36462210022972, 30.634315078877933], [111.36487021778646, 30.634096083167833], [111.36520471612482, 30.633923069793923], [111.36566952083189, 30.634227244791646], [111.36660471593495, 30.633384539564986], [111.36734298559048, 30.633019698100725], [111.36780394479621, 30.632902324882366], [111.36784268129486, 30.632813827096584], [111.3680629828205, 30.632438149700874], [111.36809387633139, 30.63238546831468], [111.3682041871736, 30.632197352625838], [111.36828126896557, 30.63225924936495], [111.36847787965047, 30.632361315222568], [111.36871535912672, 30.63239596340304], [111.36907964480974, 30.63231927641351], [111.36953320709188, 30.632204865562244], [111.36990884581667, 30.632065853756217], [111.37018576416176, 30.63180349723376], [111.37028643786886, 30.631424939309568], [111.37032216703443, 30.631095966405894], [111.37030910078448, 30.631029644102853], [111.37032920243087, 30.630998836926835], [111.37009571774331, 30.629981863772116], [111.36717814075865, 30.625548877878543], [111.36700040864201, 30.625448588181825], [111.3666225261087, 30.624723606908958], [111.36918592578985, 30.620828795112857], [111.36924170084393, 30.62085585211605], [111.3702975957575, 30.61888320629498], [111.37033204069115, 30.618892408158217], [111.37132411701447, 30.617479375372852], [111.37170348972444, 30.616939013224965], [111.37337153336966, 30.61441400919915], [111.3733722834042, 30.614416566871114], [111.37341124743125, 30.61428675962634], [111.37350132262799, 30.614332447884294], [111.37359371897509, 30.614379313354732], [111.37390341311209, 30.61454787058784], [111.3739036604257, 30.614612307911727], [111.37391255202266, 30.614772184888466], [111.37393567089464, 30.61504418664009], [111.37396091666295, 30.615151511732904], [111.37391973041122, 30.61520413466326], [111.37361082228176, 30.6152408207073], [111.37348514112648, 30.615257771129393], [111.37348714031947, 30.61577880055131], [111.37383574992003, 30.617457956219823], [111.3739174497307, 30.618612826920582], [111.3749826607214, 30.620060801964485], [111.37571392465793, 30.6207746676169], [111.37668297833682, 30.620179995410524], [111.37492983184643, 30.617808020923462], [111.37545779863848, 30.617329184094615], [111.37596398025369, 30.616926777049173], [111.37587482326455, 30.616489937660674], [111.37585710482165, 30.616189279911453], [111.37521019999076, 30.61587611618984], [111.37475748397071, 30.615829688689246], [111.37469905231956, 30.615202540165228], [111.37467484706667, 30.614648921110984], [111.37538255685962, 30.614990551073163], [111.37664191888962, 30.615273302420974], [111.376919098038, 30.61521325828528], [111.37753520378669, 30.615079787202546], [111.3774813379934, 30.61475761137467], [111.37748760896613, 30.614746687309832], [111.37749433769358, 30.61473475870224], [111.37750105203202, 30.61472275724958], [111.3775072609514, 30.614711559790805], [111.37751350764239, 30.614700181568196], [111.37752032810073, 30.614687655810656], [111.37752704603645, 30.614675094080383], [111.37753290961615, 30.614663571966446], [111.37753839907799, 30.61465210291226], [111.3775440162434, 30.614639688670707], [111.37752344694957, 30.61457644474723], [111.37741371706943, 30.614526919981415], [111.37733312612289, 30.61449205596358], [111.3772765335853, 30.61446979324643], [111.37723722781601, 30.61445725130119], [111.37720517597819, 30.614449295898453], [111.37717581761001, 30.6144442444064], [111.37714663371031, 30.614441860303714], [111.37714484316018, 30.614441854907852], [111.37711508998939, 30.614441740693962], [111.37708466412596, 30.614441620184664], [111.3770596818589, 30.61443923788056], [111.3770382537125, 30.614434189986014], [111.37701825818618, 30.614426236381803], [111.37700043362321, 30.61441685825156], [111.37698715693182, 30.61440645579347], [111.37697755756841, 30.61439397140481], [111.37697753688394, 30.61439392643865], [111.37697052936653, 30.61437848417978], [111.37696339504481, 30.614363211892908], [111.3769533963823, 30.614351533296656], [111.37693936605888, 30.61434265069289], [111.37692039755837, 30.6143355874176], [111.37689798825176, 30.614330808420107], [111.37687104096591, 30.614330515241136], [111.37683666528, 30.614335046924964], [111.37679245370884, 30.614344427753167], [111.37674809015232, 30.614354367959834], [111.37671314699423, 30.61436099776199], [111.37668513041461, 30.61436466699581], [111.3766610942343, 30.614365915254893], [111.37663999523971, 30.614366090622696], [111.37662300884489, 30.614365736289756], [111.37660888589141, 30.614364775813783], [111.37659618566562, 30.614363171423406], [111.3765836949816, 30.614361345799466], [111.3765703481431, 30.614359555249393], [111.37655483034132, 30.614357633398242], [111.37653596436337, 30.61435542376381], [111.37651552637055, 30.614352895769684], [111.37649410541877, 30.614349774222887], [111.37646961867796, 30.614345719179653], [111.37644018296811, 30.61434045005177], [111.37641092982068, 30.614335287943334], [111.37638712296746, 30.61433163669585], [111.37636698804619, 30.614329279572644], [111.37634850517935, 30.61432791170381], [111.37633137129592, 30.61432699169734], [111.37631629596046, 30.614326316306574], [111.37630204170597, 30.614325837867227], [111.37628731530754, 30.614325503319378], [111.3762734027955, 30.614325533896363], [111.37626219724274, 30.614326424225226], [111.37625288116561, 30.614328327190663], [111.3762445003835, 30.614331330926234], [111.37623641098162, 30.614335730409664], [111.37622818668166, 30.61434286293286], [111.37621904687165, 30.614353622421845], [111.37620827569145, 30.614368663583036], [111.37620146692421, 30.61437438057328], [111.37619561413646, 30.61437819459809], [111.37619024518386, 30.61438030710559], [111.37618486004334, 30.61438102836189], [111.37617821495286, 30.614380328689265], [111.37616810117709, 30.61437711271367], [111.3761532902422, 30.61437086961996], [111.37613286034332, 30.61436129184034], [111.37611141600922, 30.614351081837015], [111.37609279194885, 30.61434245733858], [111.37607547999949, 30.614334742054837], [111.37605788386429, 30.61432720483674], [111.3760401321465, 30.614319729671877], [111.37602223833579, 30.61431226080225], [111.37600251710262, 30.614304093159546], [111.37597940542526, 30.614294577432815], [111.37595713911077, 30.614285382764365], [111.37594060687366, 30.614278428306875], [111.3759287277287, 30.614273242815898], [111.37592012481406, 30.61426924982618], [111.37588150702601, 30.614256454272038], [111.3758168997303, 30.61422676405408], [111.37576792624884, 30.614204129916686], [111.37573128876807, 30.614187014019535], [111.37570289267438, 30.614173523289594], [111.37567796436662, 30.614161600977184], [111.37565434727043, 30.614150387330653], [111.37562994686465, 30.6141388903975], [111.37560271089649, 30.61412613801093], [111.37557538319749, 30.614113149102707], [111.37555063565338, 30.61410076274018], [111.37552636564942, 30.61408787275724], [111.37550043999329, 30.614073401766234], [111.37547048177748, 30.614055739081266], [111.37543106719016, 30.61403085843756], [111.3753777355941, 30.613995842434292], [111.37530693466738, 30.613948433773317], [111.37526557934308, 30.613922244615992], [111.37523387284506, 30.613902723032368], [111.3752096460085, 30.61388859018632], [111.37519024043729, 30.61387821470794], [111.3751729401792, 30.613869625283087], [111.37515662377922, 30.613862188789028], [111.3751398442285, 30.613855307176777], [111.37512119138995, 30.61384834282694], [111.3751020286357, 30.61384120041123], [111.37508334162305, 30.613833643408043], [111.37506342343829, 30.613824931675367], [111.37504064271161, 30.613814405110816], [111.37501638080147, 30.61380284072868], [111.37499089401473, 30.613790239428056], [111.37496170022246, 30.613775336762444], [111.37492655471692, 30.613757021169704], [111.37489170778628, 30.61373873975117], [111.37486362915314, 30.6137239647893], [111.37484025037725, 30.61371160001039], [111.37481919005364, 30.613700399853712], [111.3747978383496, 30.61368892090701], [111.37477336240084, 30.61367551831063], [111.37474321622659, 30.613658774732755], [111.37470522706474, 30.613637503068503], [111.37457655116708, 30.613577306047944], [111.37443957632547, 30.613513438894074], [111.37441379725908, 30.613491427087865], [111.37438010325934, 30.613464273857232], [111.37433472256953, 30.613429492577154], [111.37420667170062, 30.613345340315277], [111.37420469768875, 30.613342747569902], [111.37417760741079, 30.613307191074], [111.37416707185298, 30.613302110803943], [111.37408304819417, 30.613261591848982], [111.37431878928072, 30.612895883438455], [111.3749105332945, 30.611981307991073], [111.37521262006646, 30.611539685108426], [111.37547070660793, 30.611162386235208], [111.37548816424754, 30.61113686617341], [111.37558912214041, 30.61098927573454], [111.37558942431258, 30.61098883057008], [111.37569088222841, 30.61084050718381], [111.37569124285676, 30.61083997928165], [111.37569851387542, 30.61084378970918], [111.37572940199038, 30.61085817976135], [111.37589200840955, 30.610933921563344], [111.37605783709955, 30.61100504084999], [111.37621325164037, 30.6110448799173], [111.3762787942311, 30.611061681051808], [111.37648030532193, 30.611124474415078], [111.37667436013379, 30.61118494393014], [111.37667548878295, 30.6112023476104], [111.37668494605344, 30.61121485088472], [111.37672955422573, 30.61122375507233], [111.37685934708134, 30.611249503561908], [111.37692057202696, 30.611261649805385], [111.37702007661534, 30.611280068820122], [111.37718052196357, 30.611311966873927], [111.37724815997467, 30.611326958572306], [111.3773545605647, 30.61135054509174], [111.37747051735056, 30.6113762459172], [111.37750701273859, 30.611377132648613], [111.37755807894229, 30.611403775963538], [111.37768395614978, 30.611421966550495], [111.37780247330556, 30.61144199984858], [111.37781661784283, 30.61144255203226], [111.37787090272002, 30.611444668137096], [111.37798032683071, 30.61145099486771], [111.37808363735013, 30.611470657644873], [111.37813001269012, 30.611415745940008], [111.37813003517311, 30.6113560426474], [111.37812856388211, 30.61131774232001], [111.37816189005935, 30.611141093886545], [111.37812833815246, 30.61110641422971], [111.37813469995655, 30.611030739876867], [111.3781315604233, 30.610792127254967], [111.37813608581189, 30.610592120729848], [111.37813336626198, 30.61046097169651], [111.37817117825745, 30.610470651099718], [111.37816915478271, 30.6104566225751], [111.37814930764455, 30.610318995725265], [111.37817810573506, 30.60963328155077], [111.37811792040583, 30.60963447225322], [111.3780526907791, 30.60958360390032], [111.37778804997868, 30.609451969233078], [111.37748427877648, 30.609314477281373], [111.3774642580691, 30.609305414813093], [111.37749293475127, 30.609271917764943], [111.37752307732825, 30.609236708407536], [111.37769347367487, 30.609243816648984], [111.377781329345, 30.609112057875336], [111.37781552696504, 30.609060768639722], [111.37785958834945, 30.608996964438518], [111.3779217072211, 30.608907009750737], [111.37779858283841, 30.60884619309752], [111.37779673383227, 30.608845238916786], [111.37741483312817, 30.60864820375167], [111.37718411205731, 30.60854171592763], [111.37687142137912, 30.608977093917815], [111.37696549676042, 30.609014699069178], [111.37688354783756, 30.609045653733972], [111.37670409261995, 30.609317958557085], [111.3764606218603, 30.609687400053474], [111.37595912931039, 30.610448345214934], [111.37547844527421, 30.61010212960963], [111.37539543694987, 30.61004234268006], [111.37525873999886, 30.60994388490252], [111.37516501085673, 30.609876376393686], [111.37513842329969, 30.609861848745425], [111.37492168938462, 30.609743428716286], [111.37459991015788, 30.60945847762673], [111.37434697043648, 30.609535061194265], [111.37407649213645, 30.609864902843015], [111.37374277081227, 30.61027186495471], [111.37367680194296, 30.610359038039235], [111.37334261207195, 30.61080063843889], [111.37328560314819, 30.610857704019963], [111.37325172658598, 30.610894301930614], [111.3732349938, 30.61091365893833], [111.37317630584204, 30.610987495976133], [111.37316304713698, 30.611005607422896], [111.37315546135557, 30.611017550419717], [111.37315246301586, 30.611024825035827], [111.37315144408404, 30.61103008517034], [111.37315206011965, 30.611038290584645], [111.37316099398481, 30.61105760982082], [111.37316398063325, 30.611060430094824], [111.37317503959645, 30.611067684925843], [111.37317999396168, 30.611073170790235], [111.37318281333631, 30.611079395897434], [111.37318561382506, 30.611091345189493], [111.37318666333397, 30.61110504905878], [111.37318524959977, 30.61112149406182], [111.37318169188171, 30.61113141718124], [111.37317444064797, 30.61114479459667], [111.37316356784453, 30.61115625375828], [111.37313518344195, 30.611177878856097], [111.37311691641264, 30.61119361968997], [111.3730463412158, 30.611259525606783], [111.37300968484914, 30.611295166638797], [111.37298214131295, 30.611324951285553], [111.37297004723007, 30.611341651696023], [111.37295285938711, 30.611369041448143], [111.37294613515616, 30.611376956381605], [111.37293374159901, 30.611386827340198], [111.37292158366427, 30.611392762865876], [111.372908837573, 30.61139696719647], [111.37289645480757, 30.611398083254983], [111.37288331121596, 30.611395959955757], [111.37285314165933, 30.611385464867396], [111.37283925522757, 30.61138371388745], [111.37282546862053, 30.61138552781989], [111.37281058663939, 30.611390795149248], [111.37279500498556, 30.6113991597436], [111.37277858696234, 30.611412608205285], [111.372759728179, 30.611432810575934], [111.3727369870225, 30.611461003422733], [111.37271545995065, 30.611489217853148], [111.37270116612603, 30.611509503860702], [111.37269336630584, 30.611523107005837], [111.37269088687498, 30.611531708121902], [111.37269078974822, 30.61153794312162], [111.37269191839738, 30.611542651972], [111.37269447786787, 30.6115461521332], [111.37270289102571, 30.6115514167646], [111.37270620862472, 30.611554532016157], [111.37270876000139, 30.611558516912112], [111.37271434119401, 30.611575229913058], [111.37271919573442, 30.611598470193314], [111.37271939538397, 30.611605773587655], [111.37271830990221, 30.61161268307893], [111.37271267115301, 30.611627056943178], [111.37270817184469, 30.611634299183606], [111.37270192875116, 30.61164222580811], [111.37268476698853, 30.61166018706814], [111.37267713084503, 30.61166611899631], [111.37267000461708, 30.61166959217809], [111.37266273090034, 30.611671094045846], [111.37265548326405, 30.611671003214326], [111.3726484379751, 30.61166848781062], [111.37264096281024, 30.6116631179587], [111.37262412120623, 30.611646183724588], [111.37261741586116, 30.61164087502641], [111.3726118265746, 30.611638471138633], [111.37260679037115, 30.611638549379677], [111.37260214537281, 30.611639953221356], [111.37259802467918, 30.611642527081074], [111.37259409014524, 30.611646606405827], [111.37258636406943, 30.611658544006787], [111.37258424436754, 30.61166371510842], [111.3725835500909, 30.61166834391895], [111.37258411396567, 30.61167287560278], [111.37258601243462, 30.611677233717387], [111.37259032198591, 30.611681211418954], [111.37259764786324, 30.611685147751416], [111.37261911737846, 30.611693603177287], [111.37262637220937, 30.611697463067514], [111.37263055315759, 30.61170129867611], [111.3726322546749, 30.61170544275211], [111.37263261170574, 30.611709467218247], [111.37263175465193, 30.611712847769695], [111.3726295018501, 30.61171585330402], [111.37261747701507, 30.611725646921116], [111.37260836508415, 30.611736658220195], [111.37259456138997, 30.61175672389379], [111.37255324023988, 30.61182135996785], [111.37254013082253, 30.611838986680027], [111.37252828495247, 30.611851643738362], [111.37251657937674, 30.611860804232776], [111.37250526770407, 30.611867745200414], [111.37249489672217, 30.61187207004008], [111.37248457790099, 30.61187397120699], [111.37246232957301, 30.611873560216793], [111.37245231202462, 30.611875257237443], [111.37244251211223, 30.61187919986537], [111.37243206378878, 30.61188555987087], [111.37242150035212, 30.61189346491159], [111.37241126516784, 30.61190321266332], [111.37240042563928, 30.611915863426418], [111.3723764389216, 30.611948930598714], [111.37236815436688, 30.61196237816125], [111.37236273595164, 30.611973628680175], [111.37235950109022, 30.611983824294157], [111.37235767906378, 30.611993305846568], [111.37235756484989, 30.612001888076804], [111.37235929334685, 30.612010296737935], [111.37236659584181, 30.612027773263208], [111.3723698199114, 30.612039635321025], [111.37236891159597, 30.612047775084932], [111.3723671210459, 30.61205286974422], [111.3723551546667, 30.612070250941485], [111.37232820558233, 30.612105901866016], [111.3722594982774, 30.612204412703534], [111.37222703095279, 30.612245890335714], [111.37219821037928, 30.61228237223372], [111.37217206978522, 30.6123230593617], [111.37216447411129, 30.61233330803583], [111.37215938125058, 30.612338515110423], [111.37215219296951, 30.612343265329457], [111.37214937809136, 30.612343970398], [111.37214394258899, 30.612343568401002], [111.37213655196047, 30.612346987623425], [111.37213129991972, 30.612350860104243], [111.37212242001385, 30.612359954948033], [111.37210468178569, 30.612381965855093], [111.37203382060443, 30.6124761563496], [111.37195213338441, 30.61258670371359], [111.37185210089388, 30.612724969082137], [111.3717881519018, 30.612817056961717], [111.37168549339094, 30.612968426351983], [111.37163452521315, 30.6130404773362], [111.37159309794322, 30.613097017713358], [111.37153253669726, 30.6131748963046], [111.37146292287571, 30.61326929724038], [111.3712720093958, 30.613538022761645], [111.37117821640163, 30.61366751074712], [111.37111140486758, 30.61375783775418], [111.37076072862487, 30.614225416869488], [111.37067618156055, 30.614336886937906], [111.3705395817363, 30.61451428001004], [111.37050839414707, 30.614551257434698], [111.37047660311293, 30.614584216688343], [111.37046276164716, 30.614597085087496], [111.37044964233729, 30.614607912025576], [111.37042277958773, 30.614627305905515], [111.370410856376, 30.61463678565923], [111.37038701265061, 30.614659112228424], [111.37036472924899, 30.614683020704888], [111.37032624995652, 30.614732817065885], [111.37030474716641, 30.61475640088736], [111.37029080767468, 30.614770272030512], [111.3702714677541, 30.614788234189746], [111.37020808623436, 30.614844076692975], [111.37014986412504, 30.61491672662578], [111.3701310134357, 30.61494223679489], [111.37011633919786, 30.61496398959656], [111.37011341819988, 30.614968709238667], [111.37010360209973, 30.6149845705815], [111.37009203861675, 30.61500568396525], [111.37008066489079, 30.61502934512822], [111.37005573928099, 30.61508614900663], [111.37004226024226, 30.61511238582807], [111.37002672805113, 30.61513835914809], [111.37000795740136, 30.61516633166093], [111.36998769207844, 30.615194555084713], [111.36996655081583, 30.615221478088813], [111.36994248405853, 30.615249502762424], [111.36975778399454, 30.615448022708108], [111.36942051034839, 30.6157881220243], [111.36934676504131, 30.6158612117257], [111.36930534766367, 30.615901484266203], [111.36920910041971, 30.616000142592497], [111.36913773831611, 30.6160872059599], [111.369090832376, 30.616145734737984], [111.36906600659103, 30.616178863064192], [111.36905944423808, 30.616191371734544], [111.36906074285918, 30.61619936221092], [111.3690625558923, 30.616201777789968], [111.36907094207044, 30.616206885039844], [111.36908268541771, 30.61621786216466], [111.36909603135683, 30.616226938122793], [111.369102454315, 30.616234203745535], [111.36910665684684, 30.616244104381963], [111.36910814522474, 30.61624999674001], [111.36911024244387, 30.61626614856408], [111.36911058508554, 30.61627500598678], [111.36910947622141, 30.61628172931853], [111.36910669281963, 30.61628677091784], [111.36910212786108, 30.61629069465988], [111.36909591984084, 30.61629334406274], [111.36908697878124, 30.616293603966824], [111.36907424707897, 30.61629130170229], [111.36902438326882, 30.616277239902786], [111.36898032278378, 30.616268749403446], [111.36895769584117, 30.61626002058364], [111.36894925660306, 30.61625933440081], [111.3689390421032, 30.616260877637444], [111.36892630140778, 30.616264619716617], [111.36890992025678, 30.616273280187897], [111.36888603426314, 30.616293299096583], [111.36885179527428, 30.616327477830907], [111.36869981164716, 30.616490955693052], [111.36866988400811, 30.616520494825124], [111.36860559507215, 30.616581376229533], [111.36833772300753, 30.61691203086565], [111.3683044381994, 30.6169509229469], [111.36827223167819, 30.616986427281972], [111.36826118170819, 30.61700054214134], [111.36825382075722, 30.61701267039848], [111.36825478303194, 30.61701326574979], [111.36824897790808, 30.61702480764876], [111.36819086731481, 30.617140312975152], [111.3680610133053, 30.617398413905846], [111.36661450955205, 30.620273434971125], [111.36643098310344, 30.62012132004304], [111.36606583766832, 30.61982166413867], [111.36603389374932, 30.61979544800164], [111.36600536365671, 30.619822344925467], [111.36599389190468, 30.61983366918861], [111.3652627322893, 30.620502269264364], [111.36496119320458, 30.620775310632155], [111.36467557931473, 30.62103392957232], [111.36449510156785, 30.621201358156156], [111.36437109584944, 30.621319314135008], [111.36422969904157, 30.621455545237325], [111.36412175791281, 30.621561051001834], [111.36399278344032, 30.621689300620915], [111.36391595255924, 30.62176689772423], [111.36380620739055, 30.621879816600256], [111.36368887374272, 30.62200218195528], [111.36282095062643, 30.622916618907027], [111.3628073052131, 30.622930856973596], [111.36242217414417, 30.623338161726906], [111.36177441405806, 30.62402198912355], [111.36109794131693, 30.624734971641715], [111.36070425229957, 30.625149835196794], [111.36069046209519, 30.62516410294114], [111.36054205417264, 30.625321897987305], [111.36044502541768, 30.62542021906802], [111.36042091998962, 30.625445854242855], [111.36040727457606, 30.625461265025365], [111.36039769499769, 30.625472085668264], [111.36034895803817, 30.625530861760012], [111.3603412787271, 30.625540533069227], [111.36032609457362, 30.625559657152564], [111.36027671100157, 30.62562478515582], [111.3602512727781, 30.625659630287714], [111.36022981855126, 30.625690810682556], [111.36021067378374, 30.62572093976968], [111.36019200475721, 30.62575270112643], [111.36015970290805, 30.62581203479772], [111.36014646758548, 30.625839401167525], [111.36012125689064, 30.625897563921626], [111.36011054056911, 30.625925209081174], [111.36010050233648, 30.62595384169657], [111.36008041328057, 30.62601843820039], [111.35843247308026, 30.626527376237505], [111.35827635886693, 30.626646836782243], [111.3579995466419, 30.62685865860027], [111.35414373664423, 30.629809191241236], [111.3513111518883, 30.632406640154443], [111.3511595136008, 30.632669622605192], [111.34964638537258, 30.63529381555719], [111.34961733007589, 30.635324816986895], [111.3496160899108, 30.63532613988957], [111.34794247136801, 30.63705026435838], [111.34789681638512, 30.637096240399273], [111.34787643594893, 30.637114929210668], [111.34786655599675, 30.637122128283693], [111.34756866905889, 30.637348754741367], [111.34747284179826, 30.637462713233788], [111.34733940399047, 30.637643124430667], [111.34728839264528, 30.637686833280725], [111.34726606157955, 30.63770516686003], [111.3469590941869, 30.637990659341597], [111.34702930785642, 30.638024855163053], [111.3467689496274, 30.638376867798286], [111.34666376941743, 30.63849028579824], [111.34588893692506, 30.639069870078515], [111.34582258044776, 30.6391234274044], [111.34562871629231, 30.639313042263154], [111.34562622606967, 30.639318086560593], [111.34561436401185, 30.639326146284645], [111.3453296539405, 30.639555223395007], [111.34429524832706, 30.64022775170946], [111.34401625884328, 30.64040913867092], [111.34316812530886, 30.64107714789219], [111.3430553179486, 30.641182283136004], [111.34118551140222, 30.642924903961216], [111.3411554029995, 30.642955142765743], [111.34045394799148, 30.643659640180317], [111.33918816660065, 30.64530625028334], [111.33917850878123, 30.64531881291299], [111.33816071814283, 30.64675772998544], [111.33813626467708, 30.646792299025492], [111.3375162603673, 30.64777587675536], [111.3374159805631, 30.647934955134076], [111.33646916891712, 30.649370140919416], [111.33611061281465, 30.650039945187473], [111.33543469855266, 30.651302560964552], [111.33528092527462, 30.651536841552], [111.33506518690899, 30.65184473344783], [111.33484714088291, 30.65215591416421], [111.33467111118296, 30.65240712358991], [111.33454719269895, 30.652515946054223], [111.33353722975954, 30.653402852060083], [111.33304727281359, 30.65376496408186], [111.33192103472805, 30.65463129719666], [111.33055599426376, 30.65610006456643], [111.32870967980796, 30.657578621056643], [111.32848132665197, 30.65785951530438], [111.32837767618884, 30.65811386606208], [111.32765023527031, 30.658840672958718], [111.32762569187224, 30.65886146978113], [111.32700541237, 30.659387060564484], [111.32669132774271, 30.65957400263818], [111.32612472337735, 30.659994864671432], [111.32610291841507, 30.660012861004702], [111.32605100504992, 30.66004962079353], [111.32581042920799, 30.66032082394696], [111.32559597867152, 30.660583882840058], [111.32544630090626, 30.660697766688713], [111.32524351277789, 30.66085206067413], [111.3251503358195, 30.661057538674584], [111.32480310128221, 30.66123978718656], [111.32451235765922, 30.661562794887118], [111.32442381940393, 30.661746685561184], [111.32414299440387, 30.66197649741747], [111.32365773371748, 30.662163858575354], [111.32331231491139, 30.66259603318042], [111.3232793142891, 30.662637321055627], [111.3229451433038, 30.6628959202107], [111.322911032918, 30.662933993908837], [111.32269635215505, 30.66317362276459], [111.32264706481033, 30.663228636992073], [111.32258858729347, 30.66329391788014], [111.32257657414976, 30.663307326771758], [111.32225697667826, 30.663503816947696], [111.32209747202074, 30.663690364219008], [111.32154089419691, 30.664021088102857], [111.32121070990638, 30.664356024411063], [111.32109752573035, 30.66454605205871], [111.32100404929753, 30.664702987353166], [111.32098008506307, 30.664743220323544], [111.31994146702527, 30.66554079667054], [111.31989507819543, 30.66557641791752], [111.31926308682205, 30.66613877928137], [111.31922152915041, 30.666175756705854], [111.3191375873298, 30.666203781379465], [111.31893659694657, 30.666270877099407], [111.31865035083314, 30.666538874169817], [111.3185349597207, 30.666710990919626], [111.31837533275552, 30.66695267022959], [111.31826023841933, 30.667126927365985], [111.31774246814058, 30.667514815756192], [111.31750357672888, 30.667750859914293], [111.31737663202608, 30.667639872781876], [111.31731444570511, 30.66769759217027], [111.31505847207092, 30.669791388362], [111.31415493220453, 30.67063001066657], [111.31476325432078, 30.671136094255473], [111.31541278966858, 30.671468913559693], [111.31574560987212, 30.671007260077147], [111.31578855519786, 30.670975051757353], [111.31589591626368, 30.670905267064484], [111.31598180511634, 30.670873058744746], [111.31613747866186, 30.67070584419946], [111.31582613067144, 30.67048118995507], [111.3159388597906, 30.670341619670126], [111.31624457172978, 30.67061458639421], [111.31605695786237, 30.670899899011317], [111.31642875018679, 30.67120361715331], [111.3163697375735, 30.671269437634464], [111.31625164040094, 30.671286347587], [111.31589734798433, 30.670948159330237], [111.31579664999538, 30.671053489726944], [111.31577136285819, 30.671027964269285], [111.3157663473392, 30.671034641735503], [111.31568862163277, 30.671138113233326], [111.3155887833957, 30.671287627322272], [111.31551677288081, 30.671412027842905], [111.3155121161912, 30.67143348027099], [111.31543684473479, 30.671516458018175], [111.31516096240853, 30.67135608191768], [111.31472430468295, 30.671157600642914], [111.3141570501079, 30.67069189661379], [111.312988196748, 30.6717916811412], [111.3144107335686, 30.67279550890578], [111.31481333756551, 30.673144434168307], [111.3149017580098, 30.673221358578985], [111.31535014469353, 30.67361145480487], [111.31538860330153, 30.673642728729135], [111.3156636213792, 30.673866370336782], [111.31681562594042, 30.674803165333913], [111.31690757892164, 30.674873685672083], [111.31750473775355, 30.67533165733022], [111.31753246295295, 30.67530832172173], [111.31753976185058, 30.675313463145926], [111.31768947918619, 30.675188300000116], [111.31781329604695, 30.674990254896443], [111.31794039633229, 30.674900334383096], [111.31804229671462, 30.674732659384915], [111.3180365896169, 30.674723356797585], [111.31785804811051, 30.674634492987593], [111.31772101391374, 30.674617443640216], [111.31767796966272, 30.674659691092018], [111.31767460799693, 30.674634760985498], [111.31792261493689, 30.67437887418572], [111.31795549505011, 30.674350162430073], [111.31800125615308, 30.67430215482068], [111.31800557469757, 30.67429998026006], [111.31808834919804, 30.674208612737402], [111.31809958892507, 30.67420126257838], [111.3181207382815, 30.67417859786417], [111.31814780427783, 30.674149595627455], [111.31822049737809, 30.674071005672488], [111.31826670364552, 30.674023498086], [111.31832509033069, 30.673960278444213], [111.31836371621256, 30.673919645275532], [111.31840202013723, 30.673877673016307], [111.31844555361948, 30.67383685728521], [111.31855170060066, 30.673734840890233], [111.31859348759957, 30.673688908016743], [111.31863392021933, 30.673637824725915], [111.31864776977886, 30.673627745124406], [111.31866728776521, 30.67362308393831], [111.31868312572584, 30.673612710258396], [111.31869131675091, 30.6735983588772], [111.31869846096538, 30.673574849699662], [111.31871493834376, 30.673556803004146], [111.31874940396187, 30.673522554122712], [111.31877179078566, 30.67350330773155], [111.31881309664715, 30.67346779800056], [111.31885427660364, 30.67341891265272], [111.31890194337018, 30.67337677042167], [111.31900579258331, 30.673264642049674], [111.31902337432933, 30.67325808958924], [111.31906573869293, 30.673222391000593], [111.3190740277443, 30.673253899647875], [111.31912111085063, 30.67331206509988], [111.31915961892128, 30.67337144463653], [111.31916528465035, 30.67337453380776], [111.31923131917023, 30.673437352352096], [111.31922717869134, 30.673453851314264], [111.3192417234269, 30.673466515567384], [111.31931442911781, 30.67351543868665], [111.31933660819806, 30.67352362521524], [111.31959200216926, 30.67334058799787], [111.31952699197717, 30.673234683833698], [111.31951933964598, 30.67320256994276], [111.31962240105304, 30.673104251560005], [111.3196277547172, 30.673032218562128], [111.3196714833523, 30.673049228339323], [111.31969056876488, 30.673054705210575], [111.31973995413568, 30.673071010818603], [111.3198377032474, 30.67309543460675], [111.31991198904717, 30.67318072541019], [111.31998499331291, 30.67324550087926], [111.32032438036595, 30.67294364343445], [111.32023508308276, 30.67286453367143], [111.3203162720784, 30.67281388205498], [111.3205338360678, 30.672783939127555], [111.3205366410532, 30.672782464239447], [111.32060258204365, 30.672632022949642], [111.32066029513658, 30.672459266781857], [111.3206243906032, 30.67243536729842], [111.32051076396073, 30.67234118399847], [111.32050279596734, 30.672334868059806], [111.32050060342021, 30.67233682228658], [111.32046980343881, 30.67230935699132], [111.32047213807886, 30.67230727865808], [111.32039275672048, 30.672235796944562], [111.32049893697649, 30.67215655588052], [111.32052672063173, 30.672135911043597], [111.32057636500724, 30.672108448446238], [111.32047491878251, 30.671979249143078], [111.32047274871854, 30.671980499200743], [111.32045142129624, 30.67195386487913], [111.32043097520943, 30.671935703969723], [111.32039369561261, 30.671902590931893], [111.3203927153516, 30.671902651186485], [111.32029915078522, 30.67182856413706], [111.3202753097579, 30.67178659637449], [111.32030337669954, 30.67175879023614], [111.32037357597989, 30.67177133487928], [111.32059824641203, 30.671951812626162], [111.3206433779896, 30.672000444364983], [111.32069139818952, 30.672038176320882], [111.32069091435432, 30.672038831926557], [111.32071165991533, 30.672055538632264], [111.32072534220089, 30.67205020835047], [111.32075154304931, 30.672041589248067], [111.32088432705012, 30.67199293682461], [111.32122288402905, 30.67186889783153], [111.3212324384263, 30.671863842742198], [111.32121125579482, 30.67181928942881], [111.32160764817456, 30.671731959862086], [111.32162691165269, 30.671791605598287], [111.32160796563528, 30.67181681269585], [111.32161227608577, 30.67181881188884], [111.32161611709029, 30.671853690295677], [111.32161353603595, 30.67188356757265], [111.3216241992975, 30.67192258016297], [111.32163096669592, 30.671947909568416], [111.3216321573982, 30.671952361212618], [111.32164325323373, 30.67199386222694], [111.32163179587087, 30.671995998116813], [111.32165767116476, 30.672123076818707], [111.32167738610252, 30.672212396584882], [111.32168515804369, 30.67221043696219], [111.32172127931375, 30.672281033742877], [111.32175252176165, 30.67228059577303], [111.32180955856433, 30.672281124574397], [111.32185981627748, 30.672278289012013], [111.32189419735948, 30.672274878782787], [111.32202857675759, 30.67226186199548], [111.32204696069869, 30.67229148386508], [111.32200012760399, 30.672525212268795], [111.32201911499021, 30.67290151829053], [111.32196243341969, 30.673184423422526], [111.3219016626316, 30.673487736869617], [111.32183032660828, 30.673843790158855], [111.3215795668437, 30.6748276763563], [111.32152514167194, 30.674944372384914], [111.32123412195733, 30.67556836608736], [111.32098410143516, 30.675988782956097], [111.32075085326932, 30.676380990790165], [111.32052864428158, 30.676841549797814], [111.32038886085729, 30.67713126639501], [111.32040604060643, 30.677317373897722], [111.32040679603682, 30.67754648428297], [111.32047291329445, 30.677800227098885], [111.32054762627195, 30.67808695704747], [111.32056340487742, 30.678147511998247], [111.3209189599421, 30.678791009297754], [111.32089054856004, 30.679040602641805], [111.32083309267324, 30.67954537501913], [111.32049133590652, 30.679737142854833], [111.31986244899298, 30.680377557278575], [111.31984805264557, 30.68036728881941], [111.31975371196432, 30.680459701354266], [111.31866847487038, 30.681278571848736], [111.31829535604601, 30.68156526942181], [111.31818835920546, 30.68162116138751], [111.31810367544426, 30.68146347426], [111.3179790599857, 30.68142150739675], [111.3178867553695, 30.68139041963218], [111.31770861406142, 30.681347360991992], [111.31747626072092, 30.68128772964519], [111.31722064911384, 30.681214776640672], [111.31719904470026, 30.68120240556675], [111.31705783405198, 30.68112153672962], [111.31689549113418, 30.680993424706912], [111.31551000458307, 30.681999355985624], [111.31549111342423, 30.681917064421157], [111.31548655026427, 30.68132443007846], [111.3149800727723, 30.681337312866845], [111.31464510588694, 30.68177964081781], [111.31393177982795, 30.68193772274776], [111.31359579401084, 30.682012182116523], [111.31350973788415, 30.681911619925415], [111.31335631803967, 30.681845779659056], [111.3129702696624, 30.6825741154031], [111.31340374108987, 30.6827029477829], [111.31339830918466, 30.682734531973097], [111.31329028531854, 30.68336267514735], [111.31312284774128, 30.683358909686035], [111.31299500731382, 30.683356034553526], [111.31279563391138, 30.683700422736365], [111.3126825666472, 30.683831989954456], [111.31236445035927, 30.684034289750798], [111.31235682410835, 30.684039138895173], [111.31218681806723, 30.684018271026446], [111.31203743887681, 30.683937481329735], [111.31165829999065, 30.683517997957267], [111.31159405062499, 30.68344691104619], [111.31156711233251, 30.683442320906522], [111.3115387953793, 30.683437496943043], [111.31149476726978, 30.683485332782027], [111.31129641279932, 30.683629003076135], [111.31118057922055, 30.68364511532991], [111.31112101082601, 30.683653401683216], [111.31111473086014, 30.683674631079384], [111.31110803091093, 30.683697283203117], [111.31094868543369, 30.68374905897207], [111.31091185369922, 30.68376102804916], [111.3108982226749, 30.6837654572102], [111.31082073079216, 30.683770249697318], [111.31067776376796, 30.6837317317341], [111.31063689497677, 30.683705590240834], [111.3106311788859, 30.68367730206603], [111.31058314879346, 30.683646140557073], [111.31055828433733, 30.683620324618403], [111.31053908830842, 30.68359704296921], [111.31051303764667, 30.683557275847704], [111.31050984595265, 30.68355240242147], [111.31050192742214, 30.683528315879244], [111.31049643706109, 30.68349935321271], [111.3104954720884, 30.68346990131505], [111.31049539114946, 30.683467354435038], [111.31049650271149, 30.68344962520007], [111.31050378272346, 30.683420136430243], [111.31052068368268, 30.68338999924913], [111.31055046743023, 30.68332717890621], [111.31056089417007, 30.683311962377218], [111.31057628516749, 30.68328951080241], [111.31059376798805, 30.68327907417006], [111.3106257406854, 30.683257655016803], [111.3106451462566, 30.683240342168233], [111.31064671377499, 30.68323203602972], [111.31063794178777, 30.68319718909902], [111.310683737065, 30.683201605669638], [111.31090644157905, 30.682950755972684], [111.31097895211707, 30.68286337514479], [111.31114288323766, 30.682679862185978], [111.31139874665485, 30.682399764737454], [111.31143967210329, 30.682355569354115], [111.31145090013905, 30.68234344559363], [111.31145868467064, 30.682321905931303], [111.31151047572797, 30.682178649325294], [111.31152895589668, 30.682100974880257], [111.3115539696401, 30.682100420897825], [111.31158427319565, 30.682099749104168], [111.31161875230356, 30.682097103298815], [111.31162576791496, 30.682096567302835], [111.31163123219574, 30.682095757912975], [111.31170713857364, 30.68209434417878], [111.31171382683175, 30.68196107094684], [111.3117254496699, 30.681729462245016], [111.31187645933119, 30.681789770781336], [111.31197260764986, 30.681635547842404], [111.31183443131408, 30.681578720581626], [111.31177781899123, 30.681576469578488], [111.31177371538473, 30.68160977237318], [111.31173168107233, 30.681605380983683], [111.31173180697749, 30.681602887163592], [111.31173348331367, 30.681569799306885], [111.31173695289812, 30.681510795686734], [111.31173762918826, 30.681495914604966], [111.31173778926768, 30.681491671603453], [111.31175591060696, 30.68146005144024], [111.31176819264812, 30.681442672041726], [111.31176995262126, 30.681440183617667], [111.3117751183272, 30.681432873928088], [111.31178027144244, 30.681425583124224], [111.31178224095765, 30.681422797923915], [111.31178977098119, 30.6814121427563], [111.31179781361834, 30.68140075913783], [111.31180293166017, 30.681393521394057], [111.31180577801439, 30.681389493330528], [111.31181203459778, 30.681380641303633], [111.31181694669482, 30.6813736868462], [111.3118182084437, 30.681371905289268], [111.31191402401305, 30.6813755718253], [111.31193438106686, 30.681372322574646], [111.31195226408585, 30.68136904184786], [111.31200735655443, 30.681355241751135], [111.31216617143173, 30.681446906949247], [111.31222123512208, 30.681480636922004], [111.31229392012835, 30.681402351837107], [111.31233943301851, 30.681353329792387], [111.31236029099483, 30.681307379831765], [111.31238363020043, 30.6812559709864], [111.31242094127361, 30.68114289113157], [111.31247681885009, 30.68105534302981], [111.31251680270827, 30.681027606139196], [111.31260264389704, 30.680952394037945], [111.31260085694402, 30.680952315796844], [111.31260804792322, 30.680947850662847], [111.31266018072284, 30.680845103118997], [111.31266949230331, 30.680735298595323], [111.31266650025884, 30.680723184727356], [111.312669100199, 30.680723036339202], [111.31265614456544, 30.680559002695816], [111.31266104587058, 30.68036567993215], [111.31269952696164, 30.68036410611876], [111.31273071365166, 30.680362831779348], [111.31274069702562, 30.680234226028745], [111.31266530775781, 30.679974271595484], [111.31260149186551, 30.67987896324371], [111.31253146705376, 30.67975127300292], [111.31243652562534, 30.679798251788043], [111.31241134730601, 30.679780345386746], [111.31233132922762, 30.679802025343236], [111.3123325603994, 30.679809264885705], [111.31231921535948, 30.679808827815236], [111.31229518457519, 30.679812722779047], [111.3121971269959, 30.679827337661663], [111.31219145317306, 30.679823011023245], [111.31213730229479, 30.67958122109667], [111.31213209162291, 30.679571449962566], [111.31211812964801, 30.679551062331768], [111.31216102101439, 30.679529889592857], [111.31227518455222, 30.679474904143603], [111.31229912990102, 30.67950945789528], [111.3123499047245, 30.679485876771878], [111.3123582567282, 30.679486460431974], [111.3123512042448, 30.679483240858872], [111.31237544367184, 30.67947451923368], [111.3124520011591, 30.679587930938453], [111.31245294184981, 30.679587151226144], [111.31253445909806, 30.679519576167536], [111.31268859300422, 30.679810832404087], [111.3129891860022, 30.679691995089684], [111.31298413181241, 30.679676094176557], [111.31300583784923, 30.679669344764534], [111.31301313584765, 30.679683961445733], [111.3130227657881, 30.67968188491119], [111.31305010877549, 30.679606465965662], [111.31309822610234, 30.679478347647716], [111.3131785166753, 30.679349617790706], [111.31329129705586, 30.679229953099934], [111.31338655774357, 30.679298209844546], [111.31346289309812, 30.679295091895085], [111.3134818391157, 30.67931082283627], [111.3138572718957, 30.679042715149308], [111.31372508594404, 30.67891293758214], [111.31372206062468, 30.678915257832955], [111.31366895565787, 30.678865262721786], [111.31371985368838, 30.678777976322692], [111.31383213314643, 30.678586893770273], [111.31386188271978, 30.67853626103971], [111.31390919695195, 30.678511178048552], [111.31405007395176, 30.6785248189654], [111.31431254558765, 30.67854966363626], [111.31444376207014, 30.67855567200678], [111.31458183768171, 30.67834758867042], [111.31452689180276, 30.67830796544041], [111.3143926176254, 30.678246753085375], [111.31438461455838, 30.678243941804567], [111.31434549944544, 30.678216725621496], [111.31433276414589, 30.678207350189155], [111.31425658797116, 30.67812343984491], [111.3143556473953, 30.678055542829213], [111.31438272328421, 30.67803405712607], [111.31439595411007, 30.678029814124727], [111.31445355119058, 30.677980689557216], [111.31444587637623, 30.67797257317585], [111.31458684240903, 30.677865209411948], [111.31461150181951, 30.677846427071074], [111.31462898464002, 30.677862406225074], [111.31473276730338, 30.67778162911901], [111.31472179467528, 30.677772656582874], [111.31472697477017, 30.677767383857713], [111.31474122902449, 30.677751057565388], [111.31475481868011, 30.677762613853588], [111.31502968477213, 30.67752796364465], [111.31503177119936, 30.677521368916132], [111.3150422294155, 30.677524155915194], [111.31507250599145, 30.677539117036815], [111.31507845500676, 30.677538078319742], [111.31534139878659, 30.67729354096423], [111.3153433566107, 30.67729511477785], [111.31552650624337, 30.677441278891934], [111.3155350408095, 30.67743101942608], [111.31549004323108, 30.677397263373052], [111.31566829425657, 30.67721797902658], [111.31567783966068, 30.677218508727265], [111.31575198426685, 30.677285992954182], [111.31576942931582, 30.677276523093212], [111.31578426633098, 30.677269195417182], [111.3158438554097, 30.677222514307687], [111.31585951170712, 30.677151679206702], [111.31567195269844, 30.67696230716473], [111.31570578069733, 30.67692832268409], [111.31568485886919, 30.676913883169277], [111.31567430892227, 30.676919991364628], [111.31565544564228, 30.67690855468618], [111.31570770434723, 30.67683610260417], [111.31575581268072, 30.676794301216205], [111.3158226745768, 30.67671877615072], [111.3159539567099, 30.676560953225533], [111.31597484256508, 30.676502634888664], [111.31608064780374, 30.67657441607662], [111.31609933661514, 30.676559778710953], [111.3161465348349, 30.6765730832812], [111.31624375244735, 30.676494897121984], [111.31632363382869, 30.676427190762354], [111.31637908782471, 30.6764069829959], [111.31638054922303, 30.676406421818967], [111.31645760133739, 30.676377856652948], [111.31646587510022, 30.676375513019536], [111.31652958487263, 30.676338436669596], [111.31662294619218, 30.676277395185707], [111.3166284167682, 30.676273817682613], [111.31658171497429, 30.676226407223055], [111.31657801786127, 30.676195445363646], [111.31661674356798, 30.676160611922796], [111.31663866903938, 30.676127217397266], [111.31663881293105, 30.676118018232103], [111.3166840812055, 30.676062662262154], [111.31707112063589, 30.675626466788117], [111.31714696765857, 30.675673103830775], [111.31709677289786, 30.675730671233566], [111.3173623939594, 30.675911784801087], [111.31736264576949, 30.67591153209156], [111.31744028064458, 30.675836265131636], [111.31761772407873, 30.675662772419173], [111.3177084449888, 30.675577730727753], [111.31773862263941, 30.67554550262298], [111.31757821596199, 30.675428085338012], [111.31747775989078, 30.675354361614552], [111.3170240806968, 30.675010548098385], [111.31688010193528, 30.67490055111955], [111.31645367129994, 30.674573446107672], [111.31628165707292, 30.674437697941585], [111.31623610371327, 30.674397480259586], [111.31622765638133, 30.674392471935164], [111.31562731215087, 30.673905500738442], [111.31545040920912, 30.673762004013383], [111.31535385619554, 30.67367764580689], [111.31497365341141, 30.67334545692728], [111.3148684839934, 30.673253572294584], [111.31486492807409, 30.673250465136846], [111.31449004477992, 30.672922920356598], [111.31438808863948, 30.67283383891072], [111.31291234432928, 30.6717832868693], [111.31285862242765, 30.67182744358172], [111.3127483052902, 30.671914160710116], [111.31263495743747, 30.671999054912533], [111.31257672183841, 30.67204049207521], [111.31238899285779, 30.672170328997595], [111.31228332521533, 30.67224548084431], [111.31219149993797, 30.672310498230956], [111.31208646541825, 30.672380130938393], [111.31204623244787, 30.67240962240612], [111.31193421828971, 30.672499408021338], [111.31183657709647, 30.672584488383507], [111.31165487087571, 30.67275170023089], [111.31136523162019, 30.673023406105358], [111.31095081412894, 30.67341515618449], [111.31078077121566, 30.673562608127952], [111.31076194390869, 30.673591241642555], [111.31074997393222, 30.673614527788345], [111.31066920312139, 30.673811954158396], [111.31064513816261, 30.673864781234784], [111.31062159660956, 30.673909556680883], [111.310596507323, 30.673950759120373], [111.31056991437009, 30.673989592745613], [111.31054072417515, 30.67402547029934], [111.31050600135086, 30.6740614998385], [111.3104224849098, 30.674138035741805], [111.31039588206437, 30.674166430036905], [111.31038201721645, 30.674187893256715], [111.31037873199296, 30.674204805007832], [111.31038075276956, 30.674218808351384], [111.31038682229405, 30.674229351103804], [111.31039784168723, 30.674237130239362], [111.31043088907427, 30.674248741386464], [111.31044174299223, 30.674255804661755], [111.31044750225055, 30.674264996632473], [111.31044905088305, 30.674276945025156], [111.31044602376511, 30.67429107067636], [111.3104346023751, 30.674308431189218], [111.31041303303516, 30.674330915139763], [111.31031215608124, 30.674418697964654], [111.31029435580001, 30.6744360117126], [111.31026393443307, 30.6744670760948], [111.31003125194076, 30.674686954039828], [111.31001504256028, 30.67470227129286], [111.30992607173101, 30.674784615917304], [111.30964571527772, 30.675041249154503], [111.30955560230927, 30.67512518827698], [111.30934509080345, 30.675326102217923], [111.30921152529174, 30.675451006359026], [111.30910921212063, 30.675551057735277], [111.30905653792905, 30.675601287569407], [111.30891368062191, 30.675733276569588], [111.30864602439459, 30.675986658757324], [111.30751464398566, 30.676833800339637], [111.30750831995317, 30.676838534370972], [111.3065093332392, 30.67779197222177], [111.30645455733202, 30.677835002083725], [111.30516231428948, 30.678850122635083], [111.3025832160427, 30.68057447912895], [111.3016564269027, 30.681157291975637], [111.29986745232105, 30.682282251224933], [111.29915488259178, 30.682730323146018], [111.29663860019139, 30.68401824314742], [111.29661703444862, 30.684029973004897], [111.2966104397201, 30.68403513691203], [111.29660847290285, 30.68403914339183], [111.29660789643737, 30.684039325954245], [111.29660665267494, 30.684039718957877], [111.29660121537387, 30.684044306399812], [111.29659795713002, 30.68405460003987], [111.29659799759952, 30.68405511625076], [111.2965986657959, 30.684063452966086], [111.29659677272298, 30.68408116871103], [111.29659901473292, 30.684129716813118], [111.29659678621283, 30.684146862387877], [111.2965931916226, 30.6841560147883], [111.29658761672522, 30.684166315623145], [111.29657939602237, 30.68417691233475], [111.29656754025996, 30.684189234845405], [111.296565560852, 30.684190385078352], [111.29656160833156, 30.68419468743491], [111.29654809062197, 30.68420559980865], [111.29652796469401, 30.684219396308208], [111.2964926438205, 30.68423982081123], [111.29638465143051, 30.684308466062987], [111.2963745691311, 30.684313638963317], [111.29633997940658, 30.684330600177077], [111.29630920100897, 30.68434669174661], [111.29629398088264, 30.684355881918407], [111.29626157561131, 30.684379123098097], [111.29623748277373, 30.684393175005084], [111.29611920213955, 30.6844372480806], [111.29609732703017, 30.684446868128646], [111.29607781174178, 30.684457614127723], [111.2960803586218, 30.684489890795817], [111.29606356378252, 30.68451163910089], [111.29605828116479, 30.68451564827859], [111.29605812108554, 30.684516506231944], [111.29604275257111, 30.684525680216154], [111.2960239036803, 30.684535149177975], [111.29599707690375, 30.68454035085648], [111.29597689162028, 30.68454753913778], [111.2959540821152, 30.684560158424688], [111.29592304021622, 30.684583362732155], [111.29590685062078, 30.684593970235653], [111.29587212599796, 30.68461032800434], [111.29583238315797, 30.68462586738991], [111.29580853223803, 30.68463822767211], [111.29580456263062, 30.68464138339317], [111.29579164836593, 30.68464885765883], [111.2957721258831, 30.684663215335263], [111.2957281346458, 30.684698804206505], [111.29570430441021, 30.684715172767028], [111.29568708599027, 30.68472552126582], [111.29558471166524, 30.68477559731599], [111.29556416485445, 30.684784810870497], [111.29549752688939, 30.68480931469827], [111.29544087319789, 30.684836896006004], [111.29538155211708, 30.6848630545864], [111.29535836219878, 30.684874830309354], [111.29530511783702, 30.684895991356996], [111.29527893407572, 30.68490892630598], [111.29524977535687, 30.684927015269693], [111.29520671671668, 30.684958289193787], [111.29519711555452, 30.684966604325496], [111.2951898427371, 30.684976056200128], [111.29518325430388, 30.684992938273638], [111.2950076670702, 30.68499857702284], [111.29496989374564, 30.68502097733625], [111.29494139063274, 30.68503591867278], [111.2949039275743, 30.685051744042767], [111.29481243684461, 30.685094013977732], [111.2948068070886, 30.685096598629173], [111.29479124881715, 30.68510434089268], [111.2947455542639, 30.68512299912709], [111.29472966234414, 30.68513045720499], [111.29467899813744, 30.685150265672405], [111.29458558555649, 30.685176453930353], [111.29455114242137, 30.68518766487898], [111.29451833875049, 30.68519430367428], [111.29449217477406, 30.685202927273338], [111.2944832292178, 30.685204943553458], [111.294462358651, 30.685210130843018], [111.2944414763931, 30.68521103286298], [111.29429041277251, 30.685194900824172], [111.29425212143832, 30.685194845066064], [111.29421964512068, 30.68519919778481], [111.29419346855377, 30.685204391369552], [111.29417888784559, 30.68520699130977], [111.2941520601695, 30.685215325327135], [111.2941361655516, 30.68522192185435], [111.29413385429393, 30.685224779899727], [111.29413286144245, 30.685224924690544], [111.29412492132809, 30.68523050588317], [111.29408295266632, 30.68527595761941], [111.29405749195973, 30.685298266202096], [111.2940376466201, 30.685313714756205], [111.29398735563205, 30.685347450124823], [111.29392731059698, 30.685389889132125], [111.29384674483151, 30.68544319464786], [111.29378455491343, 30.685488631095552], [111.29376933388772, 30.685498349169563], [111.29369129701581, 30.685550272427236], [111.29366351336063, 30.68557106835027], [111.29364101771887, 30.68558627768465], [111.29355631956867, 30.6856385193023], [111.29351960114872, 30.685664054652477], [111.29349776471008, 30.685677831367002], [111.29344051836534, 30.68570970513889], [111.29338394111619, 30.685743579003145], [111.29334621455615, 30.685763111378662], [111.2932548848051, 30.68581393836274], [111.29324826489568, 30.685817241572522], [111.29323465365644, 30.68582427876754], [111.29315000227098, 30.685869941844373], [111.293077776818, 30.68591382336433], [111.2930460082668, 30.685931310681497], [111.29302614673946, 30.68594106292977], [111.29298445956522, 30.685966570401092], [111.29296030467452, 30.68598033092769], [111.29294739490649, 30.685986639671796], [111.29292108613942, 30.68600172669852], [111.29272713295097, 30.686094746275614], [111.29268500780688, 30.68610370622116], [111.29264265243665, 30.686117737443737], [111.29260594570798, 30.686132300165582], [111.2925111319833, 30.686179885093793], [111.29247164724887, 30.686199187242778], [111.29241992274137, 30.68622272340002], [111.29234326273144, 30.68625973859605], [111.2922652276581, 30.68629161416669], [111.29225629918898, 30.686295252823697], [111.29224935912072, 30.686298449014203], [111.29223745839215, 30.68630354007638], [111.2922126568887, 30.68631358460442], [111.29220537957468, 30.68631621062474], [111.29219711390579, 30.686319702692174], [111.29217864273028, 30.686332132222276], [111.2921183809587, 30.686382613866726], [111.29208113913324, 30.686410622352412], [111.29207454080745, 30.686414958883347], [111.29203786015927, 30.6864323823487], [111.29199691402636, 30.686454985009618], [111.29196850084577, 30.686468925400675], [111.29192319839706, 30.68648727966439], [111.29188609236945, 30.68650073622007], [111.29186422535389, 30.686499435800386], [111.29185562603635, 30.686502644581537], [111.29184968961147, 30.68650669512789], [111.29184474334033, 30.68651016471233], [111.29180317217873, 30.68653679094018], [111.29177252957862, 30.686558473594744], [111.2917452342553, 30.6865829270605], [111.29163793794055, 30.686626971357782], [111.29160301007084, 30.68664555944514], [111.29153471555486, 30.686681894753747], [111.29149696021665, 30.686695889104158], [111.29146074991377, 30.68671642782101], [111.29142620605467, 30.686738098784303], [111.29140225171267, 30.68675913482639], [111.291360205709, 30.6867917289552], [111.2913168727755, 30.686828049874634], [111.29130073893793, 30.68683673282908], [111.29128029464988, 30.686845156778645], [111.29121433027728, 30.686870168723487], [111.29119719369572, 30.68687828600423], [111.29116427221345, 30.686897666394316], [111.29114979043055, 30.686908060758583], [111.29111688603564, 30.68693489023309], [111.29109223921557, 30.686957375082955], [111.29108037715775, 30.686965467182745], [111.29105561972113, 30.68697822136801], [111.29101993282376, 30.68699305388651], [111.29097361234244, 30.687006809916454], [111.29096235372975, 30.687009460218462], [111.29092653283328, 30.687012274197173], [111.29091660341862, 30.687014914606664], [111.29079802241085, 30.68703603878214], [111.29075168394326, 30.687047511433605], [111.29071259670917, 30.687054357972215], [111.29070697234897, 30.687055826565313], [111.29069804567837, 30.68705932133065], [111.29069381706609, 30.687067642757597], [111.29069030341486, 30.687081109205792], [111.29068816033038, 30.687098857326475], [111.29068912890028, 30.687127741752022], [111.29069656989088, 30.68717004765955], [111.2907111856727, 30.687200855734943], [111.29071974092346, 30.68722398090216], [111.29072490393122, 30.687240544615577], [111.29074086240098, 30.687290519941655], [111.2907420450095, 30.68729308840534], [111.2907460973546, 30.6873016436561], [111.29076930076269, 30.687340410731508], [111.29078587436868, 30.687359617552318], [111.29083931118538, 30.687421063731165], [111.2908470048855, 30.687428720559012], [111.29085072178356, 30.68743611838221], [111.29085130094694, 30.68744467723019], [111.29084622966985, 30.687451560641193], [111.29084094885087, 30.687453595806858], [111.29083464100597, 30.687452209951687], [111.29083201678424, 30.687450197268845], [111.29082762989123, 30.6874468311064], [111.29082222496584, 30.6874401518416], [111.2907575502208, 30.687360232688718], [111.2907465002508, 30.687347143955606], [111.29072576008588, 30.687324960378646], [111.29069683878816, 30.687284229183888], [111.29068597317928, 30.687262265940944], [111.29067655907602, 30.687221691228103], [111.29066697140365, 30.6871951414426], [111.29066222837923, 30.68718658619207], [111.29065820301372, 30.687182892676333], [111.29064249095825, 30.68717298124824], [111.29061848265695, 30.687163409763627], [111.29058851634699, 30.687155025384243], [111.29056590379355, 30.68715031923199], [111.29053368468192, 30.687147108652255], [111.29047422420626, 30.687173545123073], [111.29042801344218, 30.68719788707301], [111.29041550297325, 30.68720755298625], [111.2904141935602, 30.687209421777425], [111.29041220515933, 30.687209720352428], [111.29040036468513, 30.68722009762945], [111.29037769997092, 30.687242848678636], [111.29037276269293, 30.687246885735192], [111.29036753223596, 30.68725464418651], [111.29035446868397, 30.687274190951257], [111.29034642065096, 30.687296851168753], [111.29034318489016, 30.687304312843764], [111.29034028367721, 30.687312057805286], [111.29033102066018, 30.687330464229717], [111.29029594440237, 30.687340111257242], [111.29027661797159, 30.687348538804088], [111.29025848763916, 30.687360104985032], [111.2902466004004, 30.687367045053065], [111.29022371265432, 30.687387772627744], [111.29018993861496, 30.687416292827834], [111.29016754279797, 30.68743616244899], [111.29014280514644, 30.687454330552953], [111.29012894569433, 30.687463570187617], [111.29004416120915, 30.687504105330333], [111.28996021129473, 30.687546849207763], [111.28985043105263, 30.68759570487805], [111.28982862519098, 30.68760792936257], [111.28982665387701, 30.687610648912482], [111.28981606615855, 30.687614402682584], [111.28979392395047, 30.687625914904174], [111.28977573156493, 30.68763341075345], [111.28972907203911, 30.687649300874625], [111.2897029098616, 30.68765540097604], [111.28966352315314, 30.687667835002628], [111.28965789699441, 30.687669854880085], [111.2896004545974, 30.687707782888026], [111.28957896889443, 30.687720161156562], [111.28957591569605, 30.687721809613947], [111.28952771563166, 30.68774780541696], [111.2894692390143, 30.68778576669996], [111.28943259343959, 30.68781306202328], [111.28938539791795, 30.68784703930953], [111.28937218957509, 30.68785568269368], [111.28934011615348, 30.68787156292234], [111.28930476290458, 30.68789203778732], [111.28926342286866, 30.68791139299651], [111.2892422366399, 30.687918642431498], [111.2892306551708, 30.687923271242084], [111.28917632532722, 30.687940968101373], [111.28915313990564, 30.68794994063734], [111.28908032000089, 30.687984890090775], [111.28901853028106, 30.68801349392777], [111.28900070122137, 30.688023589717034], [111.2889759159059, 30.688034573137088], [111.28893625310576, 30.688051060408213], [111.28889459201196, 30.68806641093613], [111.28879253065082, 30.688109558609312], [111.28878722285219, 30.68811180421642], [111.28878161018326, 30.688111046088068], [111.28874479014007, 30.688106072837115], [111.28871256833054, 30.68809592488708], [111.28869134612876, 30.688085920828712], [111.28866267574199, 30.688072404917648], [111.2886044383443, 30.68804090976022], [111.28855806120572, 30.688042284823666], [111.28852797168872, 30.68805471435377], [111.28846718471289, 30.688086160947762], [111.2883810602379, 30.68814347833893], [111.2883377452909, 30.688169531698577], [111.2883276036361, 30.688175630900787], [111.28832163573509, 30.688179215598495], [111.28832065097737, 30.688180507924187], [111.28830876463797, 30.6881875703001], [111.28828369963315, 30.68820599381172], [111.28827647178178, 30.688214612014747], [111.28827288168821, 30.688221785007443], [111.28827174044858, 30.68824469703526], [111.28827959242932, 30.688267116234556], [111.28835866981683, 30.688340516201947], [111.28831629106406, 30.688373351349128], [111.28830067163881, 30.688387023742337], [111.28828025702836, 30.68839889839063], [111.28821130061107, 30.688430230770678], [111.28806202394344, 30.688515766189767], [111.28801415393025, 30.68853906222813], [111.28797872513809, 30.688550758810663], [111.28793218702089, 30.688564986984716], [111.28787800196835, 30.688585823377196], [111.28782487991441, 30.688614141229607], [111.28779209872653, 30.688629683313366], [111.28772512531447, 30.688655147617055], [111.2876634129363, 30.68867597861356], [111.28761379643964, 30.688691788695166], [111.28756275901412, 30.688713520812428], [111.28753287993857, 30.688727704020437], [111.28753019096558, 30.68872895137997], [111.28751463179492, 30.688736139661273], [111.28763744141486, 30.68891678558134], [111.28758072656939, 30.688981552956477], [111.28754720883666, 30.689011433830785], [111.2875174673573, 30.689035282952034]], [[111.32565403620492, 30.673226099804708], [111.32565437704801, 30.673223882076684], [111.32565554436792, 30.67322288382917], [111.32567253525946, 30.67320837596577], [111.32571367564566, 30.67314699543755], [111.32575243192935, 30.6730969967291], [111.32578094313607, 30.67306021715541], [111.32584420774401, 30.67303665042124], [111.32585314160923, 30.673033714134647], [111.32585988742397, 30.673031955960084], [111.32586608555152, 30.673030743673962], [111.32587296626457, 30.67302986143909], [111.32588122743675, 30.673029251698722], [111.32589147880878, 30.673028843406485], [111.32599269210908, 30.673027857749616], [111.32604888714656, 30.67302755287932], [111.32606858499736, 30.673028159921728], [111.32612461006283, 30.67303174012278], [111.32615879958905, 30.67303668729346], [111.32617037026642, 30.67303914064388], [111.32618238610826, 30.673041686624686], [111.32618433134195, 30.673042208231436], [111.32620664801846, 30.67303805156496], [111.32625024984924, 30.673038265603566], [111.32626074313885, 30.673036937304857], [111.32626886131891, 30.673034056776487], [111.32627548212787, 30.673029493616298], [111.326280816007, 30.673023787417947], [111.32628410033112, 30.673016606331487], [111.32628547269644, 30.673007160752036], [111.32628464891752, 30.672982317879757], [111.32628500594836, 30.67297237317655], [111.32628637741453, 30.672964254996486], [111.32628880108734, 30.672957119775333], [111.3262943202268, 30.672945687593597], [111.32630729204794, 30.67292982714997], [111.32631431575311, 30.672919480449764], [111.32631698584038, 30.672914821062193], [111.32634046623969, 30.672873881224746], [111.32635034169499, 30.672859597292643], [111.32635516206113, 30.672853761591853], [111.32636735417015, 30.672841633334883], [111.3263886276331, 30.672824402324466], [111.32639956428864, 30.67281306367198], [111.32641559920069, 30.67279262477996], [111.32642151673969, 30.672783104556743], [111.3264255753802, 30.672774158101106], [111.32642761234456, 30.672767822377182], [111.32642917086963, 30.672754910810568], [111.32643140478558, 30.672736425245887], [111.32644029458402, 30.672608100983155], [111.32644367603484, 30.67254851999826], [111.32644803055234, 30.672445828212517], [111.32644868795677, 30.672412829388747], [111.32644787676816, 30.672402435024424], [111.32644627687421, 30.67239461272129], [111.32644265080785, 30.67238338288695], [111.32643875134738, 30.672376635273622], [111.32642444942894, 30.672360121022905], [111.32640720672731, 30.672344062728428], [111.32639677279303, 30.672337755782905], [111.32638362020805, 30.672332760948336], [111.32637678625974, 30.672331160155068], [111.32636035384729, 30.67232971764247], [111.32631058896266, 30.672328678925396], [111.32622868500579, 30.67233302714766], [111.3262023690441, 30.672342310849103], [111.32612676663712, 30.67236558890096], [111.32609927795949, 30.67233794464056], [111.32609654491972, 30.67224458511953], [111.32609623195566, 30.672241878160264], [111.32609555206824, 30.672236012781866], [111.32609235407898, 30.672101436432172], [111.32610224931955, 30.672093965763963], [111.32610517301549, 30.672080500214975], [111.32612312528215, 30.672037169979546], [111.32612417389157, 30.672034635689954], [111.32613339643927, 30.67202067101715], [111.32609318595189, 30.671955758851198], [111.32608109276833, 30.671936236368197], [111.32603563833419, 30.671908938346974], [111.32609822485324, 30.67185212187809], [111.32612605437396, 30.671826860821], [111.32612790427947, 30.671804465004243], [111.32611361315276, 30.67177690078347], [111.32609228662983, 30.671748150356905], [111.32606456772567, 30.67172855862617], [111.3260486092559, 30.671719325286745], [111.32601495122918, 30.671705634907255], [111.32597444306629, 30.671689160226606], [111.32595879486269, 30.67167620998913], [111.32583556076258, 30.67166656386098], [111.3257799062178, 30.67165115127972], [111.32565047219163, 30.671613619872744], [111.32556233683255, 30.671588148374383], [111.32548663729858, 30.67158833363476], [111.32540460383944, 30.671567122225042], [111.32531639293722, 30.671543835179875], [111.32530748335375, 30.671566153655135], [111.32523105267103, 30.671545508818326], [111.32524154416205, 30.671517826786385], [111.32512061142711, 30.671480475243925], [111.32512685272206, 30.67143409360864], [111.32494138193937, 30.671410620403947], [111.32490380916352, 30.671405154324475], [111.32483864788537, 30.671395673671555], [111.32471365111422, 30.671377490278985], [111.32470977143896, 30.671376236624212], [111.3245587392945, 30.671327489771954], [111.32441936955831, 30.67128250478396], [111.3243891802166, 30.671269698437925], [111.32431797099764, 30.671241632395493], [111.324268147657, 30.671221069396893], [111.32422327688283, 30.671196144686405], [111.32416500980742, 30.671183782605624], [111.32411983506239, 30.671169038220512], [111.3241198017875, 30.671169024730887], [111.32404794685539, 30.671147583094523], [111.32400901520407, 30.671148505799067], [111.32398211558234, 30.671147656839082], [111.32396785143533, 30.67116430868589], [111.32395545158295, 30.671178785072925], [111.32393829701488, 30.67115324972275], [111.3238717247005, 30.671054156124512], [111.32389037843825, 30.67098747589148], [111.32390988563282, 30.670905857019818], [111.32392963924156, 30.670866693343385], [111.32397205486649, 30.67076534424541], [111.3239882966227, 30.670743450250143], [111.32402711765747, 30.670679863684825], [111.32405212780361, 30.670615780693822], [111.32407941593232, 30.670535100714517], [111.32404590539431, 30.670527711884517], [111.32405228878218, 30.67051019309099], [111.32405827736767, 30.670510317197568], [111.3240651373963, 30.670474566448206], [111.32424423468387, 30.66997961017097], [111.3242376579417, 30.6699225221069], [111.32423761927078, 30.669922183062397], [111.32424561334443, 30.669906709327222], [111.32436601278135, 30.669944549201716], [111.32438393986712, 30.670109824808605], [111.32484853862923, 30.6700136027456], [111.32484947122617, 30.670019192931534], [111.32521449885013, 30.670072872565072], [111.32541311682195, 30.670148026210484], [111.32544411105687, 30.67018392175072], [111.32558101395267, 30.670069099909085], [111.32569374307184, 30.669881218043827], [111.32569403175415, 30.66987854705735], [111.32535940211477, 30.669722138765735], [111.32544797544375, 30.669521105214812], [111.32550702313063, 30.669521105214812], [111.32581837112104, 30.66947815988931], [111.32589306701158, 30.669452694686242], [111.32592739413406, 30.66944099270779], [111.32592281478617, 30.669276155070577], [111.32563380865355, 30.66915859299479], [111.32561020504698, 30.66918744234664], [111.32549019501664, 30.66913077066863], [111.32559317818283, 30.668944420348737], [111.32574348367496, 30.66887463565604], [111.32584010863417, 30.66876727369089], [111.32590989422641, 30.66880485096317], [111.32581863732037, 30.66895515735473], [111.32582400537359, 30.669089357787698], [111.32609240803833, 30.669218191966024], [111.32612461635807, 30.669245032232595], [111.32609240803833, 30.669491962683935], [111.32575958783491, 30.669695948709204], [111.32586035956808, 30.669897493074927], [111.32580976011246, 30.669905897239403], [111.32563315934289, 30.670122482766487], [111.32563548409041, 30.670120710202696], [111.32564067767532, 30.670126759042887], [111.32566313104871, 30.670152908629916], [111.32648522111617, 30.671110342168618], [111.32709256207221, 30.67065905067483], [111.3272357692154, 30.670458562113083], [111.32724726524924, 30.67054409573342], [111.32724818525571, 30.670550944070783], [111.32725017275743, 30.67056311639476], [111.32741100931077, 30.67085751576184], [111.32754705155526, 30.671106529942506], [111.3275403588006, 30.671109629006253], [111.3278046560601, 30.6716137709588], [111.32794065693588, 30.67160803508284], [111.32794687035198, 30.67162002844168], [111.32796100229842, 30.671666671779633], [111.32769950013187, 30.671713404150466], [111.32761691179104, 30.671785208720564], [111.32747546641974, 30.671996217551452], [111.32746307106407, 30.67201470671347], [111.32758503622063, 30.67215759369799], [111.32769586057566, 30.672271868751807], [111.32787721785951, 30.672368063835165], [111.32751559057209, 30.673057074024882], [111.3275168379318, 30.673114520019112], [111.32768293192191, 30.67324297468366], [111.3278874881172, 30.673314057098082], [111.32964986075257, 30.67357814481562], [111.32974668895866, 30.673609023937274], [111.33000527462389, 30.673635224785926], [111.33016487640793, 30.673651394596277], [111.33028477222462, 30.67366354173913], [111.33093757570856, 30.673672620395166], [111.33146343718795, 30.673632080755965], [111.33157664744436, 30.67356860570675], [111.3316695150362, 30.673516536758825], [111.33183418719818, 30.673424206961727], [111.33189886014446, 30.673424539710823], [111.33206575093385, 30.67342162141074], [111.33210151877017, 30.673420301205965], [111.33217336830643, 30.673416097774805], [111.3322489563244, 30.673409899647254], [111.33229029636016, 30.6734056071831], [111.33246361190623, 30.673384705140165], [111.33249751095144, 30.67337943691166], [111.33254066132253, 30.67337143564339], [111.33259794543898, 30.67335979391953], [111.33261988170227, 30.673321334412094], [111.33255975123154, 30.673224257093864], [111.33251704422634, 30.673154923860807], [111.33248920211514, 30.6731091276842], [111.33247269056233, 30.673081133587573], [111.33246113337475, 30.673060924022536], [111.33245188924343, 30.67304436930226], [111.33244428277754, 30.67303022206721], [111.3324375369628, 30.67301707487809], [111.33243099799222, 30.67300421637168], [111.33242417213802, 30.672991151020938], [111.33241990935142, 30.672983189322792], [111.33241640289481, 30.67297663776168], [111.33240708591848, 30.672959536253757], [111.33239724103993, 30.672941666724626], [111.33238748519437, 30.6729242711383], [111.33237691276435, 30.67290576309057], [111.33236467478997, 30.6728846281232], [111.3323524745872, 30.67286343739778], [111.33234205504198, 30.6728447180094], [111.33233258068412, 30.67282692402341], [111.33232316837956, 30.67280844835119], [111.33231399259677, 30.672789997860093], [111.33230541486307, 30.672772301001032], [111.33229668244599, 30.67275376417507], [111.33228705430429, 30.672732851340072], [111.33227802601027, 30.672712856713133], [111.33227155179088, 30.672697776881023], [111.33226723774294, 30.67268660280456], [111.33226454787058, 30.672678077231637], [111.33226265389851, 30.67267117763288], [111.33226133908965, 30.672666127040202], [111.33226052520325, 30.672662596301848], [111.33226028778216, 30.6726612212384], [111.33226010611912, 30.6726601690317], [111.33225988938244, 30.67265769319812], [111.33225983182598, 30.67265398169593], [111.33225994514049, 30.672648587562435], [111.3322602266282, 30.672641169054828], [111.3322612041913, 30.672631096647933], [111.33226393183503, 30.67261573442869], [111.3322688088586, 30.672593209109493], [111.33227609516581, 30.672562117747646], [111.3322835604381, 30.67253020440546], [111.33228911015436, 30.672504580022462], [111.33229310314431, 30.67248336861263], [111.33229600615584, 30.672464404608718], [111.33229832370876, 30.672447106149207], [111.33230012235282, 30.672432151322823], [111.33230152709382, 30.672418334138968], [111.3323026899173, 30.67240437666078], [111.33230362611152, 30.672390857152436], [111.33230417469792, 30.672378685727836], [111.33230435636096, 30.672366838958624], [111.33230421336884, 30.672354262839065], [111.33230390939798, 30.672342137279827], [111.33230347502541, 30.67233197494079], [111.33230286618448, 30.67232298261962], [111.33230203700953, 30.67231429876597], [111.33230097041366, 30.672305400873597], [111.33229945955253, 30.672295598263304], [111.33229733085722, 30.672283902580148], [111.3322944440335, 30.67226944687752], [111.33229120737349, 30.672253241094324], [111.3322877683658, 30.67223496597103], [111.33228378257064, 30.67221274911924], [111.33227895321119, 30.67218496456445], [111.33227309143007, 30.67215654688721], [111.33226523315409, 30.672131945932676], [111.33225448355768, 30.672109174199193], [111.33224013397518, 30.672086128172452], [111.33222344255802, 30.672063357338118], [111.33220390658516, 30.672041612630437], [111.33217947020643, 30.672018952412884], [111.33214838783789, 30.671993482713106], [111.33211686839894, 30.671969133568723], [111.33209077277104, 30.67195067498369], [111.33206810805683, 30.671936863195867], [111.33204665922608, 30.671926154968162], [111.33202620864279, 30.67191745132942], [111.3320072959001, 30.67191115607517], [111.33198827883609, 30.67190688159735], [111.33196752428194, 30.671904108088256], [111.33194767984173, 30.671902177243794], [111.33193209279204, 30.671901057587775], [111.33191964887288, 30.67190072214072], [111.33190903507398, 30.671901075574283], [111.33189997080711, 30.671901760857565], [111.33189333830705, 30.671902662877756], [111.33188871669108, 30.671903887754297], [111.33188555737257, 30.671905513728518], [111.33188225056551, 30.67190744457298], [111.33187708935628, 30.67190981338723], [111.33186943792441, 30.671912871981533], [111.33185882682346, 30.67191683529387], [111.33184141684796, 30.67192364136298], [111.33180823636116, 30.671937373111348], [111.3317548912753, 30.671959884940918], [111.3316783041106, 30.671992451190704], [111.33160072589294, 30.67202550397394], [111.33154366390903, 30.67204984142711], [111.33150346960957, 30.672067023874206], [111.33147539187581, 30.672079078386787], [111.33145346910237, 30.67208853475813], [111.331436397272, 30.672095964057576], [111.33142297938707, 30.67210189238847], [111.33141177563306, 30.672106945679104], [111.33140113215654, 30.672111756152674], [111.33138980159822, 30.67211675998061], [111.33137667689226, 30.672122446393928], [111.33136075529472, 30.67212925066451], [111.33134433187547, 30.672136450636856], [111.33132932758645, 30.672143620931422], [111.33131445459844, 30.6721514270468], [111.33129841608911, 30.67216049131366], [111.33128166621594, 30.672169373917654], [111.33126411144963, 30.672176486655587], [111.33124405027269, 30.67218235023546], [111.33121993675087, 30.672187568101947], [111.33119281139932, 30.67219167620499], [111.33116143585164, 30.672193386715435], [111.33112253117997, 30.67219265826475], [111.33107330408984, 30.6721896131603], [111.33102459770708, 30.672186348621267], [111.33098763916826, 30.672184792793985], [111.33096674072266, 30.67218489981343], [111.33095993375395, 30.6721849348869], [111.33093839409162, 30.67218666428323], [111.33092017382705, 30.67218910594255], [111.33090493481507, 30.672191936109073], [111.33089150074215, 30.672195447961542], [111.33087857568574, 30.672199896008465], [111.33086671093002, 30.672204213653572], [111.33085726535057, 30.672207248865618], [111.33084955636212, 30.672209178810533], [111.33084278086977, 30.67221025260119], [111.33083664929205, 30.672210862341558], [111.33083134688923, 30.672211042206015], [111.33082644468476, 30.672210775107317], [111.33082149211822, 30.672210069139453], [111.33081698561546, 30.672209374862803], [111.33081376064655, 30.6722091473344], [111.33081161576354, 30.67220940004387], [111.33081028926358, 30.672210120400848], [111.33080946998115, 30.672211013427614], [111.3308092271642, 30.672211919044912], [111.3308095886917, 30.672212925386248], [111.33081054107367, 30.67221410619618], [111.33081147367062, 30.672215321180204], [111.33081175695708, 30.672216455225396], [111.33081136665135, 30.672217607256925], [111.33081031894113, 30.67221887260297], [111.33080365766267, 30.67222079985015], [111.33078218005369, 30.672224434010502], [111.33074266294352, 30.67223025532212], [111.3306830621737, 30.672238598332683], [111.330623384062, 30.672246775868132], [111.33058358006832, 30.67225196765429], [111.33056156016795, 30.67225441470947], [111.33055407600995, 30.67225453791673], [111.33055214066877, 30.672253813063094], [111.33055096435572, 30.672253080115524], [111.33055049760748, 30.672252268927252], [111.33055064509625, 30.67225131384714], [111.33055079977959, 30.672250333586135], [111.33055035371598, 30.67224942077428], [111.33054921967079, 30.672248495371946], [111.33054734908103, 30.672247478238717], [111.33054276073995, 30.672246221885814], [111.33053141759098, 30.672244402557112], [111.33051170804907, 30.672241807113835], [111.33048256102148, 30.672238263785005], [111.3304531190164, 30.672234735744553], [111.33043230870419, 30.672232193361197], [111.33041888991988, 30.672230473857326], [111.33041114136108, 30.672229371288438], [111.33040544235735, 30.672228465671196], [111.3303997163739, 30.672227488108263], [111.33039342381755, 30.672226344170554], [111.33038606736329, 30.67222494482553], [111.33036762586534, 30.672221933895173], [111.3303622865904, 30.672220805246013], [111.3303538140774, 30.67221894544798], [111.33034115701884, 30.67221611977817], [111.33032353930003, 30.672212158264585], [111.3303049287295, 30.672207846914716], [111.33028853768599, 30.672203702838715], [111.33027301628687, 30.672199357314582], [111.33025696069018, 30.67219444611692], [111.33024087091962, 30.672189327175886], [111.33022523440707, 30.672184203738027], [111.33020862302959, 30.672178593767057], [111.33018967791139, 30.672172047602032], [111.3301707103102, 30.67216518937215], [111.33015401619497, 30.672158392296012], [111.33013822320049, 30.672151026848553], [111.33012189780737, 30.672142503074156], [111.33010609671908, 30.672133634859392], [111.33009227234066, 30.672124983381423], [111.33007928972762, 30.672115756337234], [111.33006596986866, 30.672105199195755], [111.33005265630504, 30.67209433808341], [111.33003969257788, 30.672083970698736], [111.33002590327288, 30.672073165344443], [111.33001015704315, 30.672061025396033], [111.32999990117463, 30.672053044812174], [111.32999372373138, 30.672048237935883], [111.32997735607023, 30.672035010707305], [111.32995952790992, 30.672020072068733], [111.3299397563149, 30.672003073083374], [111.32993881022793, 30.672002260096406], [111.32991833896023, 30.671984749396813], [111.32990142720917, 30.671970943004737], [111.32988679344083, 30.67195985526314], [111.32987299604201, 30.67195031885217], [111.32986000083855, 30.67194190029852], [111.3298483780004, 30.671935007894376], [111.32983714996465, 30.67192911913361], [111.32982532118172, 30.671923653953627], [111.32981408235406, 30.67191857907926], [111.32980507834179, 30.67191416790456], [111.32979764724371, 30.671910058902142], [111.32979102913288, 30.671905877953918], [111.32978513857336, 30.67190185528642], [111.32978043062252, 30.671898346131854], [111.32977656713484, 30.671895062707108], [111.32977315240913, 30.671891707336556], [111.32976991395054, 30.671888471575755], [111.32976673664575, 30.67188564590589], [111.32976332191981, 30.671882997402463], [111.32975939098316, 30.671880283248584], [111.32975544205999, 30.671877748059785], [111.32975195179131, 30.671875775846445], [111.32974863419213, 30.67187422631457], [111.32974518619153, 30.671872932190126], [111.32974166714422, 30.671871569717325], [111.3297380878426, 30.671869763878647], [111.32973410384596, 30.67186731232664], [111.32972940308957, 30.671864045989025], [111.32972436508754, 30.671860292218753], [111.32971910585218, 30.671856004251254], [111.32971311726675, 30.67185073512337], [111.32970593797882, 30.67184410622059], [111.32969851497455, 30.671837067227045], [111.32969161087931, 30.67183025126519], [111.32968462314699, 30.671823044098232], [111.32967695372844, 30.671814851274405], [111.32966875460937, 30.671805829275627], [111.32965978117403, 30.67179551135382], [111.3296491251071, 30.671782822819125], [111.32963599770324, 30.67176685085957], [111.32962341528844, 30.671751276400357], [111.32961479708541, 30.67174008074028], [111.32960966735232, 30.671732577696446], [111.32960731472599, 30.67172784006783], [111.32957971723033, 30.671704637559117], [111.32957497960172, 30.671699928708904], [111.32956906925733, 30.67169065040332], [111.32956133059105, 30.67167555888011], [111.32955124019765, 30.67165379528649], [111.3295413188768, 30.671631940861573], [111.32953422682311, 30.671616510293802], [111.3295295332615, 30.671606588972963], [111.32952665093421, 30.67160090076112], [111.32952461127195, 30.671597095729453], [111.32952308242449, 30.671594249375175], [111.32952196456705, 30.671592173739896], [111.32952112909703, 30.671590629604054], [111.32952033499555, 30.671589194286014], [111.32951936282848, 30.671587524244842], [111.32951811187144, 30.671585444113077], [111.32951649219245, 30.67158280280421], [111.32951474391041, 30.67158005087873], [111.32951301181612, 30.671577546266747], [111.3295111340318, 30.671575072231917], [111.32950895767226, 30.671572414735294], [111.32950667609236, 30.671569533307434], [111.32950440170691, 30.671566214809047], [111.32950192767186, 30.671562118397105], [111.32949904894207, 30.67155694369808], [111.3294959022142, 30.671550868777558], [111.32949241644201, 30.67154338192165], [111.32948823819174, 30.67153367014288], [111.32948305899617, 30.671521064345768], [111.32947753895735, 30.671507478287594], [111.32947207557595, 30.671494085583618], [111.32946616613077, 30.67147965326336], [111.3294593312832, 30.671463012208278], [111.32945161599935, 30.67144413993526], [111.32944239974705, 30.671421324134826], [111.32943069686928, 30.671392113255592], [111.32941568538564, 30.671354463138073], [111.32940079800846, 30.671317064830703], [111.32938956817418, 30.671288796440933], [111.32938124674723, 30.671267761298225], [111.32937489123822, 30.671251593286456], [111.32936960862071, 30.671238026114167], [111.32936531705587, 30.671226757608906], [111.32936169908328, 30.671216924421685], [111.32935838418223, 30.671207566076475], [111.32935530580272, 30.671198909202474], [111.32935256197123, 30.671191708330753], [111.32934992515908, 30.671185411277747], [111.32934716334108, 30.671179402907228], [111.32934452293142, 30.671173969203437], [111.32934235106876, 30.671169822429476], [111.32934048497549, 30.671166680198326], [111.32933873579407, 30.67116419717013], [111.32933694344524, 30.671161679967668], [111.32933490288355, 30.671158409133398], [111.32933240456697, 30.671154018643108], [111.32932927132896, 30.67114821441868], [111.32932551306203, 30.671141045023262], [111.32932067740745, 30.671131531095284], [111.32931422207378, 30.671118585354463], [111.32930571089003, 30.671101355243422], [111.32929723118241, 30.671084106246553], [111.32929089276053, 30.671071095754655], [111.32928627743979, 30.67106145412299], [111.32928285372088, 30.67105409137332], [111.32928009100357, 30.67104792472213], [111.3292779470197, 30.671042775203944], [111.32927627158284, 30.671038238124254], [111.3292748857275, 30.671033880009702], [111.3292735871064, 30.6710298420536], [111.32927223362674, 30.67102651276349], [111.32927069758472, 30.67102364032877], [111.32926885937047, 30.67102093786616], [111.3292670202569, 30.671018459334448], [111.32926548781217, 30.67101640977961], [111.32926414242633, 30.67101463991378], [111.32926285459712, 30.671012970772153], [111.32926143906434, 30.671011442823897], [111.32925962513173, 30.67101019366561], [111.32925720685472, 30.67100912976764], [111.32925402325469, 30.67100814770788], [111.32925009861327, 30.67100738508293], [111.32924489873312, 30.671007150359742], [111.32923783635721, 30.6710074651225], [111.32922843934102, 30.67100831498192], [111.32921885526599, 30.671009509281475], [111.32921108962029, 30.67101110827622], [111.32920457043474, 30.671013299024594], [111.32919863400986, 30.671016226317874], [111.32919267060532, 30.671020532271825], [111.32918604529988, 30.671027911209308], [111.32917808180315, 30.671039302022223], [111.32916819825391, 30.67105538459839], [111.32890376429737, 30.67110396687474], [111.32892815481063, 30.67105904843652], [111.32900235967122, 30.670928135924896], [111.3292165332166, 30.670579154904146], [111.32954442063851, 30.670040884579294], [111.32960092504271, 30.66994812670481], [111.32996325739845, 30.6693267005669], [111.3303094406283, 30.668829415944913], [111.33037935302485, 30.668753416936738], [111.3303982936464, 30.668778455861116], [111.33043609484997, 30.668826089352535], [111.33052742010454, 30.66891127673415], [111.33054395414035, 30.668929977236814], [111.33059398162703, 30.66899342890366], [111.33061586303182, 30.669023269308468], [111.33061950258804, 30.66903301616088], [111.33063373885602, 30.66906284217646], [111.33064466202165, 30.669087791168693], [111.33065855384928, 30.669132464092], [111.33066182378417, 30.669149417211997], [111.33067336298541, 30.669189820154145], [111.33069841360106, 30.669258253165935], [111.33071385496055, 30.669305445989608], [111.33071965828566, 30.669351188206917], [111.33071986602914, 30.66938262760624], [111.33071577681181, 30.669407197084638], [111.33070034984138, 30.669441999049127], [111.33063008311188, 30.669412644278225], [111.33062005477177, 30.669415534699283], [111.33060785097166, 30.66940039371326], [111.33033685556154, 30.669503992914997], [111.33008663089333, 30.669599649304473], [111.33024913568909, 30.669843150640872], [111.33034313372866, 30.66998136564763], [111.3304067283878, 30.670071831150267], [111.33048058611024, 30.670183108763524], [111.33069551058952, 30.67049750005964], [111.33098051923571, 30.670389689332694], [111.33113261617734, 30.67033282879703], [111.33118989399856, 30.670311558032154], [111.33125055416986, 30.67030630958851], [111.33139668590837, 30.670294077010226], [111.33179867566844, 30.67025915183848], [111.33191823064203, 30.670184345331336], [111.33199866690501, 30.670122861381003], [111.33203085364113, 30.670098256829135], [111.33209749520324, 30.67004549630275], [111.33210422393086, 30.6699179382623], [111.33211070714361, 30.669823711795004], [111.33212405937792, 30.669599407386897], [111.33212417988705, 30.669596831728427], [111.33212636973627, 30.66954996895595], [111.33212565117805, 30.669541089949405], [111.33213430085743, 30.66939506343141], [111.33213344470283, 30.66939007219412], [111.33208501171401, 30.669303383844124], [111.33229619591282, 30.669269127768132], [111.3322126461967, 30.668953127584928], [111.33220359721844, 30.66891890028711], [111.33216213307611, 30.668800450580363], [111.33215471726646, 30.668786695449683], [111.33214814412173, 30.668773435845424], [111.33214186595444, 30.668759475669447], [111.33213532158794, 30.668743663789087], [111.33212909288346, 30.668727494878112], [111.3321240072172, 30.668712194712157], [111.33211968327686, 30.66869640801292], [111.33211568938754, 30.668678803783905], [111.3321118753629, 30.668660796658514], [111.33210942740834, 30.6686491909075], [111.332108225914, 30.668643491903765], [111.33210441368789, 30.66862533099436], [111.33210012212311, 30.668604809364638], [111.33209579638407, 30.66858352510974], [111.33209185465552, 30.66856250435626], [111.33208796238961, 30.668539800071756], [111.33208377604552, 30.6685135821362], [111.33207967064027, 30.668487152859996], [111.33207608234545, 30.668463649977525], [111.33207271168635, 30.668441122859576], [111.33206925739046, 30.668417549830167], [111.33206588223482, 30.668394391388233], [111.3320628119493, 30.66837342189598], [111.33205978573056, 30.66835286159528], [111.33205653737946, 30.668330904647576], [111.33205345720137, 30.668309040329916], [111.33205106320617, 30.668288828966354], [111.33204918811958, 30.668268516878697], [111.3320476313931, 30.668246356684108], [111.33204638043628, 30.668224048101365], [111.33204565917998, 30.668203173937457], [111.33204544873854, 30.668181898675755], [111.33204568615963, 30.668158422773104], [111.33204609265312, 30.668135214868357], [111.3320465144352, 30.668114959437958], [111.3320469883779, 30.668096002628488], [111.33204755405143, 30.668076612345885], [111.33204838772303, 30.668055179702833], [111.3320498653091, 30.668028556172942], [111.33205217656678, 30.66799382795284], [111.33205546179022, 30.667948609141035], [111.33203774424652, 30.66793200136084], [111.33204135682325, 30.667923772564166], [111.33204395676324, 30.667915077019245], [111.33204583904427, 30.667905195268702], [111.33204658458232, 30.667892751349427], [111.33204491813859, 30.667874422266777], [111.33204447387351, 30.66784329493214], [111.33203310464404, 30.667811866324655], [111.33196536680828, 30.667758819813855], [111.33195799866274, 30.667754765669997], [111.33184839288919, 30.667706811120524], [111.33182921394723, 30.66768657187788], [111.33174147159178, 30.66757449206932], [111.33174662830436, 30.667571724855293], [111.33173426172692, 30.667539247638274], [111.33186511308458, 30.667512667275844], [111.3320706036755, 30.66750493940151], [111.33222715495924, 30.6674990533387], [111.33268222270647, 30.66748194103883], [111.33348585508827, 30.667701104022797], [111.33416080167967, 30.668014983604678], [111.3341642182042, 30.668017326338656], [111.3342986488637, 30.66810951044556], [111.33471010758552, 30.66839165475119], [111.33500670489559, 30.668595038230478], [111.33504685872555, 30.668622571874323], [111.33516447116358, 30.668703220377495], [111.3352416168072, 30.668756119399518], [111.33539483700213, 30.66886118269747], [111.33540150367645, 30.6688657548508], [111.33540471695432, 30.668867959089198], [111.33545008775138, 30.66886008642382], [111.33641445506305, 30.668192817344732], [111.3364854772231, 30.668150336069345], [111.33654483607535, 30.668115836276797], [111.33654951974466, 30.668113081653473], [111.33659687624504, 30.668057930729105], [111.33664132883439, 30.668006262878805], [111.33665196421691, 30.66799357074666], [111.33668261221288, 30.66795822019577], [111.33670450620815, 30.66793236198896], [111.33673208391872, 30.66790019863538], [111.33674669970054, 30.66788300269843], [111.3368093338837, 30.66780542268225], [111.33689591611363, 30.667704480977136], [111.33689793778962, 30.66770212115597], [111.33687105525502, 30.667620951046047], [111.33686399557706, 30.66761009622911], [111.33670700902138, 30.667349693933318], [111.33669298499336, 30.66734420986745], [111.33667119172219, 30.667344486858724], [111.33665390675247, 30.667347882698778], [111.33663462438852, 30.66735270936016], [111.3366180022191, 30.667357541417573], [111.33659971360595, 30.667363514714623], [111.33658175774195, 30.667369203825842], [111.33649663780972, 30.66739794166176], [111.33648351130506, 30.66740279260489], [111.33648168388271, 30.667404220728315], [111.33647072024758, 30.667405915950383], [111.33646605996086, 30.66740933966946], [111.33644876959511, 30.667416172718276], [111.33643081732839, 30.66742243289906], [111.33641386061129, 30.66742812111096], [111.33639690839067, 30.66743323825341], [111.3363294601366, 30.667452395611747], [111.33628921457574, 30.667462502192905], [111.33627126680557, 30.66746733065287], [111.33625465183076, 30.66747016081939], [111.33623637670746, 30.667473273372934], [111.33619277127957, 30.66748068288723], [111.33613339983668, 30.6674819527301], [111.33612210704973, 30.667482504913835], [111.33610317721991, 30.66748247073957], [111.33608325813594, 30.667480433774983], [111.3360633408505, 30.667477537958064], [111.336043096212, 30.667473498203435], [111.33602451172197, 30.667468888278734], [111.33600393793148, 30.667463704586282], [111.33599021877376, 30.667461989579124], [111.33598767369227, 30.667461672118577], [111.33597905099259, 30.66745765304836], [111.33596514297705, 30.66745076514087], [111.33595488710853, 30.667444453698693], [111.33594959999414, 30.667439582970474], [111.33594264913398, 30.667436138566984], [111.33592942460336, 30.667429549234498], [111.33591619917337, 30.667423243188182], [111.33590892725539, 30.66741923401048], [111.33590363744304, 30.66741693983994], [111.33589140126725, 30.667411495344425], [111.33583909579778, 30.667389675093546], [111.33582518778223, 30.667384789076777], [111.33581127976686, 30.667380477726965], [111.33579670805165, 30.667376450562926], [111.33578114258574, 30.667373136561025], [111.33576690092173, 30.66737182984616], [111.33575199465884, 30.66737038013912], [111.3357367601435, 30.667368355765007], [111.33572185477982, 30.667366047205462], [111.33570827591626, 30.66736316667692], [111.33569502800327, 30.66736000106323], [111.33568111908852, 30.66735654586796], [111.33566654737331, 30.66735223182019], [111.3356625759672, 30.66734907789771], [111.33565429680851, 30.667347350300076], [111.33564171439377, 30.667341606330183], [111.33563012483046, 30.667336151941925], [111.33561820611538, 30.667330122886995], [111.33560661655213, 30.667323809646234], [111.33559403593614, 30.667316347971223], [111.3355814562193, 30.6673086003118], [111.33552782874636, 30.667271880093324], [111.33552120523962, 30.667269008557923], [111.33551690198357, 30.66726528086815], [111.33550862462346, 30.66726183466608], [111.33549604220866, 30.66725551872736], [111.33548312974273, 30.667249201889263], [111.33547087917793, 30.66724317373354], [111.33546459021886, 30.66723915556264], [111.33545631106, 30.667236569112504], [111.33544438604969, 30.66723111832158], [111.33543113274067, 30.6672248086781], [111.33541821128154, 30.667218785918408], [111.33540528892308, 30.667212478073452], [111.33539402491431, 30.667206742197493], [111.33538209900485, 30.66720100722074], [111.33537613560031, 30.66719699444576], [111.33537050314635, 30.667195273143534], [111.33535724893795, 30.66718924858509], [111.33534598492935, 30.667184085577276], [111.33533372537119, 30.667178349701146], [111.33532279321236, 30.66717318759254], [111.3353102009051, 30.667167452615956], [111.33529794404501, 30.66716114387185], [111.33528701188618, 30.667155409794475], [111.33527375857716, 30.66714967301914], [111.33526249276986, 30.667144224926176], [111.33525089691136, 30.667139061018986], [111.33524592995582, 30.66713476315897], [111.33523897010252, 30.66713304005782], [111.33522671144368, 30.66712730418186], [111.33521445188552, 30.66712128322075], [111.33520252687521, 30.66711497357727], [111.33518960541613, 30.667108664833165], [111.33517767770786, 30.667102929856412], [111.3351657508988, 30.66709747996481], [111.33515349134063, 30.667091744088907], [111.33514222643271, 30.66708744173218], [111.33513062877563, 30.66708285069319], [111.33511737636599, 30.667077687685207], [111.33510478495788, 30.667073096646163], [111.33509119979914, 30.66706793273903], [111.33501531590423, 30.667039229976524], [111.33500570125221, 30.66703606256442], [111.33499211339551, 30.66703117115162], [111.33498548359319, 30.667028011833338], [111.33497785824164, 30.667026565723404], [111.33496525873977, 30.667023106031706], [111.3349523291867, 30.667019647238988], [111.33493940143234, 30.66701618574848], [111.33492647008057, 30.6670124427701], [111.3349118839763, 30.667008710583673], [111.33489829162295, 30.667005548567204], [111.33488436562106, 30.667002103264508], [111.334869444969, 30.666998654364534], [111.33485651811401, 30.666995208162405], [111.33484159656257, 30.666991761060956], [111.3348270113575, 30.6669874542078], [111.33473915388902, 30.666965336281294], [111.33472489873515, 30.666961889180016], [111.33470964893127, 30.666958154295457], [111.3346940717741, 30.66695441671311], [111.33467916101455, 30.666950107161824], [111.33466557495638, 30.666945802107193], [111.33465199069695, 30.66694149525398], [111.3346390683385, 30.66693718660207], [111.33462614867796, 30.666932594663706], [111.33461289716752, 30.66692771674076], [111.33459864920843, 30.666922837918776], [111.33458407299673, 30.666917670414307], [111.33450002775413, 30.6668866545956], [111.33447730008743, 30.666874211575646], [111.33442837696822, 30.66685093622192], [111.33440199355721, 30.666839206364443], [111.33429057385104, 30.66677398303301], [111.33427849056, 30.66676691166373], [111.33416246092895, 30.66670034204725], [111.33413412329128, 30.666679938228697], [111.33411495514122, 30.66665927990192], [111.33410123508412, 30.6666476417754], [111.3340904791923, 30.666636906568158], [111.33408724343167, 30.66663228405281], [111.33407842288096, 30.666624720754385], [111.3340689791001, 30.666614863285417], [111.33405691199687, 30.666603249440584], [111.33405659813366, 30.66660224489783], [111.3340468153084, 30.666592808311577], [111.33403432642314, 30.666577714989614], [111.33401697580297, 30.666564208971238], [111.3340122741472, 30.66655799375644], [111.33400503910138, 30.666544735051502], [111.33400169812, 30.666536392940372], [111.3339943290751, 30.666521129646412], [111.33399090265806, 30.66650792580026], [111.33399017060987, 30.666504322216838], [111.33398717766619, 30.6664927173652], [111.3339843888686, 30.66648095063539], [111.3339812871069, 30.66646803727025], [111.33397883465568, 30.66645599175081], [111.33397705040062, 30.666443668340776], [111.33397592175146, 30.66643164170705], [111.33397382902916, 30.666417884777616], [111.33397140535618, 30.66640412335164], [111.3339693180298, 30.666390080437964], [111.33396788181238, 30.66637662028478], [111.3339681138375, 30.666362324661634], [111.33396896099873, 30.66635118296091], [111.33397493519516, 30.666329157664677], [111.33402504721835, 30.66628801008369], [111.33405214559025, 30.666229167442168], [111.33408508595801, 30.666181334301314], [111.3341224401986, 30.66611459920955], [111.33419128599911, 30.666076672100814], [111.33422290616232, 30.666047776883374], [111.33426668695819, 30.66603331308704], [111.33430107703316, 30.66602295559511], [111.33445693224172, 30.66597494798549], [111.33454897695384, 30.665866609356726], [111.33465370930128, 30.665818001000105], [111.33466547782962, 30.665814296692474], [111.33466621527367, 30.665809905303036], [111.33469799012028, 30.665728761273385], [111.33473154112772, 30.665643945312013], [111.33466700128122, 30.665572126352686], [111.33472839260133, 30.665504821990112], [111.33472677562031, 30.665501401868312], [111.33476553640048, 30.66544995704993], [111.33479547213346, 30.665410796970832], [111.33479663855422, 30.6654092681232], [111.33482103626187, 30.665377355680562], [111.33500255272583, 30.665392916649807], [111.3350964302561, 30.66540076143616], [111.33523472080577, 30.665449885104294], [111.33535490620409, 30.66549293834845], [111.33544468912123, 30.66552621776077], [111.33547798202335, 30.665538558257936], [111.3355336482594, 30.66556397040108], [111.33558470007392, 30.665583887686296], [111.33568493221401, 30.665627428363166], [111.33572560225485, 30.6656427087442], [111.33572774084263, 30.66564870902073], [111.33572890006877, 30.665649566974082], [111.33573187232821, 30.665653855840958], [111.33574014878894, 30.665658150103695], [111.33575671340174, 30.665661313019314], [111.3357729515605, 30.665662188958947], [111.33578885876881, 30.665663637766784], [111.33580476507797, 30.665665371659657], [111.33581967583757, 30.665667675722716], [111.33583524759865, 30.665670550855396], [111.33586572562285, 30.665676873089296], [111.33587831613158, 30.665679173555077], [111.33589354255298, 30.66568319082677], [111.33590777702238, 30.665686351044258], [111.33592233974429, 30.66568979634718], [111.33593591141323, 30.6656932407505], [111.33595014408388, 30.665696400968216], [111.3359637139543, 30.665700131356118], [111.33597863100908, 30.665704428316758], [111.33599256330615, 30.665709292749682], [111.3360217472059, 30.665722167444244], [111.33603103630338, 30.665725029986277], [111.33604032630006, 30.665727891628933], [111.33604829069617, 30.665729040063184], [111.33606388943713, 30.665732765055225], [111.33609143297326, 30.665739066604715], [111.33610470876528, 30.66574164675967], [111.33611864555905, 30.66574451379836], [111.3361312567522, 30.665747378139145], [111.33614552809365, 30.66575053116219], [111.33615913213833, 30.665753966572368], [111.33617406358229, 30.66575769066486], [111.33618866497511, 30.665761129672546], [111.3362116822235, 30.665766066051162], [111.33621903597987, 30.66576821003497], [111.33623187200345, 30.665770095913274], [111.33624807059209, 30.665773738167616], [111.33626267288423, 30.665776605206304], [111.33627760882473, 30.66577918626058], [111.33629255195979, 30.665781761019502], [111.3363088278901, 30.665784333080637], [111.33632477287, 30.66578747441247], [111.33633971690449, 30.665790618442372], [111.33635499368802, 30.66579490101401], [111.33636794392555, 30.665798329229574], [111.33638155966128, 30.66580204073159], [111.33639517629638, 30.66580546714863], [111.33640978938047, 30.665809182248154], [111.3364227423159, 30.665812037595572], [111.3364376890483, 30.665814607857953], [111.33645264027717, 30.665815465811136], [111.3364632756597, 30.66581518342406], [111.33647971436733, 30.665812543913944], [111.3365020283461, 30.6658020182486], [111.3365128516869, 30.665794996342186], [111.33652639817473, 30.665786432997663], [111.33653383287026, 30.665781081132025], [111.33654006067536, 30.665775259820464], [111.33654450332625, 30.665768844057027], [111.33655152073618, 30.665755452252426], [111.33655587255555, 30.665742909407754], [111.3365595606752, 30.665730646252484], [111.33656225234608, 30.66571752604301], [111.33656358873878, 30.665711270358884], [111.33656394756821, 30.665704116252073], [111.33656464634151, 30.665690987948835], [111.33656097440957, 30.665596794756368], [111.33655078329213, 30.665535659743057], [111.33652522276083, 30.665376755832767], [111.3365089072604, 30.66534269490961], [111.33650051838436, 30.665315689167812], [111.33645447759216, 30.665232754588033], [111.33644555272014, 30.66521865411778], [111.3364381980644, 30.665207033977538], [111.33641835092624, 30.665175973192675], [111.33639848220429, 30.66514955290961], [111.33638863912455, 30.665133499111846], [111.33569682215068, 30.664684632190074], [111.33543113094208, 30.664494391403082], [111.33523341678875, 30.664278513642614], [111.3351342566408, 30.66423554223661], [111.33509511994384, 30.66423392435621], [111.33496767971468, 30.66422864893309], [111.33489553340229, 30.664225664982553], [111.33480843855875, 30.664222061399187], [111.33462601288028, 30.66422252994579], [111.33462595442427, 30.664222531744542], [111.33461321642693, 30.664230303685656], [111.33449881097152, 30.664333312032795], [111.33448617279873, 30.664332761647813], [111.33447055427285, 30.66433622403764], [111.33445494384063, 30.664342828658675], [111.33443999441033, 30.66434726231637], [111.33442769618136, 30.66434945666225], [111.3343875225662, 30.664327060845324], [111.33438454131363, 30.664328783946246], [111.33437488259483, 30.664322227888533], [111.3343389420886, 30.664304290910366], [111.33428965834122, 30.664272079892726], [111.33427282033449, 30.664254785030437], [111.33424631911248, 30.664227566149236], [111.33419334094998, 30.664269699387148], [111.3341953662233, 30.66427718804198], [111.33419608927812, 30.6642914935577], [111.33419282204119, 30.664304665927716], [111.33418490171186, 30.6643167069505], [111.33417532213349, 30.66432846288842], [111.33416342230413, 30.664342228810824], [111.33415649302793, 30.6643528372137], [111.3341479098982, 30.664365164221067], [111.33413965861854, 30.664377490329002], [111.33413207823298, 30.66439096127391], [111.33412648444977, 30.66440328018723], [111.33412122791248, 30.66441702902273], [111.33411597317382, 30.664431350726375], [111.33411171488393, 30.664445098662497], [111.33411046032955, 30.664461989729205], [111.3341111546062, 30.664468000797626], [111.33411484092733, 30.664475434593783], [111.33412319383041, 30.66448686317824], [111.3341408646092, 30.664503130115406], [111.33414177562253, 30.664507591652125], [111.33416279727538, 30.66457153344959], [111.3341698776378, 30.66459307221254], [111.33418721656687, 30.66464582194726], [111.33420217588969, 30.66469986760478], [111.33425824232421, 30.664770804329237], [111.33425695809228, 30.66477910417251], [111.33422127659082, 30.66481270014617], [111.33416098873874, 30.664873861239755], [111.33408128542317, 30.66495471658709], [111.3340744370858, 30.664960078345075], [111.33402790526367, 30.664946489589], [111.3338875606625, 30.664905511979953], [111.3338286847461, 30.66497040526002], [111.3337678923744, 30.665035883099506], [111.33373104804951, 30.66507608819103], [111.33364291089168, 30.665171794043204], [111.33359378542497, 30.66522398529878], [111.33354520494737, 30.66525636628836], [111.33342286567279, 30.665338162326407], [111.3333819600096, 30.665385963091694], [111.33324784501207, 30.665434693756197], [111.33310993487561, 30.665484170857894], [111.33299779121523, 30.665524795932754], [111.33292412504835, 30.66553064692198], [111.33282507641633, 30.66553411470767], [111.3326273190956, 30.66553361558408], [111.33248358494956, 30.665525918286505], [111.3324623654459, 30.66553195093894], [111.33240969035512, 30.665559729198264], [111.33238019708847, 30.665572909662103], [111.3323738937404, 30.665573208237163], [111.33235239994343, 30.66557405090174], [111.33225700255866, 30.66557271360989], [111.33224278607577, 30.665572515759095], [111.33215065592816, 30.66556886900827], [111.33205169363094, 30.665562626813937], [111.33204315007151, 30.66554839863977], [111.33195136166614, 30.665506377817223], [111.33194841278913, 30.665505027035465], [111.33177052508972, 30.665423589826844], [111.3316566196574, 30.665300442061834], [111.3315783201835, 30.665216196270478], [111.33149500608971, 30.66512604732941], [111.33143075762342, 30.66505651174873], [111.33135262002747, 30.665006293605643], [111.33124272107483, 30.664936725649454], [111.33115585106174, 30.664877403669436], [111.33107880794074, 30.66483592243992], [111.33107083635002, 30.6647081062942], [111.33103544443026, 30.66459826489813], [111.33096828575782, 30.664549042304486], [111.3308598706866, 30.66443078325409], [111.33086139323882, 30.664428630277257], [111.33082968584142, 30.664429016985707], [111.33077637313124, 30.664429667195577], [111.33069787130984, 30.664502775782637], [111.33058836266292, 30.664347808204866], [111.33048340188753, 30.664352908260184], [111.33035643829908, 30.664305381787983], [111.3303710289, 30.66418685743764], [111.33045202634003, 30.66413808180721], [111.33054737426198, 30.664078806591704], [111.33057612109121, 30.663978230011367], [111.33058924040131, 30.66394302874778], [111.33063491157196, 30.663816236929847], [111.33063862217483, 30.663806440614792], [111.33073650978218, 30.663849822111786], [111.33082864172854, 30.66370793067665], [111.33085537137833, 30.66363939514207], [111.33085995342418, 30.663629782288808], [111.33090251114203, 30.663565693901774], [111.33091032714998, 30.66356047513591], [111.33093377517378, 30.66352743764122], [111.33095491643638, 30.66350509938087], [111.33097580139219, 30.663473611418055], [111.33099589314605, 30.663463142410194], [111.33126951727456, 30.663393670681387], [111.33132492180778, 30.663359341760327], [111.33135976873848, 30.66331709700654], [111.33138299283098, 30.66332183103782], [111.33141026657069, 30.663281090849694], [111.33141669042806, 30.66326442371428], [111.33144453343863, 30.663193043624176], [111.33146324113585, 30.663145670936046], [111.33147086738677, 30.663120738131738], [111.33129551397695, 30.66306074795517], [111.33132604056442, 30.66297471790898], [111.33258753578633, 30.663318274219137], [111.33258753578633, 30.66332364227236], [111.33265732137835, 30.66332364227236], [111.33295793236283, 30.66339342696523], [111.33345716221834, 30.66344173944475], [111.33382755879484, 30.66347931581788], [111.33403154482005, 30.66355983661731], [111.33433752475713, 30.663758454589185], [111.33441267840254, 30.663822872128037], [111.33439982439245, 30.663862569102434], [111.33454083629056, 30.66391104166138], [111.33477166258234, 30.66347086039201], [111.33492196897367, 30.663266874366798], [111.33514742721206, 30.66317024940753], [111.33554466405513, 30.663105831868677], [111.33576475513951, 30.663068256395093], [111.3361673600358, 30.663078991602333], [111.3365592279261, 30.66318098461494], [111.33683299864401, 30.663261506313575], [111.3369061081305, 30.663383460678233], [111.33687981285323, 30.66347086398929], [111.33720759415525, 30.663962535942403], [111.34169629035165, 30.665584049564302], [111.34198622998059, 30.666883409841603], [111.34258110903096, 30.667266414013966], [111.34246445886782, 30.667349120165795], [111.342064916163, 30.667660614745614], [111.34209138860678, 30.667709265370434], [111.34211992409541, 30.66770764838941], [111.34155111998831, 30.66822603920042], [111.34137520989805, 30.66840119116216], [111.34126994065531, 30.6685060062473], [111.3411604320084, 30.668713320663244], [111.34116045718946, 30.668722071966215], [111.34116125758601, 30.66900532243784], [111.34120286741859, 30.669139576830105], [111.34125157739845, 30.66924010484695], [111.34127671794624, 30.669240642641682], [111.34129556683706, 30.669267917280592], [111.34140224711604, 30.669422266124855], [111.3414958503534, 30.66947585312812], [111.3423890084461, 30.670227393179687], [111.34267716112225, 30.670469853101338], [111.3434141015797, 30.670916490603588], [111.3435829708776, 30.671018837049758], [111.34306749656781, 30.67129931581087], [111.34307767779273, 30.671311003400263], [111.34172878915228, 30.67202388069768], [111.34142063825198, 30.672186736228866], [111.34121730963119, 30.67191801070777], [111.34118567238102, 30.671876195829782], [111.341123120036, 30.671796685868514], [111.3410510043006, 30.671705473928455], [111.34077745481585, 30.67135949574424], [111.34070651539349, 30.671269627391496], [111.34065401567034, 30.671304250390904], [111.34040845758432, 30.671047207962317], [111.34031411780245, 30.670948546038687], [111.34016797077538, 30.67079740237824], [111.34010058817171, 30.67072595304046], [111.34003274331661, 30.670678770109248], [111.33962627043621, 30.67060575235371], [111.33949519334851, 30.670612842608648], [111.33907892235447, 30.670847865137034], [111.33903296699799, 30.670871412086115], [111.33873135326951, 30.67090775279064], [111.3383684336564, 30.6709514526475], [111.33828756302069, 30.670945149299257], [111.33790110365305, 30.670986766326223], [111.33782436000627, 30.671026204295913], [111.33780303977852, 30.67103726056115], [111.33774534197414, 30.671080487374752], [111.33774860021776, 30.671085323928708], [111.3373838621755, 30.671357671919054], [111.33728258232543, 30.671433722188624], [111.33702427275205, 30.6716288678781], [111.33702283293752, 30.67162995785634], [111.33693561398746, 30.67160903692769], [111.33692383826462, 30.671617655130717], [111.33690867209765, 30.671721848784443], [111.33686777722619, 30.67174860901116], [111.33685307600865, 30.67173352378319], [111.33686284984071, 30.67165482680889], [111.33674823394404, 30.671723954996708], [111.3366552026755, 30.671780066397048], [111.33663880443737, 30.671790157689657], [111.33637014726457, 30.671955530423475], [111.33605163977148, 30.672152118625547], [111.3359631159052, 30.67221057455845], [111.3356830175573, 30.672392503811068], [111.33550146781869, 30.672518417890785], [111.33547955044088, 30.672533620929926], [111.33545746039363, 30.67254894807553], [111.33541859619146, 30.67254259076799], [111.33537483697916, 30.672546486631177], [111.33531465344868, 30.67255184659058], [111.33531419569357, 30.672552405968872], [111.33531153100239, 30.672555666910625], [111.33521751227835, 30.672618112236137], [111.33513545273911, 30.67267196364037], [111.33507133467447, 30.672714928751134], [111.33501053960487, 30.672755874883876], [111.33496269926928, 30.672787942909224], [111.33488318840841, 30.672841046077508], [111.3348266777092, 30.67287790479162], [111.33473770598039, 30.67293649022696], [111.33468695633803, 30.67297066626338], [111.33456935559127, 30.67304812756919], [111.33455531357697, 30.6730529020698], [111.3337652087975, 30.67332148190087], [111.33376409004086, 30.673324762627885], [111.33369228996725, 30.673535257945957], [111.3336812849634, 30.673567524721477], [111.33370158266206, 30.673613911752796], [111.33375163622918, 30.673728333395957], [111.333786545213, 30.673808221072704], [111.33379090872359, 30.673827637435636], [111.33382765682097, 30.67399163960266], [111.33385647829402, 30.674119473734777], [111.33387008863372, 30.67418239929833], [111.33385721124137, 30.674230588570822], [111.3338320787874, 30.674323802401602], [111.3338279553958, 30.674339099869655], [111.33382575835219, 30.6743472504254], [111.33380097123796, 30.67443870158496], [111.33369668495419, 30.67455821788758], [111.33364835988402, 30.67461302437175], [111.33228189759154, 30.67653602491771], [111.3320934248718, 30.676490817797003], [111.33203425577642, 30.676509589346153], [111.331379278631, 30.676439667057025], [111.33136332825507, 30.676435261278357], [111.32997531460916, 30.67605183982073], [111.32973465063367, 30.67594444637922], [111.32969878836849, 30.675928442044096], [111.32970839222861, 30.67588029503969], [111.32974156372222, 30.675713995104786], [111.32987526593087, 30.675043708800104], [111.32994798960823, 30.674679118246843], [111.329328464637, 30.67478597029634], [111.32886144400061, 30.674635664804214], [111.32857693627676, 30.67422232380136], [111.32795585098188, 30.673872325647494], [111.32737448964116, 30.673932448024118], [111.3265869946942, 30.674543334107682], [111.32604714785765, 30.674436221254723], [111.32610462622762, 30.674363503872712], [111.32615952534184, 30.67426790503987], [111.32620314336054, 30.674101212101277], [111.32625226522998, 30.673929257229474], [111.32626282686812, 30.67378603569705], [111.32637646789982, 30.673313734241503], [111.32565349930974, 30.67322961075803], [111.32565403620492, 30.673226099804708]], [[111.3274792966323, 30.66396642820814], [111.32776281959849, 30.66362600423679], [111.32786604468225, 30.66349734992292], [111.32810200430424, 30.66327473983756], [111.3284475670016, 30.663002334290354], [111.32846091563886, 30.66299205144219], [111.32847699281916, 30.66300165260435], [111.3289690370915, 30.662617153758788], [111.32923572744699, 30.662863842292552], [111.32895371534175, 30.663098853129668], [111.3288195131102, 30.663206214195498], [111.32851108611783, 30.66302201415465], [111.32813958607323, 30.663333732665762], [111.32823094730043, 30.66347714485454], [111.32819811395194, 30.66352628111298], [111.32814269233143, 30.663607658067065], [111.32799771172506, 30.663886644852937], [111.32795035612418, 30.66399650783262], [111.32791745082989, 30.66408820990307], [111.32789160521355, 30.66413656015419], [111.3279437883752, 30.664149715437077], [111.32793319076421, 30.664158371411872], [111.32819817330716, 30.664246406046914], [111.32821050031447, 30.664223339335706], [111.32826838517792, 30.664240165651165], [111.32834460631864, 30.66426232224842], [111.32836418905617, 30.664267948407144], [111.3284255551954, 30.664285576917905], [111.32843417969383, 30.664287558124386], [111.32844661461962, 30.664258914717266], [111.32847837777496, 30.664183236767144], [111.32848133834307, 30.664178363340852], [111.3284859365769, 30.664170906162497], [111.32852553282726, 30.66413300603341], [111.32858967697217, 30.664073855823915], [111.32863836087176, 30.663954610217274], [111.32865139294762, 30.663885279682006], [111.3286644358152, 30.66381938365771], [111.32868504377979, 30.66373731602448], [111.32878350695341, 30.663684356747694], [111.32883868036095, 30.663661067004796], [111.32887726487394, 30.663562155968805], [111.32891046514595, 30.6635700906873], [111.3289629037152, 30.663423559649686], [111.32897086001731, 30.66341093856414], [111.32900767556384, 30.66344151371493], [111.32905609776077, 30.663481727799592], [111.32922695276181, 30.66339060669128], [111.32942551317706, 30.66326314307969], [111.32938688639581, 30.663373640980808], [111.32937477702433, 30.663480262804], [111.32937572670858, 30.663564898901086], [111.329377177315, 30.663617207068455], [111.3293777034184, 30.66365179229649], [111.32937591916334, 30.663683792872916], [111.32937339836377, 30.66373493911624], [111.329371274165, 30.663768939784802], [111.32936948901079, 30.663801227245017], [111.32936770025924, 30.663831208843362], [111.32936549512164, 30.66387715430733], [111.3293652648951, 30.66389099667225], [111.3293610371822, 30.663909101823776], [111.32935153674407, 30.66395615615187], [111.32934542405218, 30.663986993904814], [111.32933251608273, 30.66405382522396], [111.32932911934353, 30.66407124599118], [111.32931354668301, 30.664147506702193], [111.32923099971089, 30.664133882872477], [111.32922537265296, 30.664161319389564], [111.32921359693, 30.664219284292642], [111.32923544326115, 30.664284091237846], [111.3292497757567, 30.66434588185706], [111.32927014899826, 30.66442977781213], [111.32929181726371, 30.664534615380262], [111.32935226789289, 30.664580223598477], [111.3293736133017, 30.66459078343803], [111.32940356432312, 30.66459626030928], [111.32955853729675, 30.66462518790223], [111.32960885076801, 30.664632823146462], [111.32969237080636, 30.664646041381843], [111.32977795388956, 30.664659549198973], [111.32992156302981, 30.66468176874872], [111.33001313020196, 30.66469599872147], [111.3300795433363, 30.664707355360292], [111.33008831622294, 30.664707131428997], [111.33010537456346, 30.664703044010423], [111.3302397188881, 30.664661078945755], [111.33026036012757, 30.664633789917502], [111.33024746384956, 30.664731657739935], [111.33025611083099, 30.66483903139624], [111.33027581677561, 30.664951150775096], [111.3302152591271, 30.66500380877892], [111.3300208616734, 30.665058743865984], [111.3297844011293, 30.6649523981348], [111.32948308957299, 30.664838605117666], [111.32911550517662, 30.664720206672314], [111.32892075788686, 30.664668124234538], [111.3289018559359, 30.66467074395979], [111.32888894436934, 30.664676211837843], [111.32887800771402, 30.664679098661622], [111.32887471799387, 30.664684253575615], [111.32886779141546, 30.6646919949398], [111.32886549634571, 30.66469714715572], [111.32886188286966, 30.664703733790418], [111.32885854278766, 30.66472332012529], [111.32887566767795, 30.664741766119676], [111.32888564565621, 30.664746894953396], [111.32890129385964, 30.664758882016827], [111.32892061129729, 30.664775154350025], [111.32893792774331, 30.664789716172493], [111.3289539149913, 30.664803134057422], [111.32896923404292, 30.66481598087296], [111.32898521859295, 30.66482939785851], [111.32902995896563, 30.664866797964464], [111.32904059524736, 30.664872496968258], [111.32904724393535, 30.664877061926973], [111.3290598704167, 30.664882758232807], [111.32907914378751, 30.664891585078692], [111.32909875080679, 30.664901271676342], [111.32911869776984, 30.6649143936844], [111.32913348981884, 30.66493102124963], [111.32915243403767, 30.664940021664847], [111.32919050413852, 30.664956910033368], [111.32920546975674, 30.664962693573614], [111.32921143316128, 30.664965298010088], [111.32921739206915, 30.664968761299292], [111.32922235992407, 30.66497107435572], [111.32922798788138, 30.664974533148268], [111.329238919141, 30.664979449741963], [111.32925531108373, 30.66498796991891], [111.32926872537155, 30.664994472017327], [111.32928230693301, 30.665000832922203], [111.32929787689557, 30.66500806167278], [111.32930433312845, 30.665011524961983], [111.32931311320965, 30.665015287725396], [111.329326691174, 30.66502193371531], [111.32938632881621, 30.66504740881095], [111.32939196576666, 30.665049154395035], [111.32940688192213, 30.665054380355514], [111.32942080612543, 30.665058742966778], [111.32942776507934, 30.66506106681493], [111.32943573037483, 30.665062254819247], [111.32945297757294, 30.665065780161797], [111.32946923191963, 30.665069300108257], [111.32948581631746, 30.66507282275262], [111.32949543276806, 30.665075446974356], [111.32950273526319, 30.665076060312003], [111.32951998515927, 30.665079585654325], [111.32953590765601, 30.665082817817847], [111.32955249205406, 30.665086338663684], [111.32956741630329, 30.665090137400114], [111.32958300065502, 30.665094509903895], [111.32959857601367, 30.665100309631725], [111.32961447782594, 30.66510754197958], [111.3296293822903, 30.665114767132877], [111.32964262840471, 30.66512169730862], [111.32965919031938, 30.66512978671045], [111.32967209559092, 30.66513785812583], [111.32966791374332, 30.665144148883428], [111.32968177229606, 30.665179648721846], [111.32970339919257, 30.665179625339476], [111.32972672400916, 30.665239916788835], [111.32975846288292, 30.665341148975017], [111.32975960592108, 30.665371717830567], [111.32975978038974, 30.665395914989517], [111.32976182095138, 30.665422392829328], [111.32976542093746, 30.66545075025209], [111.32976699744904, 30.665463880353855], [111.32976890221317, 30.665477866610274], [111.32977048232203, 30.66549071072791], [111.32977237989161, 30.665505269852474], [111.32977449329832, 30.665521445058687], [111.32977611117872, 30.665545795102446], [111.32977702219182, 30.665559491777174], [111.32977792690991, 30.6655740446065], [111.32979293209831, 30.665628405026894], [111.32979850879417, 30.665639580002676], [111.32980442183668, 30.665649609242166], [111.32980967028016, 30.665659923566807], [111.32981492322028, 30.66566937993798], [111.32982050711081, 30.665678837208702], [111.32982707396042, 30.66569001398301], [111.32983331615475, 30.66570033010629], [111.32983955475174, 30.665711219996865], [111.32984512874975, 30.66572296604204], [111.32984872513867, 30.66573327676946], [111.32985329459393, 30.66574816864312], [111.3298578613514, 30.665763916671608], [111.32986111599769, 30.665776803956476], [111.32986305403676, 30.665788826093547], [111.32986532392556, 30.665799706091605], [111.32986726196464, 30.66581173002737], [111.32986952375967, 30.6658251856839], [111.32987178105799, 30.665839214208518], [111.32987337825398, 30.66585352512027], [111.32987464090212, 30.665868981768142], [111.32987634062067, 30.66594111998677], [111.32993160126244, 30.66598622008803], [111.33003555929378, 30.6660608728111], [111.33025129316275, 30.666124010614737], [111.33024626685187, 30.66613486902901], [111.3302405777406, 30.666146300311595], [111.3302342159364, 30.666159444802588], [111.33022087089665, 30.6661868714271], [111.33021753621051, 30.666194299827225], [111.33021318259244, 30.666208306768056], [111.3302098218258, 30.666221744438076], [111.33020647005259, 30.666233753085294], [111.33020244558645, 30.66624833199495], [111.33019973772781, 30.666264061137554], [111.3302002809184, 30.666294111084426], [111.33020122880373, 30.66630527616769], [111.33020153637193, 30.666311571421943], [111.3302021596021, 30.66632073011766], [111.33020510038517, 30.666329897806634], [111.33020335480103, 30.66635307063774], [111.33022912037774, 30.66635916983995], [111.33025101257425, 30.666362098931813], [111.33028288544693, 30.666364195251504], [111.33030347362643, 30.666364543289205], [111.33032343677723, 30.666355158863553], [111.33033643377945, 30.66634346318034], [111.33034511583452, 30.666331755805913], [111.33035247768487, 30.666317469175908], [111.3303573861844, 30.666310819588716], [111.33039794920597, 30.666215361949583], [111.33041079692089, 30.666182596949454], [111.33043466312927, 30.666110039646696], [111.33044642176509, 30.666076049770027], [111.33046318872522, 30.666035152200607], [111.33049053980659, 30.665979369952083], [111.3304932971281, 30.665979383441936], [111.33052804962995, 30.665967040246812], [111.33054551086667, 30.66596036997521], [111.33057390785967, 30.665944551799612], [111.33059047427105, 30.665927862181206], [111.33059142215654, 30.665939612723093], [111.33059237274, 30.665951077280567], [111.3305931893243, 30.66599663693529], [111.33059214970808, 30.666007237244173], [111.33059078183925, 30.666017833056628], [111.33059205707781, 30.66603130400148], [111.33059333861178, 30.66604248167522], [111.33059661034542, 30.66605510186156], [111.33060037400804, 30.666069437954377], [111.33060316190654, 30.66607802737917], [111.33060611168275, 30.666087759842412], [111.33061037626788, 30.66610121639809], [111.33061068923212, 30.666106079032488], [111.33061398434796, 30.66611238327988], [111.33061825073179, 30.66612498008385], [111.3306208767521, 30.66613313963279], [111.33062111237444, 30.66613412439051], [111.33062317362055, 30.666140154344816], [111.330627770955, 30.666153038931725], [111.33063302209638, 30.666169072045022], [111.33064810372707, 30.666218029338722], [111.33064938436172, 30.66623004428118], [111.33064932410713, 30.666245487439426], [111.33064827459822, 30.666258639125033], [111.33064689323953, 30.666272361880033], [111.33064385083304, 30.666285507270402], [111.33063849087381, 30.666297498830545], [111.33063247440936, 30.66630720161612], [111.33062512155215, 30.66631890179599], [111.33059681269293, 30.66636559999256], [111.3305398919025, 30.666423123328514], [111.33053615521953, 30.666427134304968], [111.33050637596847, 30.66645705205144], [111.33046533270903, 30.666510996984982], [111.33043130506076, 30.666571108569997], [111.33042618701899, 30.666583585764045], [111.33040181539161, 30.666635596255787], [111.33038960169876, 30.66667051693082], [111.33038607995377, 30.66672103634687], [111.33040095294172, 30.66682288816594], [111.33040226864983, 30.666825753405874], [111.33040420758823, 30.66683977923242], [111.3304053344387, 30.666848796734712], [111.33040645319534, 30.666859816127783], [111.33040773023265, 30.666872697117412], [111.3304083435703, 30.666885290324046], [111.33040815381327, 30.666891298694566], [111.33040863135324, 30.6668970237788], [111.33040857379677, 30.666911045108634], [111.33040818978628, 30.666923920702402], [111.3304077859907, 30.666942522279555], [111.33040808636412, 30.66695053433972], [111.33040803690147, 30.666962554678264], [111.3304096313995, 30.666977710053345], [111.33041420714994, 30.66699342930343], [111.33042011659518, 30.66700801091116], [111.33042503588678, 30.66702115989864], [111.33043028343087, 30.66703573970767], [111.33043487177196, 30.667048602710963], [111.33043847175804, 30.667059751606246], [111.33044371390628, 30.667074900686146], [111.33044764124583, 30.667087192619988], [111.33045091297925, 30.667097483562145], [111.33045383937332, 30.66711091403755], [111.33045511910859, 30.667121485568202], [111.33045606159806, 30.667132627269098], [111.33045600314222, 30.66714519439529], [111.33045461458897, 30.667158043908728], [111.3304522340834, 30.66716974858508], [111.33044952712413, 30.667180310223216], [111.33044648561696, 30.66719172801595], [111.33044243596976, 30.66720542918739], [111.33043806436535, 30.667217127568506], [111.3304343591584, 30.667227971593718], [111.33043098670066, 30.667239105200622], [111.33042662229087, 30.667249374559162], [111.33041494279547, 30.667260774365218], [111.33040327499134, 30.667270172280723], [111.33039227808126, 30.667278428057102], [111.33038128027204, 30.667286970717157], [111.33036928331586, 30.667295795764517], [111.3303572890577, 30.66730376375773], [111.33034596299598, 30.667311164279], [111.33033463873267, 30.667318277016932], [111.3303243163142, 30.66732425121336], [111.33031200099816, 30.667330219114376], [111.33029869103189, 30.667335328162835], [111.33028704930803, 30.667339298669788], [111.33027274918817, 30.66734354976512], [111.33025645796931, 30.667347796363742], [111.330231827337, 30.6673510770907], [111.33021600826225, 30.66734938006988], [111.3302735396922, 30.66738725231994], [111.33031722605926, 30.667419147675616], [111.33037012867862, 30.667462540863653], [111.33047105059865, 30.6675298551188], [111.33048094044318, 30.66754362733667], [111.33047428995661, 30.6676059881259], [111.33047089501594, 30.66761970998175], [111.33046849562464, 30.667634494836136], [111.3304609251316, 30.667660462760125], [111.33045743306417, 30.66767318996591], [111.33045200475624, 30.6676842192515], [111.33044402327323, 30.6676876132928], [111.33043671718076, 30.66768843617251], [111.33042908103732, 30.667688973967074], [111.33041382134087, 30.6676877598822], [111.33034000588668, 30.667716574160636], [111.33033803457272, 30.66771256318441], [111.33028265971711, 30.667675294379478], [111.33018910774115, 30.66761612528404], [111.33003001407405, 30.667523971753894], [111.3299593309585, 30.667480339346355], [111.32992863529842, 30.66746506705931], [111.32989825709893, 30.667452656415037], [111.32973778387168, 30.66738572527106], [111.32973283939913, 30.667382277270406], [111.3297139293544, 30.667365117306474], [111.32954266606123, 30.667205568582176], [111.3295044232907, 30.667171710006528], [111.32949910829728, 30.667104854405636], [111.32914793023286, 30.667106305911375], [111.32905649616043, 30.667106504661547], [111.32908030391303, 30.66722081388957], [111.32872454020549, 30.667274535791364], [111.32871892573797, 30.667276804780784], [111.32872491342408, 30.66732366395604], [111.32863659999924, 30.667337957780603], [111.32851853790032, 30.667356626806964], [111.32844411630305, 30.667367156968737], [111.32833153916931, 30.6673722291452], [111.32827494663155, 30.667408105799552], [111.32812183165731, 30.667502533715037], [111.327998364633, 30.6675788357947], [111.32796535501717, 30.6675997180526], [111.32795347407364, 30.66760689913923], [111.32794833264944, 30.667608562884993], [111.32784886223533, 30.667646005258973], [111.32778298060026, 30.66767267375502], [111.32777068686784, 30.667677649703933], [111.32774055778066, 30.667695679312317], [111.32770706792695, 30.667654656737113], [111.32769451968647, 30.667632534314123], [111.32764609659017, 30.667558974267365], [111.32763271198013, 30.667538743118655], [111.3276204686099, 30.66753902280783], [111.32752523220375, 30.667533018933796], [111.32748754071758, 30.6675328732436], [111.32747397804178, 30.667536019971465], [111.32743292668835, 30.667553216807562], [111.32742865760656, 30.66755720889813], [111.32741421629316, 30.667563673225004], [111.32738884102218, 30.667574299614387], [111.32736447479067, 30.667582882743943], [111.32733429174425, 30.667589205877277], [111.3273236734488, 30.66759501459842], [111.32729554175592, 30.66759596967836], [111.32730384789431, 30.66759114841284], [111.32729652201698, 30.667494770767235], [111.32738960904322, 30.667408347717185], [111.32739187803287, 30.667407308100962], [111.32752311789767, 30.667292292905017], [111.3275271441625, 30.667288658744667], [111.32758020416321, 30.667240756355966], [111.32759528939118, 30.66723102209403], [111.32759465357054, 30.667229135316518], [111.32783721871272, 30.667159969357158], [111.32789491292004, 30.66713656809827], [111.32793527898997, 30.66711993243905], [111.32801037238085, 30.66708813780741], [111.32801099830897, 30.66708441281554], [111.32799691582517, 30.667041884775244], [111.32804324170235, 30.66702348644492], [111.3282464839881, 30.6669505622188], [111.32839597289592, 30.666903524078464], [111.32848739167991, 30.666875287164828], [111.32857483905764, 30.66684768337393], [111.3286187772348, 30.666837898750202], [111.32870730110108, 30.666818941940733], [111.3287201811915, 30.666816279048078], [111.32871230582839, 30.66679489766642], [111.32870404105876, 30.66677386342309], [111.32869898057356, 30.66676097883618], [111.32868496913619, 30.666725062611704], [111.3286689108416, 30.66668407241218], [111.3286569435632, 30.666653531435315], [111.32863212677142, 30.666628577047277], [111.32862979662787, 30.666624693774736], [111.32861318974699, 30.666597003648974], [111.32854918319833, 30.666508591298452], [111.32852897992854, 30.666480098977445], [111.32850582688246, 30.666454210193706], [111.32839259684096, 30.666264435255528], [111.32838858766326, 30.66625758511958], [111.32835242502449, 30.66619684490854], [111.32829528929636, 30.66609986561639], [111.32826457834773, 30.666046706690224], [111.32818322657477, 30.666072964196076], [111.3281165022749, 30.66609635196511], [111.32805614067843, 30.666117741440758], [111.32805010712684, 30.666113207958347], [111.32804336580875, 30.666104955779133], [111.32783537869977, 30.666166624090522], [111.32775906223111, 30.666176733369582], [111.32771132621684, 30.66618485784494], [111.32764275111214, 30.66619886478594], [111.32753031607132, 30.666204448676467], [111.3275293313136, 30.666205029638377], [111.32750588958521, 30.66620782113415], [111.32748785997683, 30.666193381619337], [111.32745458056456, 30.66617564339134], [111.32743990632673, 30.666165180678718], [111.32741646819545, 30.666141054566026], [111.32738011759847, 30.666088410052225], [111.32736487408977, 30.66606020821206], [111.32735938192997, 30.666045376592933], [111.32735269636999, 30.66601567558314], [111.32734985361299, 30.665952742824913], [111.32734679861602, 30.665874071930944], [111.32732724555603, 30.665870816385222], [111.327355162311, 30.665765239574284], [111.327282944952, 30.665751098634303], [111.32716399342371, 30.66572806609736], [111.32708102107239, 30.66585188925336], [111.32704948274755, 30.66580890255898], [111.32701053490831, 30.665743822219667], [111.32704154263325, 30.66571719419329], [111.32706525235949, 30.665688063353514], [111.32707621599468, 30.66566878278826], [111.32708824172903, 30.665654642747654], [111.32712273432679, 30.665566683655584], [111.32710846478392, 30.665556319868415], [111.32723166830704, 30.665450681004188], [111.32724625441125, 30.665400607651975], [111.32726984992382, 30.66532252131742], [111.3272881322415, 30.665264971900967], [111.3272926980996, 30.665253891354155], [111.32728032432755, 30.665215252881637], [111.32730502510691, 30.665205370231774], [111.32730433172969, 30.665155262705298], [111.32730376875406, 30.66514596281604], [111.32729634215247, 30.665131882130822], [111.32731096243117, 30.665103029181637], [111.32731516586239, 30.66508880100747], [111.32733237528896, 30.66508208487045], [111.32740401888049, 30.664590602674366], [111.32742367626179, 30.664574547077677], [111.32742866929783, 30.664546318258033], [111.32744712428541, 30.664444766812608], [111.32744576271182, 30.664436761947172], [111.32743016576956, 30.66443422675826], [111.32745669127348, 30.664339255652237], [111.32747405178617, 30.664277754614716], [111.32747502485262, 30.664271178771912], [111.32746959024945, 30.664257513573546], [111.32744967026605, 30.664231192215823], [111.32732241889465, 30.664154399106337], [111.3274792966323, 30.66396642820814]], [[111.30895206818349, 30.686145745030217], [111.30895809633921, 30.686175544066145], [111.30890431418288, 30.6862453620339], [111.30882367017642, 30.686199058639716], [111.30844687582282, 30.686683312085222], [111.30845210717916, 30.68668650467862], [111.3084044628958, 30.686747479612507], [111.30847461091474, 30.68678719187551], [111.308454558731, 30.686798076370223], [111.30846118043917, 30.686802732160515], [111.30841896985959, 30.686825172044223], [111.3086004710351, 30.687028923346247], [111.30861877223867, 30.687029944076812], [111.30862419694932, 30.687067326196257], [111.30865268567305, 30.6870662407145], [111.3086598973365, 30.687100220698653], [111.30869807625538, 30.687105806387876], [111.3089060570689, 30.687105220929254], [111.30911373481115, 30.687024970825803], [111.30923476737075, 30.687171142134673], [111.30920309594632, 30.68738895163898], [111.30909002598406, 30.687471367309854], [111.30898632965557, 30.687491762135267], [111.30895006359464, 30.687511666830062], [111.3088548550677, 30.687554318976765], [111.30880421873985, 30.687538390184613], [111.30876030394506, 30.687523638605057], [111.30866528967141, 30.68759771306418], [111.30867140685996, 30.687603867124892], [111.30859153357261, 30.687663939139668], [111.30836676421484, 30.68783762880355], [111.30836801427245, 30.68783960641275], [111.30825466192329, 30.687893124168454], [111.30830322711228, 30.687945113975957], [111.3081599875934, 30.688056857438085], [111.30783596635689, 30.688266703445663], [111.30780371936618, 30.688351211839006], [111.30777476839091, 30.688342307651567], [111.30776194495792, 30.688363277143708], [111.30771178077418, 30.68844530700534], [111.30769609210108, 30.68846288065754], [111.30767626205005, 30.688476286851255], [111.30758470477042, 30.688511152667616], [111.30753056018739, 30.688531775021545], [111.30750706809681, 30.688532961227338], [111.30741865214918, 30.688516367836144], [111.30739518523967, 30.68850307405762], [111.30736062699151, 30.688486661430318], [111.3072945061366, 30.688491134658307], [111.30719727323572, 30.68846488164911], [111.3072053851206, 30.68845910800161], [111.30722240029365, 30.688443218779582], [111.30724909576918, 30.688416338942886], [111.30725826705549, 30.688405646903107], [111.30727206535363, 30.688366006585966], [111.30728194620497, 30.688342116995216], [111.30729126318136, 30.688298077194588], [111.30732391126963, 30.688223481128944], [111.30733589113851, 30.688182569170294], [111.30739306283965, 30.68803363784224], [111.30735189637295, 30.687989789597168], [111.30730501741272, 30.687941480714812], [111.3072899420772, 30.687923531146225], [111.3072798220062, 30.687911476633417], [111.30726254962713, 30.687895362580946], [111.307206511971, 30.687866968286016], [111.3070858166572, 30.68781800919396], [111.30707494835025, 30.68780354000154], [111.3069758799329, 30.687763580424928], [111.30685151718387, 30.687751596958776], [111.30680737755858, 30.68768582324219], [111.30688682636611, 30.687636981061928], [111.30747664942794, 30.68728237568115], [111.30760680471042, 30.687183211036427], [111.30787884513279, 30.686975945183804], [111.30814867322277, 30.686727101874283], [111.30830257690246, 30.68655600675436], [111.308385320826, 30.686464018699667], [111.30829332827466, 30.686230328966644], [111.30833755693288, 30.68618692588609], [111.30840110302859, 30.68612024295487], [111.30843353617894, 30.686089264008388], [111.30843848964469, 30.686078383110953], [111.30846341165721, 30.68600909484394], [111.30847212968513, 30.686000242817045], [111.30847326283094, 30.685965757413896], [111.3084642875969, 30.685889166651748], [111.30845709931583, 30.68579837919185], [111.30845485730583, 30.685731207928995], [111.30844520398307, 30.68549575912209], [111.30844255188231, 30.685354123094385], [111.30844090792164, 30.68528464866779], [111.30847693386352, 30.685287586752793], [111.30849741592311, 30.685123541418477], [111.30853084642149, 30.685030750268936], [111.30853981895763, 30.68484727777968], [111.308538253238, 30.68484260580169], [111.30855849697713, 30.684759989582005], [111.30860812786301, 30.684787416206348], [111.30862475093159, 30.68485621434297], [111.30864905870715, 30.684882029382322], [111.30871303737695, 30.68495152089605], [111.30873143930461, 30.684971431886197], [111.3088189838092, 30.685065974015572], [111.30883738393828, 30.68508589040158], [111.30892363431843, 30.6851790160988], [111.30894202815227, 30.68519893428339], [111.30897598115678, 30.685235610435143], [111.30896486373763, 30.685255360446718], [111.30892930184586, 30.685279752758504], [111.30904767421094, 30.68540814087305], [111.30910936770323, 30.685420874373904], [111.30902428014645, 30.685734898746603], [111.30887481731912, 30.685920470253564], [111.30885049515439, 30.685951180302823], [111.30886650308679, 30.685964831112187], [111.30888946637583, 30.686005095558755], [111.30890677562729, 30.686029779250987], [111.30893962336495, 30.686056913595735], [111.30895398643747, 30.68606995196683], [111.30895191619805, 30.68607828418544], [111.30895206818349, 30.686145745030217]], [[111.32415648783177, 30.682740183312944], [111.32423048404962, 30.682700639223185], [111.3242646933611, 30.682682355106692], [111.32431768411385, 30.682796451195372], [111.32442584827436, 30.683029345927707], [111.32452143361735, 30.68323515487856], [111.32464100387932, 30.683492605599383], [111.3247208286034, 30.683664481330823], [111.32488357441753, 30.684215697396667], [111.32655151284206, 30.68384307230002], [111.32672974318314, 30.68429129800512], [111.32695286678148, 30.684949429072958], [111.32674103866805, 30.685186231359523], [111.32675791714428, 30.685222392199705], [111.32568179917587, 30.685532811190342], [111.3244387526463, 30.68605797389654], [111.32442593371002, 30.686052890028975], [111.32436066990908, 30.686021209611226], [111.32389412771181, 30.685381379746957], [111.32388712738918, 30.685384885304188], [111.3238650346438, 30.68538494016292], [111.32385025698397, 30.68536426295043], [111.32380884410304, 30.68530632232904], [111.32376374580036, 30.685243224994963], [111.32372541219809, 30.685189592126164], [111.32371357532139, 30.685173032909233], [111.32346310873561, 30.684822601282008], [111.32336934631837, 30.684691412678603], [111.3226640224268, 30.683704563215088], [111.32260599097373, 30.683745804325554], [111.32222485919004, 30.68330562305613], [111.32111715882996, 30.68412881569236], [111.32086414806207, 30.68390209210787], [111.32042614495077, 30.68343345898694], [111.32167492915482, 30.682395039699315], [111.32256903962957, 30.683570021039827], [111.3225899956318, 30.68357737029953], [111.32380229434051, 30.682929480711152], [111.32415648783177, 30.682740183312944]], [[111.33191114488346, 30.77490213102857], [111.33183580507841, 30.774828475653692], [111.33175064107928, 30.774743772107456], [111.33169691198299, 30.774689673389787], [111.33160668570002, 30.77459432996443], [111.33158486904654, 30.774570575271866], [111.33156325743846, 30.77454667938582], [111.33154185627171, 30.774522638708845], [111.33152065475446, 30.774498471227503], [111.33150488334377, 30.7744802608554], [111.33148924323405, 30.774461965047692], [111.33142191099245, 30.774380688817814], [111.33136803620596, 30.774315158817558], [111.3312943502541, 30.774216578732194], [111.33127936395152, 30.774196531944426], [111.33127929380441, 30.774196416831217], [111.330969151805, 30.77369155721965], [111.33093546140248, 30.77364404513662], [111.32992464500643, 30.77409037956744], [111.32987627317152, 30.77411173936531], [111.3298906299487, 30.77411888897558], [111.3298936417782, 30.774123352310937], [111.32978769624526, 30.774150819404838], [111.32977143740197, 30.77412738666959], [111.32968758191646, 30.774179123767624], [111.32953204416856, 30.774165929813876], [111.32929129295889, 30.77410203927775], [111.32929157804398, 30.774102387315395], [111.3292973975569, 30.77410957379783], [111.32930317570106, 30.77411655883219], [111.329309447573, 30.774123974641782], [111.32931672039041, 30.77413243456425], [111.32932429358135, 30.774141202954183], [111.32933169410245, 30.774149784285157], [111.32933960184124, 30.774158962765966], [111.32934866071218, 30.77416948573324], [111.32935796240008, 30.774180297382884], [111.32936678205141, 30.774190558647433], [111.32937590567354, 30.774201183238063], [111.3293860976903, 30.774213059684996], [111.32939663234879, 30.774225336330232], [111.32940703840416, 30.774237461889413], [111.32941827903039, 30.774250555119067], [111.32943126074417, 30.774265676319942], [111.3294443081084, 30.774280885654377], [111.32945578975296, 30.774294322425078], [111.32946665176462, 30.774307093697473], [111.32947788339766, 30.77432035510037], [111.32948880296595, 30.774333256774412], [111.32949850934881, 30.774344686258303], [111.32950780833875, 30.774355588739468], [111.32951753360737, 30.77436694357965], [111.32952723639289, 30.774378348781795], [111.32953644994728, 30.774389432926057], [111.32954599175417, 30.774401205051618], [111.3295566631096, 30.774414630131105], [111.32956768070397, 30.774428628078795], [111.32957852203123, 30.77444255318136], [111.32959018084222, 30.774457699563243], [111.3296036077204, 30.774475285805863], [111.32961675311071, 30.774492691284706], [111.32962735341971, 30.774507164973727], [111.32963618925879, 30.774519816636257], [111.32964416264804, 30.774531878343566], [111.3296512780841, 30.774543045225414], [111.32965689165229, 30.774552328027596], [111.32966140714831, 30.77456044620766], [111.3296652994141, 30.774568185773205], [111.32966908286193, 30.774575896560407], [111.32967319456236, 30.77458391311717], [111.32967804640475, 30.77459300256504], [111.32968399811807, 30.774603877167237], [111.32969033833848, 30.77461538759013], [111.32969664258604, 30.7746268746306], [111.32970349901734, 30.77463941117992], [111.32971145621877, 30.77465399998215], [111.32971957979481, 30.774668875668112], [111.3297270603556, 30.774682494101853], [111.3297345418157, 30.774696020804754], [111.3297426680897, 30.774710633888674], [111.32975093375865, 30.774725482594988], [111.32975893502692, 30.77473990412335], [111.32976739405007, 30.774755206087946], [111.3297770078027, 30.774772645741052], [111.32978653342184, 30.7747898128996], [111.32979464980332, 30.77480410402626], [111.32980200715696, 30.774816613595874], [111.32980929616213, 30.774828556592638], [111.32981631357205, 30.7748397801318], [111.32982266098708, 30.774849578245494], [111.32982887710108, 30.774858750431065], [111.32983550420522, 30.774868134856604], [111.32984187770057, 30.774877078614338], [111.32984713693588, 30.774884596047343], [111.32985168300883, 30.774891269916225], [111.32985595928517, 30.774897741437655], [111.3298598191754, 30.774903708439467], [111.32986280042797, 30.77490848833611], [111.32986510628967, 30.77491242916534], [111.32986698677206, 30.774915937420644], [111.32986891491856, 30.774919452870506], [111.32987140514132, 30.774923432370542], [111.32987472993489, 30.77492827971639], [111.32987912042512, 30.77493435283816], [111.32988424925878, 30.774941149014865], [111.32989036105135, 30.77494870781669], [111.32989810961016, 30.77495779996252], [111.32990803902482, 30.77496909544743], [111.32991822114906, 30.774980663426902], [111.32992692568712, 30.774990781699273], [111.32993484601639, 30.775000276741423], [111.32994272227887, 30.77501002089582], [111.32995021902747, 30.775019554608832], [111.32995670943467, 30.775028271737426], [111.3299627160066, 30.775036917819534], [111.32996879632293, 30.775046242889857], [111.32997496567219, 30.775055522094704], [111.32998131938245, 30.77506398381587], [111.3299884635968, 30.775072352906818], [111.3299969540962, 30.775081359617104], [111.33000583580076, 30.775090260207378], [111.33001445939982, 30.775098224603425], [111.33002043539483, 30.775103255410954], [111.33002169804297, 30.775104318409603], [111.33002320890404, 30.775105590050998], [111.33002409113897, 30.775106293320846], [111.32967986933056, 30.776021408361373], [111.32959345257586, 30.77592249462748], [111.32958092861702, 30.775879169787913], [111.32953842036187, 30.775847133238642], [111.3295477256471, 30.775839917078542], [111.32953682856186, 30.77583078536253], [111.32952845317561, 30.7758216599417], [111.32952547911765, 30.775819056404373], [111.32952061378535, 30.775814796315842], [111.32951261791305, 30.77580740928454], [111.32950378477193, 30.775798897201412], [111.32949475198126, 30.77578999571176], [111.32948600067846, 30.775781143684867], [111.32947674215796, 30.775771518241015], [111.32946620929818, 30.77576034596325], [111.3294554480106, 30.77574879327227], [111.32944532524164, 30.77573774779887], [111.32943494796456, 30.775726220288902], [111.32942737927021, 30.77571768392403], [111.32942344023962, 30.775713245769737], [111.32941147925641, 30.775699577873297], [111.32939939236815, 30.775685444127987], [111.329386043731, 30.775669482061005], [111.32937037574231, 30.775650452406524], [111.32935494967126, 30.7756316143076], [111.32934250395346, 30.775616372597597], [111.3293321230791, 30.775603596828603], [111.32932275304267, 30.77559199377555], [111.32931434797882, 30.77558155444524], [111.32930758957366, 30.77557314308615], [111.32930198499866, 30.775566135568738], [111.32929695958705, 30.775559824126617], [111.32929200791989, 30.775553530670948], [111.32928667494014, 30.7755465977973], [111.32928043634314, 30.775538322235832], [111.32927281908542, 30.775528093346907], [111.32926461636902, 30.77551695074675], [111.32925617982892, 30.77550524786892], [111.32924670097452, 30.775491844373164], [111.32923544326115, 30.77547570963634], [111.3292240065827, 30.775459262834772], [111.32921386582728, 30.77544468212642], [111.32920417743088, 30.775430762419774], [111.3291940717491, 30.77541624376471], [111.32918409107299, 30.775401869900406], [111.32917487302205, 30.7753884843911], [111.32916561809884, 30.77537491631938], [111.3291555322021, 30.77536000825785], [111.32914555782128, 30.775345288154597], [111.32913672917675, 30.77533242605068], [111.32912831242174, 30.775320372437307], [111.32911955032705, 30.775308022047625], [111.3291110850086, 30.77529616808374], [111.32910378161426, 30.775285967073785], [111.32909705558473, 30.77527660063464], [111.32909028189107, 30.775267201819986], [111.32908343894962, 30.77525781469643], [111.32907645211662, 30.77524850131732], [111.32906865859178, 30.775238395635483], [111.32905944503744, 30.775226684663835], [111.32904970088305, 30.775214488957545], [111.32903990996391, 30.775202558551314], [111.32902915227362, 30.77518980526537], [111.32901657255684, 30.775175183188196], [111.32900382286817, 30.775160431608697], [111.32899241227005, 30.775147178299676], [111.3289813865818, 30.775134309001203], [111.32896976374366, 30.775120684272224], [111.32895820835472, 30.775107129690355], [111.32895504903632, 30.775103437973314], [111.32885684486757, 30.77500727796354], [111.32874619138369, 30.77489892764345], [111.32874257341109, 30.77489538521388], [111.3287346719676, 30.77488764834635], [111.32872137369253, 30.774874627961765], [111.32871231212357, 30.7748657525525], [111.32869972611155, 30.774853430041787], [111.32864947469358, 30.774804225434707], [111.32864258498739, 30.774808062841885], [111.3286162177643, 30.774772753659704], [111.32861694441652, 30.774772369649213], [111.32857330211624, 30.774729636563507], [111.32852384569895, 30.774681208071343], [111.32840870999405, 30.774599958821113], [111.32813488981338, 30.774344293254558], [111.32804123171752, 30.77428529682902], [111.32800897213639, 30.77426497664743], [111.32794120822024, 30.774184901911724], [111.32793743196697, 30.77417803468859], [111.32785288220481, 30.77402420025669], [111.32772106317657, 30.773895119664076], [111.3276963192298, 30.7738708901295], [111.32769196381315, 30.773863737821273], [111.32768359382288, 30.77384998898583], [111.32767257083253, 30.773832031323252], [111.32766171061951, 30.77383700187619], [111.32759081796195, 30.773767584106793], [111.32754625925253, 30.773723950799763], [111.32752366378611, 30.773701824779437], [111.32744506213999, 30.77362485630215], [111.32735933066863, 30.7735409072871], [111.32735652388453, 30.77353815805958], [111.32734213203383, 30.77352406388451], [111.32731932882405, 30.773539291205395], [111.32722372009869, 30.773440488088113], [111.32721920460267, 30.773423118582116], [111.32718974820835, 30.77339634486549], [111.32711570702435, 30.77330321287303], [111.32703510978257, 30.773242358448158], [111.3270312678788, 30.773241604816235], [111.32703120672488, 30.773241558051495], [111.32696768940741, 30.773193599005424], [111.32694703377865, 30.773184105761914], [111.32693739124767, 30.773177523623872], [111.32693934097784, 30.773172195140717], [111.3269030893062, 30.773144820676976], [111.32685120202143, 30.77310564530933], [111.3266943683505, 30.773011372077235], [111.32659516503492, 30.772972843322123], [111.32658389742897, 30.77296631514338], [111.32657551394885, 30.7729630595976], [111.32641839429351, 30.77287045280923], [111.32641718470535, 30.772871889925852], [111.32632946123573, 30.772811792730124], [111.3250216023651, 30.771915781987786], [111.32501849161014, 30.771914088564415], [111.32497208119668, 30.77188881941356], [111.32487097581492, 30.771833771011757], [111.32479665943833, 30.77179330781496], [111.32476777231489, 30.771780392651067], [111.32457516271364, 30.77169429425635], [111.32429070535181, 30.771567137313582], [111.32385381829914, 30.77133333426599], [111.32353522267243, 30.771078201098135], [111.32347632876963, 30.77103103885139], [111.32341475308846, 30.771005472924287], [111.32336113910537, 30.77098503942807], [111.32331540857928, 30.7709675611041], [111.3232749058123, 30.77095190930322], [111.32322681006929, 30.770931547752753], [111.3231998133208, 30.770923211037427], [111.32316426581826, 30.77090954404025], [111.32312086363703, 30.770892830140042], [111.3230461677465, 30.770863346766077], [111.3230122039501, 30.770850340770664], [111.32296668566408, 30.770832910110755], [111.32275844494632, 30.77075316632562], [111.32234733606077, 30.770654227410716], [111.32232866973237, 30.77064973529707], [111.32202241370351, 30.771428630926607], [111.32203077470058, 30.77143298004802], [111.32206742207393, 30.771452042078124], [111.3221055173558, 30.771474293104177], [111.32213969069426, 30.7714973697079], [111.3221731958364, 30.771523203632967], [111.32220582863613, 30.77154957535265], [111.32223673203958, 30.771574668236383], [111.3222686561736, 30.771600720696767], [111.32230428011849, 30.77162991538836], [111.32233976826575, 30.771659001261924], [111.32237119057805, 30.771684658919924], [111.32240114879403, 30.77170900086975], [111.32243234177923, 30.77173423224906], [111.32246413191422, 30.7717614673179], [111.32249632764348, 30.77179333209665], [111.32253197137345, 30.771833189150414], [111.32257387888149, 30.771883873142258], [111.32262014720209, 30.771944711379376], [111.32267215409672, 30.772022704184508], [111.32273523524299, 30.772126548901156], [111.32281399966644, 30.77226325574469], [111.32289326231427, 30.772402668648283], [111.3229219237079, 30.77245298122017], [111.32303695329284, 30.772654308849326], [111.32311300895827, 30.772785104449042], [111.32315365381811, 30.772857597000552], [111.32319051433086, 30.772925031764828], [111.3232270555842, 30.77299362035933], [111.32326251315453, 30.773060420202285], [111.32329529074514, 30.773121142426817], [111.32332824010626, 30.773180961732066], [111.32336418600846, 30.773245116668875], [111.32339973530958, 30.773308000863608], [111.32343119089683, 30.773363049265356], [111.3234611536094, 30.773414764779602], [111.32349232860815, 30.773467867048453], [111.32352357825062, 30.773521034967814], [111.32355382784692, 30.773573001392947], [111.32358582662465, 30.773628523737443], [111.32361719407828, 30.773683378784938], [111.32351253097858, 30.773738837277563], [111.32350991035412, 30.7737402411193], [111.32342818895984, 30.77378400123075], [111.32335795190801, 30.773822246699353], [111.32329468640074, 30.773857403896102], [111.32323015644664, 30.773893837230844], [111.3231551745717, 30.773936876085997], [111.32306187800333, 30.773991081823], [111.32294359197323, 30.774060296345624], [111.32282206298788, 30.77413150916186], [111.32271658240444, 30.774193236828467], [111.32267046606921, 30.774220176919698], [111.32261861026069, 30.774250467884826], [111.32251911286681, 30.774308487646636], [111.32251653271186, 30.77430999221241], [111.32242230804314, 30.77436493629284], [111.32233444787653, 30.77441626509858], [111.32224805540352, 30.774466851963723], [111.32219747933027, 30.774496528691884], [111.32215555563442, 30.774521125149874], [111.32213450969994, 30.77453346744562], [111.32211299791658, 30.774546083135306], [111.32206334994373, 30.774575194189936], [111.32205611579718, 30.774579421003523], [111.32197805734154, 30.7746250229265], [111.32192472844355, 30.774656041443222], [111.32189227460884, 30.774674917313632], [111.32179863270079, 30.774729180607267], [111.3217048540958, 30.774783396236785], [111.32161856324615, 30.774833098168983], [111.32154151382986, 30.774877289055723], [111.32153231016804, 30.774882566277483], [111.32152930103649, 30.77488428578124], [111.3214386439783, 30.774936087630408], [111.32134495440619, 30.77498959009756], [111.3212586122952, 30.775038980864338], [111.32117215507094, 30.77508854070362], [111.32107812105852, 30.775142537797933], [111.32098400161044, 30.775196656300693], [111.32089721523437, 30.775246674794232], [111.32081025259117, 30.775296930708862], [111.32071561513357, 30.775351747984814], [111.32062099026655, 30.77540650320759], [111.3205340698915, 30.775456527996425], [111.32044736715233, 30.775506112117455], [111.32035337181071, 30.77555956692055], [111.32025586731447, 30.775614826662945], [111.32015597511821, 30.77567118717559], [111.32004416600552, 30.775734003021853], [111.31991168777421, 30.77580821237916], [111.3197864976488, 30.775878222801794], [111.31970971623048, 30.775921017041355], [111.31970206929515, 30.775925278928526], [111.31965385124431, 30.775951890767203], [111.31963493580372, 30.77596191011412], [111.31963107861145, 30.77596373573789], [111.31961593222957, 30.775968916732154], [111.31961251480578, 30.775969991422016], [111.31961234843118, 30.775969786376606], [111.31953859503022, 30.775879569986216], [111.31953820562376, 30.775878893696017], [111.3193912725892, 30.775694521884702], [111.31936037098438, 30.775668246392513], [111.31932380275134, 30.775639763963966], [111.31928578840848, 30.775610673593746], [111.31924945759647, 30.775582109326933], [111.3192115511722, 30.775551440646495], [111.31916891791127, 30.77551618002775], [111.31912512992085, 30.775479798853667], [111.31908289056304, 30.775444921346093], [111.31903838401428, 30.775408411569003], [111.31898793294681, 30.775367238807064], [111.31893534419083, 30.775324306971243], [111.31888280579693, 30.775281183579807], [111.31887054174217, 30.775271066206813], [111.31884971164493, 30.775251442999718], [111.3188536182999, 30.775244859962356], [111.31888710095899, 30.77520942667377], [111.3189164719177, 30.775177119428577], [111.31892660278055, 30.775165172834534], [111.31893850710645, 30.7751511344174], [111.31895566617112, 30.77512875029163], [111.31897121095267, 30.77510682212221], [111.31898718381154, 30.775082551218816], [111.3190051153938, 30.775053478835048], [111.31902640504461, 30.775017455591126], [111.31904704988153, 30.774981831646244], [111.31906256408615, 30.774954267425528], [111.3190739737849, 30.774932841977147], [111.31908257759892, 30.774915242244674], [111.31908957432444, 30.774900398035015], [111.31909494687437, 30.774889327380606], [111.31909906307135, 30.774881300931327], [111.31910237617376, 30.774875397781443], [111.31910527378943, 30.77486920325117], [111.31910783685726, 30.774860077830397], [111.31911027581862, 30.774846930641388], [111.31911281100747, 30.774828929811292], [111.31911437223056, 30.77480541523778], [111.31911441539802, 30.77480475963199], [111.31911336588917, 30.774768441410515], [111.31910934142303, 30.774715582857937], [111.31910222418838, 30.774642875368443], [111.31909438030146, 30.774566181184355], [111.31908763178882, 30.77449836330885], [111.31908532232984, 30.774474291155684], [111.31908143815792, 30.77443380907306], [111.31907522024528, 30.77436669716542], [111.31907182170727, 30.774330115442524], [111.31906898974216, 30.77429965630415], [111.31906274484987, 30.77423537186496], [111.31905590010979, 30.774168062106412], [111.31904790873403, 30.77409214313792], [111.31903979684921, 30.77401556226846], [111.31903249885079, 30.773945784770206], [111.31902540230055, 30.773876838245542], [111.31901787677367, 30.773802705330638], [111.31901042499118, 30.77372876217271], [111.31900360902938, 30.77366052791109], [111.31899684432898, 30.77359209579862], [111.31898954093464, 30.773517566282692], [111.31898220606399, 30.77344299809596], [111.31897532625038, 30.773374414897376], [111.318968290854, 30.77330589824868], [111.318960508121, 30.773231526114103], [111.31895259588566, 30.773157174663936], [111.31894507305674, 30.773088733558268], [111.31893966903056, 30.773041341085047], [111.31893726874, 30.77302029515056], [111.31893501863624, 30.773001142288933], [111.31893498626067, 30.77300114858417], [111.31893479380574, 30.772999511818057], [111.31893454919015, 30.772997421793605], [111.318928530927, 30.772946232382765], [111.31891983897947, 30.772871881831918], [111.31891220913121, 30.77280344072625], [111.31890501185688, 30.77273500141922], [111.31889759514797, 30.772660646371776], [111.31889044733634, 30.77258629492161], [111.31888425730267, 30.772517850218662], [111.31887852772195, 30.772449406415035], [111.31887272799406, 30.77237504777031], [111.31886695704452, 30.772300690924226], [111.31886134077831, 30.77223224712054], [111.3188561867637, 30.772173160762804], [111.3188553710786, 30.772163804216234], [111.3188485506202, 30.77208944737015], [111.31884154939803, 30.77201508063149], [111.31883488542167, 30.771946589163804], [111.31882796693719, 30.771878051830697], [111.31882021298253, 30.771803558287615], [111.31881243024952, 30.77172908812696], [111.31880539575246, 30.77166065331653], [111.31879851683811, 30.771592348907802], [111.31879463986081, 30.771553167244917], [111.31879118736344, 30.771518268153613], [111.31878366183656, 30.77144303177056], [111.31878357819966, 30.771442226877298], [111.31877606526325, 30.77137037824042], [111.31876767278993, 30.77129373261971], [111.31875782431422, 30.771206779869033], [111.31874851003579, 30.771122325435044], [111.31874213564112, 30.77105507413239], [111.31873834320004, 30.771000149837107], [111.3187366111058, 30.770951874229638], [111.31873589524542, 30.770908815589394], [111.31873591772847, 30.77087348662218], [111.31873674420547, 30.770843216341405], [111.31873838456886, 30.770815010004753], [111.31874044401633, 30.770788045631832], [111.318741132897, 30.770780735042933], [111.3187428497028, 30.77076245182576], [111.31874585703571, 30.770735944308456], [111.31874967375848, 30.7707063062511], [111.31875375308329, 30.77067715292833], [111.31875460204333, 30.77067189818962], [111.3187546209291, 30.770671798364845], [111.31875478910229, 30.770670983579066], [111.31875479809554, 30.77067094760622], [111.31877229530522, 30.77058598595454], [111.31877740255516, 30.770565165749872], [111.31877855278805, 30.770560467691496], [111.31878631033999, 30.770529426691724], [111.31879612284285, 30.77049059936172], [111.31880763236643, 30.770446153067553], [111.31882175621911, 30.77039400497938], [111.31884003224178, 30.770328652145622], [111.31886372308242, 30.77024544776924], [111.31888871524205, 30.77015901482673], [111.31891186828813, 30.770081538232432], [111.31893520119866, 30.770006506894845], [111.31896071586442, 30.76992726043477], [111.31898676113019, 30.76984840338116], [111.31901208513966, 30.769774840636444], [111.31901894426892, 30.769755808284003], [111.31903900184852, 30.769700134853395], [111.31904589784995, 30.769681673570403], [111.3190697109984, 30.769617919731274], [111.31908538438302, 30.76957619658424], [111.3191011126263, 30.769534328646387], [111.31913063107385, 30.769454466150762], [111.31916086628104, 30.76937117184218], [111.31919437412114, 30.769277512846998], [111.31922871563279, 30.769180833928374], [111.31926207238678, 30.769086199168783], [111.3192639951373, 30.769080705210456], [111.31928238987047, 30.769028100266667], [111.31929748139373, 30.76898493460709], [111.31930079359682, 30.768975407189316], [111.31931951118656, 30.76892155398656], [111.31934024415699, 30.76885068021477], [111.3193947062008, 30.76887250766015], [111.31942417698423, 30.76888431755725], [111.31944323181978, 30.768883287833546], [111.31944980586388, 30.768884849955896], [111.3194567486301, 30.768886493017305], [111.31946275610136, 30.768887895959665], [111.31946306277018, 30.76888792563733], [111.31950412761347, 30.768897053756064], [111.31953768221831, 30.768903584632767], [111.31957557695137, 30.768909921255897], [111.31957648796458, 30.76891007234201], [111.31958552884913, 30.768911547230175], [111.3195962874388, 30.76891330270678], [111.31960785182099, 30.76891519038378], [111.31962022289503, 30.76891721295908], [111.31962945533513, 30.768918720222814], [111.31967810326194, 30.768926493063248], [111.3197264013524, 30.768933056315575], [111.31976834033668, 30.768937417128143], [111.31980661638232, 30.76894091279297], [111.31985019932728, 30.7689441413591], [111.31988335912979, 30.768946229584856], [111.31991313208545, 30.768947735050006], [111.31994412632042, 30.768948921255742], [111.31997634723069, 30.768949791799514], [111.31999055561971, 30.768950067891353], [111.32000992162062, 30.768950445606606], [111.32004614181608, 30.768951895313762], [111.32008565802676, 30.76895464633992], [111.32012846485685, 30.768958696886386], [111.32017460277575, 30.76896402626886], [111.32022443690829, 30.76897039167028], [111.32027814532023, 30.768977667185652], [111.32032084962759, 30.76898369264336], [111.32035061359, 30.768988015684442], [111.3203813461223, 30.768992565354665], [111.32049088174887, 30.76900225465039], [111.32062178886451, 30.76901808091975], [111.32072548789102, 30.769032255134505], [111.3208007791327, 30.769044301553322], [111.32093474394333, 30.769071470971653], [111.32104337035531, 30.769092528597355], [111.32123172166666, 30.76913402691389], [111.32127908536154, 30.769143689229907], [111.32131846127805, 30.769150634694086], [111.32137995871818, 30.76915948402302], [111.32143572298031, 30.76916597892682], [111.32149013376272, 30.769170099620453], [111.32156227198135, 30.76917400807406], [111.32162790180627, 30.769176512685988], [111.32170371375543, 30.769179406704325], [111.32172774723779, 30.769180088390442], [111.32173609024841, 30.76918032581142], [111.32174443056107, 30.769180563232453], [111.32178218140263, 30.769181633425717], [111.32181696807868, 30.76918261998196], [111.32184878879065, 30.7691835229013], [111.32186321571487, 30.769183932092858], [111.32187764173983, 30.769184342183678], [111.32190353322153, 30.76918507513119], [111.321914997779, 30.76918540068573], [111.32195620921175, 30.76918629191391], [111.32196599743287, 30.769186419617597], [111.32198775563046, 30.76918670470269], [111.32199972740557, 30.76918686118472], [111.32201169918062, 30.76918701676749], [111.32203782178811, 30.76918736030848], [111.3220519771171, 30.769187544669478], [111.3220661288488, 30.769187729929854], [111.32209661676552, 30.769188129228837], [111.32212928913543, 30.76918855640679], [111.32216414326064, 30.769189013262405], [111.32219915566657, 30.76918929205226], [111.32223230197923, 30.769189267770514], [111.32227828701338, 30.769189646385144], [111.32233337678394, 30.769189310937975], [111.3223809958863, 30.769188499749532], [111.32242666975509, 30.76918719573257], [111.3224390893925, 30.76918679463489], [111.32246648094338, 30.769185909702003], [111.32249641217976, 30.769184620973533], [111.32252889119542, 30.769183122702998], [111.32256392428576, 30.769181508419933], [111.32260151324931, 30.769179772728364], [111.32264165538817, 30.769177921024266], [111.32268055286528, 30.76917612507816], [111.32271441503826, 30.769174562955754], [111.32274323381324, 30.769173233757783], [111.32275512644799, 30.769172685171327], [111.32276701638477, 30.76917213568555], [111.3227857582562, 30.769171272336393], [111.32279261019085, 30.769170955775053], [111.32279945942759, 30.769170637415016], [111.32280812079819, 30.769170233619434], [111.32281174326738, 30.76917006634551], [111.32281284763485, 30.76917001778213], [111.32281395290164, 30.769169964722153], [111.32281478027795, 30.769169916158774], [111.32281726960139, 30.769169780361153], [111.32281837936478, 30.769169715609962], [111.32281948822884, 30.76916964995945], [111.32291592702848, 30.769164164094946], [111.32302325481942, 30.769158058597554], [111.3230549658141, 30.769155529703994], [111.3230625623874, 30.769154918164986], [111.32306370722438, 30.769154824635507], [111.32307224089129, 30.769154131258176], [111.32308057041206, 30.769153453169395], [111.32308869218946, 30.769152793067008], [111.32308940175454, 30.769152734611055], [111.32309660982077, 30.769152149152433], [111.32310006861331, 30.769181827679233], [111.32313440562837, 30.769186111150134], [111.32328915197286, 30.76917779691786], [111.32360941584193, 30.76916059108845], [111.32419292386442, 30.769274930893403], [111.32420145663195, 30.769277564108336], [111.3249122448043, 30.769496900661466], [111.32560309680554, 30.76979018486918], [111.32590189385735, 30.769917032445164], [111.32757389182171, 30.770626836759163], [111.32984428428637, 30.77159067616884], [111.32988687797712, 30.771486694755197], [111.32992768741292, 30.771387072355537], [111.33071647828291, 30.7711067383853], [111.33077074697246, 30.771087450625373], [111.33149496921754, 30.77105168998355], [111.33155229740066, 30.771048858917766], [111.33206716826527, 30.77102343328488], [111.33211469743537, 30.771022254273646], [111.33213652488075, 30.771086952400992], [111.33225872296174, 30.77125847110159], [111.33284415013748, 30.77110585525105], [111.33285876142276, 30.771102046622218], [111.33295280083115, 30.771125669114383], [111.33323496492176, 30.771196542886173], [111.33323889226114, 30.77118741566676], [111.33324538626562, 30.77117232864009], [111.3332618249733, 30.771134129936172], [111.33415978094916, 30.771659420345998], [111.33589567934217, 30.77172176224957], [111.3360802831786, 30.770284241824356], [111.33655890866675, 30.770283001659266], [111.33662450611615, 30.770282831687382], [111.3367183521703, 30.77028258797111], [111.33679995215613, 30.7702847247603], [111.33695574621078, 30.770288804984432], [111.33705003563068, 30.770291273623457], [111.33706520359635, 30.770220756882452], [111.33735029228222, 30.76889532795707], [111.33734194117773, 30.768880613249735], [111.33739370525535, 30.76880481479043], [111.33756158439968, 30.768732218816922], [111.33759232412649, 30.76871892593772], [111.33760956862676, 30.768724674404268], [111.33762634098292, 30.76873026459009], [111.33778557404509, 30.76878334257725], [111.33800097336626, 30.768944892293007], [111.33804313358382, 30.76902025008451], [111.33821420082478, 30.769203315180903], [111.33828287665352, 30.76927680687919], [111.33841446725393, 30.769417622725143], [111.33850789242535, 30.769517600357005], [111.33875994901251, 30.769640448647863], [111.3392969126225, 30.76990215765852], [111.3402298657158, 30.770132313055854], [111.34024900778553, 30.77013703539592], [111.34026331779796, 30.770140565234954], [111.34027989500123, 30.77014465355296], [111.3402538407422, 30.770214836645437], [111.34025361411307, 30.770215449983084], [111.33993934782268, 30.771062005207398], [111.33965741215991, 30.77182147008483], [111.33941725989871, 30.771948323056733], [111.3389107059644, 30.772170064397017], [111.33834349365736, 30.771169115362454], [111.33815676562227, 30.77083867116778], [111.33774842395064, 30.77166964293974], [111.33781449624206, 30.77169884932249], [111.3376225170656, 30.772013400697915], [111.3373596083593, 30.77216431323251], [111.33693595842777, 30.772506210293443], [111.33715347655175, 30.77488787317685], [111.33715759634606, 30.774889439795857], [111.3367583755986, 30.774781564317777], [111.33629125064078, 30.775113383575842], [111.33601258671155, 30.77514345060979], [111.3360576886115, 30.774668809118282], [111.33612534101172, 30.774005706598132], [111.33595191394971, 30.7736889213067], [111.33550646355252, 30.773720448839697], [111.3348898757672, 30.773764090240604], [111.33483746507699, 30.77379431465596], [111.33400072685214, 30.774276853993683], [111.33308334731868, 30.77394388180477], [111.33258798724586, 30.773483622271385], [111.33205106140741, 30.77397759289164], [111.33253107185152, 30.774428610092343], [111.33201498600289, 30.775000835220396], [111.33198733184997, 30.77497525670276], [111.33191114488346, 30.77490213102857]], [[111.33349625035174, 30.77002408504353], [111.33326373333466, 30.769919674653295], [111.33293126296746, 30.76968187501859], [111.33279546084191, 30.76943252988741], [111.33279014494929, 30.76942276864588], [111.33277550668436, 30.76939589060794], [111.33266400783776, 30.769119339186204], [111.33261906601712, 30.76890943921927], [111.33255168701083, 30.768604137371085], [111.33248453823091, 30.768365656050264], [111.3324505537501, 30.768127089293785], [111.33238357044547, 30.76793633769188], [111.33229424528326, 30.7676788213206], [111.33199442480293, 30.767288197192613], [111.33198322194818, 30.76727742511315], [111.33202273366231, 30.767236602187495], [111.33314675042226, 30.7660752707572], [111.33250445461692, 30.765104406743035], [111.33244875510604, 30.76498044868879], [111.33243836523843, 30.764796979796813], [111.33226968479818, 30.764574027069727], [111.33217378828977, 30.764654579345404], [111.33167589392741, 30.76473829183874], [111.3315183911609, 30.764384983280422], [111.33148257296244, 30.764304633352197], [111.33146376184317, 30.764322518169706], [111.33089481204598, 30.764114380874048], [111.33079012736255, 30.764076083244674], [111.33031103062962, 30.76313274478042], [111.33013259344449, 30.762781399442076], [111.33012293202773, 30.762762375183513], [111.3302005624061, 30.762506259955956], [111.33012197784706, 30.762153252670544], [111.33025354236713, 30.76183455542042], [111.33033560100722, 30.761586145584204], [111.33079321833242, 30.761255639336355], [111.33089174176052, 30.760973778317293], [111.33114811239551, 30.76096548926597], [111.33121227632557, 30.76096341363069], [111.33143785237507, 30.76066213355068], [111.33150913084177, 30.76049489472365], [111.33186856468257, 30.76054648073557], [111.33200657644238, 30.760498397583035], [111.33205860941734, 30.76034791582373], [111.3320468876538, 30.760153683845488], [111.33220039383315, 30.759899149626108], [111.33222275187853, 30.75986207687339], [111.33310824325088, 30.76020346761601], [111.3339650192703, 30.760229904986204], [111.33416644042893, 30.760939141827976], [111.33411771785848, 30.761235196846883], [111.33427976310065, 30.761273460301993], [111.33469543334763, 30.761250498811535], [111.33466040925055, 30.76128059462377], [111.33574214798182, 30.76242333796671], [111.3366866807458, 30.762249061045395], [111.33697880123077, 30.762014423426933], [111.33705553228702, 30.761828074006473], [111.33830691912908, 30.760894069605683], [111.3383552756755, 30.76049777974879], [111.33845452395718, 30.76023319200823], [111.33853616531184, 30.76001553988533], [111.33854407394989, 30.759994456179243], [111.33855240976595, 30.75997222943488], [111.33859144663802, 30.759986645567267], [111.33894799995028, 30.760118328797887], [111.33932568373336, 30.76025781364723], [111.3400723476608, 30.76053356197434], [111.34092657410218, 30.760849034255557], [111.34094885570516, 30.76082027933245], [111.34149875156618, 30.76095422076071], [111.34053962100677, 30.763161128283514], [111.34042462199875, 30.763340334389], [111.34137070879126, 30.763678222272176], [111.34116402030338, 30.764492451365584], [111.34120117399505, 30.764507868443445], [111.34112384488958, 30.764707427106146], [111.34081128281451, 30.765514038042454], [111.34072533010993, 30.76551970467068], [111.34051743203395, 30.766203982627758], [111.34023832114167, 30.76712265268833], [111.34009840911438, 30.767583160434583], [111.33971182294232, 30.767862361259006], [111.339706803826, 30.767861139080367], [111.33940319270323, 30.767787250781055], [111.33912496314662, 30.767719539025563], [111.3393322164087, 30.767182613187117], [111.3389805688982, 30.766597525955092], [111.33882428471304, 30.76633749328073], [111.33853668871728, 30.765928627304334], [111.33864854189676, 30.76584148209878], [111.33730605193279, 30.76475790155598], [111.33721007718339, 30.764680435753576], [111.33700167458767, 30.764558172921397], [111.33664366617234, 30.764348140754123], [111.33644528202421, 30.764231754991556], [111.33645481663655, 30.76425628040306], [111.33491709195027, 30.763377579811504], [111.33471113461121, 30.76364141032286], [111.33467286486086, 30.76369043326696], [111.33447173418324, 30.763948080939258], [111.33440316987043, 30.76403590962957], [111.3342675557032, 30.76420962987055], [111.33454911095276, 30.764440757435068], [111.33456497319503, 30.764453777819654], [111.33486176385935, 30.764697413155147], [111.33498687574377, 30.764800116632102], [111.33501908496288, 30.765089992409287], [111.33473284514474, 30.76574310166285], [111.33471293775193, 30.765788523721426], [111.33460940510003, 30.765914483666563], [111.33457074594321, 30.76606685939811], [111.3345439686293, 30.766172398437504], [111.33445629192437, 30.766392185550956], [111.33445591690707, 30.766396216312387], [111.33445460389692, 30.76641032397731], [111.33445047241145, 30.76645474509047], [111.33444758378903, 30.766485787888826], [111.33443794215736, 30.766589440150597], [111.33440299630132, 30.766965090566543], [111.33445945843732, 30.767308606407084], [111.33454248834522, 30.767663031024142], [111.33469067143739, 30.767969516380106], [111.33393558086243, 30.76896412609358], [111.33368320321733, 30.770023110178442], [111.33349611635276, 30.77003556039284], [111.33349625035174, 30.77002408504353]], [[111.35465422421322, 30.645467224433048], [111.35475588087922, 30.64550100476771], [111.3547861331736, 30.645510766908444], [111.35479747542325, 30.645514717630192], [111.35482051515476, 30.645521379807803], [111.35493716441874, 30.645547879231287], [111.3549754746386, 30.645556297784935], [111.355047070566, 30.645572020632358], [111.35507965120502, 30.645579093800166], [111.35442077819641, 30.646200671923566], [111.35405669576005, 30.646302002135826], [111.35402086587038, 30.646310784914817], [111.35399379357881, 30.646251418867962], [111.3539750058419, 30.646214215713655], [111.353959119318, 30.64618478809757], [111.35392509166974, 30.646126887046307], [111.35373506671999, 30.645884987402326], [111.35359795877883, 30.645792798798766], [111.35344759573007, 30.64570693512701], [111.35343001758133, 30.645695092854282], [111.35379823330186, 30.64511102815152], [111.35380463917289, 30.645115043624457], [111.35388416082543, 30.645164901139367], [111.3539702097575, 30.645195074293326], [111.35435714036981, 30.64533244123919], [111.35456036107195, 30.64541887867847], [111.3545506061256, 30.645434657283715], [111.35465422421322, 30.645467224433048]], [[111.34073496634568, 30.676609364630508], [111.34073320277525, 30.676603122436234], [111.34073163076016, 30.676597527753813], [111.3407300767318, 30.676591802669748], [111.3407283869056, 30.676585059552906], [111.34072638861193, 30.67657658793928], [111.34072393706009, 30.676565787081472], [111.34072115995355, 30.676553050882717], [111.34071794667608, 30.67653730735094], [111.34071395818262, 30.676516839680517], [111.34070890938875, 30.67649023773447], [111.34070391275537, 30.676463538661437], [111.34070011941498, 30.676442705866236], [111.34069726586631, 30.676426269856506], [111.34069504544016, 30.676412477853603], [111.3406932072258, 30.67640060860134], [111.34069180338412, 30.676391397744908], [111.34069074128473, 30.67638419867194], [111.3406898968214, 30.67637823706616], [111.34068913059895, 30.676372216104994], [111.34068835358471, 30.67636479579886], [111.34068748933635, 30.676355166757617], [111.34068647130374, 30.676342664382503], [111.34068538132533, 30.6763282626394], [111.34068424907883, 30.676311502873602], [111.34068296844441, 30.67629062421298], [111.34068143689882, 30.676264133782865], [111.34068006003685, 30.676236512904836], [111.34067935406893, 30.67621138764548], [111.34067930730419, 30.67618661402105], [111.34067986938066, 30.676160025564855], [111.34068083075579, 30.676133102560755], [111.34068229035552, 30.67610706898614], [111.34068442264811, 30.676079565919338], [111.34068736073323, 30.676048330665992], [111.34069059019868, 30.676016816622905], [111.34069380617422, 30.675988273040446], [111.34069731173167, 30.67596027534654], [111.34083388367691, 30.676001618080363], [111.34083058766169, 30.67606748802416], [111.34083003997449, 30.676087404410225], [111.34082971441995, 30.676103978016215], [111.34082959570941, 30.6761184813829], [111.3408296613598, 30.6761323246472], [111.34083011641678, 30.67615366735788], [111.34083146180262, 30.676196333893813], [111.34083389806608, 30.67626606103005], [111.3408375529109, 30.676366820172746], [111.34084377621934, 30.676410422902734], [111.3408492324063, 30.67644501712391], [111.3408543657365, 30.67647309575682], [111.34085964925339, 30.6764975771016], [111.34086729798747, 30.676527699893484], [111.34088131661963, 30.676576960258558], [111.34090354426314, 30.676651532042683], [111.34093527144563, 30.676755935238248], [111.34100315497182, 30.676761786227644], [111.34115227335877, 30.676739118815362], [111.34104436370654, 30.676201289158257], [111.34101973307429, 30.676078529001018], [111.34101515912238, 30.67605573118709], [111.3410129288037, 30.676044614667262], [111.34100934860265, 30.676026776614492], [111.34090157115065, 30.675959287890862], [111.340706717741, 30.675895612292777], [111.3407149366451, 30.675849448293548], [111.3407154132857, 30.67584709386847], [111.34071542587634, 30.67584702731847], [111.34076452526278, 30.675603457633542], [111.34084237417642, 30.67520133567308], [111.34090841409215, 30.674862933377767], [111.34091103201865, 30.674854235134944], [111.34091312564027, 30.674843147393517], [111.34091389725859, 30.67483193284761], [111.3409133378803, 30.67482071020771], [111.34091145559927, 30.674809594587146], [111.34090827020049, 30.674798702897988], [111.3409048051127, 30.674790227687026], [111.34105031182253, 30.67474465364296], [111.34195111864932, 30.674801647278343], [111.34270749975144, 30.674849498405706], [111.34358553394543, 30.674905038736597], [111.34358390797104, 30.67493981012433], [111.34353501722734, 30.675985417693028], [111.34352770034315, 30.676141882641957], [111.34352655100957, 30.676166424241273], [111.34351078769288, 30.676503574680396], [111.34359930616307, 30.676498455739193], [111.34358013171777, 30.676887918842567], [111.34319128015352, 30.67948310326267], [111.34273073283714, 30.678587484624757], [111.34220537497822, 30.678065257305946], [111.34173180098202, 30.67778175862128], [111.34147986040733, 30.677630936019057], [111.34122973916129, 30.677481203394905], [111.34082360802313, 30.677096837649117], [111.34074081103967, 30.67673887060249], [111.34076993018817, 30.676725062411833], [111.34075784509861, 30.676686084894982], [111.34074917023815, 30.67665789294756], [111.34074337770477, 30.676638731992057], [111.34073974804107, 30.676626264690526], [111.34073709414156, 30.676616894654046], [111.34073496634568, 30.676609364630508]]], [[[111.27413019355367, 30.71834078090245], [111.27366976404846, 30.717634844572444], [111.27322915200386, 30.716959283744018], [111.27311992124748, 30.716765973571], [111.2730678846753, 30.71659965744834], [111.27306256698392, 30.716582657563663], [111.273061525569, 30.716577886660332], [111.27301173460404, 30.716349841971805], [111.27294622169092, 30.71618012011652], [111.27285994523044, 30.716045327030315], [111.27200163586696, 30.714704356920606], [111.27115653844362, 30.71340183912372], [111.27082971312086, 30.712901234204764], [111.27068172698023, 30.712674560082974], [111.27065635530658, 30.712635695880635], [111.27063752080494, 30.712606848327482], [111.27061556835389, 30.712573223575475], [111.2705853331467, 30.712526912986675], [111.27017361721886, 30.71175011097887], [111.27007537437919, 30.71148349886448], [111.27002048785522, 30.711334547751335], [111.26988185196598, 30.71095831187671], [111.26982312263914, 30.710798609368396], [111.26942997681215, 30.709729524098293], [111.26925446692019, 30.709252245794687], [111.26904822629473, 30.70869139439236], [111.26873167482705, 30.707830557034697], [111.26855918665717, 30.707316688914204], [111.26847302530996, 30.70728704725957], [111.26830049037551, 30.707464701135166], [111.26821801804715, 30.70755060707495], [111.26803759875628, 30.707950819774567], [111.2675580226848, 30.708774094249122], [111.26731799542932, 30.709378210236252], [111.26722025800848, 30.7096241981983], [111.26721772641702, 30.70963057169365], [111.2671575392892, 30.709782045405063], [111.26678600776808, 30.71157602831113], [111.26673230115489, 30.711835360413602], [111.26672676402893, 30.71183059760409], [111.26663583357697, 30.71213247303524], [111.26663565371251, 30.712133066587796], [111.26652525203889, 30.712499553811483], [111.26639295367198, 30.71293873233668], [111.26629263699579, 30.713271761182966], [111.26629155061465, 30.713275360269847], [111.26680842067219, 30.714655521934958], [111.26680848632276, 30.714657900641612], [111.26684303018175, 30.71594120802041], [111.26682335661263, 30.71595345408872], [111.26625772981055, 30.716305533273896], [111.26607091903782, 30.716421815614467], [111.26610341514055, 30.716875791584698], [111.26610417326901, 30.716886357719318], [111.26621830263275, 30.7184807918552], [111.26621868394517, 30.718489755397968], [111.26631758328989, 30.720816885191198], [111.26632284882044, 30.72085894018801], [111.26650410538025, 30.72180298012347], [111.26650444622334, 30.721804766177115], [111.26664907879206, 30.72255807789304], [111.26685113667071, 30.723581628689317], [111.26708611513214, 30.724771903900375], [111.26719822731638, 30.725388158037163], [111.26720314121218, 30.725392608781988], [111.26763352886445, 30.72578256831099], [111.26810704980068, 30.726211601584282], [111.26862676441368, 30.7266824839096], [111.26889419131408, 30.726924778355965], [111.26955636573388, 30.72752472058943], [111.27008737583185, 30.72800581831393], [111.27013554441987, 30.728049457916256], [111.27014162023971, 30.728056656089905], [111.27067449283362, 30.728687910019175], [111.27119569402618, 30.72904867395721], [111.2712563398083, 30.72929526896155], [111.27125850897306, 30.729295768984684], [111.27175861296968, 30.729410962246163], [111.2717954006373, 30.729419435658542], [111.27204378709115, 30.729346306387015], [111.272196043213, 30.72930147698156], [111.27226490430206, 30.729388479194995], [111.2724880593766, 30.729459665931017], [111.27244501512541, 30.729561265939765], [111.27315490577439, 30.729734334172235], [111.27318325870044, 30.72974124726079], [111.27323636456669, 30.729906165837008], [111.27329335190683, 30.72994453271417], [111.27335849519847, 30.729939405679204], [111.27395085884518, 30.73044535886629], [111.2741577227008, 30.730530497684413], [111.27488361228887, 30.731014552379747], [111.2750011959485, 30.73109296157105], [111.2753504512624, 30.73132586079987], [111.27634059314397, 30.731836233255592], [111.27757836155229, 30.732497647748403], [111.27865102432543, 30.733207803697212], [111.27900480322921, 30.7334787703291], [111.2791261559475, 30.733614398885493], [111.27916314416387, 30.733697963889995], [111.2795513248339, 30.734574966561524], [111.28008983707633, 30.73579160629771], [111.28210286065865, 30.735227673818144], [111.2816657721578, 30.734015914702866], [111.2812455279589, 30.732850853783987], [111.28112474541086, 30.732516001112742], [111.28071710970698, 30.731953590286025], [111.28061718603442, 30.73159237219039], [111.28011576632974, 30.729779740043114], [111.27989641089067, 30.729277283419947], [111.2797543153095, 30.72895179898643], [111.27974387058322, 30.728926896758935], [111.27965942873982, 30.72872557272717], [111.27946681644056, 30.728266354608706], [111.27932063344065, 30.727917825946975], [111.2792670311486, 30.72779002868691], [111.27893389258509, 30.727050946044358], [111.27887424235246, 30.726918609906022], [111.27864409594827, 30.726444845253468], [111.27861482301574, 30.726385463018858], [111.27828982331681, 30.725726191610534], [111.27825843787679, 30.725662525904966], [111.27807761568948, 30.72529572211988], [111.27797667398437, 30.725090956382587], [111.27771905688905, 30.724538019913666], [111.27751744327543, 30.72410121380011], [111.27714788756515, 30.723300544684548], [111.27699312143545, 30.722965231560238], [111.27673364004545, 30.722438141607086], [111.27657757799295, 30.722156446063195], [111.2762776873654, 30.721615136029754], [111.27596377720675, 30.721159525092162], [111.27574299004698, 30.720839069667477], [111.27537115725329, 30.72026902899256], [111.27512469894583, 30.719856573821914], [111.27498156374827, 30.71962978278833], [111.27450114770994, 30.718904661221245], [111.27433142585471, 30.71864848843711], [111.2741693590288, 30.71840066765668], [111.27413019355367, 30.71834078090245]]], [[[111.25204281892104, 30.731657907586396], [111.25203043615579, 30.73159877086664], [111.25200090062111, 30.731528047281586], [111.25198602313651, 30.731449898893743], [111.2519749093147, 30.731408720735942], [111.25195287322657, 30.73139925627072], [111.25193175534628, 30.731273582310052], [111.2519131258901, 30.731163748108543], [111.2519019859879, 30.73111200381595], [111.25189318432308, 30.73101905528523], [111.2518928884461, 30.73090496099519], [111.25189498836306, 30.73082330974802], [111.25190041577162, 30.730612198394283], [111.25191528696098, 30.73047882533757], [111.25191760990981, 30.73042455215142], [111.25191938607088, 30.73038303315053], [111.25193214835002, 30.73027407938531], [111.25192320729025, 30.730180190163708], [111.25191865941866, 30.730103197404674], [111.25189639310412, 30.729900404779926], [111.25184186181252, 30.72964917826704], [111.25184138337323, 30.7296469677334], [111.25178205869514, 30.72940668596982], [111.25173592976938, 30.72922460023517], [111.25170742395852, 30.729130748785053], [111.25166171861349, 30.729036266010894], [111.25163625071247, 30.72898361879902], [111.2516003218974, 30.728909340193923], [111.25145171342592, 30.728611010789564], [111.25142729863097, 30.72857525464434], [111.25140600628225, 30.72853867472014], [111.251365042163, 30.728461281762804], [111.25134042771862, 30.728400760986403], [111.2513256149852, 30.72834726301585], [111.25132396113196, 30.728316016071346], [111.25132218497095, 30.72828247585562], [111.2513284577422, 30.728186680071303], [111.25134456100272, 30.72810776815902], [111.25137042280681, 30.72802038643175], [111.25137508399297, 30.72793163683565], [111.25140284966182, 30.72784807003245], [111.25141067556228, 30.727824515888756], [111.25145252461436, 30.727614559264566], [111.25148033884665, 30.727489936611335], [111.25149120895219, 30.727441226631356], [111.2515231618645, 30.7273479957135], [111.25155593675714, 30.727252351914558], [111.25158391106868, 30.727193488588682], [111.25163609423043, 30.727039148737788], [111.25168377628529, 30.726899447151823], [111.25168949417485, 30.726882693681432], [111.25172872260254, 30.726795857842603], [111.25173667980397, 30.726778244620334], [111.25174299394405, 30.72676427005507], [111.25177890027607, 30.726707778241405], [111.25180770196391, 30.726637607739463], [111.25186542225151, 30.726539834345942], [111.25189714403803, 30.726477167787095], [111.25191192169791, 30.726423988176577], [111.25192011901834, 30.72639448681616], [111.25192662741199, 30.72637983865866], [111.25194489713937, 30.726338715359475], [111.25196910958681, 30.726284211047528], [111.25199972610653, 30.72616784866733], [111.25204581905939, 30.726057575596712], [111.25206885969021, 30.726000771718304], [111.25212659706489, 30.725910510361814], [111.25217719022521, 30.725800527772208], [111.25223420544427, 30.725676582308495], [111.25226710174542, 30.725620931360936], [111.252298631077, 30.72556759436901], [111.2523073149307, 30.725552903044104], [111.25233228370797, 30.72549442462804], [111.25232667913298, 30.725408410769603], [111.25232624565979, 30.72540178276614], [111.25231927411528, 30.725381049795658], [111.25227658509641, 30.7252541356699], [111.25222714486688, 30.725191628291043], [111.25220710887106, 30.725165216101914], [111.25219581878207, 30.725150333221336], [111.2521642876518, 30.725108769254348], [111.25213988994403, 30.72507660769935], [111.25210012012451, 30.72502580769492], [111.25203809927893, 30.72494659001319], [111.25198281795275, 30.724868524362932], [111.251956638688, 30.724831556830907], [111.25189159612034, 30.724750565686122], [111.25187230836042, 30.724726546592876], [111.25185155920218, 30.72468847379406], [111.25180823616125, 30.724608977322475], [111.25168762268572, 30.724671814752526], [111.25142113467768, 30.724742448405323], [111.25124344303055, 30.724776180176605], [111.25104253358614, 30.724799939365766], [111.25091503130369, 30.724813539813056], [111.25088157742294, 30.724817311569723], [111.25076434809625, 30.72483052620788], [111.25064843807502, 30.72484410597076], [111.25038173333041, 30.724831262752616], [111.25009182158038, 30.72481178973237], [111.24998746604876, 30.724808651997762], [111.24984834092822, 30.724812258279144], [111.24980904505145, 30.72481174926287], [111.24997252561161, 30.72513892891851], [111.25009538379499, 30.72541328599442], [111.25007647734759, 30.72541870440972], [111.2501327263443, 30.725535858193325], [111.25014470081737, 30.725556437379737], [111.2501648627183, 30.725550057589146], [111.25020916242295, 30.725656938417046], [111.25027844439478, 30.72581457428322], [111.25030175572152, 30.72586210794998], [111.25029317708851, 30.725907199957362], [111.25031075523725, 30.725979784239712], [111.25034273692785, 30.72601728596902], [111.25037187766009, 30.726077328306133], [111.25038151119787, 30.72612822813528], [111.25051002701622, 30.7262256418], [111.25067335289299, 30.726332377837025], [111.25074309891494, 30.72640173355319], [111.2508019658381, 30.726467352586326], [111.25084341918853, 30.726523615972155], [111.25090232478254, 30.72660425997867], [111.25089818880042, 30.72668690587608], [111.25087671838588, 30.726790243375092], [111.25084668642552, 30.726946184019255], [111.25083382522092, 30.727017576699836], [111.25079490795872, 30.727100288247755], [111.25072570512725, 30.72724127766287], [111.25061301557827, 30.72738047562848], [111.25049688702177, 30.72755595134612], [111.2504676842363, 30.727611997995382], [111.25042756637913, 30.727703984251548], [111.25038862033864, 30.727723426694865], [111.25040185206387, 30.727796647697176], [111.25044100764643, 30.727805963774244], [111.25047373487502, 30.72785097394336], [111.25050212827068, 30.727901628257598], [111.25053338330906, 30.728007680809867], [111.25055656603274, 30.728145677281248], [111.25057797979002, 30.728230149701687], [111.25058467074604, 30.728294932365316], [111.25063881622845, 30.72842582509179], [111.25066831579022, 30.728483520198324], [111.25072727984013, 30.728586232668533], [111.25076823586545, 30.72866080715056], [111.25080920538056, 30.728739612043512], [111.25087795135641, 30.72884230203067], [111.25091394492267, 30.728890125279122], [111.25093684975587, 30.728919660813744], [111.251008785627, 30.7289941759405], [111.2510235731794, 30.729037812844865], [111.25098444457655, 30.729039296726228], [111.25102535383706, 30.729095561011377], [111.25103686336064, 30.729132161619987], [111.25103040802696, 30.72915893713531], [111.25099129471255, 30.729166055269275], [111.25100940885721, 30.72923504226344], [111.25098348320125, 30.729276056744652], [111.25097059501701, 30.72931423296552], [111.25096291840401, 30.72935912982001], [111.25094752830586, 30.7294354597787], [111.25095796044161, 30.72945114935112], [111.25096857783768, 30.729538649788935], [111.25094283204612, 30.729628465081646], [111.25091957377936, 30.729675638120227], [111.25088341293923, 30.729756497064727], [111.25083173159919, 30.729862069379067], [111.25085256079711, 30.729879982974865], [111.25081369839353, 30.729920450668317], [111.25073592772094, 30.729983438285103], [111.25061659218204, 30.730046504142877], [111.25062967372054, 30.730082386193203], [111.25067130873396, 30.730109233654275], [111.25068433901112, 30.73012491783072], [111.25065326923306, 30.73016537293364], [111.25060922223787, 30.730210339935297], [111.25050811235957, 30.730289079177737], [111.25044857184417, 30.73036998308828], [111.25039157101423, 30.730428441719255], [111.25038914284471, 30.73049352565573], [111.25039453877702, 30.730572059852705], [111.25033758561113, 30.730648469851076], [111.25030142477101, 30.73072932879552], [111.25033803797015, 30.73082351209547], [111.25032004433461, 30.730897602742232], [111.25030206239035, 30.730976181905305], [111.25027715476693, 30.73105552279418], [111.25028139686901, 30.73108280282912], [111.25030181058014, 30.73121406068043], [111.25035407468084, 30.731333648029477], [111.250323281894, 30.73148032475723], [111.25033742103523, 30.731591007918723], [111.25035170226931, 30.73175554967895], [111.25040741616937, 30.731869145744554], [111.25054267870172, 30.73193770556071], [111.25058781837316, 30.731979507848052], [111.25062264821668, 30.732054246006726], [111.2506367576803, 30.73215296099039], [111.25063715967724, 30.73230855359691], [111.25062006626308, 30.732395358858753], [111.25061233029487, 30.732417815829592], [111.25070866657177, 30.73250066317513], [111.2507387282098, 30.7325535819823], [111.2503635922061, 30.73270432994093], [111.25080731500566, 30.733357387933154], [111.25105668981445, 30.7336385178034], [111.25124084668778, 30.733617557304456], [111.2513454567275, 30.733556131810076], [111.25171308339213, 30.733340268438667], [111.25212722838893, 30.73309708636151], [111.25223131682185, 30.73275321888599], [111.25209436266476, 30.732040764269925], [111.25209497870037, 30.73192508267647], [111.25209848965363, 30.731903596074176], [111.25208055267541, 30.731903630248382], [111.25208699361991, 30.731872628818792], [111.2521000436821, 30.731874011976117], [111.2520872580206, 30.73181734119737], [111.25206021180941, 30.731717787146238], [111.25205886012833, 30.731712811197326], [111.25204281892104, 30.731657907586396]]], [[[111.26543724683154, 30.748233494780038], [111.26554218242586, 30.748203551852498], [111.26565278015175, 30.748221782909013], [111.26572363683641, 30.748230305784034], [111.26592376207202, 30.748201235198906], [111.26599660625845, 30.748188677965175], [111.26603398657926, 30.748169786806272], [111.26618529931216, 30.748082714445786], [111.26624471572109, 30.748059994872904], [111.26632295673915, 30.74800775865117], [111.26642529868866, 30.747950265892086], [111.26656370435154, 30.747851037395492], [111.26670811029112, 30.74774138215912], [111.26701466939153, 30.747488255378755], [111.26708399363145, 30.74739430140596], [111.2671350553386, 30.747326497020254], [111.26707735033949, 30.74703498807429], [111.2670153330912, 30.746721692152448], [111.26620631736773, 30.745734215861432], [111.26493330542775, 30.744116182615812], [111.2634223472636, 30.741724824141386], [111.26376736856929, 30.741534467341864], [111.26250625465997, 30.738536346175465], [111.2619351842614, 30.737203847679496], [111.26072165887751, 30.73446746789938], [111.25986809793443, 30.733053848756185], [111.25907892665123, 30.733343542870273], [111.25832797385698, 30.73353596181522], [111.25797449802474, 30.73359394110753], [111.25797613389153, 30.73420880669113], [111.25797622472305, 30.73424307985431], [111.25795646212111, 30.734224872180164], [111.25645672479806, 30.734320392771963], [111.25634079139445, 30.734320622099062], [111.25634087593073, 30.734322687841825], [111.25556760735924, 30.73443876513693], [111.25527972717771, 30.734229313931735], [111.25483763574834, 30.734211089170458], [111.25461611564128, 30.734020600170595], [111.25388654962461, 30.733945658765208], [111.2538657474064, 30.733958852718956], [111.25348939731788, 30.733659693240327], [111.2534657136718, 30.733602815617473], [111.25322184541187, 30.733316905850586], [111.2527572601395, 30.73314597890385], [111.25224911800245, 30.733223334988963], [111.25156500192338, 30.733625604438146], [111.25134437844036, 30.73377876797582], [111.2511366593294, 30.733788372735262], [111.2509612411684, 30.733688699973584], [111.2508729817028, 30.733746147766567], [111.25078139114834, 30.733804798852418], [111.2502711436984, 30.734131543236174], [111.25002296139064, 30.733789085897627], [111.24933222000601, 30.73343898342239], [111.24826922944146, 30.73262004368013], [111.24802596102933, 30.732563229909204], [111.24776157113968, 30.73288830605054], [111.24787398369745, 30.733632695592462], [111.24825098759305, 30.734128379421236], [111.248538704098, 30.734280568093766], [111.24893776836336, 30.734757112550767], [111.2488705188594, 30.734885668838615], [111.24882779476695, 30.734967340770197], [111.2478782311955, 30.73529372722379], [111.24776845095329, 30.73558032407277], [111.24845806818536, 30.73614044162815], [111.24845650876091, 30.73614153340509], [111.24843085470025, 30.736159485671806], [111.24830154837781, 30.73624997095942], [111.24815795632469, 30.736278884163198], [111.24801436337225, 30.736307798266353], [111.2478376151139, 30.736336774422625], [111.24755084379649, 30.73655688259413], [111.24742930401925, 30.736566660023414], [111.24721969543265, 30.736710252076534], [111.24720891076271, 30.736815281200336], [111.24725465118127, 30.737416605691863], [111.24725466736908, 30.737422686008188], [111.24713220488741, 30.73743350035579], [111.24708853380884, 30.737643599072896], [111.24708955633804, 30.738044539324108], [111.24790887739283, 30.738634840825284], [111.24797586969072, 30.73890200692216], [111.24828570502132, 30.73905415512519], [111.24833152637888, 30.739684116728654], [111.24879647767534, 30.739988707213115], [111.24934932780928, 30.740730033664192], [111.24935175687813, 30.740790903377558], [111.24952336730962, 30.740909900771328], [111.24971747787936, 30.74096883424437], [111.25007945500289, 30.740980070374007], [111.25051786011119, 30.740843549690112], [111.25070981500602, 30.740803510073988], [111.25076629512847, 30.7409968148512], [111.25039206294343, 30.741589402429042], [111.2500727406645, 30.74174535926096], [111.25036715801798, 30.7420070628757], [111.25062261134451, 30.74160501555906], [111.25103019488762, 30.74108873365816], [111.25130577144427, 30.740811361155465], [111.25195710633545, 30.740533260201858], [111.25259808193601, 30.740522469236623], [111.25300654771405, 30.7403498416719], [111.25354800613565, 30.740320147856607], [111.25324815238037, 30.74060855144353], [111.25295212164315, 30.741516016850767], [111.25403796038364, 30.741722482306784], [111.25392651010043, 30.742210987746944], [111.25494592041798, 30.742369844892494], [111.25505501267878, 30.741981638142136], [111.25552971082755, 30.74216822318499], [111.25579601537385, 30.742568639131434], [111.25588906912532, 30.743069630758896], [111.25601881881352, 30.743236434314042], [111.25635360763295, 30.743202361699673], [111.25654819214543, 30.742810584640836], [111.25663605231205, 30.74260039419289], [111.25690190719735, 30.7428289775753], [111.25712355500809, 30.74305764819195], [111.25759082655549, 30.742970806057883], [111.25743513502351, 30.74260835858894], [111.25736467134254, 30.742293475363624], [111.2576518176773, 30.742216535664625], [111.25856765217549, 30.74243173263841], [111.25864389759784, 30.74249105821582], [111.258721091805, 30.742551120337964], [111.2587277818617, 30.742556324714656], [111.25876231402964, 30.743071752259596], [111.25891159969063, 30.743200100804074], [111.25895063296542, 30.743233660804833], [111.25897370597181, 30.743596370875878], [111.25909543280807, 30.743653404980705], [111.25918453763637, 30.743910974412017], [111.25939491244532, 30.74405374718276], [111.25948388956994, 30.744263585096405], [111.25975044592639, 30.74474990878133], [111.25958507319262, 30.74490297878947], [111.25957450795721, 30.74508437834146], [111.25949749901042, 30.745519001800517], [111.25948877198931, 30.745568254971033], [111.259467547989, 30.74568804286895], [111.25945112636845, 30.745780725200348], [111.25948013669898, 30.745969427247303], [111.25969938421929, 30.74623161379799], [111.25989898784809, 30.746255836138005], [111.26003217024851, 30.74631301683229], [111.26009888015926, 30.74638674685093], [111.26069471339036, 30.74654270098489], [111.2609054290424, 30.74680957120478], [111.26095025574978, 30.747038588959754], [111.2611052467098, 30.747133739930177], [111.26119330832461, 30.746999917212463], [111.2613031101505, 30.746732403078], [111.26161206324616, 30.746540855576086], [111.26187773466978, 30.746693060436428], [111.26229906974635, 30.74718861116554], [111.26272149839849, 30.74808510034717], [111.26311944210863, 30.7481033862623], [111.26317857613043, 30.74840544965184], [111.26318669341123, 30.748446912894792], [111.26347400791917, 30.74842723662772], [111.26351814124928, 30.748654231807393], [111.26360599601998, 30.748657359649485], [111.26366577395635, 30.748669331424537], [111.26376694408924, 30.748681781638936], [111.26386408705804, 30.748668679416085], [111.26400039909919, 30.748665208932323], [111.2640727252761, 30.748655484563017], [111.26416897971473, 30.748643767296073], [111.26424843571681, 30.748643740316425], [111.26434380162522, 30.748669945661504], [111.26441790396314, 30.748695836243883], [111.26447683293952, 30.748704138785], [111.26457938263246, 30.74872215580291], [111.26464872126155, 30.748722014609314], [111.2647154086892, 30.74871157797702], [111.26476618081466, 30.748680114295894], [111.2648052950284, 30.74865139444637], [111.26490945720576, 30.748567747603545], [111.2650752040575, 30.748429858151496], [111.2651778805548, 30.748408117940357], [111.26523786443596, 30.74838053123659], [111.26529770982154, 30.748321381026983], [111.26535047394526, 30.748280541913516], [111.26543724683154, 30.748233494780038]]], [[[111.28281113162848, 30.76898907868309], [111.28255931695895, 30.76874389021839], [111.28231169942546, 30.768502305337165], [111.28218582311729, 30.768390551083144], [111.28195928029663, 30.768199511698185], [111.28180392241313, 30.768022774231724], [111.28163158263152, 30.76776295469665], [111.28163126786876, 30.767654543222648], [111.28161000699629, 30.767538947064793], [111.28158266940471, 30.76749741637269], [111.28146405242416, 30.767317218315043], [111.28146337973124, 30.767085936067133], [111.28131216412515, 30.76689352881334], [111.28110529127622, 30.766749425045987], [111.28102439995615, 30.766687647017363], [111.28100462926028, 30.76667254740022], [111.28101531320618, 30.766508699916642], [111.28105923699428, 30.766262866638044], [111.28101362068213, 30.76592567842738], [111.28102787043991, 30.765648337400876], [111.27876825275274, 30.76549569097341], [111.27701530411304, 30.764966495707256], [111.27699936632774, 30.76451712696388], [111.27707693375356, 30.76420712076208], [111.27679323991617, 30.764079615781668], [111.27665775884856, 30.763745265831403], [111.27699117889983, 30.763403278838325], [111.27697189113991, 30.763278383690533], [111.27687475986232, 30.763281812805474], [111.27623541113536, 30.761977737382722], [111.27617845257356, 30.761935792103202], [111.2764155903073, 30.76092945882749], [111.27613510794896, 30.760696753852187], [111.27456937567621, 30.760625302715596], [111.27448396706149, 30.760687944093377], [111.27394101306737, 30.76108615490216], [111.27288490591371, 30.761773661425366], [111.27237097394135, 30.76243718033163], [111.27172940029163, 30.762845029174798], [111.27143361686797, 30.76303305403229], [111.27023198591746, 30.763720841143936], [111.2682909215888, 30.76485558321866], [111.26670657065176, 30.765863927378405], [111.26528034031554, 30.766666342977373], [111.2638932646625, 30.76728592280716], [111.26352609035683, 30.76720400805857], [111.26332604965751, 30.76746499041701], [111.2632156353933, 30.767609041124388], [111.26289927727987, 30.768005623260933], [111.26255693775255, 30.768199900205275], [111.26244146210388, 30.768265432903434], [111.26196145165972, 30.768358561298612], [111.261931284801, 30.768364413187157], [111.26180692205185, 30.768388541098318], [111.26122532688737, 30.768526769594814], [111.26050249409491, 30.768623239870692], [111.26041438841338, 30.76863499760708], [111.26037844520914, 30.768661726357664], [111.26004478234091, 30.768909852907427], [111.25960512267835, 30.769367587144473], [111.25909503710636, 30.769871143638397], [111.2590685448775, 30.7699217826642], [111.25883184871088, 30.77037421000182], [111.2588090320113, 30.77059248535494], [111.25874586812739, 30.771196719153295], [111.25885420765565, 30.772140669156613], [111.25871621388222, 30.773298306171966], [111.25868273212245, 30.773968425202725], [111.25853765259063, 30.77434714680345], [111.25845481783563, 30.774449262123824], [111.25840672029398, 30.77477368535733], [111.25839502820804, 30.774961195802575], [111.25839302182055, 30.775148081219015], [111.25842275790404, 30.775442170319934], [111.25853403641673, 30.775789234885337], [111.25862954981392, 30.776087138011064], [111.25858298561633, 30.776293622352853], [111.25839483395447, 30.776804333852965], [111.25820393756175, 30.777055759116024], [111.25807634534715, 30.77723078876994], [111.25796442291983, 30.77735970388727], [111.2578049983021, 30.777558935196737], [111.25765819387061, 30.77777550993187], [111.25743500821909, 30.778144505364708], [111.25733923941442, 30.77846823881822], [111.257330536675, 30.778677466991553], [111.25732966163463, 30.779020750807035], [111.25730909503875, 30.77915851255534], [111.25728273321164, 30.779335100734386], [111.25717940470582, 30.779613880676095], [111.2571270902431, 30.779783305755018], [111.25695880280654, 30.780012792956086], [111.25677717572614, 30.78017676184811], [111.2566639420873, 30.780278986885776], [111.25647062022301, 30.780370465024987], [111.2561043650245, 30.78053109563359], [111.25610433714553, 30.780531107324805], [111.25555366876688, 30.780721777088388], [111.25555324068955, 30.780721923677902], [111.25506713014403, 30.78086865706291], [111.25506703391653, 30.780868684941936], [111.25470453338755, 30.780965720891345], [111.25470391735195, 30.78096588366867], [111.25450372106991, 30.781018620812745], [111.25437916496656, 30.781063071603512], [111.25422831538452, 30.781138718976763], [111.25407495309668, 30.781234100173663], [111.2539043840801, 30.78138446771908], [111.25385011808856, 30.7814719528684], [111.25385700419747, 30.781681226907153], [111.25387216316983, 30.78185265297759], [111.25390046573398, 30.781921568925327], [111.25397823730589, 30.782023763386007], [111.25408097765506, 30.7820957091497], [111.25420214871025, 30.782153148848806], [111.25460459442655, 30.78222953726339], [111.25467518311325, 30.782240399275054], [111.25498118373469, 30.782287483280754], [111.25546738870906, 30.782365245859467], [111.25596396016869, 30.782481358228154], [111.25624843102031, 30.782643676864268], [111.2564313117557, 30.78281204793774], [111.25656253003677, 30.782987396850956], [111.25667658475663, 30.78331460258687], [111.25670726332959, 30.783506326355905], [111.25670382881873, 30.783673709074492], [111.25668090060316, 30.78371221174922], [111.25661640032666, 30.78404895929208], [111.25661497220324, 30.784056414671852], [111.25652430615185, 30.784529785421284], [111.25651264644154, 30.785022030242544], [111.25648325210045, 30.786262927392215], [111.25647901179701, 30.786441877190953], [111.25645932204014, 30.78727311516218], [111.2564500518285, 30.78766449921733], [111.2566162780189, 30.788280328874123], [111.25661380308463, 30.78875416007645], [111.25652532688241, 30.789098466421137], [111.2563649795602, 30.78972246012347], [111.25614697400368, 30.790079312010675], [111.25557029363421, 30.79102326920855], [111.25555088986175, 30.792037378921975], [111.25555079992955, 30.792042069785737], [111.2555691919647, 30.79203784477079], [111.25567800273768, 30.792012828329405], [111.25581667639858, 30.791980942866246], [111.25593640763918, 30.792131904863595], [111.2560362575673, 30.792124864970617], [111.25705084122342, 30.792053342787597], [111.2585542252973, 30.791867075205403], [111.25896969229751, 30.791751693086212], [111.25915942316891, 30.791739819337238], [111.25997800408169, 30.79168858136302], [111.26007533410944, 30.791687798053488], [111.26124300665947, 30.791678417225228], [111.26157018811375, 30.7916319366646], [111.26195031535485, 30.79153188798631], [111.26208374596814, 30.791687786362274], [111.26211405761774, 30.79172319896651], [111.26212930562303, 30.791741015435548], [111.26234932386228, 30.791874750919078], [111.26249099316487, 30.791920288990184], [111.26268550213427, 30.79188171436965], [111.26273076141558, 30.791741531646437], [111.26274811383445, 30.791687780067036], [111.26275020475822, 30.791681305847646], [111.26276445721402, 30.791637162625022], [111.26280778475154, 30.791301048204843], [111.26294020992282, 30.79120149505303], [111.26335558519219, 30.791055557567972], [111.26357657829652, 30.79099400706781], [111.26406282194176, 30.79088610730804], [111.2641787661372, 30.79132258876649], [111.26438251294269, 30.791336039926364], [111.2648428866899, 30.791365672587744], [111.26484173375906, 30.791223139036674], [111.26531349472208, 30.79037257103738], [111.26716307101896, 30.78967844100731], [111.26715466325714, 30.789657488602245], [111.26774194843222, 30.789357605169414], [111.2694399781725, 30.79046908268208], [111.26945900063242, 30.790464068062363], [111.26949154170137, 30.79044822110859], [111.2697074554348, 30.790343065180366], [111.26977904956357, 30.79030819666599], [111.27040871978664, 30.790030605627976], [111.27101584220742, 30.78976373091149], [111.27176084778495, 30.78935083057644], [111.27209290626269, 30.78912044585195], [111.2723426686793, 30.78886901699161], [111.27248426423745, 30.78860055317307], [111.27248734891208, 30.788259597702336], [111.27239517379832, 30.788009233639286], [111.2722940162559, 30.787917485703474], [111.2720605297697, 30.78783816370037], [111.2719415089935, 30.787844602846178], [111.27157868470857, 30.7879540062724], [111.27107139063224, 30.78813660731862], [111.2707078513863, 30.78831639618477], [111.2703689940339, 30.788480060206666], [111.26982306508245, 30.788666793637674], [111.26943444824127, 30.788667599430198], [111.2693721809814, 30.788627484271046], [111.26932827068322, 30.788599194297433], [111.26920570388017, 30.788536273230477], [111.26902121965361, 30.788434240647746], [111.26936237207588, 30.788156865447036], [111.2695828345802, 30.7880333300742], [111.26968733939924, 30.787964477978335], [111.26997110608175, 30.787834240857592], [111.27041347809961, 30.78761783699366], [111.27123050318522, 30.786620333261794], [111.2717575733534, 30.785893689142483], [111.27207361040888, 30.78537130264357], [111.27225052144445, 30.785052967820263], [111.27256980055591, 30.78457714731752], [111.27266309892292, 30.78446976107068], [111.27269677763422, 30.784430999391134], [111.27273065779366, 30.784349852663638], [111.27283790914225, 30.784092997294067], [111.27289480295286, 30.783956738312895], [111.2729997484397, 30.783584010693573], [111.27302101380883, 30.78347876123587], [111.27307066987555, 30.78323303497666], [111.27307327521152, 30.783008121727505], [111.27310497181708, 30.782865908335054], [111.27309446144028, 30.782716134342195], [111.27304705457794, 30.782468458352696], [111.272816707625, 30.78220968922585], [111.27283951623076, 30.78211090679298], [111.27281655024365, 30.782043032260162], [111.27279970684106, 30.7819429691927], [111.27276296234089, 30.781759827653957], [111.27269301936741, 30.781550837800978], [111.27256808015284, 30.781293702742232], [111.27256600901416, 30.781289438157103], [111.27246304293516, 30.781417653601864], [111.27210344271975, 30.781322946896523], [111.27219852893904, 30.78103890771945], [111.27218176018016, 30.781029963062394], [111.27211545856164, 30.781011332706896], [111.27209577060341, 30.781004225364768], [111.27208566312294, 30.780998547045385], [111.27207813669673, 30.780990855143898], [111.27206199836257, 30.780957371585487], [111.27203026218689, 30.78089934732708], [111.27202086876815, 30.780871212936177], [111.2719999730204, 30.780802438182036], [111.27199936507867, 30.780770264935825], [111.27202498766309, 30.780683519029253], [111.27197424791325, 30.78067736856576], [111.27188004572758, 30.780675776765747], [111.27168544412802, 30.78067707808475], [111.27156745307553, 30.780682686257023], [111.27148049672758, 30.780681080067836], [111.27143078580218, 30.780672246926713], [111.27140962025783, 30.780687595656048], [111.2713334251975, 30.780739143896426], [111.27126705702909, 30.78078978022421], [111.27125646391477, 30.780795835359584], [111.27125154822045, 30.78079651614638], [111.2712448149963, 30.78079496571513], [111.27123936600401, 30.780789837780844], [111.27121833535796, 30.78076463338118], [111.27116582124569, 30.780679167209826], [111.27115774173643, 30.780659299387196], [111.27115824715543, 30.780654604926156], [111.27116237684226, 30.780650574164724], [111.27117658882855, 30.780642387636135], [111.27125462390183, 30.780600667187116], [111.27128560734496, 30.78057959966884], [111.27122855255573, 30.78053592589231], [111.27113724528772, 30.78045925419127], [111.27106239111652, 30.780343223660907], [111.27100502965845, 30.780189618556108], [111.2709633011155, 30.780073519677217], [111.27093831884838, 30.780023521868088], [111.27089883231531, 30.779969978931433], [111.27085424302896, 30.779941472221196], [111.270791056662, 30.779926410375595], [111.27073101162694, 30.77992385540165], [111.27068857801555, 30.779925728689477], [111.27064617228308, 30.77993832998999], [111.27061204840737, 30.77995091420337], [111.27064507061357, 30.78000245704783], [111.27065548206491, 30.780024333955907], [111.27065551623912, 30.780036399260496], [111.2706545063005, 30.780045784585354], [111.27064263255153, 30.780056535081087], [111.27052738173336, 30.780116654759865], [111.27050309014555, 30.78012832526207], [111.27049170562776, 30.780129241671204], [111.27048133734388, 30.780123006671488], [111.27044680607531, 30.78008710573539], [111.27037755737842, 30.7801247873291], [111.27037480815096, 30.780126008608477], [111.27032678525302, 30.78014735761451], [111.27041184043412, 30.779788725069636], [111.27054463792479, 30.77956962234026], [111.27070692778256, 30.779406933183452], [111.27095430159977, 30.779047314981653], [111.27097028974714, 30.778851977736622], [111.27088867717077, 30.778651667240695], [111.27078315162123, 30.778524488714254], [111.27073028677336, 30.77846077264661], [111.27073337864255, 30.778286824877114], [111.27073786086368, 30.77803507765674], [111.27087465674009, 30.777790203954794], [111.27097147865089, 30.777673716568813], [111.27124766314921, 30.777572531147428], [111.27169528181184, 30.777602617966522], [111.27202784570858, 30.777635564629634], [111.27271175224564, 30.777700643170192], [111.27286984496743, 30.777707399776716], [111.27326652063346, 30.777835269881848], [111.27345204087902, 30.77793348933909], [111.2735517855865, 30.778106676282164], [111.27360715324761, 30.778202749957018], [111.27364024200364, 30.778239535825946], [111.27370786922285, 30.778314714652424], [111.27378227373299, 30.778397427099605], [111.27383972332461, 30.77852312084542], [111.27391778627685, 30.778644355752476], [111.2741278463231, 30.778711463163518], [111.27431278111004, 30.778770541427377], [111.27454410292808, 30.778544584065344], [111.27464737027998, 30.77841538476224], [111.27476326861, 30.778424806959322], [111.27489414694736, 30.7784019012268], [111.27501794762026, 30.778349263907444], [111.2751327271937, 30.77826985197214], [111.27542151479116, 30.778062795661526], [111.27563363428487, 30.777906306430964], [111.27596660107781, 30.777683146859772], [111.27610376117968, 30.777594682348763], [111.2763362350293, 30.777462739214116], [111.27639022313036, 30.777432096614007], [111.27643715604995, 30.777386892191373], [111.27650553510244, 30.777321022247406], [111.27668653265744, 30.77714666798437], [111.27664748859081, 30.777008247932372], [111.27652922504376, 30.77675480818789], [111.27650624556685, 30.776707005623848], [111.27637477007966, 30.776433510997776], [111.27634019834153, 30.77628533330153], [111.27633948158189, 30.776122333878675], [111.27635461177596, 30.77601411036295], [111.27641336088794, 30.775850816861748], [111.27642679765864, 30.77572417163327], [111.27645706434208, 30.775579465320106], [111.2764491341203, 30.775459055091346], [111.2763597981662, 30.77518148563712], [111.27611297023742, 30.774961956629056], [111.27603591092861, 30.774845274989502], [111.27578372034247, 30.7744263159218], [111.27566934636332, 30.774189590077583], [111.27551390574223, 30.77391785992137], [111.27531493073951, 30.773597892828548], [111.27522929099905, 30.77342863682219], [111.27524615418673, 30.77339986481195], [111.27524752475352, 30.773397525675307], [111.27532129883895, 30.77327164576991], [111.2754157609287, 30.7731454870746], [111.27545498216176, 30.773087461017553], [111.27552328387253, 30.772995366842736], [111.27558608532962, 30.77283260034426], [111.27571537726288, 30.77259679990243], [111.27593979138834, 30.772237468584365], [111.27608903118391, 30.77188194769377], [111.27619616292264, 30.77164915098757], [111.2762966010074, 30.771361654816587], [111.27629661269856, 30.771361622440963], [111.2764669937568, 30.770863041895893], [111.27646832025681, 30.770859158623296], [111.27648531114824, 30.770809434208047], [111.27664859295828, 30.77076648798311], [111.27682757063593, 30.770720618961434], [111.27695735629703, 30.770665756719325], [111.27711169794657, 30.77060174567407], [111.27726962159585, 30.77056198664644], [111.27737844855659, 30.77054659205163], [111.27757512579149, 30.770549204582153], [111.27774730459447, 30.77052429156288], [111.2779297869302, 30.77053371465928], [111.2780558422034, 30.770577045794084], [111.27816483823676, 30.7706784866229], [111.27820681679123, 30.770736446130115], [111.2782672917022, 30.770832928996526], [111.27829387835988, 30.770905444930406], [111.2783332416858, 30.77101279430508], [111.278405574158, 30.771114137107816], [111.27874717803991, 30.77123454913516], [111.27887607067419, 30.771224452446575], [111.2790049354295, 30.77120452886595], [111.27922870384168, 30.77122369521743], [111.27936149863433, 30.77125287821781], [111.27949809576057, 30.77128532575722], [111.27977325503173, 30.77146715518512], [111.27989215889608, 30.771557293334467], [111.28000171700569, 30.77163339126804], [111.28012529734468, 30.771731554068026], [111.28024638296426, 30.771771468678367], [111.28028682008073, 30.77178107073985], [111.28037209289784, 30.771801331566223], [111.28052415116872, 30.771827249128307], [111.28053501767698, 30.771829101731726], [111.28063225327594, 30.771840741656945], [111.28073282715832, 30.771852780881204], [111.28093748677566, 30.7718523402134], [111.28099337874147, 30.771852218804895], [111.28114225341233, 30.771847879576057], [111.28114442887238, 30.771845364172293], [111.28180547104569, 30.771996369337046], [111.28184876081173, 30.771676479585892], [111.28181477633092, 30.771394943222106], [111.28173127697693, 30.77119465430991], [111.28173081832267, 30.7710371452481], [111.28196304935528, 30.77078518578776], [111.28212755244465, 30.77060670633449], [111.28232040576216, 30.770396271270954], [111.28268490368544, 30.77028569782675], [111.28339317015872, 30.77053712578777], [111.2835945841228, 30.771362429132864], [111.28365715985012, 30.77140683585685], [111.28348618344069, 30.771469756024487], [111.28345516402464, 30.771533821928415], [111.28351942418215, 30.771556617943588], [111.28366322397869, 30.771584942091465], [111.28375130357983, 30.771460648590107], [111.28369637568727, 30.771580095644936], [111.28372461709745, 30.771785276869082], [111.28392961575923, 30.77194711436789], [111.28472662013746, 30.772293802117304], [111.28483174369006, 30.772326982604227], [111.28498674544198, 30.77240301129001], [111.2851141901678, 30.772507740040226], [111.285313524, 30.772621855014677], [111.28534140118478, 30.77270293609166], [111.28524738515875, 30.77276754068953], [111.28527525874625, 30.772779031327275], [111.28508769074438, 30.772937799439944], [111.28491221862407, 30.773048941255695], [111.28485182555136, 30.773127926912366], [111.28500528766398, 30.77325635639579], [111.28528174285822, 30.77327744459842], [111.28540718299519, 30.773212080972826], [111.28551861709059, 30.773071990879714], [111.28552658328528, 30.773074901085863], [111.28553443616534, 30.773077403899094], [111.2855415318163, 30.773079239415438], [111.28554847188451, 30.77308052094935], [111.28555586970771, 30.773081404982918], [111.28556328731594, 30.77308196256257], [111.28557029573261, 30.773082019219885], [111.28557752358392, 30.77308153808258], [111.28558557521421, 30.77308052094935], [111.2855936700119, 30.773079171966288], [111.28560106963374, 30.773077447066555], [111.28560840360501, 30.773075151996693], [111.28561631584034, 30.77307213477127], [111.285624446611, 30.773068652596294], [111.28563261695177, 30.773064620036223], [111.28564158768916, 30.773059611711744], [111.28565207828086, 30.773053270592015], [111.28566333509491, 30.773045742367174], [111.28567519715267, 30.773036269808074], [111.28568881918375, 30.77302381599634], [111.28570524709954, 30.773007525676803], [111.28572225777606, 30.772990585147454], [111.28573807055557, 30.7729756851798], [111.28575406589749, 30.772961602695887], [111.28577161167061, 30.77294705616174], [111.28578976358676, 30.772932517721586], [111.28580803061618, 30.77291846401596], [111.28582812686665, 30.772903619806243], [111.28585165223205, 30.772886763813176], [111.28587489610965, 30.772870192005826], [111.28589394375058, 30.77285641169408], [111.2859102286742, 30.77284436527526], [111.28592536966016, 30.772832881832073], [111.28593926598438, 30.772822102558052], [111.2859508879232, 30.77281271003858], [111.28596113299994, 30.772803939850007], [111.28597099136823, 30.77279498440106], [111.28598057094666, 30.772786409365324], [111.28598978629964, 30.77277906280358], [111.28599946030693, 30.772772361055672], [111.28601039606298, 30.772765672797618], [111.28602142984516, 30.77275937844263], [111.28603146987649, 30.772754149784248], [111.28604136871428, 30.772749586624172], [111.28605199870083, 30.77274524289868], [111.28606271322371, 30.772741130298982], [111.2860729313208, 30.772737426890785], [111.28608357119992, 30.772733825106002], [111.28609551599533, 30.772730004785956], [111.28610763975581, 30.772726335552022], [111.28611894243528, 30.77272330213873], [111.28613040969071, 30.772720670722435], [111.28614302088374, 30.772718187694238], [111.28615590457139, 30.772715782007765], [111.28616839075869, 30.772713438374524], [111.2861816125914, 30.77271094725245], [111.28619665914857, 30.772708098200212], [111.28621261042372, 30.772705197886637], [111.28622924068696, 30.77270250621575], [111.28624815522824, 30.772699789363855], [111.28627081634517, 30.772696811708556], [111.28629307366646, 30.772693832254618], [111.28631047464876, 30.77269110191287], [111.28632424416861, 30.772688386859613], [111.28633584542297, 30.772685452371775], [111.28634586656852, 30.772682587131726], [111.28635369426763, 30.772680135579833], [111.28635988160329, 30.7726779070598], [111.28636508777862, 30.772675686633704], [111.28637015995497, 30.772673340302447], [111.28637584906625, 30.77267062255123], [111.28638273787311, 30.772667252791507], [111.28639132819728, 30.772662989105697], [111.2864007971591, 30.772658148954463], [111.28641098018267, 30.772652622620512], [111.28642288990449, 30.772645831839725], [111.28643742204946, 30.772637290078933], [111.28645200995237, 30.772628536078116], [111.28648475876469, 30.772606801262896], [111.28678849039659, 30.772992076223375], [111.28702713899133, 30.772975276887564], [111.2875149456583, 30.77286643643697], [111.287518527658, 30.77287800981236], [111.28752316726042, 30.772893875651903], [111.28752769534691, 30.772910383607382], [111.28753252470631, 30.77292912368017], [111.28753805283895, 30.772951548275387], [111.28754325811491, 30.77297373095297], [111.28754687698682, 30.77299156630778], [111.28754911719807, 30.773006365551396], [111.2875502737262, 30.77301963684681], [111.28755088436588, 30.773031534877475], [111.28755106692824, 30.77304117740846], [111.28755080522552, 30.773049277602126], [111.28755010555301, 30.773056655640175], [111.28754910370822, 30.77306392755827], [111.28754768997396, 30.77307163834547], [111.28754569977428, 30.773080538036425], [111.28754300630476, 30.773091310115944], [111.28753970309486, 30.77310284841775], [111.28753543041586, 30.773114628637245], [111.28752970533168, 30.773127771329655], [111.28752214742923, 30.773143307118005], [111.28751442135353, 30.773158997589746], [111.28750806944191, 30.773172717646844], [111.28750261055711, 30.773185593240612], [111.28749750780378, 30.773198795288238], [111.28749279265833, 30.77321162771449], [111.2874887933732, 30.773223113855693], [111.28748519698433, 30.77323421508703], [111.28748165905137, 30.77324592156208], [111.28747819036624, 30.77325755968866], [111.28747485657942, 30.773268404613248], [111.28747135372004, 30.77327940961709], [111.28746739400509, 30.77329151089458], [111.28746335784774, 30.773303666131312], [111.28745957439992, 30.77331487797926], [111.28745570911377, 30.773326115907594], [111.28745143283743, 30.77333834938537], [111.28744717364822, 30.77335059275572], [111.28744337581122, 30.773361872952137], [111.28743972006708, 30.77337316483971], [111.28743588086127, 30.773385440585685], [111.28743212259445, 30.77339773971397], [111.28742877891506, 30.773409114339188], [111.28742556563742, 30.773420552816333], [111.28742220217293, 30.773433039003578], [111.28741885939291, 30.77344550270783], [111.28741573604742, 30.77345686384325], [111.28741255424603, 30.77346809187901], [111.28740904419209, 30.773480167975436], [111.28740548827273, 30.7734921604349], [111.28740212121096, 30.773503080003195], [111.28739864802924, 30.773513855679937], [111.28739477464921, 30.77352543265266], [111.28739095522849, 30.773536999732812], [111.2873876861928, 30.773547734940053], [111.28738470314158, 30.773558578066], [111.28738172818424, 30.773570455412255], [111.28737889082322, 30.773582387617125], [111.28737641409032, 30.773593442983042], [111.28737410283264, 30.773604578388642], [111.28737174121295, 30.773616751611826], [111.2873695117936, 30.773628930230984], [111.28736768796847, 30.77364008092502], [111.28736613663796, 30.773651164169962], [111.28736470581657, 30.773663142240252], [111.28736331906197, 30.773675170672618], [111.2873619493945, 30.773686450869036], [111.28736046641245, 30.773697969385807], [111.28735875140529, 30.773710709181955], [111.28735738893243, 30.773723266415686], [111.28735722885307, 30.77373410774294], [111.28735835480427, 30.773744102808166], [111.28736076678604, 30.773754184208258], [111.28736373095148, 30.773763700834195], [111.2873669253434, 30.77377157889532], [111.28737066922105, 30.773778420038127], [111.28737523957568, 30.773784894257517], [111.28738038099982, 30.773791442221352], [111.28738625806943, 30.773798560355317], [111.28739347782681, 30.77380696002325], [111.28740256637542, 30.7738172707505], [111.28741352911112, 30.773828910675718], [111.28742779235881, 30.773842303379638], [111.28744695960955, 30.77385884281142], [111.28747231869261, 30.773879719673403], [111.28749824165061, 30.77390086183533], [111.28751954209326, 30.773918391420693], [111.28753782620976, 30.773933653815106], [111.2875549034361, 30.773948135598005], [111.28757097971697, 30.77396173514603], [111.28758550916399, 30.773973679042115], [111.2875997220496, 30.77398494574868], [111.28761486843149, 30.773996563190906], [111.28762935291235, 30.77400783259543], [111.28764108366914, 30.77401780068101], [111.2876509339435, 30.77402729212588], [111.28769767980413, 30.774094437308463], [111.28770048658822, 30.77410344042147], [111.28770278075876, 30.77411248400398], [111.28770403801099, 30.77412062106987], [111.28770428892187, 30.774128537801857], [111.28770363331608, 30.774136931174496], [111.28770268543065, 30.77414562222276], [111.28770183377264, 30.774154642422843], [111.28770103517468, 30.7741645736362], [111.28770101179231, 30.77416486141925], [111.28770014394655, 30.774177074212673], [111.28769906386077, 30.77419047501047], [111.28769744508111, 30.774205149248303], [111.28769509155529, 30.774222572713597], [111.28769185669387, 30.774244044027455], [111.28768853100098, 30.774265816614218], [111.28768583213548, 30.774284375023967], [111.28768356134736, 30.774301189648213], [111.28768148841004, 30.774317846891165], [111.28767959983372, 30.77433375499885], [111.28767802062424, 30.774347762839056], [111.28767662937298, 30.774361024241955], [111.28767528938317, 30.774374738903134], [111.28767396737976, 30.774388317766693], [111.28767263908111, 30.774401070153317], [111.28767117858206, 30.77441411841687], [111.2876694743668, 30.774428566025563], [111.2876676991051, 30.77444312335149], [111.2876659822993, 30.774456571813403], [111.2876641665681, 30.774470078731213], [111.28766210262398, 30.774484807827662], [111.28766003598196, 30.774499544118726], [111.28765820855955, 30.774513083412103], [111.2876564692707, 30.774526590329913], [111.28765466073406, 30.774541231292858], [111.28765290435808, 30.774555865960508], [111.28765136381946, 30.774569329710857], [111.28764991141435, 30.774582790763247], [111.2876484122445, 30.774597411041725], [111.28764691037668, 30.774612023226325], [111.28764544268307, 30.774625452802468], [111.28764388056072, 30.774638861694143], [111.28764208911116, 30.774653408228232], [111.28764025179623, 30.774667937675247], [111.28763850621215, 30.774681288111026], [111.28763670037347, 30.77469460527186], [111.28763467869754, 30.77470904298798], [111.28763263543783, 30.774723480704097], [111.28763073606967, 30.774736787972415], [111.28762881511778, 30.774750118623103], [111.28762671070422, 30.77476462198979], [111.28762457931094, 30.774779139745533], [111.28762255313836, 30.774792529751494], [111.28762045502003, 30.77480595303234], [111.28761810778951, 30.774820563418302], [111.28761576955219, 30.774835165710385], [111.28761369571555, 30.774848558414305], [111.28761171540839, 30.774861891762953], [111.28760964966568, 30.774876321385193], [111.28760756593647, 30.774890752806073], [111.28760550558968, 30.77490408885268], [111.28760328336489, 30.77491748515388], [111.28760071669979, 30.7749320937412], [111.28759831101331, 30.774946623188157], [111.28759668683767, 30.774959721813786], [111.287595757838, 30.774972497582723], [111.28759539091465, 30.7749860791443], [111.28759536393494, 30.774999455660407], [111.28759572276448, 30.775011459811083], [111.2875965330536, 30.77502310333358], [111.28759782717805, 30.77503541775036], [111.28759936591808, 30.77504770878477], [111.28760108991844, 30.77505925068391], [111.28760317724488, 30.775071067775627], [111.28760577988288, 30.775084154710044], [111.28760875484022, 30.77509749435393], [111.28761223791452, 30.77511025483443], [111.28761659962646, 30.77512358368648], [111.2876221502421, 30.775138588874825], [111.28762768017339, 30.775153400708916], [111.28763196724157, 30.7751660163986], [111.2876353109209, 30.77517742969468], [111.28763807094026, 30.77518872158231], [111.28764047213014, 30.77519936865599], [111.28764246682647, 30.7752083627758], [111.2876442097126, 30.775216410808753], [111.2876458707604, 30.775224278078042], [111.28764730068247, 30.775232114770347], [111.28764816583026, 30.77524005398533], [111.2876485021767, 30.775248845757687], [111.28764837986887, 30.775259185263224], [111.28764776473264, 30.77527017317999], [111.28764626016681, 30.775281394920512], [111.28764365123357, 30.775293924275218], [111.28763979224266, 30.775308742404604], [111.28763583882295, 30.775323440024806], [111.2876328656643, 30.775335526013748], [111.28763068031174, 30.77534591498204], [111.28762902915645, 30.775355631257412], [111.28762766218694, 30.775364593001598], [111.28762653983301, 30.77537214101153], [111.28762558025636, 30.775378868839766], [111.2876246872296, 30.77538541770292], [111.28762391021536, 30.77539180738603], [111.28762339490379, 30.77539793536647], [111.28762311341603, 30.775404355626563], [111.28762302438315, 30.775411596967672], [111.28762305226212, 30.775418778953565], [111.28762321234143, 30.775424959094664], [111.28762352980215, 30.775430639212686], [111.28762402083197, 30.77543634181376], [111.28762468003504, 30.775442363674188], [111.28762562612184, 30.77544923539392], [111.28762697240694, 30.775457663840143], [111.28762880162793, 30.77546826414914], [111.2876312630724, 30.775480810590977], [111.28763497907107, 30.77549654602882], [111.28764039478847, 30.775517204355538], [111.28764785196688, 30.775544196607427], [111.2876555591568, 30.77557214933529], [111.28766190657177, 30.77559641124543], [111.28766738074506, 30.775618949155216], [111.2876725176726, 30.775641838699926], [111.28767735062928, 30.77566450970943], [111.28768167367036, 30.77568622563888], [111.28768585281989, 30.775708936218507], [111.2876902576993, 30.77573452732662], [111.2876944809156, 30.77575944664119], [111.28769797837907, 30.775779640018413], [111.28770101179231, 30.77579660303087], [111.2877038833276, 30.77581204978634], [111.28770654981747, 30.775826022552963], [111.28770882420292, 30.77583745923141], [111.28771088185175, 30.775847217774924], [111.28771291881623, 30.77585626855199], [111.28771486135184, 30.77586505942503], [111.28771656916439, 30.775873843103454], [111.28771817715221, 30.77588343797032], [111.2877198373007, 30.775894612046784], [111.28772139402719, 30.775906024443543], [111.28772261890379, 30.77591651863247], [111.28772359556757, 30.775926998432283], [111.28772443013838, 30.77593837035954], [111.28772524402484, 30.77595000578816], [111.2877261388503, 30.775961475741553], [111.28772720994283, 30.775973836023752], [111.28772853104692, 30.77598809027819], [111.28772988992256, 30.776003251049247], [111.28773109861135, 30.77601902785591], [111.28773225513953, 30.776036943250404], [111.28773346382837, 30.776058382188637], [111.28773482720055, 30.776079721302153], [111.28773655659688, 30.77609725178678], [111.28773884267349, 30.776112303739865], [111.28774184820782, 30.77612636733801], [111.28774507227735, 30.77613928160264], [111.28774819382414, 30.776150023105117], [111.28775149793336, 30.77615942012119], [111.28775525440153, 30.776168382764695], [111.28775919792872, 30.77617718263093], [111.28776321160302, 30.776185967208676], [111.28776767583764, 30.776195555780305], [111.28777294316683, 30.776206714568275], [111.28777863587538, 30.776218296037598], [111.28778470270191, 30.776229463818765], [111.28779173899761, 30.776241232347047], [111.28780027806044, 30.776254568393654], [111.28780882072056, 30.776267953003696], [111.28781586421081, 30.77627989600046], [111.28782194272856, 30.77629139473214], [111.2878276534235, 30.77630348162046], [111.28783285869952, 30.776315172807017], [111.2878370378491, 30.77632519934855], [111.28784049574233, 30.77633435624557], [111.28784358761152, 30.776343502350812], [111.28784662102481, 30.776352984802486], [111.2878498630808, 30.77636339895173], [111.28785363124013, 30.77637579700547], [111.2878582096887, 30.776391097171427], [111.28786318204027, 30.776408327282525], [111.28786841609457, 30.776427970274653], [111.28787442266656, 30.77645205771637], [111.28788166310835, 30.776482334292325], [111.28788901506607, 30.776513330325997], [111.28789543622548, 30.776540122029076], [111.28790145268994, 30.776564863277883], [111.28790761394526, 30.776589850940923], [111.28791369875825, 30.77661461737074], [111.2879194274397, 30.77663853573989], [111.28792530540858, 30.776663770716482], [111.28793182459407, 30.776692402432502], [111.28793813873415, 30.7767197885874], [111.28794323699083, 30.77674035428396], [111.2879474943814, 30.77675545659912], [111.28794838381094, 30.776758080820798], [111.28795134258047, 30.776766815036524], [111.28795479327914, 30.776775974631562], [111.28795755959374, 30.776782819371647], [111.2879598456704, 30.77678779532056], [111.2879618862321, 30.776791474447066], [111.28796401672605, 30.776795015977257], [111.28796664364575, 30.7767994766146], [111.28797005477429, 30.776805348288235], [111.28797448393533, 30.77681302939783], [111.28797952373611, 30.776821733036627], [111.28798522993446, 30.77683145111064], [111.28799218798912, 30.77684317017622], [111.28800090691641, 30.776857752683213], [111.28801012856462, 30.776872720999336], [111.28801898059152, 30.776885894268673], [111.28802826069574, 30.77689835167763], [111.28803873599895, 30.7769112272714], [111.2880495161723, 30.776923708962045], [111.28805993931479, 30.776934695080172], [111.28807095331189, 30.776945084947783], [111.2880834646802, 30.776955827349582], [111.288096496756, 30.77696687462162], [111.2881094730738, 30.77697842371532], [111.2881235996245, 30.776991597883978], [111.28814001315112, 30.777007406166888], [111.28815785120395, 30.77702482873292], [111.28817734131133, 30.777044067030147], [111.28820043770008, 30.777067065392828], [111.28822886437064, 30.777095525338268], [111.2882573180209, 30.77712404823626], [111.28828052772423, 30.777147277724737], [111.28830023276959, 30.777166952193113], [111.28831839727627, 30.77718504205609], [111.28833528564496, 30.7772017469631], [111.28835019910247, 30.777216233242598], [111.28836437061926, 30.77722966821466], [111.28837907723266, 30.777243294742334], [111.28839302032168, 30.777256343005888], [111.28840432659848, 30.777267608813133], [111.28841383333179, 30.777278001378704], [111.28842250009836, 30.777288481178516], [111.28842925490625, 30.77729713355592], [111.28843020459033, 30.77729835123796], [111.28843609604905, 30.777306457726866], [111.28844057827013, 30.77731341308362], [111.2884441413841, 30.77731990528946], [111.28844755970715, 30.77732649462206], [111.2884515014357, 30.77733381870081], [111.28845637396256, 30.777342621265007], [111.28846253072129, 30.77735354802786], [111.28846943661529, 30.777365851652803], [111.28847713031536, 30.777379820822148], [111.28848639333245, 30.777396897149117], [111.28849790825194, 30.777418320798915], [111.28850929007172, 30.777439793911412], [111.28851804677049, 30.7774570528008], [111.28852478808858, 30.77747136730983], [111.2885277216771, 30.777478258814654], [111.28853024607406, 30.7774841961388], [111.28853481463005, 30.777495729944008], [111.28853821676535, 30.777505183617393], [111.28854067281384, 30.777513271220528], [111.28854246696136, 30.77752079225081], [111.2885441343044, 30.777528244033306], [111.28854610561837, 30.777536074430316], [111.2885485994384, 30.777545045167756], [111.28855178213911, 30.777555846025507], [111.28855508085235, 30.777567228744658], [111.28855800634699, 30.777578391129907], [111.28856080413789, 30.777590360207], [111.28856372243791, 30.777604105445164], [111.28856698787627, 30.77761828055924], [111.28857108788549, 30.777631865718092], [111.28857647662318, 30.777646082200988], [111.2885835183148, 30.77766210991848], [111.28859192787525, 30.777679323841767], [111.28860246433231, 30.777698002760644], [111.28861627971759, 30.77772001276844], [111.2886343219165, 30.77774700142305], [111.28865218515028, 30.77777328321048], [111.28866532244672, 30.77779264471485], [111.2886745737726, 30.777806327000462], [111.28868103989811, 30.7778159452497], [111.28868608329617, 30.777823375448463], [111.28869000434031, 30.777828846923796], [111.28873691567617, 30.777928227405823], [111.28874121533488, 30.777938656843617], [111.28874539358509, 30.77794781014336], [111.28874929214618, 30.77795590494111], [111.28875253060488, 30.777962362972744], [111.28875536256999, 30.77796765278498], [111.28875806413339, 30.777972322964388], [111.2887608421392, 30.77797698594918], [111.28876396188741, 30.777982249681145], [111.28876774623456, 30.777988659149344], [111.28877247127258, 30.77799667840401], [111.28877780515165, 30.778005705798762], [111.28878387827342, 30.778015898714784], [111.2887913183647, 30.7780283066611], [111.28880066142148, 30.778043832556875], [111.28881013128262, 30.77805938003644], [111.28881803632339, 30.7780718734183], [111.28882499078077, 30.778082224615048], [111.28883166464965, 30.778091496625336], [111.28883778903281, 30.778099795569176], [111.28884266605627, 30.7781065072096], [111.28884665275086, 30.77811212527439], [111.28885016100617, 30.77811721543719], [111.28885394625269, 30.778122234553507], [111.2888589698656, 30.778127581023114], [111.28886580561249, 30.778133777351968], [111.28887490405361, 30.778141298382252], [111.28888573189107, 30.77814937879083], [111.28889906613904, 30.778157684029964], [111.28891635380677, 30.77816700820091], [111.28893879099246, 30.778178077956], [111.2889622570026, 30.778189634244256], [111.28898341175511, 30.778200778643054], [111.28900404130354, 30.778212523788966], [111.2890259712716, 30.77822583465462], [111.28904847770514, 30.77823997379579], [111.28907128541158, 30.778254824300745], [111.28909654556918, 30.778271829581342], [111.28912625737092, 30.778292298151086], [111.28915545296184, 30.778312602144922], [111.28917877777843, 30.778328993188552], [111.2891979279421, 30.778342679071443], [111.28921487566606, 30.77835504924616], [111.28922987455911, 30.778366080330386], [111.28924171773116, 30.77837472461391], [111.28925124514893, 30.77838160442758], [111.28925946135513, 30.778387441926952], [111.28926758313253, 30.7783934646867], [111.28927676071402, 30.778401038776963], [111.28928794018634, 30.778411003265262], [111.28930193273806, 30.778424035341004], [111.28931807736745, 30.778439858013087], [111.28933732465788, 30.778460307697117], [111.28936173315753, 30.77848767406698], [111.28939301967216, 30.778523798034882], [111.28942385112987, 30.77855963421979], [111.28944655541426, 30.778585919604552], [111.28946258672903, 30.77860432602887], [111.2894738354492, 30.77861704334191], [111.28948247793409, 30.778626790194267], [111.28948872192706, 30.778634036931294], [111.28949295233792, 30.778639262891716], [111.28949568537763, 30.778643068822646], [111.28949846877936, 30.778646788418598], [111.28950288624924, 30.778651678931908], [111.28950948097781, 30.778658299740812], [111.28951866125726, 30.778667089714475], [111.28953035694047, 30.778677778156975], [111.28954640893966, 30.778691526093098], [111.28956867165692, 30.778709872262823], [111.28959859929597, 30.77873405143538], [111.2896292769696, 30.778758601128573], [111.28965436625606, 30.778778342146836], [111.28967575033568, 30.77879472509653], [111.28969555700439, 30.778809418220135], [111.28971389687888, 30.778822791138964], [111.28972977530896, 30.77883421342824], [111.28974447113052, 30.778844590705376], [111.28975934681648, 30.778854902331943], [111.28977399227597, 30.7788647885792], [111.28978782205041, 30.778873574955583], [111.289802062815, 30.77888199081127], [111.28981791156741, 30.778890793375467], [111.28983387992969, 30.7788993279417], [111.28984855686548, 30.778906742851973], [111.28986320682162, 30.778913632558158], [111.28987910323809, 30.778920639176192], [111.28989502663421, 30.7789273813936], [111.28990978540833, 30.778933282744845], [111.28992466289293, 30.778938829763263], [111.28994093342737, 30.77894452337108], [111.28995722104895, 30.778949878833885], [111.28997217137868, 30.77895415061363], [111.28998706595041, 30.778957651674318], [111.29000319708996, 30.77896073994623], [111.29001945503387, 30.778963831815418], [111.29003482984359, 30.77896734276868], [111.29005068668988, 30.778971637031475], [111.29006835567014, 30.778977025769166], [111.29008652377411, 30.778982892946203], [111.29010424671367, 30.778988982255783], [111.29012314686582, 30.778995880955165], [111.29014476476914, 30.779004125939707], [111.2901661866203, 30.77901245905781], [111.29018434393237, 30.77901969770096], [111.29020066572821, 30.779026428227155], [111.29021669884162, 30.7790332711686], [111.29023182723711, 30.77903983442087], [111.29024473700508, 30.779045521733508], [111.29025645966794, 30.779050790861334], [111.2902680968952, 30.779056130136325], [111.29027953807031, 30.77906157013541], [111.29029053587959, 30.779067216978547], [111.29030208227533, 30.779073619252188], [111.29031512963957, 30.779081267986157], [111.2903287273889, 30.77908947160188], [111.29034233143352, 30.779097956705414], [111.29035721341472, 30.779107538981805], [111.29037456403495, 30.7791189621704], [111.29037650297329, 30.779120285972454], [111.29045588882826, 30.779219542348073], [111.29072955162758, 30.779292978288368], [111.29111088396019, 30.779387167883556], [111.29153725613952, 30.779576018318664], [111.29154965059598, 30.779578503145444], [111.29156200997886, 30.7795813126275], [111.29157334773186, 30.779584456657403], [111.29158464231745, 30.779588258091678], [111.29159687129862, 30.779592996619556], [111.29160893210661, 30.779597831374872], [111.29161960076402, 30.779601999732563], [111.29162976040516, 30.77960583803906], [111.29164032474125, 30.779609700627248], [111.29165055093222, 30.779613363565943], [111.29165943623406, 30.779616451837853], [111.29166770010431, 30.779619202863955], [111.29167610067157, 30.779621881045045], [111.2916845003395, 30.779624682433223], [111.2916927462233, 30.779627884919023], [111.2917015982502, 30.779631829345476], [111.29171177587784, 30.779636795401814], [111.2917222619729, 30.779642248890752], [111.29173227682315, 30.779648023437574], [111.29174271885148, 30.77965468291734], [111.29175445410482, 30.779662738144907], [111.29176645735618, 30.779671083853486], [111.29177790662516, 30.77967883511019], [111.29178982983683, 30.779686664607937], [111.29180321894347, 30.77969524683823], [111.29181710897245, 30.779704069187517], [111.29183091086793, 30.779712799805907], [111.29184590706302, 30.779722248083317], [111.2918633053473, 30.77973317574549], [111.29188070902757, 30.77974411689752], [111.29189573130304, 30.779753616436324], [111.29190957906388, 30.77976244238289], [111.29192353834065, 30.779771408623674], [111.29193694993035, 30.77978012125567], [111.2919487436397, 30.779788000216115], [111.29195988444116, 30.779795708305357], [111.2919713858708, 30.779803927209514], [111.29198273891234, 30.7798119428669], [111.29199331134231, 30.779818891928358], [111.2920040303618, 30.77982533736946], [111.29201581327919, 30.77983187274276], [111.2920277041153, 30.77983814101742], [111.29203883592362, 30.779843580117188], [111.29205018806579, 30.779848633407767], [111.29206272101783, 30.779853764040013], [111.2920750687095, 30.77985868782821], [111.29208572117915, 30.77986297039979], [111.29209553188338, 30.77986695709444], [111.29210541543262, 30.779871013036882], [111.29211489068973, 30.779874900806078], [111.29212317704304, 30.77987825617663], [111.29213094898415, 30.77988134534786], [111.29213891697748, 30.77988445700214], [111.29214671679762, 30.779887463435728], [111.29215386011259, 30.779890156005933], [111.29216095486424, 30.779892764939177], [111.29216862068535, 30.779895518663295], [111.292176084159, 30.779898180656573], [111.29218241088961, 30.77990044335081], [111.2921881053968, 30.779902484811885], [111.29219370007928, 30.779904500192572], [111.29219951239764, 30.7799065128753], [111.2922060162947, 30.779908553437053], [111.2922138727721, 30.779910809836053], [111.29222366099322, 30.779913463735397], [111.29223467678895, 30.779916277714108], [111.2922471359966, 30.779919142054837], [111.29226232284799, 30.779922323856226], [111.29228134530791, 30.779926076727122], [111.29230110521189, 30.77992993841599], [111.29231907186772, 30.77993352940888], [111.29233677592151, 30.779937163569286], [111.29235576600587, 30.779941152062577], [111.2923751886641, 30.779945297037898], [111.29239452588672, 30.779949527448764], [111.2924155781165, 30.779954241694952], [111.29244002978362, 30.779959814793642], [111.29246416578866, 30.779965259289327], [111.29248402821537, 30.779969496894807], [111.29250112342817, 30.77997282528571], [111.29251713765586, 30.7799755978956], [111.29253191261773, 30.77997796491121], [111.29254435024166, 30.77997976985057], [111.29255541999669, 30.779981135920764], [111.2925661848816, 30.77998221240921], [111.29257666827868, 30.77998317738178], [111.29258668402832, 30.77998412526722], [111.29259712875455, 30.77998514329977], [111.29260887300114, 30.77998631241843], [111.2926206001606, 30.77998753369775], [111.29263098822958, 30.779988749581207], [111.2926408978592, 30.779990069785924], [111.2926512175797, 30.779991603130043], [111.29266180439879, 30.779993005173083], [111.29267270508132, 30.779993831650074], [111.29268497093472, 30.779994112238512], [111.29269955434103, 30.779993915287037], [111.29271531765784, 30.77999323000364], [111.29273201806825, 30.77999168137103], [111.292751291439, 30.779989051753375], [111.2927746072624, 30.779985199057762], [111.29279828011659, 30.779981188081422], [111.29281889167856, 30.77997796760917], [111.29283811738526, 30.779975301119293], [111.2928577226059, 30.77997291881519], [111.29287671358952, 30.7799706875972], [111.29289362983718, 30.779968601170083], [111.29290987878795, 30.77996646797817], [111.29292691734344, 30.779964109056436], [111.29294394061043, 30.779961930898423], [111.29296013919912, 30.77996047039943], [111.29297695832003, 30.779959644821815], [111.29299580271419, 30.77995934085095], [111.29301503201816, 30.779959426286553], [111.293033289155, 30.779960056711275], [111.29305220369628, 30.779961341842522], [111.29307335575083, 30.779963341934717], [111.29309452039587, 30.779965580347323], [111.29311346911135, 30.779967764800574], [111.2931317892008, 30.779970094044643], [111.29315111383289, 30.7799727596352], [111.29317024241283, 30.779975572714534], [111.2931878196622, 30.779978456840354], [111.29320536363667, 30.7799816881045], [111.2932243950898, 30.779985518317062], [111.29324310908225, 30.77998944115984], [111.29325946505236, 30.779993014166337], [111.2932748029898, 30.77999654580401], [111.29329052134057, 30.780000343641007], [111.29330567221905, 30.78000406233764], [111.29331887606531, 30.780007296299743], [111.29333120577058, 30.78001030722993], [111.29334379537994, 30.78001337481743], [111.29335620602416, 30.780016625866665], [111.29336786303651, 30.780020324778206], [111.29337979164416, 30.780024857361354], [111.2933930080809, 30.780030547371894], [111.29340629916146, 30.78003673021101], [111.29341852184734, 30.78004310910228], [111.29343072924485, 30.780050291987436], [111.29344397625857, 30.780058840942786], [111.2934572142791, 30.780067698365656], [111.29346939199888, 30.78007603508098], [111.29348155532955, 30.780084591230946], [111.29349475467927, 30.780094088071735], [111.29350815457775, 30.78010403817086], [111.29352106074839, 30.78011430033473], [111.29353464141064, 30.780125856623044], [111.29355001891832, 30.780139608156446], [111.29356497194595, 30.780153072806115], [111.29357696710343, 30.780163554404567], [111.29358688122966, 30.780171783201297], [111.29359572786063, 30.780178645927833], [111.29360362031088, 30.78018455807097], [111.29360995333673, 30.78018923004896], [111.29361519008899, 30.78019299371175], [111.29361986476499, 30.78019624476093], [111.29362448817966, 30.780199343824734], [111.2936295288797, 30.78020254091456], [111.29363549228418, 30.78020614000144], [111.29364282535619, 30.78021042257302], [111.29365066744441, 30.780214928176463], [111.29365854460622, 30.780219363632796], [111.2936672005809, 30.7802241372342], [111.29367279256536, 30.78022717514409], [111.29367732155123, 30.7802296365885], [111.29368108341532, 30.78023160340581], [111.29368769972763, 30.780235063097734], [111.29369731977556, 30.780239566003218], [111.29370702076244, 30.780243487047358], [111.29371763366191, 30.780247212039228], [111.29372837696309, 30.780250663637275], [111.29373857437577, 30.78025356305153], [111.29374912702065, 30.78025613331397], [111.2937609252266, 30.780258625335364], [111.2937728295525, 30.78026086824451], [111.29378378779165, 30.780262502312667], [111.29379474603076, 30.7802636363578], [111.29380665125603, 30.780264402580144], [111.29381865001073, 30.780264826160874], [111.2938299526902, 30.78026467777272], [111.29384156473651, 30.78026389626183], [111.29385446730987, 30.780262461843165], [111.29386729344088, 30.780260837667583], [111.29387863209325, 30.780259342095007], [111.29388941856189, 30.780257843824472], [111.29390062771188, 30.78025621785025], [111.29391164980285, 30.78025453342002], [111.29392173480028, 30.78025281841292], [111.293931745154, 30.780250911850146], [111.29403931126524, 30.78023180395462], [111.29445230512982, 30.780476119177592], [111.29450367710308, 30.780506365176677], [111.29406375483848, 30.780905753198], [111.29285871725608, 30.78267882866504], [111.29296152415509, 30.78274166699441], [111.29298992024866, 30.783903842888094], [111.29264543134167, 30.784504658363346], [111.2926477183176, 30.78451058399628], [111.29278977342938, 30.784878460672473], [111.29388228603875, 30.78591813901096], [111.29400156581966, 30.78603164784232], [111.29399890472575, 30.78617301587201], [111.2939825280713, 30.787043577599093], [111.2934374112076, 30.787861782595257], [111.29331937339043, 30.78803895263559], [111.2931530914421, 30.788288535187803], [111.29306723406569, 30.788769589744845], [111.29293262893776, 30.789523795386913], [111.2929389098029, 30.790255467615793], [111.29298752265612, 30.79036540703794], [111.29308621425747, 30.790588598984698], [111.29345175539424, 30.79075906457922], [111.29389164438396, 30.790821810278374], [111.29544290566565, 30.791043062387473], [111.2956567032943, 30.79107355480079], [111.29566098316792, 30.791075621442815], [111.29608440377228, 30.791280129974098], [111.29653999132762, 30.79174247593454], [111.29661970993175, 30.791962343987052], [111.29671685110185, 30.79223026011846], [111.29693898814384, 30.7928429142691], [111.29727183712566, 30.793214981786036], [111.29768103764985, 30.79344607877357], [111.2977252357311, 30.7934710412556], [111.29867965744029, 30.793514661072777], [111.29877119763273, 30.793549365910565], [111.2990104541692, 30.793640075129417], [111.29920801543761, 30.79371497426672], [111.29966347528921, 30.793887648596183], [111.3007937864042, 30.794008976133398], [111.30110832339045, 30.794395279018943], [111.30116052184064, 30.79480225372106], [111.30122052370825, 30.795270036982686], [111.3011830651464, 30.795514398071077], [111.3010180746245, 30.796590715689035], [111.30093061915284, 30.797161231205905], [111.30076729327601, 30.798555663313266], [111.30073512722441, 30.79883029827971], [111.30079349682251, 30.799089064708596], [111.30085593765148, 30.799365869739177], [111.30086205484002, 30.799392988795432], [111.3013200309947, 30.80024782767515], [111.30147896997852, 30.800544495132385], [111.30271824385193, 30.80087049667611], [111.30273636878843, 30.800885795942804], [111.30312042067095, 30.801209959272228], [111.30318140100093, 30.80206596187469], [111.30304366893023, 30.8030050123715], [111.3030324130155, 30.803081756018287], [111.30312332997778, 30.80344591489711], [111.30316053493078, 30.803594939754703], [111.30342372422558, 30.803692054844532], [111.30376957560549, 30.80381967134082], [111.30433095940629, 30.803680056989094], [111.30438366417485, 30.803666950269587], [111.30458349713075, 30.803617251934668], [111.30462662861606, 30.803633677152504], [111.30493239901108, 30.803750110579188], [111.30573970961996, 30.804057524934876], [111.3058120483874, 30.80408507116914], [111.30598715538298, 30.804041724745844], [111.30655374266115, 30.803901473674102], [111.30660054338045, 30.803889890406197], [111.30671588503014, 30.80386133962918], [111.30684202124235, 30.803681084914217], [111.30724895097836, 30.803099553601555], [111.30725854584529, 30.803085845235614], [111.3072578902395, 30.803078039120237], [111.3071686442176, 30.802014496371953], [111.30714477261324, 30.801730003037278], [111.30712818461808, 30.80153231406507], [111.3076763142106, 30.799991659387615], [111.30769244984674, 30.79994630477819], [111.30798777821343, 30.79980401314475], [111.30890202720684, 30.79980047701048], [111.31084361673959, 30.797926201732878], [111.31169925871387, 30.797100192419975], [111.31275577865631, 30.79647976183162], [111.31307737442137, 30.796290905101216], [111.31368787379643, 30.79593238497165], [111.3137003473932, 30.7959250608929], [111.31372294915485, 30.795881284593634], [111.31407908428235, 30.79519153336264], [111.31445061580331, 30.79447194802202], [111.3148770374454, 30.79364604392981], [111.31537118163476, 30.792688944938902], [111.31577765901181, 30.791901635252316], [111.31596632688456, 30.791737835432798], [111.31598939179707, 30.791717811128137], [111.31600870923461, 30.791541614154198], [111.31614043743133, 30.790340089323706], [111.31620440980572, 30.789756564214144], [111.31622156527305, 30.78974841185976], [111.31662435363108, 30.789557012746002], [111.31767931774635, 30.789055700959864], [111.31823620763492, 30.788862253190473], [111.31886225988546, 30.788644780032598], [111.32003718276985, 30.78867171832519], [111.3206776160792, 30.787987590554906], [111.32036749386481, 30.78716399682105], [111.31934330544925, 30.78444393074284], [111.31953771009728, 30.784045138072713], [111.31951619111936, 30.783517531908615], [111.31949115399362, 30.782903658277235], [111.3193293245887, 30.782440610845583], [111.31912834319854, 30.781865536665237], [111.3191429176116, 30.781407156714977], [111.31849191187229, 30.780933347995642], [111.31788011297687, 30.780269474756494], [111.3180395312994, 30.78006094895369], [111.3179165211306, 30.77928519465604], [111.31741356628311, 30.77849836880472], [111.31740253879622, 30.77848821995542], [111.31683513673221, 30.777965988139897], [111.31683611789259, 30.777965106804288], [111.31684470731744, 30.777957401413005], [111.3168545126257, 30.777921388061657], [111.31678326563525, 30.777859718851005], [111.31656485178655, 30.777670666967765], [111.31648003672439, 30.777670873811815], [111.31647243655374, 30.777662910315087], [111.31645983075663, 30.777645758445033], [111.31643880460723, 30.777613415226995], [111.31642436958907, 30.777594986319627], [111.31637223319206, 30.777538057435436], [111.31631955360456, 30.777475708337306], [111.31627653273586, 30.7774272420736], [111.3161307571288, 30.77725699231638], [111.31599577968154, 30.77711218797714], [111.31593125332472, 30.777039521856523], [111.3158750915623, 30.776978394937032], [111.31572197119209, 30.77680878279915], [111.31560746681123, 30.776679509751602], [111.31558398281464, 30.776654894407898], [111.31556054018682, 30.77663298962085], [111.31553112336269, 30.776605501842482], [111.3155083201529, 30.77658221030083], [111.31548151765799, 30.776551386937], [111.31541745175406, 30.776474368097638], [111.3153962817131, 30.77645047670819], [111.31536811404726, 30.776421514041715], [111.31534249955678, 30.776397826798302], [111.31531374103639, 30.776369759856607], [111.31525971066719, 30.776313575611084], [111.3152227197528, 30.77627261778713], [111.31515901807427, 30.77619712419795], [111.3151148118991, 30.776149869321046], [111.31506690231578, 30.776119697066406], [111.31501274784011, 30.77608134907507], [111.31493177288309, 30.776028941082814], [111.31481538082522, 30.775948107319323], [111.31479848166464, 30.77593805020092], [111.31469625572765, 30.77588423566897], [111.31451999759986, 30.775793616382316], [111.31441081001094, 30.775735054329346], [111.31421989922904, 30.77563573410191], [111.31414064557441, 30.77559754439119], [111.3138898921049, 30.775481330399145], [111.313190677308, 30.775127267309585], [111.31305693642855, 30.775059999819177], [111.31305254773696, 30.775057791084237], [111.31268584827336, 30.774873348226492], [111.31256315556521, 30.774813140414153], [111.31244971058572, 30.774759688309018], [111.3123455070396, 30.774712993709727], [111.31225054582609, 30.774673058414976], [111.31220448524886, 30.77465492268658], [111.31210701942348, 30.77461952177356], [111.31200242557156, 30.774585275590027], [111.31189070459243, 30.77455218323672], [111.31168175880617, 30.774495783153895], [111.31159159637514, 30.774471445700726], [111.31158940742529, 30.774470927691198], [111.31149458740532, 30.774448510290597], [111.31127480119119, 30.774393612075585], [111.31116271328864, 30.774357893701904], [111.31113217860724, 30.774348966131924], [111.3110753576417, 30.774333433940853], [111.31099649789013, 30.77431008124529], [111.31093841697441, 30.774294575134604], [111.31085996461576, 30.774273629924153], [111.310630556555, 30.77420783822123], [111.31049521578166, 30.774170648556662], [111.3104523612875, 30.774157495971735], [111.31041249434122, 30.774143114912874], [111.31038452272759, 30.77413142732354], [111.31032634918171, 30.774105505264913], [111.31026714231484, 30.7740763591367], [111.31023073506043, 30.77405617835001], [111.31019731265593, 30.774035222347663], [111.31017488985935, 30.774019210817983], [111.31011703827073, 30.77397518001061], [111.31003012509024, 30.77390712741203], [111.31000662040924, 30.773891889299307], [111.30997453439733, 30.773873040408546], [111.30994802328269, 30.773858629672077], [111.30992305540474, 30.77384638090581], [111.30989264662838, 30.773833339836813], [111.30986333502494, 30.773821744877694], [111.30984441328911, 30.77381510338438], [111.30981588139787, 30.773806251357485], [111.30978043012283, 30.773796944273613], [111.30970723610011, 30.773780007341543], [111.30966912193247, 30.773772172447877], [111.30960261976514, 30.77375983644737], [111.30946261420831, 30.773735874910756], [111.30917237600443, 30.773652332389304], [111.3091678757969, 30.773663989401655], [111.30911906958943, 30.77365435586387], [111.30909279499656, 30.773651427671325], [111.30908265963711, 30.77365029722347], [111.30902766609398, 30.773647125314653], [111.30895734270729, 30.773645463367473], [111.30891374627242, 30.773643671018647], [111.30879589821217, 30.77363509418433], [111.30877427940953, 30.773633748798545], [111.3087550474076, 30.77363365077241], [111.30874715855458, 30.77363464182531], [111.30874050716875, 30.77363651421382], [111.30872153237289, 30.773651628220136], [111.30870945537714, 30.77365841090699], [111.30869252114297, 30.77366255318435], [111.30865357060588, 30.773668368200674], [111.30864288306265, 30.773671972683417], [111.30862527163902, 30.773675670695695], [111.30857118461256, 30.773682321182207], [111.30853615332086, 30.773684370737158], [111.30848998302633, 30.77368855168538], [111.30845753728556, 30.77369243855526], [111.308437211708, 30.773695652732215], [111.30839708036103, 30.7737019983486], [111.30835191370988, 30.773710014005985], [111.30828887033516, 30.773718241903396], [111.3082199148173, 30.7737281955998], [111.30816405522705, 30.77373712766638], [111.30816042556324, 30.773734778637163], [111.3081550745971, 30.773727394303876], [111.30814427463861, 30.773707884411408], [111.3081133127792, 30.773667426610473], [111.30809977168718, 30.77365160124043], [111.3080798364154, 30.773638874034873], [111.30806815602062, 30.773635283941246], [111.30804250465792, 30.773630182087288], [111.30800849859338, 30.773625638712303], [111.30798600295174, 30.77362084172853], [111.30795543139811, 30.773619214854932], [111.3079422482362, 30.773618562846423], [111.30792228778341, 30.77361946666508], [111.30790907584321, 30.77362086690954], [111.30786674835184, 30.773627986842143], [111.3078489498692, 30.77363135210527], [111.30782971067265, 30.77363551596636], [111.30780990220529, 30.773640455942314], [111.30774902979397, 30.773656890153404], [111.30772872220285, 30.773661829230093], [111.30766381003684, 30.773676548434025], [111.30765416210994, 30.77367913578354], [111.30763997980131, 30.77368366566867], [111.30762892263675, 30.773688004897565], [111.3076242056926, 30.773690256799966], [111.30761636180569, 30.7736951464139], [111.30761053329951, 30.773700369676362], [111.30760832186661, 30.77370292105303], [111.30760515535371, 30.773707646990374], [111.30760263725199, 30.773714087934877], [111.30760180268112, 30.77372105228477], [111.30760215881264, 30.773727807092655], [111.30760413282451, 30.773740254609095], [111.30761196322158, 30.773779488432695], [111.30761300733451, 30.773785825955144], [111.30761334008366, 30.773792765124085], [111.30761288322805, 30.773794800289863], [111.30761115922769, 30.773798632301066], [111.30760648635032, 30.773804367277762], [111.30760030710854, 30.77380923980462], [111.30759660729763, 30.773811121186327], [111.30759323843728, 30.773811995327378], [111.30758992083821, 30.77381215091009], [111.30758660144056, 30.773811685960595], [111.30758115424692, 30.773809496111426], [111.30757321233392, 30.773803817791986], [111.30756390075345, 30.773794997241396], [111.30755783212834, 30.77378718213282], [111.3075546862998, 30.773782126144283], [111.3075442433722, 30.773762554198584], [111.3075364021833, 30.773749541907875], [111.30752883169026, 30.77373926535489], [111.30752339618783, 30.773732838799503], [111.30752003901864, 30.773729737037797], [111.30751668364809, 30.77372786105201], [111.30750987128357, 30.77372576203436], [111.30749493264511, 30.77372272322515], [111.30746922102782, 30.77371882556338], [111.30745213480822, 30.77371681198133], [111.30743239199137, 30.773714888331483], [111.30738986844773, 30.773711522169037], [111.30735241887908, 30.773709093999514], [111.30731167059719, 30.773707199128012], [111.30727901171707, 30.773706718890026], [111.30724481229834, 30.773707467125973], [111.30721841269963, 30.773709126375138], [111.30720388505131, 30.77371048075412], [111.30717317230415, 30.773714147290093], [111.30712766840725, 30.77372123124985], [111.30709076742505, 30.773727939292996], [111.30705252015775, 30.773735499893462], [111.30698946958842, 30.773740493828768], [111.30673015727098, 30.773784691910066], [111.30667738595264, 30.773792953082364], [111.30666796825221, 30.77379442707121], [111.30663760264332, 30.773798381390236], [111.30660604093612, 30.773804158635073], [111.30656862913901, 30.773811008771077], [111.30638722778838, 30.773844219834928], [111.30634687970479, 30.773857424580513], [111.30631468577417, 30.773864358353535], [111.30628863781044, 30.773867043729126], [111.30626672492946, 30.77386750867862], [111.30618901361214, 30.773866973582017], [111.30616638397152, 30.773867648073576], [111.30615345172049, 30.773868443074264], [111.30613775135618, 30.773869754285784], [111.30611697971489, 30.773872293071918], [111.30608859890975, 30.773876900298774], [111.30605006835606, 30.773884415933082], [111.30603933404808, 30.7738878459474], [111.30598571826636, 30.77390575234864], [111.30595206563538, 30.7739108856789], [111.30591546862405, 30.773910132047035], [111.30588269193277, 30.773883243217142], [111.30585920613754, 30.773862654138213], [111.30578305514393, 30.773852722025538], [111.30568591757111, 30.773840732264034], [111.30560734290464, 30.773835862435135], [111.30551514890504, 30.773843663154594], [111.30541904735122, 30.773850629303126], [111.30533952210135, 30.773853766138473], [111.30524539276075, 30.773867470007758], [111.3051780830022, 30.773875212271264], [111.30509365824577, 30.77387161858036], [111.30501418515661, 30.77389118602946], [111.30497958823747, 30.773906013152043], [111.30495192419198, 30.773919156743716], [111.3049452656116, 30.773927386439766], [111.3049354522094, 30.773954152961835], [111.30492654892117, 30.773971355193964], [111.30491499802878, 30.77398663737347], [111.3049034588276, 30.7739984733509], [111.30483647102636, 30.77405534108118], [111.30471665704812, 30.774169492028477], [111.30469980465233, 30.77418208343647], [111.30463368020025, 30.774246989307187], [111.30458438656024, 30.774306195274733], [111.30452797568557, 30.774378776859123], [111.3045093327396, 30.774397868566837], [111.30448981385388, 30.77441466340605], [111.30447918116931, 30.774419231962042], [111.30446147981348, 30.774420721239323], [111.30444379374615, 30.7744160861335], [111.30443054313514, 30.774408401426626], [111.30434887390146, 30.774346592821075], [111.30426495906067, 30.774294728918676], [111.30424286901325, 30.77428396223513], [111.30422915255343, 30.77427977319303], [111.30421634620745, 30.774275861142144], [111.30419201235156, 30.774275040061127], [111.30415658805617, 30.77428414299885], [111.3041344395528, 30.77429212717999], [111.3040790584019, 30.774316109400957], [111.30403695664029, 30.774338971966017], [111.30392390826182, 30.77441295289549], [111.3038418730041, 30.774473229056355], [111.30377981618562, 30.77451058959207], [111.30372000497431, 30.77453724010161], [111.30366729660852, 30.774555868658467], [111.30364781729298, 30.77456003341888], [111.30356144010841, 30.774592742661014], [111.30349281823902, 30.774606742407286], [111.30344080055255, 30.774611905415156], [111.30343293957856, 30.7746140152247], [111.30341326960678, 30.77462472435161], [111.30338788894, 30.77464062436536], [111.30337139087703, 30.77465498473981], [111.30336467474001, 30.77466170897077], [111.30335894965589, 30.774668897251843], [111.30334954364656, 30.774683697394778], [111.30331887496618, 30.774739351939616], [111.30331179730166, 30.774748971088172], [111.30329302305461, 30.774764764981967], [111.30328097663585, 30.77477251623867], [111.30326445968711, 30.774781322400145], [111.30322774486461, 30.77479901206482], [111.3032115139003, 30.774808677078852], [111.303189256579, 30.774825907189893], [111.30317400677507, 30.774839648830778], [111.30307806530055, 30.774865423400627], [111.30310162933677, 30.774961842415166], [111.30310165002118, 30.774961928750088], [111.30318925118308, 30.775137355004972], [111.30333717437117, 30.77523779129109], [111.30328346775786, 30.775264050595524], [111.30346082575659, 30.77534503634439], [111.30346054426877, 30.775348367433253], [111.30345338656463, 30.77537475803871], [111.30344581517227, 30.77539196206942], [111.30343242876364, 30.775406488818476], [111.3034163722678, 30.775421020963392], [111.30340579534123, 30.775429176015734], [111.30338882693286, 30.775440204401946], [111.30335793611994, 30.775457921046268], [111.30330014838319, 30.77548898632773], [111.30317913021275, 30.77555591657233], [111.30314465560144, 30.775576282619397], [111.30313541416808, 30.77558067041167], [111.30312863058191, 30.775582801804887], [111.30310640743483, 30.77558693688769], [111.3030992848042, 30.775586180557866], [111.3030887960112, 30.775582649819512], [111.30308433897113, 30.775583116567645], [111.30306960088143, 30.775587836209752], [111.3030390742939, 30.775601546374332], [111.30303089316124, 30.775603859430646], [111.30302429303674, 30.77560454831132], [111.30301654987392, 30.77560428391064], [111.30300928425112, 30.775602630956712], [111.30297985303787, 30.775590814764314], [111.30297043443807, 30.77558777415652], [111.3029486978242, 30.775587553822618], [111.30291181392914, 30.77559028416431], [111.3028862399081, 30.77559435989184], [111.30286020903151, 30.775601048149895], [111.3028368122691, 30.77560901884118], [111.30281627984749, 30.775618382582365], [111.30280367764766, 30.7756257938953], [111.30279177242244, 30.775634733156437], [111.30277814499544, 30.775647738252587], [111.30276714179024, 30.775660935803614], [111.30276011178978, 30.77567172766817], [111.30275318970797, 30.77568584702425], [111.3027397115685, 30.77572503498243], [111.30273274721856, 30.775735144261546], [111.30272304173502, 30.775744400084022], [111.30271088110231, 30.775752732302806], [111.30268511192844, 30.77576764935759], [111.30266726937901, 30.77577728109668], [111.30264974698827, 30.775785496403614], [111.30263256723924, 30.775790499332118], [111.30260313512667, 30.775795033713905], [111.3025941068326, 30.775797605774926], [111.30259219127669, 30.775801439584825], [111.3025874860237, 30.77581763997216], [111.30258035170192, 30.775837855832435], [111.3025707478418, 30.77586014103275], [111.30256007828507, 30.775875486164807], [111.30255351143546, 30.77588187764661], [111.30254621973233, 30.77588742826225], [111.30252119070047, 30.775901696006542], [111.30250794458601, 30.77590786265779], [111.30249919688049, 30.775911075935483], [111.30245635767483, 30.775922283286775], [111.30239055158273, 30.77593588193548], [111.3023676764272, 30.775943678158285], [111.3023409287909, 30.775954979938433], [111.30232036039638, 30.775969547156933], [111.30223634842878, 30.776034126573734], [111.30219592929876, 30.77606225466934], [111.30215658665719, 30.776087225245305], [111.30210789286502, 30.77611583088094], [111.30205294968397, 30.776144393349114], [111.30202846114463, 30.776156276990662], [111.30197326705269, 30.77618110817167], [111.30194686475608, 30.776186088617123], [111.30192566144018, 30.77618859682633], [111.30190361276158, 30.776194178918274], [111.30187544239783, 30.776205182123533], [111.30181824281772, 30.7762291148818], [111.30179406814182, 30.77624122785045], [111.30176332481767, 30.77625838511642], [111.3017409721682, 30.776274310311237], [111.30168286157488, 30.776330037701143], [111.30166889240553, 30.77634434771352], [111.30165850703452, 30.77636206885444], [111.30165386833141, 30.776379349327556], [111.30165193478899, 30.776400433033587], [111.30165250405986, 30.77641000182018], [111.30165853221553, 30.776431007285225], [111.30165902414473, 30.77643483210187], [111.30165829119721, 30.77644632813559], [111.30165659777384, 30.776452090991256], [111.30165315966565, 30.776459783792063], [111.30162446679577, 30.776498369204432], [111.3015437688299, 30.776436343862258], [111.30128441874098, 30.776654490612316], [111.30122737564295, 30.776702473040757], [111.30121706671434, 30.776711139807333], [111.30083675241423, 30.77703102955843], [111.30070815655625, 30.777111798570672], [111.30051138129528, 30.777333399616737], [111.30045283812802, 30.77738658732119], [111.30030084730635, 30.777515256923607], [111.30029243774584, 30.777521277884716], [111.30025414101584, 30.77754431042166], [111.30024567839541, 30.777547951776626], [111.30021495755432, 30.777554631041426], [111.30020333291753, 30.777555058219434], [111.30017563829512, 30.77755071539326], [111.30016584108074, 30.77754991229864], [111.30013840636241, 30.7775527442638], [111.3001325220983, 30.777555078004525], [111.30011666255399, 30.77756756868837], [111.3001133458543, 30.777572718206443], [111.30010632124981, 30.777587146030044], [111.30009902325139, 30.77760612262449], [111.30010589227317, 30.777629311643466], [111.30010836001287, 30.777640533383988], [111.3001086513932, 30.77766416756731], [111.30010759199183, 30.777667690211786], [111.3000976661744, 30.777683169342822], [111.30009286019742, 30.777687900676142], [111.29999181057366, 30.777775851674278], [111.29970349422092, 30.778025008847123], [111.29963377158134, 30.77808484164217], [111.29958291761761, 30.77825740805298], [111.29945106531449, 30.77832189483962], [111.29943729489531, 30.778328919444107], [111.29944028963774, 30.778333225398057], [111.29930094508262, 30.778360699686573], [111.29917026009946, 30.778381887713977], [111.29915887827968, 30.778388315168684], [111.29903454071155, 30.778442897721618], [111.29893626639563, 30.778494517907745], [111.29863444492378, 30.77869095772155], [111.29831335457772, 30.778892289847363], [111.29808167303082, 30.779084717785565], [111.29793323992715, 30.779153485345148], [111.29783796395094, 30.779264956312716], [111.29771985508728, 30.77942014782161], [111.29766935995303, 30.779481227976362], [111.29741631770895, 30.779585382059793], [111.29720039498233, 30.779679271281395], [111.29703803138011, 30.779795288321964], [111.29697663466402, 30.779863150264248], [111.29680054920607, 30.77998633400216], [111.29665955169702, 30.780043823163965], [111.2965894270605, 30.78007466361487], [111.29649422033208, 30.780114019746293], [111.29633943082013, 30.780170772363306], [111.29626333558451, 30.780191657319165], [111.29613964103169, 30.780216574835094], [111.29594619955753, 30.78023263672685], [111.2958518282993, 30.780237291617766], [111.2957613457096, 30.780245597756164], [111.29557867001967, 30.780260068747225], [111.2954413750195, 30.780219610047027], [111.29533351213195, 30.780229518777332], [111.29524300885782, 30.780256957992265], [111.29509583300637, 30.780251363309844], [111.29491125075367, 30.780204970882778], [111.29483049523122, 30.78017261237619], [111.29478050012005, 30.780138419252694], [111.29472546430878, 30.78010273055662], [111.29461855380328, 30.78003654944723], [111.2945749879454, 30.78001106805641], [111.29450229034848, 30.77997776706036], [111.29446147461744, 30.77996161793436], [111.29439185809781, 30.779937955872015], [111.29427782586106, 30.779906879798716], [111.29414814631997, 30.77987636670099], [111.2940171213931, 30.77985049860166], [111.2939511714095, 30.779839319129337], [111.29384076074257, 30.77982285524064], [111.29385699620349, 30.77978377340247], [111.29385798455843, 30.778942189630413], [111.29222643000583, 30.77861086410013], [111.29085590187844, 30.778138611207964], [111.28944986402007, 30.777435347663243], [111.2890852222053, 30.777024118268514], [111.28856404889183, 30.7772410302494], [111.2885585171619, 30.77723194439875], [111.28838210165276, 30.777051311069215], [111.28808613476735, 30.77670614227469], [111.28799149191389, 30.776331115088965], [111.28787782300321, 30.775983722271008], [111.2878392447854, 30.775685487295448], [111.28783191441136, 30.775332939563555], [111.28777441086044, 30.775007627799823], [111.28781082620873, 30.77457904868419], [111.28785386326524, 30.774264360611824], [111.28786547441217, 30.773944317975918], [111.28783589571009, 30.773622314818], [111.28788262358427, 30.773374758438422], [111.28781694519591, 30.77312742329201], [111.28778691773215, 30.772652143281846], [111.28772280866076, 30.77266009059076], [111.28771569772135, 30.772617325129488], [111.28779273005051, 30.7726077743294], [111.28778923618438, 30.77255212697912], [111.28778959411454, 30.772474865322806], [111.28781022186433, 30.772259591906675], [111.28781187122092, 30.772112345008793], [111.28782529809911, 30.772054586949707], [111.2878276642154, 30.772007904940892], [111.28781116974977, 30.771971405955696], [111.2877978130187, 30.771954209119485], [111.28776660114778, 30.771936167819945], [111.2877002923347, 30.771904778782584], [111.28764300372171, 30.77186307182336], [111.28762017173358, 30.77182699911674], [111.28759834698616, 30.771774306039447], [111.28761037541852, 30.771718979747163], [111.28765905392225, 30.771562735132193], [111.2876653707603, 30.77148087164494], [111.28762149013971, 30.77127355003438], [111.28766301813386, 30.771269119074645], [111.28783759632807, 30.77090692881177], [111.287847880975, 30.77086128102337], [111.28792439259672, 30.77052163316688], [111.28704905816755, 30.769775054675108], [111.28704147238608, 30.769742700665176], [111.28695396115643, 30.76936948291535], [111.28519063883698, 30.768932853068748], [111.28515109834456, 30.769549843750326], [111.28482323700285, 30.769570072201134], [111.28483944008815, 30.76955937206742], [111.28482063166689, 30.76956433182852], [111.28479923679538, 30.76958787518032], [111.28477665122153, 30.769609762880293], [111.28476438896541, 30.76961874530889], [111.28475051692288, 30.769625761819498], [111.28472557602458, 30.76962479055169], [111.28469737598317, 30.76962104217739], [111.28463292966603, 30.769603936172757], [111.2846158596343, 30.769597086936074], [111.28459894338658, 30.76958821332545], [111.28459036565289, 30.769580819099588], [111.28458313690231, 30.76957062618351], [111.28456962189063, 30.769519318062123], [111.2845592248284, 30.769456870038596], [111.28455425877206, 30.769441967372927], [111.28455078559034, 30.769437422199303], [111.28454564956212, 30.769432925589115], [111.28454061875459, 30.769430017181605], [111.2845319331023, 30.76942655569104], [111.28450942037352, 30.76942076225845], [111.28446651102075, 30.76941098303047], [111.28442334356254, 30.76940211481582], [111.28429942327983, 30.769379368263287], [111.2842298220487, 30.76936533883935], [111.28419176004178, 30.76935573497923], [111.2841247389656, 30.76933505057218], [111.28408505278304, 30.76932578935373], [111.28406186826066, 30.769322148898084], [111.2840384256329, 30.769320083155378], [111.28401869720517, 30.769319685655034], [111.28400024041883, 30.769321326018428], [111.28398220541453, 30.76932510856693], [111.28396086809965, 30.76933214756059], [111.28393920972678, 30.76934146183902], [111.28391853161503, 30.769352310360887], [111.28389273186417, 30.769369020663817], [111.28385306726528, 30.769400139904576], [111.2838225919391, 30.769421150765538], [111.28379047894748, 30.769440257761744], [111.28375720493113, 30.769457239659914], [111.28372331038253, 30.769481265947718], [111.28369428566282, 30.76949990529647], [111.2836815989267, 30.769507203294836], [111.28365987760134, 30.769517756839036], [111.28290763427998, 30.769071988081862], [111.28281113162848, 30.76898907868309]]], [[[111.2971812987779, 30.74759448329894], [111.29691264520261, 30.74648774071676], [111.29610036673859, 30.74546565671477], [111.29595846631025, 30.745287100819212], [111.29495150530789, 30.744885005838455], [111.29467483967221, 30.744774525923788], [111.2944617426154, 30.744555361141124], [111.29352233958434, 30.74467451501704], [111.29348524974449, 30.74468528619707], [111.29325731657207, 30.74475148259495], [111.29291484394491, 30.7447999866302], [111.29268274870998, 30.74480051093491], [111.2924400333809, 30.7449442495776], [111.2920733698902, 30.745043783843585], [111.29168333571744, 30.74514966102811], [111.29172356868781, 30.745691913551013], [111.29177578512451, 30.746358542312976], [111.29179247024643, 30.746689166372107], [111.29179262582915, 30.746740663351034], [111.29110121085233, 30.746652771708114], [111.29070084976439, 30.746564228056798], [111.29061386194036, 30.74659491382431], [111.29044459424273, 30.746656274567442], [111.2903247487883, 30.746717525593397], [111.29022373693607, 30.746780768617725], [111.29011574994195, 30.746872484177857], [111.29008114133177, 30.74690813420318], [111.29000177166449, 30.746928129729497], [111.28991001563486, 30.746939007029596], [111.28985537462597, 30.746965046899447], [111.28978656299955, 30.7469743485874], [111.28975310462215, 30.74700186424468], [111.28971261804287, 30.747038544893087], [111.28964923202648, 30.74709204736024], [111.28961579523286, 30.747125661320183], [111.28959646070814, 30.747153147300082], [111.28956125944472, 30.74718676485736], [111.28952602130892, 30.74720818940642], [111.28947660626051, 30.747211347825555], [111.28943958027253, 30.74722515062018], [111.28937966473973, 30.747258824834887], [111.28932516942109, 30.74733365202644], [111.28926361712234, 30.747410017058826], [111.28920924411136, 30.747526005320992], [111.28915837395988, 30.74763283668625], [111.28909862210384, 30.747721397424584], [111.28907399057232, 30.747748894196206], [111.28906171842368, 30.74777636218937], [111.28905875515744, 30.747776434135233], [111.28880176129235, 30.747782554021683], [111.28877931421403, 30.747783090017663], [111.28876312012204, 30.747794125598432], [111.28859082440715, 30.74791157256118], [111.28851926894919, 30.747963166666864], [111.28848690324816, 30.74798650677201], [111.28844113225244, 30.748027772163994], [111.2884007158205, 30.748088845124187], [111.28838848234278, 30.748130034973258], [111.28837802232806, 30.748174270826098], [111.28837294475574, 30.748247461251367], [111.28835722640503, 30.74830390630035], [111.28835394567824, 30.748387763584503], [111.28834350364986, 30.748438097740177], [111.28832249998345, 30.748497604081194], [111.28828920168547, 30.748578479213563], [111.2882220897776, 30.748566432794803], [111.28821744028278, 30.748562882271358], [111.28814461768008, 30.748507260102087], [111.28814247639417, 30.748505625134555], [111.28812389819939, 30.74852430225485], [111.28807560010887, 30.74857285485342], [111.28792950794048, 30.748713439573635], [111.28779403496685, 30.74886314791604], [111.28763746569655, 30.74904187018626], [111.28749842870968, 30.749180912569216], [111.28743858602206, 30.749238979095765], [111.2874332503444, 30.749241298447203], [111.28740610880487, 30.74925309305587], [111.28739980096015, 30.749255835088775], [111.28739259739052, 30.749256353997623], [111.28722508696825, 30.74926841840289], [111.28718463096595, 30.749317294757418], [111.28715297483012, 30.74935700162439], [111.28712838556669, 30.749398220251805], [111.28710943685121, 30.749458839054228], [111.28710740258458, 30.749465348347258], [111.28709911083541, 30.749494308315718], [111.28709342622068, 30.749514165346568], [111.28709813866823, 30.749567903436116], [111.28710405081131, 30.74963534809291], [111.28710438625853, 30.749639155822535], [111.28712095087133, 30.7498678048554], [111.28712101832053, 30.74986849373613], [111.28713369606328, 30.749998889137487], [111.28713569615564, 30.75007816257721], [111.28714872193609, 30.75030377100228], [111.28714192396075, 30.750392211231656], [111.28707877536522, 30.750526512388717], [111.28704723074515, 30.750604334322645], [111.28699984186926, 30.75069591408527], [111.28695409965212, 30.75074784993342], [111.28685733889517, 30.7508578334224], [111.2867851602071, 30.75092354958224], [111.28673589714413, 30.750978543125257], [111.28669544294041, 30.751027417681257], [111.28664271478948, 30.7511052872793], [111.28660226957913, 30.751157212335556], [111.2865511970802, 30.751196964168685], [111.28648428572126, 30.751253520733428], [111.28644029538344, 30.751300879032385], [111.28639817923272, 30.751384822651573], [111.28638421006343, 30.751436690151195], [111.28637902637104, 30.751474815110726], [111.28636501403429, 30.751511436403746], [111.28636513634217, 30.751552600172488], [111.28637233541514, 30.75159984515676], [111.28639187768306, 30.751642490108907], [111.28639931327774, 30.751652068788076], [111.28643086059594, 30.7516927136478], [111.28650529028698, 30.751790121916656], [111.28650160756314, 30.75181028831429], [111.2863640040955, 30.75256385633702], [111.28631370591285, 30.752567397867267], [111.28626869304577, 30.752567496792608], [111.28621309785638, 30.75257104911475], [111.28613894335763, 30.752565495801036], [111.28607275865102, 30.752570215443143], [111.28601452844782, 30.752577205873422], [111.28601001115317, 30.752583876145025], [111.2859486180343, 30.75267454129721], [111.28594739495651, 30.7527088468359], [111.28595929838303, 30.752740344691233], [111.28599143026042, 30.752825378288662], [111.28599312008652, 30.752829603303667], [111.28602307920187, 30.752904538413873], [111.28602477262524, 30.752908776019353], [111.28606727368583, 30.752954419311152], [111.28604231210318, 30.75301964983703], [111.28598674659116, 30.75303349220195], [111.28596980875977, 30.75302840113983], [111.28591121612982, 30.753010790615576], [111.28582916108707, 30.753003982747714], [111.28576439371193, 30.753388996005413], [111.28578022537715, 30.753402599150718], [111.28582102671902, 30.75343765832139], [111.28580251777214, 30.753546621079806], [111.28579396162218, 30.75363811270887], [111.28596278595398, 30.754018883864433], [111.28597966622874, 30.754085350058972], [111.28600148378149, 30.75417125509938], [111.28596563140883, 30.754192221893504], [111.28588635077455, 30.754238590038938], [111.28582293328174, 30.754283450920695], [111.2858066150834, 30.754336338251505], [111.28580669872031, 30.75436479639842], [111.28588226065784, 30.754447972895775], [111.2860215728374, 30.754598090429624], [111.28606988801505, 30.754645720323822], [111.28624582868224, 30.754819167170922], [111.28621072814269, 30.754888359210554], [111.2861683610812, 30.754888451840657], [111.2861049777627, 30.754945508428534], [111.28608168801958, 30.75502890166257], [111.28606804890148, 30.7550815488745], [111.2860537613721, 30.75513669979904], [111.28612159003939, 30.755160828609405], [111.2862752428083, 30.75521549030276], [111.28627796235821, 30.75521643099364], [111.28628151378103, 30.755217661266215], [111.28647956068329, 30.755286195001872], [111.28653206310435, 30.75530436400527], [111.28684517736315, 30.755328067436494], [111.2869303017921, 30.75546000877256], [111.28703172283588, 30.755530931107614], [111.28709998587573, 30.755532813388754], [111.2875003469635, 30.75541549682788], [111.28784229258787, 30.75517608470858], [111.28796257511294, 30.754736694842734], [111.28828300895384, 30.754697799164262], [111.28905634137715, 30.75456243410906], [111.29046460865487, 30.75237321984838], [111.29154386795528, 30.75163340335905], [111.29193164303098, 30.751367582647845], [111.29396248398155, 30.750408383739966], [111.29472387071013, 30.749905608756876], [111.29608036401766, 30.74900982914039], [111.29690462324993, 30.7479501831545], [111.2971812987779, 30.74759448329894]]], [[[111.31937248215445, 30.676682094603166], [111.31896285715032, 30.676426340003616], [111.31875691689828, 30.676368570253373], [111.31874149622325, 30.676326822824763], [111.31877497978155, 30.67624789292603], [111.31877758601678, 30.676217890643272], [111.31879543306292, 30.676168654559945], [111.31880593984238, 30.67614795216639], [111.31907655214115, 30.675968862073375], [111.31907622209002, 30.67592939622466], [111.31911829687203, 30.675788602861758], [111.31914655177201, 30.675653310651796], [111.31897296822802, 30.675638404388906], [111.31895934439831, 30.675693567004544], [111.31853395337936, 30.675637809937143], [111.318125486702, 30.675632036289585], [111.31803468035622, 30.67567201115446], [111.31792440998368, 30.675762949700356], [111.31793149394343, 30.675768785401203], [111.31803911671187, 30.675850674968842], [111.31805257956296, 30.676017265384644], [111.31809492324231, 30.67624647019852], [111.31813516160855, 30.676372541659532], [111.31820478981928, 30.676425587271126], [111.31826559568077, 30.676508976008506], [111.31823944069771, 30.676514293699825], [111.31830718842605, 30.676740106270984], [111.31835185865145, 30.676873029666638], [111.31831217696538, 30.676886201137336], [111.31835804868518, 30.677082417919337], [111.31840038337111, 30.677363976766173], [111.31837166891756, 30.67736632939267], [111.31837517897151, 30.677436086206512], [111.31836466499743, 30.677540301443855], [111.31834659581875, 30.67754537362015], [111.3183904161848, 30.677725624737832], [111.31839968819514, 30.677733974943123], [111.31849681857335, 30.67778708620517], [111.31847230485306, 30.6778468236721], [111.31858642522349, 30.677851438992832], [111.31858491706043, 30.67785478716877], [111.3188278095559, 30.678082886716027], [111.31911497297767, 30.67814309183035], [111.31955274586261, 30.678049888791463], [111.31999647495752, 30.677812521730687], [111.3201402180967, 30.677873296115877], [111.32023197862299, 30.677818445564924], [111.32018565004785, 30.677744999732056], [111.32005005476634, 30.677281946904486], [111.31968274376379, 30.677015603687323], [111.31937248215445, 30.676682094603166]]], [[[111.31888066091386, 30.6787281287003], [111.3187989386202, 30.678654758410403], [111.31873688629832, 30.67859409014511], [111.31871319365905, 30.678541004963563], [111.31867030229267, 30.678369325284166], [111.31864818256776, 30.678261298720145], [111.31863603812286, 30.678186186443384], [111.31852344210324, 30.678033938415695], [111.31840602391907, 30.678050309674177], [111.31834195711565, 30.67806015635125], [111.31832177003378, 30.678080723846506], [111.31831275792752, 30.678084465925508], [111.31805701681799, 30.67811192492553], [111.31757558814292, 30.67815793693933], [111.3175498486467, 30.67806488408729], [111.31749055274696, 30.678064950637122], [111.31748770189603, 30.67796786882218], [111.3174560466594, 30.677947175421934], [111.31743815194932, 30.677946715868302], [111.31739290525849, 30.677952192739667], [111.31729255890451, 30.677970091946236], [111.31727818593964, 30.677968823002914], [111.31727842515932, 30.67796441722419], [111.31720101961156, 30.677976083229794], [111.31717843493698, 30.678003026918304], [111.31718047909595, 30.67807986679253], [111.31718125880803, 30.678110219810947], [111.317195935744, 30.678145359021244], [111.3171942036497, 30.67816748234361], [111.31704110306453, 30.678179357891054], [111.3169797630058, 30.678185772755285], [111.31698114616302, 30.678195662599933], [111.31654150538628, 30.67824234281005], [111.31654169334456, 30.67824686819847], [111.31651115236787, 30.678248953726325], [111.31638734000393, 30.67770325769925], [111.31617747421109, 30.677603312442955], [111.31603034422506, 30.67777533566334], [111.31581387021407, 30.678109513843026], [111.31583551869443, 30.678271418790985], [111.3162937403639, 30.67909791733507], [111.31630555026095, 30.679119206086625], [111.3163842598259, 30.679379340384344], [111.31641920568188, 30.679463908132902], [111.31648160873931, 30.679447248192105], [111.31650399106644, 30.679513330375926], [111.31656923238421, 30.679624553130623], [111.3166523108556, 30.679815335309513], [111.31666684839638, 30.679856247268106], [111.31669439193269, 30.679857320159215], [111.31674929014775, 30.679900949869022], [111.31681386956461, 30.679962738689483], [111.31684863016022, 30.680005432205064], [111.31689854073511, 30.68007961997847], [111.31692251396294, 30.680126687796587], [111.31693616027565, 30.680160608425354], [111.31696020904644, 30.680239907945577], [111.31694788743516, 30.680244662661153], [111.31699250100331, 30.680362743645787], [111.31700039974879, 30.68038312138401], [111.31736468093533, 30.680331429252192], [111.31737763656866, 30.68032968366805], [111.31739213094221, 30.680329632406654], [111.31740428797758, 30.6803778666453], [111.3174094716698, 30.680416210140095], [111.31743228836945, 30.68058498590841], [111.31741626155139, 30.680593208410016], [111.31743640816376, 30.680603226857613], [111.31747659886605, 30.68078120538837], [111.3176424140662, 30.680823758609733], [111.31838210644912, 30.680726487037816], [111.31890647055735, 30.68064405877641], [111.31896050991963, 30.68047527491416], [111.31891338094783, 30.680062939353263], [111.31891229906336, 30.67994308490563], [111.31891168842384, 30.67987571219453], [111.31883006235756, 30.679547414681622], [111.31882996882814, 30.67954640114567], [111.31882100168804, 30.679449490201876], [111.31902391212384, 30.679416706316033], [111.31888066091386, 30.6787281287003]]], [[[111.34757163502309, 30.654014411735886], [111.34727364106573, 30.654316163959777], [111.3472785270825, 30.65432271102435], [111.34595690858464, 30.654530932856346], [111.34586162631314, 30.654767664995802], [111.34597414139358, 30.655408510194775], [111.34537082760181, 30.655099498642983], [111.34531576391146, 30.655139930363532], [111.34477482080143, 30.655537123139766], [111.34477060208167, 30.655540221304193], [111.34628645975232, 30.6564096777646], [111.3465968913336, 30.6568259568524], [111.34672386211662, 30.656825617808067], [111.3469226059936, 30.656820315405298], [111.34703495559882, 30.656843383015882], [111.34722031936224, 30.656881437828133], [111.34729189100813, 30.6567481915759], [111.34729968273427, 30.656733690007968], [111.34700250716003, 30.655935228727913], [111.34666624794914, 30.655762999562967], [111.34792600568068, 30.6547231539505], [111.34756358069484, 30.654380595887858], [111.34773271259479, 30.654218443626462], [111.34757163502309, 30.654014411735886]]], [[[111.34480427359841, 30.6610932345651], [111.3447940042401, 30.661067647054324], [111.34469332693556, 30.660816790162812], [111.34460330929545, 30.660592489351984], [111.34453715066917, 30.66043093424031], [111.34448247908313, 30.66029742988252], [111.34425839680773, 30.65975023018916], [111.34409922489937, 30.65936153690552], [111.3439974126506, 30.659112907634608], [111.3439617500348, 30.65902581908631], [111.3438737936408, 30.658811027706804], [111.34374535696281, 30.658497376552816], [111.34358411031849, 30.65810360479753], [111.34355621964386, 30.658031999876982], [111.34354873638523, 30.65801278855946], [111.34351819181126, 30.65793437037496], [111.34348939102262, 30.657860425418335], [111.34336942775701, 30.65754479485645], [111.34329393506721, 30.657346169690015], [111.34326647516781, 30.657273917257555], [111.34309506438586, 30.65673078789564], [111.34309338175422, 30.65672546300982], [111.34259816557295, 30.656854154195912], [111.34248477005616, 30.656912850248034], [111.34216896682437, 30.657007058728823], [111.34147431788551, 30.657295272558883], [111.34146798306108, 30.65732197073254], [111.34141493385215, 30.657545507119607], [111.34136550711264, 30.65775378111215], [111.34149481793162, 30.658037295085137], [111.34170776660022, 30.658504181722776], [111.34171179196574, 30.65851300587059], [111.34174386178984, 30.65858331396879], [111.34180105957131, 30.65870794111862], [111.34192079530851, 30.658968828149], [111.34196710319935, 30.659069725787333], [111.34213333118845, 30.659431908855595], [111.34215473865038, 30.659427153240642], [111.34222140629299, 30.659614021570007], [111.34218382991986, 30.659976874633173], [111.34216800724778, 30.660129663153498], [111.3423411690099, 30.66042256604868], [111.3429314291422, 30.66142098079365], [111.34294563033671, 30.661445000786273], [111.34323191961755, 30.662130604343986], [111.34330201007987, 30.66229845201201], [111.34329228391192, 30.66267078213093], [111.34359057284678, 30.6627081804383], [111.34395542330418, 30.662831317411474], [111.34415205107638, 30.66306243328478], [111.34416611467452, 30.663078963723308], [111.34428836491628, 30.663298204048942], [111.34473007863039, 30.663297034031075], [111.34543587016941, 30.663027865144045], [111.34566880627057, 30.663030915644356], [111.34559856382276, 30.662904404414746], [111.34535534397406, 30.662466336552257], [111.34517266558612, 30.662011162685133], [111.34509723225153, 30.66182320617611], [111.34490683408319, 30.661348788615726], [111.34480427359841, 30.6610932345651]]], [[[111.33323501438451, 30.671022465814247], [111.33351399127781, 30.67186182286497], [111.33388885928343, 30.672217832986576], [111.33393503317535, 30.672261684828925], [111.33411258902487, 30.672509432764173], [111.33438940934388, 30.672718739178663], [111.33576190788591, 30.671757274878303], [111.33633518342208, 30.671355672726236], [111.33659287066445, 30.671175152711157], [111.33612719901106, 30.670503210754646], [111.33596021469225, 30.67026225809684], [111.33594862962565, 30.670264985740573], [111.33563428239631, 30.669666191041927], [111.33467602058192, 30.67011598696331], [111.33485458726955, 30.670602580444722], [111.33449170093132, 30.670614681722213], [111.33326920301135, 30.670655444393333], [111.33323501438451, 30.671022465814247]]], [[[111.34864096580804, 30.694581381325804], [111.34878562985307, 30.694636973817296], [111.34984602317553, 30.69504447102554], [111.35122122238164, 30.69524092792659], [111.35135709015765, 30.695260337994284], [111.35191240083674, 30.69533966899064], [111.35217064565887, 30.695376560979696], [111.35226158870148, 30.69541293765701], [111.35302972124481, 30.695237749722423], [111.35308103296342, 30.695226046844653], [111.35348577914544, 30.695133736832588], [111.35376497997004, 30.694135054988863], [111.35369464309343, 30.69365826591627], [111.35269435326182, 30.693122706148017], [111.35261612933101, 30.693080824720425], [111.35257013170633, 30.69305619768545], [111.35260094158025, 30.692996556445962], [111.35014513499016, 30.692298534150154], [111.34970830819196, 30.692174362956678], [111.34968421535439, 30.692167514619143], [111.3476857104273, 30.69159942907055], [111.34579488222823, 30.691061909679433], [111.34551832091392, 30.69154509293179], [111.34527433304402, 30.691971367984365], [111.34520811865985, 30.69208705137646], [111.3449320555701, 30.692569350595193], [111.34463042565369, 30.693096320039274], [111.34528110583847, 30.6932902255636], [111.34864096580804, 30.694581381325804]]], [[[111.33459815458133, 30.69334628210521], [111.33334388900937, 30.693256792367094], [111.33286260872245, 30.694115396708355], [111.33228728812793, 30.693860357069866], [111.33190640725496, 30.693691512053704], [111.33179846162989, 30.69378045410474], [111.33117658942814, 30.69351842493552], [111.33049022594315, 30.69308104595359], [111.33026905657181, 30.69289491057185], [111.32994740055216, 30.692624203844048], [111.3298542685597, 30.692535543280883], [111.32977749793321, 30.69246245717676], [111.32953736275925, 30.69223384771402], [111.32946824626254, 30.6921469848956], [111.32908252883567, 30.691662226930248], [111.32902966218933, 30.69157292515041], [111.32872701873697, 30.691061712728015], [111.32852655805425, 30.690538900849788], [111.32849298636233, 30.690451344653866], [111.32847255196685, 30.69038589019675], [111.32664834284691, 30.690465538653825], [111.32682707141237, 30.691056956213686], [111.32711613420241, 30.691609913366847], [111.32742674384923, 30.692000524904415], [111.3279701969671, 30.69264830027896], [111.32799395975348, 30.69302891765051], [111.32809318825002, 30.69308711817615], [111.32819285021992, 30.69311217508681], [111.3282811357659, 30.69313437395232], [111.32843678592906, 30.693429913659713], [111.32849292071177, 30.693697067165942], [111.32849840207962, 30.693835658089256], [111.32850500220417, 30.694002517402282], [111.32862722186877, 30.694212224914224], [111.32901394293924, 30.694239883563853], [111.32936703925765, 30.69412443489489], [111.32955700035535, 30.694093535987975], [111.32966512764364, 30.694075948846148], [111.3298647726412, 30.694314098317136], [111.32984339485688, 30.694524170054535], [111.32984410801919, 30.694734185134507], [111.32984517911177, 30.695049207754778], [111.32981675244133, 30.695152902284747], [111.3297797111648, 30.6952880299188], [111.32976950655768, 30.695536257192543], [111.32982577713807, 30.695841594114313], [111.32984861722002, 30.69606109974012], [111.32988243802419, 30.6962614848797], [111.32985575603846, 30.69636078622142], [111.32979516691347, 30.6965862786339], [111.32973008657433, 30.696939653742106], [111.32964281636299, 30.697264446597103], [111.32965483400358, 30.69755080332709], [111.33003071644447, 30.697635764978656], [111.33047148407184, 30.697310073700976], [111.33093437142429, 30.69699387117032], [111.33120982207572, 30.69678315192101], [111.33108730023878, 30.696487531274613], [111.33087620956957, 30.696134857637674], [111.33085471757136, 30.696081966709585], [111.33078708765402, 30.695915521983864], [111.33081669873172, 30.69577427806064], [111.33085288025632, 30.695601694562583], [111.33085913144379, 30.69557187664094], [111.33085922407406, 30.695571432375857], [111.33086317839309, 30.695552570894563], [111.33086684313037, 30.69552328087474], [111.33347573231936, 30.69665477729626], [111.33497928906297, 30.695048117776537], [111.33603392762382, 30.695341312051994], [111.33781027392519, 30.69432641093522], [111.33863078568237, 30.69229553401169], [111.33738390804103, 30.69101751015006], [111.3355312983308, 30.693677355825287], [111.33460840235603, 30.693331345265563], [111.33459815458133, 30.69334628210521]]], [[[111.3447994928024, 30.79510605280217], [111.34493988956433, 30.795150685255976], [111.34511476903145, 30.795274477834937], [111.34546651007145, 30.795339765917504], [111.34554769996646, 30.79533009910483], [111.34582786036754, 30.79535294098548], [111.34594697827049, 30.795227633048853], [111.34593389133607, 30.795107104109604], [111.3459296986967, 30.79497777710276], [111.34592969240146, 30.794977574755308], [111.34594234676194, 30.794916241891087], [111.34618574377714, 30.794952158115677], [111.34613284565438, 30.79514177297449], [111.34626329411577, 30.795167781368093], [111.34639270206162, 30.79513559732999], [111.34638480511472, 30.795253422007875], [111.34639146909109, 30.795302384697322], [111.34659257638634, 30.795319672365054], [111.34673985296189, 30.795171232966084], [111.34676361035241, 30.795394900654173], [111.34681134636662, 30.795603565851934], [111.34683075013908, 30.795669841390122], [111.34717462301052, 30.795710485350696], [111.34748203466825, 30.79575792368928], [111.34770535701665, 30.795783840351987], [111.34790404963223, 30.795808221871994], [111.34811376973477, 30.795829375725134], [111.34835803459566, 30.795840626243944], [111.34837513970098, 30.795762429292722], [111.3483839296747, 30.79570811833503], [111.3484442642914, 30.7954136443243], [111.34847509574911, 30.795264125738868], [111.34850822407532, 30.795119907757567], [111.3485168863453, 30.795033106093], [111.34817927275532, 30.79480008365698], [111.34807591457184, 30.794681108746204], [111.34777763013358, 30.79458669971649], [111.34768441360484, 30.79454837240951], [111.34654944040443, 30.79408169531405], [111.34623032496961, 30.7939522424021], [111.34621373067921, 30.793728283333678], [111.34625325138649, 30.793674011046846], [111.34649194314869, 30.793335305679875], [111.34660699881402, 30.793131783704894], [111.34680547289435, 30.79256048487855], [111.34694817911526, 30.79235930923477], [111.3464862441449, 30.79190821199444], [111.34643096371803, 30.79185422659134], [111.34621609589618, 30.791818608941696], [111.34592071267082, 30.791762468762954], [111.34570522341738, 30.791747672217355], [111.34555470388653, 30.79185724561546], [111.34459116395112, 30.7931371346711], [111.34421219683549, 30.79359661359291], [111.344174680717, 30.79364654485221], [111.34419117967929, 30.79366456276938], [111.34432730915807, 30.79383169727504], [111.34439929898849, 30.793916597772807], [111.34444063722572, 30.794026306069213], [111.3444437920474, 30.7941151761745], [111.34426193743855, 30.79408374127172], [111.3442540629747, 30.79404259728807], [111.34425354676381, 30.793959885740207], [111.34424007671822, 30.793903045888896], [111.34413822939581, 30.79388901016972], [111.34408880085755, 30.793847552322745], [111.34405653408186, 30.79383998722568], [111.344011901628, 30.79386316815072], [111.3439218758939, 30.793930800765906], [111.34382941029912, 30.79399844057565], [111.34376004828766, 30.79404495980708], [111.34359571876746, 30.794146350273877], [111.3434618735667, 30.794236349927644], [111.34338761834397, 30.794279723330646], [111.34336572974468, 30.794298734998677], [111.34331220929107, 30.794340997738914], [111.34319913483228, 30.79444554932269], [111.34310804969681, 30.794558464601494], [111.34303165768489, 30.794687138700567], [111.34293592755108, 30.794866409557187], [111.34288281808767, 30.794993383038275], [111.34285698686051, 30.795055149375685], [111.34282970772489, 30.795183657100154], [111.34281756957523, 30.7953051815889], [111.34282807635469, 30.795488457126623], [111.34287787271569, 30.795958905978807], [111.34293446795141, 30.796042953919255], [111.34322249202444, 30.79605272685194], [111.34331942904845, 30.79604551608776], [111.34330710383983, 30.795943022152812], [111.34330797977952, 30.795810176098826], [111.34332520269601, 30.79565403940245], [111.3433379739684, 30.795555968333304], [111.34336576481826, 30.79547305623663], [111.34338990442063, 30.795432309753323], [111.3434305258981, 30.795370563201004], [111.34348913561519, 30.795258711820168], [111.34349080475687, 30.79525514690755], [111.34352863743675, 30.795174438149843], [111.343579607413, 30.795100587622073], [111.34360160572959, 30.79498893589073], [111.34360353117808, 30.794881476798764], [111.34364004814978, 30.794770284620995], [111.34367339680989, 30.794719139276935], [111.34374570500034, 30.794703477583482], [111.34382976373269, 30.794667467829413], [111.34385108755771, 30.794605991073695], [111.34391782894471, 30.794533771016745], [111.3439660631833, 30.794490427291464], [111.34397054630375, 30.794344364800622], [111.344068950122, 30.794344103997275], [111.34422521991803, 30.794338691877158], [111.34439190116535, 30.794403316260116], [111.34442271823394, 30.79447495085833], [111.34427676905773, 30.794697992618296], [111.3447859076436, 30.794900235757325], [111.3448386366938, 30.794925445552906], [111.3447994928024, 30.79510605280217]]], [[[111.46671153810706, 30.494278955909124], [111.46674787971097, 30.494221496424984], [111.46695973840127, 30.49388652144586], [111.46696806522408, 30.4938733562704], [111.46702392211637, 30.493504714271182], [111.46698757061995, 30.493316784741864], [111.46696026900128, 30.49316720410326], [111.46706217837686, 30.492991501756478], [111.46706522078335, 30.49287130736502], [111.4672764427537, 30.492694556408708], [111.46727710285609, 30.492694006023612], [111.46740826268126, 30.492511389688957], [111.46765289806285, 30.49205050692541], [111.46766309277757, 30.492031301003806], [111.46772533485637, 30.49170766737501], [111.46781329484776, 30.491366625569356], [111.46781982392582, 30.491347074308067], [111.46786111359955, 30.49122338065456], [111.46785237938388, 30.490987623380192], [111.46784706169262, 30.490978647246834], [111.4677653816671, 30.490840741606974], [111.46768077434831, 30.49069789599116], [111.46768060437643, 30.49069760910743], [111.46735261802894, 30.490544399704334], [111.46714632614209, 30.490331245090943], [111.46699961793809, 30.49000711143907], [111.46690285808052, 30.48951227207374], [111.46683567782435, 30.48901740662808], [111.46674782125501, 30.488778553887187], [111.46640357606424, 30.488539916983655], [111.46591103176877, 30.48840379919602], [111.46552692862491, 30.488276122445143], [111.46549002044816, 30.48825281021908], [111.4650900397736, 30.48800016997194], [111.46508106274092, 30.487936374763933], [111.46507574864694, 30.487898602338703], [111.46507562633917, 30.487897726399012], [111.4652750447076, 30.488000017087188], [111.46588156458262, 30.488076355139754], [111.4661997726015, 30.48807608894043], [111.46643617738772, 30.487980145667223], [111.46643693641556, 30.48797983630044], [111.46666612773964, 30.487832850205905], [111.46666689036476, 30.48783236097472], [111.4666968512787, 30.48773628190395], [111.46669643938924, 30.487735823249693], [111.46664526436751, 30.48767869291737], [111.4666445179302, 30.487679034659777], [111.46639323116273, 30.487794170364737], [111.46593454364432, 30.487762534913088], [111.4652244686344, 30.487673476849523], [111.46488430636572, 30.487609722111017], [111.46488340614434, 30.48760982373443], [111.4646548056748, 30.487635524559835], [111.46465428137003, 30.487635862704963], [111.46452180583674, 30.487720683163047], [111.46451525607426, 30.487724876701748], [111.46445452305784, 30.487763763387022], [111.4644171841058, 30.487853443781432], [111.46441668588142, 30.48785295275161], [111.46439410570349, 30.487830684638425], [111.46425498418023, 30.487693487664387], [111.46418122268534, 30.48762951259198], [111.46395849299012, 30.48745611520758], [111.46381968263233, 30.48734805177122], [111.46387690019884, 30.48722522326551], [111.46395396760158, 30.487059778585945], [111.46448043882128, 30.486605248633396], [111.46448108363518, 30.486604691053685], [111.46453318585787, 30.486542021796936], [111.46480072787136, 30.486220211993214], [111.46497230143063, 30.485855065658825], [111.46504719067536, 30.48561807091727], [111.46504079919362, 30.485609639773088], [111.46480220815545, 30.48529493461359], [111.46479136233154, 30.485280629097815], [111.464566961696, 30.48508599422331], [111.46446957321228, 30.48495478223748], [111.46447456534895, 30.484944062318675], [111.46448915774852, 30.484912737133186], [111.46448930793525, 30.48491241157859], [111.46455294935919, 30.484908123611092], [111.46492458789947, 30.484992522287143], [111.46513003262498, 30.485021997567173], [111.46557011406958, 30.484898714903807], [111.46557091266754, 30.484898490073306], [111.46564150764954, 30.484731922140554], [111.46566972208007, 30.48466534622878], [111.46567637976119, 30.484522326144486], [111.46567518995812, 30.48452177396075], [111.4654000549686, 30.484394345422743], [111.46530456225582, 30.484350118563157], [111.46503496439215, 30.4843056389941], [111.46487447497708, 30.484246168625816], [111.46514189558206, 30.484211566310762], [111.46564093118411, 30.484049949145913], [111.46573147043108, 30.484071656981428], [111.46564935063708, 30.484016209280696], [111.46475014370424, 30.483959194960903], [111.46474925067741, 30.48395926510807], [111.46447315701067, 30.48398120766666], [111.4643423209414, 30.48396388672404], [111.46424717266893, 30.483828905679502], [111.46428275794301, 30.48373738167487], [111.46426798298108, 30.48365025715367], [111.46423815426749, 30.483550073577078], [111.46425871726603, 30.48343678058302], [111.4642983342008, 30.483415365926476], [111.46429907794015, 30.483414963030157], [111.46444493268757, 30.48345405386152], [111.46474162982241, 30.483545302673633], [111.46489255314884, 30.483575676376404], [111.46498211393344, 30.48359715038822], [111.46498309599315, 30.483597385111295], [111.46495344534532, 30.483449279360798], [111.4648530792063, 30.483362224087443], [111.46465182712018, 30.483327537236107], [111.4646509179056, 30.483327694617458], [111.4644754997446, 30.48335817893684], [111.46440508282836, 30.483340811229482], [111.46437508774017, 30.48328419620873], [111.4642443038316, 30.483253805418826], [111.46424357178347, 30.48325420561713], [111.46409295332717, 30.48333670942168], [111.46376493190616, 30.48354174765359], [111.46360329765412, 30.48368129995208], [111.46349724330321, 30.483768524298], [111.46349688717169, 30.48376848202986], [111.46338653136337, 30.483755542584277], [111.46331122573253, 30.48369896533501], [111.46321102776676, 30.483568343304455], [111.46305013185815, 30.483511834403714], [111.46304922714017, 30.4835119576108], [111.46279323601908, 30.483546898070927], [111.46246127916476, 30.483541824095937], [111.4623661218991, 30.483462840237962], [111.4623592609712, 30.483455483783587], [111.46208849488818, 30.483165071111216], [111.46189592125984, 30.482958523816876], [111.461825209366, 30.483015262944093], [111.46176867888147, 30.483247089281804], [111.46178825532377, 30.483352166069665], [111.46187149477373, 30.48378998931662], [111.46190586506367, 30.483951991391336], [111.46187441217444, 30.48421423280064], [111.461808714001, 30.48427963869443], [111.46180826164203, 30.48427960362085], [111.4614745672975, 30.484253614113072], [111.46146670002827, 30.484253000775425], [111.46141703586756, 30.4842027718405], [111.46133660500038, 30.484121424564137], [111.46126770613978, 30.48382805312218], [111.46120877806271, 30.48355221036627], [111.46120422389589, 30.483460295156533], [111.46130563864438, 30.483302967757822], [111.46128144328407, 30.483119104962782], [111.46119121070586, 30.482934981364338], [111.46117194363035, 30.48289566840043], [111.46113626033019, 30.482853578330037], [111.46099134987094, 30.482682663074513], [111.46088198691422, 30.4825536724141], [111.46053698539362, 30.482206306575847], [111.46051171444412, 30.48218086295651], [111.46068801034346, 30.482015519900358], [111.46068862008383, 30.482014947931532], [111.46064958680904, 30.481782912951132], [111.46055502219656, 30.481590142371203], [111.46053653303466, 30.481531708921295], [111.46052038211002, 30.481480658006035], [111.46049848631617, 30.481245986213366], [111.46047750243486, 30.481021037890628], [111.46066468103027, 30.480536013726123], [111.46071712499537, 30.480400115373072], [111.46091050261765, 30.479967277068226], [111.46109778193716, 30.47974011371531], [111.46113594197021, 30.47917126284358], [111.46117722265075, 30.478970041334378], [111.46128730326649, 30.478918163942183], [111.46128814683055, 30.47891776644184], [111.46129963566972, 30.478904964592516], [111.46141509063398, 30.478776345352117], [111.46160179888398, 30.478568341156063], [111.461879334164, 30.478384740063746], [111.46200985367187, 30.478298394355477], [111.46201060190782, 30.478297898829], [111.46201183397903, 30.47829775673614], [111.462651392248, 30.478224795637857], [111.46265936293929, 30.4782238873226], [111.46293119202096, 30.478192875101172], [111.46293229458979, 30.47819275009539], [111.46306139496744, 30.47829557228289], [111.46316148501461, 30.47831117192311], [111.46349763540763, 30.478255506586436], [111.46380598056163, 30.478226923433795], [111.4638210657896, 30.478225524088714], [111.46382187158218, 30.478225450344326], [111.46384002529697, 30.478133202385436], [111.46375336212805, 30.477799752656495], [111.46391374902038, 30.477548874181252], [111.46387633002865, 30.477495119004573], [111.4638494088232, 30.477456446357962], [111.46366701641972, 30.477404777608456], [111.46337029590251, 30.477342246847286], [111.4629491433883, 30.47725349005657], [111.4628312188857, 30.47722863729183], [111.46296764064414, 30.477054613979305], [111.46303956572342, 30.476818924154088], [111.46303576159119, 30.476807258148483], [111.46295315796192, 30.476553955100997], [111.4629525617114, 30.476552127678588], [111.46281654734582, 30.476517969628674], [111.4627833533691, 30.47650963381261], [111.4625818323857, 30.476459028961074], [111.4623520897772, 30.476448273968742], [111.46235117606597, 30.47644843944397], [111.46212797422669, 30.47648880011809], [111.46183383206574, 30.476392442257463], [111.46168680280374, 30.476344276367286], [111.46145730121356, 30.47628737536212], [111.46142335990021, 30.476285744891243], [111.46134537608827, 30.47628200281224], [111.46127485575005, 30.476245957984645], [111.46118679233666, 30.476184240210557], [111.46102778320568, 30.476168508369994], [111.46102729577314, 30.476168913964273], [111.46101239490616, 30.47618125176342], [111.46088575867088, 30.476286119908536], [111.4608853548753, 30.47628610731806], [111.46070312794706, 30.476280590876627], [111.4604030007979, 30.47620815228447], [111.46025601560268, 30.47614630410868], [111.46016173877331, 30.476146094566673], [111.46016085024308, 30.476146155720585], [111.45986702644217, 30.476165954295425], [111.45973241322037, 30.475991337430344], [111.45950915022718, 30.475867793963573], [111.45944451325374, 30.4758268307437], [111.4593482848955, 30.475765844118484], [111.45923312670749, 30.47569286233579], [111.45912168361889, 30.47559520225684], [111.45906889611274, 30.475548941130796], [111.45911094211635, 30.475395220912787], [111.45911177398926, 30.475369146868672], [111.45911246826586, 30.475347435435822], [111.4591155016791, 30.475252407672542], [111.45911798290865, 30.475174772797573], [111.45910062779183, 30.475141972723918], [111.45896044596788, 30.474877053133525], [111.45889667594088, 30.474676954877623], [111.45893786039403, 30.474626175557603], [111.45893818594857, 30.47462577625862], [111.45902041186258, 30.47463106966819], [111.45902065018294, 30.474631085856004], [111.4590529160593, 30.474611399696414], [111.4591203580182, 30.474570255712763], [111.45912113503243, 30.47456978177007], [111.45915276418879, 30.47441383572999], [111.45918765608553, 30.474241796321905], [111.45918253894308, 30.47409309791817], [111.45911242329976, 30.473980147565783], [111.4590603273723, 30.473976254400668], [111.45904174378148, 30.473974863149465], [111.45904104770625, 30.473975240864718], [111.45883493478448, 30.474087201962845], [111.45868696663024, 30.474215053182206], [111.4586866410757, 30.47421495335749], [111.45856931102492, 30.47417890133528], [111.4585283073356, 30.474132667188883], [111.45854074136219, 30.47410595192821], [111.4586117329452, 30.47395340442614], [111.45869193178726, 30.47391182157338], [111.45875861291972, 30.473877250734574], [111.45875943400074, 30.473876823556623], [111.45884723211412, 30.47383130437123], [111.45884805499378, 30.47383087719328], [111.4588542720071, 30.47374550275282], [111.45885440061016, 30.473743730189028], [111.4588481925901, 30.473726589110868], [111.45880793264001, 30.473615449993076], [111.45861169337502, 30.473398398617235], [111.4581534995844, 30.473199986590146], [111.45787218175582, 30.473035667861836], [111.45777870262509, 30.472924726594897], [111.45766897814087, 30.472746346067083], [111.45764812735928, 30.472656636894328], [111.45763651081637, 30.472606650776356], [111.45742136240602, 30.472485809772365], [111.45705167359591, 30.472292404271116], [111.45680330512852, 30.472176301794946], [111.45663365072244, 30.472175924079693], [111.4565266646739, 30.47217568575934], [111.45652582200916, 30.472176049984796], [111.45651875243851, 30.472179104082443], [111.45647121337583, 30.4721996338061], [111.45647093458604, 30.47225259488141], [111.45651469379817, 30.472348983318966], [111.45662464311283, 30.472484036309254], [111.45667400959792, 30.472565993325986], [111.45662396232603, 30.472614026116446], [111.45662348298742, 30.472614026116446], [111.45650777441432, 30.47261376711174], [111.45645407589495, 30.47258240235601], [111.4562264610824, 30.472449444786093], [111.45605024522268, 30.47229017125443], [111.4559566671665, 30.472198487170488], [111.45595702959332, 30.472129293332273], [111.45595717168618, 30.47210219496037], [111.45599051225241, 30.47204476875112], [111.4559906714324, 30.472044496256558], [111.45615855507333, 30.47202206086945], [111.45616784417075, 30.47202081980504], [111.4564271349044, 30.47205021864272], [111.45642773295356, 30.47205028789051], [111.45653376302283, 30.47187719987295], [111.45672866769394, 30.471636909116114], [111.45676224298319, 30.47156476370293], [111.45673394581502, 30.471449011962363], [111.45670807411841, 30.471343175247398], [111.45651574240765, 30.471092391200955], [111.45614083033513, 30.470841197063635], [111.45593675257913, 30.470720377643374], [111.45550590986988, 30.470584606094747], [111.45520750312386, 30.470516533711134], [111.45511958719925, 30.470400787366486], [111.45529675723964, 30.470252485563833], [111.45529741374469, 30.470251936977377], [111.45547218169588, 30.46998709382939], [111.45547235436572, 30.469986831227345], [111.45555560910412, 30.469974515011927], [111.45567639165222, 30.470015876631464], [111.45567729457156, 30.470016185998247], [111.45585671471565, 30.470156896623507], [111.45605520858106, 30.4702873333938], [111.45629240836803, 30.47042267056986], [111.45651348600865, 30.470466493633808], [111.45678420712551, 30.470380701907914], [111.45678503899842, 30.47038043930587], [111.45679290896561, 30.470353553173993], [111.45679630570498, 30.4703419483223], [111.45677452862168, 30.470274497370212], [111.45661448527034, 30.470197105312195], [111.45657633782781, 30.4700862872524], [111.45663757536386, 30.470014204791767], [111.4567700553938, 30.46992833212687], [111.45677081082431, 30.469927840197727], [111.45673806830729, 30.469841105082992], [111.4564848282123, 30.46959981338074], [111.45616862118499, 30.46921568505587], [111.45612748169799, 30.469165707031777], [111.45603433621568, 30.46899217744709], [111.45603642983741, 30.468592571789827], [111.45603152943158, 30.468472196634593], [111.45598630612318, 30.468443894969823], [111.45595432713054, 30.46842387965836], [111.45585471462346, 30.468428470697404], [111.45585431892175, 30.46842881243981], [111.4557046537468, 30.468558127755443], [111.45570428502481, 30.468558063004252], [111.45556646841783, 30.468533747134757], [111.45537310608404, 30.468480354384894], [111.45515786774149, 30.468378766067246], [111.4551743568112, 30.46827307504242], [111.45520367021328, 30.468085180586684], [111.45533230744007, 30.467820671087168], [111.45537727624037, 30.46768596433583], [111.45543740041575, 30.46760629609372], [111.4555124569344, 30.467506844565264], [111.45551279777743, 30.467506394904262], [111.45570457190854, 30.46753842515824], [111.45587027379418, 30.467444446903755], [111.45587107239214, 30.467443995444114], [111.45601196557982, 30.467286305618586], [111.45608833061203, 30.467165650774234], [111.45616889457887, 30.467038365228404], [111.45623020496004, 30.466645376782765], [111.45623118432178, 30.466458852893822], [111.45621254317439, 30.46629772226214], [111.45609209427477, 30.46604310170784], [111.45592277711455, 30.465818047265145], [111.45582570789014, 30.465750002760444], [111.45565537089868, 30.46571994741771], [111.45565446438206, 30.465720050839707], [111.45536778839278, 30.465753216038138], [111.455275345281, 30.46573181217343], [111.45523668612424, 30.46567237687873], [111.45522254158709, 30.465583322412442], [111.45522290581249, 30.46558238082224], [111.4553258044424, 30.465317603324763], [111.45537502164001, 30.465190955398327], [111.45537561878984, 30.46518942025557], [111.45535295407564, 30.46486719136783], [111.45521369225816, 30.464485350918267], [111.45517565723088, 30.464307218603324], [111.45514200370059, 30.464222360373697], [111.4550154663907, 30.464200880066585], [111.45483051631533, 30.464170791448907], [111.45479684210062, 30.46409017082476], [111.45479762091355, 30.463941800673638], [111.45485537177802, 30.46391685887596], [111.45485620904685, 30.46391649734852], [111.45506568992971, 30.463912727390493], [111.45535250531395, 30.463854205807024], [111.455353401938, 30.463854024143927], [111.45531094134691, 30.463591099249868], [111.45526365319512, 30.463319683856355], [111.45525480116822, 30.463150095100843], [111.45521625532598, 30.46306946638282], [111.45515787133877, 30.463056616869437], [111.4551569810099, 30.463056936128737], [111.45484064537953, 30.463170363121833], [111.45476272811749, 30.46316594924923], [111.45468056605534, 30.463042827564493], [111.4546713363132, 30.462945304182483], [111.45458394469335, 30.46288999767529], [111.45458304716993, 30.46289028995494], [111.45420822323098, 30.463012092334225], [111.45420731761368, 30.463012360332243], [111.45414514568199, 30.46303088186977], [111.45393988711618, 30.463092032171573], [111.45376463802768, 30.463070441247908], [111.45363320660726, 30.46305318685512], [111.45347306433052, 30.462938368610878], [111.45355512476925, 30.462904939011764], [111.4537317920886, 30.46283297076502], [111.45413134918249, 30.46269841689849], [111.45413193464111, 30.46269821814832], [111.45432169608944, 30.462588884869206], [111.45432248929148, 30.46258842891291], [111.45432767298377, 30.462529091644342], [111.45428392006693, 30.462512036901046], [111.45428302344283, 30.462512105249516], [111.4541767118858, 30.462520273791654], [111.45417579817462, 30.462520457253333], [111.45403042366519, 30.46254961867004], [111.45391360712733, 30.46253239755214], [111.45368960399207, 30.46251917661874], [111.45364127082803, 30.46244699972931], [111.45356561176362, 30.462014433019704], [111.45353472724594, 30.461719986887942], [111.45353316332489, 30.461705078826355], [111.45353314264048, 30.461704897163315], [111.4536989380556, 30.46167135694759], [111.4543518152841, 30.461643152409636], [111.45444859762472, 30.461601352820253], [111.45444946097393, 30.4616009796016], [111.45437208240571, 30.461494826325236], [111.45414888506303, 30.46132899583654], [111.4541310488089, 30.461300347932763], [111.4540088048625, 30.461104003447076], [111.4538974409142, 30.460976575808388], [111.45375653873333, 30.46090843237829], [111.45362413244783, 30.4608856291685], [111.45355700705028, 30.46087406928291], [111.4533964133139, 30.460853496391792], [111.45326135222967, 30.46079277506658], [111.45311937535894, 30.460728946583686], [111.45295961619337, 30.460542062066565], [111.45277548000445, 30.46035936119563], [111.45267406075936, 30.46019380410081], [111.45252190266376, 30.46014038976722], [111.45235802999912, 30.460082867330527], [111.45202618106345, 30.4600496481728], [111.45201265076327, 30.46004829379376], [111.45192473573803, 30.46003949392758], [111.45170064986519, 30.460043224315427], [111.45169973435532, 30.46004340328051], [111.45140632514187, 30.460100710779216], [111.45140605804323, 30.460100953596168], [111.45123678584906, 30.460254129724376], [111.45123351771275, 30.460265293008945], [111.45108815309584, 30.460761849180074], [111.45107308135766, 30.460813332669204], [111.45106993822714, 30.46095966225863], [111.45106661613147, 30.46111430158379], [111.45109040589756, 30.461188378740758], [111.45120558926658, 30.46154701578223], [111.45120568999067, 30.461547342236088], [111.45130617484017, 30.46186942363505], [111.45138549234667, 30.462055969107723], [111.45150824890663, 30.462344673068287], [111.45150740174523, 30.46235288028123], [111.45148771108904, 30.46254386930417], [111.45127879318181, 30.46251965415877], [111.4511717118051, 30.46250724441387], [111.45087567117537, 30.4660360186474], [111.45063049889848, 30.46722388637329], [111.45056508041421, 30.467090675194584], [111.4505458789892, 30.467577846040797], [111.45048041014286, 30.468016520046433], [111.45055663488085, 30.468082023966303], [111.45046424392979, 30.468170033420336], [111.45018189188085, 30.46914290112403], [111.45021634041183, 30.469296240928827], [111.45025089236486, 30.469471499010524], [111.45025159743335, 30.46962495392853], [111.45010031887466, 30.469749703386128], [111.44994101116879, 30.469962170018164], [111.44988417221685, 30.47044465899387], [111.44983520233279, 30.4708028940384], [111.44955162990385, 30.47151269655376], [111.44938421391038, 30.471798263678977], [111.44921807315563, 30.47236151087509], [111.44903468700124, 30.472844436021944], [111.4486834783599, 30.473525238099285], [111.44847531498385, 30.47412516774233], [111.44833299996804, 30.47436680118699], [111.4481664122502, 30.47483505209601], [111.44797407964012, 30.475208393052924], [111.44789925514658, 30.475449796271107], [111.4478074568487, 30.475669336970384], [111.44774916998824, 30.47583760821908], [111.44769888439606, 30.475910854402457], [111.44753102323818, 30.476101424341323], [111.44732231127568, 30.47658443312514], [111.44696347638342, 30.477447944167352], [111.44653727057863, 30.478340915201102], [111.44629503908487, 30.478875188039524], [111.4461291987036, 30.47951150515189], [111.44581949917063, 30.48005331520841], [111.44557689086088, 30.48050720844094], [111.44530937043118, 30.481048871907944], [111.44507556018903, 30.48158311506876], [111.44490897966574, 30.482058670271442], [111.44469157485634, 30.482490549899012], [111.44450824805728, 30.482995389725488], [111.44420742843016, 30.48363947158441], [111.44398727079596, 30.48420773789684], [111.44396958292998, 30.48425071290012], [111.44358826498649, 30.48517713691541], [111.44271549092724, 30.486773668270246], [111.44202112527478, 30.488023162039326], [111.44132517771482, 30.489067988097247], [111.44124635123819, 30.489186317294752], [111.44112610288738, 30.489420660834867], [111.44100141818097, 30.48959680474877], [111.44073621260617, 30.489990762663638], [111.44055860999191, 30.490273441166437], [111.4403727866748, 30.49050990530793], [111.44010448293562, 30.490809074679078], [111.43979921436232, 30.49120085443593], [111.43991153698789, 30.491415114316112], [111.43989274025779, 30.49142527125929], [111.43986350419743, 30.49145737705635], [111.43981190199776, 30.491514043338498], [111.4397555567736, 30.491582280298076], [111.43970958432993, 30.491642610418182], [111.43966481787709, 30.49170354398342], [111.43962880092846, 30.49175468842816], [111.43958520539297, 30.491816595059845], [111.43954032022964, 30.491877658127464], [111.43949344037003, 30.49193741987608], [111.43944594177685, 30.491996779627755], [111.43937429278947, 30.492085434795058], [111.43930257725219, 30.492174171800627], [111.43925476389632, 30.49223333100349], [111.43920437038543, 30.492290801279523], [111.43912452587625, 30.49238137200274], [111.43904843963384, 30.492467679939523], [111.43897319785486, 30.49255431702818], [111.43890565966854, 30.49264539586835], [111.43886063331166, 30.49270611539498], [111.43881121376654, 30.492772758755848], [111.4387662854358, 30.49283372559603], [111.43872215390434, 30.492895071950045], [111.43865866716379, 30.492982986076015], [111.43861434587541, 30.49304410670021], [111.43857002278838, 30.493105227324406], [111.43852070756469, 30.493173234057565], [111.43849018457439, 30.493215330423197], [111.43846767364431, 30.49324650811991], [111.43844536056503, 30.493277750567813], [111.4384341586096, 30.493293441039498], [111.43841138777537, 30.493323811145046], [111.43840043223423, 30.493337618436385], [111.43837683312444, 30.493367362613753], [111.43835323311527, 30.49339710769044], [111.43832963400547, 30.493426853666392], [111.43830603309704, 30.49345659874308], [111.4382824348865, 30.493486343819768], [111.43825883397807, 30.493516088896456], [111.43824064968629, 30.493539009018093], [111.43822628031864, 30.49355712226344], [111.43821371589036, 30.49357295572736], [111.43818256877057, 30.493608832381767], [111.43815696057533, 30.493638329245528], [111.43811861887923, 30.493682489555283], [111.4380935601697, 30.493711352397042], [111.43806850325888, 30.49374021613812], [111.43804344185145, 30.49376907897988], [111.43801838583988, 30.493797942720903], [111.43799332713041, 30.493826804663343], [111.4379760808315, 30.493846669788013], [111.43792008904092, 30.493916208066594], [111.43791236566318, 30.493923486279925], [111.4378878456476, 30.493952657589148], [111.43783807896426, 30.49401053885532], [111.43778831318019, 30.49406841832291], [111.43773930822255, 30.49412678342435], [111.43769039679444, 30.49418520698174], [111.43766594242936, 30.494214420559103], [111.43761712812801, 30.494272727204645], [111.43759267286362, 30.49430193988269], [111.43756919066567, 30.4943317739922], [111.43752324160437, 30.494392098716446], [111.43750027022134, 30.494422259279872], [111.43747729524102, 30.494452419843356], [111.43745432116003, 30.494482582205478], [111.43743134887774, 30.494512742768904], [111.43740710225603, 30.49454209034525], [111.4373827243333, 30.49457135158667], [111.437358344612, 30.494600616425373], [111.43733506656014, 30.49462856015998], [111.43728628463441, 30.494687115018394], [111.43723764030494, 30.494745759809007], [111.43718935480496, 30.494804645617933], [111.43714040470599, 30.49486434171604], [111.43711627499613, 30.494893769332066], [111.43709214528633, 30.494923196048717], [111.43706801287857, 30.494952623664688], [111.437043598983, 30.49498186602034], [111.43701915630908, 30.49501109128886], [111.4369947109372, 30.495040314758796], [111.43697026466606, 30.495069538228677], [111.43694582199214, 30.495098762597877], [111.43692084781895, 30.495128619190496], [111.43689640424572, 30.495157838163777], [111.43687198585354, 30.495187073324814], [111.4368481421281, 30.49521666911403], [111.43682429570475, 30.495246264903244], [111.43680045018067, 30.49527586069246], [111.43675276003194, 30.49533505317021], [111.43670451140412, 30.495392578304916], [111.43665466288246, 30.49545040830975], [111.43662973817192, 30.495479322412848], [111.43660481436075, 30.495508238314585], [111.43657988965026, 30.495537152417683], [111.43655496583904, 30.49556606562146], [111.43653012296687, 30.495595032784593], [111.4365045678316, 30.49562486959212], [111.4364797456438, 30.49565385024505], [111.43645492435536, 30.495682831797296], [111.43643010036891, 30.495711813349544], [111.43640527908042, 30.495740793103153], [111.43638048027503, 30.495769789044573], [111.43635575791194, 30.495798834448692], [111.43633103914618, 30.49582787895349], [111.43630631678315, 30.49585692435761], [111.43628170503672, 30.495885841158668], [111.43623226570656, 30.495943931067643], [111.43620754604149, 30.495972975572442], [111.43618265460589, 30.49600191305791], [111.43615774608315, 30.496030836154205], [111.4361328339632, 30.496059760149876], [111.43610792184319, 30.49608868504481], [111.43608278399336, 30.496117874340484], [111.43603272233236, 30.496175580238912], [111.43598232162691, 30.496233072098676], [111.43595712172385, 30.49626181892785], [111.4359067210184, 30.49631931258625], [111.43588184217333, 30.496347696089344], [111.43583144956182, 30.49640518075455], [111.43580625595399, 30.496433924885764], [111.43578106234622, 30.496462669916355], [111.43575586693976, 30.49649141314825], [111.43573067333199, 30.496520157279463], [111.43570548691872, 30.49654890680665], [111.43568085988386, 30.496577264229416], [111.43565581736215, 30.49660609919215], [111.43563077484043, 30.49663493595358], [111.43560573141946, 30.49666377091637], [111.4355806870991, 30.496692606778424], [111.43555564277875, 30.496721444439174], [111.43553060025704, 30.496750281200548], [111.43550545521265, 30.496779051412148], [111.43548024361843, 30.496807780254926], [111.435455285633, 30.496836218616636], [111.4354300749381, 30.496864943862136], [111.43540486604178, 30.496893670906218], [111.43537965534688, 30.496922398849676], [111.43535444375266, 30.496951125893816], [111.4353292330577, 30.496979852937898], [111.43530479667908, 30.49700769684779], [111.43527958418554, 30.497036423891927], [111.43525427006858, 30.49706508618482], [111.43522851798178, 30.4970934490035], [111.43520276319703, 30.497121811822183], [111.43517701111023, 30.49715017643956], [111.43515125722479, 30.497178539258243], [111.43510573264354, 30.497228677361647], [111.43505382197634, 30.497285848163415], [111.43500930103846, 30.49733532796307], [111.43498189509842, 30.497366644155363], [111.43496847541485, 30.49738273212745], [111.43496722175996, 30.49739371195028], [111.4344683921027, 30.49791906171538], [111.43377142471155, 30.49864139898142], [111.43373036526418, 30.498686546746796], [111.4336970786573, 30.498723053825927], [111.4336682382986, 30.498751879795464], [111.43363716941991, 30.498780712959615], [111.43357391380516, 30.49883358320335], [111.43350069100416, 30.498900856089676], [111.43340974256563, 30.499001715956467], [111.43331768616235, 30.499101633333737], [111.43323231711781, 30.49920631711791], [111.43314695077123, 30.499311965874597], [111.43312146038716, 30.499339824173603], [111.43309374418101, 30.49936864564654], [111.43300947410802, 30.49944649096284], [111.43291635470604, 30.499539691303767], [111.43287422686416, 30.499579087005316], [111.43282878142321, 30.499619459370592], [111.43275227789536, 30.499680022415134], [111.43272504102788, 30.49970133544832], [111.4326348498185, 30.49979573008892], [111.432528285552, 30.499901967002245], [111.4321208153234, 30.50032632739817], [111.43191946700983, 30.500543920165853], [111.43168632676264, 30.500769549275333], [111.43141109914296, 30.501042858641085], [111.43119669537123, 30.50124495429128], [111.4309220271299, 30.501563047196896], [111.43066349992063, 30.501825570993333], [111.43039928539878, 30.502125399567603], [111.43028734408574, 30.502230337859828], [111.43022527018013, 30.502284441973472], [111.43013795500269, 30.502372155550574], [111.42998335075112, 30.502515450827445], [111.4298160786492, 30.502697157947523], [111.42974265440006, 30.502758219216503], [111.42964583158994, 30.502860255396513], [111.42955455399954, 30.502939959611524], [111.42952913735985, 30.502964372607778], [111.42950299676596, 30.502992524085755], [111.42918631399726, 30.50332720318795], [111.42880924085387, 30.503719688013234], [111.42824650177471, 30.504418325445442], [111.42749150203127, 30.504900078775677], [111.42289902407077, 30.509597123608444], [111.41794969422307, 30.515643965396748], [111.41351898001699, 30.52549024228091], [111.41351481255862, 30.525499498103386], [111.41353904479115, 30.52560837812422], [111.41353730730094, 30.52562262518404], [111.41352975209645, 30.52567503137766], [111.41344967196483, 30.525853408308194], [111.41333851036404, 30.52606596127515], [111.41322645933371, 30.526268288950405], [111.41300111980587, 30.52666128369134], [111.41287436665874, 30.52687608676206], [111.41278640936537, 30.527040001694786], [111.41254373810307, 30.52744274778462], [111.4124341683023, 30.527586633916087], [111.4123331123833, 30.527600110256913], [111.41226827935765, 30.527708376040778], [111.41198919994167, 30.52825651372717], [111.41160202291508, 30.528764949942513], [111.41148353903418, 30.529005584240394], [111.41139811782892, 30.52910023428842], [111.41134157925052, 30.529162866673005], [111.41132670985985, 30.529839967140845], [111.41128477627149, 30.529887117696376], [111.4112242563944, 30.5299809088919], [111.41122359629202, 30.530097416062972], [111.41120699840434, 30.530314988146245], [111.41112213927539, 30.530414785913706], [111.41108759091964, 30.53052892696843], [111.41106010044336, 30.53069050456321], [111.41102857470901, 30.530889666624887], [111.41081891935772, 30.531280129774245], [111.41058612984608, 30.531534469740052], [111.4103523519795, 30.532164773985187], [111.41026044396438, 30.532309662860712], [111.4100269134114, 30.532388260010237], [111.40971927782249, 30.53348596530509], [111.40954821957473, 30.534141610646884], [111.40954731125947, 30.534145107210975], [111.4095440449218, 30.534252389136498], [111.40957785763209, 30.53613855255219], [111.4095786697199, 30.536183857698916], [111.40958178407215, 30.536357871118923], [111.4094168457109, 30.538291766951545], [111.40928183678739, 30.539192419994265], [111.40910789081659, 30.540024148995315], [111.40766763195569, 30.54360917042692], [111.40540067939787, 30.54825055262097], [111.40139222297279, 30.55792334398717], [111.4007625455551, 30.55863029924899], [111.40027786043498, 30.559446989786807], [111.40005027619935, 30.559830442720795], [111.39979428058166, 30.560280273715705], [111.39864486067182, 30.562239898252756], [111.3978546416784, 30.56434522555179], [111.39742179977628, 30.565498379446694], [111.3969961308668, 30.566297141100222], [111.39671251257244, 30.566829332907446], [111.39611727918913, 30.567946227036828], [111.39609104326712, 30.568008765891875], [111.39545987387413, 30.569513649135672], [111.39526830119121, 30.570415197903117], [111.39553554193179, 30.572126221048336], [111.39614293324985, 30.574264171254526], [111.39648595895989, 30.575400595960787], [111.39650744736088, 30.576061238835166], [111.39596905023154, 30.578133035810993], [111.39632089919019, 30.578231052920785], [111.39630907400465, 30.578323211846794], [111.39632619259976, 30.578590207072466], [111.39635325499876, 30.578838097100572], [111.39647826076316, 30.579021530019645], [111.3963932928163, 30.57932004828166], [111.39634514311393, 30.579800532668514], [111.39632183898175, 30.579984417047285], [111.39621749064474, 30.580445996785386], [111.39608860070842, 30.580786267872043], [111.39606336303382, 30.580987498374384], [111.39603612796498, 30.58119046816563], [111.39602137638548, 30.58150611401601], [111.39597220865056, 30.58173689534152], [111.39600695036052, 30.581901526134573], [111.39601567108639, 30.58207490733116], [111.39600022882757, 30.582220616388383], [111.39597042709357, 30.58228486755263], [111.39595911092431, 30.58246004379606], [111.395913851643, 30.582666536231727], [111.39583895160638, 30.582977163865053], [111.39582732696965, 30.583076040726723], [111.39580147505808, 30.583126407257964], [111.39579189098305, 30.583233949087514], [111.39574259464507, 30.58343351674347], [111.39569280457931, 30.583511701104158], [111.39563346011613, 30.583704364664754], [111.39548426528665, 30.58398226866683], [111.39534284959291, 30.584201192431124], [111.39538971506335, 30.584390063550643], [111.39525164304894, 30.58444597440223], [111.3952466230333, 30.584690492872028], [111.39522750884254, 30.58491944857377], [111.39521991316855, 30.58502351632228], [111.39511104214097, 30.585360256670583], [111.39501344861185, 30.58551315131092], [111.39499607101192, 30.58567620739109], [111.3949071703297, 30.585995544958507], [111.39481013887689, 30.586287163621762], [111.39474820886284, 30.586337639870237], [111.39467302913704, 30.586580639385033], [111.3946053893273, 30.58670569731015], [111.39435216362153, 30.58703420256643], [111.3941604740267, 30.587213393383422], [111.39401295193625, 30.587411523922754], [111.39385778380972, 30.58770158406088], [111.39378611143997, 30.58782145109916], [111.39372611406895, 30.587854580324688], [111.39364581630144, 30.587823608572705], [111.39358176838397, 30.58784634613204], [111.39356801685057, 30.587915751310902], [111.39359253236955, 30.588030125290118], [111.39360710678261, 30.588165338359715], [111.39330237510461, 30.588644863169975], [111.39289605780687, 30.589284228084693], [111.39260922443623, 30.58973075137311], [111.3925331193081, 30.589746586635727], [111.39214220379972, 30.589732157912806], [111.39200862210026, 30.58990943497247], [111.39188135993686, 30.5901629916288], [111.39180765060263, 30.590275930289977], [111.39172233911472, 30.590494677787206], [111.3916647843024, 30.590637046762367], [111.39165311110224, 30.590725519367254], [111.39168762618306, 30.59083466199013], [111.39162456482188, 30.591103633026307], [111.39151284833935, 30.591235756924675], [111.3915152081604, 30.591324189060117], [111.39148554582135, 30.591424854673335], [111.3913742646107, 30.59166622371731], [111.39114706258692, 30.59199117755088], [111.3907938727391, 30.592389341594867], [111.39042479816595, 30.59282569984623], [111.39017372273918, 30.593197544331247], [111.38994851810969, 30.59352249007094], [111.38985310723518, 30.593723929216026], [111.3897975651056, 30.593869756084416], [111.38972618771345, 30.594065919806383], [111.38962431431071, 30.594154664006567], [111.38927464081206, 30.594558879588647], [111.38916672666318, 30.594641137878284], [111.38909955270225, 30.594760989628014], [111.38892299779815, 30.594972206202385], [111.38878980640447, 30.595124768992946], [111.388722362647, 30.595176992624147], [111.38853981735872, 30.595394730182704], [111.38842158798593, 30.595530339853326], [111.38833495179665, 30.59567105857252], [111.38822991997489, 30.595722092400706], [111.38805248103722, 30.595712216945287], [111.38775304996335, 30.596026544389588], [111.38779684065173, 30.596074532213947], [111.3878602878221, 30.596151078009882], [111.38783811143975, 30.596244781971166], [111.38775093026129, 30.59624894403362], [111.38774241098355, 30.59637512341328], [111.38771098957056, 30.596412931811415], [111.38746537572655, 30.59665036362344], [111.38738148516745, 30.596726046070216], [111.38726942424461, 30.5969006539421], [111.38717927170609, 30.596913927935475], [111.38710164672369, 30.597053318356018], [111.38697885958675, 30.597177235041443], [111.3867499443545, 30.597456234417734], [111.38663946803706, 30.597651645407154], [111.38658244562345, 30.597679125091588], [111.38641751985273, 30.59779276432465], [111.3863262908257, 30.59791398574191], [111.38623352395803, 30.59802610871799], [111.38622825393082, 30.598030807675684], [111.38622825393092, 30.59803080767575], [111.38616760275278, 30.59808482725299], [111.3860644604066, 30.598234695674705], [111.38521446437602, 30.599246556183687], [111.3849278207623, 30.599587778753175], [111.3844980599377, 30.600099362595643], [111.38448189012712, 30.600108618418062], [111.38447085724425, 30.600116966824658], [111.38445737191034, 30.600130677888558], [111.38444370581243, 30.600141237727996], [111.3844164059924, 30.60015952634126], [111.3843559841414, 30.600197754722785], [111.38422883799058, 30.600320006762956], [111.38420753574934, 30.60035859936994], [111.38417848674794, 30.600507164673957], [111.38411919984134, 30.60056608016049], [111.3840337858307, 30.600633827889], [111.3839731373505, 30.600683893147277], [111.38393361484452, 30.60071950630021], [111.38391020729023, 30.60074483480645], [111.38389368944235, 30.6007657872114], [111.38388005392136, 30.60078496075738], [111.38386826111145, 30.60080400300245], [111.38384717560672, 30.60084470991552], [111.38383963209338, 30.600862161259897], [111.38383401312939, 30.60087833107025], [111.38382969188683, 30.60089471671796], [111.38382677628488, 30.60091267168258], [111.38382643813969, 30.60093473834769], [111.3838288591146, 30.60096331700356], [111.38383403920972, 30.601000384360418], [111.3838301037764, 30.601004553617315], [111.38371286905385, 30.601095132434523], [111.38367966068779, 30.601075331161724], [111.3836369320988, 30.60104966091319], [111.3836155597105, 30.60103498307808], [111.38360141697194, 30.601031432554635], [111.3835923607989, 30.601033516283906], [111.38358912773617, 30.601034324774446], [111.38357807956476, 30.60104320108303], [111.38357576560912, 30.601049856066084], [111.38357212875087, 30.60106027021544], [111.38355755703583, 30.60108879940867], [111.38355343814072, 30.601096861830854], [111.38351792391308, 30.601171404836577], [111.3834883020437, 30.601246394805287], [111.38347740675704, 30.60127397071733], [111.38345639679545, 30.60132407374715], [111.38345331931532, 30.601328907603147], [111.38344568227251, 30.601332723426538], [111.38343857762834, 30.601332891599725], [111.38343113393984, 30.60133077639432], [111.38340086905504, 30.60130948674356], [111.38336674068273, 30.60128128580277], [111.38336004343142, 30.6012777739503], [111.38334539077721, 30.601273128052583], [111.38334123860739, 30.601272681988746], [111.38333765390973, 30.601273189206495], [111.38332831265166, 30.601278058135904], [111.38331737779487, 30.601287340038823], [111.38330658682963, 30.60129939904806], [111.38330311814451, 30.601307063969955], [111.38330251829672, 30.60131574062899], [111.3833047153405, 30.601320927918664], [111.38331088289107, 30.601325902068822], [111.38332445905667, 30.60133360476209], [111.38332931629503, 30.601338932345982], [111.38333129480361, 30.601343217615522], [111.38333080197503, 30.601348204356327], [111.38332776316582, 30.601352879931596], [111.3833233304075, 30.60135616425572], [111.3833149721084, 30.601360232788636], [111.38326896009448, 30.60137472536337], [111.38319582992375, 30.60140362327877], [111.38318064397168, 30.601408903198376], [111.38307784156916, 30.601436036643918], [111.38306032367501, 30.601439168083175], [111.3829922575868, 30.601445959763282], [111.38295333402925, 30.601447072224687], [111.38294015266604, 30.60144787172203], [111.38292976999304, 30.601448619958035], [111.38290539027167, 30.60145225861487], [111.38288498735233, 30.60145707988039], [111.3828478912173, 30.60146961283249], [111.38281030405244, 30.601485414820104], [111.38278669055336, 30.601497425266075], [111.38275193175645, 30.60151779041388], [111.3826790444025, 30.601578578288866], [111.38265123376749, 30.601600010931918], [111.38264100218055, 30.601608754140727], [111.38262602127406, 30.601624121756004], [111.38259232007971, 30.601664210834713], [111.38258689536906, 30.601668927778917], [111.38255852355712, 30.601688624730343], [111.38254596902141, 30.601698780774143], [111.3825217376882, 30.601721160403315], [111.38249301963714, 30.601749668912134], [111.38242470623527, 30.60182886501019], [111.38237050589419, 30.601881707374957], [111.38235295742322, 30.601900442951262], [111.38234085434698, 30.601915008371066], [111.38231922025585, 30.60194414011005], [111.3823118530097, 30.601952522690908], [111.38226808840176, 30.601996509431558], [111.38224423028714, 30.602018434003583], [111.38221248601752, 30.60204600901625], [111.38219794218134, 30.60206057263747], [111.38218925832768, 30.6020711972281], [111.38214216173157, 30.60213813466737], [111.3820897762223, 30.60219981287122], [111.38208204025398, 30.60220762438246], [111.38206717985645, 30.60221975443818], [111.38204157166126, 30.60224809027727], [111.38202339186614, 30.60226927200938], [111.38200327313263, 30.60229540361013], [111.38197027430886, 30.602334722869216], [111.38132026501842, 30.603087992317114], [111.38104506977419, 30.603312142041887], [111.38064707030617, 30.603621365833476], [111.38059185642913, 30.603664262595714], [111.38058841832083, 30.60366773038163], [111.38061943324038, 30.60370199275286], [111.37982981319544, 30.604449770940334], [111.37954018293328, 30.60472405337248], [111.37954656632115, 30.60473281366859], [111.37960230630159, 30.604809335182722], [111.37974271295593, 30.605559793349755], [111.37972854503647, 30.605576838200648], [111.37991768685191, 30.605967687159193], [111.37994292002975, 30.606395634051296], [111.37995116321565, 30.606535437260675], [111.37996496061459, 30.606769441756455], [111.3800899376007, 30.60768552626621], [111.37997140335762, 30.608420938775453], [111.38004008098494, 30.60905079785607], [111.37994250184516, 30.609499759206642], [111.3799550662734, 30.609891121677947], [111.37997918699006, 30.610416101821784], [111.38016822987998, 30.610778309171735], [111.38016693575554, 30.610782276980558], [111.3800474383388, 30.61114893507539], [111.37963929721593, 30.61120740359894], [111.37942760040352, 30.61185102860219], [111.37937632285917, 30.612006926978154], [111.37935226689376, 30.612080064343672], [111.37926843029385, 30.612334951996502], [111.37930320797682, 30.612532727303574], [111.3793126409658, 30.612586365568404], [111.37943344419813, 30.613273351384237], [111.37951675109724, 30.613747084560487], [111.37974363026444, 30.61464901643899], [111.38137719480176, 30.61457057667087], [111.38138020303404, 30.61457166485053], [111.38239357440392, 30.614938227617188], [111.38285378987058, 30.615178935659458], [111.38302075080719, 30.615266261628676], [111.38311679390512, 30.615316495060313], [111.3837407903053, 30.61620907488907], [111.38393335404106, 30.61648452014464], [111.38567877535525, 30.61645002844608], [111.38593062869569, 30.61636997169694], [111.38810397441904, 30.615679114299837], [111.39021855933913, 30.614527233844854], [111.39069268282117, 30.61415849741678], [111.39090831956338, 30.613990789143713], [111.39158326795354, 30.61346585396609], [111.39654585021083, 30.60989782612387], [111.39560582215103, 30.60643014643415], [111.39486362425691, 30.60558973627741], [111.3946007254433, 30.605785358607477], [111.39438221626631, 30.60583940606392], [111.39408373757459, 30.60573753176186], [111.39408363143443, 30.60573748814446], [111.39408373757448, 30.605737531761747], [111.39438221626631, 30.605839406063808], [111.39453304606326, 30.605802098588015], [111.39460072544318, 30.605785358607477], [111.39486362425691, 30.605589736277352], [111.39500695730527, 30.605483077581994], [111.39513193429138, 30.60538476909187], [111.39539191840237, 30.60531094464443], [111.3958361367284, 30.60536691305265], [111.39627328188652, 30.605395941369636], [111.39667605225804, 30.60538267097354], [111.39688050593065, 30.60532681857785], [111.39742847904114, 30.605121406227966], [111.3979009720523, 30.604891434292313], [111.39841150998325, 30.604695526877094], [111.39893000871297, 30.604623990304958], [111.39927603006481, 30.60460854534813], [111.39944692283729, 30.60460091909721], [111.39947178729324, 30.604607494040692], [111.3997782591594, 30.604688534648233], [111.40016031814423, 30.604849060036145], [111.40036382662936, 30.60490471817826], [111.40067976386007, 30.60496573987706], [111.40071855971382, 30.60503051984267], [111.40074676964775, 30.605157490625743], [111.40063637336999, 30.605541786224478], [111.40054735127927, 30.605875898753766], [111.40057537775152, 30.606372678856076], [111.40066839642941, 30.606579674012778], [111.40086704767617, 30.607073349655423], [111.4010586410435, 30.607343818062816], [111.40114011422497, 30.607731553568385], [111.40112246682844, 30.607922944588267], [111.40102482383662, 30.60822669240798], [111.40097475677965, 30.608375976270338], [111.4008861600683, 30.608658744705338], [111.4007909137697, 30.608927357811353], [111.40073883942597, 30.60909316761564], [111.40071758125146, 30.609214811714253], [111.4007025958482, 30.609322223142158], [111.40072449164205, 30.60944673517872], [111.40074061918426, 30.60975797884771], [111.4007773421007, 30.61005292500255], [111.40077069341282, 30.610429553880863], [111.40076303388696, 30.610980401224595], [111.40074966096813, 30.611371022654623], [111.40077623773323, 30.611817580117304], [111.40078311484893, 30.611933121416484], [111.40083882515171, 30.612243304784727], [111.40093875961611, 30.612567038238296], [111.40110285441324, 30.61285000182619], [111.40132002989554, 30.613026161927905], [111.40148443316014, 30.613264032609095], [111.40155344443599, 30.6135287957174], [111.40161127983674, 30.613783207628956], [111.40162668522339, 30.61391400322873], [111.4015813477011, 30.614200725083435], [111.40155748868722, 30.61438978595993], [111.40155490403566, 30.61439547417183], [111.40149966497762, 30.614517043626734], [111.40147453791963, 30.61457234293931], [111.40144623715418, 30.61482658487904], [111.40142206067964, 30.6149626972707], [111.40135107629118, 30.61506470287378], [111.40135053400002, 30.615064889932796], [111.4012983634288, 30.615082956413346], [111.40114307659178, 30.61507690757327], [111.40103613281133, 30.61508946840428], [111.40102180840978, 30.615101762136646], [111.40096626807889, 30.615196172965057], [111.40101346989576, 30.615209521602196], [111.40115053916611, 30.61525495265397], [111.40121473097514, 30.615288524346], [111.40138935323614, 30.615364914559223], [111.40163390767873, 30.615409144116768], [111.40168937156733, 30.615418574407727], [111.40174589215928, 30.615428182764447], [111.40199818257014, 30.615418821721278], [111.402204153399, 30.61540509896622], [111.40237546165827, 30.615341532185994], [111.40261717963921, 30.61517083996233], [111.40271509512559, 30.615108543024917], [111.40284703466295, 30.615059170244535], [111.40299134977101, 30.61499620331216], [111.40317014398704, 30.61492631699599], [111.40334409085716, 30.6148610909666], [111.40353390806348, 30.614768192797897], [111.40365781125905, 30.61469469480437], [111.40377892385828, 30.614627444401094], [111.40393421609127, 30.6145274451855], [111.4040682906192, 30.614450465017], [111.40415004079182, 30.61436843335656], [111.4042343711194, 30.614184743231363], [111.4042367534235, 30.61410952933136], [111.40422776200165, 30.61403777692192], [111.4045047253129, 30.61382684723128], [111.40468059583287, 30.61370134414176], [111.4047397739215, 30.613657762995445], [111.40505105266402, 30.61339577879221], [111.40511749997273, 30.613325711712264], [111.40511761598526, 30.613325589404496], [111.40520427915425, 30.613277814719424], [111.40530732527293, 30.61332596262315], [111.4054665115703, 30.613415795002993], [111.40564300801844, 30.61347339208345], [111.4058372606811, 30.613501680258366], [111.40589433615474, 30.613508697668294], [111.40606265776552, 30.6135410660674], [111.40632817900234, 30.613552035997714], [111.40647467226836, 30.61361305769651], [111.40667065162933, 30.613680504152], [111.40675279210774, 30.61369662809699], [111.40686585667402, 30.61380152681903], [111.40699298843572, 30.613933556288657], [111.40715954827459, 30.614113546602937], [111.4073040657301, 30.614134495410667], [111.4073880462214, 30.614154722062835], [111.40749959543007, 30.614186493312047], [111.40759959734362, 30.61419370137827], [111.40767599115412, 30.61416925600639], [111.4077383042794, 30.61415466990212], [111.40781708399129, 30.6141437467366], [111.40801552299803, 30.614153507078754], [111.40809352659505, 30.61414688267257], [111.4081784396833, 30.61413967190839], [111.40839013559633, 30.614137724876173], [111.40854320920181, 30.614189652630444], [111.40864655479476, 30.614243382626057], [111.40866603500956, 30.614253510790945], [111.40877405977511, 30.614330263430986], [111.40890431218435, 30.614394099108438], [111.409068176755, 30.614468699670795], [111.40912782878632, 30.61449903740072], [111.40917972866163, 30.61453456961476], [111.40924208135704, 30.61459453191219], [111.40926933980825, 30.61463158308112], [111.40930838297555, 30.614694887259304], [111.40932504561442, 30.61474342456944], [111.40936147085523, 30.614854042979744], [111.40937984760194, 30.614993802122342], [111.40938972665464, 30.615159110104912], [111.40942550798087, 30.6152724246827], [111.40949830899984, 30.61531818308771], [111.40958558640574, 30.61534839131525], [111.40966610270851, 30.61538426707034], [111.40981507630477, 30.61548337595707], [111.40997901102259, 30.61560813710588], [111.41007641839207, 30.61569120478532], [111.4101792468748, 30.615768373811477], [111.4102268362995, 30.6157576350069], [111.41033135640703, 30.615656586282455], [111.41048143796803, 30.61549906912677], [111.41065395941274, 30.61534690833321], [111.41079852723033, 30.615221791952195], [111.41087650294833, 30.615200504100017], [111.41103286717316, 30.61521123121338], [111.41110706393994, 30.615219880892823], [111.41112898761276, 30.615234665747266], [111.41124767024382, 30.615236994092072], [111.41132740773372, 30.615261050956804], [111.41136781966918, 30.615275551625473], [111.41145781482635, 30.61526926806232], [111.41153829425696, 30.61526392069345], [111.4118583054165, 30.615247091679976], [111.41190208980964, 30.615244024092476], [111.41224717316857, 30.615219831430124], [111.41266605309596, 30.615170833667094], [111.41311174271283, 30.61517584828681], [111.41361663919662, 30.615129277793983], [111.41400249691776, 30.615038110820194], [111.41452227358411, 30.61499791562136], [111.41496825278273, 30.615070376696565], [111.4155476140312, 30.61506853038844], [111.41620136360211, 30.615092142988033], [111.41689995516884, 30.615179852967913], [111.41722726162891, 30.61520306267124], [111.41753920856769, 30.615782609180144], [111.41775779418691, 30.616171038962307], [111.41789795442713, 30.616545698325353], [111.41792117132508, 30.616667103204293], [111.41802758990144, 30.617223636062022], [111.41803108286825, 30.61723843440626], [111.4220807426322, 30.61715800174045], [111.42242946914473, 30.616125871411896], [111.4236595087794, 30.614709019205918], [111.42524186412078, 30.613100080804145], [111.42509941690463, 30.610809432009717], [111.42920206742156, 30.610108635305323], [111.42941286671049, 30.607855010700234], [111.42914244057124, 30.60659578896457], [111.42864743303267, 30.60445904564847], [111.42798969137124, 30.602923483831773], [111.427265560857, 30.60247505937656], [111.42723874037563, 30.602458449797666], [111.42377833710066, 30.60031544540152], [111.42378859656657, 30.600215992074425], [111.42387902789488, 30.600113964887612], [111.42394822802834, 30.600046689303326], [111.4239719917141, 30.599979562107137], [111.42399041882283, 30.599914762356434], [111.42400078890535, 30.59984074185678], [111.42405643355761, 30.599729580255996], [111.42410202378943, 30.599685866909283], [111.42410966712748, 30.599678541031892], [111.42414650605645, 30.59958783181304], [111.4241519784311, 30.599574359069493], [111.4241665861191, 30.59956278209677], [111.42421057825567, 30.599527926172925], [111.42429301011441, 30.59943055027975], [111.42441020886412, 30.599337685385933], [111.42451396364856, 30.59922636640374], [111.42454039922012, 30.599159230214354], [111.42453655012173, 30.599153247924107], [111.42449734327784, 30.59909231975479], [111.4244576921688, 30.599070748616214], [111.42449190417807, 30.59870677589703], [111.42423605335125, 30.598239839796804], [111.42415600559525, 30.59785998055372], [111.42380786634004, 30.596207865700478], [111.42327730860097, 30.596009119125597], [111.42299993879618, 30.595666352420267], [111.42225761139969, 30.596303251393977], [111.42224239577001, 30.596265281117894], [111.42223145731595, 30.59623798399582], [111.42220736807565, 30.59617787331024], [111.42214864144671, 30.59603132158827], [111.42195358389085, 30.59558327664695], [111.42156632502594, 30.595345872713892], [111.42109041459105, 30.595022837134252], [111.42074262787003, 30.594981003370663], [111.42031763615006, 30.594948963224113], [111.42023918199271, 30.59495189591331], [111.42018794671645, 30.59491911112815], [111.42010742861498, 30.594840761292176], [111.4200348092591, 30.59473463769342], [111.41990575564614, 30.59455702428727], [111.41983048508888, 30.594455533995756], [111.41973357234656, 30.594293999568492], [111.41964743078438, 30.594150928222803], [111.4195314937835, 30.593915467724685], [111.41942627760068, 30.5936869122213], [111.41935363036583, 30.59357385305094], [111.41925946235438, 30.593428492930627], [111.41920552191738, 30.59331537440505], [111.41919445396093, 30.593227551110658], [111.4192072396225, 30.593093408234267], [111.41919085577342, 30.593012536699234], [111.41917191695046, 30.592944045231548], [111.41916913714601, 30.592933997106343], [111.41923034680315, 30.59287368587195], [111.41931831668705, 30.59282562790048], [111.41932055240164, 30.59272389029536], [111.41933895073203, 30.592652154973052], [111.41940787207568, 30.592520145288518], [111.41950072617766, 30.5923603096806], [111.41960427771528, 30.592202754753373], [111.41968669788287, 30.59210307030048], [111.41975865803568, 30.59205659513583], [111.41989742342741, 30.592007593775463], [111.41998014216989, 30.59197727043471], [111.42011364203103, 30.59194678341737], [111.42032466255318, 30.59192066890381], [111.42043406777805, 30.59188100880158], [111.42049002179715, 30.59184152406715], [111.42060716568818, 30.59173710018706], [111.42067889561463, 30.591637449009113], [111.42072116824738, 30.591524021116754], [111.4207360574232, 30.591419265386833], [111.42074451015111, 30.59135978602535], [111.4207508386803, 30.591342721389537], [111.42077885615936, 30.591267190928193], [111.42078878467476, 30.59124379326647], [111.42081324893235, 30.59118615661589], [111.42084481783411, 30.5911183953977], [111.42087150431655, 30.591061114878585], [111.420897652105, 30.590926929734053], [111.42090123320543, 30.590891360647845], [111.42091046474621, 30.590799723328644], [111.42090986579774, 30.590661000205046], [111.42089869531861, 30.590550056240147], [111.4208767563573, 30.590420650092994], [111.42085152677657, 30.59014790460219], [111.42084313700121, 30.589997901282175], [111.42083704679231, 30.589888996979653], [111.42083627787201, 30.589710967187443], [111.42084082394496, 30.58952598563576], [111.42087481741896, 30.58935246864155], [111.42092779558135, 30.589243629989596], [111.42099669264331, 30.58910699419249], [111.42106047256283, 30.589023550596437], [111.4211456320653, 30.588940039551233], [111.42128150883462, 30.588842492786853], [111.42155069660743, 30.58867283928015], [111.42173991306657, 30.588549686119165], [111.4219665512154, 30.58842872370667], [111.42211318657434, 30.58834732337033], [111.42224371507547, 30.58824979279376], [111.42232616222265, 30.588157042113835], [111.42237904775493, 30.58802739314973], [111.4224291435902, 30.587870009993026], [111.42249240999678, 30.587668650887565], [111.42255307556405, 30.58748348677352], [111.42263014476544, 30.587383816709803], [111.42272055630866, 30.587279480064012], [111.42279514428054, 30.587223746378868], [111.42288304131938, 30.58715640964067], [111.42300301088034, 30.58708897037974], [111.42308568465666, 30.58704939661243], [111.42320042825725, 30.587009717624426], [111.42331249817329, 30.58697004762962], [111.42333682483468, 30.586941489658045], [111.42338163085765, 30.586888900002805], [111.42339462066525, 30.586803309725042], [111.42339125540218, 30.586643787081186], [111.42339542465919, 30.58637325662056], [111.42340553303899, 30.586239123636688], [111.42344797024771, 30.58616499881572], [111.42351705976455, 30.586074601661608], [111.42360224444809, 30.585998027087328], [111.42367679105115, 30.585933044774265], [111.42373511208581, 30.585824188135803], [111.42376660634386, 30.585692295363174], [111.42376345332076, 30.585581325317946], [111.42373609414551, 30.585435751159025], [111.42373618677567, 30.585425926065682], [111.42373732082075, 30.585307812705423], [111.42365114868164, 30.585157035968507], [111.4236577110346, 30.585027538090458], [111.4237034559498, 30.58489482873341], [111.4237133080228, 30.584872250354124], [111.42377754569725, 30.58472503403317], [111.42394567665173, 30.584367522942898], [111.42416345378041, 30.5839044467329], [111.4243258272752, 30.58391926756019], [111.42440109333586, 30.58394373271716], [111.42445971834138, 30.583943542060865], [111.42450047561653, 30.583931048679005], [111.42451976697373, 30.583925138334507], [111.42461102477904, 30.58382469935043], [111.42471408798485, 30.583673499032784], [111.42477683008673, 30.58358355423769], [111.42481847679136, 30.58348197581256], [111.42483612958375, 30.583393480724624], [111.42488082768813, 30.583302296663703], [111.42490998640682, 30.58322799737425], [111.42496259494789, 30.583093940832782], [111.42500428212196, 30.583001465345376], [111.42508039984062, 30.582876363353535], [111.4251012560182, 30.58285201960507], [111.42517761205721, 30.582762898588953], [111.42523596906477, 30.582701582811865], [111.42531686668013, 30.582638891971328], [111.42542629798533, 30.582569603704314], [111.4255718388693, 30.582508002842133], [111.42563503872611, 30.58248032260883], [111.42568135920743, 30.582437739709974], [111.42576128465561, 30.582346034941622], [111.42587064221641, 30.58221692107412], [111.42589190398826, 30.58218681536931], [111.425908574721, 30.58216321176286], [111.4259151793421, 30.58215386241085], [111.4259529211904, 30.582083510245866], [111.42597634942905, 30.582027102069162], [111.42600419423826, 30.58194897796301], [111.42602409803374, 30.581860151025182], [111.42603390334205, 30.581782085374982], [111.4260402750387, 30.58169232584021], [111.42604445598693, 30.581617204570364], [111.4260408506048, 30.581540785578852], [111.42604072919636, 30.581538208121856], [111.42605618944162, 30.581464025744253], [111.42605958708032, 30.581456603639424], [111.42611314170819, 30.581339637814096], [111.42615475064127, 30.581230255072285], [111.42619324792014, 30.58109617065179], [111.42621895683942, 30.58101718229716], [111.42622291205782, 30.581005035154305], [111.42628556692546, 30.580895583164704], [111.42629356909299, 30.58088484256149], [111.42638270180032, 30.580765211145604], [111.42649936185614, 30.580630872217057], [111.42656494041972, 30.58057136587587], [111.42657272405205, 30.58056430260052], [111.42666264996137, 30.580504183821063], [111.4266813423701, 30.580494901018938], [111.42658483432268, 30.580375473749143], [111.42632490507037, 30.580228356353587], [111.42608442995254, 30.580114585819558], [111.42614462157707, 30.580002220026472], [111.42566643315945, 30.579774671763744], [111.42538978910756, 30.57958942131478], [111.42499533027035, 30.579585934643205], [111.42444741291786, 30.579814447878505], [111.42435294543213, 30.579657241888242], [111.42487039375374, 30.57940018866782], [111.42491388316921, 30.579252079320042], [111.4255787060925, 30.579266615062295], [111.4263498675524, 30.57962923969768], [111.42641571321468, 30.57954788073016], [111.4270044660833, 30.579827569886504], [111.42702235269945, 30.57950293531229], [111.42711568524072, 30.57940000610546], [111.42715684091553, 30.579349751989525], [111.42740716181112, 30.579491325064623], [111.4274503571483, 30.579492032831126], [111.42747158384657, 30.57946253326935], [111.42756329131288, 30.57935125026006], [111.42764707665134, 30.579262538435444], [111.42770293444295, 30.579203397219032], [111.42773477134267, 30.579151268916007], [111.42776849322144, 30.579071392031153], [111.42778820636067, 30.57899676089187], [111.42780588613277, 30.5789152022748], [111.42780345706393, 30.57881810337284], [111.42778688975324, 30.578696773137608], [111.4277819236969, 30.578478296336357], [111.42777752871007, 30.578389871395473], [111.4277812474067, 30.57832396457934], [111.42780298042328, 30.57825279582994], [111.42784465680552, 30.578159019023587], [111.42788628012778, 30.578053104966898], [111.42790180872157, 30.57793860418326], [111.42792146430418, 30.577850102800028], [111.427967238897, 30.57777712191671], [111.4280271103629, 30.577719701103376], [111.42812704212935, 30.577656946411025], [111.42823701032984, 30.577597625330213], [111.42835900336536, 30.57753826557854], [111.42848304415725, 30.57748930288909], [111.42861713037632, 30.577445511301335], [111.42870725413655, 30.57743134068386], [111.42882337100184, 30.57740321528621], [111.42897343457639, 30.57734722979086], [111.42921745572107, 30.577237179752103], [111.42942341395946, 30.577130720706236], [111.42956937842416, 30.577053941985866], [111.42976738755493, 30.576963115855165], [111.42996544255118, 30.57688269488051], [111.43012138769194, 30.57679721072276], [111.43019332895904, 30.576750152797388], [111.4302472181347, 30.57669968824007], [111.43027906762495, 30.57665102862211], [111.43028012342899, 30.576577759955683], [111.43028051103681, 30.576409986931424], [111.43025367436763, 30.57620426341606], [111.43023852708643, 30.57600760506699], [111.43022248857704, 30.575690577857927], [111.4302157265746, 30.57552066174918], [111.43019096823866, 30.575359473560923], [111.43018652199044, 30.57526064706127], [111.43023013011646, 30.575151257124844], [111.43030576399985, 30.575033089805288], [111.43048720761863, 30.574822667332285], [111.43074238125593, 30.574516626241348], [111.43077794494627, 30.57448191600764], [111.43090401460864, 30.57435886986599], [111.43102096244752, 30.574217446078308], [111.4310953103004, 30.574110843140943], [111.43116165058979, 30.57400657934022], [111.43123072661677, 30.57391617768951], [111.431379809031, 30.57379083108202], [111.43156625018236, 30.573653798683893], [111.43169136386541, 30.57354702757334], [111.43179491989969, 30.573398711381458], [111.43184246435828, 30.573273700221137], [111.43188998273655, 30.57314329492715], [111.43194100487352, 30.572855647670053], [111.43276369478872, 30.573052750284262], [111.4332361886992, 30.572913150321654], [111.43400936104325, 30.572709118431135], [111.43424560934744, 30.57235474687411], [111.43397714642822, 30.571656744363338], [111.43314646603665, 30.570703933339928], [111.44184614058696, 30.57658540419311], [111.44191219669057, 30.576372689348204], [111.44260616484269, 30.57637033222511], [111.44679189832749, 30.57531677375016], [111.44977614924994, 30.574197947877053], [111.45249171691927, 30.572710471910796], [111.45360216290953, 30.574498340326215], [111.45447955318889, 30.57591092255109], [111.45760272868307, 30.574749155848906], [111.45895064785418, 30.57288447363959], [111.45475638429974, 30.571848075128628], [111.45472608614, 30.571592617305498], [111.45469341197145, 30.571317112694658], [111.45479601832164, 30.570784131282664], [111.45498099267871, 30.570446229909635], [111.45500709190384, 30.570402687434125], [111.45513268942216, 30.57019314899469], [111.45513653672185, 30.570186731432557], [111.45513807186461, 30.57018588696917], [111.45526446438356, 30.570116408045862], [111.45543520157338, 30.57005826507691], [111.45553489591879, 30.57004558643473], [111.45573444019232, 30.570053109263654], [111.45591021178689, 30.570056603129785], [111.45605715921062, 30.569990323095], [111.45615850021466, 30.56991046959257], [111.45620387370985, 30.569874718843266], [111.4563975912759, 30.569652078180923], [111.45657686213252, 30.569388386165144], [111.45662303602438, 30.569104606892154], [111.45670295967392, 30.56892758074332], [111.4567923441914, 30.56874229791879], [111.4569377061103, 30.568623519959544], [111.45694947283994, 30.56861390440821], [111.45703270239738, 30.568602480320237], [111.45704359768393, 30.568603218663668], [111.45711059178046, 30.56860777193117], [111.45719960757589, 30.56858497591594], [111.45721316935237, 30.568580635787782], [111.45733499331533, 30.568541657371668], [111.45738873770017, 30.568505855360968], [111.45743446912553, 30.568475394423956], [111.45750121231117, 30.568465473103174], [111.45757529126672, 30.568454465401317], [111.45780519305526, 30.568424654674118], [111.45826345789231, 30.568346128571022], [111.45836295168891, 30.568337870096684], [111.4584675707219, 30.56833955092958], [111.4586090898377, 30.56834110495805], [111.45877022316733, 30.56833819385264], [111.45900469531051, 30.568332928322036], [111.45909910434028, 30.568323367629375], [111.45920655713695, 30.568326859696867], [111.4594107068387, 30.56832833818231], [111.45947170695376, 30.568334209855948], [111.45956921774524, 30.568343597878766], [111.45967190413512, 30.568366088124492], [111.45976498936284, 30.568398934962943], [111.4598171572361, 30.56842672311484], [111.45992896185214, 30.568498954862946], [111.46001716915708, 30.568555941303714], [111.46024377133307, 30.568633577977266], [111.46043842689193, 30.568694575394375], [111.46053864824006, 30.568732891909463], [111.46059418137645, 30.568770925138153], [111.46064262066045, 30.568834451448822], [111.46067461674022, 30.568876411117515], [111.46067814927721, 30.56887899486975], [111.46071716906215, 30.568907533056233], [111.46077141167137, 30.56892345285513], [111.46082998091896, 30.568923540089372], [111.46095278244502, 30.568904354852123], [111.46104576694864, 30.56887971073013], [111.46117179164492, 30.568825949258212], [111.46126630409674, 30.568766729800814], [111.46141857280895, 30.56871433799637], [111.4615048636586, 30.568706122689434], [111.46162658240092, 30.56867273355988], [111.46170860776607, 30.568621471303913], [111.46181748508894, 30.568557365829804], [111.46185793659458, 30.568520750832022], [111.46300688256161, 30.567969419653025], [111.46305900007286, 30.56794908957886], [111.46325966939827, 30.567957015304046], [111.46332061915132, 30.567925467086695], [111.46338286392808, 30.567888067880062], [111.46340097087818, 30.567869816139137], [111.46341570537055, 30.567849417716502], [111.4635662608743, 30.56787853056977], [111.46375677865245, 30.56789553315241], [111.46379357531333, 30.567898816577156], [111.46402067031772, 30.567912481775693], [111.46405072566051, 30.567915617711662], [111.46408614905658, 30.56792257306836], [111.46411482843666, 30.567930966440997], [111.46412587660797, 30.567939239304508], [111.46427336092694, 30.567990390044542], [111.46435600682429, 30.567914891059445], [111.46479984563643, 30.567764808599065], [111.46521413182677, 30.56788743295874], [111.46547358623707, 30.567929463673863], [111.46568371912838, 30.56792370171752], [111.46576160941083, 30.567875884764305], [111.46583236986805, 30.56791380377905], [111.46583435107448, 30.567913898207905], [111.46594006368304, 30.56791889933777], [111.46623121469884, 30.567879494643023], [111.46643785822062, 30.567836989985153], [111.46661084641352, 30.567801408308412], [111.46681912400345, 30.567774612108735], [111.46718050577579, 30.567728118058255], [111.46767416523062, 30.567655100302716], [111.46783872587656, 30.56763258937258], [111.467984390867, 30.567632065067812], [111.46813662720365, 30.56768084159762], [111.46829522534443, 30.56773507701223], [111.46846672515932, 30.567838590778365], [111.46854272866403, 30.56787886961422], [111.46881595259418, 30.568023673054142], [111.46889884040922, 30.568138464318736], [111.46911562378705, 30.568439113973966], [111.46916887714201, 30.568471862786282], [111.46932482588005, 30.56893371232104], [111.46955033358108, 30.569395468326263], [111.47061344555414, 30.570243809604165], [111.47089264817726, 30.570512273422707], [111.47108594126325, 30.57083442766674], [111.47111815587823, 30.571167321614666], [111.47155843517373, 30.57181163190137], [111.47231013080795, 30.57284252925939], [111.47271819368973, 30.573250592141164], [111.47312625657156, 30.573433147321964], [111.47341619709988, 30.57359422489361], [111.47379204536668, 30.573798255884867], [111.47432595757692, 30.573823284017408], [111.47435085171048, 30.573844642916015], [111.47447494826031, 30.573892907731533], [111.47489213656291, 30.574008303340577], [111.47518518065164, 30.574065693576927], [111.47535365244914, 30.573977390943867], [111.47555590458137, 30.57388896600304], [111.47581464492998, 30.573839302741703], [111.47603134017425, 30.573826335417095], [111.47620237683827, 30.573831189957502], [111.47637341260298, 30.57383604269927], [111.47638020158507, 30.573929187282204], [111.47650081236264, 30.57398355309857], [111.47660233862706, 30.574021544059065], [111.47672289544533, 30.574064946240355], [111.47681183479841, 30.574119427169876], [111.47693217488, 30.57411898560275], [111.4769765123562, 30.574118823724802], [111.4769885237015, 30.574117626727116], [111.47701062813803, 30.57398971525322], [111.47708158374815, 30.573841036634576], [111.4771777986166, 30.573731636805633], [111.47717833011592, 30.57373103156192], [111.47731666203441, 30.573640191941365], [111.477317412069, 30.573639700911542], [111.47746210039566, 30.573532257108013], [111.4774628081621, 30.573531731004607], [111.47758709716686, 30.573444285425467], [111.47758782381908, 30.573443773711233], [111.47767621278706, 30.573383154908697], [111.47767712829688, 30.573382529879893], [111.47779594222902, 30.573335575376575], [111.47793536682377, 30.573315126591865], [111.47801316087873, 30.573307414905344], [111.4781093703512, 30.573297876695676], [111.47818474433052, 30.573292351261045], [111.47821947165136, 30.573289804381034], [111.47822069293068, 30.573289715348153], [111.47835883419293, 30.573268164893932], [111.4785027832769, 30.57321794765022], [111.47850323113926, 30.57321779296683], [111.47871990659849, 30.573130807840585], [111.47872041201748, 30.573130603694437], [111.47885491012607, 30.573033130674503], [111.47886255076617, 30.57302759264934], [111.47886326842519, 30.57302707374049], [111.47900685508233, 30.572927256187995], [111.47900742165524, 30.57292686138561], [111.47906972758591, 30.57290503034295], [111.47912881664166, 30.572884327050133], [111.47927573708569, 30.572826193074377], [111.47944444090831, 30.57276933523667], [111.4799220393707, 30.572463181730484], [111.48018507398206, 30.572345084558037], [111.48042655993783, 30.57206666614377], [111.48043437774442, 30.571956897592827], [111.48045041895176, 30.571835004382024], [111.48045348563988, 30.57167771565412], [111.48047612697172, 30.571596777569255], [111.48053685459223, 30.57145145971714], [111.48058881202411, 30.571344938618097], [111.48060996767595, 30.571221917657454], [111.48062351416388, 30.571113322721715], [111.48062818074601, 30.57102137603573], [111.48060847390201, 30.57091844323162], [111.48057334908088, 30.570803383069745], [111.48052035113335, 30.570698356643902], [111.48048390790609, 30.570575547023907], [111.48046136280169, 30.570416135895982], [111.48044590975098, 30.570267221655], [111.48042733515348, 30.570247772916446], [111.4804021640287, 30.570221418283893], [111.4804106608234, 30.570127242178557], [111.48041311417393, 30.57008619981832], [111.48041472126243, 30.57005934516269], [111.48041894088146, 30.569988760972592], [111.48042591782189, 30.569845856900827], [111.48042786755212, 30.569794918400817], [111.48043045580096, 30.569727328053773], [111.48041791205708, 30.569519145792015], [111.48039803703983, 30.56938187867081], [111.48038440421692, 30.56921246618242], [111.4803516212304, 30.56905309282604], [111.48032674058669, 30.56893910105873], [111.48032457411983, 30.568758571151193], [111.48032855361993, 30.568701134150047], [111.48033293871418, 30.568637812884788], [111.48037990580809, 30.56855789373185], [111.48044044636958, 30.568501757150443], [111.48044106600247, 30.56850118068502], [111.48057061424254, 30.56843017741079], [111.48057127524424, 30.56842981498403], [111.48062984539109, 30.568407597232863], [111.4807245862707, 30.56837165582732], [111.48078640926542, 30.568340783000792], [111.48078715120613, 30.568340411580778], [111.48082595785172, 30.568314185551287], [111.48082669979243, 30.56831368462889], [111.48083928040853, 30.568269336360856], [111.48082996073418, 30.56819626734392], [111.48083087084808, 30.568186656289186], [111.48083604464779, 30.56813200538778], [111.48087545114123, 30.568076480345326], [111.48095256261075, 30.56798929826755], [111.48095309680804, 30.567988693923155], [111.48097192141711, 30.56791220028788], [111.48100349391615, 30.567825690902964], [111.48104138505192, 30.56772254406019], [111.48111897136351, 30.5676225763209], [111.48117877627953, 30.567550361659926], [111.48126593227704, 30.567490816647933], [111.48126679742484, 30.567490225793335], [111.48130123606325, 30.567475166645693], [111.48132992083924, 30.567462623801077], [111.48133065738398, 30.56746230184382], [111.48137136519642, 30.567411202365122], [111.48138391433622, 30.567360206308535], [111.48139098660482, 30.56723723840787], [111.48138023520977, 30.567133162565426], [111.48135417825279, 30.567040222128583], [111.48131294793427, 30.566984992963114], [111.48124245187773, 30.56696531669604], [111.48124157234076, 30.566965563110273], [111.48121444878785, 30.56697313989855], [111.481214331876, 30.566973174072757], [111.4812140440929, 30.566973445668054], [111.48116591687364, 30.567018764304578], [111.4811148623611, 30.567047750353424], [111.48111398282413, 30.567047905036816], [111.4811136959404, 30.56704795539889], [111.48107010220349, 30.567055667984732], [111.48101624630277, 30.567035927865845], [111.48101209143493, 30.56703492602105], [111.48093935606647, 30.56701738384521], [111.48085612830772, 30.567011045423442], [111.48085525506605, 30.567011180321742], [111.48078861710104, 30.56702153241781], [111.48078776634242, 30.567021884952055], [111.48073522435118, 30.567043638653047], [111.48073501840645, 30.56704380592697], [111.48064019658784, 30.567120763612422], [111.48063953198886, 30.567120945275462], [111.48055153782326, 30.567144935590363], [111.48048222167728, 30.567137446935703], [111.48048134124099, 30.56713768705464], [111.48043440742202, 30.567150473615527], [111.48043408906204, 30.5671507578013], [111.48038373242338, 30.567195645662594], [111.48032796186601, 30.567269357694727], [111.48030046869172, 30.56731394428317], [111.48023058597283, 30.56742726335756], [111.48022979636806, 30.56742755293925], [111.4801564809369, 30.56745438870911], [111.48015618955657, 30.567454618036265], [111.4800523286521, 30.567535682026175], [111.47998102230639, 30.5676112610509], [111.47992623920464, 30.567663517957044], [111.47992549816325, 30.567663801243498], [111.47988791099834, 30.567678059095215], [111.47984304292214, 30.567663824625868], [111.47981606595874, 30.567643988279485], [111.47975678624675, 30.567562244402097], [111.47970005521341, 30.567478274702694], [111.47965100259177, 30.567380688368132], [111.47964059743566, 30.567359979679395], [111.47962456342293, 30.56722269816902], [111.47963436243595, 30.5671329476275], [111.47967235789304, 30.56705084581995], [111.479712441576, 30.567013130951295], [111.47971312865803, 30.567012484338704], [111.4798256914026, 30.56696495786656], [111.4798262777606, 30.56696470965369], [111.47990047272867, 30.56690885456004], [111.47990117689784, 30.566908324859355], [111.47994251333637, 30.566807287826123], [111.48000098096054, 30.566723451226324], [111.47996985902182, 30.56664160302762], [111.47988762771189, 30.566577663928115], [111.4798299146189, 30.566543236081543], [111.47976952604284, 30.566507211938358], [111.47972137813917, 30.566480360880007], [111.47950513075722, 30.566359768088887], [111.47947332173646, 30.566336141999386], [111.47933298972578, 30.566231917768846], [111.47914799738226, 30.566093040861176], [111.47914729141445, 30.56609242302693], [111.47889347395471, 30.565870241018843], [111.4787980423958, 30.56578331884515], [111.47872633495246, 30.565718007380212], [111.47861854940658, 30.56561248722653], [111.47852570159989, 30.56552159094872], [111.47835948530206, 30.565295697438557], [111.47821619542117, 30.565308958841456], [111.47807027412392, 30.565307279807143], [111.47784983500196, 30.56524827618705], [111.47767793678742, 30.565169159229356], [111.4775545012393, 30.56505442102474], [111.4774492023189, 30.564983921370924], [111.47721838591985, 30.564896158331067], [111.477096573648, 30.564849883715226], [111.47704655605378, 30.564830882839033], [111.4770457367714, 30.564831297426508], [111.47687418929246, 30.56491790663614], [111.4768733664128, 30.56491831223036], [111.47680622212948, 30.564951478328112], [111.4767543501332, 30.56497710091253], [111.47663924680387, 30.565033954253636], [111.47663837266282, 30.56503423124485], [111.47640921281499, 30.565106789446816], [111.4764083683516, 30.565107152772953], [111.47624061511237, 30.565179397111535], [111.47623978863538, 30.565179799108478], [111.47614867741959, 30.565224035860638], [111.47601738539407, 30.565335275702466], [111.47594846405042, 30.565375400754192], [111.47594758271481, 30.565375619289455], [111.47588070912747, 30.565392262143234], [111.47582952691118, 30.565395772197178], [111.47574245994662, 30.565389443667925], [111.4756629823608, 30.565364257254714], [111.47556781340393, 30.565347463314822], [111.47550925674688, 30.565337128305885], [111.47537847823423, 30.565291084815783], [111.47522719697764, 30.565239579742865], [111.4751374976974, 30.565218862960194], [111.47505417461053, 30.565192582971406], [111.4749359973984, 30.56510551510746], [111.47476886469144, 30.564953274274217], [111.47467003279581, 30.56489603872126], [111.4745853166591, 30.564846505861624], [111.4745513078966, 30.564818858003946], [111.47453648706926, 30.56480680888717], [111.47451057040655, 30.56474155587813], [111.4745164492748, 30.564634096786165], [111.4746198803033, 30.564583878643134], [111.47475529212312, 30.56453022239191], [111.47476756517108, 30.56452503780031], [111.47494285562834, 30.56445098402577], [111.47494305617715, 30.564450898590167], [111.47507133007787, 30.564381007777342], [111.47507198658298, 30.56438064984718], [111.47519406325546, 30.564323959283342], [111.47519458306363, 30.56432371736571], [111.47529335200664, 30.564264013173727], [111.4752941254236, 30.564263544626954], [111.47539289256798, 30.56418839727678], [111.47539359134123, 30.564187865777455], [111.47550396243798, 30.56413354222923], [111.47550467919763, 30.564133189694985], [111.47556454526762, 30.56409290636259], [111.47556517299438, 30.564092482781916], [111.47556591493509, 30.56409198365816], [111.47565009327724, 30.56403075961191], [111.47566251471335, 30.564016577303278], [111.47571628068187, 30.563955202170916], [111.47579285615546, 30.563884763670956], [111.47580994867025, 30.563869039025008], [111.47581057190041, 30.563868466156862], [111.47591092544889, 30.563711928362864], [111.47597195973822, 30.56362974471699], [111.47604447207476, 30.563538657782885], [111.4761004323891, 30.563465352244236], [111.47611171708212, 30.563446232657554], [111.4761613641557, 30.563362122663875], [111.4761903277215, 30.563264548919847], [111.47620154496536, 30.56320248220885], [111.47622143257314, 30.563081680774985], [111.47621691977508, 30.562943249031775], [111.47621212998587, 30.56274832907218], [111.4761804801451, 30.562556831032964], [111.47614157727202, 30.562452858612573], [111.47613179174886, 30.562395397329794], [111.4761202894199, 30.562286796998137], [111.47612333542367, 30.56223132141838], [111.47612734190335, 30.562158290172988], [111.4761474372545, 30.562079577010934], [111.47618429416991, 30.56202627868987], [111.47623466339905, 30.56197352176065], [111.47623523087128, 30.56197292820815], [111.47629578492257, 30.561910165421864], [111.4762963568914, 30.561909572768627], [111.4763721931223, 30.561830141947553], [111.47637276059447, 30.561829545697037], [111.4764179848022, 30.561792272395508], [111.47641865389784, 30.561791721111092], [111.47649241359409, 30.561716422674806], [111.47656453202757, 30.561642804172152], [111.47656511119101, 30.561642214216874], [111.47670212020677, 30.561531496881116], [111.47670279559759, 30.561530951891996], [111.47687936129353, 30.561404001793278], [111.47688007985187, 30.561403484683126], [111.47698267091357, 30.56133713809851], [111.47698342544481, 30.561336649766645], [111.4771395900201, 30.56122914570858], [111.47714032476625, 30.561228640289585], [111.47723015804542, 30.561164583378854], [111.47723088110035, 30.56116406806734], [111.47735642106204, 30.561067780353824], [111.47735711623801, 30.56106724525722], [111.4774482319504, 30.560988830670055], [111.47744888395891, 30.560988271291762], [111.47761655625914, 30.56088733138529], [111.47761733057541, 30.560886862838515], [111.47774796159922, 30.560778945092295], [111.47774862979549, 30.56077839200924], [111.47787797029218, 30.560661081743604], [111.4778786007169, 30.560660510674097], [111.47803092158983, 30.560547500966436], [111.47803163295356, 30.56054697576235], [111.47807852360506, 30.560506501773716], [111.47807917381488, 30.560505939697407], [111.47809012306078, 30.56046867538913], [111.47802324677548, 30.560402463702815], [111.47792309197717, 30.560336376122905], [111.4779171780354, 30.560333314830643], [111.4777498708599, 30.560246741593915], [111.47766270317129, 30.56021881674502], [111.47751674140454, 30.560207167826604], [111.47727997329218, 30.56020914093915], [111.47727909015794, 30.56020932260219], [111.47715467165085, 30.56023507468899], [111.4771538379793, 30.560235464095456], [111.4769950527795, 30.56030986590764], [111.47699477938562, 30.56031002778559], [111.47687764268915, 30.560378967115696], [111.47676414015302, 30.56046245118125], [111.47661744813678, 30.560563777796176], [111.47661674486693, 30.560564077270385], [111.47647822858744, 30.560622989159697], [111.47632087690698, 30.560637961972418], [111.47615201840097, 30.560655192982836], [111.47601116838075, 30.560642416314522], [111.47596895600259, 30.5606218164437], [111.47591879721477, 30.560597339595574], [111.47584167225546, 30.56052895065062], [111.47581825121136, 30.5604503966685], [111.47584469757481, 30.560361692038498], [111.47591589510256, 30.560263963611078], [111.47597259555891, 30.560215580085014], [111.47597325026533, 30.56021502160604], [111.47614722501447, 30.560072053682404], [111.47614789411011, 30.560071505095948], [111.47626085165706, 30.559986207097836], [111.47626138585434, 30.559985806000213], [111.47641217967839, 30.55993873638363], [111.47663625565872, 30.559834113753425], [111.47663692565368, 30.559833801688626], [111.47673823787943, 30.5597630520233], [111.47673896992757, 30.559762543007025], [111.47682244320123, 30.559677540885843], [111.47682302236467, 30.559676949131926], [111.47690140457621, 30.55958976165823], [111.47690194596811, 30.559589160911116], [111.47696290741231, 30.559492578219988], [111.47696369072179, 30.559390676038902], [111.4769185240707, 30.5593144171267], [111.47684407639309, 30.559270383621367], [111.47674091066455, 30.559228831345536], [111.47673507496381, 30.559226479618417], [111.47658898998998, 30.559189354704984], [111.47645204572541, 30.55918985562738], [111.47645116528912, 30.559190027397904], [111.47637401694737, 30.55920505416998], [111.4763735124277, 30.559205406704223], [111.47627455822436, 30.55927468058212], [111.47612796063692, 30.559394837202035], [111.4760208747636, 30.55948161998083], [111.47597720278571, 30.55950946389072], [111.47597700133758, 30.55950948637377], [111.47592620133321, 30.55951508375415], [111.47578763379232, 30.559483280129314], [111.47566362537606, 30.55944747901799], [111.47562601033218, 30.559402501224497], [111.47561883194362, 30.559351067198065], [111.47561475621609, 30.559321876103752], [111.47573005020172, 30.559158155424598], [111.47582270825143, 30.55899942958007], [111.47593238057499, 30.558870407443408], [111.47597287075143, 30.55882277485125], [111.47611896741648, 30.55874618678712], [111.47611968057885, 30.55874581356852], [111.47624358557306, 30.558696627847155], [111.47632545985215, 30.558682251284893], [111.47641749736965, 30.55866608776978], [111.4765949461999, 30.558637504617195], [111.47673856163539, 30.558590652636553], [111.4769059884207, 30.55858123403675], [111.477036498036, 30.558574112305507], [111.47711516713133, 30.558562287119912], [111.4771649823781, 30.55853712318975], [111.47716579986184, 30.558536710400915], [111.47720375035288, 30.55849043128842], [111.47722784139182, 30.55846046138123], [111.47723526259733, 30.55842688429334], [111.47721886795642, 30.55839666437464], [111.47716476474216, 30.558369844792537], [111.47710935481291, 30.55835878672866], [111.47705433069285, 30.558325781609597], [111.47702300460804, 30.558271327659668], [111.4769526974091, 30.55818675991111], [111.47676788313134, 30.558081104859127], [111.476557512819, 30.5579832972914], [111.47648116757188, 30.557935894026343], [111.47638549409533, 30.55787648930857], [111.47627756285931, 30.5577893818745], [111.47624513960159, 30.55770200194587], [111.47624934213349, 30.557663777161622], [111.47625494401052, 30.557612802688766], [111.47630301906912, 30.55749799163908], [111.47637535333996, 30.557371462423077], [111.4764820093373, 30.557197179206526], [111.4765786064176, 30.55705948490737], [111.47667879179289, 30.55687080264545], [111.47677166298195, 30.55675640708256], [111.47692265016025, 30.556612443609424], [111.47692325810192, 30.55661186534536], [111.47702583117723, 30.55650796307208], [111.47702641393789, 30.5565073731168], [111.47718378270548, 30.556365593197597], [111.47718441582816, 30.556365023027467], [111.47736086281361, 30.556189962796623], [111.47736145366821, 30.556189376438624], [111.47751499402182, 30.556046505641746], [111.47751561275538, 30.55604593187428], [111.47771765084894, 30.55589287085934], [111.47771835321947, 30.555892340259334], [111.47788488697802, 30.555795744078353], [111.47788553538919, 30.55579536816174], [111.4780375540899, 30.555738325063714], [111.47823949595602, 30.555683312634812], [111.47846052503326, 30.555606077058883], [111.47871130278446, 30.55556749884107], [111.478927102304, 30.555492498979675], [111.47911525216722, 30.555464648774546], [111.47914962785308, 30.55545956220908], [111.47931116767631, 30.555453509771723], [111.47950640509657, 30.555400654816424], [111.47974561217035, 30.55537651701269], [111.48000170131752, 30.555402157583558], [111.48013106069993, 30.555422727776715], [111.48024019343023, 30.555493211242776], [111.48032513080022, 30.5555892588373], [111.4804873262292, 30.55578027843717], [111.48056467961635, 30.555895182117013], [111.48063685560646, 30.55599792156687], [111.48070790294742, 30.55613168043277], [111.48073774784882, 30.55621464019356], [111.4807885253702, 30.556390560176283], [111.48082422305953, 30.55662302413333], [111.48088271316675, 30.55680556222694], [111.48094719995339, 30.556906115424965], [111.48103225603387, 30.557025423084838], [111.481121081173, 30.55713031731034], [111.48120343389144, 30.557220836772274], [111.4812753922456, 30.5573093111758], [111.48131031022268, 30.557352245709637], [111.48141452995668, 30.557464837232487], [111.48151190944714, 30.557530788115457], [111.4815121216871, 30.557530931107635], [111.48159295814855, 30.55757272170382], [111.48168131923757, 30.557583472199553], [111.48180413425348, 30.557573050855638], [111.4819076723013, 30.557547192648883], [111.4820675627679, 30.55752915944322], [111.48224173536784, 30.557437510432806], [111.48224244763094, 30.55743713631483], [111.48241358232104, 30.55736340090027], [111.48258718295222, 30.557314503861335], [111.48268453186569, 30.557287082632797], [111.48288651060403, 30.557239816064737], [111.48304754770624, 30.55719491741155], [111.48316928533433, 30.557132854297834], [111.4831701046167, 30.55713243791172], [111.48332753094087, 30.55702602383201], [111.48332827468022, 30.557025522010292], [111.48336315488575, 30.556991654441333], [111.48344243911731, 30.556914674272832], [111.48344302637463, 30.55691507896779], [111.48345785889313, 30.55692536541335], [111.4835052468697, 30.556958223942956], [111.48357283901538, 30.557055035961184], [111.4836460717089, 30.557106307210347], [111.48371685824645, 30.557118286180014], [111.48373573681488, 30.557121482370576], [111.48378607276908, 30.55712239698107], [111.4837862940023, 30.557122402377047], [111.48386782563972, 30.55706611560879], [111.48386856308377, 30.557065608391156], [111.48396731044306, 30.556968358403083], [111.48396790489494, 30.556967772944404], [111.48415087286457, 30.556856801999857], [111.48415164808017, 30.556856331654444], [111.48425550179002, 30.55678776824095], [111.4842562518246, 30.55678727271453], [111.48438157325108, 30.556637281085727], [111.48445467284495, 30.556538433901665], [111.48451799231157, 30.556403073343233], [111.4845734247238, 30.556225650593376], [111.48459283569088, 30.556010705429742], [111.48460908194363, 30.55594044229764], [111.48464090895084, 30.555802792964585], [111.48464381286175, 30.555708695100236], [111.48474766387363, 30.5556379247505], [111.4847484040157, 30.555637420230823], [111.48485989926502, 30.555546729897742], [111.48486057555516, 30.555546181311286], [111.48494032743423, 30.555497531585843], [111.48494096055697, 30.555497147575352], [111.48500001723704, 30.555477322920183], [111.48500101188728, 30.55547698927171], [111.4851376575769, 30.55541777790819], [111.48519469977566, 30.555394504352932], [111.4852854080952, 30.555357493653446], [111.48532668697709, 30.555340651150175], [111.48549015314813, 30.55527026391161], [111.48564345068479, 30.55521431528848], [111.48579542621803, 30.555149508343163], [111.48589076964339, 30.55511277823217], [111.48589123009623, 30.55511260106573], [111.48600783709207, 30.555038439372538], [111.48600859971714, 30.555037954637953], [111.48609333473968, 30.554952940825615], [111.48609392199694, 30.554952352668977], [111.48616210319858, 30.554881801753822], [111.48616267696605, 30.554881209999905], [111.48622704594146, 30.554810681567744], [111.48622759272928, 30.55481008171995], [111.48632888606932, 30.554719447144805], [111.48632952368865, 30.554718879672635], [111.48641807183662, 30.5546504133859], [111.48641876611322, 30.554649875591338], [111.48648561541887, 30.554609114718914], [111.48648638973515, 30.554608641675543], [111.48656221157688, 30.554528099292384], [111.48656277365313, 30.554527503041868], [111.48665641915846, 30.554461211315925], [111.48665714760932, 30.554460696004355], [111.48672526136176, 30.55442541829848], [111.48672607974487, 30.554424993818486], [111.48686055806837, 30.554347414701454], [111.48686134767314, 30.554346958745214], [111.48698304213377, 30.55425289325649], [111.486983738209, 30.55425235726051], [111.48706336328365, 30.554189465871218], [111.48706404766773, 30.55418892358], [111.48715694763507, 30.554083354862996], [111.48722550295469, 30.55397233985167], [111.48728384287512, 30.55386579177292], [111.48733841913281, 30.553774765992728], [111.48738948623588, 30.553684762741682], [111.48742595644279, 30.55362048279909], [111.48746028266595, 30.553574942929345], [111.48753659373887, 30.553479405250414], [111.48763197493577, 30.553358319630775], [111.48768151409064, 30.553283925912524], [111.48775779728459, 30.55318284930911], [111.48782993190588, 30.553090809992966], [111.48786061767345, 30.55305165800769], [111.48797369662884, 30.55291217135965], [111.48797400599562, 30.5529117891478], [111.48805399079907, 30.55278300802945], [111.48811878335522, 30.55268751171934], [111.48820387360996, 30.552556499383], [111.48826999356544, 30.552470964863176], [111.48835016003193, 30.552378734890738], [111.4884430321203, 30.55226873611332], [111.48849590776001, 30.552221477639137], [111.48849654537935, 30.55222090926759], [111.48851607685555, 30.552212364808838], [111.48857060814709, 30.552188511190877], [111.48863831810394, 30.552164996617364], [111.48875201219568, 30.552123590031727], [111.48881588834263, 30.552101201409357], [111.48891174078426, 30.552075366584972], [111.48905492724316, 30.552046031599104], [111.48905616201233, 30.552045717735723], [111.48924025863107, 30.55199881899034], [111.4893744635607, 30.55196508631974], [111.48952396236103, 30.551918007709958], [111.48962359285457, 30.551879973581947], [111.48976283938362, 30.551830718612848], [111.48986402030835, 30.55180842262064], [111.48986510668936, 30.551808183401022], [111.48999342555618, 30.55177797697212], [111.48999421695959, 30.551777791711743], [111.4900080791096, 30.551774135068342], [111.49013479988116, 30.551740715361802], [111.49020044499463, 30.55172000217641], [111.49028046307296, 30.551694756407926], [111.49035972841881, 30.551678951722295], [111.49048627831917, 30.551649677890396], [111.49061539218667, 30.55162150392931], [111.490744572604, 30.55160661925015], [111.49085710567095, 30.551589581593987], [111.49086620860868, 30.55158885314313], [111.49103108401738, 30.551575635807012], [111.4911743298315, 30.55155848303764], [111.49135072285765, 30.55151573016684], [111.49150540355157, 30.551481920154515], [111.49158710606014, 30.551441104423475], [111.49160297639628, 30.55143317510101], [111.49160369765258, 30.55143281537221], [111.49172118688335, 30.55138364044268], [111.49173279533233, 30.551381439801673], [111.49184648402809, 30.551359907333904], [111.49191509060898, 30.551358550256964], [111.49191558523614, 30.55135853856575], [111.49195345388887, 30.551314104862115], [111.49204153798667, 30.55121075297393], [111.49212042201992, 30.55111963276488], [111.49218396991432, 30.55103189400677], [111.49225130395456, 30.550934171874587], [111.492286750733, 30.55085761438744], [111.49234869963283, 30.550706745919626], [111.49241469817986, 30.550597954032412], [111.49250864585736, 30.55044807302022], [111.49261284580626, 30.550301477231415], [111.4926969288203, 30.550199950967], [111.49269934260064, 30.55019703626425], [111.4927718171657, 30.550103724407393], [111.49278553632348, 30.550086515880082], [111.49282141387721, 30.550041512006203], [111.49288830814896, 30.549976494619557], [111.4928889097954, 30.549975910060255], [111.49298891980288, 30.549909571569515], [111.49298967163611, 30.549909073345134], [111.49314583081548, 30.549820324648294], [111.4931466294135, 30.549819873188653], [111.49331318115844, 30.549728762872178], [111.49331381338186, 30.549728418431812], [111.49352325559386, 30.549642340721505], [111.49367527339524, 30.549588599933998], [111.49387707496709, 30.54951030495664], [111.4938986047369, 30.54950373810709], [111.49393128610001, 30.549493770021513], [111.49404564658937, 30.54945888801734], [111.49405723885053, 30.54945535188301], [111.49421062362143, 30.549419327739827], [111.49444202188187, 30.549373038734814], [111.49456477844183, 30.54935374467965], [111.49468494315568, 30.54932781632573], [111.4947078291031, 30.549320156799865], [111.49478167423496, 30.549295448825944], [111.4947820357624, 30.549295325618857], [111.49482208257314, 30.549271274150044], [111.49482286408397, 30.549270803804575], [111.49484460789239, 30.549246150689328], [111.49489539170901, 30.549188567998044], [111.49496409181944, 30.549108559812225], [111.4950186168158, 30.549018034055052], [111.49505399344707, 30.54891881994763], [111.49507978060745, 30.54882564658635], [111.49507978870133, 30.548825616009424], [111.49508038495185, 30.548823466629756], [111.49511963496326, 30.548740247864203], [111.495170329747, 30.548642586885933], [111.49521485787943, 30.548572341740226], [111.49523507733699, 30.54854044368659], [111.49529743003245, 30.548470426968663], [111.4953655896503, 30.54840650495629], [111.49536620838387, 30.548405926692226], [111.49549171237271, 30.548311832425156], [111.49549242013916, 30.548311300925832], [111.49555801399123, 30.548258433380056], [111.49555869477803, 30.54825788569292], [111.49569684593274, 30.5481781473037], [111.49569777673105, 30.54817760860982], [111.49577882723116, 30.548142149240846], [111.49577904306847, 30.548142054812047], [111.49577949632675, 30.548141856061875], [111.49585781018988, 30.54809990268842], [111.4958586249756, 30.548099467416534], [111.49592292470328, 30.548054322349174], [111.49592365765074, 30.548053808836244], [111.49597144222832, 30.548024149195157], [111.49597213560565, 30.548023719319247], [111.49603480576172, 30.5480168359083], [111.49605986626989, 30.548019577941204], [111.49609097561807, 30.54802298457315], [111.49614236108118, 30.54802860893318], [111.49622681371653, 30.54802718170913], [111.49626363735706, 30.548023624890448], [111.4962967602873, 30.548020426001926], [111.4962982369741, 30.54802028480833], [111.49629844561684, 30.54802026502324], [111.49631383661432, 30.547865828045587], [111.4963175481164, 30.54782859341492], [111.4963447274273, 30.547555901883413], [111.49635135902804, 30.54754184098323], [111.49635281682907, 30.54747473087417], [111.49635281862771, 30.547474699397924], [111.49635703914612, 30.54743236201392], [111.49638482909666, 30.54731033030754], [111.4964879228794, 30.547133784396692], [111.49648816299839, 30.547133374305815], [111.49663649088143, 30.5468793688878], [111.49663673100042, 30.54687895879698], [111.4966709367144, 30.546820379656822], [111.49667118043067, 30.54681997226396], [111.49672668299007, 30.54660702719258], [111.496740421933, 30.546554317028153], [111.4967405568313, 30.546553799918], [111.49680069359721, 30.546323066256548], [111.49681073542718, 30.546106019377362], [111.49682299228732, 30.545841064713443], [111.4968230021799, 30.545840853372738], [111.49680575138439, 30.545694496803662], [111.4968035453474, 30.545635466203862], [111.49680353095823, 30.545635076797396], [111.49679906042837, 30.545626014329173], [111.49679578509745, 30.545619376433137], [111.49667927073182, 30.545383209967213], [111.49667015610288, 30.545364733395786], [111.49655674799561, 30.54524397423006], [111.49649816975477, 30.545197067390802], [111.49648514307495, 30.545195774165677], [111.49645136004227, 30.54519242509042], [111.49633319092408, 30.545180705125517], [111.49629907064565, 30.545210882776075], [111.49621092089734, 30.54528884770224], [111.49589808542834, 30.545555002061747], [111.49583311480649, 30.54565389421191], [111.49579015958824, 30.545719273125997], [111.49565812112547, 30.545894094137168], [111.49565732432615, 30.545894348645334], [111.49563843316724, 30.5459004262637], [111.49554966828265, 30.545928983335955], [111.4954284720464, 30.54588450466622], [111.49527007625306, 30.545627115099308], [111.49519589837206, 30.54548283956143], [111.49519583182223, 30.545482710958368], [111.49527686793317, 30.54510225636409], [111.49527944089357, 30.545090176670385], [111.49534123421063, 30.544780246011612], [111.49534614540835, 30.54475560998344], [111.49534616429412, 30.54475551735328], [111.49534622095138, 30.544755229570228], [111.4955499650589, 30.544724904430836], [111.49565070801384, 30.54469794725253], [111.4956802903132, 30.544690858796173], [111.49570768636067, 30.544684293745206], [111.49570828890648, 30.54468414895439], [111.49570838063732, 30.544684127370658], [111.49571316682926, 30.544672303084383], [111.49616305178347, 30.543561125945246], [111.4961711753595, 30.543541061171084], [111.49618821841159, 30.543118062348753], [111.49618823370008, 30.543117675640246], [111.49592663620535, 30.543087646377842], [111.49507222000699, 30.54280697875913], [111.49467478980978, 30.542522522296622], [111.49458597456311, 30.541929748559085], [111.49454676142398, 30.541679635406922], [111.4945132481879, 30.541465870153843], [111.49447823758067, 30.541242570288432], [111.49446770382156, 30.541077053663173], [111.49443028213187, 30.540937200991095], [111.4944234625728, 30.54091171240566], [111.49442341221078, 30.540911519950726], [111.49446939364765, 30.54068761843888], [111.49447134787448, 30.54067997420151], [111.49448107584107, 30.54064191309385], [111.49452661031489, 30.540463787973465], [111.49452662560333, 30.54046372412165], [111.49450171258405, 30.540167652015555], [111.49449980062536, 30.54014493064409], [111.49449979882672, 30.54014490366444], [111.49449978983347, 30.540144799343068], [111.49449976824974, 30.540144545734222], [111.49471523681876, 30.540107668134453], [111.49472127576632, 30.540106633914093], [111.494721780286, 30.54010654757917], [111.49488649471601, 30.539953438000794], [111.49488687333059, 30.53995308726519], [111.49488711524822, 30.53995286243469], [111.49489451217204, 30.53970033190484], [111.49489620199819, 30.539642607120697], [111.4948962118907, 30.53964226268033], [111.49467837720539, 30.539180497681855], [111.49464615179852, 30.53909883204551], [111.4945941026358, 30.538966936574923], [111.49453256562549, 30.538784260884995], [111.49442743937487, 30.53846247536302], [111.4943631918079, 30.538265816114574], [111.49433889842146, 30.538191450275235], [111.4943267665671, 30.538089123614213], [111.49430224205491, 30.537882259758533], [111.49428709297501, 30.537753232225953], [111.49428708937774, 30.537753203447608], [111.49428681868181, 30.53775092006896], [111.49428086067326, 30.5376608106979], [111.4942697072812, 30.537492127559688], [111.49426418184657, 30.537408583239596], [111.49426416026284, 30.537408254087723], [111.4942902450988, 30.537262827417578], [111.49430555785528, 30.53720425727073], [111.49430607496544, 30.537202280560848], [111.49430613342139, 30.537202058428306], [111.49448510840108, 30.537028792344927], [111.49457256926871, 30.536944120274995], [111.49457325275347, 30.53694345657533], [111.49473369000788, 30.53680782532092], [111.49502299201754, 30.536563250193865], [111.49504853276363, 30.53654165837088], [111.49504998157147, 30.53654043529292], [111.49527264831414, 30.5363907125614], [111.49557793667248, 30.536185436009134], [111.49561346708788, 30.53616154461963], [111.4956140300635, 30.53616116600506], [111.49561421712247, 30.536161040099955], [111.49564046203773, 30.536038613591188], [111.49565298779521, 30.535794319052627], [111.49565299498977, 30.535794185053646], [111.49564399907138, 30.535666205231223], [111.49563921737604, 30.535598194001523], [111.49561586288183, 30.535265973645835], [111.49560906580581, 30.535169288431973], [111.49560105104774, 30.535055274181616], [111.49560056631316, 30.535054081680585], [111.4955794457349, 30.535002417427677], [111.49557751039384, 30.5349976788998], [111.49557711379282, 30.53499772206726], [111.49552999381422, 30.535002898564983], [111.49421612927102, 30.5351472253642], [111.49390478218004, 30.535227746163628], [111.49381352437473, 30.53530021533271], [111.49345386390473, 30.53504254787532], [111.4918950743982, 30.534515795167863], [111.49189176039647, 30.534469143736032], [111.4918905975731, 30.534466955685502], [111.49186142356592, 30.534412034088177], [111.49181299597302, 30.53434285373976], [111.49179387818498, 30.534328588693484], [111.49176674833683, 30.53430834675288], [111.49171255608968, 30.53428774238546], [111.49165448056988, 30.534291428706524], [111.49160253662785, 30.534319370642493], [111.49154869421693, 30.53436812828653], [111.49147310529963, 30.534474191630693], [111.49138569569334, 30.53462018307505], [111.49130207583022, 30.534722809210336], [111.49122837369055, 30.5348063229535], [111.49114670625556, 30.534898535838806], [111.49106301444664, 30.534987289032188], [111.4909832346886, 30.53505695321587], [111.49089133117008, 30.535105853852144], [111.49081538072528, 30.535140821291918], [111.49069934120172, 30.53517073813913], [111.49058524511304, 30.53518850784343], [111.490459042351, 30.53518898268544], [111.49032472860341, 30.535170411685215], [111.49013619023304, 30.535124300745906], [111.48998365891879, 30.535067649752307], [111.48977488760102, 30.53498173122199], [111.48952391020038, 30.534868225987907], [111.48912024680203, 30.53466685429197], [111.48899570778576, 30.534599692022198], [111.48889919883902, 30.534528955846667], [111.4888126597765, 30.534449514233756], [111.4887904609111, 30.53441665030823], [111.48872770082278, 30.534285094781353], [111.48867515703296, 30.534193387315042], [111.48858643621514, 30.534077535749702], [111.48844555112134, 30.533946274301172], [111.48828661393617, 30.53380987772374], [111.48811767718911, 30.533676986703597], [111.48792261423733, 30.533526852981936], [111.48758663381614, 30.533238518642747], [111.48736934501932, 30.53305031661887], [111.48728083464289, 30.532976081181232], [111.48718227973848, 30.53289668273578], [111.48708580676464, 30.532832882131856], [111.48688689741243, 30.53271397467023], [111.48678441337006, 30.53265019744873], [111.48661367797894, 30.532557194059336], [111.48650323403706, 30.532503848973477], [111.48641285127212, 30.532455632721337], [111.48632841392521, 30.532395254937114], [111.48624999843872, 30.53233659036141], [111.4861231760438, 30.53221220872649], [111.48602856196862, 30.532118921151323], [111.48594609413698, 30.532051598802298], [111.4858488684306, 30.531980760104034], [111.48583953886367, 30.53197396212869], [111.48573507091686, 30.53191365988755], [111.48564460091768, 30.531848101109006], [111.48550582293547, 30.53173590438854], [111.48548102233138, 30.53171010733564], [111.48563932369592, 30.531376663002675], [111.48535696265378, 30.53102049190221], [111.48493288644363, 30.531133221021378], [111.48489830031639, 30.53142720490166], [111.48481906105087, 30.531449480209403], [111.48472467270557, 30.531478293588407], [111.48466879782683, 30.532001228673835], [111.4842055336585, 30.532025385363283], [111.48424425576786, 30.53152629220466], [111.48356861669834, 30.530888135079408], [111.48355732840804, 30.53047042696869], [111.48332105492278, 30.53001935940597], [111.48302034321432, 30.52963273006651], [111.48362176573198, 30.52883799287912], [111.48332105492278, 30.528172131238932], [111.48252631683613, 30.52580939818523], [111.47807732211078, 30.52885778336008], [111.47757793397454, 30.528022740357244], [111.47690140817349, 30.527582461061797], [111.47657925213082, 30.526799086808467], [111.47558057118647, 30.526380285122116], [111.47503290744277, 30.526326592897988], [111.474238258389, 30.526798549913224], [111.47336843860262, 30.52607960668854], [111.47306776016904, 30.526219206651092], [111.47275527003973, 30.526744319894476], [111.47244492659217, 30.52676633439887], [111.4720476016156, 30.525864299997522], [111.47210129473905, 30.52523072761602], [111.47129590688064, 30.52457621631936], [111.4709522741282, 30.524694338672816], [111.47047978021772, 30.524865619053116], [111.4694587978853, 30.52465592862825], [111.46948710044938, 30.524276689018052], [111.47030322621299, 30.523095452892903], [111.47063612016086, 30.522762558944976], [111.47082555065867, 30.522058959953085], [111.47118843339956, 30.52223909685688], [111.47115621788521, 30.521626038910597], [111.47114380364366, 30.521389819384694], [111.4711403241667, 30.520668136825122], [111.47113925127547, 30.520445506055296], [111.47116977156776, 30.520271634728203], [111.4702313703815, 30.519141722012932], [111.46980178222651, 30.518411422149484], [111.46984474104204, 30.517874436955765], [111.47044616355964, 30.517208576214898], [111.47134829868509, 30.516156086134515], [111.47160605067876, 30.51540430686333], [111.47167048980134, 30.51501767842319], [111.47233635144153, 30.51480288434567], [111.47248670729579, 30.51422294033648], [111.4726585416584, 30.51357855810403], [111.472379310257, 30.51299861499416], [111.47298073277466, 30.512676423877906], [111.47392582581625, 30.51235423276171], [111.4748709188579, 30.51132322208906], [111.47589011693543, 30.511585271043487], [111.47619082774457, 30.512100775930094], [111.47678258524815, 30.5120750013603], [111.47780178332567, 30.51229409059988], [111.4781572673441, 30.51082919571087], [111.47946751031742, 30.51024925170168], [111.48264530793466, 30.51114037462861], [111.48315241315339, 30.510681711391896], [111.48393934332609, 30.50996994115991], [111.48549822995943, 30.508773471418635], [111.48563394035415, 30.508699834929473], [111.48686966190542, 30.508029316599732], [111.48694158968266, 30.507993028955184], [111.48809943803872, 30.507408851837113], [111.48889820778612, 30.50708905201816], [111.48975574013537, 30.50674571604202], [111.49032226805826, 30.506250893763763], [111.4908419943626, 30.505879418000802], [111.4911852206215, 30.50565449485913], [111.49119081530392, 30.505519236823375], [111.49119142594361, 30.50550448164654], [111.4911124492802, 30.505429108566545], [111.49102524202135, 30.50542912115708], [111.49102491466812, 30.50542949797301], [111.49088070208279, 30.505595791612564], [111.49088036123976, 30.505595567681382], [111.49063674838732, 30.505436026151756], [111.49058211007639, 30.50522358919733], [111.49056190860529, 30.504978622865224], [111.49054475223858, 30.50477053233425], [111.49052164595724, 30.504490320671835], [111.4905067576808, 30.504250466086205], [111.49053162123738, 30.503983194768693], [111.49054102095141, 30.503843179319347], [111.4905569245625, 30.50360627540931], [111.49054991434713, 30.50346539121489], [111.49054225931786, 30.503311593655155], [111.49050995656933, 30.503222862944824], [111.49040148574005, 30.502924912155038], [111.49037760424312, 30.502859314705688], [111.49037669233053, 30.502859454100587], [111.49018048903838, 30.502889244143375], [111.49017957802516, 30.502889476168434], [111.49013440867606, 30.50290096320896], [111.4900285072099, 30.502927890709657], [111.49002825000377, 30.50292811374152], [111.48994099867821, 30.5030032862727], [111.48994055711108, 30.503003297963858], [111.48969521306367, 30.503010169683648], [111.48969479038232, 30.50301053390905], [111.48954406041014, 30.503140396911817], [111.48941596727315, 30.503448799622447], [111.48925935393612, 30.503612934889077], [111.48923285181473, 30.503640707752538], [111.48893999028837, 30.50384696366649], [111.48854144223384, 30.504058826853452], [111.48836708707148, 30.50404514186988], [111.48828822731991, 30.503942353856587], [111.48830494391808, 30.503729907908962], [111.4884088120171, 30.503531156837482], [111.4885388782667, 30.503415497727076], [111.48865482156282, 30.503312397649097], [111.4886554609808, 30.50331183017687], [111.4888869473748, 30.502921179069233], [111.48916989927147, 30.502693076824073], [111.48937939634214, 30.50252418864045], [111.48938007443093, 30.502523642751953], [111.48981657207719, 30.502222564120075], [111.48981731311858, 30.50222205240584], [111.49015855277503, 30.50196213034809], [111.49015925424624, 30.501961592553528], [111.49031508877039, 30.501884010738536], [111.49036503711682, 30.50185914358468], [111.4903657871514, 30.501858771265347], [111.49038481500725, 30.501854386171033], [111.49084146286327, 30.5017491555991], [111.49084188644395, 30.50174905937166], [111.4910795511804, 30.501598745785543], [111.49108032100008, 30.50159825925232], [111.49117622560237, 30.5014063610148], [111.49116097939572, 30.501255595069722], [111.49107427305933, 30.501132252151763], [111.49093950425475, 30.501132271037534], [111.490938717348, 30.501132645155508], [111.49078883723513, 30.501204012655137], [111.4907091635971, 30.501241949656276], [111.49017663184617, 30.501584674093465], [111.49017639442513, 30.501584647113816], [111.49004984632342, 30.501570982814656], [111.4900422227704, 30.501495600741407], [111.49022552798579, 30.50125572097477], [111.49033715003952, 30.501098086007914], [111.49036066821031, 30.500973731352644], [111.4903695508142, 30.500926755265596], [111.49013177995772, 30.50091308107386], [111.4901308644479, 30.500913259139622], [111.4900381911097, 30.50093125277516], [111.48903692011783, 30.501125661919787], [111.48903600820529, 30.50112580581134], [111.48792619623703, 30.5013022330117], [111.487925294217, 30.50130232833982], [111.48784014820433, 30.50131136202981], [111.4875218682397, 30.501345133371274], [111.48725235671094, 30.50133831111424], [111.48711002280936, 30.50124923686286], [111.48718985832534, 30.50111216489455], [111.48773727385617, 30.500811017914202], [111.48773808504467, 30.50081057095116], [111.48814636376375, 30.500574351425257], [111.48838887224872, 30.500434040998243], [111.48838966994737, 30.500433579646028], [111.4890086652178, 30.500058886108775], [111.48900931722625, 30.50005849040707], [111.48912414356442, 30.50003594800063], [111.48916394486025, 30.500028134690695], [111.48920743427573, 30.500019594728542], [111.489260076991, 30.500011919914243], [111.4895211178054, 30.499973858806584], [111.48968016021126, 30.499913016072867], [111.48968097679568, 30.499912704008125], [111.48973552787237, 30.499840043283427], [111.48971107080934, 30.499776007057108], [111.48963719510056, 30.499729102915808], [111.48963627869136, 30.499729293572102], [111.48940997329169, 30.49977631192729], [111.48915823506456, 30.499776569133417], [111.48915746794285, 30.49977694415071], [111.48893078662655, 30.49988784135087], [111.48883706018222, 30.499870853157404], [111.48878782140088, 30.499836735576935], [111.4887982616305, 30.499674433128632], [111.48887683000174, 30.49961925792246], [111.4888774343462, 30.49961883434179], [111.48932677880788, 30.499571397801844], [111.489736621448, 30.49952827261177], [111.4899830437825, 30.499400325164913], [111.48998387115881, 30.49939989798696], [111.49013755990052, 30.49920755368572], [111.49015779824384, 30.499066595746854], [111.49002480919762, 30.49898558481692], [111.48958097128485, 30.498870725203858], [111.48934419238066, 30.49882825921685], [111.48925552462282, 30.49877709768498], [111.48925081487329, 30.49871303987493], [111.48935887471237, 30.498632392271134], [111.48935969039746, 30.49863178522878], [111.4895524187092, 30.49856752686992], [111.48991279234156, 30.498554347305344], [111.49021844492535, 30.498456037915844], [111.49021916528233, 30.498455805890785], [111.49036221144695, 30.498315303008894], [111.49036280230155, 30.498314722046814], [111.49043265174555, 30.498101108779224], [111.49041353665547, 30.497921754285585], [111.49033539816014, 30.497682668620314], [111.49035089168035, 30.497486194632245], [111.49046426921069, 30.49737693959412], [111.49056325219237, 30.497281556598637], [111.49056385383886, 30.497280978334516], [111.49071290207883, 30.497003220022634], [111.49072845495431, 30.4967896634123], [111.49070175228411, 30.49628601338884], [111.4907145478382, 30.49603346667118], [111.49071502178089, 30.496024134406355], [111.49074657629353, 30.49583171276339], [111.49095658687702, 30.495645018003245], [111.49095722269772, 30.495644451430337], [111.49097604910543, 30.495558925903765], [111.49091436190832, 30.49553761197126], [111.49091358489409, 30.49553801576684], [111.49069779796508, 30.49565006140125], [111.4905368220168, 30.495762455073304], [111.49048104876147, 30.49581595214454], [111.49047988324008, 30.495816053767896], [111.49035748461029, 30.495826769190103], [111.49033307880859, 30.49574128683099], [111.4903675687084, 30.495623305671074], [111.49038271059368, 30.495571507419186], [111.49038308830893, 30.495570222287995], [111.49058143918211, 30.495366941331326], [111.49062535937287, 30.49533393711158], [111.49086558627783, 30.49515341529792], [111.49086629404428, 30.495152882899276], [111.49095959331066, 30.494984324766847], [111.49099060373345, 30.494928300600634], [111.49107766800006, 30.494757198286095], [111.49104730778708, 30.4946075933658], [111.49107240606673, 30.4944953390887], [111.49110388323766, 30.494324294330795], [111.49106111687712, 30.494190734215067], [111.49097768137494, 30.49418680777501], [111.49094996426948, 30.494185503758047], [111.49094920344305, 30.49418587967466], [111.49056019000085, 30.49437829502233], [111.49055947324115, 30.494378590899316], [111.49027567238443, 30.49449615657244], [111.49027476676713, 30.49449644885209], [111.49012872765871, 30.49454362099135], [111.49012032978948, 30.494546334245968], [111.48996032780695, 30.494598018283966], [111.48995941139776, 30.494598223329376], [111.48979343791689, 30.494635597355], [111.48979305030906, 30.494635859957043], [111.48962008999524, 30.494753344691162], [111.48957888036108, 30.494869900425613], [111.48949532884643, 30.495106187400665], [111.48943325943742, 30.495352143886407], [111.48940764494694, 30.495453644969814], [111.48940679958417, 30.495453922860293], [111.48927779183668, 30.495496530940216], [111.48915344077875, 30.49573179988272], [111.48903528155307, 30.495961716959698], [111.48894849427762, 30.496052656405027], [111.48894806889831, 30.496052565573507], [111.48884974781765, 30.496031380244062], [111.48875768691778, 30.49586580516285], [111.4887584180666, 30.495657380084083], [111.48876513870027, 30.495502395419237], [111.48874080934092, 30.495395535275804], [111.48862362767835, 30.495347557343962], [111.48851058739376, 30.495337478641773], [111.48832726239328, 30.49532113526226], [111.48832635227939, 30.49532124497955], [111.48801831379421, 30.49535885642615], [111.48777150744917, 30.495289628413673], [111.48777059193935, 30.495289804680795], [111.48754901067838, 30.495332604316275], [111.48754872469397, 30.49533286511968], [111.487325948234, 30.495535905957354], [111.48718347763543, 30.495653620018572], [111.48714581492749, 30.495824671071773], [111.4871401500979, 30.495881419192187], [111.48713941355317, 30.49588880712281], [111.48713855290197, 30.49588912638211], [111.48706294419958, 30.49591720321638], [111.4869662490932, 30.495953108649076], [111.48696604134977, 30.495953238151458], [111.4868362637826, 30.496033401919988], [111.48683573408192, 30.496183039215964], [111.48684252216475, 30.49633854818552], [111.48684716176717, 30.49644489031948], [111.48690225783298, 30.496583783414906], [111.48691042457648, 30.49659646385578], [111.48698825460434, 30.496717301262493], [111.48697552470077, 30.496824197378885], [111.48697462627803, 30.496824377243286], [111.48681482574369, 30.496856423685074], [111.48681482484437, 30.496856622435246], [111.48681422319788, 30.497027436966675], [111.48660312803202, 30.49733760774444], [111.48649777065566, 30.497439250920763], [111.48649733358513, 30.49743921314922], [111.48625696638595, 30.497418114154698], [111.48613561007039, 30.497365652203143], [111.48612129196414, 30.49735946306879], [111.48608434601584, 30.497327434613453], [111.48620254930825, 30.497086830892556], [111.48629653925394, 30.496707301700667], [111.48637770126999, 30.496461389281762], [111.48637149864578, 30.496452855614848], [111.48630394517102, 30.49635992507052], [111.48624881223299, 30.496231720417597], [111.48613797798538, 30.496135635051587], [111.48597739324214, 30.496135793332257], [111.48597648222892, 30.49613603794785], [111.48580944934668, 30.496181014842023], [111.48561882275055, 30.496232341849122], [111.48561792702577, 30.496232646719307], [111.48522306259434, 30.496366337236736], [111.48522283236787, 30.496366497316046], [111.48512838556661, 30.496431804284384], [111.48507674199811, 30.496467516362827], [111.48503731571958, 30.496494780210014], [111.48480831595106, 30.496628607424327], [111.48480757580904, 30.496628879019624], [111.48473106688527, 30.49665679037861], [111.48461024926365, 30.49670086795072], [111.48457331140924, 30.496714345190924], [111.48443123381446, 30.49671982835747], [111.4842152328468, 30.496671941257148], [111.48414912008587, 30.496631875560638], [111.48409197086784, 30.496597242668656], [111.48386342525691, 30.496602811270748], [111.48386262665895, 30.496603181791443], [111.4837025743144, 30.496677784152496], [111.4830587802386, 30.49708456460104], [111.48272577387542, 30.49734250005639], [111.48251994064282, 30.497501929170767], [111.48234079569124, 30.497633964036254], [111.48230938776811, 30.497657112585728], [111.48186353807188, 30.497906382173824], [111.48180190483413, 30.49794083969806], [111.48180083733882, 30.49794107262244], [111.48157938018431, 30.497989151278375], [111.48105453314025, 30.497946898430655], [111.48080147111108, 30.497899041907317], [111.48080107001346, 30.497899504158852], [111.48074565288965, 30.497963224723094], [111.48067111078319, 30.498080866838563], [111.48062718519651, 30.49827329927342], [111.48056530374583, 30.498305423056877], [111.48047286872799, 30.49824672430691], [111.48046086098003, 30.498150540015445], [111.48048048688503, 30.497845904564883], [111.48047484813577, 30.497696272664882], [111.48041949126656, 30.497632196868437], [111.48028982521532, 30.497621629834384], [111.48028891330279, 30.497621788115055], [111.4801971213002, 30.497637751081413], [111.48008007723382, 30.497552354157847], [111.48005654377454, 30.497226383191105], [111.48015126756701, 30.497078112864642], [111.48019319486014, 30.497012488435644], [111.48039700192015, 30.49683649830581], [111.4803976512307, 30.49683593802814], [111.48048526318439, 30.49672344093409], [111.48068428944845, 30.496467880588284], [111.48070169942395, 30.49644552434154], [111.48075082039412, 30.49634199528691], [111.4812283172331, 30.496181282839984], [111.48122879657177, 30.496181120962035], [111.48150200071683, 30.496028913403677], [111.48150280920731, 30.496028462843356], [111.48167875706906, 30.49588846987706], [111.48167944055382, 30.49588792668652], [111.4817493070849, 30.495530735754926], [111.48174971717577, 30.49552863313994], [111.48174979991342, 30.49552820506267], [111.48174998067714, 30.49552728415688], [111.48198797186745, 30.49530180523419], [111.48198858160782, 30.495301228768767], [111.48245826064027, 30.49509039080891], [111.48245911859351, 30.49509000499978], [111.48263257803109, 30.495009922170198], [111.48263339731352, 30.495009543555625], [111.48282572812491, 30.495028152327393], [111.48308112929072, 30.49488244237085], [111.48308186043954, 30.494882024186097], [111.48337520490185, 30.494975855851123], [111.48355977906061, 30.495069793636105], [111.48385031224217, 30.494971867357833], [111.48385381510155, 30.494970685648696], [111.48397168294684, 30.49493597001907], [111.48471944674515, 30.494715726949266], [111.48480970270566, 30.494679245051145], [111.48529051174779, 30.49448490065771], [111.48529131034576, 30.494484578700394], [111.48584134110507, 30.494075156942984], [111.48584205067016, 30.494074629940258], [111.48610404926251, 30.493806139142066], [111.48603873959621, 30.493808134737662], [111.48606658080814, 30.49378186913799], [111.48600071715941, 30.493809297561086], [111.48587440827737, 30.493813160149273], [111.48583143237477, 30.493814473159432], [111.4858305168649, 30.493814690795375], [111.48556089022298, 30.493879061569487], [111.48550282099848, 30.49387409371451], [111.48542577607878, 30.493867499885255], [111.48533131308972, 30.493826660771845], [111.48533156040327, 30.493756492068485], [111.48541353900367, 30.49368362090246], [111.48545769571615, 30.493644368193088], [111.48556141542701, 30.493552172394914], [111.48556205214703, 30.493551604922686], [111.48563690721755, 30.49340534727901], [111.48562622596961, 30.493352067843716], [111.48561698543557, 30.493305959602424], [111.48530907375482, 30.49307321955348], [111.4853002208286, 30.493066526798827], [111.48494954638454, 30.492862213420437], [111.48494860569366, 30.49286238609028], [111.48478020224462, 30.492893337157852], [111.48468740120268, 30.49291039190109], [111.48456661325866, 30.493057783589904], [111.4845636463952, 30.49306140426046], [111.48457668386692, 30.493195880785322], [111.48444772468281, 30.49335388807151], [111.48444690090383, 30.493354121895266], [111.4839742001493, 30.49348884033776], [111.4839737576828, 30.49348909304723], [111.48377782778459, 30.493600133239624], [111.4836220454211, 30.493699689988773], [111.4835470833313, 30.493875186390767], [111.48345868986672, 30.494027304916244], [111.48299823787846, 30.494285037124826], [111.48299723243639, 30.494285110869214], [111.48276165142914, 30.494302807728445], [111.48276082585147, 30.49430317914846], [111.48242321495945, 30.49445516727218], [111.48242229944964, 30.494455368720367], [111.48207829078058, 30.494531514318], [111.48207738336464, 30.49453164202174], [111.4819174344421, 30.494554054925743], [111.48149006311598, 30.494613940780766], [111.4814896593204, 30.494614251046926], [111.48142907559145, 30.494660779271612], [111.48142204379235, 30.49473680076278], [111.48125920624744, 30.49491822729442], [111.4808815782223, 30.495171638260558], [111.48074436416113, 30.495263715348244], [111.48072795603042, 30.495272051164307], [111.48037850196636, 30.49544953596734], [111.48012150000727, 30.49558006536779], [111.47949202044043, 30.495855487240988], [111.47925663638472, 30.495973409045632], [111.4792347531814, 30.49598437088207], [111.47922292979445, 30.495984225191876], [111.47885981143122, 30.495979732178967], [111.47879550810626, 30.49597893627896], [111.47859289714455, 30.495944040784877], [111.4785920337954, 30.49594441400353], [111.47843044900605, 30.49601436057435], [111.47842956317385, 30.496014685229568], [111.47836898933747, 30.496036885893602], [111.47825451103694, 30.49607884556235], [111.47805085955957, 30.49633047407218], [111.47797563216977, 30.496576137378895], [111.47796962469846, 30.496661197955973], [111.47794713805007, 30.496979634402635], [111.47786523679133, 30.497201912638218], [111.47774320778285, 30.49730727990709], [111.477614467134, 30.497400956888725], [111.47745856426138, 30.497529743402993], [111.47745779803898, 30.497529972730092], [111.47735425009864, 30.497560929193583], [111.4771943974036, 30.49760872096573], [111.47706617206626, 30.49764705456795], [111.47683341672888, 30.497639047903817], [111.47681745016524, 30.49763849841804], [111.47673506866852, 30.49763566375492], [111.47662623811044, 30.497626344979892], [111.47653239115698, 30.497618307738776], [111.47653148104308, 30.497618514582825], [111.47622126260126, 30.49768876332581], [111.47592403486635, 30.49765394877079], [111.47592339364974, 30.49765435166705], [111.47584952513552, 30.497700796254776], [111.47570705093972, 30.497852960645673], [111.47551737582631, 30.49797592944566], [111.47521255691402, 30.498169171270263], [111.47498859874491, 30.498426658863252], [111.47477615459593, 30.498651807734802], [111.47451369015477, 30.498929967144306], [111.47434255006868, 30.499035650075257], [111.47432403212844, 30.499047086753706], [111.47432380459998, 30.499047078659828], [111.4741618582832, 30.499041385951273], [111.47395928329433, 30.4989947866801], [111.47367097773349, 30.49894594180182], [111.4735472939725, 30.498924987598173], [111.47354650886433, 30.49892537970254], [111.47337125797725, 30.499012855858666], [111.47337052862707, 30.499013172420007], [111.47315465266513, 30.49910660838333], [111.47299198509211, 30.499235394897596], [111.4728898589799, 30.49944014624583], [111.4728360984073, 30.499555566136507], [111.47282173893217, 30.499586393097616], [111.4727262444207, 30.499826220703596], [111.47267506670102, 30.4999349919064], [111.47263008980684, 30.500002172162567], [111.47262058487217, 30.50001203862473], [111.47262023683453, 30.500012399252853], [111.47255384888109, 30.50008131609991], [111.47255285962683, 30.500082342226392], [111.47245039177221, 30.50011454425089], [111.47244948705423, 30.500114784369828], [111.47232908491941, 30.50014675257063], [111.47232817660415, 30.50014693333435], [111.47209636015896, 30.50019293095903], [111.47177365283187, 30.500256960890113], [111.47177274811389, 30.50025719291517], [111.47160282660923, 30.50030066614289], [111.47136824025216, 30.500360685097576], [111.47136733823214, 30.500360814599958], [111.47123316567809, 30.500380132037492], [111.47123274479537, 30.50038044859889], [111.4711729758522, 30.500425513626624], [111.47109768640917, 30.500526896898805], [111.47094669923086, 30.500730215627016], [111.47094621359696, 30.500731073580255], [111.4708106902612, 30.50097008909836], [111.47056833825826, 30.50152763189476], [111.47054756571765, 30.501635206099934], [111.47050699370288, 30.501845302119023], [111.47032397806919, 30.50255844201854], [111.4703006442594, 30.502618294598676], [111.4702927563057, 30.502638524848066], [111.4702824096056, 30.502665063841675], [111.4701723307885, 30.502947425783134], [111.47000667656692, 30.503103015691693], [111.47000596160592, 30.50310383587339], [111.46999555914778, 30.50311576717894], [111.46997779573877, 30.503136141319942], [111.4698936299871, 30.503232673648995], [111.46989289434168, 30.503232758185277], [111.46975529986724, 30.50324849092516], [111.46973903023212, 30.503250349823816], [111.46938339692628, 30.503291009072882], [111.46938265498562, 30.5032913786942], [111.46917383420515, 30.503395549864763], [111.46914178416608, 30.50342432817024], [111.4690911370464, 30.50346980238953], [111.46886428395959, 30.50367349613498], [111.46871395688368, 30.50375128929062], [111.46871306025957, 30.503751416095042], [111.46853385055681, 30.50377721404726], [111.46832429862752, 30.50367347634989], [111.46776950685734, 30.503628073177083], [111.46776861023324, 30.503628194585588], [111.46734209955832, 30.503686920315147], [111.46725171589401, 30.503699363334988], [111.46725127792422, 30.503699690688222], [111.46707866834595, 30.503829017695068], [111.46687464634789, 30.50418558000058], [111.46674576180754, 30.50450972894089], [111.46674520422783, 30.504509380903244], [111.46663355879178, 30.504439542251134], [111.4664062866209, 30.504297377422063], [111.46615343773101, 30.50399860105466], [111.46595476939717, 30.50291778143054], [111.46556491598812, 30.501379725793754], [111.46554494474344, 30.501300937088615], [111.46535508706768, 30.501288295318602], [111.46528073561751, 30.501283344550757], [111.46513884418238, 30.501186680021306], [111.4649975912659, 30.50094063090546], [111.4649381901454, 30.500571569822114], [111.46482942703648, 30.500332863670792], [111.46465206723917, 30.500130556679892], [111.46462669736428, 30.50011856511975], [111.46440139740662, 30.500012095282045], [111.46395519697484, 30.4998012330405], [111.46372727999005, 30.499693523937026], [111.46325002057205, 30.49943708585289], [111.46319455308623, 30.49940728232025], [111.46313373733216, 30.499263994237992], [111.46313580037696, 30.49871718125297], [111.46313058700707, 30.49847298024389], [111.46332926793144, 30.49815481269451], [111.46335281398126, 30.498117106819052], [111.46335943479016, 30.49807945310431], [111.46339670359504, 30.49786755574314], [111.46339219079704, 30.49785484562466], [111.46331068524, 30.49762525140426], [111.4632874251746, 30.497559733095272], [111.46314706708353, 30.49735811138777], [111.46287277116153, 30.49688054080434], [111.46268968628004, 30.49662055489472], [111.46263400565488, 30.496508574910877], [111.46261052795359, 30.49646135420818], [111.46253918563497, 30.49635868490543], [111.46248887036512, 30.496286275091563], [111.46245045222668, 30.496230985671502], [111.46243356026065, 30.496206675197925], [111.4623716752127, 30.49605813237696], [111.462336275199, 30.49597316443004], [111.46236101914576, 30.495920054966632], [111.46242935143346, 30.49569702939442], [111.46255153872261, 30.49555657597523], [111.4625772458433, 30.49552702695081], [111.46289858979816, 30.495124068620896], [111.46315676087585, 30.494877427751135], [111.46315736162302, 30.49487685218503], [111.46326006869725, 30.49486521405845], [111.46357436196729, 30.494829600905405], [111.46357587282836, 30.49482943093352], [111.46376375109628, 30.494924287825654], [111.46384587268892, 30.494965749269966], [111.46406138262677, 30.495074557344992], [111.4642832921403, 30.49535058805924], [111.46454531141706, 30.495740579963865], [111.46464877122389, 30.495870676790332], [111.4647369551464, 30.495981563198654], [111.46494412836887, 30.49613484274886], [111.46497953108053, 30.496152351649755], [111.4651972848269, 30.49618724534514], [111.46549741287538, 30.496124437592755], [111.46549779598655, 30.496124359351768], [111.46566218666067, 30.496020520930358], [111.46566295378233, 30.496020037095093], [111.4657780499171, 30.495745772649343], [111.46591269461521, 30.495328926089144], [111.46607235485533, 30.49499979130735], [111.466129882688, 30.494868143150313], [111.46607608524317, 30.494834384399383], [111.46539589830212, 30.49464998740706], [111.46505612813786, 30.494472153667004], [111.46477317444248, 30.494329299057938], [111.46477165009162, 30.49432852833894], [111.46465317610324, 30.494253270372155], [111.46465344769854, 30.494180729257323], [111.46465363835478, 30.49412995982982], [111.46479571325165, 30.494041265092335], [111.46479648127263, 30.494040783955086], [111.46494689198556, 30.4938905279256], [111.46494747474622, 30.49388994696352], [111.46504223091426, 30.493846790297198], [111.46509732338285, 30.493821698312786], [111.46509815795366, 30.493821317899574], [111.46531176492607, 30.493862244247225], [111.46570700707275, 30.494026328252517], [111.46618123937276, 30.49419661128462], [111.46622093005192, 30.4942108628411], [111.46627898758527, 30.494218921665947], [111.46632009559602, 30.494224626965035], [111.46671153810706, 30.494278955909124]]], [[[111.37896065081338, 30.608100227043963], [111.37902068235866, 30.608005073375523], [111.37908140008653, 30.607903857377266], [111.37915069644754, 30.607791341397444], [111.37916668279632, 30.60776368634515], [111.37925317239598, 30.60761542231387], [111.37930412528522, 30.607524458587022], [111.37934235456606, 30.60744964308674], [111.3794466696283, 30.60725440476699], [111.37946329809273, 30.607111378387458], [111.37944207139446, 30.60697505915175], [111.37943581840847, 30.606943280707867], [111.37934906170989, 30.606412591667947], [111.3793687982315, 30.60634095706962], [111.37932457406993, 30.60627393689282], [111.3792779963826, 30.606183996594268], [111.37921059489304, 30.60608908034675], [111.37896911703115, 30.606365560722054], [111.37880749357112, 30.606550610622264], [111.37857790924323, 30.606792950034617], [111.37796727856704, 30.607512591133343], [111.37834650738557, 30.60777652057004], [111.37858992058841, 30.607933327261435], [111.37896065081338, 30.608100227043963]]], [[[111.39069551478622, 30.64882974639579], [111.39044194014349, 30.648373239733303], [111.39095411933732, 30.64806526599932], [111.39199972510727, 30.647792915310788], [111.39320867923732, 30.64750669617706], [111.39450112103003, 30.64739013774465], [111.3946855180223, 30.64738957836653], [111.39474198465507, 30.647588773703035], [111.3953469972663, 30.647583425434902], [111.39578879102004, 30.64762026706171], [111.39618658004667, 30.64769542520378], [111.39652247593165, 30.64785890576394], [111.39651453042143, 30.647895628680374], [111.3968517087394, 30.647915670072166], [111.39848972492092, 30.648603720685287], [111.40122133289827, 30.642984981371853], [111.40224783257162, 30.641850577442312], [111.4026715013888, 30.64171585720112], [111.40231466029343, 30.641458973053204], [111.40157981255845, 30.64069777967893], [111.40122670904543, 30.640341599585327], [111.39933326112128, 30.639512769998476], [111.39890821903924, 30.639783278875313], [111.39645794957477, 30.63720227226719], [111.39648908860067, 30.637167035929963], [111.39651013903176, 30.637143218285075], [111.39652769199955, 30.637123354958987], [111.3955565455982, 30.636607757442107], [111.39411491617045, 30.63583410935678], [111.39273819800951, 30.635273131150143], [111.3917063239877, 30.63480942811276], [111.39110907612303, 30.63468789103348], [111.39114211541647, 30.634716262845416], [111.38995682334877, 30.635201065776755], [111.3899512736325, 30.63536564800637], [111.38969930338021, 30.635712933804882], [111.38953379215098, 30.636147785691833], [111.38912598557596, 30.636453055164452], [111.38866677555131, 30.63664566206768], [111.38841692679983, 30.63607802258275], [111.38829673870373, 30.63580496412777], [111.38804518843477, 30.635233441370303], [111.38800804373642, 30.63524661104242], [111.3874498911996, 30.634108195237047], [111.38739983043786, 30.634006089809304], [111.38739260438518, 30.6339913517196], [111.38997188339584, 30.63305099630651], [111.38969247302936, 30.632747782684135], [111.38928733834018, 30.632337073996837], [111.38849394024328, 30.63159149195394], [111.38757601572058, 30.63103577028454], [111.38695341596747, 30.630761736065438], [111.38655544527768, 30.630705707402456], [111.38641177408431, 30.630634346198235], [111.38536915766053, 30.630504743099493], [111.38536241274534, 30.630504599207995], [111.3843932106783, 30.630483763714892], [111.38346003185518, 30.630794159323102], [111.38201704355174, 30.631274108613354], [111.38122855395477, 30.629622332804445], [111.38118810964374, 30.629642682663643], [111.37985743227478, 30.63031224411492], [111.37874575691126, 30.631155559081947], [111.37766569811367, 30.631616921184047], [111.37693759169656, 30.631743134737974], [111.37676154940613, 30.6318731821018], [111.37657433213991, 30.632011483443364], [111.37614020690512, 30.63265377295329], [111.37591011535966, 30.633103113817754], [111.37576875902107, 30.633196606438332], [111.37571529162756, 30.63319772969163], [111.37513150031856, 30.633403892975423], [111.3739845760274, 30.633712675199888], [111.37294701469312, 30.63375383896863], [111.37218507308268, 30.633698742902823], [111.37135667786839, 30.63358655337686], [111.37057189707554, 30.63333104069511], [111.36943353343094, 30.63299061042835], [111.36869962818537, 30.63270256567091], [111.3682380043806, 30.632762500988747], [111.3679994484159, 30.632793472740673], [111.36649760218279, 30.636171165367102], [111.36703194157099, 30.636310162783843], [111.36702143479152, 30.636329922687764], [111.36907082335989, 30.63706685595082], [111.36884483182365, 30.63735310116482], [111.36872790017259, 30.63750120961322], [111.36854512555726, 30.63773271399367], [111.36836666229175, 30.637958758589832], [111.3683283520719, 30.638075308928478], [111.36825050585617, 30.638312136396166], [111.36815072787385, 30.638615682767693], [111.3669036101137, 30.63836408483479], [111.36537125438002, 30.63819823815828], [111.36537029390405, 30.638168860904273], [111.36530185189906, 30.63816542729279], [111.36495509580112, 30.63814803530363], [111.364748102443, 30.63813765083205], [111.36490312577871, 30.63885135100901], [111.36512196680542, 30.63985883811506], [111.36544302117858, 30.640130034073877], [111.36770836844653, 30.642043511698773], [111.3676746123935, 30.64205437820698], [111.36791220428489, 30.642469710309058], [111.36791753276799, 30.64247902458743], [111.36793976221043, 30.642474688955872], [111.36821540801475, 30.64242090500079], [111.36841885894319, 30.6423604498749], [111.3686087831689, 30.642304013819285], [111.36862427129307, 30.642304843893612], [111.36869116826284, 30.642252020414503], [111.3691822403681, 30.642136476417363], [111.36919998758941, 30.642132299965795], [111.36961250391397, 30.642035237935943], [111.36978025535461, 30.641995766691366], [111.37013066000196, 30.64191331684617], [111.37106301234826, 30.641693929930966], [111.37201764809612, 30.641469293673083], [111.3726827641982, 30.64131277836219], [111.37268470493518, 30.641299857802267], [111.37275487723588, 30.641296390016578], [111.37345015480082, 30.64113511819113], [111.37601836405639, 30.646060811157554], [111.37619760163818, 30.646728532595887], [111.37627072101697, 30.64671622177633], [111.38231486304068, 30.644788842431296], [111.38166534567932, 30.639158394844173], [111.38452300982908, 30.63830852202068], [111.38522138196129, 30.640156359928255], [111.38565226424066, 30.641296399909095], [111.38568646725673, 30.641294501440143], [111.38882775509688, 30.64976419416223], [111.39069551478622, 30.64882974639579]]], [[[111.36664024994764, 30.646971137308185], [111.36648611873943, 30.647165493392833], [111.36617856139162, 30.647486715039975], [111.36615618176245, 30.647510088420006], [111.36633089935168, 30.648083579793536], [111.36635741226496, 30.648170601792003], [111.36640365540438, 30.648140008654593], [111.36653042024284, 30.648479786013354], [111.36351227027524, 30.6481172189346], [111.36294567130568, 30.650388982865366], [111.36268693005792, 30.65131631609529], [111.36266733742781, 30.65172616772861], [111.36272080392195, 30.652055805231328], [111.36269077196175, 30.652056728835134], [111.36269646736821, 30.65208239098962], [111.36270499294119, 30.6521149941118], [111.36271572095376, 30.65215162889467], [111.36272754434083, 30.652189035295805], [111.36274018341288, 30.65222453873156], [111.36275488912702, 30.6522613003188], [111.36277277664249, 30.652302398437087], [111.36279122803279, 30.652343518138878], [111.36280805974428, 30.65238034987334], [111.36282471069188, 30.65241598910677], [111.36284263328099, 30.652453602351898], [111.36286090840429, 30.65249109598733], [111.36287887775813, 30.65252628466044], [111.36289820059159, 30.6525622719314], [111.36292043812784, 30.6526021038041], [111.36294229435151, 30.65264080792707], [111.36296017377299, 30.652672553995217], [111.3629754235771, 30.65269974319864], [111.36298956002025, 30.652725069906126], [111.36300270271266, 30.65274836324653], [111.36301422482677, 30.652767921702377], [111.36302507065056, 30.652785269624587], [111.36303622943859, 30.65280207165847], [111.36304677758676, 30.652818202797903], [111.3630553391327, 30.652833034417085], [111.36306254899756, 30.65284784265384], [111.36306913203498, 30.652863909042253], [111.3630753157733, 30.65288219315886], [111.36308102556899, 30.652905328218424], [111.36308675335113, 30.652935876389677], [111.3630929928475, 30.652975910609882], [111.36310121175165, 30.652985941647955], [111.36312802863563, 30.653024198807884], [111.36315300280893, 30.65306367005246], [111.36317391744234, 30.65310219161296], [111.36319238681932, 30.653143289731133], [111.36321019699312, 30.653190317978897], [111.36322643335325, 30.65323792628925], [111.36323900407695, 30.653281208860733], [111.36324878330487, 30.65332385920891], [111.3632568214453, 30.65336960502333], [111.36326339998607, 30.653415044169094], [111.36326769334937, 30.653456537089653], [111.3632699146749, 30.653497638805106], [111.36327041379866, 30.653541927717924], [111.36326898297716, 30.653586650103875], [111.36326395306912, 30.653629373297065], [111.36325455965027, 30.653673925711246], [111.36324032518104, 30.653724017949173], [111.3632231247476, 30.653774540063125], [111.36320260671499, 30.653820706760257], [111.36317657763709, 30.65386647505784], [111.36314321099059, 30.653915828952506], [111.36310683341372, 30.653967547164655], [111.36310361923671, 30.653972252417702], [111.36306950255567, 30.654022188173485], [111.3630276544028, 30.654085104743956], [111.3629780127252, 30.654161101953378], [111.36292098311696, 30.65424723722026], [111.36285138098651, 30.654348235582688], [111.36276167181381, 30.65447475310748], [111.36264563139082, 30.654635783914273], [111.3625281439588, 30.65479880671967], [111.36243300288083, 30.654932802107282], [111.36235315207648, 30.655047915329135], [111.36228053002247, 30.655155518312597], [111.36221296575576, 30.655256452823096], [111.36215210143848, 30.65534652082539], [111.36209279474679, 30.655433246047608], [111.3620298116266, 30.655524374350534], [111.36197080620792, 30.65561156632083], [111.3619264480472, 30.655683505789227], [111.36189378916714, 30.65574566872766], [111.3618691270587, 30.655804165130235], [111.3618494588855, 30.655858163123867], [111.36183556525913, 30.655903437693553], [111.36182661970287, 30.65594350339012], [111.3618214773793, 30.65598221470748], [111.36181828208817, 30.656019672370064], [111.36181664981854, 30.656055016625714], [111.36181656168515, 30.65609138431006], [111.36181788908448, 30.656131836715076], [111.36182022462373, 30.65617178370104], [111.36182392173674, 30.656206258312295], [111.36182943637954, 30.65623802776281], [111.36183710489848, 30.656270043627615], [111.3618463454327, 30.656303085619015], [111.3618577578294, 30.656338706865938], [111.36187258944852, 30.656380447099934], [111.36189186192001, 30.656431446753857], [111.36191669310102, 30.65649025881845], [111.36195241327346, 30.65656133943429], [111.36200324565334, 30.656652332838917], [111.36207244218946, 30.656769593641968], [111.36214111082364, 30.65688598390119], [111.3621787177737, 30.656953513094265], [111.3621812637544, 30.6569560446859], [111.36226497624767, 30.657029906005448], [111.36231156292831, 30.6570725851318], [111.36232456712514, 30.657084497551693], [111.36236363187624, 30.65712333837149], [111.36238709518841, 30.657150978135178], [111.36240352580211, 30.65717334877121], [111.36241617206872, 30.65719240180806], [111.36242590633066, 30.657209649006177], [111.3624337897877, 30.657226712742784], [111.36244124336878, 30.657244297186708], [111.3624493552536, 30.657263495913753], [111.36245894022801, 30.657286235271727], [111.36247071595085, 30.657314208683943], [111.36248350520975, 30.657345495198626], [111.36249690960483, 30.657380661388572], [111.36251222865644, 30.65742331803176], [111.36252875909497, 30.657471133186277], [111.36253063957741, 30.657476576782642], [111.36254880498348, 30.657530625138293], [111.36256319593485, 30.657576238752483], [111.36257485024919, 30.657616989732333], [111.3625849811121, 30.657656769444486], [111.36259384033355, 30.6576943638039], [111.36260071385198, 30.657726911168197], [111.36260608909981, 30.657757041154696], [111.36261053894526, 30.65778753806461], [111.36261450405618, 30.657817925257064], [111.36261805997566, 30.65784763885756], [111.36262150527836, 30.657879405610174], [111.36262514573394, 30.657915810166685], [111.362628438152, 30.657953973796964], [111.36263057404187, 30.657992344271406], [111.36263165502692, 30.658034527871337], [111.36263186007233, 30.65808387996725], [111.36263203094347, 30.65813229227166], [111.3626329932182, 30.65817095682428], [111.3626349015795, 30.658202685805463], [111.36263785135588, 30.658230742854585], [111.36264115186776, 30.658255537163427], [111.36264438942715, 30.65827500298917], [111.36264785631363, 30.658290521690333], [111.36265183941106, 30.658303733630532], [111.36265593042697, 30.658316923087682], [111.36265982089407, 30.658332352755906], [111.3626638561521, 30.658351647710504], [111.36266836895021, 30.65837618301441], [111.36267411741665, 30.65841102544863], [111.36268277429059, 30.65846903261979], [111.36269538908107, 30.658557524110506], [111.3627127531912, 30.658681835598372], [111.36274323301399, 30.659144797594422], [111.36244459334347, 30.659123430601994], [111.3624017748221, 30.659231946397256], [111.36213816734261, 30.659296865757824], [111.36164171189557, 30.659420564807192], [111.36151672411756, 30.659454602348205], [111.36146922102773, 30.65946756787406], [111.36143850828057, 30.659475949555542], [111.36143050431434, 30.659477525167745], [111.36150150938727, 30.659718153170218], [111.36348055298527, 30.659197547328972], [111.36352364310181, 30.659200630204964], [111.36369191165255, 30.659162776840788], [111.36491547436964, 30.658887527637432], [111.36497981636558, 30.658873053948355], [111.36530253268592, 30.65880045437757], [111.36672671616515, 30.658480052912182], [111.36671057333439, 30.657322432984074], [111.3667083762906, 30.65716487535883], [111.3666970673159, 30.656353811879], [111.36669112999164, 30.65592804943998], [111.3667072089707, 30.65512385228402], [111.3667356473324, 30.65370148633457], [111.36738026158986, 30.653405443006932], [111.36738800115546, 30.653401888886208], [111.36741512290973, 30.653389433275777], [111.36816486431718, 30.653214310092437], [111.36840800592483, 30.65315751430802], [111.37014020090959, 30.652799385383446], [111.37041598700824, 30.652731775251368], [111.3704270801457, 30.65272747469328], [111.37047890088058, 30.652707387436067], [111.37048490385541, 30.652705059990637], [111.37083048543866, 30.653654969801153], [111.37152284020704, 30.655558079142224], [111.37015200091429, 30.65587473043462], [111.37015412781085, 30.655915701748427], [111.3698729529745, 30.65595134008231], [111.36821748365003, 30.656161142922485], [111.36819217672763, 30.656164349904884], [111.3667800729421, 30.65634329340844], [111.36678509385712, 30.65846666470486], [111.36678517389674, 30.65850064289043], [111.36155131114413, 30.659767506165508], [111.36213428317069, 30.661864808813903], [111.36334320762296, 30.66306266710859], [111.36421982178734, 30.66238827180149], [111.36482663214343, 30.66208796478793], [111.36518978558018, 30.66190823887416], [111.36649228359221, 30.661535240559033], [111.36658253595533, 30.66155546990916], [111.36662957499499, 30.66156601266141], [111.36684339780476, 30.66152943813313], [111.3669658908633, 30.6615084848288], [111.36780486660143, 30.661997208804223], [111.36843843898282, 30.6622012406948], [111.36944785873186, 30.661513976089225], [111.37016733885179, 30.661535452799058], [111.37084386465267, 30.660912620121337], [111.37134759471587, 30.660144819427956], [111.37230617219228, 30.659870310366614], [111.37216120057906, 30.661271697830614], [111.37178870228695, 30.661280229699003], [111.37178864832765, 30.661280229699003], [111.371728294825, 30.661280712634834], [111.37169296136119, 30.66128169289584], [111.37167339301283, 30.661282869209117], [111.37165047918643, 30.66128603931935], [111.37165022287962, 30.66128608068817], [111.37149662407006, 30.661307375734964], [111.37108731922456, 30.66130721205826], [111.37080270268268, 30.661337726954628], [111.37075534888038, 30.661335493038678], [111.37057534687489, 30.66132700433792], [111.37052245055077, 30.661403382859874], [111.37047350494834, 30.661474461677244], [111.37041363528107, 30.661577525782377], [111.37034761155309, 30.661695163401134], [111.37030874375364, 30.661768244109226], [111.37028739115038, 30.66181512576759], [111.37026581011918, 30.661872390098836], [111.37023504071459, 30.66195668715153], [111.37021360987029, 30.662004468131784], [111.3701969391376, 30.66203574835123], [111.37005186859886, 30.662332202669063], [111.37002990175864, 30.66256989798245], [111.36871974512013, 30.66281372127628], [111.36867337517617, 30.662842791861465], [111.36868212198249, 30.66286724172994], [111.36870318590343, 30.66291371419669], [111.368791771823, 30.663137577037674], [111.36882753875994, 30.66324924495683], [111.36884082084737, 30.66330029497277], [111.36890269780145, 30.663483839407718], [111.36892940316949, 30.66352039864762], [111.36904963982903, 30.663799496049876], [111.36917727161381, 30.66410256578098], [111.36918182668, 30.664113946701377], [111.36921357634566, 30.664182895924057], [111.36934863113453, 30.664495695420044], [111.36951669823719, 30.664746655733722], [111.36962575722299, 30.665297121764866], [111.36955170974375, 30.66556952821128], [111.36956114992716, 30.665698589018803], [111.36956103481407, 30.665855128611327], [111.36957075288808, 30.666079907861615], [111.369577030156, 30.666225139378753], [111.36962547483591, 30.66639990912853], [111.3696872780456, 30.6664029389446], [111.36973301936354, 30.66640477356151], [111.37026404744796, 30.6664287953526], [111.37040343067378, 30.666397116733606], [111.37082408136638, 30.6663045324284], [111.37111878560358, 30.666241555603392], [111.37126805957348, 30.666205884893827], [111.37140234634131, 30.666170082883013], [111.37140742391364, 30.666142710218026], [111.37140981431156, 30.666129825631117], [111.37176357343026, 30.666029690617734], [111.37182975633829, 30.666210812279246], [111.37193735122793, 30.666479231131746], [111.37195313882637, 30.666508006739207], [111.37010425770546, 30.667369240698065], [111.37152769564682, 30.66879902965161], [111.37198762422952, 30.669222523100984], [111.37217418499068, 30.66931333484257], [111.37235822944876, 30.66949143028546], [111.37346659890449, 30.670563938375096], [111.37229774374606, 30.671306515783215], [111.37393949211389, 30.67446840079623], [111.37398843411904, 30.674401111721977], [111.37407476363961, 30.674372294745638], [111.37436345411027, 30.674275930589886], [111.37460621170737, 30.674236085227278], [111.37501464600922, 30.67416904616465], [111.3752948118061, 30.67396763040199], [111.37552126919121, 30.673804826131857], [111.37588343337376, 30.673211912999363], [111.37583641321999, 30.672476987922664], [111.37577231583975, 30.672305122983175], [111.37551278318858, 30.6716092158926], [111.37554292486618, 30.67153570710724], [111.375642617413, 30.67129258618405], [111.37595991082128, 30.67118352000358], [111.37605751694088, 30.671149968995962], [111.37632013066951, 30.67105969594826], [111.37743933156008, 30.67067497586953], [111.37739128707824, 30.67045584076459], [111.37689581818762, 30.669419123893476], [111.376649725005, 30.66884409198144], [111.3785961070248, 30.668417458998647], [111.38033038843679, 30.66803728769071], [111.38258852943721, 30.667542244179288], [111.38489650457018, 30.66703622983829], [111.3878552003572, 30.666387477799844], [111.38846775917972, 30.66584095709453], [111.38848248377974, 30.665842318668183], [111.38849232326226, 30.665840141409433], [111.38857886142534, 30.66581561060201], [111.38862391116476, 30.665804202701963], [111.38867327495177, 30.665790190365044], [111.38875998488538, 30.66576658226205], [111.38888842066422, 30.665731024866943], [111.38889928897117, 30.665727929400475], [111.38890387821147, 30.665727915011303], [111.38890746740583, 30.66572816232491], [111.3890030005881, 30.66574231765395], [111.38907175285914, 30.665751490738785], [111.38918509171867, 30.665728992399238], [111.38994265542931, 30.66556207732816], [111.3901692809876, 30.66553328193544], [111.39048353738542, 30.66545823890675], [111.39050759155225, 30.665448131426217], [111.39058232971087, 30.665434661380687], [111.39071729007088, 30.66540428138262], [111.39084196938148, 30.665371569442414], [111.39100887186214, 30.66532785879383], [111.39120068916054, 30.66528195829585], [111.3913457641957, 30.665247433322577], [111.39152361502295, 30.6652049583422], [111.39160559722069, 30.66518537200733], [111.39176384102842, 30.66514706718351], [111.3917913395988, 30.665139671158897], [111.39186261896486, 30.66512050210963], [111.39197762516744, 30.665087722720273], [111.39206963390654, 30.66506302194108], [111.39212448805483, 30.665048738908183], [111.39215943301161, 30.665039474092623], [111.3921766901023, 30.665035985622296], [111.39217522420734, 30.665002649552775], [111.39217201722494, 30.66497482812599], [111.3921674450716, 30.664937110559322], [111.39216147896911, 30.664883002848285], [111.39215782142645, 30.66485289174767], [111.3921523337633, 30.66480793823581], [111.39214684070413, 30.664760693251537], [111.3921413467458, 30.664713828680306], [111.39213539323396, 30.66466201244208], [111.39212805656473, 30.66459723427505], [111.39212073428456, 30.66453512619512], [111.39211386526273, 30.664475322178475], [111.39211063759592, 30.664442171369274], [111.39210422273169, 30.66438689004309], [111.39210148699419, 30.66436669037057], [111.39209783394796, 30.664337368874556], [111.39209279414723, 30.66429279757466], [111.39208591703164, 30.66423220395319], [111.39208043926106, 30.664188787382727], [111.39207894099036, 30.66417225604488], [111.39206897020688, 30.664085314985357], [111.39206624705969, 30.66408541660877], [111.39205621512224, 30.663989684676324], [111.39205161958677, 30.663946247421507], [111.3920465878798, 30.66390433541693], [111.39204292763912, 30.663872296169586], [111.39203649388907, 30.663812125229526], [111.39203144509514, 30.663766018786816], [111.39201990589407, 30.663665933236302], [111.39201720972653, 30.66363341824774], [111.39200756359838, 30.663543111025945], [111.39199426442383, 30.66342346791879], [111.39198994138286, 30.663386100188518], [111.3919829212748, 30.663356665377876], [111.39197935276508, 30.663345758400112], [111.39197125437005, 30.663312239768175], [111.39196044272035, 30.66326424834648], [111.39193518975725, 30.663152564239567], [111.39191730404053, 30.663062560089088], [111.39189902621911, 30.662970197017046], [111.39187831483235, 30.662863764950885], [111.39185379032017, 30.662739854560698], [111.39182925141898, 30.662615180646128], [111.39181298268306, 30.66253351411052], [111.39180039757042, 30.662469604688567], [111.39178552728032, 30.66239663010043], [111.3917802005958, 30.66237672990235], [111.39176420885116, 30.66231698344211], [111.39171112996485, 30.662215933818345], [111.39164339932347, 30.662085212862337], [111.39160689314372, 30.662016033413295], [111.39157036897745, 30.661887942075055], [111.39154086222112, 30.66178351010103], [111.39150254570598, 30.661651868239176], [111.39146763042697, 30.661521367617127], [111.3914468425977, 30.661446743672457], [111.39143180323526, 30.66139166559293], [111.39141938000057, 30.661346167991326], [111.39139896269216, 30.66127358101096], [111.39137055580665, 30.661171095170005], [111.39135012860572, 30.6610861910749], [111.39132576057546, 30.660993961102406], [111.39128050129415, 30.660823576447058], [111.39124503742852, 30.66068994798286], [111.39121599292378, 30.66057657315048], [111.39118422976844, 30.660465425938696], [111.39116127367402, 30.66037490467818], [111.39113228672574, 30.660280234845118], [111.39107737592019, 30.660120570108404], [111.39104513162766, 30.66002996611013], [111.3909987760727, 30.6598992604425], [111.39095647016512, 30.659789954143207], [111.39090300007348, 30.65965037756291], [111.39085527844844, 30.659526426703337], [111.39082090456122, 30.659436632994357], [111.39069364599504, 30.659108098060358], [111.39069225564322, 30.659103920709413], [111.3906553069969, 30.65900911867601], [111.39062132521406, 30.658920491387732], [111.39059020597335, 30.65883457555526], [111.39055656413433, 30.6587339594048], [111.39054097978237, 30.658684970634965], [111.39038430079489, 30.658149371296588], [111.39021489100452, 30.657570250167055], [111.39000806941698, 30.656863223858807], [111.38988190712445, 30.65643192968986], [111.38979236522556, 30.655857047065183], [111.38974834790793, 30.65557444140734], [111.38953847492087, 30.655607490593354], [111.38926476895398, 30.65566939812436], [111.38912573016836, 30.65569247292933], [111.38905168538702, 30.65571208714323], [111.38893730781064, 30.655742382605013], [111.388768383654, 30.655778296131587], [111.38862325286095, 30.655809147374384], [111.38813752722524, 30.655914689111682], [111.38758229118997, 30.656037292787005], [111.38742371463292, 30.65605862200789], [111.38728649877288, 30.65603007842543], [111.38717109686871, 30.65605329442417], [111.38710341209287, 30.65619747643251], [111.38689741518374, 30.656488566294456], [111.38634128792023, 30.6564250705606], [111.38569032534838, 30.654787409611345], [111.38584464541424, 30.654639261592706], [111.38591128607703, 30.654573327796868], [111.38597886293417, 30.65450575813429], [111.38608229396272, 30.654403688679338], [111.38618944188937, 30.654328612375593], [111.38632500119803, 30.65423068609732], [111.38634376195523, 30.6541872506412], [111.38637816012397, 30.65409257181483], [111.38640819927917, 30.65401000505784], [111.38646652570958, 30.654032281264847], [111.38652838737522, 30.654045448239003], [111.3866504811349, 30.65406031493177], [111.38664966994645, 30.653951810827436], [111.38665997078112, 30.653871361074607], [111.38666627862602, 30.653798928777633], [111.38664704842262, 30.653691323096098], [111.38664931111686, 30.653648565728872], [111.38663673769543, 30.653616312442978], [111.38666808266595, 30.653522753272625], [111.38669759481832, 30.653467927003362], [111.38678566003034, 30.65325830222895], [111.38682646586886, 30.653182033424173], [111.38690285608214, 30.65304899311667], [111.38690519162134, 30.653049995860727], [111.38693241769698, 30.653005777994395], [111.38704592742766, 30.65284718075287], [111.38717464019754, 30.65266728396813], [111.38716646625954, 30.6526630598525], [111.38732218567043, 30.65245926628222], [111.38721974119812, 30.65201475117999], [111.38721608995064, 30.652008519777553], [111.38721316175821, 30.652003837906875], [111.38721074258189, 30.652000394402705], [111.38720858330947, 30.651997799858748], [111.38710339140846, 30.651823284617024], [111.38703946130227, 30.65177689578718], [111.38701874182152, 30.651761316831426], [111.38695591338484, 30.651827651724773], [111.38694135695823, 30.651848186844518], [111.38695837392987, 30.651860429315548], [111.38685653829873, 30.651941329628812], [111.38681490868112, 30.651902552660715], [111.38661858577922, 30.652060442135735], [111.38662920227603, 30.652070117941662], [111.38625971581325, 30.65230437244901], [111.38630425833492, 30.652349852064106], [111.38613893326522, 30.65246774868774], [111.38599060808019, 30.652563498606696], [111.38584445475789, 30.65266398255693], [111.38581980613924, 30.65272919869375], [111.38553702061716, 30.652892751199488], [111.38552586362783, 30.652898516753226], [111.38523492844934, 30.653104402146596], [111.38460937172522, 30.652353973657114], [111.38544393718797, 30.651811191433524], [111.38496572269014, 30.651328393091035], [111.38496168743194, 30.651322338854982], [111.3848309493888, 30.65115864695406], [111.38478375476654, 30.651145223673268], [111.38472762717828, 30.651168747240035], [111.38461866801731, 30.651188302098547], [111.38456458189006, 30.65119527364311], [111.38449558500332, 30.651205435982206], [111.38438210495019, 30.651220871046462], [111.38414730455457, 30.65137820474041], [111.38403845690937, 30.651454015790307], [111.38401117957233, 30.651472336778966], [111.3839599793697, 30.651416568919615], [111.38375460838847, 30.651177157699692], [111.38333255115646, 30.65145640978551], [111.38350265612286, 30.651648307123708], [111.38333843811853, 30.651750646375262], [111.38332847003295, 30.651736276108352], [111.38320267736174, 30.651806686729344], [111.38317093938753, 30.65182616694409], [111.38309909524713, 30.6518742482981], [111.38300495061816, 30.651942324278878], [111.38299090140907, 30.651951054897438], [111.38298265192793, 30.651957305185533], [111.38286435690475, 30.652036974327018], [111.3827606479856, 30.65210839938311], [111.38274777329121, 30.652116351188738], [111.38275019696403, 30.65214949840066], [111.38275765863904, 30.652157523950677], [111.38276906563993, 30.65217013514365], [111.38278047623805, 30.652182366822956], [111.38279012686291, 30.6521930669565], [111.38279801841395, 30.652202998169912], [111.38280109859187, 30.65220491372594], [111.38280196913564, 30.652206632330262], [111.38281118718669, 30.652216378283242], [111.38282215441899, 30.652228607264476], [111.38283224391301, 30.652240070922574], [111.38284101320232, 30.652250768358385], [111.38284365361181, 30.652252300803127], [111.38284474718733, 30.652254208265276], [111.38285374220646, 30.652263765360658], [111.38286383080134, 30.65227541787641], [111.38286471393559, 30.65227561212987], [111.38286977981664, 30.652283350796154], [111.38293678920155, 30.65235700257358], [111.38294130739553, 30.65236145421784], [111.38295233668111, 30.652373121122764], [111.38295541595983, 30.652378085380406], [111.38296248193302, 30.652384591975476], [111.38296997868167, 30.652393005133092], [111.38297284302246, 30.652396641092196], [111.3829836501755, 30.65240832598346], [111.38298805415542, 30.65241444766866], [111.38299379722616, 30.652419434409467], [111.38299423429663, 30.652420580145815], [111.38300438134729, 30.65243130905776], [111.38301010643136, 30.65243896498629], [111.383016291069, 30.65244433393883], [111.38301650510778, 30.652445287220417], [111.38302731136145, 30.652457353424268], [111.38303833974766, 30.652469230770464], [111.38304185519763, 30.652475350656914], [111.38304980790241, 30.652481871641214], [111.38305928585754, 30.65249316802533], [111.38306039382229, 30.652493746289508], [111.38306435443656, 30.652499486662123], [111.38307207601565, 30.65250772265341], [111.38306693189355, 30.652513996324046], [111.38305891443753, 30.65251854059835], [111.38305489536725, 30.65252271974782], [111.3830531156089, 30.652523283622827], [111.38304331030065, 30.652529917921413], [111.38303172073739, 30.65253788141814], [111.38301923724816, 30.652546602144128], [111.38300809284931, 30.652554185227643], [111.38299606171893, 30.652562143328282], [111.38298447125646, 30.652570105925804], [111.38297154530068, 30.652578824852924], [111.38295862024427, 30.652587543780157], [111.38294524732532, 30.65259664312066], [111.38293187440655, 30.652605739763203], [111.382917388127, 30.652615599030753], [111.38290423824014, 30.652624696572673], [111.38288952892867, 30.65263455404147], [111.3828757108455, 30.6526440319966], [111.38286282715774, 30.65265275811845], [111.38284951269497, 30.652661868250675], [111.3828353088025, 30.65267173561216], [111.38282732372221, 30.652676286181702], [111.38282243500748, 30.652680845744555], [111.38282021817867, 30.652681792730675], [111.38280779044726, 30.652690714005416], [111.38279447328637, 30.65269982233906], [111.38277982602824, 30.652710070113812], [111.38276828772638, 30.652717660391886], [111.38276739739746, 30.652718800732146], [111.38275363597171, 30.652728290378377], [111.38274165430397, 30.652735110836886], [111.38274823644201, 30.65274314627925], [111.38275877199982, 30.652755009236444], [111.38276864385801, 30.652766678839328], [111.38277018709448, 30.65276764021445], [111.38277412612513, 30.65277375560447], [111.38277896177982, 30.652777970726902], [111.38278883633592, 30.65278964212837], [111.3828017856739, 30.65280437572136], [111.38281099742971, 30.65281585286948], [111.38281320436602, 30.65281662358848], [111.38281319807078, 30.652817387112805], [111.38282241792035, 30.65282772032316], [111.38283075913239, 30.652837288210264], [111.38284306815319, 30.6528510811126], [111.38285054961324, 30.652861050996876], [111.38285319631797, 30.652862783090995], [111.3828633011006, 30.65287371974648], [111.38287515866176, 30.6528875306351], [111.38288705759174, 30.652900970103815], [111.38289454085043, 30.652910563172043], [111.38289895742099, 30.652914024662664], [111.38289917415767, 30.652914982440564], [111.3829077689785, 30.652924007137244], [111.3829079848158, 30.65292496311673], [111.38291746097218, 30.652935139845], [111.38292803520079, 30.652947424584113], [111.38293640159372, 30.652957595017142], [111.38293817056018, 30.652958943100884], [111.38294565112108, 30.652968916582324], [111.38294918725529, 30.65297122784], [111.38294962162786, 30.652972568729183], [111.38295843858106, 30.652981978335788], [111.3829685730413, 30.652993495953183], [111.38297760223469, 30.65300443440725], [111.38297914726985, 30.653005397581182], [111.3829839856225, 30.65301230077722], [111.3829884030925, 30.653015764066424], [111.3829890577988, 30.653017294712413], [111.38299897732105, 30.653027665694367], [111.38300426083816, 30.653034190275775], [111.38301900432373, 30.65305247439221], [111.3830394989738, 30.65307641164725], [111.38314076443487, 30.653176300246173], [111.38318674587163, 30.653230043731526], [111.38323781297476, 30.653285093932027], [111.38447855723973, 30.65243905311985], [111.38456258809316, 30.652384401319125], [111.38515165392567, 30.65316333292151], [111.3851316503056, 30.65317748914987], [111.38517203616061, 30.653225331284034], [111.38514950634476, 30.65324052083338], [111.385174664879, 30.653270027589713], [111.3852054756523, 30.65325053838177], [111.38529139867921, 30.653349890984714], [111.38535604914233, 30.65342581265122], [111.38542708838958, 30.65350722737668], [111.3854609586565, 30.65357736910039], [111.38547798911799, 30.65361187518795], [111.38549459509966, 30.653657167744143], [111.38551225778446, 30.653704460392703], [111.3855207428881, 30.65372613855044], [111.38552475296501, 30.65377252827966], [111.38552875135099, 30.653780260650535], [111.38562782336538, 30.65387558429086], [111.38566560928058, 30.653911738835802], [111.38567393160673, 30.65391832816846], [111.38576680999046, 30.653960738397416], [111.38575617460793, 30.653974478239718], [111.38571841027652, 30.654028620124848], [111.38569327962125, 30.654060075711925], [111.38567531116684, 30.65408927759819], [111.38562206770439, 30.654163424002945], [111.38560576119693, 30.654181744991547], [111.38559882472617, 30.654192975725437], [111.38558604625916, 30.65420074227052], [111.38557230821556, 30.654235585603885], [111.38555146732637, 30.654270891188844], [111.38553684614851, 30.654306126626523], [111.38553688661818, 30.654309176227628], [111.38553312655267, 30.654310786913413], [111.38552049467529, 30.65430723818855], [111.38551604662837, 30.65431332030363], [111.38550374300343, 30.654311839120112], [111.3854120274433, 30.65450640025034], [111.38537847193896, 30.65457384310855], [111.38533090319874, 30.654629707195284], [111.38523334114586, 30.65473941099509], [111.38514854676816, 30.654821938181954], [111.38514857464719, 30.654824226956634], [111.38515803731372, 30.65483177226855], [111.38508134402895, 30.654913487367594], [111.3850273478339, 30.654971249024015], [111.38506131702633, 30.654997594663314], [111.38506041320761, 30.65499892925726], [111.38512600256308, 30.655046915283094], [111.3851687167629, 30.655079709960773], [111.38502028276002, 30.655191036137523], [111.3833932464014, 30.65591358564359], [111.38309289172372, 30.655156509365497], [111.38315763841439, 30.65477446836718], [111.38315707364023, 30.654631275612985], [111.38317880126084, 30.65454052232741], [111.38318959672256, 30.6544784394286], [111.38322253439259, 30.654430609884912], [111.3832942121582, 30.654406533235033], [111.38334926865389, 30.654368185243584], [111.38340966172666, 30.65428209134558], [111.3833651371915, 30.65419153321284], [111.38327075514144, 30.654058163753348], [111.38322634302136, 30.653996243631866], [111.38318743295366, 30.653929533721055], [111.38325328940783, 30.653829104629665], [111.38297035190027, 30.653481499571683], [111.38238668379853, 30.653874613023163], [111.38218817464468, 30.653937248105706], [111.38182426667657, 30.6540576448445], [111.38113529875511, 30.654350825630104], [111.38090920559546, 30.65441831255515], [111.38090435824967, 30.654590160407736], [111.38099347656788, 30.654790370179512], [111.38108346273162, 30.654899251099607], [111.38120978600296, 30.655052099874695], [111.38121178429657, 30.655054517252267], [111.38011386226503, 30.65559636687891], [111.37954595478209, 30.655126373983137], [111.37956003726606, 30.655118229722575], [111.37857356821559, 30.65387342322009], [111.37882357344915, 30.653667536927344], [111.3789550912046, 30.653257954191247], [111.37894972225206, 30.652807035916112], [111.37885578086974, 30.652663709162994], [111.3785041729293, 30.65273188317002], [111.37825724157852, 30.652817772022672], [111.37805571070265, 30.65313591708906], [111.37735864258741, 30.652294002366432], [111.37713455581513, 30.65201264766563], [111.37639217715741, 30.651080550726988], [111.3755545737846, 30.650086701839882], [111.37511644296961, 30.64874868420452], [111.37290431038565, 30.64880237732791], [111.37152811473078, 30.649096524884897], [111.37154646179988, 30.649134360262565], [111.37063974013205, 30.64940642316793], [111.36976717831277, 30.64966823020478], [111.36976027961339, 30.649646385672156], [111.36946627774665, 30.649743067288853], [111.36944375962184, 30.64967973163442], [111.36939905342365, 30.64953666298669], [111.36935372759257, 30.649546300121642], [111.36861086869675, 30.647185868433155], [111.36859706770065, 30.647188294804096], [111.36849997869109, 30.64662193865172], [111.36754822077381, 30.646753456406998], [111.36755910886586, 30.646794571612247], [111.36664024994764, 30.646971137308185]], [[111.37270893177191, 30.658230636734686], [111.37288495787459, 30.658806032872178], [111.3730254508639, 30.658779940841782], [111.37317430035381, 30.658722235842617], [111.37331218440983, 30.658683656725486], [111.37346670232648, 30.658664119853427], [111.37353831174374, 30.658620955093113], [111.37350459795891, 30.65846831316219], [111.37342135940827, 30.658358771240387], [111.37336024238147, 30.658258709072243], [111.37327179315878, 30.65823032466983], [111.37312842863423, 30.65827846717758], [111.37303484158485, 30.65804124760558], [111.37385555568949, 30.657519261305026], [111.37383235767732, 30.65748751613603], [111.37416776972691, 30.657419729736773], [111.37450880523733, 30.657336301429325], [111.37493658125828, 30.657213145570324], [111.37504334787235, 30.657180846419067], [111.37515178182946, 30.657143904067993], [111.37514552704448, 30.657127390716596], [111.37585121965816, 30.656882150091292], [111.3760337343694, 30.657161288862426], [111.37605758169212, 30.65715120026772], [111.37619913857958, 30.657383506843473], [111.37696066290442, 30.656992988835498], [111.37683760417212, 30.65677243639891], [111.37715253056501, 30.656342696258548], [111.37730421112059, 30.656258535902737], [111.377261525699, 30.65620666480578], [111.37721860555422, 30.656150864570805], [111.37720992889518, 30.656154994257577], [111.37714933437434, 30.656045003574206], [111.37726859886686, 30.65599603369003], [111.37726032420466, 30.655977342180734], [111.37729724137478, 30.655959506825866], [111.3774154500631, 30.655908058410205], [111.3774402066004, 30.65594204019311], [111.37762863975001, 30.655805130102692], [111.37764865865881, 30.655826937763095], [111.37769528760754, 30.65587423490814], [111.37774361357708, 30.655957581377436], [111.37774558668957, 30.655958387170017], [111.37774700132314, 30.655958692040087], [111.37774918038042, 30.655958782871608], [111.37775062109432, 30.655958596711912], [111.37775444501165, 30.655956888000162], [111.378067172562, 30.655706732579688], [111.37806793069052, 30.65570624874448], [111.37806861867193, 30.655705689366187], [111.37806923200958, 30.655705070632678], [111.37806976440822, 30.655704397939644], [111.37807020777393, 30.655703679381475], [111.37807056030829, 30.65570292215216], [111.37807081481634, 30.65570213614484], [111.37807097129843, 30.65570133305016], [111.3780710243584, 30.65570051916376], [111.37807097489576, 30.655699704378037], [111.37807082291027, 30.65569889768608], [111.37807318722793, 30.65569764672904], [111.37822182357843, 30.65557224796106], [111.37823281779038, 30.655563960708378], [111.3782391544135, 30.65555767624585], [111.37827380619132, 30.65552939796339], [111.37828047376502, 30.65552282481866], [111.37831512374407, 30.65549511940435], [111.37832312591172, 30.65548740501987], [111.37835644669269, 30.655460268876368], [111.37836911184519, 30.655448842090436], [111.37837710412009, 30.65544341827922], [111.3783829362236, 30.655438560141477], [111.37838610633383, 30.6554348459415], [111.37839407072994, 30.655428842067465], [111.37852690779073, 30.65557216612268], [111.37832488498549, 30.65570505624345], [111.3780386289796, 30.65592068039524], [111.37797860822621, 30.65604047458828], [111.37806196458803, 30.656153799058643], [111.37827264966313, 30.656348896184625], [111.37829883882046, 30.6563161599629], [111.37830428331614, 30.656363749387594], [111.37842881333904, 30.656311861203505], [111.37842053238182, 30.65626843833786], [111.37845531006457, 30.656261482081845], [111.37888582991724, 30.655820832265647], [111.37888389007963, 30.655819253955542], [111.37970296831742, 30.655437205762496], [111.38001399884706, 30.655598627774566], [111.37997087905296, 30.655655589034268], [111.37966489911594, 30.65574147788692], [111.37859423913301, 30.656537562258677], [111.37863181460659, 30.657036792114354], [111.37866939097972, 30.65754863676034], [111.38084345705994, 30.656797376397776], [111.38115669632452, 30.656594706980172], [111.3811886429416, 30.656597668447716], [111.38125978111412, 30.656574881425684], [111.38222147384204, 30.656271453764703], [111.38229154721722, 30.65635692173464], [111.38326413882913, 30.656023874902075], [111.38365411094861, 30.65596537939888], [111.38528063379425, 30.65516016960612], [111.38535598798859, 30.655005452939463], [111.3854660110477, 30.654937343683628], [111.3855530591265, 30.654880585670583], [111.38560995203767, 30.654842799755556], [111.38629833360136, 30.656521717103658], [111.38686146838211, 30.656570942395206], [111.3871390108568, 30.65748546388312], [111.38714494368435, 30.657505014245146], [111.38724670826906, 30.657840324671326], [111.38726886486631, 30.657904798867435], [111.38732588098469, 30.658092466694143], [111.38736545565126, 30.658222727197142], [111.38740751514479, 30.658352443610568], [111.38744752598262, 30.65845027276191], [111.38748905037949, 30.658539249886644], [111.38754358616768, 30.65864823422868], [111.38754795507413, 30.658659143904515], [111.38754416083435, 30.65872344273282], [111.38752303126302, 30.658778055862683], [111.3875001480136, 30.658826660622026], [111.3874726611345, 30.65900767706279], [111.38748510415428, 30.65920808738349], [111.38749620628505, 30.659386881599346], [111.38755817317127, 30.65962555987187], [111.3876365931543, 30.659928912889086], [111.38766062933462, 30.660020134721492], [111.38768195585777, 30.66010076703685], [111.38773047967794, 30.66028695457942], [111.38774715760542, 30.660344492304546], [111.38775899718007, 30.660503266712396], [111.38775827862167, 30.66058632989524], [111.38767326211143, 30.660608442425712], [111.38781734519449, 30.661100876104626], [111.38784886013696, 30.6612085852081], [111.38774916489217, 30.661229524123428], [111.38772111323891, 30.661235415582098], [111.38762812333925, 30.661254920977797], [111.38761452019412, 30.661257728661326], [111.38712427906233, 30.661360534661128], [111.38716663713069, 30.66150902712002], [111.38740056518395, 30.66232907122975], [111.3874059467272, 30.662347936308322], [111.38700443630586, 30.662439828135632], [111.38699635859524, 30.662439386568508], [111.38679620458134, 30.662428449013817], [111.38533333766344, 30.658327901111875], [111.3848694142921, 30.658291089162446], [111.38419332106497, 30.658588798933977], [111.38377811936476, 30.65877162660945], [111.38247817183026, 30.65954870380972], [111.38246269809508, 30.659549131887047], [111.38216930237155, 30.65989117463812], [111.38136109333993, 30.66083336736608], [111.3804323679596, 30.661781884126697], [111.37981906899489, 30.66240823944878], [111.37974449361366, 30.662370609116294], [111.37971647073863, 30.66240676006396], [111.3795472947719, 30.66262501113539], [111.37943646681953, 30.662761095648136], [111.37563387510335, 30.66139829539503], [111.37555402699695, 30.66116009915936], [111.37532432215994, 30.66101231806408], [111.37468645101893, 30.660971676801466], [111.37449724894896, 30.660731655841346], [111.37419648687842, 30.660114424141454], [111.37317527881612, 30.659708695899724], [111.37404106784112, 30.662117014688533], [111.37345969660782, 30.662311171123633], [111.37296947256317, 30.662475340564527], [111.37265104331112, 30.662660019044722], [111.37250853584044, 30.662851578237905], [111.37246625601296, 30.662842374576087], [111.3723126257272, 30.6628089350844], [111.37230573602102, 30.662807435015168], [111.37231193324914, 30.662779589306638], [111.37235149532523, 30.66260184729748], [111.37235595955991, 30.662539492803432], [111.37235868540506, 30.662466507423403], [111.37237587774473, 30.66214280724489], [111.37237792010512, 30.662104390005766], [111.37236389787569, 30.66156667096527], [111.37237631391582, 30.661525215816084], [111.37238672087057, 30.66151206323127], [111.37237465466671, 30.66140797659682], [111.37235830589123, 30.661352223126755], [111.37227152131385, 30.661269170735807], [111.3722867000713, 30.661170383806223], [111.37236334928929, 30.66067158022929], [111.37247214477372, 30.65996356106956], [111.37249477261571, 30.65981629888313], [111.37243070491314, 30.659773125129675], [111.37179084896854, 30.659341931684992], [111.36997983020512, 30.65932800478373], [111.36982505418291, 30.659280713933924], [111.36973391958492, 30.658545909366353], [111.36970719533099, 30.658068556418755], [111.37033266032421, 30.658020852780226], [111.37188639474141, 30.6579023383224], [111.37202562328389, 30.657891718228257], [111.372197561968, 30.65764767460047], [111.37270893177191, 30.658230636734686]]], [[[111.43055769558134, 30.663374450370725], [111.42980398096904, 30.66523845808848], [111.43110089598974, 30.665861592938143], [111.43189559630491, 30.666243427092525], [111.43216674909633, 30.66631088613866], [111.43268119458145, 30.664340422972145], [111.43177426606962, 30.66392786437956], [111.43055769558134, 30.663374450370725]]], [[[111.36745983090651, 30.683968414410913], [111.36772085193581, 30.684233110969444], [111.368017401582, 30.684434122037146], [111.36819698000681, 30.684440999152912], [111.36835507902373, 30.68439752862315], [111.36855025978684, 30.684347719671564], [111.36877426561989, 30.684297103128927], [111.3690157938438, 30.6842239315892], [111.36914418015982, 30.684181756083262], [111.36938244834136, 30.684095399583157], [111.36948718338687, 30.684089509923012], [111.36986469809739, 30.68408843793111], [111.37002202909343, 30.684116663153645], [111.37024352401949, 30.684152754745924], [111.37040573383769, 30.684134047048644], [111.37055003275788, 30.684126490045628], [111.37081397298647, 30.684133405832142], [111.37102254015821, 30.684159648049445], [111.37118116258057, 30.68417357135337], [111.3714854041283, 30.6842272213093], [111.3716327193747, 30.684236495118228], [111.37169818732167, 30.684229185428705], [111.37181745810938, 30.68421414336808], [111.37183337970674, 30.684215272017298], [111.37183282302635, 30.684212210725093], [111.37199110280727, 30.68416265628167], [111.37218641037458, 30.684099578732628], [111.37232310462764, 30.684054300565663], [111.3725068451148, 30.68396070362371], [111.37264674005507, 30.68389460615134], [111.37291360308046, 30.683813572738302], [111.3729384630397, 30.683815395664112], [111.37309811608532, 30.683839341012913], [111.37329114926729, 30.68397141634796], [111.37338308606076, 30.68406322633689], [111.37362906682807, 30.68421401656377], [111.37365577219629, 30.684230386922877], [111.37372866044944, 30.6842750670408], [111.37388116658263, 30.684366807782], [111.37413267818067, 30.684215560699613], [111.37420418057866, 30.684172561414755], [111.37435003982262, 30.68409262877185], [111.37457147269538, 30.684003819820532], [111.37469554226544, 30.683970878553396], [111.37488840367689, 30.683949239066237], [111.37518316906801, 30.68389855507428], [111.37536931883903, 30.683861600132786], [111.37550113516932, 30.68381074257178], [111.37581684217366, 30.68368894109193], [111.37596135423325, 30.68359410578347], [111.3761101029989, 30.68351360656783], [111.37617501516502, 30.68346280836198], [111.37623689121972, 30.683414386165055], [111.37637306296665, 30.683307820099913], [111.37648636225589, 30.683403444113708], [111.37666966837054, 30.683587228667704], [111.37677636573687, 30.68368526826066], [111.37690710557854, 30.683784287215133], [111.37704119269705, 30.683930491798833], [111.37722521826925, 30.68414403941597], [111.37739404529913, 30.684267056779333], [111.3774014736992, 30.68427365780309], [111.37759701598969, 30.684447395131258], [111.3777951591195, 30.684702818780238], [111.37789924125707, 30.68497649866663], [111.37831927141741, 30.685098480010936], [111.37850495893679, 30.685057782091064], [111.37869173913253, 30.684989490272812], [111.37886380821828, 30.68494325882449], [111.37915147705905, 30.68487904902895], [111.37942151469127, 30.68484705924442], [111.37960286298181, 30.684829639376403], [111.37988298471208, 30.684766270447085], [111.37992583560896, 30.684750583572736], [111.38023286685348, 30.684638217779593], [111.38029037669958, 30.684620046078294], [111.38046443238767, 30.684565056132556], [111.3806133933935, 30.684504484994022], [111.38075780382968, 30.684406070383886], [111.3810780497123, 30.684401234729364], [111.38122083777154, 30.684443131445505], [111.38128772844601, 30.684470367413667], [111.3813949510162, 30.684514023203747], [111.38156966590748, 30.684628559060798], [111.38176102724975, 30.68472912574856], [111.38181997331321, 30.68476061730871], [111.38193280855234, 30.684820236065207], [111.38199809303774, 30.684912842853578], [111.38208907834837, 30.685041902761782], [111.38216952810137, 30.68518377531103], [111.38230184355524, 30.68534533491936], [111.3824010990316, 30.68547956323141], [111.38253672039343, 30.68558942531189], [111.38267373300641, 30.68565654171607], [111.38291208842213, 30.68573823073484], [111.38306830156091, 30.68574312664407], [111.38322927121402, 30.685621942099033], [111.3836537413273, 30.685302382399072], [111.38376496138392, 30.68519648722821], [111.38386944012262, 30.68511781633424], [111.38390184089735, 30.685008578383304], [111.3839280579337, 30.6848480377069], [111.38391651063847, 30.684698237633597], [111.38391048967753, 30.684482035217798], [111.38395090431095, 30.684365153029432], [111.38498421634864, 30.685387995159886], [111.38591271240182, 30.68630708340521], [111.38743279688606, 30.68525764022803], [111.38884670830907, 30.68428149809273], [111.38968529643938, 30.68370254873372], [111.38796544644822, 30.682327243407542], [111.38797554223748, 30.682318707942045], [111.38800104521215, 30.68229714939406], [111.3879624696923, 30.682144619878443], [111.38793270842774, 30.682026938192735], [111.38998371667526, 30.683496523945564], [111.39052412289016, 30.68312343569812], [111.39119803616057, 30.682658176833456], [111.39271072911691, 30.683422696800108], [111.39383827211861, 30.684260300172866], [111.39419199076787, 30.684795657593668], [111.39422367658148, 30.684658215104662], [111.39470809100578, 30.684528763091976], [111.39542757112571, 30.683991838152963], [111.39528961782179, 30.682007427401004], [111.39528797116299, 30.681983736560255], [111.39434351933795, 30.682039040369602], [111.39333409868976, 30.682060517079265], [111.39227098671671, 30.68163097658845], [111.39108163331076, 30.682466473748946], [111.38784525385546, 30.680564773645415], [111.38776391557235, 30.68073417174469], [111.38508991097075, 30.67910125381991], [111.38229923372273, 30.67721933610352], [111.3811466473, 30.676210818374614], [111.38097250527704, 30.67602811660447], [111.38089239007189, 30.675944064167254], [111.38080946628389, 30.675857062853197], [111.38034817163094, 30.67537308819749], [111.37961560007994, 30.674439697134346], [111.37886222091487, 30.673830935249555], [111.37874223516621, 30.673638599042135], [111.37872790087192, 30.6736156222633], [111.37868108396498, 30.673633076305578], [111.37779226060445, 30.673964437808593], [111.37720672101341, 30.674182733846237], [111.37700311000572, 30.67425864292221], [111.37540246605107, 30.675026975114918], [111.37388292295867, 30.675639447602578], [111.37233122730441, 30.67622431270206], [111.37105526378946, 30.676425568385298], [111.37004177460835, 30.676527736765706], [111.36988585285002, 30.67651843327917], [111.36971169014248, 30.676608978821434], [111.36885005058951, 30.676563696157814], [111.36827599983769, 30.676632146256736], [111.36794641089824, 30.67654899044362], [111.36778957992533, 30.676509422971662], [111.3672698832986, 30.676348605304042], [111.3670162942667, 30.676261757774], [111.36701664859964, 30.676502614204423], [111.36701678259857, 30.67659274875632], [111.36685752435534, 30.676827080605392], [111.36656040813642, 30.677114306080398], [111.3662188060531, 30.67732051343097], [111.36612548610242, 30.67746874328799], [111.3659772022861, 30.67768178278817], [111.3659057844244, 30.677784388239047], [111.36586306213081, 30.678171130893134], [111.36593580379434, 30.678423900642656], [111.36594387970638, 30.679101662112146], [111.36586737707796, 30.679316668429635], [111.36581003090834, 30.679386537658615], [111.36575743495786, 30.679450624247067], [111.36554290797892, 30.67967556537519], [111.36542762028859, 30.67985726799867], [111.36516364318777, 30.680149169049002], [111.36512194522163, 30.68022589740741], [111.36506492190881, 30.68033082580706], [111.36484089359254, 30.68126330675625], [111.36477755524004, 30.68152694571205], [111.36474191420803, 30.681624859399903], [111.36466071172259, 30.68184793623334], [111.36465792292495, 30.6818556002558], [111.36462450501705, 30.68194741024496], [111.36449199710802, 30.682129542744235], [111.36441572470596, 30.68223438211112], [111.36439124066322, 30.682337628778726], [111.36432748412614, 30.682606494594154], [111.36430699397272, 30.68269290685231], [111.36428827818168, 30.683058725879675], [111.36427534772923, 30.683311465951363], [111.3640280503543, 30.68331844558992], [111.36371210323108, 30.68332736326738], [111.36377983836894, 30.6834962649408], [111.3637815533761, 30.68350725555547], [111.36381598661848, 30.683727924004472], [111.36383642191339, 30.683858865294496], [111.36555794194567, 30.684824017714334], [111.36517015787666, 30.685332405366296], [111.3650401968477, 30.686020098948575], [111.36493221974627, 30.68667909156693], [111.36493265411883, 30.686794595993888], [111.36504704518507, 30.6865498284119], [111.36510203333222, 30.6863968834096], [111.36513286478998, 30.68630461026953], [111.36516922168244, 30.68623237762216], [111.3651974406095, 30.68619401973831], [111.3653277811523, 30.686066605589417], [111.365396942615, 30.685999001752577], [111.36543187228324, 30.685907785316203], [111.3654869422686, 30.68580578780694], [111.36560720500864, 30.685671824795065], [111.36575387634042, 30.685536403981985], [111.36577668944278, 30.685509168013823], [111.36587748725623, 30.685388817140222], [111.3659580413306, 30.685275150028247], [111.36594736098209, 30.68520834568875], [111.36593270023405, 30.685116648114956], [111.36592909395256, 30.68499556699186], [111.36586220417746, 30.68480662122863], [111.36582475101153, 30.684654617816477], [111.36598835567827, 30.68449015339803], [111.36605680487781, 30.684115235929426], [111.36605198091434, 30.684002145282875], [111.36605193864614, 30.684001201894034], [111.3661109251791, 30.683763357293174], [111.36617925926538, 30.68371029459456], [111.36637066557381, 30.683561666337994], [111.36653952138192, 30.68355260476892], [111.36666090287838, 30.683538846041074], [111.36677206268064, 30.683534362021362], [111.36690627390556, 30.683542984721043], [111.36695586791905, 30.683567691795645], [111.36708622824693, 30.683632633639206], [111.36718972672463, 30.683722155753003], [111.36735324505628, 30.683863364602587], [111.36738543359098, 30.68389508998655], [111.36745983090651, 30.683968414410913]]], [[[111.3787938589495, 30.692203885900767], [111.37883487702805, 30.692250576902723], [111.37916887264555, 30.692630760801137], [111.37925132518865, 30.6927246149491], [111.37934975059068, 30.692836650690992], [111.37937185682591, 30.692971564286324], [111.37940962655318, 30.693202072218014], [111.37951389485045, 30.693256993815396], [111.37978275616945, 30.6933986127558], [111.38015274805105, 30.693383212765184], [111.38031793102783, 30.69360847585051], [111.38051074477522, 30.69387141693238], [111.38053743035817, 30.693907808898302], [111.38056854420302, 30.695920113922227], [111.38058001235783, 30.69666190712138], [111.38237436758311, 30.695684770336015], [111.38235869509776, 30.695385816802116], [111.38357768476249, 30.694609274698394], [111.38364480566332, 30.694698082750506], [111.3864443403341, 30.692945740253833], [111.38618992212724, 30.69261576820321], [111.38287172325158, 30.688760644388196], [111.38043403530264, 30.690449873363036], [111.37834115641931, 30.691900163262062], [111.3787938589495, 30.692203885900767]]]]}}]}