{
  "type": "FeatureCollection",
  "features": [
    {
      "id": "109",
      "type": "Feature",
      "properties": {
        "社区": "朝阳路社区",
        "name": "朝阳路社区",
        "point_count": 594,
        "poi_names": "宜洋大酒店、居然之家(宜昌店)、易中建材家装大世界、林氏家居(宜昌易家居店)、顾家家居(居然旗舰店) 等11处",
        "poi_count": 16,
        "place_name_source": "poi_top_places",
        "value": 594
      },
      "geometry": {
        "type": "Polygon",
        "coordinates": [
          [
            [
              111.33723898858864,
              30.74318839882568
            ],
            [
              111.3410335430637,
              30.74252971827201
            ],
            [
              111.34104754011202,
              30.74256463355107
            ],
            [
              111.3426029769459,
              30.742277510598797
            ],
            [
              111.3424723666065,
              30.741613137336458
            ],
            [
              111.34228209344394,
              30.74093585970229
            ],
            [
              111.34191496140647,
              30.740249505210613
            ],
            [
              111.34141541858673,
              30.739620771181706
            ],
            [
              111.3408163522929,
              30.73897320624866
            ],
            [
              111.3405971290544,
              30.738744684019935
            ],
            [
              111.34050577142432,
              30.7386494512113
            ],
            [
              111.34058496302566,
              30.738614340779236
            ],
            [
              111.3393178371486,
              30.737172197838674
            ],
            [
              111.33928080756328,
              30.737251394836107
            ],
            [
              111.3392602607525,
              30.737227944114352
            ],
            [
              111.33889393180965,
              30.73676113931532
            ],
            [
              111.3385052403246,
              30.73621801984592
            ],
            [
              111.33807241281175,
              30.73569410809671
            ],
            [
              111.33765037536466,
              30.735093797141076
            ],
            [
              111.33753910224789,
              30.734874525339137
            ],
            [
              111.33753993232222,
              30.734855103580344
            ],
            [
              111.33744986701782,
              30.734710880203124
            ],
            [
              111.33705520133651,
              30.73403412597429
            ],
            [
              111.33692710190434,
              30.733743301412346
            ],
            [
              111.33678770608782,
              30.733380907003266
            ],
            [
              111.33665405244267,
              30.73308054872848
            ],
            [
              111.3365595067159,
              30.73290418897733
            ],
            [
              111.3365460789384,
              30.73286986185468
            ],
            [
              111.3365721745663,
              30.732865071166145
            ],
            [
              111.33660560686343,
              30.73285893599126
            ],
            [
              111.33440197916815,
              30.729864261926252
            ],
            [
              111.33454169963977,
              30.729677688574498
            ],
            [
              111.335223821922,
              30.72880722757168
            ],
            [
              111.33587347508086,
              30.728137317183496
            ],
            [
              111.33953858383865,
              30.725640231711452
            ],
            [
              111.33954624066655,
              30.725714751334806
            ],
            [
              111.34003436839146,
              30.726263814423646
            ],
            [
              111.340778042073,
              30.727206937050596
            ],
            [
              111.34156475281117,
              30.727815825739924
            ],
            [
              111.34161789285162,
              30.727851550408843
            ],
            [
              111.34300773302061,
              30.728785874968253
            ],
            [
              111.34457763185236,
              30.72984120510762
            ],
            [
              111.3454296702431,
              30.730163512236345
            ],
            [
              111.34583845887789,
              30.730069017771086
            ],
            [
              111.3458202332173,
              30.7300457226321
            ],
            [
              111.34583780866808,
              30.730041421174803
            ],
            [
              111.34585214026424,
              30.730016471283193
            ],
            [
              111.34677128966348,
              30.728416081836826
            ],
            [
              111.34677533931051,
              30.728405596640982
            ],
            [
              111.34710528618018,
              30.72755095741087
            ],
            [
              111.34750755383061,
              30.726508974110004
            ],
            [
              111.34778951107717,
              30.72577861399202
            ],
            [
              111.34797528762954,
              30.725497178352214
            ],
            [
              111.34930597579023,
              30.723481233772077
            ],
            [
              111.34936808566874,
              30.723387142203023
            ],
            [
              111.34932071028265,
              30.72332510696816
            ],
            [
              111.34897679963973,
              30.722874782245583
            ],
            [
              111.34897937979468,
              30.72281233512126
            ],
            [
              111.34899619172091,
              30.722405179655482
            ],
            [
              111.34902567689363,
              30.72169131670097
            ],
            [
              111.34871513739375,
              30.72175497521198
            ],
            [
              111.34732959598415,
              30.72203896672511
            ],
            [
              111.34731336771773,
              30.721979875870602
            ],
            [
              111.34716655789038,
              30.72144524780009
            ],
            [
              111.34636471875694,
              30.720715911110517
            ],
            [
              111.34617190231148,
              30.720874135133386
            ],
            [
              111.34585732305709,
              30.72077009076719
            ],
            [
              111.34551782628665,
              30.720482721400515
            ],
            [
              111.34484738979529,
              30.719915212317233
            ],
            [
              111.34428329903506,
              30.71992904658839
            ],
            [
              111.34402527994291,
              30.72008424259377
            ],
            [
              111.34226237400947,
              30.721144591849622
            ],
            [
              111.34220023085612,
              30.721181972170314
            ],
            [
              111.34193828712239,
              30.720401956884928
            ],
            [
              111.34184172511561,
              30.720114410351812
            ],
            [
              111.34173103655814,
              30.720067247205748
            ],
            [
              111.34114500863541,
              30.719817548640947
            ],
            [
              111.340764816643,
              30.719655552861525
            ],
            [
              111.3405321611304,
              30.71955641789441
            ],
            [
              111.3403735378086,
              30.719488830245382
            ],
            [
              111.33865949204198,
              30.719397788277433
            ],
            [
              111.33625698107488,
              30.71974113324677
            ],
            [
              111.33602346131386,
              30.7197744989939
            ],
            [
              111.33525209840576,
              30.71967632540219
            ],
            [
              111.33483102593124,
              30.71962273120414
            ],
            [
              111.3346621683246,
              30.719601239205872
            ],
            [
              111.33464736728223,
              30.719580615952736
            ],
            [
              111.33462418096133,
              30.71958430227386
            ],
            [
              111.33459779665111,
              30.719580195070023
            ],
            [
              111.33454934567595,
              30.71956579602471
            ],
            [
              111.33450729157835,
              30.719554753249326
            ],
            [
              111.33443171435226,
              30.719535157921257
            ],
            [
              111.33437712730273,
              30.719521693271588
            ],
            [
              111.3343315118899,
              30.71951207861963
            ],
            [
              111.33429768389101,
              30.719507509164373
            ],
            [
              111.33424767798795,
              30.71950591826362
            ],
            [
              111.33419679164876,
              30.71950123189646
            ],
            [
              111.33413182732204,
              30.719488641387727
            ],
            [
              111.33409243791579,
              30.71949241224513
            ],
            [
              111.33405531300235,
              30.71950831225888
            ],
            [
              111.33401459889473,
              30.719539144615965
            ],
            [
              111.33397996330484,
              30.719561644754265
            ],
            [
              111.33393910620492,
              30.719588863635295
            ],
            [
              111.33389788128221,
              30.719613058995662
            ],
            [
              111.33386928374046,
              30.71962245870958
            ],
            [
              111.33386398043848,
              30.71962420339429
            ],
            [
              111.33383976978973,
              30.719627162163874
            ],
            [
              111.33381256529776,
              30.719615604976354
            ],
            [
              111.33380890056043,
              30.719614049149072
            ],
            [
              111.33378619177944,
              30.719587565014137
            ],
            [
              111.33376791395824,
              30.71954786803974
            ],
            [
              111.33376483917618,
              30.71952675375678
            ],
            [
              111.33376798770263,
              30.719501179735687
            ],
            [
              111.33377482075139,
              30.719457970908763
            ],
            [
              111.33376831685445,
              30.719425687045884
            ],
            [
              111.33374989514175,
              30.719398139013038
            ],
            [
              111.33371316233257,
              30.71937028880791
            ],
            [
              111.33365993685663,
              30.719341131887802
            ],
            [
              111.33362477966006,
              30.719331106245647
            ],
            [
              111.33357835126009,
              30.719328472131394
            ],
            [
              111.33348009313187,
              30.71930303660588
            ],
            [
              111.33338097615126,
              30.719284315418975
            ],
            [
              111.33329420866085,
              30.71927417376412
            ],
            [
              111.33310060800676,
              30.71926560322504
            ],
            [
              111.33305801341669,
              30.719277457189037
            ],
            [
              111.33302138942571,
              30.719294067667192
            ],
            [
              111.3330038697328,
              30.719307379432053
            ],
            [
              111.33299193482998,
              30.71931645179285
            ],
            [
              111.33295609234989,
              30.71935321877612
            ],
            [
              111.33292471860096,
              30.71938916108104
            ],
            [
              111.33287327108468,
              30.71945399860323
            ],
            [
              111.33282781665048,
              30.71952204940311
            ],
            [
              111.33278413208217,
              30.719605663870425
            ],
            [
              111.33276987872705,
              30.71963730921459
            ],
            [
              111.33272644506951,
              30.719747661425515
            ],
            [
              111.33270662670958,
              30.71982047233712
            ],
            [
              111.33269587981107,
              30.71987419783602
            ],
            [
              111.33268821129195,
              30.71993523392399
            ],
            [
              111.33268155271156,
              30.72008381811378
            ],
            [
              111.33268031974103,
              30.720173158564535
            ],
            [
              111.33268041866654,
              30.72022678423872
            ],
            [
              111.33268200956712,
              30.720288913902266
            ],
            [
              111.33268556188926,
              30.720321344354545
            ],
            [
              111.33269280143173,
              30.720354776651675
            ],
            [
              111.33270146370177,
              30.72038312328266
            ],
            [
              111.33271869111485,
              30.720417439613243
            ],
            [
              111.33274468511917,
              30.720454910765625
            ],
            [
              111.33275962195899,
              30.72047954589442
            ],
            [
              111.33277205058977,
              30.720505292585244
            ],
            [
              111.33279904014364,
              30.720564895153814
            ],
            [
              111.3328107106459,
              30.72060125384479
            ],
            [
              111.33282655040506,
              30.720662184712126
            ],
            [
              111.33283342392355,
              30.72069074807962
            ],
            [
              111.33283526303711,
              30.720725794659813
            ],
            [
              111.33282541995715,
              30.72076547904379
            ],
            [
              111.33281072683366,
              30.720794966015035
            ],
            [
              111.3327907447972,
              30.720819137992862
            ],
            [
              111.33273706696218,
              30.720873876128508
            ],
            [
              111.33269492383181,
              30.72092402322528
            ],
            [
              111.33259011504185,
              30.721062685194852
            ],
            [
              111.33255153322682,
              30.721114130013177
            ],
            [
              111.33247614126105,
              30.721212542824617
            ],
            [
              111.33238445987502,
              30.721335323666437
            ],
            [
              111.33232631510742,
              30.721404298969276
            ],
            [
              111.33226337515481,
              30.721469869439034
            ],
            [
              111.33221531718334,
              30.72152422356413
            ],
            [
              111.33218145860747,
              30.72157498669634
            ],
            [
              111.33214355667985,
              30.721646042131283
            ],
            [
              111.3321281935614,
              30.721684673409015
            ],
            [
              111.33211407960113,
              30.721732934627312
            ],
            [
              111.33209851683313,
              30.721799284809208
            ],
            [
              111.3320871161277,
              30.72184196393556
            ],
            [
              111.33207588719262,
              30.721875699304178
            ],
            [
              111.33206497931548,
              30.721903733870363
            ],
            [
              111.33202761428299,
              30.72198489408771
            ],
            [
              111.33201177722174,
              30.722014524950453
            ],
            [
              111.33198869612153,
              30.722053789350923
            ],
            [
              111.33186766625983,
              30.722234849858467
            ],
            [
              111.33186067493034,
              30.72224766609702
            ],
            [
              111.33178833706222,
              30.722380299911038
            ],
            [
              111.33165202502107,
              30.722567294145335
            ],
            [
              111.33163113466924,
              30.722595952841004
            ],
            [
              111.33154897980165,
              30.72264375360652
            ],
            [
              111.33147456989565,
              30.722684107085968
            ],
            [
              111.33133536923202,
              30.72274771163768
            ],
            [
              111.33040066336002,
              30.724784333430307
            ],
            [
              111.33038382805142,
              30.724821016776616
            ],
            [
              111.33079213464941,
              30.725230988919066
            ],
            [
              111.33092354088888,
              30.7253246703973
            ],
            [
              111.33095359263433,
              30.725348293788898
            ],
            [
              111.33098515434153,
              30.725374589965497
            ],
            [
              111.33100896838931,
              30.725396147614163
            ],
            [
              111.33106605105752,
              30.72545129943802
            ],
            [
              111.33109200908899,
              30.725477903182878
            ],
            [
              111.33112061562389,
              30.725512394881264
            ],
            [
              111.33114224521853,
              30.72553934576439
            ],
            [
              111.33127574328091,
              30.725667499155918
            ],
            [
              111.33133638096939,
              30.725722239989466
            ],
            [
              111.33135815625388,
              30.72575560393807
            ],
            [
              111.33318618479473,
              30.726486113343526
            ],
            [
              111.33321248366929,
              30.726533686580467
            ],
            [
              111.33326627661751,
              30.726666827612178
            ],
            [
              111.3332775559146,
              30.726696656325714
            ],
            [
              111.33338822738483,
              30.72692376841735
            ],
            [
              111.33345507758986,
              30.727054349978346
            ],
            [
              111.33346507625237,
              30.727079162273697
            ],
            [
              111.33347453262371,
              30.727113784373728
            ],
            [
              111.33347474756164,
              30.727152653971928
            ],
            [
              111.3334690800342,
              30.727185107806577
            ],
            [
              111.33345888711801,
              30.72721117735398
            ],
            [
              111.33344091776416,
              30.727244559289034
            ],
            [
              111.33342340976259,
              30.72727370181991
            ],
            [
              111.33340342862545,
              30.727300087029505
            ],
            [
              111.33338066858306,
              30.727321368586274
            ],
            [
              111.33335945897193,
              30.727333498642167
            ],
            [
              111.33331490655775,
              30.72735130611801
            ],
            [
              111.33318999432288,
              30.727400026889825
            ],
            [
              111.33313833996243,
              30.727435947610957
            ],
            [
              111.33311040701972,
              30.727455407141463
            ],
            [
              111.33308296240887,
              30.72747537928541
            ],
            [
              111.33315737861028,
              30.72753342512749
            ],
            [
              111.33320889627362,
              30.727580805909497
            ],
            [
              111.33323682022319,
              30.72760816508486
            ],
            [
              111.33326866791481,
              30.727642851036933
            ],
            [
              111.33331995355309,
              30.727688877439846
            ],
            [
              111.33335259444681,
              30.727715267145925
            ],
            [
              111.33341966498563,
              30.727768339737224
            ],
            [
              111.33345337157584,
              30.727796912997235
            ],
            [
              111.33356521756076,
              30.727894221441204
            ],
            [
              111.33359850776498,
              30.72792597560334
            ],
            [
              111.33362936530301,
              30.72795802204513
            ],
            [
              111.33364788414264,
              30.727981713785255
            ],
            [
              111.33366606663583,
              30.728002505211634
            ],
            [
              111.33369855194661,
              30.728034032744574
            ],
            [
              111.33372261780471,
              30.72805557060815
            ],
            [
              111.33374765942699,
              30.72807664891826
            ],
            [
              111.33377453206907,
              30.72809873896574
            ],
            [
              111.33380286970674,
              30.728121375800924
            ],
            [
              111.33387705028576,
              30.7281798749014
            ],
            [
              111.33401180290247,
              30.72828553894658
            ],
            [
              111.33412449964612,
              30.728374558339283
            ],
            [
              111.3341572637467,
              30.72840240494719
            ],
            [
              111.3341906870507,
              30.72842553820817
            ],
            [
              111.33422662755686,
              30.728445019322294
            ],
            [
              111.33425953375058,
              30.728461666672672
            ],
            [
              111.3342841670808,
              30.728478048723048
            ],
            [
              111.33430795235017,
              30.728499647740705
            ],
            [
              111.33433934768294,
              30.728540530920952
            ],
            [
              111.33436724105553,
              30.728564363854446
            ],
            [
              111.33439754011442,
              30.72858371276817
            ],
            [
              111.33443003621727,
              30.728601436607107
            ],
            [
              111.33447455535662,
              30.728625018629828
            ],
            [
              111.33450362684101,
              30.728639788195665
            ],
            [
              111.3345307962594,
              30.72865103781521
            ],
            [
              111.33450647409467,
              30.728710988421483
            ],
            [
              111.33449194105037,
              30.728743925192134
            ],
            [
              111.3344849937875,
              30.728770287918564
            ],
            [
              111.33448938427779,
              30.72879498599997
            ],
            [
              111.33450944455535,
              30.72882038735105
            ],
            [
              111.33458595707646,
              30.728866961441213
            ],
            [
              111.33460149826061,
              30.728878959296594
            ],
            [
              111.33462632044848,
              30.728898123849376
            ],
            [
              111.33474267383548,
              30.728970129867776
            ],
            [
              111.3347124593127,
              30.728997750745577
            ],
            [
              111.33468033462987,
              30.729023147600344
            ],
            [
              111.33461381987206,
              30.72909421112911
            ],
            [
              111.33459090604549,
              30.729116633925685
            ],
            [
              111.33454126796516,
              30.729134197685198
            ],
            [
              111.33439999166643,
              30.729010717171036
            ],
            [
              111.33427995375706,
              30.728936261399383
            ],
            [
              111.33400811118548,
              30.7288140947947
            ],
            [
              111.3339360781876,
              30.728791958881857
            ],
            [
              111.33388369987296,
              30.728792129753174
            ],
            [
              111.3338899654496,
              30.728825419957218
            ],
            [
              111.3337674903774,
              30.728925404783695
            ],
            [
              111.33370086230508,
              30.728965954315413
            ],
            [
              111.33355007657491,
              30.729063385067207
            ],
            [
              111.33307819600208,
              30.728625344184366
            ],
            [
              111.33299649888932,
              30.728725070905455
            ],
            [
              111.33293630366757,
              30.72873565232868
            ],
            [
              111.33260164974644,
              30.72900479513521
            ],
            [
              111.3322865785629,
              30.729265628206235
            ],
            [
              111.3319418891071,
              30.72954080636316
            ],
            [
              111.33193627374004,
              30.729545290382873
            ],
            [
              111.33188774272531,
              30.72957814081866
            ],
            [
              111.33184216868119,
              30.72956320487799
            ],
            [
              111.33169299993205,
              30.729420782842965
            ],
            [
              111.33163312396954,
              30.72937593275327
            ],
            [
              111.3315829840675,
              30.729350690582066
            ],
            [
              111.33153752513687,
              30.729323387164754
            ],
            [
              111.33151173078193,
              30.729305043692932
            ],
            [
              111.33144502087112,
              30.729261082133405
            ],
            [
              111.33138612337109,
              30.72921585163033
            ],
            [
              111.33135463810618,
              30.729196803089962
            ],
            [
              111.33132622492542,
              30.72917500622168
            ],
            [
              111.33130173278892,
              30.729156853406096
            ],
            [
              111.33126599193207,
              30.72912679896268
            ],
            [
              111.33123051997262,
              30.72909065341105
            ],
            [
              111.33120367790752,
              30.72906135889474
            ],
            [
              111.3311801363543,
              30.729032374644532
            ],
            [
              111.33115751300898,
              30.729001204142264
            ],
            [
              111.33113722160556,
              30.728971871854583
            ],
            [
              111.33111199832024,
              30.728933448320163
            ],
            [
              111.3310968087709,
              30.728909376166825
            ],
            [
              111.33107035341419,
              30.728875192935845
            ],
            [
              111.33103987089333,
              30.728844785058925
            ],
            [
              111.33100988389913,
              30.728824018813498
            ],
            [
              111.33097666833868,
              30.728795116401614
            ],
            [
              111.33095690573663,
              30.728776038183696
            ],
            [
              111.33093602257958,
              30.728755664942128
            ],
            [
              111.33089292886575,
              30.72871343098018
            ],
            [
              111.3307920357239,
              30.72863061241287
            ],
            [
              111.33074297500843,
              30.7285872533991
            ],
            [
              111.33066312330448,
              30.728503545402475
            ],
            [
              111.33064295780645,
              30.728479609046815
            ],
            [
              111.33059713285138,
              30.72841629767413
            ],
            [
              111.33057714631843,
              30.728393655442915
            ],
            [
              111.33051525227705,
              30.728329754114952
            ],
            [
              111.33045599774618,
              30.728277246298035
            ],
            [
              111.3303478191965,
              30.728165251025587
            ],
            [
              111.33029302890031,
              30.72811346986083
            ],
            [
              111.33027479064924,
              30.72809844938405
            ],
            [
              111.33022682171054,
              30.728063625835716
            ],
            [
              111.33010841337261,
              30.72799956712646
            ],
            [
              111.33005910714206,
              30.727977901558972
            ],
            [
              111.32991972211767,
              30.72793461539021
            ],
            [
              111.32988324471614,
              30.727925076281338
            ],
            [
              111.3298482161224,
              30.727915915786923
            ],
            [
              111.32921073528735,
              30.728790862608207
            ],
            [
              111.32969960135568,
              30.72908605158017
            ],
            [
              111.32970249267595,
              30.7291242287003
            ],
            [
              111.32969458583648,
              30.729317439947977
            ],
            [
              111.32951847789548,
              30.729523130188284
            ],
            [
              111.32935882305128,
              30.72961195712628
            ],
            [
              111.3291763128367,
              30.72964093777921
            ],
            [
              111.32909558789117,
              30.729660998956092
            ],
            [
              111.32908813610874,
              30.729670880706635
            ],
            [
              111.3283640532585,
              30.730631235243493
            ],
            [
              111.32799165569043,
              30.73197788277315
            ],
            [
              111.32797581413269,
              30.732035172285464
            ],
            [
              111.32821655994638,
              30.7321583434329
            ],
            [
              111.3297576732781,
              30.732946787164565
            ],
            [
              111.3306407688566,
              30.733398572386193
            ],
            [
              111.33103637522862,
              30.733600957618194
            ],
            [
              111.33138161596878,
              30.73377757727343
            ],
            [
              111.33140995900249,
              30.733792077042835
            ],
            [
              111.33148504969546,
              30.73383049068468
            ],
            [
              111.33134897957194,
              30.734067320850272
            ],
            [
              111.33134223735448,
              30.734079055204404
            ],
            [
              111.3314548162868,
              30.73417573142501
            ],
            [
              111.33156390944686,
              30.73426941380245
            ],
            [
              111.33201778289452,
              30.734497362263596
            ],
            [
              111.33247093868295,
              30.73451529474505
            ],
            [
              111.33255254586334,
              30.734528505786045
            ],
            [
              111.332703140038,
              30.73455288640656
            ],
            [
              111.33262699444043,
              30.73490628939379
            ],
            [
              111.33255055386513,
              30.735173778347303
            ],
            [
              111.3325514136169,
              30.735424354650263
            ],
            [
              111.33255173287631,
              30.735517438079455
            ],
            [
              111.33275943939674,
              30.73577324483955
            ],
            [
              111.33280699104989,
              30.735831807791726
            ],
            [
              111.33297443042568,
              30.736318232200745
            ],
            [
              111.33273284374593,
              30.736767521803813
            ],
            [
              111.33241116973971,
              30.736883828426073
            ],
            [
              111.33398552471238,
              30.73945621233446
            ],
            [
              111.33403902088429,
              30.739412309230715
            ],
            [
              111.33654070458999,
              30.743489050279436
            ],
            [
              111.3369773371345,
              30.743269504184354
            ],
            [
              111.33724247795811,
              30.7432137830898
            ],
            [
              111.33723898858864,
              30.74318839882568
            ]
          ]
        ]
      }
    },
    {
      "id": "63",
      "type": "Feature",
      "properties": {
        "社区": "万达社区",
        "name": "万达社区",
        "point_count": 501,
        "poi_names": "松滋杜婆鸡(港窑路店)、宜昌富力皇冠假日酒店、宜昌伍家岗万达广场、宜昌国际广场、Apple授权专营店(宜昌万达店) 等76处",
        "poi_count": 81,
        "place_name_source": "poi_top_places",
        "value": 501
      },
      "geometry": {
        "type": "Polygon",
        "coordinates": [
          [
            [
              111.30142251773509,
              30.68447974284601
            ],
            [
              111.3019666984045,
              30.684043726337052
            ],
            [
              111.30217906521187,
              30.6838882650315
            ],
            [
              111.3027438844228,
              30.683529566836114
            ],
            [
              111.30341266256448,
              30.683188302897918
            ],
            [
              111.30392179575432,
              30.68293034675827
            ],
            [
              111.3044176711386,
              30.68268488489963
            ],
            [
              111.30629925520657,
              30.681527785678895
            ],
            [
              111.30663143509281,
              30.681294670612658
            ],
            [
              111.30693919209011,
              30.681104841715182
            ],
            [
              111.30717481356692,
              30.680949116908266
            ],
            [
              111.30727449622105,
              30.68087826472032
            ],
            [
              111.30758824809925,
              30.680655258033767
            ],
            [
              111.30791273518463,
              30.680440172576027
            ],
            [
              111.3080417150532,
              30.680361359589142
            ],
            [
              111.30816945835392,
              30.680283301133443
            ],
            [
              111.30824788822952,
              30.68023062244538
            ],
            [
              111.30831669625866,
              30.680185532236635
            ],
            [
              111.30866227424457,
              30.67994971200966
            ],
            [
              111.30894914268896,
              30.679758790435812
            ],
            [
              111.30982303280678,
              30.67917717188908
            ],
            [
              111.31008285503981,
              30.67900424395083
            ],
            [
              111.31012844077497,
              30.678979525185127
            ],
            [
              111.310168446217,
              30.67895196006498
            ],
            [
              111.31008838587036,
              30.678863064778795
            ],
            [
              111.30984774078075,
              30.67868034322339
            ],
            [
              111.30956703808852,
              30.678497137832835
            ],
            [
              111.30934501975696,
              30.67837767369076
            ],
            [
              111.30910548982649,
              30.678236513404443
            ],
            [
              111.30900601131844,
              30.678177885700904
            ],
            [
              111.3087820423575,
              30.67804839501747
            ],
            [
              111.30830672637433,
              30.67755982302748
            ],
            [
              111.30797203917831,
              30.67726159074988
            ],
            [
              111.30750831995317,
              30.676838534370972
            ],
            [
              111.3065093332392,
              30.67779197222177
            ],
            [
              111.30645455733202,
              30.677835002083725
            ],
            [
              111.30516231428948,
              30.678850122635083
            ],
            [
              111.3025832160427,
              30.68057447912895
            ],
            [
              111.3016564269027,
              30.681157291975637
            ],
            [
              111.29986745232105,
              30.682282251224933
            ],
            [
              111.29915488259178,
              30.682730323146018
            ],
            [
              111.29663860019139,
              30.68401824314742
            ],
            [
              111.29680010314235,
              30.68423266130833
            ],
            [
              111.29690558462505,
              30.684421754560503
            ],
            [
              111.29692061859186,
              30.68444870724221
            ],
            [
              111.29719783371308,
              30.68479845268655
            ],
            [
              111.29726509580769,
              30.684892744804472
            ],
            [
              111.29751106218595,
              30.684752506323207
            ],
            [
              111.29770146575015,
              30.68464394466241
            ],
            [
              111.29823870005612,
              30.68434096216572
            ],
            [
              111.29857612838566,
              30.68477701015098
            ],
            [
              111.29876723521983,
              30.685014602042372
            ],
            [
              111.2988334451075,
              30.685096917888586
            ],
            [
              111.29884193021098,
              30.685107466036754
            ],
            [
              111.29916239822614,
              30.685508918002256
            ],
            [
              111.29945256088712,
              30.685862689711428
            ],
            [
              111.29959193062314,
              30.686034376585212
            ],
            [
              111.29966061094859,
              30.68602454159941
            ],
            [
              111.29967471861352,
              30.68601482532398
            ],
            [
              111.29991390410356,
              30.685850095605588
            ],
            [
              111.30002455039266,
              30.685760786630965
            ],
            [
              111.30016889787652,
              30.685644276762048
            ],
            [
              111.30068414106046,
              30.685196626623053
            ],
            [
              111.30102331587346,
              30.684879820647268
            ],
            [
              111.30130825617118,
              30.68457182892695
            ],
            [
              111.30140885793259,
              30.684490752346505
            ],
            [
              111.30142251773509,
              30.68447974284601
            ]
          ]
        ]
      }
    },
    {
      "id": "56",
      "type": "Feature",
      "properties": {
        "社区": "港务社区",
        "name": "港务社区",
        "point_count": 417,
        "poi_names": "重庆坨坨牛肉馆、联想客户服务中心(百应伍家江海店)、燕沙云禧宴、木子李家政、宜昌友家宾馆(夷陵大道一店) 等17处",
        "poi_count": 22,
        "place_name_source": "poi_top_places",
        "value": 417
      },
      "geometry": {
        "type": "Polygon",
        "coordinates": [
          [
            [
              111.30410697155969,
              30.686994943362095
            ],
            [
              111.30468958025995,
              30.686593752200054
            ],
            [
              111.30469476575092,
              30.686599543834063
            ],
            [
              111.30518176212877,
              30.68627486789103
            ],
            [
              111.30517952101815,
              30.68627162313709
            ],
            [
              111.30551192123824,
              30.68605093310424
            ],
            [
              111.3056366356223,
              30.685968129825312
            ],
            [
              111.30576087606369,
              30.685871420329818
            ],
            [
              111.3059612261298,
              30.685715465296596
            ],
            [
              111.3059626560518,
              30.68571435103661
            ],
            [
              111.30637097973704,
              30.685396502746528
            ],
            [
              111.30679051437073,
              30.685028788847717
            ],
            [
              111.30767036339654,
              30.684257604005325
            ],
            [
              111.30770524090417,
              30.684227628702217
            ],
            [
              111.30807496388849,
              30.683909864049042
            ],
            [
              111.30839548136652,
              30.683634389115866
            ],
            [
              111.30859669298309,
              30.68346144858714
            ],
            [
              111.30902606170343,
              30.683118093725227
            ],
            [
              111.30948994640403,
              30.682785339172256
            ],
            [
              111.30962631240448,
              30.682702252606873
            ],
            [
              111.30958483477247,
              30.68258935621384
            ],
            [
              111.30954081385755,
              30.682293912734053
            ],
            [
              111.30952159984213,
              30.682179200609653
            ],
            [
              111.3095348801308,
              30.682069210825603
            ],
            [
              111.30962169258703,
              30.681745677920787
            ],
            [
              111.30970831708521,
              30.681363236723996
            ],
            [
              111.30972892684855,
              30.681177308186363
            ],
            [
              111.30978441322009,
              30.681004384744597
            ],
            [
              111.30986121892022,
              30.680868063710307
            ],
            [
              111.30993337422598,
              30.680697718624913
            ],
            [
              111.31005698244383,
              30.68051547191169
            ],
            [
              111.31013495186659,
              30.68037545466359
            ],
            [
              111.31022256741767,
              30.680198293616513
            ],
            [
              111.31030699037535,
              30.680076353640914
            ],
            [
              111.31034765232238,
              30.680004260388444
            ],
            [
              111.31040911019232,
              30.679805143292867
            ],
            [
              111.31046315944735,
              30.679657094199683
            ],
            [
              111.31048232130217,
              30.679492111771594
            ],
            [
              111.31045006801628,
              30.679352124201273
            ],
            [
              111.31033290973608,
              30.67918223057552
            ],
            [
              111.3102310417292,
              30.679058117837997
            ],
            [
              111.310168446217,
              30.67895196006498
            ],
            [
              111.31012844077497,
              30.678979525185127
            ],
            [
              111.31008285503981,
              30.67900424395083
            ],
            [
              111.30982303280678,
              30.67917717188908
            ],
            [
              111.30894914268896,
              30.679758790435812
            ],
            [
              111.30866227424457,
              30.67994971200966
            ],
            [
              111.30831669625866,
              30.680185532236635
            ],
            [
              111.30824788822952,
              30.68023062244538
            ],
            [
              111.30816945835392,
              30.680283301133443
            ],
            [
              111.3080417150532,
              30.680361359589142
            ],
            [
              111.30791273518463,
              30.680440172576027
            ],
            [
              111.30758824809925,
              30.680655258033767
            ],
            [
              111.30727449622105,
              30.68087826472032
            ],
            [
              111.30717481356692,
              30.680949116908266
            ],
            [
              111.30693919209011,
              30.681104841715182
            ],
            [
              111.30663143509281,
              30.681294670612658
            ],
            [
              111.30629925520657,
              30.681527785678895
            ],
            [
              111.3044176711386,
              30.68268488489963
            ],
            [
              111.30392179575432,
              30.68293034675827
            ],
            [
              111.30341266256448,
              30.683188302897918
            ],
            [
              111.3027438844228,
              30.683529566836114
            ],
            [
              111.30217906521187,
              30.6838882650315
            ],
            [
              111.3019666984045,
              30.684043726337052
            ],
            [
              111.30142251773509,
              30.68447974284601
            ],
            [
              111.30140885793259,
              30.684490752346505
            ],
            [
              111.30209749130637,
              30.685307175785567
            ],
            [
              111.30210599169823,
              30.685299934444515
            ],
            [
              111.30211674309339,
              30.685290424113873
            ],
            [
              111.30323957094947,
              30.68624983526172
            ],
            [
              111.30327912043515,
              30.686279383386932
            ],
            [
              111.30370659338462,
              30.6865987596251
            ],
            [
              111.30394722408522,
              30.68680867218245
            ],
            [
              111.30393490337315,
              30.68681514370411
            ],
            [
              111.30393293115998,
              30.686816180622372
            ],
            [
              111.30393636657016,
              30.686819708662654
            ],
            [
              111.30410697155969,
              30.686994943362095
            ]
          ]
        ]
      }
    },
    {
      "id": "62",
      "type": "Feature",
      "properties": {
        "社区": "建设社区",
        "name": "建设社区",
        "point_count": 372,
        "poi_names": "老蔡甲鱼馆(港窑路中心店)、宜昌市中心人民医院(伍家院区)、宜昌市中心人民医院伍家院区综合楼、宜昌长航医院、宜昌市中心人民医院伍家院区门诊 等21处",
        "poi_count": 26,
        "place_name_source": "poi_top_places",
        "value": 372
      },
      "geometry": {
        "type": "MultiPolygon",
        "coordinates": [
          [
            [
              [
                111.30813433982803,
                30.687148831753234
              ],
              [
                111.3080816089792,
                30.687095053194184
              ],
              [
                111.30790214656679,
                30.687226594332003
              ],
              [
                111.30787832262666,
                30.687244059166176
              ],
              [
                111.30799513556713,
                30.687363686085405
              ],
              [
                111.30809363381422,
                30.68729282490392
              ],
              [
                111.30818200389649,
                30.687201279315616
              ],
              [
                111.30818407593449,
                30.68719978644117
              ],
              [
                111.30816318558266,
                30.687178232389613
              ],
              [
                111.30814721901908,
                30.68716206078051
              ],
              [
                111.30813433982803,
                30.687148831753234
              ]
            ]
          ],
          [
            [
              [
                111.30124386291402,
                30.68911323438823
              ],
              [
                111.30124426581023,
                30.689112870163
              ],
              [
                111.3012464529615,
                30.689115405351743
              ],
              [
                111.30136012726825,
                30.68921067503277
              ],
              [
                111.30137671436404,
                30.68920677377372
              ],
              [
                111.30139356675977,
                30.689206432031256
              ],
              [
                111.30141899598988,
                30.68920808678388
              ],
              [
                111.3014296313724,
                30.689210417826644
              ],
              [
                111.30144211935834,
                30.689218157392077
              ],
              [
                111.3014415932551,
                30.6892305050838
              ],
              [
                111.30155166487748,
                30.689255483753584
              ],
              [
                111.30159302200036,
                30.689259893129588
              ],
              [
                111.30163477662381,
                30.689249381853642
              ],
              [
                111.30166417726002,
                30.68923944434505
              ],
              [
                111.30170334992977,
                30.689222929194898
              ],
              [
                111.30179940921545,
                30.689177466666933
              ],
              [
                111.3018923793299,
                30.689142146692802
              ],
              [
                111.30213894465663,
                30.68904764593219
              ],
              [
                111.30248672778032,
                30.68891705537777
              ],
              [
                111.30247944237249,
                30.68892619069129
              ],
              [
                111.3024952506554,
                30.688920251568504
              ],
              [
                111.30262758319657,
                30.688869084640714
              ],
              [
                111.30273773216067,
                30.688830497429592
              ],
              [
                111.30273806041328,
                30.688827070113234
              ],
              [
                111.30285919639488,
                30.68878427767237
              ],
              [
                111.30290924816347,
                30.688768203190136
              ],
              [
                111.30302442793516,
                30.688730623219726
              ],
              [
                111.30312851906604,
                30.688695951656882
              ],
              [
                111.30324097209319,
                30.68865860730898
              ],
              [
                111.3033186753168,
                30.6886319882758
              ],
              [
                111.30340997269218,
                30.688606735312703
              ],
              [
                111.30350356064093,
                30.688579852778105
              ],
              [
                111.30358348968633,
                30.68855735983442
              ],
              [
                111.30367831780023,
                30.68853002404137
              ],
              [
                111.30375625664601,
                30.68850173496719
              ],
              [
                111.30381626211079,
                30.688479270801736
              ],
              [
                111.30384835621686,
                30.68846618027004
              ],
              [
                111.30390824656837,
                30.68844448862228
              ],
              [
                111.30391232589312,
                30.688441931849695
              ],
              [
                111.30397329183404,
                30.688555189770284
              ],
              [
                111.30397951784062,
                30.688618216057932
              ],
              [
                111.30442325592867,
                30.688485180246914
              ],
              [
                111.30626204755555,
                30.687933878745582
              ],
              [
                111.30627005421968,
                30.687931479354347
              ],
              [
                111.30641678760475,
                30.6878874836205
              ],
              [
                111.30666082403798,
                30.68777593441189
              ],
              [
                111.30680737755858,
                30.68768582324219
              ],
              [
                111.30688682636611,
                30.687636981061928
              ],
              [
                111.30747664942794,
                30.68728237568115
              ],
              [
                111.30760680471042,
                30.687183211036427
              ],
              [
                111.30787884513279,
                30.686975945183804
              ],
              [
                111.30814867322277,
                30.686727101874283
              ],
              [
                111.30830257690246,
                30.68655600675436
              ],
              [
                111.308385320826,
                30.686464018699667
              ],
              [
                111.30829332827466,
                30.686230328966644
              ],
              [
                111.30833755693288,
                30.68618692588609
              ],
              [
                111.30840110302859,
                30.68612024295487
              ],
              [
                111.30843353617894,
                30.686089264008388
              ],
              [
                111.30843848964469,
                30.686078383110953
              ],
              [
                111.30846341165721,
                30.68600909484394
              ],
              [
                111.30847212968513,
                30.686000242817045
              ],
              [
                111.30847326283094,
                30.685965757413896
              ],
              [
                111.3084642875969,
                30.685889166651748
              ],
              [
                111.30845709931583,
                30.68579837919185
              ],
              [
                111.30845485730583,
                30.685731207928995
              ],
              [
                111.30844520398307,
                30.68549575912209
              ],
              [
                111.30844255188231,
                30.685354123094385
              ],
              [
                111.30844090792164,
                30.68528464866779
              ],
              [
                111.30847693386352,
                30.685287586752793
              ],
              [
                111.30849741592311,
                30.685123541418477
              ],
              [
                111.30853084642149,
                30.685030750268936
              ],
              [
                111.30853981895763,
                30.68484727777968
              ],
              [
                111.308538253238,
                30.68484260580169
              ],
              [
                111.30855849697713,
                30.684759989582005
              ],
              [
                111.30860812786301,
                30.684787416206348
              ],
              [
                111.30862475093159,
                30.68485621434297
              ],
              [
                111.30864905870715,
                30.684882029382322
              ],
              [
                111.30871303737695,
                30.68495152089605
              ],
              [
                111.30873143930461,
                30.684971431886197
              ],
              [
                111.3088189838092,
                30.685065974015572
              ],
              [
                111.30883738393828,
                30.68508589040158
              ],
              [
                111.30892363431843,
                30.6851790160988
              ],
              [
                111.30894202815227,
                30.68519893428339
              ],
              [
                111.30897598115678,
                30.685235610435143
              ],
              [
                111.30896486373763,
                30.685255360446718
              ],
              [
                111.30892930184586,
                30.685279752758504
              ],
              [
                111.30904767421094,
                30.68540814087305
              ],
              [
                111.30910936770323,
                30.685420874373904
              ],
              [
                111.3092245168981,
                30.685509793941947
              ],
              [
                111.30931257491551,
                30.685414121364715
              ],
              [
                111.30941174765417,
                30.68526250286226
              ],
              [
                111.30949394299125,
                30.685136848686682
              ],
              [
                111.31016090090486,
                30.684296960136635
              ],
              [
                111.31014456112274,
                30.684292806168116
              ],
              [
                111.310250485072,
                30.68418414018595
              ],
              [
                111.31023585400158,
                30.684175313340006
              ],
              [
                111.31013974974974,
                30.683960862803758
              ],
              [
                111.3100393683223,
                30.683828891790085
              ],
              [
                111.30997367284692,
                30.68365102117781
              ],
              [
                111.30989574209497,
                30.683435218960312
              ],
              [
                111.30984972558451,
                30.6832533760425
              ],
              [
                111.30982027188816,
                30.683041384252533
              ],
              [
                111.30966351465963,
                30.682803516269416
              ],
              [
                111.30962631240448,
                30.682702252606873
              ],
              [
                111.30948994640403,
                30.682785339172256
              ],
              [
                111.30902606170343,
                30.683118093725227
              ],
              [
                111.30859669298309,
                30.68346144858714
              ],
              [
                111.30839548136652,
                30.683634389115866
              ],
              [
                111.30807496388849,
                30.683909864049042
              ],
              [
                111.30770524090417,
                30.684227628702217
              ],
              [
                111.30767036339654,
                30.684257604005325
              ],
              [
                111.30679051437073,
                30.685028788847717
              ],
              [
                111.30637097973704,
                30.685396502746528
              ],
              [
                111.3059626560518,
                30.68571435103661
              ],
              [
                111.3059612261298,
                30.685715465296596
              ],
              [
                111.30576087606369,
                30.685871420329818
              ],
              [
                111.3056366356223,
                30.685968129825312
              ],
              [
                111.30551192123824,
                30.68605093310424
              ],
              [
                111.30517952101815,
                30.68627162313709
              ],
              [
                111.30518176212877,
                30.68627486789103
              ],
              [
                111.30469476575092,
                30.686599543834063
              ],
              [
                111.30468958025995,
                30.686593752200054
              ],
              [
                111.30410697155969,
                30.686994943362095
              ],
              [
                111.30393636657016,
                30.686819708662654
              ],
              [
                111.30393293115998,
                30.686816180622372
              ],
              [
                111.30393490337315,
                30.68681514370411
              ],
              [
                111.30394722408522,
                30.68680867218245
              ],
              [
                111.30370659338462,
                30.6865987596251
              ],
              [
                111.30327912043515,
                30.686279383386932
              ],
              [
                111.30323957094947,
                30.68624983526172
              ],
              [
                111.30211674309339,
                30.685290424113873
              ],
              [
                111.30210599169823,
                30.685299934444515
              ],
              [
                111.30209749130637,
                30.685307175785567
              ],
              [
                111.30140885793259,
                30.684490752346505
              ],
              [
                111.30130825617118,
                30.68457182892695
              ],
              [
                111.30102331587346,
                30.684879820647268
              ],
              [
                111.30068414106046,
                30.685196626623053
              ],
              [
                111.30016889787652,
                30.685644276762048
              ],
              [
                111.30002455039266,
                30.685760786630965
              ],
              [
                111.29991390410356,
                30.685850095605588
              ],
              [
                111.29967471861352,
                30.68601482532398
              ],
              [
                111.29966061094859,
                30.68602454159941
              ],
              [
                111.29940254419216,
                30.686202273716106
              ],
              [
                111.29957736880067,
                30.686555907829018
              ],
              [
                111.29991683229599,
                30.68739907710585
              ],
              [
                111.29987548506568,
                30.687420544822317
              ],
              [
                111.29979579613928,
                30.6873668238199
              ],
              [
                111.29974463101007,
                30.687339146284614
              ],
              [
                111.2996192763087,
                30.687268723073203
              ],
              [
                111.29958137258234,
                30.687247062901747
              ],
              [
                111.29953679408783,
                30.68722158960486
              ],
              [
                111.29949992368262,
                30.687200522985847
              ],
              [
                111.29947851532131,
                30.68722524444945
              ],
              [
                111.29943422910645,
                30.687196599243805
              ],
              [
                111.29943202576743,
                30.687195010141636
              ],
              [
                111.29932561798296,
                30.687305274219113
              ],
              [
                111.29931372175105,
                30.687316135331514
              ],
              [
                111.29925538272977,
                30.687379363966613
              ],
              [
                111.29925848808875,
                30.68742114736824
              ],
              [
                111.29929268031293,
                30.68747617778348
              ],
              [
                111.29934056561473,
                30.687533562623855
              ],
              [
                111.29926220408748,
                30.687648763979325
              ],
              [
                111.29925672092105,
                30.687651968263822
              ],
              [
                111.29914495767383,
                30.68771727793012
              ],
              [
                111.29914450171748,
                30.687716746430795
              ],
              [
                111.2991475270369,
                30.687728542838045
              ],
              [
                111.29916701084898,
                30.687778616190258
              ],
              [
                111.29918241173891,
                30.687847791142758
              ],
              [
                111.2991869029533,
                30.687879116328247
              ],
              [
                111.29918909370184,
                30.68787589135934
              ],
              [
                111.29918926906964,
                30.687875990284795
              ],
              [
                111.29934082641819,
                30.687961246914142
              ],
              [
                111.29948460373163,
                30.688020582384013
              ],
              [
                111.29961412679057,
                30.688113925717232
              ],
              [
                111.29956339693325,
                30.68822844988324
              ],
              [
                111.29953423191938,
                30.688235154328936
              ],
              [
                111.29952779996808,
                30.688241693299517
              ],
              [
                111.2994834427069,
                30.68835672288452
              ],
              [
                111.29949189273674,
                30.68835943703857
              ],
              [
                111.29948468197267,
                30.68843008597986
              ],
              [
                111.29946194441328,
                30.68842895463274
              ],
              [
                111.29947337569587,
                30.688519975017016
              ],
              [
                111.29948048034004,
                30.688576535179095
              ],
              [
                111.29948509026474,
                30.688622849365174
              ],
              [
                111.29949195838736,
                30.688691839057185
              ],
              [
                111.29950114406267,
                30.688714775366748
              ],
              [
                111.29951216975093,
                30.688735812307982
              ],
              [
                111.29953750994827,
                30.688784158961766
              ],
              [
                111.29966529911434,
                30.688883727402242
              ],
              [
                111.29967717286326,
                30.68892314558684
              ],
              [
                111.29976962586761,
                30.68896967381147
              ],
              [
                111.29993595008409,
                30.68904987715024
              ],
              [
                111.30004014373776,
                30.689100119575016
              ],
              [
                111.30007371363115,
                30.689115944945
              ],
              [
                111.30004922778971,
                30.68914134090022
              ],
              [
                111.30021866905639,
                30.689266775641215
              ],
              [
                111.30021605382802,
                30.68927034684907
              ],
              [
                111.30028852029903,
                30.689307371038467
              ],
              [
                111.30036772628961,
                30.68934677303514
              ],
              [
                111.3004338201647,
                30.689380602832614
              ],
              [
                111.30049025711975,
                30.68940919228038
              ],
              [
                111.30051339937387,
                30.68942325677807
              ],
              [
                111.30071089858927,
                30.689559657851987
              ],
              [
                111.30124386291402,
                30.68911323438823
              ]
            ]
          ]
        ]
      }
    },
    {
      "id": "52",
      "type": "Feature",
      "properties": {
        "社区": "岳湾路社区",
        "name": "岳湾路社区",
        "point_count": 225,
        "poi_names": "天天烧烤(宏峰上上城2期店)、朱记砂锅米线(上上城店)、头号管家·宜昌店、千米手机电脑维修回收(上上城店)、碰场(中南路店) 等39处",
        "poi_count": 44,
        "place_name_source": "poi_top_places",
        "value": 225
      },
      "geometry": {
        "type": "Polygon",
        "coordinates": [
          [
            [
              111.33866164501899,
              30.691204071810546
            ],
            [
              111.33873717907761,
              30.69115549672881
            ],
            [
              111.33876828123135,
              30.691194099228312
            ],
            [
              111.3390506854409,
              30.691024151643433
            ],
            [
              111.33906637681196,
              30.69104274332807
            ],
            [
              111.33913948000315,
              30.690996786172832
            ],
            [
              111.339190959895,
              30.690964423169703
            ],
            [
              111.33936856161,
              30.690855724812025
            ],
            [
              111.33937805485334,
              30.690841178277935
            ],
            [
              111.3393852593224,
              30.690830645417975
            ],
            [
              111.33938949692782,
              30.690822391440406
            ],
            [
              111.33939142957087,
              30.69081584887249
            ],
            [
              111.33939167238782,
              30.690805610090933
            ],
            [
              111.33935216876773,
              30.690750617447065
            ],
            [
              111.33924867928317,
              30.690614594088288
            ],
            [
              111.33924864690766,
              30.69061455271958
            ],
            [
              111.33913096881923,
              30.690456538238834
            ],
            [
              111.33903315855355,
              30.690323507823678
            ],
            [
              111.33903311268801,
              30.690323447569142
            ],
            [
              111.33894858181168,
              30.69021523484537
            ],
            [
              111.33893722427348,
              30.69020069370714
            ],
            [
              111.33889304597744,
              30.69014457421281
            ],
            [
              111.33882430539745,
              30.690057251840756
            ],
            [
              111.33838556124482,
              30.689518230581996
            ],
            [
              111.3383303149921,
              30.689450357847875
            ],
            [
              111.33807466471404,
              30.689136275918543
            ],
            [
              111.3379883513814,
              30.689030230560775
            ],
            [
              111.33798521904276,
              30.689026373368563
            ],
            [
              111.33787634711581,
              30.68889228085419
            ],
            [
              111.33772432481777,
              30.688603226158136
            ],
            [
              111.33720485571962,
              30.688354125642434
            ],
            [
              111.33716615879132,
              30.688335569031437
            ],
            [
              111.33639665388262,
              30.687981166897487
            ],
            [
              111.33585021681404,
              30.687729496119402
            ],
            [
              111.33519678110673,
              30.687410034445577
            ],
            [
              111.33516175700953,
              30.687392909555285
            ],
            [
              111.33515948262402,
              30.687391012885087
            ],
            [
              111.33485984740412,
              30.68714096628264
            ],
            [
              111.33464438692903,
              30.68691542440729
            ],
            [
              111.3345965106206,
              30.686870330601266
            ],
            [
              111.33434613126906,
              30.68663450138132
            ],
            [
              111.33419222668999,
              30.68649689341703
            ],
            [
              111.33408137895265,
              30.686397783630866
            ],
            [
              111.33373905201569,
              30.68606375563786
            ],
            [
              111.33359254436061,
              30.68575353899473
            ],
            [
              111.33345922706172,
              30.685529543053974
            ],
            [
              111.33333374735474,
              30.68527212740679
            ],
            [
              111.3331870382512,
              30.6849711647875
            ],
            [
              111.33306228789434,
              30.68471524831017
            ],
            [
              111.3329968658129,
              30.684581038883834
            ],
            [
              111.33294492726662,
              30.684464791616904
            ],
            [
              111.33289508144298,
              30.684353230717193
            ],
            [
              111.3327036967184,
              30.68392489172038
            ],
            [
              111.33269604708511,
              30.68390777222595
            ],
            [
              111.33267949416341,
              30.683885516703356
            ],
            [
              111.33251952005992,
              30.68367043304403
            ],
            [
              111.33236367834121,
              30.683317619112927
            ],
            [
              111.33229650438022,
              30.683182469895257
            ],
            [
              111.33199319003376,
              30.68302650496929
            ],
            [
              111.33174374507792,
              30.682755075186606
            ],
            [
              111.33166296077707,
              30.68254169124623
            ],
            [
              111.33147481181328,
              30.68240828761253
            ],
            [
              111.3314086558849,
              30.682361381672592
            ],
            [
              111.3311846617429,
              30.682202561399208
            ],
            [
              111.33114916190442,
              30.682159383149042
            ],
            [
              111.33105471510311,
              30.682044509146863
            ],
            [
              111.33095064105936,
              30.68191792507224
            ],
            [
              111.33073995688363,
              30.68167503077808
            ],
            [
              111.33041026362287,
              30.681260913660367
            ],
            [
              111.33041038593069,
              30.681258178822077
            ],
            [
              111.33034391613893,
              30.68117395911105
            ],
            [
              111.33030854310482,
              30.681066848955993
            ],
            [
              111.33077381276138,
              30.680963476383454
            ],
            [
              111.33090262715467,
              30.680719073026864
            ],
            [
              111.33126240003992,
              30.680633194966106
            ],
            [
              111.33177352522813,
              30.680720195380843
            ],
            [
              111.33189217188635,
              30.680695071920184
            ],
            [
              111.33210422572961,
              30.68036948136654
            ],
            [
              111.33182398708738,
              30.67981126228011
            ],
            [
              111.33202756571973,
              30.679591655930324
            ],
            [
              111.33223634693002,
              30.679601624015845
            ],
            [
              111.3322726426685,
              30.679564472122763
            ],
            [
              111.33241960088407,
              30.67941404881941
            ],
            [
              111.33259110429623,
              30.679342968203514
            ],
            [
              111.33277587810443,
              30.679345241689646
            ],
            [
              111.33281587455303,
              30.67934573361879
            ],
            [
              111.33293931189979,
              30.67942990206842
            ],
            [
              111.33307433341395,
              30.679348891138545
            ],
            [
              111.33317617264237,
              30.67941545266109
            ],
            [
              111.33324997820404,
              30.67935846442174
            ],
            [
              111.33304446962677,
              30.67917522575624
            ],
            [
              111.33326090316825,
              30.679001883230455
            ],
            [
              111.33347729174375,
              30.67897603131894
            ],
            [
              111.33409162402921,
              30.678510188794178
            ],
            [
              111.33393128030445,
              30.678413631284116
            ],
            [
              111.33297900257895,
              30.67751544328314
            ],
            [
              111.33287418839319,
              30.67741657901189
            ],
            [
              111.33271292196383,
              30.677264471278363
            ],
            [
              111.33269505063612,
              30.677272981562965
            ],
            [
              111.33244856624839,
              30.677022023047982
            ],
            [
              111.33231960076904,
              30.676890716633352
            ],
            [
              111.33218170861903,
              30.676938799785944
            ],
            [
              111.33170141219045,
              30.677128227585797
            ],
            [
              111.33107322315084,
              30.677375980916906
            ],
            [
              111.33064566296713,
              30.677540919278158
            ],
            [
              111.33038087108042,
              30.67764306607478
            ],
            [
              111.33016594929921,
              30.677725973674853
            ],
            [
              111.3291985917416,
              30.678099133868102
            ],
            [
              111.32926753197114,
              30.678261837414027
            ],
            [
              111.32954323982875,
              30.67891251939733
            ],
            [
              111.3287563896958,
              30.679181509319392
            ],
            [
              111.32813815615111,
              30.679392857194784
            ],
            [
              111.32819871200104,
              30.67946009230951
            ],
            [
              111.32815309478968,
              30.680277674075512
            ],
            [
              111.32819480444675,
              30.680266660977736
            ],
            [
              111.32826035693,
              30.680625513856512
            ],
            [
              111.32827807807098,
              30.68072252372565
            ],
            [
              111.32835391879848,
              30.680849493609287
            ],
            [
              111.32838159723298,
              30.680840504885566
            ],
            [
              111.32846874693519,
              30.681019954707324
            ],
            [
              111.32845702157442,
              30.681021522225535
            ],
            [
              111.32845808637171,
              30.68102829322123
            ],
            [
              111.32846022495949,
              30.681042899110537
            ],
            [
              111.32846051544055,
              30.681044663580508
            ],
            [
              111.32846305062935,
              30.681060081557632
            ],
            [
              111.32846472516701,
              30.681070241198768
            ],
            [
              111.32846588259457,
              30.681077262205974
            ],
            [
              111.3284711769034,
              30.681108469580295
            ],
            [
              111.3284761366645,
              30.68113968504855
            ],
            [
              111.3284786286859,
              30.681156293728122
            ],
            [
              111.32848111261342,
              30.68117289521291
            ],
            [
              111.32848324490601,
              30.68118806497739
            ],
            [
              111.32848498599344,
              30.68119664630825
            ],
            [
              111.32853667542736,
              30.681200499003808
            ],
            [
              111.32854371981693,
              30.681266058681672
            ],
            [
              111.32855325802643,
              30.68132815596971
            ],
            [
              111.32857005736241,
              30.681385892445064
            ],
            [
              111.32857482466841,
              30.681399033338778
            ],
            [
              111.32860680276184,
              30.681570293933987
            ],
            [
              111.3286381396386,
              30.681763675153604
            ],
            [
              111.32865119509665,
              30.681884447809125
            ],
            [
              111.32866003273443,
              30.681922960376312
            ],
            [
              111.32868320736412,
              30.682005364356144
            ],
            [
              111.32870622731065,
              30.682099494596116
            ],
            [
              111.3287326718754,
              30.682221040668537
            ],
            [
              111.32875762716282,
              30.68231404315867
            ],
            [
              111.32878858362636,
              30.68245527988745
            ],
            [
              111.32880679130045,
              30.682504666157456
            ],
            [
              111.32882863313495,
              30.68255229425307
            ],
            [
              111.32882429660418,
              30.682567029644815
            ],
            [
              111.32881431772671,
              30.682600978152664
            ],
            [
              111.32881170699483,
              30.68260776713481
            ],
            [
              111.3288043811175,
              30.682660855014547
            ],
            [
              111.32881565411924,
              30.68277909427985
            ],
            [
              111.3288363277344,
              30.682884916605644
            ],
            [
              111.32883929369859,
              30.682908358334203
            ],
            [
              111.32884756476346,
              30.682981547860322
            ],
            [
              111.32885421974652,
              30.68305818538704
            ],
            [
              111.32886029286828,
              30.683244060864695
            ],
            [
              111.32886528680365,
              30.683295683748838
            ],
            [
              111.32886462490256,
              30.683388461408526
            ],
            [
              111.32886052129601,
              30.683490116275948
            ],
            [
              111.32885660744654,
              30.683538676069134
            ],
            [
              111.328853645979,
              30.68356239388953
            ],
            [
              111.32883957788425,
              30.68362046131523
            ],
            [
              111.32881195520764,
              30.683685215200512
            ],
            [
              111.32880713843878,
              30.683722911183565
            ],
            [
              111.32880257437944,
              30.68377803422908
            ],
            [
              111.32880079462103,
              30.683804022837478
            ],
            [
              111.32880071368209,
              30.683821157620514
            ],
            [
              111.32888689211643,
              30.683812701295267
            ],
            [
              111.32894538492167,
              30.683815913673527
            ],
            [
              111.3291387940202,
              30.683817972221732
            ],
            [
              111.32951674670056,
              30.684285596303255
            ],
            [
              111.32965518294043,
              30.685404298969388
            ],
            [
              111.32973532242733,
              30.686051907969215
            ],
            [
              111.33122212659987,
              30.686694453786117
            ],
            [
              111.33145300505225,
              30.6870561296368
            ],
            [
              111.33148687172189,
              30.687064665102298
            ],
            [
              111.33196648736367,
              30.68718553308605
            ],
            [
              111.33199067463005,
              30.687228581833722
            ],
            [
              111.33201064857275,
              30.687259874643644
            ],
            [
              111.33205657694958,
              30.687320053677695
            ],
            [
              111.33209313529011,
              30.68736400714323
            ],
            [
              111.33212903442745,
              30.687401788561772
            ],
            [
              111.33223509057711,
              30.687493492430804
            ],
            [
              111.33224362244528,
              30.68750311877409
            ],
            [
              111.33225215071639,
              30.687512745117203
            ],
            [
              111.33227207609559,
              30.68754544986274
            ],
            [
              111.33230073928775,
              30.687602502853338
            ],
            [
              111.33233413471265,
              30.687687305324914
            ],
            [
              111.33233583802854,
              30.68769593521938
            ],
            [
              111.3323375422438,
              30.687704562415774
            ],
            [
              111.33234013768731,
              30.687723324971557
            ],
            [
              111.3323397168046,
              30.68773515285511
            ],
            [
              111.33233929412319,
              30.687746978940083
            ],
            [
              111.33233380556067,
              30.687772318238046
            ],
            [
              111.33233057159879,
              30.687783843049885
            ],
            [
              111.33232733943527,
              30.687795367862122
            ],
            [
              111.33231689830626,
              30.687818680987448
            ],
            [
              111.33227861956266,
              30.687888856885422
            ],
            [
              111.33219207960099,
              30.687860951821563
            ],
            [
              111.33218277791303,
              30.687865172339855
            ],
            [
              111.33217347442633,
              30.687869391958998
            ],
            [
              111.33214378600701,
              30.687897715207498
            ],
            [
              111.33211280795985,
              30.68792232515534
            ],
            [
              111.33209203811708,
              30.687959827783914
            ],
            [
              111.33206932843694,
              30.68799018979547
            ],
            [
              111.33203418562931,
              30.68804841190473
            ],
            [
              111.33195630074272,
              30.68816293337278
            ],
            [
              111.33182478478597,
              30.68829625966481
            ],
            [
              111.33178485758526,
              30.688369652437586
            ],
            [
              111.3317399328518,
              30.68848639792907
            ],
            [
              111.33172012618297,
              30.68856157405753
            ],
            [
              111.33170999801797,
              30.68860002187364
            ],
            [
              111.33169745067687,
              30.688697815052194
            ],
            [
              111.33169415016499,
              30.688792946237584
            ],
            [
              111.33170014324713,
              30.68888722756361
            ],
            [
              111.33172933614003,
              30.688942162650847
            ],
            [
              111.33173008527535,
              30.688943795819682
            ],
            [
              111.33176032677784,
              30.689009762890407
            ],
            [
              111.33179002778763,
              30.68906040191615
            ],
            [
              111.33179561527544,
              30.689069929333755
            ],
            [
              111.33180120186404,
              30.689079454053626
            ],
            [
              111.33173519612257,
              30.68910200005729
            ],
            [
              111.331753882236,
              30.689128054316313
            ],
            [
              111.33192065341547,
              30.689360579427273
            ],
            [
              111.33202121740533,
              30.689504829784198
            ],
            [
              111.33214702356634,
              30.689658209159177
            ],
            [
              111.33221209671109,
              30.689739749789794
            ],
            [
              111.3322981348511,
              30.689845496572502
            ],
            [
              111.33230768475204,
              30.68985664906529
            ],
            [
              111.33232353979963,
              30.68987516430758
            ],
            [
              111.33232695992143,
              30.689878031346097
            ],
            [
              111.33233037914385,
              30.689880895686883
            ],
            [
              111.33265783399196,
              30.690155334601116
            ],
            [
              111.33288777265278,
              30.69033062955498
            ],
            [
              111.33305655471634,
              30.690539528576437
            ],
            [
              111.33306400829753,
              30.690548758318585
            ],
            [
              111.33306300825143,
              30.69055016395896
            ],
            [
              111.33305895500695,
              30.690555854868933
            ],
            [
              111.33309182342907,
              30.6905694022563
            ],
            [
              111.33310545984921,
              30.690575022119674
            ],
            [
              111.33310528807874,
              30.690578390980022
            ],
            [
              111.33310511361009,
              30.690581759840427
            ],
            [
              111.33313792087847,
              30.690593513080216
            ],
            [
              111.33349575032861,
              30.690918009158963
            ],
            [
              111.33420014701932,
              30.691037716117762
            ],
            [
              111.33423714243031,
              30.690990160867386
            ],
            [
              111.33435660567295,
              30.691056726886586
            ],
            [
              111.33444585439287,
              30.691059986029586
            ],
            [
              111.3344932369734,
              30.691086689599217
            ],
            [
              111.33450279766606,
              30.691092108913836
            ],
            [
              111.33458598585469,
              30.691139262167383
            ],
            [
              111.33460614865498,
              30.6911183187554
            ],
            [
              111.33461571114623,
              30.691110125931743
            ],
            [
              111.33462527004036,
              30.691101933107916
            ],
            [
              111.33465942179504,
              30.69107797786637
            ],
            [
              111.33469622834838,
              30.69105433738781
            ],
            [
              111.33472472426672,
              30.691033166447653
            ],
            [
              111.33473572927056,
              30.69102595208608
            ],
            [
              111.33474673157644,
              30.69101873862388
            ],
            [
              111.33487417180567,
              30.69093304312554
            ],
            [
              111.33488790984927,
              30.69092373514235
            ],
            [
              111.33489244782834,
              30.69091948674503
            ],
            [
              111.33489698400865,
              30.690915240146182
            ],
            [
              111.33490753665365,
              30.690894758985962
            ],
            [
              111.33491307827609,
              30.690876232052574
            ],
            [
              111.33491383280727,
              30.690868806350352
            ],
            [
              111.33491458643908,
              30.690861380648357
            ],
            [
              111.33498519221297,
              30.690711495139567
            ],
            [
              111.33501486084725,
              30.690593513979593
            ],
            [
              111.33499651197957,
              30.69054975386814
            ],
            [
              111.33499239488322,
              30.69048183706724
            ],
            [
              111.33500420208236,
              30.690382944917133
            ],
            [
              111.33501128874002,
              30.690345522328016
            ],
            [
              111.33506462213478,
              30.69017993465644
            ],
            [
              111.33506168584819,
              30.69015684186479
            ],
            [
              111.33505837274589,
              30.690157324800794
            ],
            [
              111.33505505964337,
              30.69015780683742
            ],
            [
              111.33504600886636,
              30.690082685567518
            ],
            [
              111.33496294658289,
              30.69009524639864
            ],
            [
              111.33490788379197,
              30.689823221264817
            ],
            [
              111.33490912215836,
              30.68982136506412
            ],
            [
              111.33494692336194,
              30.68976464302392
            ],
            [
              111.3348631074465,
              30.68948324605509
            ],
            [
              111.33474613982264,
              30.689197159121704
            ],
            [
              111.33477306282674,
              30.688996619298564
            ],
            [
              111.33501462162758,
              30.68889623787112
            ],
            [
              111.33519255609173,
              30.68892394238611
            ],
            [
              111.3352306738567,
              30.688805606893425
            ],
            [
              111.33533664816798,
              30.68882934270016
            ],
            [
              111.33538677368074,
              30.688841087845958
            ],
            [
              111.335395406273,
              30.68884253755317
            ],
            [
              111.33540403796604,
              30.688843986361007
            ],
            [
              111.3360664821825,
              30.689125678307562
            ],
            [
              111.3360446169657,
              30.689202590127593
            ],
            [
              111.33607646375788,
              30.689222368018022
            ],
            [
              111.33607909427485,
              30.689219236578595
            ],
            [
              111.33608172209387,
              30.689216106038486
            ],
            [
              111.33622307123784,
              30.689286073293772
            ],
            [
              111.3362634319119,
              30.68930441496684
            ],
            [
              111.33629621309984,
              30.689331108643785
            ],
            [
              111.33657269437452,
              30.689450522423783
            ],
            [
              111.33656489725229,
              30.68960636414255
            ],
            [
              111.33707633090802,
              30.68974649470499
            ],
            [
              111.33746457003406,
              30.69020110469728
            ],
            [
              111.33745981082166,
              30.690207143644955
            ],
            [
              111.33745504981084,
              30.690213184390984
            ],
            [
              111.33747674055928,
              30.69023976565279
            ],
            [
              111.33748313473905,
              30.690247126603765
            ],
            [
              111.33748952712006,
              30.690254489353265
            ],
            [
              111.3375093949428,
              30.690278869074632
            ],
            [
              111.33752134063735,
              30.6902783573604
            ],
            [
              111.33753328813089,
              30.69027784384741
            ],
            [
              111.33756019584655,
              30.69030166059315
            ],
            [
              111.33763276573961,
              30.69038871406798
            ],
            [
              111.3376331902196,
              30.690396666772813
            ],
            [
              111.3376336146996,
              30.690404620376967
            ],
            [
              111.33776099737219,
              30.690656721030905
            ],
            [
              111.33781289005293,
              30.690762361693714
            ],
            [
              111.33802674343946,
              30.691026211090787
            ],
            [
              111.33812736228799,
              30.69114835791038
            ],
            [
              111.33817316026318,
              30.691205135708515
            ],
            [
              111.33821474491464,
              30.691256897987614
            ],
            [
              111.33822106175273,
              30.691259426881118
            ],
            [
              111.33822737859083,
              30.691261955774678
            ],
            [
              111.33825370804232,
              30.69126866921374
            ],
            [
              111.33826236401694,
              30.691270876150043
            ],
            [
              111.33831398060579,
              30.69127937114621
            ],
            [
              111.33832126241651,
              30.691279318985437
            ],
            [
              111.3383288715803,
              30.691278407972334
            ],
            [
              111.33833316404446,
              30.691277231659058
            ],
            [
              111.3383770410677,
              30.6912609116618
            ],
            [
              111.33842230934215,
              30.691251156715623
            ],
            [
              111.33851682718995,
              30.691232479595328
            ],
            [
              111.33852554881514,
              30.69123080325909
            ],
            [
              111.33852570259916,
              30.691230772682104
            ],
            [
              111.33852597239576,
              30.691230719622183
            ],
            [
              111.33866164501899,
              30.691204071810546
            ]
          ],
          [
            [
              111.33011135325654,
              30.684344937169158
            ],
            [
              111.33023824310061,
              30.68424579410828
            ],
            [
              111.33024445561733,
              30.684251538977378
            ],
            [
              111.33033351278146,
              30.684333906084987
            ],
            [
              111.33035478084855,
              30.68432796336492
            ],
            [
              111.33036640008942,
              30.684327707957493
            ],
            [
              111.33037212967014,
              30.68432945623954
            ],
            [
              111.33036348538661,
              30.684309969729327
            ],
            [
              111.33035988180325,
              30.684297660708523
            ],
            [
              111.33036490991276,
              30.6842848066986
            ],
            [
              111.33037457942345,
              30.684273968069192
            ],
            [
              111.33037557407368,
              30.684273123605863
            ],
            [
              111.33095001692982,
              30.68512822328904
            ],
            [
              111.33073770228322,
              30.68521921399571
            ],
            [
              111.33073401326419,
              30.68521289176158
            ],
            [
              111.33068047932085,
              30.685240839093524
            ],
            [
              111.33011135325654,
              30.684344937169158
            ]
          ]
        ]
      }
    }
  ]
}